# generated by step_to_parts.py -- 7558 verts, 9358 tris
v -0.279915 -0.237545 -0.034947
v -0.279915 -0.237338 -0.034930
v -0.279915 -0.237137 -0.034879
v -0.279915 -0.236946 -0.034797
v -0.279915 -0.236772 -0.034685
v -0.279915 -0.236618 -0.034545
v -0.279915 -0.236489 -0.034383
v -0.279915 -0.236388 -0.034202
v -0.280403 -0.237545 -0.034947
v -0.280371 -0.236388 -0.034202
v -0.280379 -0.236495 -0.034392
v -0.280387 -0.236632 -0.034560
v -0.280393 -0.236796 -0.034703
v -0.280395 -0.236897 -0.034769
v -0.280398 -0.237043 -0.034843
v -0.280401 -0.237197 -0.034898
v -0.280402 -0.237356 -0.034932
v -0.280402 -0.237450 -0.034943
v -0.223624 -0.225889 0.020297
v -0.223775 -0.225889 0.020171
v -0.223944 -0.225889 0.020069
v -0.224126 -0.225889 0.019995
v -0.224317 -0.225889 0.019949
v -0.224514 -0.225889 0.019934
v -0.224514 -0.120170 0.019934
v -0.223624 -0.119276 0.020297
v -0.223847 -0.119558 0.020123
v -0.224109 -0.119833 0.020000
v -0.224303 -0.120007 0.019951
v -0.235415 -0.100775 0.104487
v -0.235415 -0.100775 0.093819
v -0.226067 -0.099623 0.093819
v -0.229148 -0.100261 0.093819
v -0.232271 -0.100646 0.093819
v -0.235415 -0.023775 0.093819
v -0.228887 -0.024332 0.093819
v -0.222548 -0.025988 0.093819
v -0.216582 -0.028695 0.093819
v -0.211161 -0.032374 0.093819
v -0.206443 -0.036919 0.093819
v -0.202563 -0.042199 0.093819
v -0.199635 -0.048059 0.093819
v -0.197743 -0.054331 0.093819
v -0.196942 -0.060834 0.093819
v -0.197254 -0.067378 0.093819
v -0.198672 -0.073774 0.093819
v -0.201154 -0.079837 0.093819
v -0.204627 -0.085392 0.093819
v -0.208993 -0.090277 0.093819
v -0.214123 -0.094351 0.093819
v -0.219870 -0.097497 0.093819
v -0.235415 -0.023775 0.104487
v -0.228729 -0.024359 0.104487
v -0.222247 -0.026096 0.104487
v -0.216165 -0.028933 0.104487
v -0.210667 -0.032782 0.104487
v -0.205922 -0.037527 0.104487
v -0.202073 -0.043025 0.104487
v -0.199236 -0.049107 0.104487
v -0.197499 -0.055589 0.104487
v -0.196915 -0.062275 0.104487
v -0.197499 -0.068960 0.104487
v -0.199236 -0.075442 0.104487
v -0.202073 -0.081525 0.104487
v -0.205922 -0.087022 0.104487
v -0.210667 -0.091767 0.104487
v -0.216165 -0.095617 0.104487
v -0.222247 -0.098453 0.104487
v -0.228729 -0.100190 0.104487
v -0.223145 -0.020822 0.104487
v -0.222942 -0.021091 0.104487
v -0.222786 -0.021389 0.104487
v -0.222681 -0.021708 0.104487
v -0.222629 -0.022040 0.104487
v -0.222632 -0.022377 0.104487
v -0.222691 -0.022708 0.104487
v -0.222802 -0.023026 0.104487
v -0.222964 -0.023321 0.104487
v -0.223173 -0.023585 0.104487
v -0.223421 -0.023812 0.104487
v -0.223703 -0.023995 0.104487
v -0.224012 -0.024129 0.104487
v -0.224338 -0.024211 0.104487
v -0.224674 -0.024239 0.104487
v -0.224674 -0.024239 0.093819
v -0.223145 -0.020822 0.093819
v -0.222942 -0.021091 0.093819
v -0.222786 -0.021389 0.093819
v -0.222681 -0.021708 0.093819
v -0.222629 -0.022040 0.093819
v -0.222632 -0.022377 0.093819
v -0.222691 -0.022708 0.093819
v -0.222802 -0.023026 0.093819
v -0.222964 -0.023321 0.093819
v -0.223173 -0.023585 0.093819
v -0.223421 -0.023812 0.093819
v -0.223703 -0.023995 0.093819
v -0.224012 -0.024129 0.093819
v -0.224338 -0.024211 0.093819
v -0.224674 -0.020139 0.093845
v -0.224387 -0.020159 0.093856
v -0.224107 -0.020218 0.093860
v -0.223837 -0.020317 0.093854
v -0.223584 -0.020452 0.093840
v -0.223352 -0.020621 0.093826
v -0.224674 -0.020139 0.104462
v -0.223352 -0.020622 0.104480
v -0.223583 -0.020453 0.104466
v -0.223837 -0.020317 0.104452
v -0.224106 -0.020219 0.104446
v -0.224388 -0.020159 0.104450
v -0.197428 -0.041639 0.104487
v -0.197435 -0.041319 0.104479
v -0.197464 -0.041124 0.104469
v -0.197512 -0.040931 0.104459
v -0.197595 -0.040706 0.104450
v -0.197682 -0.040529 0.104446
v -0.197787 -0.040361 0.104448
v -0.197946 -0.040159 0.104456
v -0.198084 -0.040018 0.104466
v -0.198251 -0.039880 0.104477
v -0.198396 -0.039781 0.104484
v -0.198550 -0.039695 0.104487
v -0.197476 -0.041980 0.104487
v -0.197580 -0.042309 0.104487
v -0.197738 -0.042615 0.104487
v -0.197946 -0.042890 0.104487
v -0.198196 -0.043127 0.104487
v -0.198483 -0.043319 0.104487
v -0.198797 -0.043459 0.104487
v -0.199131 -0.043546 0.104487
v -0.199475 -0.043575 0.104487
v -0.199475 -0.043575 0.093819
v -0.197428 -0.041639 0.093819
v -0.197476 -0.041980 0.093819
v -0.197580 -0.042309 0.093819
v -0.197738 -0.042615 0.093819
v -0.197946 -0.042890 0.093819
v -0.198196 -0.043127 0.093819
v -0.198483 -0.043319 0.093819
v -0.198797 -0.043459 0.093819
v -0.199131 -0.043546 0.093819
v -0.198550 -0.039695 0.093819
v -0.198276 -0.039861 0.093828
v -0.198122 -0.039984 0.093838
v -0.197980 -0.040122 0.093848
v -0.197826 -0.040306 0.093857
v -0.197717 -0.040470 0.093860
v -0.197623 -0.040645 0.093858
v -0.197527 -0.040883 0.093850
v -0.197475 -0.041073 0.093840
v -0.197438 -0.041287 0.093829
v -0.197425 -0.041463 0.093822
v -0.199475 -0.039475 0.093819
v -0.199156 -0.039499 0.093819
v -0.198845 -0.039573 0.093819
v -0.199475 -0.039475 0.104487
v -0.199156 -0.039499 0.104487
v -0.198845 -0.039573 0.104487
v -0.195329 -0.075066 0.104487
v -0.195329 -0.075066 0.093819
v -0.195329 -0.070966 0.093819
v -0.194973 -0.070997 0.093819
v -0.194627 -0.071089 0.093819
v -0.194304 -0.071240 0.093819
v -0.194011 -0.071445 0.093819
v -0.193758 -0.071698 0.093819
v -0.193553 -0.071991 0.093819
v -0.193402 -0.072314 0.093819
v -0.193310 -0.072660 0.093819
v -0.193279 -0.073016 0.093819
v -0.193310 -0.073372 0.093819
v -0.193402 -0.073717 0.093819
v -0.193553 -0.074041 0.093819
v -0.193758 -0.074333 0.093819
v -0.194011 -0.074586 0.093819
v -0.194304 -0.074791 0.093819
v -0.194627 -0.074942 0.093819
v -0.194973 -0.075034 0.093819
v -0.195329 -0.070966 0.104487
v -0.194973 -0.070997 0.104487
v -0.194627 -0.071089 0.104487
v -0.194304 -0.071240 0.104487
v -0.194011 -0.071445 0.104487
v -0.193758 -0.071698 0.104487
v -0.193553 -0.071991 0.104487
v -0.193402 -0.072314 0.104487
v -0.193310 -0.072660 0.104487
v -0.193279 -0.073016 0.104487
v -0.193310 -0.073372 0.104487
v -0.193402 -0.073717 0.104487
v -0.193553 -0.074041 0.104487
v -0.193758 -0.074333 0.104487
v -0.194011 -0.074586 0.104487
v -0.194304 -0.074791 0.104487
v -0.194627 -0.074942 0.104487
v -0.194973 -0.075034 0.104487
v -0.214665 -0.100265 0.104487
v -0.214665 -0.100265 0.093819
v -0.213175 -0.099623 0.093819
v -0.213422 -0.099845 0.093819
v -0.213703 -0.100025 0.093819
v -0.214009 -0.100157 0.093819
v -0.214332 -0.100238 0.093819
v -0.214665 -0.096165 0.093819
v -0.214325 -0.096193 0.093819
v -0.213995 -0.096277 0.093819
v -0.213684 -0.096414 0.093819
v -0.213399 -0.096602 0.093819
v -0.213150 -0.096833 0.093819
v -0.212942 -0.097103 0.093819
v -0.212782 -0.097403 0.093819
v -0.212674 -0.097726 0.093819
v -0.212620 -0.098062 0.093819
v -0.212623 -0.098403 0.093819
v -0.212683 -0.098738 0.093819
v -0.212797 -0.099059 0.093819
v -0.212962 -0.099357 0.093819
v -0.214665 -0.096165 0.104487
v -0.214309 -0.096196 0.104487
v -0.213963 -0.096288 0.104487
v -0.213640 -0.096439 0.104487
v -0.213347 -0.096644 0.104487
v -0.213094 -0.096897 0.104487
v -0.212889 -0.097190 0.104487
v -0.212738 -0.097513 0.104487
v -0.212646 -0.097859 0.104487
v -0.212615 -0.098215 0.104487
v -0.212646 -0.098571 0.104487
v -0.212738 -0.098916 0.104487
v -0.212889 -0.099240 0.104487
v -0.213094 -0.099532 0.104487
v -0.213347 -0.099785 0.104487
v -0.213640 -0.099990 0.104487
v -0.213963 -0.100141 0.104487
v -0.214309 -0.100233 0.104487
v -0.246156 -0.104411 0.104487
v -0.246156 -0.104411 0.092548
v -0.244762 -0.103864 0.092837
v -0.245018 -0.104066 0.092736
v -0.245308 -0.104227 0.092650
v -0.245592 -0.104331 0.092593
v -0.245860 -0.104389 0.092560
v -0.246007 -0.104405 0.092551
v -0.244762 -0.100857 0.093740
v -0.244563 -0.101069 0.093710
v -0.244398 -0.101306 0.093672
v -0.244267 -0.101564 0.093623
v -0.244175 -0.101834 0.093563
v -0.244121 -0.102113 0.093494
v -0.244106 -0.102393 0.093414
v -0.244129 -0.102671 0.093326
v -0.244189 -0.102941 0.093232
v -0.244285 -0.103198 0.093133
v -0.244414 -0.103441 0.093032
v -0.244573 -0.103664 0.092933
v -0.246156 -0.100311 0.093795
v -0.245822 -0.100338 0.093793
v -0.245497 -0.100419 0.093786
v -0.245190 -0.100552 0.093774
v -0.244967 -0.100691 0.093760
v -0.246156 -0.100311 0.104487
v -0.245800 -0.100342 0.104487
v -0.245454 -0.100434 0.104487
v -0.245131 -0.100585 0.104487
v -0.244838 -0.100790 0.104487
v -0.244585 -0.101043 0.104487
v -0.244380 -0.101336 0.104487
v -0.244229 -0.101659 0.104487
v -0.244137 -0.102005 0.104487
v -0.244106 -0.102361 0.104487
v -0.244137 -0.102716 0.104487
v -0.244229 -0.103062 0.104487
v -0.244380 -0.103386 0.104487
v -0.244585 -0.103678 0.104487
v -0.244838 -0.103931 0.104487
v -0.245131 -0.104136 0.104487
v -0.245454 -0.104287 0.104487
v -0.245800 -0.104379 0.104487
v -0.271355 -0.085075 0.104487
v -0.271355 -0.085075 0.093819
v -0.271355 -0.080975 0.093819
v -0.270999 -0.081006 0.093819
v -0.270653 -0.081098 0.093819
v -0.270330 -0.081249 0.093819
v -0.270037 -0.081454 0.093819
v -0.269784 -0.081707 0.093819
v -0.269579 -0.082000 0.093819
v -0.269428 -0.082323 0.093819
v -0.269336 -0.082669 0.093819
v -0.269305 -0.083025 0.093819
v -0.269336 -0.083381 0.093819
v -0.269428 -0.083726 0.093819
v -0.269579 -0.084050 0.093819
v -0.269784 -0.084342 0.093819
v -0.270037 -0.084595 0.093819
v -0.270330 -0.084800 0.093819
v -0.270653 -0.084951 0.093819
v -0.270999 -0.085043 0.093819
v -0.271355 -0.080975 0.104487
v -0.270999 -0.081006 0.104487
v -0.270653 -0.081098 0.104487
v -0.270330 -0.081249 0.104487
v -0.270037 -0.081454 0.104487
v -0.269784 -0.081707 0.104487
v -0.269579 -0.082000 0.104487
v -0.269428 -0.082323 0.104487
v -0.269336 -0.082669 0.104487
v -0.269305 -0.083025 0.104487
v -0.269336 -0.083381 0.104487
v -0.269428 -0.083726 0.104487
v -0.269579 -0.084050 0.104487
v -0.269784 -0.084342 0.104487
v -0.270037 -0.084595 0.104487
v -0.270330 -0.084800 0.104487
v -0.270653 -0.084951 0.104487
v -0.270999 -0.085043 0.104487
v -0.275500 -0.053584 0.104487
v -0.275500 -0.053584 0.093819
v -0.275500 -0.049484 0.093819
v -0.275145 -0.049515 0.093819
v -0.274799 -0.049607 0.093819
v -0.274475 -0.049758 0.093819
v -0.274183 -0.049963 0.093819
v -0.273930 -0.050216 0.093819
v -0.273725 -0.050509 0.093819
v -0.273574 -0.050832 0.093819
v -0.273482 -0.051178 0.093819
v -0.273450 -0.051534 0.093819
v -0.273482 -0.051890 0.093819
v -0.273574 -0.052235 0.093819
v -0.273725 -0.052559 0.093819
v -0.273930 -0.052851 0.093819
v -0.274183 -0.053104 0.093819
v -0.274475 -0.053309 0.093819
v -0.274799 -0.053460 0.093819
v -0.275145 -0.053552 0.093819
v -0.275500 -0.049484 0.104487
v -0.275145 -0.049515 0.104487
v -0.274799 -0.049607 0.104487
v -0.274475 -0.049758 0.104487
v -0.274183 -0.049963 0.104487
v -0.273930 -0.050216 0.104487
v -0.273725 -0.050509 0.104487
v -0.273574 -0.050832 0.104487
v -0.273482 -0.051178 0.104487
v -0.273450 -0.051534 0.104487
v -0.273482 -0.051890 0.104487
v -0.273574 -0.052235 0.104487
v -0.273725 -0.052559 0.104487
v -0.273930 -0.052851 0.104487
v -0.274183 -0.053104 0.104487
v -0.274475 -0.053309 0.104487
v -0.274799 -0.053460 0.104487
v -0.275145 -0.053552 0.104487
v -0.256050 -0.024288 0.104487
v -0.255703 -0.024337 0.104487
v -0.255369 -0.024445 0.104487
v -0.255058 -0.024609 0.104487
v -0.254780 -0.024823 0.104487
v -0.254542 -0.025081 0.104487
v -0.254352 -0.025376 0.104487
v -0.254215 -0.025699 0.104487
v -0.254136 -0.026041 0.104487
v -0.254115 -0.026392 0.104487
v -0.254155 -0.026740 0.104487
v -0.254254 -0.027077 0.104487
v -0.254409 -0.027392 0.104487
v -0.254615 -0.027676 0.104487
v -0.254866 -0.027921 0.104487
v -0.255156 -0.028119 0.104487
v -0.255475 -0.028265 0.104487
v -0.255815 -0.028354 0.104487
v -0.256165 -0.028385 0.104487
v -0.256165 -0.028385 0.093819
v -0.256050 -0.024288 0.093819
v -0.255703 -0.024337 0.093819
v -0.255369 -0.024445 0.093819
v -0.255058 -0.024609 0.093819
v -0.254780 -0.024823 0.093819
v -0.254542 -0.025081 0.093819
v -0.254352 -0.025376 0.093819
v -0.254215 -0.025699 0.093819
v -0.254136 -0.026041 0.093819
v -0.254115 -0.026392 0.093819
v -0.254155 -0.026740 0.093819
v -0.254254 -0.027077 0.093819
v -0.254409 -0.027392 0.093819
v -0.254615 -0.027676 0.093819
v -0.254866 -0.027921 0.093819
v -0.255156 -0.028119 0.093819
v -0.255475 -0.028265 0.093819
v -0.255815 -0.028354 0.093819
v -0.256165 -0.024285 0.093820
v -0.256165 -0.024285 0.104486
v -0.164915 -0.109275 0.075234
v -0.164915 -0.115625 0.075234
v -0.164172 -0.115625 0.075169
v -0.163452 -0.115625 0.074976
v -0.162777 -0.115625 0.074661
v -0.162167 -0.115625 0.074234
v -0.161640 -0.115625 0.073707
v -0.161212 -0.115625 0.073097
v -0.160897 -0.115625 0.072421
v -0.160705 -0.115625 0.071702
v -0.160640 -0.115625 0.070959
v -0.160705 -0.115625 0.070217
v -0.160897 -0.115625 0.069497
v -0.161212 -0.115625 0.068822
v -0.161640 -0.115625 0.068211
v -0.162167 -0.115625 0.067684
v -0.162777 -0.115625 0.067257
v -0.163452 -0.115625 0.066942
v -0.164172 -0.115625 0.066749
v -0.164915 -0.115625 0.066684
v -0.164915 -0.109275 0.066684
v -0.164172 -0.109275 0.075169
v -0.163452 -0.109275 0.074976
v -0.162777 -0.109275 0.074661
v -0.162167 -0.109275 0.074234
v -0.161640 -0.109275 0.073707
v -0.161212 -0.109275 0.073097
v -0.160897 -0.109275 0.072421
v -0.160705 -0.109275 0.071702
v -0.160640 -0.109275 0.070959
v -0.160705 -0.109275 0.070217
v -0.160897 -0.109275 0.069497
v -0.161212 -0.109275 0.068822
v -0.161640 -0.109275 0.068211
v -0.162167 -0.109275 0.067684
v -0.162777 -0.109275 0.067257
v -0.163452 -0.109275 0.066942
v -0.164172 -0.109275 0.066749
v -0.152215 -0.109275 0.075234
v -0.152215 -0.115625 0.075234
v -0.151472 -0.115625 0.075169
v -0.150752 -0.115625 0.074976
v -0.150077 -0.115625 0.074661
v -0.149467 -0.115625 0.074234
v -0.148940 -0.115625 0.073707
v -0.148512 -0.115625 0.073097
v -0.148197 -0.115625 0.072421
v -0.148005 -0.115625 0.071702
v -0.147940 -0.115625 0.070959
v -0.148005 -0.115625 0.070217
v -0.148197 -0.115625 0.069497
v -0.148512 -0.115625 0.068822
v -0.148940 -0.115625 0.068211
v -0.149467 -0.115625 0.067684
v -0.150077 -0.115625 0.067257
v -0.150752 -0.115625 0.066942
v -0.151472 -0.115625 0.066749
v -0.152215 -0.115625 0.066684
v -0.152215 -0.109275 0.066684
v -0.151472 -0.109275 0.075169
v -0.150752 -0.109275 0.074976
v -0.150077 -0.109275 0.074661
v -0.149467 -0.109275 0.074234
v -0.148940 -0.109275 0.073707
v -0.148512 -0.109275 0.073097
v -0.148197 -0.109275 0.072421
v -0.148005 -0.109275 0.071702
v -0.147940 -0.109275 0.070959
v -0.148005 -0.109275 0.070217
v -0.148197 -0.109275 0.069497
v -0.148512 -0.109275 0.068822
v -0.148940 -0.109275 0.068211
v -0.149467 -0.109275 0.067684
v -0.150077 -0.109275 0.067257
v -0.150752 -0.109275 0.066942
v -0.151472 -0.109275 0.066749
v -0.152215 -0.109275 0.098094
v -0.152215 -0.115625 0.098094
v -0.151472 -0.115625 0.098029
v -0.150752 -0.115625 0.097836
v -0.150077 -0.115625 0.097521
v -0.149467 -0.115625 0.097094
v -0.148940 -0.115625 0.096567
v -0.148512 -0.115625 0.095957
v -0.148197 -0.115625 0.095281
v -0.148005 -0.115625 0.094562
v -0.147940 -0.115625 0.093819
v -0.148005 -0.115625 0.093077
v -0.148197 -0.115625 0.092357
v -0.148512 -0.115625 0.091682
v -0.148940 -0.115625 0.091071
v -0.149467 -0.115625 0.090544
v -0.150077 -0.115625 0.090117
v -0.150752 -0.115625 0.089802
v -0.151472 -0.115625 0.089609
v -0.152215 -0.115625 0.089544
v -0.152215 -0.109275 0.089544
v -0.151472 -0.109275 0.098029
v -0.150752 -0.109275 0.097836
v -0.150077 -0.109275 0.097521
v -0.149467 -0.109275 0.097094
v -0.148940 -0.109275 0.096567
v -0.148512 -0.109275 0.095957
v -0.148197 -0.109275 0.095281
v -0.148005 -0.109275 0.094562
v -0.147940 -0.109275 0.093819
v -0.148005 -0.109275 0.093077
v -0.148197 -0.109275 0.092357
v -0.148512 -0.109275 0.091682
v -0.148940 -0.109275 0.091071
v -0.149467 -0.109275 0.090544
v -0.150077 -0.109275 0.090117
v -0.150752 -0.109275 0.089802
v -0.151472 -0.109275 0.089609
v -0.164915 -0.109275 0.098094
v -0.164915 -0.115625 0.098094
v -0.164172 -0.115625 0.098029
v -0.163452 -0.115625 0.097836
v -0.162777 -0.115625 0.097521
v -0.162167 -0.115625 0.097094
v -0.161640 -0.115625 0.096567
v -0.161212 -0.115625 0.095957
v -0.160897 -0.115625 0.095281
v -0.160705 -0.115625 0.094562
v -0.160640 -0.115625 0.093819
v -0.160705 -0.115625 0.093077
v -0.160897 -0.115625 0.092357
v -0.161212 -0.115625 0.091682
v -0.161640 -0.115625 0.091071
v -0.162167 -0.115625 0.090544
v -0.162777 -0.115625 0.090117
v -0.163452 -0.115625 0.089802
v -0.164172 -0.115625 0.089609
v -0.164915 -0.115625 0.089544
v -0.164915 -0.109275 0.089544
v -0.164172 -0.109275 0.098029
v -0.163452 -0.109275 0.097836
v -0.162777 -0.109275 0.097521
v -0.162167 -0.109275 0.097094
v -0.161640 -0.109275 0.096567
v -0.161212 -0.109275 0.095957
v -0.160897 -0.109275 0.095281
v -0.160705 -0.109275 0.094562
v -0.160640 -0.109275 0.093819
v -0.160705 -0.109275 0.093077
v -0.160897 -0.109275 0.092357
v -0.161212 -0.109275 0.091682
v -0.161640 -0.109275 0.091071
v -0.162167 -0.109275 0.090544
v -0.162777 -0.109275 0.090117
v -0.163452 -0.109275 0.089802
v -0.164172 -0.109275 0.089609
v -0.152215 -0.200715 0.089544
v -0.152215 -0.194365 0.089544
v -0.152215 -0.194365 0.098094
v -0.151472 -0.194365 0.098029
v -0.150752 -0.194365 0.097836
v -0.150077 -0.194365 0.097521
v -0.149467 -0.194365 0.097094
v -0.148940 -0.194365 0.096567
v -0.148512 -0.194365 0.095957
v -0.148197 -0.194365 0.095281
v -0.148005 -0.194365 0.094562
v -0.147940 -0.194365 0.093819
v -0.148005 -0.194365 0.093077
v -0.148197 -0.194365 0.092357
v -0.148512 -0.194365 0.091682
v -0.148940 -0.194365 0.091071
v -0.149467 -0.194365 0.090544
v -0.150077 -0.194365 0.090117
v -0.150752 -0.194365 0.089802
v -0.151472 -0.194365 0.089609
v -0.152215 -0.200715 0.098094
v -0.151472 -0.200715 0.098029
v -0.150752 -0.200715 0.097836
v -0.150077 -0.200715 0.097521
v -0.149467 -0.200715 0.097094
v -0.148940 -0.200715 0.096567
v -0.148512 -0.200715 0.095957
v -0.148197 -0.200715 0.095281
v -0.148005 -0.200715 0.094562
v -0.147940 -0.200715 0.093819
v -0.148005 -0.200715 0.093077
v -0.148197 -0.200715 0.092357
v -0.148512 -0.200715 0.091682
v -0.148940 -0.200715 0.091071
v -0.149467 -0.200715 0.090544
v -0.150077 -0.200715 0.090117
v -0.150752 -0.200715 0.089802
v -0.151472 -0.200715 0.089609
v -0.164915 -0.200715 0.089544
v -0.164915 -0.194365 0.089544
v -0.164915 -0.194365 0.098094
v -0.164172 -0.194365 0.098029
v -0.163452 -0.194365 0.097836
v -0.162777 -0.194365 0.097521
v -0.162167 -0.194365 0.097094
v -0.161640 -0.194365 0.096567
v -0.161212 -0.194365 0.095957
v -0.160897 -0.194365 0.095281
v -0.160705 -0.194365 0.094562
v -0.160640 -0.194365 0.093819
v -0.160705 -0.194365 0.093077
v -0.160897 -0.194365 0.092357
v -0.161212 -0.194365 0.091682
v -0.161640 -0.194365 0.091071
v -0.162167 -0.194365 0.090544
v -0.162777 -0.194365 0.090117
v -0.163452 -0.194365 0.089802
v -0.164172 -0.194365 0.089609
v -0.164915 -0.200715 0.098094
v -0.164172 -0.200715 0.098029
v -0.163452 -0.200715 0.097836
v -0.162777 -0.200715 0.097521
v -0.162167 -0.200715 0.097094
v -0.161640 -0.200715 0.096567
v -0.161212 -0.200715 0.095957
v -0.160897 -0.200715 0.095281
v -0.160705 -0.200715 0.094562
v -0.160640 -0.200715 0.093819
v -0.160705 -0.200715 0.093077
v -0.160897 -0.200715 0.092357
v -0.161212 -0.200715 0.091682
v -0.161640 -0.200715 0.091071
v -0.162167 -0.200715 0.090544
v -0.162777 -0.200715 0.090117
v -0.163452 -0.200715 0.089802
v -0.164172 -0.200715 0.089609
v -0.164915 -0.200715 0.066684
v -0.164915 -0.194365 0.066684
v -0.164915 -0.194365 0.075234
v -0.164172 -0.194365 0.075169
v -0.163452 -0.194365 0.074976
v -0.162777 -0.194365 0.074661
v -0.162167 -0.194365 0.074234
v -0.161640 -0.194365 0.073707
v -0.161212 -0.194365 0.073097
v -0.160897 -0.194365 0.072421
v -0.160705 -0.194365 0.071702
v -0.160640 -0.194365 0.070959
v -0.160705 -0.194365 0.070217
v -0.160897 -0.194365 0.069497
v -0.161212 -0.194365 0.068822
v -0.161640 -0.194365 0.068211
v -0.162167 -0.194365 0.067684
v -0.162777 -0.194365 0.067257
v -0.163452 -0.194365 0.066942
v -0.164172 -0.194365 0.066749
v -0.164915 -0.200715 0.075234
v -0.164172 -0.200715 0.075169
v -0.163452 -0.200715 0.074976
v -0.162777 -0.200715 0.074661
v -0.162167 -0.200715 0.074234
v -0.161640 -0.200715 0.073707
v -0.161212 -0.200715 0.073097
v -0.160897 -0.200715 0.072421
v -0.160705 -0.200715 0.071702
v -0.160640 -0.200715 0.070959
v -0.160705 -0.200715 0.070217
v -0.160897 -0.200715 0.069497
v -0.161212 -0.200715 0.068822
v -0.161640 -0.200715 0.068211
v -0.162167 -0.200715 0.067684
v -0.162777 -0.200715 0.067257
v -0.163452 -0.200715 0.066942
v -0.164172 -0.200715 0.066749
v -0.152215 -0.200715 0.066684
v -0.152215 -0.194365 0.066684
v -0.152215 -0.194365 0.075234
v -0.151472 -0.194365 0.075169
v -0.150752 -0.194365 0.074976
v -0.150077 -0.194365 0.074661
v -0.149467 -0.194365 0.074234
v -0.148940 -0.194365 0.073707
v -0.148512 -0.194365 0.073097
v -0.148197 -0.194365 0.072421
v -0.148005 -0.194365 0.071702
v -0.147940 -0.194365 0.070959
v -0.148005 -0.194365 0.070217
v -0.148197 -0.194365 0.069497
v -0.148512 -0.194365 0.068822
v -0.148940 -0.194365 0.068211
v -0.149467 -0.194365 0.067684
v -0.150077 -0.194365 0.067257
v -0.150752 -0.194365 0.066942
v -0.151472 -0.194365 0.066749
v -0.152215 -0.200715 0.075234
v -0.151472 -0.200715 0.075169
v -0.150752 -0.200715 0.074976
v -0.150077 -0.200715 0.074661
v -0.149467 -0.200715 0.074234
v -0.148940 -0.200715 0.073707
v -0.148512 -0.200715 0.073097
v -0.148197 -0.200715 0.072421
v -0.148005 -0.200715 0.071702
v -0.147940 -0.200715 0.070959
v -0.148005 -0.200715 0.070217
v -0.148197 -0.200715 0.069497
v -0.148512 -0.200715 0.068822
v -0.148940 -0.200715 0.068211
v -0.149467 -0.200715 0.067684
v -0.150077 -0.200715 0.067257
v -0.150752 -0.200715 0.066942
v -0.151472 -0.200715 0.066749
v -0.243246 -0.147977 0.011246
v -0.259606 -0.147977 0.022712
v -0.255743 -0.147977 0.028224
v -0.255772 -0.147392 0.028182
v -0.255859 -0.146826 0.028058
v -0.256001 -0.146294 0.027855
v -0.256194 -0.145813 0.027579
v -0.256433 -0.145399 0.027239
v -0.256708 -0.145062 0.026846
v -0.257013 -0.144814 0.026410
v -0.257339 -0.144662 0.025946
v -0.257674 -0.144611 0.025468
v -0.258009 -0.144662 0.024989
v -0.258335 -0.144814 0.024525
v -0.258640 -0.145062 0.024090
v -0.258916 -0.145399 0.023696
v -0.259154 -0.145813 0.023356
v -0.259347 -0.146294 0.023081
v -0.259489 -0.146826 0.022878
v -0.259576 -0.147392 0.022754
v -0.239382 -0.147977 0.016758
v -0.239413 -0.147397 0.016718
v -0.239503 -0.146832 0.016598
v -0.239651 -0.146303 0.016402
v -0.239850 -0.145823 0.016134
v -0.240094 -0.145409 0.015804
v -0.240376 -0.145072 0.015420
v -0.240685 -0.144822 0.014993
v -0.241013 -0.144667 0.014535
v -0.241347 -0.144611 0.014061
v -0.241680 -0.144657 0.013583
v -0.242000 -0.144803 0.013117
v -0.242299 -0.145043 0.012678
v -0.242567 -0.145373 0.012277
v -0.242799 -0.145780 0.011929
v -0.242986 -0.146253 0.011644
v -0.243125 -0.146779 0.011431
v -0.243212 -0.147340 0.011298
v -0.243237 -0.147656 0.011259
v -0.243246 -0.173979 0.011246
v -0.259606 -0.173979 0.022712
v -0.255743 -0.173979 0.028224
v -0.255772 -0.173394 0.028182
v -0.255859 -0.172828 0.028058
v -0.256001 -0.172296 0.027855
v -0.256194 -0.171816 0.027579
v -0.256433 -0.171401 0.027239
v -0.256708 -0.171064 0.026846
v -0.257013 -0.170816 0.026410
v -0.257339 -0.170664 0.025946
v -0.257674 -0.170613 0.025468
v -0.258009 -0.170664 0.024989
v -0.258335 -0.170816 0.024525
v -0.258640 -0.171064 0.024090
v -0.258916 -0.171401 0.023696
v -0.259154 -0.171816 0.023356
v -0.259347 -0.172296 0.023081
v -0.259489 -0.172828 0.022878
v -0.259576 -0.173394 0.022754
v -0.239382 -0.173979 0.016758
v -0.239413 -0.173399 0.016718
v -0.239503 -0.172834 0.016598
v -0.239651 -0.172305 0.016402
v -0.239850 -0.171825 0.016134
v -0.240094 -0.171411 0.015804
v -0.240376 -0.171074 0.015420
v -0.240685 -0.170824 0.014993
v -0.241013 -0.170669 0.014535
v -0.241347 -0.170613 0.014061
v -0.241680 -0.170659 0.013583
v -0.242000 -0.170805 0.013117
v -0.242299 -0.171046 0.012678
v -0.242567 -0.171375 0.012277
v -0.242799 -0.171782 0.011929
v -0.242986 -0.172255 0.011644
v -0.243125 -0.172781 0.011431
v -0.243212 -0.173342 0.011298
v -0.243237 -0.173659 0.011259
v -0.243246 -0.199981 0.011246
v -0.259606 -0.199981 0.022712
v -0.255743 -0.199981 0.028224
v -0.255772 -0.199397 0.028182
v -0.255859 -0.198830 0.028058
v -0.256001 -0.198298 0.027855
v -0.256194 -0.197818 0.027579
v -0.256433 -0.197403 0.027239
v -0.256708 -0.197066 0.026846
v -0.257013 -0.196818 0.026410
v -0.257339 -0.196667 0.025946
v -0.257674 -0.196615 0.025468
v -0.258009 -0.196667 0.024989
v -0.258335 -0.196818 0.024525
v -0.258640 -0.197066 0.024090
v -0.258916 -0.197403 0.023696
v -0.259154 -0.197818 0.023356
v -0.259347 -0.198298 0.023081
v -0.259489 -0.198830 0.022878
v -0.259576 -0.199397 0.022754
v -0.239382 -0.199981 0.016758
v -0.239413 -0.199401 0.016718
v -0.239503 -0.198836 0.016598
v -0.239651 -0.198307 0.016402
v -0.239850 -0.197827 0.016134
v -0.240094 -0.197414 0.015804
v -0.240376 -0.197076 0.015420
v -0.240685 -0.196826 0.014993
v -0.241013 -0.196671 0.014535
v -0.241347 -0.196616 0.014061
v -0.241680 -0.196661 0.013583
v -0.242000 -0.196807 0.013117
v -0.242299 -0.197048 0.012678
v -0.242567 -0.197377 0.012277
v -0.242799 -0.197784 0.011929
v -0.242986 -0.198258 0.011644
v -0.243125 -0.198783 0.011431
v -0.243212 -0.199344 0.011298
v -0.243237 -0.199661 0.011259
v -0.248735 -0.236187 -0.038289
v -0.248735 -0.227226 -0.038289
v -0.225740 -0.227226 0.018146
v -0.231764 -0.230501 0.011042
v -0.237084 -0.232807 0.003109
v -0.241884 -0.234464 -0.006329
v -0.245565 -0.235480 -0.016673
v -0.247856 -0.236006 -0.027369
v -0.247936 -0.227226 -0.027932
v -0.245863 -0.227226 -0.017753
v -0.242547 -0.227226 -0.007908
v -0.238039 -0.227226 0.001451
v -0.232407 -0.227226 0.010180
v -0.278645 -0.109275 0.104487
v -0.278865 -0.109275 0.104468
v -0.279079 -0.109275 0.104411
v -0.279280 -0.109275 0.104317
v -0.279461 -0.109275 0.104190
v -0.279617 -0.109275 0.104034
v -0.279744 -0.109275 0.103852
v -0.279838 -0.109275 0.103652
v -0.279895 -0.109275 0.103438
v -0.279915 -0.109275 0.103217
v -0.192185 -0.109275 0.104487
v -0.190915 -0.109275 0.103217
v -0.190934 -0.109275 0.103438
v -0.190991 -0.109275 0.103652
v -0.191085 -0.109275 0.103852
v -0.191212 -0.109275 0.104034
v -0.191368 -0.109275 0.104190
v -0.191550 -0.109275 0.104317
v -0.191750 -0.109275 0.104411
v -0.191964 -0.109275 0.104468
v -0.190915 -0.109275 0.089279
v -0.192185 -0.109275 0.084167
v -0.191340 -0.109275 0.086678
v -0.191019 -0.109275 0.088085
v -0.213175 -0.109275 0.084167
v -0.216155 -0.109275 0.084167
v -0.226067 -0.109275 0.084167
v -0.244762 -0.109275 0.084167
v -0.278645 -0.109275 0.084167
v -0.278645 -0.109275 -0.038270
v -0.250004 -0.109275 -0.038270
v -0.215715 -0.109275 0.028733
v -0.224190 -0.109275 0.021519
v -0.231652 -0.109275 0.013261
v -0.237973 -0.109275 0.004100
v -0.243043 -0.109275 -0.005808
v -0.246777 -0.109275 -0.016293
v -0.249111 -0.109275 -0.027176
v -0.215715 -0.109275 0.048459
v -0.205665 -0.109275 0.054924
v -0.209209 -0.109275 0.053071
v -0.212533 -0.109275 0.050868
v -0.195853 -0.109275 0.058577
v -0.185720 -0.109275 0.061213
v -0.175371 -0.109275 0.062806
v -0.164915 -0.109275 0.063339
v -0.139515 -0.109275 0.063339
v -0.139515 -0.109275 0.119219
v -0.279915 -0.109275 0.119219
v -0.243214 -0.109275 0.043742
v -0.243214 -0.109275 0.054449
v -0.272135 -0.109275 0.000089
v -0.266851 -0.109275 0.012187
v -0.260207 -0.109275 0.023594
v -0.252293 -0.109275 0.034159
v -0.272135 -0.109275 0.054449
v -0.152215 -0.109275 0.089544
v -0.152957 -0.109275 0.089609
v -0.153677 -0.109275 0.089802
v -0.154352 -0.109275 0.090117
v -0.154962 -0.109275 0.090544
v -0.155489 -0.109275 0.091071
v -0.155917 -0.109275 0.091682
v -0.156232 -0.109275 0.092357
v -0.156425 -0.109275 0.093077
v -0.156490 -0.109275 0.093819
v -0.156425 -0.109275 0.094562
v -0.156232 -0.109275 0.095281
v -0.155917 -0.109275 0.095957
v -0.155489 -0.109275 0.096567
v -0.154962 -0.109275 0.097094
v -0.154352 -0.109275 0.097521
v -0.153677 -0.109275 0.097836
v -0.152957 -0.109275 0.098029
v -0.152215 -0.109275 0.098094
v -0.151472 -0.109275 0.098029
v -0.150752 -0.109275 0.097836
v -0.150077 -0.109275 0.097521
v -0.149467 -0.109275 0.097094
v -0.148940 -0.109275 0.096567
v -0.148512 -0.109275 0.095957
v -0.148197 -0.109275 0.095281
v -0.148005 -0.109275 0.094562
v -0.147940 -0.109275 0.093819
v -0.148005 -0.109275 0.093077
v -0.148197 -0.109275 0.092357
v -0.148512 -0.109275 0.091682
v -0.148940 -0.109275 0.091071
v -0.149467 -0.109275 0.090544
v -0.150077 -0.109275 0.090117
v -0.150752 -0.109275 0.089802
v -0.151472 -0.109275 0.089609
v -0.164915 -0.109275 0.089544
v -0.165657 -0.109275 0.089609
v -0.166377 -0.109275 0.089802
v -0.167052 -0.109275 0.090117
v -0.167662 -0.109275 0.090544
v -0.168189 -0.109275 0.091071
v -0.168617 -0.109275 0.091682
v -0.168932 -0.109275 0.092357
v -0.169125 -0.109275 0.093077
v -0.169190 -0.109275 0.093819
v -0.169125 -0.109275 0.094562
v -0.168932 -0.109275 0.095281
v -0.168617 -0.109275 0.095957
v -0.168189 -0.109275 0.096567
v -0.167662 -0.109275 0.097094
v -0.167052 -0.109275 0.097521
v -0.166377 -0.109275 0.097836
v -0.165657 -0.109275 0.098029
v -0.164915 -0.109275 0.098094
v -0.164172 -0.109275 0.098029
v -0.163452 -0.109275 0.097836
v -0.162777 -0.109275 0.097521
v -0.162167 -0.109275 0.097094
v -0.161640 -0.109275 0.096567
v -0.161212 -0.109275 0.095957
v -0.160897 -0.109275 0.095281
v -0.160705 -0.109275 0.094562
v -0.160640 -0.109275 0.093819
v -0.160705 -0.109275 0.093077
v -0.160897 -0.109275 0.092357
v -0.161212 -0.109275 0.091682
v -0.161640 -0.109275 0.091071
v -0.162167 -0.109275 0.090544
v -0.162777 -0.109275 0.090117
v -0.163452 -0.109275 0.089802
v -0.164172 -0.109275 0.089609
v -0.164915 -0.109275 0.066684
v -0.165657 -0.109275 0.066749
v -0.166377 -0.109275 0.066942
v -0.167052 -0.109275 0.067257
v -0.167662 -0.109275 0.067684
v -0.168189 -0.109275 0.068211
v -0.168617 -0.109275 0.068822
v -0.168932 -0.109275 0.069497
v -0.169125 -0.109275 0.070217
v -0.169190 -0.109275 0.070959
v -0.169125 -0.109275 0.071702
v -0.168932 -0.109275 0.072421
v -0.168617 -0.109275 0.073097
v -0.168189 -0.109275 0.073707
v -0.167662 -0.109275 0.074234
v -0.167052 -0.109275 0.074661
v -0.166377 -0.109275 0.074976
v -0.165657 -0.109275 0.075169
v -0.164915 -0.109275 0.075234
v -0.164172 -0.109275 0.075169
v -0.163452 -0.109275 0.074976
v -0.162777 -0.109275 0.074661
v -0.162167 -0.109275 0.074234
v -0.161640 -0.109275 0.073707
v -0.161212 -0.109275 0.073097
v -0.160897 -0.109275 0.072421
v -0.160705 -0.109275 0.071702
v -0.160640 -0.109275 0.070959
v -0.160705 -0.109275 0.070217
v -0.160897 -0.109275 0.069497
v -0.161212 -0.109275 0.068822
v -0.161640 -0.109275 0.068211
v -0.162167 -0.109275 0.067684
v -0.162777 -0.109275 0.067257
v -0.163452 -0.109275 0.066942
v -0.164172 -0.109275 0.066749
v -0.152215 -0.109275 0.066684
v -0.152957 -0.109275 0.066749
v -0.153677 -0.109275 0.066942
v -0.154352 -0.109275 0.067257
v -0.154962 -0.109275 0.067684
v -0.155489 -0.109275 0.068211
v -0.155917 -0.109275 0.068822
v -0.156232 -0.109275 0.069497
v -0.156425 -0.109275 0.070217
v -0.156490 -0.109275 0.070959
v -0.156425 -0.109275 0.071702
v -0.156232 -0.109275 0.072421
v -0.155917 -0.109275 0.073097
v -0.155489 -0.109275 0.073707
v -0.154962 -0.109275 0.074234
v -0.154352 -0.109275 0.074661
v -0.153677 -0.109275 0.074976
v -0.152957 -0.109275 0.075169
v -0.152215 -0.109275 0.075234
v -0.151472 -0.109275 0.075169
v -0.150752 -0.109275 0.074976
v -0.150077 -0.109275 0.074661
v -0.149467 -0.109275 0.074234
v -0.148940 -0.109275 0.073707
v -0.148512 -0.109275 0.073097
v -0.148197 -0.109275 0.072421
v -0.148005 -0.109275 0.071702
v -0.147940 -0.109275 0.070959
v -0.148005 -0.109275 0.070217
v -0.148197 -0.109275 0.069497
v -0.148512 -0.109275 0.068822
v -0.148940 -0.109275 0.068211
v -0.149467 -0.109275 0.067684
v -0.150077 -0.109275 0.067257
v -0.150752 -0.109275 0.066942
v -0.151472 -0.109275 0.066749
v -0.259530 -0.119276 -0.039540
v -0.259530 -0.227226 -0.039540
v -0.250004 -0.119276 -0.039540
v -0.250004 -0.110545 -0.039540
v -0.278645 -0.110545 -0.039540
v -0.278645 -0.237545 -0.039540
v -0.263984 -0.237545 -0.039540
v -0.250004 -0.236187 -0.039540
v -0.254632 -0.236940 -0.039540
v -0.259298 -0.237393 -0.039540
v -0.250004 -0.227226 -0.039540
v -0.164915 -0.200715 0.075234
v -0.164172 -0.200715 0.075169
v -0.163452 -0.200715 0.074976
v -0.162777 -0.200715 0.074661
v -0.162167 -0.200715 0.074234
v -0.161640 -0.200715 0.073707
v -0.161212 -0.200715 0.073097
v -0.160897 -0.200715 0.072421
v -0.160705 -0.200715 0.071702
v -0.160640 -0.200715 0.070959
v -0.160705 -0.200715 0.070217
v -0.160897 -0.200715 0.069497
v -0.161212 -0.200715 0.068822
v -0.161640 -0.200715 0.068211
v -0.162167 -0.200715 0.067684
v -0.162777 -0.200715 0.067257
v -0.163452 -0.200715 0.066942
v -0.164172 -0.200715 0.066749
v -0.164915 -0.200715 0.066684
v -0.166429 -0.200715 0.074957
v -0.165937 -0.200715 0.075110
v -0.165429 -0.200715 0.075203
v -0.178829 -0.200715 0.075199
v -0.172619 -0.200715 0.075431
v -0.244484 -0.200715 0.044289
v -0.235127 -0.200715 0.052268
v -0.224976 -0.200715 0.059208
v -0.214145 -0.200715 0.065030
v -0.202757 -0.200715 0.069669
v -0.190940 -0.200715 0.073071
v -0.244484 -0.200715 0.053179
v -0.270865 -0.200715 0.053179
v -0.270865 -0.200715 0.044289
v -0.278645 -0.200715 0.044289
v -0.278645 -0.200715 0.119219
v -0.139515 -0.200715 0.119219
v -0.139515 -0.200715 0.045559
v -0.164915 -0.200715 0.045559
v -0.152215 -0.200715 0.075234
v -0.151472 -0.200715 0.075169
v -0.150752 -0.200715 0.074976
v -0.150077 -0.200715 0.074661
v -0.149467 -0.200715 0.074234
v -0.148940 -0.200715 0.073707
v -0.148512 -0.200715 0.073097
v -0.148197 -0.200715 0.072421
v -0.148005 -0.200715 0.071702
v -0.147940 -0.200715 0.070959
v -0.148005 -0.200715 0.070217
v -0.148197 -0.200715 0.069497
v -0.148512 -0.200715 0.068822
v -0.148940 -0.200715 0.068211
v -0.149467 -0.200715 0.067684
v -0.150077 -0.200715 0.067257
v -0.150752 -0.200715 0.066942
v -0.151472 -0.200715 0.066749
v -0.152215 -0.200715 0.066684
v -0.152957 -0.200715 0.066749
v -0.153677 -0.200715 0.066942
v -0.154352 -0.200715 0.067257
v -0.154962 -0.200715 0.067684
v -0.155489 -0.200715 0.068211
v -0.155917 -0.200715 0.068822
v -0.156232 -0.200715 0.069497
v -0.156425 -0.200715 0.070217
v -0.156490 -0.200715 0.070959
v -0.156425 -0.200715 0.071702
v -0.156232 -0.200715 0.072421
v -0.155917 -0.200715 0.073097
v -0.155489 -0.200715 0.073707
v -0.154962 -0.200715 0.074234
v -0.154352 -0.200715 0.074661
v -0.153677 -0.200715 0.074976
v -0.152957 -0.200715 0.075169
v -0.164915 -0.200715 0.098094
v -0.164172 -0.200715 0.098029
v -0.163452 -0.200715 0.097836
v -0.162777 -0.200715 0.097521
v -0.162167 -0.200715 0.097094
v -0.161640 -0.200715 0.096567
v -0.161212 -0.200715 0.095957
v -0.160897 -0.200715 0.095281
v -0.160705 -0.200715 0.094562
v -0.160640 -0.200715 0.093819
v -0.160705 -0.200715 0.093077
v -0.160897 -0.200715 0.092357
v -0.161212 -0.200715 0.091682
v -0.161640 -0.200715 0.091071
v -0.162167 -0.200715 0.090544
v -0.162777 -0.200715 0.090117
v -0.163452 -0.200715 0.089802
v -0.164172 -0.200715 0.089609
v -0.164915 -0.200715 0.089544
v -0.165657 -0.200715 0.089609
v -0.166377 -0.200715 0.089802
v -0.167052 -0.200715 0.090117
v -0.167662 -0.200715 0.090544
v -0.168189 -0.200715 0.091071
v -0.168617 -0.200715 0.091682
v -0.168932 -0.200715 0.092357
v -0.169125 -0.200715 0.093077
v -0.169190 -0.200715 0.093819
v -0.169125 -0.200715 0.094562
v -0.168932 -0.200715 0.095281
v -0.168617 -0.200715 0.095957
v -0.168189 -0.200715 0.096567
v -0.167662 -0.200715 0.097094
v -0.167052 -0.200715 0.097521
v -0.166377 -0.200715 0.097836
v -0.165657 -0.200715 0.098029
v -0.152215 -0.200715 0.098094
v -0.151472 -0.200715 0.098029
v -0.150752 -0.200715 0.097836
v -0.150077 -0.200715 0.097521
v -0.149467 -0.200715 0.097094
v -0.148940 -0.200715 0.096567
v -0.148512 -0.200715 0.095957
v -0.148197 -0.200715 0.095281
v -0.148005 -0.200715 0.094562
v -0.147940 -0.200715 0.093819
v -0.148005 -0.200715 0.093077
v -0.148197 -0.200715 0.092357
v -0.148512 -0.200715 0.091682
v -0.148940 -0.200715 0.091071
v -0.149467 -0.200715 0.090544
v -0.150077 -0.200715 0.090117
v -0.150752 -0.200715 0.089802
v -0.151472 -0.200715 0.089609
v -0.152215 -0.200715 0.089544
v -0.152957 -0.200715 0.089609
v -0.153677 -0.200715 0.089802
v -0.154352 -0.200715 0.090117
v -0.154962 -0.200715 0.090544
v -0.155489 -0.200715 0.091071
v -0.155917 -0.200715 0.091682
v -0.156232 -0.200715 0.092357
v -0.156425 -0.200715 0.093077
v -0.156490 -0.200715 0.093819
v -0.156425 -0.200715 0.094562
v -0.156232 -0.200715 0.095281
v -0.155917 -0.200715 0.095957
v -0.155489 -0.200715 0.096567
v -0.154962 -0.200715 0.097094
v -0.154352 -0.200715 0.097521
v -0.153677 -0.200715 0.097836
v -0.152957 -0.200715 0.098029
v -0.278645 -0.199445 0.120489
v -0.139515 -0.199445 0.120489
v -0.278645 -0.110545 0.120489
v -0.139515 -0.110545 0.120489
v -0.270865 -0.200715 0.044289
v -0.278645 -0.200715 0.044289
v -0.278645 -0.229455 -0.018947
v -0.275922 -0.224186 -0.007354
v -0.273617 -0.220965 -0.000267
v -0.270865 -0.217823 0.006646
v -0.164915 -0.094035 0.044289
v -0.164915 -0.199445 0.044289
v -0.189200 -0.102047 0.040694
v -0.183664 -0.098603 0.042165
v -0.177595 -0.096059 0.043325
v -0.171791 -0.094620 0.044007
v -0.168381 -0.094182 0.044218
v -0.214956 -0.110545 0.027714
v -0.208185 -0.110010 0.032258
v -0.201857 -0.108510 0.035710
v -0.196177 -0.106251 0.038242
v -0.192634 -0.104339 0.039574
v -0.248735 -0.110545 -0.038289
v -0.247854 -0.110545 -0.027361
v -0.245555 -0.110545 -0.016640
v -0.241877 -0.110545 -0.006312
v -0.236882 -0.110545 0.003448
v -0.230656 -0.110545 0.012473
v -0.223306 -0.110545 0.020608
v -0.248735 -0.119276 -0.038289
v -0.223624 -0.119276 0.020297
v -0.230886 -0.119276 0.012182
v -0.237034 -0.119276 0.003193
v -0.241965 -0.119276 -0.006516
v -0.245596 -0.119276 -0.016783
v -0.247865 -0.119276 -0.027434
v -0.223624 -0.225889 0.020297
v -0.214548 -0.218822 0.028016
v -0.218584 -0.222256 0.024856
v -0.221110 -0.224160 0.022664
v -0.174222 -0.200041 0.043771
v -0.183258 -0.201787 0.042258
v -0.192199 -0.204732 0.039725
v -0.200884 -0.208905 0.036180
v -0.208071 -0.213524 0.032327
v -0.259606 -0.199981 0.022712
v -0.259576 -0.200565 0.022754
v -0.259489 -0.201132 0.022878
v -0.259347 -0.201664 0.023081
v -0.259154 -0.202144 0.023356
v -0.258916 -0.202559 0.023696
v -0.258640 -0.202896 0.024090
v -0.258335 -0.203144 0.024525
v -0.258009 -0.203295 0.024989
v -0.257674 -0.203346 0.025468
v -0.257339 -0.203295 0.025946
v -0.257013 -0.203144 0.026410
v -0.256708 -0.202896 0.026846
v -0.256433 -0.202559 0.027239
v -0.256194 -0.202144 0.027579
v -0.256001 -0.201664 0.027855
v -0.255859 -0.201132 0.028058
v -0.255772 -0.200565 0.028182
v -0.255743 -0.199981 0.028224
v -0.243246 -0.199981 0.011246
v -0.243219 -0.200555 0.011288
v -0.243139 -0.201113 0.011411
v -0.243008 -0.201637 0.011612
v -0.242829 -0.202113 0.011884
v -0.242607 -0.202526 0.012219
v -0.242347 -0.202865 0.012607
v -0.242056 -0.203118 0.013035
v -0.241743 -0.203280 0.013492
v -0.241417 -0.203345 0.013962
v -0.241085 -0.203311 0.014433
v -0.240759 -0.203180 0.014889
v -0.240448 -0.202955 0.015320
v -0.240163 -0.202642 0.015711
v -0.239911 -0.202251 0.016053
v -0.239701 -0.201795 0.016334
v -0.239540 -0.201283 0.016549
v -0.239434 -0.200736 0.016690
v -0.239395 -0.200361 0.016741
v -0.239382 -0.199981 0.016758
v -0.259606 -0.173979 0.022712
v -0.259576 -0.174563 0.022754
v -0.259489 -0.175130 0.022878
v -0.259347 -0.175662 0.023081
v -0.259154 -0.176142 0.023356
v -0.258916 -0.176557 0.023696
v -0.258640 -0.176893 0.024090
v -0.258335 -0.177141 0.024525
v -0.258009 -0.177293 0.024989
v -0.257674 -0.177344 0.025468
v -0.257339 -0.177293 0.025946
v -0.257013 -0.177141 0.026410
v -0.256708 -0.176893 0.026846
v -0.256433 -0.176557 0.027239
v -0.256194 -0.176142 0.027579
v -0.256001 -0.175662 0.027855
v -0.255859 -0.175130 0.028058
v -0.255772 -0.174563 0.028182
v -0.255743 -0.173979 0.028224
v -0.243246 -0.173979 0.011246
v -0.243219 -0.174553 0.011288
v -0.243139 -0.175111 0.011411
v -0.243008 -0.175635 0.011612
v -0.242829 -0.176111 0.011884
v -0.242607 -0.176524 0.012219
v -0.242347 -0.176862 0.012607
v -0.242056 -0.177116 0.013035
v -0.241743 -0.177278 0.013492
v -0.241417 -0.177343 0.013962
v -0.241085 -0.177309 0.014433
v -0.240759 -0.177178 0.014889
v -0.240448 -0.176952 0.015320
v -0.240163 -0.176640 0.015711
v -0.239911 -0.176249 0.016053
v -0.239701 -0.175792 0.016334
v -0.239540 -0.175281 0.016549
v -0.239434 -0.174733 0.016690
v -0.239395 -0.174359 0.016741
v -0.239382 -0.173979 0.016758
v -0.259606 -0.147977 0.022712
v -0.259576 -0.148561 0.022754
v -0.259489 -0.149128 0.022878
v -0.259347 -0.149659 0.023081
v -0.259154 -0.150140 0.023356
v -0.258916 -0.150555 0.023696
v -0.258640 -0.150891 0.024090
v -0.258335 -0.151139 0.024525
v -0.258009 -0.151291 0.024989
v -0.257674 -0.151342 0.025468
v -0.257339 -0.151291 0.025946
v -0.257013 -0.151139 0.026410
v -0.256708 -0.150891 0.026846
v -0.256433 -0.150555 0.027239
v -0.256194 -0.150140 0.027579
v -0.256001 -0.149659 0.027855
v -0.255859 -0.149128 0.028058
v -0.255772 -0.148561 0.028182
v -0.255743 -0.147977 0.028224
v -0.243246 -0.147977 0.011246
v -0.243219 -0.148551 0.011288
v -0.243139 -0.149109 0.011411
v -0.243008 -0.149633 0.011612
v -0.242829 -0.150109 0.011884
v -0.242607 -0.150522 0.012219
v -0.242347 -0.150860 0.012607
v -0.242056 -0.151114 0.013035
v -0.241743 -0.151276 0.013492
v -0.241417 -0.151341 0.013962
v -0.241085 -0.151307 0.014433
v -0.240759 -0.151176 0.014889
v -0.240448 -0.150950 0.015320
v -0.240163 -0.150638 0.015711
v -0.239911 -0.150247 0.016053
v -0.239701 -0.149790 0.016334
v -0.239540 -0.149278 0.016549
v -0.239434 -0.148731 0.016690
v -0.239395 -0.148357 0.016741
v -0.239382 -0.147977 0.016758
v -0.280371 -0.236388 -0.034202
v -0.279915 -0.233561 -0.027982
v -0.280379 -0.236495 -0.034392
v -0.280387 -0.236632 -0.034560
v -0.280393 -0.236796 -0.034703
v -0.280395 -0.236897 -0.034769
v -0.280398 -0.237043 -0.034843
v -0.280401 -0.237197 -0.034898
v -0.280402 -0.237356 -0.034932
v -0.280402 -0.237450 -0.034943
v -0.280403 -0.237545 -0.034947
v -0.279423 -0.237545 -0.023840
v -0.277377 -0.237545 -0.012879
v -0.274285 -0.237545 -0.002166
v -0.270174 -0.237545 0.008198
v -0.265085 -0.237545 0.018119
v -0.258702 -0.237270 0.028007
v -0.251410 -0.236275 0.037123
v -0.243984 -0.234483 0.044760
v -0.236549 -0.231840 0.051163
v -0.229148 -0.228258 0.056547
v -0.222378 -0.224006 0.060742
v -0.215860 -0.218822 0.064205
v -0.208112 -0.212760 0.067663
v -0.199565 -0.207708 0.070723
v -0.190718 -0.203908 0.073122
v -0.184872 -0.202081 0.074303
v -0.178829 -0.200715 0.075199
v -0.244484 -0.200715 0.044289
v -0.235127 -0.200715 0.052268
v -0.224976 -0.200715 0.059208
v -0.214145 -0.200715 0.065030
v -0.202757 -0.200715 0.069669
v -0.190940 -0.200715 0.073071
v -0.244484 -0.110545 0.044289
v -0.252462 -0.110545 0.035918
v -0.259564 -0.110545 0.026792
v -0.265719 -0.110545 0.017002
v -0.270865 -0.110545 0.006646
v -0.270865 -0.217823 0.006646
v -0.278645 -0.229455 -0.018947
v -0.275922 -0.224186 -0.007354
v -0.273617 -0.220965 -0.000267
v -0.279348 -0.231202 -0.023305
v -0.279811 -0.232269 -0.026993
v -0.279868 -0.232334 -0.027525
v -0.279890 -0.232329 -0.027742
v -0.279900 -0.232311 -0.027840
v -0.279907 -0.232284 -0.027908
v -0.279913 -0.232236 -0.027962
v -0.279915 -0.232166 -0.027982
v -0.248562 -0.127657 0.040220
v -0.248562 -0.220301 0.040220
v -0.256123 -0.220301 0.031450
v -0.262768 -0.220301 0.021968
v -0.268431 -0.220301 0.011869
v -0.268431 -0.127657 0.011869
v -0.262768 -0.127657 0.021968
v -0.256123 -0.127657 0.031450
v -0.139515 -0.200715 0.119219
v -0.139515 -0.200715 0.045559
v -0.139515 -0.200699 0.045360
v -0.139515 -0.200652 0.045167
v -0.139515 -0.200576 0.044983
v -0.139515 -0.200472 0.044813
v -0.139515 -0.200343 0.044661
v -0.139515 -0.200191 0.044532
v -0.139515 -0.200021 0.044428
v -0.139515 -0.199837 0.044351
v -0.139515 -0.199643 0.044305
v -0.139515 -0.199445 0.044289
v -0.139515 -0.094035 0.044289
v -0.139515 -0.093814 0.044308
v -0.139515 -0.093600 0.044366
v -0.139515 -0.093400 0.044459
v -0.139515 -0.093218 0.044586
v -0.139515 -0.093062 0.044743
v -0.139515 -0.092935 0.044924
v -0.139515 -0.092841 0.045125
v -0.139515 -0.092784 0.045339
v -0.139515 -0.092765 0.045559
v -0.139515 -0.092765 0.062069
v -0.139515 -0.092780 0.062268
v -0.139515 -0.092827 0.062462
v -0.139515 -0.092903 0.062646
v -0.139515 -0.093007 0.062816
v -0.139515 -0.093137 0.062967
v -0.139515 -0.093288 0.063097
v -0.139515 -0.093458 0.063201
v -0.139515 -0.093642 0.063277
v -0.139515 -0.093836 0.063324
v -0.139515 -0.094035 0.063339
v -0.139515 -0.109275 0.063339
v -0.139515 -0.109275 0.119219
v -0.139515 -0.109290 0.119418
v -0.139515 -0.109337 0.119612
v -0.139515 -0.109413 0.119796
v -0.139515 -0.109517 0.119966
v -0.139515 -0.109647 0.120117
v -0.139515 -0.109798 0.120247
v -0.139515 -0.109968 0.120351
v -0.139515 -0.110152 0.120427
v -0.139515 -0.110346 0.120474
v -0.139515 -0.110545 0.120489
v -0.139515 -0.199445 0.120489
v -0.139515 -0.199665 0.120470
v -0.139515 -0.199879 0.120413
v -0.139515 -0.200080 0.120319
v -0.139515 -0.200261 0.120192
v -0.139515 -0.200417 0.120036
v -0.139515 -0.200544 0.119854
v -0.139515 -0.200638 0.119654
v -0.139515 -0.200695 0.119440
v -0.139515 -0.194365 0.107789
v -0.139515 -0.194365 0.087469
v -0.139515 -0.162615 0.107789
v -0.139515 -0.162615 0.087469
v -0.139515 -0.147375 0.077309
v -0.139515 -0.147375 0.056989
v -0.139515 -0.115625 0.077309
v -0.139515 -0.115625 0.056989
v -0.139515 -0.115625 0.107789
v -0.139515 -0.147375 0.107789
v -0.139515 -0.115625 0.087469
v -0.139515 -0.147375 0.087469
v -0.139515 -0.162615 0.077309
v -0.139515 -0.194365 0.077309
v -0.139515 -0.162615 0.056989
v -0.139515 -0.194365 0.056989
v -0.278645 -0.238815 -0.033677
v -0.278645 -0.238815 -0.038270
v -0.263984 -0.238815 -0.038270
v -0.263984 -0.238815 0.017485
v -0.269997 -0.238815 0.005452
v -0.274555 -0.238815 -0.007203
v -0.277594 -0.238815 -0.020307
v -0.279073 -0.238815 -0.033677
v -0.214449 -0.219765 0.029040
v -0.214449 -0.219765 0.063065
v -0.221888 -0.225658 0.059140
v -0.229636 -0.230350 0.054274
v -0.237579 -0.233938 0.048325
v -0.245567 -0.236484 0.041149
v -0.253226 -0.238028 0.032814
v -0.258898 -0.238640 0.025402
v -0.263984 -0.238815 0.017485
v -0.263984 -0.238815 -0.038270
v -0.259216 -0.238661 -0.038270
v -0.254468 -0.238200 -0.038270
v -0.249760 -0.237433 -0.038270
v -0.248807 -0.237240 -0.026884
v -0.246634 -0.236750 -0.016846
v -0.243308 -0.235864 -0.007282
v -0.238927 -0.234439 0.001692
v -0.233819 -0.232380 0.009678
v -0.230051 -0.230567 0.014523
v -0.226009 -0.228315 0.019020
v -0.226009 -0.228315 0.023328
v -0.223824 -0.226955 0.021204
v -0.219662 -0.224055 0.024963
v -0.217051 -0.222006 0.027085
v -0.166888 -0.200741 0.074752
v -0.176690 -0.201658 0.074140
v -0.186079 -0.203808 0.072724
v -0.195517 -0.207346 0.070449
v -0.204425 -0.212159 0.067471
v -0.209603 -0.215750 0.065343
v -0.214449 -0.219765 0.063065
v -0.164915 -0.200715 0.066684
v -0.165568 -0.200717 0.066734
v -0.166205 -0.200726 0.066884
v -0.166650 -0.200735 0.067052
v -0.167086 -0.200746 0.067276
v -0.167494 -0.200760 0.067550
v -0.167857 -0.200773 0.067858
v -0.168170 -0.200786 0.068188
v -0.168447 -0.200799 0.068551
v -0.168684 -0.200811 0.068943
v -0.168878 -0.200821 0.069356
v -0.169026 -0.200829 0.069787
v -0.169128 -0.200835 0.070235
v -0.169181 -0.200838 0.070688
v -0.169186 -0.200838 0.071143
v -0.169141 -0.200836 0.071600
v -0.169049 -0.200830 0.072047
v -0.168910 -0.200823 0.072481
v -0.168724 -0.200813 0.072899
v -0.168495 -0.200801 0.073295
v -0.168226 -0.200789 0.073663
v -0.167918 -0.200776 0.074001
v -0.167576 -0.200762 0.074305
v -0.167243 -0.200751 0.074544
v -0.164915 -0.200715 0.045559
v -0.214449 -0.219765 0.029040
v -0.206959 -0.213835 0.034032
v -0.198522 -0.208796 0.038391
v -0.190241 -0.205188 0.041566
v -0.181807 -0.202670 0.043806
v -0.173782 -0.201248 0.045080
v -0.169368 -0.200849 0.045439
v -0.164915 -0.094035 0.044289
v -0.139515 -0.094035 0.044289
v -0.164915 -0.199445 0.044289
v -0.139515 -0.199445 0.044289
v -0.270865 -0.200715 0.044289
v -0.270865 -0.217823 0.006646
v -0.270865 -0.200715 0.053179
v -0.270865 -0.110545 0.053179
v -0.270865 -0.110545 0.006646
v -0.177615 -0.194365 0.107789
v -0.139515 -0.194365 0.107789
v -0.177615 -0.194365 0.087469
v -0.139515 -0.194365 0.087469
v -0.152215 -0.194365 0.098094
v -0.151472 -0.194365 0.098029
v -0.150752 -0.194365 0.097836
v -0.150077 -0.194365 0.097521
v -0.149467 -0.194365 0.097094
v -0.148940 -0.194365 0.096567
v -0.148512 -0.194365 0.095957
v -0.148197 -0.194365 0.095281
v -0.148005 -0.194365 0.094562
v -0.147940 -0.194365 0.093819
v -0.148005 -0.194365 0.093077
v -0.148197 -0.194365 0.092357
v -0.148512 -0.194365 0.091682
v -0.148940 -0.194365 0.091071
v -0.149467 -0.194365 0.090544
v -0.150077 -0.194365 0.090117
v -0.150752 -0.194365 0.089802
v -0.151472 -0.194365 0.089609
v -0.152215 -0.194365 0.089544
v -0.152957 -0.194365 0.089609
v -0.153677 -0.194365 0.089802
v -0.154352 -0.194365 0.090117
v -0.154962 -0.194365 0.090544
v -0.155489 -0.194365 0.091071
v -0.155917 -0.194365 0.091682
v -0.156232 -0.194365 0.092357
v -0.156425 -0.194365 0.093077
v -0.156490 -0.194365 0.093819
v -0.156425 -0.194365 0.094562
v -0.156232 -0.194365 0.095281
v -0.155917 -0.194365 0.095957
v -0.155489 -0.194365 0.096567
v -0.154962 -0.194365 0.097094
v -0.154352 -0.194365 0.097521
v -0.153677 -0.194365 0.097836
v -0.152957 -0.194365 0.098029
v -0.164915 -0.194365 0.098094
v -0.164172 -0.194365 0.098029
v -0.163452 -0.194365 0.097836
v -0.162777 -0.194365 0.097521
v -0.162167 -0.194365 0.097094
v -0.161640 -0.194365 0.096567
v -0.161212 -0.194365 0.095957
v -0.160897 -0.194365 0.095281
v -0.160705 -0.194365 0.094562
v -0.160640 -0.194365 0.093819
v -0.160705 -0.194365 0.093077
v -0.160897 -0.194365 0.092357
v -0.161212 -0.194365 0.091682
v -0.161640 -0.194365 0.091071
v -0.162167 -0.194365 0.090544
v -0.162777 -0.194365 0.090117
v -0.163452 -0.194365 0.089802
v -0.164172 -0.194365 0.089609
v -0.164915 -0.194365 0.089544
v -0.165657 -0.194365 0.089609
v -0.166377 -0.194365 0.089802
v -0.167052 -0.194365 0.090117
v -0.167662 -0.194365 0.090544
v -0.168189 -0.194365 0.091071
v -0.168617 -0.194365 0.091682
v -0.168932 -0.194365 0.092357
v -0.169125 -0.194365 0.093077
v -0.169190 -0.194365 0.093819
v -0.169125 -0.194365 0.094562
v -0.168932 -0.194365 0.095281
v -0.168617 -0.194365 0.095957
v -0.168189 -0.194365 0.096567
v -0.167662 -0.194365 0.097094
v -0.167052 -0.194365 0.097521
v -0.166377 -0.194365 0.097836
v -0.165657 -0.194365 0.098029
v -0.139515 -0.194365 0.107789
v -0.139515 -0.162615 0.107789
v -0.177615 -0.194365 0.107789
v -0.177615 -0.162615 0.107789
v -0.139515 -0.162615 0.107789
v -0.139515 -0.162615 0.087469
v -0.177615 -0.162615 0.107789
v -0.177615 -0.162615 0.087469
v -0.177615 -0.194365 0.087469
v -0.139515 -0.194365 0.087469
v -0.177615 -0.162615 0.087469
v -0.139515 -0.162615 0.087469
v -0.177615 -0.194365 0.107789
v -0.177615 -0.194365 0.087469
v -0.177615 -0.162615 0.087469
v -0.177615 -0.162615 0.107789
v -0.139515 -0.147375 0.077309
v -0.139515 -0.115625 0.077309
v -0.177615 -0.147375 0.077309
v -0.177615 -0.115625 0.077309
v -0.139515 -0.115625 0.077309
v -0.139515 -0.115625 0.056989
v -0.177615 -0.115625 0.077309
v -0.177615 -0.115625 0.056989
v -0.164915 -0.115625 0.075234
v -0.164172 -0.115625 0.075169
v -0.163452 -0.115625 0.074976
v -0.162777 -0.115625 0.074661
v -0.162167 -0.115625 0.074234
v -0.161640 -0.115625 0.073707
v -0.161212 -0.115625 0.073097
v -0.160897 -0.115625 0.072421
v -0.160705 -0.115625 0.071702
v -0.160640 -0.115625 0.070959
v -0.160705 -0.115625 0.070217
v -0.160897 -0.115625 0.069497
v -0.161212 -0.115625 0.068822
v -0.161640 -0.115625 0.068211
v -0.162167 -0.115625 0.067684
v -0.162777 -0.115625 0.067257
v -0.163452 -0.115625 0.066942
v -0.164172 -0.115625 0.066749
v -0.164915 -0.115625 0.066684
v -0.165657 -0.115625 0.066749
v -0.166377 -0.115625 0.066942
v -0.167052 -0.115625 0.067257
v -0.167662 -0.115625 0.067684
v -0.168189 -0.115625 0.068211
v -0.168617 -0.115625 0.068822
v -0.168932 -0.115625 0.069497
v -0.169125 -0.115625 0.070217
v -0.169190 -0.115625 0.070959
v -0.169125 -0.115625 0.071702
v -0.168932 -0.115625 0.072421
v -0.168617 -0.115625 0.073097
v -0.168189 -0.115625 0.073707
v -0.167662 -0.115625 0.074234
v -0.167052 -0.115625 0.074661
v -0.166377 -0.115625 0.074976
v -0.165657 -0.115625 0.075169
v -0.152215 -0.115625 0.075234
v -0.151472 -0.115625 0.075169
v -0.150752 -0.115625 0.074976
v -0.150077 -0.115625 0.074661
v -0.149467 -0.115625 0.074234
v -0.148940 -0.115625 0.073707
v -0.148512 -0.115625 0.073097
v -0.148197 -0.115625 0.072421
v -0.148005 -0.115625 0.071702
v -0.147940 -0.115625 0.070959
v -0.148005 -0.115625 0.070217
v -0.148197 -0.115625 0.069497
v -0.148512 -0.115625 0.068822
v -0.148940 -0.115625 0.068211
v -0.149467 -0.115625 0.067684
v -0.150077 -0.115625 0.067257
v -0.150752 -0.115625 0.066942
v -0.151472 -0.115625 0.066749
v -0.152215 -0.115625 0.066684
v -0.152957 -0.115625 0.066749
v -0.153677 -0.115625 0.066942
v -0.154352 -0.115625 0.067257
v -0.154962 -0.115625 0.067684
v -0.155489 -0.115625 0.068211
v -0.155917 -0.115625 0.068822
v -0.156232 -0.115625 0.069497
v -0.156425 -0.115625 0.070217
v -0.156490 -0.115625 0.070959
v -0.156425 -0.115625 0.071702
v -0.156232 -0.115625 0.072421
v -0.155917 -0.115625 0.073097
v -0.155489 -0.115625 0.073707
v -0.154962 -0.115625 0.074234
v -0.154352 -0.115625 0.074661
v -0.153677 -0.115625 0.074976
v -0.152957 -0.115625 0.075169
v -0.177615 -0.147375 0.056989
v -0.139515 -0.147375 0.056989
v -0.177615 -0.115625 0.056989
v -0.139515 -0.115625 0.056989
v -0.177615 -0.147375 0.077309
v -0.139515 -0.147375 0.077309
v -0.177615 -0.147375 0.056989
v -0.139515 -0.147375 0.056989
v -0.177615 -0.147375 0.077309
v -0.177615 -0.115625 0.077309
v -0.177615 -0.147375 0.056989
v -0.177615 -0.115625 0.056989
v -0.139515 -0.115625 0.107789
v -0.139515 -0.115625 0.087469
v -0.177615 -0.115625 0.107789
v -0.177615 -0.115625 0.087469
v -0.152215 -0.115625 0.098094
v -0.151472 -0.115625 0.098029
v -0.150752 -0.115625 0.097836
v -0.150077 -0.115625 0.097521
v -0.149467 -0.115625 0.097094
v -0.148940 -0.115625 0.096567
v -0.148512 -0.115625 0.095957
v -0.148197 -0.115625 0.095281
v -0.148005 -0.115625 0.094562
v -0.147940 -0.115625 0.093819
v -0.148005 -0.115625 0.093077
v -0.148197 -0.115625 0.092357
v -0.148512 -0.115625 0.091682
v -0.148940 -0.115625 0.091071
v -0.149467 -0.115625 0.090544
v -0.150077 -0.115625 0.090117
v -0.150752 -0.115625 0.089802
v -0.151472 -0.115625 0.089609
v -0.152215 -0.115625 0.089544
v -0.152957 -0.115625 0.089609
v -0.153677 -0.115625 0.089802
v -0.154352 -0.115625 0.090117
v -0.154962 -0.115625 0.090544
v -0.155489 -0.115625 0.091071
v -0.155917 -0.115625 0.091682
v -0.156232 -0.115625 0.092357
v -0.156425 -0.115625 0.093077
v -0.156490 -0.115625 0.093819
v -0.156425 -0.115625 0.094562
v -0.156232 -0.115625 0.095281
v -0.155917 -0.115625 0.095957
v -0.155489 -0.115625 0.096567
v -0.154962 -0.115625 0.097094
v -0.154352 -0.115625 0.097521
v -0.153677 -0.115625 0.097836
v -0.152957 -0.115625 0.098029
v -0.164915 -0.115625 0.098094
v -0.164172 -0.115625 0.098029
v -0.163452 -0.115625 0.097836
v -0.162777 -0.115625 0.097521
v -0.162167 -0.115625 0.097094
v -0.161640 -0.115625 0.096567
v -0.161212 -0.115625 0.095957
v -0.160897 -0.115625 0.095281
v -0.160705 -0.115625 0.094562
v -0.160640 -0.115625 0.093819
v -0.160705 -0.115625 0.093077
v -0.160897 -0.115625 0.092357
v -0.161212 -0.115625 0.091682
v -0.161640 -0.115625 0.091071
v -0.162167 -0.115625 0.090544
v -0.162777 -0.115625 0.090117
v -0.163452 -0.115625 0.089802
v -0.164172 -0.115625 0.089609
v -0.164915 -0.115625 0.089544
v -0.165657 -0.115625 0.089609
v -0.166377 -0.115625 0.089802
v -0.167052 -0.115625 0.090117
v -0.167662 -0.115625 0.090544
v -0.168189 -0.115625 0.091071
v -0.168617 -0.115625 0.091682
v -0.168932 -0.115625 0.092357
v -0.169125 -0.115625 0.093077
v -0.169190 -0.115625 0.093819
v -0.169125 -0.115625 0.094562
v -0.168932 -0.115625 0.095281
v -0.168617 -0.115625 0.095957
v -0.168189 -0.115625 0.096567
v -0.167662 -0.115625 0.097094
v -0.167052 -0.115625 0.097521
v -0.166377 -0.115625 0.097836
v -0.165657 -0.115625 0.098029
v -0.139515 -0.115625 0.087469
v -0.139515 -0.147375 0.087469
v -0.177615 -0.115625 0.087469
v -0.177615 -0.147375 0.087469
v -0.177615 -0.147375 0.107789
v -0.139515 -0.147375 0.107789
v -0.177615 -0.147375 0.087469
v -0.139515 -0.147375 0.087469
v -0.177615 -0.115625 0.107789
v -0.139515 -0.115625 0.107789
v -0.177615 -0.147375 0.107789
v -0.139515 -0.147375 0.107789
v -0.177615 -0.115625 0.107789
v -0.177615 -0.115625 0.087469
v -0.177615 -0.147375 0.107789
v -0.177615 -0.147375 0.087469
v -0.139515 -0.162615 0.077309
v -0.139515 -0.162615 0.056989
v -0.177615 -0.162615 0.077309
v -0.177615 -0.162615 0.056989
v -0.139515 -0.162615 0.056989
v -0.139515 -0.194365 0.056989
v -0.177615 -0.162615 0.056989
v -0.177615 -0.194365 0.056989
v -0.177615 -0.194365 0.077309
v -0.139515 -0.194365 0.077309
v -0.177615 -0.194365 0.056989
v -0.139515 -0.194365 0.056989
v -0.164915 -0.194365 0.075234
v -0.164172 -0.194365 0.075169
v -0.163452 -0.194365 0.074976
v -0.162777 -0.194365 0.074661
v -0.162167 -0.194365 0.074234
v -0.161640 -0.194365 0.073707
v -0.161212 -0.194365 0.073097
v -0.160897 -0.194365 0.072421
v -0.160705 -0.194365 0.071702
v -0.160640 -0.194365 0.070959
v -0.160705 -0.194365 0.070217
v -0.160897 -0.194365 0.069497
v -0.161212 -0.194365 0.068822
v -0.161640 -0.194365 0.068211
v -0.162167 -0.194365 0.067684
v -0.162777 -0.194365 0.067257
v -0.163452 -0.194365 0.066942
v -0.164172 -0.194365 0.066749
v -0.164915 -0.194365 0.066684
v -0.165657 -0.194365 0.066749
v -0.166377 -0.194365 0.066942
v -0.167052 -0.194365 0.067257
v -0.167662 -0.194365 0.067684
v -0.168189 -0.194365 0.068211
v -0.168617 -0.194365 0.068822
v -0.168932 -0.194365 0.069497
v -0.169125 -0.194365 0.070217
v -0.169190 -0.194365 0.070959
v -0.169125 -0.194365 0.071702
v -0.168932 -0.194365 0.072421
v -0.168617 -0.194365 0.073097
v -0.168189 -0.194365 0.073707
v -0.167662 -0.194365 0.074234
v -0.167052 -0.194365 0.074661
v -0.166377 -0.194365 0.074976
v -0.165657 -0.194365 0.075169
v -0.152215 -0.194365 0.075234
v -0.151472 -0.194365 0.075169
v -0.150752 -0.194365 0.074976
v -0.150077 -0.194365 0.074661
v -0.149467 -0.194365 0.074234
v -0.148940 -0.194365 0.073707
v -0.148512 -0.194365 0.073097
v -0.148197 -0.194365 0.072421
v -0.148005 -0.194365 0.071702
v -0.147940 -0.194365 0.070959
v -0.148005 -0.194365 0.070217
v -0.148197 -0.194365 0.069497
v -0.148512 -0.194365 0.068822
v -0.148940 -0.194365 0.068211
v -0.149467 -0.194365 0.067684
v -0.150077 -0.194365 0.067257
v -0.150752 -0.194365 0.066942
v -0.151472 -0.194365 0.066749
v -0.152215 -0.194365 0.066684
v -0.152957 -0.194365 0.066749
v -0.153677 -0.194365 0.066942
v -0.154352 -0.194365 0.067257
v -0.154962 -0.194365 0.067684
v -0.155489 -0.194365 0.068211
v -0.155917 -0.194365 0.068822
v -0.156232 -0.194365 0.069497
v -0.156425 -0.194365 0.070217
v -0.156490 -0.194365 0.070959
v -0.156425 -0.194365 0.071702
v -0.156232 -0.194365 0.072421
v -0.155917 -0.194365 0.073097
v -0.155489 -0.194365 0.073707
v -0.154962 -0.194365 0.074234
v -0.154352 -0.194365 0.074661
v -0.153677 -0.194365 0.074976
v -0.152957 -0.194365 0.075169
v -0.177615 -0.162615 0.077309
v -0.139515 -0.162615 0.077309
v -0.177615 -0.194365 0.077309
v -0.139515 -0.194365 0.077309
v -0.177615 -0.162615 0.056989
v -0.177615 -0.194365 0.056989
v -0.177615 -0.194365 0.077309
v -0.177615 -0.162615 0.077309
v -0.152215 -0.194365 0.066684
v -0.152957 -0.194365 0.066749
v -0.153677 -0.194365 0.066942
v -0.154352 -0.194365 0.067257
v -0.154962 -0.194365 0.067684
v -0.155489 -0.194365 0.068211
v -0.155917 -0.194365 0.068822
v -0.156232 -0.194365 0.069497
v -0.156425 -0.194365 0.070217
v -0.156490 -0.194365 0.070959
v -0.156425 -0.194365 0.071702
v -0.156232 -0.194365 0.072421
v -0.155917 -0.194365 0.073097
v -0.155489 -0.194365 0.073707
v -0.154962 -0.194365 0.074234
v -0.154352 -0.194365 0.074661
v -0.153677 -0.194365 0.074976
v -0.152957 -0.194365 0.075169
v -0.152215 -0.194365 0.075234
v -0.152215 -0.200715 0.066684
v -0.152957 -0.200715 0.066749
v -0.153677 -0.200715 0.066942
v -0.154352 -0.200715 0.067257
v -0.154962 -0.200715 0.067684
v -0.155489 -0.200715 0.068211
v -0.155917 -0.200715 0.068822
v -0.156232 -0.200715 0.069497
v -0.156425 -0.200715 0.070217
v -0.156490 -0.200715 0.070959
v -0.156425 -0.200715 0.071702
v -0.156232 -0.200715 0.072421
v -0.155917 -0.200715 0.073097
v -0.155489 -0.200715 0.073707
v -0.154962 -0.200715 0.074234
v -0.154352 -0.200715 0.074661
v -0.153677 -0.200715 0.074976
v -0.152957 -0.200715 0.075169
v -0.152215 -0.200715 0.075234
v -0.164915 -0.194365 0.066684
v -0.165657 -0.194365 0.066749
v -0.166377 -0.194365 0.066942
v -0.167052 -0.194365 0.067257
v -0.167662 -0.194365 0.067684
v -0.168189 -0.194365 0.068211
v -0.168617 -0.194365 0.068822
v -0.168932 -0.194365 0.069497
v -0.169125 -0.194365 0.070217
v -0.169190 -0.194365 0.070959
v -0.169125 -0.194365 0.071702
v -0.168932 -0.194365 0.072421
v -0.168617 -0.194365 0.073097
v -0.168189 -0.194365 0.073707
v -0.167662 -0.194365 0.074234
v -0.167052 -0.194365 0.074661
v -0.166377 -0.194365 0.074976
v -0.165657 -0.194365 0.075169
v -0.164915 -0.194365 0.075234
v -0.164915 -0.200715 0.066684
v -0.165568 -0.200717 0.066734
v -0.166205 -0.200726 0.066884
v -0.166650 -0.200735 0.067052
v -0.167086 -0.200746 0.067276
v -0.167494 -0.200760 0.067550
v -0.167857 -0.200773 0.067858
v -0.168170 -0.200786 0.068188
v -0.168447 -0.200799 0.068551
v -0.168684 -0.200811 0.068943
v -0.168878 -0.200821 0.069356
v -0.169026 -0.200829 0.069787
v -0.169128 -0.200835 0.070235
v -0.169181 -0.200838 0.070688
v -0.169186 -0.200838 0.071143
v -0.169141 -0.200836 0.071600
v -0.169049 -0.200830 0.072047
v -0.168910 -0.200823 0.072481
v -0.168724 -0.200813 0.072899
v -0.168495 -0.200801 0.073295
v -0.168226 -0.200789 0.073663
v -0.167918 -0.200776 0.074001
v -0.167576 -0.200762 0.074305
v -0.167243 -0.200751 0.074544
v -0.166888 -0.200741 0.074752
v -0.166429 -0.200715 0.074957
v -0.165937 -0.200715 0.075110
v -0.165429 -0.200715 0.075203
v -0.164915 -0.200715 0.075234
v -0.164915 -0.194365 0.089544
v -0.165657 -0.194365 0.089609
v -0.166377 -0.194365 0.089802
v -0.167052 -0.194365 0.090117
v -0.167662 -0.194365 0.090544
v -0.168189 -0.194365 0.091071
v -0.168617 -0.194365 0.091682
v -0.168932 -0.194365 0.092357
v -0.169125 -0.194365 0.093077
v -0.169190 -0.194365 0.093819
v -0.169125 -0.194365 0.094562
v -0.168932 -0.194365 0.095281
v -0.168617 -0.194365 0.095957
v -0.168189 -0.194365 0.096567
v -0.167662 -0.194365 0.097094
v -0.167052 -0.194365 0.097521
v -0.166377 -0.194365 0.097836
v -0.165657 -0.194365 0.098029
v -0.164915 -0.194365 0.098094
v -0.164915 -0.200715 0.089544
v -0.165657 -0.200715 0.089609
v -0.166377 -0.200715 0.089802
v -0.167052 -0.200715 0.090117
v -0.167662 -0.200715 0.090544
v -0.168189 -0.200715 0.091071
v -0.168617 -0.200715 0.091682
v -0.168932 -0.200715 0.092357
v -0.169125 -0.200715 0.093077
v -0.169190 -0.200715 0.093819
v -0.169125 -0.200715 0.094562
v -0.168932 -0.200715 0.095281
v -0.168617 -0.200715 0.095957
v -0.168189 -0.200715 0.096567
v -0.167662 -0.200715 0.097094
v -0.167052 -0.200715 0.097521
v -0.166377 -0.200715 0.097836
v -0.165657 -0.200715 0.098029
v -0.164915 -0.200715 0.098094
v -0.152215 -0.194365 0.089544
v -0.152957 -0.194365 0.089609
v -0.153677 -0.194365 0.089802
v -0.154352 -0.194365 0.090117
v -0.154962 -0.194365 0.090544
v -0.155489 -0.194365 0.091071
v -0.155917 -0.194365 0.091682
v -0.156232 -0.194365 0.092357
v -0.156425 -0.194365 0.093077
v -0.156490 -0.194365 0.093819
v -0.156425 -0.194365 0.094562
v -0.156232 -0.194365 0.095281
v -0.155917 -0.194365 0.095957
v -0.155489 -0.194365 0.096567
v -0.154962 -0.194365 0.097094
v -0.154352 -0.194365 0.097521
v -0.153677 -0.194365 0.097836
v -0.152957 -0.194365 0.098029
v -0.152215 -0.194365 0.098094
v -0.152215 -0.200715 0.089544
v -0.152957 -0.200715 0.089609
v -0.153677 -0.200715 0.089802
v -0.154352 -0.200715 0.090117
v -0.154962 -0.200715 0.090544
v -0.155489 -0.200715 0.091071
v -0.155917 -0.200715 0.091682
v -0.156232 -0.200715 0.092357
v -0.156425 -0.200715 0.093077
v -0.156490 -0.200715 0.093819
v -0.156425 -0.200715 0.094562
v -0.156232 -0.200715 0.095281
v -0.155917 -0.200715 0.095957
v -0.155489 -0.200715 0.096567
v -0.154962 -0.200715 0.097094
v -0.154352 -0.200715 0.097521
v -0.153677 -0.200715 0.097836
v -0.152957 -0.200715 0.098029
v -0.152215 -0.200715 0.098094
v -0.139515 -0.094035 0.063339
v -0.139515 -0.109275 0.063339
v -0.164915 -0.094035 0.063339
v -0.164915 -0.109275 0.063339
v -0.139515 -0.092765 0.045559
v -0.139515 -0.092765 0.062069
v -0.164915 -0.092765 0.045559
v -0.164915 -0.092765 0.062069
v -0.164915 -0.094035 0.063339
v -0.171302 -0.094512 0.063141
v -0.177524 -0.095927 0.062563
v -0.183433 -0.098233 0.061659
v -0.186733 -0.099995 0.060999
v -0.189876 -0.102047 0.060265
v -0.194910 -0.105181 0.058869
v -0.200191 -0.107583 0.057102
v -0.205665 -0.109275 0.054924
v -0.195853 -0.109275 0.058577
v -0.185720 -0.109275 0.061213
v -0.175371 -0.109275 0.062806
v -0.164915 -0.109275 0.063339
v -0.190315 -0.101020 0.041910
v -0.190315 -0.101020 0.059033
v -0.183965 -0.097191 0.060373
v -0.177719 -0.094706 0.061306
v -0.171792 -0.093315 0.061850
v -0.168377 -0.092903 0.062014
v -0.164915 -0.092765 0.062069
v -0.164915 -0.092765 0.045559
v -0.171241 -0.093230 0.045337
v -0.177395 -0.094606 0.044693
v -0.183256 -0.096851 0.043676
v -0.186882 -0.098766 0.042845
v -0.190315 -0.101020 0.041910
v -0.195538 -0.104274 0.040085
v -0.200975 -0.106683 0.037743
v -0.206510 -0.108283 0.034852
v -0.211183 -0.109036 0.031968
v -0.215715 -0.109275 0.028733
v -0.190315 -0.101020 0.059033
v -0.215715 -0.109275 0.048459
v -0.208703 -0.108702 0.052248
v -0.202287 -0.107135 0.055102
v -0.196618 -0.104825 0.057179
v -0.193413 -0.103074 0.058180
v -0.164915 -0.115625 0.089544
v -0.165657 -0.115625 0.089609
v -0.166377 -0.115625 0.089802
v -0.167052 -0.115625 0.090117
v -0.167662 -0.115625 0.090544
v -0.168189 -0.115625 0.091071
v -0.168617 -0.115625 0.091682
v -0.168932 -0.115625 0.092357
v -0.169125 -0.115625 0.093077
v -0.169190 -0.115625 0.093819
v -0.169125 -0.115625 0.094562
v -0.168932 -0.115625 0.095281
v -0.168617 -0.115625 0.095957
v -0.168189 -0.115625 0.096567
v -0.167662 -0.115625 0.097094
v -0.167052 -0.115625 0.097521
v -0.166377 -0.115625 0.097836
v -0.165657 -0.115625 0.098029
v -0.164915 -0.115625 0.098094
v -0.164915 -0.109275 0.098094
v -0.164915 -0.109275 0.089544
v -0.165657 -0.109275 0.089609
v -0.166377 -0.109275 0.089802
v -0.167052 -0.109275 0.090117
v -0.167662 -0.109275 0.090544
v -0.168189 -0.109275 0.091071
v -0.168617 -0.109275 0.091682
v -0.168932 -0.109275 0.092357
v -0.169125 -0.109275 0.093077
v -0.169190 -0.109275 0.093819
v -0.169125 -0.109275 0.094562
v -0.168932 -0.109275 0.095281
v -0.168617 -0.109275 0.095957
v -0.168189 -0.109275 0.096567
v -0.167662 -0.109275 0.097094
v -0.167052 -0.109275 0.097521
v -0.166377 -0.109275 0.097836
v -0.165657 -0.109275 0.098029
v -0.152215 -0.115625 0.089544
v -0.152957 -0.115625 0.089609
v -0.153677 -0.115625 0.089802
v -0.154352 -0.115625 0.090117
v -0.154962 -0.115625 0.090544
v -0.155489 -0.115625 0.091071
v -0.155917 -0.115625 0.091682
v -0.156232 -0.115625 0.092357
v -0.156425 -0.115625 0.093077
v -0.156490 -0.115625 0.093819
v -0.156425 -0.115625 0.094562
v -0.156232 -0.115625 0.095281
v -0.155917 -0.115625 0.095957
v -0.155489 -0.115625 0.096567
v -0.154962 -0.115625 0.097094
v -0.154352 -0.115625 0.097521
v -0.153677 -0.115625 0.097836
v -0.152957 -0.115625 0.098029
v -0.152215 -0.115625 0.098094
v -0.152215 -0.109275 0.098094
v -0.152215 -0.109275 0.089544
v -0.152957 -0.109275 0.089609
v -0.153677 -0.109275 0.089802
v -0.154352 -0.109275 0.090117
v -0.154962 -0.109275 0.090544
v -0.155489 -0.109275 0.091071
v -0.155917 -0.109275 0.091682
v -0.156232 -0.109275 0.092357
v -0.156425 -0.109275 0.093077
v -0.156490 -0.109275 0.093819
v -0.156425 -0.109275 0.094562
v -0.156232 -0.109275 0.095281
v -0.155917 -0.109275 0.095957
v -0.155489 -0.109275 0.096567
v -0.154962 -0.109275 0.097094
v -0.154352 -0.109275 0.097521
v -0.153677 -0.109275 0.097836
v -0.152957 -0.109275 0.098029
v -0.152215 -0.115625 0.066684
v -0.152957 -0.115625 0.066749
v -0.153677 -0.115625 0.066942
v -0.154352 -0.115625 0.067257
v -0.154962 -0.115625 0.067684
v -0.155489 -0.115625 0.068211
v -0.155917 -0.115625 0.068822
v -0.156232 -0.115625 0.069497
v -0.156425 -0.115625 0.070217
v -0.156490 -0.115625 0.070959
v -0.156425 -0.115625 0.071702
v -0.156232 -0.115625 0.072421
v -0.155917 -0.115625 0.073097
v -0.155489 -0.115625 0.073707
v -0.154962 -0.115625 0.074234
v -0.154352 -0.115625 0.074661
v -0.153677 -0.115625 0.074976
v -0.152957 -0.115625 0.075169
v -0.152215 -0.115625 0.075234
v -0.152215 -0.109275 0.075234
v -0.152215 -0.109275 0.066684
v -0.152957 -0.109275 0.066749
v -0.153677 -0.109275 0.066942
v -0.154352 -0.109275 0.067257
v -0.154962 -0.109275 0.067684
v -0.155489 -0.109275 0.068211
v -0.155917 -0.109275 0.068822
v -0.156232 -0.109275 0.069497
v -0.156425 -0.109275 0.070217
v -0.156490 -0.109275 0.070959
v -0.156425 -0.109275 0.071702
v -0.156232 -0.109275 0.072421
v -0.155917 -0.109275 0.073097
v -0.155489 -0.109275 0.073707
v -0.154962 -0.109275 0.074234
v -0.154352 -0.109275 0.074661
v -0.153677 -0.109275 0.074976
v -0.152957 -0.109275 0.075169
v -0.164915 -0.115625 0.066684
v -0.165657 -0.115625 0.066749
v -0.166377 -0.115625 0.066942
v -0.167052 -0.115625 0.067257
v -0.167662 -0.115625 0.067684
v -0.168189 -0.115625 0.068211
v -0.168617 -0.115625 0.068822
v -0.168932 -0.115625 0.069497
v -0.169125 -0.115625 0.070217
v -0.169190 -0.115625 0.070959
v -0.169125 -0.115625 0.071702
v -0.168932 -0.115625 0.072421
v -0.168617 -0.115625 0.073097
v -0.168189 -0.115625 0.073707
v -0.167662 -0.115625 0.074234
v -0.167052 -0.115625 0.074661
v -0.166377 -0.115625 0.074976
v -0.165657 -0.115625 0.075169
v -0.164915 -0.115625 0.075234
v -0.164915 -0.109275 0.075234
v -0.164915 -0.109275 0.066684
v -0.165657 -0.109275 0.066749
v -0.166377 -0.109275 0.066942
v -0.167052 -0.109275 0.067257
v -0.167662 -0.109275 0.067684
v -0.168189 -0.109275 0.068211
v -0.168617 -0.109275 0.068822
v -0.168932 -0.109275 0.069497
v -0.169125 -0.109275 0.070217
v -0.169190 -0.109275 0.070959
v -0.169125 -0.109275 0.071702
v -0.168932 -0.109275 0.072421
v -0.168617 -0.109275 0.073097
v -0.168189 -0.109275 0.073707
v -0.167662 -0.109275 0.074234
v -0.167052 -0.109275 0.074661
v -0.166377 -0.109275 0.074976
v -0.165657 -0.109275 0.075169
v -0.266496 -0.128927 0.012880
v -0.266785 -0.128925 0.012467
v -0.248852 -0.128927 0.038056
v -0.248563 -0.128925 0.038468
v -0.248563 -0.219033 0.038468
v -0.248852 -0.219031 0.038056
v -0.266496 -0.219031 0.012880
v -0.266785 -0.219033 0.012467
v -0.255743 -0.173979 0.028224
v -0.255772 -0.173394 0.028182
v -0.255859 -0.172828 0.028058
v -0.256001 -0.172296 0.027855
v -0.256194 -0.171816 0.027579
v -0.256433 -0.171401 0.027239
v -0.256708 -0.171064 0.026846
v -0.257013 -0.170816 0.026410
v -0.257339 -0.170664 0.025946
v -0.257674 -0.170613 0.025468
v -0.258009 -0.170664 0.024989
v -0.258335 -0.170816 0.024525
v -0.258640 -0.171064 0.024090
v -0.258916 -0.171401 0.023696
v -0.259154 -0.171816 0.023356
v -0.259347 -0.172296 0.023081
v -0.259489 -0.172828 0.022878
v -0.259576 -0.173394 0.022754
v -0.259606 -0.173979 0.022712
v -0.259576 -0.174563 0.022754
v -0.259489 -0.175130 0.022878
v -0.259347 -0.175662 0.023081
v -0.259154 -0.176142 0.023356
v -0.258916 -0.176557 0.023696
v -0.258640 -0.176893 0.024090
v -0.258335 -0.177141 0.024525
v -0.258009 -0.177293 0.024989
v -0.257674 -0.177344 0.025468
v -0.257339 -0.177293 0.025946
v -0.257013 -0.177141 0.026410
v -0.256708 -0.176893 0.026846
v -0.256433 -0.176557 0.027239
v -0.256194 -0.176142 0.027579
v -0.256001 -0.175662 0.027855
v -0.255859 -0.175130 0.028058
v -0.255772 -0.174563 0.028182
v -0.255743 -0.147977 0.028224
v -0.255772 -0.147392 0.028182
v -0.255859 -0.146826 0.028058
v -0.256001 -0.146294 0.027855
v -0.256194 -0.145813 0.027579
v -0.256433 -0.145399 0.027239
v -0.256708 -0.145062 0.026846
v -0.257013 -0.144814 0.026410
v -0.257339 -0.144662 0.025946
v -0.257674 -0.144611 0.025468
v -0.258009 -0.144662 0.024989
v -0.258335 -0.144814 0.024525
v -0.258640 -0.145062 0.024090
v -0.258916 -0.145399 0.023696
v -0.259154 -0.145813 0.023356
v -0.259347 -0.146294 0.023081
v -0.259489 -0.146826 0.022878
v -0.259576 -0.147392 0.022754
v -0.259606 -0.147977 0.022712
v -0.259576 -0.148561 0.022754
v -0.259489 -0.149128 0.022878
v -0.259347 -0.149659 0.023081
v -0.259154 -0.150140 0.023356
v -0.258916 -0.150555 0.023696
v -0.258640 -0.150891 0.024090
v -0.258335 -0.151139 0.024525
v -0.258009 -0.151291 0.024989
v -0.257674 -0.151342 0.025468
v -0.257339 -0.151291 0.025946
v -0.257013 -0.151139 0.026410
v -0.256708 -0.150891 0.026846
v -0.256433 -0.150555 0.027239
v -0.256194 -0.150140 0.027579
v -0.256001 -0.149659 0.027855
v -0.255859 -0.149128 0.028058
v -0.255772 -0.148561 0.028182
v -0.255743 -0.199981 0.028224
v -0.255772 -0.199397 0.028182
v -0.255859 -0.198830 0.028058
v -0.256001 -0.198298 0.027855
v -0.256194 -0.197818 0.027579
v -0.256433 -0.197403 0.027239
v -0.256708 -0.197066 0.026846
v -0.257013 -0.196818 0.026410
v -0.257339 -0.196667 0.025946
v -0.257674 -0.196615 0.025468
v -0.258009 -0.196667 0.024989
v -0.258335 -0.196818 0.024525
v -0.258640 -0.197066 0.024090
v -0.258916 -0.197403 0.023696
v -0.259154 -0.197818 0.023356
v -0.259347 -0.198298 0.023081
v -0.259489 -0.198830 0.022878
v -0.259576 -0.199397 0.022754
v -0.259606 -0.199981 0.022712
v -0.259576 -0.200565 0.022754
v -0.259489 -0.201132 0.022878
v -0.259347 -0.201664 0.023081
v -0.259154 -0.202144 0.023356
v -0.258916 -0.202559 0.023696
v -0.258640 -0.202896 0.024090
v -0.258335 -0.203144 0.024525
v -0.258009 -0.203295 0.024989
v -0.257674 -0.203346 0.025468
v -0.257339 -0.203295 0.025946
v -0.257013 -0.203144 0.026410
v -0.256708 -0.202896 0.026846
v -0.256433 -0.202559 0.027239
v -0.256194 -0.202144 0.027579
v -0.256001 -0.201664 0.027855
v -0.255859 -0.201132 0.028058
v -0.255772 -0.200565 0.028182
v -0.266496 -0.219031 0.012880
v -0.248852 -0.219031 0.038056
v -0.261378 -0.219031 0.021790
v -0.255481 -0.219031 0.030205
v -0.248852 -0.128927 0.038056
v -0.266496 -0.128927 0.012880
v -0.255481 -0.128927 0.030205
v -0.261378 -0.128927 0.021790
v -0.258260 -0.225956 -0.038270
v -0.258260 -0.225956 -0.038287
v -0.258260 -0.120546 -0.038287
v -0.258260 -0.120546 -0.038270
v -0.257458 -0.120546 -0.027260
v -0.255335 -0.120546 -0.016320
v -0.251972 -0.120546 -0.005834
v -0.246843 -0.120546 0.005210
v -0.240324 -0.120546 0.015491
v -0.235980 -0.120546 0.020997
v -0.231282 -0.120546 0.026113
v -0.231282 -0.225956 0.026113
v -0.257458 -0.225956 -0.027260
v -0.255335 -0.225956 -0.016320
v -0.251972 -0.225956 -0.005834
v -0.246843 -0.225956 0.005210
v -0.240324 -0.225956 0.015491
v -0.235980 -0.225956 0.020997
v -0.243246 -0.147977 0.011246
v -0.243219 -0.148551 0.011288
v -0.243139 -0.149109 0.011411
v -0.243008 -0.149633 0.011612
v -0.242829 -0.150109 0.011884
v -0.242607 -0.150522 0.012219
v -0.242347 -0.150860 0.012607
v -0.242056 -0.151114 0.013035
v -0.241743 -0.151276 0.013492
v -0.241417 -0.151341 0.013962
v -0.241085 -0.151307 0.014433
v -0.240759 -0.151176 0.014889
v -0.240448 -0.150950 0.015320
v -0.240163 -0.150638 0.015711
v -0.239911 -0.150247 0.016053
v -0.239701 -0.149790 0.016334
v -0.239540 -0.149278 0.016549
v -0.239434 -0.148731 0.016690
v -0.239395 -0.148357 0.016741
v -0.239382 -0.147977 0.016758
v -0.239413 -0.147397 0.016718
v -0.239503 -0.146832 0.016598
v -0.239651 -0.146303 0.016402
v -0.239850 -0.145823 0.016134
v -0.240094 -0.145409 0.015804
v -0.240376 -0.145072 0.015420
v -0.240685 -0.144822 0.014993
v -0.241013 -0.144667 0.014535
v -0.241347 -0.144611 0.014061
v -0.241680 -0.144657 0.013583
v -0.242000 -0.144803 0.013117
v -0.242299 -0.145043 0.012678
v -0.242567 -0.145373 0.012277
v -0.242799 -0.145780 0.011929
v -0.242986 -0.146253 0.011644
v -0.243125 -0.146779 0.011431
v -0.243212 -0.147340 0.011298
v -0.243237 -0.147656 0.011259
v -0.243246 -0.173979 0.011246
v -0.243219 -0.174553 0.011288
v -0.243139 -0.175111 0.011411
v -0.243008 -0.175635 0.011612
v -0.242829 -0.176111 0.011884
v -0.242607 -0.176524 0.012219
v -0.242347 -0.176862 0.012607
v -0.242056 -0.177116 0.013035
v -0.241743 -0.177278 0.013492
v -0.241417 -0.177343 0.013962
v -0.241085 -0.177309 0.014433
v -0.240759 -0.177178 0.014889
v -0.240448 -0.176952 0.015320
v -0.240163 -0.176640 0.015711
v -0.239911 -0.176249 0.016053
v -0.239701 -0.175792 0.016334
v -0.239540 -0.175281 0.016549
v -0.239434 -0.174733 0.016690
v -0.239395 -0.174359 0.016741
v -0.239382 -0.173979 0.016758
v -0.239413 -0.173399 0.016718
v -0.239503 -0.172834 0.016598
v -0.239651 -0.172305 0.016402
v -0.239850 -0.171825 0.016134
v -0.240094 -0.171411 0.015804
v -0.240376 -0.171074 0.015420
v -0.240685 -0.170824 0.014993
v -0.241013 -0.170669 0.014535
v -0.241347 -0.170613 0.014061
v -0.241680 -0.170659 0.013583
v -0.242000 -0.170805 0.013117
v -0.242299 -0.171046 0.012678
v -0.242567 -0.171375 0.012277
v -0.242799 -0.171782 0.011929
v -0.242986 -0.172255 0.011644
v -0.243125 -0.172781 0.011431
v -0.243212 -0.173342 0.011298
v -0.243237 -0.173659 0.011259
v -0.243246 -0.199981 0.011246
v -0.243219 -0.200555 0.011288
v -0.243139 -0.201113 0.011411
v -0.243008 -0.201637 0.011612
v -0.242829 -0.202113 0.011884
v -0.242607 -0.202526 0.012219
v -0.242347 -0.202865 0.012607
v -0.242056 -0.203118 0.013035
v -0.241743 -0.203280 0.013492
v -0.241417 -0.203345 0.013962
v -0.241085 -0.203311 0.014433
v -0.240759 -0.203180 0.014889
v -0.240448 -0.202955 0.015320
v -0.240163 -0.202642 0.015711
v -0.239911 -0.202251 0.016053
v -0.239701 -0.201795 0.016334
v -0.239540 -0.201283 0.016549
v -0.239434 -0.200736 0.016690
v -0.239395 -0.200361 0.016741
v -0.239382 -0.199981 0.016758
v -0.239413 -0.199401 0.016718
v -0.239503 -0.198836 0.016598
v -0.239651 -0.198307 0.016402
v -0.239850 -0.197827 0.016134
v -0.240094 -0.197414 0.015804
v -0.240376 -0.197076 0.015420
v -0.240685 -0.196826 0.014993
v -0.241013 -0.196671 0.014535
v -0.241347 -0.196616 0.014061
v -0.241680 -0.196661 0.013583
v -0.242000 -0.196807 0.013117
v -0.242299 -0.197048 0.012678
v -0.242567 -0.197377 0.012277
v -0.242799 -0.197784 0.011929
v -0.242986 -0.198258 0.011644
v -0.243125 -0.198783 0.011431
v -0.243212 -0.199344 0.011298
v -0.243237 -0.199661 0.011259
v -0.253536 -0.217085 -0.010195
v -0.255597 -0.208821 -0.017365
v -0.256413 -0.208630 -0.021020
v -0.250939 -0.217297 -0.003281
v -0.252480 -0.212650 -0.007180
v -0.252453 -0.212369 -0.007104
v -0.250395 -0.212968 -0.002016
v -0.250392 -0.212808 -0.002009
v -0.250383 -0.212650 -0.001988
v -0.254264 -0.200254 -0.012491
v -0.254271 -0.199967 -0.012515
v -0.254273 -0.199967 -0.012523
v -0.247937 -0.213796 0.003148
v -0.247992 -0.213535 0.003041
v -0.248025 -0.213255 0.002975
v -0.248037 -0.212968 0.002953
v -0.249818 -0.208028 -0.000728
v -0.252457 -0.200533 -0.007115
v -0.252483 -0.200254 -0.007185
v -0.248242 -0.208532 0.002548
v -0.248233 -0.208320 0.002567
v -0.246428 -0.209569 0.005962
v -0.246491 -0.209208 0.005849
v -0.246523 -0.208831 0.005791
v -0.249799 -0.199950 -0.000686
v -0.251331 -0.191496 -0.004224
v -0.249823 -0.191873 -0.000739
v -0.254269 -0.147102 -0.012507
v -0.254271 -0.147262 -0.012515
v -0.254273 -0.147262 -0.012523
v -0.255599 -0.138250 -0.017376
v -0.256413 -0.138357 -0.021020
v -0.249818 -0.155556 -0.000728
v -0.249847 -0.155849 -0.000790
v -0.251335 -0.156061 -0.004234
v -0.252488 -0.147102 -0.007201
v -0.252480 -0.146944 -0.007180
v -0.252453 -0.146663 -0.007104
v -0.249799 -0.147478 -0.000686
v -0.252457 -0.134827 -0.007115
v -0.252483 -0.134548 -0.007185
v -0.253537 -0.129881 -0.010199
v -0.249823 -0.139402 -0.000739
v -0.250385 -0.134548 -0.001993
v -0.250395 -0.134261 -0.002016
v -0.250392 -0.134101 -0.002009
v -0.248237 -0.139024 0.002559
v -0.248242 -0.138726 0.002548
v -0.250937 -0.129583 -0.003276
v -0.246519 -0.138514 0.005799
v -0.246486 -0.138221 0.005859
v -0.246418 -0.137859 0.005980
v -0.248033 -0.134101 0.002960
v -0.248023 -0.133943 0.002980
v -0.247986 -0.133662 0.003052
v -0.247928 -0.133399 0.003165
v -0.257743 -0.217293 -0.029645
v -0.257742 -0.217293 -0.029637
v -0.257743 -0.199724 -0.029648
v -0.251337 -0.179656 -0.004238
v -0.254270 -0.182495 -0.012513
v -0.247629 -0.183025 0.003742
v -0.247640 -0.182737 0.003720
v -0.257743 -0.147019 -0.029648
v -0.256415 -0.173493 -0.021026
v -0.251338 -0.167844 -0.004241
v -0.254272 -0.164777 -0.012518
v -0.247643 -0.165020 0.003715
v -0.247639 -0.164860 0.003721
v -0.247629 -0.164702 0.003742
v -0.257743 -0.129451 -0.029645
v -0.257742 -0.129451 -0.029637
v -0.256415 -0.199846 -0.021026
v -0.256414 -0.191110 -0.021021
v -0.254273 -0.173615 -0.012523
v -0.251339 -0.173736 -0.004245
v -0.256414 -0.155898 -0.021023
v -0.247645 -0.173857 0.003710
v -0.256415 -0.147141 -0.021026
v -0.254269 -0.191303 -0.012510
v -0.254272 -0.155980 -0.012517
v -0.225407 -0.120546 0.020301
v -0.225407 -0.225889 0.020301
v -0.225903 -0.226207 0.020792
v -0.226135 -0.226070 0.021021
v -0.226393 -0.225984 0.021277
v -0.226661 -0.225956 0.021542
v -0.231282 -0.225956 0.026113
v -0.231282 -0.120546 0.026113
v -0.225414 -0.120546 0.020308
v -0.225411 -0.120546 0.020305
v -0.225409 -0.120546 0.020303
v -0.258260 -0.225956 -0.038270
v -0.257458 -0.225956 -0.027260
v -0.255335 -0.225956 -0.016320
v -0.251972 -0.225956 -0.005834
v -0.246843 -0.225956 0.005210
v -0.240324 -0.225956 0.015491
v -0.235980 -0.225956 0.020997
v -0.231282 -0.225956 0.026113
v -0.250004 -0.225956 -0.038270
v -0.226661 -0.225956 0.019020
v -0.233430 -0.225956 0.010933
v -0.239146 -0.225956 0.002072
v -0.243723 -0.225956 -0.007429
v -0.247089 -0.225956 -0.017423
v -0.249194 -0.225956 -0.027756
v -0.226661 -0.225956 0.021542
v -0.258260 -0.120546 -0.038270
v -0.257458 -0.120546 -0.027260
v -0.255335 -0.120546 -0.016320
v -0.251972 -0.120546 -0.005834
v -0.246843 -0.120546 0.005210
v -0.240324 -0.120546 0.015491
v -0.235980 -0.120546 0.020997
v -0.231282 -0.120546 0.026113
v -0.250004 -0.120546 -0.038270
v -0.249152 -0.120546 -0.027460
v -0.246932 -0.120546 -0.016846
v -0.243380 -0.120546 -0.006600
v -0.238555 -0.120546 0.003110
v -0.232533 -0.120546 0.012128
v -0.225414 -0.120546 0.020308
v -0.244484 -0.200715 0.053179
v -0.244484 -0.200715 0.044289
v -0.244484 -0.110545 0.044289
v -0.244484 -0.110545 0.053179
v -0.270865 -0.200715 0.053179
v -0.270865 -0.110545 0.053179
v -0.244484 -0.110545 0.053179
v -0.244484 -0.200715 0.053179
v -0.280371 -0.236388 -0.034202
v -0.279915 -0.233561 -0.027982
v -0.279915 -0.236388 -0.034202
v -0.279915 -0.110545 -0.038270
v -0.279915 -0.237545 -0.038270
v -0.279915 -0.237545 -0.034947
v -0.279915 -0.237338 -0.034930
v -0.279915 -0.237137 -0.034879
v -0.279915 -0.236946 -0.034797
v -0.279915 -0.236772 -0.034685
v -0.279915 -0.236618 -0.034545
v -0.279915 -0.236489 -0.034383
v -0.279915 -0.236388 -0.034202
v -0.279915 -0.233561 -0.027982
v -0.279915 -0.232166 -0.027982
v -0.279915 -0.199445 0.044014
v -0.279915 -0.199445 0.119219
v -0.279915 -0.109275 0.119219
v -0.279915 -0.109275 0.103217
v -0.279915 -0.062275 0.103217
v -0.279915 -0.062275 0.095089
v -0.279915 -0.099623 0.095089
v -0.279915 -0.101519 0.094923
v -0.279915 -0.103358 0.094430
v -0.279915 -0.105084 0.093626
v -0.279915 -0.106643 0.092534
v -0.279915 -0.107989 0.091188
v -0.279915 -0.109081 0.089628
v -0.279915 -0.109886 0.087903
v -0.279915 -0.110379 0.086064
v -0.279915 -0.110545 0.084167
v -0.190915 -0.062275 0.103217
v -0.190915 -0.062275 0.095089
v -0.191591 -0.054547 0.095089
v -0.193598 -0.047055 0.095089
v -0.196876 -0.040025 0.095089
v -0.201326 -0.033671 0.095089
v -0.206811 -0.028186 0.095089
v -0.213165 -0.023736 0.095089
v -0.220195 -0.020458 0.095089
v -0.227687 -0.018451 0.095089
v -0.235415 -0.017775 0.095089
v -0.243142 -0.018451 0.095089
v -0.250634 -0.020458 0.095089
v -0.257665 -0.023736 0.095089
v -0.264019 -0.028186 0.095089
v -0.269504 -0.033671 0.095089
v -0.273953 -0.040025 0.095089
v -0.277231 -0.047055 0.095089
v -0.279239 -0.054547 0.095089
v -0.279915 -0.062275 0.095089
v -0.279915 -0.062275 0.103217
v -0.279239 -0.054547 0.103217
v -0.277231 -0.047055 0.103217
v -0.273953 -0.040025 0.103217
v -0.269504 -0.033671 0.103217
v -0.264019 -0.028186 0.103217
v -0.257665 -0.023736 0.103217
v -0.250634 -0.020458 0.103217
v -0.243142 -0.018451 0.103217
v -0.235415 -0.017775 0.103217
v -0.227687 -0.018451 0.103217
v -0.220195 -0.020458 0.103217
v -0.213165 -0.023736 0.103217
v -0.206811 -0.028186 0.103217
v -0.201326 -0.033671 0.103217
v -0.196876 -0.040025 0.103217
v -0.193598 -0.047055 0.103217
v -0.191591 -0.054547 0.103217
v -0.257994 -0.025410 0.093819
v -0.257817 -0.025121 0.093829
v -0.257595 -0.024866 0.093846
v -0.257334 -0.024651 0.093858
v -0.257041 -0.024481 0.093858
v -0.256724 -0.024362 0.093846
v -0.256448 -0.024304 0.093831
v -0.256165 -0.024285 0.093820
v -0.256165 -0.028385 0.093819
v -0.256511 -0.028355 0.093819
v -0.256848 -0.028267 0.093819
v -0.257165 -0.028124 0.093819
v -0.257453 -0.027929 0.093819
v -0.257704 -0.027688 0.093819
v -0.257911 -0.027409 0.093819
v -0.258067 -0.027098 0.093819
v -0.258169 -0.026765 0.093819
v -0.258213 -0.026420 0.093819
v -0.258198 -0.026073 0.093819
v -0.258124 -0.025733 0.093819
v -0.256165 -0.028385 0.104487
v -0.256511 -0.028355 0.104487
v -0.256848 -0.028267 0.104487
v -0.257165 -0.028124 0.104487
v -0.257453 -0.027929 0.104487
v -0.257704 -0.027688 0.104487
v -0.257911 -0.027409 0.104487
v -0.258067 -0.027098 0.104487
v -0.258169 -0.026765 0.104487
v -0.258213 -0.026420 0.104487
v -0.258198 -0.026073 0.104487
v -0.258124 -0.025733 0.104487
v -0.257994 -0.025410 0.104487
v -0.256165 -0.024285 0.104486
v -0.256502 -0.024312 0.104472
v -0.256830 -0.024396 0.104455
v -0.257139 -0.024531 0.104446
v -0.257423 -0.024716 0.104451
v -0.257672 -0.024945 0.104466
v -0.257849 -0.025166 0.104480
v -0.190915 -0.109275 0.103217
v -0.190915 -0.109275 0.089279
v -0.190915 -0.108371 0.090706
v -0.190915 -0.107258 0.091977
v -0.190915 -0.105962 0.093061
v -0.190915 -0.104515 0.093932
v -0.190915 -0.102951 0.094570
v -0.190915 -0.101307 0.094959
v -0.190915 -0.099623 0.095089
v -0.190915 -0.062275 0.095089
v -0.190915 -0.062275 0.103217
v -0.276867 -0.050005 0.093819
v -0.276630 -0.049823 0.093819
v -0.276370 -0.049677 0.093819
v -0.276090 -0.049570 0.093819
v -0.275799 -0.049505 0.093819
v -0.275500 -0.049484 0.093819
v -0.277448 -0.052174 0.093819
v -0.277524 -0.051863 0.093828
v -0.277546 -0.051667 0.093838
v -0.277549 -0.051468 0.093848
v -0.277528 -0.051230 0.093857
v -0.277489 -0.051036 0.093860
v -0.277432 -0.050847 0.093858
v -0.277331 -0.050610 0.093850
v -0.277233 -0.050439 0.093840
v -0.277108 -0.050261 0.093829
v -0.276993 -0.050128 0.093822
v -0.275500 -0.053584 0.093819
v -0.275820 -0.053558 0.093819
v -0.276132 -0.053484 0.093819
v -0.276429 -0.053361 0.093819
v -0.276703 -0.053194 0.093819
v -0.276947 -0.052986 0.093819
v -0.277156 -0.052743 0.093819
v -0.277324 -0.052470 0.093819
v -0.275500 -0.053584 0.104487
v -0.275820 -0.053558 0.104487
v -0.276132 -0.053484 0.104487
v -0.276429 -0.053361 0.104487
v -0.276703 -0.053194 0.104487
v -0.276947 -0.052986 0.104487
v -0.277156 -0.052743 0.104487
v -0.277324 -0.052470 0.104487
v -0.277448 -0.052174 0.104487
v -0.276867 -0.050005 0.104487
v -0.277088 -0.050237 0.104479
v -0.277206 -0.050396 0.104469
v -0.277308 -0.050566 0.104459
v -0.277408 -0.050783 0.104450
v -0.277471 -0.050970 0.104446
v -0.277517 -0.051163 0.104448
v -0.277547 -0.051418 0.104456
v -0.277549 -0.051615 0.104466
v -0.277529 -0.051832 0.104477
v -0.277496 -0.052004 0.104484
v -0.276630 -0.049823 0.104487
v -0.276370 -0.049677 0.104487
v -0.276090 -0.049570 0.104487
v -0.275799 -0.049505 0.104487
v -0.275500 -0.049484 0.104487
v -0.271355 -0.085075 0.093819
v -0.271711 -0.085043 0.093819
v -0.272056 -0.084951 0.093819
v -0.272380 -0.084800 0.093819
v -0.272672 -0.084595 0.093819
v -0.272925 -0.084342 0.093819
v -0.273130 -0.084050 0.093819
v -0.273281 -0.083726 0.093819
v -0.273373 -0.083381 0.093819
v -0.273405 -0.083025 0.093819
v -0.273373 -0.082669 0.093819
v -0.273281 -0.082323 0.093819
v -0.273130 -0.082000 0.093819
v -0.272925 -0.081707 0.093819
v -0.272672 -0.081454 0.093819
v -0.272380 -0.081249 0.093819
v -0.272056 -0.081098 0.093819
v -0.271711 -0.081006 0.093819
v -0.271355 -0.080975 0.093819
v -0.271355 -0.085075 0.104487
v -0.271711 -0.085043 0.104487
v -0.272056 -0.084951 0.104487
v -0.272380 -0.084800 0.104487
v -0.272672 -0.084595 0.104487
v -0.272925 -0.084342 0.104487
v -0.273130 -0.084050 0.104487
v -0.273281 -0.083726 0.104487
v -0.273373 -0.083381 0.104487
v -0.273405 -0.083025 0.104487
v -0.273373 -0.082669 0.104487
v -0.273281 -0.082323 0.104487
v -0.273130 -0.082000 0.104487
v -0.272925 -0.081707 0.104487
v -0.272672 -0.081454 0.104487
v -0.272380 -0.081249 0.104487
v -0.272056 -0.081098 0.104487
v -0.271711 -0.081006 0.104487
v -0.271355 -0.080975 0.104487
v -0.246156 -0.104411 0.092548
v -0.246457 -0.104388 0.092561
v -0.246750 -0.104322 0.092598
v -0.247002 -0.104227 0.092650
v -0.247218 -0.104114 0.092711
v -0.247416 -0.103978 0.092781
v -0.247594 -0.103821 0.092858
v -0.247753 -0.103645 0.092941
v -0.247890 -0.103454 0.093026
v -0.248003 -0.103249 0.093112
v -0.248093 -0.103031 0.093197
v -0.248157 -0.102805 0.093279
v -0.248195 -0.102571 0.093358
v -0.248205 -0.102331 0.093431
v -0.248188 -0.102092 0.093498
v -0.248142 -0.101855 0.093558
v -0.248068 -0.101621 0.093610
v -0.247966 -0.101398 0.093654
v -0.247837 -0.101188 0.093691
v -0.247682 -0.100992 0.093721
v -0.247505 -0.100818 0.093745
v -0.247308 -0.100665 0.093763
v -0.247093 -0.100538 0.093776
v -0.246865 -0.100437 0.093785
v -0.246625 -0.100365 0.093791
v -0.246392 -0.100324 0.093794
v -0.246156 -0.100311 0.093795
v -0.246156 -0.104411 0.104487
v -0.246512 -0.104379 0.104487
v -0.246857 -0.104287 0.104487
v -0.247181 -0.104136 0.104487
v -0.247473 -0.103931 0.104487
v -0.247726 -0.103678 0.104487
v -0.247931 -0.103386 0.104487
v -0.248082 -0.103062 0.104487
v -0.248174 -0.102716 0.104487
v -0.248206 -0.102361 0.104487
v -0.248174 -0.102005 0.104487
v -0.248082 -0.101659 0.104487
v -0.247931 -0.101336 0.104487
v -0.247726 -0.101043 0.104487
v -0.247473 -0.100790 0.104487
v -0.247181 -0.100585 0.104487
v -0.246857 -0.100434 0.104487
v -0.246512 -0.100342 0.104487
v -0.246156 -0.100311 0.104487
v -0.216155 -0.099623 0.093819
v -0.216367 -0.099357 0.093819
v -0.216533 -0.099059 0.093819
v -0.216647 -0.098738 0.093819
v -0.216706 -0.098403 0.093819
v -0.216709 -0.098062 0.093819
v -0.216656 -0.097726 0.093819
v -0.216547 -0.097403 0.093819
v -0.216387 -0.097103 0.093819
v -0.216179 -0.096833 0.093819
v -0.215930 -0.096602 0.093819
v -0.215645 -0.096414 0.093819
v -0.215334 -0.096277 0.093819
v -0.215004 -0.096193 0.093819
v -0.214665 -0.096165 0.093819
v -0.214665 -0.100265 0.093819
v -0.214997 -0.100238 0.093819
v -0.215320 -0.100157 0.093819
v -0.215626 -0.100025 0.093819
v -0.215907 -0.099845 0.093819
v -0.214665 -0.100265 0.104487
v -0.215021 -0.100233 0.104487
v -0.215366 -0.100141 0.104487
v -0.215690 -0.099990 0.104487
v -0.215982 -0.099785 0.104487
v -0.216235 -0.099532 0.104487
v -0.216440 -0.099240 0.104487
v -0.216591 -0.098916 0.104487
v -0.216683 -0.098571 0.104487
v -0.216715 -0.098215 0.104487
v -0.216683 -0.097859 0.104487
v -0.216591 -0.097513 0.104487
v -0.216440 -0.097190 0.104487
v -0.216235 -0.096897 0.104487
v -0.215982 -0.096644 0.104487
v -0.215690 -0.096439 0.104487
v -0.215366 -0.096288 0.104487
v -0.215021 -0.096196 0.104487
v -0.214665 -0.096165 0.104487
v -0.195329 -0.075066 0.093819
v -0.195685 -0.075034 0.093819
v -0.196030 -0.074942 0.093819
v -0.196354 -0.074791 0.093819
v -0.196646 -0.074586 0.093819
v -0.196899 -0.074333 0.093819
v -0.197104 -0.074041 0.093819
v -0.197255 -0.073717 0.093819
v -0.197347 -0.073372 0.093819
v -0.197379 -0.073016 0.093819
v -0.197347 -0.072660 0.093819
v -0.197255 -0.072314 0.093819
v -0.197104 -0.071991 0.093819
v -0.196899 -0.071698 0.093819
v -0.196646 -0.071445 0.093819
v -0.196354 -0.071240 0.093819
v -0.196030 -0.071089 0.093819
v -0.195685 -0.070997 0.093819
v -0.195329 -0.070966 0.093819
v -0.195329 -0.075066 0.104487
v -0.195685 -0.075034 0.104487
v -0.196030 -0.074942 0.104487
v -0.196354 -0.074791 0.104487
v -0.196646 -0.074586 0.104487
v -0.196899 -0.074333 0.104487
v -0.197104 -0.074041 0.104487
v -0.197255 -0.073717 0.104487
v -0.197347 -0.073372 0.104487
v -0.197379 -0.073016 0.104487
v -0.197347 -0.072660 0.104487
v -0.197255 -0.072314 0.104487
v -0.197104 -0.071991 0.104487
v -0.196899 -0.071698 0.104487
v -0.196646 -0.071445 0.104487
v -0.196354 -0.071240 0.104487
v -0.196030 -0.071089 0.104487
v -0.195685 -0.070997 0.104487
v -0.195329 -0.070966 0.104487
v -0.199475 -0.043575 0.093819
v -0.199830 -0.043543 0.093819
v -0.200176 -0.043451 0.093819
v -0.200500 -0.043300 0.093819
v -0.200792 -0.043095 0.093819
v -0.201045 -0.042842 0.093819
v -0.201250 -0.042550 0.093819
v -0.201401 -0.042226 0.093819
v -0.201493 -0.041881 0.093819
v -0.201525 -0.041525 0.093819
v -0.201493 -0.041169 0.093819
v -0.201401 -0.040823 0.093819
v -0.201250 -0.040500 0.093819
v -0.201045 -0.040207 0.093819
v -0.200792 -0.039954 0.093819
v -0.200500 -0.039749 0.093819
v -0.200176 -0.039598 0.093819
v -0.199830 -0.039506 0.093819
v -0.199475 -0.039475 0.093819
v -0.199475 -0.043575 0.104487
v -0.199830 -0.043543 0.104487
v -0.200176 -0.043451 0.104487
v -0.200500 -0.043300 0.104487
v -0.200792 -0.043095 0.104487
v -0.201045 -0.042842 0.104487
v -0.201250 -0.042550 0.104487
v -0.201401 -0.042226 0.104487
v -0.201493 -0.041881 0.104487
v -0.201525 -0.041525 0.104487
v -0.201493 -0.041169 0.104487
v -0.201401 -0.040823 0.104487
v -0.201250 -0.040500 0.104487
v -0.201045 -0.040207 0.104487
v -0.200792 -0.039954 0.104487
v -0.200500 -0.039749 0.104487
v -0.200176 -0.039598 0.104487
v -0.199830 -0.039506 0.104487
v -0.199475 -0.039475 0.104487
v -0.225314 -0.020241 0.093819
v -0.225104 -0.020184 0.093823
v -0.224890 -0.020150 0.093833
v -0.224674 -0.020139 0.093845
v -0.224674 -0.024239 0.093819
v -0.225013 -0.024210 0.093819
v -0.225342 -0.024127 0.093819
v -0.225653 -0.023989 0.093819
v -0.225938 -0.023803 0.093819
v -0.226187 -0.023571 0.093819
v -0.226395 -0.023302 0.093819
v -0.226555 -0.023002 0.093819
v -0.226664 -0.022680 0.093819
v -0.226718 -0.022344 0.093819
v -0.226715 -0.022004 0.093819
v -0.226657 -0.021669 0.093819
v -0.226543 -0.021348 0.093819
v -0.226378 -0.021050 0.093819
v -0.226167 -0.020784 0.093819
v -0.225914 -0.020556 0.093819
v -0.225627 -0.020374 0.093819
v -0.224674 -0.024239 0.104487
v -0.225013 -0.024210 0.104487
v -0.225342 -0.024127 0.104487
v -0.225653 -0.023989 0.104487
v -0.225938 -0.023803 0.104487
v -0.226187 -0.023571 0.104487
v -0.226395 -0.023302 0.104487
v -0.226555 -0.023002 0.104487
v -0.226664 -0.022680 0.104487
v -0.226718 -0.022344 0.104487
v -0.226715 -0.022004 0.104487
v -0.226657 -0.021669 0.104487
v -0.226543 -0.021348 0.104487
v -0.226378 -0.021050 0.104487
v -0.226167 -0.020784 0.104487
v -0.225914 -0.020556 0.104487
v -0.225627 -0.020374 0.104487
v -0.225314 -0.020241 0.104487
v -0.224674 -0.020139 0.104462
v -0.224889 -0.020150 0.104473
v -0.225103 -0.020184 0.104483
v -0.244762 -0.099623 0.093819
v -0.250959 -0.097497 0.093819
v -0.256706 -0.094351 0.093819
v -0.261836 -0.090277 0.093819
v -0.266202 -0.085392 0.093819
v -0.269675 -0.079837 0.093819
v -0.272157 -0.073774 0.093819
v -0.273575 -0.067378 0.093819
v -0.273888 -0.060834 0.093819
v -0.273086 -0.054331 0.093819
v -0.271194 -0.048059 0.093819
v -0.268266 -0.042199 0.093819
v -0.264386 -0.036919 0.093819
v -0.259668 -0.032374 0.093819
v -0.254247 -0.028695 0.093819
v -0.248281 -0.025988 0.093819
v -0.241942 -0.024332 0.093819
v -0.235415 -0.023775 0.093819
v -0.235415 -0.100775 0.093819
v -0.238558 -0.100646 0.093819
v -0.241681 -0.100261 0.093819
v -0.235415 -0.100775 0.104487
v -0.242100 -0.100190 0.104487
v -0.248582 -0.098453 0.104487
v -0.254665 -0.095617 0.104487
v -0.260162 -0.091767 0.104487
v -0.264907 -0.087022 0.104487
v -0.268757 -0.081525 0.104487
v -0.271593 -0.075442 0.104487
v -0.273330 -0.068960 0.104487
v -0.273915 -0.062275 0.104487
v -0.273330 -0.055589 0.104487
v -0.271593 -0.049107 0.104487
v -0.268757 -0.043025 0.104487
v -0.264907 -0.037527 0.104487
v -0.260162 -0.032782 0.104487
v -0.254665 -0.028933 0.104487
v -0.248582 -0.026096 0.104487
v -0.242100 -0.024359 0.104487
v -0.235415 -0.023775 0.104487
v -0.278645 -0.062275 0.104487
v -0.278645 -0.109275 0.104487
v -0.277448 -0.052174 0.104487
v -0.278111 -0.055506 0.104487
v -0.278511 -0.058880 0.104487
v -0.275500 -0.053584 0.104487
v -0.275820 -0.053558 0.104487
v -0.276132 -0.053484 0.104487
v -0.276429 -0.053361 0.104487
v -0.276703 -0.053194 0.104487
v -0.276947 -0.052986 0.104487
v -0.277156 -0.052743 0.104487
v -0.277324 -0.052470 0.104487
v -0.275500 -0.049484 0.104487
v -0.275145 -0.049515 0.104487
v -0.274799 -0.049607 0.104487
v -0.274475 -0.049758 0.104487
v -0.274183 -0.049963 0.104487
v -0.273930 -0.050216 0.104487
v -0.273725 -0.050509 0.104487
v -0.273574 -0.050832 0.104487
v -0.273482 -0.051178 0.104487
v -0.273450 -0.051534 0.104487
v -0.273482 -0.051890 0.104487
v -0.273574 -0.052235 0.104487
v -0.273725 -0.052559 0.104487
v -0.273930 -0.052851 0.104487
v -0.274183 -0.053104 0.104487
v -0.274475 -0.053309 0.104487
v -0.274799 -0.053460 0.104487
v -0.275145 -0.053552 0.104487
v -0.276867 -0.050005 0.104487
v -0.276630 -0.049823 0.104487
v -0.276370 -0.049677 0.104487
v -0.276090 -0.049570 0.104487
v -0.275799 -0.049505 0.104487
v -0.257994 -0.025410 0.104487
v -0.263140 -0.029106 0.104487
v -0.267691 -0.033515 0.104487
v -0.271548 -0.038542 0.104487
v -0.274628 -0.044078 0.104487
v -0.256165 -0.028385 0.104487
v -0.256511 -0.028355 0.104487
v -0.256848 -0.028267 0.104487
v -0.257165 -0.028124 0.104487
v -0.257453 -0.027929 0.104487
v -0.257704 -0.027688 0.104487
v -0.257911 -0.027409 0.104487
v -0.258067 -0.027098 0.104487
v -0.258169 -0.026765 0.104487
v -0.258213 -0.026420 0.104487
v -0.258198 -0.026073 0.104487
v -0.258124 -0.025733 0.104487
v -0.256050 -0.024288 0.104487
v -0.255703 -0.024337 0.104487
v -0.255369 -0.024445 0.104487
v -0.255058 -0.024609 0.104487
v -0.254780 -0.024823 0.104487
v -0.254542 -0.025081 0.104487
v -0.254352 -0.025376 0.104487
v -0.254215 -0.025699 0.104487
v -0.254136 -0.026041 0.104487
v -0.254115 -0.026392 0.104487
v -0.254155 -0.026740 0.104487
v -0.254254 -0.027077 0.104487
v -0.254409 -0.027392 0.104487
v -0.254615 -0.027676 0.104487
v -0.254866 -0.027921 0.104487
v -0.255156 -0.028119 0.104487
v -0.255475 -0.028265 0.104487
v -0.255815 -0.028354 0.104487
v -0.225314 -0.020241 0.104487
v -0.231566 -0.019216 0.104487
v -0.237901 -0.019116 0.104487
v -0.244183 -0.019943 0.104487
v -0.250276 -0.021679 0.104487
v -0.224674 -0.024239 0.104487
v -0.225013 -0.024210 0.104487
v -0.225342 -0.024127 0.104487
v -0.225653 -0.023989 0.104487
v -0.225938 -0.023803 0.104487
v -0.226187 -0.023571 0.104487
v -0.226395 -0.023302 0.104487
v -0.226555 -0.023002 0.104487
v -0.226664 -0.022680 0.104487
v -0.226718 -0.022344 0.104487
v -0.226715 -0.022004 0.104487
v -0.226657 -0.021669 0.104487
v -0.226543 -0.021348 0.104487
v -0.226378 -0.021050 0.104487
v -0.226167 -0.020784 0.104487
v -0.225914 -0.020556 0.104487
v -0.225627 -0.020374 0.104487
v -0.223145 -0.020822 0.104487
v -0.222942 -0.021091 0.104487
v -0.222786 -0.021389 0.104487
v -0.222681 -0.021708 0.104487
v -0.222629 -0.022040 0.104487
v -0.222632 -0.022377 0.104487
v -0.222691 -0.022708 0.104487
v -0.222802 -0.023026 0.104487
v -0.222964 -0.023321 0.104487
v -0.223173 -0.023585 0.104487
v -0.223421 -0.023812 0.104487
v -0.223703 -0.023995 0.104487
v -0.224012 -0.024129 0.104487
v -0.224338 -0.024211 0.104487
v -0.198550 -0.039695 0.104487
v -0.202246 -0.034549 0.104487
v -0.206655 -0.029999 0.104487
v -0.211682 -0.026142 0.104487
v -0.217218 -0.023061 0.104487
v -0.199475 -0.039475 0.104487
v -0.199156 -0.039499 0.104487
v -0.198845 -0.039573 0.104487
v -0.199475 -0.043575 0.104487
v -0.199830 -0.043543 0.104487
v -0.200176 -0.043451 0.104487
v -0.200500 -0.043300 0.104487
v -0.200792 -0.043095 0.104487
v -0.201045 -0.042842 0.104487
v -0.201250 -0.042550 0.104487
v -0.201401 -0.042226 0.104487
v -0.201493 -0.041881 0.104487
v -0.201525 -0.041525 0.104487
v -0.201493 -0.041169 0.104487
v -0.201401 -0.040823 0.104487
v -0.201250 -0.040500 0.104487
v -0.201045 -0.040207 0.104487
v -0.200792 -0.039954 0.104487
v -0.200500 -0.039749 0.104487
v -0.200176 -0.039598 0.104487
v -0.199830 -0.039506 0.104487
v -0.197428 -0.041639 0.104487
v -0.197476 -0.041980 0.104487
v -0.197580 -0.042309 0.104487
v -0.197738 -0.042615 0.104487
v -0.197946 -0.042890 0.104487
v -0.198196 -0.043127 0.104487
v -0.198483 -0.043319 0.104487
v -0.198797 -0.043459 0.104487
v -0.199131 -0.043546 0.104487
v -0.192185 -0.062275 0.104487
v -0.192778 -0.055137 0.104487
v -0.194542 -0.048194 0.104487
v -0.192185 -0.109275 0.104487
v -0.195329 -0.070966 0.104487
v -0.194973 -0.070997 0.104487
v -0.194627 -0.071089 0.104487
v -0.194304 -0.071240 0.104487
v -0.194011 -0.071445 0.104487
v -0.193758 -0.071698 0.104487
v -0.193553 -0.071991 0.104487
v -0.193402 -0.072314 0.104487
v -0.193310 -0.072660 0.104487
v -0.193279 -0.073016 0.104487
v -0.193310 -0.073372 0.104487
v -0.193402 -0.073717 0.104487
v -0.193553 -0.074041 0.104487
v -0.193758 -0.074333 0.104487
v -0.194011 -0.074586 0.104487
v -0.194304 -0.074791 0.104487
v -0.194627 -0.074942 0.104487
v -0.194973 -0.075034 0.104487
v -0.195329 -0.075066 0.104487
v -0.195685 -0.075034 0.104487
v -0.196030 -0.074942 0.104487
v -0.196354 -0.074791 0.104487
v -0.196646 -0.074586 0.104487
v -0.196899 -0.074333 0.104487
v -0.197104 -0.074041 0.104487
v -0.197255 -0.073717 0.104487
v -0.197347 -0.073372 0.104487
v -0.197379 -0.073016 0.104487
v -0.197347 -0.072660 0.104487
v -0.197255 -0.072314 0.104487
v -0.197104 -0.071991 0.104487
v -0.196899 -0.071698 0.104487
v -0.196646 -0.071445 0.104487
v -0.196354 -0.071240 0.104487
v -0.196030 -0.071089 0.104487
v -0.195685 -0.070997 0.104487
v -0.214665 -0.096165 0.104487
v -0.214309 -0.096196 0.104487
v -0.213963 -0.096288 0.104487
v -0.213640 -0.096439 0.104487
v -0.213347 -0.096644 0.104487
v -0.213094 -0.096897 0.104487
v -0.212889 -0.097190 0.104487
v -0.212738 -0.097513 0.104487
v -0.212646 -0.097859 0.104487
v -0.212615 -0.098215 0.104487
v -0.212646 -0.098571 0.104487
v -0.212738 -0.098916 0.104487
v -0.212889 -0.099240 0.104487
v -0.213094 -0.099532 0.104487
v -0.213347 -0.099785 0.104487
v -0.213640 -0.099990 0.104487
v -0.213963 -0.100141 0.104487
v -0.214309 -0.100233 0.104487
v -0.214665 -0.100265 0.104487
v -0.215021 -0.100233 0.104487
v -0.215366 -0.100141 0.104487
v -0.215690 -0.099990 0.104487
v -0.215982 -0.099785 0.104487
v -0.216235 -0.099532 0.104487
v -0.216440 -0.099240 0.104487
v -0.216591 -0.098916 0.104487
v -0.216683 -0.098571 0.104487
v -0.216715 -0.098215 0.104487
v -0.216683 -0.097859 0.104487
v -0.216591 -0.097513 0.104487
v -0.216440 -0.097190 0.104487
v -0.216235 -0.096897 0.104487
v -0.215982 -0.096644 0.104487
v -0.215690 -0.096439 0.104487
v -0.215366 -0.096288 0.104487
v -0.215021 -0.096196 0.104487
v -0.246156 -0.100311 0.104487
v -0.245800 -0.100342 0.104487
v -0.245454 -0.100434 0.104487
v -0.245131 -0.100585 0.104487
v -0.244838 -0.100790 0.104487
v -0.244585 -0.101043 0.104487
v -0.244380 -0.101336 0.104487
v -0.244229 -0.101659 0.104487
v -0.244137 -0.102005 0.104487
v -0.244106 -0.102361 0.104487
v -0.244137 -0.102716 0.104487
v -0.244229 -0.103062 0.104487
v -0.244380 -0.103386 0.104487
v -0.244585 -0.103678 0.104487
v -0.244838 -0.103931 0.104487
v -0.245131 -0.104136 0.104487
v -0.245454 -0.104287 0.104487
v -0.245800 -0.104379 0.104487
v -0.246156 -0.104411 0.104487
v -0.246512 -0.104379 0.104487
v -0.246857 -0.104287 0.104487
v -0.247181 -0.104136 0.104487
v -0.247473 -0.103931 0.104487
v -0.247726 -0.103678 0.104487
v -0.247931 -0.103386 0.104487
v -0.248082 -0.103062 0.104487
v -0.248174 -0.102716 0.104487
v -0.248206 -0.102361 0.104487
v -0.248174 -0.102005 0.104487
v -0.248082 -0.101659 0.104487
v -0.247931 -0.101336 0.104487
v -0.247726 -0.101043 0.104487
v -0.247473 -0.100790 0.104487
v -0.247181 -0.100585 0.104487
v -0.246857 -0.100434 0.104487
v -0.246512 -0.100342 0.104487
v -0.271355 -0.080975 0.104487
v -0.270999 -0.081006 0.104487
v -0.270653 -0.081098 0.104487
v -0.270330 -0.081249 0.104487
v -0.270037 -0.081454 0.104487
v -0.269784 -0.081707 0.104487
v -0.269579 -0.082000 0.104487
v -0.269428 -0.082323 0.104487
v -0.269336 -0.082669 0.104487
v -0.269305 -0.083025 0.104487
v -0.269336 -0.083381 0.104487
v -0.269428 -0.083726 0.104487
v -0.269579 -0.084050 0.104487
v -0.269784 -0.084342 0.104487
v -0.270037 -0.084595 0.104487
v -0.270330 -0.084800 0.104487
v -0.270653 -0.084951 0.104487
v -0.270999 -0.085043 0.104487
v -0.271355 -0.085075 0.104487
v -0.271711 -0.085043 0.104487
v -0.272056 -0.084951 0.104487
v -0.272380 -0.084800 0.104487
v -0.272672 -0.084595 0.104487
v -0.272925 -0.084342 0.104487
v -0.273130 -0.084050 0.104487
v -0.273281 -0.083726 0.104487
v -0.273373 -0.083381 0.104487
v -0.273405 -0.083025 0.104487
v -0.273373 -0.082669 0.104487
v -0.273281 -0.082323 0.104487
v -0.273130 -0.082000 0.104487
v -0.272925 -0.081707 0.104487
v -0.272672 -0.081454 0.104487
v -0.272380 -0.081249 0.104487
v -0.272056 -0.081098 0.104487
v -0.271711 -0.081006 0.104487
v -0.235415 -0.023775 0.104487
v -0.228729 -0.024359 0.104487
v -0.222247 -0.026096 0.104487
v -0.216165 -0.028933 0.104487
v -0.210667 -0.032782 0.104487
v -0.205922 -0.037527 0.104487
v -0.202073 -0.043025 0.104487
v -0.199236 -0.049107 0.104487
v -0.197499 -0.055589 0.104487
v -0.196915 -0.062275 0.104487
v -0.197499 -0.068960 0.104487
v -0.199236 -0.075442 0.104487
v -0.202073 -0.081525 0.104487
v -0.205922 -0.087022 0.104487
v -0.210667 -0.091767 0.104487
v -0.216165 -0.095617 0.104487
v -0.222247 -0.098453 0.104487
v -0.228729 -0.100190 0.104487
v -0.235415 -0.100775 0.104487
v -0.242100 -0.100190 0.104487
v -0.248582 -0.098453 0.104487
v -0.254665 -0.095617 0.104487
v -0.260162 -0.091767 0.104487
v -0.264907 -0.087022 0.104487
v -0.268757 -0.081525 0.104487
v -0.271593 -0.075442 0.104487
v -0.273330 -0.068960 0.104487
v -0.273915 -0.062275 0.104487
v -0.273330 -0.055589 0.104487
v -0.271593 -0.049107 0.104487
v -0.268757 -0.043025 0.104487
v -0.264907 -0.037527 0.104487
v -0.260162 -0.032782 0.104487
v -0.254665 -0.028933 0.104487
v -0.248582 -0.026096 0.104487
v -0.242100 -0.024359 0.104487
v -0.276867 -0.050005 0.093819
v -0.276630 -0.049823 0.093819
v -0.276370 -0.049677 0.093819
v -0.276090 -0.049570 0.093819
v -0.275799 -0.049505 0.093819
v -0.275500 -0.049484 0.093819
v -0.274628 -0.044078 0.093819
v -0.271548 -0.038542 0.093819
v -0.267691 -0.033515 0.093819
v -0.263140 -0.029106 0.093819
v -0.257994 -0.025410 0.093819
v -0.256165 -0.028385 0.093819
v -0.256511 -0.028355 0.093819
v -0.256848 -0.028267 0.093819
v -0.257165 -0.028124 0.093819
v -0.257453 -0.027929 0.093819
v -0.257704 -0.027688 0.093819
v -0.257911 -0.027409 0.093819
v -0.258067 -0.027098 0.093819
v -0.258169 -0.026765 0.093819
v -0.258213 -0.026420 0.093819
v -0.258198 -0.026073 0.093819
v -0.258124 -0.025733 0.093819
v -0.256050 -0.024288 0.093819
v -0.255703 -0.024337 0.093819
v -0.255369 -0.024445 0.093819
v -0.255058 -0.024609 0.093819
v -0.254780 -0.024823 0.093819
v -0.254542 -0.025081 0.093819
v -0.254352 -0.025376 0.093819
v -0.254215 -0.025699 0.093819
v -0.254136 -0.026041 0.093819
v -0.254115 -0.026392 0.093819
v -0.254155 -0.026740 0.093819
v -0.254254 -0.027077 0.093819
v -0.254409 -0.027392 0.093819
v -0.254615 -0.027676 0.093819
v -0.254866 -0.027921 0.093819
v -0.255156 -0.028119 0.093819
v -0.255475 -0.028265 0.093819
v -0.255815 -0.028354 0.093819
v -0.250276 -0.021679 0.093819
v -0.244183 -0.019943 0.093819
v -0.237901 -0.019116 0.093819
v -0.231566 -0.019216 0.093819
v -0.225314 -0.020241 0.093819
v -0.224674 -0.024239 0.093819
v -0.225013 -0.024210 0.093819
v -0.225342 -0.024127 0.093819
v -0.225653 -0.023989 0.093819
v -0.225938 -0.023803 0.093819
v -0.226187 -0.023571 0.093819
v -0.226395 -0.023302 0.093819
v -0.226555 -0.023002 0.093819
v -0.226664 -0.022680 0.093819
v -0.226718 -0.022344 0.093819
v -0.226715 -0.022004 0.093819
v -0.226657 -0.021669 0.093819
v -0.226543 -0.021348 0.093819
v -0.226378 -0.021050 0.093819
v -0.226167 -0.020784 0.093819
v -0.225914 -0.020556 0.093819
v -0.225627 -0.020374 0.093819
v -0.223145 -0.020822 0.093819
v -0.222942 -0.021091 0.093819
v -0.222786 -0.021389 0.093819
v -0.222681 -0.021708 0.093819
v -0.222629 -0.022040 0.093819
v -0.222632 -0.022377 0.093819
v -0.222691 -0.022708 0.093819
v -0.222802 -0.023026 0.093819
v -0.222964 -0.023321 0.093819
v -0.223173 -0.023585 0.093819
v -0.223421 -0.023812 0.093819
v -0.223703 -0.023995 0.093819
v -0.224012 -0.024129 0.093819
v -0.224338 -0.024211 0.093819
v -0.217218 -0.023061 0.093819
v -0.211682 -0.026142 0.093819
v -0.206655 -0.029999 0.093819
v -0.202246 -0.034549 0.093819
v -0.198550 -0.039695 0.093819
v -0.199475 -0.039475 0.093819
v -0.199156 -0.039499 0.093819
v -0.198845 -0.039573 0.093819
v -0.199475 -0.043575 0.093819
v -0.199830 -0.043543 0.093819
v -0.200176 -0.043451 0.093819
v -0.200500 -0.043300 0.093819
v -0.200792 -0.043095 0.093819
v -0.201045 -0.042842 0.093819
v -0.201250 -0.042550 0.093819
v -0.201401 -0.042226 0.093819
v -0.201493 -0.041881 0.093819
v -0.201525 -0.041525 0.093819
v -0.201493 -0.041169 0.093819
v -0.201401 -0.040823 0.093819
v -0.201250 -0.040500 0.093819
v -0.201045 -0.040207 0.093819
v -0.200792 -0.039954 0.093819
v -0.200500 -0.039749 0.093819
v -0.200176 -0.039598 0.093819
v -0.199830 -0.039506 0.093819
v -0.197428 -0.041639 0.093819
v -0.197476 -0.041980 0.093819
v -0.197580 -0.042309 0.093819
v -0.197738 -0.042615 0.093819
v -0.197946 -0.042890 0.093819
v -0.198196 -0.043127 0.093819
v -0.198483 -0.043319 0.093819
v -0.198797 -0.043459 0.093819
v -0.199131 -0.043546 0.093819
v -0.194542 -0.048194 0.093819
v -0.192778 -0.055137 0.093819
v -0.192185 -0.062275 0.093819
v -0.192185 -0.099623 0.093819
v -0.213175 -0.099623 0.093819
v -0.214665 -0.096165 0.093819
v -0.214325 -0.096193 0.093819
v -0.213995 -0.096277 0.093819
v -0.213684 -0.096414 0.093819
v -0.213399 -0.096602 0.093819
v -0.213150 -0.096833 0.093819
v -0.212942 -0.097103 0.093819
v -0.212782 -0.097403 0.093819
v -0.212674 -0.097726 0.093819
v -0.212620 -0.098062 0.093819
v -0.212623 -0.098403 0.093819
v -0.212683 -0.098738 0.093819
v -0.212797 -0.099059 0.093819
v -0.212962 -0.099357 0.093819
v -0.216155 -0.099623 0.093819
v -0.216367 -0.099357 0.093819
v -0.216533 -0.099059 0.093819
v -0.216647 -0.098738 0.093819
v -0.216706 -0.098403 0.093819
v -0.216709 -0.098062 0.093819
v -0.216656 -0.097726 0.093819
v -0.216547 -0.097403 0.093819
v -0.216387 -0.097103 0.093819
v -0.216179 -0.096833 0.093819
v -0.215930 -0.096602 0.093819
v -0.215645 -0.096414 0.093819
v -0.215334 -0.096277 0.093819
v -0.215004 -0.096193 0.093819
v -0.226067 -0.099623 0.093819
v -0.235415 -0.023775 0.093819
v -0.228887 -0.024332 0.093819
v -0.222548 -0.025988 0.093819
v -0.216582 -0.028695 0.093819
v -0.211161 -0.032374 0.093819
v -0.206443 -0.036919 0.093819
v -0.202563 -0.042199 0.093819
v -0.199635 -0.048059 0.093819
v -0.197743 -0.054331 0.093819
v -0.196942 -0.060834 0.093819
v -0.197254 -0.067378 0.093819
v -0.198672 -0.073774 0.093819
v -0.201154 -0.079837 0.093819
v -0.204627 -0.085392 0.093819
v -0.208993 -0.090277 0.093819
v -0.214123 -0.094351 0.093819
v -0.219870 -0.097497 0.093819
v -0.244762 -0.099623 0.093819
v -0.250959 -0.097497 0.093819
v -0.256706 -0.094351 0.093819
v -0.261836 -0.090277 0.093819
v -0.266202 -0.085392 0.093819
v -0.269675 -0.079837 0.093819
v -0.272157 -0.073774 0.093819
v -0.273575 -0.067378 0.093819
v -0.273888 -0.060834 0.093819
v -0.273086 -0.054331 0.093819
v -0.271194 -0.048059 0.093819
v -0.268266 -0.042199 0.093819
v -0.264386 -0.036919 0.093819
v -0.259668 -0.032374 0.093819
v -0.254247 -0.028695 0.093819
v -0.248281 -0.025988 0.093819
v -0.241942 -0.024332 0.093819
v -0.278645 -0.099623 0.093819
v -0.278645 -0.062275 0.093819
v -0.278511 -0.058880 0.093819
v -0.278111 -0.055506 0.093819
v -0.277448 -0.052174 0.093819
v -0.275500 -0.053584 0.093819
v -0.275820 -0.053558 0.093819
v -0.276132 -0.053484 0.093819
v -0.276429 -0.053361 0.093819
v -0.276703 -0.053194 0.093819
v -0.276947 -0.052986 0.093819
v -0.277156 -0.052743 0.093819
v -0.277324 -0.052470 0.093819
v -0.275145 -0.049515 0.093819
v -0.274799 -0.049607 0.093819
v -0.274475 -0.049758 0.093819
v -0.274183 -0.049963 0.093819
v -0.273930 -0.050216 0.093819
v -0.273725 -0.050509 0.093819
v -0.273574 -0.050832 0.093819
v -0.273482 -0.051178 0.093819
v -0.273450 -0.051534 0.093819
v -0.273482 -0.051890 0.093819
v -0.273574 -0.052235 0.093819
v -0.273725 -0.052559 0.093819
v -0.273930 -0.052851 0.093819
v -0.274183 -0.053104 0.093819
v -0.274475 -0.053309 0.093819
v -0.274799 -0.053460 0.093819
v -0.275145 -0.053552 0.093819
v -0.195329 -0.075066 0.093819
v -0.195685 -0.075034 0.093819
v -0.196030 -0.074942 0.093819
v -0.196354 -0.074791 0.093819
v -0.196646 -0.074586 0.093819
v -0.196899 -0.074333 0.093819
v -0.197104 -0.074041 0.093819
v -0.197255 -0.073717 0.093819
v -0.197347 -0.073372 0.093819
v -0.197379 -0.073016 0.093819
v -0.197347 -0.072660 0.093819
v -0.197255 -0.072314 0.093819
v -0.197104 -0.071991 0.093819
v -0.196899 -0.071698 0.093819
v -0.196646 -0.071445 0.093819
v -0.196354 -0.071240 0.093819
v -0.196030 -0.071089 0.093819
v -0.195685 -0.070997 0.093819
v -0.195329 -0.070966 0.093819
v -0.194973 -0.070997 0.093819
v -0.194627 -0.071089 0.093819
v -0.194304 -0.071240 0.093819
v -0.194011 -0.071445 0.093819
v -0.193758 -0.071698 0.093819
v -0.193553 -0.071991 0.093819
v -0.193402 -0.072314 0.093819
v -0.193310 -0.072660 0.093819
v -0.193279 -0.073016 0.093819
v -0.193310 -0.073372 0.093819
v -0.193402 -0.073717 0.093819
v -0.193553 -0.074041 0.093819
v -0.193758 -0.074333 0.093819
v -0.194011 -0.074586 0.093819
v -0.194304 -0.074791 0.093819
v -0.194627 -0.074942 0.093819
v -0.194973 -0.075034 0.093819
v -0.271355 -0.085075 0.093819
v -0.271711 -0.085043 0.093819
v -0.272056 -0.084951 0.093819
v -0.272380 -0.084800 0.093819
v -0.272672 -0.084595 0.093819
v -0.272925 -0.084342 0.093819
v -0.273130 -0.084050 0.093819
v -0.273281 -0.083726 0.093819
v -0.273373 -0.083381 0.093819
v -0.273405 -0.083025 0.093819
v -0.273373 -0.082669 0.093819
v -0.273281 -0.082323 0.093819
v -0.273130 -0.082000 0.093819
v -0.272925 -0.081707 0.093819
v -0.272672 -0.081454 0.093819
v -0.272380 -0.081249 0.093819
v -0.272056 -0.081098 0.093819
v -0.271711 -0.081006 0.093819
v -0.271355 -0.080975 0.093819
v -0.270999 -0.081006 0.093819
v -0.270653 -0.081098 0.093819
v -0.270330 -0.081249 0.093819
v -0.270037 -0.081454 0.093819
v -0.269784 -0.081707 0.093819
v -0.269579 -0.082000 0.093819
v -0.269428 -0.082323 0.093819
v -0.269336 -0.082669 0.093819
v -0.269305 -0.083025 0.093819
v -0.269336 -0.083381 0.093819
v -0.269428 -0.083726 0.093819
v -0.269579 -0.084050 0.093819
v -0.269784 -0.084342 0.093819
v -0.270037 -0.084595 0.093819
v -0.270330 -0.084800 0.093819
v -0.270653 -0.084951 0.093819
v -0.270999 -0.085043 0.093819
v -0.244762 -0.109275 0.084167
v -0.244762 -0.109152 0.085699
v -0.244762 -0.108788 0.087192
v -0.244762 -0.108192 0.088609
v -0.244762 -0.107378 0.089913
v -0.244762 -0.106368 0.091071
v -0.244762 -0.105187 0.092054
v -0.244762 -0.103864 0.092837
v -0.245018 -0.104066 0.092736
v -0.245308 -0.104227 0.092650
v -0.245592 -0.104331 0.092593
v -0.245860 -0.104389 0.092560
v -0.246007 -0.104405 0.092551
v -0.246156 -0.104411 0.092548
v -0.246457 -0.104388 0.092561
v -0.246750 -0.104322 0.092598
v -0.247002 -0.104227 0.092650
v -0.247218 -0.104114 0.092711
v -0.247416 -0.103978 0.092781
v -0.247594 -0.103821 0.092858
v -0.247753 -0.103645 0.092941
v -0.247890 -0.103454 0.093026
v -0.248003 -0.103249 0.093112
v -0.248093 -0.103031 0.093197
v -0.248157 -0.102805 0.093279
v -0.248195 -0.102571 0.093358
v -0.248205 -0.102331 0.093431
v -0.248188 -0.102092 0.093498
v -0.248142 -0.101855 0.093558
v -0.248068 -0.101621 0.093610
v -0.247966 -0.101398 0.093654
v -0.247837 -0.101188 0.093691
v -0.247682 -0.100992 0.093721
v -0.247505 -0.100818 0.093745
v -0.247308 -0.100665 0.093763
v -0.247093 -0.100538 0.093776
v -0.246865 -0.100437 0.093785
v -0.246625 -0.100365 0.093791
v -0.246392 -0.100324 0.093794
v -0.246156 -0.100311 0.093795
v -0.245822 -0.100338 0.093793
v -0.245497 -0.100419 0.093786
v -0.245190 -0.100552 0.093774
v -0.244967 -0.100691 0.093760
v -0.244762 -0.100857 0.093740
v -0.244762 -0.100447 0.093784
v -0.244762 -0.100035 0.093810
v -0.244762 -0.099623 0.093819
v -0.278645 -0.099623 0.093819
v -0.278645 -0.109275 0.084167
v -0.278645 -0.109128 0.085843
v -0.278645 -0.108692 0.087468
v -0.278645 -0.107981 0.088993
v -0.278645 -0.107016 0.090371
v -0.278645 -0.105827 0.091561
v -0.278645 -0.104449 0.092526
v -0.278645 -0.102924 0.093237
v -0.278645 -0.101299 0.093673
v -0.244762 -0.109275 0.084167
v -0.244762 -0.109152 0.085699
v -0.244762 -0.108788 0.087192
v -0.244762 -0.108192 0.088609
v -0.244762 -0.107378 0.089913
v -0.244762 -0.106368 0.091071
v -0.244762 -0.105187 0.092054
v -0.244762 -0.103864 0.092837
v -0.226067 -0.109275 0.084167
v -0.226067 -0.109128 0.085843
v -0.226067 -0.108692 0.087468
v -0.226067 -0.107981 0.088993
v -0.226067 -0.107016 0.090371
v -0.226067 -0.105827 0.091561
v -0.226067 -0.104449 0.092526
v -0.226067 -0.102924 0.093237
v -0.226067 -0.101299 0.093673
v -0.226067 -0.099623 0.093819
v -0.229148 -0.100261 0.093819
v -0.232271 -0.100646 0.093819
v -0.235415 -0.100775 0.093819
v -0.238558 -0.100646 0.093819
v -0.241681 -0.100261 0.093819
v -0.244762 -0.099623 0.093819
v -0.244762 -0.100857 0.093740
v -0.244762 -0.100447 0.093784
v -0.244762 -0.100035 0.093810
v -0.244563 -0.101069 0.093710
v -0.244398 -0.101306 0.093672
v -0.244267 -0.101564 0.093623
v -0.244175 -0.101834 0.093563
v -0.244121 -0.102113 0.093494
v -0.244106 -0.102393 0.093414
v -0.244129 -0.102671 0.093326
v -0.244189 -0.102941 0.093232
v -0.244285 -0.103198 0.093133
v -0.244414 -0.103441 0.093032
v -0.244573 -0.103664 0.092933
v -0.230669 -0.106743 0.090721
v -0.240161 -0.106743 0.090721
v -0.228597 -0.103486 0.093028
v -0.230682 -0.102689 0.093357
v -0.229898 -0.103715 0.092938
v -0.231459 -0.103852 0.092890
v -0.234365 -0.102916 0.093307
v -0.233844 -0.103972 0.092849
v -0.232776 -0.104968 0.092262
v -0.235415 -0.106843 0.090641
v -0.236464 -0.102916 0.093307
v -0.235415 -0.103995 0.092841
v -0.227604 -0.108837 0.087045
v -0.228371 -0.108636 0.087632
v -0.230691 -0.108168 0.088693
v -0.236986 -0.103972 0.092849
v -0.230704 -0.108665 0.087582
v -0.240148 -0.102689 0.093357
v -0.238054 -0.104968 0.092262
v -0.239370 -0.103851 0.092890
v -0.240932 -0.103715 0.092938
v -0.242013 -0.103397 0.093068
v -0.235415 -0.109021 0.086435
v -0.240139 -0.108168 0.088693
v -0.240126 -0.108665 0.087582
v -0.242466 -0.108312 0.088382
v -0.242458 -0.108636 0.087632
v -0.243225 -0.108852 0.086998
v -0.226067 -0.109275 0.084167
v -0.216155 -0.109275 0.084167
v -0.216155 -0.109128 0.085843
v -0.216155 -0.108692 0.087468
v -0.216155 -0.107981 0.088993
v -0.216155 -0.107016 0.090371
v -0.216155 -0.105827 0.091561
v -0.216155 -0.104449 0.092526
v -0.216155 -0.102924 0.093237
v -0.216155 -0.101299 0.093673
v -0.216155 -0.099623 0.093819
v -0.226067 -0.099623 0.093819
v -0.226067 -0.109128 0.085843
v -0.226067 -0.108692 0.087468
v -0.226067 -0.107981 0.088993
v -0.226067 -0.107016 0.090371
v -0.226067 -0.105827 0.091561
v -0.226067 -0.104449 0.092526
v -0.226067 -0.102924 0.093237
v -0.226067 -0.101299 0.093673
v -0.216155 -0.109275 0.084167
v -0.213175 -0.109275 0.084167
v -0.213175 -0.109128 0.085843
v -0.213175 -0.108692 0.087468
v -0.213175 -0.107981 0.088993
v -0.213175 -0.107016 0.090371
v -0.213175 -0.105827 0.091561
v -0.213175 -0.104449 0.092526
v -0.213175 -0.102924 0.093237
v -0.213175 -0.101299 0.093673
v -0.213175 -0.099623 0.093819
v -0.213422 -0.099845 0.093819
v -0.213703 -0.100025 0.093819
v -0.214009 -0.100157 0.093819
v -0.214332 -0.100238 0.093819
v -0.214665 -0.100265 0.093819
v -0.214997 -0.100238 0.093819
v -0.215320 -0.100157 0.093819
v -0.215626 -0.100025 0.093819
v -0.215907 -0.099845 0.093819
v -0.216155 -0.099623 0.093819
v -0.216155 -0.109128 0.085843
v -0.216155 -0.108692 0.087468
v -0.216155 -0.107981 0.088993
v -0.216155 -0.107016 0.090371
v -0.216155 -0.105827 0.091561
v -0.216155 -0.104449 0.092526
v -0.216155 -0.102924 0.093237
v -0.216155 -0.101299 0.093673
v -0.214187 -0.106648 0.090804
v -0.215557 -0.106589 0.090857
v -0.214664 -0.101868 0.093576
v -0.214664 -0.102636 0.093358
v -0.214664 -0.103400 0.093071
v -0.214664 -0.104122 0.092727
v -0.214664 -0.104823 0.092320
v -0.213175 -0.109275 0.084167
v -0.213175 -0.109128 0.085843
v -0.213175 -0.108692 0.087468
v -0.213175 -0.107981 0.088993
v -0.213175 -0.107016 0.090371
v -0.213175 -0.105827 0.091561
v -0.213175 -0.104449 0.092526
v -0.213175 -0.102924 0.093237
v -0.213175 -0.101299 0.093673
v -0.213175 -0.099623 0.093819
v -0.192185 -0.109275 0.084167
v -0.192185 -0.099623 0.093819
v -0.192185 -0.101299 0.093673
v -0.192185 -0.102924 0.093237
v -0.192185 -0.104449 0.092526
v -0.192185 -0.105827 0.091561
v -0.192185 -0.107016 0.090371
v -0.192185 -0.107981 0.088993
v -0.192185 -0.108692 0.087468
v -0.192185 -0.109128 0.085843
v -0.139515 -0.092765 0.062069
v -0.139515 -0.092780 0.062268
v -0.139515 -0.092827 0.062462
v -0.139515 -0.092903 0.062646
v -0.139515 -0.093007 0.062816
v -0.139515 -0.093137 0.062967
v -0.139515 -0.093288 0.063097
v -0.139515 -0.093458 0.063201
v -0.139515 -0.093642 0.063277
v -0.139515 -0.093836 0.063324
v -0.139515 -0.094035 0.063339
v -0.164915 -0.092765 0.062069
v -0.164915 -0.094035 0.063339
v -0.164915 -0.093814 0.063320
v -0.164915 -0.093600 0.063263
v -0.164915 -0.093400 0.063169
v -0.164915 -0.093218 0.063042
v -0.164915 -0.093062 0.062886
v -0.164915 -0.092935 0.062704
v -0.164915 -0.092841 0.062504
v -0.164915 -0.092784 0.062290
v -0.164915 -0.094035 0.063339
v -0.164915 -0.093814 0.063320
v -0.164915 -0.093600 0.063263
v -0.164915 -0.093400 0.063169
v -0.164915 -0.093218 0.063042
v -0.164915 -0.093062 0.062886
v -0.164915 -0.092935 0.062704
v -0.164915 -0.092841 0.062504
v -0.164915 -0.092784 0.062290
v -0.164915 -0.092765 0.062069
v -0.190315 -0.101020 0.059033
v -0.183965 -0.097191 0.060373
v -0.177719 -0.094706 0.061306
v -0.171792 -0.093315 0.061850
v -0.168377 -0.092903 0.062014
v -0.189876 -0.102047 0.060265
v -0.189984 -0.101883 0.060222
v -0.190082 -0.101723 0.060148
v -0.190167 -0.101571 0.060047
v -0.190237 -0.101432 0.059920
v -0.190290 -0.101307 0.059771
v -0.190325 -0.101202 0.059603
v -0.190341 -0.101117 0.059421
v -0.190337 -0.101056 0.059230
v -0.171302 -0.094512 0.063141
v -0.177524 -0.095927 0.062563
v -0.183433 -0.098233 0.061659
v -0.186733 -0.099995 0.060999
v -0.188557 -0.100580 0.060489
v -0.185691 -0.098904 0.061139
v -0.185532 -0.098377 0.060915
v -0.184559 -0.097864 0.061106
v -0.184017 -0.098030 0.061468
v -0.183840 -0.097505 0.061241
v -0.184304 -0.097450 0.060756
v -0.180971 -0.096667 0.061994
v -0.177129 -0.095332 0.062525
v -0.177942 -0.095581 0.062425
v -0.176313 -0.095100 0.062619
v -0.176693 -0.094774 0.062302
v -0.177235 -0.094648 0.061822
v -0.178055 -0.094901 0.061723
v -0.176411 -0.094412 0.061915
v -0.173175 -0.094365 0.062919
v -0.175044 -0.094341 0.062476
v -0.173444 -0.093704 0.062195
v -0.171515 -0.094075 0.063039
v -0.171712 -0.093675 0.062746
v -0.171768 -0.093401 0.062316
v -0.170063 -0.093161 0.062412
v -0.168234 -0.093541 0.063124
v -0.166653 -0.093087 0.062860
v -0.166652 -0.093171 0.062953
v -0.166656 -0.092870 0.062473
v -0.189557 -0.100573 0.059644
v -0.187740 -0.100109 0.060696
v -0.188632 -0.100427 0.060377
v -0.188595 -0.100504 0.060437
v -0.188695 -0.100278 0.060228
v -0.188665 -0.100352 0.060308
v -0.186167 -0.099171 0.061040
v -0.186422 -0.098589 0.060341
v -0.184796 -0.097701 0.060664
v -0.183659 -0.097854 0.061535
v -0.183943 -0.097271 0.060822
v -0.182562 -0.096741 0.061279
v -0.179444 -0.095489 0.061760
v -0.178330 -0.095273 0.062104
v -0.179568 -0.095698 0.061936
v -0.178028 -0.095175 0.062142
v -0.177620 -0.095047 0.062193
v -0.177210 -0.094924 0.062242
v -0.176388 -0.094688 0.062336
v -0.173329 -0.093964 0.062628
v -0.170616 -0.093945 0.063093
v -0.169899 -0.093425 0.062848
v -0.170807 -0.093540 0.062801
v -0.169150 -0.093062 0.062452
v -0.168320 -0.093061 0.062636
v -0.166655 -0.093017 0.062765
v -0.166655 -0.092958 0.062669
v -0.166656 -0.092909 0.062572
v -0.165778 -0.093576 0.063246
v -0.189872 -0.101100 0.059958
v -0.189098 -0.100528 0.060115
v -0.187133 -0.099293 0.060580
v -0.186659 -0.099220 0.060830
v -0.186337 -0.098827 0.060750
v -0.186098 -0.098691 0.060800
v -0.183046 -0.097446 0.061597
v -0.178562 -0.095783 0.062344
v -0.171315 -0.093331 0.062344
v -0.166218 -0.093176 0.062978
v -0.189901 -0.101564 0.060185
v -0.189523 -0.101274 0.060271
v -0.186958 -0.099631 0.060870
v -0.189876 -0.102047 0.060265
v -0.189984 -0.101883 0.060222
v -0.190082 -0.101723 0.060148
v -0.190167 -0.101571 0.060047
v -0.190237 -0.101432 0.059920
v -0.190290 -0.101307 0.059771
v -0.190325 -0.101202 0.059603
v -0.190341 -0.101117 0.059421
v -0.190337 -0.101056 0.059230
v -0.190315 -0.101020 0.059033
v -0.215715 -0.109275 0.048459
v -0.208703 -0.108702 0.052248
v -0.202287 -0.107135 0.055102
v -0.196618 -0.104825 0.057179
v -0.193413 -0.103074 0.058180
v -0.205665 -0.109275 0.054924
v -0.209209 -0.109275 0.053071
v -0.212533 -0.109275 0.050868
v -0.194910 -0.105181 0.058869
v -0.200191 -0.107583 0.057102
v -0.191885 -0.102220 0.059088
v -0.195719 -0.105134 0.058540
v -0.195934 -0.104832 0.058225
v -0.196458 -0.105096 0.058056
v -0.198172 -0.105636 0.057093
v -0.196578 -0.104890 0.057631
v -0.198318 -0.106366 0.057685
v -0.199974 -0.107047 0.057099
v -0.199700 -0.106539 0.056943
v -0.201033 -0.106786 0.056050
v -0.200811 -0.107362 0.056792
v -0.201857 -0.107074 0.055730
v -0.201355 -0.107159 0.056327
v -0.201653 -0.107660 0.056473
v -0.202687 -0.107346 0.055400
v -0.204370 -0.108496 0.055387
v -0.203030 -0.107710 0.055669
v -0.204088 -0.108021 0.055236
v -0.208991 -0.108869 0.052693
v -0.190886 -0.102249 0.059930
v -0.191829 -0.102444 0.059436
v -0.192671 -0.102705 0.058825
v -0.191879 -0.102264 0.059177
v -0.191868 -0.102316 0.059264
v -0.191852 -0.102376 0.059350
v -0.194300 -0.103952 0.058729
v -0.193895 -0.103447 0.058470
v -0.195504 -0.104342 0.057977
v -0.194628 -0.104554 0.058876
v -0.196318 -0.104761 0.057716
v -0.195455 -0.104998 0.058623
v -0.198286 -0.105948 0.057444
v -0.200549 -0.106867 0.056631
v -0.200964 -0.107019 0.056476
v -0.201797 -0.107312 0.056157
v -0.202215 -0.107451 0.055994
v -0.203210 -0.107507 0.055188
v -0.204832 -0.107964 0.054506
v -0.204905 -0.108638 0.055163
v -0.206560 -0.109035 0.054445
v -0.207360 -0.108803 0.053806
v -0.208063 -0.108675 0.053045
v -0.190658 -0.101633 0.059734
v -0.191430 -0.102198 0.059561
v -0.195114 -0.104402 0.058482
v -0.195523 -0.104619 0.058354
v -0.204644 -0.108172 0.055003
v -0.204908 -0.108242 0.054891
v -0.205328 -0.108535 0.054869
v -0.205727 -0.108445 0.054537
v -0.190916 -0.101545 0.059315
v -0.195041 -0.104778 0.058751
v -0.205733 -0.108845 0.054808
v -0.192185 -0.109275 0.084167
v -0.191340 -0.109275 0.086678
v -0.191019 -0.109275 0.088085
v -0.190915 -0.109275 0.089279
v -0.192185 -0.099623 0.093819
v -0.192185 -0.101299 0.093673
v -0.192185 -0.102924 0.093237
v -0.192185 -0.104449 0.092526
v -0.192185 -0.105827 0.091561
v -0.192185 -0.107016 0.090371
v -0.192185 -0.107981 0.088993
v -0.192185 -0.108692 0.087468
v -0.192185 -0.109128 0.085843
v -0.190915 -0.099623 0.095089
v -0.190934 -0.099623 0.094869
v -0.190991 -0.099623 0.094655
v -0.191085 -0.099623 0.094454
v -0.191212 -0.099623 0.094273
v -0.191368 -0.099623 0.094116
v -0.191550 -0.099623 0.093989
v -0.191750 -0.099623 0.093896
v -0.191964 -0.099623 0.093838
v -0.190915 -0.108371 0.090706
v -0.190915 -0.107258 0.091977
v -0.190915 -0.105962 0.093061
v -0.190915 -0.104515 0.093932
v -0.190915 -0.102951 0.094570
v -0.190915 -0.101307 0.094959
v -0.190934 -0.101273 0.094741
v -0.190991 -0.101240 0.094529
v -0.191085 -0.101209 0.094331
v -0.191212 -0.101181 0.094152
v -0.191340 -0.101160 0.094021
v -0.191550 -0.101137 0.093872
v -0.191750 -0.101123 0.093779
v -0.191964 -0.101114 0.093723
v -0.190934 -0.102884 0.094360
v -0.190991 -0.102818 0.094156
v -0.191085 -0.102757 0.093965
v -0.191212 -0.102702 0.093792
v -0.191340 -0.102662 0.093666
v -0.191550 -0.102616 0.093522
v -0.191750 -0.102587 0.093433
v -0.191964 -0.102570 0.093379
v -0.190934 -0.104416 0.093735
v -0.190991 -0.104320 0.093544
v -0.191085 -0.104231 0.093364
v -0.191212 -0.104149 0.093202
v -0.191340 -0.104090 0.093084
v -0.191550 -0.104022 0.092949
v -0.191750 -0.103980 0.092865
v -0.191964 -0.103955 0.092814
v -0.190934 -0.105834 0.092881
v -0.190991 -0.105710 0.092707
v -0.191085 -0.105594 0.092544
v -0.191212 -0.105488 0.092396
v -0.190934 -0.106501 0.092365
v -0.191340 -0.105412 0.092288
v -0.190991 -0.106364 0.092201
v -0.191550 -0.105324 0.092165
v -0.191085 -0.106235 0.092047
v -0.191750 -0.105270 0.092089
v -0.191212 -0.106118 0.091909
v -0.191964 -0.105236 0.092042
v -0.190934 -0.107104 0.091819
v -0.191340 -0.106033 0.091807
v -0.190991 -0.106954 0.091666
v -0.191550 -0.105936 0.091691
v -0.191085 -0.106814 0.091523
v -0.191750 -0.105876 0.091620
v -0.191212 -0.106687 0.091393
v -0.191964 -0.105839 0.091576
v -0.191340 -0.106595 0.091298
v -0.190934 -0.107820 0.091046
v -0.191550 -0.106489 0.091190
v -0.190991 -0.107657 0.090908
v -0.191750 -0.106424 0.091124
v -0.191085 -0.107503 0.090780
v -0.191964 -0.106384 0.091083
v -0.191212 -0.107364 0.090663
v -0.191340 -0.107262 0.090578
v -0.191550 -0.107147 0.090481
v -0.191750 -0.107075 0.090421
v -0.191964 -0.107031 0.090384
v -0.190991 -0.108705 0.089411
v -0.191085 -0.108531 0.089311
v -0.191212 -0.108374 0.089220
v -0.191340 -0.108260 0.089154
v -0.191550 -0.108129 0.089078
v -0.191750 -0.108048 0.089031
v -0.191964 -0.107998 0.089003
v -0.191085 -0.109154 0.088036
v -0.191212 -0.108986 0.087968
v -0.191340 -0.108864 0.087918
v -0.191550 -0.108724 0.087861
v -0.191750 -0.108637 0.087826
v -0.191964 -0.108584 0.087804
v -0.191550 -0.109128 0.086640
v -0.191750 -0.109038 0.086616
v -0.191964 -0.108982 0.086602
v -0.191964 -0.109147 0.085847
v -0.190915 -0.099623 0.095089
v -0.190934 -0.099623 0.094869
v -0.190991 -0.099623 0.094655
v -0.191085 -0.099623 0.094454
v -0.191212 -0.099623 0.094273
v -0.191368 -0.099623 0.094116
v -0.191550 -0.099623 0.093989
v -0.191750 -0.099623 0.093896
v -0.191964 -0.099623 0.093838
v -0.192185 -0.099623 0.093819
v -0.192185 -0.062275 0.093819
v -0.190915 -0.062275 0.095089
v -0.190930 -0.062275 0.094890
v -0.190977 -0.062275 0.094697
v -0.191053 -0.062275 0.094513
v -0.191157 -0.062275 0.094343
v -0.191287 -0.062275 0.094191
v -0.191438 -0.062275 0.094062
v -0.191608 -0.062275 0.093958
v -0.191792 -0.062275 0.093881
v -0.191986 -0.062275 0.093835
v -0.277448 -0.052174 0.093819
v -0.277524 -0.051863 0.093828
v -0.277546 -0.051667 0.093838
v -0.277549 -0.051468 0.093848
v -0.277528 -0.051230 0.093857
v -0.277489 -0.051036 0.093860
v -0.277432 -0.050847 0.093858
v -0.277331 -0.050610 0.093850
v -0.277233 -0.050439 0.093840
v -0.277108 -0.050261 0.093829
v -0.276993 -0.050128 0.093822
v -0.276867 -0.050005 0.093819
v -0.278645 -0.062275 0.093819
v -0.278511 -0.058880 0.093819
v -0.278111 -0.055506 0.093819
v -0.279915 -0.062275 0.095089
v -0.279895 -0.062275 0.094869
v -0.279838 -0.062275 0.094655
v -0.279744 -0.062275 0.094454
v -0.279617 -0.062275 0.094273
v -0.279461 -0.062275 0.094116
v -0.279280 -0.062275 0.093989
v -0.279079 -0.062275 0.093896
v -0.278865 -0.062275 0.093838
v -0.190915 -0.062275 0.095089
v -0.191591 -0.054547 0.095089
v -0.193598 -0.047055 0.095089
v -0.196876 -0.040025 0.095089
v -0.201326 -0.033671 0.095089
v -0.206811 -0.028186 0.095089
v -0.213165 -0.023736 0.095089
v -0.220195 -0.020458 0.095089
v -0.227687 -0.018451 0.095089
v -0.235415 -0.017775 0.095089
v -0.243142 -0.018451 0.095089
v -0.250634 -0.020458 0.095089
v -0.257665 -0.023736 0.095089
v -0.264019 -0.028186 0.095089
v -0.269504 -0.033671 0.095089
v -0.273953 -0.040025 0.095089
v -0.277231 -0.047055 0.095089
v -0.279239 -0.054547 0.095089
v -0.190930 -0.062275 0.094890
v -0.190977 -0.062275 0.094697
v -0.191053 -0.062275 0.094513
v -0.191157 -0.062275 0.094343
v -0.191287 -0.062275 0.094191
v -0.191438 -0.062275 0.094062
v -0.191608 -0.062275 0.093958
v -0.191792 -0.062275 0.093881
v -0.191986 -0.062275 0.093835
v -0.192185 -0.062275 0.093819
v -0.197428 -0.041639 0.093819
v -0.194542 -0.048194 0.093819
v -0.192778 -0.055137 0.093819
v -0.198550 -0.039695 0.093819
v -0.198276 -0.039861 0.093828
v -0.198122 -0.039984 0.093838
v -0.197980 -0.040122 0.093848
v -0.197826 -0.040306 0.093857
v -0.197717 -0.040470 0.093860
v -0.197623 -0.040645 0.093858
v -0.197527 -0.040883 0.093850
v -0.197475 -0.041073 0.093840
v -0.197438 -0.041287 0.093829
v -0.197425 -0.041463 0.093822
v -0.223145 -0.020822 0.093819
v -0.217218 -0.023061 0.093819
v -0.211682 -0.026142 0.093819
v -0.206655 -0.029999 0.093819
v -0.202246 -0.034549 0.093819
v -0.224674 -0.020139 0.093845
v -0.224387 -0.020159 0.093856
v -0.224107 -0.020218 0.093860
v -0.223837 -0.020317 0.093854
v -0.223584 -0.020452 0.093840
v -0.223352 -0.020621 0.093826
v -0.225314 -0.020241 0.093819
v -0.225104 -0.020184 0.093823
v -0.224890 -0.020150 0.093833
v -0.256050 -0.024288 0.093819
v -0.250276 -0.021679 0.093819
v -0.244183 -0.019943 0.093819
v -0.237901 -0.019116 0.093819
v -0.231566 -0.019216 0.093819
v -0.256165 -0.024285 0.093820
v -0.257994 -0.025410 0.093819
v -0.257817 -0.025121 0.093829
v -0.257595 -0.024866 0.093846
v -0.257334 -0.024651 0.093858
v -0.257041 -0.024481 0.093858
v -0.256724 -0.024362 0.093846
v -0.256448 -0.024304 0.093831
v -0.274628 -0.044078 0.093819
v -0.271548 -0.038542 0.093819
v -0.267691 -0.033515 0.093819
v -0.263140 -0.029106 0.093819
v -0.279406 -0.058809 0.094191
v -0.279255 -0.058821 0.094062
v -0.279086 -0.058834 0.093958
v -0.278902 -0.058849 0.093881
v -0.278731 -0.058862 0.093838
v -0.279350 -0.055309 0.094890
v -0.279304 -0.055317 0.094697
v -0.279229 -0.055329 0.094513
v -0.279126 -0.055345 0.094343
v -0.278998 -0.055365 0.094191
v -0.278849 -0.055389 0.094062
v -0.278681 -0.055416 0.093958
v -0.278499 -0.055444 0.093881
v -0.278329 -0.055471 0.093838
v -0.278447 -0.051934 0.094343
v -0.278548 -0.051909 0.094513
v -0.278321 -0.051964 0.094191
v -0.278174 -0.051999 0.094062
v -0.278399 -0.051001 0.094697
v -0.278009 -0.052039 0.093958
v -0.278325 -0.051021 0.094513
v -0.277830 -0.052082 0.093881
v -0.278224 -0.051047 0.094343
v -0.277662 -0.052122 0.093838
v -0.278099 -0.051080 0.094191
v -0.277952 -0.051118 0.094062
v -0.278160 -0.049958 0.094890
v -0.277788 -0.051161 0.093958
v -0.278115 -0.049971 0.094697
v -0.277610 -0.051208 0.093881
v -0.278042 -0.049992 0.094513
v -0.277942 -0.050021 0.094343
v -0.277818 -0.050057 0.094191
v -0.277672 -0.050099 0.094062
v -0.277509 -0.050146 0.093958
v -0.277332 -0.050197 0.093881
v -0.277167 -0.050245 0.093838
v -0.277216 -0.047060 0.094890
v -0.277172 -0.047076 0.094697
v -0.277101 -0.047102 0.094513
v -0.277003 -0.047138 0.094343
v -0.276881 -0.047182 0.094191
v -0.276739 -0.047234 0.094062
v -0.276579 -0.047292 0.093958
v -0.276406 -0.047355 0.093881
v -0.276245 -0.047414 0.093838
v -0.275443 -0.043700 0.094191
v -0.275306 -0.043764 0.094062
v -0.275151 -0.043836 0.093958
v -0.274984 -0.043913 0.093881
v -0.274828 -0.043985 0.093838
v -0.273939 -0.040032 0.094890
v -0.273899 -0.040056 0.094697
v -0.273833 -0.040094 0.094513
v -0.273743 -0.040146 0.094343
v -0.273631 -0.040211 0.094191
v -0.273499 -0.040286 0.094062
v -0.273352 -0.040371 0.093958
v -0.273193 -0.040463 0.093881
v -0.273044 -0.040549 0.093838
v -0.272298 -0.038049 0.094191
v -0.272171 -0.038132 0.094062
v -0.272029 -0.038225 0.093958
v -0.271876 -0.038326 0.093881
v -0.271732 -0.038421 0.093838
v -0.269492 -0.033681 0.094890
v -0.269456 -0.033710 0.094697
v -0.269397 -0.033760 0.094513
v -0.269318 -0.033826 0.094343
v -0.269219 -0.033910 0.094191
v -0.269103 -0.034007 0.094062
v -0.268972 -0.034116 0.093958
v -0.268831 -0.034235 0.093881
v -0.268700 -0.034345 0.093838
v -0.268458 -0.032832 0.094343
v -0.268361 -0.032918 0.094191
v -0.268248 -0.033019 0.094062
v -0.268121 -0.033132 0.093958
v -0.267984 -0.033254 0.093881
v -0.267855 -0.033369 0.093838
v -0.264009 -0.028198 0.094890
v -0.263979 -0.028233 0.094697
v -0.263930 -0.028292 0.094513
v -0.263863 -0.028371 0.094343
v -0.263780 -0.028471 0.094191
v -0.263682 -0.028587 0.094062
v -0.263573 -0.028717 0.093958
v -0.263455 -0.028858 0.093881
v -0.263344 -0.028990 0.093838
v -0.258531 -0.024534 0.094343
v -0.258463 -0.024644 0.094191
v -0.257808 -0.023838 0.094890
v -0.258384 -0.024774 0.094062
v -0.257784 -0.023878 0.094697
v -0.258295 -0.024918 0.093958
v -0.257746 -0.023944 0.094513
v -0.258199 -0.025075 0.093881
v -0.257694 -0.024034 0.094343
v -0.258109 -0.025222 0.093838
v -0.257628 -0.024145 0.094191
v -0.257552 -0.024276 0.094062
v -0.257467 -0.024423 0.093958
v -0.256910 -0.023469 0.094513
v -0.257374 -0.024582 0.093881
v -0.256860 -0.023560 0.094343
v -0.256797 -0.023673 0.094191
v -0.256724 -0.023806 0.094062
v -0.256641 -0.023954 0.093958
v -0.256552 -0.024115 0.093881
v -0.256469 -0.024266 0.093838
v -0.250707 -0.020502 0.094890
v -0.250691 -0.020545 0.094697
v -0.250665 -0.020617 0.094513
v -0.250629 -0.020715 0.094343
v -0.250585 -0.020836 0.094191
v -0.250533 -0.020978 0.094062
v -0.250474 -0.021138 0.093958
v -0.250411 -0.021311 0.093881
v -0.250352 -0.021472 0.093838
v -0.244391 -0.018937 0.094343
v -0.244365 -0.019064 0.094191
v -0.244334 -0.019212 0.094062
v -0.244300 -0.019379 0.093958
v -0.243139 -0.018466 0.094890
v -0.244262 -0.019559 0.093881
v -0.243131 -0.018512 0.094697
v -0.244228 -0.019727 0.093838
v -0.243118 -0.018587 0.094513
v -0.243100 -0.018690 0.094343
v -0.243077 -0.018817 0.094191
v -0.243051 -0.018966 0.094062
v -0.243021 -0.019134 0.093958
v -0.242990 -0.019315 0.093881
v -0.242960 -0.019484 0.093838
v -0.237953 -0.018220 0.094191
v -0.237944 -0.018371 0.094062
v -0.237934 -0.018541 0.093958
v -0.237924 -0.018724 0.093881
v -0.237914 -0.018896 0.093838
v -0.235415 -0.017790 0.094890
v -0.235415 -0.017837 0.094697
v -0.235415 -0.017913 0.094513
v -0.235415 -0.018017 0.094343
v -0.235415 -0.018147 0.094191
v -0.235415 -0.018298 0.094062
v -0.235415 -0.018468 0.093958
v -0.235415 -0.018652 0.093881
v -0.235415 -0.018824 0.093838
v -0.231486 -0.018322 0.094191
v -0.231500 -0.018473 0.094062
v -0.231515 -0.018642 0.093958
v -0.231531 -0.018825 0.093881
v -0.231547 -0.018997 0.093838
v -0.227690 -0.018466 0.094890
v -0.227698 -0.018512 0.094697
v -0.227711 -0.018587 0.094513
v -0.227729 -0.018690 0.094343
v -0.227752 -0.018817 0.094191
v -0.227778 -0.018966 0.094062
v -0.227808 -0.019134 0.093958
v -0.227840 -0.019315 0.093881
v -0.227869 -0.019484 0.093838
v -0.225049 -0.019141 0.094513
v -0.225074 -0.019242 0.094343
v -0.225104 -0.019368 0.094191
v -0.225139 -0.019515 0.094062
v -0.225179 -0.019681 0.093958
v -0.223877 -0.019361 0.094697
v -0.225222 -0.019860 0.093881
v -0.225262 -0.020027 0.093838
v -0.223897 -0.019434 0.094513
v -0.223924 -0.019535 0.094343
v -0.223957 -0.019660 0.094191
v -0.223997 -0.019806 0.094062
v -0.222789 -0.019619 0.094890
v -0.224041 -0.019970 0.093958
v -0.222803 -0.019664 0.094697
v -0.224088 -0.020148 0.093881
v -0.222824 -0.019737 0.094513
v -0.222854 -0.019837 0.094343
v -0.222891 -0.019961 0.094191
v -0.222934 -0.020106 0.094062
v -0.222982 -0.020269 0.093958
v -0.223034 -0.020446 0.093881
v -0.223083 -0.020611 0.093838
v -0.220200 -0.020473 0.094890
v -0.220216 -0.020517 0.094697
v -0.220242 -0.020588 0.094513
v -0.220278 -0.020686 0.094343
v -0.220322 -0.020808 0.094191
v -0.220374 -0.020950 0.094062
v -0.220432 -0.021110 0.093958
v -0.220495 -0.021283 0.093881
v -0.220554 -0.021444 0.093838
v -0.216840 -0.022246 0.094191
v -0.216904 -0.022384 0.094062
v -0.216976 -0.022538 0.093958
v -0.217053 -0.022705 0.093881
v -0.217125 -0.022861 0.093838
v -0.213172 -0.023750 0.094890
v -0.213196 -0.023790 0.094697
v -0.213234 -0.023856 0.094513
v -0.213286 -0.023947 0.094343
v -0.213351 -0.024059 0.094191
v -0.213426 -0.024190 0.094062
v -0.213511 -0.024337 0.093958
v -0.213603 -0.024496 0.093881
v -0.213689 -0.024645 0.093838
v -0.211189 -0.025391 0.094191
v -0.211272 -0.025518 0.094062
v -0.211365 -0.025660 0.093958
v -0.211466 -0.025814 0.093881
v -0.211561 -0.025957 0.093838
v -0.206821 -0.028198 0.094890
v -0.206850 -0.028233 0.094697
v -0.206899 -0.028292 0.094513
v -0.206966 -0.028371 0.094343
v -0.207050 -0.028471 0.094191
v -0.207147 -0.028587 0.094062
v -0.207256 -0.028717 0.093958
v -0.207375 -0.028858 0.093881
v -0.207485 -0.028990 0.093838
v -0.205972 -0.029232 0.094343
v -0.206058 -0.029328 0.094191
v -0.206159 -0.029441 0.094062
v -0.206272 -0.029568 0.093958
v -0.206394 -0.029706 0.093881
v -0.206509 -0.029834 0.093838
v -0.201338 -0.033681 0.094890
v -0.201373 -0.033710 0.094697
v -0.201432 -0.033760 0.094513
v -0.201511 -0.033826 0.094343
v -0.201611 -0.033910 0.094191
v -0.201727 -0.034007 0.094062
v -0.201857 -0.034116 0.093958
v -0.201998 -0.034235 0.093881
v -0.202130 -0.034345 0.093838
v -0.197674 -0.039158 0.094343
v -0.197784 -0.039226 0.094191
v -0.197009 -0.039828 0.094890
v -0.197914 -0.039305 0.094062
v -0.197049 -0.039852 0.094697
v -0.198058 -0.039394 0.093958
v -0.197115 -0.039890 0.094513
v -0.198215 -0.039490 0.093881
v -0.197204 -0.039943 0.094343
v -0.198362 -0.039580 0.093838
v -0.197316 -0.040008 0.094191
v -0.197447 -0.040084 0.094062
v -0.197594 -0.040170 0.093958
v -0.197753 -0.040263 0.093881
v -0.196588 -0.040817 0.094513
v -0.196679 -0.040868 0.094343
v -0.196792 -0.040930 0.094191
v -0.196925 -0.041004 0.094062
v -0.197073 -0.041086 0.093958
v -0.197234 -0.041175 0.093881
v -0.197385 -0.041258 0.093838
v -0.193613 -0.047060 0.094890
v -0.193657 -0.047076 0.094697
v -0.193728 -0.047102 0.094513
v -0.193826 -0.047138 0.094343
v -0.193948 -0.047182 0.094191
v -0.194090 -0.047234 0.094062
v -0.194250 -0.047292 0.093958
v -0.194423 -0.047355 0.093881
v -0.194584 -0.047414 0.093838
v -0.191606 -0.054550 0.094890
v -0.191652 -0.054558 0.094697
v -0.191727 -0.054571 0.094513
v -0.191829 -0.054589 0.094343
v -0.191957 -0.054612 0.094191
v -0.192106 -0.054638 0.094062
v -0.192274 -0.054668 0.093958
v -0.192455 -0.054700 0.093881
v -0.192624 -0.054729 0.093838
v -0.279915 -0.062275 0.095089
v -0.279895 -0.062275 0.094869
v -0.279838 -0.062275 0.094655
v -0.279744 -0.062275 0.094454
v -0.279617 -0.062275 0.094273
v -0.279461 -0.062275 0.094116
v -0.279280 -0.062275 0.093989
v -0.279079 -0.062275 0.093896
v -0.278865 -0.062275 0.093838
v -0.278645 -0.062275 0.093819
v -0.278645 -0.099623 0.093819
v -0.279915 -0.099623 0.095089
v -0.279895 -0.099623 0.094869
v -0.279838 -0.099623 0.094655
v -0.279744 -0.099623 0.094454
v -0.279617 -0.099623 0.094273
v -0.279461 -0.099623 0.094116
v -0.279280 -0.099623 0.093989
v -0.279079 -0.099623 0.093896
v -0.278865 -0.099623 0.093838
v -0.250004 -0.225956 -0.038270
v -0.258260 -0.225956 -0.038270
v -0.250004 -0.225975 -0.038491
v -0.250004 -0.226032 -0.038705
v -0.250004 -0.226126 -0.038905
v -0.250004 -0.226253 -0.039087
v -0.250004 -0.226409 -0.039243
v -0.250004 -0.226591 -0.039370
v -0.250004 -0.226791 -0.039464
v -0.250004 -0.227005 -0.039521
v -0.250004 -0.227226 -0.039540
v -0.259530 -0.227226 -0.039540
v -0.258260 -0.225956 -0.038287
v -0.258272 -0.225967 -0.038439
v -0.258302 -0.225998 -0.038594
v -0.258355 -0.226050 -0.038750
v -0.258428 -0.226124 -0.038902
v -0.258524 -0.226219 -0.039044
v -0.258638 -0.226334 -0.039174
v -0.258770 -0.226465 -0.039287
v -0.258914 -0.226609 -0.039381
v -0.259066 -0.226762 -0.039452
v -0.259275 -0.226970 -0.039514
v -0.259404 -0.227100 -0.039534
v -0.226661 -0.225956 0.019020
v -0.233430 -0.225956 0.010933
v -0.239146 -0.225956 0.002072
v -0.243723 -0.225956 -0.007429
v -0.247089 -0.225956 -0.017423
v -0.249194 -0.225956 -0.027756
v -0.250004 -0.225956 -0.038270
v -0.226517 -0.225971 0.018883
v -0.226376 -0.226018 0.018750
v -0.226243 -0.226094 0.018623
v -0.226119 -0.226198 0.018506
v -0.226010 -0.226328 0.018402
v -0.225916 -0.226479 0.018313
v -0.225840 -0.226649 0.018241
v -0.225785 -0.226833 0.018189
v -0.225751 -0.227027 0.018157
v -0.225740 -0.227226 0.018146
v -0.248735 -0.227226 -0.038289
v -0.247936 -0.227226 -0.027932
v -0.245863 -0.227226 -0.017753
v -0.242547 -0.227226 -0.007908
v -0.238039 -0.227226 0.001451
v -0.232407 -0.227226 0.010180
v -0.248750 -0.227027 -0.038289
v -0.248797 -0.226833 -0.038288
v -0.248873 -0.226649 -0.038287
v -0.248977 -0.226479 -0.038286
v -0.249107 -0.226328 -0.038284
v -0.249258 -0.226198 -0.038281
v -0.249428 -0.226094 -0.038279
v -0.249612 -0.226018 -0.038276
v -0.249806 -0.225971 -0.038273
v -0.232420 -0.227027 0.010189
v -0.232457 -0.226833 0.010217
v -0.232519 -0.226649 0.010262
v -0.232603 -0.226479 0.010324
v -0.232707 -0.226328 0.010401
v -0.232829 -0.226198 0.010490
v -0.232966 -0.226094 0.010591
v -0.233114 -0.226018 0.010700
v -0.233270 -0.225971 0.010815
v -0.238052 -0.227027 0.001458
v -0.238093 -0.226833 0.001481
v -0.238159 -0.226649 0.001518
v -0.238250 -0.226479 0.001569
v -0.238363 -0.226328 0.001633
v -0.238495 -0.226198 0.001707
v -0.238643 -0.226094 0.001790
v -0.238804 -0.226018 0.001880
v -0.238973 -0.225971 0.001974
v -0.242561 -0.227027 -0.007902
v -0.242604 -0.226833 -0.007885
v -0.242675 -0.226649 -0.007856
v -0.242771 -0.226479 -0.007817
v -0.242891 -0.226328 -0.007768
v -0.243032 -0.226198 -0.007711
v -0.243189 -0.226094 -0.007647
v -0.243360 -0.226018 -0.007577
v -0.243539 -0.225971 -0.007504
v -0.245878 -0.227027 -0.017749
v -0.245923 -0.226833 -0.017737
v -0.245997 -0.226649 -0.017717
v -0.246097 -0.226479 -0.017690
v -0.246222 -0.226328 -0.017656
v -0.246369 -0.226198 -0.017617
v -0.246533 -0.226094 -0.017572
v -0.246710 -0.226018 -0.017525
v -0.246898 -0.225971 -0.017474
v -0.247952 -0.227027 -0.027930
v -0.247998 -0.226833 -0.027923
v -0.248073 -0.226649 -0.027913
v -0.248176 -0.226479 -0.027898
v -0.248305 -0.226328 -0.027880
v -0.248455 -0.226198 -0.027859
v -0.248623 -0.226094 -0.027836
v -0.248805 -0.226018 -0.027810
v -0.248997 -0.225971 -0.027783
v -0.279915 -0.099623 0.095089
v -0.279895 -0.099623 0.094869
v -0.279838 -0.099623 0.094655
v -0.279744 -0.099623 0.094454
v -0.279617 -0.099623 0.094273
v -0.279461 -0.099623 0.094116
v -0.279280 -0.099623 0.093989
v -0.279079 -0.099623 0.093896
v -0.278865 -0.099623 0.093838
v -0.278645 -0.099623 0.093819
v -0.278645 -0.109275 0.084167
v -0.278645 -0.109128 0.085843
v -0.278645 -0.108692 0.087468
v -0.278645 -0.107981 0.088993
v -0.278645 -0.107016 0.090371
v -0.278645 -0.105827 0.091561
v -0.278645 -0.104449 0.092526
v -0.278645 -0.102924 0.093237
v -0.278645 -0.101299 0.093673
v -0.279915 -0.110545 0.084167
v -0.279895 -0.110324 0.084167
v -0.279838 -0.110110 0.084167
v -0.279744 -0.109910 0.084167
v -0.279617 -0.109728 0.084167
v -0.279461 -0.109572 0.084167
v -0.279280 -0.109445 0.084167
v -0.279079 -0.109351 0.084167
v -0.278865 -0.109294 0.084167
v -0.279915 -0.101519 0.094923
v -0.279915 -0.103358 0.094430
v -0.279915 -0.105084 0.093626
v -0.279915 -0.106643 0.092534
v -0.279915 -0.107989 0.091188
v -0.279915 -0.109081 0.089628
v -0.279915 -0.109886 0.087903
v -0.279915 -0.110379 0.086064
v -0.279895 -0.110161 0.086025
v -0.279838 -0.109951 0.085988
v -0.279744 -0.109753 0.085953
v -0.279617 -0.109575 0.085922
v -0.279461 -0.109421 0.085895
v -0.279280 -0.109296 0.085873
v -0.279079 -0.109203 0.085857
v -0.278865 -0.109147 0.085847
v -0.279895 -0.109679 0.087827
v -0.279838 -0.109478 0.087754
v -0.279744 -0.109289 0.087686
v -0.279617 -0.109119 0.087624
v -0.279461 -0.108972 0.087570
v -0.279280 -0.108852 0.087527
v -0.279079 -0.108764 0.087495
v -0.278865 -0.108711 0.087475
v -0.279895 -0.108890 0.089518
v -0.279838 -0.108705 0.089411
v -0.279744 -0.108531 0.089311
v -0.279617 -0.108374 0.089220
v -0.279461 -0.108239 0.089142
v -0.279280 -0.108129 0.089078
v -0.279079 -0.108048 0.089031
v -0.278865 -0.107998 0.089003
v -0.279895 -0.107820 0.091046
v -0.279838 -0.107657 0.090908
v -0.279744 -0.107503 0.090780
v -0.279617 -0.107364 0.090663
v -0.279461 -0.107244 0.090562
v -0.279280 -0.107147 0.090481
v -0.279079 -0.107075 0.090421
v -0.278865 -0.107031 0.090384
v -0.279895 -0.106501 0.092365
v -0.279838 -0.106364 0.092201
v -0.279744 -0.106235 0.092047
v -0.279617 -0.106118 0.091909
v -0.279461 -0.106018 0.091789
v -0.279280 -0.105936 0.091691
v -0.279079 -0.105876 0.091620
v -0.278865 -0.105839 0.091576
v -0.279895 -0.104973 0.093435
v -0.279838 -0.104866 0.093250
v -0.279744 -0.104766 0.093076
v -0.279617 -0.104675 0.092919
v -0.279461 -0.104597 0.092783
v -0.279280 -0.104534 0.092673
v -0.279079 -0.104487 0.092592
v -0.278865 -0.104458 0.092543
v -0.279895 -0.103283 0.094223
v -0.279838 -0.103210 0.094022
v -0.279744 -0.103141 0.093834
v -0.279617 -0.103079 0.093663
v -0.279461 -0.103025 0.093516
v -0.279280 -0.102982 0.093397
v -0.279079 -0.102950 0.093309
v -0.278865 -0.102930 0.093255
v -0.279895 -0.101481 0.094706
v -0.279838 -0.101444 0.094495
v -0.279744 -0.101409 0.094298
v -0.279617 -0.101377 0.094119
v -0.279461 -0.101350 0.093965
v -0.279280 -0.101328 0.093840
v -0.279079 -0.101312 0.093748
v -0.278865 -0.101302 0.093692
v -0.258260 -0.225956 -0.038287
v -0.258272 -0.225967 -0.038439
v -0.258302 -0.225998 -0.038594
v -0.258355 -0.226050 -0.038750
v -0.258428 -0.226124 -0.038902
v -0.258524 -0.226219 -0.039044
v -0.258638 -0.226334 -0.039174
v -0.258770 -0.226465 -0.039287
v -0.258914 -0.226609 -0.039381
v -0.259066 -0.226762 -0.039452
v -0.259275 -0.226970 -0.039514
v -0.259404 -0.227100 -0.039534
v -0.259530 -0.227226 -0.039540
v -0.259530 -0.119276 -0.039540
v -0.258260 -0.120546 -0.038287
v -0.258272 -0.120534 -0.038439
v -0.258302 -0.120504 -0.038594
v -0.258355 -0.120452 -0.038750
v -0.258428 -0.120378 -0.038902
v -0.258524 -0.120282 -0.039044
v -0.258638 -0.120168 -0.039174
v -0.258770 -0.120036 -0.039287
v -0.258914 -0.119892 -0.039381
v -0.259066 -0.119740 -0.039452
v -0.259275 -0.119531 -0.039514
v -0.259404 -0.119402 -0.039534
v -0.224514 -0.225889 0.019934
v -0.224514 -0.120170 0.019934
v -0.224711 -0.225889 0.019949
v -0.224904 -0.225889 0.019995
v -0.225087 -0.225889 0.020070
v -0.225256 -0.225889 0.020173
v -0.225407 -0.225889 0.020301
v -0.225407 -0.120546 0.020301
v -0.224731 -0.120312 0.019953
v -0.224914 -0.120409 0.019999
v -0.225066 -0.120474 0.020060
v -0.225200 -0.120516 0.020135
v -0.225307 -0.120538 0.020212
v -0.279915 -0.110545 0.084167
v -0.279895 -0.110324 0.084167
v -0.279838 -0.110110 0.084167
v -0.279744 -0.109910 0.084167
v -0.279617 -0.109728 0.084167
v -0.279461 -0.109572 0.084167
v -0.279280 -0.109445 0.084167
v -0.279079 -0.109351 0.084167
v -0.278865 -0.109294 0.084167
v -0.278645 -0.109275 0.084167
v -0.278645 -0.109275 -0.038270
v -0.279915 -0.110545 -0.038270
v -0.279895 -0.110324 -0.038270
v -0.279838 -0.110110 -0.038270
v -0.279744 -0.109910 -0.038270
v -0.279617 -0.109728 -0.038270
v -0.279461 -0.109572 -0.038270
v -0.279280 -0.109445 -0.038270
v -0.279079 -0.109351 -0.038270
v -0.278865 -0.109294 -0.038270
v -0.278645 -0.237545 -0.039540
v -0.278645 -0.110545 -0.039540
v -0.278865 -0.237545 -0.039521
v -0.279079 -0.237545 -0.039464
v -0.279280 -0.237545 -0.039370
v -0.279461 -0.237545 -0.039243
v -0.279617 -0.237545 -0.039087
v -0.279744 -0.237545 -0.038905
v -0.279838 -0.237545 -0.038705
v -0.279895 -0.237545 -0.038491
v -0.279915 -0.237545 -0.038270
v -0.279915 -0.110545 -0.038270
v -0.278865 -0.110545 -0.039521
v -0.279079 -0.110545 -0.039464
v -0.279280 -0.110545 -0.039370
v -0.279461 -0.110545 -0.039243
v -0.279617 -0.110545 -0.039087
v -0.279744 -0.110545 -0.038905
v -0.279838 -0.110545 -0.038705
v -0.279895 -0.110545 -0.038491
v -0.258260 -0.120546 -0.038287
v -0.258272 -0.120534 -0.038439
v -0.258302 -0.120504 -0.038594
v -0.258355 -0.120452 -0.038750
v -0.258428 -0.120378 -0.038902
v -0.258524 -0.120282 -0.039044
v -0.258638 -0.120168 -0.039174
v -0.258770 -0.120036 -0.039287
v -0.258914 -0.119892 -0.039381
v -0.259066 -0.119740 -0.039452
v -0.259275 -0.119531 -0.039514
v -0.259404 -0.119402 -0.039534
v -0.259530 -0.119276 -0.039540
v -0.250004 -0.119276 -0.039540
v -0.250004 -0.120546 -0.038270
v -0.250004 -0.120526 -0.038491
v -0.250004 -0.120469 -0.038705
v -0.250004 -0.120375 -0.038905
v -0.250004 -0.120248 -0.039087
v -0.250004 -0.120092 -0.039243
v -0.250004 -0.119911 -0.039370
v -0.250004 -0.119710 -0.039464
v -0.250004 -0.119496 -0.039521
v -0.258260 -0.120546 -0.038270
v -0.225414 -0.120546 0.020308
v -0.225411 -0.120546 0.020305
v -0.225409 -0.120546 0.020303
v -0.225407 -0.120546 0.020301
v -0.250004 -0.120546 -0.038270
v -0.249152 -0.120546 -0.027460
v -0.246932 -0.120546 -0.016846
v -0.243380 -0.120546 -0.006600
v -0.238555 -0.120546 0.003110
v -0.232533 -0.120546 0.012128
v -0.248735 -0.119276 -0.038289
v -0.248754 -0.119496 -0.038289
v -0.248811 -0.119710 -0.038288
v -0.248905 -0.119911 -0.038287
v -0.249032 -0.120092 -0.038285
v -0.249188 -0.120248 -0.038282
v -0.249370 -0.120375 -0.038280
v -0.249570 -0.120469 -0.038277
v -0.249784 -0.120526 -0.038273
v -0.223624 -0.119276 0.020297
v -0.230886 -0.119276 0.012182
v -0.237034 -0.119276 0.003193
v -0.241965 -0.119276 -0.006516
v -0.245596 -0.119276 -0.016783
v -0.247865 -0.119276 -0.027434
v -0.223847 -0.119558 0.020123
v -0.224109 -0.119833 0.020000
v -0.224303 -0.120007 0.019951
v -0.224514 -0.120170 0.019934
v -0.224731 -0.120312 0.019953
v -0.224914 -0.120409 0.019999
v -0.225066 -0.120474 0.020060
v -0.225200 -0.120516 0.020135
v -0.225307 -0.120538 0.020212
v -0.231386 -0.120375 0.012574
v -0.231243 -0.120248 0.012462
v -0.231120 -0.120092 0.012365
v -0.231020 -0.119911 0.012287
v -0.230946 -0.119710 0.012229
v -0.230901 -0.119496 0.012194
v -0.237580 -0.120375 0.003517
v -0.237424 -0.120248 0.003425
v -0.237290 -0.120092 0.003345
v -0.237180 -0.119911 0.003280
v -0.237100 -0.119710 0.003232
v -0.237051 -0.119496 0.003203
v -0.242549 -0.120375 -0.006266
v -0.242382 -0.120248 -0.006337
v -0.242238 -0.120092 -0.006399
v -0.242121 -0.119911 -0.006449
v -0.242035 -0.119710 -0.006486
v -0.241983 -0.119496 -0.006509
v -0.246413 -0.120474 -0.016553
v -0.246207 -0.120375 -0.016611
v -0.246032 -0.120248 -0.016660
v -0.245882 -0.120092 -0.016702
v -0.245760 -0.119911 -0.016737
v -0.245670 -0.119710 -0.016762
v -0.245614 -0.119496 -0.016778
v -0.248904 -0.120526 -0.027282
v -0.248705 -0.120474 -0.027311
v -0.248493 -0.120375 -0.027342
v -0.248314 -0.120248 -0.027368
v -0.248159 -0.120092 -0.027391
v -0.248034 -0.119911 -0.027409
v -0.247941 -0.119710 -0.027423
v -0.247884 -0.119496 -0.027431
v -0.278645 -0.110545 -0.039540
v -0.278865 -0.110545 -0.039521
v -0.279079 -0.110545 -0.039464
v -0.279280 -0.110545 -0.039370
v -0.279461 -0.110545 -0.039243
v -0.279617 -0.110545 -0.039087
v -0.279744 -0.110545 -0.038905
v -0.279838 -0.110545 -0.038705
v -0.279895 -0.110545 -0.038491
v -0.279915 -0.110545 -0.038270
v -0.279895 -0.110324 -0.038270
v -0.279838 -0.110110 -0.038270
v -0.279744 -0.109910 -0.038270
v -0.279617 -0.109728 -0.038270
v -0.279461 -0.109572 -0.038270
v -0.279280 -0.109445 -0.038270
v -0.279079 -0.109351 -0.038270
v -0.278865 -0.109294 -0.038270
v -0.278645 -0.109275 -0.038270
v -0.278645 -0.109275 -0.038270
v -0.278645 -0.110324 -0.039521
v -0.278645 -0.110110 -0.039464
v -0.278645 -0.109910 -0.039370
v -0.278645 -0.109728 -0.039243
v -0.278645 -0.109572 -0.039087
v -0.278645 -0.109445 -0.038905
v -0.278645 -0.109351 -0.038705
v -0.278645 -0.109294 -0.038491
v -0.278925 -0.109306 -0.038302
v -0.278911 -0.109306 -0.038364
v -0.278884 -0.109306 -0.038421
v -0.279182 -0.109400 -0.038393
v -0.278844 -0.109306 -0.038470
v -0.279141 -0.109400 -0.038509
v -0.279431 -0.109552 -0.038359
v -0.278795 -0.109306 -0.038509
v -0.279075 -0.109400 -0.038614
v -0.279392 -0.109552 -0.038532
v -0.278738 -0.109306 -0.038537
v -0.278988 -0.109400 -0.038701
v -0.279315 -0.109552 -0.038691
v -0.279613 -0.109753 -0.038491
v -0.278676 -0.109306 -0.038551
v -0.278884 -0.109400 -0.038767
v -0.279204 -0.109552 -0.038830
v -0.279539 -0.109753 -0.038701
v -0.279782 -0.109994 -0.038398
v -0.278767 -0.109400 -0.038807
v -0.279066 -0.109552 -0.038941
v -0.279421 -0.109753 -0.038889
v -0.279725 -0.109994 -0.038648
v -0.278906 -0.109552 -0.039018
v -0.279264 -0.109753 -0.039047
v -0.279613 -0.109994 -0.038879
v -0.279852 -0.110262 -0.038546
v -0.278733 -0.109552 -0.039057
v -0.279075 -0.109753 -0.039165
v -0.279454 -0.109994 -0.039079
v -0.279760 -0.110262 -0.038807
v -0.278866 -0.109753 -0.039238
v -0.279253 -0.109994 -0.039239
v -0.279613 -0.110262 -0.039042
v -0.279022 -0.109994 -0.039350
v -0.279417 -0.110262 -0.039238
v -0.278773 -0.109994 -0.039407
v -0.279182 -0.110262 -0.039386
v -0.278920 -0.110262 -0.039477
v -0.248735 -0.119276 -0.038289
v -0.248754 -0.119496 -0.038289
v -0.248811 -0.119710 -0.038288
v -0.248905 -0.119911 -0.038287
v -0.249032 -0.120092 -0.038285
v -0.249188 -0.120248 -0.038282
v -0.249370 -0.120375 -0.038280
v -0.249570 -0.120469 -0.038277
v -0.249784 -0.120526 -0.038273
v -0.250004 -0.120546 -0.038270
v -0.250004 -0.120526 -0.038491
v -0.250004 -0.120469 -0.038705
v -0.250004 -0.120375 -0.038905
v -0.250004 -0.120248 -0.039087
v -0.250004 -0.120092 -0.039243
v -0.250004 -0.119911 -0.039370
v -0.250004 -0.119710 -0.039464
v -0.250004 -0.119496 -0.039521
v -0.250004 -0.119276 -0.039540
v -0.250004 -0.119276 -0.039540
v -0.248757 -0.119276 -0.038507
v -0.248816 -0.119276 -0.038718
v -0.248911 -0.119276 -0.038916
v -0.249038 -0.119276 -0.039095
v -0.249195 -0.119276 -0.039248
v -0.249375 -0.119276 -0.039373
v -0.249574 -0.119276 -0.039465
v -0.249786 -0.119276 -0.039521
v -0.249973 -0.119556 -0.039508
v -0.249911 -0.119542 -0.039508
v -0.249854 -0.119515 -0.039508
v -0.249882 -0.119813 -0.039414
v -0.249805 -0.119475 -0.039508
v -0.249765 -0.119772 -0.039414
v -0.249916 -0.120062 -0.039263
v -0.249765 -0.119426 -0.039508
v -0.249661 -0.119706 -0.039414
v -0.249743 -0.120023 -0.039263
v -0.249738 -0.119369 -0.039508
v -0.249574 -0.119619 -0.039414
v -0.249583 -0.119946 -0.039263
v -0.249783 -0.120244 -0.039062
v -0.249724 -0.119307 -0.039508
v -0.249508 -0.119515 -0.039414
v -0.249445 -0.119836 -0.039263
v -0.249574 -0.120170 -0.039062
v -0.249876 -0.120413 -0.038821
v -0.249467 -0.119398 -0.039414
v -0.249334 -0.119697 -0.039263
v -0.249385 -0.120052 -0.039062
v -0.249627 -0.120356 -0.038821
v -0.249257 -0.119537 -0.039263
v -0.249228 -0.119895 -0.039062
v -0.249396 -0.120244 -0.038821
v -0.249729 -0.120483 -0.038553
v -0.249218 -0.119364 -0.039263
v -0.249110 -0.119706 -0.039062
v -0.249195 -0.120085 -0.038821
v -0.249467 -0.120391 -0.038553
v -0.249036 -0.119497 -0.039062
v -0.249036 -0.119884 -0.038821
v -0.249232 -0.120244 -0.038553
v -0.248924 -0.119654 -0.038821
v -0.249036 -0.120048 -0.038553
v -0.248867 -0.119404 -0.038821
v -0.248889 -0.119813 -0.038553
v -0.248797 -0.119551 -0.038553
v -0.278645 -0.110545 -0.039540
v -0.278645 -0.110324 -0.039521
v -0.278645 -0.110110 -0.039464
v -0.278645 -0.109910 -0.039370
v -0.278645 -0.109728 -0.039243
v -0.278645 -0.109572 -0.039087
v -0.278645 -0.109445 -0.038905
v -0.278645 -0.109351 -0.038705
v -0.278645 -0.109294 -0.038491
v -0.278645 -0.109275 -0.038270
v -0.250004 -0.109275 -0.038270
v -0.250004 -0.110545 -0.039540
v -0.250004 -0.110324 -0.039521
v -0.250004 -0.110110 -0.039464
v -0.250004 -0.109910 -0.039370
v -0.250004 -0.109728 -0.039243
v -0.250004 -0.109572 -0.039087
v -0.250004 -0.109445 -0.038905
v -0.250004 -0.109351 -0.038705
v -0.250004 -0.109294 -0.038491
v -0.248735 -0.119276 -0.038289
v -0.248757 -0.119276 -0.038507
v -0.248816 -0.119276 -0.038718
v -0.248911 -0.119276 -0.038916
v -0.249038 -0.119276 -0.039095
v -0.249195 -0.119276 -0.039248
v -0.249375 -0.119276 -0.039373
v -0.249574 -0.119276 -0.039465
v -0.249786 -0.119276 -0.039521
v -0.250004 -0.119276 -0.039540
v -0.250004 -0.110545 -0.039540
v -0.248735 -0.110545 -0.038289
v -0.248757 -0.110545 -0.038507
v -0.248816 -0.110545 -0.038718
v -0.248911 -0.110545 -0.038916
v -0.249038 -0.110545 -0.039095
v -0.249195 -0.110545 -0.039248
v -0.249375 -0.110545 -0.039373
v -0.249574 -0.110545 -0.039465
v -0.249786 -0.110545 -0.039521
v -0.248735 -0.110545 -0.038289
v -0.248757 -0.110545 -0.038507
v -0.248816 -0.110545 -0.038718
v -0.248911 -0.110545 -0.038916
v -0.249038 -0.110545 -0.039095
v -0.249195 -0.110545 -0.039248
v -0.249375 -0.110545 -0.039373
v -0.249574 -0.110545 -0.039465
v -0.249786 -0.110545 -0.039521
v -0.250004 -0.110545 -0.039540
v -0.250004 -0.110324 -0.039521
v -0.250004 -0.110110 -0.039464
v -0.250004 -0.109910 -0.039370
v -0.250004 -0.109728 -0.039243
v -0.250004 -0.109572 -0.039087
v -0.250004 -0.109445 -0.038905
v -0.250004 -0.109351 -0.038705
v -0.250004 -0.109294 -0.038491
v -0.250004 -0.109275 -0.038270
v -0.248754 -0.110324 -0.038289
v -0.248811 -0.110110 -0.038288
v -0.248905 -0.109910 -0.038287
v -0.249032 -0.109728 -0.038285
v -0.249188 -0.109572 -0.038282
v -0.249370 -0.109445 -0.038280
v -0.249570 -0.109351 -0.038277
v -0.249784 -0.109294 -0.038273
v -0.248770 -0.110263 -0.038369
v -0.248770 -0.110292 -0.038429
v -0.248866 -0.109996 -0.038396
v -0.248770 -0.110334 -0.038481
v -0.248866 -0.110037 -0.038515
v -0.249018 -0.109749 -0.038360
v -0.248770 -0.110386 -0.038523
v -0.248866 -0.110104 -0.038621
v -0.249018 -0.109789 -0.038535
v -0.248770 -0.110446 -0.038552
v -0.248866 -0.110193 -0.038711
v -0.249018 -0.109867 -0.038696
v -0.249219 -0.109572 -0.038492
v -0.248770 -0.110511 -0.038567
v -0.248866 -0.110300 -0.038778
v -0.249018 -0.109979 -0.038836
v -0.249219 -0.109645 -0.038703
v -0.249458 -0.109405 -0.038399
v -0.248866 -0.110419 -0.038819
v -0.249018 -0.110119 -0.038948
v -0.249219 -0.109764 -0.038892
v -0.249458 -0.109462 -0.038649
v -0.249018 -0.110280 -0.039026
v -0.249219 -0.109922 -0.039050
v -0.249458 -0.109574 -0.038880
v -0.249724 -0.109337 -0.038546
v -0.249018 -0.110455 -0.039065
v -0.249219 -0.110112 -0.039169
v -0.249458 -0.109734 -0.039081
v -0.249724 -0.109429 -0.038808
v -0.249219 -0.110323 -0.039243
v -0.249458 -0.109935 -0.039241
v -0.249724 -0.109576 -0.039043
v -0.249458 -0.110166 -0.039352
v -0.249724 -0.109772 -0.039239
v -0.249458 -0.110416 -0.039410
v -0.249724 -0.110007 -0.039386
v -0.249724 -0.110269 -0.039478
v -0.248735 -0.110545 -0.038289
v -0.248754 -0.110324 -0.038289
v -0.248811 -0.110110 -0.038288
v -0.248905 -0.109910 -0.038287
v -0.249032 -0.109728 -0.038285
v -0.249188 -0.109572 -0.038282
v -0.249370 -0.109445 -0.038280
v -0.249570 -0.109351 -0.038277
v -0.249784 -0.109294 -0.038273
v -0.250004 -0.109275 -0.038270
v -0.215715 -0.109275 0.028733
v -0.224190 -0.109275 0.021519
v -0.231652 -0.109275 0.013261
v -0.237973 -0.109275 0.004100
v -0.243043 -0.109275 -0.005808
v -0.246777 -0.109275 -0.016293
v -0.249111 -0.109275 -0.027176
v -0.214956 -0.110545 0.027714
v -0.214968 -0.110324 0.027730
v -0.215002 -0.110110 0.027776
v -0.215058 -0.109910 0.027851
v -0.215134 -0.109728 0.027953
v -0.215227 -0.109572 0.028078
v -0.215335 -0.109445 0.028224
v -0.215455 -0.109351 0.028385
v -0.215583 -0.109294 0.028556
v -0.247854 -0.110545 -0.027361
v -0.245555 -0.110545 -0.016640
v -0.241877 -0.110545 -0.006312
v -0.236882 -0.110545 0.003448
v -0.230656 -0.110545 0.012473
v -0.223306 -0.110545 0.020608
v -0.223319 -0.110324 0.020622
v -0.223359 -0.110110 0.020663
v -0.223424 -0.109910 0.020730
v -0.223513 -0.109728 0.020821
v -0.223622 -0.109572 0.020934
v -0.223748 -0.109445 0.021064
v -0.223888 -0.109351 0.021208
v -0.224037 -0.109294 0.021361
v -0.230671 -0.110324 0.012485
v -0.230716 -0.110110 0.012521
v -0.230790 -0.109910 0.012579
v -0.230889 -0.109728 0.012657
v -0.231012 -0.109572 0.012755
v -0.231154 -0.109445 0.012867
v -0.231312 -0.109351 0.012992
v -0.231479 -0.109294 0.013124
v -0.236899 -0.110324 0.003458
v -0.236948 -0.110110 0.003488
v -0.237028 -0.109910 0.003536
v -0.237137 -0.109728 0.003601
v -0.237272 -0.109572 0.003681
v -0.237427 -0.109445 0.003774
v -0.237600 -0.109351 0.003877
v -0.237783 -0.109294 0.003987
v -0.241895 -0.110324 -0.006304
v -0.241947 -0.110110 -0.006281
v -0.242033 -0.109910 -0.006244
v -0.242150 -0.109728 -0.006194
v -0.242294 -0.109572 -0.006132
v -0.242460 -0.109445 -0.006060
v -0.242644 -0.109351 -0.005981
v -0.242841 -0.109294 -0.005896
v -0.245574 -0.110324 -0.016635
v -0.245629 -0.110110 -0.016619
v -0.245719 -0.109910 -0.016594
v -0.245841 -0.109728 -0.016559
v -0.245992 -0.109572 -0.016516
v -0.246166 -0.109445 -0.016467
v -0.246359 -0.109351 -0.016412
v -0.246565 -0.109294 -0.016354
v -0.247873 -0.110324 -0.027358
v -0.247930 -0.110110 -0.027349
v -0.248023 -0.109910 -0.027336
v -0.248148 -0.109728 -0.027317
v -0.248303 -0.109572 -0.027295
v -0.248483 -0.109445 -0.027268
v -0.248681 -0.109351 -0.027239
v -0.248893 -0.109294 -0.027208
v -0.214956 -0.110545 0.027714
v -0.214968 -0.110324 0.027730
v -0.215002 -0.110110 0.027776
v -0.215058 -0.109910 0.027851
v -0.215134 -0.109728 0.027953
v -0.215227 -0.109572 0.028078
v -0.215335 -0.109445 0.028224
v -0.215455 -0.109351 0.028385
v -0.215583 -0.109294 0.028556
v -0.215715 -0.109275 0.028733
v -0.190315 -0.101020 0.041910
v -0.195538 -0.104274 0.040085
v -0.200975 -0.106683 0.037743
v -0.206510 -0.108283 0.034852
v -0.211183 -0.109036 0.031968
v -0.189200 -0.102047 0.040694
v -0.189326 -0.101866 0.040676
v -0.189459 -0.101691 0.040696
v -0.189596 -0.101527 0.040752
v -0.189731 -0.101378 0.040843
v -0.189862 -0.101249 0.040966
v -0.189984 -0.101145 0.041118
v -0.190093 -0.101068 0.041294
v -0.190186 -0.101021 0.041489
v -0.190261 -0.101004 0.041696
v -0.208185 -0.110010 0.032258
v -0.201857 -0.108510 0.035710
v -0.196177 -0.106251 0.038242
v -0.192634 -0.104339 0.039574
v -0.213221 -0.109277 0.030046
v -0.209577 -0.109247 0.031877
v -0.210061 -0.109001 0.032118
v -0.208931 -0.109153 0.032281
v -0.207737 -0.108633 0.033557
v -0.204508 -0.107902 0.035385
v -0.201745 -0.107064 0.036802
v -0.202461 -0.107648 0.035895
v -0.201371 -0.107288 0.036431
v -0.198510 -0.105817 0.038299
v -0.195822 -0.104543 0.039415
v -0.194298 -0.104697 0.039085
v -0.196057 -0.105616 0.038405
v -0.191132 -0.102891 0.040157
v -0.213882 -0.110058 0.028612
v -0.212091 -0.109195 0.030843
v -0.212057 -0.109214 0.030795
v -0.212929 -0.109574 0.029646
v -0.212986 -0.109490 0.029723
v -0.213103 -0.109361 0.029883
v -0.213162 -0.109314 0.029964
v -0.213045 -0.109419 0.029802
v -0.210382 -0.109042 0.031910
v -0.210533 -0.109828 0.030903
v -0.208833 -0.109611 0.031978
v -0.208507 -0.109561 0.032177
v -0.208090 -0.109016 0.032794
v -0.207245 -0.108861 0.033296
v -0.207659 -0.109420 0.032687
v -0.206891 -0.108466 0.034055
v -0.206106 -0.109116 0.033585
v -0.205340 -0.108115 0.034932
v -0.204138 -0.108140 0.035030
v -0.202962 -0.108316 0.035272
v -0.202115 -0.108057 0.035698
v -0.201202 -0.106875 0.037065
v -0.201566 -0.107878 0.035967
v -0.199803 -0.106351 0.037721
v -0.198574 -0.106213 0.037719
v -0.200147 -0.107380 0.036641
v -0.197288 -0.105642 0.038270
v -0.196012 -0.105025 0.038791
v -0.197345 -0.106226 0.037877
v -0.195073 -0.104536 0.039159
v -0.194988 -0.104263 0.039453
v -0.194140 -0.104022 0.039511
v -0.194886 -0.104045 0.039778
v -0.193570 -0.103293 0.040266
v -0.193362 -0.104165 0.039429
v -0.192045 -0.103363 0.039891
v -0.191532 -0.102418 0.040429
v -0.191458 -0.102493 0.040354
v -0.191388 -0.102570 0.040293
v -0.191320 -0.102648 0.040244
v -0.191255 -0.102728 0.040206
v -0.191193 -0.102809 0.040177
v -0.192010 -0.103412 0.039878
v -0.190984 -0.101628 0.041150
v -0.214681 -0.109548 0.028512
v -0.214627 -0.109626 0.028440
v -0.213506 -0.109584 0.029263
v -0.213482 -0.109623 0.029231
v -0.213459 -0.109665 0.029200
v -0.211261 -0.109444 0.030785
v -0.210817 -0.109221 0.031338
v -0.210421 -0.109354 0.031337
v -0.206473 -0.108705 0.033743
v -0.206294 -0.108475 0.034108
v -0.205698 -0.108533 0.034181
v -0.203720 -0.108024 0.035250
v -0.200588 -0.106801 0.037068
v -0.200668 -0.107039 0.036767
v -0.199967 -0.106776 0.037094
v -0.197929 -0.105933 0.037999
v -0.197310 -0.105919 0.038045
v -0.196699 -0.105927 0.038144
v -0.193482 -0.103642 0.039752
v -0.193090 -0.103693 0.039679
v -0.192828 -0.103247 0.039985
v -0.191106 -0.102140 0.040562
v -0.190930 -0.101657 0.041042
v -0.191075 -0.102171 0.040529
v -0.191043 -0.102204 0.040498
v -0.190281 -0.101547 0.040841
v -0.190214 -0.101612 0.040772
v -0.211222 -0.109136 0.031358
v -0.206117 -0.108299 0.034498
v -0.190103 -0.102126 0.040505
v -0.189687 -0.101820 0.040637
v -0.189200 -0.102047 0.040694
v -0.189326 -0.101866 0.040676
v -0.189459 -0.101691 0.040696
v -0.189596 -0.101527 0.040752
v -0.189731 -0.101378 0.040843
v -0.189862 -0.101249 0.040966
v -0.189984 -0.101145 0.041118
v -0.190093 -0.101068 0.041294
v -0.190186 -0.101021 0.041489
v -0.190261 -0.101004 0.041696
v -0.190315 -0.101020 0.041910
v -0.164915 -0.092765 0.045559
v -0.171241 -0.093230 0.045337
v -0.177395 -0.094606 0.044693
v -0.183256 -0.096851 0.043676
v -0.186882 -0.098766 0.042845
v -0.164915 -0.094035 0.044289
v -0.164915 -0.093814 0.044308
v -0.164915 -0.093600 0.044366
v -0.164915 -0.093400 0.044459
v -0.164915 -0.093218 0.044586
v -0.164915 -0.093062 0.044743
v -0.164915 -0.092935 0.044924
v -0.164915 -0.092841 0.045125
v -0.164915 -0.092784 0.045339
v -0.183664 -0.098603 0.042165
v -0.177595 -0.096059 0.043325
v -0.171791 -0.094620 0.044007
v -0.168381 -0.094182 0.044218
v -0.188469 -0.099875 0.041897
v -0.186677 -0.099519 0.041611
v -0.185614 -0.098161 0.042635
v -0.185336 -0.098377 0.042203
v -0.184247 -0.097800 0.042461
v -0.183805 -0.097223 0.043050
v -0.183546 -0.097449 0.042620
v -0.180742 -0.095871 0.043663
v -0.177790 -0.094826 0.044149
v -0.176975 -0.094579 0.044265
v -0.177054 -0.095382 0.043500
v -0.177846 -0.095633 0.043381
v -0.176158 -0.094349 0.044374
v -0.176509 -0.094753 0.043876
v -0.176258 -0.095147 0.043612
v -0.173107 -0.093641 0.044711
v -0.174888 -0.094326 0.044081
v -0.173319 -0.094427 0.043959
v -0.171442 -0.093352 0.044850
v -0.169977 -0.093877 0.044226
v -0.171698 -0.094125 0.044105
v -0.166678 -0.093555 0.044381
v -0.166683 -0.093458 0.044429
v -0.166673 -0.093654 0.044342
v -0.188696 -0.101046 0.040956
v -0.188197 -0.100098 0.041452
v -0.187592 -0.099626 0.041697
v -0.188426 -0.099901 0.041805
v -0.188324 -0.099978 0.041626
v -0.188378 -0.099935 0.041715
v -0.188264 -0.100032 0.041538
v -0.186158 -0.098465 0.042502
v -0.186863 -0.098973 0.042145
v -0.184479 -0.098464 0.042078
v -0.183940 -0.098182 0.042204
v -0.183447 -0.097050 0.043128
v -0.183595 -0.098006 0.042284
v -0.181901 -0.096349 0.043445
v -0.180468 -0.096092 0.043244
v -0.182102 -0.097291 0.042608
v -0.179015 -0.096035 0.043191
v -0.178119 -0.095245 0.043642
v -0.177431 -0.095026 0.043746
v -0.177029 -0.094904 0.043804
v -0.176221 -0.094672 0.043915
v -0.173223 -0.093959 0.044259
v -0.172402 -0.093803 0.044335
v -0.171610 -0.093669 0.044400
v -0.170527 -0.093221 0.044913
v -0.170707 -0.093534 0.044466
v -0.169801 -0.093419 0.044522
v -0.168968 -0.093045 0.044999
v -0.169080 -0.093777 0.044275
v -0.167551 -0.093651 0.044337
v -0.166700 -0.093174 0.044643
v -0.166694 -0.093267 0.044558
v -0.166689 -0.093362 0.044488
v -0.165819 -0.092863 0.045087
v -0.189475 -0.100931 0.041118
v -0.189409 -0.100993 0.041046
v -0.188617 -0.100378 0.041333
v -0.188587 -0.100409 0.041299
v -0.188556 -0.100442 0.041267
v -0.187291 -0.099111 0.042259
v -0.186446 -0.098929 0.042000
v -0.182743 -0.096865 0.043023
v -0.182789 -0.097088 0.042784
v -0.182024 -0.096742 0.042943
v -0.179888 -0.095869 0.043348
v -0.172089 -0.094192 0.044073
v -0.169029 -0.093337 0.044563
v -0.168255 -0.093268 0.044596
v -0.189954 -0.100881 0.041494
v -0.189527 -0.100590 0.041598
v -0.187009 -0.099245 0.041874
v -0.168317 -0.093707 0.044310
v -0.164915 -0.094035 0.044289
v -0.164915 -0.093814 0.044308
v -0.164915 -0.093600 0.044366
v -0.164915 -0.093400 0.044459
v -0.164915 -0.093218 0.044586
v -0.164915 -0.093062 0.044743
v -0.164915 -0.092935 0.044924
v -0.164915 -0.092841 0.045125
v -0.164915 -0.092784 0.045339
v -0.164915 -0.092765 0.045559
v -0.139515 -0.092765 0.045559
v -0.139515 -0.094035 0.044289
v -0.139515 -0.093814 0.044308
v -0.139515 -0.093600 0.044366
v -0.139515 -0.093400 0.044459
v -0.139515 -0.093218 0.044586
v -0.139515 -0.093062 0.044743
v -0.139515 -0.092935 0.044924
v -0.139515 -0.092841 0.045125
v -0.139515 -0.092784 0.045339
v -0.278645 -0.109275 0.104487
v -0.278865 -0.109275 0.104468
v -0.279079 -0.109275 0.104411
v -0.279280 -0.109275 0.104317
v -0.279461 -0.109275 0.104190
v -0.279617 -0.109275 0.104034
v -0.279744 -0.109275 0.103852
v -0.279838 -0.109275 0.103652
v -0.279895 -0.109275 0.103438
v -0.279915 -0.109275 0.103217
v -0.278645 -0.062275 0.104487
v -0.279915 -0.062275 0.103217
v -0.279895 -0.062275 0.103438
v -0.279838 -0.062275 0.103652
v -0.279744 -0.062275 0.103852
v -0.279617 -0.062275 0.104034
v -0.279461 -0.062275 0.104190
v -0.279280 -0.062275 0.104317
v -0.279079 -0.062275 0.104411
v -0.278865 -0.062275 0.104468
v -0.197428 -0.041639 0.104487
v -0.197435 -0.041319 0.104479
v -0.197464 -0.041124 0.104469
v -0.197512 -0.040931 0.104459
v -0.197595 -0.040706 0.104450
v -0.197682 -0.040529 0.104446
v -0.197787 -0.040361 0.104448
v -0.197946 -0.040159 0.104456
v -0.198084 -0.040018 0.104466
v -0.198251 -0.039880 0.104477
v -0.198396 -0.039781 0.104484
v -0.198550 -0.039695 0.104487
v -0.192185 -0.062275 0.104487
v -0.192778 -0.055137 0.104487
v -0.194542 -0.048194 0.104487
v -0.190915 -0.062275 0.103217
v -0.190934 -0.062275 0.103438
v -0.190991 -0.062275 0.103652
v -0.191085 -0.062275 0.103852
v -0.191212 -0.062275 0.104034
v -0.191368 -0.062275 0.104190
v -0.191550 -0.062275 0.104317
v -0.191750 -0.062275 0.104411
v -0.191964 -0.062275 0.104468
v -0.279915 -0.062275 0.103217
v -0.279239 -0.054547 0.103217
v -0.277231 -0.047055 0.103217
v -0.273953 -0.040025 0.103217
v -0.269504 -0.033671 0.103217
v -0.264019 -0.028186 0.103217
v -0.257665 -0.023736 0.103217
v -0.250634 -0.020458 0.103217
v -0.243142 -0.018451 0.103217
v -0.235415 -0.017775 0.103217
v -0.227687 -0.018451 0.103217
v -0.220195 -0.020458 0.103217
v -0.213165 -0.023736 0.103217
v -0.206811 -0.028186 0.103217
v -0.201326 -0.033671 0.103217
v -0.196876 -0.040025 0.103217
v -0.193598 -0.047055 0.103217
v -0.191591 -0.054547 0.103217
v -0.279895 -0.062275 0.103438
v -0.279838 -0.062275 0.103652
v -0.279744 -0.062275 0.103852
v -0.279617 -0.062275 0.104034
v -0.279461 -0.062275 0.104190
v -0.279280 -0.062275 0.104317
v -0.279079 -0.062275 0.104411
v -0.278865 -0.062275 0.104468
v -0.278645 -0.062275 0.104487
v -0.277448 -0.052174 0.104487
v -0.278111 -0.055506 0.104487
v -0.278511 -0.058880 0.104487
v -0.276867 -0.050005 0.104487
v -0.277088 -0.050237 0.104479
v -0.277206 -0.050396 0.104469
v -0.277308 -0.050566 0.104459
v -0.277408 -0.050783 0.104450
v -0.277471 -0.050970 0.104446
v -0.277517 -0.051163 0.104448
v -0.277547 -0.051418 0.104456
v -0.277549 -0.051615 0.104466
v -0.277529 -0.051832 0.104477
v -0.277496 -0.052004 0.104484
v -0.257994 -0.025410 0.104487
v -0.263140 -0.029106 0.104487
v -0.267691 -0.033515 0.104487
v -0.271548 -0.038542 0.104487
v -0.274628 -0.044078 0.104487
v -0.256165 -0.024285 0.104486
v -0.256502 -0.024312 0.104472
v -0.256830 -0.024396 0.104455
v -0.257139 -0.024531 0.104446
v -0.257423 -0.024716 0.104451
v -0.257672 -0.024945 0.104466
v -0.257849 -0.025166 0.104480
v -0.256050 -0.024288 0.104487
v -0.225314 -0.020241 0.104487
v -0.231566 -0.019216 0.104487
v -0.237901 -0.019116 0.104487
v -0.244183 -0.019943 0.104487
v -0.250276 -0.021679 0.104487
v -0.224674 -0.020139 0.104462
v -0.224889 -0.020150 0.104473
v -0.225103 -0.020184 0.104483
v -0.223145 -0.020822 0.104487
v -0.223352 -0.020622 0.104480
v -0.223583 -0.020453 0.104466
v -0.223837 -0.020317 0.104452
v -0.224106 -0.020219 0.104446
v -0.224388 -0.020159 0.104450
v -0.202246 -0.034549 0.104487
v -0.206655 -0.029999 0.104487
v -0.211682 -0.026142 0.104487
v -0.217218 -0.023061 0.104487
v -0.278700 -0.058865 0.104473
v -0.278944 -0.058846 0.104411
v -0.279144 -0.058830 0.104317
v -0.279325 -0.058816 0.104190
v -0.279481 -0.058803 0.104034
v -0.279608 -0.058793 0.103852
v -0.279701 -0.058786 0.103652
v -0.279758 -0.058782 0.103438
v -0.278299 -0.055476 0.104473
v -0.278540 -0.055438 0.104411
v -0.278739 -0.055406 0.104317
v -0.278918 -0.055378 0.104190
v -0.279072 -0.055354 0.104034
v -0.279198 -0.055334 0.103852
v -0.279290 -0.055319 0.103652
v -0.279347 -0.055310 0.103438
v -0.277632 -0.052129 0.104473
v -0.277870 -0.052072 0.104411
v -0.278065 -0.052025 0.104317
v -0.278242 -0.051983 0.104190
v -0.278394 -0.051946 0.104034
v -0.278517 -0.051917 0.103852
v -0.277633 -0.051132 0.104411
v -0.278608 -0.051895 0.103652
v -0.277827 -0.051081 0.104317
v -0.278664 -0.051882 0.103438
v -0.278003 -0.051034 0.104190
v -0.278154 -0.050994 0.104034
v -0.277129 -0.050225 0.104473
v -0.278277 -0.050962 0.103852
v -0.277364 -0.050157 0.104411
v -0.278367 -0.050938 0.103652
v -0.277557 -0.050102 0.104317
v -0.278423 -0.050924 0.103438
v -0.277731 -0.050051 0.104190
v -0.277881 -0.050008 0.104034
v -0.278003 -0.049973 0.103852
v -0.278093 -0.049947 0.103652
v -0.278148 -0.049931 0.103438
v -0.276952 -0.047156 0.104034
v -0.277071 -0.047113 0.103852
v -0.277159 -0.047081 0.103652
v -0.277213 -0.047061 0.103438
v -0.274800 -0.043998 0.104473
v -0.275022 -0.043895 0.104411
v -0.275204 -0.043811 0.104317
v -0.275369 -0.043735 0.104190
v -0.275511 -0.043669 0.104034
v -0.275626 -0.043615 0.103852
v -0.275711 -0.043576 0.103652
v -0.275763 -0.043552 0.103438
v -0.273560 -0.040251 0.104190
v -0.273695 -0.040173 0.104034
v -0.273805 -0.040110 0.103852
v -0.273886 -0.040063 0.103652
v -0.273936 -0.040034 0.103438
v -0.271706 -0.038438 0.104473
v -0.271911 -0.038303 0.104411
v -0.272078 -0.038193 0.104317
v -0.272230 -0.038094 0.104190
v -0.272361 -0.038008 0.104034
v -0.272467 -0.037938 0.103852
v -0.272545 -0.037887 0.103652
v -0.272593 -0.037855 0.103438
v -0.269156 -0.033962 0.104190
v -0.269276 -0.033862 0.104034
v -0.269373 -0.033780 0.103852
v -0.267832 -0.033389 0.104473
v -0.269445 -0.033720 0.103652
v -0.268015 -0.033226 0.104411
v -0.269489 -0.033683 0.103438
v -0.268165 -0.033093 0.104317
v -0.268300 -0.032972 0.104190
v -0.268417 -0.032868 0.104034
v -0.268512 -0.032784 0.103852
v -0.268582 -0.032721 0.103652
v -0.268624 -0.032683 0.103438
v -0.263324 -0.029013 0.104473
v -0.263481 -0.028826 0.104411
v -0.263610 -0.028672 0.104317
v -0.263727 -0.028533 0.104190
v -0.263828 -0.028413 0.104034
v -0.263909 -0.028316 0.103852
v -0.263969 -0.028244 0.103652
v -0.264006 -0.028200 0.103438
v -0.258093 -0.025248 0.104473
v -0.258221 -0.025040 0.104411
v -0.258326 -0.024869 0.104317
v -0.258421 -0.024714 0.104190
v -0.258502 -0.024581 0.104034
v -0.258569 -0.024472 0.103852
v -0.258618 -0.024392 0.103652
v -0.257247 -0.024460 0.104411
v -0.258648 -0.024344 0.103438
v -0.257347 -0.024286 0.104317
v -0.257438 -0.024129 0.104190
v -0.257516 -0.023994 0.104034
v -0.256228 -0.024169 0.104473
v -0.257579 -0.023884 0.103852
v -0.256345 -0.023954 0.104411
v -0.257626 -0.023803 0.103652
v -0.256441 -0.023778 0.104317
v -0.257655 -0.023753 0.103438
v -0.256528 -0.023619 0.104190
v -0.256603 -0.023481 0.104034
v -0.256664 -0.023370 0.103852
v -0.256709 -0.023288 0.103652
v -0.256737 -0.023237 0.103438
v -0.250341 -0.021501 0.104473
v -0.250425 -0.021272 0.104411
v -0.250494 -0.021083 0.104317
v -0.250557 -0.020913 0.104190
v -0.250611 -0.020766 0.104034
v -0.250654 -0.020647 0.103852
v -0.250686 -0.020559 0.103652
v -0.250706 -0.020505 0.103438
v -0.244221 -0.019758 0.104473
v -0.244271 -0.019518 0.104411
v -0.244312 -0.019321 0.104317
v -0.244348 -0.019144 0.104190
v -0.244380 -0.018991 0.104034
v -0.244406 -0.018866 0.103852
v -0.244425 -0.018775 0.103652
v -0.244437 -0.018718 0.103438
v -0.243063 -0.018897 0.104190
v -0.243090 -0.018743 0.104034
v -0.243112 -0.018618 0.103852
v -0.243129 -0.018526 0.103652
v -0.243139 -0.018470 0.103438
v -0.237912 -0.018927 0.104473
v -0.237926 -0.018683 0.104411
v -0.237938 -0.018482 0.104317
v -0.237948 -0.018301 0.104190
v -0.237957 -0.018145 0.104034
v -0.237964 -0.018018 0.103852
v -0.237970 -0.017925 0.103652
v -0.237973 -0.017868 0.103438
v -0.235415 -0.018228 0.104190
v -0.235415 -0.018072 0.104034
v -0.235415 -0.017945 0.103852
v -0.235415 -0.017851 0.103652
v -0.235415 -0.017794 0.103438
v -0.231549 -0.019027 0.104473
v -0.231527 -0.018784 0.104411
v -0.231510 -0.018584 0.104317
v -0.231493 -0.018403 0.104190
v -0.231480 -0.018247 0.104034
v -0.231468 -0.018121 0.103852
v -0.231460 -0.018028 0.103652
v -0.231455 -0.017970 0.103438
v -0.227739 -0.018743 0.104034
v -0.227717 -0.018618 0.103852
v -0.227701 -0.018526 0.103652
v -0.227691 -0.018470 0.103438
v -0.225269 -0.020057 0.104473
v -0.225212 -0.019819 0.104411
v -0.225165 -0.019624 0.104317
v -0.225123 -0.019447 0.104190
v -0.225086 -0.019295 0.104034
v -0.225057 -0.019172 0.103852
v -0.225035 -0.019081 0.103652
v -0.224076 -0.020108 0.104411
v -0.225022 -0.019025 0.103438
v -0.224024 -0.019914 0.104317
v -0.223977 -0.019739 0.104190
v -0.223936 -0.019588 0.104034
v -0.223092 -0.020640 0.104473
v -0.223903 -0.019465 0.103852
v -0.223022 -0.020406 0.104411
v -0.223879 -0.019375 0.103652
v -0.222965 -0.020213 0.104317
v -0.223864 -0.019320 0.103438
v -0.222914 -0.020039 0.104190
v -0.222869 -0.019889 0.104034
v -0.222833 -0.019768 0.103852
v -0.222807 -0.019678 0.103652
v -0.222790 -0.019623 0.103438
v -0.220296 -0.020737 0.104034
v -0.220253 -0.020618 0.103852
v -0.220221 -0.020530 0.103652
v -0.220201 -0.020476 0.103438
v -0.217138 -0.022889 0.104473
v -0.217035 -0.022667 0.104411
v -0.216951 -0.022485 0.104317
v -0.216875 -0.022320 0.104190
v -0.216809 -0.022178 0.104034
v -0.216755 -0.022063 0.103852
v -0.216716 -0.021978 0.103652
v -0.216692 -0.021926 0.103438
v -0.213391 -0.024129 0.104190
v -0.213313 -0.023994 0.104034
v -0.213250 -0.023884 0.103852
v -0.213203 -0.023803 0.103652
v -0.213174 -0.023753 0.103438
v -0.211578 -0.025983 0.104473
v -0.211443 -0.025779 0.104411
v -0.211333 -0.025611 0.104317
v -0.211234 -0.025459 0.104190
v -0.211148 -0.025328 0.104034
v -0.211078 -0.025222 0.103852
v -0.211027 -0.025144 0.103652
v -0.210995 -0.025096 0.103438
v -0.207102 -0.028533 0.104190
v -0.207001 -0.028413 0.104034
v -0.206920 -0.028316 0.103852
v -0.206529 -0.029857 0.104473
v -0.206860 -0.028244 0.103652
v -0.206366 -0.029674 0.104411
v -0.206823 -0.028200 0.103438
v -0.206233 -0.029525 0.104317
v -0.206112 -0.029389 0.104190
v -0.206008 -0.029272 0.104034
v -0.205924 -0.029177 0.103852
v -0.205861 -0.029108 0.103652
v -0.205823 -0.029065 0.103438
v -0.202153 -0.034365 0.104473
v -0.201966 -0.034208 0.104411
v -0.201812 -0.034079 0.104317
v -0.201673 -0.033962 0.104190
v -0.201553 -0.033862 0.104034
v -0.201456 -0.033780 0.103852
v -0.201384 -0.033720 0.103652
v -0.201340 -0.033683 0.103438
v -0.198388 -0.039596 0.104473
v -0.198180 -0.039468 0.104411
v -0.198009 -0.039363 0.104317
v -0.197854 -0.039268 0.104190
v -0.197720 -0.039187 0.104034
v -0.197612 -0.039120 0.103852
v -0.197682 -0.040301 0.104411
v -0.197532 -0.039071 0.103652
v -0.197509 -0.040200 0.104317
v -0.197484 -0.039042 0.103438
v -0.197352 -0.040108 0.104190
v -0.197217 -0.040030 0.104034
v -0.197398 -0.041298 0.104473
v -0.197107 -0.039966 0.103852
v -0.197184 -0.041180 0.104411
v -0.197026 -0.039919 0.103652
v -0.197008 -0.041083 0.104317
v -0.196977 -0.039890 0.103438
v -0.196849 -0.040996 0.104190
v -0.196712 -0.040920 0.104034
v -0.196601 -0.040859 0.103852
v -0.196519 -0.040813 0.103652
v -0.196469 -0.040786 0.103438
v -0.194195 -0.047272 0.104317
v -0.194025 -0.047210 0.104190
v -0.193877 -0.047156 0.104034
v -0.193758 -0.047113 0.103852
v -0.193670 -0.047081 0.103652
v -0.193616 -0.047061 0.103438
v -0.192414 -0.054692 0.104411
v -0.192216 -0.054658 0.104317
v -0.192037 -0.054626 0.104190
v -0.191883 -0.054599 0.104034
v -0.191758 -0.054577 0.103852
v -0.191666 -0.054561 0.103652
v -0.191610 -0.054551 0.103438
v -0.190915 -0.062275 0.103217
v -0.190934 -0.062275 0.103438
v -0.190991 -0.062275 0.103652
v -0.191085 -0.062275 0.103852
v -0.191212 -0.062275 0.104034
v -0.191368 -0.062275 0.104190
v -0.191550 -0.062275 0.104317
v -0.191750 -0.062275 0.104411
v -0.191964 -0.062275 0.104468
v -0.192185 -0.062275 0.104487
v -0.192185 -0.109275 0.104487
v -0.190915 -0.109275 0.103217
v -0.190934 -0.109275 0.103438
v -0.190991 -0.109275 0.103652
v -0.191085 -0.109275 0.103852
v -0.191212 -0.109275 0.104034
v -0.191368 -0.109275 0.104190
v -0.191550 -0.109275 0.104317
v -0.191750 -0.109275 0.104411
v -0.191964 -0.109275 0.104468
v -0.248562 -0.127657 0.040220
v -0.248732 -0.127934 0.039997
v -0.248851 -0.128203 0.039737
v -0.248903 -0.128409 0.039501
v -0.248913 -0.128528 0.039345
v -0.248900 -0.128652 0.039163
v -0.248858 -0.128760 0.038973
v -0.248792 -0.128839 0.038803
v -0.248709 -0.128890 0.038653
v -0.248641 -0.128913 0.038558
v -0.248563 -0.128925 0.038468
v -0.268431 -0.127657 0.011869
v -0.262768 -0.127657 0.021968
v -0.256123 -0.127657 0.031450
v -0.266785 -0.128925 0.012467
v -0.266919 -0.128909 0.012517
v -0.267055 -0.128878 0.012551
v -0.267190 -0.128834 0.012569
v -0.267323 -0.128778 0.012573
v -0.267450 -0.128713 0.012564
v -0.267572 -0.128639 0.012543
v -0.267724 -0.128532 0.012499
v -0.267880 -0.128401 0.012430
v -0.268021 -0.128263 0.012345
v -0.268145 -0.128120 0.012246
v -0.268287 -0.127922 0.012095
v -0.268366 -0.127790 0.011985
v -0.266496 -0.128927 0.012880
v -0.248852 -0.128927 0.038056
v -0.255481 -0.128927 0.030205
v -0.261378 -0.128927 0.021790
v -0.249062 -0.127922 0.039651
v -0.249019 -0.128120 0.039610
v -0.248907 -0.128401 0.039505
v -0.249764 -0.127922 0.038899
v -0.249721 -0.128120 0.038858
v -0.249608 -0.128401 0.038754
v -0.249528 -0.128532 0.038680
v -0.249432 -0.128652 0.038591
v -0.249314 -0.128760 0.038483
v -0.249202 -0.128834 0.038379
v -0.249074 -0.128890 0.038260
v -0.248903 -0.128925 0.038102
v -0.256101 -0.127922 0.031433
v -0.256054 -0.128120 0.031396
v -0.255933 -0.128401 0.031302
v -0.255847 -0.128532 0.031235
v -0.255744 -0.128652 0.031155
v -0.255617 -0.128760 0.031057
v -0.255497 -0.128834 0.030963
v -0.255358 -0.128890 0.030855
v -0.262376 -0.128120 0.022424
v -0.262246 -0.128401 0.022342
v -0.262155 -0.128532 0.022284
v -0.262044 -0.128652 0.022214
v -0.261909 -0.128760 0.022128
v -0.261780 -0.128834 0.022046
v -0.261633 -0.128890 0.021952
v -0.261436 -0.128925 0.021827
v -0.267600 -0.127922 0.013449
v -0.267547 -0.128120 0.013422
v -0.267410 -0.128401 0.013352
v -0.267313 -0.128532 0.013302
v -0.267929 -0.127922 0.012807
v -0.267197 -0.128652 0.013242
v -0.267876 -0.128120 0.012780
v -0.267055 -0.128760 0.013168
v -0.266919 -0.128834 0.013098
v -0.267738 -0.128401 0.012710
v -0.267641 -0.128532 0.012661
v -0.266764 -0.128890 0.013018
v -0.267525 -0.128652 0.012602
v -0.266557 -0.128925 0.012911
v -0.266785 -0.128925 0.012467
v -0.266919 -0.128909 0.012517
v -0.267055 -0.128878 0.012551
v -0.267190 -0.128834 0.012569
v -0.267323 -0.128778 0.012573
v -0.267450 -0.128713 0.012564
v -0.267572 -0.128639 0.012543
v -0.267724 -0.128532 0.012499
v -0.267880 -0.128401 0.012430
v -0.268021 -0.128263 0.012345
v -0.268145 -0.128120 0.012246
v -0.268287 -0.127922 0.012095
v -0.268366 -0.127790 0.011985
v -0.268431 -0.127657 0.011869
v -0.268431 -0.220301 0.011869
v -0.266785 -0.219033 0.012467
v -0.266919 -0.219049 0.012517
v -0.267055 -0.219080 0.012551
v -0.267190 -0.219124 0.012569
v -0.267323 -0.219180 0.012573
v -0.267450 -0.219245 0.012564
v -0.267572 -0.219319 0.012543
v -0.267724 -0.219425 0.012499
v -0.267880 -0.219556 0.012430
v -0.268021 -0.219694 0.012345
v -0.268145 -0.219838 0.012246
v -0.268287 -0.220036 0.012095
v -0.268366 -0.220168 0.011985
v -0.248563 -0.219033 0.038468
v -0.248563 -0.128925 0.038468
v -0.248562 -0.220301 0.040220
v -0.248732 -0.220024 0.039997
v -0.248851 -0.219755 0.039737
v -0.248903 -0.219549 0.039501
v -0.248913 -0.219429 0.039345
v -0.248900 -0.219306 0.039163
v -0.248858 -0.219198 0.038973
v -0.248792 -0.219119 0.038803
v -0.248709 -0.219067 0.038653
v -0.248641 -0.219045 0.038558
v -0.248562 -0.127657 0.040220
v -0.248732 -0.127934 0.039997
v -0.248851 -0.128203 0.039737
v -0.248903 -0.128409 0.039501
v -0.248913 -0.128528 0.039345
v -0.248900 -0.128652 0.039163
v -0.248858 -0.128760 0.038973
v -0.248792 -0.128839 0.038803
v -0.248709 -0.128890 0.038653
v -0.248641 -0.128913 0.038558
v -0.266785 -0.219033 0.012467
v -0.266919 -0.219049 0.012517
v -0.267055 -0.219080 0.012551
v -0.267190 -0.219124 0.012569
v -0.267323 -0.219180 0.012573
v -0.267450 -0.219245 0.012564
v -0.267572 -0.219319 0.012543
v -0.267724 -0.219425 0.012499
v -0.267880 -0.219556 0.012430
v -0.268021 -0.219694 0.012345
v -0.268145 -0.219838 0.012246
v -0.268287 -0.220036 0.012095
v -0.268366 -0.220168 0.011985
v -0.268431 -0.220301 0.011869
v -0.248562 -0.220301 0.040220
v -0.256123 -0.220301 0.031450
v -0.262768 -0.220301 0.021968
v -0.248732 -0.220024 0.039997
v -0.248851 -0.219755 0.039737
v -0.248903 -0.219549 0.039501
v -0.248913 -0.219429 0.039345
v -0.248900 -0.219306 0.039163
v -0.248858 -0.219198 0.038973
v -0.248792 -0.219119 0.038803
v -0.248709 -0.219067 0.038653
v -0.248641 -0.219045 0.038558
v -0.248563 -0.219033 0.038468
v -0.248852 -0.219031 0.038056
v -0.266496 -0.219031 0.012880
v -0.261378 -0.219031 0.021790
v -0.255481 -0.219031 0.030205
v -0.268071 -0.220036 0.012526
v -0.268018 -0.219838 0.012500
v -0.267600 -0.220036 0.013449
v -0.267547 -0.219838 0.013422
v -0.267410 -0.219556 0.013352
v -0.267313 -0.219425 0.013302
v -0.267197 -0.219306 0.013242
v -0.267055 -0.219198 0.013168
v -0.266919 -0.219124 0.013098
v -0.266764 -0.219067 0.013018
v -0.266557 -0.219033 0.012911
v -0.262744 -0.220036 0.021953
v -0.262694 -0.219838 0.021922
v -0.262564 -0.219556 0.021840
v -0.262472 -0.219425 0.021782
v -0.262361 -0.219306 0.021712
v -0.262226 -0.219198 0.021627
v -0.262096 -0.219124 0.021546
v -0.261948 -0.219067 0.021453
v -0.256418 -0.219838 0.030926
v -0.256296 -0.219556 0.030832
v -0.256210 -0.219425 0.030766
v -0.256107 -0.219306 0.030686
v -0.255980 -0.219198 0.030588
v -0.255859 -0.219124 0.030495
v -0.255720 -0.219067 0.030388
v -0.255536 -0.219033 0.030247
v -0.249764 -0.220036 0.038899
v -0.249721 -0.219838 0.038858
v -0.249608 -0.219556 0.038754
v -0.249305 -0.220036 0.039392
v -0.249528 -0.219425 0.038680
v -0.249432 -0.219306 0.038591
v -0.249262 -0.219838 0.039351
v -0.249314 -0.219198 0.038483
v -0.249150 -0.219556 0.039246
v -0.249202 -0.219124 0.038379
v -0.249070 -0.219425 0.039172
v -0.249074 -0.219067 0.038260
v -0.248975 -0.219306 0.039083
v -0.248903 -0.219033 0.038102
v -0.243214 -0.109275 0.054449
v -0.243492 -0.109305 0.054171
v -0.243746 -0.109392 0.053916
v -0.243963 -0.109519 0.053700
v -0.244135 -0.109670 0.053528
v -0.244264 -0.109831 0.053399
v -0.244356 -0.109989 0.053307
v -0.244417 -0.110138 0.053246
v -0.244458 -0.110289 0.053205
v -0.244477 -0.110419 0.053185
v -0.244484 -0.110545 0.053179
v -0.243214 -0.109275 0.043742
v -0.244484 -0.110545 0.044289
v -0.244472 -0.110371 0.044284
v -0.244437 -0.110203 0.044269
v -0.244379 -0.110040 0.044244
v -0.244301 -0.109889 0.044211
v -0.244205 -0.109751 0.044169
v -0.244092 -0.109628 0.044121
v -0.243967 -0.109522 0.044067
v -0.243829 -0.109434 0.044008
v -0.243683 -0.109365 0.043945
v -0.243530 -0.109315 0.043879
v -0.243373 -0.109285 0.043811
v -0.244484 -0.110545 0.044289
v -0.244472 -0.110371 0.044284
v -0.244437 -0.110203 0.044269
v -0.244379 -0.110040 0.044244
v -0.244301 -0.109889 0.044211
v -0.244205 -0.109751 0.044169
v -0.244092 -0.109628 0.044121
v -0.243967 -0.109522 0.044067
v -0.243829 -0.109434 0.044008
v -0.243683 -0.109365 0.043945
v -0.243530 -0.109315 0.043879
v -0.243373 -0.109285 0.043811
v -0.243214 -0.109275 0.043742
v -0.272135 -0.109275 0.000089
v -0.266851 -0.109275 0.012187
v -0.260207 -0.109275 0.023594
v -0.252293 -0.109275 0.034159
v -0.270865 -0.110545 0.006646
v -0.270866 -0.110486 0.006640
v -0.270870 -0.110427 0.006620
v -0.270878 -0.110362 0.006583
v -0.270890 -0.110290 0.006522
v -0.270914 -0.110194 0.006408
v -0.270963 -0.110055 0.006173
v -0.271070 -0.109851 0.005649
v -0.271211 -0.109673 0.004954
v -0.271561 -0.109411 0.003173
v -0.252462 -0.110545 0.035918
v -0.259564 -0.110545 0.026792
v -0.265719 -0.110545 0.017002
v -0.251740 -0.109315 0.035296
v -0.251934 -0.109411 0.035463
v -0.252071 -0.109522 0.035581
v -0.252200 -0.109673 0.035692
v -0.252306 -0.109851 0.035784
v -0.252383 -0.110040 0.035850
v -0.252535 -0.109315 0.034363
v -0.252427 -0.110203 0.035888
v -0.252453 -0.110371 0.035911
v -0.252731 -0.109411 0.034529
v -0.252869 -0.109522 0.034645
v -0.252999 -0.109673 0.034755
v -0.253107 -0.109851 0.034845
v -0.253184 -0.110040 0.034911
v -0.253228 -0.110203 0.034948
v -0.253255 -0.110371 0.034971
v -0.259280 -0.109673 0.026594
v -0.259396 -0.109851 0.026674
v -0.259479 -0.110040 0.026732
v -0.259526 -0.110203 0.026765
v -0.259555 -0.110371 0.026786
v -0.260471 -0.109315 0.023769
v -0.260685 -0.109411 0.023910
v -0.260835 -0.109522 0.024010
v -0.260977 -0.109673 0.024104
v -0.261094 -0.109851 0.024182
v -0.261179 -0.110040 0.024238
v -0.261227 -0.110203 0.024269
v -0.261256 -0.110371 0.024289
v -0.265417 -0.109673 0.016833
v -0.265539 -0.109851 0.016902
v -0.265628 -0.110040 0.016951
v -0.265678 -0.110203 0.016979
v -0.265709 -0.110371 0.016997
v -0.267133 -0.109315 0.012330
v -0.267362 -0.109411 0.012446
v -0.267522 -0.109522 0.012527
v -0.267674 -0.109673 0.012604
v -0.267800 -0.109851 0.012668
v -0.267890 -0.110040 0.012714
v -0.267941 -0.110203 0.012740
v -0.267973 -0.110371 0.012756
v -0.269990 -0.109315 0.006265
v -0.270226 -0.109411 0.006368
v -0.270391 -0.109522 0.006440
v -0.270547 -0.109673 0.006508
v -0.270676 -0.109851 0.006564
v -0.270382 -0.109315 0.005356
v -0.270769 -0.110040 0.006604
v -0.270618 -0.109411 0.005457
v -0.270822 -0.110203 0.006627
v -0.270784 -0.109522 0.005527
v -0.270854 -0.110371 0.006641
v -0.270940 -0.109673 0.005594
v -0.271323 -0.109315 0.003078
v -0.243214 -0.109275 0.054449
v -0.243492 -0.109305 0.054171
v -0.243746 -0.109392 0.053916
v -0.243963 -0.109519 0.053700
v -0.244135 -0.109670 0.053528
v -0.244264 -0.109831 0.053399
v -0.244356 -0.109989 0.053307
v -0.244417 -0.110138 0.053246
v -0.244458 -0.110289 0.053205
v -0.244477 -0.110419 0.053185
v -0.244484 -0.110545 0.053179
v -0.270865 -0.110545 0.053179
v -0.272135 -0.109275 0.054449
v -0.271856 -0.109305 0.054171
v -0.271602 -0.109392 0.053916
v -0.271386 -0.109519 0.053700
v -0.271213 -0.109670 0.053528
v -0.271084 -0.109831 0.053399
v -0.270992 -0.109989 0.053307
v -0.270931 -0.110138 0.053246
v -0.270890 -0.110289 0.053205
v -0.270871 -0.110419 0.053185
v -0.270865 -0.110545 0.006646
v -0.270866 -0.110486 0.006640
v -0.270870 -0.110427 0.006620
v -0.270878 -0.110362 0.006583
v -0.270890 -0.110290 0.006522
v -0.270914 -0.110194 0.006408
v -0.270963 -0.110055 0.006173
v -0.271070 -0.109851 0.005649
v -0.271211 -0.109673 0.004954
v -0.271561 -0.109411 0.003173
v -0.272135 -0.109275 0.000089
v -0.272135 -0.109275 0.054449
v -0.271856 -0.109305 0.054171
v -0.271602 -0.109392 0.053916
v -0.271386 -0.109519 0.053700
v -0.271213 -0.109670 0.053528
v -0.271084 -0.109831 0.053399
v -0.270992 -0.109989 0.053307
v -0.270931 -0.110138 0.053246
v -0.270890 -0.110289 0.053205
v -0.270871 -0.110419 0.053185
v -0.270865 -0.110545 0.053179
v -0.278645 -0.229455 -0.018947
v -0.279348 -0.231202 -0.023305
v -0.279811 -0.232269 -0.026993
v -0.279868 -0.232334 -0.027525
v -0.279890 -0.232329 -0.027742
v -0.279900 -0.232311 -0.027840
v -0.279907 -0.232284 -0.027908
v -0.279913 -0.232236 -0.027962
v -0.279915 -0.232166 -0.027982
v -0.278645 -0.200715 0.044289
v -0.279915 -0.199445 0.044014
v -0.279895 -0.199669 0.044063
v -0.279839 -0.199876 0.044108
v -0.279756 -0.200058 0.044147
v -0.279643 -0.200229 0.044184
v -0.279503 -0.200381 0.044217
v -0.279340 -0.200507 0.044244
v -0.279163 -0.200604 0.044265
v -0.278977 -0.200670 0.044280
v -0.278809 -0.200704 0.044287
v -0.139515 -0.199445 0.120489
v -0.139515 -0.199665 0.120470
v -0.139515 -0.199879 0.120413
v -0.139515 -0.200080 0.120319
v -0.139515 -0.200261 0.120192
v -0.139515 -0.200417 0.120036
v -0.139515 -0.200544 0.119854
v -0.139515 -0.200638 0.119654
v -0.139515 -0.200695 0.119440
v -0.139515 -0.200715 0.119219
v -0.278645 -0.199445 0.120489
v -0.278645 -0.200715 0.119219
v -0.278645 -0.200695 0.119440
v -0.278645 -0.200638 0.119654
v -0.278645 -0.200544 0.119854
v -0.278645 -0.200417 0.120036
v -0.278645 -0.200261 0.120192
v -0.278645 -0.200080 0.120319
v -0.278645 -0.199879 0.120413
v -0.278645 -0.199665 0.120470
v -0.279915 -0.199445 0.044014
v -0.279895 -0.199669 0.044063
v -0.279839 -0.199876 0.044108
v -0.279756 -0.200058 0.044147
v -0.279643 -0.200229 0.044184
v -0.279503 -0.200381 0.044217
v -0.279340 -0.200507 0.044244
v -0.279163 -0.200604 0.044265
v -0.278977 -0.200670 0.044280
v -0.278809 -0.200704 0.044287
v -0.278645 -0.200715 0.044289
v -0.278645 -0.200715 0.119219
v -0.279915 -0.199445 0.119219
v -0.279895 -0.199665 0.119219
v -0.279838 -0.199879 0.119219
v -0.279744 -0.200080 0.119219
v -0.279617 -0.200261 0.119219
v -0.279461 -0.200417 0.119219
v -0.279280 -0.200544 0.119219
v -0.279079 -0.200638 0.119219
v -0.278865 -0.200695 0.119219
v -0.279915 -0.199445 0.119219
v -0.279915 -0.199445 0.119219
v -0.279895 -0.199665 0.119219
v -0.279838 -0.199879 0.119219
v -0.279744 -0.200080 0.119219
v -0.279617 -0.200261 0.119219
v -0.279461 -0.200417 0.119219
v -0.279280 -0.200544 0.119219
v -0.279079 -0.200638 0.119219
v -0.278865 -0.200695 0.119219
v -0.278645 -0.200715 0.119219
v -0.278645 -0.200695 0.119440
v -0.278645 -0.200638 0.119654
v -0.278645 -0.200544 0.119854
v -0.278645 -0.200417 0.120036
v -0.278645 -0.200261 0.120192
v -0.278645 -0.200080 0.120319
v -0.278645 -0.199879 0.120413
v -0.278645 -0.199665 0.120470
v -0.278645 -0.199445 0.120489
v -0.279895 -0.199445 0.119440
v -0.279838 -0.199445 0.119654
v -0.279744 -0.199445 0.119854
v -0.279617 -0.199445 0.120036
v -0.279461 -0.199445 0.120192
v -0.279280 -0.199445 0.120319
v -0.279079 -0.199445 0.120413
v -0.278865 -0.199445 0.120470
v -0.278927 -0.200675 0.119358
v -0.278927 -0.200613 0.119628
v -0.278927 -0.200493 0.119878
v -0.279196 -0.200560 0.119474
v -0.278927 -0.200320 0.120095
v -0.279196 -0.200475 0.119716
v -0.279436 -0.200431 0.119330
v -0.278927 -0.200103 0.120268
v -0.279196 -0.200339 0.119933
v -0.279436 -0.200382 0.119547
v -0.278927 -0.199854 0.120388
v -0.279196 -0.200158 0.120114
v -0.279436 -0.200285 0.119747
v -0.279637 -0.200217 0.119395
v -0.278927 -0.199583 0.120450
v -0.279196 -0.199941 0.120250
v -0.279436 -0.200147 0.119921
v -0.279637 -0.200158 0.119563
v -0.279789 -0.199992 0.119281
v -0.279196 -0.199699 0.120335
v -0.279436 -0.199973 0.120060
v -0.279637 -0.200064 0.119713
v -0.279789 -0.199965 0.119401
v -0.279436 -0.199773 0.120156
v -0.279637 -0.199938 0.119838
v -0.279789 -0.199911 0.119512
v -0.279883 -0.199720 0.119282
v -0.279436 -0.199556 0.120206
v -0.279637 -0.199788 0.119933
v -0.279789 -0.199834 0.119609
v -0.279883 -0.199699 0.119342
v -0.279637 -0.199621 0.119991
v -0.279789 -0.199738 0.119686
v -0.279883 -0.199666 0.119395
v -0.279789 -0.199627 0.119739
v -0.279883 -0.199621 0.119440
v -0.279789 -0.199506 0.119767
v -0.279883 -0.199567 0.119474
v -0.279883 -0.199507 0.119495
v -0.279915 -0.199445 0.119219
v -0.279895 -0.199445 0.119440
v -0.279838 -0.199445 0.119654
v -0.279744 -0.199445 0.119854
v -0.279617 -0.199445 0.120036
v -0.279461 -0.199445 0.120192
v -0.279280 -0.199445 0.120319
v -0.279079 -0.199445 0.120413
v -0.278865 -0.199445 0.120470
v -0.278645 -0.199445 0.120489
v -0.278645 -0.110545 0.120489
v -0.279915 -0.109275 0.119219
v -0.279905 -0.109284 0.119372
v -0.279876 -0.109313 0.119529
v -0.279825 -0.109364 0.119687
v -0.279752 -0.109437 0.119840
v -0.279657 -0.109532 0.119985
v -0.279543 -0.109647 0.120117
v -0.279411 -0.109778 0.120232
v -0.279266 -0.109923 0.120327
v -0.279112 -0.110077 0.120400
v -0.278955 -0.110235 0.120451
v -0.278797 -0.110392 0.120480
v -0.279915 -0.109275 0.119219
v -0.279905 -0.109284 0.119372
v -0.279876 -0.109313 0.119529
v -0.279825 -0.109364 0.119687
v -0.279752 -0.109437 0.119840
v -0.279657 -0.109532 0.119985
v -0.279543 -0.109647 0.120117
v -0.279411 -0.109778 0.120232
v -0.279266 -0.109923 0.120327
v -0.279112 -0.110077 0.120400
v -0.278955 -0.110235 0.120451
v -0.278797 -0.110392 0.120480
v -0.278645 -0.110545 0.120489
v -0.139515 -0.110545 0.120489
v -0.139515 -0.109275 0.119219
v -0.139515 -0.109290 0.119418
v -0.139515 -0.109337 0.119612
v -0.139515 -0.109413 0.119796
v -0.139515 -0.109517 0.119966
v -0.139515 -0.109647 0.120117
v -0.139515 -0.109798 0.120247
v -0.139515 -0.109968 0.120351
v -0.139515 -0.110152 0.120427
v -0.139515 -0.110346 0.120474
v -0.178829 -0.200715 0.075199
v -0.172619 -0.200715 0.075431
v -0.166429 -0.200715 0.074957
v -0.215860 -0.218822 0.064205
v -0.208112 -0.212760 0.067663
v -0.199565 -0.207708 0.070723
v -0.190718 -0.203908 0.073122
v -0.184872 -0.202081 0.074303
v -0.214449 -0.219765 0.063065
v -0.214516 -0.219800 0.063267
v -0.214606 -0.219808 0.063463
v -0.214715 -0.219787 0.063648
v -0.214842 -0.219738 0.063816
v -0.214981 -0.219663 0.063962
v -0.215130 -0.219563 0.064082
v -0.215284 -0.219442 0.064173
v -0.215438 -0.219304 0.064232
v -0.215589 -0.219151 0.064258
v -0.215730 -0.218989 0.064249
v -0.166888 -0.200741 0.074752
v -0.176690 -0.201658 0.074140
v -0.186079 -0.203808 0.072724
v -0.195517 -0.207346 0.070449
v -0.204425 -0.212159 0.067471
v -0.209603 -0.215750 0.065343
v -0.212256 -0.217733 0.064681
v -0.201683 -0.210384 0.069028
v -0.204482 -0.212066 0.068013
v -0.204653 -0.211759 0.068504
v -0.202205 -0.209704 0.069746
v -0.206414 -0.212264 0.068214
v -0.199260 -0.208126 0.070710
v -0.197172 -0.208010 0.070490
v -0.198907 -0.208503 0.070473
v -0.197750 -0.207381 0.071170
v -0.195661 -0.207301 0.070933
v -0.195887 -0.207049 0.071372
v -0.194128 -0.206623 0.071359
v -0.193365 -0.205445 0.072381
v -0.191781 -0.204825 0.072773
v -0.192780 -0.205721 0.072204
v -0.189405 -0.204786 0.072526
v -0.182983 -0.202860 0.073769
v -0.182361 -0.201943 0.074621
v -0.178244 -0.201833 0.074440
v -0.179838 -0.201845 0.074685
v -0.179348 -0.201296 0.075042
v -0.175944 -0.200717 0.075421
v -0.173051 -0.200786 0.075376
v -0.169944 -0.200796 0.075124
v -0.174880 -0.201298 0.074792
v -0.169727 -0.200775 0.075149
v -0.211001 -0.216744 0.065188
v -0.211026 -0.216739 0.065236
v -0.211055 -0.216732 0.065287
v -0.212361 -0.217700 0.064851
v -0.212306 -0.217720 0.064767
v -0.212422 -0.217673 0.064934
v -0.212489 -0.217637 0.065015
v -0.212564 -0.217592 0.065095
v -0.212648 -0.217534 0.065173
v -0.210483 -0.215119 0.066552
v -0.214295 -0.218184 0.064828
v -0.208504 -0.213681 0.067383
v -0.208810 -0.214561 0.066861
v -0.206567 -0.213431 0.067201
v -0.209144 -0.215262 0.066130
v -0.207181 -0.212772 0.067915
v -0.206190 -0.212748 0.067919
v -0.205247 -0.212555 0.067720
v -0.205425 -0.212249 0.068213
v -0.201928 -0.210131 0.069481
v -0.197447 -0.207779 0.070919
v -0.193741 -0.206114 0.071957
v -0.190577 -0.204877 0.072737
v -0.190066 -0.204458 0.073039
v -0.189545 -0.204018 0.073286
v -0.187183 -0.204048 0.073000
v -0.188349 -0.204104 0.073229
v -0.185749 -0.203612 0.073281
v -0.185463 -0.203217 0.073797
v -0.186648 -0.203089 0.073881
v -0.185185 -0.202667 0.074152
v -0.183926 -0.202576 0.074244
v -0.182669 -0.202478 0.074274
v -0.178788 -0.201639 0.074819
v -0.177733 -0.201448 0.074943
v -0.177195 -0.201649 0.074561
v -0.178286 -0.201099 0.075171
v -0.176303 -0.201384 0.074888
v -0.175405 -0.201081 0.075183
v -0.214215 -0.219225 0.064062
v -0.214293 -0.219187 0.064155
v -0.214210 -0.218270 0.064805
v -0.214371 -0.219143 0.064235
v -0.214448 -0.219094 0.064305
v -0.213197 -0.218086 0.064835
v -0.213232 -0.218062 0.064867
v -0.213268 -0.218037 0.064898
v -0.210754 -0.216016 0.066028
v -0.209935 -0.215663 0.066098
v -0.209788 -0.215281 0.066447
v -0.207511 -0.213641 0.067395
v -0.206853 -0.213191 0.067658
v -0.190666 -0.204412 0.073034
v -0.189466 -0.204482 0.072988
v -0.186911 -0.203646 0.073522
v -0.186188 -0.203428 0.073662
v -0.215108 -0.219067 0.064368
v -0.210106 -0.215989 0.065712
v -0.210205 -0.215436 0.066393
v -0.207845 -0.213223 0.067650
v -0.186467 -0.203826 0.073143
v -0.186108 -0.203718 0.073213
v -0.214449 -0.219765 0.063065
v -0.214516 -0.219800 0.063267
v -0.214606 -0.219808 0.063463
v -0.214715 -0.219787 0.063648
v -0.214842 -0.219738 0.063816
v -0.214981 -0.219663 0.063962
v -0.215130 -0.219563 0.064082
v -0.215284 -0.219442 0.064173
v -0.215438 -0.219304 0.064232
v -0.215589 -0.219151 0.064258
v -0.215730 -0.218989 0.064249
v -0.215860 -0.218822 0.064205
v -0.265085 -0.237545 0.018119
v -0.258702 -0.237270 0.028007
v -0.251410 -0.236275 0.037123
v -0.243984 -0.234483 0.044760
v -0.236549 -0.231840 0.051163
v -0.229148 -0.228258 0.056547
v -0.222378 -0.224006 0.060742
v -0.263984 -0.238815 0.017485
v -0.264175 -0.238795 0.017595
v -0.264360 -0.238738 0.017702
v -0.264534 -0.238644 0.017802
v -0.264691 -0.238517 0.017892
v -0.264827 -0.238361 0.017970
v -0.264937 -0.238180 0.018034
v -0.265018 -0.237979 0.018081
v -0.265068 -0.237765 0.018109
v -0.221888 -0.225658 0.059140
v -0.229636 -0.230350 0.054274
v -0.237579 -0.233938 0.048325
v -0.245567 -0.236484 0.041149
v -0.253226 -0.238028 0.032814
v -0.258898 -0.238640 0.025402
v -0.261878 -0.238713 0.021732
v -0.261207 -0.238087 0.024076
v -0.257149 -0.238321 0.028925
v -0.256736 -0.237574 0.030493
v -0.256220 -0.237993 0.030648
v -0.254523 -0.237785 0.032790
v -0.253068 -0.237081 0.035052
v -0.250962 -0.237554 0.036223
v -0.247075 -0.236746 0.040376
v -0.248591 -0.236741 0.039541
v -0.246392 -0.235694 0.042283
v -0.250099 -0.236543 0.038421
v -0.243868 -0.235912 0.043515
v -0.245427 -0.235977 0.042744
v -0.245485 -0.236352 0.041963
v -0.244784 -0.235263 0.043851
v -0.239853 -0.234647 0.047120
v -0.242166 -0.235033 0.045797
v -0.239441 -0.233545 0.048655
v -0.243159 -0.234788 0.045376
v -0.232512 -0.231652 0.052914
v -0.236497 -0.233392 0.049889
v -0.235464 -0.232564 0.051392
v -0.231889 -0.230530 0.054393
v -0.228194 -0.229439 0.055901
v -0.229061 -0.229912 0.055324
v -0.228580 -0.229214 0.056321
v -0.229426 -0.229674 0.055755
v -0.228062 -0.228276 0.057122
v -0.228928 -0.228762 0.056551
v -0.227196 -0.227774 0.057682
v -0.226841 -0.228222 0.057450
v -0.225108 -0.227170 0.058532
v -0.224285 -0.227109 0.058367
v -0.223426 -0.226553 0.058881
v -0.223781 -0.225637 0.059786
v -0.222099 -0.225183 0.060313
v -0.221720 -0.225396 0.059871
v -0.221686 -0.224893 0.060548
v -0.217941 -0.222571 0.061932
v -0.263798 -0.238006 0.020123
v -0.262299 -0.238415 0.021992
v -0.261588 -0.238472 0.022933
v -0.262217 -0.238499 0.021942
v -0.262133 -0.238570 0.021890
v -0.262049 -0.238628 0.021838
v -0.261964 -0.238675 0.021786
v -0.260109 -0.238543 0.024790
v -0.258969 -0.238550 0.026147
v -0.259019 -0.238250 0.026871
v -0.258070 -0.237874 0.028577
v -0.258946 -0.237783 0.027502
v -0.256991 -0.238004 0.029749
v -0.254736 -0.238134 0.031761
v -0.253876 -0.238020 0.032818
v -0.252880 -0.237874 0.034013
v -0.252524 -0.237489 0.035185
v -0.253532 -0.237645 0.033994
v -0.252053 -0.236911 0.036234
v -0.251342 -0.237048 0.036833
v -0.250586 -0.237148 0.037387
v -0.246783 -0.236322 0.041402
v -0.246017 -0.236339 0.041818
v -0.245985 -0.236123 0.042197
v -0.244370 -0.235689 0.043760
v -0.244065 -0.235342 0.044331
v -0.243556 -0.235455 0.044525
v -0.239681 -0.234203 0.047973
v -0.238514 -0.234007 0.048616
v -0.237343 -0.233726 0.049211
v -0.237164 -0.233261 0.050053
v -0.236316 -0.232919 0.050728
v -0.236081 -0.232229 0.051385
v -0.236928 -0.232579 0.050716
v -0.234949 -0.231743 0.052259
v -0.233182 -0.231550 0.053111
v -0.232205 -0.231176 0.053716
v -0.230714 -0.230664 0.054430
v -0.229483 -0.230137 0.055039
v -0.229349 -0.228993 0.056270
v -0.228135 -0.228965 0.056614
v -0.224027 -0.226480 0.059186
v -0.223598 -0.226199 0.059441
v -0.222750 -0.225906 0.059620
v -0.221927 -0.225539 0.059753
v -0.222291 -0.224620 0.060654
v -0.222086 -0.224476 0.060771
v -0.216695 -0.221020 0.063233
v -0.218009 -0.222552 0.062033
v -0.216774 -0.220961 0.063291
v -0.216859 -0.220893 0.063343
v -0.216949 -0.220814 0.063388
v -0.220245 -0.223431 0.061656
v -0.263984 -0.238608 0.018856
v -0.264072 -0.238535 0.018907
v -0.264149 -0.238456 0.018953
v -0.262912 -0.238449 0.020978
v -0.262946 -0.238410 0.020999
v -0.262979 -0.238368 0.021019
v -0.259581 -0.238220 0.026185
v -0.253380 -0.237949 0.033417
v -0.253213 -0.237788 0.034014
v -0.253030 -0.237569 0.034591
v -0.251562 -0.237326 0.036292
v -0.251083 -0.236735 0.037334
v -0.246162 -0.236524 0.041295
v -0.243850 -0.234995 0.044736
v -0.239006 -0.233827 0.048691
v -0.233755 -0.231813 0.052688
v -0.223273 -0.225823 0.059773
v -0.220887 -0.224788 0.060376
v -0.219113 -0.223054 0.061904
v -0.220036 -0.223628 0.061523
v -0.215483 -0.220515 0.063187
v -0.215550 -0.220496 0.063289
v -0.264706 -0.238021 0.018588
v -0.259256 -0.238552 0.025810
v -0.259215 -0.237762 0.027150
v -0.221478 -0.224730 0.060680
v -0.220548 -0.224180 0.061079
v -0.215476 -0.219964 0.063842
v -0.215556 -0.219906 0.063900
v -0.221522 -0.224138 0.061063
v -0.215746 -0.219375 0.064156
v -0.221193 -0.224553 0.060815
v -0.263984 -0.238815 0.017485
v -0.264175 -0.238795 0.017595
v -0.264360 -0.238738 0.017702
v -0.264534 -0.238644 0.017802
v -0.264691 -0.238517 0.017892
v -0.264827 -0.238361 0.017970
v -0.264937 -0.238180 0.018034
v -0.265018 -0.237979 0.018081
v -0.265068 -0.237765 0.018109
v -0.265085 -0.237545 0.018119
v -0.280403 -0.237545 -0.034947
v -0.279423 -0.237545 -0.023840
v -0.277377 -0.237545 -0.012879
v -0.274285 -0.237545 -0.002166
v -0.270174 -0.237545 0.008198
v -0.279073 -0.238815 -0.033677
v -0.279369 -0.238783 -0.033958
v -0.279657 -0.238686 -0.034233
v -0.279877 -0.238557 -0.034443
v -0.280005 -0.238452 -0.034565
v -0.280136 -0.238310 -0.034690
v -0.280238 -0.238158 -0.034789
v -0.280314 -0.238002 -0.034861
v -0.280364 -0.237849 -0.034909
v -0.280392 -0.237703 -0.034936
v -0.280400 -0.237624 -0.034944
v -0.269997 -0.238815 0.005452
v -0.274555 -0.238815 -0.007203
v -0.277594 -0.238815 -0.020307
v -0.270157 -0.237765 0.008190
v -0.270105 -0.237979 0.008167
v -0.270031 -0.238158 0.008133
v -0.269941 -0.238310 0.008092
v -0.269827 -0.238452 0.008041
v -0.269596 -0.238644 0.007936
v -0.269413 -0.238738 0.007853
v -0.269219 -0.238795 0.007765
v -0.270813 -0.238452 0.005802
v -0.270581 -0.238644 0.005702
v -0.270396 -0.238738 0.005623
v -0.270200 -0.238795 0.005539
v -0.274266 -0.237765 -0.002173
v -0.274212 -0.237979 -0.002191
v -0.274135 -0.238158 -0.002218
v -0.274042 -0.238310 -0.002249
v -0.273923 -0.238452 -0.002290
v -0.273684 -0.238644 -0.002372
v -0.273494 -0.238738 -0.002437
v -0.273291 -0.238795 -0.002506
v -0.275407 -0.238452 -0.006952
v -0.275164 -0.238644 -0.007024
v -0.274971 -0.238738 -0.007080
v -0.274766 -0.238795 -0.007141
v -0.277358 -0.237765 -0.012883
v -0.277302 -0.237979 -0.012897
v -0.277223 -0.238158 -0.012915
v -0.277128 -0.238310 -0.012938
v -0.277005 -0.238452 -0.012967
v -0.276759 -0.238644 -0.013026
v -0.276564 -0.238738 -0.013072
v -0.276356 -0.238795 -0.013121
v -0.278470 -0.238452 -0.020157
v -0.278220 -0.238644 -0.020200
v -0.278022 -0.238738 -0.020234
v -0.277812 -0.238795 -0.020270
v -0.279403 -0.237765 -0.023842
v -0.279347 -0.237979 -0.023850
v -0.279266 -0.238158 -0.023861
v -0.279169 -0.238310 -0.023875
v -0.279044 -0.238452 -0.023892
v -0.278793 -0.238644 -0.023926
v -0.278595 -0.238738 -0.023953
v -0.278383 -0.238795 -0.023982
v -0.280086 -0.238310 -0.033625
v -0.279960 -0.238452 -0.033631
v -0.279708 -0.238644 -0.033644
v -0.279507 -0.238738 -0.033654
v -0.279294 -0.238795 -0.033665
v -0.279915 -0.237545 -0.034947
v -0.280403 -0.237545 -0.034947
v -0.278645 -0.238815 -0.033677
v -0.278923 -0.238784 -0.033955
v -0.279177 -0.238697 -0.034209
v -0.279394 -0.238570 -0.034426
v -0.279566 -0.238419 -0.034598
v -0.279695 -0.238258 -0.034727
v -0.279787 -0.238100 -0.034819
v -0.279848 -0.237951 -0.034880
v -0.279889 -0.237800 -0.034921
v -0.279908 -0.237671 -0.034940
v -0.279073 -0.238815 -0.033677
v -0.279369 -0.238783 -0.033958
v -0.279657 -0.238686 -0.034233
v -0.279877 -0.238557 -0.034443
v -0.280005 -0.238452 -0.034565
v -0.280136 -0.238310 -0.034690
v -0.280238 -0.238158 -0.034789
v -0.280314 -0.238002 -0.034861
v -0.280364 -0.237849 -0.034909
v -0.280392 -0.237703 -0.034936
v -0.280400 -0.237624 -0.034944
v -0.278645 -0.238815 -0.033677
v -0.278923 -0.238784 -0.033955
v -0.279177 -0.238697 -0.034209
v -0.279394 -0.238570 -0.034426
v -0.279566 -0.238419 -0.034598
v -0.279695 -0.238258 -0.034727
v -0.279787 -0.238100 -0.034819
v -0.279848 -0.237951 -0.034880
v -0.279889 -0.237800 -0.034921
v -0.279908 -0.237671 -0.034940
v -0.279915 -0.237545 -0.034947
v -0.279915 -0.237545 -0.038270
v -0.278645 -0.238815 -0.038270
v -0.278865 -0.238795 -0.038270
v -0.279079 -0.238738 -0.038270
v -0.279280 -0.238644 -0.038270
v -0.279461 -0.238517 -0.038270
v -0.279617 -0.238361 -0.038270
v -0.279744 -0.238180 -0.038270
v -0.279838 -0.237979 -0.038270
v -0.279895 -0.237765 -0.038270
v -0.278645 -0.238815 -0.038270
v -0.278865 -0.238795 -0.038270
v -0.279079 -0.238738 -0.038270
v -0.279280 -0.238644 -0.038270
v -0.279461 -0.238517 -0.038270
v -0.279617 -0.238361 -0.038270
v -0.279744 -0.238180 -0.038270
v -0.279838 -0.237979 -0.038270
v -0.279895 -0.237765 -0.038270
v -0.279915 -0.237545 -0.038270
v -0.279915 -0.237545 -0.038270
v -0.278645 -0.237545 -0.039540
v -0.278865 -0.237545 -0.039521
v -0.279079 -0.237545 -0.039464
v -0.279280 -0.237545 -0.039370
v -0.279461 -0.237545 -0.039243
v -0.279617 -0.237545 -0.039087
v -0.279744 -0.237545 -0.038905
v -0.279838 -0.237545 -0.038705
v -0.279895 -0.237545 -0.038491
v -0.278645 -0.238795 -0.038491
v -0.278645 -0.238738 -0.038705
v -0.278645 -0.238644 -0.038905
v -0.278645 -0.238517 -0.039087
v -0.278645 -0.238361 -0.039243
v -0.278645 -0.238180 -0.039370
v -0.278645 -0.237979 -0.039464
v -0.278645 -0.237765 -0.039521
v -0.278927 -0.237683 -0.039501
v -0.278927 -0.237954 -0.039439
v -0.278927 -0.238203 -0.039319
v -0.279196 -0.237799 -0.039386
v -0.278927 -0.238420 -0.039146
v -0.279196 -0.238041 -0.039301
v -0.279436 -0.237656 -0.039257
v -0.278927 -0.238593 -0.038929
v -0.279196 -0.238258 -0.039165
v -0.279436 -0.237873 -0.039207
v -0.278927 -0.238713 -0.038679
v -0.279196 -0.238439 -0.038984
v -0.279436 -0.238073 -0.039111
v -0.279637 -0.237721 -0.039042
v -0.278927 -0.238775 -0.038409
v -0.279196 -0.238575 -0.038767
v -0.279436 -0.238247 -0.038972
v -0.279637 -0.237888 -0.038984
v -0.279789 -0.237606 -0.038818
v -0.279196 -0.238660 -0.038525
v -0.279436 -0.238385 -0.038798
v -0.279637 -0.238038 -0.038889
v -0.279789 -0.237727 -0.038790
v -0.279436 -0.238482 -0.038598
v -0.279637 -0.238164 -0.038764
v -0.279789 -0.237838 -0.038737
v -0.279883 -0.237607 -0.038546
v -0.279436 -0.238531 -0.038381
v -0.279637 -0.238258 -0.038614
v -0.279789 -0.237934 -0.038660
v -0.279883 -0.237667 -0.038525
v -0.279637 -0.238317 -0.038446
v -0.279789 -0.238011 -0.038563
v -0.279883 -0.237721 -0.038491
v -0.279789 -0.238065 -0.038452
v -0.279883 -0.237766 -0.038446
v -0.279789 -0.238092 -0.038332
v -0.279883 -0.237799 -0.038393
v -0.279883 -0.237820 -0.038333
v -0.250004 -0.225956 -0.038270
v -0.250004 -0.225975 -0.038491
v -0.250004 -0.226032 -0.038705
v -0.250004 -0.226126 -0.038905
v -0.250004 -0.226253 -0.039087
v -0.250004 -0.226409 -0.039243
v -0.250004 -0.226591 -0.039370
v -0.250004 -0.226791 -0.039464
v -0.250004 -0.227005 -0.039521
v -0.250004 -0.227226 -0.039540
v -0.250004 -0.225956 -0.038270
v -0.248735 -0.227226 -0.038289
v -0.248750 -0.227027 -0.038289
v -0.248797 -0.226833 -0.038288
v -0.248873 -0.226649 -0.038287
v -0.248977 -0.226479 -0.038286
v -0.249107 -0.226328 -0.038284
v -0.249258 -0.226198 -0.038281
v -0.249428 -0.226094 -0.038279
v -0.249612 -0.226018 -0.038276
v -0.249806 -0.225971 -0.038273
v -0.249786 -0.227226 -0.039521
v -0.249574 -0.227226 -0.039465
v -0.249375 -0.227226 -0.039373
v -0.249195 -0.227226 -0.039248
v -0.249038 -0.227226 -0.039095
v -0.248911 -0.227226 -0.038916
v -0.248816 -0.227226 -0.038718
v -0.248757 -0.227226 -0.038507
v -0.249973 -0.225987 -0.038551
v -0.249912 -0.225987 -0.038537
v -0.249855 -0.225987 -0.038510
v -0.249883 -0.226081 -0.038808
v -0.249806 -0.225987 -0.038472
v -0.249767 -0.226081 -0.038768
v -0.249917 -0.226233 -0.039057
v -0.249767 -0.225987 -0.038423
v -0.249664 -0.226081 -0.038703
v -0.249745 -0.226233 -0.039018
v -0.249739 -0.225987 -0.038367
v -0.249577 -0.226081 -0.038617
v -0.249587 -0.226233 -0.038943
v -0.249786 -0.226434 -0.039239
v -0.249724 -0.225987 -0.038306
v -0.249511 -0.226081 -0.038515
v -0.249449 -0.226233 -0.038834
v -0.249577 -0.226434 -0.039167
v -0.249878 -0.226675 -0.039407
v -0.249469 -0.226081 -0.038400
v -0.249338 -0.226233 -0.038698
v -0.249390 -0.226434 -0.039050
v -0.249630 -0.226675 -0.039351
v -0.249260 -0.226233 -0.038540
v -0.249233 -0.226434 -0.038896
v -0.249401 -0.226675 -0.039242
v -0.249732 -0.226943 -0.039478
v -0.249219 -0.226233 -0.038370
v -0.249114 -0.226434 -0.038711
v -0.249201 -0.226675 -0.039085
v -0.249472 -0.226943 -0.039388
v -0.249039 -0.226434 -0.038504
v -0.249041 -0.226675 -0.038888
v -0.249239 -0.226943 -0.039243
v -0.248929 -0.226675 -0.038661
v -0.249043 -0.226943 -0.039050
v -0.248869 -0.226675 -0.038414
v -0.248895 -0.226943 -0.038819
v -0.248801 -0.226943 -0.038561
v -0.278645 -0.238815 -0.038270
v -0.278645 -0.238795 -0.038491
v -0.278645 -0.238738 -0.038705
v -0.278645 -0.238644 -0.038905
v -0.278645 -0.238517 -0.039087
v -0.278645 -0.238361 -0.039243
v -0.278645 -0.238180 -0.039370
v -0.278645 -0.237979 -0.039464
v -0.278645 -0.237765 -0.039521
v -0.278645 -0.237545 -0.039540
v -0.263984 -0.237545 -0.039540
v -0.263984 -0.238815 -0.038270
v -0.263984 -0.238795 -0.038491
v -0.263984 -0.238738 -0.038705
v -0.263984 -0.238644 -0.038905
v -0.263984 -0.238517 -0.039087
v -0.263984 -0.238361 -0.039243
v -0.263984 -0.238180 -0.039370
v -0.263984 -0.237979 -0.039464
v -0.263984 -0.237765 -0.039521
v -0.250004 -0.227226 -0.039540
v -0.249786 -0.227226 -0.039521
v -0.249574 -0.227226 -0.039465
v -0.249375 -0.227226 -0.039373
v -0.249195 -0.227226 -0.039248
v -0.249038 -0.227226 -0.039095
v -0.248911 -0.227226 -0.038916
v -0.248816 -0.227226 -0.038718
v -0.248757 -0.227226 -0.038507
v -0.248735 -0.227226 -0.038289
v -0.248735 -0.236187 -0.038289
v -0.250004 -0.236187 -0.039540
v -0.249786 -0.236187 -0.039521
v -0.249574 -0.236187 -0.039465
v -0.249375 -0.236187 -0.039373
v -0.249195 -0.236187 -0.039248
v -0.249038 -0.236187 -0.039095
v -0.248911 -0.236187 -0.038916
v -0.248816 -0.236187 -0.038718
v -0.248757 -0.236187 -0.038507
v -0.263984 -0.238815 -0.038270
v -0.263984 -0.238795 -0.038491
v -0.263984 -0.238738 -0.038705
v -0.263984 -0.238644 -0.038905
v -0.263984 -0.238517 -0.039087
v -0.263984 -0.238361 -0.039243
v -0.263984 -0.238180 -0.039370
v -0.263984 -0.237979 -0.039464
v -0.263984 -0.237765 -0.039521
v -0.263984 -0.237545 -0.039540
v -0.250004 -0.236187 -0.039540
v -0.254632 -0.236940 -0.039540
v -0.259298 -0.237393 -0.039540
v -0.249760 -0.237433 -0.038270
v -0.249764 -0.237414 -0.038491
v -0.249775 -0.237358 -0.038705
v -0.249793 -0.237266 -0.038905
v -0.249817 -0.237142 -0.039087
v -0.249847 -0.236988 -0.039243
v -0.249882 -0.236810 -0.039370
v -0.249921 -0.236613 -0.039464
v -0.249962 -0.236403 -0.039521
v -0.259216 -0.238661 -0.038270
v -0.254468 -0.238200 -0.038270
v -0.259284 -0.237613 -0.039521
v -0.259270 -0.237827 -0.039464
v -0.259257 -0.238027 -0.039370
v -0.259245 -0.238208 -0.039243
v -0.259235 -0.238364 -0.039087
v -0.259227 -0.238491 -0.038905
v -0.259221 -0.238584 -0.038705
v -0.259217 -0.238641 -0.038491
v -0.254603 -0.237159 -0.039521
v -0.254576 -0.237371 -0.039464
v -0.254550 -0.237570 -0.039370
v -0.254527 -0.237750 -0.039243
v -0.254507 -0.237905 -0.039087
v -0.254490 -0.238031 -0.038905
v -0.254478 -0.238124 -0.038705
v -0.254471 -0.238180 -0.038491
v -0.249760 -0.237433 -0.038270
v -0.249764 -0.237414 -0.038491
v -0.249775 -0.237358 -0.038705
v -0.249793 -0.237266 -0.038905
v -0.249817 -0.237142 -0.039087
v -0.249847 -0.236988 -0.039243
v -0.249882 -0.236810 -0.039370
v -0.249921 -0.236613 -0.039464
v -0.249962 -0.236403 -0.039521
v -0.250004 -0.236187 -0.039540
v -0.249786 -0.236187 -0.039521
v -0.249574 -0.236187 -0.039465
v -0.249375 -0.236187 -0.039373
v -0.249195 -0.236187 -0.039248
v -0.249038 -0.236187 -0.039095
v -0.248911 -0.236187 -0.038916
v -0.248816 -0.236187 -0.038718
v -0.248757 -0.236187 -0.038507
v -0.248735 -0.236187 -0.038289
v -0.249550 -0.237373 -0.038274
v -0.249354 -0.237278 -0.038277
v -0.249177 -0.237150 -0.038280
v -0.249024 -0.236994 -0.038282
v -0.248900 -0.236814 -0.038285
v -0.248809 -0.236616 -0.038287
v -0.248753 -0.236405 -0.038288
v -0.248770 -0.236220 -0.038567
v -0.248770 -0.236286 -0.038552
v -0.248770 -0.236346 -0.038523
v -0.248866 -0.236312 -0.038819
v -0.248770 -0.236398 -0.038481
v -0.248866 -0.236431 -0.038778
v -0.249018 -0.236277 -0.039065
v -0.248770 -0.236440 -0.038429
v -0.248866 -0.236538 -0.038711
v -0.249018 -0.236451 -0.039026
v -0.248770 -0.236469 -0.038369
v -0.248866 -0.236627 -0.038621
v -0.249018 -0.236613 -0.038948
v -0.249219 -0.236409 -0.039243
v -0.248866 -0.236694 -0.038515
v -0.249018 -0.236753 -0.038836
v -0.249219 -0.236620 -0.039169
v -0.249458 -0.236315 -0.039410
v -0.248866 -0.236736 -0.038396
v -0.249018 -0.236865 -0.038696
v -0.249219 -0.236809 -0.039050
v -0.249458 -0.236566 -0.039352
v -0.249018 -0.236942 -0.038535
v -0.249219 -0.236967 -0.038892
v -0.249458 -0.236797 -0.039241
v -0.249724 -0.236463 -0.039478
v -0.249018 -0.236982 -0.038360
v -0.249219 -0.237086 -0.038703
v -0.249458 -0.236998 -0.039081
v -0.249724 -0.236725 -0.039386
v -0.249219 -0.237160 -0.038492
v -0.249458 -0.237158 -0.038880
v -0.249724 -0.236959 -0.039239
v -0.249458 -0.237269 -0.038649
v -0.249724 -0.237156 -0.039043
v -0.249458 -0.237326 -0.038399
v -0.249724 -0.237303 -0.038808
v -0.249724 -0.237395 -0.038546
v -0.139515 -0.200715 0.045559
v -0.139515 -0.200699 0.045360
v -0.139515 -0.200652 0.045167
v -0.139515 -0.200576 0.044983
v -0.139515 -0.200472 0.044813
v -0.139515 -0.200343 0.044661
v -0.139515 -0.200191 0.044532
v -0.139515 -0.200021 0.044428
v -0.139515 -0.199837 0.044351
v -0.139515 -0.199643 0.044305
v -0.139515 -0.199445 0.044289
v -0.164915 -0.200715 0.045559
v -0.164915 -0.199445 0.044289
v -0.164915 -0.199665 0.044308
v -0.164915 -0.199879 0.044366
v -0.164915 -0.200080 0.044459
v -0.164915 -0.200261 0.044586
v -0.164915 -0.200417 0.044743
v -0.164915 -0.200544 0.044924
v -0.164915 -0.200638 0.045125
v -0.164915 -0.200695 0.045339
v -0.249760 -0.237433 -0.038270
v -0.249550 -0.237373 -0.038274
v -0.249354 -0.237278 -0.038277
v -0.249177 -0.237150 -0.038280
v -0.249024 -0.236994 -0.038282
v -0.248900 -0.236814 -0.038285
v -0.248809 -0.236616 -0.038287
v -0.248753 -0.236405 -0.038288
v -0.248735 -0.236187 -0.038289
v -0.225740 -0.227226 0.018146
v -0.231764 -0.230501 0.011042
v -0.237084 -0.232807 0.003109
v -0.241884 -0.234464 -0.006329
v -0.245565 -0.235480 -0.016673
v -0.247856 -0.236006 -0.027369
v -0.226009 -0.228315 0.019020
v -0.225895 -0.228226 0.018861
v -0.225802 -0.228107 0.018706
v -0.225735 -0.227963 0.018560
v -0.225694 -0.227798 0.018428
v -0.225681 -0.227617 0.018313
v -0.225697 -0.227424 0.018218
v -0.248807 -0.237240 -0.026884
v -0.246634 -0.236750 -0.016846
v -0.243308 -0.235864 -0.007282
v -0.238927 -0.234439 0.001692
v -0.233819 -0.232380 0.009678
v -0.230051 -0.230567 0.014523
v -0.230678 -0.230635 0.012811
v -0.235192 -0.232722 0.006594
v -0.239199 -0.234274 -0.000155
v -0.240981 -0.234879 -0.003704
v -0.245286 -0.236133 -0.014769
v -0.242590 -0.235381 -0.007324
v -0.247278 -0.236618 -0.022485
v -0.247999 -0.236779 -0.026423
v -0.248529 -0.236892 -0.030368
v -0.227841 -0.229297 0.016518
v -0.227799 -0.229228 0.016446
v -0.227762 -0.229150 0.016375
v -0.227731 -0.229063 0.016305
v -0.232612 -0.231575 0.010292
v -0.237817 -0.233769 0.002339
v -0.242396 -0.235323 -0.006862
v -0.245888 -0.236286 -0.016805
v -0.248112 -0.236803 -0.027155
v -0.164915 -0.199445 0.044289
v -0.164915 -0.199665 0.044308
v -0.164915 -0.199879 0.044366
v -0.164915 -0.200080 0.044459
v -0.164915 -0.200261 0.044586
v -0.164915 -0.200417 0.044743
v -0.164915 -0.200544 0.044924
v -0.164915 -0.200638 0.045125
v -0.164915 -0.200695 0.045339
v -0.164915 -0.200715 0.045559
v -0.214449 -0.219765 0.029040
v -0.206959 -0.213835 0.034032
v -0.198522 -0.208796 0.038391
v -0.190241 -0.205188 0.041566
v -0.181807 -0.202670 0.043806
v -0.173782 -0.201248 0.045080
v -0.169368 -0.200849 0.045439
v -0.214548 -0.218822 0.028016
v -0.214459 -0.218992 0.028103
v -0.214393 -0.219157 0.028216
v -0.214352 -0.219313 0.028352
v -0.214337 -0.219455 0.028507
v -0.214349 -0.219580 0.028676
v -0.214386 -0.219684 0.028855
v -0.174222 -0.200041 0.043771
v -0.183258 -0.201787 0.042258
v -0.192199 -0.204732 0.039725
v -0.200884 -0.208905 0.036180
v -0.208071 -0.213524 0.032327
v -0.204133 -0.211661 0.034851
v -0.195369 -0.206942 0.038891
v -0.198405 -0.208406 0.037629
v -0.211238 -0.216440 0.030415
v -0.211214 -0.216525 0.030481
v -0.211195 -0.216609 0.030554
v -0.211184 -0.216692 0.030637
v -0.207349 -0.213801 0.033045
v -0.201345 -0.210236 0.036639
v -0.199546 -0.209001 0.037118
v -0.193765 -0.205837 0.039249
v -0.192798 -0.206092 0.040247
v -0.191214 -0.205467 0.040795
v -0.192244 -0.205608 0.040047
v -0.188986 -0.203985 0.040842
v -0.187992 -0.204324 0.041803
v -0.184503 -0.202583 0.042054
v -0.185777 -0.203364 0.042004
v -0.183784 -0.203077 0.042908
v -0.176614 -0.200854 0.043557
v -0.181118 -0.201730 0.042795
v -0.179004 -0.201705 0.043459
v -0.176391 -0.201523 0.044290
v -0.180387 -0.202265 0.043629
v -0.174851 -0.200590 0.043786
v -0.175501 -0.201109 0.043985
v -0.174630 -0.201267 0.044518
v -0.170669 -0.200850 0.044891
v -0.172866 -0.201055 0.044708
v -0.171979 -0.200683 0.044361
v -0.168459 -0.199998 0.044303
v -0.173085 -0.200370 0.043978
v -0.167134 -0.200677 0.045111
v -0.201023 -0.209632 0.036288
v -0.193240 -0.206015 0.039694
v -0.191607 -0.204953 0.040008
v -0.192190 -0.205184 0.039809
v -0.191078 -0.205153 0.040442
v -0.190627 -0.205247 0.040990
v -0.189534 -0.204740 0.041125
v -0.188452 -0.204211 0.041264
v -0.184111 -0.202893 0.042417
v -0.183459 -0.202523 0.042411
v -0.182426 -0.202458 0.042798
v -0.182818 -0.202137 0.042441
v -0.182093 -0.202651 0.043285
v -0.181403 -0.202375 0.043208
v -0.180725 -0.202063 0.043145
v -0.176481 -0.201258 0.043853
v -0.174722 -0.201000 0.044081
v -0.173942 -0.200899 0.044170
v -0.174069 -0.200487 0.043876
v -0.173849 -0.201168 0.044607
v -0.172961 -0.200784 0.044271
v -0.169556 -0.200489 0.044532
v -0.168897 -0.200615 0.044768
v -0.167790 -0.200379 0.044592
v -0.167130 -0.200376 0.044632
v -0.167790 -0.200418 0.044631
v -0.167130 -0.200460 0.044725
v -0.167130 -0.200531 0.044819
v -0.167131 -0.200589 0.044915
v -0.167132 -0.200638 0.045013
v -0.166025 -0.199920 0.044371
v -0.192690 -0.205387 0.039635
v -0.191370 -0.205265 0.040345
v -0.169455 -0.200765 0.044967
v -0.168572 -0.200721 0.045023
v -0.166576 -0.200342 0.044625
v -0.166576 -0.200381 0.044664
v -0.165469 -0.200358 0.044672
v -0.165469 -0.200436 0.044761
v -0.192703 -0.205793 0.039886
v -0.168508 -0.200435 0.044588
v -0.226009 -0.228315 0.019020
v -0.225895 -0.228226 0.018861
v -0.225802 -0.228107 0.018706
v -0.225735 -0.227963 0.018560
v -0.225694 -0.227798 0.018428
v -0.225681 -0.227617 0.018313
v -0.225697 -0.227424 0.018218
v -0.225740 -0.227226 0.018146
v -0.226661 -0.225956 0.019020
v -0.226517 -0.225971 0.018883
v -0.226376 -0.226018 0.018750
v -0.226243 -0.226094 0.018623
v -0.226119 -0.226198 0.018506
v -0.226010 -0.226328 0.018402
v -0.225916 -0.226479 0.018313
v -0.225840 -0.226649 0.018241
v -0.225785 -0.226833 0.018189
v -0.225751 -0.227027 0.018157
v -0.225830 -0.228186 0.019020
v -0.225677 -0.228028 0.019020
v -0.225553 -0.227847 0.019020
v -0.225463 -0.227646 0.019020
v -0.225408 -0.227433 0.019020
v -0.225391 -0.227214 0.019020
v -0.225412 -0.226994 0.019020
v -0.225471 -0.226782 0.019020
v -0.225565 -0.226584 0.019020
v -0.225693 -0.226404 0.019020
v -0.225849 -0.226249 0.019020
v -0.226030 -0.226124 0.019020
v -0.226229 -0.226031 0.019020
v -0.226442 -0.225975 0.019020
v -0.225661 -0.227850 0.018549
v -0.225689 -0.228006 0.018780
v -0.225613 -0.227442 0.018335
v -0.225542 -0.227599 0.018549
v -0.225533 -0.227757 0.018780
v -0.225592 -0.227190 0.018335
v -0.225486 -0.227326 0.018549
v -0.225440 -0.227478 0.018780
v -0.225630 -0.226941 0.018335
v -0.225495 -0.227048 0.018549
v -0.225415 -0.227184 0.018780
v -0.225726 -0.226707 0.018335
v -0.225569 -0.226779 0.018549
v -0.225459 -0.226893 0.018780
v -0.225873 -0.226502 0.018335
v -0.225704 -0.226536 0.018549
v -0.225570 -0.226621 0.018780
v -0.225892 -0.226331 0.018549
v -0.225742 -0.226382 0.018780
v -0.225966 -0.226190 0.018780
v -0.226228 -0.226056 0.018780
v -0.214548 -0.218822 0.028016
v -0.214459 -0.218992 0.028103
v -0.214393 -0.219157 0.028216
v -0.214352 -0.219313 0.028352
v -0.214337 -0.219455 0.028507
v -0.214349 -0.219580 0.028676
v -0.214386 -0.219684 0.028855
v -0.214449 -0.219765 0.029040
v -0.223824 -0.226955 0.021204
v -0.219662 -0.224055 0.024963
v -0.217051 -0.222006 0.027085
v -0.223624 -0.225889 0.020297
v -0.223573 -0.226082 0.020373
v -0.223549 -0.226270 0.020472
v -0.223552 -0.226447 0.020592
v -0.223582 -0.226609 0.020729
v -0.223638 -0.226750 0.020879
v -0.223720 -0.226866 0.021039
v -0.218584 -0.222256 0.024856
v -0.221110 -0.224160 0.022664
v -0.217418 -0.222037 0.026080
v -0.215625 -0.220666 0.027646
v -0.215619 -0.220599 0.027562
v -0.215620 -0.220524 0.027479
v -0.218957 -0.223256 0.024820
v -0.220500 -0.224413 0.023494
v -0.222289 -0.225678 0.021872
v -0.222280 -0.225590 0.021799
v -0.222279 -0.225502 0.021735
v -0.226661 -0.225956 0.021542
v -0.226661 -0.225956 0.019020
v -0.225903 -0.226207 0.020792
v -0.226135 -0.226070 0.021021
v -0.226393 -0.225984 0.021277
v -0.226009 -0.228315 0.023328
v -0.225658 -0.228004 0.022348
v -0.225474 -0.227677 0.021653
v -0.225414 -0.227465 0.021310
v -0.225392 -0.227281 0.021066
v -0.225395 -0.227125 0.020898
v -0.225412 -0.226995 0.020784
v -0.225436 -0.226891 0.020710
v -0.225458 -0.226819 0.020670
v -0.225485 -0.226746 0.020637
v -0.225524 -0.226659 0.020611
v -0.225566 -0.226582 0.020601
v -0.225612 -0.226511 0.020603
v -0.225658 -0.226447 0.020615
v -0.225707 -0.226387 0.020638
v -0.225758 -0.226333 0.020669
v -0.225809 -0.226284 0.020707
v -0.225856 -0.226243 0.020747
v -0.226009 -0.228315 0.019020
v -0.225830 -0.228186 0.019020
v -0.225677 -0.228028 0.019020
v -0.225553 -0.227847 0.019020
v -0.225463 -0.227646 0.019020
v -0.225408 -0.227433 0.019020
v -0.225391 -0.227214 0.019020
v -0.225412 -0.226994 0.019020
v -0.225471 -0.226782 0.019020
v -0.225565 -0.226584 0.019020
v -0.225693 -0.226404 0.019020
v -0.225849 -0.226249 0.019020
v -0.226030 -0.226124 0.019020
v -0.226229 -0.226031 0.019020
v -0.226442 -0.225975 0.019020
v -0.224514 -0.225889 0.019934
v -0.224514 -0.225889 0.019934
v -0.223624 -0.225889 0.020297
v -0.223775 -0.225889 0.020171
v -0.223944 -0.225889 0.020069
v -0.224126 -0.225889 0.019995
v -0.224317 -0.225889 0.019949
v -0.223573 -0.226082 0.020373
v -0.223549 -0.226270 0.020472
v -0.223552 -0.226447 0.020592
v -0.223582 -0.226609 0.020729
v -0.223638 -0.226750 0.020879
v -0.223720 -0.226866 0.021039
v -0.223824 -0.226955 0.021204
v -0.225407 -0.225889 0.020301
v -0.225334 -0.226076 0.020252
v -0.225238 -0.226259 0.020229
v -0.225124 -0.226432 0.020232
v -0.224993 -0.226591 0.020260
v -0.224849 -0.226730 0.020314
v -0.224697 -0.226848 0.020392
v -0.224539 -0.226939 0.020491
v -0.224381 -0.227003 0.020609
v -0.224226 -0.227037 0.020743
v -0.224079 -0.227040 0.020890
v -0.223944 -0.227012 0.021045
v -0.224711 -0.225889 0.019949
v -0.224904 -0.225889 0.019995
v -0.225087 -0.225889 0.020070
v -0.225256 -0.225889 0.020173
v -0.224794 -0.225923 0.019966
v -0.224778 -0.225989 0.019966
v -0.224746 -0.226049 0.019966
v -0.225049 -0.226020 0.020060
v -0.224701 -0.226100 0.019966
v -0.225002 -0.226145 0.020060
v -0.225300 -0.225984 0.020211
v -0.224645 -0.226139 0.019966
v -0.224926 -0.226254 0.020060
v -0.225254 -0.226169 0.020211
v -0.224581 -0.226163 0.019966
v -0.224827 -0.226342 0.020060
v -0.224514 -0.226171 0.019966
v -0.224709 -0.226404 0.020060
v -0.225039 -0.226481 0.020211
v -0.224446 -0.226163 0.019966
v -0.224580 -0.226436 0.020060
v -0.224882 -0.226590 0.020211
v -0.224382 -0.226139 0.019966
v -0.224447 -0.226436 0.020060
v -0.224703 -0.226657 0.020211
v -0.224326 -0.226100 0.019966
v -0.224318 -0.226404 0.020060
v -0.224514 -0.226680 0.020211
v -0.224281 -0.226049 0.019966
v -0.224201 -0.226342 0.020060
v -0.224324 -0.226657 0.020211
v -0.224250 -0.225989 0.019966
v -0.224101 -0.226254 0.020060
v -0.224146 -0.226590 0.020211
v -0.224394 -0.226874 0.020412
v -0.224233 -0.225923 0.019966
v -0.224026 -0.226145 0.020060
v -0.223989 -0.226481 0.020211
v -0.224162 -0.226817 0.020412
v -0.223979 -0.226020 0.020060
v -0.223862 -0.226338 0.020211
v -0.223950 -0.226706 0.020412
v -0.224240 -0.227000 0.020653
v -0.223773 -0.226169 0.020211
v -0.223771 -0.226547 0.020412
v -0.223982 -0.226902 0.020653
v -0.223728 -0.225984 0.020211
v -0.223635 -0.226350 0.020412
v -0.223755 -0.226745 0.020653
v -0.223810 -0.226908 0.020921
v -0.226009 -0.228315 0.023328
v -0.225658 -0.228004 0.022348
v -0.225474 -0.227677 0.021653
v -0.225414 -0.227465 0.021310
v -0.225392 -0.227281 0.021066
v -0.225395 -0.227125 0.020898
v -0.225412 -0.226995 0.020784
v -0.225436 -0.226891 0.020710
v -0.225458 -0.226819 0.020670
v -0.225485 -0.226746 0.020637
v -0.225524 -0.226659 0.020611
v -0.225566 -0.226582 0.020601
v -0.225612 -0.226511 0.020603
v -0.225658 -0.226447 0.020615
v -0.225707 -0.226387 0.020638
v -0.225758 -0.226333 0.020669
v -0.225809 -0.226284 0.020707
v -0.225856 -0.226243 0.020747
v -0.225903 -0.226207 0.020792
v -0.225407 -0.225889 0.020301
v -0.225334 -0.226076 0.020252
v -0.225238 -0.226259 0.020229
v -0.225124 -0.226432 0.020232
v -0.224993 -0.226591 0.020260
v -0.224849 -0.226730 0.020314
v -0.224697 -0.226848 0.020392
v -0.224539 -0.226939 0.020491
v -0.224381 -0.227003 0.020609
v -0.224226 -0.227037 0.020743
v -0.224079 -0.227040 0.020890
v -0.223944 -0.227012 0.021045
v -0.223824 -0.226955 0.021204
f 10 8 7
f 11 7 6
f 11 10 7
f 12 6 5
f 12 11 6
f 13 12 5
f 14 5 4
f 14 13 5
f 15 4 3
f 15 14 4
f 16 3 2
f 16 15 3
f 17 16 2
f 18 2 1
f 18 17 2
f 9 18 1
f 26 19 20
f 27 20 21
f 27 26 20
f 28 21 22
f 28 27 21
f 29 22 23
f 29 28 22
f 25 23 24
f 25 29 23
f 36 52 35
f 36 53 52
f 37 54 53
f 37 53 36
f 38 55 54
f 38 54 37
f 39 56 55
f 39 55 38
f 40 57 56
f 40 56 39
f 41 58 57
f 41 57 40
f 42 59 58
f 42 58 41
f 43 60 59
f 43 59 42
f 44 61 60
f 44 60 43
f 45 62 61
f 45 61 44
f 46 63 62
f 46 62 45
f 47 64 63
f 47 63 46
f 48 65 64
f 48 64 47
f 49 66 65
f 49 65 48
f 50 66 49
f 50 67 66
f 51 67 50
f 51 68 67
f 32 68 51
f 32 69 68
f 33 69 32
f 34 69 33
f 34 30 69
f 31 30 34
f 100 111 106
f 101 111 100
f 102 110 111
f 102 111 101
f 103 109 110
f 103 110 102
f 104 108 109
f 104 109 103
f 105 107 108
f 105 108 104
f 86 71 70
f 86 70 107
f 86 107 105
f 87 71 86
f 88 72 71
f 88 71 87
f 89 73 72
f 89 72 88
f 90 74 73
f 90 75 74
f 90 73 89
f 91 75 90
f 92 76 75
f 92 75 91
f 93 77 76
f 93 76 92
f 94 77 93
f 94 78 77
f 95 78 94
f 95 79 78
f 96 79 95
f 96 80 79
f 96 81 80
f 97 81 96
f 97 82 81
f 98 82 97
f 99 83 82
f 99 84 83
f 99 82 98
f 85 84 99
f 155 157 154
f 155 158 157
f 156 159 158
f 156 123 159
f 156 158 155
f 143 122 123
f 143 123 156
f 144 121 122
f 144 122 143
f 145 120 121
f 145 121 144
f 146 119 120
f 146 120 145
f 147 118 119
f 147 119 146
f 148 117 118
f 148 118 147
f 149 116 117
f 149 117 148
f 150 115 116
f 150 116 149
f 151 114 115
f 151 115 150
f 152 113 114
f 152 114 151
f 153 112 113
f 153 113 152
f 134 112 153
f 135 112 134
f 135 124 112
f 135 125 124
f 136 125 135
f 137 126 125
f 137 125 136
f 138 127 126
f 138 126 137
f 139 128 127
f 139 129 128
f 139 127 138
f 140 130 129
f 140 129 139
f 141 131 130
f 141 130 140
f 142 131 141
f 133 132 131
f 133 131 142
f 163 180 162
f 163 181 180
f 164 182 181
f 164 181 163
f 165 183 182
f 165 184 183
f 165 182 164
f 166 184 165
f 167 185 184
f 167 184 166
f 168 186 185
f 168 185 167
f 169 187 186
f 169 186 168
f 170 188 187
f 170 189 188
f 170 187 169
f 171 189 170
f 172 190 189
f 172 189 171
f 173 191 190
f 173 190 172
f 174 192 191
f 174 191 173
f 175 193 192
f 175 194 193
f 175 192 174
f 176 195 194
f 176 194 175
f 177 195 176
f 178 195 177
f 178 196 195
f 179 196 178
f 179 197 196
f 161 197 179
f 161 160 197
f 206 219 205
f 206 220 219
f 207 221 220
f 207 220 206
f 208 222 221
f 208 221 207
f 209 223 222
f 209 222 208
f 210 224 223
f 210 223 209
f 211 225 224
f 211 224 210
f 212 226 225
f 212 225 211
f 213 227 226
f 213 226 212
f 214 228 227
f 214 227 213
f 215 229 228
f 215 228 214
f 216 230 229
f 216 229 215
f 217 231 230
f 217 230 216
f 218 232 231
f 218 231 217
f 200 233 232
f 200 232 218
f 201 233 200
f 201 234 233
f 202 234 201
f 202 235 234
f 203 235 202
f 203 236 235
f 204 236 203
f 204 198 236
f 199 198 204
f 258 262 257
f 258 263 262
f 259 264 263
f 259 263 258
f 260 265 264
f 260 264 259
f 261 266 265
f 261 265 260
f 245 267 266
f 245 266 261
f 246 268 267
f 246 267 245
f 247 268 246
f 248 269 268
f 248 268 247
f 249 270 269
f 249 269 248
f 250 271 270
f 250 270 249
f 251 271 250
f 252 272 271
f 252 271 251
f 253 273 272
f 253 272 252
f 254 274 273
f 254 273 253
f 255 274 254
f 255 275 274
f 256 275 255
f 239 275 256
f 239 276 275
f 240 276 239
f 240 277 276
f 241 277 240
f 241 278 277
f 242 278 241
f 242 279 278
f 243 279 242
f 244 279 243
f 244 237 279
f 238 237 244
f 283 300 282
f 283 301 300
f 284 302 301
f 284 301 283
f 285 303 302
f 285 304 303
f 285 302 284
f 286 305 304
f 286 304 285
f 287 305 286
f 288 306 305
f 288 307 306
f 288 305 287
f 289 307 288
f 290 308 307
f 290 307 289
f 291 309 308
f 291 310 309
f 291 308 290
f 292 310 291
f 293 311 310
f 293 312 311
f 293 310 292
f 294 312 293
f 295 313 312
f 295 314 313
f 295 312 294
f 296 315 314
f 296 314 295
f 297 315 296
f 298 315 297
f 298 316 315
f 299 316 298
f 299 317 316
f 281 317 299
f 281 280 317
f 321 338 320
f 321 339 338
f 322 340 339
f 322 339 321
f 323 341 340
f 323 342 341
f 323 340 322
f 324 342 323
f 325 343 342
f 325 342 324
f 326 344 343
f 326 343 325
f 327 345 344
f 327 344 326
f 328 346 345
f 328 347 346
f 328 345 327
f 329 347 328
f 330 348 347
f 330 347 329
f 331 349 348
f 331 348 330
f 332 350 349
f 332 349 331
f 333 351 350
f 333 352 351
f 333 350 332
f 334 353 352
f 334 352 333
f 335 353 334
f 336 353 335
f 336 354 353
f 337 354 336
f 337 355 354
f 319 355 337
f 319 318 355
f 376 395 394
f 376 356 395
f 377 357 356
f 377 358 357
f 377 356 376
f 378 359 358
f 378 358 377
f 379 359 378
f 380 360 359
f 380 361 360
f 380 359 379
f 381 362 361
f 381 361 380
f 382 362 381
f 383 363 362
f 383 362 382
f 384 364 363
f 384 363 383
f 385 365 364
f 385 366 365
f 385 364 384
f 386 366 385
f 387 367 366
f 387 368 367
f 387 366 386
f 388 368 387
f 389 368 388
f 389 369 368
f 390 369 389
f 390 370 369
f 390 371 370
f 391 371 390
f 391 372 371
f 392 372 391
f 392 373 372
f 393 373 392
f 375 374 373
f 375 373 393
f 415 433 416
f 414 432 433
f 414 433 415
f 413 431 432
f 413 432 414
f 412 430 431
f 412 431 413
f 411 429 430
f 411 430 412
f 410 428 429
f 410 429 411
f 409 427 428
f 409 428 410
f 408 426 427
f 408 427 409
f 407 425 426
f 407 426 408
f 406 424 425
f 406 425 407
f 405 424 406
f 404 422 423
f 404 423 424
f 404 424 405
f 403 422 404
f 402 421 422
f 402 422 403
f 401 420 421
f 401 421 402
f 400 420 401
f 400 419 420
f 399 419 400
f 399 418 419
f 398 418 399
f 398 396 417
f 398 417 418
f 397 396 398
f 453 471 454
f 452 470 471
f 452 471 453
f 451 469 470
f 451 470 452
f 450 468 469
f 450 469 451
f 449 467 468
f 449 468 450
f 448 466 467
f 448 467 449
f 447 465 466
f 447 466 448
f 446 464 465
f 446 465 447
f 445 463 464
f 445 464 446
f 444 462 463
f 444 463 445
f 443 462 444
f 442 460 461
f 442 461 462
f 442 462 443
f 441 460 442
f 440 459 460
f 440 460 441
f 439 458 459
f 439 459 440
f 438 458 439
f 438 457 458
f 437 457 438
f 437 456 457
f 436 456 437
f 436 434 455
f 436 455 456
f 435 434 436
f 490 492 491
f 490 509 492
f 489 508 509
f 489 509 490
f 488 507 508
f 488 508 489
f 487 506 507
f 487 507 488
f 486 505 506
f 486 506 487
f 485 503 504
f 485 504 505
f 485 505 486
f 484 503 485
f 483 502 503
f 483 503 484
f 482 501 502
f 482 502 483
f 481 500 501
f 481 501 482
f 480 498 499
f 480 499 500
f 480 500 481
f 479 498 480
f 478 497 498
f 478 498 479
f 477 495 496
f 477 496 497
f 477 497 478
f 476 495 477
f 475 495 476
f 475 494 495
f 474 494 475
f 474 472 493
f 474 493 494
f 473 472 474
f 528 530 529
f 528 547 530
f 527 546 547
f 527 547 528
f 526 545 546
f 526 546 527
f 525 544 545
f 525 545 526
f 524 543 544
f 524 544 525
f 523 541 542
f 523 542 543
f 523 543 524
f 522 541 523
f 521 540 541
f 521 541 522
f 520 539 540
f 520 540 521
f 519 538 539
f 519 539 520
f 518 536 537
f 518 537 538
f 518 538 519
f 517 536 518
f 516 535 536
f 516 536 517
f 515 533 534
f 515 534 535
f 515 535 516
f 514 533 515
f 513 533 514
f 513 532 533
f 512 532 513
f 512 510 531
f 512 531 532
f 511 510 512
f 551 568 550
f 551 569 568
f 551 570 569
f 552 571 570
f 552 570 551
f 553 572 571
f 553 571 552
f 554 573 572
f 554 572 553
f 555 574 573
f 555 573 554
f 556 575 574
f 556 574 555
f 557 576 575
f 557 575 556
f 558 577 576
f 558 576 557
f 559 578 577
f 559 577 558
f 560 579 578
f 560 578 559
f 561 579 560
f 562 580 579
f 562 579 561
f 563 581 580
f 563 582 581
f 563 580 562
f 564 583 582
f 564 582 563
f 565 583 564
f 566 583 565
f 566 584 583
f 566 585 584
f 567 585 566
f 549 585 567
f 549 548 585
f 589 606 588
f 589 607 606
f 589 608 607
f 590 609 608
f 590 608 589
f 591 610 609
f 591 609 590
f 592 611 610
f 592 610 591
f 593 612 611
f 593 611 592
f 594 613 612
f 594 612 593
f 595 614 613
f 595 613 594
f 596 615 614
f 596 614 595
f 597 616 615
f 597 615 596
f 598 617 616
f 598 616 597
f 599 617 598
f 600 618 617
f 600 617 599
f 601 619 618
f 601 620 619
f 601 618 600
f 602 621 620
f 602 620 601
f 603 621 602
f 604 621 603
f 604 622 621
f 604 623 622
f 605 623 604
f 587 623 605
f 587 586 623
f 627 644 626
f 627 645 644
f 628 646 645
f 628 647 646
f 628 645 627
f 629 647 628
f 630 648 647
f 630 647 629
f 631 649 648
f 631 650 649
f 631 648 630
f 632 650 631
f 633 651 650
f 633 650 632
f 634 652 651
f 634 651 633
f 635 653 652
f 635 652 634
f 636 654 653
f 636 655 654
f 636 653 635
f 637 655 636
f 638 656 655
f 638 655 637
f 639 657 656
f 639 656 638
f 640 658 657
f 640 657 639
f 641 658 640
f 641 659 658
f 642 659 641
f 642 660 659
f 642 661 660
f 643 661 642
f 625 661 643
f 625 624 661
f 665 682 664
f 665 683 682
f 666 684 683
f 666 685 684
f 666 683 665
f 667 685 666
f 668 686 685
f 668 685 667
f 669 687 686
f 669 688 687
f 669 686 668
f 670 688 669
f 671 689 688
f 671 688 670
f 672 690 689
f 672 689 671
f 673 691 690
f 673 690 672
f 674 692 691
f 674 693 692
f 674 691 673
f 675 693 674
f 676 694 693
f 676 693 675
f 677 695 694
f 677 694 676
f 678 696 695
f 678 695 677
f 679 696 678
f 679 697 696
f 680 697 679
f 680 698 697
f 680 699 698
f 681 699 680
f 663 699 681
f 663 662 699
f 702 721 720
f 703 722 721
f 703 721 702
f 704 723 722
f 704 722 703
f 705 724 723
f 705 723 704
f 706 725 724
f 706 724 705
f 707 726 725
f 707 725 706
f 708 727 726
f 708 726 707
f 709 728 727
f 709 727 708
f 710 729 728
f 710 728 709
f 711 730 729
f 711 729 710
f 712 731 730
f 712 730 711
f 713 732 731
f 713 731 712
f 714 733 732
f 714 732 713
f 715 734 733
f 715 733 714
f 716 735 734
f 716 734 715
f 717 735 716
f 717 736 735
f 718 736 717
f 718 737 736
f 719 737 718
f 719 738 737
f 701 738 719
f 701 700 738
f 741 760 759
f 742 761 760
f 742 760 741
f 743 762 761
f 743 761 742
f 744 763 762
f 744 762 743
f 745 764 763
f 745 763 744
f 746 765 764
f 746 764 745
f 747 766 765
f 747 765 746
f 748 767 766
f 748 766 747
f 749 768 767
f 749 767 748
f 750 769 768
f 750 768 749
f 751 770 769
f 751 769 750
f 752 771 770
f 752 770 751
f 753 772 771
f 753 771 752
f 754 773 772
f 754 772 753
f 755 774 773
f 755 773 754
f 756 774 755
f 756 775 774
f 757 775 756
f 757 776 775
f 758 776 757
f 758 777 776
f 740 777 758
f 740 739 777
f 780 799 798
f 781 800 799
f 781 799 780
f 782 801 800
f 782 800 781
f 783 802 801
f 783 801 782
f 784 803 802
f 784 802 783
f 785 804 803
f 785 803 784
f 786 805 804
f 786 804 785
f 787 806 805
f 787 805 786
f 788 807 806
f 788 806 787
f 789 808 807
f 789 807 788
f 790 809 808
f 790 808 789
f 791 810 809
f 791 809 790
f 792 811 810
f 792 810 791
f 793 812 811
f 793 811 792
f 794 813 812
f 794 812 793
f 795 813 794
f 795 814 813
f 796 814 795
f 796 815 814
f 797 815 796
f 797 816 815
f 779 816 797
f 779 778 816
f 825 817 818
f 825 824 817
f 826 823 824
f 826 824 825
f 827 822 823
f 827 823 826
f 828 821 822
f 828 822 827
f 820 821 828
f 829 820 828
f 819 820 829
f 1025 876 1026
f 1027 1026 876
f 1024 876 1025
f 1028 1027 876
f 1023 876 1024
f 1022 876 1023
f 1029 1028 876
f 1021 876 1022
f 994 1029 876
f 1020 876 1021
f 1019 876 1020
f 1018 876 1019
f 875 994 876
f 875 995 994
f 875 996 995
f 875 997 996
f 875 998 997
f 990 998 875
f 989 999 998
f 989 998 990
f 988 1000 999
f 988 999 989
f 991 990 875
f 992 991 875
f 987 1000 988
f 987 1001 1000
f 993 992 875
f 986 1002 1001
f 986 1001 987
f 958 993 875
f 985 1003 1002
f 985 1002 986
f 984 1003 985
f 984 1004 1003
f 984 1005 1004
f 959 958 875
f 960 959 875
f 983 1005 984
f 982 1005 983
f 982 1006 1005
f 961 960 875
f 981 1006 982
f 981 1007 1006
f 981 1008 1007
f 980 1008 981
f 979 1008 980
f 979 1009 1008
f 874 961 875
f 874 962 961
f 874 963 962
f 874 964 963
f 965 964 874
f 966 965 874
f 918 917 1017
f 918 1017 1016
f 967 966 874
f 916 876 1018
f 916 1017 917
f 916 1018 1017
f 919 918 1016
f 919 1016 1015
f 859 867 860
f 920 919 1015
f 920 1014 1013
f 920 1015 1014
f 915 876 916
f 968 967 874
f 921 920 1013
f 914 876 915
f 913 876 914
f 886 921 1013
f 886 1013 1012
f 887 886 1012
f 887 1012 1011
f 888 1010 1009
f 888 1011 1010
f 888 887 1011
f 889 888 1009
f 873 968 874
f 953 891 890
f 954 953 890
f 952 892 891
f 952 893 892
f 952 891 953
f 955 954 890
f 955 890 889
f 955 1009 979
f 955 889 1009
f 956 979 978
f 956 955 979
f 951 894 893
f 951 893 952
f 957 956 978
f 957 978 977
f 950 895 894
f 950 894 951
f 922 957 977
f 922 977 976
f 949 896 895
f 949 895 950
f 923 976 975
f 923 922 976
f 948 896 949
f 948 897 896
f 924 923 975
f 924 974 973
f 924 975 974
f 947 897 948
f 946 898 897
f 946 897 947
f 925 973 972
f 925 924 973
f 926 925 972
f 945 899 898
f 945 898 946
f 877 876 913
f 877 903 902
f 877 904 903
f 877 905 904
f 877 906 905
f 877 907 906
f 877 908 907
f 877 909 908
f 877 910 909
f 877 911 910
f 877 912 911
f 877 913 912
f 927 926 972
f 927 972 971
f 944 900 899
f 944 901 900
f 944 899 945
f 943 901 944
f 943 902 901
f 942 877 902
f 942 902 943
f 941 877 942
f 940 877 941
f 939 877 940
f 881 865 866
f 881 866 867
f 881 867 859
f 851 969 968
f 851 970 969
f 851 971 970
f 851 873 872
f 851 968 873
f 852 927 971
f 852 971 851
f 852 928 927
f 882 865 881
f 882 864 865
f 853 928 852
f 853 929 928
f 850 931 930
f 850 932 931
f 850 929 853
f 850 930 929
f 883 863 864
f 883 864 882
f 884 862 863
f 884 863 883
f 879 862 884
f 879 861 862
f 879 868 861
f 841 933 932
f 841 934 933
f 841 935 934
f 841 932 850
f 842 936 935
f 842 935 841
f 843 937 936
f 843 936 842
f 844 937 843
f 845 938 937
f 845 937 844
f 846 877 939
f 846 939 938
f 846 938 845
f 847 877 846
f 848 877 847
f 849 877 848
f 840 877 849
f 854 872 869
f 854 851 872
f 880 868 879
f 855 869 870
f 855 870 871
f 855 854 869
f 856 855 871
f 856 871 868
f 856 868 880
f 857 880 885
f 857 856 880
f 858 857 885
f 878 830 831
f 878 831 832
f 878 832 833
f 878 833 834
f 878 834 835
f 878 835 836
f 878 836 837
f 878 837 838
f 878 838 839
f 878 877 840
f 830 878 840
f 858 881 859
f 858 885 881
f 1030 1033 1032
f 1034 1033 1030
f 1031 1034 1030
f 1038 1040 1037
f 1038 1031 1040
f 1039 1031 1038
f 1036 1031 1039
f 1035 1034 1031
f 1035 1031 1036
f 1156 1076 1155
f 1157 1076 1156
f 1154 1155 1076
f 1153 1154 1076
f 1158 1076 1157
f 1159 1076 1158
f 1152 1153 1076
f 1160 1076 1159
f 1151 1152 1076
f 1161 1076 1160
f 1186 1151 1076
f 1185 1186 1076
f 1119 1182 1183
f 1120 1182 1119
f 1118 1183 1184
f 1118 1119 1183
f 1121 1182 1120
f 1121 1180 1181
f 1121 1181 1182
f 1117 1118 1184
f 1117 1184 1185
f 1117 1185 1076
f 1122 1180 1121
f 1116 1117 1076
f 1123 1180 1122
f 1123 1179 1180
f 1124 1178 1179
f 1124 1179 1123
f 1115 1116 1076
f 1125 1178 1124
f 1125 1177 1178
f 1150 1115 1076
f 1126 1177 1125
f 1126 1175 1176
f 1126 1176 1177
f 1149 1150 1076
f 1127 1175 1126
f 1127 1174 1175
f 1148 1149 1076
f 1128 1174 1127
f 1129 1173 1174
f 1129 1174 1128
f 1130 1172 1173
f 1130 1173 1129
f 1083 1165 1166
f 1084 1165 1083
f 1084 1163 1164
f 1084 1164 1165
f 1085 1163 1084
f 1082 1083 1166
f 1081 1166 1167
f 1081 1082 1166
f 1086 1162 1163
f 1086 1163 1085
f 1087 1161 1162
f 1087 1076 1161
f 1087 1162 1086
f 1080 1167 1168
f 1080 1081 1167
f 1079 1168 1169
f 1079 1080 1168
f 1114 1169 1170
f 1114 1170 1171
f 1114 1079 1169
f 1113 1114 1171
f 1112 1171 1172
f 1112 1113 1171
f 1045 1110 1111
f 1046 1110 1045
f 1046 1109 1110
f 1044 1172 1130
f 1044 1045 1111
f 1044 1112 1172
f 1044 1111 1112
f 1047 1109 1046
f 1048 1107 1108
f 1048 1108 1109
f 1048 1109 1047
f 1043 1044 1130
f 1043 1130 1131
f 1042 1043 1131
f 1042 1131 1132
f 1049 1107 1048
f 1050 1107 1049
f 1050 1106 1107
f 1041 1042 1132
f 1041 1132 1133
f 1062 1041 1133
f 1062 1133 1134
f 1051 1105 1106
f 1051 1106 1050
f 1061 1062 1134
f 1061 1134 1135
f 1052 1104 1105
f 1052 1105 1051
f 1060 1061 1135
f 1053 1104 1052
f 1053 1102 1103
f 1053 1103 1104
f 1054 1102 1053
f 1077 1087 1088
f 1077 1088 1089
f 1077 1089 1090
f 1077 1090 1091
f 1077 1091 1092
f 1077 1092 1093
f 1077 1093 1094
f 1077 1094 1095
f 1077 1095 1096
f 1077 1096 1097
f 1077 1076 1087
f 1055 1101 1102
f 1055 1102 1054
f 1056 1101 1055
f 1056 1100 1101
f 1057 1100 1056
f 1057 1099 1100
f 1064 1135 1136
f 1064 1136 1137
f 1064 1137 1138
f 1064 1060 1135
f 1063 1064 1138
f 1063 1138 1139
f 1063 1139 1140
f 1063 1140 1141
f 1070 1141 1142
f 1070 1142 1143
f 1070 1143 1144
f 1070 1063 1141
f 1078 1057 1058
f 1078 1058 1059
f 1078 1099 1057
f 1078 1077 1097
f 1078 1097 1098
f 1078 1098 1099
f 1069 1144 1145
f 1069 1070 1144
f 1075 1145 1146
f 1075 1146 1147
f 1075 1147 1148
f 1075 1068 1069
f 1075 1148 1076
f 1075 1069 1145
f 1067 1068 1075
f 1071 1066 1067
f 1071 1067 1075
f 1065 1066 1071
f 1072 1071 1075
f 1074 1073 1072
f 1074 1072 1075
f 1188 1189 1187
f 1188 1190 1189
f 1192 1196 1191
f 1192 1193 1194
f 1192 1194 1195
f 1192 1195 1196
f 1222 1216 1209
f 1210 1222 1209
f 1221 1222 1210
f 1211 1221 1210
f 1220 1221 1211
f 1212 1220 1211
f 1219 1220 1212
f 1213 1219 1212
f 1218 1219 1213
f 1214 1218 1213
f 1217 1225 1226
f 1217 1226 1223
f 1217 1218 1214
f 1215 1217 1214
f 1204 1224 1225
f 1204 1231 1224
f 1204 1225 1217
f 1204 1217 1215
f 1205 1231 1204
f 1206 1230 1231
f 1206 1231 1205
f 1207 1229 1230
f 1207 1230 1206
f 1208 1229 1207
f 1199 1228 1229
f 1199 1229 1208
f 1200 1228 1199
f 1201 1227 1228
f 1201 1228 1200
f 1202 1227 1201
f 1203 1227 1202
f 1203 1198 1227
f 1197 1198 1203
f 1232 1252 1251
f 1233 1253 1252
f 1233 1252 1232
f 1234 1254 1253
f 1234 1253 1233
f 1235 1255 1254
f 1235 1254 1234
f 1236 1256 1255
f 1236 1255 1235
f 1237 1257 1256
f 1237 1256 1236
f 1238 1258 1257
f 1238 1257 1237
f 1239 1259 1258
f 1239 1258 1238
f 1240 1260 1259
f 1240 1259 1239
f 1241 1261 1260
f 1241 1260 1240
f 1242 1262 1261
f 1242 1261 1241
f 1243 1263 1262
f 1243 1262 1242
f 1244 1264 1263
f 1244 1263 1243
f 1245 1265 1264
f 1245 1264 1244
f 1246 1266 1265
f 1246 1265 1245
f 1247 1266 1246
f 1247 1267 1266
f 1248 1267 1247
f 1248 1268 1267
f 1249 1268 1248
f 1249 1269 1268
f 1250 1269 1249
f 1250 1270 1269
f 1271 1291 1290
f 1272 1292 1291
f 1272 1291 1271
f 1273 1293 1292
f 1273 1292 1272
f 1274 1294 1293
f 1274 1293 1273
f 1275 1295 1294
f 1275 1294 1274
f 1276 1296 1295
f 1276 1295 1275
f 1277 1297 1296
f 1277 1296 1276
f 1278 1298 1297
f 1278 1297 1277
f 1279 1299 1298
f 1279 1298 1278
f 1280 1300 1299
f 1280 1299 1279
f 1281 1301 1300
f 1281 1300 1280
f 1282 1302 1301
f 1282 1301 1281
f 1283 1303 1302
f 1283 1302 1282
f 1284 1304 1303
f 1284 1303 1283
f 1285 1305 1304
f 1285 1304 1284
f 1286 1305 1285
f 1286 1306 1305
f 1287 1306 1286
f 1287 1307 1306
f 1288 1307 1287
f 1288 1308 1307
f 1289 1308 1288
f 1289 1309 1308
f 1310 1330 1329
f 1311 1331 1330
f 1311 1330 1310
f 1312 1332 1331
f 1312 1331 1311
f 1313 1333 1332
f 1313 1332 1312
f 1314 1334 1333
f 1314 1333 1313
f 1315 1335 1334
f 1315 1334 1314
f 1316 1336 1335
f 1316 1335 1315
f 1317 1337 1336
f 1317 1336 1316
f 1318 1338 1337
f 1318 1337 1317
f 1319 1339 1338
f 1319 1338 1318
f 1320 1340 1339
f 1320 1339 1319
f 1321 1341 1340
f 1321 1340 1320
f 1322 1342 1341
f 1322 1341 1321
f 1323 1343 1342
f 1323 1342 1322
f 1324 1344 1343
f 1324 1343 1323
f 1325 1344 1324
f 1325 1345 1344
f 1326 1345 1325
f 1326 1346 1345
f 1327 1346 1326
f 1327 1347 1346
f 1328 1347 1327
f 1328 1348 1347
f 1357 1358 1359
f 1356 1357 1359
f 1355 1356 1359
f 1354 1355 1359
f 1353 1354 1359
f 1352 1353 1359
f 1351 1352 1359
f 1349 1351 1359
f 1350 1349 1359
f 1398 1399 1350
f 1397 1398 1350
f 1396 1397 1350
f 1395 1396 1350
f 1394 1395 1350
f 1393 1394 1350
f 1360 1350 1359
f 1360 1393 1350
f 1392 1393 1360
f 1389 1392 1360
f 1361 1389 1360
f 1390 1389 1361
f 1362 1390 1361
f 1391 1390 1362
f 1363 1391 1362
f 1388 1391 1363
f 1404 1388 1363
f 1364 1404 1363
f 1403 1404 1364
f 1405 1388 1404
f 1405 1387 1388
f 1365 1403 1364
f 1386 1387 1405
f 1402 1403 1365
f 1406 1386 1405
f 1366 1402 1365
f 1385 1386 1406
f 1401 1402 1366
f 1407 1385 1406
f 1367 1401 1366
f 1377 1401 1367
f 1384 1385 1407
f 1400 1401 1377
f 1400 1384 1407
f 1368 1377 1367
f 1378 1377 1368
f 1383 1400 1377
f 1383 1384 1400
f 1369 1378 1368
f 1379 1369 1370
f 1379 1378 1369
f 1371 1379 1370
f 1380 1379 1371
f 1372 1380 1371
f 1381 1380 1372
f 1373 1381 1372
f 1382 1373 1374
f 1382 1381 1373
f 1375 1382 1374
f 1376 1382 1375
f 1426 1424 1425
f 1422 1423 1424
f 1427 1424 1426
f 1421 1422 1424
f 1429 1420 1421
f 1429 1427 1428
f 1429 1424 1427
f 1429 1421 1424
f 1432 1430 1431
f 1435 1433 1434
f 1437 1433 1435
f 1437 1432 1433
f 1437 1435 1436
f 1437 1430 1432
f 1440 1430 1437
f 1440 1437 1438
f 1440 1438 1439
f 1441 1430 1440
f 1441 1429 1430
f 1441 1420 1429
f 1469 1420 1441
f 1468 1469 1441
f 1467 1420 1469
f 1442 1470 1472
f 1444 1442 1443
f 1447 1444 1445
f 1447 1445 1446
f 1448 1444 1447
f 1450 1448 1449
f 1451 1444 1448
f 1451 1448 1450
f 1452 1470 1442
f 1452 1442 1444
f 1452 1444 1451
f 1473 1468 1472
f 1473 1466 1468
f 1474 1476 1467
f 1474 1467 1466
f 1419 1420 1467
f 1419 1467 1476
f 1417 1418 1419
f 1416 1417 1419
f 1413 1414 1415
f 1411 1412 1413
f 1410 1411 1413
f 1410 1413 1415
f 1409 1415 1416
f 1409 1416 1419
f 1409 1410 1415
f 1465 1466 1473
f 1465 1474 1466
f 1477 1419 1476
f 1477 1409 1419
f 1471 1470 1452
f 1464 1471 1452
f 1464 1465 1473
f 1464 1473 1471
f 1475 1474 1465
f 1475 1409 1477
f 1463 1475 1465
f 1453 1464 1452
f 1453 1462 1464
f 1408 1462 1453
f 1408 1463 1462
f 1460 1461 1408
f 1456 1453 1454
f 1456 1454 1455
f 1459 1460 1408
f 1458 1453 1456
f 1458 1459 1408
f 1458 1456 1457
f 1458 1408 1453
f 1408 1409 1463
f 1463 1409 1475
f 1441 1442 1468
f 1468 1442 1472
f 1478 1479 1480
f 1484 1485 1478
f 1484 1478 1480
f 1483 1484 1480
f 1482 1483 1480
f 1481 1482 1480
f 1494 1495 1496
f 1493 1496 1497
f 1493 1494 1496
f 1499 1497 1498
f 1492 1499 1500
f 1492 1493 1497
f 1492 1497 1499
f 1491 1500 1501
f 1491 1492 1500
f 1502 1491 1501
f 1490 1502 1503
f 1490 1491 1502
f 1506 1504 1505
f 1489 1503 1504
f 1489 1504 1506
f 1489 1490 1503
f 1488 1506 1507
f 1488 1507 1508
f 1488 1489 1506
f 1509 1488 1508
f 1487 1509 1486
f 1487 1488 1509
f 1518 1541 1517
f 1519 1541 1518
f 1520 1548 1541
f 1520 1541 1519
f 1521 1548 1520
f 1522 1548 1521
f 1523 1548 1522
f 1524 1548 1523
f 1525 1548 1524
f 1526 1548 1525
f 1527 1547 1548
f 1527 1548 1526
f 1528 1547 1527
f 1529 1547 1528
f 1511 1529 1530
f 1511 1530 1531
f 1511 1531 1532
f 1511 1532 1533
f 1511 1533 1534
f 1511 1534 1535
f 1511 1535 1536
f 1511 1536 1537
f 1511 1537 1538
f 1511 1538 1539
f 1511 1539 1540
f 1511 1540 1510
f 1511 1546 1547
f 1511 1547 1529
f 1512 1545 1546
f 1512 1546 1511
f 1513 1545 1512
f 1513 1544 1545
f 1514 1544 1513
f 1514 1543 1544
f 1515 1543 1514
f 1515 1542 1543
f 1516 1542 1515
f 1551 1549 1550
f 1551 1550 1552
f 1553 1557 1556
f 1553 1554 1557
f 1555 1553 1556
f 1575 1561 1576
f 1574 1561 1575
f 1577 1576 1561
f 1573 1561 1574
f 1578 1577 1561
f 1572 1561 1573
f 1579 1578 1561
f 1571 1561 1572
f 1580 1579 1561
f 1570 1561 1571
f 1569 1561 1570
f 1559 1567 1566
f 1559 1568 1567
f 1559 1569 1568
f 1559 1561 1569
f 1565 1559 1566
f 1564 1559 1565
f 1563 1559 1564
f 1562 1559 1563
f 1597 1559 1562
f 1612 1585 1584
f 1612 1611 1585
f 1610 1586 1585
f 1610 1585 1611
f 1613 1583 1582
f 1613 1612 1584
f 1613 1584 1583
f 1609 1587 1586
f 1609 1586 1610
f 1614 1613 1582
f 1608 1587 1609
f 1608 1588 1587
f 1608 1589 1588
f 1615 1582 1581
f 1615 1614 1582
f 1607 1589 1608
f 1606 1590 1589
f 1606 1591 1590
f 1606 1589 1607
f 1605 1591 1606
f 1604 1592 1591
f 1604 1591 1605
f 1603 1592 1604
f 1603 1593 1592
f 1603 1594 1593
f 1602 1595 1594
f 1602 1594 1603
f 1601 1595 1602
f 1600 1596 1595
f 1600 1595 1601
f 1599 1597 1596
f 1599 1559 1597
f 1599 1596 1600
f 1560 1617 1616
f 1560 1618 1617
f 1560 1619 1618
f 1560 1620 1619
f 1560 1621 1620
f 1560 1622 1621
f 1560 1623 1622
f 1560 1624 1623
f 1560 1625 1624
f 1560 1626 1625
f 1560 1627 1626
f 1558 1627 1560
f 1558 1599 1598
f 1558 1628 1627
f 1558 1629 1628
f 1558 1630 1629
f 1558 1631 1630
f 1558 1632 1631
f 1558 1633 1632
f 1558 1598 1633
f 1558 1559 1599
f 1560 1580 1561
f 1560 1581 1580
f 1560 1616 1581
f 1616 1615 1581
f 1634 1636 1637
f 1634 1637 1635
f 1640 1639 1638
f 1640 1641 1639
f 1642 1645 1644
f 1642 1643 1645
f 1647 1648 1649
f 1646 1647 1649
f 1651 1652 1653
f 1650 1652 1651
f 1708 1655 1707
f 1709 1655 1708
f 1706 1707 1655
f 1710 1655 1709
f 1705 1655 1654
f 1705 1706 1655
f 1711 1655 1710
f 1704 1705 1654
f 1712 1655 1711
f 1703 1704 1654
f 1713 1655 1712
f 1702 1703 1654
f 1701 1702 1654
f 1700 1701 1654
f 1699 1700 1654
f 1698 1699 1654
f 1697 1698 1654
f 1696 1697 1654
f 1695 1696 1654
f 1694 1695 1654
f 1671 1716 1717
f 1672 1716 1671
f 1673 1716 1672
f 1673 1715 1716
f 1670 1671 1717
f 1670 1717 1718
f 1674 1715 1673
f 1674 1714 1715
f 1669 1670 1718
f 1669 1718 1719
f 1675 1714 1674
f 1675 1713 1714
f 1668 1669 1719
f 1668 1719 1720
f 1667 1668 1720
f 1667 1720 1721
f 1667 1721 1722
f 1666 1667 1722
f 1666 1722 1723
f 1665 1666 1723
f 1665 1723 1724
f 1664 1724 1725
f 1664 1665 1724
f 1657 1655 1713
f 1657 1675 1676
f 1657 1676 1677
f 1657 1677 1678
f 1657 1678 1679
f 1657 1713 1675
f 1680 1657 1679
f 1663 1725 1726
f 1663 1664 1725
f 1681 1657 1680
f 1662 1726 1727
f 1662 1663 1726
f 1682 1657 1681
f 1661 1662 1727
f 1683 1657 1682
f 1660 1727 1728
f 1660 1728 1729
f 1660 1661 1727
f 1659 1660 1729
f 1656 1657 1683
f 1656 1683 1684
f 1656 1684 1685
f 1656 1685 1686
f 1656 1686 1687
f 1656 1687 1688
f 1656 1688 1689
f 1656 1689 1690
f 1656 1690 1691
f 1656 1691 1692
f 1656 1692 1693
f 1656 1693 1658
f 1654 1656 1694
f 1694 1656 1729
f 1729 1656 1658
f 1729 1658 1659
f 1731 1732 1730
f 1731 1733 1732
f 1734 1737 1736
f 1734 1735 1737
f 1738 1740 1741
f 1738 1741 1739
f 1759 1760 1743
f 1758 1759 1743
f 1761 1743 1760
f 1757 1758 1743
f 1762 1743 1761
f 1756 1757 1743
f 1763 1743 1762
f 1755 1756 1743
f 1764 1743 1763
f 1754 1755 1743
f 1753 1754 1743
f 1742 1753 1743
f 1742 1750 1751
f 1742 1751 1752
f 1742 1752 1753
f 1749 1750 1742
f 1748 1749 1742
f 1747 1748 1742
f 1746 1747 1742
f 1781 1746 1742
f 1796 1768 1769
f 1796 1769 1795
f 1794 1769 1770
f 1794 1795 1769
f 1797 1766 1767
f 1797 1767 1768
f 1797 1768 1796
f 1793 1770 1771
f 1793 1794 1770
f 1798 1766 1797
f 1792 1771 1772
f 1792 1772 1773
f 1792 1793 1771
f 1799 1765 1766
f 1799 1766 1798
f 1791 1792 1773
f 1790 1773 1774
f 1790 1791 1773
f 1789 1774 1775
f 1789 1775 1776
f 1789 1790 1774
f 1788 1789 1776
f 1787 1776 1777
f 1787 1777 1778
f 1787 1788 1776
f 1786 1787 1778
f 1785 1778 1779
f 1785 1786 1778
f 1784 1779 1780
f 1784 1780 1781
f 1784 1785 1779
f 1783 1784 1781
f 1745 1800 1801
f 1745 1801 1802
f 1745 1802 1803
f 1745 1803 1804
f 1745 1804 1805
f 1745 1805 1806
f 1745 1806 1807
f 1745 1807 1808
f 1745 1808 1809
f 1745 1809 1810
f 1745 1810 1811
f 1744 1745 1811
f 1744 1781 1742
f 1744 1782 1783
f 1744 1811 1812
f 1744 1812 1813
f 1744 1813 1814
f 1744 1814 1815
f 1744 1815 1816
f 1744 1816 1817
f 1744 1817 1782
f 1744 1783 1781
f 1745 1743 1764
f 1745 1764 1765
f 1745 1765 1800
f 1800 1765 1799
f 1821 1819 1818
f 1820 1821 1818
f 1822 1825 1824
f 1822 1823 1825
f 1828 1826 1827
f 1828 1827 1829
f 1833 1831 1830
f 1832 1833 1830
f 1836 1835 1834
f 1836 1837 1835
f 1840 1839 1838
f 1841 1839 1840
f 1896 1895 1845
f 1897 1896 1845
f 1894 1845 1895
f 1898 1897 1845
f 1893 1843 1845
f 1893 1845 1894
f 1899 1898 1845
f 1892 1843 1893
f 1900 1899 1845
f 1891 1843 1892
f 1901 1900 1845
f 1890 1843 1891
f 1889 1843 1890
f 1888 1843 1889
f 1887 1843 1888
f 1886 1843 1887
f 1885 1843 1886
f 1884 1843 1885
f 1883 1843 1884
f 1882 1843 1883
f 1860 1859 1905
f 1860 1904 1903
f 1860 1905 1904
f 1861 1860 1903
f 1858 1905 1859
f 1858 1906 1905
f 1862 1861 1903
f 1862 1903 1902
f 1857 1907 1906
f 1857 1908 1907
f 1857 1906 1858
f 1863 1862 1902
f 1863 1902 1901
f 1863 1901 1845
f 1856 1908 1857
f 1856 1909 1908
f 1855 1909 1856
f 1854 1909 1855
f 1854 1910 1909
f 1853 1910 1854
f 1853 1911 1910
f 1852 1911 1853
f 1852 1912 1911
f 1844 1864 1863
f 1844 1865 1864
f 1844 1866 1865
f 1844 1867 1866
f 1844 1863 1845
f 1868 1867 1844
f 1851 1913 1912
f 1851 1914 1913
f 1851 1912 1852
f 1869 1868 1844
f 1850 1914 1851
f 1870 1869 1844
f 1849 1915 1914
f 1849 1914 1850
f 1871 1870 1844
f 1848 1916 1915
f 1848 1917 1916
f 1848 1915 1849
f 1847 1917 1848
f 1842 1871 1844
f 1842 1872 1871
f 1842 1873 1872
f 1842 1874 1873
f 1842 1875 1874
f 1842 1876 1875
f 1842 1877 1876
f 1842 1878 1877
f 1842 1879 1878
f 1842 1880 1879
f 1842 1881 1880
f 1842 1846 1881
f 1843 1846 1842
f 1843 1847 1846
f 1843 1882 1847
f 1882 1917 1847
f 1918 1919 1921
f 1920 1918 1921
f 1923 1925 1924
f 1923 1922 1925
f 1927 1945 1926
f 1927 1946 1945
f 1927 1947 1946
f 1928 1948 1947
f 1928 1947 1927
f 1929 1948 1928
f 1930 1949 1948
f 1930 1948 1929
f 1931 1950 1949
f 1931 1951 1950
f 1931 1949 1930
f 1932 1951 1931
f 1933 1952 1951
f 1933 1953 1952
f 1933 1951 1932
f 1934 1953 1933
f 1935 1954 1953
f 1935 1953 1934
f 1936 1955 1954
f 1936 1954 1935
f 1937 1956 1955
f 1937 1957 1956
f 1937 1955 1936
f 1938 1957 1937
f 1939 1958 1957
f 1939 1957 1938
f 1940 1959 1958
f 1940 1958 1939
f 1941 1959 1940
f 1941 1960 1959
f 1942 1960 1941
f 1942 1961 1960
f 1942 1962 1961
f 1943 1962 1942
f 1944 1962 1943
f 1944 1963 1962
f 1964 1984 1983
f 1965 1985 1984
f 1965 1984 1964
f 1966 1986 1985
f 1966 1985 1965
f 1967 1987 1986
f 1967 1988 1987
f 1967 1986 1966
f 1968 1989 1988
f 1968 1988 1967
f 1969 1990 1989
f 1969 1991 1990
f 1969 1989 1968
f 1970 1992 1991
f 1970 1993 1992
f 1970 1991 1969
f 1971 1994 1993
f 1971 1993 1970
f 1972 1995 1994
f 1972 1996 1995
f 1972 1994 1971
f 1973 1997 1996
f 1973 1996 1972
f 1974 1997 1973
f 1974 1998 1997
f 1974 1999 1998
f 1975 1999 1974
f 1975 2000 1999
f 1975 2001 2000
f 1976 2001 1975
f 1976 2002 2001
f 1977 2002 1976
f 1977 2003 2002
f 1977 2004 2003
f 1978 2004 1977
f 1978 2005 2004
f 1978 2006 2005
f 1979 2006 1978
f 1979 2007 2006
f 1980 2007 1979
f 1980 2008 2007
f 1980 2009 2008
f 1981 2009 1980
f 1981 2010 2009
f 1982 2010 1981
f 1982 2011 2010
f 2013 2031 2012
f 2013 2032 2031
f 2014 2033 2032
f 2014 2032 2013
f 2015 2034 2033
f 2015 2033 2014
f 2016 2035 2034
f 2016 2034 2015
f 2017 2036 2035
f 2017 2035 2016
f 2018 2037 2036
f 2018 2036 2017
f 2019 2038 2037
f 2019 2037 2018
f 2020 2039 2038
f 2020 2038 2019
f 2021 2040 2039
f 2021 2039 2020
f 2022 2041 2040
f 2022 2040 2021
f 2023 2042 2041
f 2023 2041 2022
f 2024 2043 2042
f 2024 2042 2023
f 2025 2044 2043
f 2025 2043 2024
f 2026 2045 2044
f 2026 2044 2025
f 2027 2045 2026
f 2027 2046 2045
f 2028 2046 2027
f 2028 2047 2046
f 2029 2047 2028
f 2029 2048 2047
f 2030 2048 2029
f 2030 2049 2048
f 2051 2069 2050
f 2051 2070 2069
f 2052 2071 2070
f 2052 2070 2051
f 2053 2072 2071
f 2053 2071 2052
f 2054 2073 2072
f 2054 2072 2053
f 2055 2074 2073
f 2055 2073 2054
f 2056 2075 2074
f 2056 2074 2055
f 2057 2076 2075
f 2057 2075 2056
f 2058 2077 2076
f 2058 2076 2057
f 2059 2078 2077
f 2059 2077 2058
f 2060 2079 2078
f 2060 2078 2059
f 2061 2080 2079
f 2061 2079 2060
f 2062 2081 2080
f 2062 2080 2061
f 2063 2082 2081
f 2063 2081 2062
f 2064 2083 2082
f 2064 2082 2063
f 2065 2083 2064
f 2065 2084 2083
f 2066 2084 2065
f 2066 2085 2084
f 2067 2085 2066
f 2067 2086 2085
f 2068 2086 2067
f 2068 2087 2086
f 2090 2089 2088
f 2090 2091 2089
f 2094 2093 2092
f 2094 2095 2093
f 2105 2103 2104
f 2102 2103 2105
f 2106 2102 2105
f 2101 2102 2106
f 2100 2101 2106
f 2099 2106 2107
f 2099 2100 2106
f 2098 2099 2107
f 2097 2107 2108
f 2097 2098 2107
f 2096 2097 2108
f 2114 2115 2116
f 2114 2116 2117
f 2113 2114 2117
f 2112 2117 2118
f 2112 2113 2117
f 2111 2118 2119
f 2111 2119 2120
f 2111 2112 2118
f 2110 2120 2109
f 2110 2111 2120
f 2128 2125 2126
f 2129 2124 2125
f 2129 2125 2128
f 2130 2123 2124
f 2130 2124 2129
f 2131 2122 2123
f 2131 2123 2130
f 2132 2121 2122
f 2132 2122 2131
f 2127 2121 2132
f 2150 2152 2151
f 2150 2170 2152
f 2149 2169 2170
f 2149 2170 2150
f 2148 2168 2169
f 2148 2169 2149
f 2147 2167 2168
f 2147 2168 2148
f 2146 2166 2167
f 2146 2167 2147
f 2145 2165 2166
f 2145 2166 2146
f 2144 2164 2165
f 2144 2165 2145
f 2143 2163 2164
f 2143 2164 2144
f 2142 2162 2163
f 2142 2163 2143
f 2141 2161 2162
f 2141 2162 2142
f 2140 2160 2161
f 2140 2161 2141
f 2139 2159 2160
f 2139 2160 2140
f 2138 2158 2159
f 2138 2159 2139
f 2137 2157 2158
f 2137 2158 2138
f 2136 2157 2137
f 2136 2155 2156
f 2136 2156 2157
f 2135 2155 2136
f 2134 2153 2154
f 2134 2154 2155
f 2134 2155 2135
f 2133 2153 2134
f 2188 2190 2189
f 2188 2208 2190
f 2187 2207 2208
f 2187 2208 2188
f 2186 2206 2207
f 2186 2207 2187
f 2185 2205 2206
f 2185 2206 2186
f 2184 2204 2205
f 2184 2205 2185
f 2183 2203 2204
f 2183 2204 2184
f 2182 2202 2203
f 2182 2203 2183
f 2181 2201 2202
f 2181 2202 2182
f 2180 2200 2201
f 2180 2201 2181
f 2179 2199 2200
f 2179 2200 2180
f 2178 2198 2199
f 2178 2199 2179
f 2177 2197 2198
f 2177 2198 2178
f 2176 2196 2197
f 2176 2197 2177
f 2175 2195 2196
f 2175 2196 2176
f 2174 2195 2175
f 2174 2193 2194
f 2174 2194 2195
f 2173 2193 2174
f 2172 2191 2192
f 2172 2192 2193
f 2172 2193 2173
f 2171 2191 2172
f 2226 2228 2227
f 2226 2246 2228
f 2225 2245 2246
f 2225 2246 2226
f 2224 2244 2245
f 2224 2245 2225
f 2223 2243 2244
f 2223 2244 2224
f 2222 2242 2243
f 2222 2243 2223
f 2221 2241 2242
f 2221 2242 2222
f 2220 2240 2241
f 2220 2241 2221
f 2219 2239 2240
f 2219 2240 2220
f 2218 2238 2239
f 2218 2239 2219
f 2217 2237 2238
f 2217 2238 2218
f 2216 2236 2237
f 2216 2237 2217
f 2215 2235 2236
f 2215 2236 2216
f 2214 2234 2235
f 2214 2235 2215
f 2213 2233 2234
f 2213 2234 2214
f 2212 2233 2213
f 2212 2232 2233
f 2211 2232 2212
f 2211 2231 2232
f 2210 2231 2211
f 2210 2229 2230
f 2210 2230 2231
f 2209 2229 2210
f 2264 2266 2265
f 2264 2284 2266
f 2263 2283 2284
f 2263 2284 2264
f 2262 2282 2283
f 2262 2283 2263
f 2261 2281 2282
f 2261 2282 2262
f 2260 2280 2281
f 2260 2281 2261
f 2259 2279 2280
f 2259 2280 2260
f 2258 2278 2279
f 2258 2279 2259
f 2257 2277 2278
f 2257 2278 2258
f 2256 2276 2277
f 2256 2277 2257
f 2255 2275 2276
f 2255 2276 2256
f 2254 2274 2275
f 2254 2275 2255
f 2253 2273 2274
f 2253 2274 2254
f 2252 2272 2273
f 2252 2273 2253
f 2251 2271 2272
f 2251 2272 2252
f 2250 2271 2251
f 2250 2270 2271
f 2249 2270 2250
f 2249 2269 2270
f 2248 2269 2249
f 2248 2267 2268
f 2248 2268 2269
f 2247 2267 2248
f 2342 2285 2343
f 2341 2285 2342
f 2344 2343 2285
f 2345 2285 2286
f 2345 2344 2285
f 2340 2285 2341
f 2346 2345 2286
f 2339 2285 2340
f 2338 2287 2285
f 2338 2285 2339
f 2347 2346 2286
f 2348 2347 2286
f 2337 2287 2338
f 2349 2348 2286
f 2336 2287 2337
f 2335 2287 2336
f 2334 2287 2335
f 2333 2287 2334
f 2332 2287 2333
f 2331 2288 2287
f 2331 2287 2332
f 2330 2288 2331
f 2329 2288 2330
f 2364 2288 2329
f 2363 2288 2364
f 2307 2352 2351
f 2307 2306 2352
f 2308 2307 2351
f 2308 2351 2350
f 2305 2353 2352
f 2305 2352 2306
f 2309 2308 2350
f 2309 2349 2286
f 2309 2350 2349
f 2304 2353 2305
f 2304 2354 2353
f 2303 2354 2304
f 2303 2355 2354
f 2310 2309 2286
f 2302 2356 2355
f 2302 2357 2356
f 2302 2355 2303
f 2311 2310 2286
f 2301 2358 2357
f 2301 2357 2302
f 2300 2358 2301
f 2299 2358 2300
f 2299 2359 2358
f 2298 2360 2359
f 2298 2359 2299
f 2297 2360 2298
f 2297 2361 2360
f 2296 2361 2297
f 2296 2362 2361
f 2296 2363 2362
f 2295 2363 2296
f 2295 2288 2363
f 2294 2288 2295
f 2293 2288 2294
f 2378 2316 2315
f 2379 2315 2314
f 2379 2378 2315
f 2377 2317 2316
f 2377 2316 2378
f 2380 2314 2313
f 2380 2379 2314
f 2376 2318 2317
f 2376 2317 2377
f 2381 2380 2313
f 2375 2319 2318
f 2375 2318 2376
f 2374 2320 2319
f 2374 2319 2375
f 2373 2321 2320
f 2373 2320 2374
f 2372 2321 2373
f 2372 2322 2321
f 2371 2323 2322
f 2371 2322 2372
f 2370 2324 2323
f 2370 2323 2371
f 2369 2325 2324
f 2369 2324 2370
f 2368 2326 2325
f 2368 2325 2369
f 2367 2326 2368
f 2367 2327 2326
f 2292 2311 2286
f 2292 2312 2311
f 2292 2313 2312
f 2292 2381 2313
f 2292 2382 2381
f 2292 2383 2382
f 2292 2384 2383
f 2292 2385 2384
f 2291 2386 2385
f 2291 2387 2386
f 2291 2388 2387
f 2291 2389 2388
f 2291 2390 2389
f 2291 2391 2390
f 2291 2392 2391
f 2291 2385 2292
f 2290 2393 2392
f 2290 2394 2393
f 2290 2395 2394
f 2290 2396 2395
f 2290 2397 2396
f 2290 2398 2397
f 2290 2399 2398
f 2290 2392 2291
f 2289 2327 2367
f 2289 2400 2399
f 2289 2365 2400
f 2289 2399 2290
f 2289 2328 2327
f 2289 2293 2328
f 2289 2288 2293
f 2289 2366 2365
f 2289 2367 2366
f 2402 2401 2404
f 2404 2401 2403
f 2406 2405 2408
f 2408 2405 2407
f 2513 2425 2512
f 2514 2426 2425
f 2514 2425 2513
f 2515 2426 2514
f 2516 2426 2515
f 2517 2420 2426
f 2517 2426 2516
f 2518 2420 2517
f 2519 2420 2518
f 2520 2420 2519
f 2521 2420 2520
f 2522 2420 2521
f 2523 2420 2522
f 2474 2531 2532
f 2474 2532 2473
f 2475 2530 2531
f 2475 2531 2474
f 2476 2529 2530
f 2476 2530 2475
f 2477 2529 2476
f 2477 2528 2529
f 2478 2527 2528
f 2478 2528 2477
f 2479 2526 2527
f 2479 2527 2478
f 2480 2526 2479
f 2480 2525 2526
f 2481 2524 2525
f 2481 2525 2480
f 2482 2523 2524
f 2482 2524 2481
f 2436 2494 2435
f 2436 2493 2494
f 2437 2493 2436
f 2437 2492 2493
f 2438 2492 2437
f 2438 2491 2492
f 2439 2491 2438
f 2439 2490 2491
f 2440 2490 2439
f 2440 2489 2490
f 2441 2489 2440
f 2441 2488 2489
f 2442 2488 2441
f 2442 2487 2488
f 2443 2487 2442
f 2443 2486 2487
f 2444 2486 2443
f 2444 2485 2486
f 2417 2453 2454
f 2417 2454 2455
f 2418 2451 2452
f 2418 2452 2453
f 2418 2453 2417
f 2419 2445 2446
f 2419 2446 2447
f 2419 2447 2448
f 2419 2448 2449
f 2419 2449 2450
f 2419 2450 2451
f 2419 2451 2418
f 2419 2420 2484
f 2484 2420 2483
f 2483 2420 2482
f 2482 2420 2523
f 2419 2484 2485
f 2419 2485 2444
f 2419 2444 2445
f 2541 2423 2422
f 2542 2422 2543
f 2542 2541 2422
f 2544 2424 2423
f 2544 2423 2541
f 2545 2544 2541
f 2545 2541 2542
f 2546 2545 2542
f 2547 2544 2545
f 2547 2545 2546
f 2548 2547 2546
f 2549 2547 2548
f 2549 2548 2546
f 2550 2546 2542
f 2551 2550 2552
f 2553 2425 2424
f 2553 2544 2547
f 2553 2424 2544
f 2554 2553 2547
f 2555 2554 2547
f 2556 2555 2547
f 2556 2547 2549
f 2556 2554 2555
f 2556 2553 2554
f 2557 2549 2546
f 2558 2557 2546
f 2558 2546 2550
f 2559 2550 2551
f 2559 2558 2550
f 2560 2556 2549
f 2560 2549 2557
f 2561 2560 2557
f 2562 2509 2510
f 2562 2510 2511
f 2562 2511 2512
f 2562 2425 2553
f 2562 2553 2556
f 2562 2512 2425
f 2562 2556 2560
f 2563 2562 2560
f 2564 2563 2560
f 2564 2509 2562
f 2564 2562 2563
f 2564 2560 2561
f 2564 2504 2505
f 2564 2505 2506
f 2564 2506 2507
f 2564 2507 2508
f 2564 2508 2509
f 2565 2538 2539
f 2565 2539 2540
f 2565 2540 2503
f 2565 2564 2561
f 2565 2504 2564
f 2565 2557 2558
f 2565 2561 2557
f 2565 2558 2559
f 2565 2503 2504
f 2566 2565 2559
f 2567 2535 2536
f 2567 2536 2537
f 2567 2537 2538
f 2567 2565 2566
f 2567 2538 2565
f 2568 2569 2570
f 2571 2572 2414
f 2573 2429 2430
f 2573 2430 2431
f 2573 2431 2432
f 2573 2574 2575
f 2576 2569 2568
f 2577 2576 2568
f 2578 2576 2577
f 2578 2577 2568
f 2579 2576 2578
f 2579 2427 2428
f 2579 2428 2429
f 2579 2429 2573
f 2579 2463 2464
f 2579 2464 2427
f 2579 2573 2575
f 2579 2575 2576
f 2580 2578 2568
f 2580 2568 2571
f 2581 2580 2571
f 2582 2414 2415
f 2582 2581 2571
f 2582 2571 2414
f 2583 2578 2580
f 2583 2579 2578
f 2584 2583 2580
f 2585 2584 2580
f 2586 2585 2580
f 2586 2584 2585
f 2586 2580 2581
f 2587 2579 2583
f 2588 2583 2584
f 2588 2587 2583
f 2589 2586 2581
f 2589 2582 2415
f 2589 2581 2582
f 2589 2415 2416
f 2590 2587 2588
f 2590 2463 2579
f 2590 2458 2459
f 2590 2459 2460
f 2590 2460 2461
f 2590 2461 2462
f 2590 2462 2463
f 2590 2579 2587
f 2591 2590 2588
f 2592 2590 2591
f 2592 2591 2588
f 2592 2455 2456
f 2592 2456 2457
f 2592 2457 2458
f 2592 2417 2455
f 2592 2458 2590
f 2593 2584 2586
f 2593 2592 2588
f 2593 2588 2584
f 2594 2593 2586
f 2595 2594 2586
f 2596 2416 2417
f 2596 2417 2592
f 2596 2586 2589
f 2596 2589 2416
f 2596 2592 2593
f 2596 2593 2594
f 2596 2594 2595
f 2596 2595 2586
f 2597 2409 2410
f 2597 2421 2409
f 2598 2422 2421
f 2598 2597 2543
f 2598 2421 2597
f 2598 2543 2422
f 2599 2543 2597
f 2599 2597 2410
f 2600 2566 2601
f 2600 2567 2566
f 2602 2532 2533
f 2602 2533 2534
f 2602 2534 2535
f 2602 2471 2472
f 2602 2567 2600
f 2602 2472 2473
f 2602 2535 2567
f 2602 2473 2532
f 2603 2471 2602
f 2603 2468 2469
f 2603 2469 2470
f 2603 2470 2471
f 2603 2602 2600
f 2604 2410 2411
f 2604 2599 2410
f 2604 2605 2599
f 2606 2607 2575
f 2606 2575 2574
f 2608 2496 2497
f 2608 2497 2498
f 2608 2498 2499
f 2609 2608 2606
f 2610 2496 2608
f 2610 2574 2573
f 2610 2432 2433
f 2610 2433 2434
f 2610 2435 2494
f 2610 2434 2435
f 2610 2608 2609
f 2610 2606 2574
f 2610 2609 2606
f 2610 2573 2432
f 2610 2494 2495
f 2610 2495 2496
f 2611 2411 2412
f 2611 2412 2413
f 2611 2604 2411
f 2611 2572 2604
f 2612 2413 2414
f 2612 2414 2572
f 2612 2611 2413
f 2612 2572 2611
f 2613 2543 2599
f 2613 2552 2550
f 2613 2550 2542
f 2613 2542 2543
f 2614 2605 2601
f 2614 2613 2599
f 2614 2599 2605
f 2615 2601 2605
f 2615 2600 2601
f 2615 2606 2616
f 2615 2607 2606
f 2615 2605 2607
f 2615 2616 2600
f 2617 2607 2605
f 2617 2605 2604
f 2618 2606 2608
f 2618 2616 2606
f 2618 2468 2603
f 2618 2465 2466
f 2618 2466 2467
f 2618 2467 2468
f 2618 2608 2499
f 2618 2603 2600
f 2618 2600 2616
f 2618 2499 2500
f 2618 2500 2501
f 2618 2501 2502
f 2618 2502 2465
f 2619 2568 2570
f 2619 2570 2617
f 2619 2572 2571
f 2619 2604 2572
f 2619 2571 2568
f 2619 2617 2604
f 2620 2551 2552
f 2620 2566 2559
f 2620 2552 2613
f 2620 2601 2566
f 2620 2559 2551
f 2620 2614 2601
f 2620 2613 2614
f 2621 2569 2576
f 2621 2570 2569
f 2621 2617 2570
f 2621 2575 2607
f 2621 2576 2575
f 2621 2607 2617
f 2627 2628 2629
f 2627 2629 2630
f 2623 2624 2625
f 2623 2625 2626
f 2623 2626 2627
f 2623 2630 2631
f 2623 2631 2632
f 2623 2632 2622
f 2623 2627 2630
f 2634 2641 2633
f 2647 2641 2634
f 2635 2647 2634
f 2646 2647 2635
f 2636 2646 2635
f 2645 2646 2636
f 2637 2645 2636
f 2644 2645 2637
f 2638 2644 2637
f 2643 2644 2638
f 2639 2643 2638
f 2642 2643 2639
f 2648 2639 2640
f 2648 2642 2639
f 2650 2649 2657
f 2658 2650 2657
f 2651 2650 2658
f 2659 2651 2658
f 2652 2651 2659
f 2660 2652 2659
f 2653 2652 2660
f 2661 2653 2660
f 2654 2653 2661
f 2662 2654 2661
f 2655 2654 2662
f 2663 2656 2655
f 2663 2655 2662
f 2666 2665 2664
f 2667 2666 2664
f 2668 2669 2670
f 2668 2670 2671
f 2673 2674 2672
f 2693 2691 2692
f 2694 2690 2693
f 2695 2690 2694
f 2696 2690 2695
f 2697 2690 2696
f 2698 2690 2697
f 2699 2690 2698
f 2700 2690 2699
f 2701 2690 2700
f 2688 2689 2690
f 2688 2701 2702
f 2688 2690 2701
f 2687 2702 2675
f 2687 2688 2702
f 2686 2687 2675
f 2684 2685 2686
f 2676 2677 2678
f 2676 2678 2679
f 2676 2679 2680
f 2676 2680 2681
f 2676 2681 2682
f 2676 2682 2683
f 2676 2683 2684
f 2676 2686 2675
f 2676 2684 2686
f 2690 2691 2693
f 2722 2723 2724
f 2721 2724 2725
f 2721 2722 2724
f 2720 2725 2726
f 2720 2721 2725
f 2719 2726 2727
f 2719 2720 2726
f 2718 2727 2728
f 2718 2719 2727
f 2717 2728 2729
f 2717 2718 2728
f 2716 2729 2730
f 2716 2717 2729
f 2715 2730 2731
f 2715 2716 2730
f 2714 2731 2732
f 2714 2715 2731
f 2713 2732 2733
f 2713 2714 2732
f 2712 2733 2734
f 2712 2713 2733
f 2711 2734 2735
f 2711 2712 2734
f 2710 2735 2736
f 2710 2711 2735
f 2709 2736 2737
f 2709 2710 2736
f 2708 2709 2737
f 2707 2708 2737
f 2707 2737 2738
f 2707 2738 2739
f 2706 2707 2739
f 2705 2706 2739
f 2705 2739 2740
f 2704 2705 2740
f 2704 2740 2703
f 2750 2761 2749
f 2750 2762 2761
f 2751 2763 2762
f 2751 2762 2750
f 2752 2764 2763
f 2752 2763 2751
f 2753 2765 2764
f 2753 2764 2752
f 2754 2766 2765
f 2754 2765 2753
f 2755 2767 2766
f 2755 2768 2767
f 2755 2766 2754
f 2756 2768 2755
f 2757 2769 2768
f 2757 2768 2756
f 2758 2770 2769
f 2758 2769 2757
f 2759 2771 2770
f 2759 2770 2758
f 2760 2772 2771
f 2760 2771 2759
f 2741 2773 2772
f 2741 2780 2773
f 2741 2772 2760
f 2742 2779 2780
f 2742 2780 2741
f 2743 2779 2742
f 2743 2778 2779
f 2744 2778 2743
f 2744 2777 2778
f 2745 2777 2744
f 2745 2776 2777
f 2746 2776 2745
f 2746 2775 2776
f 2747 2775 2746
f 2747 2774 2775
f 2748 2774 2747
f 2789 2790 2791
f 2781 2782 2783
f 2781 2783 2784
f 2781 2784 2785
f 2781 2785 2786
f 2781 2786 2787
f 2781 2787 2788
f 2781 2788 2789
f 2781 2789 2791
f 2810 2817 2809
f 2810 2818 2817
f 2810 2819 2818
f 2811 2819 2810
f 2812 2820 2819
f 2812 2819 2811
f 2813 2821 2820
f 2813 2820 2812
f 2814 2822 2821
f 2814 2821 2813
f 2815 2823 2822
f 2815 2822 2814
f 2816 2824 2823
f 2816 2825 2824
f 2816 2823 2815
f 2798 2836 2825
f 2798 2825 2816
f 2799 2835 2836
f 2799 2836 2798
f 2800 2834 2835
f 2800 2835 2799
f 2801 2834 2800
f 2801 2833 2834
f 2802 2833 2801
f 2802 2832 2833
f 2803 2832 2802
f 2803 2831 2832
f 2804 2831 2803
f 2804 2830 2831
f 2805 2830 2804
f 2805 2829 2830
f 2806 2829 2805
f 2806 2828 2829
f 2807 2828 2806
f 2807 2827 2828
f 2808 2827 2807
f 2808 2826 2827
f 2792 2826 2808
f 2792 2837 2826
f 2793 2837 2792
f 2794 2837 2793
f 2794 2838 2837
f 2795 2838 2794
f 2795 2839 2838
f 2796 2840 2839
f 2796 2839 2795
f 2797 2841 2840
f 2797 2840 2796
f 2843 2861 2842
f 2843 2862 2861
f 2844 2863 2862
f 2844 2862 2843
f 2845 2864 2863
f 2845 2863 2844
f 2846 2865 2864
f 2846 2866 2865
f 2846 2864 2845
f 2847 2866 2846
f 2848 2867 2866
f 2848 2866 2847
f 2849 2868 2867
f 2849 2867 2848
f 2850 2869 2868
f 2850 2868 2849
f 2851 2870 2869
f 2851 2871 2870
f 2851 2869 2850
f 2852 2871 2851
f 2853 2872 2871
f 2853 2871 2852
f 2854 2873 2872
f 2854 2872 2853
f 2855 2874 2873
f 2855 2875 2874
f 2855 2873 2854
f 2856 2875 2855
f 2857 2875 2856
f 2857 2876 2875
f 2858 2876 2857
f 2858 2877 2876
f 2859 2877 2858
f 2859 2878 2877
f 2860 2878 2859
f 2860 2879 2878
f 2881 2907 2880
f 2881 2908 2907
f 2882 2909 2908
f 2882 2908 2881
f 2883 2910 2909
f 2883 2909 2882
f 2884 2910 2883
f 2885 2911 2910
f 2885 2910 2884
f 2886 2912 2911
f 2886 2911 2885
f 2887 2912 2886
f 2888 2913 2912
f 2888 2912 2887
f 2889 2914 2913
f 2889 2913 2888
f 2890 2914 2889
f 2891 2915 2914
f 2891 2914 2890
f 2892 2916 2915
f 2892 2915 2891
f 2893 2916 2892
f 2894 2917 2916
f 2894 2916 2893
f 2895 2917 2894
f 2895 2918 2917
f 2896 2918 2895
f 2897 2918 2896
f 2897 2919 2918
f 2898 2919 2897
f 2898 2920 2919
f 2899 2920 2898
f 2899 2921 2920
f 2900 2921 2899
f 2901 2921 2900
f 2901 2922 2921
f 2902 2922 2901
f 2902 2923 2922
f 2903 2923 2902
f 2904 2923 2903
f 2904 2924 2923
f 2905 2924 2904
f 2905 2925 2924
f 2906 2925 2905
f 2942 2946 2941
f 2942 2947 2946
f 2943 2948 2947
f 2943 2947 2942
f 2944 2949 2948
f 2944 2948 2943
f 2945 2950 2949
f 2945 2949 2944
f 2926 2951 2950
f 2926 2950 2945
f 2927 2952 2951
f 2927 2951 2926
f 2928 2953 2952
f 2928 2952 2927
f 2929 2954 2953
f 2929 2953 2928
f 2930 2955 2954
f 2930 2954 2929
f 2931 2956 2955
f 2931 2955 2930
f 2932 2957 2956
f 2932 2956 2931
f 2933 2958 2957
f 2933 2957 2932
f 2934 2959 2958
f 2934 2958 2933
f 2935 2960 2959
f 2935 2959 2934
f 2936 2960 2935
f 2936 2961 2960
f 2937 2961 2936
f 2937 2962 2961
f 2938 2962 2937
f 2938 2963 2962
f 2939 2963 2938
f 2939 2964 2963
f 2940 2964 2939
f 2965 2985 2984
f 2966 2986 2985
f 2966 2985 2965
f 2967 2987 2986
f 2967 2986 2966
f 2968 2987 2967
f 2969 2988 2987
f 2969 2987 2968
f 2970 2989 2988
f 2970 2990 2989
f 2970 2988 2969
f 2971 2990 2970
f 2972 2991 2990
f 2972 2990 2971
f 2973 2992 2991
f 2973 2991 2972
f 2974 2993 2992
f 2974 2992 2973
f 2975 2994 2993
f 2975 2995 2994
f 2975 2993 2974
f 2976 2995 2975
f 2977 2996 2995
f 2977 2997 2996
f 2977 2995 2976
f 2978 2997 2977
f 2979 2998 2997
f 2979 2999 2998
f 2979 2997 2978
f 2980 2999 2979
f 2981 2999 2980
f 2981 3000 2999
f 2982 3000 2981
f 2982 3001 3000
f 2983 3001 2982
f 2983 3002 3001
f 3003 3023 3022
f 3004 3024 3023
f 3004 3023 3003
f 3005 3025 3024
f 3005 3024 3004
f 3006 3025 3005
f 3007 3026 3025
f 3007 3025 3006
f 3008 3027 3026
f 3008 3028 3027
f 3008 3026 3007
f 3009 3028 3008
f 3010 3029 3028
f 3010 3028 3009
f 3011 3030 3029
f 3011 3029 3010
f 3012 3031 3030
f 3012 3030 3011
f 3013 3032 3031
f 3013 3033 3032
f 3013 3031 3012
f 3014 3033 3013
f 3015 3034 3033
f 3015 3035 3034
f 3015 3033 3014
f 3016 3035 3015
f 3017 3036 3035
f 3017 3037 3036
f 3017 3035 3016
f 3018 3037 3017
f 3019 3037 3018
f 3019 3038 3037
f 3020 3038 3019
f 3020 3039 3038
f 3021 3039 3020
f 3021 3040 3039
f 3046 3062 3045
f 3046 3063 3062
f 3047 3064 3063
f 3047 3063 3046
f 3048 3065 3064
f 3048 3064 3047
f 3049 3066 3065
f 3049 3067 3066
f 3049 3065 3048
f 3050 3067 3049
f 3051 3068 3067
f 3051 3067 3050
f 3052 3069 3068
f 3052 3068 3051
f 3053 3070 3069
f 3053 3069 3052
f 3054 3071 3070
f 3054 3070 3053
f 3055 3072 3071
f 3055 3071 3054
f 3056 3073 3072
f 3056 3072 3055
f 3057 3074 3073
f 3057 3073 3056
f 3058 3075 3074
f 3058 3074 3057
f 3059 3075 3058
f 3059 3076 3075
f 3060 3076 3059
f 3060 3077 3076
f 3061 3077 3060
f 3061 3078 3077
f 3041 3078 3061
f 3041 3079 3078
f 3042 3079 3041
f 3042 3082 3079
f 3043 3082 3042
f 3043 3081 3082
f 3044 3081 3043
f 3044 3080 3081
f 3102 3104 3101
f 3102 3105 3104
f 3103 3105 3102
f 3083 3106 3105
f 3083 3105 3103
f 3084 3107 3106
f 3084 3106 3083
f 3085 3108 3107
f 3085 3107 3084
f 3086 3109 3108
f 3086 3108 3085
f 3087 3110 3109
f 3087 3109 3086
f 3088 3111 3110
f 3088 3110 3087
f 3089 3112 3111
f 3089 3111 3088
f 3090 3113 3112
f 3090 3112 3089
f 3091 3114 3113
f 3091 3113 3090
f 3092 3115 3114
f 3092 3114 3091
f 3093 3116 3115
f 3093 3115 3092
f 3094 3117 3116
f 3094 3116 3093
f 3095 3118 3117
f 3095 3117 3094
f 3096 3118 3095
f 3096 3119 3118
f 3097 3119 3096
f 3097 3120 3119
f 3098 3120 3097
f 3098 3121 3120
f 3099 3121 3098
f 3099 3122 3121
f 3100 3122 3099
f 3237 3230 3231
f 3236 3237 3231
f 3235 3236 3231
f 3255 3235 3231
f 3254 3255 3231
f 3253 3254 3231
f 3252 3253 3231
f 3267 3256 3257
f 3267 3257 3258
f 3267 3258 3259
f 3267 3259 3260
f 3267 3260 3261
f 3267 3261 3262
f 3267 3262 3263
f 3418 3231 3232
f 3418 3247 3248
f 3418 3248 3249
f 3418 3249 3250
f 3418 3250 3251
f 3418 3251 3252
f 3418 3252 3231
f 3417 3232 3233
f 3417 3418 3232
f 3217 3234 3216
f 3218 3234 3217
f 3219 3234 3218
f 3220 3234 3219
f 3221 3234 3220
f 3419 3241 3242
f 3419 3242 3243
f 3419 3243 3244
f 3419 3244 3245
f 3419 3245 3246
f 3419 3246 3247
f 3419 3247 3418
f 3416 3233 3234
f 3416 3417 3233
f 3222 3234 3221
f 3223 3234 3222
f 3420 3238 3239
f 3420 3239 3240
f 3420 3240 3241
f 3420 3263 3264
f 3420 3264 3238
f 3420 3267 3263
f 3420 3241 3419
f 3415 3224 3225
f 3415 3225 3226
f 3415 3226 3227
f 3415 3227 3228
f 3415 3234 3223
f 3415 3416 3234
f 3415 3223 3224
f 3229 3415 3228
f 3199 3415 3229
f 3200 3415 3199
f 3201 3415 3200
f 3195 3209 3210
f 3195 3210 3211
f 3195 3211 3212
f 3195 3212 3213
f 3195 3213 3214
f 3195 3214 3215
f 3195 3215 3194
f 3421 3266 3267
f 3421 3267 3420
f 3414 3415 3201
f 3414 3209 3195
f 3414 3201 3202
f 3414 3202 3203
f 3414 3203 3204
f 3414 3204 3205
f 3414 3205 3206
f 3414 3206 3207
f 3414 3207 3208
f 3414 3208 3209
f 3422 3265 3266
f 3422 3266 3421
f 3413 3195 3196
f 3413 3414 3195
f 3274 3265 3273
f 3275 3265 3274
f 3272 3273 3265
f 3271 3272 3265
f 3276 3265 3275
f 3277 3265 3276
f 3278 3265 3277
f 3423 3271 3265
f 3423 3269 3270
f 3423 3270 3271
f 3423 3265 3422
f 3448 3196 3197
f 3448 3413 3196
f 3304 3269 3423
f 3303 3304 3423
f 3302 3303 3423
f 3301 3302 3423
f 3300 3301 3423
f 3299 3300 3423
f 3298 3299 3423
f 3424 3298 3423
f 3424 3288 3289
f 3424 3289 3290
f 3424 3290 3291
f 3424 3291 3292
f 3424 3292 3293
f 3424 3293 3294
f 3424 3294 3295
f 3424 3295 3296
f 3424 3296 3297
f 3424 3297 3298
f 3447 3197 3198
f 3447 3448 3197
f 3181 3198 3180
f 3179 3180 3198
f 3182 3198 3181
f 3178 3179 3198
f 3183 3447 3198
f 3183 3198 3182
f 3177 3178 3198
f 3184 3447 3183
f 3176 3177 3198
f 3185 3447 3184
f 3186 3447 3185
f 3187 3447 3186
f 3425 3288 3424
f 3425 3284 3285
f 3425 3285 3286
f 3425 3286 3287
f 3425 3287 3288
f 3446 3187 3188
f 3446 3188 3189
f 3446 3189 3190
f 3446 3190 3191
f 3446 3447 3187
f 3192 3446 3191
f 3193 3446 3192
f 3164 3446 3193
f 3160 3169 3170
f 3160 3170 3171
f 3160 3171 3172
f 3160 3172 3173
f 3160 3173 3174
f 3160 3174 3175
f 3160 3175 3159
f 3445 3446 3164
f 3445 3169 3160
f 3445 3164 3165
f 3445 3165 3166
f 3445 3166 3167
f 3445 3167 3168
f 3445 3168 3169
f 3161 3445 3160
f 3268 3425 3426
f 3268 3284 3425
f 3268 3278 3279
f 3268 3279 3280
f 3268 3280 3281
f 3268 3281 3282
f 3268 3282 3283
f 3268 3283 3284
f 3268 3265 3278
f 3427 3268 3426
f 3444 3445 3161
f 3310 3427 3309
f 3308 3309 3427
f 3311 3427 3310
f 3162 3444 3161
f 3307 3308 3427
f 3312 3427 3311
f 3306 3307 3427
f 3313 3427 3312
f 3305 3306 3427
f 3314 3268 3427
f 3314 3427 3313
f 3315 3268 3314
f 3316 3268 3315
f 3428 3339 3340
f 3428 3340 3305
f 3428 3305 3427
f 3443 3444 3162
f 3317 3268 3316
f 3338 3339 3428
f 3318 3268 3317
f 3337 3338 3428
f 3319 3268 3318
f 3336 3337 3428
f 3320 3268 3319
f 3335 3336 3428
f 3321 3268 3320
f 3322 3268 3321
f 3323 3268 3322
f 3324 3268 3323
f 3163 3443 3162
f 3429 3326 3327
f 3429 3335 3428
f 3429 3327 3328
f 3429 3328 3329
f 3429 3329 3330
f 3429 3330 3331
f 3429 3331 3332
f 3429 3332 3333
f 3429 3333 3334
f 3429 3334 3335
f 3442 3443 3163
f 3141 3442 3140
f 3139 3140 3442
f 3142 3442 3141
f 3143 3442 3142
f 3138 3139 3442
f 3138 3442 3163
f 3144 3442 3143
f 3137 3138 3163
f 3145 3442 3144
f 3136 3137 3163
f 3158 3136 3163
f 3146 3442 3145
f 3157 3158 3163
f 3147 3442 3146
f 3156 3157 3163
f 3155 3156 3163
f 3154 3155 3163
f 3430 3324 3325
f 3430 3325 3326
f 3430 3268 3324
f 3430 3326 3429
f 3441 3147 3148
f 3441 3148 3149
f 3441 3149 3150
f 3441 3150 3151
f 3441 3151 3152
f 3441 3152 3153
f 3441 3442 3147
f 3128 3441 3153
f 3126 3128 3129
f 3126 3129 3130
f 3126 3130 3131
f 3126 3131 3132
f 3126 3132 3133
f 3126 3133 3134
f 3126 3134 3135
f 3126 3135 3125
f 3126 3441 3128
f 3127 3441 3126
f 3127 3440 3441
f 3123 3440 3127
f 3439 3440 3123
f 3346 3432 3345
f 3344 3345 3432
f 3347 3432 3346
f 3343 3344 3432
f 3348 3432 3347
f 3349 3432 3348
f 3350 3432 3349
f 3351 3432 3350
f 3433 3341 3342
f 3433 3342 3343
f 3433 3343 3432
f 3433 3376 3341
f 3352 3431 3432
f 3352 3432 3351
f 3375 3376 3433
f 3353 3431 3352
f 3374 3375 3433
f 3354 3431 3353
f 3373 3374 3433
f 3355 3431 3354
f 3372 3373 3433
f 3356 3430 3431
f 3356 3431 3355
f 3371 3372 3433
f 3357 3430 3356
f 3357 3268 3430
f 3370 3371 3433
f 3358 3268 3357
f 3369 3370 3433
f 3434 3369 3433
f 3368 3369 3434
f 3367 3368 3434
f 3366 3367 3434
f 3382 3437 3381
f 3380 3437 3438
f 3380 3381 3437
f 3383 3437 3382
f 3379 3380 3438
f 3384 3437 3383
f 3378 3379 3438
f 3385 3437 3384
f 3386 3436 3437
f 3386 3437 3385
f 3377 3378 3438
f 3387 3436 3386
f 3412 3377 3438
f 3388 3436 3387
f 3411 3412 3438
f 3389 3436 3388
f 3410 3411 3438
f 3390 3436 3389
f 3409 3410 3438
f 3391 3436 3390
f 3408 3409 3438
f 3392 3436 3391
f 3407 3438 3439
f 3407 3408 3438
f 3393 3436 3392
f 3406 3439 3123
f 3406 3407 3439
f 3394 3436 3393
f 3405 3406 3123
f 3395 3436 3394
f 3404 3405 3123
f 3124 3434 3435
f 3124 3435 3436
f 3124 3359 3360
f 3124 3360 3361
f 3124 3361 3362
f 3124 3362 3363
f 3124 3363 3364
f 3124 3364 3365
f 3124 3365 3366
f 3124 3436 3395
f 3124 3395 3396
f 3124 3396 3397
f 3124 3397 3398
f 3124 3398 3399
f 3124 3399 3400
f 3124 3400 3401
f 3124 3401 3402
f 3124 3402 3403
f 3124 3403 3404
f 3124 3366 3434
f 3124 3404 3123
f 3268 3359 3124
f 3268 3358 3359
f 3533 3529 3530
f 3532 3529 3533
f 3531 3529 3532
f 3551 3529 3531
f 3550 3529 3551
f 3549 3529 3550
f 3548 3529 3549
f 3561 3553 3552
f 3561 3554 3553
f 3561 3555 3554
f 3561 3556 3555
f 3561 3557 3556
f 3561 3558 3557
f 3600 3529 3548
f 3600 3528 3529
f 3600 3546 3545
f 3600 3547 3546
f 3600 3548 3547
f 3599 3527 3528
f 3599 3528 3600
f 3513 3512 3526
f 3514 3513 3526
f 3515 3514 3526
f 3516 3515 3526
f 3601 3600 3545
f 3601 3539 3538
f 3601 3540 3539
f 3601 3541 3540
f 3601 3542 3541
f 3601 3543 3542
f 3601 3544 3543
f 3601 3545 3544
f 3517 3516 3526
f 3598 3527 3599
f 3598 3526 3527
f 3518 3517 3526
f 3519 3518 3526
f 3602 3559 3558
f 3602 3560 3559
f 3602 3534 3560
f 3602 3558 3561
f 3602 3601 3538
f 3602 3535 3534
f 3602 3536 3535
f 3602 3537 3536
f 3602 3538 3537
f 3597 3520 3519
f 3597 3521 3520
f 3597 3522 3521
f 3597 3523 3522
f 3597 3524 3523
f 3597 3526 3598
f 3597 3519 3526
f 3525 3524 3597
f 3495 3525 3597
f 3496 3495 3597
f 3497 3496 3597
f 3493 3506 3505
f 3493 3507 3506
f 3493 3508 3507
f 3493 3509 3508
f 3493 3510 3509
f 3493 3511 3510
f 3493 3494 3511
f 3603 3561 3562
f 3603 3602 3561
f 3596 3497 3597
f 3596 3493 3505
f 3596 3498 3497
f 3596 3499 3498
f 3596 3500 3499
f 3596 3501 3500
f 3596 3502 3501
f 3596 3503 3502
f 3596 3504 3503
f 3596 3505 3504
f 3604 3562 3563
f 3604 3603 3562
f 3595 3493 3596
f 3595 3492 3493
f 3605 3604 3563
f 3682 3681 3563
f 3683 3682 3563
f 3680 3563 3681
f 3679 3563 3680
f 3679 3605 3563
f 3684 3683 3563
f 3685 3684 3563
f 3678 3605 3679
f 3628 3491 3492
f 3628 3492 3595
f 3686 3685 3563
f 3677 3605 3678
f 3676 3605 3677
f 3675 3605 3676
f 3674 3605 3675
f 3673 3605 3674
f 3672 3605 3673
f 3671 3605 3672
f 3606 3664 3663
f 3606 3665 3664
f 3606 3666 3665
f 3606 3667 3666
f 3606 3668 3667
f 3606 3669 3668
f 3606 3670 3669
f 3606 3671 3670
f 3606 3605 3671
f 3627 3490 3491
f 3627 3491 3628
f 3477 3476 3490
f 3475 3490 3476
f 3478 3477 3490
f 3474 3490 3475
f 3479 3490 3627
f 3479 3478 3490
f 3473 3490 3474
f 3480 3479 3627
f 3472 3490 3473
f 3481 3480 3627
f 3482 3481 3627
f 3607 3660 3659
f 3607 3661 3660
f 3607 3662 3661
f 3607 3663 3662
f 3607 3606 3663
f 3607 3694 3693
f 3607 3659 3694
f 3483 3482 3627
f 3626 3484 3483
f 3626 3485 3484
f 3626 3486 3485
f 3626 3483 3627
f 3487 3486 3626
f 3488 3487 3626
f 3489 3488 3626
f 3460 3489 3626
f 3564 3607 3693
f 3564 3687 3686
f 3564 3688 3687
f 3564 3689 3688
f 3564 3690 3689
f 3564 3691 3690
f 3564 3692 3691
f 3564 3693 3692
f 3564 3686 3563
f 3564 3608 3607
f 3625 3461 3460
f 3625 3462 3461
f 3625 3463 3462
f 3625 3464 3463
f 3625 3465 3464
f 3625 3460 3626
f 3458 3466 3465
f 3458 3467 3466
f 3458 3468 3467
f 3458 3469 3468
f 3458 3470 3469
f 3458 3471 3470
f 3458 3459 3471
f 3458 3465 3625
f 3609 3608 3564
f 3624 3457 3458
f 3624 3458 3625
f 3571 3610 3609
f 3570 3610 3571
f 3572 3571 3609
f 3456 3457 3624
f 3569 3610 3570
f 3573 3572 3609
f 3568 3610 3569
f 3574 3573 3609
f 3623 3456 3624
f 3567 3610 3568
f 3575 3609 3564
f 3575 3574 3609
f 3566 3610 3567
f 3576 3575 3564
f 3593 3610 3566
f 3577 3576 3564
f 3592 3610 3593
f 3578 3577 3564
f 3591 3610 3592
f 3579 3578 3564
f 3590 3610 3591
f 3565 3579 3564
f 3611 3610 3590
f 3611 3581 3580
f 3611 3582 3581
f 3611 3583 3582
f 3611 3584 3583
f 3611 3585 3584
f 3611 3586 3585
f 3611 3587 3586
f 3611 3588 3587
f 3611 3589 3588
f 3611 3590 3589
f 3455 3456 3623
f 3622 3455 3623
f 3646 3645 3622
f 3644 3622 3645
f 3647 3646 3622
f 3648 3647 3622
f 3643 3455 3622
f 3643 3622 3644
f 3642 3455 3643
f 3649 3648 3622
f 3454 3455 3642
f 3650 3649 3622
f 3453 3455 3454
f 3651 3650 3622
f 3452 3455 3453
f 3594 3611 3580
f 3451 3455 3452
f 3450 3455 3451
f 3449 3455 3450
f 3621 3652 3651
f 3621 3653 3652
f 3621 3651 3622
f 3621 3654 3653
f 3621 3655 3654
f 3656 3655 3621
f 3657 3656 3621
f 3658 3657 3621
f 3634 3658 3621
f 3632 3634 3621
f 3632 3635 3634
f 3632 3636 3635
f 3632 3637 3636
f 3632 3638 3637
f 3632 3639 3638
f 3632 3640 3639
f 3632 3641 3640
f 3632 3633 3641
f 3620 3632 3621
f 3631 3632 3620
f 3630 3631 3620
f 3619 3630 3620
f 3618 3630 3619
f 3717 3617 3718
f 3719 3718 3617
f 3716 3617 3717
f 3715 3617 3716
f 3720 3617 3616
f 3720 3719 3617
f 3714 3617 3715
f 3721 3720 3616
f 3722 3721 3616
f 3713 3617 3714
f 3712 3618 3617
f 3712 3617 3713
f 3723 3722 3616
f 3711 3618 3712
f 3724 3723 3616
f 3710 3618 3711
f 3725 3724 3616
f 3709 3618 3710
f 3726 3725 3616
f 3708 3618 3709
f 3727 3726 3616
f 3707 3618 3708
f 3728 3727 3616
f 3729 3728 3616
f 3706 3618 3707
f 3706 3630 3618
f 3705 3630 3706
f 3730 3616 3615
f 3730 3729 3616
f 3704 3630 3705
f 3695 3730 3615
f 3629 3695 3615
f 3629 3630 3704
f 3629 3696 3695
f 3629 3697 3696
f 3629 3698 3697
f 3629 3699 3698
f 3629 3700 3699
f 3629 3701 3700
f 3629 3702 3701
f 3629 3703 3702
f 3629 3704 3703
f 3629 3613 3612
f 3629 3614 3613
f 3629 3615 3614
f 3780 3732 3731
f 3781 3733 3732
f 3781 3732 3780
f 3782 3734 3733
f 3782 3733 3781
f 3783 3735 3734
f 3783 3734 3782
f 3784 3736 3735
f 3784 3735 3783
f 3742 3737 3743
f 3744 3743 3737
f 3741 3737 3742
f 3745 3744 3737
f 3740 3737 3741
f 3739 3737 3740
f 3738 3737 3739
f 3785 3737 3736
f 3785 3736 3784
f 3786 3737 3785
f 3786 3746 3745
f 3786 3747 3746
f 3786 3748 3747
f 3786 3749 3748
f 3786 3750 3749
f 3786 3751 3750
f 3786 3745 3737
f 3776 3774 3773
f 3776 3775 3774
f 3772 3776 3773
f 3771 3776 3772
f 3777 3770 3769
f 3777 3771 3770
f 3777 3776 3771
f 3787 3751 3786
f 3787 3752 3751
f 3787 3753 3752
f 3787 3754 3753
f 3787 3755 3754
f 3787 3756 3755
f 3787 3757 3756
f 3787 3758 3757
f 3778 3769 3768
f 3778 3777 3769
f 3788 3759 3758
f 3788 3760 3759
f 3788 3761 3760
f 3788 3762 3761
f 3788 3763 3762
f 3788 3764 3763
f 3788 3765 3764
f 3788 3758 3787
f 3779 3765 3788
f 3779 3766 3765
f 3779 3767 3766
f 3779 3768 3767
f 3779 3778 3768
f 3807 3806 3805
f 3815 3812 3811
f 3817 3814 3815
f 3817 3815 3811
f 3817 3816 3814
f 3813 3814 3816
f 3818 3817 3811
f 3819 3818 3811
f 3795 3796 3826
f 3827 3802 3801
f 3828 3794 3795
f 3829 3803 3802
f 3829 3804 3803
f 3829 3805 3804
f 3829 3807 3805
f 3829 3802 3827
f 3830 3808 3807
f 3830 3807 3829
f 3831 3829 3827
f 3831 3830 3829
f 3832 3830 3831
f 3832 3831 3827
f 3833 3809 3808
f 3833 3808 3830
f 3833 3830 3832
f 3834 3833 3832
f 3835 3834 3832
f 3835 3827 3836
f 3835 3832 3827
f 3837 3810 3809
f 3837 3809 3833
f 3838 3835 3836
f 3838 3834 3835
f 3838 3837 3833
f 3838 3833 3834
f 3839 3798 3797
f 3839 3799 3798
f 3839 3800 3799
f 3840 3801 3800
f 3840 3800 3839
f 3840 3827 3801
f 3841 3836 3827
f 3841 3827 3840
f 3842 3837 3838
f 3843 3839 3797
f 3843 3841 3840
f 3843 3840 3839
f 3844 3811 3810
f 3844 3810 3837
f 3845 3836 3828
f 3845 3842 3838
f 3845 3838 3836
f 3846 3837 3842
f 3846 3842 3845
f 3846 3845 3828
f 3846 3844 3837
f 3847 3846 3828
f 3847 3844 3846
f 3848 3795 3826
f 3848 3847 3828
f 3848 3820 3819
f 3848 3844 3847
f 3848 3821 3820
f 3848 3822 3821
f 3848 3823 3822
f 3848 3824 3823
f 3848 3825 3824
f 3848 3826 3825
f 3848 3819 3811
f 3848 3828 3795
f 3848 3811 3844
f 3849 3797 3789
f 3849 3836 3841
f 3849 3841 3843
f 3849 3843 3797
f 3850 3828 3836
f 3850 3836 3849
f 3851 3850 3849
f 3851 3849 3789
f 3852 3792 3793
f 3852 3793 3794
f 3852 3828 3850
f 3852 3850 3851
f 3852 3794 3828
f 3853 3852 3851
f 3854 3789 3790
f 3854 3790 3791
f 3854 3791 3792
f 3854 3853 3851
f 3854 3852 3853
f 3854 3792 3852
f 3854 3851 3789
f 3867 3856 3855
f 3867 3857 3856
f 3868 3858 3857
f 3868 3857 3867
f 3869 3859 3858
f 3869 3858 3868
f 3870 3860 3859
f 3870 3859 3869
f 3871 3861 3860
f 3871 3860 3870
f 3872 3862 3861
f 3872 3861 3871
f 3873 3863 3862
f 3873 3862 3872
f 3874 3864 3863
f 3874 3863 3873
f 3866 3865 3864
f 3866 3864 3874
f 3884 3886 3885
f 3884 3887 3886
f 3903 3894 3893
f 3903 3895 3894
f 3897 3878 3877
f 3897 3879 3878
f 3897 3898 3879
f 3896 3897 3877
f 3875 3877 3876
f 3875 3896 3877
f 3904 3880 3879
f 3904 3881 3880
f 3904 3898 3899
f 3904 3879 3898
f 3905 3899 3900
f 3905 3904 3899
f 3906 3888 3887
f 3906 3889 3888
f 3906 3890 3889
f 3906 3891 3890
f 3906 3892 3891
f 3906 3893 3892
f 3906 3887 3884
f 3906 3903 3893
f 3907 3884 3883
f 3907 3902 3903
f 3907 3903 3906
f 3907 3906 3884
f 3908 3902 3907
f 3908 3907 3883
f 3909 3883 3882
f 3909 3901 3902
f 3909 3902 3908
f 3909 3908 3883
f 3910 3882 3881
f 3910 3900 3901
f 3910 3881 3904
f 3910 3904 3905
f 3910 3909 3882
f 3910 3901 3909
f 3910 3905 3900
f 3912 3921 3911
f 3912 3930 3921
f 3913 3929 3930
f 3913 3930 3912
f 3914 3928 3929
f 3914 3929 3913
f 3915 3927 3928
f 3915 3928 3914
f 3916 3926 3927
f 3916 3927 3915
f 3917 3925 3926
f 3917 3926 3916
f 3918 3924 3925
f 3918 3925 3917
f 3919 3923 3924
f 3919 3924 3918
f 3920 3922 3923
f 3920 3923 3919
f 3932 3931 3942
f 3932 3942 3951
f 3933 3951 3950
f 3933 3932 3951
f 3934 3950 3949
f 3934 3933 3950
f 3935 3949 3948
f 3935 3934 3949
f 3936 3948 3947
f 3936 3935 3948
f 3937 3947 3946
f 3937 3936 3947
f 3938 3946 3945
f 3938 3937 3946
f 3939 3945 3944
f 3939 3938 3945
f 3940 3944 3943
f 3940 3939 3944
f 3941 3940 3943
f 3980 3967 3979
f 3981 3979 3978
f 3982 3981 3983
f 3984 3981 3978
f 3984 3983 3981
f 3985 3983 3984
f 3986 3983 3985
f 3987 3978 3977
f 3988 3989 3977
f 3990 3991 3988
f 3990 3988 3977
f 3992 3964 3993
f 3994 3964 3992
f 3994 3992 3991
f 3995 3990 3977
f 3995 3996 3990
f 3995 3977 3976
f 3997 3965 3964
f 3997 3964 3994
f 3997 3994 3996
f 3998 3995 3976
f 3998 3999 3995
f 4000 3965 3997
f 4001 3966 3965
f 4002 3976 3952
f 4003 4002 4004
f 4005 3960 3961
f 4005 3961 3966
f 4006 3975 3974
f 4006 3962 3975
f 4007 4008 4009
f 4007 3980 3979
f 4007 4009 3980
f 4007 4010 4011
f 4007 4011 4008
f 4012 3979 3981
f 4013 3963 3962
f 4013 4006 4010
f 4013 3962 4006
f 4014 3963 4013
f 4014 4013 3982
f 4014 3986 3963
f 4014 3982 3983
f 4014 3983 3986
f 4015 3984 3978
f 4015 3985 3984
f 4016 3963 3986
f 4016 3986 3985
f 4017 3963 4016
f 4018 3963 4017
f 4018 3993 3964
f 4018 3964 3963
f 4018 4019 3993
f 4018 3987 4020
f 4018 4017 3987
f 4021 4019 3989
f 4021 3993 4019
f 4022 3989 3988
f 4022 4021 3989
f 4022 3992 3993
f 4022 3993 4021
f 4023 3988 3991
f 4023 3991 3992
f 4023 4022 3988
f 4023 3992 4022
f 4024 3991 3990
f 4024 3990 3996
f 4024 3994 3991
f 4024 3996 3994
f 4025 3995 3999
f 4025 3997 3996
f 4025 4000 3997
f 4025 3999 4000
f 4025 3996 3995
f 4026 3998 3976
f 4026 3976 4002
f 4026 4002 4027
f 4028 4026 4027
f 4028 3999 3998
f 4028 4027 4001
f 4028 3998 4026
f 4029 3966 4001
f 4029 4001 4027
f 4029 4027 4002
f 4030 4029 4002
f 4030 4002 4003
f 4030 4003 4031
f 4030 4031 4032
f 4030 4032 4033
f 4030 4005 3966
f 4030 4033 4005
f 4030 3966 4029
f 4034 3952 3953
f 4034 3953 3954
f 4034 3954 3955
f 4034 3955 3956
f 4034 3956 3957
f 4034 4004 4002
f 4034 4002 3952
f 4035 3972 3971
f 4035 3973 3972
f 4035 3974 3973
f 4035 4006 3974
f 4036 4006 4035
f 4036 4009 4008
f 4036 4010 4006
f 4036 3980 4009
f 4036 4011 4010
f 4036 4008 4011
f 4037 4010 4007
f 4037 4013 4010
f 4038 4013 4037
f 4038 3979 4012
f 4039 4013 4038
f 4039 4038 4012
f 4040 4039 4012
f 4040 3981 3982
f 4040 4012 3981
f 4040 3982 4013
f 4040 4013 4039
f 4041 3978 3987
f 4041 3985 4015
f 4041 4015 3978
f 4041 4017 4016
f 4041 3987 4017
f 4041 4016 3985
f 4042 3989 4019
f 4042 3977 3989
f 4042 4020 3987
f 4042 4019 4018
f 4042 4018 4020
f 4042 3987 3977
f 4043 4028 4001
f 4043 3965 4000
f 4043 4000 3999
f 4043 4001 3965
f 4043 3999 4028
f 4044 3957 3958
f 4044 3958 3959
f 4044 3959 3960
f 4044 4004 4034
f 4044 4003 4004
f 4044 4031 4003
f 4044 4032 4031
f 4044 4033 4032
f 4044 4005 4033
f 4044 4034 3957
f 4044 3960 4005
f 4045 3968 3967
f 4045 3969 3968
f 4045 3970 3969
f 4045 3971 3970
f 4045 4035 3971
f 4046 3980 4036
f 4046 4045 3967
f 4046 3967 3980
f 4046 4036 4035
f 4046 4035 4045
f 4047 4038 4037
f 4047 3979 4038
f 4047 4007 3979
f 4047 4037 4007
f 4058 4065 4059
f 4068 4057 4062
f 4069 4070 4071
f 4072 4061 4060
f 4072 4073 4061
f 4074 4067 4066
f 4074 4066 4069
f 4074 4069 4071
f 4075 4067 4074
f 4075 4074 4076
f 4077 4076 4072
f 4077 4072 4060
f 4078 4067 4075
f 4079 4077 4060
f 4079 4080 4077
f 4081 4063 4067
f 4081 4078 4080
f 4081 4067 4078
f 4082 4079 4060
f 4083 4084 4085
f 4083 4063 4081
f 4083 4081 4084
f 4086 4065 4064
f 4086 4059 4065
f 4087 4048 4049
f 4087 4049 4050
f 4087 4066 4048
f 4087 4088 4066
f 4089 4090 4068
f 4089 4091 4090
f 4089 4088 4092
f 4089 4092 4091
f 4089 4068 4062
f 4089 4093 4088
f 4094 4089 4062
f 4094 4093 4089
f 4095 4062 4061
f 4095 4093 4094
f 4095 4094 4062
f 4096 4066 4088
f 4096 4088 4093
f 4097 4070 4095
f 4097 4061 4073
f 4097 4095 4061
f 4097 4071 4070
f 4097 4073 4071
f 4098 4069 4066
f 4099 4072 4076
f 4099 4071 4073
f 4099 4073 4072
f 4099 4076 4074
f 4099 4074 4071
f 4100 4076 4077
f 4100 4075 4076
f 4100 4078 4075
f 4101 4078 4100
f 4101 4080 4078
f 4101 4077 4080
f 4101 4100 4077
f 4102 4080 4079
f 4102 4081 4080
f 4103 4084 4081
f 4103 4102 4079
f 4103 4082 4084
f 4103 4081 4102
f 4103 4079 4082
f 4104 4085 4084
f 4104 4084 4082
f 4104 4082 4060
f 4105 4060 4059
f 4105 4085 4104
f 4105 4104 4060
f 4106 4063 4083
f 4107 4108 4064
f 4107 4064 4063
f 4109 4108 4105
f 4109 4064 4108
f 4109 4059 4086
f 4109 4086 4064
f 4109 4105 4059
f 4110 4050 4051
f 4110 4051 4052
f 4110 4052 4053
f 4110 4053 4054
f 4110 4087 4050
f 4111 4088 4087
f 4111 4068 4090
f 4111 4090 4091
f 4111 4092 4088
f 4111 4091 4092
f 4111 4087 4110
f 4112 4096 4093
f 4112 4093 4095
f 4113 4095 4070
f 4113 4112 4095
f 4113 4069 4098
f 4113 4070 4069
f 4114 4083 4085
f 4114 4085 4105
f 4114 4106 4083
f 4115 4114 4105
f 4115 4106 4114
f 4116 4115 4105
f 4116 4063 4106
f 4116 4106 4115
f 4117 4105 4108
f 4117 4116 4105
f 4117 4108 4107
f 4118 4054 4055
f 4118 4055 4056
f 4118 4056 4057
f 4118 4068 4111
f 4118 4057 4068
f 4118 4110 4054
f 4118 4111 4110
f 4119 4066 4096
f 4119 4098 4066
f 4119 4096 4112
f 4119 4112 4113
f 4119 4113 4098
f 4120 4107 4063
f 4120 4063 4116
f 4120 4116 4117
f 4120 4117 4107
f 4149 4135 4134
f 4149 4134 4148
f 4150 4136 4135
f 4150 4135 4149
f 4151 4137 4136
f 4151 4136 4150
f 4152 4138 4137
f 4152 4137 4151
f 4153 4139 4138
f 4153 4138 4152
f 4154 4140 4139
f 4154 4139 4153
f 4155 4141 4140
f 4155 4140 4154
f 4156 4126 4125
f 4156 4142 4141
f 4156 4125 4142
f 4156 4155 4126
f 4156 4141 4155
f 4157 4148 4147
f 4157 4149 4148
f 4158 4149 4157
f 4158 4150 4149
f 4159 4151 4150
f 4159 4150 4158
f 4160 4151 4159
f 4160 4152 4151
f 4161 4153 4152
f 4161 4152 4160
f 4162 4154 4153
f 4162 4153 4161
f 4163 4126 4155
f 4163 4162 4127
f 4163 4155 4154
f 4163 4154 4162
f 4164 4127 4126
f 4164 4163 4127
f 4164 4126 4163
f 4165 4147 4146
f 4165 4157 4147
f 4166 4158 4157
f 4166 4157 4165
f 4167 4159 4158
f 4167 4158 4166
f 4168 4159 4167
f 4168 4160 4159
f 4169 4160 4168
f 4169 4161 4160
f 4170 4161 4169
f 4170 4127 4162
f 4170 4162 4161
f 4171 4170 4128
f 4171 4127 4170
f 4172 4128 4127
f 4172 4171 4128
f 4172 4127 4171
f 4173 4146 4145
f 4173 4165 4146
f 4174 4165 4173
f 4174 4166 4165
f 4175 4167 4166
f 4175 4166 4174
f 4176 4167 4175
f 4176 4168 4167
f 4177 4145 4144
f 4177 4173 4145
f 4178 4168 4176
f 4178 4169 4168
f 4179 4174 4173
f 4179 4173 4177
f 4180 4169 4178
f 4180 4128 4170
f 4180 4170 4169
f 4181 4175 4174
f 4181 4174 4179
f 4182 4128 4180
f 4183 4176 4175
f 4183 4175 4181
f 4184 4129 4128
f 4184 4128 4182
f 4185 4177 4144
f 4186 4178 4176
f 4186 4176 4183
f 4186 4180 4178
f 4187 4179 4177
f 4187 4177 4185
f 4188 4180 4186
f 4189 4181 4179
f 4189 4179 4187
f 4190 4180 4188
f 4190 4182 4180
f 4191 4183 4181
f 4191 4181 4189
f 4192 4129 4184
f 4192 4184 4182
f 4192 4182 4190
f 4193 4186 4183
f 4193 4183 4191
f 4194 4144 4143
f 4194 4185 4144
f 4195 4188 4186
f 4195 4186 4193
f 4196 4187 4185
f 4196 4185 4194
f 4196 4194 4143
f 4197 4190 4188
f 4197 4188 4195
f 4198 4189 4187
f 4198 4187 4196
f 4198 4196 4143
f 4199 4130 4129
f 4199 4129 4192
f 4199 4192 4190
f 4199 4190 4197
f 4200 4191 4189
f 4200 4198 4143
f 4200 4189 4198
f 4201 4191 4200
f 4201 4193 4191
f 4202 4193 4201
f 4202 4195 4193
f 4203 4195 4202
f 4203 4197 4195
f 4204 4199 4197
f 4204 4197 4203
f 4204 4130 4199
f 4205 4143 4124
f 4206 4143 4205
f 4206 4205 4124
f 4207 4143 4206
f 4207 4201 4200
f 4207 4200 4143
f 4208 4201 4207
f 4209 4202 4201
f 4209 4201 4208
f 4210 4203 4202
f 4210 4202 4209
f 4211 4131 4130
f 4211 4203 4210
f 4211 4130 4204
f 4211 4204 4203
f 4212 4123 4122
f 4212 4124 4123
f 4212 4206 4124
f 4212 4207 4206
f 4213 4212 4122
f 4213 4207 4212
f 4214 4208 4207
f 4214 4207 4213
f 4214 4213 4122
f 4215 4209 4208
f 4215 4210 4209
f 4215 4208 4214
f 4216 4210 4215
f 4216 4215 4132
f 4217 4132 4131
f 4217 4131 4211
f 4217 4211 4210
f 4217 4210 4216
f 4217 4216 4132
f 4218 4214 4122
f 4218 4215 4214
f 4218 4132 4215
f 4219 4132 4218
f 4220 4133 4132
f 4220 4132 4219
f 4221 4122 4121
f 4221 4121 4133
f 4221 4218 4122
f 4221 4219 4218
f 4221 4133 4220
f 4221 4220 4219
f 4231 4232 4242
f 4230 4242 4241
f 4230 4231 4242
f 4229 4241 4240
f 4229 4230 4241
f 4228 4240 4239
f 4228 4229 4240
f 4227 4239 4238
f 4227 4228 4239
f 4226 4238 4237
f 4226 4227 4238
f 4225 4237 4236
f 4225 4226 4237
f 4224 4236 4235
f 4224 4225 4236
f 4223 4235 4234
f 4223 4224 4235
f 4222 4234 4233
f 4222 4223 4234
f 4268 4296 4269
f 4287 4297 4286
f 4288 4297 4287
f 4289 4297 4288
f 4290 4297 4289
f 4291 4297 4290
f 4292 4297 4291
f 4293 4297 4292
f 4294 4297 4293
f 4340 4259 4258
f 4340 4260 4259
f 4340 4261 4260
f 4340 4262 4261
f 4340 4263 4262
f 4341 4264 4263
f 4341 4263 4340
f 4342 4264 4341
f 4342 4265 4264
f 4343 4266 4265
f 4343 4265 4342
f 4344 4266 4343
f 4344 4256 4255
f 4344 4255 4266
f 4345 4340 4258
f 4345 4258 4284
f 4346 4340 4345
f 4346 4345 4284
f 4347 4340 4346
f 4347 4346 4284
f 4348 4340 4347
f 4348 4347 4284
f 4349 4340 4348
f 4349 4348 4284
f 4350 4341 4340
f 4350 4349 4284
f 4350 4340 4349
f 4351 4341 4350
f 4351 4342 4341
f 4351 4350 4284
f 4352 4343 4342
f 4352 4342 4351
f 4353 4257 4256
f 4353 4343 4352
f 4353 4256 4344
f 4353 4344 4343
f 4354 4284 4355
f 4356 4284 4354
f 4357 4284 4356
f 4358 4355 4284
f 4359 4246 4245
f 4359 4284 4357
f 4359 4351 4284
f 4360 4355 4358
f 4361 4245 4244
f 4361 4351 4359
f 4361 4359 4245
f 4361 4352 4351
f 4362 4356 4354
f 4362 4354 4355
f 4362 4355 4360
f 4363 4244 4243
f 4363 4257 4353
f 4363 4243 4257
f 4363 4353 4352
f 4363 4361 4244
f 4363 4352 4361
f 4364 4356 4362
f 4365 4357 4356
f 4365 4356 4364
f 4366 4358 4284
f 4366 4284 4283
f 4367 4249 4248
f 4367 4359 4357
f 4367 4246 4359
f 4367 4357 4365
f 4367 4365 4249
f 4368 4360 4358
f 4368 4358 4366
f 4369 4247 4246
f 4369 4248 4247
f 4369 4367 4248
f 4369 4246 4367
f 4370 4360 4368
f 4371 4364 4362
f 4371 4360 4370
f 4371 4362 4360
f 4372 4364 4371
f 4373 4365 4364
f 4373 4250 4249
f 4373 4249 4365
f 4373 4364 4372
f 4373 4372 4254
f 4374 4250 4373
f 4374 4373 4254
f 4375 4251 4250
f 4375 4254 4253
f 4375 4250 4374
f 4375 4374 4254
f 4376 4252 4251
f 4376 4253 4252
f 4376 4251 4375
f 4376 4375 4253
f 4377 4366 4283
f 4378 4368 4366
f 4378 4366 4377
f 4379 4370 4368
f 4379 4368 4378
f 4380 4370 4379
f 4380 4371 4370
f 4381 4371 4380
f 4381 4372 4371
f 4381 4254 4372
f 4382 4254 4381
f 4383 4254 4382
f 4384 4254 4383
f 4385 4254 4384
f 4385 4336 4254
f 4386 4378 4377
f 4386 4379 4378
f 4386 4380 4379
f 4386 4381 4380
f 4386 4382 4381
f 4386 4283 4282
f 4386 4377 4283
f 4387 4382 4386
f 4388 4383 4382
f 4388 4384 4383
f 4388 4382 4387
f 4389 4384 4388
f 4390 4385 4384
f 4390 4336 4385
f 4390 4384 4389
f 4391 4386 4282
f 4392 4386 4391
f 4393 4386 4392
f 4394 4386 4393
f 4395 4386 4394
f 4396 4387 4386
f 4396 4386 4395
f 4397 4388 4387
f 4397 4387 4396
f 4398 4389 4388
f 4398 4390 4389
f 4398 4388 4397
f 4399 4336 4390
f 4399 4390 4398
f 4399 4337 4336
f 4400 4391 4282
f 4400 4282 4281
f 4400 4392 4391
f 4400 4393 4392
f 4400 4394 4393
f 4400 4395 4394
f 4401 4396 4395
f 4401 4395 4400
f 4402 4397 4396
f 4402 4396 4401
f 4402 4398 4397
f 4403 4398 4402
f 4404 4399 4398
f 4404 4337 4399
f 4404 4398 4403
f 4405 4400 4281
f 4406 4400 4405
f 4407 4400 4406
f 4408 4400 4407
f 4409 4400 4408
f 4410 4401 4400
f 4410 4402 4401
f 4410 4400 4409
f 4411 4402 4410
f 4412 4402 4411
f 4412 4403 4402
f 4413 4403 4412
f 4413 4337 4404
f 4413 4404 4403
f 4413 4338 4337
f 4414 4281 4280
f 4414 4407 4406
f 4414 4405 4281
f 4414 4406 4405
f 4414 4408 4407
f 4415 4408 4414
f 4415 4409 4408
f 4416 4409 4415
f 4416 4410 4409
f 4417 4412 4411
f 4417 4410 4416
f 4417 4411 4410
f 4418 4412 4417
f 4419 4413 4412
f 4419 4412 4418
f 4419 4338 4413
f 4420 4414 4280
f 4421 4414 4420
f 4422 4414 4421
f 4423 4414 4422
f 4423 4415 4414
f 4424 4415 4423
f 4425 4416 4415
f 4425 4415 4424
f 4426 4418 4417
f 4426 4417 4416
f 4426 4416 4425
f 4426 4425 4339
f 4427 4418 4426
f 4427 4426 4339
f 4428 4419 4418
f 4428 4338 4419
f 4428 4418 4427
f 4428 4427 4339
f 4428 4339 4338
f 4429 4420 4280
f 4429 4421 4420
f 4429 4422 4421
f 4429 4280 4279
f 4429 4423 4422
f 4430 4424 4423
f 4430 4423 4429
f 4431 4429 4279
f 4432 4339 4425
f 4432 4424 4430
f 4432 4425 4424
f 4433 4431 4279
f 4433 4429 4431
f 4434 4339 4432
f 4434 4432 4331
f 4434 4331 4330
f 4435 4429 4433
f 4436 4339 4434
f 4436 4434 4330
f 4437 4430 4429
f 4437 4429 4435
f 4438 4339 4436
f 4438 4436 4330
f 4438 4330 4329
f 4438 4329 4339
f 4439 4430 4437
f 4440 4430 4439
f 4440 4331 4432
f 4440 4432 4430
f 4441 4331 4440
f 4441 4440 4333
f 4442 4279 4278
f 4442 4435 4433
f 4442 4433 4279
f 4442 4437 4435
f 4443 4332 4331
f 4443 4331 4441
f 4443 4333 4332
f 4443 4441 4333
f 4444 4437 4442
f 4444 4442 4323
f 4445 4444 4323
f 4445 4439 4437
f 4445 4440 4439
f 4445 4437 4444
f 4446 4445 4323
f 4446 4333 4440
f 4446 4440 4445
f 4447 4446 4323
f 4447 4333 4446
f 4447 4323 4328
f 4447 4334 4333
f 4448 4447 4328
f 4448 4334 4447
f 4449 4448 4328
f 4449 4334 4448
f 4449 4335 4334
f 4449 4328 4335
f 4450 4442 4278
f 4451 4450 4278
f 4451 4442 4450
f 4451 4323 4442
f 4452 4451 4278
f 4452 4323 4451
f 4453 4452 4278
f 4453 4323 4452
f 4454 4323 4453
f 4455 4323 4454
f 4456 4323 4455
f 4457 4323 4456
f 4458 4323 4457
f 4458 4324 4323
f 4459 4453 4278
f 4459 4278 4277
f 4460 4454 4453
f 4460 4453 4459
f 4461 4455 4454
f 4461 4456 4455
f 4461 4454 4460
f 4462 4456 4461
f 4463 4459 4277
f 4464 4457 4456
f 4464 4456 4462
f 4465 4459 4463
f 4466 4458 4457
f 4466 4324 4458
f 4466 4457 4464
f 4466 4325 4324
f 4467 4459 4465
f 4468 4459 4467
f 4469 4460 4459
f 4469 4459 4468
f 4470 4461 4460
f 4470 4460 4469
f 4471 4462 4461
f 4471 4461 4470
f 4472 4464 4462
f 4472 4462 4471
f 4473 4466 4464
f 4473 4325 4466
f 4473 4464 4472
f 4473 4326 4325
f 4474 4277 4276
f 4474 4463 4277
f 4474 4465 4463
f 4474 4467 4465
f 4474 4468 4467
f 4474 4470 4469
f 4474 4469 4468
f 4475 4470 4474
f 4476 4471 4470
f 4476 4470 4475
f 4477 4472 4471
f 4477 4471 4476
f 4478 4473 4472
f 4478 4326 4473
f 4478 4472 4477
f 4479 4474 4276
f 4480 4474 4479
f 4481 4474 4480
f 4482 4474 4481
f 4483 4474 4482
f 4484 4474 4483
f 4484 4475 4474
f 4484 4476 4475
f 4485 4476 4484
f 4486 4476 4485
f 4486 4477 4476
f 4487 4326 4478
f 4487 4478 4477
f 4487 4327 4326
f 4487 4477 4486
f 4488 4480 4479
f 4488 4481 4480
f 4488 4482 4481
f 4488 4483 4482
f 4488 4276 4275
f 4488 4479 4276
f 4489 4483 4488
f 4489 4484 4483
f 4490 4484 4489
f 4490 4485 4484
f 4491 4485 4490
f 4491 4486 4485
f 4492 4486 4491
f 4492 4487 4486
f 4492 4327 4487
f 4493 4488 4275
f 4494 4488 4493
f 4495 4488 4494
f 4496 4488 4495
f 4497 4489 4488
f 4497 4488 4496
f 4498 4489 4497
f 4499 4490 4489
f 4499 4489 4498
f 4500 4491 4490
f 4500 4490 4499
f 4501 4492 4491
f 4501 4327 4492
f 4501 4491 4500
f 4501 4320 4327
f 4502 4494 4493
f 4502 4495 4494
f 4502 4493 4275
f 4503 4495 4502
f 4503 4496 4495
f 4504 4497 4496
f 4504 4496 4503
f 4505 4498 4497
f 4505 4497 4504
f 4506 4499 4498
f 4506 4505 4314
f 4506 4498 4505
f 4506 4314 4322
f 4507 4502 4275
f 4508 4500 4499
f 4508 4322 4321
f 4508 4499 4506
f 4508 4506 4322
f 4509 4501 4500
f 4509 4320 4501
f 4509 4321 4320
f 4509 4500 4508
f 4509 4508 4321
f 4510 4502 4507
f 4511 4502 4510
f 4511 4503 4502
f 4511 4504 4503
f 4512 4504 4511
f 4513 4314 4505
f 4513 4315 4314
f 4513 4318 4317
f 4513 4504 4512
f 4513 4505 4504
f 4514 4507 4275
f 4514 4275 4274
f 4515 4513 4317
f 4515 4315 4513
f 4516 4510 4507
f 4516 4507 4514
f 4517 4515 4317
f 4517 4315 4515
f 4517 4316 4315
f 4517 4317 4316
f 4518 4510 4516
f 4519 4510 4518
f 4519 4512 4511
f 4519 4511 4510
f 4520 4512 4519
f 4521 4318 4513
f 4521 4513 4512
f 4521 4512 4520
f 4522 4318 4521
f 4523 4318 4522
f 4523 4319 4318
f 4524 4319 4523
f 4524 4309 4319
f 4525 4514 4274
f 4526 4516 4514
f 4526 4518 4516
f 4526 4514 4525
f 4527 4519 4518
f 4527 4518 4526
f 4528 4519 4527
f 4529 4520 4519
f 4529 4521 4520
f 4529 4519 4528
f 4530 4521 4529
f 4531 4522 4521
f 4531 4521 4530
f 4532 4523 4522
f 4532 4522 4531
f 4533 4309 4524
f 4533 4524 4523
f 4533 4523 4532
f 4533 4310 4309
f 4534 4526 4525
f 4534 4527 4526
f 4534 4525 4274
f 4534 4274 4273
f 4534 4528 4527
f 4534 4529 4528
f 4534 4530 4529
f 4535 4530 4534
f 4536 4531 4530
f 4536 4530 4535
f 4537 4531 4536
f 4537 4532 4531
f 4538 4533 4532
f 4538 4310 4533
f 4538 4532 4537
f 4539 4534 4273
f 4540 4534 4539
f 4541 4534 4540
f 4542 4534 4541
f 4543 4534 4542
f 4544 4535 4534
f 4544 4534 4543
f 4545 4536 4535
f 4545 4537 4536
f 4545 4535 4544
f 4546 4537 4545
f 4546 4538 4537
f 4547 4538 4546
f 4547 4311 4310
f 4547 4310 4538
f 4548 4539 4273
f 4548 4273 4272
f 4548 4542 4541
f 4548 4540 4539
f 4548 4543 4542
f 4548 4541 4540
f 4549 4543 4548
f 4549 4544 4543
f 4550 4545 4544
f 4550 4544 4549
f 4550 4546 4545
f 4551 4546 4550
f 4552 4547 4546
f 4552 4311 4547
f 4552 4546 4551
f 4553 4548 4272
f 4554 4548 4553
f 4555 4548 4554
f 4556 4548 4555
f 4557 4548 4556
f 4558 4549 4548
f 4558 4550 4549
f 4558 4548 4557
f 4559 4550 4558
f 4560 4550 4559
f 4560 4551 4550
f 4561 4311 4552
f 4561 4552 4551
f 4561 4551 4560
f 4561 4312 4311
f 4562 4553 4272
f 4562 4555 4554
f 4562 4554 4553
f 4562 4272 4271
f 4562 4556 4555
f 4563 4556 4562
f 4563 4557 4556
f 4564 4558 4557
f 4564 4559 4558
f 4564 4557 4563
f 4565 4559 4564
f 4566 4560 4559
f 4566 4559 4565
f 4567 4561 4560
f 4567 4312 4561
f 4567 4560 4566
f 4568 4562 4271
f 4569 4562 4568
f 4570 4562 4569
f 4571 4562 4570
f 4572 4563 4562
f 4572 4562 4571
f 4573 4564 4563
f 4573 4563 4572
f 4574 4565 4564
f 4574 4566 4565
f 4574 4564 4573
f 4574 4573 4313
f 4575 4566 4574
f 4575 4574 4313
f 4576 4312 4567
f 4576 4567 4566
f 4576 4313 4312
f 4576 4566 4575
f 4576 4575 4313
f 4577 4271 4270
f 4577 4568 4271
f 4577 4569 4568
f 4577 4570 4569
f 4577 4571 4570
f 4578 4572 4571
f 4578 4571 4577
f 4579 4577 4270
f 4580 4313 4573
f 4580 4573 4572
f 4580 4572 4578
f 4581 4579 4270
f 4581 4577 4579
f 4582 4301 4300
f 4582 4313 4580
f 4583 4577 4581
f 4584 4582 4300
f 4584 4313 4582
f 4584 4300 4299
f 4585 4577 4583
f 4586 4313 4584
f 4586 4584 4299
f 4586 4299 4298
f 4586 4298 4313
f 4587 4580 4578
f 4587 4577 4585
f 4587 4578 4577
f 4588 4580 4587
f 4588 4582 4580
f 4589 4588 4304
f 4589 4582 4588
f 4589 4304 4303
f 4589 4301 4582
f 4590 4301 4589
f 4590 4589 4303
f 4590 4302 4301
f 4590 4303 4302
f 4591 4583 4581
f 4591 4270 4269
f 4591 4581 4270
f 4591 4585 4583
f 4592 4591 4295
f 4592 4585 4591
f 4593 4587 4585
f 4593 4592 4295
f 4593 4588 4587
f 4593 4585 4592
f 4594 4304 4588
f 4594 4593 4295
f 4594 4305 4304
f 4594 4588 4593
f 4595 4594 4295
f 4595 4305 4594
f 4596 4595 4295
f 4596 4305 4595
f 4596 4306 4305
f 4596 4295 4308
f 4597 4306 4596
f 4597 4596 4308
f 4597 4307 4306
f 4597 4308 4307
f 4598 4591 4269
f 4598 4269 4296
f 4599 4598 4296
f 4599 4591 4598
f 4600 4295 4591
f 4600 4591 4599
f 4600 4599 4296
f 4601 4295 4600
f 4601 4600 4296
f 4602 4601 4296
f 4602 4295 4601
f 4603 4602 4296
f 4603 4295 4602
f 4604 4603 4296
f 4604 4295 4603
f 4605 4604 4296
f 4605 4295 4604
f 4606 4296 4295
f 4606 4605 4296
f 4606 4295 4605
f 4607 4268 4267
f 4607 4267 4285
f 4607 4285 4286
f 4607 4296 4268
f 4608 4286 4297
f 4608 4607 4286
f 4608 4296 4607
f 4609 4608 4297
f 4609 4296 4608
f 4610 4609 4297
f 4610 4296 4609
f 4611 4610 4297
f 4611 4296 4610
f 4612 4611 4297
f 4612 4296 4611
f 4613 4612 4297
f 4613 4296 4612
f 4614 4613 4297
f 4614 4296 4613
f 4615 4614 4297
f 4615 4296 4614
f 4615 4297 4296
f 4628 4616 4617
f 4628 4627 4616
f 4629 4617 4618
f 4629 4628 4617
f 4630 4618 4619
f 4630 4619 4620
f 4630 4629 4618
f 4631 4630 4620
f 4632 4620 4621
f 4632 4621 4622
f 4632 4631 4620
f 4633 4632 4622
f 4634 4622 4623
f 4634 4633 4622
f 4635 4623 4624
f 4635 4634 4623
f 4626 4624 4625
f 4626 4635 4624
f 4646 4647 4659
f 4645 4659 4658
f 4645 4646 4659
f 4644 4657 4656
f 4644 4658 4657
f 4644 4645 4658
f 4643 4656 4655
f 4643 4644 4656
f 4642 4655 4654
f 4642 4643 4655
f 4641 4654 4653
f 4641 4642 4654
f 4640 4652 4651
f 4640 4653 4652
f 4640 4641 4653
f 4639 4651 4650
f 4639 4640 4651
f 4638 4650 4649
f 4638 4639 4650
f 4636 4649 4648
f 4636 4648 4637
f 4636 4638 4649
f 4682 4675 4676
f 4683 4678 4677
f 4666 4665 4691
f 4692 4675 4682
f 4693 4674 4675
f 4693 4675 4692
f 4694 4673 4674
f 4694 4674 4693
f 4695 4672 4673
f 4695 4673 4694
f 4696 4671 4672
f 4696 4672 4695
f 4697 4670 4671
f 4697 4671 4696
f 4698 4669 4670
f 4698 4670 4697
f 4699 4668 4669
f 4699 4669 4698
f 4700 4661 4660
f 4700 4660 4667
f 4700 4667 4668
f 4700 4668 4699
f 4701 4682 4681
f 4701 4692 4682
f 4702 4693 4692
f 4702 4692 4701
f 4702 4694 4693
f 4703 4694 4702
f 4704 4696 4695
f 4704 4694 4703
f 4704 4695 4694
f 4705 4696 4704
f 4706 4696 4705
f 4706 4697 4696
f 4707 4697 4706
f 4707 4698 4697
f 4708 4698 4707
f 4708 4699 4698
f 4709 4662 4661
f 4709 4699 4708
f 4709 4661 4700
f 4709 4700 4699
f 4710 4681 4680
f 4710 4701 4681
f 4711 4701 4710
f 4711 4703 4702
f 4711 4702 4701
f 4712 4703 4711
f 4713 4703 4712
f 4713 4704 4703
f 4714 4705 4704
f 4714 4704 4713
f 4715 4706 4705
f 4715 4705 4714
f 4716 4708 4707
f 4716 4706 4715
f 4716 4707 4706
f 4717 4708 4716
f 4718 4663 4662
f 4718 4662 4709
f 4718 4709 4708
f 4718 4708 4717
f 4719 4679 4678
f 4719 4680 4679
f 4719 4710 4680
f 4720 4711 4710
f 4720 4710 4719
f 4721 4712 4711
f 4721 4711 4720
f 4722 4713 4712
f 4722 4712 4721
f 4723 4714 4713
f 4723 4713 4722
f 4724 4715 4714
f 4724 4714 4723
f 4725 4716 4715
f 4725 4715 4724
f 4726 4716 4725
f 4726 4717 4716
f 4727 4664 4663
f 4727 4663 4718
f 4727 4718 4717
f 4727 4717 4726
f 4728 4719 4678
f 4728 4678 4683
f 4729 4683 4684
f 4729 4684 4685
f 4729 4728 4683
f 4729 4720 4719
f 4729 4719 4728
f 4730 4721 4720
f 4730 4720 4729
f 4730 4729 4685
f 4731 4685 4686
f 4731 4686 4687
f 4731 4721 4730
f 4731 4722 4721
f 4731 4730 4685
f 4732 4723 4722
f 4732 4722 4731
f 4732 4731 4687
f 4733 4687 4688
f 4733 4723 4732
f 4733 4724 4723
f 4733 4732 4687
f 4734 4688 4689
f 4734 4689 4690
f 4734 4733 4688
f 4734 4725 4724
f 4734 4724 4733
f 4735 4726 4725
f 4735 4727 4726
f 4735 4734 4690
f 4735 4725 4734
f 4736 4665 4664
f 4736 4690 4691
f 4736 4664 4727
f 4736 4735 4690
f 4736 4727 4735
f 4736 4691 4665
f 4748 4747 4764
f 4746 4755 4745
f 4773 4757 4756
f 4773 4756 4772
f 4774 4758 4757
f 4774 4757 4773
f 4775 4759 4758
f 4775 4758 4774
f 4776 4760 4759
f 4776 4759 4775
f 4777 4761 4760
f 4777 4760 4776
f 4778 4762 4761
f 4778 4761 4777
f 4779 4763 4762
f 4779 4762 4778
f 4780 4763 4779
f 4780 4764 4763
f 4780 4748 4764
f 4781 4772 4771
f 4781 4773 4772
f 4782 4774 4773
f 4782 4773 4781
f 4783 4774 4782
f 4783 4775 4774
f 4784 4776 4775
f 4784 4775 4783
f 4785 4777 4776
f 4785 4776 4784
f 4786 4778 4777
f 4786 4777 4785
f 4787 4779 4778
f 4787 4778 4786
f 4788 4749 4748
f 4788 4779 4787
f 4788 4748 4780
f 4788 4780 4779
f 4789 4771 4770
f 4789 4781 4771
f 4790 4782 4781
f 4790 4781 4789
f 4791 4783 4782
f 4791 4782 4790
f 4792 4783 4791
f 4792 4784 4783
f 4793 4784 4792
f 4793 4785 4784
f 4794 4785 4793
f 4794 4786 4785
f 4795 4787 4786
f 4795 4786 4794
f 4796 4750 4749
f 4796 4749 4788
f 4796 4788 4787
f 4796 4787 4795
f 4797 4770 4769
f 4797 4789 4770
f 4798 4791 4790
f 4798 4789 4797
f 4798 4790 4789
f 4799 4791 4798
f 4800 4792 4791
f 4800 4791 4799
f 4800 4793 4792
f 4801 4793 4800
f 4802 4794 4793
f 4802 4793 4801
f 4803 4794 4802
f 4803 4795 4794
f 4803 4796 4795
f 4804 4751 4750
f 4804 4750 4796
f 4804 4796 4803
f 4805 4769 4768
f 4805 4797 4769
f 4806 4798 4797
f 4806 4797 4805
f 4807 4799 4798
f 4807 4798 4806
f 4808 4800 4799
f 4808 4799 4807
f 4809 4800 4808
f 4809 4802 4801
f 4809 4801 4800
f 4810 4802 4809
f 4810 4803 4802
f 4811 4803 4810
f 4812 4752 4751
f 4812 4753 4752
f 4812 4751 4804
f 4812 4804 4803
f 4812 4803 4811
f 4813 4768 4767
f 4813 4805 4768
f 4814 4805 4813
f 4814 4806 4805
f 4814 4807 4806
f 4815 4808 4807
f 4815 4807 4814
f 4816 4808 4815
f 4817 4809 4808
f 4817 4808 4816
f 4818 4810 4809
f 4818 4809 4817
f 4819 4810 4818
f 4819 4811 4810
f 4819 4812 4811
f 4820 4812 4819
f 4820 4753 4812
f 4821 4767 4766
f 4821 4813 4767
f 4821 4814 4813
f 4822 4814 4821
f 4823 4815 4814
f 4823 4814 4822
f 4824 4815 4823
f 4824 4816 4815
f 4825 4817 4816
f 4825 4818 4817
f 4825 4816 4824
f 4826 4818 4825
f 4827 4819 4818
f 4827 4820 4819
f 4827 4818 4826
f 4828 4753 4820
f 4828 4754 4753
f 4828 4820 4827
f 4829 4737 4738
f 4829 4738 4739
f 4829 4765 4737
f 4829 4766 4765
f 4829 4821 4766
f 4830 4822 4821
f 4830 4829 4739
f 4830 4821 4829
f 4831 4739 4740
f 4831 4830 4739
f 4831 4823 4822
f 4831 4822 4830
f 4832 4740 4741
f 4832 4831 4740
f 4832 4824 4823
f 4832 4823 4831
f 4833 4741 4742
f 4833 4832 4741
f 4833 4824 4832
f 4833 4825 4824
f 4834 4825 4833
f 4834 4742 4743
f 4834 4743 4744
f 4834 4826 4825
f 4834 4833 4742
f 4834 4827 4826
f 4835 4834 4744
f 4835 4744 4745
f 4835 4827 4834
f 4836 4745 4755
f 4836 4755 4754
f 4836 4835 4745
f 4836 4754 4828
f 4836 4828 4827
f 4836 4827 4835
f 4852 4837 4838
f 4852 4851 4837
f 4853 4838 4839
f 4853 4852 4838
f 4854 4839 4840
f 4854 4853 4839
f 4855 4840 4841
f 4855 4854 4840
f 4856 4841 4842
f 4856 4855 4841
f 4857 4842 4843
f 4857 4856 4842
f 4858 4843 4844
f 4858 4857 4843
f 4859 4844 4845
f 4859 4858 4844
f 4860 4845 4846
f 4860 4859 4845
f 4861 4846 4847
f 4861 4860 4846
f 4862 4847 4848
f 4862 4861 4847
f 4850 4848 4849
f 4850 4862 4848
f 4864 4863 4865
f 4871 4865 4866
f 4871 4864 4865
f 4872 4871 4866
f 4873 4866 4867
f 4873 4872 4866
f 4874 4867 4868
f 4874 4873 4867
f 4875 4868 4869
f 4875 4874 4868
f 4870 4875 4869
f 4885 4886 4895
f 4884 4895 4894
f 4884 4885 4895
f 4883 4894 4893
f 4883 4884 4894
f 4882 4893 4892
f 4882 4883 4893
f 4881 4892 4891
f 4881 4882 4892
f 4880 4891 4890
f 4880 4881 4891
f 4879 4890 4889
f 4879 4880 4890
f 4878 4889 4888
f 4878 4879 4889
f 4877 4888 4887
f 4877 4878 4888
f 4876 4877 4887
f 4908 4897 4896
f 4908 4896 4898
f 4909 4898 4899
f 4909 4908 4898
f 4910 4899 4900
f 4910 4909 4899
f 4911 4900 4901
f 4911 4901 4902
f 4911 4910 4900
f 4912 4911 4902
f 4913 4902 4903
f 4913 4912 4902
f 4914 4903 4904
f 4914 4913 4903
f 4915 4904 4905
f 4915 4914 4904
f 4907 4905 4906
f 4907 4915 4905
f 4930 4916 4917
f 4930 4939 4916
f 4931 4917 4918
f 4931 4930 4917
f 4932 4918 4919
f 4932 4931 4918
f 4933 4919 4920
f 4933 4920 4921
f 4933 4932 4919
f 4934 4921 4922
f 4934 4933 4921
f 4935 4922 4923
f 4935 4934 4922
f 4936 4923 4924
f 4936 4935 4923
f 4937 4924 4925
f 4937 4925 4926
f 4937 4936 4924
f 4938 4926 4927
f 4938 4937 4926
f 4929 4927 4928
f 4929 4938 4927
f 4960 4959 4965
f 4960 4965 4966
f 4960 4966 4967
f 4960 4967 4968
f 4960 4968 4969
f 4960 4969 4970
f 4960 4970 4971
f 4961 4960 4949
f 4962 4961 4948
f 4963 4962 4947
f 4964 4963 4946
f 4958 4945 4944
f 4957 4945 4958
f 4956 4945 4957
f 4955 4945 4956
f 4954 4945 4955
f 4953 4945 4954
f 4952 4945 4953
f 4974 4941 4940
f 4974 4942 4941
f 4974 4943 4942
f 4974 4940 4949
f 4974 4973 4943
f 4975 4972 4973
f 4975 4974 4949
f 4975 4973 4974
f 4976 4975 4949
f 4976 4972 4975
f 4977 4972 4976
f 4977 4976 4949
f 4978 4971 4972
f 4978 4977 4949
f 4978 4972 4977
f 4979 4960 4971
f 4979 4978 4949
f 4979 4971 4978
f 4979 4949 4960
f 4980 4949 4948
f 4981 4949 4980
f 4981 4980 4948
f 4982 4949 4981
f 4982 4981 4948
f 4983 4982 4948
f 4983 4949 4982
f 4984 4983 4948
f 4984 4949 4983
f 4985 4948 4961
f 4985 4961 4949
f 4985 4984 4948
f 4985 4949 4984
f 4986 4948 4947
f 4987 4986 4947
f 4987 4948 4986
f 4988 4948 4987
f 4988 4987 4947
f 4989 4948 4988
f 4989 4988 4947
f 4990 4948 4989
f 4990 4989 4947
f 4991 4948 4990
f 4991 4990 4947
f 4991 4947 4962
f 4991 4962 4948
f 4992 4947 4946
f 4993 4947 4992
f 4993 4992 4946
f 4994 4947 4993
f 4994 4993 4946
f 4995 4947 4994
f 4995 4994 4946
f 4996 4947 4995
f 4996 4995 4946
f 4997 4947 4996
f 4997 4996 4946
f 4998 4947 4997
f 4998 4997 4946
f 4998 4946 4963
f 4998 4963 4947
f 4999 4946 4945
f 5000 4946 4999
f 5000 4999 4945
f 5001 4946 5000
f 5001 5000 4945
f 5002 4946 5001
f 5002 5001 4945
f 5003 4946 5002
f 5003 5002 4945
f 5004 4946 5003
f 5004 5003 4945
f 5005 4945 4952
f 5005 5004 4945
f 5005 4946 5004
f 5006 4951 4950
f 5006 4952 4951
f 5006 4950 4964
f 5006 5005 4952
f 5006 4946 5005
f 5006 4964 4946
f 5015 5016 5017
f 5007 5008 5027
f 5035 5023 5024
f 5035 5024 5025
f 5036 5035 5025
f 5037 5036 5025
f 5038 5022 5023
f 5038 5035 5036
f 5038 5023 5035
f 5039 5025 5026
f 5039 5037 5025
f 5040 5036 5037
f 5040 5038 5036
f 5041 5020 5021
f 5041 5021 5022
f 5041 5022 5038
f 5042 5039 5026
f 5043 5040 5037
f 5043 5037 5039
f 5044 5038 5040
f 5044 5041 5038
f 5045 5042 5026
f 5046 5043 5039
f 5046 5039 5042
f 5047 5044 5040
f 5047 5040 5043
f 5048 5019 5020
f 5048 5020 5041
f 5048 5041 5044
f 5049 5034 5033
f 5049 5026 5034
f 5049 5045 5026
f 5050 5042 5045
f 5050 5046 5042
f 5051 5043 5046
f 5051 5047 5043
f 5052 5044 5047
f 5052 5048 5044
f 5053 5018 5019
f 5053 5019 5048
f 5054 5033 5032
f 5054 5049 5033
f 5054 5045 5049
f 5054 5050 5045
f 5055 5046 5050
f 5055 5051 5046
f 5056 5052 5047
f 5056 5047 5051
f 5057 5048 5052
f 5057 5053 5048
f 5058 5050 5054
f 5058 5055 5050
f 5059 5051 5055
f 5059 5056 5051
f 5060 5057 5052
f 5060 5052 5056
f 5061 5014 5015
f 5061 5018 5053
f 5061 5017 5018
f 5061 5053 5057
f 5061 5015 5017
f 5062 5031 5030
f 5062 5032 5031
f 5062 5054 5032
f 5062 5058 5054
f 5063 5059 5055
f 5063 5055 5058
f 5064 5060 5056
f 5064 5056 5059
f 5065 5013 5014
f 5065 5061 5057
f 5065 5014 5061
f 5065 5057 5060
f 5066 5062 5030
f 5066 5030 5029
f 5066 5058 5062
f 5066 5063 5058
f 5067 5059 5063
f 5067 5064 5059
f 5068 5012 5013
f 5068 5060 5064
f 5068 5013 5065
f 5068 5065 5060
f 5069 5063 5066
f 5069 5067 5063
f 5070 5010 5011
f 5070 5011 5012
f 5070 5012 5068
f 5070 5068 5064
f 5070 5064 5067
f 5071 5029 5028
f 5071 5066 5029
f 5071 5069 5066
f 5072 5009 5010
f 5072 5067 5069
f 5072 5010 5070
f 5072 5070 5067
f 5073 5008 5009
f 5073 5028 5027
f 5073 5009 5072
f 5073 5071 5028
f 5073 5069 5071
f 5073 5072 5069
f 5073 5027 5008
f 5082 5083 5084
f 5074 5075 5094
f 5102 5090 5091
f 5102 5091 5092
f 5103 5102 5092
f 5104 5103 5092
f 5105 5089 5090
f 5105 5102 5103
f 5105 5090 5102
f 5106 5092 5093
f 5106 5104 5092
f 5107 5103 5104
f 5107 5105 5103
f 5108 5087 5088
f 5108 5088 5089
f 5108 5089 5105
f 5109 5106 5093
f 5110 5107 5104
f 5110 5104 5106
f 5111 5105 5107
f 5111 5108 5105
f 5112 5109 5093
f 5113 5110 5106
f 5113 5106 5109
f 5114 5111 5107
f 5114 5107 5110
f 5115 5086 5087
f 5115 5087 5108
f 5115 5108 5111
f 5116 5101 5100
f 5116 5093 5101
f 5116 5112 5093
f 5117 5109 5112
f 5117 5113 5109
f 5118 5110 5113
f 5118 5114 5110
f 5119 5111 5114
f 5119 5115 5111
f 5120 5085 5086
f 5120 5086 5115
f 5121 5100 5099
f 5121 5116 5100
f 5121 5112 5116
f 5121 5117 5112
f 5122 5113 5117
f 5122 5118 5113
f 5123 5119 5114
f 5123 5114 5118
f 5124 5115 5119
f 5124 5120 5115
f 5125 5117 5121
f 5125 5122 5117
f 5126 5118 5122
f 5126 5123 5118
f 5127 5119 5123
f 5127 5124 5119
f 5128 5081 5082
f 5128 5085 5120
f 5128 5084 5085
f 5128 5120 5124
f 5128 5082 5084
f 5129 5098 5097
f 5129 5099 5098
f 5129 5121 5099
f 5129 5125 5121
f 5130 5126 5122
f 5130 5122 5125
f 5131 5123 5126
f 5131 5127 5123
f 5132 5080 5081
f 5132 5124 5127
f 5132 5128 5124
f 5132 5081 5128
f 5133 5129 5097
f 5133 5097 5096
f 5133 5125 5129
f 5133 5130 5125
f 5134 5126 5130
f 5134 5131 5126
f 5135 5078 5079
f 5135 5079 5080
f 5135 5080 5132
f 5135 5132 5127
f 5135 5127 5131
f 5136 5130 5133
f 5136 5134 5130
f 5137 5077 5078
f 5137 5078 5135
f 5137 5135 5131
f 5137 5131 5134
f 5138 5096 5095
f 5138 5133 5096
f 5138 5136 5133
f 5139 5076 5077
f 5139 5077 5137
f 5139 5134 5136
f 5139 5137 5134
f 5140 5075 5076
f 5140 5095 5094
f 5140 5076 5139
f 5140 5138 5095
f 5140 5136 5138
f 5140 5139 5136
f 5140 5094 5075
f 5149 5150 5151
f 5149 5151 5160
f 5148 5160 5159
f 5148 5149 5160
f 5147 5159 5158
f 5147 5148 5159
f 5146 5158 5157
f 5146 5147 5158
f 5145 5157 5156
f 5145 5146 5157
f 5144 5156 5155
f 5144 5145 5156
f 5143 5154 5153
f 5143 5155 5154
f 5143 5144 5155
f 5142 5153 5152
f 5142 5143 5153
f 5141 5142 5152
f 5173 5161 5162
f 5173 5172 5161
f 5174 5162 5163
f 5174 5163 5164
f 5174 5173 5162
f 5175 5174 5164
f 5176 5164 5165
f 5176 5165 5166
f 5176 5175 5164
f 5177 5176 5166
f 5178 5166 5167
f 5178 5167 5168
f 5178 5177 5166
f 5179 5178 5168
f 5180 5168 5169
f 5180 5169 5170
f 5180 5179 5168
f 5171 5180 5170
f 5198 5199 5207
f 5190 5191 5189
f 5208 5201 5200
f 5209 5200 5181
f 5209 5208 5200
f 5210 5202 5201
f 5210 5201 5208
f 5211 5209 5181
f 5212 5210 5208
f 5212 5208 5209
f 5213 5203 5202
f 5213 5204 5203
f 5213 5202 5210
f 5214 5211 5181
f 5215 5209 5211
f 5215 5212 5209
f 5216 5210 5212
f 5216 5213 5210
f 5217 5214 5181
f 5218 5215 5211
f 5218 5211 5214
f 5219 5212 5215
f 5219 5216 5212
f 5220 5205 5204
f 5220 5204 5213
f 5220 5213 5216
f 5221 5181 5182
f 5221 5182 5183
f 5221 5217 5181
f 5222 5218 5214
f 5222 5214 5217
f 5223 5215 5218
f 5223 5219 5215
f 5224 5216 5219
f 5224 5220 5216
f 5225 5206 5205
f 5225 5205 5220
f 5226 5183 5184
f 5226 5222 5217
f 5226 5221 5183
f 5226 5217 5221
f 5227 5218 5222
f 5227 5223 5218
f 5228 5219 5223
f 5228 5224 5219
f 5229 5220 5224
f 5229 5225 5220
f 5230 5222 5226
f 5230 5227 5222
f 5231 5228 5223
f 5231 5223 5227
f 5232 5224 5228
f 5232 5229 5224
f 5233 5206 5225
f 5233 5197 5198
f 5233 5207 5206
f 5233 5198 5207
f 5233 5225 5229
f 5234 5184 5185
f 5234 5185 5186
f 5234 5230 5226
f 5234 5226 5184
f 5235 5227 5230
f 5235 5231 5227
f 5236 5232 5228
f 5236 5228 5231
f 5237 5196 5197
f 5237 5229 5232
f 5237 5233 5229
f 5237 5197 5233
f 5238 5186 5187
f 5238 5234 5186
f 5238 5230 5234
f 5238 5235 5230
f 5239 5231 5235
f 5239 5236 5231
f 5240 5195 5196
f 5240 5196 5237
f 5240 5232 5236
f 5240 5237 5232
f 5241 5235 5238
f 5241 5239 5235
f 5242 5195 5240
f 5242 5193 5194
f 5242 5194 5195
f 5242 5240 5236
f 5242 5236 5239
f 5243 5187 5188
f 5243 5241 5238
f 5243 5238 5187
f 5244 5192 5193
f 5244 5193 5242
f 5244 5239 5241
f 5244 5242 5239
f 5245 5188 5189
f 5245 5191 5192
f 5245 5192 5244
f 5245 5243 5188
f 5245 5241 5243
f 5245 5244 5241
f 5245 5189 5191
f 5278 5264 5263
f 5278 5265 5264
f 5278 5263 5277
f 5279 5265 5278
f 5280 5266 5265
f 5280 5265 5279
f 5281 5267 5266
f 5281 5266 5280
f 5282 5268 5267
f 5282 5267 5281
f 5283 5269 5268
f 5283 5268 5282
f 5284 5270 5269
f 5284 5269 5283
f 5285 5257 5256
f 5285 5258 5257
f 5285 5271 5270
f 5285 5256 5271
f 5285 5270 5284
f 5286 5277 5276
f 5286 5278 5277
f 5287 5279 5278
f 5287 5278 5286
f 5288 5279 5287
f 5288 5280 5279
f 5289 5281 5280
f 5289 5280 5288
f 5290 5282 5281
f 5290 5281 5289
f 5291 5283 5282
f 5291 5282 5290
f 5292 5283 5291
f 5292 5285 5284
f 5292 5284 5283
f 5293 5285 5292
f 5293 5258 5285
f 5294 5276 5275
f 5294 5286 5276
f 5295 5287 5286
f 5295 5286 5294
f 5296 5287 5295
f 5296 5288 5287
f 5297 5288 5296
f 5297 5289 5288
f 5298 5289 5297
f 5298 5290 5289
f 5299 5292 5291
f 5299 5290 5298
f 5299 5291 5290
f 5300 5292 5299
f 5301 5293 5292
f 5301 5258 5293
f 5301 5259 5258
f 5301 5292 5300
f 5302 5275 5274
f 5302 5294 5275
f 5303 5296 5295
f 5303 5294 5302
f 5303 5295 5294
f 5304 5296 5303
f 5305 5297 5296
f 5305 5296 5304
f 5306 5299 5298
f 5306 5297 5305
f 5306 5298 5297
f 5307 5299 5306
f 5308 5299 5307
f 5308 5300 5299
f 5309 5260 5259
f 5309 5261 5260
f 5309 5259 5301
f 5309 5301 5300
f 5309 5300 5308
f 5310 5274 5273
f 5310 5302 5274
f 5311 5303 5302
f 5311 5302 5310
f 5312 5304 5303
f 5312 5303 5311
f 5313 5305 5304
f 5313 5306 5305
f 5313 5304 5312
f 5314 5306 5313
f 5315 5307 5306
f 5315 5306 5314
f 5316 5307 5315
f 5316 5308 5307
f 5316 5309 5308
f 5317 5261 5309
f 5317 5309 5316
f 5318 5246 5247
f 5318 5272 5246
f 5318 5273 5272
f 5318 5310 5273
f 5318 5311 5310
f 5319 5247 5248
f 5319 5318 5247
f 5319 5311 5318
f 5320 5248 5249
f 5320 5312 5311
f 5320 5313 5312
f 5320 5319 5248
f 5320 5311 5319
f 5321 5249 5250
f 5321 5320 5249
f 5321 5314 5313
f 5321 5313 5320
f 5322 5250 5251
f 5322 5251 5252
f 5322 5314 5321
f 5322 5321 5250
f 5323 5315 5314
f 5323 5316 5315
f 5323 5322 5252
f 5323 5314 5322
f 5324 5252 5253
f 5324 5253 5254
f 5324 5323 5252
f 5324 5316 5323
f 5325 5254 5255
f 5325 5262 5261
f 5325 5255 5262
f 5325 5261 5317
f 5325 5317 5316
f 5325 5324 5254
f 5325 5316 5324
f 5355 5335 5340
f 5356 5357 5358
f 5359 5340 5339
f 5359 5358 5357
f 5359 5357 5340
f 5360 5339 5338
f 5361 5360 5338
f 5361 5362 5360
f 5363 5362 5361
f 5364 5338 5337
f 5365 5364 5337
f 5366 5354 5353
f 5366 5353 5367
f 5368 5341 5354
f 5369 5326 5327
f 5370 5355 5340
f 5371 5372 5373
f 5371 5374 5375
f 5371 5373 5376
f 5371 5355 5370
f 5371 5375 5355
f 5371 5376 5374
f 5377 5357 5356
f 5377 5340 5357
f 5378 5351 5326
f 5378 5369 5372
f 5378 5326 5369
f 5379 5358 5380
f 5379 5356 5358
f 5379 5351 5378
f 5379 5378 5356
f 5379 5380 5351
f 5381 5380 5358
f 5381 5358 5359
f 5381 5359 5382
f 5383 5381 5382
f 5383 5351 5380
f 5383 5380 5381
f 5384 5359 5339
f 5384 5382 5359
f 5385 5352 5351
f 5385 5383 5382
f 5385 5351 5383
f 5386 5360 5387
f 5386 5339 5360
f 5388 5385 5387
f 5388 5389 5352
f 5388 5362 5389
f 5388 5352 5385
f 5390 5361 5338
f 5390 5363 5361
f 5391 5352 5389
f 5391 5389 5362
f 5391 5362 5363
f 5392 5364 5393
f 5392 5338 5364
f 5394 5352 5391
f 5394 5353 5352
f 5394 5391 5363
f 5395 5365 5396
f 5395 5396 5367
f 5395 5364 5365
f 5397 5353 5394
f 5397 5394 5393
f 5398 5396 5365
f 5398 5367 5396
f 5398 5366 5367
f 5399 5366 5398
f 5399 5365 5337
f 5399 5398 5365
f 5399 5400 5366
f 5401 5399 5337
f 5401 5400 5399
f 5402 5337 5336
f 5402 5401 5337
f 5402 5400 5401
f 5403 5354 5366
f 5403 5366 5400
f 5404 5405 5406
f 5404 5406 5407
f 5404 5407 5408
f 5404 5408 5409
f 5404 5409 5410
f 5411 5404 5410
f 5411 5368 5354
f 5411 5410 5368
f 5412 5405 5402
f 5412 5350 5349
f 5412 5336 5350
f 5412 5402 5336
f 5413 5331 5332
f 5413 5332 5333
f 5413 5333 5334
f 5413 5334 5335
f 5413 5335 5355
f 5414 5327 5328
f 5414 5328 5329
f 5414 5329 5330
f 5414 5330 5331
f 5414 5413 5369
f 5414 5331 5413
f 5414 5369 5327
f 5415 5413 5355
f 5415 5369 5413
f 5415 5373 5372
f 5415 5375 5374
f 5415 5376 5373
f 5415 5355 5375
f 5415 5374 5376
f 5416 5415 5372
f 5416 5369 5415
f 5417 5372 5369
f 5417 5416 5372
f 5417 5369 5416
f 5418 5372 5371
f 5418 5378 5372
f 5419 5378 5418
f 5419 5340 5377
f 5420 5378 5419
f 5420 5419 5377
f 5420 5377 5356
f 5420 5356 5378
f 5421 5382 5384
f 5421 5385 5382
f 5422 5385 5421
f 5422 5421 5384
f 5422 5384 5339
f 5423 5387 5385
f 5423 5385 5422
f 5423 5386 5387
f 5424 5387 5360
f 5424 5362 5388
f 5424 5360 5362
f 5424 5388 5387
f 5425 5390 5338
f 5425 5338 5392
f 5426 5425 5394
f 5426 5363 5390
f 5426 5390 5425
f 5426 5394 5363
f 5427 5392 5393
f 5427 5425 5392
f 5427 5394 5425
f 5427 5393 5394
f 5428 5429 5397
f 5428 5397 5393
f 5428 5364 5395
f 5428 5393 5364
f 5428 5395 5429
f 5430 5395 5367
f 5430 5397 5429
f 5430 5353 5397
f 5430 5429 5395
f 5430 5367 5353
f 5431 5403 5400
f 5431 5400 5402
f 5432 5431 5402
f 5432 5411 5354
f 5432 5354 5403
f 5432 5403 5431
f 5433 5402 5405
f 5433 5405 5404
f 5433 5404 5411
f 5433 5432 5402
f 5433 5411 5432
f 5434 5412 5435
f 5434 5405 5412
f 5436 5405 5434
f 5436 5406 5405
f 5436 5434 5435
f 5437 5436 5435
f 5437 5407 5406
f 5437 5408 5407
f 5437 5409 5408
f 5437 5410 5409
f 5437 5368 5410
f 5437 5406 5436
f 5438 5347 5346
f 5438 5348 5347
f 5438 5349 5348
f 5438 5435 5412
f 5438 5412 5349
f 5439 5435 5438
f 5439 5346 5345
f 5439 5437 5435
f 5439 5438 5346
f 5440 5418 5371
f 5440 5419 5418
f 5440 5340 5419
f 5440 5370 5340
f 5440 5371 5370
f 5441 5422 5339
f 5441 5423 5422
f 5441 5386 5423
f 5441 5339 5386
f 5442 5368 5437
f 5442 5437 5439
f 5442 5341 5368
f 5443 5439 5345
f 5443 5341 5442
f 5443 5342 5341
f 5443 5343 5342
f 5443 5344 5343
f 5443 5345 5344
f 5443 5442 5439
f 5473 5454 5459
f 5474 5469 5444
f 5475 5459 5458
f 5476 5475 5477
f 5478 5475 5458
f 5478 5477 5475
f 5479 5477 5478
f 5480 5458 5457
f 5481 5480 5457
f 5482 5481 5457
f 5483 5470 5484
f 5485 5482 5457
f 5485 5486 5482
f 5487 5470 5483
f 5487 5471 5470
f 5488 5457 5456
f 5488 5485 5457
f 5488 5489 5485
f 5490 5487 5489
f 5490 5471 5487
f 5491 5488 5456
f 5492 5472 5471
f 5492 5471 5493
f 5494 5463 5462
f 5494 5495 5463
f 5496 5461 5460
f 5496 5462 5461
f 5496 5460 5472
f 5496 5494 5462
f 5497 5444 5445
f 5497 5445 5446
f 5497 5474 5444
f 5497 5498 5474
f 5499 5500 5473
f 5499 5501 5502
f 5499 5474 5498
f 5499 5498 5503
f 5499 5502 5500
f 5499 5503 5501
f 5504 5459 5475
f 5504 5505 5459
f 5504 5475 5476
f 5506 5507 5469
f 5506 5477 5507
f 5506 5469 5474
f 5506 5476 5477
f 5506 5474 5476
f 5508 5479 5478
f 5508 5478 5458
f 5509 5469 5507
f 5509 5507 5477
f 5509 5477 5479
f 5510 5458 5480
f 5510 5480 5511
f 5512 5470 5469
f 5512 5469 5509
f 5513 5512 5511
f 5513 5484 5470
f 5513 5514 5484
f 5513 5470 5512
f 5515 5514 5481
f 5515 5483 5484
f 5515 5484 5514
f 5515 5481 5482
f 5516 5515 5482
f 5516 5482 5486
f 5516 5487 5483
f 5516 5486 5487
f 5516 5483 5515
f 5517 5486 5485
f 5517 5485 5489
f 5517 5489 5487
f 5517 5487 5486
f 5518 5489 5488
f 5518 5490 5489
f 5519 5490 5518
f 5519 5518 5488
f 5519 5491 5520
f 5519 5488 5491
f 5521 5491 5456
f 5522 5521 5523
f 5522 5520 5491
f 5522 5493 5520
f 5522 5491 5521
f 5522 5523 5492
f 5522 5492 5493
f 5524 5523 5521
f 5524 5456 5455
f 5524 5521 5456
f 5525 5492 5523
f 5525 5472 5492
f 5526 5527 5528
f 5526 5528 5529
f 5526 5529 5495
f 5526 5495 5494
f 5526 5496 5472
f 5526 5494 5496
f 5530 5524 5455
f 5530 5527 5524
f 5530 5464 5463
f 5530 5465 5464
f 5530 5466 5465
f 5530 5467 5466
f 5530 5468 5467
f 5530 5455 5468
f 5530 5528 5527
f 5530 5529 5528
f 5530 5463 5495
f 5530 5495 5529
f 5531 5449 5450
f 5532 5446 5447
f 5532 5447 5448
f 5532 5448 5449
f 5532 5531 5497
f 5532 5497 5446
f 5532 5449 5531
f 5533 5497 5531
f 5533 5473 5500
f 5533 5502 5501
f 5533 5503 5498
f 5533 5500 5502
f 5533 5501 5503
f 5534 5533 5498
f 5534 5497 5533
f 5535 5534 5498
f 5535 5497 5534
f 5535 5498 5497
f 5536 5459 5505
f 5536 5473 5459
f 5536 5499 5473
f 5537 5505 5504
f 5537 5504 5476
f 5537 5476 5474
f 5538 5458 5510
f 5538 5508 5458
f 5539 5479 5508
f 5539 5538 5512
f 5539 5509 5479
f 5539 5508 5538
f 5539 5512 5509
f 5540 5511 5512
f 5540 5538 5510
f 5540 5512 5538
f 5540 5510 5511
f 5541 5481 5514
f 5541 5514 5513
f 5541 5480 5481
f 5541 5511 5480
f 5541 5513 5511
f 5542 5490 5519
f 5542 5519 5520
f 5542 5471 5490
f 5542 5520 5493
f 5542 5493 5471
f 5543 5523 5524
f 5543 5525 5523
f 5544 5527 5526
f 5544 5524 5527
f 5544 5543 5524
f 5545 5450 5451
f 5545 5451 5452
f 5545 5452 5453
f 5545 5453 5454
f 5545 5531 5450
f 5546 5473 5533
f 5546 5454 5473
f 5546 5545 5454
f 5546 5531 5545
f 5546 5533 5531
f 5547 5499 5536
f 5547 5505 5537
f 5547 5474 5499
f 5547 5537 5474
f 5547 5536 5505
f 5548 5472 5525
f 5548 5526 5472
f 5548 5544 5526
f 5548 5525 5543
f 5548 5543 5544
f 5557 5558 5559
f 5557 5559 5568
f 5556 5568 5567
f 5556 5557 5568
f 5555 5567 5566
f 5555 5556 5567
f 5554 5566 5565
f 5554 5555 5566
f 5553 5565 5564
f 5553 5554 5565
f 5552 5563 5562
f 5552 5564 5563
f 5552 5553 5564
f 5551 5552 5562
f 5550 5562 5561
f 5550 5551 5562
f 5549 5561 5560
f 5549 5550 5561
f 5581 5578 5577
f 5581 5580 5578
f 5582 5577 5576
f 5582 5581 5577
f 5583 5576 5575
f 5583 5582 5576
f 5584 5575 5574
f 5584 5583 5575
f 5585 5574 5573
f 5585 5584 5574
f 5586 5573 5572
f 5586 5585 5573
f 5587 5572 5571
f 5587 5586 5572
f 5588 5571 5570
f 5588 5587 5571
f 5579 5570 5569
f 5579 5588 5570
f 5630 5629 5603
f 5612 5602 5601
f 5611 5602 5612
f 5610 5602 5611
f 5609 5602 5610
f 5608 5602 5609
f 5607 5602 5608
f 5606 5602 5607
f 5605 5602 5606
f 5685 5638 5639
f 5685 5639 5642
f 5686 5637 5638
f 5686 5638 5685
f 5687 5637 5686
f 5687 5636 5637
f 5688 5635 5636
f 5688 5636 5687
f 5689 5635 5688
f 5689 5634 5635
f 5690 5633 5634
f 5690 5634 5689
f 5691 5632 5633
f 5691 5633 5690
f 5692 5614 5613
f 5692 5613 5631
f 5692 5631 5632
f 5692 5632 5691
f 5693 5642 5641
f 5693 5685 5642
f 5694 5685 5693
f 5694 5686 5685
f 5695 5686 5694
f 5695 5687 5686
f 5696 5687 5695
f 5696 5688 5687
f 5696 5695 5614
f 5697 5696 5614
f 5697 5689 5688
f 5697 5688 5696
f 5698 5697 5614
f 5698 5690 5689
f 5698 5689 5697
f 5699 5690 5698
f 5699 5698 5614
f 5699 5691 5690
f 5700 5692 5691
f 5700 5614 5692
f 5700 5699 5614
f 5700 5691 5699
f 5701 5693 5641
f 5701 5641 5640
f 5701 5653 5652
f 5701 5640 5653
f 5702 5695 5694
f 5702 5693 5701
f 5702 5694 5693
f 5702 5701 5652
f 5702 5652 5651
f 5703 5695 5702
f 5703 5702 5651
f 5703 5614 5695
f 5704 5614 5703
f 5705 5614 5704
f 5706 5614 5705
f 5707 5649 5648
f 5707 5650 5649
f 5708 5614 5706
f 5709 5707 5648
f 5709 5703 5651
f 5709 5648 5647
f 5709 5651 5650
f 5709 5650 5707
f 5710 5614 5708
f 5711 5709 5647
f 5711 5704 5703
f 5711 5703 5709
f 5712 5704 5711
f 5712 5705 5704
f 5713 5644 5643
f 5713 5645 5644
f 5714 5705 5712
f 5714 5706 5705
f 5715 5713 5643
f 5715 5645 5713
f 5715 5646 5645
f 5716 5708 5706
f 5716 5706 5714
f 5717 5715 5643
f 5717 5647 5646
f 5717 5646 5715
f 5718 5708 5716
f 5718 5710 5708
f 5718 5615 5614
f 5718 5614 5710
f 5719 5717 5643
f 5719 5711 5647
f 5719 5647 5717
f 5720 5712 5711
f 5720 5711 5719
f 5721 5714 5712
f 5721 5712 5720
f 5722 5718 5716
f 5722 5714 5721
f 5722 5716 5714
f 5723 5615 5718
f 5723 5718 5722
f 5724 5721 5720
f 5724 5643 5658
f 5724 5719 5643
f 5724 5720 5719
f 5725 5721 5724
f 5726 5721 5725
f 5726 5722 5721
f 5727 5723 5722
f 5727 5615 5723
f 5727 5722 5726
f 5728 5724 5658
f 5729 5724 5728
f 5730 5724 5729
f 5731 5724 5730
f 5732 5724 5731
f 5733 5725 5724
f 5733 5724 5732
f 5734 5726 5725
f 5734 5727 5726
f 5734 5725 5733
f 5735 5615 5727
f 5735 5616 5615
f 5735 5727 5734
f 5736 5728 5658
f 5736 5729 5728
f 5736 5730 5729
f 5736 5731 5730
f 5736 5658 5657
f 5737 5731 5736
f 5737 5732 5731
f 5738 5733 5732
f 5738 5732 5737
f 5739 5734 5733
f 5739 5733 5738
f 5740 5616 5735
f 5740 5735 5734
f 5740 5734 5739
f 5741 5736 5657
f 5742 5736 5741
f 5743 5736 5742
f 5744 5736 5743
f 5745 5737 5736
f 5745 5736 5744
f 5746 5738 5737
f 5746 5739 5738
f 5746 5737 5745
f 5747 5739 5746
f 5748 5617 5616
f 5748 5616 5740
f 5748 5740 5739
f 5748 5739 5747
f 5749 5741 5657
f 5749 5742 5741
f 5749 5743 5742
f 5749 5744 5743
f 5749 5657 5656
f 5750 5745 5744
f 5750 5744 5749
f 5751 5746 5745
f 5751 5745 5750
f 5752 5749 5656
f 5753 5747 5746
f 5753 5746 5751
f 5754 5749 5752
f 5755 5617 5748
f 5755 5748 5747
f 5755 5747 5753
f 5756 5749 5754
f 5757 5749 5756
f 5758 5749 5757
f 5758 5750 5749
f 5758 5751 5750
f 5759 5751 5758
f 5760 5751 5759
f 5760 5753 5751
f 5761 5753 5760
f 5761 5618 5617
f 5761 5617 5755
f 5761 5755 5753
f 5762 5752 5656
f 5762 5656 5655
f 5763 5752 5762
f 5763 5762 5655
f 5763 5754 5752
f 5764 5756 5754
f 5764 5757 5756
f 5764 5763 5655
f 5764 5754 5763
f 5765 5757 5764
f 5766 5759 5758
f 5766 5757 5765
f 5766 5758 5757
f 5767 5759 5766
f 5768 5760 5759
f 5768 5759 5767
f 5769 5761 5760
f 5769 5618 5761
f 5769 5760 5768
f 5770 5655 5654
f 5770 5654 5665
f 5771 5655 5770
f 5771 5770 5665
f 5771 5665 5664
f 5772 5764 5655
f 5772 5655 5771
f 5772 5771 5664
f 5773 5764 5772
f 5773 5765 5764
f 5773 5772 5664
f 5774 5766 5765
f 5774 5765 5773
f 5775 5768 5767
f 5775 5766 5774
f 5775 5767 5766
f 5776 5768 5775
f 5777 5662 5661
f 5777 5663 5662
f 5778 5619 5618
f 5778 5618 5769
f 5778 5769 5768
f 5778 5768 5776
f 5779 5663 5777
f 5779 5777 5661
f 5780 5773 5664
f 5780 5663 5779
f 5780 5779 5661
f 5780 5664 5663
f 5781 5774 5773
f 5781 5773 5780
f 5782 5660 5659
f 5782 5659 5666
f 5783 5775 5774
f 5783 5774 5781
f 5784 5782 5666
f 5784 5660 5782
f 5785 5776 5775
f 5785 5775 5783
f 5786 5661 5660
f 5786 5660 5784
f 5786 5784 5666
f 5787 5776 5785
f 5787 5619 5778
f 5787 5778 5776
f 5788 5780 5661
f 5788 5661 5786
f 5788 5786 5666
f 5789 5781 5780
f 5789 5780 5788
f 5790 5783 5781
f 5790 5785 5783
f 5790 5781 5789
f 5791 5785 5790
f 5792 5785 5791
f 5792 5620 5619
f 5792 5787 5785
f 5792 5619 5787
f 5793 5666 5671
f 5794 5666 5793
f 5795 5666 5794
f 5796 5666 5795
f 5796 5788 5666
f 5797 5788 5796
f 5797 5789 5788
f 5798 5790 5789
f 5798 5789 5797
f 5799 5791 5790
f 5799 5798 5620
f 5799 5790 5798
f 5800 5792 5791
f 5800 5620 5792
f 5800 5791 5799
f 5800 5799 5620
f 5801 5671 5670
f 5801 5793 5671
f 5802 5794 5793
f 5802 5793 5801
f 5803 5794 5802
f 5803 5795 5794
f 5803 5796 5795
f 5804 5796 5803
f 5805 5797 5796
f 5805 5796 5804
f 5806 5620 5798
f 5806 5798 5797
f 5806 5797 5805
f 5807 5620 5806
f 5808 5621 5620
f 5808 5620 5807
f 5809 5801 5670
f 5809 5803 5802
f 5809 5802 5801
f 5809 5804 5803
f 5809 5670 5669
f 5810 5804 5809
f 5810 5805 5804
f 5810 5806 5805
f 5811 5806 5810
f 5811 5807 5806
f 5812 5807 5811
f 5813 5621 5808
f 5813 5808 5807
f 5813 5807 5812
f 5814 5809 5669
f 5815 5809 5814
f 5816 5809 5815
f 5817 5809 5816
f 5818 5810 5809
f 5818 5809 5817
f 5819 5811 5810
f 5819 5810 5818
f 5820 5812 5811
f 5820 5811 5819
f 5821 5622 5621
f 5821 5621 5813
f 5821 5813 5812
f 5821 5812 5820
f 5822 5814 5669
f 5822 5815 5814
f 5822 5669 5668
f 5822 5816 5815
f 5822 5817 5816
f 5822 5818 5817
f 5823 5818 5822
f 5824 5818 5823
f 5824 5819 5818
f 5825 5819 5824
f 5825 5820 5819
f 5825 5821 5820
f 5826 5821 5825
f 5826 5622 5821
f 5827 5822 5668
f 5828 5822 5827
f 5829 5822 5828
f 5830 5822 5829
f 5830 5823 5822
f 5831 5823 5830
f 5832 5823 5831
f 5832 5824 5823
f 5833 5824 5832
f 5833 5825 5824
f 5834 5826 5825
f 5834 5622 5826
f 5834 5825 5833
f 5834 5623 5622
f 5835 5828 5827
f 5835 5827 5668
f 5835 5829 5828
f 5835 5830 5829
f 5835 5831 5830
f 5835 5832 5831
f 5835 5668 5667
f 5836 5832 5835
f 5837 5833 5832
f 5837 5832 5836
f 5838 5833 5837
f 5838 5834 5833
f 5838 5623 5834
f 5839 5667 5674
f 5839 5835 5667
f 5840 5835 5839
f 5840 5839 5674
f 5840 5674 5673
f 5841 5835 5840
f 5841 5840 5673
f 5841 5673 5672
f 5842 5835 5841
f 5842 5841 5672
f 5843 5836 5835
f 5843 5835 5842
f 5844 5836 5843
f 5845 5837 5836
f 5845 5838 5837
f 5845 5836 5844
f 5846 5679 5678
f 5846 5680 5679
f 5847 5623 5838
f 5847 5838 5845
f 5848 5680 5846
f 5848 5846 5678
f 5849 5842 5672
f 5849 5680 5848
f 5849 5848 5678
f 5849 5678 5677
f 5849 5672 5680
f 5850 5842 5849
f 5850 5843 5842
f 5851 5676 5675
f 5852 5844 5843
f 5852 5843 5850
f 5853 5676 5851
f 5853 5677 5676
f 5854 5845 5844
f 5854 5844 5852
f 5855 5677 5853
f 5856 5845 5854
f 5856 5623 5847
f 5856 5624 5623
f 5856 5847 5845
f 5857 5850 5849
f 5857 5849 5677
f 5857 5677 5855
f 5858 5852 5850
f 5858 5850 5857
f 5859 5852 5858
f 5860 5852 5859
f 5860 5854 5852
f 5861 5854 5860
f 5861 5856 5854
f 5861 5624 5856
f 5862 5858 5857
f 5862 5851 5675
f 5862 5853 5851
f 5862 5857 5855
f 5862 5855 5853
f 5862 5675 5684
f 5863 5859 5858
f 5863 5858 5862
f 5864 5859 5863
f 5864 5860 5859
f 5865 5861 5860
f 5865 5624 5861
f 5865 5860 5864
f 5866 5862 5684
f 5867 5862 5866
f 5868 5862 5867
f 5869 5862 5868
f 5870 5862 5869
f 5871 5863 5862
f 5871 5862 5870
f 5872 5864 5863
f 5872 5863 5871
f 5873 5624 5865
f 5873 5865 5864
f 5873 5864 5872
f 5873 5625 5624
f 5874 5866 5684
f 5874 5867 5866
f 5874 5868 5867
f 5874 5869 5868
f 5874 5870 5869
f 5874 5684 5683
f 5875 5870 5874
f 5876 5871 5870
f 5876 5870 5875
f 5877 5872 5871
f 5877 5871 5876
f 5878 5872 5877
f 5878 5873 5872
f 5878 5625 5873
f 5879 5874 5683
f 5880 5874 5879
f 5881 5874 5880
f 5882 5874 5881
f 5883 5875 5874
f 5883 5876 5875
f 5883 5874 5882
f 5884 5877 5876
f 5884 5876 5883
f 5885 5878 5877
f 5885 5877 5884
f 5886 5626 5625
f 5886 5625 5878
f 5886 5878 5885
f 5887 5879 5683
f 5887 5880 5879
f 5887 5881 5880
f 5887 5882 5881
f 5887 5683 5682
f 5888 5883 5882
f 5888 5882 5887
f 5889 5883 5888
f 5889 5884 5883
f 5890 5887 5682
f 5891 5885 5884
f 5891 5884 5889
f 5892 5887 5890
f 5893 5626 5886
f 5893 5886 5885
f 5893 5885 5891
f 5894 5887 5892
f 5895 5887 5894
f 5896 5887 5895
f 5896 5888 5887
f 5896 5889 5888
f 5897 5891 5889
f 5897 5889 5896
f 5898 5893 5891
f 5898 5891 5897
f 5899 5893 5898
f 5899 5627 5626
f 5899 5626 5893
f 5900 5682 5681
f 5900 5890 5682
f 5901 5900 5681
f 5901 5890 5900
f 5901 5892 5890
f 5902 5894 5892
f 5902 5901 5681
f 5902 5892 5901
f 5903 5895 5894
f 5903 5894 5902
f 5904 5896 5895
f 5904 5895 5903
f 5905 5897 5896
f 5905 5896 5904
f 5905 5898 5897
f 5906 5898 5905
f 5906 5899 5898
f 5907 5627 5899
f 5907 5899 5906
f 5908 5599 5598
f 5908 5600 5599
f 5908 5681 5600
f 5909 5598 5597
f 5909 5908 5598
f 5909 5681 5908
f 5910 5902 5681
f 5910 5681 5909
f 5910 5909 5597
f 5911 5903 5902
f 5911 5902 5910
f 5912 5905 5904
f 5912 5904 5903
f 5912 5903 5911
f 5913 5905 5912
f 5914 5595 5594
f 5914 5596 5595
f 5915 5906 5905
f 5915 5905 5913
f 5916 5594 5593
f 5916 5597 5596
f 5916 5596 5914
f 5916 5910 5597
f 5916 5914 5594
f 5917 5628 5627
f 5917 5627 5907
f 5917 5907 5906
f 5917 5906 5915
f 5918 5911 5910
f 5918 5916 5593
f 5918 5910 5916
f 5919 5911 5918
f 5919 5912 5911
f 5920 5590 5589
f 5920 5591 5590
f 5921 5913 5912
f 5921 5915 5913
f 5921 5912 5919
f 5922 5592 5591
f 5922 5920 5589
f 5922 5591 5920
f 5923 5915 5921
f 5924 5593 5592
f 5924 5592 5922
f 5924 5922 5589
f 5925 5628 5917
f 5925 5917 5915
f 5925 5923 5628
f 5925 5915 5923
f 5926 5918 5593
f 5926 5924 5589
f 5926 5593 5924
f 5927 5918 5926
f 5927 5926 5589
f 5927 5919 5918
f 5928 5919 5927
f 5928 5927 5589
f 5928 5921 5919
f 5929 5921 5928
f 5929 5923 5921
f 5929 5628 5923
f 5930 5628 5929
f 5930 5629 5628
f 5931 5589 5603
f 5932 5589 5931
f 5932 5931 5603
f 5933 5589 5932
f 5933 5932 5603
f 5934 5929 5928
f 5934 5928 5589
f 5934 5933 5603
f 5934 5589 5933
f 5935 5930 5929
f 5935 5929 5934
f 5935 5934 5603
f 5936 5629 5930
f 5936 5930 5935
f 5936 5935 5603
f 5936 5603 5629
f 5937 5603 5602
f 5938 5603 5937
f 5938 5937 5602
f 5939 5603 5938
f 5939 5938 5602
f 5940 5603 5939
f 5940 5939 5602
f 5941 5603 5940
f 5941 5940 5602
f 5942 5603 5941
f 5942 5941 5602
f 5943 5605 5604
f 5943 5604 5630
f 5943 5603 5942
f 5943 5942 5602
f 5943 5630 5603
f 5943 5602 5605
f 5953 5954 5963
f 5952 5953 5963
f 5951 5963 5962
f 5951 5952 5963
f 5950 5961 5960
f 5950 5962 5961
f 5950 5951 5962
f 5949 5950 5960
f 5948 5960 5959
f 5948 5949 5960
f 5947 5959 5958
f 5947 5948 5959
f 5946 5958 5957
f 5946 5947 5958
f 5945 5956 5955
f 5945 5957 5956
f 5945 5946 5957
f 5944 5945 5955
f 5991 5994 5976
f 5995 5965 5964
f 5995 5966 5965
f 5996 5966 5995
f 5997 5967 5966
f 5997 5968 5967
f 5997 5996 5968
f 5997 5966 5996
f 5998 5964 5977
f 5998 5995 5964
f 5999 5995 5998
f 5999 5996 5995
f 5999 5968 5996
f 6000 5969 5968
f 6000 5968 5999
f 6001 5970 5969
f 6001 5969 6000
f 6002 5970 6001
f 6003 5971 5970
f 6003 5970 6002
f 6004 5972 5971
f 6004 5971 6003
f 6005 5973 5972
f 6005 5972 6004
f 6006 5974 5973
f 6006 5992 5974
f 6006 5973 6005
f 6007 5977 5993
f 6007 5998 5977
f 6008 5999 5998
f 6008 5998 6007
f 6008 6007 5993
f 6009 6000 5999
f 6009 5999 6008
f 6009 6008 5993
f 6009 6001 6000
f 6010 6001 6009
f 6010 6009 5993
f 6011 6010 5993
f 6011 6002 6001
f 6011 6001 6010
f 6012 6002 6011
f 6012 6011 5993
f 6012 6003 6002
f 6013 6003 6012
f 6013 6004 6003
f 6013 6012 5993
f 6014 6013 5993
f 6014 6004 6013
f 6014 5993 5992
f 6014 6005 6004
f 6014 5992 6006
f 6014 6006 6005
f 6015 5977 5976
f 6015 5993 5977
f 6016 6015 5976
f 6016 5993 6015
f 6017 6016 5976
f 6017 5993 6016
f 6018 6017 5976
f 6018 5993 6017
f 6019 6018 5976
f 6019 5993 6018
f 6020 6019 5976
f 6020 5993 6019
f 6021 5993 6020
f 6021 6020 5976
f 6022 5994 5993
f 6022 5993 6021
f 6022 6021 5976
f 6022 5976 5994
f 6023 5976 5975
f 6024 5976 6023
f 6025 5976 6024
f 6026 5976 6025
f 6027 5988 5987
f 6027 5989 5988
f 6027 5990 5989
f 6027 5975 5990
f 6027 6023 5975
f 6028 5976 6026
f 6029 5987 5986
f 6029 6024 6023
f 6029 6023 6027
f 6029 6027 5987
f 6030 5982 5981
f 6030 6028 5982
f 6030 5976 6028
f 6031 5981 5980
f 6031 6030 5981
f 6031 5976 6030
f 6032 5986 5985
f 6032 6029 5986
f 6032 6025 6024
f 6032 6024 6029
f 6033 5985 5984
f 6033 6026 6025
f 6033 6032 5985
f 6033 6025 6032
f 6034 5980 5979
f 6034 6031 5980
f 6034 5976 6031
f 6035 5983 5982
f 6035 5984 5983
f 6035 5982 6028
f 6035 6028 6026
f 6035 6033 5984
f 6035 6026 6033
f 6036 5979 5978
f 6036 5978 5991
f 6036 6034 5979
f 6036 5976 6034
f 6036 5991 5976
f 6050 6051 6064
f 6049 6064 6063
f 6049 6050 6064
f 6048 6063 6062
f 6048 6049 6063
f 6047 6062 6061
f 6047 6048 6062
f 6046 6061 6060
f 6046 6047 6061
f 6045 6046 6060
f 6044 6060 6059
f 6044 6045 6060
f 6043 6058 6057
f 6043 6059 6058
f 6043 6044 6059
f 6042 6057 6056
f 6042 6043 6057
f 6041 6056 6055
f 6041 6042 6056
f 6040 6055 6054
f 6040 6041 6055
f 6039 6040 6054
f 6038 6053 6052
f 6038 6054 6053
f 6038 6039 6054
f 6037 6038 6052
f 6068 6067 6077
f 6068 6077 6078
f 6069 6078 6079
f 6069 6068 6078
f 6070 6079 6080
f 6070 6080 6081
f 6070 6069 6079
f 6071 6081 6082
f 6071 6070 6081
f 6072 6082 6083
f 6072 6071 6082
f 6073 6083 6084
f 6073 6072 6083
f 6074 6084 6085
f 6074 6073 6084
f 6075 6074 6085
f 6076 6085 6086
f 6076 6086 6066
f 6076 6075 6085
f 6065 6076 6066
f 6114 6117 6102
f 6118 6097 6098
f 6118 6098 6099
f 6118 6099 6100
f 6119 6094 6095
f 6119 6095 6096
f 6119 6096 6097
f 6119 6097 6118
f 6120 6100 6103
f 6120 6118 6100
f 6121 6118 6120
f 6121 6119 6118
f 6121 6094 6119
f 6122 6093 6094
f 6122 6094 6121
f 6123 6092 6093
f 6123 6093 6122
f 6124 6091 6092
f 6124 6092 6123
f 6125 6090 6091
f 6125 6091 6124
f 6126 6089 6090
f 6126 6090 6125
f 6127 6088 6089
f 6127 6089 6126
f 6128 6087 6088
f 6128 6115 6087
f 6128 6088 6127
f 6129 6120 6103
f 6129 6103 6116
f 6130 6120 6129
f 6130 6129 6116
f 6130 6121 6120
f 6131 6122 6121
f 6131 6121 6130
f 6131 6130 6116
f 6132 6123 6122
f 6132 6131 6116
f 6132 6122 6131
f 6133 6123 6132
f 6133 6124 6123
f 6133 6132 6116
f 6134 6124 6133
f 6134 6133 6116
f 6134 6125 6124
f 6135 6134 6116
f 6135 6125 6134
f 6135 6126 6125
f 6136 6135 6116
f 6136 6126 6135
f 6136 6116 6115
f 6136 6115 6128
f 6136 6127 6126
f 6136 6128 6127
f 6137 6103 6102
f 6137 6116 6103
f 6138 6137 6102
f 6138 6116 6137
f 6139 6138 6102
f 6139 6116 6138
f 6140 6139 6102
f 6140 6116 6139
f 6141 6140 6102
f 6141 6116 6140
f 6142 6141 6102
f 6142 6116 6141
f 6143 6142 6102
f 6143 6116 6142
f 6144 6117 6116
f 6144 6116 6143
f 6144 6143 6102
f 6144 6102 6117
f 6145 6102 6101
f 6146 6102 6145
f 6147 6102 6146
f 6148 6101 6104
f 6148 6104 6105
f 6148 6145 6101
f 6149 6102 6147
f 6150 6102 6149
f 6151 6105 6106
f 6151 6146 6145
f 6151 6145 6148
f 6151 6148 6105
f 6152 6109 6110
f 6152 6150 6109
f 6152 6102 6150
f 6153 6106 6107
f 6153 6146 6151
f 6153 6147 6146
f 6153 6151 6106
f 6154 6110 6111
f 6154 6102 6152
f 6154 6152 6110
f 6155 6107 6108
f 6155 6153 6107
f 6155 6149 6147
f 6155 6147 6153
f 6156 6111 6112
f 6156 6102 6154
f 6156 6154 6111
f 6157 6108 6109
f 6157 6109 6150
f 6157 6150 6149
f 6157 6155 6108
f 6157 6149 6155
f 6158 6112 6113
f 6158 6113 6114
f 6158 6102 6156
f 6158 6114 6102
f 6158 6156 6112
f 6171 6169 6168
f 6172 6168 6167
f 6172 6171 6168
f 6173 6167 6166
f 6173 6172 6167
f 6174 6166 6165
f 6174 6173 6166
f 6175 6165 6164
f 6175 6174 6165
f 6176 6164 6163
f 6176 6175 6164
f 6177 6163 6162
f 6177 6176 6163
f 6178 6177 6162
f 6179 6162 6161
f 6179 6178 6162
f 6180 6161 6160
f 6180 6179 6161
f 6181 6180 6160
f 6182 6160 6159
f 6182 6181 6160
f 6170 6182 6159
f 6213 6186 6187
f 6213 6187 6188
f 6213 6188 6189
f 6213 6189 6190
f 6213 6190 6191
f 6213 6191 6192
f 6213 6192 6193
f 6213 6193 6194
f 6213 6194 6195
f 6213 6195 6199
f 6214 6186 6213
f 6215 6185 6186
f 6215 6186 6214
f 6216 6185 6215
f 6217 6184 6185
f 6217 6185 6216
f 6218 6184 6217
f 6219 6213 6199
f 6220 6184 6218
f 6221 6183 6184
f 6221 6210 6183
f 6221 6184 6220
f 6222 6213 6219
f 6222 6214 6213
f 6223 6215 6214
f 6223 6214 6222
f 6224 6216 6215
f 6224 6215 6223
f 6225 6216 6224
f 6225 6217 6216
f 6226 6218 6217
f 6226 6217 6225
f 6227 6220 6218
f 6227 6218 6226
f 6228 6211 6210
f 6228 6210 6221
f 6228 6221 6220
f 6228 6220 6227
f 6229 6199 6198
f 6229 6222 6219
f 6229 6219 6199
f 6229 6224 6223
f 6229 6223 6222
f 6230 6225 6224
f 6230 6224 6229
f 6230 6226 6225
f 6231 6226 6230
f 6232 6227 6226
f 6232 6226 6231
f 6233 6228 6227
f 6233 6227 6232
f 6233 6211 6228
f 6234 6229 6198
f 6235 6229 6234
f 6236 6229 6235
f 6237 6230 6229
f 6237 6229 6236
f 6238 6230 6237
f 6239 6231 6230
f 6239 6232 6231
f 6239 6230 6238
f 6240 6232 6239
f 6241 6233 6232
f 6241 6211 6233
f 6241 6212 6211
f 6241 6232 6240
f 6242 6198 6197
f 6242 6236 6235
f 6242 6234 6198
f 6242 6235 6234
f 6242 6237 6236
f 6243 6238 6237
f 6243 6237 6242
f 6244 6239 6238
f 6244 6238 6243
f 6245 6240 6239
f 6245 6239 6244
f 6246 6240 6245
f 6246 6212 6241
f 6246 6241 6240
f 6247 6242 6197
f 6248 6242 6247
f 6249 6242 6248
f 6250 6242 6249
f 6251 6243 6242
f 6251 6244 6243
f 6251 6242 6250
f 6252 6245 6244
f 6252 6244 6251
f 6253 6245 6252
f 6254 6200 6212
f 6254 6246 6245
f 6254 6212 6246
f 6254 6245 6253
f 6255 6197 6196
f 6255 6247 6197
f 6256 6247 6255
f 6256 6248 6247
f 6256 6249 6248
f 6257 6249 6256
f 6258 6250 6249
f 6258 6251 6250
f 6258 6249 6257
f 6259 6258 6206
f 6259 6251 6258
f 6260 6255 6196
f 6261 6206 6205
f 6261 6259 6206
f 6261 6252 6251
f 6261 6253 6252
f 6261 6251 6259
f 6262 6260 6208
f 6262 6256 6255
f 6262 6255 6260
f 6263 6253 6261
f 6263 6204 6203
f 6263 6205 6204
f 6263 6261 6205
f 6264 6256 6262
f 6264 6257 6256
f 6264 6262 6208
f 6265 6201 6200
f 6265 6202 6201
f 6265 6203 6202
f 6265 6200 6254
f 6265 6263 6203
f 6265 6254 6253
f 6265 6253 6263
f 6266 6257 6264
f 6266 6207 6206
f 6266 6208 6207
f 6266 6206 6258
f 6266 6258 6257
f 6266 6264 6208
f 6267 6209 6208
f 6267 6196 6209
f 6267 6208 6260
f 6267 6260 6196
f 6280 6268 6269
f 6281 6269 6270
f 6281 6280 6269
f 6282 6270 6271
f 6282 6281 6270
f 6283 6282 6271
f 6284 6271 6272
f 6284 6283 6271
f 6285 6272 6273
f 6285 6273 6274
f 6285 6284 6272
f 6286 6285 6274
f 6287 6274 6275
f 6287 6286 6274
f 6288 6275 6276
f 6288 6287 6275
f 6289 6276 6277
f 6289 6288 6276
f 6279 6277 6278
f 6279 6289 6277
f 6311 6290 6291
f 6310 6291 6292
f 6310 6292 6293
f 6310 6311 6291
f 6309 6293 6294
f 6309 6294 6295
f 6309 6310 6293
f 6308 6295 6296
f 6308 6309 6295
f 6307 6296 6297
f 6307 6308 6296
f 6306 6297 6298
f 6306 6307 6297
f 6305 6306 6298
f 6304 6298 6299
f 6304 6305 6298
f 6303 6304 6299
f 6302 6299 6300
f 6302 6303 6299
f 6301 6302 6300
f 6312 6331 6330
f 6312 6321 6331
f 6313 6327 6326
f 6313 6328 6327
f 6313 6329 6328
f 6313 6330 6329
f 6313 6312 6330
f 6314 6325 6324
f 6314 6326 6325
f 6314 6313 6326
f 6315 6324 6323
f 6315 6314 6324
f 6316 6315 6323
f 6317 6316 6323
f 6318 6323 6322
f 6318 6317 6323
f 6319 6318 6322
f 6320 6319 6322
f 6333 6332 6342
f 6333 6342 6351
f 6334 6351 6350
f 6334 6333 6351
f 6335 6350 6349
f 6335 6334 6350
f 6336 6349 6348
f 6336 6335 6349
f 6337 6348 6347
f 6337 6336 6348
f 6338 6347 6346
f 6338 6337 6347
f 6339 6345 6344
f 6339 6346 6345
f 6339 6338 6346
f 6340 6339 6344
f 6341 6344 6343
f 6341 6340 6344
f 6361 6362 6363
f 6361 6363 6372
f 6360 6372 6371
f 6360 6361 6372
f 6359 6371 6370
f 6359 6360 6371
f 6358 6370 6369
f 6358 6359 6370
f 6357 6369 6368
f 6357 6358 6369
f 6356 6368 6367
f 6356 6357 6368
f 6355 6367 6366
f 6355 6356 6367
f 6354 6355 6366
f 6353 6366 6365
f 6353 6354 6366
f 6352 6365 6364
f 6352 6353 6365
f 6382 6383 6384
f 6400 6391 6392
f 6401 6381 6382
f 6401 6382 6384
f 6402 6384 6385
f 6402 6385 6386
f 6402 6401 6384
f 6403 6386 6387
f 6403 6402 6386
f 6404 6380 6381
f 6404 6381 6401
f 6404 6401 6402
f 6405 6387 6388
f 6405 6403 6387
f 6406 6402 6403
f 6406 6404 6402
f 6407 6378 6379
f 6407 6379 6380
f 6407 6380 6404
f 6408 6388 6389
f 6408 6405 6388
f 6409 6406 6403
f 6409 6403 6405
f 6410 6404 6406
f 6410 6407 6404
f 6411 6389 6390
f 6411 6390 6391
f 6411 6408 6389
f 6412 6409 6405
f 6412 6405 6408
f 6413 6406 6409
f 6413 6410 6406
f 6414 6377 6378
f 6414 6378 6407
f 6414 6407 6410
f 6415 6400 6399
f 6415 6391 6400
f 6415 6411 6391
f 6416 6408 6411
f 6416 6412 6408
f 6417 6409 6412
f 6417 6413 6409
f 6418 6410 6413
f 6418 6414 6410
f 6419 6376 6377
f 6419 6377 6414
f 6420 6399 6398
f 6420 6415 6399
f 6420 6411 6415
f 6420 6416 6411
f 6421 6412 6416
f 6421 6417 6412
f 6422 6413 6417
f 6422 6418 6413
f 6423 6414 6418
f 6423 6419 6414
f 6424 6416 6420
f 6424 6421 6416
f 6425 6417 6421
f 6425 6422 6417
f 6426 6418 6422
f 6426 6423 6418
f 6427 6374 6375
f 6427 6375 6376
f 6427 6419 6423
f 6427 6376 6419
f 6428 6424 6420
f 6428 6397 6396
f 6428 6398 6397
f 6428 6420 6398
f 6429 6421 6424
f 6429 6425 6421
f 6430 6422 6425
f 6430 6426 6422
f 6431 6423 6426
f 6431 6427 6423
f 6431 6374 6427
f 6432 6424 6428
f 6432 6396 6395
f 6432 6428 6396
f 6432 6429 6424
f 6433 6430 6425
f 6433 6425 6429
f 6434 6374 6431
f 6434 6431 6426
f 6434 6426 6430
f 6435 6433 6429
f 6435 6429 6432
f 6436 6373 6374
f 6436 6430 6433
f 6436 6374 6434
f 6436 6434 6430
f 6437 6395 6394
f 6437 6435 6432
f 6437 6432 6395
f 6438 6433 6435
f 6438 6373 6436
f 6438 6436 6433
f 6439 6393 6373
f 6439 6394 6393
f 6439 6373 6438
f 6439 6437 6394
f 6439 6435 6437
f 6439 6438 6435
f 6449 6450 6462
f 6448 6462 6461
f 6448 6449 6462
f 6447 6461 6460
f 6447 6448 6461
f 6446 6459 6458
f 6446 6460 6459
f 6446 6447 6460
f 6445 6458 6457
f 6445 6446 6458
f 6444 6457 6456
f 6444 6445 6457
f 6443 6455 6454
f 6443 6456 6455
f 6443 6444 6456
f 6442 6454 6453
f 6442 6443 6454
f 6441 6453 6452
f 6441 6442 6453
f 6440 6452 6451
f 6440 6441 6452
f 6477 6463 6464
f 6478 6464 6465
f 6478 6477 6464
f 6479 6465 6466
f 6479 6478 6465
f 6480 6466 6467
f 6480 6479 6466
f 6481 6467 6468
f 6481 6480 6467
f 6482 6468 6469
f 6482 6469 6470
f 6482 6481 6468
f 6483 6470 6471
f 6483 6482 6470
f 6484 6471 6472
f 6484 6483 6471
f 6485 6472 6473
f 6485 6484 6472
f 6486 6473 6474
f 6486 6485 6473
f 6476 6474 6475
f 6476 6486 6474
f 6512 6495 6511
f 6513 6510 6509
f 6513 6514 6510
f 6513 6515 6514
f 6516 6492 6491
f 6516 6491 6517
f 6516 6517 6515
f 6518 6492 6516
f 6519 6520 6513
f 6519 6513 6509
f 6521 6492 6518
f 6521 6518 6520
f 6522 6523 6519
f 6522 6519 6509
f 6524 6522 6509
f 6524 6523 6522
f 6525 6493 6492
f 6525 6521 6523
f 6525 6492 6521
f 6526 6525 6527
f 6526 6493 6525
f 6528 6524 6509
f 6528 6527 6524
f 6528 6509 6508
f 6529 6508 6507
f 6530 6487 6494
f 6531 6532 6529
f 6531 6529 6507
f 6533 6487 6530
f 6533 6530 6532
f 6534 6488 6487
f 6534 6535 6488
f 6536 6507 6506
f 6536 6488 6535
f 6536 6535 6537
f 6536 6537 6507
f 6538 6489 6488
f 6538 6506 6489
f 6538 6488 6536
f 6538 6536 6506
f 6539 6512 6511
f 6540 6512 6539
f 6541 6542 6543
f 6541 6544 6542
f 6541 6543 6512
f 6541 6545 6544
f 6541 6546 6545
f 6541 6512 6540
f 6541 6547 6546
f 6548 6491 6490
f 6548 6490 6549
f 6548 6549 6547
f 6550 6548 6551
f 6550 6491 6548
f 6552 6511 6510
f 6552 6553 6511
f 6552 6551 6553
f 6554 6517 6491
f 6554 6555 6517
f 6556 6510 6514
f 6556 6555 6552
f 6556 6552 6510
f 6557 6515 6517
f 6557 6517 6555
f 6557 6514 6515
f 6557 6556 6514
f 6557 6555 6556
f 6558 6516 6515
f 6558 6520 6518
f 6558 6518 6516
f 6558 6513 6520
f 6558 6515 6513
f 6559 6519 6523
f 6559 6521 6520
f 6559 6523 6521
f 6559 6520 6519
f 6560 6524 6527
f 6560 6523 6524
f 6560 6525 6523
f 6560 6527 6525
f 6561 6527 6528
f 6561 6526 6527
f 6562 6561 6528
f 6563 6493 6562
f 6564 6528 6508
f 6564 6565 6528
f 6566 6508 6529
f 6566 6529 6567
f 6568 6494 6493
f 6568 6493 6563
f 6568 6563 6565
f 6569 6568 6567
f 6569 6494 6568
f 6570 6569 6567
f 6570 6494 6569
f 6570 6567 6529
f 6570 6530 6494
f 6571 6570 6529
f 6571 6530 6570
f 6571 6529 6532
f 6571 6532 6530
f 6572 6532 6531
f 6572 6531 6573
f 6572 6533 6532
f 6574 6531 6507
f 6574 6573 6531
f 6575 6572 6573
f 6575 6533 6572
f 6575 6487 6533
f 6575 6534 6487
f 6575 6573 6534
f 6576 6574 6507
f 6576 6573 6574
f 6576 6507 6537
f 6576 6534 6573
f 6577 6576 6537
f 6577 6534 6576
f 6577 6535 6534
f 6577 6537 6535
f 6578 6496 6495
f 6578 6497 6496
f 6578 6498 6497
f 6578 6499 6498
f 6578 6495 6512
f 6579 6500 6499
f 6579 6499 6578
f 6579 6578 6580
f 6581 6500 6579
f 6581 6579 6580
f 6582 6581 6580
f 6582 6580 6549
f 6582 6500 6581
f 6583 6543 6542
f 6583 6578 6512
f 6583 6580 6578
f 6583 6542 6544
f 6583 6512 6543
f 6583 6544 6545
f 6583 6545 6546
f 6584 6583 6546
f 6584 6580 6583
f 6584 6546 6547
f 6585 6580 6584
f 6585 6584 6547
f 6585 6549 6580
f 6585 6547 6549
f 6586 6541 6540
f 6586 6547 6541
f 6586 6548 6547
f 6587 6511 6553
f 6588 6587 6553
f 6588 6553 6551
f 6588 6551 6548
f 6589 6550 6551
f 6589 6551 6552
f 6590 6589 6552
f 6590 6552 6555
f 6590 6555 6554
f 6591 6526 6561
f 6591 6562 6493
f 6591 6493 6526
f 6591 6561 6562
f 6592 6562 6528
f 6592 6563 6562
f 6592 6565 6563
f 6592 6528 6565
f 6593 6565 6564
f 6593 6568 6565
f 6594 6566 6567
f 6594 6567 6568
f 6594 6568 6593
f 6595 6501 6500
f 6595 6502 6501
f 6595 6503 6502
f 6595 6504 6503
f 6595 6505 6504
f 6595 6490 6505
f 6595 6500 6582
f 6595 6549 6490
f 6595 6582 6549
f 6596 6586 6540
f 6596 6587 6586
f 6596 6539 6511
f 6596 6511 6587
f 6596 6540 6539
f 6597 6548 6586
f 6597 6586 6587
f 6597 6588 6548
f 6597 6587 6588
f 6598 6590 6554
f 6598 6491 6550
f 6598 6550 6589
f 6598 6589 6590
f 6598 6554 6491
f 6599 6564 6508
f 6599 6593 6564
f 6599 6594 6593
f 6600 6594 6599
f 6600 6508 6566
f 6600 6566 6594
f 6600 6599 6508
f 6635 6620 6634
f 6636 6614 6613
f 6637 6634 6633
f 6638 6615 6614
f 6638 6639 6640
f 6641 6615 6638
f 6641 6638 6640
f 6642 6633 6632
f 6643 6642 6632
f 6643 6644 6642
f 6645 6616 6615
f 6645 6615 6646
f 6645 6646 6644
f 6647 6632 6631
f 6647 6648 6649
f 6647 6649 6632
f 6650 6645 6648
f 6650 6616 6645
f 6651 6647 6631
f 6651 6652 6647
f 6653 6617 6616
f 6653 6616 6654
f 6653 6654 6652
f 6655 6631 6630
f 6655 6656 6631
f 6655 6657 6656
f 6658 6618 6617
f 6659 6660 6630
f 6659 6661 6662
f 6659 6662 6660
f 6663 6618 6664
f 6665 6666 6667
f 6665 6663 6666
f 6665 6618 6663
f 6668 6667 6666
f 6668 6630 6629
f 6668 6659 6630
f 6668 6666 6659
f 6669 6668 6629
f 6670 6619 6618
f 6670 6665 6667
f 6670 6618 6665
f 6671 6672 6673
f 6674 6629 6601
f 6675 6676 6636
f 6675 6636 6613
f 6677 6678 6679
f 6677 6636 6676
f 6677 6676 6678
f 6677 6680 6681
f 6677 6681 6635
f 6677 6679 6680
f 6682 6635 6634
f 6682 6636 6677
f 6682 6677 6635
f 6683 6634 6637
f 6683 6637 6684
f 6685 6614 6686
f 6685 6686 6684
f 6685 6684 6637
f 6685 6638 6614
f 6687 6637 6639
f 6687 6639 6638
f 6687 6685 6637
f 6687 6638 6685
f 6688 6637 6633
f 6688 6639 6637
f 6688 6640 6639
f 6688 6633 6689
f 6688 6689 6640
f 6690 6633 6642
f 6690 6642 6691
f 6692 6640 6689
f 6692 6641 6640
f 6693 6615 6641
f 6693 6641 6691
f 6694 6615 6693
f 6695 6642 6644
f 6695 6644 6646
f 6695 6694 6642
f 6696 6644 6643
f 6696 6645 6644
f 6697 6632 6649
f 6697 6645 6696
f 6698 6649 6648
f 6698 6648 6645
f 6698 6697 6649
f 6698 6645 6697
f 6699 6648 6647
f 6699 6650 6648
f 6700 6699 6647
f 6700 6616 6650
f 6700 6650 6699
f 6701 6700 6647
f 6701 6647 6652
f 6701 6652 6654
f 6702 6652 6651
f 6702 6653 6652
f 6703 6651 6631
f 6703 6702 6651
f 6704 6631 6656
f 6704 6703 6631
f 6704 6656 6705
f 6706 6656 6657
f 6706 6657 6707
f 6706 6705 6656
f 6708 6617 6653
f 6708 6653 6705
f 6708 6707 6617
f 6708 6706 6707
f 6708 6705 6706
f 6709 6707 6657
f 6709 6617 6707
f 6709 6658 6617
f 6709 6710 6658
f 6711 6710 6655
f 6711 6658 6710
f 6712 6658 6711
f 6712 6655 6630
f 6712 6662 6658
f 6712 6711 6655
f 6713 6712 6630
f 6713 6662 6712
f 6713 6630 6660
f 6713 6660 6662
f 6714 6618 6658
f 6714 6658 6662
f 6714 6662 6661
f 6714 6664 6618
f 6714 6661 6664
f 6715 6666 6663
f 6715 6659 6666
f 6715 6661 6659
f 6715 6664 6661
f 6715 6663 6664
f 6716 6668 6669
f 6716 6670 6667
f 6716 6667 6668
f 6717 6670 6716
f 6717 6716 6669
f 6718 6717 6669
f 6718 6669 6629
f 6719 6718 6629
f 6719 6629 6672
f 6719 6672 6671
f 6719 6671 6718
f 6720 6671 6673
f 6720 6673 6721
f 6720 6619 6670
f 6720 6721 6619
f 6722 6723 6674
f 6724 6723 6722
f 6725 6723 6724
f 6726 6612 6619
f 6726 6619 6727
f 6726 6723 6725
f 6728 6621 6620
f 6728 6622 6621
f 6728 6623 6622
f 6728 6624 6623
f 6728 6620 6635
f 6729 6728 6675
f 6729 6624 6728
f 6730 6729 6675
f 6730 6624 6729
f 6731 6679 6678
f 6731 6678 6676
f 6731 6728 6635
f 6731 6675 6728
f 6731 6681 6680
f 6731 6635 6681
f 6731 6680 6679
f 6732 6731 6676
f 6732 6675 6731
f 6733 6676 6675
f 6733 6732 6676
f 6733 6675 6732
f 6734 6636 6682
f 6734 6683 6684
f 6735 6689 6633
f 6735 6633 6690
f 6735 6692 6689
f 6735 6690 6736
f 6735 6736 6692
f 6737 6691 6641
f 6737 6690 6691
f 6737 6736 6690
f 6737 6692 6736
f 6737 6641 6692
f 6738 6693 6691
f 6738 6694 6693
f 6738 6642 6694
f 6738 6691 6642
f 6739 6615 6694
f 6739 6646 6615
f 6739 6694 6695
f 6739 6695 6646
f 6740 6643 6632
f 6740 6696 6643
f 6740 6632 6697
f 6740 6697 6696
f 6741 6654 6616
f 6741 6616 6700
f 6741 6700 6701
f 6741 6701 6654
f 6742 6705 6653
f 6742 6653 6702
f 6742 6702 6703
f 6742 6703 6704
f 6742 6704 6705
f 6743 6657 6655
f 6743 6709 6657
f 6743 6655 6710
f 6743 6710 6709
f 6744 6671 6720
f 6744 6717 6718
f 6744 6670 6717
f 6744 6718 6671
f 6744 6720 6670
f 6745 6672 6629
f 6745 6673 6672
f 6745 6629 6674
f 6746 6674 6723
f 6746 6745 6674
f 6746 6747 6745
f 6746 6727 6747
f 6746 6726 6727
f 6746 6723 6726
f 6748 6601 6602
f 6748 6602 6603
f 6748 6603 6604
f 6748 6674 6601
f 6748 6722 6674
f 6749 6722 6748
f 6749 6724 6722
f 6749 6726 6725
f 6749 6725 6724
f 6750 6625 6624
f 6750 6626 6625
f 6750 6627 6626
f 6750 6628 6627
f 6750 6613 6628
f 6750 6730 6675
f 6750 6675 6613
f 6750 6624 6730
f 6751 6734 6682
f 6751 6634 6683
f 6751 6683 6734
f 6751 6682 6634
f 6752 6686 6614
f 6752 6636 6734
f 6752 6684 6686
f 6752 6734 6684
f 6752 6614 6636
f 6753 6721 6673
f 6753 6673 6745
f 6754 6745 6747
f 6754 6747 6727
f 6755 6749 6748
f 6755 6604 6605
f 6755 6605 6606
f 6755 6606 6607
f 6755 6748 6604
f 6756 6726 6749
f 6756 6607 6608
f 6756 6749 6755
f 6756 6755 6607
f 6757 6754 6727
f 6757 6727 6619
f 6757 6619 6721
f 6757 6721 6753
f 6758 6608 6609
f 6758 6609 6610
f 6758 6610 6611
f 6758 6611 6612
f 6758 6756 6608
f 6758 6726 6756
f 6758 6612 6726
f 6759 6745 6754
f 6759 6754 6757
f 6759 6757 6753
f 6759 6753 6745
f 6774 6768 6769
f 6789 6768 6774
f 6790 6767 6768
f 6790 6768 6789
f 6791 6766 6767
f 6791 6767 6790
f 6792 6765 6766
f 6792 6766 6791
f 6793 6764 6765
f 6793 6765 6792
f 6794 6763 6764
f 6794 6764 6793
f 6795 6762 6763
f 6795 6763 6794
f 6796 6760 6761
f 6796 6761 6762
f 6796 6786 6760
f 6796 6762 6795
f 6797 6774 6773
f 6797 6789 6774
f 6797 6793 6792
f 6797 6792 6791
f 6797 6791 6790
f 6797 6790 6789
f 6798 6793 6797
f 6798 6794 6793
f 6799 6794 6798
f 6799 6795 6794
f 6800 6795 6799
f 6800 6786 6796
f 6800 6796 6795
f 6801 6797 6773
f 6802 6797 6801
f 6803 6797 6802
f 6804 6797 6803
f 6805 6797 6804
f 6806 6798 6797
f 6806 6797 6805
f 6807 6798 6806
f 6807 6799 6798
f 6808 6799 6807
f 6808 6787 6786
f 6808 6800 6799
f 6808 6786 6800
f 6809 6805 6804
f 6809 6804 6803
f 6809 6773 6772
f 6809 6801 6773
f 6809 6802 6801
f 6809 6803 6802
f 6810 6807 6806
f 6810 6806 6805
f 6810 6805 6809
f 6811 6807 6810
f 6812 6807 6811
f 6812 6808 6807
f 6812 6787 6808
f 6813 6809 6772
f 6814 6809 6813
f 6815 6809 6814
f 6816 6809 6815
f 6817 6809 6816
f 6818 6810 6809
f 6818 6809 6817
f 6819 6811 6810
f 6819 6810 6818
f 6820 6811 6819
f 6820 6787 6812
f 6820 6788 6787
f 6820 6812 6811
f 6821 6772 6771
f 6821 6813 6772
f 6821 6814 6813
f 6821 6815 6814
f 6821 6816 6815
f 6821 6817 6816
f 6822 6817 6821
f 6822 6818 6817
f 6822 6819 6818
f 6823 6819 6822
f 6824 6820 6819
f 6824 6788 6820
f 6824 6819 6823
f 6825 6821 6771
f 6826 6821 6825
f 6827 6821 6826
f 6828 6821 6827
f 6829 6821 6828
f 6830 6822 6821
f 6830 6821 6829
f 6831 6823 6822
f 6831 6824 6823
f 6831 6822 6830
f 6832 6775 6788
f 6832 6788 6824
f 6832 6824 6831
f 6833 6771 6770
f 6833 6779 6778
f 6833 6780 6779
f 6833 6781 6780
f 6833 6782 6781
f 6833 6783 6782
f 6833 6784 6783
f 6833 6785 6784
f 6833 6770 6785
f 6833 6825 6771
f 6833 6827 6826
f 6833 6826 6825
f 6833 6828 6827
f 6834 6778 6777
f 6834 6833 6778
f 6834 6829 6828
f 6834 6828 6833
f 6835 6777 6776
f 6835 6834 6777
f 6835 6830 6829
f 6835 6829 6834
f 6836 6835 6776
f 6836 6831 6830
f 6836 6832 6831
f 6836 6830 6835
f 6837 6776 6775
f 6837 6836 6776
f 6837 6775 6832
f 6837 6832 6836
f 6860 6839 6838
f 6860 6838 6849
f 6859 6849 6848
f 6859 6860 6849
f 6858 6848 6847
f 6858 6859 6848
f 6857 6847 6846
f 6857 6858 6847
f 6856 6846 6845
f 6856 6857 6846
f 6855 6845 6844
f 6855 6856 6845
f 6854 6855 6844
f 6853 6844 6843
f 6853 6854 6844
f 6852 6843 6842
f 6852 6853 6843
f 6851 6842 6841
f 6851 6852 6842
f 6850 6841 6840
f 6850 6851 6841
f 6874 6861 6862
f 6874 6873 6861
f 6875 6862 6863
f 6875 6874 6862
f 6876 6863 6864
f 6876 6875 6863
f 6877 6864 6865
f 6877 6876 6864
f 6878 6865 6866
f 6878 6877 6865
f 6879 6866 6867
f 6879 6878 6866
f 6880 6867 6868
f 6880 6868 6869
f 6880 6879 6867
f 6881 6869 6870
f 6881 6880 6869
f 6872 6870 6871
f 6872 6881 6870
f 6894 6893 6909
f 6883 6902 6882
f 6910 6895 6894
f 6910 6894 6909
f 6911 6908 6907
f 6911 6909 6908
f 6911 6910 6909
f 6912 6907 6906
f 6912 6911 6907
f 6913 6896 6895
f 6913 6910 6911
f 6913 6895 6910
f 6914 6906 6905
f 6914 6912 6906
f 6915 6911 6912
f 6915 6913 6911
f 6916 6897 6896
f 6916 6898 6897
f 6916 6896 6913
f 6917 6905 6904
f 6917 6914 6905
f 6918 6915 6912
f 6918 6912 6914
f 6919 6916 6913
f 6919 6913 6915
f 6920 6903 6902
f 6920 6904 6903
f 6920 6917 6904
f 6921 6914 6917
f 6921 6918 6914
f 6922 6919 6915
f 6922 6915 6918
f 6923 6899 6898
f 6923 6898 6916
f 6923 6916 6919
f 6924 6883 6884
f 6924 6920 6902
f 6924 6902 6883
f 6925 6921 6917
f 6925 6917 6920
f 6926 6918 6921
f 6926 6922 6918
f 6927 6919 6922
f 6927 6923 6919
f 6928 6900 6899
f 6928 6899 6923
f 6929 6884 6885
f 6929 6925 6920
f 6929 6924 6884
f 6929 6920 6924
f 6930 6926 6921
f 6930 6921 6925
f 6931 6922 6926
f 6931 6927 6922
f 6932 6923 6927
f 6932 6928 6923
f 6933 6925 6929
f 6933 6930 6925
f 6934 6926 6930
f 6934 6931 6926
f 6935 6932 6927
f 6935 6927 6931
f 6936 6900 6928
f 6936 6901 6900
f 6936 6892 6901
f 6936 6928 6932
f 6937 6885 6886
f 6937 6886 6887
f 6937 6933 6929
f 6937 6929 6885
f 6938 6930 6933
f 6938 6934 6930
f 6939 6931 6934
f 6939 6935 6931
f 6940 6932 6935
f 6940 6936 6932
f 6940 6892 6936
f 6941 6887 6888
f 6941 6937 6887
f 6941 6933 6937
f 6941 6938 6933
f 6942 6939 6934
f 6942 6934 6938
f 6943 6892 6940
f 6943 6935 6939
f 6943 6940 6935
f 6944 6938 6941
f 6944 6942 6938
f 6945 6891 6892
f 6945 6943 6939
f 6945 6939 6942
f 6945 6892 6943
f 6946 6888 6889
f 6946 6944 6941
f 6946 6941 6888
f 6947 6891 6945
f 6947 6942 6944
f 6947 6945 6942
f 6948 6889 6890
f 6948 6890 6891
f 6948 6891 6947
f 6948 6946 6889
f 6948 6944 6946
f 6948 6947 6944
f 6970 6958 6957
f 6960 6977 6961
f 6978 6950 6949
f 6978 6951 6950
f 6979 6978 6949
f 6980 6979 6949
f 6981 6952 6951
f 6981 6951 6978
f 6981 6978 6979
f 6982 6949 6959
f 6982 6980 6949
f 6983 6981 6979
f 6983 6979 6980
f 6984 6953 6952
f 6984 6954 6953
f 6984 6952 6981
f 6985 6982 6959
f 6986 6983 6980
f 6986 6980 6982
f 6987 6984 6981
f 6987 6981 6983
f 6988 6959 6969
f 6988 6985 6959
f 6989 6986 6982
f 6989 6982 6985
f 6990 6983 6986
f 6990 6987 6983
f 6991 6955 6954
f 6991 6984 6987
f 6991 6954 6984
f 6992 6969 6968
f 6992 6988 6969
f 6993 6989 6985
f 6993 6985 6988
f 6994 6986 6989
f 6994 6990 6986
f 6995 6987 6990
f 6995 6991 6987
f 6996 6956 6955
f 6996 6955 6991
f 6997 6993 6988
f 6997 6967 6966
f 6997 6968 6967
f 6997 6992 6968
f 6997 6988 6992
f 6998 6994 6989
f 6998 6989 6993
f 6999 6990 6994
f 6999 6995 6990
f 7000 6991 6995
f 7000 6996 6991
f 7001 6998 6993
f 7001 6993 6997
f 7002 6999 6994
f 7002 6994 6998
f 7003 7000 6995
f 7003 6995 6999
f 7004 6957 6956
f 7004 6971 6970
f 7004 6996 7000
f 7004 6970 6957
f 7004 6956 6996
f 7005 6997 6966
f 7005 6966 6965
f 7005 7001 6997
f 7006 6998 7001
f 7006 7002 6998
f 7007 7003 6999
f 7007 6999 7002
f 7008 6972 6971
f 7008 7004 7000
f 7008 6971 7004
f 7008 7000 7003
f 7009 6965 6964
f 7009 7005 6965
f 7009 7001 7005
f 7009 7006 7001
f 7010 7007 7002
f 7010 7002 7006
f 7011 6972 7008
f 7011 6973 6972
f 7011 7003 7007
f 7011 7008 7003
f 7012 7010 7006
f 7012 7006 7009
f 7013 6974 6973
f 7013 6975 6974
f 7013 6973 7011
f 7013 7007 7010
f 7013 7011 7007
f 7014 6963 6962
f 7014 6964 6963
f 7014 7009 6964
f 7014 7012 7009
f 7015 6976 6975
f 7015 6975 7013
f 7015 7010 7012
f 7015 7013 7010
f 7016 6962 6961
f 7016 6977 6976
f 7016 7014 6962
f 7016 6976 7015
f 7016 7012 7014
f 7016 7015 7012
f 7016 6961 6977
f 7026 7027 7036
f 7025 7026 7036
f 7024 7036 7035
f 7024 7025 7036
f 7023 7035 7034
f 7023 7024 7035
f 7022 7034 7033
f 7022 7023 7034
f 7021 7033 7032
f 7021 7022 7033
f 7020 7031 7030
f 7020 7032 7031
f 7020 7021 7032
f 7019 7020 7030
f 7018 7030 7029
f 7018 7019 7030
f 7017 7029 7028
f 7017 7018 7029
f 7045 7046 7047
f 7045 7047 7056
f 7044 7056 7055
f 7044 7045 7056
f 7043 7055 7054
f 7043 7044 7055
f 7042 7054 7053
f 7042 7043 7054
f 7041 7053 7052
f 7041 7042 7053
f 7040 7052 7051
f 7040 7041 7052
f 7039 7051 7050
f 7039 7040 7051
f 7038 7050 7049
f 7038 7039 7050
f 7037 7049 7048
f 7037 7038 7049
f 7078 7068 7067
f 7081 7065 7066
f 7081 7066 7069
f 7082 7064 7065
f 7082 7065 7081
f 7083 7063 7064
f 7083 7064 7082
f 7084 7062 7063
f 7084 7063 7083
f 7085 7061 7062
f 7085 7062 7084
f 7086 7060 7061
f 7086 7061 7085
f 7087 7059 7060
f 7087 7060 7086
f 7088 7057 7058
f 7088 7058 7059
f 7088 7079 7057
f 7088 7059 7087
f 7089 7069 7068
f 7089 7081 7069
f 7089 7068 7078
f 7090 7078 7077
f 7090 7089 7078
f 7090 7083 7082
f 7090 7081 7089
f 7090 7082 7081
f 7091 7077 7076
f 7091 7090 7077
f 7091 7083 7090
f 7092 7075 7074
f 7092 7076 7075
f 7092 7083 7091
f 7092 7084 7083
f 7092 7091 7076
f 7093 7085 7084
f 7093 7084 7092
f 7093 7092 7074
f 7094 7074 7073
f 7094 7086 7085
f 7094 7087 7086
f 7094 7093 7074
f 7094 7085 7093
f 7095 7073 7072
f 7095 7087 7094
f 7095 7094 7073
f 7096 7071 7070
f 7096 7072 7071
f 7096 7080 7079
f 7096 7070 7080
f 7096 7079 7088
f 7096 7088 7087
f 7096 7095 7072
f 7096 7087 7095
f 7105 7106 7107
f 7123 7113 7114
f 7123 7114 7115
f 7124 7123 7115
f 7125 7124 7115
f 7126 7112 7113
f 7126 7123 7124
f 7126 7113 7123
f 7127 7125 7115
f 7128 7124 7125
f 7128 7126 7124
f 7129 7110 7111
f 7129 7111 7112
f 7129 7112 7126
f 7130 7115 7122
f 7130 7127 7115
f 7131 7128 7125
f 7131 7125 7127
f 7132 7126 7128
f 7132 7129 7126
f 7133 7122 7121
f 7133 7130 7122
f 7134 7127 7130
f 7134 7131 7127
f 7135 7128 7131
f 7135 7132 7128
f 7136 7109 7110
f 7136 7110 7129
f 7136 7129 7132
f 7137 7130 7133
f 7137 7134 7130
f 7138 7131 7134
f 7138 7135 7131
f 7139 7132 7135
f 7139 7136 7132
f 7140 7108 7109
f 7140 7109 7136
f 7141 7121 7120
f 7141 7133 7121
f 7141 7137 7133
f 7142 7134 7137
f 7142 7138 7134
f 7143 7135 7138
f 7143 7139 7135
f 7144 7140 7136
f 7144 7136 7139
f 7145 7137 7141
f 7145 7142 7137
f 7146 7138 7142
f 7146 7143 7138
f 7147 7144 7139
f 7147 7139 7143
f 7148 7104 7105
f 7148 7107 7108
f 7148 7140 7144
f 7148 7105 7107
f 7148 7108 7140
f 7149 7119 7118
f 7149 7120 7119
f 7149 7145 7141
f 7149 7141 7120
f 7150 7142 7145
f 7150 7146 7142
f 7151 7147 7143
f 7151 7143 7146
f 7152 7103 7104
f 7152 7148 7144
f 7152 7144 7147
f 7152 7104 7148
f 7153 7149 7118
f 7153 7118 7117
f 7153 7145 7149
f 7153 7150 7145
f 7154 7146 7150
f 7154 7151 7146
f 7155 7101 7102
f 7155 7102 7103
f 7155 7103 7152
f 7155 7152 7147
f 7155 7147 7151
f 7156 7154 7150
f 7156 7150 7153
f 7157 7100 7101
f 7157 7151 7154
f 7157 7101 7155
f 7157 7155 7151
f 7158 7117 7116
f 7158 7153 7117
f 7158 7156 7153
f 7159 7099 7100
f 7159 7100 7157
f 7159 7154 7156
f 7159 7157 7154
f 7160 7097 7098
f 7160 7098 7099
f 7160 7116 7097
f 7160 7099 7159
f 7160 7158 7116
f 7160 7156 7158
f 7160 7159 7156
f 7173 7171 7170
f 7174 7170 7169
f 7174 7173 7170
f 7175 7169 7168
f 7175 7174 7169
f 7176 7168 7167
f 7176 7175 7168
f 7177 7167 7166
f 7177 7176 7167
f 7178 7166 7165
f 7178 7177 7166
f 7179 7165 7164
f 7179 7178 7165
f 7180 7164 7163
f 7180 7179 7164
f 7181 7163 7162
f 7181 7180 7163
f 7172 7162 7161
f 7172 7181 7162
f 7210 7209 7208
f 7211 7193 7192
f 7211 7208 7207
f 7212 7194 7193
f 7213 7207 7206
f 7213 7212 7207
f 7213 7194 7212
f 7214 7206 7205
f 7214 7195 7194
f 7214 7215 7206
f 7214 7194 7215
f 7216 7196 7195
f 7216 7205 7204
f 7217 7216 7204
f 7217 7196 7216
f 7218 7182 7183
f 7218 7183 7184
f 7218 7184 7185
f 7218 7185 7186
f 7218 7186 7187
f 7218 7187 7188
f 7218 7188 7189
f 7218 7189 7190
f 7218 7190 7196
f 7218 7204 7182
f 7219 7198 7197
f 7219 7199 7198
f 7219 7197 7209
f 7220 7200 7199
f 7220 7199 7219
f 7220 7219 7209
f 7221 7200 7220
f 7221 7220 7209
f 7222 7192 7191
f 7222 7201 7200
f 7222 7202 7201
f 7222 7203 7202
f 7222 7191 7203
f 7222 7200 7221
f 7222 7210 7192
f 7222 7209 7210
f 7222 7221 7209
f 7223 7211 7192
f 7223 7208 7211
f 7223 7210 7208
f 7223 7192 7210
f 7224 7193 7211
f 7224 7211 7207
f 7224 7207 7212
f 7224 7212 7193
f 7225 7213 7206
f 7225 7194 7213
f 7225 7206 7215
f 7225 7215 7194
f 7226 7216 7195
f 7226 7205 7216
f 7226 7195 7214
f 7226 7214 7205
f 7227 7218 7196
f 7227 7196 7217
f 7227 7217 7204
f 7227 7204 7218
f 7257 7256 7255
f 7258 7259 7255
f 7258 7240 7259
f 7260 7246 7245
f 7260 7247 7246
f 7260 7245 7256
f 7261 7248 7247
f 7261 7260 7256
f 7261 7247 7260
f 7262 7248 7261
f 7262 7261 7256
f 7263 7239 7238
f 7263 7249 7248
f 7263 7250 7249
f 7263 7251 7250
f 7263 7238 7251
f 7263 7262 7256
f 7263 7248 7262
f 7264 7239 7263
f 7264 7257 7239
f 7264 7256 7257
f 7264 7263 7256
f 7265 7240 7239
f 7265 7239 7257
f 7266 7255 7259
f 7266 7259 7240
f 7266 7240 7265
f 7267 7255 7254
f 7267 7258 7255
f 7268 7241 7240
f 7268 7240 7258
f 7269 7241 7268
f 7269 7268 7270
f 7271 7254 7253
f 7272 7242 7241
f 7273 7271 7253
f 7273 7274 7271
f 7275 7242 7272
f 7275 7272 7274
f 7276 7253 7252
f 7276 7277 7253
f 7276 7278 7277
f 7279 7243 7242
f 7279 7242 7280
f 7279 7280 7278
f 7281 7282 7276
f 7281 7276 7252
f 7283 7279 7282
f 7283 7243 7279
f 7284 7244 7243
f 7284 7243 7285
f 7284 7285 7286
f 7287 7252 7228
f 7287 7288 7252
f 7289 7237 7244
f 7290 7255 7266
f 7290 7257 7255
f 7290 7265 7257
f 7290 7266 7265
f 7291 7258 7267
f 7291 7268 7258
f 7292 7293 7254
f 7292 7270 7293
f 7292 7254 7271
f 7292 7271 7294
f 7295 7241 7269
f 7295 7269 7294
f 7296 7241 7295
f 7296 7272 7241
f 7296 7294 7271
f 7296 7295 7294
f 7297 7271 7274
f 7297 7274 7272
f 7297 7296 7271
f 7297 7272 7296
f 7298 7274 7273
f 7298 7275 7274
f 7299 7275 7298
f 7299 7273 7253
f 7299 7298 7273
f 7299 7300 7275
f 7301 7299 7253
f 7301 7300 7299
f 7301 7253 7277
f 7301 7277 7300
f 7302 7275 7300
f 7302 7242 7275
f 7303 7242 7302
f 7303 7302 7300
f 7303 7300 7277
f 7303 7280 7242
f 7304 7303 7277
f 7304 7280 7303
f 7304 7277 7278
f 7304 7278 7280
f 7305 7276 7282
f 7305 7278 7276
f 7305 7282 7279
f 7305 7279 7278
f 7306 7283 7282
f 7306 7282 7281
f 7306 7307 7283
f 7308 7306 7281
f 7308 7307 7306
f 7308 7281 7252
f 7308 7252 7288
f 7308 7288 7307
f 7309 7243 7283
f 7309 7283 7307
f 7309 7285 7243
f 7310 7309 7307
f 7310 7285 7309
f 7310 7307 7288
f 7310 7288 7286
f 7310 7286 7285
f 7311 7286 7288
f 7311 7284 7286
f 7311 7288 7287
f 7312 7311 7287
f 7313 7287 7314
f 7315 7314 7316
f 7315 7316 7317
f 7315 7313 7314
f 7315 7317 7318
f 7315 7318 7319
f 7315 7319 7289
f 7320 7228 7229
f 7320 7229 7230
f 7320 7287 7228
f 7320 7314 7287
f 7321 7267 7254
f 7321 7254 7293
f 7321 7293 7270
f 7321 7291 7267
f 7322 7294 7269
f 7322 7269 7270
f 7322 7270 7292
f 7322 7292 7294
f 7323 7244 7284
f 7323 7284 7311
f 7323 7312 7244
f 7323 7311 7312
f 7324 7315 7289
f 7324 7244 7312
f 7324 7289 7244
f 7325 7314 7320
f 7326 7314 7325
f 7326 7316 7314
f 7326 7317 7316
f 7326 7325 7320
f 7326 7318 7317
f 7326 7319 7318
f 7326 7289 7319
f 7327 7230 7231
f 7327 7231 7232
f 7327 7232 7233
f 7327 7320 7230
f 7328 7233 7234
f 7328 7234 7235
f 7328 7235 7236
f 7328 7236 7237
f 7328 7326 7320
f 7328 7289 7326
f 7328 7237 7289
f 7328 7327 7233
f 7328 7320 7327
f 7329 7270 7268
f 7329 7321 7270
f 7329 7291 7321
f 7329 7268 7291
f 7330 7313 7315
f 7330 7315 7324
f 7330 7324 7312
f 7330 7287 7313
f 7330 7312 7287
f 7349 7331 7332
f 7362 7341 7340
f 7362 7361 7341
f 7339 7362 7340
f 7363 7334 7335
f 7364 7332 7333
f 7364 7333 7334
f 7364 7350 7349
f 7364 7351 7350
f 7364 7334 7363
f 7364 7349 7332
f 7365 7336 7337
f 7366 7335 7336
f 7366 7363 7335
f 7366 7336 7365
f 7367 7352 7351
f 7367 7364 7363
f 7367 7351 7364
f 7367 7363 7366
f 7368 7337 7338
f 7368 7338 7348
f 7368 7365 7337
f 7369 7366 7365
f 7369 7365 7368
f 7370 7353 7352
f 7370 7352 7367
f 7370 7367 7366
f 7370 7366 7369
f 7371 7348 7347
f 7371 7368 7348
f 7372 7368 7371
f 7372 7369 7368
f 7373 7354 7353
f 7373 7355 7354
f 7373 7353 7370
f 7373 7370 7369
f 7373 7369 7372
f 7374 7347 7346
f 7374 7371 7347
f 7375 7372 7371
f 7375 7371 7374
f 7376 7356 7355
f 7376 7373 7372
f 7376 7372 7375
f 7376 7355 7373
f 7377 7345 7344
f 7377 7346 7345
f 7377 7374 7346
f 7378 7374 7377
f 7378 7375 7374
f 7379 7376 7375
f 7379 7375 7378
f 7379 7357 7356
f 7379 7358 7357
f 7379 7356 7376
f 7380 7378 7377
f 7380 7344 7343
f 7380 7377 7344
f 7381 7378 7380
f 7381 7358 7379
f 7381 7359 7358
f 7381 7379 7378
f 7382 7343 7342
f 7382 7381 7380
f 7382 7359 7381
f 7382 7360 7359
f 7382 7380 7343
f 7383 7342 7341
f 7383 7382 7342
f 7383 7360 7382
f 7383 7361 7360
f 7383 7341 7361
f 7404 7394 7393
f 7405 7388 7389
f 7405 7389 7390
f 7405 7390 7391
f 7405 7391 7394
f 7406 7388 7405
f 7406 7405 7394
f 7407 7384 7385
f 7407 7385 7386
f 7407 7386 7387
f 7407 7387 7388
f 7407 7402 7384
f 7407 7404 7402
f 7407 7394 7404
f 7407 7388 7406
f 7407 7406 7394
f 7408 7403 7402
f 7408 7402 7404
f 7408 7404 7393
f 7408 7409 7403
f 7408 7393 7409
f 7410 7393 7392
f 7410 7399 7398
f 7410 7400 7399
f 7410 7401 7400
f 7410 7392 7401
f 7410 7403 7409
f 7410 7409 7393
f 7411 7410 7398
f 7411 7403 7410
f 7412 7396 7395
f 7412 7397 7396
f 7412 7398 7397
f 7412 7395 7403
f 7412 7411 7398
f 7412 7403 7411
f 7418 7436 7437
f 7419 7437 7438
f 7419 7438 7439
f 7419 7418 7437
f 7420 7439 7440
f 7420 7419 7439
f 7421 7440 7441
f 7421 7420 7440
f 7422 7441 7442
f 7422 7421 7441
f 7423 7442 7443
f 7423 7422 7442
f 7424 7423 7443
f 7425 7443 7444
f 7425 7424 7443
f 7426 7425 7444
f 7427 7426 7444
f 7428 7444 7445
f 7428 7427 7444
f 7429 7428 7445
f 7430 7445 7446
f 7430 7429 7445
f 7431 7430 7446
f 7432 7431 7446
f 7433 7446 7447
f 7433 7432 7446
f 7434 7433 7447
f 7435 7434 7447
f 7415 7435 7447
f 7415 7447 7448
f 7416 7415 7448
f 7416 7448 7449
f 7417 7416 7449
f 7417 7449 7450
f 7413 7417 7450
f 7413 7450 7414
f 7464 7476 7463
f 7481 7478 7477
f 7482 7477 7451
f 7482 7481 7477
f 7483 7482 7451
f 7484 7479 7478
f 7484 7480 7479
f 7484 7481 7482
f 7484 7478 7481
f 7485 7483 7451
f 7486 7484 7482
f 7486 7482 7483
f 7487 7466 7465
f 7487 7465 7480
f 7487 7480 7484
f 7488 7485 7451
f 7489 7468 7467
f 7489 7486 7483
f 7489 7483 7485
f 7489 7467 7486
f 7490 7467 7466
f 7490 7487 7484
f 7490 7466 7487
f 7490 7484 7486
f 7490 7486 7467
f 7491 7488 7451
f 7492 7489 7485
f 7492 7485 7488
f 7493 7451 7452
f 7493 7491 7451
f 7494 7492 7488
f 7494 7488 7491
f 7495 7469 7468
f 7495 7489 7492
f 7495 7468 7489
f 7496 7493 7452
f 7497 7491 7493
f 7497 7494 7491
f 7498 7495 7492
f 7498 7470 7469
f 7498 7469 7495
f 7498 7492 7494
f 7499 7496 7452
f 7500 7497 7493
f 7500 7493 7496
f 7501 7494 7497
f 7501 7470 7498
f 7501 7471 7470
f 7501 7498 7494
f 7502 7499 7452
f 7503 7500 7496
f 7503 7496 7499
f 7504 7497 7500
f 7504 7501 7497
f 7504 7471 7501
f 7505 7502 7452
f 7506 7503 7499
f 7506 7499 7502
f 7507 7500 7503
f 7507 7504 7500
f 7508 7452 7457
f 7508 7505 7452
f 7509 7502 7505
f 7509 7506 7502
f 7510 7503 7506
f 7510 7507 7503
f 7511 7504 7507
f 7511 7472 7471
f 7511 7473 7472
f 7511 7471 7504
f 7512 7457 7456
f 7512 7508 7457
f 7513 7505 7508
f 7513 7509 7505
f 7514 7510 7506
f 7514 7506 7509
f 7515 7511 7507
f 7515 7507 7510
f 7515 7473 7511
f 7516 7455 7454
f 7516 7456 7455
f 7516 7512 7456
f 7516 7508 7512
f 7516 7513 7508
f 7517 7509 7513
f 7517 7514 7509
f 7518 7510 7514
f 7518 7515 7510
f 7519 7474 7473
f 7519 7473 7515
f 7520 7513 7516
f 7520 7517 7513
f 7521 7518 7514
f 7521 7514 7517
f 7522 7475 7474
f 7522 7515 7518
f 7522 7519 7515
f 7522 7474 7519
f 7523 7454 7453
f 7523 7453 7458
f 7523 7516 7454
f 7523 7458 7520
f 7523 7520 7516
f 7524 7458 7459
f 7524 7459 7460
f 7524 7460 7521
f 7524 7520 7458
f 7524 7517 7520
f 7524 7521 7517
f 7525 7460 7461
f 7525 7461 7462
f 7525 7521 7460
f 7525 7518 7521
f 7525 7522 7518
f 7526 7462 7463
f 7526 7476 7475
f 7526 7525 7462
f 7526 7475 7522
f 7526 7463 7476
f 7526 7522 7525
f 7532 7553 7554
f 7533 7552 7553
f 7533 7553 7532
f 7531 7554 7555
f 7531 7555 7556
f 7531 7532 7554
f 7534 7551 7552
f 7534 7552 7533
f 7535 7550 7551
f 7535 7551 7534
f 7536 7550 7535
f 7530 7556 7557
f 7530 7531 7556
f 7537 7549 7550
f 7537 7550 7536
f 7538 7548 7549
f 7538 7549 7537
f 7529 7557 7558
f 7529 7530 7557
f 7539 7548 7538
f 7540 7547 7548
f 7540 7548 7539
f 7541 7547 7540
f 7528 7529 7558
f 7542 7546 7547
f 7542 7547 7541
f 7543 7546 7542
f 7544 7546 7543
f 7545 7546 7544
f 7527 7528 7558
