# generated by step_to_parts.py -- 4016 verts, 4040 tris
v -0.075725 -0.173410 0.120489
v -0.075725 -0.173410 0.112869
v -0.083925 -0.173410 0.112869
v -0.083862 -0.172698 0.112869
v -0.083677 -0.172007 0.112869
v -0.083375 -0.171360 0.112869
v -0.082965 -0.170774 0.112869
v -0.082460 -0.170269 0.112869
v -0.081875 -0.169859 0.112869
v -0.081227 -0.169557 0.112869
v -0.080537 -0.169372 0.112869
v -0.079825 -0.169310 0.112869
v -0.079113 -0.169372 0.112869
v -0.078422 -0.169557 0.112869
v -0.077775 -0.169859 0.112869
v -0.077189 -0.170269 0.112869
v -0.076684 -0.170774 0.112869
v -0.076274 -0.171360 0.112869
v -0.075972 -0.172007 0.112869
v -0.075787 -0.172698 0.112869
v -0.083925 -0.173410 0.120489
v -0.075787 -0.172698 0.120489
v -0.075972 -0.172007 0.120489
v -0.076274 -0.171360 0.120489
v -0.076684 -0.170774 0.120489
v -0.077189 -0.170269 0.120489
v -0.077775 -0.169859 0.120489
v -0.078422 -0.169557 0.120489
v -0.079113 -0.169372 0.120489
v -0.079825 -0.169310 0.120489
v -0.080537 -0.169372 0.120489
v -0.081227 -0.169557 0.120489
v -0.081875 -0.169859 0.120489
v -0.082460 -0.170269 0.120489
v -0.082965 -0.170774 0.120489
v -0.083375 -0.171360 0.120489
v -0.083677 -0.172007 0.120489
v -0.083862 -0.172698 0.120489
v -0.093505 -0.173410 0.120489
v -0.093505 -0.173410 0.112869
v -0.101705 -0.173410 0.112869
v -0.101642 -0.172698 0.112869
v -0.101457 -0.172007 0.112869
v -0.101155 -0.171360 0.112869
v -0.100745 -0.170774 0.112869
v -0.100240 -0.170269 0.112869
v -0.099655 -0.169859 0.112869
v -0.099007 -0.169557 0.112869
v -0.098317 -0.169372 0.112869
v -0.097605 -0.169310 0.112869
v -0.096893 -0.169372 0.112869
v -0.096202 -0.169557 0.112869
v -0.095555 -0.169859 0.112869
v -0.094969 -0.170269 0.112869
v -0.094464 -0.170774 0.112869
v -0.094054 -0.171360 0.112869
v -0.093752 -0.172007 0.112869
v -0.093567 -0.172698 0.112869
v -0.101705 -0.173410 0.120489
v -0.093567 -0.172698 0.120489
v -0.093752 -0.172007 0.120489
v -0.094054 -0.171360 0.120489
v -0.094464 -0.170774 0.120489
v -0.094969 -0.170269 0.120489
v -0.095555 -0.169859 0.120489
v -0.096202 -0.169557 0.120489
v -0.096893 -0.169372 0.120489
v -0.097605 -0.169310 0.120489
v -0.098317 -0.169372 0.120489
v -0.099007 -0.169557 0.120489
v -0.099655 -0.169859 0.120489
v -0.100240 -0.170269 0.120489
v -0.100745 -0.170774 0.120489
v -0.101155 -0.171360 0.120489
v -0.101457 -0.172007 0.120489
v -0.101642 -0.172698 0.120489
v -0.111285 -0.173410 0.120489
v -0.111285 -0.173410 0.112869
v -0.119485 -0.173410 0.112869
v -0.119422 -0.172698 0.112869
v -0.119237 -0.172007 0.112869
v -0.118935 -0.171360 0.112869
v -0.118525 -0.170774 0.112869
v -0.118020 -0.170269 0.112869
v -0.117435 -0.169859 0.112869
v -0.116787 -0.169557 0.112869
v -0.116097 -0.169372 0.112869
v -0.115385 -0.169310 0.112869
v -0.114673 -0.169372 0.112869
v -0.113982 -0.169557 0.112869
v -0.113335 -0.169859 0.112869
v -0.112749 -0.170269 0.112869
v -0.112244 -0.170774 0.112869
v -0.111834 -0.171360 0.112869
v -0.111532 -0.172007 0.112869
v -0.111347 -0.172698 0.112869
v -0.119485 -0.173410 0.120489
v -0.111347 -0.172698 0.120489
v -0.111532 -0.172007 0.120489
v -0.111834 -0.171360 0.120489
v -0.112244 -0.170774 0.120489
v -0.112749 -0.170269 0.120489
v -0.113335 -0.169859 0.120489
v -0.113982 -0.169557 0.120489
v -0.114673 -0.169372 0.120489
v -0.115385 -0.169310 0.120489
v -0.116097 -0.169372 0.120489
v -0.116787 -0.169557 0.120489
v -0.117435 -0.169859 0.120489
v -0.118020 -0.170269 0.120489
v -0.118525 -0.170774 0.120489
v -0.118935 -0.171360 0.120489
v -0.119237 -0.172007 0.120489
v -0.119422 -0.172698 0.120489
v -0.057945 -0.173410 0.120489
v -0.057945 -0.173410 0.112869
v -0.066145 -0.173410 0.112869
v -0.066082 -0.172698 0.112869
v -0.065897 -0.172007 0.112869
v -0.065595 -0.171360 0.112869
v -0.065185 -0.170774 0.112869
v -0.064680 -0.170269 0.112869
v -0.064095 -0.169859 0.112869
v -0.063447 -0.169557 0.112869
v -0.062757 -0.169372 0.112869
v -0.062045 -0.169310 0.112869
v -0.061333 -0.169372 0.112869
v -0.060642 -0.169557 0.112869
v -0.059995 -0.169859 0.112869
v -0.059409 -0.170269 0.112869
v -0.058904 -0.170774 0.112869
v -0.058494 -0.171360 0.112869
v -0.058192 -0.172007 0.112869
v -0.058007 -0.172698 0.112869
v -0.066145 -0.173410 0.120489
v -0.058007 -0.172698 0.120489
v -0.058192 -0.172007 0.120489
v -0.058494 -0.171360 0.120489
v -0.058904 -0.170774 0.120489
v -0.059409 -0.170269 0.120489
v -0.059995 -0.169859 0.120489
v -0.060642 -0.169557 0.120489
v -0.061333 -0.169372 0.120489
v -0.062045 -0.169310 0.120489
v -0.062757 -0.169372 0.120489
v -0.063447 -0.169557 0.120489
v -0.064095 -0.169859 0.120489
v -0.064680 -0.170269 0.120489
v -0.065185 -0.170774 0.120489
v -0.065595 -0.171360 0.120489
v -0.065897 -0.172007 0.120489
v -0.066082 -0.172698 0.120489
v -0.040165 -0.173410 0.120489
v -0.040165 -0.173410 0.112869
v -0.048365 -0.173410 0.112869
v -0.048302 -0.172698 0.112869
v -0.048117 -0.172007 0.112869
v -0.047815 -0.171360 0.112869
v -0.047405 -0.170774 0.112869
v -0.046900 -0.170269 0.112869
v -0.046315 -0.169859 0.112869
v -0.045667 -0.169557 0.112869
v -0.044977 -0.169372 0.112869
v -0.044265 -0.169310 0.112869
v -0.043553 -0.169372 0.112869
v -0.042862 -0.169557 0.112869
v -0.042215 -0.169859 0.112869
v -0.041629 -0.170269 0.112869
v -0.041124 -0.170774 0.112869
v -0.040714 -0.171360 0.112869
v -0.040412 -0.172007 0.112869
v -0.040227 -0.172698 0.112869
v -0.048365 -0.173410 0.120489
v -0.040227 -0.172698 0.120489
v -0.040412 -0.172007 0.120489
v -0.040714 -0.171360 0.120489
v -0.041124 -0.170774 0.120489
v -0.041629 -0.170269 0.120489
v -0.042215 -0.169859 0.120489
v -0.042862 -0.169557 0.120489
v -0.043553 -0.169372 0.120489
v -0.044265 -0.169310 0.120489
v -0.044977 -0.169372 0.120489
v -0.045667 -0.169557 0.120489
v -0.046315 -0.169859 0.120489
v -0.046900 -0.170269 0.120489
v -0.047405 -0.170774 0.120489
v -0.047815 -0.171360 0.120489
v -0.048117 -0.172007 0.120489
v -0.048302 -0.172698 0.120489
v -0.022385 -0.173410 0.120489
v -0.022385 -0.173410 0.112869
v -0.030585 -0.173410 0.112869
v -0.030522 -0.172698 0.112869
v -0.030337 -0.172007 0.112869
v -0.030035 -0.171360 0.112869
v -0.029625 -0.170774 0.112869
v -0.029120 -0.170269 0.112869
v -0.028535 -0.169859 0.112869
v -0.027887 -0.169557 0.112869
v -0.027197 -0.169372 0.112869
v -0.026485 -0.169310 0.112869
v -0.025773 -0.169372 0.112869
v -0.025082 -0.169557 0.112869
v -0.024435 -0.169859 0.112869
v -0.023849 -0.170269 0.112869
v -0.023344 -0.170774 0.112869
v -0.022934 -0.171360 0.112869
v -0.022632 -0.172007 0.112869
v -0.022447 -0.172698 0.112869
v -0.030585 -0.173410 0.120489
v -0.022447 -0.172698 0.120489
v -0.022632 -0.172007 0.120489
v -0.022934 -0.171360 0.120489
v -0.023344 -0.170774 0.120489
v -0.023849 -0.170269 0.120489
v -0.024435 -0.169859 0.120489
v -0.025082 -0.169557 0.120489
v -0.025773 -0.169372 0.120489
v -0.026485 -0.169310 0.120489
v -0.027197 -0.169372 0.120489
v -0.027887 -0.169557 0.120489
v -0.028535 -0.169859 0.120489
v -0.029120 -0.170269 0.120489
v -0.029625 -0.170774 0.120489
v -0.030035 -0.171360 0.120489
v -0.030337 -0.172007 0.120489
v -0.030522 -0.172698 0.120489
v -0.004605 -0.173410 0.120489
v -0.004605 -0.173410 0.112869
v -0.012805 -0.173410 0.112869
v -0.012742 -0.172698 0.112869
v -0.012557 -0.172007 0.112869
v -0.012255 -0.171360 0.112869
v -0.011845 -0.170774 0.112869
v -0.011340 -0.170269 0.112869
v -0.010755 -0.169859 0.112869
v -0.010107 -0.169557 0.112869
v -0.009417 -0.169372 0.112869
v -0.008705 -0.169310 0.112869
v -0.007993 -0.169372 0.112869
v -0.007302 -0.169557 0.112869
v -0.006655 -0.169859 0.112869
v -0.006069 -0.170269 0.112869
v -0.005564 -0.170774 0.112869
v -0.005154 -0.171360 0.112869
v -0.004852 -0.172007 0.112869
v -0.004667 -0.172698 0.112869
v -0.012805 -0.173410 0.120489
v -0.004667 -0.172698 0.120489
v -0.004852 -0.172007 0.120489
v -0.005154 -0.171360 0.120489
v -0.005564 -0.170774 0.120489
v -0.006069 -0.170269 0.120489
v -0.006655 -0.169859 0.120489
v -0.007302 -0.169557 0.120489
v -0.007993 -0.169372 0.120489
v -0.008705 -0.169310 0.120489
v -0.009417 -0.169372 0.120489
v -0.010107 -0.169557 0.120489
v -0.010755 -0.169859 0.120489
v -0.011340 -0.170269 0.120489
v -0.011845 -0.170774 0.120489
v -0.012255 -0.171360 0.120489
v -0.012557 -0.172007 0.120489
v -0.012742 -0.172698 0.120489
v -0.031275 -0.136580 0.120489
v -0.031275 -0.136580 0.112869
v -0.039475 -0.136580 0.112869
v -0.039412 -0.135868 0.112869
v -0.039227 -0.135177 0.112869
v -0.038925 -0.134530 0.112869
v -0.038515 -0.133944 0.112869
v -0.038010 -0.133439 0.112869
v -0.037425 -0.133029 0.112869
v -0.036777 -0.132727 0.112869
v -0.036087 -0.132542 0.112869
v -0.035375 -0.132480 0.112869
v -0.034663 -0.132542 0.112869
v -0.033972 -0.132727 0.112869
v -0.033325 -0.133029 0.112869
v -0.032739 -0.133439 0.112869
v -0.032234 -0.133944 0.112869
v -0.031824 -0.134530 0.112869
v -0.031522 -0.135177 0.112869
v -0.031337 -0.135868 0.112869
v -0.039475 -0.136580 0.120489
v -0.031337 -0.135868 0.120489
v -0.031522 -0.135177 0.120489
v -0.031824 -0.134530 0.120489
v -0.032234 -0.133944 0.120489
v -0.032739 -0.133439 0.120489
v -0.033325 -0.133029 0.120489
v -0.033972 -0.132727 0.120489
v -0.034663 -0.132542 0.120489
v -0.035375 -0.132480 0.120489
v -0.036087 -0.132542 0.120489
v -0.036777 -0.132727 0.120489
v -0.037425 -0.133029 0.120489
v -0.038010 -0.133439 0.120489
v -0.038515 -0.133944 0.120489
v -0.038925 -0.134530 0.120489
v -0.039227 -0.135177 0.120489
v -0.039412 -0.135868 0.120489
v -0.049055 -0.136580 0.120489
v -0.049055 -0.136580 0.112869
v -0.057255 -0.136580 0.112869
v -0.057192 -0.135868 0.112869
v -0.057007 -0.135177 0.112869
v -0.056705 -0.134530 0.112869
v -0.056295 -0.133944 0.112869
v -0.055790 -0.133439 0.112869
v -0.055205 -0.133029 0.112869
v -0.054557 -0.132727 0.112869
v -0.053867 -0.132542 0.112869
v -0.053155 -0.132480 0.112869
v -0.052443 -0.132542 0.112869
v -0.051752 -0.132727 0.112869
v -0.051105 -0.133029 0.112869
v -0.050519 -0.133439 0.112869
v -0.050014 -0.133944 0.112869
v -0.049604 -0.134530 0.112869
v -0.049302 -0.135177 0.112869
v -0.049117 -0.135868 0.112869
v -0.057255 -0.136580 0.120489
v -0.049117 -0.135868 0.120489
v -0.049302 -0.135177 0.120489
v -0.049604 -0.134530 0.120489
v -0.050014 -0.133944 0.120489
v -0.050519 -0.133439 0.120489
v -0.051105 -0.133029 0.120489
v -0.051752 -0.132727 0.120489
v -0.052443 -0.132542 0.120489
v -0.053155 -0.132480 0.120489
v -0.053867 -0.132542 0.120489
v -0.054557 -0.132727 0.120489
v -0.055205 -0.133029 0.120489
v -0.055790 -0.133439 0.120489
v -0.056295 -0.133944 0.120489
v -0.056705 -0.134530 0.120489
v -0.057007 -0.135177 0.120489
v -0.057192 -0.135868 0.120489
v -0.066835 -0.136580 0.120489
v -0.066835 -0.136580 0.112869
v -0.075035 -0.136580 0.112869
v -0.074972 -0.135868 0.112869
v -0.074787 -0.135177 0.112869
v -0.074485 -0.134530 0.112869
v -0.074075 -0.133944 0.112869
v -0.073570 -0.133439 0.112869
v -0.072985 -0.133029 0.112869
v -0.072337 -0.132727 0.112869
v -0.071647 -0.132542 0.112869
v -0.070935 -0.132480 0.112869
v -0.070223 -0.132542 0.112869
v -0.069532 -0.132727 0.112869
v -0.068885 -0.133029 0.112869
v -0.068299 -0.133439 0.112869
v -0.067794 -0.133944 0.112869
v -0.067384 -0.134530 0.112869
v -0.067082 -0.135177 0.112869
v -0.066897 -0.135868 0.112869
v -0.075035 -0.136580 0.120489
v -0.066897 -0.135868 0.120489
v -0.067082 -0.135177 0.120489
v -0.067384 -0.134530 0.120489
v -0.067794 -0.133944 0.120489
v -0.068299 -0.133439 0.120489
v -0.068885 -0.133029 0.120489
v -0.069532 -0.132727 0.120489
v -0.070223 -0.132542 0.120489
v -0.070935 -0.132480 0.120489
v -0.071647 -0.132542 0.120489
v -0.072337 -0.132727 0.120489
v -0.072985 -0.133029 0.120489
v -0.073570 -0.133439 0.120489
v -0.074075 -0.133944 0.120489
v -0.074485 -0.134530 0.120489
v -0.074787 -0.135177 0.120489
v -0.074972 -0.135868 0.120489
v -0.084615 -0.136580 0.120489
v -0.084615 -0.136580 0.112869
v -0.092815 -0.136580 0.112869
v -0.092752 -0.135868 0.112869
v -0.092567 -0.135177 0.112869
v -0.092265 -0.134530 0.112869
v -0.091855 -0.133944 0.112869
v -0.091350 -0.133439 0.112869
v -0.090765 -0.133029 0.112869
v -0.090117 -0.132727 0.112869
v -0.089427 -0.132542 0.112869
v -0.088715 -0.132480 0.112869
v -0.088003 -0.132542 0.112869
v -0.087312 -0.132727 0.112869
v -0.086665 -0.133029 0.112869
v -0.086079 -0.133439 0.112869
v -0.085574 -0.133944 0.112869
v -0.085164 -0.134530 0.112869
v -0.084862 -0.135177 0.112869
v -0.084677 -0.135868 0.112869
v -0.092815 -0.136580 0.120489
v -0.084677 -0.135868 0.120489
v -0.084862 -0.135177 0.120489
v -0.085164 -0.134530 0.120489
v -0.085574 -0.133944 0.120489
v -0.086079 -0.133439 0.120489
v -0.086665 -0.133029 0.120489
v -0.087312 -0.132727 0.120489
v -0.088003 -0.132542 0.120489
v -0.088715 -0.132480 0.120489
v -0.089427 -0.132542 0.120489
v -0.090117 -0.132727 0.120489
v -0.090765 -0.133029 0.120489
v -0.091350 -0.133439 0.120489
v -0.091855 -0.133944 0.120489
v -0.092265 -0.134530 0.120489
v -0.092567 -0.135177 0.120489
v -0.092752 -0.135868 0.120489
v -0.102395 -0.136580 0.120489
v -0.102395 -0.136580 0.112869
v -0.110595 -0.136580 0.112869
v -0.110532 -0.135868 0.112869
v -0.110347 -0.135177 0.112869
v -0.110045 -0.134530 0.112869
v -0.109635 -0.133944 0.112869
v -0.109130 -0.133439 0.112869
v -0.108545 -0.133029 0.112869
v -0.107897 -0.132727 0.112869
v -0.107207 -0.132542 0.112869
v -0.106495 -0.132480 0.112869
v -0.105783 -0.132542 0.112869
v -0.105092 -0.132727 0.112869
v -0.104445 -0.133029 0.112869
v -0.103859 -0.133439 0.112869
v -0.103354 -0.133944 0.112869
v -0.102944 -0.134530 0.112869
v -0.102642 -0.135177 0.112869
v -0.102457 -0.135868 0.112869
v -0.110595 -0.136580 0.120489
v -0.102457 -0.135868 0.120489
v -0.102642 -0.135177 0.120489
v -0.102944 -0.134530 0.120489
v -0.103354 -0.133944 0.120489
v -0.103859 -0.133439 0.120489
v -0.104445 -0.133029 0.120489
v -0.105092 -0.132727 0.120489
v -0.105783 -0.132542 0.120489
v -0.106495 -0.132480 0.120489
v -0.107207 -0.132542 0.120489
v -0.107897 -0.132727 0.120489
v -0.108545 -0.133029 0.120489
v -0.109130 -0.133439 0.120489
v -0.109635 -0.133944 0.120489
v -0.110045 -0.134530 0.120489
v -0.110347 -0.135177 0.120489
v -0.110532 -0.135868 0.120489
v -0.120175 -0.136580 0.120489
v -0.120175 -0.136580 0.112869
v -0.128375 -0.136580 0.112869
v -0.128312 -0.135868 0.112869
v -0.128127 -0.135177 0.112869
v -0.127825 -0.134530 0.112869
v -0.127415 -0.133944 0.112869
v -0.126910 -0.133439 0.112869
v -0.126325 -0.133029 0.112869
v -0.125677 -0.132727 0.112869
v -0.124987 -0.132542 0.112869
v -0.124275 -0.132480 0.112869
v -0.123563 -0.132542 0.112869
v -0.122872 -0.132727 0.112869
v -0.122225 -0.133029 0.112869
v -0.121639 -0.133439 0.112869
v -0.121134 -0.133944 0.112869
v -0.120724 -0.134530 0.112869
v -0.120422 -0.135177 0.112869
v -0.120237 -0.135868 0.112869
v -0.128375 -0.136580 0.120489
v -0.120237 -0.135868 0.120489
v -0.120422 -0.135177 0.120489
v -0.120724 -0.134530 0.120489
v -0.121134 -0.133944 0.120489
v -0.121639 -0.133439 0.120489
v -0.122225 -0.133029 0.120489
v -0.122872 -0.132727 0.120489
v -0.123563 -0.132542 0.120489
v -0.124275 -0.132480 0.120489
v -0.124987 -0.132542 0.120489
v -0.125677 -0.132727 0.120489
v -0.126325 -0.133029 0.120489
v -0.126910 -0.133439 0.120489
v -0.127415 -0.133944 0.120489
v -0.127825 -0.134530 0.120489
v -0.128127 -0.135177 0.120489
v -0.128312 -0.135868 0.120489
v -0.013495 -0.136580 0.120489
v -0.013495 -0.136580 0.112869
v -0.021695 -0.136580 0.112869
v -0.021632 -0.135868 0.112869
v -0.021447 -0.135177 0.112869
v -0.021145 -0.134530 0.112869
v -0.020735 -0.133944 0.112869
v -0.020230 -0.133439 0.112869
v -0.019645 -0.133029 0.112869
v -0.018997 -0.132727 0.112869
v -0.018307 -0.132542 0.112869
v -0.017595 -0.132480 0.112869
v -0.016883 -0.132542 0.112869
v -0.016192 -0.132727 0.112869
v -0.015545 -0.133029 0.112869
v -0.014959 -0.133439 0.112869
v -0.014454 -0.133944 0.112869
v -0.014044 -0.134530 0.112869
v -0.013742 -0.135177 0.112869
v -0.013557 -0.135868 0.112869
v -0.021695 -0.136580 0.120489
v -0.013557 -0.135868 0.120489
v -0.013742 -0.135177 0.120489
v -0.014044 -0.134530 0.120489
v -0.014454 -0.133944 0.120489
v -0.014959 -0.133439 0.120489
v -0.015545 -0.133029 0.120489
v -0.016192 -0.132727 0.120489
v -0.016883 -0.132542 0.120489
v -0.017595 -0.132480 0.120489
v -0.018307 -0.132542 0.120489
v -0.018997 -0.132727 0.120489
v -0.019645 -0.133029 0.120489
v -0.020230 -0.133439 0.120489
v -0.020735 -0.133944 0.120489
v -0.021145 -0.134530 0.120489
v -0.021447 -0.135177 0.120489
v -0.021632 -0.135868 0.120489
v -0.152215 -0.181865 0.096944
v -0.152215 -0.194365 0.096944
v -0.151672 -0.194365 0.096897
v -0.151146 -0.194365 0.096756
v -0.150652 -0.194365 0.096525
v -0.150206 -0.194365 0.096213
v -0.149821 -0.194365 0.095828
v -0.149508 -0.194365 0.095382
v -0.149278 -0.194365 0.094888
v -0.149137 -0.194365 0.094362
v -0.149090 -0.194365 0.093819
v -0.149137 -0.194365 0.093277
v -0.149278 -0.194365 0.092750
v -0.149508 -0.194365 0.092257
v -0.149821 -0.194365 0.091810
v -0.150206 -0.194365 0.091425
v -0.150652 -0.194365 0.091113
v -0.151146 -0.194365 0.090883
v -0.151672 -0.194365 0.090742
v -0.152215 -0.194365 0.090694
v -0.152215 -0.181865 0.090694
v -0.151672 -0.181865 0.096897
v -0.151146 -0.181865 0.096756
v -0.150652 -0.181865 0.096525
v -0.150206 -0.181865 0.096213
v -0.149821 -0.181865 0.095828
v -0.149508 -0.181865 0.095382
v -0.149278 -0.181865 0.094888
v -0.149137 -0.181865 0.094362
v -0.149090 -0.181865 0.093819
v -0.149137 -0.181865 0.093277
v -0.149278 -0.181865 0.092750
v -0.149508 -0.181865 0.092257
v -0.149821 -0.181865 0.091810
v -0.150206 -0.181865 0.091425
v -0.150652 -0.181865 0.091113
v -0.151146 -0.181865 0.090883
v -0.151672 -0.181865 0.090742
v -0.164915 -0.181865 0.096944
v -0.164915 -0.194365 0.096944
v -0.164372 -0.194365 0.096897
v -0.163846 -0.194365 0.096756
v -0.163352 -0.194365 0.096525
v -0.162906 -0.194365 0.096213
v -0.162521 -0.194365 0.095828
v -0.162208 -0.194365 0.095382
v -0.161978 -0.194365 0.094888
v -0.161837 -0.194365 0.094362
v -0.161790 -0.194365 0.093819
v -0.161837 -0.194365 0.093277
v -0.161978 -0.194365 0.092750
v -0.162208 -0.194365 0.092257
v -0.162521 -0.194365 0.091810
v -0.162906 -0.194365 0.091425
v -0.163352 -0.194365 0.091113
v -0.163846 -0.194365 0.090883
v -0.164372 -0.194365 0.090742
v -0.164915 -0.194365 0.090694
v -0.164915 -0.181865 0.090694
v -0.164372 -0.181865 0.096897
v -0.163846 -0.181865 0.096756
v -0.163352 -0.181865 0.096525
v -0.162906 -0.181865 0.096213
v -0.162521 -0.181865 0.095828
v -0.162208 -0.181865 0.095382
v -0.161978 -0.181865 0.094888
v -0.161837 -0.181865 0.094362
v -0.161790 -0.181865 0.093819
v -0.161837 -0.181865 0.093277
v -0.161978 -0.181865 0.092750
v -0.162208 -0.181865 0.092257
v -0.162521 -0.181865 0.091810
v -0.162906 -0.181865 0.091425
v -0.163352 -0.181865 0.091113
v -0.163846 -0.181865 0.090883
v -0.164372 -0.181865 0.090742
v -0.164915 -0.181865 0.074084
v -0.164915 -0.194365 0.074084
v -0.164372 -0.194365 0.074037
v -0.163846 -0.194365 0.073896
v -0.163352 -0.194365 0.073665
v -0.162906 -0.194365 0.073353
v -0.162521 -0.194365 0.072968
v -0.162208 -0.194365 0.072522
v -0.161978 -0.194365 0.072028
v -0.161837 -0.194365 0.071502
v -0.161790 -0.194365 0.070959
v -0.161837 -0.194365 0.070417
v -0.161978 -0.194365 0.069890
v -0.162208 -0.194365 0.069397
v -0.162521 -0.194365 0.068950
v -0.162906 -0.194365 0.068565
v -0.163352 -0.194365 0.068253
v -0.163846 -0.194365 0.068023
v -0.164372 -0.194365 0.067882
v -0.164915 -0.194365 0.067834
v -0.164915 -0.181865 0.067834
v -0.164372 -0.181865 0.074037
v -0.163846 -0.181865 0.073896
v -0.163352 -0.181865 0.073665
v -0.162906 -0.181865 0.073353
v -0.162521 -0.181865 0.072968
v -0.162208 -0.181865 0.072522
v -0.161978 -0.181865 0.072028
v -0.161837 -0.181865 0.071502
v -0.161790 -0.181865 0.070959
v -0.161837 -0.181865 0.070417
v -0.161978 -0.181865 0.069890
v -0.162208 -0.181865 0.069397
v -0.162521 -0.181865 0.068950
v -0.162906 -0.181865 0.068565
v -0.163352 -0.181865 0.068253
v -0.163846 -0.181865 0.068023
v -0.164372 -0.181865 0.067882
v -0.152215 -0.181865 0.074109
v -0.152215 -0.194365 0.074109
v -0.151668 -0.194365 0.074061
v -0.151137 -0.194365 0.073919
v -0.150640 -0.194365 0.073687
v -0.150190 -0.194365 0.073372
v -0.149802 -0.194365 0.072984
v -0.149487 -0.194365 0.072534
v -0.149255 -0.194365 0.072037
v -0.149112 -0.194365 0.071506
v -0.149065 -0.194365 0.070959
v -0.149112 -0.194365 0.070412
v -0.149255 -0.194365 0.069882
v -0.149487 -0.194365 0.069384
v -0.149802 -0.194365 0.068934
v -0.150190 -0.194365 0.068546
v -0.150640 -0.194365 0.068231
v -0.151137 -0.194365 0.067999
v -0.151668 -0.194365 0.067857
v -0.152215 -0.194365 0.067809
v -0.152215 -0.181865 0.067809
v -0.151668 -0.181865 0.074061
v -0.151137 -0.181865 0.073919
v -0.150640 -0.181865 0.073687
v -0.150190 -0.181865 0.073372
v -0.149802 -0.181865 0.072984
v -0.149487 -0.181865 0.072534
v -0.149255 -0.181865 0.072037
v -0.149112 -0.181865 0.071506
v -0.149065 -0.181865 0.070959
v -0.149112 -0.181865 0.070412
v -0.149255 -0.181865 0.069882
v -0.149487 -0.181865 0.069384
v -0.149802 -0.181865 0.068934
v -0.150190 -0.181865 0.068546
v -0.150640 -0.181865 0.068231
v -0.151137 -0.181865 0.067999
v -0.151668 -0.181865 0.067857
v -0.164915 -0.128125 0.067834
v -0.164915 -0.115625 0.067834
v -0.164915 -0.115625 0.074084
v -0.164372 -0.115625 0.074037
v -0.163846 -0.115625 0.073896
v -0.163352 -0.115625 0.073665
v -0.162906 -0.115625 0.073353
v -0.162521 -0.115625 0.072968
v -0.162208 -0.115625 0.072522
v -0.161978 -0.115625 0.072028
v -0.161837 -0.115625 0.071502
v -0.161790 -0.115625 0.070959
v -0.161837 -0.115625 0.070417
v -0.161978 -0.115625 0.069890
v -0.162208 -0.115625 0.069397
v -0.162521 -0.115625 0.068950
v -0.162906 -0.115625 0.068565
v -0.163352 -0.115625 0.068253
v -0.163846 -0.115625 0.068023
v -0.164372 -0.115625 0.067882
v -0.164915 -0.128125 0.074084
v -0.164372 -0.128125 0.074037
v -0.163846 -0.128125 0.073896
v -0.163352 -0.128125 0.073665
v -0.162906 -0.128125 0.073353
v -0.162521 -0.128125 0.072968
v -0.162208 -0.128125 0.072522
v -0.161978 -0.128125 0.072028
v -0.161837 -0.128125 0.071502
v -0.161790 -0.128125 0.070959
v -0.161837 -0.128125 0.070417
v -0.161978 -0.128125 0.069890
v -0.162208 -0.128125 0.069397
v -0.162521 -0.128125 0.068950
v -0.162906 -0.128125 0.068565
v -0.163352 -0.128125 0.068253
v -0.163846 -0.128125 0.068023
v -0.164372 -0.128125 0.067882
v -0.152215 -0.128125 0.067809
v -0.152215 -0.115625 0.067809
v -0.152215 -0.115625 0.074109
v -0.151668 -0.115625 0.074061
v -0.151137 -0.115625 0.073919
v -0.150640 -0.115625 0.073687
v -0.150190 -0.115625 0.073372
v -0.149802 -0.115625 0.072984
v -0.149487 -0.115625 0.072534
v -0.149255 -0.115625 0.072037
v -0.149112 -0.115625 0.071506
v -0.149065 -0.115625 0.070959
v -0.149112 -0.115625 0.070412
v -0.149255 -0.115625 0.069882
v -0.149487 -0.115625 0.069384
v -0.149802 -0.115625 0.068934
v -0.150190 -0.115625 0.068546
v -0.150640 -0.115625 0.068231
v -0.151137 -0.115625 0.067999
v -0.151668 -0.115625 0.067857
v -0.152215 -0.128125 0.074109
v -0.151668 -0.128125 0.074061
v -0.151137 -0.128125 0.073919
v -0.150640 -0.128125 0.073687
v -0.150190 -0.128125 0.073372
v -0.149802 -0.128125 0.072984
v -0.149487 -0.128125 0.072534
v -0.149255 -0.128125 0.072037
v -0.149112 -0.128125 0.071506
v -0.149065 -0.128125 0.070959
v -0.149112 -0.128125 0.070412
v -0.149255 -0.128125 0.069882
v -0.149487 -0.128125 0.069384
v -0.149802 -0.128125 0.068934
v -0.150190 -0.128125 0.068546
v -0.150640 -0.128125 0.068231
v -0.151137 -0.128125 0.067999
v -0.151668 -0.128125 0.067857
v -0.152215 -0.128125 0.090694
v -0.152215 -0.115625 0.090694
v -0.152215 -0.115625 0.096944
v -0.151672 -0.115625 0.096897
v -0.151146 -0.115625 0.096756
v -0.150652 -0.115625 0.096525
v -0.150206 -0.115625 0.096213
v -0.149821 -0.115625 0.095828
v -0.149508 -0.115625 0.095382
v -0.149278 -0.115625 0.094888
v -0.149137 -0.115625 0.094362
v -0.149090 -0.115625 0.093819
v -0.149137 -0.115625 0.093277
v -0.149278 -0.115625 0.092750
v -0.149508 -0.115625 0.092257
v -0.149821 -0.115625 0.091810
v -0.150206 -0.115625 0.091425
v -0.150652 -0.115625 0.091113
v -0.151146 -0.115625 0.090883
v -0.151672 -0.115625 0.090742
v -0.152215 -0.128125 0.096944
v -0.151672 -0.128125 0.096897
v -0.151146 -0.128125 0.096756
v -0.150652 -0.128125 0.096525
v -0.150206 -0.128125 0.096213
v -0.149821 -0.128125 0.095828
v -0.149508 -0.128125 0.095382
v -0.149278 -0.128125 0.094888
v -0.149137 -0.128125 0.094362
v -0.149090 -0.128125 0.093819
v -0.149137 -0.128125 0.093277
v -0.149278 -0.128125 0.092750
v -0.149508 -0.128125 0.092257
v -0.149821 -0.128125 0.091810
v -0.150206 -0.128125 0.091425
v -0.150652 -0.128125 0.091113
v -0.151146 -0.128125 0.090883
v -0.151672 -0.128125 0.090742
v -0.164915 -0.128125 0.090694
v -0.164915 -0.115625 0.090694
v -0.164915 -0.115625 0.096944
v -0.164372 -0.115625 0.096897
v -0.163846 -0.115625 0.096756
v -0.163352 -0.115625 0.096525
v -0.162906 -0.115625 0.096213
v -0.162521 -0.115625 0.095828
v -0.162208 -0.115625 0.095382
v -0.161978 -0.115625 0.094888
v -0.161837 -0.115625 0.094362
v -0.161790 -0.115625 0.093819
v -0.161837 -0.115625 0.093277
v -0.161978 -0.115625 0.092750
v -0.162208 -0.115625 0.092257
v -0.162521 -0.115625 0.091810
v -0.162906 -0.115625 0.091425
v -0.163352 -0.115625 0.091113
v -0.163846 -0.115625 0.090883
v -0.164372 -0.115625 0.090742
v -0.164915 -0.128125 0.096944
v -0.164372 -0.128125 0.096897
v -0.163846 -0.128125 0.096756
v -0.163352 -0.128125 0.096525
v -0.162906 -0.128125 0.096213
v -0.162521 -0.128125 0.095828
v -0.162208 -0.128125 0.095382
v -0.161978 -0.128125 0.094888
v -0.161837 -0.128125 0.094362
v -0.161790 -0.128125 0.093819
v -0.161837 -0.128125 0.093277
v -0.161978 -0.128125 0.092750
v -0.162208 -0.128125 0.092257
v -0.162521 -0.128125 0.091810
v -0.162906 -0.128125 0.091425
v -0.163352 -0.128125 0.091113
v -0.163846 -0.128125 0.090883
v -0.164372 -0.128125 0.090742
v -0.139515 -0.109275 0.068419
v -0.139515 -0.109275 0.119219
v -0.133165 -0.109275 0.068419
v -0.133165 -0.109275 0.093819
v -0.001085 -0.109275 0.093819
v -0.001085 -0.109275 0.119219
v -0.139515 -0.200715 0.119219
v -0.139515 -0.200715 0.045559
v -0.001085 -0.200715 0.119219
v -0.001085 -0.200715 0.093819
v -0.133165 -0.200715 0.093819
v -0.133165 -0.200715 0.068419
v -0.001085 -0.200715 0.068419
v -0.001085 -0.200715 0.045559
v 0.000185 -0.163885 0.068419
v 0.000185 -0.199445 0.068419
v 0.000185 -0.199445 0.045559
v 0.000185 -0.094035 0.045559
v 0.000185 -0.094035 0.068419
v 0.000185 -0.146105 0.068419
v 0.000185 -0.146105 0.112869
v 0.000185 -0.127055 0.112869
v 0.000185 -0.127055 0.093819
v 0.000185 -0.110545 0.093819
v 0.000185 -0.110545 0.119219
v 0.000185 -0.199445 0.119219
v 0.000185 -0.199445 0.093819
v 0.000185 -0.182935 0.093819
v 0.000185 -0.182935 0.112869
v 0.000185 -0.163885 0.112869
v -0.139515 -0.092765 0.045559
v -0.139515 -0.092784 0.045339
v -0.139515 -0.092841 0.045125
v -0.139515 -0.092935 0.044924
v -0.139515 -0.093062 0.044743
v -0.139515 -0.093218 0.044586
v -0.139515 -0.093400 0.044459
v -0.139515 -0.093600 0.044366
v -0.139515 -0.093814 0.044308
v -0.139515 -0.094035 0.044289
v -0.139515 -0.092765 0.067149
v -0.139515 -0.094035 0.068419
v -0.139515 -0.093814 0.068400
v -0.139515 -0.093600 0.068343
v -0.139515 -0.093400 0.068249
v -0.139515 -0.093218 0.068122
v -0.139515 -0.093062 0.067966
v -0.139515 -0.092935 0.067784
v -0.139515 -0.092841 0.067584
v -0.139515 -0.092784 0.067370
v -0.139515 -0.109275 0.068419
v -0.139515 -0.109275 0.119219
v -0.139515 -0.110545 0.120489
v -0.139515 -0.110324 0.120470
v -0.139515 -0.110110 0.120413
v -0.139515 -0.109910 0.120319
v -0.139515 -0.109728 0.120192
v -0.139515 -0.109572 0.120036
v -0.139515 -0.109445 0.119854
v -0.139515 -0.109351 0.119654
v -0.139515 -0.109294 0.119440
v -0.139515 -0.199445 0.120489
v -0.139515 -0.200715 0.119219
v -0.139515 -0.200695 0.119440
v -0.139515 -0.200638 0.119654
v -0.139515 -0.200544 0.119854
v -0.139515 -0.200417 0.120036
v -0.139515 -0.200261 0.120192
v -0.139515 -0.200080 0.120319
v -0.139515 -0.199879 0.120413
v -0.139515 -0.199665 0.120470
v -0.139515 -0.200715 0.045559
v -0.139515 -0.199445 0.044289
v -0.139515 -0.199665 0.044308
v -0.139515 -0.199879 0.044366
v -0.139515 -0.200080 0.044459
v -0.139515 -0.200261 0.044586
v -0.139515 -0.200417 0.044743
v -0.139515 -0.200544 0.044924
v -0.139515 -0.200638 0.045125
v -0.139515 -0.200695 0.045339
v -0.139515 -0.147375 0.056989
v -0.139515 -0.115625 0.056989
v -0.139515 -0.147375 0.077309
v -0.139515 -0.115625 0.077309
v -0.139515 -0.194365 0.107789
v -0.139515 -0.194365 0.087469
v -0.139515 -0.162615 0.107789
v -0.139515 -0.162615 0.087469
v -0.139515 -0.194365 0.077309
v -0.139515 -0.194365 0.056989
v -0.139515 -0.162615 0.077309
v -0.139515 -0.162615 0.056989
v -0.139515 -0.147375 0.107789
v -0.139515 -0.147375 0.087469
v -0.139515 -0.115625 0.107789
v -0.139515 -0.115625 0.087469
v -0.139515 -0.194365 0.107789
v -0.177615 -0.194365 0.107789
v -0.177615 -0.162615 0.107789
v -0.139515 -0.162615 0.107789
v -0.139515 -0.194365 0.087469
v -0.177615 -0.194365 0.087469
v -0.177615 -0.194365 0.107789
v -0.139515 -0.194365 0.107789
v -0.152215 -0.194365 0.090694
v -0.152757 -0.194365 0.090742
v -0.153283 -0.194365 0.090883
v -0.153777 -0.194365 0.091113
v -0.154223 -0.194365 0.091425
v -0.154608 -0.194365 0.091810
v -0.154921 -0.194365 0.092257
v -0.155151 -0.194365 0.092750
v -0.155292 -0.194365 0.093277
v -0.155340 -0.194365 0.093819
v -0.155292 -0.194365 0.094362
v -0.155151 -0.194365 0.094888
v -0.154921 -0.194365 0.095382
v -0.154608 -0.194365 0.095828
v -0.154223 -0.194365 0.096213
v -0.153777 -0.194365 0.096525
v -0.153283 -0.194365 0.096756
v -0.152757 -0.194365 0.096897
v -0.152215 -0.194365 0.096944
v -0.151672 -0.194365 0.096897
v -0.151146 -0.194365 0.096756
v -0.150652 -0.194365 0.096525
v -0.150206 -0.194365 0.096213
v -0.149821 -0.194365 0.095828
v -0.149508 -0.194365 0.095382
v -0.149278 -0.194365 0.094888
v -0.149137 -0.194365 0.094362
v -0.149090 -0.194365 0.093819
v -0.149137 -0.194365 0.093277
v -0.149278 -0.194365 0.092750
v -0.149508 -0.194365 0.092257
v -0.149821 -0.194365 0.091810
v -0.150206 -0.194365 0.091425
v -0.150652 -0.194365 0.091113
v -0.151146 -0.194365 0.090883
v -0.151672 -0.194365 0.090742
v -0.164915 -0.194365 0.090694
v -0.165457 -0.194365 0.090742
v -0.165983 -0.194365 0.090883
v -0.166477 -0.194365 0.091113
v -0.166923 -0.194365 0.091425
v -0.167308 -0.194365 0.091810
v -0.167621 -0.194365 0.092257
v -0.167851 -0.194365 0.092750
v -0.167992 -0.194365 0.093277
v -0.168040 -0.194365 0.093819
v -0.167992 -0.194365 0.094362
v -0.167851 -0.194365 0.094888
v -0.167621 -0.194365 0.095382
v -0.167308 -0.194365 0.095828
v -0.166923 -0.194365 0.096213
v -0.166477 -0.194365 0.096525
v -0.165983 -0.194365 0.096756
v -0.165457 -0.194365 0.096897
v -0.164915 -0.194365 0.096944
v -0.164372 -0.194365 0.096897
v -0.163846 -0.194365 0.096756
v -0.163352 -0.194365 0.096525
v -0.162906 -0.194365 0.096213
v -0.162521 -0.194365 0.095828
v -0.162208 -0.194365 0.095382
v -0.161978 -0.194365 0.094888
v -0.161837 -0.194365 0.094362
v -0.161790 -0.194365 0.093819
v -0.161837 -0.194365 0.093277
v -0.161978 -0.194365 0.092750
v -0.162208 -0.194365 0.092257
v -0.162521 -0.194365 0.091810
v -0.162906 -0.194365 0.091425
v -0.163352 -0.194365 0.091113
v -0.163846 -0.194365 0.090883
v -0.164372 -0.194365 0.090742
v -0.139515 -0.162615 0.087469
v -0.177615 -0.162615 0.087469
v -0.177615 -0.194365 0.087469
v -0.139515 -0.194365 0.087469
v -0.139515 -0.162615 0.107789
v -0.177615 -0.162615 0.107789
v -0.177615 -0.162615 0.087469
v -0.139515 -0.162615 0.087469
v -0.177615 -0.194365 0.107789
v -0.177615 -0.194365 0.087469
v -0.177615 -0.162615 0.087469
v -0.177615 -0.162615 0.107789
v -0.133165 -0.146105 0.068419
v 0.000185 -0.146105 0.068419
v -0.133165 -0.109275 0.068419
v -0.139515 -0.109275 0.068419
v -0.139515 -0.094035 0.068419
v 0.000185 -0.094035 0.068419
v -0.001085 -0.110545 0.120489
v -0.139515 -0.110545 0.120489
v -0.001085 -0.199445 0.120489
v -0.139515 -0.199445 0.120489
v -0.083925 -0.173410 0.120489
v -0.083862 -0.174122 0.120489
v -0.083677 -0.174812 0.120489
v -0.083375 -0.175460 0.120489
v -0.082965 -0.176045 0.120489
v -0.082460 -0.176550 0.120489
v -0.081875 -0.176960 0.120489
v -0.081227 -0.177262 0.120489
v -0.080537 -0.177447 0.120489
v -0.079825 -0.177510 0.120489
v -0.079113 -0.177447 0.120489
v -0.078422 -0.177262 0.120489
v -0.077775 -0.176960 0.120489
v -0.077189 -0.176550 0.120489
v -0.076684 -0.176045 0.120489
v -0.076274 -0.175460 0.120489
v -0.075972 -0.174812 0.120489
v -0.075787 -0.174122 0.120489
v -0.075725 -0.173410 0.120489
v -0.075787 -0.172698 0.120489
v -0.075972 -0.172007 0.120489
v -0.076274 -0.171360 0.120489
v -0.076684 -0.170774 0.120489
v -0.077189 -0.170269 0.120489
v -0.077775 -0.169859 0.120489
v -0.078422 -0.169557 0.120489
v -0.079113 -0.169372 0.120489
v -0.079825 -0.169310 0.120489
v -0.080537 -0.169372 0.120489
v -0.081227 -0.169557 0.120489
v -0.081875 -0.169859 0.120489
v -0.082460 -0.170269 0.120489
v -0.082965 -0.170774 0.120489
v -0.083375 -0.171360 0.120489
v -0.083677 -0.172007 0.120489
v -0.083862 -0.172698 0.120489
v -0.101705 -0.173410 0.120489
v -0.101642 -0.174122 0.120489
v -0.101457 -0.174812 0.120489
v -0.101155 -0.175460 0.120489
v -0.100745 -0.176045 0.120489
v -0.100240 -0.176550 0.120489
v -0.099655 -0.176960 0.120489
v -0.099007 -0.177262 0.120489
v -0.098317 -0.177447 0.120489
v -0.097605 -0.177510 0.120489
v -0.096893 -0.177447 0.120489
v -0.096202 -0.177262 0.120489
v -0.095555 -0.176960 0.120489
v -0.094969 -0.176550 0.120489
v -0.094464 -0.176045 0.120489
v -0.094054 -0.175460 0.120489
v -0.093752 -0.174812 0.120489
v -0.093567 -0.174122 0.120489
v -0.093505 -0.173410 0.120489
v -0.093567 -0.172698 0.120489
v -0.093752 -0.172007 0.120489
v -0.094054 -0.171360 0.120489
v -0.094464 -0.170774 0.120489
v -0.094969 -0.170269 0.120489
v -0.095555 -0.169859 0.120489
v -0.096202 -0.169557 0.120489
v -0.096893 -0.169372 0.120489
v -0.097605 -0.169310 0.120489
v -0.098317 -0.169372 0.120489
v -0.099007 -0.169557 0.120489
v -0.099655 -0.169859 0.120489
v -0.100240 -0.170269 0.120489
v -0.100745 -0.170774 0.120489
v -0.101155 -0.171360 0.120489
v -0.101457 -0.172007 0.120489
v -0.101642 -0.172698 0.120489
v -0.119485 -0.173410 0.120489
v -0.119422 -0.174122 0.120489
v -0.119237 -0.174812 0.120489
v -0.118935 -0.175460 0.120489
v -0.118525 -0.176045 0.120489
v -0.118020 -0.176550 0.120489
v -0.117435 -0.176960 0.120489
v -0.116787 -0.177262 0.120489
v -0.116097 -0.177447 0.120489
v -0.115385 -0.177510 0.120489
v -0.114673 -0.177447 0.120489
v -0.113982 -0.177262 0.120489
v -0.113335 -0.176960 0.120489
v -0.112749 -0.176550 0.120489
v -0.112244 -0.176045 0.120489
v -0.111834 -0.175460 0.120489
v -0.111532 -0.174812 0.120489
v -0.111347 -0.174122 0.120489
v -0.111285 -0.173410 0.120489
v -0.111347 -0.172698 0.120489
v -0.111532 -0.172007 0.120489
v -0.111834 -0.171360 0.120489
v -0.112244 -0.170774 0.120489
v -0.112749 -0.170269 0.120489
v -0.113335 -0.169859 0.120489
v -0.113982 -0.169557 0.120489
v -0.114673 -0.169372 0.120489
v -0.115385 -0.169310 0.120489
v -0.116097 -0.169372 0.120489
v -0.116787 -0.169557 0.120489
v -0.117435 -0.169859 0.120489
v -0.118020 -0.170269 0.120489
v -0.118525 -0.170774 0.120489
v -0.118935 -0.171360 0.120489
v -0.119237 -0.172007 0.120489
v -0.119422 -0.172698 0.120489
v -0.039475 -0.136580 0.120489
v -0.039412 -0.137292 0.120489
v -0.039227 -0.137982 0.120489
v -0.038925 -0.138630 0.120489
v -0.038515 -0.139215 0.120489
v -0.038010 -0.139720 0.120489
v -0.037425 -0.140130 0.120489
v -0.036777 -0.140432 0.120489
v -0.036087 -0.140617 0.120489
v -0.035375 -0.140680 0.120489
v -0.034663 -0.140617 0.120489
v -0.033972 -0.140432 0.120489
v -0.033325 -0.140130 0.120489
v -0.032739 -0.139720 0.120489
v -0.032234 -0.139215 0.120489
v -0.031824 -0.138630 0.120489
v -0.031522 -0.137982 0.120489
v -0.031337 -0.137292 0.120489
v -0.031275 -0.136580 0.120489
v -0.031337 -0.135868 0.120489
v -0.031522 -0.135177 0.120489
v -0.031824 -0.134530 0.120489
v -0.032234 -0.133944 0.120489
v -0.032739 -0.133439 0.120489
v -0.033325 -0.133029 0.120489
v -0.033972 -0.132727 0.120489
v -0.034663 -0.132542 0.120489
v -0.035375 -0.132480 0.120489
v -0.036087 -0.132542 0.120489
v -0.036777 -0.132727 0.120489
v -0.037425 -0.133029 0.120489
v -0.038010 -0.133439 0.120489
v -0.038515 -0.133944 0.120489
v -0.038925 -0.134530 0.120489
v -0.039227 -0.135177 0.120489
v -0.039412 -0.135868 0.120489
v -0.066145 -0.173410 0.120489
v -0.066082 -0.174122 0.120489
v -0.065897 -0.174812 0.120489
v -0.065595 -0.175460 0.120489
v -0.065185 -0.176045 0.120489
v -0.064680 -0.176550 0.120489
v -0.064095 -0.176960 0.120489
v -0.063447 -0.177262 0.120489
v -0.062757 -0.177447 0.120489
v -0.062045 -0.177510 0.120489
v -0.061333 -0.177447 0.120489
v -0.060642 -0.177262 0.120489
v -0.059995 -0.176960 0.120489
v -0.059409 -0.176550 0.120489
v -0.058904 -0.176045 0.120489
v -0.058494 -0.175460 0.120489
v -0.058192 -0.174812 0.120489
v -0.058007 -0.174122 0.120489
v -0.057945 -0.173410 0.120489
v -0.058007 -0.172698 0.120489
v -0.058192 -0.172007 0.120489
v -0.058494 -0.171360 0.120489
v -0.058904 -0.170774 0.120489
v -0.059409 -0.170269 0.120489
v -0.059995 -0.169859 0.120489
v -0.060642 -0.169557 0.120489
v -0.061333 -0.169372 0.120489
v -0.062045 -0.169310 0.120489
v -0.062757 -0.169372 0.120489
v -0.063447 -0.169557 0.120489
v -0.064095 -0.169859 0.120489
v -0.064680 -0.170269 0.120489
v -0.065185 -0.170774 0.120489
v -0.065595 -0.171360 0.120489
v -0.065897 -0.172007 0.120489
v -0.066082 -0.172698 0.120489
v -0.048365 -0.173410 0.120489
v -0.048302 -0.174122 0.120489
v -0.048117 -0.174812 0.120489
v -0.047815 -0.175460 0.120489
v -0.047405 -0.176045 0.120489
v -0.046900 -0.176550 0.120489
v -0.046315 -0.176960 0.120489
v -0.045667 -0.177262 0.120489
v -0.044977 -0.177447 0.120489
v -0.044265 -0.177510 0.120489
v -0.043553 -0.177447 0.120489
v -0.042862 -0.177262 0.120489
v -0.042215 -0.176960 0.120489
v -0.041629 -0.176550 0.120489
v -0.041124 -0.176045 0.120489
v -0.040714 -0.175460 0.120489
v -0.040412 -0.174812 0.120489
v -0.040227 -0.174122 0.120489
v -0.040165 -0.173410 0.120489
v -0.040227 -0.172698 0.120489
v -0.040412 -0.172007 0.120489
v -0.040714 -0.171360 0.120489
v -0.041124 -0.170774 0.120489
v -0.041629 -0.170269 0.120489
v -0.042215 -0.169859 0.120489
v -0.042862 -0.169557 0.120489
v -0.043553 -0.169372 0.120489
v -0.044265 -0.169310 0.120489
v -0.044977 -0.169372 0.120489
v -0.045667 -0.169557 0.120489
v -0.046315 -0.169859 0.120489
v -0.046900 -0.170269 0.120489
v -0.047405 -0.170774 0.120489
v -0.047815 -0.171360 0.120489
v -0.048117 -0.172007 0.120489
v -0.048302 -0.172698 0.120489
v -0.030585 -0.173410 0.120489
v -0.030522 -0.174122 0.120489
v -0.030337 -0.174812 0.120489
v -0.030035 -0.175460 0.120489
v -0.029625 -0.176045 0.120489
v -0.029120 -0.176550 0.120489
v -0.028535 -0.176960 0.120489
v -0.027887 -0.177262 0.120489
v -0.027197 -0.177447 0.120489
v -0.026485 -0.177510 0.120489
v -0.025773 -0.177447 0.120489
v -0.025082 -0.177262 0.120489
v -0.024435 -0.176960 0.120489
v -0.023849 -0.176550 0.120489
v -0.023344 -0.176045 0.120489
v -0.022934 -0.175460 0.120489
v -0.022632 -0.174812 0.120489
v -0.022447 -0.174122 0.120489
v -0.022385 -0.173410 0.120489
v -0.022447 -0.172698 0.120489
v -0.022632 -0.172007 0.120489
v -0.022934 -0.171360 0.120489
v -0.023344 -0.170774 0.120489
v -0.023849 -0.170269 0.120489
v -0.024435 -0.169859 0.120489
v -0.025082 -0.169557 0.120489
v -0.025773 -0.169372 0.120489
v -0.026485 -0.169310 0.120489
v -0.027197 -0.169372 0.120489
v -0.027887 -0.169557 0.120489
v -0.028535 -0.169859 0.120489
v -0.029120 -0.170269 0.120489
v -0.029625 -0.170774 0.120489
v -0.030035 -0.171360 0.120489
v -0.030337 -0.172007 0.120489
v -0.030522 -0.172698 0.120489
v -0.012805 -0.173410 0.120489
v -0.012742 -0.174122 0.120489
v -0.012557 -0.174812 0.120489
v -0.012255 -0.175460 0.120489
v -0.011845 -0.176045 0.120489
v -0.011340 -0.176550 0.120489
v -0.010755 -0.176960 0.120489
v -0.010107 -0.177262 0.120489
v -0.009417 -0.177447 0.120489
v -0.008705 -0.177510 0.120489
v -0.007993 -0.177447 0.120489
v -0.007302 -0.177262 0.120489
v -0.006655 -0.176960 0.120489
v -0.006069 -0.176550 0.120489
v -0.005564 -0.176045 0.120489
v -0.005154 -0.175460 0.120489
v -0.004852 -0.174812 0.120489
v -0.004667 -0.174122 0.120489
v -0.004605 -0.173410 0.120489
v -0.004667 -0.172698 0.120489
v -0.004852 -0.172007 0.120489
v -0.005154 -0.171360 0.120489
v -0.005564 -0.170774 0.120489
v -0.006069 -0.170269 0.120489
v -0.006655 -0.169859 0.120489
v -0.007302 -0.169557 0.120489
v -0.007993 -0.169372 0.120489
v -0.008705 -0.169310 0.120489
v -0.009417 -0.169372 0.120489
v -0.010107 -0.169557 0.120489
v -0.010755 -0.169859 0.120489
v -0.011340 -0.170269 0.120489
v -0.011845 -0.170774 0.120489
v -0.012255 -0.171360 0.120489
v -0.012557 -0.172007 0.120489
v -0.012742 -0.172698 0.120489
v -0.057255 -0.136580 0.120489
v -0.057192 -0.137292 0.120489
v -0.057007 -0.137982 0.120489
v -0.056705 -0.138630 0.120489
v -0.056295 -0.139215 0.120489
v -0.055790 -0.139720 0.120489
v -0.055205 -0.140130 0.120489
v -0.054557 -0.140432 0.120489
v -0.053867 -0.140617 0.120489
v -0.053155 -0.140680 0.120489
v -0.052443 -0.140617 0.120489
v -0.051752 -0.140432 0.120489
v -0.051105 -0.140130 0.120489
v -0.050519 -0.139720 0.120489
v -0.050014 -0.139215 0.120489
v -0.049604 -0.138630 0.120489
v -0.049302 -0.137982 0.120489
v -0.049117 -0.137292 0.120489
v -0.049055 -0.136580 0.120489
v -0.049117 -0.135868 0.120489
v -0.049302 -0.135177 0.120489
v -0.049604 -0.134530 0.120489
v -0.050014 -0.133944 0.120489
v -0.050519 -0.133439 0.120489
v -0.051105 -0.133029 0.120489
v -0.051752 -0.132727 0.120489
v -0.052443 -0.132542 0.120489
v -0.053155 -0.132480 0.120489
v -0.053867 -0.132542 0.120489
v -0.054557 -0.132727 0.120489
v -0.055205 -0.133029 0.120489
v -0.055790 -0.133439 0.120489
v -0.056295 -0.133944 0.120489
v -0.056705 -0.134530 0.120489
v -0.057007 -0.135177 0.120489
v -0.057192 -0.135868 0.120489
v -0.075035 -0.136580 0.120489
v -0.074972 -0.137292 0.120489
v -0.074787 -0.137982 0.120489
v -0.074485 -0.138630 0.120489
v -0.074075 -0.139215 0.120489
v -0.073570 -0.139720 0.120489
v -0.072985 -0.140130 0.120489
v -0.072337 -0.140432 0.120489
v -0.071647 -0.140617 0.120489
v -0.070935 -0.140680 0.120489
v -0.070223 -0.140617 0.120489
v -0.069532 -0.140432 0.120489
v -0.068885 -0.140130 0.120489
v -0.068299 -0.139720 0.120489
v -0.067794 -0.139215 0.120489
v -0.067384 -0.138630 0.120489
v -0.067082 -0.137982 0.120489
v -0.066897 -0.137292 0.120489
v -0.066835 -0.136580 0.120489
v -0.066897 -0.135868 0.120489
v -0.067082 -0.135177 0.120489
v -0.067384 -0.134530 0.120489
v -0.067794 -0.133944 0.120489
v -0.068299 -0.133439 0.120489
v -0.068885 -0.133029 0.120489
v -0.069532 -0.132727 0.120489
v -0.070223 -0.132542 0.120489
v -0.070935 -0.132480 0.120489
v -0.071647 -0.132542 0.120489
v -0.072337 -0.132727 0.120489
v -0.072985 -0.133029 0.120489
v -0.073570 -0.133439 0.120489
v -0.074075 -0.133944 0.120489
v -0.074485 -0.134530 0.120489
v -0.074787 -0.135177 0.120489
v -0.074972 -0.135868 0.120489
v -0.092815 -0.136580 0.120489
v -0.092752 -0.137292 0.120489
v -0.092567 -0.137982 0.120489
v -0.092265 -0.138630 0.120489
v -0.091855 -0.139215 0.120489
v -0.091350 -0.139720 0.120489
v -0.090765 -0.140130 0.120489
v -0.090117 -0.140432 0.120489
v -0.089427 -0.140617 0.120489
v -0.088715 -0.140680 0.120489
v -0.088003 -0.140617 0.120489
v -0.087312 -0.140432 0.120489
v -0.086665 -0.140130 0.120489
v -0.086079 -0.139720 0.120489
v -0.085574 -0.139215 0.120489
v -0.085164 -0.138630 0.120489
v -0.084862 -0.137982 0.120489
v -0.084677 -0.137292 0.120489
v -0.084615 -0.136580 0.120489
v -0.084677 -0.135868 0.120489
v -0.084862 -0.135177 0.120489
v -0.085164 -0.134530 0.120489
v -0.085574 -0.133944 0.120489
v -0.086079 -0.133439 0.120489
v -0.086665 -0.133029 0.120489
v -0.087312 -0.132727 0.120489
v -0.088003 -0.132542 0.120489
v -0.088715 -0.132480 0.120489
v -0.089427 -0.132542 0.120489
v -0.090117 -0.132727 0.120489
v -0.090765 -0.133029 0.120489
v -0.091350 -0.133439 0.120489
v -0.091855 -0.133944 0.120489
v -0.092265 -0.134530 0.120489
v -0.092567 -0.135177 0.120489
v -0.092752 -0.135868 0.120489
v -0.110595 -0.136580 0.120489
v -0.110532 -0.137292 0.120489
v -0.110347 -0.137982 0.120489
v -0.110045 -0.138630 0.120489
v -0.109635 -0.139215 0.120489
v -0.109130 -0.139720 0.120489
v -0.108545 -0.140130 0.120489
v -0.107897 -0.140432 0.120489
v -0.107207 -0.140617 0.120489
v -0.106495 -0.140680 0.120489
v -0.105783 -0.140617 0.120489
v -0.105092 -0.140432 0.120489
v -0.104445 -0.140130 0.120489
v -0.103859 -0.139720 0.120489
v -0.103354 -0.139215 0.120489
v -0.102944 -0.138630 0.120489
v -0.102642 -0.137982 0.120489
v -0.102457 -0.137292 0.120489
v -0.102395 -0.136580 0.120489
v -0.102457 -0.135868 0.120489
v -0.102642 -0.135177 0.120489
v -0.102944 -0.134530 0.120489
v -0.103354 -0.133944 0.120489
v -0.103859 -0.133439 0.120489
v -0.104445 -0.133029 0.120489
v -0.105092 -0.132727 0.120489
v -0.105783 -0.132542 0.120489
v -0.106495 -0.132480 0.120489
v -0.107207 -0.132542 0.120489
v -0.107897 -0.132727 0.120489
v -0.108545 -0.133029 0.120489
v -0.109130 -0.133439 0.120489
v -0.109635 -0.133944 0.120489
v -0.110045 -0.134530 0.120489
v -0.110347 -0.135177 0.120489
v -0.110532 -0.135868 0.120489
v -0.128375 -0.136580 0.120489
v -0.128312 -0.137292 0.120489
v -0.128127 -0.137982 0.120489
v -0.127825 -0.138630 0.120489
v -0.127415 -0.139215 0.120489
v -0.126910 -0.139720 0.120489
v -0.126325 -0.140130 0.120489
v -0.125677 -0.140432 0.120489
v -0.124987 -0.140617 0.120489
v -0.124275 -0.140680 0.120489
v -0.123563 -0.140617 0.120489
v -0.122872 -0.140432 0.120489
v -0.122225 -0.140130 0.120489
v -0.121639 -0.139720 0.120489
v -0.121134 -0.139215 0.120489
v -0.120724 -0.138630 0.120489
v -0.120422 -0.137982 0.120489
v -0.120237 -0.137292 0.120489
v -0.120175 -0.136580 0.120489
v -0.120237 -0.135868 0.120489
v -0.120422 -0.135177 0.120489
v -0.120724 -0.134530 0.120489
v -0.121134 -0.133944 0.120489
v -0.121639 -0.133439 0.120489
v -0.122225 -0.133029 0.120489
v -0.122872 -0.132727 0.120489
v -0.123563 -0.132542 0.120489
v -0.124275 -0.132480 0.120489
v -0.124987 -0.132542 0.120489
v -0.125677 -0.132727 0.120489
v -0.126325 -0.133029 0.120489
v -0.126910 -0.133439 0.120489
v -0.127415 -0.133944 0.120489
v -0.127825 -0.134530 0.120489
v -0.128127 -0.135177 0.120489
v -0.128312 -0.135868 0.120489
v -0.021695 -0.136580 0.120489
v -0.021632 -0.137292 0.120489
v -0.021447 -0.137982 0.120489
v -0.021145 -0.138630 0.120489
v -0.020735 -0.139215 0.120489
v -0.020230 -0.139720 0.120489
v -0.019645 -0.140130 0.120489
v -0.018997 -0.140432 0.120489
v -0.018307 -0.140617 0.120489
v -0.017595 -0.140680 0.120489
v -0.016883 -0.140617 0.120489
v -0.016192 -0.140432 0.120489
v -0.015545 -0.140130 0.120489
v -0.014959 -0.139720 0.120489
v -0.014454 -0.139215 0.120489
v -0.014044 -0.138630 0.120489
v -0.013742 -0.137982 0.120489
v -0.013557 -0.137292 0.120489
v -0.013495 -0.136580 0.120489
v -0.013557 -0.135868 0.120489
v -0.013742 -0.135177 0.120489
v -0.014044 -0.134530 0.120489
v -0.014454 -0.133944 0.120489
v -0.014959 -0.133439 0.120489
v -0.015545 -0.133029 0.120489
v -0.016192 -0.132727 0.120489
v -0.016883 -0.132542 0.120489
v -0.017595 -0.132480 0.120489
v -0.018307 -0.132542 0.120489
v -0.018997 -0.132727 0.120489
v -0.019645 -0.133029 0.120489
v -0.020230 -0.133439 0.120489
v -0.020735 -0.133944 0.120489
v -0.021145 -0.134530 0.120489
v -0.021447 -0.135177 0.120489
v -0.021632 -0.135868 0.120489
v -0.139515 -0.094035 0.044289
v -0.001085 -0.094035 0.044289
v -0.139515 -0.199445 0.044289
v -0.001085 -0.199445 0.044289
v -0.001085 -0.092765 0.045559
v -0.139515 -0.092765 0.045559
v -0.001085 -0.092765 0.067149
v -0.139515 -0.092765 0.067149
v -0.139515 -0.162615 0.056989
v -0.177615 -0.162615 0.056989
v -0.177615 -0.194365 0.056989
v -0.139515 -0.194365 0.056989
v -0.139515 -0.162615 0.077309
v -0.177615 -0.162615 0.077309
v -0.177615 -0.162615 0.056989
v -0.139515 -0.162615 0.056989
v -0.139515 -0.194365 0.077309
v -0.177615 -0.194365 0.077309
v -0.177615 -0.162615 0.077309
v -0.139515 -0.162615 0.077309
v -0.139515 -0.194365 0.056989
v -0.177615 -0.194365 0.056989
v -0.177615 -0.194365 0.077309
v -0.139515 -0.194365 0.077309
v -0.164915 -0.194365 0.067834
v -0.165457 -0.194365 0.067882
v -0.165983 -0.194365 0.068023
v -0.166477 -0.194365 0.068253
v -0.166923 -0.194365 0.068565
v -0.167308 -0.194365 0.068950
v -0.167621 -0.194365 0.069397
v -0.167851 -0.194365 0.069890
v -0.167992 -0.194365 0.070417
v -0.168040 -0.194365 0.070959
v -0.167992 -0.194365 0.071502
v -0.167851 -0.194365 0.072028
v -0.167621 -0.194365 0.072522
v -0.167308 -0.194365 0.072968
v -0.166923 -0.194365 0.073353
v -0.166477 -0.194365 0.073665
v -0.165983 -0.194365 0.073896
v -0.165457 -0.194365 0.074037
v -0.164915 -0.194365 0.074084
v -0.164372 -0.194365 0.074037
v -0.163846 -0.194365 0.073896
v -0.163352 -0.194365 0.073665
v -0.162906 -0.194365 0.073353
v -0.162521 -0.194365 0.072968
v -0.162208 -0.194365 0.072522
v -0.161978 -0.194365 0.072028
v -0.161837 -0.194365 0.071502
v -0.161790 -0.194365 0.070959
v -0.161837 -0.194365 0.070417
v -0.161978 -0.194365 0.069890
v -0.162208 -0.194365 0.069397
v -0.162521 -0.194365 0.068950
v -0.162906 -0.194365 0.068565
v -0.163352 -0.194365 0.068253
v -0.163846 -0.194365 0.068023
v -0.164372 -0.194365 0.067882
v -0.152215 -0.194365 0.067809
v -0.152762 -0.194365 0.067857
v -0.153292 -0.194365 0.067999
v -0.153790 -0.194365 0.068231
v -0.154239 -0.194365 0.068546
v -0.154628 -0.194365 0.068934
v -0.154943 -0.194365 0.069384
v -0.155175 -0.194365 0.069882
v -0.155317 -0.194365 0.070412
v -0.155365 -0.194365 0.070959
v -0.155317 -0.194365 0.071506
v -0.155175 -0.194365 0.072037
v -0.154943 -0.194365 0.072534
v -0.154628 -0.194365 0.072984
v -0.154239 -0.194365 0.073372
v -0.153790 -0.194365 0.073687
v -0.153292 -0.194365 0.073919
v -0.152762 -0.194365 0.074061
v -0.152215 -0.194365 0.074109
v -0.151668 -0.194365 0.074061
v -0.151137 -0.194365 0.073919
v -0.150640 -0.194365 0.073687
v -0.150190 -0.194365 0.073372
v -0.149802 -0.194365 0.072984
v -0.149487 -0.194365 0.072534
v -0.149255 -0.194365 0.072037
v -0.149112 -0.194365 0.071506
v -0.149065 -0.194365 0.070959
v -0.149112 -0.194365 0.070412
v -0.149255 -0.194365 0.069882
v -0.149487 -0.194365 0.069384
v -0.149802 -0.194365 0.068934
v -0.150190 -0.194365 0.068546
v -0.150640 -0.194365 0.068231
v -0.151137 -0.194365 0.067999
v -0.151668 -0.194365 0.067857
v -0.177615 -0.162615 0.056989
v -0.177615 -0.162615 0.077309
v -0.177615 -0.194365 0.077309
v -0.177615 -0.194365 0.056989
v -0.139515 -0.115625 0.077309
v -0.177615 -0.115625 0.077309
v -0.177615 -0.115625 0.056989
v -0.139515 -0.115625 0.056989
v -0.164915 -0.115625 0.074084
v -0.164372 -0.115625 0.074037
v -0.163846 -0.115625 0.073896
v -0.163352 -0.115625 0.073665
v -0.162906 -0.115625 0.073353
v -0.162521 -0.115625 0.072968
v -0.162208 -0.115625 0.072522
v -0.161978 -0.115625 0.072028
v -0.161837 -0.115625 0.071502
v -0.161790 -0.115625 0.070959
v -0.161837 -0.115625 0.070417
v -0.161978 -0.115625 0.069890
v -0.162208 -0.115625 0.069397
v -0.162521 -0.115625 0.068950
v -0.162906 -0.115625 0.068565
v -0.163352 -0.115625 0.068253
v -0.163846 -0.115625 0.068023
v -0.164372 -0.115625 0.067882
v -0.164915 -0.115625 0.067834
v -0.165457 -0.115625 0.067882
v -0.165983 -0.115625 0.068023
v -0.166477 -0.115625 0.068253
v -0.166923 -0.115625 0.068565
v -0.167308 -0.115625 0.068950
v -0.167621 -0.115625 0.069397
v -0.167851 -0.115625 0.069890
v -0.167992 -0.115625 0.070417
v -0.168040 -0.115625 0.070959
v -0.167992 -0.115625 0.071502
v -0.167851 -0.115625 0.072028
v -0.167621 -0.115625 0.072522
v -0.167308 -0.115625 0.072968
v -0.166923 -0.115625 0.073353
v -0.166477 -0.115625 0.073665
v -0.165983 -0.115625 0.073896
v -0.165457 -0.115625 0.074037
v -0.152215 -0.115625 0.074109
v -0.151668 -0.115625 0.074061
v -0.151137 -0.115625 0.073919
v -0.150640 -0.115625 0.073687
v -0.150190 -0.115625 0.073372
v -0.149802 -0.115625 0.072984
v -0.149487 -0.115625 0.072534
v -0.149255 -0.115625 0.072037
v -0.149112 -0.115625 0.071506
v -0.149065 -0.115625 0.070959
v -0.149112 -0.115625 0.070412
v -0.149255 -0.115625 0.069882
v -0.149487 -0.115625 0.069384
v -0.149802 -0.115625 0.068934
v -0.150190 -0.115625 0.068546
v -0.150640 -0.115625 0.068231
v -0.151137 -0.115625 0.067999
v -0.151668 -0.115625 0.067857
v -0.152215 -0.115625 0.067809
v -0.152762 -0.115625 0.067857
v -0.153292 -0.115625 0.067999
v -0.153790 -0.115625 0.068231
v -0.154239 -0.115625 0.068546
v -0.154628 -0.115625 0.068934
v -0.154943 -0.115625 0.069384
v -0.155175 -0.115625 0.069882
v -0.155317 -0.115625 0.070412
v -0.155365 -0.115625 0.070959
v -0.155317 -0.115625 0.071506
v -0.155175 -0.115625 0.072037
v -0.154943 -0.115625 0.072534
v -0.154628 -0.115625 0.072984
v -0.154239 -0.115625 0.073372
v -0.153790 -0.115625 0.073687
v -0.153292 -0.115625 0.073919
v -0.152762 -0.115625 0.074061
v -0.139515 -0.147375 0.077309
v -0.177615 -0.147375 0.077309
v -0.177615 -0.115625 0.077309
v -0.139515 -0.115625 0.077309
v -0.139515 -0.147375 0.056989
v -0.177615 -0.147375 0.056989
v -0.177615 -0.147375 0.077309
v -0.139515 -0.147375 0.077309
v -0.139515 -0.115625 0.056989
v -0.177615 -0.115625 0.056989
v -0.177615 -0.147375 0.056989
v -0.139515 -0.147375 0.056989
v -0.177615 -0.115625 0.077309
v -0.177615 -0.147375 0.077309
v -0.177615 -0.147375 0.056989
v -0.177615 -0.115625 0.056989
v -0.139515 -0.115625 0.087469
v -0.177615 -0.115625 0.087469
v -0.177615 -0.147375 0.087469
v -0.139515 -0.147375 0.087469
v -0.139515 -0.115625 0.107789
v -0.177615 -0.115625 0.107789
v -0.177615 -0.115625 0.087469
v -0.139515 -0.115625 0.087469
v -0.152215 -0.115625 0.096944
v -0.151672 -0.115625 0.096897
v -0.151146 -0.115625 0.096756
v -0.150652 -0.115625 0.096525
v -0.150206 -0.115625 0.096213
v -0.149821 -0.115625 0.095828
v -0.149508 -0.115625 0.095382
v -0.149278 -0.115625 0.094888
v -0.149137 -0.115625 0.094362
v -0.149090 -0.115625 0.093819
v -0.149137 -0.115625 0.093277
v -0.149278 -0.115625 0.092750
v -0.149508 -0.115625 0.092257
v -0.149821 -0.115625 0.091810
v -0.150206 -0.115625 0.091425
v -0.150652 -0.115625 0.091113
v -0.151146 -0.115625 0.090883
v -0.151672 -0.115625 0.090742
v -0.152215 -0.115625 0.090694
v -0.152757 -0.115625 0.090742
v -0.153283 -0.115625 0.090883
v -0.153777 -0.115625 0.091113
v -0.154223 -0.115625 0.091425
v -0.154608 -0.115625 0.091810
v -0.154921 -0.115625 0.092257
v -0.155151 -0.115625 0.092750
v -0.155292 -0.115625 0.093277
v -0.155340 -0.115625 0.093819
v -0.155292 -0.115625 0.094362
v -0.155151 -0.115625 0.094888
v -0.154921 -0.115625 0.095382
v -0.154608 -0.115625 0.095828
v -0.154223 -0.115625 0.096213
v -0.153777 -0.115625 0.096525
v -0.153283 -0.115625 0.096756
v -0.152757 -0.115625 0.096897
v -0.164915 -0.115625 0.096944
v -0.164372 -0.115625 0.096897
v -0.163846 -0.115625 0.096756
v -0.163352 -0.115625 0.096525
v -0.162906 -0.115625 0.096213
v -0.162521 -0.115625 0.095828
v -0.162208 -0.115625 0.095382
v -0.161978 -0.115625 0.094888
v -0.161837 -0.115625 0.094362
v -0.161790 -0.115625 0.093819
v -0.161837 -0.115625 0.093277
v -0.161978 -0.115625 0.092750
v -0.162208 -0.115625 0.092257
v -0.162521 -0.115625 0.091810
v -0.162906 -0.115625 0.091425
v -0.163352 -0.115625 0.091113
v -0.163846 -0.115625 0.090883
v -0.164372 -0.115625 0.090742
v -0.164915 -0.115625 0.090694
v -0.165457 -0.115625 0.090742
v -0.165983 -0.115625 0.090883
v -0.166477 -0.115625 0.091113
v -0.166923 -0.115625 0.091425
v -0.167308 -0.115625 0.091810
v -0.167621 -0.115625 0.092257
v -0.167851 -0.115625 0.092750
v -0.167992 -0.115625 0.093277
v -0.168040 -0.115625 0.093819
v -0.167992 -0.115625 0.094362
v -0.167851 -0.115625 0.094888
v -0.167621 -0.115625 0.095382
v -0.167308 -0.115625 0.095828
v -0.166923 -0.115625 0.096213
v -0.166477 -0.115625 0.096525
v -0.165983 -0.115625 0.096756
v -0.165457 -0.115625 0.096897
v -0.139515 -0.147375 0.107789
v -0.177615 -0.147375 0.107789
v -0.177615 -0.115625 0.107789
v -0.139515 -0.115625 0.107789
v -0.139515 -0.147375 0.087469
v -0.177615 -0.147375 0.087469
v -0.177615 -0.147375 0.107789
v -0.139515 -0.147375 0.107789
v -0.177615 -0.115625 0.087469
v -0.177615 -0.115625 0.107789
v -0.177615 -0.147375 0.107789
v -0.177615 -0.147375 0.087469
v -0.133165 -0.200715 0.068419
v -0.001085 -0.200715 0.068419
v -0.000864 -0.200695 0.068419
v -0.000650 -0.200638 0.068419
v -0.000450 -0.200544 0.068419
v -0.000268 -0.200417 0.068419
v -0.000112 -0.200261 0.068419
v 0.000015 -0.200080 0.068419
v 0.000109 -0.199879 0.068419
v 0.000166 -0.199665 0.068419
v 0.000185 -0.199445 0.068419
v 0.000185 -0.163885 0.068419
v -0.133165 -0.163885 0.068419
v 0.000185 -0.199445 0.093819
v 0.000185 -0.182935 0.093819
v 0.000166 -0.199665 0.093819
v 0.000109 -0.199879 0.093819
v 0.000015 -0.200080 0.093819
v -0.000112 -0.200261 0.093819
v -0.000268 -0.200417 0.093819
v -0.000450 -0.200544 0.093819
v -0.000650 -0.200638 0.093819
v -0.000864 -0.200695 0.093819
v -0.001085 -0.200715 0.093819
v -0.133165 -0.200715 0.093819
v -0.133165 -0.182935 0.093819
v 0.000185 -0.182935 0.093819
v 0.000185 -0.182935 0.112869
v -0.133165 -0.182935 0.093819
v -0.133165 -0.182935 0.112869
v 0.000185 -0.182935 0.112869
v 0.000185 -0.163885 0.112869
v -0.133165 -0.182935 0.112869
v -0.133165 -0.163885 0.112869
v -0.075725 -0.173410 0.112869
v -0.075787 -0.174122 0.112869
v -0.075972 -0.174812 0.112869
v -0.076274 -0.175460 0.112869
v -0.076684 -0.176045 0.112869
v -0.077189 -0.176550 0.112869
v -0.077775 -0.176960 0.112869
v -0.078422 -0.177262 0.112869
v -0.079113 -0.177447 0.112869
v -0.079825 -0.177510 0.112869
v -0.080537 -0.177447 0.112869
v -0.081227 -0.177262 0.112869
v -0.081875 -0.176960 0.112869
v -0.082460 -0.176550 0.112869
v -0.082965 -0.176045 0.112869
v -0.083375 -0.175460 0.112869
v -0.083677 -0.174812 0.112869
v -0.083862 -0.174122 0.112869
v -0.083925 -0.173410 0.112869
v -0.083862 -0.172698 0.112869
v -0.083677 -0.172007 0.112869
v -0.083375 -0.171360 0.112869
v -0.082965 -0.170774 0.112869
v -0.082460 -0.170269 0.112869
v -0.081875 -0.169859 0.112869
v -0.081227 -0.169557 0.112869
v -0.080537 -0.169372 0.112869
v -0.079825 -0.169310 0.112869
v -0.079113 -0.169372 0.112869
v -0.078422 -0.169557 0.112869
v -0.077775 -0.169859 0.112869
v -0.077189 -0.170269 0.112869
v -0.076684 -0.170774 0.112869
v -0.076274 -0.171360 0.112869
v -0.075972 -0.172007 0.112869
v -0.075787 -0.172698 0.112869
v -0.093505 -0.173410 0.112869
v -0.093567 -0.174122 0.112869
v -0.093752 -0.174812 0.112869
v -0.094054 -0.175460 0.112869
v -0.094464 -0.176045 0.112869
v -0.094969 -0.176550 0.112869
v -0.095555 -0.176960 0.112869
v -0.096202 -0.177262 0.112869
v -0.096893 -0.177447 0.112869
v -0.097605 -0.177510 0.112869
v -0.098317 -0.177447 0.112869
v -0.099007 -0.177262 0.112869
v -0.099655 -0.176960 0.112869
v -0.100240 -0.176550 0.112869
v -0.100745 -0.176045 0.112869
v -0.101155 -0.175460 0.112869
v -0.101457 -0.174812 0.112869
v -0.101642 -0.174122 0.112869
v -0.101705 -0.173410 0.112869
v -0.101642 -0.172698 0.112869
v -0.101457 -0.172007 0.112869
v -0.101155 -0.171360 0.112869
v -0.100745 -0.170774 0.112869
v -0.100240 -0.170269 0.112869
v -0.099655 -0.169859 0.112869
v -0.099007 -0.169557 0.112869
v -0.098317 -0.169372 0.112869
v -0.097605 -0.169310 0.112869
v -0.096893 -0.169372 0.112869
v -0.096202 -0.169557 0.112869
v -0.095555 -0.169859 0.112869
v -0.094969 -0.170269 0.112869
v -0.094464 -0.170774 0.112869
v -0.094054 -0.171360 0.112869
v -0.093752 -0.172007 0.112869
v -0.093567 -0.172698 0.112869
v -0.111285 -0.173410 0.112869
v -0.111347 -0.174122 0.112869
v -0.111532 -0.174812 0.112869
v -0.111834 -0.175460 0.112869
v -0.112244 -0.176045 0.112869
v -0.112749 -0.176550 0.112869
v -0.113335 -0.176960 0.112869
v -0.113982 -0.177262 0.112869
v -0.114673 -0.177447 0.112869
v -0.115385 -0.177510 0.112869
v -0.116097 -0.177447 0.112869
v -0.116787 -0.177262 0.112869
v -0.117435 -0.176960 0.112869
v -0.118020 -0.176550 0.112869
v -0.118525 -0.176045 0.112869
v -0.118935 -0.175460 0.112869
v -0.119237 -0.174812 0.112869
v -0.119422 -0.174122 0.112869
v -0.119485 -0.173410 0.112869
v -0.119422 -0.172698 0.112869
v -0.119237 -0.172007 0.112869
v -0.118935 -0.171360 0.112869
v -0.118525 -0.170774 0.112869
v -0.118020 -0.170269 0.112869
v -0.117435 -0.169859 0.112869
v -0.116787 -0.169557 0.112869
v -0.116097 -0.169372 0.112869
v -0.115385 -0.169310 0.112869
v -0.114673 -0.169372 0.112869
v -0.113982 -0.169557 0.112869
v -0.113335 -0.169859 0.112869
v -0.112749 -0.170269 0.112869
v -0.112244 -0.170774 0.112869
v -0.111834 -0.171360 0.112869
v -0.111532 -0.172007 0.112869
v -0.111347 -0.172698 0.112869
v -0.057945 -0.173410 0.112869
v -0.058007 -0.174122 0.112869
v -0.058192 -0.174812 0.112869
v -0.058494 -0.175460 0.112869
v -0.058904 -0.176045 0.112869
v -0.059409 -0.176550 0.112869
v -0.059995 -0.176960 0.112869
v -0.060642 -0.177262 0.112869
v -0.061333 -0.177447 0.112869
v -0.062045 -0.177510 0.112869
v -0.062757 -0.177447 0.112869
v -0.063447 -0.177262 0.112869
v -0.064095 -0.176960 0.112869
v -0.064680 -0.176550 0.112869
v -0.065185 -0.176045 0.112869
v -0.065595 -0.175460 0.112869
v -0.065897 -0.174812 0.112869
v -0.066082 -0.174122 0.112869
v -0.066145 -0.173410 0.112869
v -0.066082 -0.172698 0.112869
v -0.065897 -0.172007 0.112869
v -0.065595 -0.171360 0.112869
v -0.065185 -0.170774 0.112869
v -0.064680 -0.170269 0.112869
v -0.064095 -0.169859 0.112869
v -0.063447 -0.169557 0.112869
v -0.062757 -0.169372 0.112869
v -0.062045 -0.169310 0.112869
v -0.061333 -0.169372 0.112869
v -0.060642 -0.169557 0.112869
v -0.059995 -0.169859 0.112869
v -0.059409 -0.170269 0.112869
v -0.058904 -0.170774 0.112869
v -0.058494 -0.171360 0.112869
v -0.058192 -0.172007 0.112869
v -0.058007 -0.172698 0.112869
v -0.040165 -0.173410 0.112869
v -0.040227 -0.174122 0.112869
v -0.040412 -0.174812 0.112869
v -0.040714 -0.175460 0.112869
v -0.041124 -0.176045 0.112869
v -0.041629 -0.176550 0.112869
v -0.042215 -0.176960 0.112869
v -0.042862 -0.177262 0.112869
v -0.043553 -0.177447 0.112869
v -0.044265 -0.177510 0.112869
v -0.044977 -0.177447 0.112869
v -0.045667 -0.177262 0.112869
v -0.046315 -0.176960 0.112869
v -0.046900 -0.176550 0.112869
v -0.047405 -0.176045 0.112869
v -0.047815 -0.175460 0.112869
v -0.048117 -0.174812 0.112869
v -0.048302 -0.174122 0.112869
v -0.048365 -0.173410 0.112869
v -0.048302 -0.172698 0.112869
v -0.048117 -0.172007 0.112869
v -0.047815 -0.171360 0.112869
v -0.047405 -0.170774 0.112869
v -0.046900 -0.170269 0.112869
v -0.046315 -0.169859 0.112869
v -0.045667 -0.169557 0.112869
v -0.044977 -0.169372 0.112869
v -0.044265 -0.169310 0.112869
v -0.043553 -0.169372 0.112869
v -0.042862 -0.169557 0.112869
v -0.042215 -0.169859 0.112869
v -0.041629 -0.170269 0.112869
v -0.041124 -0.170774 0.112869
v -0.040714 -0.171360 0.112869
v -0.040412 -0.172007 0.112869
v -0.040227 -0.172698 0.112869
v -0.022385 -0.173410 0.112869
v -0.022447 -0.174122 0.112869
v -0.022632 -0.174812 0.112869
v -0.022934 -0.175460 0.112869
v -0.023344 -0.176045 0.112869
v -0.023849 -0.176550 0.112869
v -0.024435 -0.176960 0.112869
v -0.025082 -0.177262 0.112869
v -0.025773 -0.177447 0.112869
v -0.026485 -0.177510 0.112869
v -0.027197 -0.177447 0.112869
v -0.027887 -0.177262 0.112869
v -0.028535 -0.176960 0.112869
v -0.029120 -0.176550 0.112869
v -0.029625 -0.176045 0.112869
v -0.030035 -0.175460 0.112869
v -0.030337 -0.174812 0.112869
v -0.030522 -0.174122 0.112869
v -0.030585 -0.173410 0.112869
v -0.030522 -0.172698 0.112869
v -0.030337 -0.172007 0.112869
v -0.030035 -0.171360 0.112869
v -0.029625 -0.170774 0.112869
v -0.029120 -0.170269 0.112869
v -0.028535 -0.169859 0.112869
v -0.027887 -0.169557 0.112869
v -0.027197 -0.169372 0.112869
v -0.026485 -0.169310 0.112869
v -0.025773 -0.169372 0.112869
v -0.025082 -0.169557 0.112869
v -0.024435 -0.169859 0.112869
v -0.023849 -0.170269 0.112869
v -0.023344 -0.170774 0.112869
v -0.022934 -0.171360 0.112869
v -0.022632 -0.172007 0.112869
v -0.022447 -0.172698 0.112869
v -0.004605 -0.173410 0.112869
v -0.004667 -0.174122 0.112869
v -0.004852 -0.174812 0.112869
v -0.005154 -0.175460 0.112869
v -0.005564 -0.176045 0.112869
v -0.006069 -0.176550 0.112869
v -0.006655 -0.176960 0.112869
v -0.007302 -0.177262 0.112869
v -0.007993 -0.177447 0.112869
v -0.008705 -0.177510 0.112869
v -0.009417 -0.177447 0.112869
v -0.010107 -0.177262 0.112869
v -0.010755 -0.176960 0.112869
v -0.011340 -0.176550 0.112869
v -0.011845 -0.176045 0.112869
v -0.012255 -0.175460 0.112869
v -0.012557 -0.174812 0.112869
v -0.012742 -0.174122 0.112869
v -0.012805 -0.173410 0.112869
v -0.012742 -0.172698 0.112869
v -0.012557 -0.172007 0.112869
v -0.012255 -0.171360 0.112869
v -0.011845 -0.170774 0.112869
v -0.011340 -0.170269 0.112869
v -0.010755 -0.169859 0.112869
v -0.010107 -0.169557 0.112869
v -0.009417 -0.169372 0.112869
v -0.008705 -0.169310 0.112869
v -0.007993 -0.169372 0.112869
v -0.007302 -0.169557 0.112869
v -0.006655 -0.169859 0.112869
v -0.006069 -0.170269 0.112869
v -0.005564 -0.170774 0.112869
v -0.005154 -0.171360 0.112869
v -0.004852 -0.172007 0.112869
v -0.004667 -0.172698 0.112869
v 0.000185 -0.163885 0.112869
v 0.000185 -0.163885 0.068419
v -0.133165 -0.163885 0.112869
v -0.133165 -0.163885 0.068419
v -0.133165 -0.163885 0.068419
v -0.133165 -0.200715 0.068419
v -0.133165 -0.163885 0.112869
v -0.133165 -0.182935 0.112869
v -0.133165 -0.182935 0.093819
v -0.133165 -0.200715 0.093819
v -0.133165 -0.146105 0.112869
v 0.000185 -0.146105 0.112869
v -0.133165 -0.146105 0.068419
v 0.000185 -0.146105 0.068419
v -0.133165 -0.127055 0.112869
v 0.000185 -0.127055 0.112869
v -0.133165 -0.146105 0.112869
v 0.000185 -0.146105 0.112869
v -0.039475 -0.136580 0.112869
v -0.039412 -0.135868 0.112869
v -0.039227 -0.135177 0.112869
v -0.038925 -0.134530 0.112869
v -0.038515 -0.133944 0.112869
v -0.038010 -0.133439 0.112869
v -0.037425 -0.133029 0.112869
v -0.036777 -0.132727 0.112869
v -0.036087 -0.132542 0.112869
v -0.035375 -0.132480 0.112869
v -0.034663 -0.132542 0.112869
v -0.033972 -0.132727 0.112869
v -0.033325 -0.133029 0.112869
v -0.032739 -0.133439 0.112869
v -0.032234 -0.133944 0.112869
v -0.031824 -0.134530 0.112869
v -0.031522 -0.135177 0.112869
v -0.031337 -0.135868 0.112869
v -0.031275 -0.136580 0.112869
v -0.031337 -0.137292 0.112869
v -0.031522 -0.137982 0.112869
v -0.031824 -0.138630 0.112869
v -0.032234 -0.139215 0.112869
v -0.032739 -0.139720 0.112869
v -0.033325 -0.140130 0.112869
v -0.033972 -0.140432 0.112869
v -0.034663 -0.140617 0.112869
v -0.035375 -0.140680 0.112869
v -0.036087 -0.140617 0.112869
v -0.036777 -0.140432 0.112869
v -0.037425 -0.140130 0.112869
v -0.038010 -0.139720 0.112869
v -0.038515 -0.139215 0.112869
v -0.038925 -0.138630 0.112869
v -0.039227 -0.137982 0.112869
v -0.039412 -0.137292 0.112869
v -0.057255 -0.136580 0.112869
v -0.057192 -0.135868 0.112869
v -0.057007 -0.135177 0.112869
v -0.056705 -0.134530 0.112869
v -0.056295 -0.133944 0.112869
v -0.055790 -0.133439 0.112869
v -0.055205 -0.133029 0.112869
v -0.054557 -0.132727 0.112869
v -0.053867 -0.132542 0.112869
v -0.053155 -0.132480 0.112869
v -0.052443 -0.132542 0.112869
v -0.051752 -0.132727 0.112869
v -0.051105 -0.133029 0.112869
v -0.050519 -0.133439 0.112869
v -0.050014 -0.133944 0.112869
v -0.049604 -0.134530 0.112869
v -0.049302 -0.135177 0.112869
v -0.049117 -0.135868 0.112869
v -0.049055 -0.136580 0.112869
v -0.049117 -0.137292 0.112869
v -0.049302 -0.137982 0.112869
v -0.049604 -0.138630 0.112869
v -0.050014 -0.139215 0.112869
v -0.050519 -0.139720 0.112869
v -0.051105 -0.140130 0.112869
v -0.051752 -0.140432 0.112869
v -0.052443 -0.140617 0.112869
v -0.053155 -0.140680 0.112869
v -0.053867 -0.140617 0.112869
v -0.054557 -0.140432 0.112869
v -0.055205 -0.140130 0.112869
v -0.055790 -0.139720 0.112869
v -0.056295 -0.139215 0.112869
v -0.056705 -0.138630 0.112869
v -0.057007 -0.137982 0.112869
v -0.057192 -0.137292 0.112869
v -0.075035 -0.136580 0.112869
v -0.074972 -0.135868 0.112869
v -0.074787 -0.135177 0.112869
v -0.074485 -0.134530 0.112869
v -0.074075 -0.133944 0.112869
v -0.073570 -0.133439 0.112869
v -0.072985 -0.133029 0.112869
v -0.072337 -0.132727 0.112869
v -0.071647 -0.132542 0.112869
v -0.070935 -0.132480 0.112869
v -0.070223 -0.132542 0.112869
v -0.069532 -0.132727 0.112869
v -0.068885 -0.133029 0.112869
v -0.068299 -0.133439 0.112869
v -0.067794 -0.133944 0.112869
v -0.067384 -0.134530 0.112869
v -0.067082 -0.135177 0.112869
v -0.066897 -0.135868 0.112869
v -0.066835 -0.136580 0.112869
v -0.066897 -0.137292 0.112869
v -0.067082 -0.137982 0.112869
v -0.067384 -0.138630 0.112869
v -0.067794 -0.139215 0.112869
v -0.068299 -0.139720 0.112869
v -0.068885 -0.140130 0.112869
v -0.069532 -0.140432 0.112869
v -0.070223 -0.140617 0.112869
v -0.070935 -0.140680 0.112869
v -0.071647 -0.140617 0.112869
v -0.072337 -0.140432 0.112869
v -0.072985 -0.140130 0.112869
v -0.073570 -0.139720 0.112869
v -0.074075 -0.139215 0.112869
v -0.074485 -0.138630 0.112869
v -0.074787 -0.137982 0.112869
v -0.074972 -0.137292 0.112869
v -0.092815 -0.136580 0.112869
v -0.092752 -0.135868 0.112869
v -0.092567 -0.135177 0.112869
v -0.092265 -0.134530 0.112869
v -0.091855 -0.133944 0.112869
v -0.091350 -0.133439 0.112869
v -0.090765 -0.133029 0.112869
v -0.090117 -0.132727 0.112869
v -0.089427 -0.132542 0.112869
v -0.088715 -0.132480 0.112869
v -0.088003 -0.132542 0.112869
v -0.087312 -0.132727 0.112869
v -0.086665 -0.133029 0.112869
v -0.086079 -0.133439 0.112869
v -0.085574 -0.133944 0.112869
v -0.085164 -0.134530 0.112869
v -0.084862 -0.135177 0.112869
v -0.084677 -0.135868 0.112869
v -0.084615 -0.136580 0.112869
v -0.084677 -0.137292 0.112869
v -0.084862 -0.137982 0.112869
v -0.085164 -0.138630 0.112869
v -0.085574 -0.139215 0.112869
v -0.086079 -0.139720 0.112869
v -0.086665 -0.140130 0.112869
v -0.087312 -0.140432 0.112869
v -0.088003 -0.140617 0.112869
v -0.088715 -0.140680 0.112869
v -0.089427 -0.140617 0.112869
v -0.090117 -0.140432 0.112869
v -0.090765 -0.140130 0.112869
v -0.091350 -0.139720 0.112869
v -0.091855 -0.139215 0.112869
v -0.092265 -0.138630 0.112869
v -0.092567 -0.137982 0.112869
v -0.092752 -0.137292 0.112869
v -0.110595 -0.136580 0.112869
v -0.110532 -0.135868 0.112869
v -0.110347 -0.135177 0.112869
v -0.110045 -0.134530 0.112869
v -0.109635 -0.133944 0.112869
v -0.109130 -0.133439 0.112869
v -0.108545 -0.133029 0.112869
v -0.107897 -0.132727 0.112869
v -0.107207 -0.132542 0.112869
v -0.106495 -0.132480 0.112869
v -0.105783 -0.132542 0.112869
v -0.105092 -0.132727 0.112869
v -0.104445 -0.133029 0.112869
v -0.103859 -0.133439 0.112869
v -0.103354 -0.133944 0.112869
v -0.102944 -0.134530 0.112869
v -0.102642 -0.135177 0.112869
v -0.102457 -0.135868 0.112869
v -0.102395 -0.136580 0.112869
v -0.102457 -0.137292 0.112869
v -0.102642 -0.137982 0.112869
v -0.102944 -0.138630 0.112869
v -0.103354 -0.139215 0.112869
v -0.103859 -0.139720 0.112869
v -0.104445 -0.140130 0.112869
v -0.105092 -0.140432 0.112869
v -0.105783 -0.140617 0.112869
v -0.106495 -0.140680 0.112869
v -0.107207 -0.140617 0.112869
v -0.107897 -0.140432 0.112869
v -0.108545 -0.140130 0.112869
v -0.109130 -0.139720 0.112869
v -0.109635 -0.139215 0.112869
v -0.110045 -0.138630 0.112869
v -0.110347 -0.137982 0.112869
v -0.110532 -0.137292 0.112869
v -0.128375 -0.136580 0.112869
v -0.128312 -0.135868 0.112869
v -0.128127 -0.135177 0.112869
v -0.127825 -0.134530 0.112869
v -0.127415 -0.133944 0.112869
v -0.126910 -0.133439 0.112869
v -0.126325 -0.133029 0.112869
v -0.125677 -0.132727 0.112869
v -0.124987 -0.132542 0.112869
v -0.124275 -0.132480 0.112869
v -0.123563 -0.132542 0.112869
v -0.122872 -0.132727 0.112869
v -0.122225 -0.133029 0.112869
v -0.121639 -0.133439 0.112869
v -0.121134 -0.133944 0.112869
v -0.120724 -0.134530 0.112869
v -0.120422 -0.135177 0.112869
v -0.120237 -0.135868 0.112869
v -0.120175 -0.136580 0.112869
v -0.120237 -0.137292 0.112869
v -0.120422 -0.137982 0.112869
v -0.120724 -0.138630 0.112869
v -0.121134 -0.139215 0.112869
v -0.121639 -0.139720 0.112869
v -0.122225 -0.140130 0.112869
v -0.122872 -0.140432 0.112869
v -0.123563 -0.140617 0.112869
v -0.124275 -0.140680 0.112869
v -0.124987 -0.140617 0.112869
v -0.125677 -0.140432 0.112869
v -0.126325 -0.140130 0.112869
v -0.126910 -0.139720 0.112869
v -0.127415 -0.139215 0.112869
v -0.127825 -0.138630 0.112869
v -0.128127 -0.137982 0.112869
v -0.128312 -0.137292 0.112869
v -0.021695 -0.136580 0.112869
v -0.021632 -0.135868 0.112869
v -0.021447 -0.135177 0.112869
v -0.021145 -0.134530 0.112869
v -0.020735 -0.133944 0.112869
v -0.020230 -0.133439 0.112869
v -0.019645 -0.133029 0.112869
v -0.018997 -0.132727 0.112869
v -0.018307 -0.132542 0.112869
v -0.017595 -0.132480 0.112869
v -0.016883 -0.132542 0.112869
v -0.016192 -0.132727 0.112869
v -0.015545 -0.133029 0.112869
v -0.014959 -0.133439 0.112869
v -0.014454 -0.133944 0.112869
v -0.014044 -0.134530 0.112869
v -0.013742 -0.135177 0.112869
v -0.013557 -0.135868 0.112869
v -0.013495 -0.136580 0.112869
v -0.013557 -0.137292 0.112869
v -0.013742 -0.137982 0.112869
v -0.014044 -0.138630 0.112869
v -0.014454 -0.139215 0.112869
v -0.014959 -0.139720 0.112869
v -0.015545 -0.140130 0.112869
v -0.016192 -0.140432 0.112869
v -0.016883 -0.140617 0.112869
v -0.017595 -0.140680 0.112869
v -0.018307 -0.140617 0.112869
v -0.018997 -0.140432 0.112869
v -0.019645 -0.140130 0.112869
v -0.020230 -0.139720 0.112869
v -0.020735 -0.139215 0.112869
v -0.021145 -0.138630 0.112869
v -0.021447 -0.137982 0.112869
v -0.021632 -0.137292 0.112869
v 0.000185 -0.127055 0.112869
v 0.000185 -0.127055 0.093819
v -0.133165 -0.127055 0.112869
v -0.133165 -0.127055 0.093819
v -0.133165 -0.109275 0.093819
v -0.001085 -0.109275 0.093819
v -0.000864 -0.109294 0.093819
v -0.000650 -0.109351 0.093819
v -0.000450 -0.109445 0.093819
v -0.000268 -0.109572 0.093819
v -0.000112 -0.109728 0.093819
v 0.000015 -0.109910 0.093819
v 0.000109 -0.110110 0.093819
v 0.000166 -0.110324 0.093819
v 0.000185 -0.110545 0.093819
v 0.000185 -0.127055 0.093819
v -0.133165 -0.127055 0.093819
v -0.133165 -0.146105 0.112869
v -0.133165 -0.146105 0.068419
v -0.133165 -0.109275 0.068419
v -0.133165 -0.109275 0.093819
v -0.133165 -0.127055 0.093819
v -0.133165 -0.127055 0.112869
v -0.164915 -0.115625 0.090694
v -0.165457 -0.115625 0.090742
v -0.165983 -0.115625 0.090883
v -0.166477 -0.115625 0.091113
v -0.166923 -0.115625 0.091425
v -0.167308 -0.115625 0.091810
v -0.167621 -0.115625 0.092257
v -0.167851 -0.115625 0.092750
v -0.167992 -0.115625 0.093277
v -0.168040 -0.115625 0.093819
v -0.167992 -0.115625 0.094362
v -0.167851 -0.115625 0.094888
v -0.167621 -0.115625 0.095382
v -0.167308 -0.115625 0.095828
v -0.166923 -0.115625 0.096213
v -0.166477 -0.115625 0.096525
v -0.165983 -0.115625 0.096756
v -0.165457 -0.115625 0.096897
v -0.164915 -0.115625 0.096944
v -0.164915 -0.128125 0.090694
v -0.165457 -0.128125 0.090742
v -0.165983 -0.128125 0.090883
v -0.166477 -0.128125 0.091113
v -0.166923 -0.128125 0.091425
v -0.167308 -0.128125 0.091810
v -0.167621 -0.128125 0.092257
v -0.167851 -0.128125 0.092750
v -0.167992 -0.128125 0.093277
v -0.168040 -0.128125 0.093819
v -0.167992 -0.128125 0.094362
v -0.167851 -0.128125 0.094888
v -0.167621 -0.128125 0.095382
v -0.167308 -0.128125 0.095828
v -0.166923 -0.128125 0.096213
v -0.166477 -0.128125 0.096525
v -0.165983 -0.128125 0.096756
v -0.165457 -0.128125 0.096897
v -0.164915 -0.128125 0.096944
v -0.164915 -0.128125 0.090694
v -0.165457 -0.128125 0.090742
v -0.165983 -0.128125 0.090883
v -0.166477 -0.128125 0.091113
v -0.166923 -0.128125 0.091425
v -0.167308 -0.128125 0.091810
v -0.167621 -0.128125 0.092257
v -0.167851 -0.128125 0.092750
v -0.167992 -0.128125 0.093277
v -0.168040 -0.128125 0.093819
v -0.167992 -0.128125 0.094362
v -0.167851 -0.128125 0.094888
v -0.167621 -0.128125 0.095382
v -0.167308 -0.128125 0.095828
v -0.166923 -0.128125 0.096213
v -0.166477 -0.128125 0.096525
v -0.165983 -0.128125 0.096756
v -0.165457 -0.128125 0.096897
v -0.164915 -0.128125 0.096944
v -0.164372 -0.128125 0.096897
v -0.163846 -0.128125 0.096756
v -0.163352 -0.128125 0.096525
v -0.162906 -0.128125 0.096213
v -0.162521 -0.128125 0.095828
v -0.162208 -0.128125 0.095382
v -0.161978 -0.128125 0.094888
v -0.161837 -0.128125 0.094362
v -0.161790 -0.128125 0.093819
v -0.161837 -0.128125 0.093277
v -0.161978 -0.128125 0.092750
v -0.162208 -0.128125 0.092257
v -0.162521 -0.128125 0.091810
v -0.162906 -0.128125 0.091425
v -0.163352 -0.128125 0.091113
v -0.163846 -0.128125 0.090883
v -0.164372 -0.128125 0.090742
v -0.152215 -0.115625 0.090694
v -0.152757 -0.115625 0.090742
v -0.153283 -0.115625 0.090883
v -0.153777 -0.115625 0.091113
v -0.154223 -0.115625 0.091425
v -0.154608 -0.115625 0.091810
v -0.154921 -0.115625 0.092257
v -0.155151 -0.115625 0.092750
v -0.155292 -0.115625 0.093277
v -0.155340 -0.115625 0.093819
v -0.155292 -0.115625 0.094362
v -0.155151 -0.115625 0.094888
v -0.154921 -0.115625 0.095382
v -0.154608 -0.115625 0.095828
v -0.154223 -0.115625 0.096213
v -0.153777 -0.115625 0.096525
v -0.153283 -0.115625 0.096756
v -0.152757 -0.115625 0.096897
v -0.152215 -0.115625 0.096944
v -0.152215 -0.128125 0.090694
v -0.152757 -0.128125 0.090742
v -0.153283 -0.128125 0.090883
v -0.153777 -0.128125 0.091113
v -0.154223 -0.128125 0.091425
v -0.154608 -0.128125 0.091810
v -0.154921 -0.128125 0.092257
v -0.155151 -0.128125 0.092750
v -0.155292 -0.128125 0.093277
v -0.155340 -0.128125 0.093819
v -0.155292 -0.128125 0.094362
v -0.155151 -0.128125 0.094888
v -0.154921 -0.128125 0.095382
v -0.154608 -0.128125 0.095828
v -0.154223 -0.128125 0.096213
v -0.153777 -0.128125 0.096525
v -0.153283 -0.128125 0.096756
v -0.152757 -0.128125 0.096897
v -0.152215 -0.128125 0.096944
v -0.152215 -0.128125 0.090694
v -0.152757 -0.128125 0.090742
v -0.153283 -0.128125 0.090883
v -0.153777 -0.128125 0.091113
v -0.154223 -0.128125 0.091425
v -0.154608 -0.128125 0.091810
v -0.154921 -0.128125 0.092257
v -0.155151 -0.128125 0.092750
v -0.155292 -0.128125 0.093277
v -0.155340 -0.128125 0.093819
v -0.155292 -0.128125 0.094362
v -0.155151 -0.128125 0.094888
v -0.154921 -0.128125 0.095382
v -0.154608 -0.128125 0.095828
v -0.154223 -0.128125 0.096213
v -0.153777 -0.128125 0.096525
v -0.153283 -0.128125 0.096756
v -0.152757 -0.128125 0.096897
v -0.152215 -0.128125 0.096944
v -0.151672 -0.128125 0.096897
v -0.151146 -0.128125 0.096756
v -0.150652 -0.128125 0.096525
v -0.150206 -0.128125 0.096213
v -0.149821 -0.128125 0.095828
v -0.149508 -0.128125 0.095382
v -0.149278 -0.128125 0.094888
v -0.149137 -0.128125 0.094362
v -0.149090 -0.128125 0.093819
v -0.149137 -0.128125 0.093277
v -0.149278 -0.128125 0.092750
v -0.149508 -0.128125 0.092257
v -0.149821 -0.128125 0.091810
v -0.150206 -0.128125 0.091425
v -0.150652 -0.128125 0.091113
v -0.151146 -0.128125 0.090883
v -0.151672 -0.128125 0.090742
v -0.152215 -0.115625 0.067809
v -0.152762 -0.115625 0.067857
v -0.153292 -0.115625 0.067999
v -0.153790 -0.115625 0.068231
v -0.154239 -0.115625 0.068546
v -0.154628 -0.115625 0.068934
v -0.154943 -0.115625 0.069384
v -0.155175 -0.115625 0.069882
v -0.155317 -0.115625 0.070412
v -0.155365 -0.115625 0.070959
v -0.155317 -0.115625 0.071506
v -0.155175 -0.115625 0.072037
v -0.154943 -0.115625 0.072534
v -0.154628 -0.115625 0.072984
v -0.154239 -0.115625 0.073372
v -0.153790 -0.115625 0.073687
v -0.153292 -0.115625 0.073919
v -0.152762 -0.115625 0.074061
v -0.152215 -0.115625 0.074109
v -0.152215 -0.128125 0.067809
v -0.152762 -0.128125 0.067857
v -0.153292 -0.128125 0.067999
v -0.153790 -0.128125 0.068231
v -0.154239 -0.128125 0.068546
v -0.154628 -0.128125 0.068934
v -0.154943 -0.128125 0.069384
v -0.155175 -0.128125 0.069882
v -0.155317 -0.128125 0.070412
v -0.155365 -0.128125 0.070959
v -0.155317 -0.128125 0.071506
v -0.155175 -0.128125 0.072037
v -0.154943 -0.128125 0.072534
v -0.154628 -0.128125 0.072984
v -0.154239 -0.128125 0.073372
v -0.153790 -0.128125 0.073687
v -0.153292 -0.128125 0.073919
v -0.152762 -0.128125 0.074061
v -0.152215 -0.128125 0.074109
v -0.152215 -0.128125 0.067809
v -0.152762 -0.128125 0.067857
v -0.153292 -0.128125 0.067999
v -0.153790 -0.128125 0.068231
v -0.154239 -0.128125 0.068546
v -0.154628 -0.128125 0.068934
v -0.154943 -0.128125 0.069384
v -0.155175 -0.128125 0.069882
v -0.155317 -0.128125 0.070412
v -0.155365 -0.128125 0.070959
v -0.155317 -0.128125 0.071506
v -0.155175 -0.128125 0.072037
v -0.154943 -0.128125 0.072534
v -0.154628 -0.128125 0.072984
v -0.154239 -0.128125 0.073372
v -0.153790 -0.128125 0.073687
v -0.153292 -0.128125 0.073919
v -0.152762 -0.128125 0.074061
v -0.152215 -0.128125 0.074109
v -0.151668 -0.128125 0.074061
v -0.151137 -0.128125 0.073919
v -0.150640 -0.128125 0.073687
v -0.150190 -0.128125 0.073372
v -0.149802 -0.128125 0.072984
v -0.149487 -0.128125 0.072534
v -0.149255 -0.128125 0.072037
v -0.149112 -0.128125 0.071506
v -0.149065 -0.128125 0.070959
v -0.149112 -0.128125 0.070412
v -0.149255 -0.128125 0.069882
v -0.149487 -0.128125 0.069384
v -0.149802 -0.128125 0.068934
v -0.150190 -0.128125 0.068546
v -0.150640 -0.128125 0.068231
v -0.151137 -0.128125 0.067999
v -0.151668 -0.128125 0.067857
v -0.164915 -0.115625 0.067834
v -0.165457 -0.115625 0.067882
v -0.165983 -0.115625 0.068023
v -0.166477 -0.115625 0.068253
v -0.166923 -0.115625 0.068565
v -0.167308 -0.115625 0.068950
v -0.167621 -0.115625 0.069397
v -0.167851 -0.115625 0.069890
v -0.167992 -0.115625 0.070417
v -0.168040 -0.115625 0.070959
v -0.167992 -0.115625 0.071502
v -0.167851 -0.115625 0.072028
v -0.167621 -0.115625 0.072522
v -0.167308 -0.115625 0.072968
v -0.166923 -0.115625 0.073353
v -0.166477 -0.115625 0.073665
v -0.165983 -0.115625 0.073896
v -0.165457 -0.115625 0.074037
v -0.164915 -0.115625 0.074084
v -0.164915 -0.128125 0.067834
v -0.165457 -0.128125 0.067882
v -0.165983 -0.128125 0.068023
v -0.166477 -0.128125 0.068253
v -0.166923 -0.128125 0.068565
v -0.167308 -0.128125 0.068950
v -0.167621 -0.128125 0.069397
v -0.167851 -0.128125 0.069890
v -0.167992 -0.128125 0.070417
v -0.168040 -0.128125 0.070959
v -0.167992 -0.128125 0.071502
v -0.167851 -0.128125 0.072028
v -0.167621 -0.128125 0.072522
v -0.167308 -0.128125 0.072968
v -0.166923 -0.128125 0.073353
v -0.166477 -0.128125 0.073665
v -0.165983 -0.128125 0.073896
v -0.165457 -0.128125 0.074037
v -0.164915 -0.128125 0.074084
v -0.164915 -0.128125 0.067834
v -0.165457 -0.128125 0.067882
v -0.165983 -0.128125 0.068023
v -0.166477 -0.128125 0.068253
v -0.166923 -0.128125 0.068565
v -0.167308 -0.128125 0.068950
v -0.167621 -0.128125 0.069397
v -0.167851 -0.128125 0.069890
v -0.167992 -0.128125 0.070417
v -0.168040 -0.128125 0.070959
v -0.167992 -0.128125 0.071502
v -0.167851 -0.128125 0.072028
v -0.167621 -0.128125 0.072522
v -0.167308 -0.128125 0.072968
v -0.166923 -0.128125 0.073353
v -0.166477 -0.128125 0.073665
v -0.165983 -0.128125 0.073896
v -0.165457 -0.128125 0.074037
v -0.164915 -0.128125 0.074084
v -0.164372 -0.128125 0.074037
v -0.163846 -0.128125 0.073896
v -0.163352 -0.128125 0.073665
v -0.162906 -0.128125 0.073353
v -0.162521 -0.128125 0.072968
v -0.162208 -0.128125 0.072522
v -0.161978 -0.128125 0.072028
v -0.161837 -0.128125 0.071502
v -0.161790 -0.128125 0.070959
v -0.161837 -0.128125 0.070417
v -0.161978 -0.128125 0.069890
v -0.162208 -0.128125 0.069397
v -0.162521 -0.128125 0.068950
v -0.162906 -0.128125 0.068565
v -0.163352 -0.128125 0.068253
v -0.163846 -0.128125 0.068023
v -0.164372 -0.128125 0.067882
v -0.152215 -0.194365 0.067809
v -0.152762 -0.194365 0.067857
v -0.153292 -0.194365 0.067999
v -0.153790 -0.194365 0.068231
v -0.154239 -0.194365 0.068546
v -0.154628 -0.194365 0.068934
v -0.154943 -0.194365 0.069384
v -0.155175 -0.194365 0.069882
v -0.155317 -0.194365 0.070412
v -0.155365 -0.194365 0.070959
v -0.155317 -0.194365 0.071506
v -0.155175 -0.194365 0.072037
v -0.154943 -0.194365 0.072534
v -0.154628 -0.194365 0.072984
v -0.154239 -0.194365 0.073372
v -0.153790 -0.194365 0.073687
v -0.153292 -0.194365 0.073919
v -0.152762 -0.194365 0.074061
v -0.152215 -0.194365 0.074109
v -0.152215 -0.181865 0.074109
v -0.152215 -0.181865 0.067809
v -0.152762 -0.181865 0.067857
v -0.153292 -0.181865 0.067999
v -0.153790 -0.181865 0.068231
v -0.154239 -0.181865 0.068546
v -0.154628 -0.181865 0.068934
v -0.154943 -0.181865 0.069384
v -0.155175 -0.181865 0.069882
v -0.155317 -0.181865 0.070412
v -0.155365 -0.181865 0.070959
v -0.155317 -0.181865 0.071506
v -0.155175 -0.181865 0.072037
v -0.154943 -0.181865 0.072534
v -0.154628 -0.181865 0.072984
v -0.154239 -0.181865 0.073372
v -0.153790 -0.181865 0.073687
v -0.153292 -0.181865 0.073919
v -0.152762 -0.181865 0.074061
v -0.152215 -0.181865 0.074109
v -0.151668 -0.181865 0.074061
v -0.151137 -0.181865 0.073919
v -0.150640 -0.181865 0.073687
v -0.150190 -0.181865 0.073372
v -0.149802 -0.181865 0.072984
v -0.149487 -0.181865 0.072534
v -0.149255 -0.181865 0.072037
v -0.149112 -0.181865 0.071506
v -0.149065 -0.181865 0.070959
v -0.149112 -0.181865 0.070412
v -0.149255 -0.181865 0.069882
v -0.149487 -0.181865 0.069384
v -0.149802 -0.181865 0.068934
v -0.150190 -0.181865 0.068546
v -0.150640 -0.181865 0.068231
v -0.151137 -0.181865 0.067999
v -0.151668 -0.181865 0.067857
v -0.152215 -0.181865 0.067809
v -0.152762 -0.181865 0.067857
v -0.153292 -0.181865 0.067999
v -0.153790 -0.181865 0.068231
v -0.154239 -0.181865 0.068546
v -0.154628 -0.181865 0.068934
v -0.154943 -0.181865 0.069384
v -0.155175 -0.181865 0.069882
v -0.155317 -0.181865 0.070412
v -0.155365 -0.181865 0.070959
v -0.155317 -0.181865 0.071506
v -0.155175 -0.181865 0.072037
v -0.154943 -0.181865 0.072534
v -0.154628 -0.181865 0.072984
v -0.154239 -0.181865 0.073372
v -0.153790 -0.181865 0.073687
v -0.153292 -0.181865 0.073919
v -0.152762 -0.181865 0.074061
v -0.164915 -0.194365 0.067834
v -0.165457 -0.194365 0.067882
v -0.165983 -0.194365 0.068023
v -0.166477 -0.194365 0.068253
v -0.166923 -0.194365 0.068565
v -0.167308 -0.194365 0.068950
v -0.167621 -0.194365 0.069397
v -0.167851 -0.194365 0.069890
v -0.167992 -0.194365 0.070417
v -0.168040 -0.194365 0.070959
v -0.167992 -0.194365 0.071502
v -0.167851 -0.194365 0.072028
v -0.167621 -0.194365 0.072522
v -0.167308 -0.194365 0.072968
v -0.166923 -0.194365 0.073353
v -0.166477 -0.194365 0.073665
v -0.165983 -0.194365 0.073896
v -0.165457 -0.194365 0.074037
v -0.164915 -0.194365 0.074084
v -0.164915 -0.181865 0.074084
v -0.164915 -0.181865 0.067834
v -0.165457 -0.181865 0.067882
v -0.165983 -0.181865 0.068023
v -0.166477 -0.181865 0.068253
v -0.166923 -0.181865 0.068565
v -0.167308 -0.181865 0.068950
v -0.167621 -0.181865 0.069397
v -0.167851 -0.181865 0.069890
v -0.167992 -0.181865 0.070417
v -0.168040 -0.181865 0.070959
v -0.167992 -0.181865 0.071502
v -0.167851 -0.181865 0.072028
v -0.167621 -0.181865 0.072522
v -0.167308 -0.181865 0.072968
v -0.166923 -0.181865 0.073353
v -0.166477 -0.181865 0.073665
v -0.165983 -0.181865 0.073896
v -0.165457 -0.181865 0.074037
v -0.164915 -0.181865 0.074084
v -0.164372 -0.181865 0.074037
v -0.163846 -0.181865 0.073896
v -0.163352 -0.181865 0.073665
v -0.162906 -0.181865 0.073353
v -0.162521 -0.181865 0.072968
v -0.162208 -0.181865 0.072522
v -0.161978 -0.181865 0.072028
v -0.161837 -0.181865 0.071502
v -0.161790 -0.181865 0.070959
v -0.161837 -0.181865 0.070417
v -0.161978 -0.181865 0.069890
v -0.162208 -0.181865 0.069397
v -0.162521 -0.181865 0.068950
v -0.162906 -0.181865 0.068565
v -0.163352 -0.181865 0.068253
v -0.163846 -0.181865 0.068023
v -0.164372 -0.181865 0.067882
v -0.164915 -0.181865 0.067834
v -0.165457 -0.181865 0.067882
v -0.165983 -0.181865 0.068023
v -0.166477 -0.181865 0.068253
v -0.166923 -0.181865 0.068565
v -0.167308 -0.181865 0.068950
v -0.167621 -0.181865 0.069397
v -0.167851 -0.181865 0.069890
v -0.167992 -0.181865 0.070417
v -0.168040 -0.181865 0.070959
v -0.167992 -0.181865 0.071502
v -0.167851 -0.181865 0.072028
v -0.167621 -0.181865 0.072522
v -0.167308 -0.181865 0.072968
v -0.166923 -0.181865 0.073353
v -0.166477 -0.181865 0.073665
v -0.165983 -0.181865 0.073896
v -0.165457 -0.181865 0.074037
v -0.164915 -0.194365 0.090694
v -0.165457 -0.194365 0.090742
v -0.165983 -0.194365 0.090883
v -0.166477 -0.194365 0.091113
v -0.166923 -0.194365 0.091425
v -0.167308 -0.194365 0.091810
v -0.167621 -0.194365 0.092257
v -0.167851 -0.194365 0.092750
v -0.167992 -0.194365 0.093277
v -0.168040 -0.194365 0.093819
v -0.167992 -0.194365 0.094362
v -0.167851 -0.194365 0.094888
v -0.167621 -0.194365 0.095382
v -0.167308 -0.194365 0.095828
v -0.166923 -0.194365 0.096213
v -0.166477 -0.194365 0.096525
v -0.165983 -0.194365 0.096756
v -0.165457 -0.194365 0.096897
v -0.164915 -0.194365 0.096944
v -0.164915 -0.181865 0.096944
v -0.164915 -0.181865 0.090694
v -0.165457 -0.181865 0.090742
v -0.165983 -0.181865 0.090883
v -0.166477 -0.181865 0.091113
v -0.166923 -0.181865 0.091425
v -0.167308 -0.181865 0.091810
v -0.167621 -0.181865 0.092257
v -0.167851 -0.181865 0.092750
v -0.167992 -0.181865 0.093277
v -0.168040 -0.181865 0.093819
v -0.167992 -0.181865 0.094362
v -0.167851 -0.181865 0.094888
v -0.167621 -0.181865 0.095382
v -0.167308 -0.181865 0.095828
v -0.166923 -0.181865 0.096213
v -0.166477 -0.181865 0.096525
v -0.165983 -0.181865 0.096756
v -0.165457 -0.181865 0.096897
v -0.164915 -0.181865 0.096944
v -0.164372 -0.181865 0.096897
v -0.163846 -0.181865 0.096756
v -0.163352 -0.181865 0.096525
v -0.162906 -0.181865 0.096213
v -0.162521 -0.181865 0.095828
v -0.162208 -0.181865 0.095382
v -0.161978 -0.181865 0.094888
v -0.161837 -0.181865 0.094362
v -0.161790 -0.181865 0.093819
v -0.161837 -0.181865 0.093277
v -0.161978 -0.181865 0.092750
v -0.162208 -0.181865 0.092257
v -0.162521 -0.181865 0.091810
v -0.162906 -0.181865 0.091425
v -0.163352 -0.181865 0.091113
v -0.163846 -0.181865 0.090883
v -0.164372 -0.181865 0.090742
v -0.164915 -0.181865 0.090694
v -0.165457 -0.181865 0.090742
v -0.165983 -0.181865 0.090883
v -0.166477 -0.181865 0.091113
v -0.166923 -0.181865 0.091425
v -0.167308 -0.181865 0.091810
v -0.167621 -0.181865 0.092257
v -0.167851 -0.181865 0.092750
v -0.167992 -0.181865 0.093277
v -0.168040 -0.181865 0.093819
v -0.167992 -0.181865 0.094362
v -0.167851 -0.181865 0.094888
v -0.167621 -0.181865 0.095382
v -0.167308 -0.181865 0.095828
v -0.166923 -0.181865 0.096213
v -0.166477 -0.181865 0.096525
v -0.165983 -0.181865 0.096756
v -0.165457 -0.181865 0.096897
v -0.152215 -0.194365 0.090694
v -0.152757 -0.194365 0.090742
v -0.153283 -0.194365 0.090883
v -0.153777 -0.194365 0.091113
v -0.154223 -0.194365 0.091425
v -0.154608 -0.194365 0.091810
v -0.154921 -0.194365 0.092257
v -0.155151 -0.194365 0.092750
v -0.155292 -0.194365 0.093277
v -0.155340 -0.194365 0.093819
v -0.155292 -0.194365 0.094362
v -0.155151 -0.194365 0.094888
v -0.154921 -0.194365 0.095382
v -0.154608 -0.194365 0.095828
v -0.154223 -0.194365 0.096213
v -0.153777 -0.194365 0.096525
v -0.153283 -0.194365 0.096756
v -0.152757 -0.194365 0.096897
v -0.152215 -0.194365 0.096944
v -0.152215 -0.181865 0.096944
v -0.152215 -0.181865 0.090694
v -0.152757 -0.181865 0.090742
v -0.153283 -0.181865 0.090883
v -0.153777 -0.181865 0.091113
v -0.154223 -0.181865 0.091425
v -0.154608 -0.181865 0.091810
v -0.154921 -0.181865 0.092257
v -0.155151 -0.181865 0.092750
v -0.155292 -0.181865 0.093277
v -0.155340 -0.181865 0.093819
v -0.155292 -0.181865 0.094362
v -0.155151 -0.181865 0.094888
v -0.154921 -0.181865 0.095382
v -0.154608 -0.181865 0.095828
v -0.154223 -0.181865 0.096213
v -0.153777 -0.181865 0.096525
v -0.153283 -0.181865 0.096756
v -0.152757 -0.181865 0.096897
v -0.152215 -0.181865 0.096944
v -0.151672 -0.181865 0.096897
v -0.151146 -0.181865 0.096756
v -0.150652 -0.181865 0.096525
v -0.150206 -0.181865 0.096213
v -0.149821 -0.181865 0.095828
v -0.149508 -0.181865 0.095382
v -0.149278 -0.181865 0.094888
v -0.149137 -0.181865 0.094362
v -0.149090 -0.181865 0.093819
v -0.149137 -0.181865 0.093277
v -0.149278 -0.181865 0.092750
v -0.149508 -0.181865 0.092257
v -0.149821 -0.181865 0.091810
v -0.150206 -0.181865 0.091425
v -0.150652 -0.181865 0.091113
v -0.151146 -0.181865 0.090883
v -0.151672 -0.181865 0.090742
v -0.152215 -0.181865 0.090694
v -0.152757 -0.181865 0.090742
v -0.153283 -0.181865 0.090883
v -0.153777 -0.181865 0.091113
v -0.154223 -0.181865 0.091425
v -0.154608 -0.181865 0.091810
v -0.154921 -0.181865 0.092257
v -0.155151 -0.181865 0.092750
v -0.155292 -0.181865 0.093277
v -0.155340 -0.181865 0.093819
v -0.155292 -0.181865 0.094362
v -0.155151 -0.181865 0.094888
v -0.154921 -0.181865 0.095382
v -0.154608 -0.181865 0.095828
v -0.154223 -0.181865 0.096213
v -0.153777 -0.181865 0.096525
v -0.153283 -0.181865 0.096756
v -0.152757 -0.181865 0.096897
v -0.013495 -0.136580 0.112869
v -0.013557 -0.137292 0.112869
v -0.013742 -0.137982 0.112869
v -0.014044 -0.138630 0.112869
v -0.014454 -0.139215 0.112869
v -0.014959 -0.139720 0.112869
v -0.015545 -0.140130 0.112869
v -0.016192 -0.140432 0.112869
v -0.016883 -0.140617 0.112869
v -0.017595 -0.140680 0.112869
v -0.018307 -0.140617 0.112869
v -0.018997 -0.140432 0.112869
v -0.019645 -0.140130 0.112869
v -0.020230 -0.139720 0.112869
v -0.020735 -0.139215 0.112869
v -0.021145 -0.138630 0.112869
v -0.021447 -0.137982 0.112869
v -0.021632 -0.137292 0.112869
v -0.021695 -0.136580 0.112869
v -0.013495 -0.136580 0.120489
v -0.021695 -0.136580 0.120489
v -0.021632 -0.137292 0.120489
v -0.021447 -0.137982 0.120489
v -0.021145 -0.138630 0.120489
v -0.020735 -0.139215 0.120489
v -0.020230 -0.139720 0.120489
v -0.019645 -0.140130 0.120489
v -0.018997 -0.140432 0.120489
v -0.018307 -0.140617 0.120489
v -0.017595 -0.140680 0.120489
v -0.016883 -0.140617 0.120489
v -0.016192 -0.140432 0.120489
v -0.015545 -0.140130 0.120489
v -0.014959 -0.139720 0.120489
v -0.014454 -0.139215 0.120489
v -0.014044 -0.138630 0.120489
v -0.013742 -0.137982 0.120489
v -0.013557 -0.137292 0.120489
v -0.120175 -0.136580 0.112869
v -0.120237 -0.137292 0.112869
v -0.120422 -0.137982 0.112869
v -0.120724 -0.138630 0.112869
v -0.121134 -0.139215 0.112869
v -0.121639 -0.139720 0.112869
v -0.122225 -0.140130 0.112869
v -0.122872 -0.140432 0.112869
v -0.123563 -0.140617 0.112869
v -0.124275 -0.140680 0.112869
v -0.124987 -0.140617 0.112869
v -0.125677 -0.140432 0.112869
v -0.126325 -0.140130 0.112869
v -0.126910 -0.139720 0.112869
v -0.127415 -0.139215 0.112869
v -0.127825 -0.138630 0.112869
v -0.128127 -0.137982 0.112869
v -0.128312 -0.137292 0.112869
v -0.128375 -0.136580 0.112869
v -0.120175 -0.136580 0.120489
v -0.128375 -0.136580 0.120489
v -0.128312 -0.137292 0.120489
v -0.128127 -0.137982 0.120489
v -0.127825 -0.138630 0.120489
v -0.127415 -0.139215 0.120489
v -0.126910 -0.139720 0.120489
v -0.126325 -0.140130 0.120489
v -0.125677 -0.140432 0.120489
v -0.124987 -0.140617 0.120489
v -0.124275 -0.140680 0.120489
v -0.123563 -0.140617 0.120489
v -0.122872 -0.140432 0.120489
v -0.122225 -0.140130 0.120489
v -0.121639 -0.139720 0.120489
v -0.121134 -0.139215 0.120489
v -0.120724 -0.138630 0.120489
v -0.120422 -0.137982 0.120489
v -0.120237 -0.137292 0.120489
v -0.102395 -0.136580 0.112869
v -0.102457 -0.137292 0.112869
v -0.102642 -0.137982 0.112869
v -0.102944 -0.138630 0.112869
v -0.103354 -0.139215 0.112869
v -0.103859 -0.139720 0.112869
v -0.104445 -0.140130 0.112869
v -0.105092 -0.140432 0.112869
v -0.105783 -0.140617 0.112869
v -0.106495 -0.140680 0.112869
v -0.107207 -0.140617 0.112869
v -0.107897 -0.140432 0.112869
v -0.108545 -0.140130 0.112869
v -0.109130 -0.139720 0.112869
v -0.109635 -0.139215 0.112869
v -0.110045 -0.138630 0.112869
v -0.110347 -0.137982 0.112869
v -0.110532 -0.137292 0.112869
v -0.110595 -0.136580 0.112869
v -0.102395 -0.136580 0.120489
v -0.110595 -0.136580 0.120489
v -0.110532 -0.137292 0.120489
v -0.110347 -0.137982 0.120489
v -0.110045 -0.138630 0.120489
v -0.109635 -0.139215 0.120489
v -0.109130 -0.139720 0.120489
v -0.108545 -0.140130 0.120489
v -0.107897 -0.140432 0.120489
v -0.107207 -0.140617 0.120489
v -0.106495 -0.140680 0.120489
v -0.105783 -0.140617 0.120489
v -0.105092 -0.140432 0.120489
v -0.104445 -0.140130 0.120489
v -0.103859 -0.139720 0.120489
v -0.103354 -0.139215 0.120489
v -0.102944 -0.138630 0.120489
v -0.102642 -0.137982 0.120489
v -0.102457 -0.137292 0.120489
v -0.084615 -0.136580 0.112869
v -0.084677 -0.137292 0.112869
v -0.084862 -0.137982 0.112869
v -0.085164 -0.138630 0.112869
v -0.085574 -0.139215 0.112869
v -0.086079 -0.139720 0.112869
v -0.086665 -0.140130 0.112869
v -0.087312 -0.140432 0.112869
v -0.088003 -0.140617 0.112869
v -0.088715 -0.140680 0.112869
v -0.089427 -0.140617 0.112869
v -0.090117 -0.140432 0.112869
v -0.090765 -0.140130 0.112869
v -0.091350 -0.139720 0.112869
v -0.091855 -0.139215 0.112869
v -0.092265 -0.138630 0.112869
v -0.092567 -0.137982 0.112869
v -0.092752 -0.137292 0.112869
v -0.092815 -0.136580 0.112869
v -0.084615 -0.136580 0.120489
v -0.092815 -0.136580 0.120489
v -0.092752 -0.137292 0.120489
v -0.092567 -0.137982 0.120489
v -0.092265 -0.138630 0.120489
v -0.091855 -0.139215 0.120489
v -0.091350 -0.139720 0.120489
v -0.090765 -0.140130 0.120489
v -0.090117 -0.140432 0.120489
v -0.089427 -0.140617 0.120489
v -0.088715 -0.140680 0.120489
v -0.088003 -0.140617 0.120489
v -0.087312 -0.140432 0.120489
v -0.086665 -0.140130 0.120489
v -0.086079 -0.139720 0.120489
v -0.085574 -0.139215 0.120489
v -0.085164 -0.138630 0.120489
v -0.084862 -0.137982 0.120489
v -0.084677 -0.137292 0.120489
v -0.066835 -0.136580 0.112869
v -0.066897 -0.137292 0.112869
v -0.067082 -0.137982 0.112869
v -0.067384 -0.138630 0.112869
v -0.067794 -0.139215 0.112869
v -0.068299 -0.139720 0.112869
v -0.068885 -0.140130 0.112869
v -0.069532 -0.140432 0.112869
v -0.070223 -0.140617 0.112869
v -0.070935 -0.140680 0.112869
v -0.071647 -0.140617 0.112869
v -0.072337 -0.140432 0.112869
v -0.072985 -0.140130 0.112869
v -0.073570 -0.139720 0.112869
v -0.074075 -0.139215 0.112869
v -0.074485 -0.138630 0.112869
v -0.074787 -0.137982 0.112869
v -0.074972 -0.137292 0.112869
v -0.075035 -0.136580 0.112869
v -0.066835 -0.136580 0.120489
v -0.075035 -0.136580 0.120489
v -0.074972 -0.137292 0.120489
v -0.074787 -0.137982 0.120489
v -0.074485 -0.138630 0.120489
v -0.074075 -0.139215 0.120489
v -0.073570 -0.139720 0.120489
v -0.072985 -0.140130 0.120489
v -0.072337 -0.140432 0.120489
v -0.071647 -0.140617 0.120489
v -0.070935 -0.140680 0.120489
v -0.070223 -0.140617 0.120489
v -0.069532 -0.140432 0.120489
v -0.068885 -0.140130 0.120489
v -0.068299 -0.139720 0.120489
v -0.067794 -0.139215 0.120489
v -0.067384 -0.138630 0.120489
v -0.067082 -0.137982 0.120489
v -0.066897 -0.137292 0.120489
v -0.049055 -0.136580 0.112869
v -0.049117 -0.137292 0.112869
v -0.049302 -0.137982 0.112869
v -0.049604 -0.138630 0.112869
v -0.050014 -0.139215 0.112869
v -0.050519 -0.139720 0.112869
v -0.051105 -0.140130 0.112869
v -0.051752 -0.140432 0.112869
v -0.052443 -0.140617 0.112869
v -0.053155 -0.140680 0.112869
v -0.053867 -0.140617 0.112869
v -0.054557 -0.140432 0.112869
v -0.055205 -0.140130 0.112869
v -0.055790 -0.139720 0.112869
v -0.056295 -0.139215 0.112869
v -0.056705 -0.138630 0.112869
v -0.057007 -0.137982 0.112869
v -0.057192 -0.137292 0.112869
v -0.057255 -0.136580 0.112869
v -0.049055 -0.136580 0.120489
v -0.057255 -0.136580 0.120489
v -0.057192 -0.137292 0.120489
v -0.057007 -0.137982 0.120489
v -0.056705 -0.138630 0.120489
v -0.056295 -0.139215 0.120489
v -0.055790 -0.139720 0.120489
v -0.055205 -0.140130 0.120489
v -0.054557 -0.140432 0.120489
v -0.053867 -0.140617 0.120489
v -0.053155 -0.140680 0.120489
v -0.052443 -0.140617 0.120489
v -0.051752 -0.140432 0.120489
v -0.051105 -0.140130 0.120489
v -0.050519 -0.139720 0.120489
v -0.050014 -0.139215 0.120489
v -0.049604 -0.138630 0.120489
v -0.049302 -0.137982 0.120489
v -0.049117 -0.137292 0.120489
v -0.031275 -0.136580 0.112869
v -0.031337 -0.137292 0.112869
v -0.031522 -0.137982 0.112869
v -0.031824 -0.138630 0.112869
v -0.032234 -0.139215 0.112869
v -0.032739 -0.139720 0.112869
v -0.033325 -0.140130 0.112869
v -0.033972 -0.140432 0.112869
v -0.034663 -0.140617 0.112869
v -0.035375 -0.140680 0.112869
v -0.036087 -0.140617 0.112869
v -0.036777 -0.140432 0.112869
v -0.037425 -0.140130 0.112869
v -0.038010 -0.139720 0.112869
v -0.038515 -0.139215 0.112869
v -0.038925 -0.138630 0.112869
v -0.039227 -0.137982 0.112869
v -0.039412 -0.137292 0.112869
v -0.039475 -0.136580 0.112869
v -0.031275 -0.136580 0.120489
v -0.039475 -0.136580 0.120489
v -0.039412 -0.137292 0.120489
v -0.039227 -0.137982 0.120489
v -0.038925 -0.138630 0.120489
v -0.038515 -0.139215 0.120489
v -0.038010 -0.139720 0.120489
v -0.037425 -0.140130 0.120489
v -0.036777 -0.140432 0.120489
v -0.036087 -0.140617 0.120489
v -0.035375 -0.140680 0.120489
v -0.034663 -0.140617 0.120489
v -0.033972 -0.140432 0.120489
v -0.033325 -0.140130 0.120489
v -0.032739 -0.139720 0.120489
v -0.032234 -0.139215 0.120489
v -0.031824 -0.138630 0.120489
v -0.031522 -0.137982 0.120489
v -0.031337 -0.137292 0.120489
v -0.004605 -0.173410 0.112869
v -0.004667 -0.174122 0.112869
v -0.004852 -0.174812 0.112869
v -0.005154 -0.175460 0.112869
v -0.005564 -0.176045 0.112869
v -0.006069 -0.176550 0.112869
v -0.006655 -0.176960 0.112869
v -0.007302 -0.177262 0.112869
v -0.007993 -0.177447 0.112869
v -0.008705 -0.177510 0.112869
v -0.009417 -0.177447 0.112869
v -0.010107 -0.177262 0.112869
v -0.010755 -0.176960 0.112869
v -0.011340 -0.176550 0.112869
v -0.011845 -0.176045 0.112869
v -0.012255 -0.175460 0.112869
v -0.012557 -0.174812 0.112869
v -0.012742 -0.174122 0.112869
v -0.012805 -0.173410 0.112869
v -0.004605 -0.173410 0.120489
v -0.012805 -0.173410 0.120489
v -0.012742 -0.174122 0.120489
v -0.012557 -0.174812 0.120489
v -0.012255 -0.175460 0.120489
v -0.011845 -0.176045 0.120489
v -0.011340 -0.176550 0.120489
v -0.010755 -0.176960 0.120489
v -0.010107 -0.177262 0.120489
v -0.009417 -0.177447 0.120489
v -0.008705 -0.177510 0.120489
v -0.007993 -0.177447 0.120489
v -0.007302 -0.177262 0.120489
v -0.006655 -0.176960 0.120489
v -0.006069 -0.176550 0.120489
v -0.005564 -0.176045 0.120489
v -0.005154 -0.175460 0.120489
v -0.004852 -0.174812 0.120489
v -0.004667 -0.174122 0.120489
v -0.022385 -0.173410 0.112869
v -0.022447 -0.174122 0.112869
v -0.022632 -0.174812 0.112869
v -0.022934 -0.175460 0.112869
v -0.023344 -0.176045 0.112869
v -0.023849 -0.176550 0.112869
v -0.024435 -0.176960 0.112869
v -0.025082 -0.177262 0.112869
v -0.025773 -0.177447 0.112869
v -0.026485 -0.177510 0.112869
v -0.027197 -0.177447 0.112869
v -0.027887 -0.177262 0.112869
v -0.028535 -0.176960 0.112869
v -0.029120 -0.176550 0.112869
v -0.029625 -0.176045 0.112869
v -0.030035 -0.175460 0.112869
v -0.030337 -0.174812 0.112869
v -0.030522 -0.174122 0.112869
v -0.030585 -0.173410 0.112869
v -0.022385 -0.173410 0.120489
v -0.030585 -0.173410 0.120489
v -0.030522 -0.174122 0.120489
v -0.030337 -0.174812 0.120489
v -0.030035 -0.175460 0.120489
v -0.029625 -0.176045 0.120489
v -0.029120 -0.176550 0.120489
v -0.028535 -0.176960 0.120489
v -0.027887 -0.177262 0.120489
v -0.027197 -0.177447 0.120489
v -0.026485 -0.177510 0.120489
v -0.025773 -0.177447 0.120489
v -0.025082 -0.177262 0.120489
v -0.024435 -0.176960 0.120489
v -0.023849 -0.176550 0.120489
v -0.023344 -0.176045 0.120489
v -0.022934 -0.175460 0.120489
v -0.022632 -0.174812 0.120489
v -0.022447 -0.174122 0.120489
v -0.040165 -0.173410 0.112869
v -0.040227 -0.174122 0.112869
v -0.040412 -0.174812 0.112869
v -0.040714 -0.175460 0.112869
v -0.041124 -0.176045 0.112869
v -0.041629 -0.176550 0.112869
v -0.042215 -0.176960 0.112869
v -0.042862 -0.177262 0.112869
v -0.043553 -0.177447 0.112869
v -0.044265 -0.177510 0.112869
v -0.044977 -0.177447 0.112869
v -0.045667 -0.177262 0.112869
v -0.046315 -0.176960 0.112869
v -0.046900 -0.176550 0.112869
v -0.047405 -0.176045 0.112869
v -0.047815 -0.175460 0.112869
v -0.048117 -0.174812 0.112869
v -0.048302 -0.174122 0.112869
v -0.048365 -0.173410 0.112869
v -0.040165 -0.173410 0.120489
v -0.048365 -0.173410 0.120489
v -0.048302 -0.174122 0.120489
v -0.048117 -0.174812 0.120489
v -0.047815 -0.175460 0.120489
v -0.047405 -0.176045 0.120489
v -0.046900 -0.176550 0.120489
v -0.046315 -0.176960 0.120489
v -0.045667 -0.177262 0.120489
v -0.044977 -0.177447 0.120489
v -0.044265 -0.177510 0.120489
v -0.043553 -0.177447 0.120489
v -0.042862 -0.177262 0.120489
v -0.042215 -0.176960 0.120489
v -0.041629 -0.176550 0.120489
v -0.041124 -0.176045 0.120489
v -0.040714 -0.175460 0.120489
v -0.040412 -0.174812 0.120489
v -0.040227 -0.174122 0.120489
v -0.057945 -0.173410 0.112869
v -0.058007 -0.174122 0.112869
v -0.058192 -0.174812 0.112869
v -0.058494 -0.175460 0.112869
v -0.058904 -0.176045 0.112869
v -0.059409 -0.176550 0.112869
v -0.059995 -0.176960 0.112869
v -0.060642 -0.177262 0.112869
v -0.061333 -0.177447 0.112869
v -0.062045 -0.177510 0.112869
v -0.062757 -0.177447 0.112869
v -0.063447 -0.177262 0.112869
v -0.064095 -0.176960 0.112869
v -0.064680 -0.176550 0.112869
v -0.065185 -0.176045 0.112869
v -0.065595 -0.175460 0.112869
v -0.065897 -0.174812 0.112869
v -0.066082 -0.174122 0.112869
v -0.066145 -0.173410 0.112869
v -0.057945 -0.173410 0.120489
v -0.066145 -0.173410 0.120489
v -0.066082 -0.174122 0.120489
v -0.065897 -0.174812 0.120489
v -0.065595 -0.175460 0.120489
v -0.065185 -0.176045 0.120489
v -0.064680 -0.176550 0.120489
v -0.064095 -0.176960 0.120489
v -0.063447 -0.177262 0.120489
v -0.062757 -0.177447 0.120489
v -0.062045 -0.177510 0.120489
v -0.061333 -0.177447 0.120489
v -0.060642 -0.177262 0.120489
v -0.059995 -0.176960 0.120489
v -0.059409 -0.176550 0.120489
v -0.058904 -0.176045 0.120489
v -0.058494 -0.175460 0.120489
v -0.058192 -0.174812 0.120489
v -0.058007 -0.174122 0.120489
v -0.111285 -0.173410 0.112869
v -0.111347 -0.174122 0.112869
v -0.111532 -0.174812 0.112869
v -0.111834 -0.175460 0.112869
v -0.112244 -0.176045 0.112869
v -0.112749 -0.176550 0.112869
v -0.113335 -0.176960 0.112869
v -0.113982 -0.177262 0.112869
v -0.114673 -0.177447 0.112869
v -0.115385 -0.177510 0.112869
v -0.116097 -0.177447 0.112869
v -0.116787 -0.177262 0.112869
v -0.117435 -0.176960 0.112869
v -0.118020 -0.176550 0.112869
v -0.118525 -0.176045 0.112869
v -0.118935 -0.175460 0.112869
v -0.119237 -0.174812 0.112869
v -0.119422 -0.174122 0.112869
v -0.119485 -0.173410 0.112869
v -0.111285 -0.173410 0.120489
v -0.119485 -0.173410 0.120489
v -0.119422 -0.174122 0.120489
v -0.119237 -0.174812 0.120489
v -0.118935 -0.175460 0.120489
v -0.118525 -0.176045 0.120489
v -0.118020 -0.176550 0.120489
v -0.117435 -0.176960 0.120489
v -0.116787 -0.177262 0.120489
v -0.116097 -0.177447 0.120489
v -0.115385 -0.177510 0.120489
v -0.114673 -0.177447 0.120489
v -0.113982 -0.177262 0.120489
v -0.113335 -0.176960 0.120489
v -0.112749 -0.176550 0.120489
v -0.112244 -0.176045 0.120489
v -0.111834 -0.175460 0.120489
v -0.111532 -0.174812 0.120489
v -0.111347 -0.174122 0.120489
v -0.093505 -0.173410 0.112869
v -0.093567 -0.174122 0.112869
v -0.093752 -0.174812 0.112869
v -0.094054 -0.175460 0.112869
v -0.094464 -0.176045 0.112869
v -0.094969 -0.176550 0.112869
v -0.095555 -0.176960 0.112869
v -0.096202 -0.177262 0.112869
v -0.096893 -0.177447 0.112869
v -0.097605 -0.177510 0.112869
v -0.098317 -0.177447 0.112869
v -0.099007 -0.177262 0.112869
v -0.099655 -0.176960 0.112869
v -0.100240 -0.176550 0.112869
v -0.100745 -0.176045 0.112869
v -0.101155 -0.175460 0.112869
v -0.101457 -0.174812 0.112869
v -0.101642 -0.174122 0.112869
v -0.101705 -0.173410 0.112869
v -0.093505 -0.173410 0.120489
v -0.101705 -0.173410 0.120489
v -0.101642 -0.174122 0.120489
v -0.101457 -0.174812 0.120489
v -0.101155 -0.175460 0.120489
v -0.100745 -0.176045 0.120489
v -0.100240 -0.176550 0.120489
v -0.099655 -0.176960 0.120489
v -0.099007 -0.177262 0.120489
v -0.098317 -0.177447 0.120489
v -0.097605 -0.177510 0.120489
v -0.096893 -0.177447 0.120489
v -0.096202 -0.177262 0.120489
v -0.095555 -0.176960 0.120489
v -0.094969 -0.176550 0.120489
v -0.094464 -0.176045 0.120489
v -0.094054 -0.175460 0.120489
v -0.093752 -0.174812 0.120489
v -0.093567 -0.174122 0.120489
v -0.075725 -0.173410 0.112869
v -0.075787 -0.174122 0.112869
v -0.075972 -0.174812 0.112869
v -0.076274 -0.175460 0.112869
v -0.076684 -0.176045 0.112869
v -0.077189 -0.176550 0.112869
v -0.077775 -0.176960 0.112869
v -0.078422 -0.177262 0.112869
v -0.079113 -0.177447 0.112869
v -0.079825 -0.177510 0.112869
v -0.080537 -0.177447 0.112869
v -0.081227 -0.177262 0.112869
v -0.081875 -0.176960 0.112869
v -0.082460 -0.176550 0.112869
v -0.082965 -0.176045 0.112869
v -0.083375 -0.175460 0.112869
v -0.083677 -0.174812 0.112869
v -0.083862 -0.174122 0.112869
v -0.083925 -0.173410 0.112869
v -0.075725 -0.173410 0.120489
v -0.083925 -0.173410 0.120489
v -0.083862 -0.174122 0.120489
v -0.083677 -0.174812 0.120489
v -0.083375 -0.175460 0.120489
v -0.082965 -0.176045 0.120489
v -0.082460 -0.176550 0.120489
v -0.081875 -0.176960 0.120489
v -0.081227 -0.177262 0.120489
v -0.080537 -0.177447 0.120489
v -0.079825 -0.177510 0.120489
v -0.079113 -0.177447 0.120489
v -0.078422 -0.177262 0.120489
v -0.077775 -0.176960 0.120489
v -0.077189 -0.176550 0.120489
v -0.076684 -0.176045 0.120489
v -0.076274 -0.175460 0.120489
v -0.075972 -0.174812 0.120489
v -0.075787 -0.174122 0.120489
v -0.139515 -0.094035 0.068419
v -0.139515 -0.093814 0.068400
v -0.139515 -0.093600 0.068343
v -0.139515 -0.093400 0.068249
v -0.139515 -0.093218 0.068122
v -0.139515 -0.093062 0.067966
v -0.139515 -0.092935 0.067784
v -0.139515 -0.092841 0.067584
v -0.139515 -0.092784 0.067370
v -0.139515 -0.092765 0.067149
v 0.000185 -0.094035 0.068419
v -0.001085 -0.092765 0.067149
v -0.000806 -0.092795 0.067428
v -0.000552 -0.092882 0.067682
v -0.000336 -0.093009 0.067898
v -0.000163 -0.093160 0.068070
v -0.000034 -0.093321 0.068200
v 0.000058 -0.093479 0.068291
v 0.000119 -0.093628 0.068352
v 0.000160 -0.093779 0.068393
v 0.000179 -0.093909 0.068413
v -0.139515 -0.199445 0.044289
v -0.139515 -0.199665 0.044308
v -0.139515 -0.199879 0.044366
v -0.139515 -0.200080 0.044459
v -0.139515 -0.200261 0.044586
v -0.139515 -0.200417 0.044743
v -0.139515 -0.200544 0.044924
v -0.139515 -0.200638 0.045125
v -0.139515 -0.200695 0.045339
v -0.139515 -0.200715 0.045559
v -0.001085 -0.199445 0.044289
v -0.001085 -0.200715 0.045559
v -0.001085 -0.200695 0.045339
v -0.001085 -0.200638 0.045125
v -0.001085 -0.200544 0.044924
v -0.001085 -0.200417 0.044743
v -0.001085 -0.200261 0.044586
v -0.001085 -0.200080 0.044459
v -0.001085 -0.199879 0.044366
v -0.001085 -0.199665 0.044308
v -0.001085 -0.200715 0.068419
v -0.000864 -0.200695 0.068419
v -0.000650 -0.200638 0.068419
v -0.000450 -0.200544 0.068419
v -0.000268 -0.200417 0.068419
v -0.000112 -0.200261 0.068419
v 0.000015 -0.200080 0.068419
v 0.000109 -0.199879 0.068419
v 0.000166 -0.199665 0.068419
v 0.000185 -0.199445 0.068419
v -0.001085 -0.200715 0.045559
v 0.000185 -0.199445 0.045559
v 0.000166 -0.199665 0.045559
v 0.000109 -0.199879 0.045559
v 0.000015 -0.200080 0.045559
v -0.000112 -0.200261 0.045559
v -0.000268 -0.200417 0.045559
v -0.000450 -0.200544 0.045559
v -0.000650 -0.200638 0.045559
v -0.000864 -0.200695 0.045559
v -0.001085 -0.092765 0.067149
v -0.000806 -0.092795 0.067428
v -0.000552 -0.092882 0.067682
v -0.000336 -0.093009 0.067898
v -0.000163 -0.093160 0.068070
v -0.000034 -0.093321 0.068200
v 0.000058 -0.093479 0.068291
v 0.000119 -0.093628 0.068352
v 0.000160 -0.093779 0.068393
v 0.000179 -0.093909 0.068413
v 0.000185 -0.094035 0.068419
v 0.000185 -0.094035 0.045559
v -0.001085 -0.092765 0.045559
v -0.000864 -0.092784 0.045559
v -0.000650 -0.092841 0.045559
v -0.000450 -0.092935 0.045559
v -0.000268 -0.093062 0.045559
v -0.000112 -0.093218 0.045559
v 0.000015 -0.093400 0.045559
v 0.000109 -0.093600 0.045559
v 0.000166 -0.093814 0.045559
v -0.139515 -0.092765 0.045559
v -0.139515 -0.092784 0.045339
v -0.139515 -0.092841 0.045125
v -0.139515 -0.092935 0.044924
v -0.139515 -0.093062 0.044743
v -0.139515 -0.093218 0.044586
v -0.139515 -0.093400 0.044459
v -0.139515 -0.093600 0.044366
v -0.139515 -0.093814 0.044308
v -0.139515 -0.094035 0.044289
v -0.001085 -0.092765 0.045559
v -0.001085 -0.094035 0.044289
v -0.001085 -0.093814 0.044308
v -0.001085 -0.093600 0.044366
v -0.001085 -0.093400 0.044459
v -0.001085 -0.093218 0.044586
v -0.001085 -0.093062 0.044743
v -0.001085 -0.092935 0.044924
v -0.001085 -0.092841 0.045125
v -0.001085 -0.092784 0.045339
v 0.000185 -0.199445 0.045559
v 0.000185 -0.199445 0.045559
v 0.000166 -0.199665 0.045559
v 0.000109 -0.199879 0.045559
v 0.000015 -0.200080 0.045559
v -0.000112 -0.200261 0.045559
v -0.000268 -0.200417 0.045559
v -0.000450 -0.200544 0.045559
v -0.000650 -0.200638 0.045559
v -0.000864 -0.200695 0.045559
v -0.001085 -0.200715 0.045559
v -0.001085 -0.200695 0.045339
v -0.001085 -0.200638 0.045125
v -0.001085 -0.200544 0.044924
v -0.001085 -0.200417 0.044743
v -0.001085 -0.200261 0.044586
v -0.001085 -0.200080 0.044459
v -0.001085 -0.199879 0.044366
v -0.001085 -0.199665 0.044308
v -0.001085 -0.199445 0.044289
v 0.000166 -0.199445 0.045339
v 0.000109 -0.199445 0.045125
v 0.000015 -0.199445 0.044924
v -0.000112 -0.199445 0.044743
v -0.000268 -0.199445 0.044586
v -0.000450 -0.199445 0.044459
v -0.000650 -0.199445 0.044366
v -0.000864 -0.199445 0.044308
v 0.000154 -0.199476 0.045278
v 0.000154 -0.199538 0.045292
v 0.000154 -0.199595 0.045320
v 0.000060 -0.199567 0.045022
v 0.000154 -0.199644 0.045359
v 0.000060 -0.199684 0.045063
v -0.000092 -0.199533 0.044772
v 0.000154 -0.199684 0.045409
v 0.000060 -0.199788 0.045128
v -0.000092 -0.199706 0.044812
v 0.000154 -0.199711 0.045466
v 0.000060 -0.199875 0.045216
v -0.000092 -0.199866 0.044889
v -0.000293 -0.199666 0.044591
v 0.000154 -0.199725 0.045528
v 0.000060 -0.199941 0.045320
v -0.000092 -0.200004 0.044999
v -0.000293 -0.199875 0.044665
v -0.000534 -0.199573 0.044422
v 0.000060 -0.199982 0.045437
v -0.000092 -0.200115 0.045138
v -0.000293 -0.200064 0.044783
v -0.000534 -0.199822 0.044479
v -0.000092 -0.200192 0.045298
v -0.000293 -0.200221 0.044940
v -0.000534 -0.200053 0.044590
v -0.000802 -0.199720 0.044352
v -0.000092 -0.200231 0.045471
v -0.000293 -0.200339 0.045128
v -0.000534 -0.200254 0.044750
v -0.000802 -0.199982 0.044444
v -0.000293 -0.200413 0.045338
v -0.000534 -0.200413 0.044950
v -0.000802 -0.200217 0.044591
v -0.000534 -0.200525 0.045181
v -0.000802 -0.200413 0.044787
v -0.000534 -0.200582 0.045431
v -0.000802 -0.200560 0.045022
v -0.000802 -0.200652 0.045284
v -0.001085 -0.094035 0.044289
v -0.001085 -0.093814 0.044308
v -0.001085 -0.093600 0.044366
v -0.001085 -0.093400 0.044459
v -0.001085 -0.093218 0.044586
v -0.001085 -0.093062 0.044743
v -0.001085 -0.092935 0.044924
v -0.001085 -0.092841 0.045125
v -0.001085 -0.092784 0.045339
v -0.001085 -0.092765 0.045559
v -0.000864 -0.092784 0.045559
v -0.000650 -0.092841 0.045559
v -0.000450 -0.092935 0.045559
v -0.000268 -0.093062 0.045559
v -0.000112 -0.093218 0.045559
v 0.000015 -0.093400 0.045559
v 0.000109 -0.093600 0.045559
v 0.000166 -0.093814 0.045559
v 0.000185 -0.094035 0.045559
v 0.000185 -0.094035 0.045559
v -0.000864 -0.094035 0.044308
v -0.000650 -0.094035 0.044366
v -0.000450 -0.094035 0.044459
v -0.000268 -0.094035 0.044586
v -0.000112 -0.094035 0.044743
v 0.000015 -0.094035 0.044924
v 0.000109 -0.094035 0.045125
v 0.000166 -0.094035 0.045339
v 0.000154 -0.093754 0.045528
v 0.000154 -0.093768 0.045466
v 0.000154 -0.093795 0.045409
v 0.000060 -0.093497 0.045437
v 0.000154 -0.093835 0.045359
v 0.000060 -0.093538 0.045320
v -0.000092 -0.093248 0.045471
v 0.000154 -0.093884 0.045320
v 0.000060 -0.093604 0.045216
v -0.000092 -0.093287 0.045298
v 0.000154 -0.093941 0.045292
v 0.000060 -0.093691 0.045128
v -0.000092 -0.093364 0.045138
v -0.000293 -0.093067 0.045338
v 0.000154 -0.094003 0.045278
v 0.000060 -0.093795 0.045063
v -0.000092 -0.093475 0.044999
v -0.000293 -0.093140 0.045128
v -0.000534 -0.092898 0.045431
v 0.000060 -0.093912 0.045022
v -0.000092 -0.093613 0.044889
v -0.000293 -0.093258 0.044940
v -0.000534 -0.092955 0.045181
v -0.000092 -0.093773 0.044812
v -0.000293 -0.093416 0.044783
v -0.000534 -0.093066 0.044950
v -0.000802 -0.092827 0.045284
v -0.000092 -0.093946 0.044772
v -0.000293 -0.093604 0.044665
v -0.000534 -0.093225 0.044750
v -0.000802 -0.092919 0.045022
v -0.000293 -0.093814 0.044591
v -0.000534 -0.093426 0.044590
v -0.000802 -0.093067 0.044787
v -0.000534 -0.093657 0.044479
v -0.000802 -0.093263 0.044591
v -0.000534 -0.093906 0.044422
v -0.000802 -0.093497 0.044444
v -0.000802 -0.093759 0.044352
v 0.000185 -0.199445 0.045559
v 0.000166 -0.199445 0.045339
v 0.000109 -0.199445 0.045125
v 0.000015 -0.199445 0.044924
v -0.000112 -0.199445 0.044743
v -0.000268 -0.199445 0.044586
v -0.000450 -0.199445 0.044459
v -0.000650 -0.199445 0.044366
v -0.000864 -0.199445 0.044308
v -0.001085 -0.199445 0.044289
v -0.001085 -0.094035 0.044289
v -0.000864 -0.094035 0.044308
v -0.000650 -0.094035 0.044366
v -0.000450 -0.094035 0.044459
v -0.000268 -0.094035 0.044586
v -0.000112 -0.094035 0.044743
v 0.000015 -0.094035 0.044924
v 0.000109 -0.094035 0.045125
v 0.000166 -0.094035 0.045339
v 0.000185 -0.094035 0.045559
v -0.139515 -0.110545 0.120489
v -0.139515 -0.110324 0.120470
v -0.139515 -0.110110 0.120413
v -0.139515 -0.109910 0.120319
v -0.139515 -0.109728 0.120192
v -0.139515 -0.109572 0.120036
v -0.139515 -0.109445 0.119854
v -0.139515 -0.109351 0.119654
v -0.139515 -0.109294 0.119440
v -0.139515 -0.109275 0.119219
v -0.001085 -0.110545 0.120489
v -0.001085 -0.109275 0.119219
v -0.001085 -0.109294 0.119440
v -0.001085 -0.109351 0.119654
v -0.001085 -0.109445 0.119854
v -0.001085 -0.109572 0.120036
v -0.001085 -0.109728 0.120192
v -0.001085 -0.109910 0.120319
v -0.001085 -0.110110 0.120413
v -0.001085 -0.110324 0.120470
v -0.001085 -0.109275 0.093819
v -0.000864 -0.109294 0.093819
v -0.000650 -0.109351 0.093819
v -0.000450 -0.109445 0.093819
v -0.000268 -0.109572 0.093819
v -0.000112 -0.109728 0.093819
v 0.000015 -0.109910 0.093819
v 0.000109 -0.110110 0.093819
v 0.000166 -0.110324 0.093819
v 0.000185 -0.110545 0.093819
v -0.001085 -0.109275 0.119219
v 0.000185 -0.110545 0.119219
v 0.000166 -0.110324 0.119219
v 0.000109 -0.110110 0.119219
v 0.000015 -0.109910 0.119219
v -0.000112 -0.109728 0.119219
v -0.000268 -0.109572 0.119219
v -0.000450 -0.109445 0.119219
v -0.000650 -0.109351 0.119219
v -0.000864 -0.109294 0.119219
v 0.000185 -0.110545 0.119219
v 0.000185 -0.110545 0.119219
v 0.000166 -0.110324 0.119219
v 0.000109 -0.110110 0.119219
v 0.000015 -0.109910 0.119219
v -0.000112 -0.109728 0.119219
v -0.000268 -0.109572 0.119219
v -0.000450 -0.109445 0.119219
v -0.000650 -0.109351 0.119219
v -0.000864 -0.109294 0.119219
v -0.001085 -0.109275 0.119219
v -0.001085 -0.109294 0.119440
v -0.001085 -0.109351 0.119654
v -0.001085 -0.109445 0.119854
v -0.001085 -0.109572 0.120036
v -0.001085 -0.109728 0.120192
v -0.001085 -0.109910 0.120319
v -0.001085 -0.110110 0.120413
v -0.001085 -0.110324 0.120470
v -0.001085 -0.110545 0.120489
v 0.000166 -0.110545 0.119440
v 0.000109 -0.110545 0.119654
v 0.000015 -0.110545 0.119854
v -0.000112 -0.110545 0.120036
v -0.000268 -0.110545 0.120192
v -0.000450 -0.110545 0.120319
v -0.000650 -0.110545 0.120413
v -0.000864 -0.110545 0.120470
v 0.000154 -0.110513 0.119500
v 0.000154 -0.110451 0.119486
v 0.000154 -0.110394 0.119458
v 0.000060 -0.110422 0.119756
v 0.000154 -0.110345 0.119419
v 0.000060 -0.110305 0.119716
v -0.000092 -0.110456 0.120006
v 0.000154 -0.110305 0.119370
v 0.000060 -0.110201 0.119650
v -0.000092 -0.110283 0.119967
v 0.000154 -0.110278 0.119312
v 0.000060 -0.110114 0.119563
v -0.000092 -0.110123 0.119890
v -0.000293 -0.110324 0.120187
v 0.000154 -0.110264 0.119251
v 0.000060 -0.110048 0.119458
v -0.000092 -0.109985 0.119779
v -0.000293 -0.110114 0.120114
v -0.000534 -0.110416 0.120356
v 0.000060 -0.110007 0.119342
v -0.000092 -0.109874 0.119640
v -0.000293 -0.109926 0.119995
v -0.000534 -0.110167 0.120299
v -0.000092 -0.109797 0.119481
v -0.000293 -0.109768 0.119838
v -0.000534 -0.109936 0.120188
v -0.000802 -0.110269 0.120426
v -0.000092 -0.109758 0.119308
v -0.000293 -0.109650 0.119650
v -0.000534 -0.109735 0.120028
v -0.000802 -0.110007 0.120335
v -0.000293 -0.109577 0.119440
v -0.000534 -0.109576 0.119828
v -0.000802 -0.109773 0.120187
v -0.000534 -0.109465 0.119597
v -0.000802 -0.109577 0.119991
v -0.000534 -0.109408 0.119347
v -0.000802 -0.109429 0.119756
v -0.000802 -0.109337 0.119495
v -0.139515 -0.200715 0.119219
v -0.139515 -0.200695 0.119440
v -0.139515 -0.200638 0.119654
v -0.139515 -0.200544 0.119854
v -0.139515 -0.200417 0.120036
v -0.139515 -0.200261 0.120192
v -0.139515 -0.200080 0.120319
v -0.139515 -0.199879 0.120413
v -0.139515 -0.199665 0.120470
v -0.139515 -0.199445 0.120489
v -0.001085 -0.200715 0.119219
v -0.001085 -0.199445 0.120489
v -0.001085 -0.199665 0.120470
v -0.001085 -0.199879 0.120413
v -0.001085 -0.200080 0.120319
v -0.001085 -0.200261 0.120192
v -0.001085 -0.200417 0.120036
v -0.001085 -0.200544 0.119854
v -0.001085 -0.200638 0.119654
v -0.001085 -0.200695 0.119440
v 0.000185 -0.110545 0.119219
v 0.000166 -0.110545 0.119440
v 0.000109 -0.110545 0.119654
v 0.000015 -0.110545 0.119854
v -0.000112 -0.110545 0.120036
v -0.000268 -0.110545 0.120192
v -0.000450 -0.110545 0.120319
v -0.000650 -0.110545 0.120413
v -0.000864 -0.110545 0.120470
v -0.001085 -0.110545 0.120489
v -0.001085 -0.199445 0.120489
v 0.000185 -0.199445 0.119219
v 0.000166 -0.199445 0.119440
v 0.000109 -0.199445 0.119654
v 0.000015 -0.199445 0.119854
v -0.000112 -0.199445 0.120036
v -0.000268 -0.199445 0.120192
v -0.000450 -0.199445 0.120319
v -0.000650 -0.199445 0.120413
v -0.000864 -0.199445 0.120470
v 0.000185 -0.199445 0.119219
v 0.000166 -0.199445 0.119440
v 0.000109 -0.199445 0.119654
v 0.000015 -0.199445 0.119854
v -0.000112 -0.199445 0.120036
v -0.000268 -0.199445 0.120192
v -0.000450 -0.199445 0.120319
v -0.000650 -0.199445 0.120413
v -0.000864 -0.199445 0.120470
v -0.001085 -0.199445 0.120489
v -0.001085 -0.199665 0.120470
v -0.001085 -0.199879 0.120413
v -0.001085 -0.200080 0.120319
v -0.001085 -0.200261 0.120192
v -0.001085 -0.200417 0.120036
v -0.001085 -0.200544 0.119854
v -0.001085 -0.200638 0.119654
v -0.001085 -0.200695 0.119440
v -0.001085 -0.200715 0.119219
v -0.001085 -0.200715 0.119219
v 0.000166 -0.199665 0.119219
v 0.000109 -0.199879 0.119219
v 0.000015 -0.200080 0.119219
v -0.000112 -0.200261 0.119219
v -0.000268 -0.200417 0.119219
v -0.000450 -0.200544 0.119219
v -0.000650 -0.200638 0.119219
v -0.000864 -0.200695 0.119219
v 0.000146 -0.199727 0.119358
v 0.000084 -0.199727 0.119628
v -0.000036 -0.199727 0.119878
v 0.000031 -0.199996 0.119474
v -0.000209 -0.199727 0.120095
v -0.000054 -0.199996 0.119716
v -0.000098 -0.200236 0.119330
v -0.000426 -0.199727 0.120268
v -0.000190 -0.199996 0.119933
v -0.000147 -0.200236 0.119547
v -0.000676 -0.199727 0.120388
v -0.000371 -0.199996 0.120114
v -0.000244 -0.200236 0.119747
v -0.000313 -0.200438 0.119395
v -0.000946 -0.199727 0.120450
v -0.000588 -0.199996 0.120250
v -0.000382 -0.200236 0.119921
v -0.000371 -0.200438 0.119563
v -0.000537 -0.200589 0.119281
v -0.000830 -0.199996 0.120335
v -0.000556 -0.200236 0.120060
v -0.000465 -0.200438 0.119713
v -0.000564 -0.200589 0.119401
v -0.000757 -0.200236 0.120156
v -0.000591 -0.200438 0.119838
v -0.000618 -0.200589 0.119512
v -0.000809 -0.200683 0.119282
v -0.000973 -0.200236 0.120206
v -0.000741 -0.200438 0.119933
v -0.000695 -0.200589 0.119609
v -0.000830 -0.200683 0.119342
v -0.000908 -0.200438 0.119991
v -0.000791 -0.200589 0.119686
v -0.000864 -0.200683 0.119395
v -0.000903 -0.200589 0.119739
v -0.000908 -0.200683 0.119440
v -0.001023 -0.200589 0.119767
v -0.000962 -0.200683 0.119474
v -0.001022 -0.200683 0.119495
v 0.000185 -0.199445 0.119219
v 0.000166 -0.199665 0.119219
v 0.000109 -0.199879 0.119219
v 0.000015 -0.200080 0.119219
v -0.000112 -0.200261 0.119219
v -0.000268 -0.200417 0.119219
v -0.000450 -0.200544 0.119219
v -0.000650 -0.200638 0.119219
v -0.000864 -0.200695 0.119219
v -0.001085 -0.200715 0.119219
v -0.001085 -0.200715 0.093819
v 0.000185 -0.199445 0.093819
v 0.000166 -0.199665 0.093819
v 0.000109 -0.199879 0.093819
v 0.000015 -0.200080 0.093819
v -0.000112 -0.200261 0.093819
v -0.000268 -0.200417 0.093819
v -0.000450 -0.200544 0.093819
v -0.000650 -0.200638 0.093819
v -0.000864 -0.200695 0.093819
f 4 21 3
f 4 38 21
f 5 37 38
f 5 38 4
f 6 36 37
f 6 37 5
f 7 35 36
f 7 36 6
f 8 34 35
f 8 35 7
f 9 33 34
f 9 34 8
f 10 32 33
f 10 33 9
f 11 31 32
f 11 32 10
f 12 30 31
f 12 31 11
f 13 29 30
f 13 30 12
f 14 28 29
f 14 29 13
f 15 27 28
f 15 28 14
f 16 26 27
f 16 27 15
f 17 25 26
f 17 26 16
f 18 25 17
f 18 24 25
f 19 24 18
f 19 23 24
f 20 23 19
f 20 22 23
f 2 22 20
f 2 1 22
f 42 59 41
f 42 76 59
f 43 75 76
f 43 76 42
f 44 74 75
f 44 75 43
f 45 73 74
f 45 74 44
f 46 72 73
f 46 73 45
f 47 71 72
f 47 72 46
f 48 70 71
f 48 71 47
f 49 69 70
f 49 70 48
f 50 68 69
f 50 69 49
f 51 67 68
f 51 68 50
f 52 66 67
f 52 67 51
f 53 65 66
f 53 66 52
f 54 64 65
f 54 65 53
f 55 63 64
f 55 64 54
f 56 63 55
f 56 62 63
f 57 62 56
f 57 61 62
f 58 61 57
f 58 60 61
f 40 60 58
f 40 39 60
f 80 97 79
f 80 114 97
f 81 113 114
f 81 114 80
f 82 112 113
f 82 113 81
f 83 111 112
f 83 112 82
f 84 110 111
f 84 111 83
f 85 109 110
f 85 110 84
f 86 108 109
f 86 109 85
f 87 107 108
f 87 108 86
f 88 106 107
f 88 107 87
f 89 105 106
f 89 106 88
f 90 104 105
f 90 105 89
f 91 103 104
f 91 104 90
f 92 102 103
f 92 103 91
f 93 101 102
f 93 102 92
f 94 101 93
f 94 100 101
f 95 100 94
f 95 99 100
f 96 99 95
f 96 98 99
f 78 98 96
f 78 77 98
f 118 135 117
f 118 152 135
f 119 151 152
f 119 152 118
f 120 150 151
f 120 151 119
f 121 149 150
f 121 150 120
f 122 148 149
f 122 149 121
f 123 147 148
f 123 148 122
f 124 146 147
f 124 147 123
f 125 145 146
f 125 146 124
f 126 144 145
f 126 145 125
f 127 143 144
f 127 144 126
f 128 142 143
f 128 143 127
f 129 141 142
f 129 142 128
f 130 140 141
f 130 141 129
f 131 139 140
f 131 140 130
f 132 139 131
f 132 138 139
f 133 138 132
f 133 137 138
f 134 137 133
f 134 136 137
f 116 136 134
f 116 115 136
f 156 173 155
f 156 190 173
f 157 189 190
f 157 190 156
f 158 188 189
f 158 189 157
f 159 187 188
f 159 188 158
f 160 186 187
f 160 187 159
f 161 185 186
f 161 186 160
f 162 184 185
f 162 185 161
f 163 183 184
f 163 184 162
f 164 182 183
f 164 183 163
f 165 181 182
f 165 182 164
f 166 180 181
f 166 181 165
f 167 179 180
f 167 180 166
f 168 178 179
f 168 179 167
f 169 177 178
f 169 178 168
f 170 177 169
f 170 176 177
f 171 176 170
f 171 175 176
f 172 175 171
f 172 174 175
f 154 174 172
f 154 153 174
f 194 211 193
f 194 228 211
f 195 227 228
f 195 228 194
f 196 226 227
f 196 227 195
f 197 225 226
f 197 226 196
f 198 224 225
f 198 225 197
f 199 223 224
f 199 224 198
f 200 222 223
f 200 223 199
f 201 221 222
f 201 222 200
f 202 220 221
f 202 221 201
f 203 219 220
f 203 220 202
f 204 218 219
f 204 219 203
f 205 217 218
f 205 218 204
f 206 216 217
f 206 217 205
f 207 215 216
f 207 216 206
f 208 215 207
f 208 214 215
f 209 214 208
f 209 213 214
f 210 213 209
f 210 212 213
f 192 212 210
f 192 191 212
f 232 249 231
f 232 266 249
f 233 265 266
f 233 266 232
f 234 264 265
f 234 265 233
f 235 263 264
f 235 264 234
f 236 262 263
f 236 263 235
f 237 261 262
f 237 262 236
f 238 260 261
f 238 261 237
f 239 259 260
f 239 260 238
f 240 258 259
f 240 259 239
f 241 257 258
f 241 258 240
f 242 256 257
f 242 257 241
f 243 255 256
f 243 256 242
f 244 254 255
f 244 255 243
f 245 253 254
f 245 254 244
f 246 253 245
f 246 252 253
f 247 252 246
f 247 251 252
f 248 251 247
f 248 250 251
f 230 250 248
f 230 229 250
f 270 287 269
f 270 304 287
f 271 303 304
f 271 304 270
f 272 302 303
f 272 303 271
f 273 301 302
f 273 302 272
f 274 300 301
f 274 301 273
f 275 299 300
f 275 300 274
f 276 298 299
f 276 299 275
f 277 297 298
f 277 298 276
f 278 296 297
f 278 297 277
f 279 295 296
f 279 296 278
f 280 294 295
f 280 295 279
f 281 293 294
f 281 294 280
f 282 292 293
f 282 293 281
f 283 291 292
f 283 292 282
f 284 291 283
f 284 290 291
f 285 290 284
f 285 289 290
f 286 289 285
f 286 288 289
f 268 288 286
f 268 267 288
f 308 325 307
f 308 342 325
f 309 341 342
f 309 342 308
f 310 340 341
f 310 341 309
f 311 339 340
f 311 340 310
f 312 338 339
f 312 339 311
f 313 337 338
f 313 338 312
f 314 336 337
f 314 337 313
f 315 335 336
f 315 336 314
f 316 334 335
f 316 335 315
f 317 333 334
f 317 334 316
f 318 332 333
f 318 333 317
f 319 331 332
f 319 332 318
f 320 330 331
f 320 331 319
f 321 329 330
f 321 330 320
f 322 329 321
f 322 328 329
f 323 328 322
f 323 327 328
f 324 327 323
f 324 326 327
f 306 326 324
f 306 305 326
f 346 363 345
f 346 380 363
f 347 379 380
f 347 380 346
f 348 378 379
f 348 379 347
f 349 377 378
f 349 378 348
f 350 376 377
f 350 377 349
f 351 375 376
f 351 376 350
f 352 374 375
f 352 375 351
f 353 373 374
f 353 374 352
f 354 372 373
f 354 373 353
f 355 371 372
f 355 372 354
f 356 370 371
f 356 371 355
f 357 369 370
f 357 370 356
f 358 368 369
f 358 369 357
f 359 367 368
f 359 368 358
f 360 367 359
f 360 366 367
f 361 366 360
f 361 365 366
f 362 365 361
f 362 364 365
f 344 364 362
f 344 343 364
f 384 401 383
f 384 418 401
f 385 417 418
f 385 418 384
f 386 416 417
f 386 417 385
f 387 415 416
f 387 416 386
f 388 414 415
f 388 415 387
f 389 413 414
f 389 414 388
f 390 412 413
f 390 413 389
f 391 411 412
f 391 412 390
f 392 410 411
f 392 411 391
f 393 409 410
f 393 410 392
f 394 408 409
f 394 409 393
f 395 407 408
f 395 408 394
f 396 406 407
f 396 407 395
f 397 405 406
f 397 406 396
f 398 405 397
f 398 404 405
f 399 404 398
f 399 403 404
f 400 403 399
f 400 402 403
f 382 402 400
f 382 381 402
f 422 439 421
f 422 456 439
f 423 455 456
f 423 456 422
f 424 454 455
f 424 455 423
f 425 453 454
f 425 454 424
f 426 452 453
f 426 453 425
f 427 451 452
f 427 452 426
f 428 450 451
f 428 451 427
f 429 449 450
f 429 450 428
f 430 448 449
f 430 449 429
f 431 447 448
f 431 448 430
f 432 446 447
f 432 447 431
f 433 445 446
f 433 446 432
f 434 444 445
f 434 445 433
f 435 443 444
f 435 444 434
f 436 443 435
f 436 442 443
f 437 442 436
f 437 441 442
f 438 441 437
f 438 440 441
f 420 440 438
f 420 419 440
f 460 477 459
f 460 494 477
f 461 493 494
f 461 494 460
f 462 492 493
f 462 493 461
f 463 491 492
f 463 492 462
f 464 490 491
f 464 491 463
f 465 489 490
f 465 490 464
f 466 488 489
f 466 489 465
f 467 487 488
f 467 488 466
f 468 486 487
f 468 487 467
f 469 485 486
f 469 486 468
f 470 484 485
f 470 485 469
f 471 483 484
f 471 484 470
f 472 482 483
f 472 483 471
f 473 481 482
f 473 482 472
f 474 481 473
f 474 480 481
f 475 480 474
f 475 479 480
f 476 479 475
f 476 478 479
f 458 478 476
f 458 457 478
f 498 515 497
f 498 532 515
f 499 531 532
f 499 532 498
f 500 530 531
f 500 531 499
f 501 529 530
f 501 530 500
f 502 528 529
f 502 529 501
f 503 527 528
f 503 528 502
f 504 526 527
f 504 527 503
f 505 525 526
f 505 526 504
f 506 524 525
f 506 525 505
f 507 523 524
f 507 524 506
f 508 522 523
f 508 523 507
f 509 521 522
f 509 522 508
f 510 520 521
f 510 521 509
f 511 519 520
f 511 520 510
f 512 519 511
f 512 518 519
f 513 518 512
f 513 517 518
f 514 517 513
f 514 516 517
f 496 516 514
f 496 495 516
f 551 553 552
f 551 570 553
f 550 568 569
f 550 569 570
f 550 570 551
f 549 568 550
f 548 566 567
f 548 567 568
f 548 568 549
f 547 565 566
f 547 566 548
f 546 565 547
f 545 564 565
f 545 565 546
f 544 563 564
f 544 564 545
f 543 562 563
f 543 563 544
f 542 561 562
f 542 562 543
f 541 559 560
f 541 560 561
f 541 561 542
f 540 559 541
f 539 558 559
f 539 559 540
f 538 557 558
f 538 558 539
f 537 557 538
f 537 555 556
f 537 556 557
f 536 555 537
f 535 554 555
f 535 555 536
f 534 554 535
f 534 533 554
f 589 591 590
f 589 608 591
f 588 606 607
f 588 607 608
f 588 608 589
f 587 606 588
f 586 604 605
f 586 605 606
f 586 606 587
f 585 603 604
f 585 604 586
f 584 603 585
f 583 602 603
f 583 603 584
f 582 601 602
f 582 602 583
f 581 600 601
f 581 601 582
f 580 599 600
f 580 600 581
f 579 597 598
f 579 598 599
f 579 599 580
f 578 597 579
f 577 596 597
f 577 597 578
f 576 595 596
f 576 596 577
f 575 595 576
f 575 593 594
f 575 594 595
f 574 593 575
f 573 592 593
f 573 593 574
f 572 592 573
f 572 571 592
f 628 646 629
f 627 646 628
f 626 645 646
f 626 646 627
f 625 644 645
f 625 645 626
f 624 643 644
f 624 644 625
f 623 642 643
f 623 643 624
f 622 641 642
f 622 642 623
f 621 639 640
f 621 640 641
f 621 641 622
f 620 638 639
f 620 639 621
f 619 638 620
f 618 637 638
f 618 638 619
f 617 635 636
f 617 636 637
f 617 637 618
f 616 635 617
f 615 634 635
f 615 635 616
f 614 632 633
f 614 633 634
f 614 634 615
f 613 632 614
f 612 632 613
f 612 631 632
f 611 631 612
f 611 609 630
f 611 630 631
f 610 609 611
f 666 684 667
f 665 684 666
f 664 683 684
f 664 684 665
f 663 682 683
f 663 683 664
f 662 681 682
f 662 682 663
f 661 680 681
f 661 681 662
f 660 679 680
f 660 680 661
f 659 677 678
f 659 678 679
f 659 679 660
f 658 676 677
f 658 677 659
f 657 676 658
f 656 675 676
f 656 676 657
f 655 673 674
f 655 674 675
f 655 675 656
f 654 673 655
f 653 672 673
f 653 673 654
f 652 670 671
f 652 671 672
f 652 672 653
f 651 670 652
f 650 670 651
f 650 669 670
f 649 669 650
f 649 647 668
f 649 668 669
f 648 647 649
f 688 705 687
f 688 706 705
f 688 707 706
f 689 708 707
f 689 707 688
f 690 709 708
f 690 708 689
f 691 709 690
f 692 710 709
f 692 709 691
f 693 711 710
f 693 710 692
f 694 712 711
f 694 713 712
f 694 711 693
f 695 713 694
f 696 714 713
f 696 713 695
f 697 715 714
f 697 714 696
f 698 716 715
f 698 715 697
f 699 717 716
f 699 716 698
f 700 718 717
f 700 717 699
f 701 719 718
f 701 720 719
f 701 718 700
f 702 720 701
f 703 720 702
f 703 721 720
f 704 721 703
f 704 722 721
f 686 722 704
f 686 685 722
f 726 743 725
f 726 744 743
f 726 745 744
f 727 746 745
f 727 745 726
f 728 747 746
f 728 746 727
f 729 747 728
f 730 748 747
f 730 747 729
f 731 749 748
f 731 748 730
f 732 750 749
f 732 751 750
f 732 749 731
f 733 751 732
f 734 752 751
f 734 751 733
f 735 753 752
f 735 752 734
f 736 754 753
f 736 753 735
f 737 755 754
f 737 754 736
f 738 756 755
f 738 755 737
f 739 757 756
f 739 758 757
f 739 756 738
f 740 758 739
f 741 758 740
f 741 759 758
f 742 759 741
f 742 760 759
f 724 760 742
f 724 723 760
f 764 781 763
f 764 782 781
f 764 783 782
f 765 783 764
f 766 784 783
f 766 783 765
f 767 785 784
f 767 784 766
f 768 786 785
f 768 787 786
f 768 785 767
f 769 787 768
f 770 788 787
f 770 789 788
f 770 787 769
f 771 790 789
f 771 789 770
f 772 791 790
f 772 790 771
f 773 792 791
f 773 791 772
f 774 793 792
f 774 792 773
f 775 793 774
f 776 794 793
f 776 793 775
f 777 795 794
f 777 796 795
f 777 794 776
f 778 796 777
f 779 796 778
f 779 797 796
f 779 798 797
f 780 798 779
f 762 798 780
f 762 761 798
f 802 819 801
f 802 820 819
f 802 821 820
f 803 821 802
f 804 822 821
f 804 821 803
f 805 823 822
f 805 822 804
f 806 824 823
f 806 825 824
f 806 823 805
f 807 825 806
f 808 826 825
f 808 827 826
f 808 825 807
f 809 828 827
f 809 827 808
f 810 829 828
f 810 828 809
f 811 830 829
f 811 829 810
f 812 831 830
f 812 830 811
f 813 831 812
f 814 832 831
f 814 831 813
f 815 833 832
f 815 834 833
f 815 832 814
f 816 834 815
f 817 834 816
f 817 835 834
f 817 836 835
f 818 836 817
f 800 836 818
f 800 799 836
f 840 839 837
f 840 842 841
f 838 842 840
f 838 840 837
f 847 845 843
f 847 846 845
f 848 850 849
f 844 850 848
f 844 847 843
f 844 848 847
f 856 854 855
f 858 859 860
f 858 860 861
f 853 854 856
f 853 856 851
f 857 858 861
f 857 851 856
f 852 853 851
f 866 851 857
f 865 863 864
f 862 865 866
f 862 863 865
f 861 862 866
f 861 866 857
f 873 871 872
f 869 870 871
f 869 873 874
f 869 871 873
f 876 874 875
f 876 869 874
f 867 868 869
f 867 869 876
f 885 886 877
f 884 885 877
f 879 880 881
f 879 881 882
f 879 882 883
f 879 883 884
f 879 884 877
f 878 879 877
f 919 877 867
f 919 867 876
f 887 878 877
f 887 877 919
f 921 887 919
f 918 919 876
f 920 933 921
f 895 896 897
f 895 897 888
f 893 894 895
f 893 895 888
f 892 893 888
f 890 891 892
f 890 892 888
f 889 888 932
f 889 890 888
f 931 933 920
f 928 918 929
f 928 931 920
f 928 920 918
f 909 929 918
f 909 918 876
f 911 909 910
f 912 909 911
f 914 912 913
f 914 909 912
f 917 914 915
f 917 915 916
f 908 914 917
f 908 909 914
f 925 931 928
f 927 929 909
f 927 909 908
f 930 889 932
f 924 889 930
f 924 930 931
f 924 931 925
f 926 925 928
f 926 927 908
f 923 925 926
f 898 889 924
f 898 924 922
f 899 922 923
f 899 898 922
f 906 899 900
f 906 900 901
f 906 907 898
f 906 898 899
f 902 906 901
f 904 902 903
f 904 905 906
f 904 906 902
f 887 932 888
f 887 933 932
f 887 921 933
f 899 926 908
f 899 923 926
f 934 936 935
f 934 937 936
f 965 941 964
f 966 941 965
f 963 964 941
f 967 938 941
f 967 941 966
f 962 963 941
f 968 938 967
f 961 962 941
f 969 938 968
f 960 961 941
f 970 938 969
f 959 960 941
f 971 938 970
f 958 959 941
f 972 938 971
f 973 938 972
f 974 938 973
f 975 938 974
f 976 938 975
f 977 938 976
f 942 938 977
f 1000 955 956
f 1000 956 957
f 1001 955 1000
f 1002 955 1001
f 1002 954 955
f 999 957 958
f 999 1000 957
f 1003 952 953
f 1003 953 954
f 1003 954 1002
f 998 999 958
f 1004 952 1003
f 1005 951 952
f 1005 952 1004
f 1006 949 950
f 1006 950 951
f 1006 951 1005
f 1007 948 949
f 1007 949 1006
f 940 958 941
f 940 998 958
f 940 994 995
f 940 995 996
f 940 996 997
f 940 997 998
f 1008 948 1007
f 993 994 940
f 1009 946 947
f 1009 947 948
f 1009 948 1008
f 992 993 940
f 1010 946 1009
f 991 992 940
f 1011 945 946
f 1011 946 1010
f 990 991 940
f 1012 944 945
f 1012 945 1011
f 989 990 940
f 1013 943 944
f 1013 944 1012
f 939 978 979
f 939 979 980
f 939 980 981
f 939 981 982
f 939 982 983
f 939 983 984
f 939 984 985
f 939 985 986
f 939 986 987
f 939 987 988
f 939 988 989
f 939 1013 978
f 939 989 940
f 938 942 939
f 942 943 939
f 943 1013 939
f 1015 1017 1016
f 1015 1014 1017
f 1020 1018 1021
f 1019 1018 1020
f 1023 1025 1024
f 1022 1025 1023
f 1028 1031 1030
f 1028 1027 1031
f 1029 1028 1030
f 1026 1027 1028
f 1500 1499 1033
f 1498 1033 1499
f 1501 1500 1033
f 1497 1033 1498
f 1502 1501 1033
f 1496 1033 1497
f 1503 1502 1033
f 1468 1503 1033
f 1495 1033 1496
f 1469 1468 1033
f 1494 1033 1495
f 1493 1033 1494
f 1463 1491 1490
f 1464 1463 1490
f 1462 1492 1491
f 1462 1493 1492
f 1462 1491 1463
f 1465 1490 1489
f 1465 1464 1490
f 1461 1033 1493
f 1461 1493 1462
f 1466 1465 1489
f 1466 1489 1488
f 1467 1487 1486
f 1467 1488 1487
f 1467 1466 1488
f 1460 1033 1461
f 1432 1467 1486
f 1459 1033 1460
f 1458 1033 1459
f 1433 1486 1485
f 1433 1432 1486
f 1434 1485 1484
f 1434 1433 1485
f 1435 1483 1482
f 1435 1484 1483
f 1435 1434 1484
f 1436 1435 1482
f 1437 1436 1482
f 1437 1482 1481
f 1438 1437 1481
f 1438 1481 1480
f 1427 1454 1428
f 1427 1455 1454
f 1426 1455 1427
f 1426 1456 1455
f 1429 1428 1454
f 1429 1453 1452
f 1429 1454 1453
f 1425 1457 1456
f 1425 1456 1426
f 1430 1452 1451
f 1430 1429 1452
f 1424 1458 1457
f 1424 1457 1425
f 1424 1033 1458
f 1431 1430 1451
f 1423 1033 1424
f 1396 1451 1450
f 1396 1431 1451
f 1422 1033 1423
f 1397 1450 1449
f 1397 1396 1450
f 1398 1449 1448
f 1398 1397 1449
f 1399 1448 1447
f 1399 1398 1448
f 1400 1447 1446
f 1400 1399 1447
f 1401 1445 1444
f 1401 1446 1445
f 1401 1400 1446
f 1402 1401 1444
f 1139 1476 1475
f 1140 1475 1474
f 1140 1139 1475
f 1138 1477 1476
f 1138 1476 1139
f 1141 1140 1474
f 1141 1474 1473
f 1142 1141 1473
f 1142 1473 1472
f 1137 1477 1138
f 1137 1478 1477
f 1143 1142 1472
f 1136 1478 1137
f 1136 1479 1478
f 1135 1439 1438
f 1135 1479 1136
f 1135 1438 1480
f 1135 1480 1479
f 1134 1440 1439
f 1134 1439 1135
f 1133 1441 1440
f 1133 1440 1134
f 1132 1441 1133
f 1392 1419 1418
f 1391 1419 1392
f 1391 1420 1419
f 1035 1469 1033
f 1035 1108 1143
f 1035 1143 1472
f 1035 1470 1469
f 1035 1471 1470
f 1035 1472 1471
f 1035 1109 1108
f 1035 1110 1109
f 1035 1111 1110
f 1035 1112 1111
f 1035 1113 1112
f 1035 1114 1113
f 1393 1392 1418
f 1393 1417 1416
f 1393 1418 1417
f 1390 1420 1391
f 1389 1420 1390
f 1389 1421 1420
f 1389 1422 1421
f 1394 1393 1416
f 1115 1114 1035
f 1388 1033 1422
f 1388 1422 1389
f 1395 1416 1415
f 1395 1394 1416
f 1116 1115 1035
f 1360 1415 1414
f 1360 1395 1415
f 1387 1033 1388
f 1117 1116 1035
f 1361 1413 1412
f 1361 1414 1413
f 1361 1360 1414
f 1118 1117 1035
f 1362 1361 1412
f 1363 1362 1412
f 1363 1411 1410
f 1363 1412 1411
f 1364 1363 1410
f 1365 1364 1410
f 1365 1410 1409
f 1366 1365 1409
f 1366 1409 1408
f 1103 1130 1104
f 1103 1131 1130
f 1103 1132 1131
f 1102 1132 1103
f 1102 1441 1132
f 1105 1104 1130
f 1105 1129 1128
f 1105 1130 1129
f 1106 1105 1128
f 1101 1442 1441
f 1101 1441 1102
f 1107 1106 1128
f 1107 1128 1127
f 1100 1443 1442
f 1100 1442 1101
f 1099 1444 1443
f 1099 1443 1100
f 1099 1402 1444
f 1099 1403 1402
f 1072 1107 1127
f 1072 1126 1125
f 1072 1127 1126
f 1098 1403 1099
f 1098 1404 1403
f 1073 1072 1125
f 1074 1073 1125
f 1074 1125 1124
f 1097 1405 1404
f 1097 1404 1098
f 1096 1405 1097
f 1075 1124 1123
f 1075 1074 1124
f 1076 1122 1121
f 1076 1123 1122
f 1076 1075 1123
f 1077 1076 1121
f 1078 1077 1121
f 1078 1121 1120
f 1356 1383 1382
f 1355 1383 1356
f 1357 1382 1381
f 1357 1356 1382
f 1354 1383 1355
f 1354 1384 1383
f 1354 1385 1384
f 1353 1386 1385
f 1353 1385 1354
f 1358 1357 1381
f 1358 1381 1380
f 1079 1078 1120
f 1079 1120 1119
f 1352 1386 1353
f 1359 1358 1380
f 1359 1379 1378
f 1359 1380 1379
f 1080 1118 1035
f 1080 1079 1119
f 1080 1119 1118
f 1324 1359 1378
f 1081 1080 1035
f 1325 1324 1378
f 1325 1378 1377
f 1082 1081 1035
f 1326 1377 1376
f 1326 1325 1377
f 1327 1376 1375
f 1327 1326 1376
f 1328 1327 1375
f 1328 1375 1374
f 1329 1374 1373
f 1329 1328 1374
f 1330 1373 1372
f 1330 1329 1373
f 1068 1067 1095
f 1068 1094 1093
f 1068 1095 1094
f 1066 1095 1067
f 1066 1096 1095
f 1066 1405 1096
f 1069 1068 1093
f 1070 1069 1093
f 1070 1093 1092
f 1065 1405 1066
f 1065 1406 1405
f 1064 1406 1065
f 1064 1407 1406
f 1071 1092 1091
f 1071 1070 1092
f 1063 1407 1064
f 1063 1366 1408
f 1063 1367 1366
f 1063 1408 1407
f 1036 1071 1091
f 1036 1091 1090
f 1062 1368 1367
f 1062 1367 1063
f 1037 1036 1090
f 1037 1090 1089
f 1061 1369 1368
f 1061 1368 1062
f 1038 1037 1089
f 1038 1089 1088
f 1039 1038 1088
f 1039 1088 1087
f 1060 1369 1061
f 1040 1039 1087
f 1040 1086 1085
f 1040 1087 1086
f 1041 1040 1085
f 1042 1041 1085
f 1042 1085 1084
f 1175 1348 1347
f 1176 1347 1346
f 1176 1175 1347
f 1174 1349 1348
f 1174 1348 1175
f 1177 1345 1344
f 1177 1346 1345
f 1177 1176 1346
f 1173 1349 1174
f 1178 1177 1344
f 1043 1084 1083
f 1043 1042 1084
f 1179 1344 1343
f 1179 1178 1344
f 1172 1350 1349
f 1172 1349 1173
f 1044 1082 1035
f 1044 1083 1082
f 1044 1043 1083
f 1144 1343 1342
f 1144 1179 1343
f 1045 1044 1035
f 1145 1342 1341
f 1145 1144 1342
f 1146 1341 1340
f 1146 1145 1341
f 1147 1339 1338
f 1147 1340 1339
f 1147 1146 1340
f 1148 1147 1338
f 1148 1338 1337
f 1149 1148 1337
f 1150 1337 1336
f 1150 1149 1337
f 1212 1211 1059
f 1212 1058 1057
f 1212 1059 1058
f 1210 1059 1211
f 1210 1060 1059
f 1210 1369 1060
f 1213 1212 1057
f 1209 1370 1369
f 1209 1369 1210
f 1214 1057 1056
f 1214 1213 1057
f 1208 1371 1370
f 1208 1370 1209
f 1215 1055 1054
f 1215 1056 1055
f 1215 1214 1056
f 1180 1215 1054
f 1207 1372 1371
f 1207 1371 1208
f 1207 1330 1372
f 1207 1331 1330
f 1181 1054 1053
f 1181 1180 1054
f 1206 1331 1207
f 1206 1332 1331
f 1182 1053 1052
f 1182 1181 1053
f 1205 1332 1206
f 1205 1333 1332
f 1032 1351 1350
f 1032 1352 1351
f 1032 1386 1352
f 1032 1170 1169
f 1032 1171 1170
f 1032 1172 1171
f 1032 1387 1386
f 1032 1350 1172
f 1032 1033 1387
f 1183 1182 1052
f 1183 1052 1051
f 1204 1333 1205
f 1184 1051 1050
f 1184 1183 1051
f 1185 1050 1049
f 1185 1184 1050
f 1186 1049 1048
f 1186 1185 1049
f 1536 1167 1166
f 1536 1535 1167
f 1537 1536 1166
f 1537 1166 1165
f 1534 1168 1167
f 1534 1169 1168
f 1534 1167 1535
f 1533 1032 1169
f 1533 1169 1534
f 1538 1537 1165
f 1538 1165 1164
f 1187 1048 1047
f 1187 1186 1048
f 1539 1164 1163
f 1539 1538 1164
f 1532 1032 1533
f 1188 1047 1046
f 1188 1187 1047
f 1504 1162 1161
f 1504 1163 1162
f 1504 1539 1163
f 1531 1032 1532
f 1530 1032 1531
f 1505 1504 1161
f 1505 1161 1160
f 1529 1032 1530
f 1506 1505 1160
f 1507 1506 1160
f 1507 1160 1159
f 1528 1032 1529
f 1508 1159 1158
f 1508 1507 1159
f 1527 1032 1528
f 1509 1157 1156
f 1509 1158 1157
f 1509 1508 1158
f 1526 1032 1527
f 1510 1509 1156
f 1525 1032 1526
f 1524 1032 1525
f 1523 1032 1524
f 1522 1032 1523
f 1247 1203 1202
f 1248 1247 1202
f 1246 1203 1247
f 1246 1204 1203
f 1246 1333 1204
f 1249 1248 1202
f 1249 1202 1201
f 1521 1032 1522
f 1245 1333 1246
f 1245 1334 1333
f 1250 1201 1200
f 1250 1249 1201
f 1244 1335 1334
f 1244 1334 1245
f 1251 1199 1198
f 1251 1200 1199
f 1251 1250 1200
f 1216 1251 1198
f 1243 1336 1335
f 1243 1150 1336
f 1243 1151 1150
f 1243 1335 1244
f 1217 1216 1198
f 1217 1197 1196
f 1217 1198 1197
f 1242 1152 1151
f 1242 1151 1243
f 1218 1217 1196
f 1241 1153 1152
f 1241 1152 1242
f 1240 1153 1241
f 1219 1218 1196
f 1219 1195 1194
f 1219 1196 1195
f 1220 1219 1194
f 1221 1193 1192
f 1221 1194 1193
f 1221 1220 1194
f 1222 1221 1192
f 1223 1222 1192
f 1223 1192 1191
f 1224 1223 1191
f 1224 1191 1190
f 1283 1239 1238
f 1284 1283 1238
f 1282 1240 1239
f 1282 1239 1283
f 1282 1153 1240
f 1285 1238 1237
f 1285 1284 1238
f 1281 1154 1153
f 1281 1153 1282
f 1286 1237 1236
f 1286 1285 1237
f 1287 1235 1234
f 1287 1236 1235
f 1287 1286 1236
f 1280 1155 1154
f 1280 1154 1281
f 1252 1287 1234
f 1279 1156 1155
f 1279 1510 1156
f 1279 1511 1510
f 1279 1155 1280
f 1253 1234 1233
f 1253 1252 1234
f 1278 1511 1279
f 1278 1512 1511
f 1254 1253 1233
f 1254 1233 1232
f 1277 1513 1512
f 1277 1512 1278
f 1255 1254 1232
f 1255 1231 1230
f 1255 1232 1231
f 1276 1513 1277
f 1256 1255 1230
f 1257 1256 1230
f 1257 1230 1229
f 1258 1257 1229
f 1258 1229 1228
f 1259 1258 1228
f 1259 1228 1227
f 1260 1259 1227
f 1260 1227 1226
f 1320 1319 1275
f 1320 1274 1273
f 1320 1275 1274
f 1318 1275 1319
f 1318 1276 1275
f 1318 1513 1276
f 1321 1320 1273
f 1317 1514 1513
f 1317 1513 1318
f 1322 1273 1272
f 1322 1321 1273
f 1323 1272 1271
f 1323 1322 1272
f 1316 1514 1317
f 1316 1515 1514
f 1288 1323 1271
f 1288 1271 1270
f 1315 1515 1316
f 1315 1516 1515
f 1289 1270 1269
f 1289 1288 1270
f 1314 1516 1315
f 1314 1517 1516
f 1290 1269 1268
f 1290 1289 1269
f 1313 1517 1314
f 1313 1518 1517
f 1291 1290 1268
f 1291 1268 1267
f 1312 1518 1313
f 1312 1519 1518
f 1292 1291 1267
f 1292 1266 1265
f 1292 1267 1266
f 1311 1519 1312
f 1311 1520 1519
f 1310 1520 1311
f 1310 1521 1520
f 1293 1292 1265
f 1309 1521 1310
f 1309 1032 1521
f 1294 1264 1263
f 1294 1265 1264
f 1294 1293 1265
f 1295 1294 1263
f 1308 1032 1309
f 1307 1032 1308
f 1034 1260 1226
f 1034 1261 1260
f 1034 1262 1261
f 1034 1263 1262
f 1034 1190 1189
f 1034 1296 1295
f 1034 1297 1296
f 1034 1298 1297
f 1034 1299 1298
f 1034 1300 1299
f 1034 1301 1300
f 1034 1302 1301
f 1034 1303 1302
f 1034 1304 1303
f 1034 1295 1263
f 1034 1305 1304
f 1034 1306 1305
f 1034 1224 1190
f 1034 1225 1224
f 1034 1226 1225
f 1032 1306 1034
f 1032 1307 1306
f 1034 1045 1035
f 1034 1046 1045
f 1034 1188 1046
f 1034 1189 1188
f 1542 1540 1541
f 1542 1541 1543
f 1545 1546 1544
f 1547 1546 1545
f 1549 1548 1551
f 1550 1549 1551
f 1554 1552 1555
f 1553 1552 1554
f 1556 1558 1557
f 1556 1559 1558
f 1623 1563 1622
f 1624 1563 1623
f 1621 1622 1563
f 1625 1563 1624
f 1620 1621 1563
f 1626 1563 1625
f 1619 1620 1563
f 1627 1563 1626
f 1618 1619 1563
f 1628 1563 1627
f 1629 1563 1628
f 1560 1563 1629
f 1560 1629 1630
f 1560 1630 1631
f 1560 1631 1632
f 1560 1632 1633
f 1634 1560 1633
f 1635 1560 1634
f 1600 1560 1635
f 1601 1560 1600
f 1602 1560 1601
f 1586 1613 1614
f 1587 1612 1613
f 1587 1613 1586
f 1585 1614 1615
f 1585 1586 1614
f 1588 1611 1612
f 1588 1612 1587
f 1589 1610 1611
f 1589 1611 1588
f 1584 1615 1616
f 1584 1585 1615
f 1590 1609 1610
f 1590 1610 1589
f 1583 1616 1617
f 1583 1584 1616
f 1591 1609 1590
f 1592 1608 1609
f 1592 1609 1591
f 1593 1608 1592
f 1593 1607 1608
f 1594 1606 1607
f 1594 1607 1593
f 1595 1606 1594
f 1595 1605 1606
f 1596 1604 1605
f 1596 1605 1595
f 1597 1603 1604
f 1597 1604 1596
f 1598 1602 1603
f 1598 1603 1597
f 1599 1602 1598
f 1562 1571 1572
f 1562 1572 1573
f 1562 1573 1574
f 1562 1574 1575
f 1562 1575 1576
f 1562 1576 1577
f 1562 1577 1578
f 1562 1578 1579
f 1562 1579 1580
f 1562 1580 1581
f 1562 1581 1582
f 1562 1582 1583
f 1561 1602 1599
f 1561 1571 1562
f 1561 1564 1565
f 1561 1565 1566
f 1561 1566 1567
f 1561 1567 1568
f 1561 1568 1569
f 1561 1569 1570
f 1561 1570 1571
f 1561 1599 1564
f 1561 1560 1602
f 1562 1618 1563
f 1562 1617 1618
f 1562 1583 1617
f 1639 1637 1636
f 1638 1637 1639
f 1693 1643 1694
f 1695 1694 1643
f 1692 1643 1693
f 1696 1695 1643
f 1691 1640 1643
f 1691 1643 1692
f 1697 1696 1643
f 1690 1640 1691
f 1698 1697 1643
f 1689 1640 1690
f 1699 1698 1643
f 1688 1640 1689
f 1700 1699 1643
f 1687 1640 1688
f 1686 1640 1687
f 1685 1640 1686
f 1684 1640 1685
f 1683 1640 1684
f 1682 1640 1683
f 1681 1640 1682
f 1680 1640 1681
f 1657 1704 1703
f 1658 1657 1703
f 1658 1703 1702
f 1659 1658 1702
f 1659 1702 1701
f 1656 1704 1657
f 1656 1705 1704
f 1660 1659 1701
f 1660 1701 1700
f 1655 1705 1656
f 1655 1706 1705
f 1661 1660 1700
f 1654 1706 1655
f 1654 1707 1706
f 1653 1707 1654
f 1652 1708 1707
f 1652 1707 1653
f 1651 1708 1652
f 1651 1709 1708
f 1642 1700 1643
f 1642 1662 1661
f 1642 1663 1662
f 1642 1664 1663
f 1642 1661 1700
f 1665 1664 1642
f 1650 1710 1709
f 1650 1709 1651
f 1666 1665 1642
f 1649 1710 1650
f 1649 1711 1710
f 1667 1666 1642
f 1648 1712 1711
f 1648 1711 1649
f 1647 1713 1712
f 1647 1712 1648
f 1668 1667 1642
f 1669 1668 1642
f 1646 1714 1713
f 1646 1713 1647
f 1645 1714 1646
f 1645 1715 1714
f 1641 1645 1644
f 1641 1670 1669
f 1641 1671 1670
f 1641 1672 1671
f 1641 1673 1672
f 1641 1674 1673
f 1641 1675 1674
f 1641 1676 1675
f 1641 1677 1676
f 1641 1678 1677
f 1641 1679 1678
f 1641 1644 1679
f 1641 1669 1642
f 1640 1680 1641
f 1680 1715 1641
f 1715 1645 1641
f 1716 1718 1717
f 1716 1719 1718
f 1721 1723 1722
f 1721 1720 1723
f 1726 1725 1724
f 1726 1724 1727
f 1729 1731 1730
f 1729 1728 1731
f 1733 1735 1734
f 1733 1732 1735
f 1754 1753 1739
f 1755 1754 1739
f 1752 1739 1753
f 1756 1755 1739
f 1751 1739 1752
f 1757 1756 1739
f 1750 1739 1751
f 1758 1757 1739
f 1749 1739 1750
f 1748 1739 1749
f 1747 1739 1748
f 1736 1739 1747
f 1736 1744 1743
f 1736 1745 1744
f 1736 1746 1745
f 1736 1747 1746
f 1742 1736 1743
f 1741 1736 1742
f 1740 1736 1741
f 1775 1736 1740
f 1774 1736 1775
f 1790 1762 1761
f 1790 1763 1762
f 1790 1789 1763
f 1791 1790 1761
f 1788 1764 1763
f 1788 1763 1789
f 1792 1791 1761
f 1792 1761 1760
f 1787 1765 1764
f 1787 1764 1788
f 1793 1792 1760
f 1793 1760 1759
f 1786 1766 1765
f 1786 1767 1766
f 1786 1765 1787
f 1785 1767 1786
f 1784 1767 1785
f 1784 1768 1767
f 1784 1769 1768
f 1783 1769 1784
f 1782 1770 1769
f 1782 1769 1783
f 1781 1771 1770
f 1781 1770 1782
f 1780 1772 1771
f 1780 1771 1781
f 1779 1773 1772
f 1779 1774 1773
f 1779 1772 1780
f 1778 1774 1779
f 1738 1794 1793
f 1738 1795 1794
f 1738 1796 1795
f 1738 1797 1796
f 1738 1798 1797
f 1738 1799 1798
f 1738 1800 1799
f 1738 1801 1800
f 1738 1802 1801
f 1738 1803 1802
f 1738 1804 1803
f 1738 1805 1804
f 1737 1805 1738
f 1737 1777 1776
f 1737 1778 1777
f 1737 1736 1774
f 1737 1806 1805
f 1737 1807 1806
f 1737 1808 1807
f 1737 1809 1808
f 1737 1810 1809
f 1737 1811 1810
f 1737 1776 1811
f 1737 1774 1778
f 1738 1758 1739
f 1738 1759 1758
f 1738 1793 1759
f 1812 1814 1813
f 1812 1815 1814
f 1817 1819 1818
f 1817 1816 1819
f 1822 1821 1820
f 1822 1820 1823
f 1828 1829 1830
f 1832 1830 1831
f 1833 1830 1832
f 1825 1826 1827
f 1834 1827 1828
f 1834 1828 1830
f 1834 1825 1827
f 1834 1830 1833
f 1835 1825 1834
f 1836 1824 1825
f 1836 1825 1835
f 1847 1848 1849
f 1847 1849 1838
f 1837 1847 1838
f 1840 1837 1839
f 1841 1837 1840
f 1843 1841 1842
f 1843 1844 1845
f 1843 1845 1846
f 1843 1846 1847
f 1843 1847 1837
f 1843 1837 1841
f 1852 1851 1850
f 1852 1853 1851
f 1952 1857 1953
f 1951 1857 1952
f 1954 1953 1857
f 1955 1954 1857
f 1950 1857 1951
f 1956 1955 1857
f 1949 1857 1950
f 1957 1956 1857
f 1948 1856 1857
f 1948 1857 1949
f 1958 1957 1857
f 1947 1856 1948
f 1946 1856 1947
f 1945 1856 1946
f 1944 1856 1945
f 1943 1856 1944
f 1942 1856 1943
f 1941 1856 1942
f 1940 1856 1941
f 1939 1856 1940
f 1938 1856 1939
f 1916 1962 1961
f 1916 1961 1917
f 1918 1961 1960
f 1918 1917 1961
f 1915 1963 1962
f 1915 1964 1963
f 1915 1962 1916
f 1919 1960 1959
f 1919 1918 1960
f 1914 1964 1915
f 1920 1959 1958
f 1920 1919 1959
f 1920 1958 1857
f 1913 1965 1964
f 1913 1964 1914
f 1921 1920 1857
f 1912 1930 1965
f 1912 1965 1913
f 1911 1930 1912
f 1911 1931 1930
f 1910 1931 1911
f 1910 1932 1931
f 1909 1932 1910
f 1909 1933 1932
f 1909 1934 1933
f 1908 1934 1909
f 1907 1934 1908
f 1907 1935 1934
f 1906 1935 1907
f 1906 1936 1935
f 1905 1936 1906
f 1905 1937 1936
f 1904 1856 1938
f 1904 1937 1905
f 1904 1938 1937
f 1903 1856 1904
f 1881 1926 1925
f 1880 1926 1881
f 1882 1881 1925
f 1882 1925 1924
f 1879 1926 1880
f 1879 1927 1926
f 1879 1928 1927
f 1878 1928 1879
f 1883 1882 1924
f 1883 1924 1923
f 1884 1883 1923
f 1884 1923 1922
f 1877 1929 1928
f 1877 1928 1878
f 1885 1884 1922
f 1885 1921 1857
f 1885 1922 1921
f 1876 1929 1877
f 1876 1894 1929
f 1875 1894 1876
f 1875 1895 1894
f 1874 1895 1875
f 1874 1896 1895
f 1873 1897 1896
f 1873 1896 1874
f 1872 1897 1873
f 1872 1898 1897
f 1872 1899 1898
f 1871 1899 1872
f 1870 1899 1871
f 1870 1900 1899
f 1869 1900 1870
f 1869 1901 1900
f 1869 1902 1901
f 1868 1902 1869
f 1988 1889 1989
f 1988 1890 1889
f 1987 1891 1890
f 1987 1890 1988
f 1990 1989 1889
f 1990 1889 1888
f 1986 1892 1891
f 1986 1891 1987
f 1991 1990 1888
f 1991 1888 1887
f 1992 1887 1886
f 1992 1991 1887
f 1985 1893 1892
f 1985 1858 1893
f 1985 1892 1986
f 1984 1859 1858
f 1984 1858 1985
f 1993 1886 1885
f 1993 1885 1857
f 1993 1992 1886
f 1983 1859 1984
f 1982 1860 1859
f 1982 1859 1983
f 1981 1861 1860
f 1981 1862 1861
f 1981 1860 1982
f 1980 1863 1862
f 1980 1862 1981
f 1979 1863 1980
f 1978 1863 1979
f 1978 1864 1863
f 1977 1865 1864
f 1977 1866 1865
f 1977 1864 1978
f 1976 1866 1977
f 2024 1997 2025
f 2024 1998 1997
f 2023 1999 1998
f 2023 1998 2024
f 2026 2025 1997
f 2026 1997 1996
f 2022 2000 1999
f 2022 1999 2023
f 2027 1996 1995
f 2027 2026 1996
f 2028 1995 1994
f 2028 2027 1995
f 2021 2001 2000
f 2021 2000 2022
f 2029 1994 1993
f 2029 2028 1994
f 2020 1967 1966
f 2020 1966 2001
f 2020 2001 2021
f 2019 1967 2020
f 2018 1968 1967
f 2018 1967 2019
f 2017 1969 1968
f 2017 1970 1969
f 2017 1968 2018
f 2016 1971 1970
f 2016 1970 2017
f 2015 1971 2016
f 2014 1972 1971
f 2014 1973 1972
f 2014 1971 2015
f 2013 1973 2014
f 2012 1974 1973
f 2012 1973 2013
f 2061 2060 2034
f 2061 2033 2032
f 2061 2034 2033
f 2059 2034 2060
f 2059 2035 2034
f 2059 2036 2035
f 2062 2061 2032
f 2062 2032 2031
f 2058 2036 2059
f 2063 2062 2031
f 2063 2031 2030
f 2064 2063 2030
f 2057 2036 2058
f 2057 2037 2036
f 2065 2030 2029
f 2065 2064 2030
f 2056 2037 2057
f 2056 2003 2002
f 2056 2002 2037
f 2055 2004 2003
f 2055 2003 2056
f 2054 2004 2055
f 2053 2004 2054
f 2053 2005 2004
f 2053 2006 2005
f 2052 2006 2053
f 2052 2007 2006
f 2051 2007 2052
f 2051 2008 2007
f 2050 2008 2051
f 2049 2009 2008
f 2049 2010 2009
f 2049 2008 2050
f 2048 2010 2049
f 2096 2070 2069
f 2096 2069 2097
f 2095 2071 2070
f 2095 2070 2096
f 2098 2069 2068
f 2098 2097 2069
f 2094 2072 2071
f 2094 2071 2095
f 2099 2068 2067
f 2099 2098 2068
f 2093 2073 2072
f 2093 2072 2094
f 2092 2038 2073
f 2092 2073 2093
f 2091 2039 2038
f 2091 2038 2092
f 2090 2040 2039
f 2090 2039 2091
f 2089 2040 2090
f 2089 2041 2040
f 1855 2029 1993
f 1855 2066 2065
f 1855 2067 2066
f 1855 2065 2029
f 1855 2100 2099
f 1855 2101 2100
f 1855 2102 2101
f 1855 2103 2102
f 1855 2104 2103
f 1855 2099 2067
f 1855 1993 1857
f 2105 2104 1855
f 2088 2041 2089
f 2088 2042 2041
f 2088 2043 2042
f 2106 2105 1855
f 2087 2043 2088
f 2107 2106 1855
f 2086 2043 2087
f 2086 2044 2043
f 2086 2045 2044
f 2085 2045 2086
f 2108 2107 1855
f 2109 2108 1855
f 2074 2109 1855
f 1854 2074 1855
f 1854 2075 2074
f 1854 2076 2075
f 1854 2077 2076
f 1854 2078 2077
f 1854 2079 2078
f 1854 2080 2079
f 1854 2081 2080
f 1854 2082 2081
f 1854 2083 2082
f 1854 2084 2083
f 1854 2085 2084
f 1854 2045 2085
f 1854 2046 2045
f 1854 2047 2046
f 1854 1856 2011
f 2011 1856 2012
f 2012 1856 1975
f 1975 1856 1976
f 1976 1856 1867
f 1867 1856 1868
f 1868 1856 1902
f 1902 1856 1903
f 1854 2011 2010
f 1854 2010 2048
f 1854 2048 2047
f 2012 1975 1974
f 1976 1867 1866
f 2113 2111 2110
f 2112 2113 2110
f 2118 2115 2114
f 2118 2114 2116
f 2119 2115 2118
f 2117 2118 2116
f 2122 2121 2123
f 2120 2121 2122
f 2357 2125 2358
f 2359 2358 2125
f 2356 2125 2357
f 2360 2359 2125
f 2355 2125 2356
f 2361 2360 2125
f 2354 2125 2355
f 2362 2125 2127
f 2362 2361 2125
f 2353 2125 2354
f 2363 2362 2127
f 2352 2125 2353
f 2364 2363 2127
f 2365 2364 2127
f 2366 2365 2127
f 2367 2366 2127
f 2368 2367 2127
f 2369 2368 2127
f 2370 2369 2127
f 2371 2370 2127
f 2372 2371 2127
f 2142 2349 2348
f 2141 2349 2142
f 2143 2142 2348
f 2143 2348 2347
f 2140 2350 2349
f 2140 2351 2350
f 2140 2349 2141
f 2144 2347 2346
f 2144 2143 2347
f 2139 2352 2351
f 2139 2351 2140
f 2145 2144 2346
f 2145 2346 2345
f 2138 2352 2139
f 2138 2125 2352
f 2146 2345 2344
f 2146 2145 2345
f 2137 2125 2138
f 2147 2146 2344
f 2147 2344 2379
f 2148 2379 2378
f 2148 2147 2379
f 2149 2378 2377
f 2149 2148 2378
f 2150 2376 2375
f 2150 2377 2376
f 2150 2149 2377
f 2151 2150 2375
f 2152 2151 2375
f 2152 2375 2374
f 2153 2152 2374
f 2153 2374 2373
f 2154 2372 2127
f 2154 2373 2372
f 2154 2153 2373
f 2155 2154 2127
f 2177 2133 2132
f 2177 2134 2133
f 2178 2177 2132
f 2176 2134 2177
f 2176 2135 2134
f 2179 2131 2130
f 2179 2132 2131
f 2179 2178 2132
f 2175 2135 2176
f 2180 2179 2130
f 2181 2130 2129
f 2181 2180 2130
f 2174 2135 2175
f 2174 2136 2135
f 2182 2129 2128
f 2182 2181 2129
f 2173 2137 2136
f 2173 2125 2137
f 2173 2136 2174
f 2183 2182 2128
f 2183 2128 2163
f 2184 2183 2163
f 2184 2163 2162
f 2185 2184 2162
f 2185 2162 2161
f 2186 2185 2161
f 2186 2160 2159
f 2186 2161 2160
f 2187 2186 2159
f 2188 2159 2158
f 2188 2187 2159
f 2189 2188 2158
f 2189 2157 2156
f 2189 2158 2157
f 2190 2189 2156
f 2214 2168 2167
f 2213 2169 2168
f 2213 2168 2214
f 2215 2214 2167
f 2212 2170 2169
f 2212 2171 2170
f 2212 2169 2213
f 2211 2171 2212
f 2216 2215 2167
f 2216 2167 2166
f 2217 2166 2165
f 2217 2216 2166
f 2210 2172 2171
f 2210 2171 2211
f 2209 2125 2173
f 2209 2173 2172
f 2209 2172 2210
f 2218 2165 2164
f 2218 2164 2199
f 2218 2217 2165
f 2219 2199 2198
f 2219 2218 2199
f 2220 2219 2198
f 2221 2220 2198
f 2221 2198 2197
f 2222 2221 2197
f 2222 2197 2196
f 2223 2196 2195
f 2223 2222 2196
f 2224 2223 2195
f 2224 2194 2193
f 2224 2195 2194
f 2225 2224 2193
f 2226 2225 2193
f 2226 2193 2192
f 2250 2205 2204
f 2250 2249 2205
f 2251 2250 2204
f 2251 2204 2203
f 2248 2206 2205
f 2248 2205 2249
f 2252 2251 2203
f 2252 2203 2202
f 2247 2206 2248
f 2247 2207 2206
f 2253 2252 2202
f 2253 2202 2201
f 2246 2207 2247
f 2246 2208 2207
f 2254 2253 2201
f 2254 2201 2200
f 2245 2208 2246
f 2245 2209 2208
f 2255 2200 2235
f 2255 2254 2200
f 2256 2235 2234
f 2256 2255 2235
f 2257 2233 2232
f 2257 2234 2233
f 2257 2256 2234
f 2258 2257 2232
f 2259 2232 2231
f 2259 2258 2232
f 2260 2231 2230
f 2260 2259 2231
f 2261 2229 2228
f 2261 2230 2229
f 2261 2260 2230
f 2262 2261 2228
f 2286 2240 2239
f 2286 2241 2240
f 2286 2285 2241
f 2287 2239 2238
f 2287 2286 2239
f 2284 2242 2241
f 2284 2241 2285
f 2288 2238 2237
f 2288 2287 2238
f 2283 2243 2242
f 2283 2242 2284
f 2289 2288 2237
f 2282 2244 2243
f 2282 2245 2244
f 2282 2243 2283
f 2281 2245 2282
f 2290 2237 2236
f 2290 2236 2271
f 2290 2289 2237
f 2291 2290 2271
f 2292 2291 2271
f 2292 2271 2270
f 2293 2270 2269
f 2293 2292 2270
f 2294 2293 2269
f 2294 2268 2267
f 2294 2269 2268
f 2295 2294 2267
f 2295 2267 2266
f 2296 2295 2266
f 2297 2266 2265
f 2297 2296 2266
f 2298 2265 2264
f 2298 2297 2265
f 2321 2277 2276
f 2322 2321 2276
f 2320 2278 2277
f 2320 2279 2278
f 2320 2277 2321
f 2323 2275 2274
f 2323 2276 2275
f 2323 2322 2276
f 2319 2279 2320
f 2324 2323 2274
f 2325 2273 2272
f 2325 2274 2273
f 2325 2324 2274
f 2326 2325 2272
f 2326 2272 2307
f 2327 2307 2306
f 2327 2326 2307
f 2328 2327 2306
f 2329 2328 2306
f 2329 2305 2304
f 2329 2306 2305
f 2124 2245 2281
f 2124 2280 2279
f 2124 2281 2280
f 2124 2209 2245
f 2124 2315 2314
f 2124 2316 2315
f 2124 2317 2316
f 2124 2125 2209
f 2124 2318 2317
f 2124 2319 2318
f 2124 2279 2319
f 2313 2124 2314
f 2330 2329 2304
f 2312 2124 2313
f 2331 2330 2304
f 2331 2304 2303
f 2311 2124 2312
f 2332 2331 2303
f 2332 2303 2302
f 2310 2124 2311
f 2333 2332 2302
f 2333 2302 2301
f 2309 2124 2310
f 2308 2124 2309
f 2126 2334 2333
f 2126 2335 2334
f 2126 2336 2335
f 2126 2337 2336
f 2126 2338 2337
f 2126 2339 2338
f 2126 2340 2339
f 2126 2341 2340
f 2126 2342 2341
f 2126 2343 2342
f 2126 2308 2343
f 2126 2333 2301
f 2126 2124 2308
f 2126 2300 2299
f 2126 2301 2300
f 2126 2227 2127
f 2227 2226 2127
f 2226 2191 2127
f 2191 2190 2127
f 2190 2156 2127
f 2156 2155 2127
f 2126 2228 2227
f 2126 2262 2228
f 2126 2263 2262
f 2126 2264 2263
f 2126 2298 2264
f 2126 2299 2298
f 2226 2192 2191
f 2382 2381 2380
f 2382 2383 2381
f 2388 2389 2390
f 2388 2390 2391
f 2387 2391 2392
f 2387 2388 2391
f 2394 2392 2393
f 2394 2387 2392
f 2385 2386 2387
f 2385 2387 2394
f 2395 2385 2394
f 2396 2384 2385
f 2396 2385 2395
f 2401 2398 2399
f 2401 2399 2400
f 2397 2401 2402
f 2397 2398 2401
f 2404 2422 2403
f 2404 2423 2422
f 2405 2424 2423
f 2405 2423 2404
f 2406 2425 2424
f 2406 2424 2405
f 2407 2426 2425
f 2407 2427 2426
f 2407 2425 2406
f 2408 2427 2407
f 2409 2428 2427
f 2409 2427 2408
f 2410 2429 2428
f 2410 2428 2409
f 2411 2430 2429
f 2411 2431 2430
f 2411 2429 2410
f 2412 2432 2431
f 2412 2431 2411
f 2413 2432 2412
f 2414 2433 2432
f 2414 2432 2413
f 2415 2434 2433
f 2415 2433 2414
f 2416 2435 2434
f 2416 2436 2435
f 2416 2434 2415
f 2417 2436 2416
f 2418 2436 2417
f 2418 2437 2436
f 2418 2438 2437
f 2419 2438 2418
f 2420 2438 2419
f 2420 2439 2438
f 2421 2439 2420
f 2421 2440 2439
f 2465 2463 2464
f 2458 2459 2460
f 2458 2460 2461
f 2458 2461 2462
f 2458 2462 2463
f 2470 2467 2468
f 2470 2468 2469
f 2456 2457 2458
f 2455 2463 2465
f 2455 2458 2463
f 2455 2456 2458
f 2474 2471 2472
f 2474 2472 2473
f 2475 2466 2467
f 2475 2470 2471
f 2475 2467 2470
f 2475 2471 2474
f 2451 2452 2453
f 2451 2453 2454
f 2451 2454 2455
f 2448 2449 2450
f 2448 2450 2451
f 2443 2441 2442
f 2444 2476 2441
f 2444 2441 2443
f 2445 2476 2444
f 2445 2465 2466
f 2445 2475 2476
f 2445 2448 2451
f 2445 2455 2465
f 2445 2451 2455
f 2445 2466 2475
f 2446 2448 2445
f 2446 2447 2448
f 2478 2496 2477
f 2478 2497 2496
f 2479 2498 2497
f 2479 2497 2478
f 2480 2499 2498
f 2480 2498 2479
f 2481 2500 2499
f 2481 2501 2500
f 2481 2499 2480
f 2482 2501 2481
f 2483 2502 2501
f 2483 2501 2482
f 2484 2503 2502
f 2484 2502 2483
f 2485 2504 2503
f 2485 2505 2504
f 2485 2503 2484
f 2486 2506 2505
f 2486 2505 2485
f 2487 2506 2486
f 2488 2507 2506
f 2488 2506 2487
f 2489 2508 2507
f 2489 2507 2488
f 2490 2509 2508
f 2490 2510 2509
f 2490 2508 2489
f 2491 2510 2490
f 2492 2510 2491
f 2492 2511 2510
f 2492 2512 2511
f 2493 2512 2492
f 2494 2512 2493
f 2494 2513 2512
f 2495 2513 2494
f 2495 2514 2513
f 2539 2537 2538
f 2532 2533 2534
f 2532 2534 2535
f 2532 2535 2536
f 2532 2536 2537
f 2544 2541 2542
f 2544 2542 2543
f 2530 2531 2532
f 2529 2537 2539
f 2529 2532 2537
f 2529 2530 2532
f 2548 2545 2546
f 2548 2546 2547
f 2549 2540 2541
f 2549 2544 2545
f 2549 2541 2544
f 2549 2545 2548
f 2525 2526 2527
f 2525 2527 2528
f 2525 2528 2529
f 2522 2523 2524
f 2522 2524 2525
f 2517 2515 2516
f 2518 2550 2515
f 2518 2515 2517
f 2519 2550 2518
f 2519 2539 2540
f 2519 2549 2550
f 2519 2522 2525
f 2519 2529 2539
f 2519 2525 2529
f 2519 2540 2549
f 2520 2522 2519
f 2520 2521 2522
f 2552 2570 2551
f 2552 2571 2570
f 2553 2572 2571
f 2553 2571 2552
f 2554 2573 2572
f 2554 2572 2553
f 2555 2574 2573
f 2555 2575 2574
f 2555 2573 2554
f 2556 2576 2575
f 2556 2575 2555
f 2557 2576 2556
f 2558 2577 2576
f 2558 2576 2557
f 2559 2578 2577
f 2559 2577 2558
f 2560 2579 2578
f 2560 2578 2559
f 2561 2580 2579
f 2561 2579 2560
f 2562 2581 2580
f 2562 2580 2561
f 2563 2582 2581
f 2563 2581 2562
f 2564 2583 2582
f 2564 2582 2563
f 2565 2584 2583
f 2565 2583 2564
f 2566 2584 2565
f 2566 2585 2584
f 2567 2585 2566
f 2567 2586 2585
f 2568 2586 2567
f 2568 2587 2586
f 2568 2588 2587
f 2569 2588 2568
f 2613 2611 2612
f 2609 2610 2611
f 2609 2611 2613
f 2606 2607 2608
f 2606 2608 2609
f 2618 2613 2614
f 2618 2614 2615
f 2618 2615 2616
f 2618 2616 2617
f 2603 2604 2605
f 2603 2605 2606
f 2621 2619 2620
f 2622 2619 2621
f 2601 2602 2603
f 2599 2600 2601
f 2589 2622 2623
f 2589 2623 2624
f 2589 2619 2622
f 2597 2598 2599
f 2597 2601 2603
f 2597 2599 2601
f 2592 2590 2591
f 2595 2596 2597
f 2593 2589 2590
f 2593 2618 2619
f 2593 2613 2618
f 2593 2619 2589
f 2593 2590 2592
f 2594 2595 2597
f 2594 2609 2613
f 2594 2606 2609
f 2594 2603 2606
f 2594 2613 2593
f 2594 2597 2603
f 2626 2644 2625
f 2626 2645 2644
f 2627 2646 2645
f 2627 2645 2626
f 2628 2647 2646
f 2628 2646 2627
f 2629 2648 2647
f 2629 2649 2648
f 2629 2647 2628
f 2630 2650 2649
f 2630 2649 2629
f 2631 2650 2630
f 2632 2651 2650
f 2632 2650 2631
f 2633 2652 2651
f 2633 2651 2632
f 2634 2653 2652
f 2634 2652 2633
f 2635 2654 2653
f 2635 2653 2634
f 2636 2655 2654
f 2636 2654 2635
f 2637 2656 2655
f 2637 2655 2636
f 2638 2657 2656
f 2638 2656 2637
f 2639 2658 2657
f 2639 2657 2638
f 2640 2658 2639
f 2640 2659 2658
f 2641 2659 2640
f 2641 2660 2659
f 2642 2660 2641
f 2642 2661 2660
f 2642 2662 2661
f 2643 2662 2642
f 2687 2685 2686
f 2680 2681 2682
f 2680 2682 2683
f 2680 2683 2684
f 2680 2684 2685
f 2692 2689 2690
f 2692 2690 2691
f 2678 2679 2680
f 2677 2685 2687
f 2677 2680 2685
f 2677 2678 2680
f 2696 2693 2694
f 2696 2694 2695
f 2697 2688 2689
f 2697 2692 2693
f 2697 2689 2692
f 2697 2693 2696
f 2673 2674 2675
f 2673 2675 2676
f 2673 2676 2677
f 2670 2671 2672
f 2670 2672 2673
f 2665 2663 2664
f 2666 2698 2663
f 2666 2663 2665
f 2667 2698 2666
f 2667 2687 2688
f 2667 2697 2698
f 2667 2670 2673
f 2667 2677 2687
f 2667 2673 2677
f 2667 2688 2697
f 2668 2670 2667
f 2668 2669 2670
f 2716 2718 2717
f 2716 2736 2718
f 2715 2735 2736
f 2715 2736 2716
f 2714 2734 2735
f 2714 2735 2715
f 2713 2733 2734
f 2713 2734 2714
f 2712 2732 2733
f 2712 2733 2713
f 2711 2730 2731
f 2711 2731 2732
f 2711 2732 2712
f 2710 2730 2711
f 2709 2729 2730
f 2709 2730 2710
f 2708 2728 2729
f 2708 2729 2709
f 2707 2727 2728
f 2707 2728 2708
f 2706 2726 2727
f 2706 2727 2707
f 2705 2724 2725
f 2705 2725 2726
f 2705 2726 2706
f 2704 2723 2724
f 2704 2724 2705
f 2703 2722 2723
f 2703 2723 2704
f 2702 2722 2703
f 2701 2722 2702
f 2701 2721 2722
f 2700 2721 2701
f 2700 2720 2721
f 2699 2720 2700
f 2699 2719 2720
f 2767 2769 2768
f 2764 2766 2765
f 2764 2767 2766
f 2739 2738 2737
f 2739 2770 2769
f 2739 2771 2770
f 2739 2772 2771
f 2739 2737 2772
f 2739 2769 2767
f 2762 2764 2763
f 2761 2764 2762
f 2759 2761 2760
f 2758 2761 2759
f 2744 2742 2741
f 2744 2743 2742
f 2757 2761 2758
f 2746 2745 2744
f 2748 2747 2746
f 2753 2755 2754
f 2753 2756 2755
f 2749 2746 2744
f 2749 2748 2746
f 2751 2740 2739
f 2751 2741 2740
f 2751 2749 2744
f 2751 2750 2749
f 2751 2753 2752
f 2751 2757 2756
f 2751 2767 2764
f 2751 2739 2767
f 2751 2764 2761
f 2751 2744 2741
f 2751 2761 2757
f 2751 2756 2753
f 2790 2792 2791
f 2790 2810 2792
f 2789 2809 2810
f 2789 2810 2790
f 2788 2808 2809
f 2788 2809 2789
f 2787 2807 2808
f 2787 2808 2788
f 2786 2806 2807
f 2786 2807 2787
f 2785 2804 2805
f 2785 2805 2806
f 2785 2806 2786
f 2784 2804 2785
f 2783 2803 2804
f 2783 2804 2784
f 2782 2802 2803
f 2782 2803 2783
f 2781 2801 2802
f 2781 2802 2782
f 2780 2800 2801
f 2780 2801 2781
f 2779 2798 2799
f 2779 2799 2800
f 2779 2800 2780
f 2778 2797 2798
f 2778 2798 2779
f 2777 2796 2797
f 2777 2797 2778
f 2776 2796 2777
f 2775 2796 2776
f 2775 2795 2796
f 2774 2795 2775
f 2774 2794 2795
f 2773 2794 2774
f 2773 2793 2794
f 2841 2843 2842
f 2839 2841 2840
f 2813 2812 2811
f 2835 2837 2836
f 2835 2838 2837
f 2815 2814 2813
f 2815 2844 2843
f 2815 2845 2844
f 2815 2846 2845
f 2815 2811 2846
f 2815 2813 2811
f 2833 2835 2834
f 2833 2839 2838
f 2833 2838 2835
f 2817 2816 2815
f 2832 2839 2833
f 2821 2819 2818
f 2821 2820 2819
f 2828 2830 2829
f 2828 2831 2830
f 2828 2832 2831
f 2827 2843 2841
f 2827 2841 2839
f 2827 2839 2832
f 2827 2832 2828
f 2823 2822 2821
f 2826 2843 2827
f 2824 2818 2817
f 2824 2821 2818
f 2824 2823 2821
f 2825 2824 2817
f 2825 2843 2826
f 2825 2815 2843
f 2825 2817 2815
f 2865 2884 2866
f 2864 2884 2865
f 2863 2883 2884
f 2863 2884 2864
f 2862 2881 2882
f 2862 2882 2883
f 2862 2883 2863
f 2861 2881 2862
f 2860 2879 2880
f 2860 2880 2881
f 2860 2881 2861
f 2859 2879 2860
f 2858 2878 2879
f 2858 2879 2859
f 2857 2877 2878
f 2857 2878 2858
f 2856 2876 2877
f 2856 2877 2857
f 2855 2875 2876
f 2855 2876 2856
f 2854 2874 2875
f 2854 2875 2855
f 2853 2873 2874
f 2853 2874 2854
f 2852 2872 2873
f 2852 2873 2853
f 2851 2870 2871
f 2851 2871 2872
f 2851 2872 2852
f 2850 2870 2851
f 2849 2870 2850
f 2849 2869 2870
f 2848 2869 2849
f 2848 2868 2869
f 2847 2868 2848
f 2847 2867 2868
f 2915 2917 2916
f 2913 2915 2914
f 2887 2886 2885
f 2909 2911 2910
f 2909 2912 2911
f 2889 2888 2887
f 2889 2918 2917
f 2889 2919 2918
f 2889 2920 2919
f 2889 2885 2920
f 2889 2887 2885
f 2907 2909 2908
f 2907 2913 2912
f 2907 2912 2909
f 2891 2890 2889
f 2906 2913 2907
f 2895 2893 2892
f 2895 2894 2893
f 2902 2904 2903
f 2902 2905 2904
f 2902 2906 2905
f 2901 2917 2915
f 2901 2915 2913
f 2901 2913 2906
f 2901 2906 2902
f 2897 2896 2895
f 2900 2917 2901
f 2898 2892 2891
f 2898 2895 2892
f 2898 2897 2895
f 2899 2898 2891
f 2899 2917 2900
f 2899 2889 2917
f 2899 2891 2889
f 2939 2958 2940
f 2938 2958 2939
f 2937 2957 2958
f 2937 2958 2938
f 2936 2955 2956
f 2936 2956 2957
f 2936 2957 2937
f 2935 2955 2936
f 2934 2953 2954
f 2934 2954 2955
f 2934 2955 2935
f 2933 2953 2934
f 2932 2952 2953
f 2932 2953 2933
f 2931 2951 2952
f 2931 2952 2932
f 2930 2950 2951
f 2930 2951 2931
f 2929 2949 2950
f 2929 2950 2930
f 2928 2948 2949
f 2928 2949 2929
f 2927 2947 2948
f 2927 2948 2928
f 2926 2946 2947
f 2926 2947 2927
f 2925 2944 2945
f 2925 2945 2946
f 2925 2946 2926
f 2924 2944 2925
f 2923 2944 2924
f 2923 2943 2944
f 2922 2943 2923
f 2922 2942 2943
f 2921 2942 2922
f 2921 2941 2942
f 2989 2991 2990
f 2987 2989 2988
f 2961 2960 2959
f 2983 2985 2984
f 2983 2986 2985
f 2963 2962 2961
f 2963 2992 2991
f 2963 2993 2992
f 2963 2994 2993
f 2963 2959 2994
f 2963 2961 2959
f 2981 2983 2982
f 2981 2987 2986
f 2981 2986 2983
f 2965 2964 2963
f 2980 2987 2981
f 2969 2967 2966
f 2969 2968 2967
f 2976 2978 2977
f 2976 2979 2978
f 2976 2980 2979
f 2975 2991 2989
f 2975 2989 2987
f 2975 2987 2980
f 2975 2980 2976
f 2971 2970 2969
f 2974 2991 2975
f 2972 2966 2965
f 2972 2969 2966
f 2972 2971 2969
f 2973 2972 2965
f 2973 2991 2974
f 2973 2963 2991
f 2973 2965 2963
f 2996 3014 2995
f 2996 3032 3014
f 2997 3031 3032
f 2997 3032 2996
f 2998 3030 3031
f 2998 3031 2997
f 2999 3029 3030
f 2999 3030 2998
f 3000 3028 3029
f 3000 3029 2999
f 3001 3027 3028
f 3001 3028 3000
f 3002 3026 3027
f 3002 3027 3001
f 3003 3025 3026
f 3003 3026 3002
f 3004 3024 3025
f 3004 3025 3003
f 3005 3023 3024
f 3005 3024 3004
f 3006 3022 3023
f 3006 3023 3005
f 3007 3021 3022
f 3007 3022 3006
f 3008 3020 3021
f 3008 3021 3007
f 3009 3019 3020
f 3009 3020 3008
f 3010 3019 3009
f 3010 3018 3019
f 3011 3018 3010
f 3011 3017 3018
f 3012 3017 3011
f 3012 3016 3017
f 3013 3016 3012
f 3013 3015 3016
f 3034 3052 3033
f 3034 3070 3052
f 3035 3069 3070
f 3035 3070 3034
f 3036 3068 3069
f 3036 3069 3035
f 3037 3067 3068
f 3037 3068 3036
f 3038 3066 3067
f 3038 3067 3037
f 3039 3065 3066
f 3039 3066 3038
f 3040 3064 3065
f 3040 3065 3039
f 3041 3063 3064
f 3041 3064 3040
f 3042 3062 3063
f 3042 3063 3041
f 3043 3061 3062
f 3043 3062 3042
f 3044 3060 3061
f 3044 3061 3043
f 3045 3059 3060
f 3045 3060 3044
f 3046 3058 3059
f 3046 3059 3045
f 3047 3057 3058
f 3047 3058 3046
f 3048 3057 3047
f 3048 3056 3057
f 3049 3056 3048
f 3049 3055 3056
f 3050 3055 3049
f 3050 3054 3055
f 3051 3054 3050
f 3051 3053 3054
f 3072 3090 3071
f 3072 3108 3090
f 3073 3107 3108
f 3073 3108 3072
f 3074 3106 3107
f 3074 3107 3073
f 3075 3105 3106
f 3075 3106 3074
f 3076 3104 3105
f 3076 3105 3075
f 3077 3103 3104
f 3077 3104 3076
f 3078 3102 3103
f 3078 3103 3077
f 3079 3101 3102
f 3079 3102 3078
f 3080 3100 3101
f 3080 3101 3079
f 3081 3099 3100
f 3081 3100 3080
f 3082 3098 3099
f 3082 3099 3081
f 3083 3097 3098
f 3083 3098 3082
f 3084 3096 3097
f 3084 3097 3083
f 3085 3095 3096
f 3085 3096 3084
f 3086 3095 3085
f 3086 3094 3095
f 3087 3094 3086
f 3087 3093 3094
f 3088 3093 3087
f 3088 3092 3093
f 3089 3092 3088
f 3089 3091 3092
f 3110 3128 3109
f 3110 3146 3128
f 3111 3145 3146
f 3111 3146 3110
f 3112 3144 3145
f 3112 3145 3111
f 3113 3143 3144
f 3113 3144 3112
f 3114 3142 3143
f 3114 3143 3113
f 3115 3141 3142
f 3115 3142 3114
f 3116 3140 3141
f 3116 3141 3115
f 3117 3139 3140
f 3117 3140 3116
f 3118 3138 3139
f 3118 3139 3117
f 3119 3137 3138
f 3119 3138 3118
f 3120 3136 3137
f 3120 3137 3119
f 3121 3135 3136
f 3121 3136 3120
f 3122 3134 3135
f 3122 3135 3121
f 3123 3133 3134
f 3123 3134 3122
f 3124 3133 3123
f 3124 3132 3133
f 3125 3132 3124
f 3125 3131 3132
f 3126 3131 3125
f 3126 3130 3131
f 3127 3130 3126
f 3127 3129 3130
f 3148 3166 3147
f 3148 3184 3166
f 3149 3183 3184
f 3149 3184 3148
f 3150 3182 3183
f 3150 3183 3149
f 3151 3181 3182
f 3151 3182 3150
f 3152 3180 3181
f 3152 3181 3151
f 3153 3179 3180
f 3153 3180 3152
f 3154 3178 3179
f 3154 3179 3153
f 3155 3177 3178
f 3155 3178 3154
f 3156 3176 3177
f 3156 3177 3155
f 3157 3175 3176
f 3157 3176 3156
f 3158 3174 3175
f 3158 3175 3157
f 3159 3173 3174
f 3159 3174 3158
f 3160 3172 3173
f 3160 3173 3159
f 3161 3171 3172
f 3161 3172 3160
f 3162 3171 3161
f 3162 3170 3171
f 3163 3170 3162
f 3163 3169 3170
f 3164 3169 3163
f 3164 3168 3169
f 3165 3168 3164
f 3165 3167 3168
f 3186 3204 3185
f 3186 3222 3204
f 3187 3221 3222
f 3187 3222 3186
f 3188 3220 3221
f 3188 3221 3187
f 3189 3219 3220
f 3189 3220 3188
f 3190 3218 3219
f 3190 3219 3189
f 3191 3217 3218
f 3191 3218 3190
f 3192 3216 3217
f 3192 3217 3191
f 3193 3215 3216
f 3193 3216 3192
f 3194 3214 3215
f 3194 3215 3193
f 3195 3213 3214
f 3195 3214 3194
f 3196 3212 3213
f 3196 3213 3195
f 3197 3211 3212
f 3197 3212 3196
f 3198 3210 3211
f 3198 3211 3197
f 3199 3209 3210
f 3199 3210 3198
f 3200 3209 3199
f 3200 3208 3209
f 3201 3208 3200
f 3201 3207 3208
f 3202 3207 3201
f 3202 3206 3207
f 3203 3206 3202
f 3203 3205 3206
f 3224 3242 3223
f 3224 3260 3242
f 3225 3259 3260
f 3225 3260 3224
f 3226 3258 3259
f 3226 3259 3225
f 3227 3257 3258
f 3227 3258 3226
f 3228 3256 3257
f 3228 3257 3227
f 3229 3255 3256
f 3229 3256 3228
f 3230 3254 3255
f 3230 3255 3229
f 3231 3253 3254
f 3231 3254 3230
f 3232 3252 3253
f 3232 3253 3231
f 3233 3251 3252
f 3233 3252 3232
f 3234 3250 3251
f 3234 3251 3233
f 3235 3249 3250
f 3235 3250 3234
f 3236 3248 3249
f 3236 3249 3235
f 3237 3247 3248
f 3237 3248 3236
f 3238 3247 3237
f 3238 3246 3247
f 3239 3246 3238
f 3239 3245 3246
f 3240 3245 3239
f 3240 3244 3245
f 3241 3244 3240
f 3241 3243 3244
f 3262 3280 3261
f 3262 3298 3280
f 3263 3297 3298
f 3263 3298 3262
f 3264 3296 3297
f 3264 3297 3263
f 3265 3295 3296
f 3265 3296 3264
f 3266 3294 3295
f 3266 3295 3265
f 3267 3293 3294
f 3267 3294 3266
f 3268 3292 3293
f 3268 3293 3267
f 3269 3291 3292
f 3269 3292 3268
f 3270 3290 3291
f 3270 3291 3269
f 3271 3289 3290
f 3271 3290 3270
f 3272 3288 3289
f 3272 3289 3271
f 3273 3287 3288
f 3273 3288 3272
f 3274 3286 3287
f 3274 3287 3273
f 3275 3285 3286
f 3275 3286 3274
f 3276 3285 3275
f 3276 3284 3285
f 3277 3284 3276
f 3277 3283 3284
f 3278 3283 3277
f 3278 3282 3283
f 3279 3282 3278
f 3279 3281 3282
f 3300 3318 3299
f 3300 3336 3318
f 3301 3335 3336
f 3301 3336 3300
f 3302 3334 3335
f 3302 3335 3301
f 3303 3333 3334
f 3303 3334 3302
f 3304 3332 3333
f 3304 3333 3303
f 3305 3331 3332
f 3305 3332 3304
f 3306 3330 3331
f 3306 3331 3305
f 3307 3329 3330
f 3307 3330 3306
f 3308 3328 3329
f 3308 3329 3307
f 3309 3327 3328
f 3309 3328 3308
f 3310 3326 3327
f 3310 3327 3309
f 3311 3325 3326
f 3311 3326 3310
f 3312 3324 3325
f 3312 3325 3311
f 3313 3323 3324
f 3313 3324 3312
f 3314 3323 3313
f 3314 3322 3323
f 3315 3322 3314
f 3315 3321 3322
f 3316 3321 3315
f 3316 3320 3321
f 3317 3320 3316
f 3317 3319 3320
f 3338 3356 3337
f 3338 3374 3356
f 3339 3373 3374
f 3339 3374 3338
f 3340 3372 3373
f 3340 3373 3339
f 3341 3371 3372
f 3341 3372 3340
f 3342 3370 3371
f 3342 3371 3341
f 3343 3369 3370
f 3343 3370 3342
f 3344 3368 3369
f 3344 3369 3343
f 3345 3367 3368
f 3345 3368 3344
f 3346 3366 3367
f 3346 3367 3345
f 3347 3365 3366
f 3347 3366 3346
f 3348 3364 3365
f 3348 3365 3347
f 3349 3363 3364
f 3349 3364 3348
f 3350 3362 3363
f 3350 3363 3349
f 3351 3361 3362
f 3351 3362 3350
f 3352 3361 3351
f 3352 3360 3361
f 3353 3360 3352
f 3353 3359 3360
f 3354 3359 3353
f 3354 3358 3359
f 3355 3358 3354
f 3355 3357 3358
f 3376 3394 3375
f 3376 3412 3394
f 3377 3411 3412
f 3377 3412 3376
f 3378 3410 3411
f 3378 3411 3377
f 3379 3409 3410
f 3379 3410 3378
f 3380 3408 3409
f 3380 3409 3379
f 3381 3407 3408
f 3381 3408 3380
f 3382 3406 3407
f 3382 3407 3381
f 3383 3405 3406
f 3383 3406 3382
f 3384 3404 3405
f 3384 3405 3383
f 3385 3403 3404
f 3385 3404 3384
f 3386 3402 3403
f 3386 3403 3385
f 3387 3401 3402
f 3387 3402 3386
f 3388 3400 3401
f 3388 3401 3387
f 3389 3399 3400
f 3389 3400 3388
f 3390 3399 3389
f 3390 3398 3399
f 3391 3398 3390
f 3391 3397 3398
f 3392 3397 3391
f 3392 3396 3397
f 3393 3396 3392
f 3393 3395 3396
f 3414 3432 3413
f 3414 3450 3432
f 3415 3449 3450
f 3415 3450 3414
f 3416 3448 3449
f 3416 3449 3415
f 3417 3447 3448
f 3417 3448 3416
f 3418 3446 3447
f 3418 3447 3417
f 3419 3445 3446
f 3419 3446 3418
f 3420 3444 3445
f 3420 3445 3419
f 3421 3443 3444
f 3421 3444 3420
f 3422 3442 3443
f 3422 3443 3421
f 3423 3441 3442
f 3423 3442 3422
f 3424 3440 3441
f 3424 3441 3423
f 3425 3439 3440
f 3425 3440 3424
f 3426 3438 3439
f 3426 3439 3425
f 3427 3437 3438
f 3427 3438 3426
f 3428 3437 3427
f 3428 3436 3437
f 3429 3436 3428
f 3429 3435 3436
f 3430 3435 3429
f 3430 3434 3435
f 3431 3434 3430
f 3431 3433 3434
f 3452 3470 3451
f 3452 3488 3470
f 3453 3487 3488
f 3453 3488 3452
f 3454 3486 3487
f 3454 3487 3453
f 3455 3485 3486
f 3455 3486 3454
f 3456 3484 3485
f 3456 3485 3455
f 3457 3483 3484
f 3457 3484 3456
f 3458 3482 3483
f 3458 3483 3457
f 3459 3481 3482
f 3459 3482 3458
f 3460 3480 3481
f 3460 3481 3459
f 3461 3479 3480
f 3461 3480 3460
f 3462 3478 3479
f 3462 3479 3461
f 3463 3477 3478
f 3463 3478 3462
f 3464 3476 3477
f 3464 3477 3463
f 3465 3475 3476
f 3465 3476 3464
f 3466 3475 3465
f 3466 3474 3475
f 3467 3474 3466
f 3467 3473 3474
f 3468 3473 3467
f 3468 3472 3473
f 3469 3472 3468
f 3469 3471 3472
f 3490 3508 3489
f 3490 3526 3508
f 3491 3525 3526
f 3491 3526 3490
f 3492 3524 3525
f 3492 3525 3491
f 3493 3523 3524
f 3493 3524 3492
f 3494 3522 3523
f 3494 3523 3493
f 3495 3521 3522
f 3495 3522 3494
f 3496 3520 3521
f 3496 3521 3495
f 3497 3519 3520
f 3497 3520 3496
f 3498 3518 3519
f 3498 3519 3497
f 3499 3517 3518
f 3499 3518 3498
f 3500 3516 3517
f 3500 3517 3499
f 3501 3515 3516
f 3501 3516 3500
f 3502 3514 3515
f 3502 3515 3501
f 3503 3513 3514
f 3503 3514 3502
f 3504 3513 3503
f 3504 3512 3513
f 3505 3512 3504
f 3505 3511 3512
f 3506 3511 3505
f 3506 3510 3511
f 3507 3510 3506
f 3507 3509 3510
f 3527 3537 3547
f 3528 3547 3546
f 3528 3527 3547
f 3529 3545 3544
f 3529 3546 3545
f 3529 3528 3546
f 3530 3544 3543
f 3530 3529 3544
f 3531 3543 3542
f 3531 3530 3543
f 3532 3542 3541
f 3532 3531 3542
f 3533 3541 3540
f 3533 3532 3541
f 3534 3540 3539
f 3534 3533 3540
f 3535 3539 3538
f 3535 3534 3539
f 3536 3535 3538
f 3549 3548 3558
f 3549 3558 3567
f 3550 3567 3566
f 3550 3549 3567
f 3551 3566 3565
f 3551 3550 3566
f 3552 3565 3564
f 3552 3551 3565
f 3553 3564 3563
f 3553 3552 3564
f 3554 3563 3562
f 3554 3553 3563
f 3555 3562 3561
f 3555 3554 3562
f 3556 3561 3560
f 3556 3555 3561
f 3557 3560 3559
f 3557 3556 3560
f 3569 3568 3578
f 3569 3578 3587
f 3570 3587 3586
f 3570 3569 3587
f 3571 3586 3585
f 3571 3570 3586
f 3572 3585 3584
f 3572 3571 3585
f 3573 3584 3583
f 3573 3572 3584
f 3574 3583 3582
f 3574 3573 3583
f 3575 3582 3581
f 3575 3574 3582
f 3576 3581 3580
f 3576 3575 3581
f 3577 3580 3579
f 3577 3576 3580
f 3601 3588 3589
f 3601 3600 3588
f 3602 3589 3590
f 3602 3601 3589
f 3603 3590 3591
f 3603 3602 3590
f 3604 3591 3592
f 3604 3603 3591
f 3605 3592 3593
f 3605 3604 3592
f 3606 3593 3594
f 3606 3605 3593
f 3607 3594 3595
f 3607 3595 3596
f 3607 3606 3594
f 3608 3596 3597
f 3608 3607 3596
f 3599 3597 3598
f 3599 3608 3597
f 3610 3609 3619
f 3610 3619 3628
f 3611 3628 3627
f 3611 3610 3628
f 3612 3627 3626
f 3612 3611 3627
f 3613 3626 3625
f 3613 3612 3626
f 3614 3625 3624
f 3614 3613 3625
f 3615 3624 3623
f 3615 3614 3624
f 3616 3623 3622
f 3616 3615 3623
f 3617 3622 3621
f 3617 3616 3622
f 3618 3621 3620
f 3618 3617 3621
f 3647 3648 3656
f 3639 3640 3638
f 3657 3649 3629
f 3657 3650 3649
f 3658 3657 3629
f 3659 3658 3629
f 3660 3651 3650
f 3660 3657 3658
f 3660 3650 3657
f 3661 3629 3630
f 3661 3659 3629
f 3662 3658 3659
f 3662 3660 3658
f 3663 3652 3651
f 3663 3653 3652
f 3663 3651 3660
f 3664 3661 3630
f 3665 3659 3661
f 3665 3662 3659
f 3666 3663 3660
f 3666 3660 3662
f 3667 3664 3630
f 3668 3665 3661
f 3668 3661 3664
f 3669 3662 3665
f 3669 3666 3662
f 3670 3654 3653
f 3670 3653 3663
f 3670 3663 3666
f 3671 3630 3631
f 3671 3631 3632
f 3671 3667 3630
f 3672 3664 3667
f 3672 3668 3664
f 3673 3665 3668
f 3673 3669 3665
f 3674 3666 3669
f 3674 3670 3666
f 3675 3655 3654
f 3675 3654 3670
f 3676 3632 3633
f 3676 3671 3632
f 3676 3667 3671
f 3676 3672 3667
f 3677 3673 3668
f 3677 3668 3672
f 3678 3674 3669
f 3678 3669 3673
f 3679 3675 3670
f 3679 3670 3674
f 3680 3672 3676
f 3680 3677 3672
f 3681 3673 3677
f 3681 3678 3673
f 3682 3674 3678
f 3682 3679 3674
f 3683 3655 3675
f 3683 3646 3647
f 3683 3675 3679
f 3683 3656 3655
f 3683 3647 3656
f 3684 3633 3634
f 3684 3634 3635
f 3684 3680 3676
f 3684 3676 3633
f 3685 3677 3680
f 3685 3681 3677
f 3686 3678 3681
f 3686 3682 3678
f 3687 3645 3646
f 3687 3679 3682
f 3687 3683 3679
f 3687 3646 3683
f 3688 3635 3636
f 3688 3684 3635
f 3688 3680 3684
f 3688 3685 3680
f 3689 3681 3685
f 3689 3686 3681
f 3690 3644 3645
f 3690 3645 3687
f 3690 3687 3682
f 3690 3682 3686
f 3691 3685 3688
f 3691 3689 3685
f 3692 3642 3643
f 3692 3643 3644
f 3692 3690 3686
f 3692 3644 3690
f 3692 3686 3689
f 3693 3636 3637
f 3693 3691 3688
f 3693 3688 3636
f 3694 3641 3642
f 3694 3642 3692
f 3694 3689 3691
f 3694 3692 3689
f 3695 3637 3638
f 3695 3640 3641
f 3695 3641 3694
f 3695 3693 3637
f 3695 3691 3693
f 3695 3694 3691
f 3695 3638 3640
f 3704 3705 3706
f 3696 3697 3716
f 3724 3712 3713
f 3724 3713 3714
f 3725 3724 3714
f 3726 3725 3714
f 3727 3711 3712
f 3727 3724 3725
f 3727 3712 3724
f 3728 3714 3715
f 3728 3726 3714
f 3729 3725 3726
f 3729 3727 3725
f 3730 3709 3710
f 3730 3710 3711
f 3730 3711 3727
f 3731 3728 3715
f 3732 3729 3726
f 3732 3726 3728
f 3733 3727 3729
f 3733 3730 3727
f 3734 3731 3715
f 3735 3732 3728
f 3735 3728 3731
f 3736 3733 3729
f 3736 3729 3732
f 3737 3708 3709
f 3737 3709 3730
f 3737 3730 3733
f 3738 3723 3722
f 3738 3715 3723
f 3738 3734 3715
f 3739 3731 3734
f 3739 3735 3731
f 3740 3732 3735
f 3740 3736 3732
f 3741 3733 3736
f 3741 3737 3733
f 3742 3707 3708
f 3742 3708 3737
f 3743 3722 3721
f 3743 3738 3722
f 3743 3734 3738
f 3743 3739 3734
f 3744 3735 3739
f 3744 3740 3735
f 3745 3741 3736
f 3745 3736 3740
f 3746 3737 3741
f 3746 3742 3737
f 3747 3739 3743
f 3747 3744 3739
f 3748 3740 3744
f 3748 3745 3740
f 3749 3746 3741
f 3749 3741 3745
f 3750 3703 3704
f 3750 3707 3742
f 3750 3706 3707
f 3750 3742 3746
f 3750 3704 3706
f 3751 3720 3719
f 3751 3721 3720
f 3751 3743 3721
f 3751 3747 3743
f 3752 3748 3744
f 3752 3744 3747
f 3753 3749 3745
f 3753 3745 3748
f 3754 3702 3703
f 3754 3750 3746
f 3754 3703 3750
f 3754 3746 3749
f 3755 3751 3719
f 3755 3719 3718
f 3755 3747 3751
f 3755 3752 3747
f 3756 3748 3752
f 3756 3753 3748
f 3757 3701 3702
f 3757 3749 3753
f 3757 3702 3754
f 3757 3754 3749
f 3758 3752 3755
f 3758 3756 3752
f 3759 3699 3700
f 3759 3700 3701
f 3759 3701 3757
f 3759 3757 3753
f 3759 3753 3756
f 3760 3718 3717
f 3760 3755 3718
f 3760 3758 3755
f 3761 3698 3699
f 3761 3756 3758
f 3761 3699 3759
f 3761 3759 3756
f 3762 3697 3698
f 3762 3717 3716
f 3762 3760 3717
f 3762 3758 3760
f 3762 3761 3758
f 3762 3698 3761
f 3762 3716 3697
f 3772 3773 3774
f 3771 3774 3775
f 3771 3772 3774
f 3770 3775 3776
f 3770 3771 3775
f 3769 3776 3777
f 3769 3770 3776
f 3768 3769 3777
f 3767 3777 3778
f 3767 3778 3779
f 3767 3768 3777
f 3766 3779 3780
f 3766 3767 3779
f 3765 3780 3781
f 3765 3766 3780
f 3764 3765 3781
f 3763 3781 3782
f 3763 3764 3781
f 3784 3783 3793
f 3784 3793 3802
f 3785 3802 3801
f 3785 3784 3802
f 3786 3801 3800
f 3786 3785 3801
f 3787 3800 3799
f 3787 3786 3800
f 3788 3799 3798
f 3788 3787 3799
f 3789 3798 3797
f 3789 3788 3798
f 3790 3797 3796
f 3790 3789 3797
f 3791 3795 3794
f 3791 3796 3795
f 3791 3790 3796
f 3792 3791 3794
f 3804 3803 3813
f 3804 3813 3822
f 3805 3822 3821
f 3805 3804 3822
f 3806 3821 3820
f 3806 3805 3821
f 3807 3820 3819
f 3807 3806 3820
f 3808 3819 3818
f 3808 3807 3819
f 3809 3818 3817
f 3809 3808 3818
f 3810 3817 3816
f 3810 3809 3817
f 3811 3816 3815
f 3811 3810 3816
f 3812 3815 3814
f 3812 3811 3815
f 3841 3842 3850
f 3833 3834 3832
f 3851 3843 3823
f 3851 3844 3843
f 3852 3851 3823
f 3853 3852 3823
f 3854 3845 3844
f 3854 3851 3852
f 3854 3844 3851
f 3855 3823 3824
f 3855 3853 3823
f 3856 3852 3853
f 3856 3854 3852
f 3857 3846 3845
f 3857 3847 3846
f 3857 3845 3854
f 3858 3855 3824
f 3859 3853 3855
f 3859 3856 3853
f 3860 3857 3854
f 3860 3854 3856
f 3861 3858 3824
f 3862 3855 3858
f 3862 3859 3855
f 3863 3860 3856
f 3863 3856 3859
f 3864 3848 3847
f 3864 3847 3857
f 3864 3857 3860
f 3865 3824 3825
f 3865 3825 3826
f 3865 3861 3824
f 3866 3862 3858
f 3866 3858 3861
f 3867 3859 3862
f 3867 3863 3859
f 3868 3860 3863
f 3868 3864 3860
f 3869 3849 3848
f 3869 3848 3864
f 3870 3826 3827
f 3870 3865 3826
f 3870 3861 3865
f 3870 3866 3861
f 3871 3867 3862
f 3871 3862 3866
f 3872 3863 3867
f 3872 3868 3863
f 3873 3869 3864
f 3873 3864 3868
f 3874 3866 3870
f 3874 3871 3866
f 3875 3867 3871
f 3875 3872 3867
f 3876 3868 3872
f 3876 3873 3868
f 3877 3849 3869
f 3877 3869 3873
f 3877 3840 3841
f 3877 3850 3849
f 3877 3841 3850
f 3878 3827 3828
f 3878 3828 3829
f 3878 3874 3870
f 3878 3870 3827
f 3879 3871 3874
f 3879 3875 3871
f 3880 3876 3872
f 3880 3872 3875
f 3881 3839 3840
f 3881 3873 3876
f 3881 3840 3877
f 3881 3877 3873
f 3882 3829 3830
f 3882 3878 3829
f 3882 3874 3878
f 3882 3879 3874
f 3883 3875 3879
f 3883 3880 3875
f 3884 3838 3839
f 3884 3839 3881
f 3884 3876 3880
f 3884 3881 3876
f 3885 3879 3882
f 3885 3883 3879
f 3886 3836 3837
f 3886 3837 3838
f 3886 3884 3880
f 3886 3838 3884
f 3886 3880 3883
f 3887 3830 3831
f 3887 3885 3882
f 3887 3882 3830
f 3888 3835 3836
f 3888 3883 3885
f 3888 3886 3883
f 3888 3836 3886
f 3889 3831 3832
f 3889 3834 3835
f 3889 3835 3888
f 3889 3887 3831
f 3889 3885 3887
f 3889 3888 3885
f 3889 3832 3834
f 3891 3890 3900
f 3891 3900 3909
f 3892 3909 3908
f 3892 3891 3909
f 3893 3908 3907
f 3893 3892 3908
f 3894 3907 3906
f 3894 3893 3907
f 3895 3906 3905
f 3895 3894 3906
f 3896 3905 3904
f 3896 3895 3905
f 3897 3904 3903
f 3897 3896 3904
f 3898 3903 3902
f 3898 3897 3903
f 3899 3902 3901
f 3899 3898 3902
f 3918 3919 3920
f 3918 3920 3929
f 3917 3929 3928
f 3917 3918 3929
f 3916 3928 3927
f 3916 3917 3928
f 3915 3927 3926
f 3915 3916 3927
f 3914 3925 3924
f 3914 3926 3925
f 3914 3915 3926
f 3913 3914 3924
f 3912 3923 3922
f 3912 3924 3923
f 3912 3913 3924
f 3911 3912 3922
f 3910 3922 3921
f 3910 3911 3922
f 3950 3930 3931
f 3940 3938 3939
f 3958 3951 3950
f 3958 3950 3931
f 3959 3931 3932
f 3959 3932 3933
f 3959 3958 3931
f 3960 3933 3934
f 3960 3959 3933
f 3961 3952 3951
f 3961 3958 3959
f 3961 3951 3958
f 3962 3934 3935
f 3962 3960 3934
f 3963 3959 3960
f 3963 3961 3959
f 3964 3953 3952
f 3964 3954 3953
f 3964 3952 3961
f 3965 3935 3936
f 3965 3962 3935
f 3966 3963 3960
f 3966 3960 3962
f 3967 3961 3963
f 3967 3964 3961
f 3968 3936 3937
f 3968 3937 3938
f 3968 3965 3936
f 3969 3962 3965
f 3969 3966 3962
f 3970 3963 3966
f 3970 3967 3963
f 3971 3955 3954
f 3971 3954 3964
f 3971 3964 3967
f 3972 3940 3941
f 3972 3938 3940
f 3972 3968 3938
f 3973 3965 3968
f 3973 3969 3965
f 3974 3966 3969
f 3974 3970 3966
f 3975 3967 3970
f 3975 3971 3967
f 3976 3956 3955
f 3976 3955 3971
f 3977 3973 3968
f 3977 3941 3942
f 3977 3972 3941
f 3977 3968 3972
f 3978 3974 3969
f 3978 3969 3973
f 3979 3970 3974
f 3979 3975 3970
f 3980 3971 3975
f 3980 3976 3971
f 3981 3978 3973
f 3981 3973 3977
f 3982 3979 3974
f 3982 3974 3978
f 3983 3980 3975
f 3983 3975 3979
f 3984 3956 3976
f 3984 3957 3956
f 3984 3949 3957
f 3984 3976 3980
f 3985 3977 3942
f 3985 3942 3943
f 3985 3943 3944
f 3985 3981 3977
f 3986 3978 3981
f 3986 3982 3978
f 3987 3979 3982
f 3987 3983 3979
f 3988 3980 3983
f 3988 3984 3980
f 3988 3949 3984
f 3989 3986 3981
f 3989 3944 3945
f 3989 3985 3944
f 3989 3981 3985
f 3990 3982 3986
f 3990 3987 3982
f 3991 3949 3988
f 3991 3983 3987
f 3991 3988 3983
f 3992 3986 3989
f 3992 3990 3986
f 3993 3948 3949
f 3993 3987 3990
f 3993 3991 3987
f 3993 3949 3991
f 3994 3945 3946
f 3994 3989 3945
f 3994 3992 3989
f 3995 3948 3993
f 3995 3990 3992
f 3995 3993 3990
f 3996 3946 3947
f 3996 3947 3948
f 3996 3948 3995
f 3996 3994 3946
f 3996 3992 3994
f 3996 3995 3992
f 4006 4007 4016
f 4005 4016 4015
f 4005 4006 4016
f 4004 4015 4014
f 4004 4005 4015
f 4003 4014 4013
f 4003 4004 4014
f 4002 4013 4012
f 4002 4003 4013
f 4001 4012 4011
f 4001 4002 4012
f 4000 4011 4010
f 4000 4001 4011
f 3999 4010 4009
f 3999 4000 4010
f 3998 3999 4009
f 3997 4009 4008
f 3997 3998 4009
