# generated by step_to_parts.py -- 6288 verts, 7862 tris
v 0.072639 -0.225956 0.020301
v 0.072530 -0.225965 0.020205
v 0.072459 -0.225979 0.020153
v 0.072369 -0.226003 0.020097
v 0.072276 -0.226036 0.020050
v 0.072182 -0.226075 0.020011
v 0.072056 -0.226138 0.019972
v 0.071916 -0.226218 0.019945
v 0.071830 -0.226273 0.019937
v 0.071746 -0.226331 0.019934
v 0.071746 -0.120170 0.019934
v 0.071963 -0.120312 0.019953
v 0.072146 -0.120409 0.019999
v 0.072299 -0.120474 0.020060
v 0.072433 -0.120516 0.020135
v 0.072539 -0.120538 0.020212
v 0.072639 -0.120546 0.020301
v -0.105523 -0.173410 0.105619
v -0.105523 -0.173410 0.093819
v -0.114023 -0.173410 0.093819
v -0.113959 -0.172672 0.093819
v -0.113767 -0.171956 0.093819
v -0.113454 -0.171285 0.093819
v -0.113029 -0.170678 0.093819
v -0.112505 -0.170154 0.093819
v -0.111898 -0.169729 0.093819
v -0.111227 -0.169416 0.093819
v -0.110511 -0.169224 0.093819
v -0.109773 -0.169160 0.093819
v -0.109035 -0.169224 0.093819
v -0.108320 -0.169416 0.093819
v -0.107648 -0.169729 0.093819
v -0.107041 -0.170154 0.093819
v -0.106517 -0.170678 0.093819
v -0.106092 -0.171285 0.093819
v -0.105779 -0.171956 0.093819
v -0.105588 -0.172672 0.093819
v -0.114023 -0.173410 0.105619
v -0.105588 -0.172672 0.105619
v -0.105779 -0.171956 0.105619
v -0.106092 -0.171285 0.105619
v -0.106517 -0.170678 0.105619
v -0.107041 -0.170154 0.105619
v -0.107648 -0.169729 0.105619
v -0.108320 -0.169416 0.105619
v -0.109035 -0.169224 0.105619
v -0.109773 -0.169160 0.105619
v -0.110511 -0.169224 0.105619
v -0.111227 -0.169416 0.105619
v -0.111898 -0.169729 0.105619
v -0.112505 -0.170154 0.105619
v -0.113029 -0.170678 0.105619
v -0.113454 -0.171285 0.105619
v -0.113767 -0.171956 0.105619
v -0.113959 -0.172672 0.105619
v -0.105523 -0.136580 0.105619
v -0.105523 -0.136580 0.093819
v -0.114023 -0.136580 0.093819
v -0.113959 -0.135842 0.093819
v -0.113767 -0.135126 0.093819
v -0.113454 -0.134455 0.093819
v -0.113029 -0.133848 0.093819
v -0.112505 -0.133324 0.093819
v -0.111898 -0.132899 0.093819
v -0.111227 -0.132586 0.093819
v -0.110511 -0.132394 0.093819
v -0.109773 -0.132330 0.093819
v -0.109035 -0.132394 0.093819
v -0.108320 -0.132586 0.093819
v -0.107648 -0.132899 0.093819
v -0.107041 -0.133324 0.093819
v -0.106517 -0.133848 0.093819
v -0.106092 -0.134455 0.093819
v -0.105779 -0.135126 0.093819
v -0.105588 -0.135842 0.093819
v -0.114023 -0.136580 0.105619
v -0.105588 -0.135842 0.105619
v -0.105779 -0.135126 0.105619
v -0.106092 -0.134455 0.105619
v -0.106517 -0.133848 0.105619
v -0.107041 -0.133324 0.105619
v -0.107648 -0.132899 0.105619
v -0.108320 -0.132586 0.105619
v -0.109035 -0.132394 0.105619
v -0.109773 -0.132330 0.105619
v -0.110511 -0.132394 0.105619
v -0.111227 -0.132586 0.105619
v -0.111898 -0.132899 0.105619
v -0.112505 -0.133324 0.105619
v -0.113029 -0.133848 0.105619
v -0.113454 -0.134455 0.105619
v -0.113767 -0.135126 0.105619
v -0.113959 -0.135842 0.105619
v -0.114348 -0.136580 0.105619
v -0.114348 -0.136580 0.112869
v -0.105198 -0.136580 0.112869
v -0.105268 -0.135785 0.112869
v -0.105474 -0.135015 0.112869
v -0.105811 -0.134292 0.112869
v -0.106268 -0.133639 0.112869
v -0.106832 -0.133075 0.112869
v -0.107486 -0.132618 0.112869
v -0.108208 -0.132280 0.112869
v -0.108979 -0.132074 0.112869
v -0.109773 -0.132005 0.112869
v -0.110568 -0.132074 0.112869
v -0.111338 -0.132280 0.112869
v -0.112061 -0.132618 0.112869
v -0.112714 -0.133075 0.112869
v -0.113278 -0.133639 0.112869
v -0.113735 -0.134292 0.112869
v -0.114072 -0.135015 0.112869
v -0.114279 -0.135785 0.112869
v -0.105198 -0.136580 0.105619
v -0.105268 -0.135785 0.105619
v -0.105474 -0.135015 0.105619
v -0.105811 -0.134292 0.105619
v -0.106268 -0.133639 0.105619
v -0.106832 -0.133075 0.105619
v -0.107486 -0.132618 0.105619
v -0.108208 -0.132280 0.105619
v -0.108979 -0.132074 0.105619
v -0.109773 -0.132005 0.105619
v -0.110568 -0.132074 0.105619
v -0.111338 -0.132280 0.105619
v -0.112061 -0.132618 0.105619
v -0.112714 -0.133075 0.105619
v -0.113278 -0.133639 0.105619
v -0.113735 -0.134292 0.105619
v -0.114072 -0.135015 0.105619
v -0.114279 -0.135785 0.105619
v -0.114348 -0.173410 0.105619
v -0.114348 -0.173410 0.112869
v -0.105198 -0.173410 0.112869
v -0.105268 -0.172615 0.112869
v -0.105474 -0.171845 0.112869
v -0.105811 -0.171122 0.112869
v -0.106268 -0.170469 0.112869
v -0.106832 -0.169905 0.112869
v -0.107486 -0.169448 0.112869
v -0.108208 -0.169110 0.112869
v -0.108979 -0.168904 0.112869
v -0.109773 -0.168835 0.112869
v -0.110568 -0.168904 0.112869
v -0.111338 -0.169110 0.112869
v -0.112061 -0.169448 0.112869
v -0.112714 -0.169905 0.112869
v -0.113278 -0.170469 0.112869
v -0.113735 -0.171122 0.112869
v -0.114072 -0.171845 0.112869
v -0.114279 -0.172615 0.112869
v -0.105198 -0.173410 0.105619
v -0.105268 -0.172615 0.105619
v -0.105474 -0.171845 0.105619
v -0.105811 -0.171122 0.105619
v -0.106268 -0.170469 0.105619
v -0.106832 -0.169905 0.105619
v -0.107486 -0.169448 0.105619
v -0.108208 -0.169110 0.105619
v -0.108979 -0.168904 0.105619
v -0.109773 -0.168835 0.105619
v -0.110568 -0.168904 0.105619
v -0.111338 -0.169110 0.105619
v -0.112061 -0.169448 0.105619
v -0.112714 -0.169905 0.105619
v -0.113278 -0.170469 0.105619
v -0.113735 -0.171122 0.105619
v -0.114072 -0.171845 0.105619
v -0.114279 -0.172615 0.105619
v 0.082647 -0.100775 0.104487
v 0.082647 -0.100775 0.093819
v 0.085791 -0.100646 0.093819
v 0.088914 -0.100261 0.093819
v 0.091994 -0.099623 0.093819
v 0.098191 -0.097497 0.093819
v 0.103938 -0.094351 0.093819
v 0.109069 -0.090277 0.093819
v 0.113434 -0.085392 0.093819
v 0.116908 -0.079837 0.093819
v 0.119389 -0.073774 0.093819
v 0.120807 -0.067378 0.093819
v 0.121120 -0.060834 0.093819
v 0.120319 -0.054331 0.093819
v 0.118426 -0.048059 0.093819
v 0.115498 -0.042199 0.093819
v 0.111619 -0.036919 0.093819
v 0.106900 -0.032374 0.093819
v 0.101479 -0.028695 0.093819
v 0.095513 -0.025988 0.093819
v 0.089175 -0.024332 0.093819
v 0.082647 -0.023775 0.093819
v 0.082647 -0.023775 0.104487
v 0.089332 -0.100190 0.104487
v 0.095815 -0.098453 0.104487
v 0.101897 -0.095617 0.104487
v 0.107394 -0.091767 0.104487
v 0.112140 -0.087022 0.104487
v 0.115989 -0.081525 0.104487
v 0.118825 -0.075442 0.104487
v 0.120562 -0.068960 0.104487
v 0.121147 -0.062275 0.104487
v 0.120562 -0.055589 0.104487
v 0.118825 -0.049107 0.104487
v 0.115989 -0.043025 0.104487
v 0.112140 -0.037527 0.104487
v 0.107394 -0.032782 0.104487
v 0.101897 -0.028933 0.104487
v 0.095815 -0.026096 0.104487
v 0.089332 -0.024359 0.104487
v 0.071906 -0.024239 0.104487
v 0.072245 -0.024210 0.104487
v 0.072575 -0.024127 0.104487
v 0.072886 -0.023989 0.104487
v 0.073170 -0.023803 0.104487
v 0.073419 -0.023571 0.104487
v 0.073627 -0.023302 0.104487
v 0.073788 -0.023002 0.104487
v 0.073896 -0.022680 0.104487
v 0.073950 -0.022344 0.104487
v 0.073948 -0.022004 0.104487
v 0.073889 -0.021669 0.104487
v 0.073776 -0.021348 0.104487
v 0.073611 -0.021050 0.104487
v 0.073399 -0.020784 0.104487
v 0.073146 -0.020556 0.104487
v 0.072859 -0.020374 0.104487
v 0.072546 -0.020241 0.104487
v 0.071906 -0.024239 0.093819
v 0.072245 -0.024210 0.093819
v 0.072575 -0.024127 0.093819
v 0.072886 -0.023989 0.093819
v 0.073170 -0.023803 0.093819
v 0.073419 -0.023571 0.093819
v 0.073627 -0.023302 0.093819
v 0.073788 -0.023002 0.093819
v 0.073896 -0.022680 0.093819
v 0.073950 -0.022344 0.093819
v 0.073948 -0.022004 0.093819
v 0.073889 -0.021669 0.093819
v 0.073776 -0.021348 0.093819
v 0.073611 -0.021050 0.093819
v 0.073399 -0.020784 0.093819
v 0.073146 -0.020556 0.093819
v 0.072859 -0.020374 0.093819
v 0.072546 -0.020241 0.093819
v 0.071906 -0.020139 0.093845
v 0.072121 -0.020150 0.093833
v 0.072336 -0.020184 0.093823
v 0.071906 -0.020139 0.104462
v 0.072336 -0.020184 0.104483
v 0.072123 -0.020150 0.104473
v 0.046707 -0.043575 0.104487
v 0.046707 -0.043575 0.093819
v 0.047063 -0.043543 0.093819
v 0.047408 -0.043451 0.093819
v 0.047732 -0.043300 0.093819
v 0.048025 -0.043095 0.093819
v 0.048277 -0.042842 0.093819
v 0.048482 -0.042550 0.093819
v 0.048633 -0.042226 0.093819
v 0.048726 -0.041881 0.093819
v 0.048757 -0.041525 0.093819
v 0.048726 -0.041169 0.093819
v 0.048633 -0.040823 0.093819
v 0.048482 -0.040500 0.093819
v 0.048277 -0.040207 0.093819
v 0.048025 -0.039954 0.093819
v 0.047732 -0.039749 0.093819
v 0.047408 -0.039598 0.093819
v 0.047063 -0.039506 0.093819
v 0.046707 -0.039475 0.093819
v 0.046707 -0.039475 0.104487
v 0.047063 -0.043543 0.104487
v 0.047408 -0.043451 0.104487
v 0.047732 -0.043300 0.104487
v 0.048025 -0.043095 0.104487
v 0.048277 -0.042842 0.104487
v 0.048482 -0.042550 0.104487
v 0.048633 -0.042226 0.104487
v 0.048726 -0.041881 0.104487
v 0.048757 -0.041525 0.104487
v 0.048726 -0.041169 0.104487
v 0.048633 -0.040823 0.104487
v 0.048482 -0.040500 0.104487
v 0.048277 -0.040207 0.104487
v 0.048025 -0.039954 0.104487
v 0.047732 -0.039749 0.104487
v 0.047408 -0.039598 0.104487
v 0.047063 -0.039506 0.104487
v 0.042561 -0.075066 0.104487
v 0.042561 -0.075066 0.093819
v 0.042917 -0.075034 0.093819
v 0.043262 -0.074942 0.093819
v 0.043586 -0.074791 0.093819
v 0.043879 -0.074586 0.093819
v 0.044131 -0.074333 0.093819
v 0.044336 -0.074041 0.093819
v 0.044487 -0.073717 0.093819
v 0.044580 -0.073372 0.093819
v 0.044611 -0.073016 0.093819
v 0.044580 -0.072660 0.093819
v 0.044487 -0.072314 0.093819
v 0.044336 -0.071991 0.093819
v 0.044131 -0.071698 0.093819
v 0.043879 -0.071445 0.093819
v 0.043586 -0.071240 0.093819
v 0.043262 -0.071089 0.093819
v 0.042917 -0.070997 0.093819
v 0.042561 -0.070966 0.093819
v 0.042561 -0.070966 0.104487
v 0.042917 -0.075034 0.104487
v 0.043262 -0.074942 0.104487
v 0.043586 -0.074791 0.104487
v 0.043879 -0.074586 0.104487
v 0.044131 -0.074333 0.104487
v 0.044336 -0.074041 0.104487
v 0.044487 -0.073717 0.104487
v 0.044580 -0.073372 0.104487
v 0.044611 -0.073016 0.104487
v 0.044580 -0.072660 0.104487
v 0.044487 -0.072314 0.104487
v 0.044336 -0.071991 0.104487
v 0.044131 -0.071698 0.104487
v 0.043879 -0.071445 0.104487
v 0.043586 -0.071240 0.104487
v 0.043262 -0.071089 0.104487
v 0.042917 -0.070997 0.104487
v 0.061897 -0.100265 0.104487
v 0.061897 -0.100265 0.093819
v 0.062229 -0.100238 0.093819
v 0.062552 -0.100157 0.093819
v 0.062858 -0.100025 0.093819
v 0.063139 -0.099845 0.093819
v 0.063387 -0.099623 0.093819
v 0.063599 -0.099357 0.093819
v 0.063765 -0.099059 0.093819
v 0.063879 -0.098738 0.093819
v 0.063938 -0.098403 0.093819
v 0.063941 -0.098062 0.093819
v 0.063888 -0.097726 0.093819
v 0.063780 -0.097403 0.093819
v 0.063619 -0.097103 0.093819
v 0.063412 -0.096833 0.093819
v 0.063162 -0.096602 0.093819
v 0.062878 -0.096414 0.093819
v 0.062566 -0.096277 0.093819
v 0.062236 -0.096193 0.093819
v 0.061897 -0.096165 0.093819
v 0.061897 -0.096165 0.104487
v 0.062253 -0.100233 0.104487
v 0.062598 -0.100141 0.104487
v 0.062922 -0.099990 0.104487
v 0.063215 -0.099785 0.104487
v 0.063467 -0.099532 0.104487
v 0.063672 -0.099240 0.104487
v 0.063823 -0.098916 0.104487
v 0.063916 -0.098571 0.104487
v 0.063947 -0.098215 0.104487
v 0.063916 -0.097859 0.104487
v 0.063823 -0.097513 0.104487
v 0.063672 -0.097190 0.104487
v 0.063467 -0.096897 0.104487
v 0.063215 -0.096644 0.104487
v 0.062922 -0.096439 0.104487
v 0.062598 -0.096288 0.104487
v 0.062253 -0.096196 0.104487
v 0.093388 -0.104411 0.104487
v 0.093388 -0.104411 0.092548
v 0.093689 -0.104388 0.092561
v 0.093982 -0.104322 0.092598
v 0.094235 -0.104227 0.092650
v 0.094450 -0.104114 0.092711
v 0.094648 -0.103978 0.092781
v 0.094827 -0.103821 0.092858
v 0.094985 -0.103645 0.092941
v 0.095122 -0.103454 0.093026
v 0.095235 -0.103249 0.093112
v 0.095325 -0.103031 0.093197
v 0.095389 -0.102805 0.093279
v 0.095427 -0.102571 0.093358
v 0.095438 -0.102331 0.093431
v 0.095420 -0.102092 0.093498
v 0.095374 -0.101855 0.093558
v 0.095300 -0.101621 0.093610
v 0.095198 -0.101398 0.093654
v 0.095069 -0.101188 0.093691
v 0.094915 -0.100992 0.093721
v 0.094738 -0.100818 0.093745
v 0.094540 -0.100665 0.093763
v 0.094326 -0.100538 0.093776
v 0.094098 -0.100437 0.093785
v 0.093857 -0.100365 0.093791
v 0.093624 -0.100324 0.093794
v 0.093388 -0.100311 0.093795
v 0.093388 -0.100311 0.104487
v 0.093744 -0.104379 0.104487
v 0.094089 -0.104287 0.104487
v 0.094413 -0.104136 0.104487
v 0.094706 -0.103931 0.104487
v 0.094958 -0.103678 0.104487
v 0.095163 -0.103386 0.104487
v 0.095314 -0.103062 0.104487
v 0.095407 -0.102716 0.104487
v 0.095438 -0.102361 0.104487
v 0.095407 -0.102005 0.104487
v 0.095314 -0.101659 0.104487
v 0.095163 -0.101336 0.104487
v 0.094958 -0.101043 0.104487
v 0.094706 -0.100790 0.104487
v 0.094413 -0.100585 0.104487
v 0.094089 -0.100434 0.104487
v 0.093744 -0.100342 0.104487
v 0.118587 -0.085075 0.104487
v 0.118587 -0.085075 0.093819
v 0.118943 -0.085043 0.093819
v 0.119288 -0.084951 0.093819
v 0.119612 -0.084800 0.093819
v 0.119905 -0.084595 0.093819
v 0.120157 -0.084342 0.093819
v 0.120362 -0.084050 0.093819
v 0.120513 -0.083726 0.093819
v 0.120606 -0.083381 0.093819
v 0.120637 -0.083025 0.093819
v 0.120606 -0.082669 0.093819
v 0.120513 -0.082323 0.093819
v 0.120362 -0.082000 0.093819
v 0.120157 -0.081707 0.093819
v 0.119905 -0.081454 0.093819
v 0.119612 -0.081249 0.093819
v 0.119288 -0.081098 0.093819
v 0.118943 -0.081006 0.093819
v 0.118587 -0.080975 0.093819
v 0.118587 -0.080975 0.104487
v 0.118943 -0.085043 0.104487
v 0.119288 -0.084951 0.104487
v 0.119612 -0.084800 0.104487
v 0.119905 -0.084595 0.104487
v 0.120157 -0.084342 0.104487
v 0.120362 -0.084050 0.104487
v 0.120513 -0.083726 0.104487
v 0.120606 -0.083381 0.104487
v 0.120637 -0.083025 0.104487
v 0.120606 -0.082669 0.104487
v 0.120513 -0.082323 0.104487
v 0.120362 -0.082000 0.104487
v 0.120157 -0.081707 0.104487
v 0.119905 -0.081454 0.104487
v 0.119612 -0.081249 0.104487
v 0.119288 -0.081098 0.104487
v 0.118943 -0.081006 0.104487
v 0.124680 -0.052174 0.104487
v 0.124756 -0.051863 0.104479
v 0.124779 -0.051667 0.104469
v 0.124782 -0.051468 0.104459
v 0.124760 -0.051230 0.104450
v 0.124722 -0.051036 0.104446
v 0.124664 -0.050847 0.104448
v 0.124563 -0.050610 0.104456
v 0.124466 -0.050439 0.104466
v 0.124340 -0.050261 0.104477
v 0.124225 -0.050128 0.104484
v 0.124099 -0.050005 0.104487
v 0.122733 -0.053584 0.104487
v 0.123053 -0.053558 0.104487
v 0.123365 -0.053484 0.104487
v 0.123661 -0.053361 0.104487
v 0.123935 -0.053194 0.104487
v 0.124179 -0.052986 0.104487
v 0.124388 -0.052743 0.104487
v 0.124557 -0.052470 0.104487
v 0.122733 -0.053584 0.093819
v 0.123053 -0.053558 0.093819
v 0.123365 -0.053484 0.093819
v 0.123661 -0.053361 0.093819
v 0.123935 -0.053194 0.093819
v 0.124179 -0.052986 0.093819
v 0.124388 -0.052743 0.093819
v 0.124557 -0.052470 0.093819
v 0.124680 -0.052174 0.093819
v 0.124099 -0.050005 0.093819
v 0.124321 -0.050237 0.093828
v 0.124438 -0.050396 0.093838
v 0.124540 -0.050566 0.093848
v 0.124641 -0.050783 0.093857
v 0.124704 -0.050970 0.093860
v 0.124749 -0.051163 0.093858
v 0.124780 -0.051418 0.093850
v 0.124781 -0.051615 0.093840
v 0.124761 -0.051832 0.093829
v 0.124728 -0.052004 0.093822
v 0.123863 -0.049823 0.093819
v 0.123602 -0.049677 0.093819
v 0.123323 -0.049570 0.093819
v 0.123031 -0.049505 0.093819
v 0.122733 -0.049484 0.093819
v 0.122733 -0.049484 0.104487
v 0.123863 -0.049823 0.104487
v 0.123602 -0.049677 0.104487
v 0.123323 -0.049570 0.104487
v 0.123031 -0.049505 0.104487
v 0.103397 -0.028385 0.104487
v 0.103743 -0.028355 0.104487
v 0.104080 -0.028267 0.104487
v 0.104397 -0.028124 0.104487
v 0.104685 -0.027929 0.104487
v 0.104936 -0.027688 0.104487
v 0.105143 -0.027409 0.104487
v 0.105299 -0.027098 0.104487
v 0.105401 -0.026765 0.104487
v 0.105445 -0.026420 0.104487
v 0.105430 -0.026073 0.104487
v 0.105357 -0.025733 0.104487
v 0.105227 -0.025410 0.104487
v 0.103397 -0.028385 0.093819
v 0.103743 -0.028355 0.093819
v 0.104080 -0.028267 0.093819
v 0.104397 -0.028124 0.093819
v 0.104685 -0.027929 0.093819
v 0.104936 -0.027688 0.093819
v 0.105143 -0.027409 0.093819
v 0.105299 -0.027098 0.093819
v 0.105401 -0.026765 0.093819
v 0.105445 -0.026420 0.093819
v 0.105430 -0.026073 0.093819
v 0.105357 -0.025733 0.093819
v 0.105227 -0.025410 0.093819
v 0.103397 -0.024285 0.093820
v 0.103734 -0.024312 0.093834
v 0.104063 -0.024396 0.093851
v 0.104372 -0.024531 0.093860
v 0.104655 -0.024716 0.093855
v 0.104904 -0.024945 0.093840
v 0.105081 -0.025166 0.093826
v 0.103397 -0.024285 0.104486
v 0.105049 -0.025121 0.104478
v 0.104827 -0.024866 0.104460
v 0.104566 -0.024651 0.104448
v 0.104273 -0.024481 0.104448
v 0.103956 -0.024362 0.104460
v 0.103680 -0.024304 0.104475
v 0.090478 -0.147977 0.011246
v 0.106838 -0.147977 0.022712
v 0.106809 -0.148561 0.022754
v 0.106721 -0.149128 0.022878
v 0.106579 -0.149659 0.023081
v 0.106386 -0.150140 0.023356
v 0.106148 -0.150555 0.023696
v 0.105872 -0.150891 0.024090
v 0.105567 -0.151139 0.024525
v 0.105242 -0.151291 0.024989
v 0.104906 -0.151342 0.025468
v 0.104571 -0.151291 0.025946
v 0.104246 -0.151139 0.026410
v 0.103941 -0.150891 0.026846
v 0.103665 -0.150555 0.027239
v 0.103427 -0.150140 0.027579
v 0.103234 -0.149659 0.027855
v 0.103091 -0.149128 0.028058
v 0.103004 -0.148561 0.028182
v 0.102975 -0.147977 0.028224
v 0.086615 -0.147977 0.016758
v 0.090451 -0.148551 0.011288
v 0.090371 -0.149109 0.011411
v 0.090240 -0.149633 0.011612
v 0.090061 -0.150109 0.011884
v 0.089839 -0.150522 0.012219
v 0.089579 -0.150860 0.012607
v 0.089289 -0.151114 0.013035
v 0.088975 -0.151276 0.013492
v 0.088649 -0.151341 0.013962
v 0.088317 -0.151307 0.014433
v 0.087992 -0.151176 0.014889
v 0.087681 -0.150950 0.015320
v 0.087395 -0.150638 0.015711
v 0.087143 -0.150247 0.016053
v 0.086934 -0.149790 0.016334
v 0.086773 -0.149278 0.016549
v 0.086666 -0.148731 0.016690
v 0.086628 -0.148357 0.016741
v 0.090478 -0.173979 0.011246
v 0.106838 -0.173979 0.022712
v 0.106809 -0.174563 0.022754
v 0.106721 -0.175130 0.022878
v 0.106579 -0.175662 0.023081
v 0.106386 -0.176142 0.023356
v 0.106148 -0.176557 0.023696
v 0.105872 -0.176893 0.024090
v 0.105567 -0.177141 0.024525
v 0.105242 -0.177293 0.024989
v 0.104906 -0.177344 0.025468
v 0.104571 -0.177293 0.025946
v 0.104246 -0.177141 0.026410
v 0.103941 -0.176893 0.026846
v 0.103665 -0.176557 0.027239
v 0.103427 -0.176142 0.027579
v 0.103234 -0.175662 0.027855
v 0.103091 -0.175130 0.028058
v 0.103004 -0.174563 0.028182
v 0.102975 -0.173979 0.028224
v 0.086615 -0.173979 0.016758
v 0.090451 -0.174553 0.011288
v 0.090371 -0.175111 0.011411
v 0.090240 -0.175635 0.011612
v 0.090061 -0.176111 0.011884
v 0.089839 -0.176524 0.012219
v 0.089579 -0.176862 0.012607
v 0.089289 -0.177116 0.013035
v 0.088975 -0.177278 0.013492
v 0.088649 -0.177343 0.013962
v 0.088317 -0.177309 0.014433
v 0.087992 -0.177178 0.014889
v 0.087681 -0.176952 0.015320
v 0.087395 -0.176640 0.015711
v 0.087143 -0.176249 0.016053
v 0.086934 -0.175792 0.016334
v 0.086773 -0.175281 0.016549
v 0.086666 -0.174733 0.016690
v 0.086628 -0.174359 0.016741
v 0.090478 -0.199981 0.011246
v 0.106838 -0.199981 0.022712
v 0.106809 -0.200565 0.022754
v 0.106721 -0.201132 0.022878
v 0.106579 -0.201664 0.023081
v 0.106386 -0.202144 0.023356
v 0.106148 -0.202559 0.023696
v 0.105872 -0.202896 0.024090
v 0.105567 -0.203144 0.024525
v 0.105242 -0.203295 0.024989
v 0.104906 -0.203346 0.025468
v 0.104571 -0.203295 0.025946
v 0.104246 -0.203144 0.026410
v 0.103941 -0.202896 0.026846
v 0.103665 -0.202559 0.027239
v 0.103427 -0.202144 0.027579
v 0.103234 -0.201664 0.027855
v 0.103091 -0.201132 0.028058
v 0.103004 -0.200565 0.028182
v 0.102975 -0.199981 0.028224
v 0.086615 -0.199981 0.016758
v 0.090451 -0.200555 0.011288
v 0.090371 -0.201113 0.011411
v 0.090240 -0.201637 0.011612
v 0.090061 -0.202113 0.011884
v 0.089839 -0.202526 0.012219
v 0.089579 -0.202865 0.012607
v 0.089289 -0.203118 0.013035
v 0.088975 -0.203280 0.013492
v 0.088649 -0.203345 0.013962
v 0.088317 -0.203311 0.014433
v 0.087992 -0.203180 0.014889
v 0.087681 -0.202955 0.015320
v 0.087395 -0.202642 0.015711
v 0.087143 -0.202251 0.016053
v 0.086934 -0.201795 0.016334
v 0.086773 -0.201283 0.016549
v 0.086666 -0.200736 0.016690
v 0.086628 -0.200361 0.016741
v 0.072972 -0.227226 0.018146
v 0.079640 -0.227226 0.010180
v 0.085271 -0.227226 0.001451
v 0.089779 -0.227226 -0.007908
v 0.093095 -0.227226 -0.017753
v 0.095169 -0.227226 -0.027932
v 0.095967 -0.227226 -0.038289
v 0.095967 -0.236187 -0.038289
v 0.095015 -0.235991 -0.026884
v 0.092846 -0.235492 -0.016846
v 0.089521 -0.234586 -0.007283
v 0.085177 -0.233133 0.001617
v 0.080103 -0.231024 0.009545
v 0.076647 -0.229313 0.014005
v 0.073299 -0.109275 0.084167
v 0.091994 -0.109275 0.084167
v 0.063387 -0.109275 0.084167
v 0.060407 -0.109275 0.084167
v 0.039417 -0.109275 0.084167
v 0.038147 -0.109275 0.089279
v 0.038266 -0.109275 0.088001
v 0.038758 -0.109275 0.086061
v 0.038147 -0.109275 0.103217
v 0.039417 -0.109275 0.104487
v 0.039196 -0.109275 0.104468
v 0.038983 -0.109275 0.104411
v 0.038782 -0.109275 0.104317
v 0.038601 -0.109275 0.104190
v 0.038444 -0.109275 0.104034
v 0.038317 -0.109275 0.103852
v 0.038223 -0.109275 0.103652
v 0.038166 -0.109275 0.103438
v 0.125877 -0.109275 0.104487
v 0.125877 -0.109275 0.119219
v 0.012147 -0.109275 0.119219
v 0.012147 -0.109275 0.093819
v 0.012149 -0.109275 0.093819
v 0.062947 -0.109275 0.049922
v 0.062947 -0.109275 0.028733
v 0.097237 -0.109275 -0.038270
v 0.096343 -0.109275 -0.027176
v 0.094010 -0.109275 -0.016293
v 0.090275 -0.109275 -0.005808
v 0.085205 -0.109275 0.004100
v 0.078885 -0.109275 0.013261
v 0.071423 -0.109275 0.021519
v 0.125877 -0.109275 -0.038270
v 0.125877 -0.109275 0.084167
v 0.091716 -0.109275 0.053179
v 0.091716 -0.109275 0.044289
v 0.118097 -0.109275 0.053179
v 0.118097 -0.109275 0.006646
v 0.112951 -0.109275 0.017002
v 0.106797 -0.109275 0.026792
v 0.099694 -0.109275 0.035918
v 0.012147 -0.200715 0.066684
v 0.012886 -0.200715 0.066748
v 0.013602 -0.200715 0.066940
v 0.014275 -0.200715 0.067252
v 0.014884 -0.200715 0.067675
v 0.015410 -0.200715 0.068198
v 0.015839 -0.200715 0.068803
v 0.016156 -0.200715 0.069474
v 0.016352 -0.200715 0.070189
v 0.016422 -0.200715 0.070927
v 0.016363 -0.200715 0.071667
v 0.016177 -0.200715 0.072385
v 0.015870 -0.200715 0.073060
v 0.015451 -0.200715 0.073672
v 0.014932 -0.200715 0.074202
v 0.014330 -0.200715 0.074635
v 0.013662 -0.200715 0.074957
v 0.014120 -0.200741 0.074752
v 0.012801 -0.200717 0.066734
v 0.013438 -0.200726 0.066884
v 0.013883 -0.200735 0.067052
v 0.014318 -0.200746 0.067276
v 0.014727 -0.200760 0.067550
v 0.015089 -0.200773 0.067858
v 0.015402 -0.200786 0.068188
v 0.015679 -0.200799 0.068551
v 0.015917 -0.200811 0.068943
v 0.016110 -0.200821 0.069356
v 0.016258 -0.200829 0.069787
v 0.016360 -0.200835 0.070235
v 0.016413 -0.200838 0.070688
v 0.016418 -0.200838 0.071143
v 0.016374 -0.200836 0.071600
v 0.016281 -0.200830 0.072047
v 0.016142 -0.200823 0.072481
v 0.015956 -0.200813 0.072899
v 0.015727 -0.200801 0.073295
v 0.015459 -0.200789 0.073663
v 0.015151 -0.200776 0.074001
v 0.014808 -0.200762 0.074305
v 0.014475 -0.200751 0.074544
v 0.012147 -0.109275 0.068419
v 0.012147 -0.109275 0.063339
v 0.012149 -0.109275 0.068419
v 0.125877 -0.238815 -0.039540
v 0.111216 -0.238815 -0.039540
v 0.125877 -0.110545 -0.039540
v 0.095976 -0.110545 -0.039540
v 0.095976 -0.119276 -0.039540
v 0.106763 -0.119276 -0.039540
v 0.106763 -0.227226 -0.039540
v 0.097237 -0.227226 -0.039540
v 0.097237 -0.237481 -0.039540
v 0.101865 -0.238221 -0.039540
v 0.106531 -0.238666 -0.039540
v 0.118097 -0.200715 0.044289
v 0.125877 -0.200715 0.044289
v 0.118097 -0.200715 0.053179
v 0.091716 -0.200715 0.053179
v 0.091716 -0.200715 0.044289
v 0.082360 -0.200715 0.052268
v 0.072208 -0.200715 0.059208
v 0.061377 -0.200715 0.065030
v 0.049989 -0.200715 0.069669
v 0.038173 -0.200715 0.073071
v 0.026062 -0.200715 0.075199
v 0.013662 -0.200715 0.074957
v 0.019860 -0.200715 0.075431
v 0.012147 -0.200715 0.066684
v 0.012886 -0.200715 0.066748
v 0.013602 -0.200715 0.066940
v 0.014275 -0.200715 0.067252
v 0.014884 -0.200715 0.067675
v 0.015410 -0.200715 0.068198
v 0.015839 -0.200715 0.068803
v 0.016156 -0.200715 0.069474
v 0.016352 -0.200715 0.070189
v 0.016422 -0.200715 0.070927
v 0.016363 -0.200715 0.071667
v 0.016177 -0.200715 0.072385
v 0.015870 -0.200715 0.073060
v 0.015451 -0.200715 0.073672
v 0.014932 -0.200715 0.074202
v 0.014330 -0.200715 0.074635
v 0.012147 -0.200715 0.068419
v -0.121203 -0.200715 0.068419
v -0.121203 -0.200715 0.093819
v 0.012147 -0.200715 0.093819
v 0.012147 -0.200715 0.119219
v 0.125877 -0.200715 0.119219
v 0.125877 -0.199445 0.120489
v 0.125877 -0.110545 0.120489
v 0.013417 -0.199445 0.120489
v 0.013417 -0.110545 0.120489
v 0.125877 -0.229455 -0.018947
v 0.123154 -0.224186 -0.007354
v 0.120849 -0.220965 -0.000267
v 0.118097 -0.217823 0.006646
v 0.125877 -0.200715 0.044289
v 0.118097 -0.200715 0.044289
v 0.062189 -0.110545 0.027714
v 0.070666 -0.110545 0.020484
v 0.078110 -0.110545 0.012192
v 0.084388 -0.110545 0.002987
v 0.089390 -0.110545 -0.006969
v 0.093027 -0.110545 -0.017501
v 0.095236 -0.110545 -0.028423
v 0.095976 -0.110545 -0.039540
v 0.036432 -0.102047 0.040694
v 0.041693 -0.105377 0.038910
v 0.047185 -0.107855 0.036615
v 0.052797 -0.109511 0.033774
v 0.057561 -0.110296 0.030922
v 0.013398 -0.094054 0.044280
v 0.019513 -0.094707 0.043965
v 0.025434 -0.096263 0.043229
v 0.030988 -0.098651 0.042144
v 0.033773 -0.100240 0.041452
v 0.013398 -0.199455 0.044280
v 0.061781 -0.218822 0.028016
v 0.054297 -0.212805 0.032922
v 0.045865 -0.207687 0.037209
v 0.037569 -0.204011 0.040342
v 0.029130 -0.201447 0.042551
v 0.021362 -0.200029 0.043781
v 0.070857 -0.225889 0.020297
v 0.066845 -0.223052 0.023985
v 0.064314 -0.221037 0.026079
v 0.070857 -0.119276 0.020297
v 0.095976 -0.119276 -0.039540
v 0.095242 -0.119276 -0.028467
v 0.093051 -0.119276 -0.017587
v 0.089442 -0.119276 -0.007092
v 0.084478 -0.119276 0.002834
v 0.078247 -0.119276 0.012018
v 0.102975 -0.199981 0.028224
v 0.103004 -0.199397 0.028182
v 0.103091 -0.198830 0.028058
v 0.103234 -0.198298 0.027855
v 0.103427 -0.197818 0.027579
v 0.103665 -0.197403 0.027239
v 0.103941 -0.197066 0.026846
v 0.104246 -0.196818 0.026410
v 0.104571 -0.196667 0.025946
v 0.104906 -0.196615 0.025468
v 0.105242 -0.196667 0.024989
v 0.105567 -0.196818 0.024525
v 0.105872 -0.197066 0.024090
v 0.106148 -0.197403 0.023696
v 0.106386 -0.197818 0.023356
v 0.106579 -0.198298 0.023081
v 0.106721 -0.198830 0.022878
v 0.106809 -0.199397 0.022754
v 0.106838 -0.199981 0.022712
v 0.090478 -0.199981 0.011246
v 0.086615 -0.199981 0.016758
v 0.086645 -0.199401 0.016718
v 0.086736 -0.198836 0.016598
v 0.086883 -0.198307 0.016402
v 0.087082 -0.197827 0.016134
v 0.087326 -0.197414 0.015804
v 0.087608 -0.197076 0.015420
v 0.087917 -0.196826 0.014993
v 0.088245 -0.196671 0.014535
v 0.088580 -0.196616 0.014061
v 0.088913 -0.196661 0.013583
v 0.089233 -0.196807 0.013117
v 0.089531 -0.197048 0.012678
v 0.089800 -0.197377 0.012277
v 0.090031 -0.197784 0.011929
v 0.090219 -0.198258 0.011644
v 0.090358 -0.198783 0.011431
v 0.090445 -0.199344 0.011298
v 0.090470 -0.199661 0.011259
v 0.102975 -0.173979 0.028224
v 0.103004 -0.173394 0.028182
v 0.103091 -0.172828 0.028058
v 0.103234 -0.172296 0.027855
v 0.103427 -0.171816 0.027579
v 0.103665 -0.171401 0.027239
v 0.103941 -0.171064 0.026846
v 0.104246 -0.170816 0.026410
v 0.104571 -0.170664 0.025946
v 0.104906 -0.170613 0.025468
v 0.105242 -0.170664 0.024989
v 0.105567 -0.170816 0.024525
v 0.105872 -0.171064 0.024090
v 0.106148 -0.171401 0.023696
v 0.106386 -0.171816 0.023356
v 0.106579 -0.172296 0.023081
v 0.106721 -0.172828 0.022878
v 0.106809 -0.173394 0.022754
v 0.106838 -0.173979 0.022712
v 0.090478 -0.173979 0.011246
v 0.086615 -0.173979 0.016758
v 0.086645 -0.173399 0.016718
v 0.086736 -0.172834 0.016598
v 0.086883 -0.172305 0.016402
v 0.087082 -0.171825 0.016134
v 0.087326 -0.171411 0.015804
v 0.087608 -0.171074 0.015420
v 0.087917 -0.170824 0.014993
v 0.088245 -0.170669 0.014535
v 0.088580 -0.170613 0.014061
v 0.088913 -0.170659 0.013583
v 0.089233 -0.170805 0.013117
v 0.089531 -0.171046 0.012678
v 0.089800 -0.171375 0.012277
v 0.090031 -0.171782 0.011929
v 0.090219 -0.172255 0.011644
v 0.090358 -0.172781 0.011431
v 0.090445 -0.173342 0.011298
v 0.090470 -0.173659 0.011259
v 0.102975 -0.147977 0.028224
v 0.103004 -0.147392 0.028182
v 0.103091 -0.146826 0.028058
v 0.103234 -0.146294 0.027855
v 0.103427 -0.145813 0.027579
v 0.103665 -0.145399 0.027239
v 0.103941 -0.145062 0.026846
v 0.104246 -0.144814 0.026410
v 0.104571 -0.144662 0.025946
v 0.104906 -0.144611 0.025468
v 0.105242 -0.144662 0.024989
v 0.105567 -0.144814 0.024525
v 0.105872 -0.145062 0.024090
v 0.106148 -0.145399 0.023696
v 0.106386 -0.145813 0.023356
v 0.106579 -0.146294 0.023081
v 0.106721 -0.146826 0.022878
v 0.106809 -0.147392 0.022754
v 0.106838 -0.147977 0.022712
v 0.090478 -0.147977 0.011246
v 0.086615 -0.147977 0.016758
v 0.086645 -0.147397 0.016718
v 0.086736 -0.146832 0.016598
v 0.086883 -0.146303 0.016402
v 0.087082 -0.145823 0.016134
v 0.087326 -0.145409 0.015804
v 0.087608 -0.145072 0.015420
v 0.087917 -0.144822 0.014993
v 0.088245 -0.144667 0.014535
v 0.088580 -0.144611 0.014061
v 0.088913 -0.144657 0.013583
v 0.089233 -0.144803 0.013117
v 0.089531 -0.145043 0.012678
v 0.089800 -0.145373 0.012277
v 0.090031 -0.145780 0.011929
v 0.090219 -0.146253 0.011644
v 0.090358 -0.146779 0.011431
v 0.090445 -0.147340 0.011298
v 0.090470 -0.147656 0.011259
v 0.127574 -0.237545 -0.033611
v 0.127147 -0.235014 -0.027982
v 0.127147 -0.232166 -0.027982
v 0.127145 -0.232239 -0.027960
v 0.127141 -0.232275 -0.027923
v 0.127137 -0.232296 -0.027883
v 0.127129 -0.232319 -0.027809
v 0.127112 -0.232336 -0.027644
v 0.127082 -0.232321 -0.027352
v 0.127043 -0.232270 -0.026996
v 0.126929 -0.232041 -0.025985
v 0.126566 -0.231166 -0.023202
v 0.125877 -0.229455 -0.018947
v 0.123154 -0.224186 -0.007354
v 0.120849 -0.220965 -0.000267
v 0.118097 -0.217823 0.006646
v 0.118097 -0.109275 0.006646
v 0.112951 -0.109275 0.017002
v 0.106797 -0.109275 0.026792
v 0.099694 -0.109275 0.035918
v 0.091716 -0.109275 0.044289
v 0.091716 -0.200715 0.044289
v 0.082360 -0.200715 0.052268
v 0.072208 -0.200715 0.059208
v 0.061377 -0.200715 0.065030
v 0.049989 -0.200715 0.069669
v 0.038173 -0.200715 0.073071
v 0.026062 -0.200715 0.075199
v 0.035845 -0.203190 0.073584
v 0.045101 -0.206875 0.071242
v 0.054139 -0.211954 0.068141
v 0.058744 -0.215221 0.066230
v 0.063092 -0.218822 0.064205
v 0.070499 -0.224625 0.060228
v 0.078193 -0.229231 0.055310
v 0.086103 -0.232762 0.049280
v 0.094055 -0.235264 0.042005
v 0.101677 -0.236779 0.033555
v 0.107290 -0.237375 0.026084
v 0.112317 -0.237545 0.018119
v 0.117296 -0.237545 0.008442
v 0.121343 -0.237545 -0.001661
v 0.124422 -0.237545 -0.012099
v 0.126505 -0.237545 -0.022781
v 0.095795 -0.220301 0.040220
v 0.095795 -0.127657 0.040220
v 0.103355 -0.127657 0.031450
v 0.110000 -0.127657 0.021968
v 0.115664 -0.127657 0.011869
v 0.115664 -0.220301 0.011869
v 0.110000 -0.220301 0.021968
v 0.103355 -0.220301 0.031450
v 0.126456 -0.238815 -0.039540
v 0.126455 -0.238815 -0.039540
v 0.125833 -0.238815 -0.027621
v 0.123971 -0.238815 -0.015832
v 0.120889 -0.238815 -0.004302
v 0.116622 -0.238815 0.006844
v 0.111216 -0.238815 0.017485
v 0.111216 -0.238815 -0.039540
v 0.125877 -0.238815 -0.039540
v 0.111216 -0.238815 -0.039540
v 0.111216 -0.238815 0.017485
v 0.104813 -0.238537 0.027238
v 0.097516 -0.237534 0.036213
v 0.090073 -0.235727 0.043751
v 0.082624 -0.233061 0.050071
v 0.075208 -0.229452 0.055389
v 0.068308 -0.225088 0.059602
v 0.061682 -0.219765 0.063065
v 0.061682 -0.219765 0.029040
v 0.068139 -0.224967 0.023889
v 0.074468 -0.229034 0.017721
v 0.080621 -0.232186 0.010269
v 0.086175 -0.234444 0.001666
v 0.090852 -0.235955 -0.008042
v 0.094336 -0.236861 -0.018584
v 0.096330 -0.237300 -0.028961
v 0.097002 -0.237435 -0.039518
v 0.097119 -0.237458 -0.039535
v 0.097237 -0.237481 -0.039540
v 0.101865 -0.238221 -0.039540
v 0.106531 -0.238666 -0.039540
v 0.012147 -0.200715 0.045559
v 0.021449 -0.201302 0.045031
v 0.030481 -0.203024 0.043491
v 0.039418 -0.205929 0.040911
v 0.048099 -0.210045 0.037301
v 0.055241 -0.214573 0.033402
v 0.061682 -0.219765 0.029040
v 0.012147 -0.200715 0.066684
v 0.012801 -0.200717 0.066734
v 0.013438 -0.200726 0.066884
v 0.013883 -0.200735 0.067052
v 0.014318 -0.200746 0.067276
v 0.014727 -0.200760 0.067550
v 0.015089 -0.200773 0.067858
v 0.015402 -0.200786 0.068188
v 0.015679 -0.200799 0.068551
v 0.015917 -0.200811 0.068943
v 0.016110 -0.200821 0.069356
v 0.016258 -0.200829 0.069787
v 0.016360 -0.200835 0.070235
v 0.016413 -0.200838 0.070688
v 0.016418 -0.200838 0.071143
v 0.016374 -0.200836 0.071600
v 0.016281 -0.200830 0.072047
v 0.016142 -0.200823 0.072481
v 0.015956 -0.200813 0.072899
v 0.015727 -0.200801 0.073295
v 0.015459 -0.200789 0.073663
v 0.015151 -0.200776 0.074001
v 0.014808 -0.200762 0.074305
v 0.014475 -0.200751 0.074544
v 0.014120 -0.200741 0.074752
v 0.061682 -0.219765 0.063065
v 0.054039 -0.213729 0.066530
v 0.045583 -0.208708 0.069592
v 0.036912 -0.204986 0.071959
v 0.028093 -0.202455 0.073613
v 0.021208 -0.201272 0.074397
v 0.118097 -0.200715 0.053179
v 0.118097 -0.109275 0.053179
v 0.118097 -0.200715 0.044289
v 0.118097 -0.217823 0.006646
v 0.118097 -0.109275 0.006646
v 0.037547 -0.101020 0.041910
v 0.037547 -0.101020 0.060154
v 0.031206 -0.097196 0.043524
v 0.024947 -0.094704 0.044647
v 0.019002 -0.093312 0.045299
v 0.015600 -0.092903 0.045493
v 0.012147 -0.092765 0.045559
v 0.012147 -0.092765 0.063339
v 0.018629 -0.093254 0.063135
v 0.024929 -0.094699 0.062542
v 0.030906 -0.097050 0.061614
v 0.034211 -0.098823 0.060945
v 0.037547 -0.101020 0.060154
v 0.043505 -0.104653 0.058442
v 0.049684 -0.107189 0.056247
v 0.055971 -0.108708 0.053537
v 0.059459 -0.109134 0.051814
v 0.062947 -0.109275 0.049922
v 0.037547 -0.101020 0.041910
v 0.062947 -0.109275 0.028733
v 0.056204 -0.108745 0.033386
v 0.049881 -0.107252 0.036925
v 0.044195 -0.104993 0.039516
v 0.040824 -0.103181 0.040812
v 0.113728 -0.219031 0.012880
v 0.114017 -0.219033 0.012467
v 0.096085 -0.219031 0.038056
v 0.095796 -0.219033 0.038468
v 0.095796 -0.128925 0.038468
v 0.096085 -0.128927 0.038056
v 0.113728 -0.128927 0.012880
v 0.114017 -0.128925 0.012467
v 0.102975 -0.173979 0.028224
v 0.103004 -0.173394 0.028182
v 0.103091 -0.172828 0.028058
v 0.103234 -0.172296 0.027855
v 0.103427 -0.171816 0.027579
v 0.103665 -0.171401 0.027239
v 0.103941 -0.171064 0.026846
v 0.104246 -0.170816 0.026410
v 0.104571 -0.170664 0.025946
v 0.104906 -0.170613 0.025468
v 0.105242 -0.170664 0.024989
v 0.105567 -0.170816 0.024525
v 0.105872 -0.171064 0.024090
v 0.106148 -0.171401 0.023696
v 0.106386 -0.171816 0.023356
v 0.106579 -0.172296 0.023081
v 0.106721 -0.172828 0.022878
v 0.106809 -0.173394 0.022754
v 0.106838 -0.173979 0.022712
v 0.106809 -0.174563 0.022754
v 0.106721 -0.175130 0.022878
v 0.106579 -0.175662 0.023081
v 0.106386 -0.176142 0.023356
v 0.106148 -0.176557 0.023696
v 0.105872 -0.176893 0.024090
v 0.105567 -0.177141 0.024525
v 0.105242 -0.177293 0.024989
v 0.104906 -0.177344 0.025468
v 0.104571 -0.177293 0.025946
v 0.104246 -0.177141 0.026410
v 0.103941 -0.176893 0.026846
v 0.103665 -0.176557 0.027239
v 0.103427 -0.176142 0.027579
v 0.103234 -0.175662 0.027855
v 0.103091 -0.175130 0.028058
v 0.103004 -0.174563 0.028182
v 0.102975 -0.147977 0.028224
v 0.103004 -0.147392 0.028182
v 0.103091 -0.146826 0.028058
v 0.103234 -0.146294 0.027855
v 0.103427 -0.145813 0.027579
v 0.103665 -0.145399 0.027239
v 0.103941 -0.145062 0.026846
v 0.104246 -0.144814 0.026410
v 0.104571 -0.144662 0.025946
v 0.104906 -0.144611 0.025468
v 0.105242 -0.144662 0.024989
v 0.105567 -0.144814 0.024525
v 0.105872 -0.145062 0.024090
v 0.106148 -0.145399 0.023696
v 0.106386 -0.145813 0.023356
v 0.106579 -0.146294 0.023081
v 0.106721 -0.146826 0.022878
v 0.106809 -0.147392 0.022754
v 0.106838 -0.147977 0.022712
v 0.106809 -0.148561 0.022754
v 0.106721 -0.149128 0.022878
v 0.106579 -0.149659 0.023081
v 0.106386 -0.150140 0.023356
v 0.106148 -0.150555 0.023696
v 0.105872 -0.150891 0.024090
v 0.105567 -0.151139 0.024525
v 0.105242 -0.151291 0.024989
v 0.104906 -0.151342 0.025468
v 0.104571 -0.151291 0.025946
v 0.104246 -0.151139 0.026410
v 0.103941 -0.150891 0.026846
v 0.103665 -0.150555 0.027239
v 0.103427 -0.150140 0.027579
v 0.103234 -0.149659 0.027855
v 0.103091 -0.149128 0.028058
v 0.103004 -0.148561 0.028182
v 0.102975 -0.199981 0.028224
v 0.103004 -0.199397 0.028182
v 0.103091 -0.198830 0.028058
v 0.103234 -0.198298 0.027855
v 0.103427 -0.197818 0.027579
v 0.103665 -0.197403 0.027239
v 0.103941 -0.197066 0.026846
v 0.104246 -0.196818 0.026410
v 0.104571 -0.196667 0.025946
v 0.104906 -0.196615 0.025468
v 0.105242 -0.196667 0.024989
v 0.105567 -0.196818 0.024525
v 0.105872 -0.197066 0.024090
v 0.106148 -0.197403 0.023696
v 0.106386 -0.197818 0.023356
v 0.106579 -0.198298 0.023081
v 0.106721 -0.198830 0.022878
v 0.106809 -0.199397 0.022754
v 0.106838 -0.199981 0.022712
v 0.106809 -0.200565 0.022754
v 0.106721 -0.201132 0.022878
v 0.106579 -0.201664 0.023081
v 0.106386 -0.202144 0.023356
v 0.106148 -0.202559 0.023696
v 0.105872 -0.202896 0.024090
v 0.105567 -0.203144 0.024525
v 0.105242 -0.203295 0.024989
v 0.104906 -0.203346 0.025468
v 0.104571 -0.203295 0.025946
v 0.104246 -0.203144 0.026410
v 0.103941 -0.202896 0.026846
v 0.103665 -0.202559 0.027239
v 0.103427 -0.202144 0.027579
v 0.103234 -0.201664 0.027855
v 0.103091 -0.201132 0.028058
v 0.103004 -0.200565 0.028182
v 0.113728 -0.219031 0.012880
v 0.096085 -0.219031 0.038056
v 0.102713 -0.219031 0.030205
v 0.108611 -0.219031 0.021790
v 0.096085 -0.128927 0.038056
v 0.113728 -0.128927 0.012880
v 0.108611 -0.128927 0.021790
v 0.102713 -0.128927 0.030205
v 0.105493 -0.120546 -0.038270
v 0.104686 -0.120546 -0.027232
v 0.102553 -0.120546 -0.016266
v 0.099184 -0.120546 -0.005784
v 0.094049 -0.120546 0.005259
v 0.087526 -0.120546 0.015532
v 0.083197 -0.120546 0.021014
v 0.078515 -0.120546 0.026113
v 0.078515 -0.225956 0.026113
v 0.105493 -0.225956 -0.038270
v 0.104690 -0.225956 -0.027260
v 0.102567 -0.225956 -0.016320
v 0.099204 -0.225956 -0.005834
v 0.094076 -0.225956 0.005210
v 0.087556 -0.225956 0.015491
v 0.083212 -0.225956 0.020997
v 0.105493 -0.225956 -0.038287
v 0.105493 -0.120546 -0.038287
v 0.086615 -0.147977 0.016758
v 0.086645 -0.147397 0.016718
v 0.086736 -0.146832 0.016598
v 0.086883 -0.146303 0.016402
v 0.087082 -0.145823 0.016134
v 0.087326 -0.145409 0.015804
v 0.087608 -0.145072 0.015420
v 0.087917 -0.144822 0.014993
v 0.088245 -0.144667 0.014535
v 0.088580 -0.144611 0.014061
v 0.088913 -0.144657 0.013583
v 0.089233 -0.144803 0.013117
v 0.089531 -0.145043 0.012678
v 0.089800 -0.145373 0.012277
v 0.090031 -0.145780 0.011929
v 0.090219 -0.146253 0.011644
v 0.090358 -0.146779 0.011431
v 0.090445 -0.147340 0.011298
v 0.090470 -0.147656 0.011259
v 0.090478 -0.147977 0.011246
v 0.090451 -0.148551 0.011288
v 0.090371 -0.149109 0.011411
v 0.090240 -0.149633 0.011612
v 0.090061 -0.150109 0.011884
v 0.089839 -0.150522 0.012219
v 0.089579 -0.150860 0.012607
v 0.089289 -0.151114 0.013035
v 0.088975 -0.151276 0.013492
v 0.088649 -0.151341 0.013962
v 0.088317 -0.151307 0.014433
v 0.087992 -0.151176 0.014889
v 0.087681 -0.150950 0.015320
v 0.087395 -0.150638 0.015711
v 0.087143 -0.150247 0.016053
v 0.086934 -0.149790 0.016334
v 0.086773 -0.149278 0.016549
v 0.086666 -0.148731 0.016690
v 0.086628 -0.148357 0.016741
v 0.086615 -0.173979 0.016758
v 0.086645 -0.173399 0.016718
v 0.086736 -0.172834 0.016598
v 0.086883 -0.172305 0.016402
v 0.087082 -0.171825 0.016134
v 0.087326 -0.171411 0.015804
v 0.087608 -0.171074 0.015420
v 0.087917 -0.170824 0.014993
v 0.088245 -0.170669 0.014535
v 0.088580 -0.170613 0.014061
v 0.088913 -0.170659 0.013583
v 0.089233 -0.170805 0.013117
v 0.089531 -0.171046 0.012678
v 0.089800 -0.171375 0.012277
v 0.090031 -0.171782 0.011929
v 0.090219 -0.172255 0.011644
v 0.090358 -0.172781 0.011431
v 0.090445 -0.173342 0.011298
v 0.090470 -0.173659 0.011259
v 0.090478 -0.173979 0.011246
v 0.090451 -0.174553 0.011288
v 0.090371 -0.175111 0.011411
v 0.090240 -0.175635 0.011612
v 0.090061 -0.176111 0.011884
v 0.089839 -0.176524 0.012219
v 0.089579 -0.176862 0.012607
v 0.089289 -0.177116 0.013035
v 0.088975 -0.177278 0.013492
v 0.088649 -0.177343 0.013962
v 0.088317 -0.177309 0.014433
v 0.087992 -0.177178 0.014889
v 0.087681 -0.176952 0.015320
v 0.087395 -0.176640 0.015711
v 0.087143 -0.176249 0.016053
v 0.086934 -0.175792 0.016334
v 0.086773 -0.175281 0.016549
v 0.086666 -0.174733 0.016690
v 0.086628 -0.174359 0.016741
v 0.086615 -0.199981 0.016758
v 0.086645 -0.199401 0.016718
v 0.086736 -0.198836 0.016598
v 0.086883 -0.198307 0.016402
v 0.087082 -0.197827 0.016134
v 0.087326 -0.197414 0.015804
v 0.087608 -0.197076 0.015420
v 0.087917 -0.196826 0.014993
v 0.088245 -0.196671 0.014535
v 0.088580 -0.196616 0.014061
v 0.088913 -0.196661 0.013583
v 0.089233 -0.196807 0.013117
v 0.089531 -0.197048 0.012678
v 0.089800 -0.197377 0.012277
v 0.090031 -0.197784 0.011929
v 0.090219 -0.198258 0.011644
v 0.090358 -0.198783 0.011431
v 0.090445 -0.199344 0.011298
v 0.090470 -0.199661 0.011259
v 0.090478 -0.199981 0.011246
v 0.090451 -0.200555 0.011288
v 0.090371 -0.201113 0.011411
v 0.090240 -0.201637 0.011612
v 0.090061 -0.202113 0.011884
v 0.089839 -0.202526 0.012219
v 0.089579 -0.202865 0.012607
v 0.089289 -0.203118 0.013035
v 0.088975 -0.203280 0.013492
v 0.088649 -0.203345 0.013962
v 0.088317 -0.203311 0.014433
v 0.087992 -0.203180 0.014889
v 0.087681 -0.202955 0.015320
v 0.087395 -0.202642 0.015711
v 0.087143 -0.202251 0.016053
v 0.086934 -0.201795 0.016334
v 0.086773 -0.201283 0.016549
v 0.086666 -0.200736 0.016690
v 0.086628 -0.200361 0.016741
v 0.100769 -0.217085 -0.010195
v 0.102829 -0.208821 -0.017365
v 0.103646 -0.208630 -0.021020
v 0.098172 -0.217297 -0.003281
v 0.099713 -0.212650 -0.007180
v 0.099685 -0.212369 -0.007104
v 0.097628 -0.212968 -0.002016
v 0.097625 -0.212808 -0.002009
v 0.097615 -0.212650 -0.001988
v 0.101496 -0.200254 -0.012491
v 0.101503 -0.199967 -0.012515
v 0.101506 -0.199967 -0.012523
v 0.095169 -0.213796 0.003148
v 0.095224 -0.213535 0.003041
v 0.095258 -0.213255 0.002975
v 0.095269 -0.212968 0.002953
v 0.097050 -0.208028 -0.000728
v 0.099689 -0.200533 -0.007115
v 0.099715 -0.200254 -0.007185
v 0.095475 -0.208532 0.002548
v 0.095465 -0.208320 0.002567
v 0.093661 -0.209569 0.005962
v 0.093724 -0.209208 0.005849
v 0.093756 -0.208831 0.005791
v 0.097031 -0.199950 -0.000686
v 0.098563 -0.191496 -0.004224
v 0.097055 -0.191873 -0.000739
v 0.101501 -0.147102 -0.012507
v 0.101503 -0.147262 -0.012515
v 0.101506 -0.147262 -0.012523
v 0.102829 -0.138250 -0.017367
v 0.103646 -0.138357 -0.021020
v 0.097046 -0.155556 -0.000719
v 0.097075 -0.155849 -0.000782
v 0.098568 -0.156061 -0.004234
v 0.099716 -0.147102 -0.007188
v 0.099708 -0.146944 -0.007166
v 0.099680 -0.146663 -0.007091
v 0.097027 -0.147478 -0.000678
v 0.099684 -0.134827 -0.007102
v 0.099710 -0.134548 -0.007172
v 0.100761 -0.129881 -0.010172
v 0.097051 -0.139402 -0.000730
v 0.097607 -0.134548 -0.001968
v 0.097617 -0.134261 -0.001991
v 0.097613 -0.134101 -0.001984
v 0.095461 -0.139024 0.002575
v 0.095466 -0.138726 0.002565
v 0.098156 -0.129583 -0.003242
v 0.093743 -0.138514 0.005815
v 0.093709 -0.138221 0.005875
v 0.093642 -0.137859 0.005996
v 0.095253 -0.134101 0.002984
v 0.095243 -0.133943 0.003004
v 0.095206 -0.133662 0.003076
v 0.095148 -0.133399 0.003189
v 0.104975 -0.217293 -0.029645
v 0.104974 -0.217293 -0.029637
v 0.104975 -0.199724 -0.029648
v 0.098569 -0.179656 -0.004238
v 0.101503 -0.182495 -0.012513
v 0.094861 -0.183025 0.003742
v 0.094873 -0.182737 0.003720
v 0.104975 -0.147019 -0.029648
v 0.103647 -0.173493 -0.021026
v 0.098570 -0.167844 -0.004241
v 0.101504 -0.164777 -0.012518
v 0.094875 -0.165020 0.003715
v 0.094872 -0.164860 0.003721
v 0.094861 -0.164702 0.003742
v 0.104975 -0.129451 -0.029645
v 0.104974 -0.129451 -0.029637
v 0.103647 -0.199846 -0.021026
v 0.103646 -0.191110 -0.021021
v 0.101506 -0.173615 -0.012523
v 0.098572 -0.173736 -0.004245
v 0.103646 -0.155898 -0.021023
v 0.094878 -0.173857 0.003710
v 0.103647 -0.147141 -0.021026
v 0.101502 -0.191303 -0.012510
v 0.101504 -0.155980 -0.012517
v 0.072646 -0.225956 0.020308
v 0.072644 -0.225956 0.020305
v 0.072641 -0.225956 0.020303
v 0.072639 -0.225956 0.020301
v 0.072639 -0.120546 0.020301
v 0.072641 -0.120546 0.020303
v 0.072644 -0.120546 0.020305
v 0.072646 -0.120546 0.020308
v 0.078515 -0.120546 0.026113
v 0.078515 -0.225956 0.026113
v 0.105493 -0.225956 -0.038270
v 0.104690 -0.225956 -0.027260
v 0.102567 -0.225956 -0.016320
v 0.099204 -0.225956 -0.005834
v 0.094076 -0.225956 0.005210
v 0.087556 -0.225956 0.015491
v 0.083212 -0.225956 0.020997
v 0.078515 -0.225956 0.026113
v 0.072646 -0.225956 0.020308
v 0.097237 -0.225956 -0.038270
v 0.096384 -0.225956 -0.027460
v 0.094164 -0.225956 -0.016846
v 0.090613 -0.225956 -0.006600
v 0.085787 -0.225956 0.003110
v 0.079765 -0.225956 0.012128
v 0.078515 -0.120546 0.026113
v 0.072646 -0.120546 0.020308
v 0.079765 -0.120546 0.012128
v 0.085787 -0.120546 0.003110
v 0.090613 -0.120546 -0.006600
v 0.094164 -0.120546 -0.016846
v 0.096384 -0.120546 -0.027460
v 0.097237 -0.120546 -0.038270
v 0.105493 -0.120546 -0.038270
v 0.104686 -0.120546 -0.027232
v 0.102553 -0.120546 -0.016266
v 0.099184 -0.120546 -0.005784
v 0.094049 -0.120546 0.005259
v 0.087526 -0.120546 0.015532
v 0.083197 -0.120546 0.021014
v 0.091716 -0.200715 0.053179
v 0.091716 -0.200715 0.044289
v 0.091716 -0.109275 0.053179
v 0.091716 -0.109275 0.044289
v 0.091716 -0.200715 0.053179
v 0.118097 -0.200715 0.053179
v 0.091716 -0.109275 0.053179
v 0.118097 -0.109275 0.053179
v 0.126455 -0.238815 -0.039540
v 0.125877 -0.238815 -0.039540
v 0.126454 -0.238751 -0.039401
v 0.126075 -0.238807 -0.039525
v 0.126270 -0.238786 -0.039478
v 0.127147 -0.199445 0.044014
v 0.127147 -0.232166 -0.027982
v 0.127147 -0.235014 -0.027982
v 0.127147 -0.234942 -0.028004
v 0.127147 -0.234907 -0.028040
v 0.127147 -0.234886 -0.028080
v 0.127147 -0.234863 -0.028152
v 0.127147 -0.234848 -0.028296
v 0.127147 -0.234866 -0.028602
v 0.127147 -0.234934 -0.029008
v 0.127147 -0.235227 -0.030118
v 0.127147 -0.236396 -0.033370
v 0.127147 -0.238471 -0.038270
v 0.127147 -0.110545 -0.038270
v 0.127147 -0.110545 0.084167
v 0.127147 -0.110379 0.086064
v 0.127147 -0.109886 0.087903
v 0.127147 -0.109081 0.089628
v 0.127147 -0.107989 0.091188
v 0.127147 -0.106643 0.092534
v 0.127147 -0.105084 0.093626
v 0.127147 -0.103358 0.094430
v 0.127147 -0.101519 0.094923
v 0.127147 -0.099623 0.095089
v 0.127147 -0.062275 0.095089
v 0.127147 -0.062275 0.103217
v 0.127147 -0.110545 0.103217
v 0.127147 -0.110545 0.119219
v 0.127147 -0.199445 0.119219
v 0.038147 -0.062275 0.103217
v 0.038147 -0.062275 0.095089
v 0.038823 -0.054547 0.103217
v 0.040831 -0.047055 0.103217
v 0.044109 -0.040025 0.103217
v 0.048558 -0.033671 0.103217
v 0.054043 -0.028186 0.103217
v 0.060397 -0.023736 0.103217
v 0.067427 -0.020458 0.103217
v 0.074920 -0.018451 0.103217
v 0.082647 -0.017775 0.103217
v 0.090374 -0.018451 0.103217
v 0.097867 -0.020458 0.103217
v 0.104897 -0.023736 0.103217
v 0.111251 -0.028186 0.103217
v 0.116736 -0.033671 0.103217
v 0.121185 -0.040025 0.103217
v 0.124463 -0.047055 0.103217
v 0.126471 -0.054547 0.103217
v 0.127147 -0.062275 0.103217
v 0.127147 -0.062275 0.095089
v 0.126471 -0.054547 0.095089
v 0.124463 -0.047055 0.095089
v 0.121185 -0.040025 0.095089
v 0.116736 -0.033671 0.095089
v 0.111251 -0.028186 0.095089
v 0.104897 -0.023736 0.095089
v 0.097867 -0.020458 0.095089
v 0.090374 -0.018451 0.095089
v 0.082647 -0.017775 0.095089
v 0.074920 -0.018451 0.095089
v 0.067427 -0.020458 0.095089
v 0.060397 -0.023736 0.095089
v 0.054043 -0.028186 0.095089
v 0.048558 -0.033671 0.095089
v 0.044109 -0.040025 0.095089
v 0.040831 -0.047055 0.095089
v 0.038823 -0.054547 0.095089
v 0.103283 -0.024288 0.093819
v 0.103397 -0.024285 0.093820
v 0.102935 -0.024337 0.093819
v 0.102601 -0.024445 0.093819
v 0.102290 -0.024609 0.093819
v 0.102012 -0.024823 0.093819
v 0.101775 -0.025081 0.093819
v 0.101585 -0.025376 0.093819
v 0.101448 -0.025699 0.093819
v 0.101368 -0.026041 0.093819
v 0.101348 -0.026392 0.093819
v 0.101387 -0.026740 0.093819
v 0.101486 -0.027077 0.093819
v 0.101641 -0.027392 0.093819
v 0.101847 -0.027676 0.093819
v 0.102099 -0.027921 0.093819
v 0.102388 -0.028119 0.093819
v 0.102708 -0.028265 0.093819
v 0.103047 -0.028354 0.093819
v 0.103397 -0.028385 0.093819
v 0.103397 -0.028385 0.104487
v 0.103283 -0.024288 0.104487
v 0.102935 -0.024337 0.104487
v 0.102601 -0.024445 0.104487
v 0.102290 -0.024609 0.104487
v 0.102012 -0.024823 0.104487
v 0.101775 -0.025081 0.104487
v 0.101585 -0.025376 0.104487
v 0.101448 -0.025699 0.104487
v 0.101368 -0.026041 0.104487
v 0.101348 -0.026392 0.104487
v 0.101387 -0.026740 0.104487
v 0.101486 -0.027077 0.104487
v 0.101641 -0.027392 0.104487
v 0.101847 -0.027676 0.104487
v 0.102099 -0.027921 0.104487
v 0.102388 -0.028119 0.104487
v 0.102708 -0.028265 0.104487
v 0.103047 -0.028354 0.104487
v 0.103397 -0.024285 0.104486
v 0.038147 -0.109275 0.103217
v 0.038147 -0.109275 0.089279
v 0.038147 -0.062275 0.103217
v 0.038147 -0.062275 0.095089
v 0.038147 -0.099623 0.095089
v 0.038147 -0.101307 0.094959
v 0.038147 -0.102951 0.094570
v 0.038147 -0.104515 0.093932
v 0.038147 -0.105962 0.093061
v 0.038147 -0.107258 0.091977
v 0.038147 -0.108371 0.090706
v 0.122733 -0.049484 0.093819
v 0.122377 -0.049515 0.093819
v 0.122032 -0.049607 0.093819
v 0.121708 -0.049758 0.093819
v 0.121415 -0.049963 0.093819
v 0.121162 -0.050216 0.093819
v 0.120957 -0.050509 0.093819
v 0.120806 -0.050832 0.093819
v 0.120714 -0.051178 0.093819
v 0.120683 -0.051534 0.093819
v 0.120714 -0.051890 0.093819
v 0.120806 -0.052235 0.093819
v 0.120957 -0.052559 0.093819
v 0.121162 -0.052851 0.093819
v 0.121415 -0.053104 0.093819
v 0.121708 -0.053309 0.093819
v 0.122032 -0.053460 0.093819
v 0.122377 -0.053552 0.093819
v 0.122733 -0.053584 0.093819
v 0.122733 -0.053584 0.104487
v 0.122733 -0.049484 0.104487
v 0.122377 -0.049515 0.104487
v 0.122032 -0.049607 0.104487
v 0.121708 -0.049758 0.104487
v 0.121415 -0.049963 0.104487
v 0.121162 -0.050216 0.104487
v 0.120957 -0.050509 0.104487
v 0.120806 -0.050832 0.104487
v 0.120714 -0.051178 0.104487
v 0.120683 -0.051534 0.104487
v 0.120714 -0.051890 0.104487
v 0.120806 -0.052235 0.104487
v 0.120957 -0.052559 0.104487
v 0.121162 -0.052851 0.104487
v 0.121415 -0.053104 0.104487
v 0.121708 -0.053309 0.104487
v 0.122032 -0.053460 0.104487
v 0.122377 -0.053552 0.104487
v 0.118587 -0.080975 0.093819
v 0.118231 -0.081006 0.093819
v 0.117886 -0.081098 0.093819
v 0.117562 -0.081249 0.093819
v 0.117269 -0.081454 0.093819
v 0.117017 -0.081707 0.093819
v 0.116812 -0.082000 0.093819
v 0.116661 -0.082323 0.093819
v 0.116568 -0.082669 0.093819
v 0.116537 -0.083025 0.093819
v 0.116568 -0.083381 0.093819
v 0.116661 -0.083726 0.093819
v 0.116812 -0.084050 0.093819
v 0.117017 -0.084342 0.093819
v 0.117269 -0.084595 0.093819
v 0.117562 -0.084800 0.093819
v 0.117886 -0.084951 0.093819
v 0.118231 -0.085043 0.093819
v 0.118587 -0.085075 0.093819
v 0.118587 -0.085075 0.104487
v 0.118587 -0.080975 0.104487
v 0.118231 -0.081006 0.104487
v 0.117886 -0.081098 0.104487
v 0.117562 -0.081249 0.104487
v 0.117269 -0.081454 0.104487
v 0.117017 -0.081707 0.104487
v 0.116812 -0.082000 0.104487
v 0.116661 -0.082323 0.104487
v 0.116568 -0.082669 0.104487
v 0.116537 -0.083025 0.104487
v 0.116568 -0.083381 0.104487
v 0.116661 -0.083726 0.104487
v 0.116812 -0.084050 0.104487
v 0.117017 -0.084342 0.104487
v 0.117269 -0.084595 0.104487
v 0.117562 -0.084800 0.104487
v 0.117886 -0.084951 0.104487
v 0.118231 -0.085043 0.104487
v 0.093388 -0.100311 0.093795
v 0.093054 -0.100338 0.093793
v 0.092729 -0.100419 0.093786
v 0.092422 -0.100552 0.093774
v 0.092199 -0.100691 0.093760
v 0.091994 -0.100857 0.093740
v 0.091796 -0.101069 0.093710
v 0.091630 -0.101306 0.093672
v 0.091499 -0.101564 0.093623
v 0.091407 -0.101834 0.093563
v 0.091353 -0.102113 0.093494
v 0.091338 -0.102393 0.093414
v 0.091362 -0.102671 0.093326
v 0.091422 -0.102941 0.093232
v 0.091517 -0.103198 0.093133
v 0.091646 -0.103441 0.093032
v 0.091805 -0.103664 0.092933
v 0.091994 -0.103864 0.092837
v 0.092250 -0.104066 0.092736
v 0.092540 -0.104227 0.092650
v 0.092824 -0.104331 0.092593
v 0.093092 -0.104389 0.092560
v 0.093240 -0.104405 0.092551
v 0.093388 -0.104411 0.092548
v 0.093388 -0.104411 0.104487
v 0.093388 -0.100311 0.104487
v 0.093032 -0.100342 0.104487
v 0.092687 -0.100434 0.104487
v 0.092363 -0.100585 0.104487
v 0.092070 -0.100790 0.104487
v 0.091818 -0.101043 0.104487
v 0.091613 -0.101336 0.104487
v 0.091462 -0.101659 0.104487
v 0.091369 -0.102005 0.104487
v 0.091338 -0.102361 0.104487
v 0.091369 -0.102716 0.104487
v 0.091462 -0.103062 0.104487
v 0.091613 -0.103386 0.104487
v 0.091818 -0.103678 0.104487
v 0.092070 -0.103931 0.104487
v 0.092363 -0.104136 0.104487
v 0.092687 -0.104287 0.104487
v 0.093032 -0.104379 0.104487
v 0.061897 -0.096165 0.093819
v 0.061558 -0.096193 0.093819
v 0.061228 -0.096277 0.093819
v 0.060916 -0.096414 0.093819
v 0.060632 -0.096602 0.093819
v 0.060382 -0.096833 0.093819
v 0.060174 -0.097103 0.093819
v 0.060014 -0.097403 0.093819
v 0.059906 -0.097726 0.093819
v 0.059853 -0.098062 0.093819
v 0.059856 -0.098403 0.093819
v 0.059915 -0.098738 0.093819
v 0.060029 -0.099059 0.093819
v 0.060194 -0.099357 0.093819
v 0.060407 -0.099623 0.093819
v 0.060655 -0.099845 0.093819
v 0.060935 -0.100025 0.093819
v 0.061241 -0.100157 0.093819
v 0.061565 -0.100238 0.093819
v 0.061897 -0.100265 0.093819
v 0.061897 -0.100265 0.104487
v 0.061897 -0.096165 0.104487
v 0.061541 -0.096196 0.104487
v 0.061196 -0.096288 0.104487
v 0.060872 -0.096439 0.104487
v 0.060579 -0.096644 0.104487
v 0.060327 -0.096897 0.104487
v 0.060122 -0.097190 0.104487
v 0.059971 -0.097513 0.104487
v 0.059878 -0.097859 0.104487
v 0.059847 -0.098215 0.104487
v 0.059878 -0.098571 0.104487
v 0.059971 -0.098916 0.104487
v 0.060122 -0.099240 0.104487
v 0.060327 -0.099532 0.104487
v 0.060579 -0.099785 0.104487
v 0.060872 -0.099990 0.104487
v 0.061196 -0.100141 0.104487
v 0.061541 -0.100233 0.104487
v 0.042561 -0.070966 0.093819
v 0.042205 -0.070997 0.093819
v 0.041860 -0.071089 0.093819
v 0.041536 -0.071240 0.093819
v 0.041243 -0.071445 0.093819
v 0.040991 -0.071698 0.093819
v 0.040786 -0.071991 0.093819
v 0.040635 -0.072314 0.093819
v 0.040542 -0.072660 0.093819
v 0.040511 -0.073016 0.093819
v 0.040542 -0.073372 0.093819
v 0.040635 -0.073717 0.093819
v 0.040786 -0.074041 0.093819
v 0.040991 -0.074333 0.093819
v 0.041243 -0.074586 0.093819
v 0.041536 -0.074791 0.093819
v 0.041860 -0.074942 0.093819
v 0.042205 -0.075034 0.093819
v 0.042561 -0.075066 0.093819
v 0.042561 -0.075066 0.104487
v 0.042561 -0.070966 0.104487
v 0.042205 -0.070997 0.104487
v 0.041860 -0.071089 0.104487
v 0.041536 -0.071240 0.104487
v 0.041243 -0.071445 0.104487
v 0.040991 -0.071698 0.104487
v 0.040786 -0.071991 0.104487
v 0.040635 -0.072314 0.104487
v 0.040542 -0.072660 0.104487
v 0.040511 -0.073016 0.104487
v 0.040542 -0.073372 0.104487
v 0.040635 -0.073717 0.104487
v 0.040786 -0.074041 0.104487
v 0.040991 -0.074333 0.104487
v 0.041243 -0.074586 0.104487
v 0.041536 -0.074791 0.104487
v 0.041860 -0.074942 0.104487
v 0.042205 -0.075034 0.104487
v 0.046707 -0.039475 0.093819
v 0.046388 -0.039499 0.093819
v 0.046078 -0.039573 0.093819
v 0.045782 -0.039695 0.093819
v 0.044660 -0.041639 0.093819
v 0.044667 -0.041319 0.093828
v 0.044696 -0.041124 0.093838
v 0.044745 -0.040931 0.093848
v 0.044827 -0.040706 0.093857
v 0.044915 -0.040529 0.093860
v 0.045019 -0.040361 0.093858
v 0.045178 -0.040159 0.093850
v 0.045316 -0.040018 0.093840
v 0.045483 -0.039880 0.093829
v 0.045629 -0.039781 0.093822
v 0.044708 -0.041980 0.093819
v 0.044813 -0.042309 0.093819
v 0.044971 -0.042615 0.093819
v 0.045178 -0.042890 0.093819
v 0.045428 -0.043127 0.093819
v 0.045715 -0.043319 0.093819
v 0.046030 -0.043459 0.093819
v 0.046363 -0.043546 0.093819
v 0.046707 -0.043575 0.093819
v 0.046707 -0.043575 0.104487
v 0.044660 -0.041639 0.104487
v 0.044708 -0.041980 0.104487
v 0.044813 -0.042309 0.104487
v 0.044971 -0.042615 0.104487
v 0.045178 -0.042890 0.104487
v 0.045428 -0.043127 0.104487
v 0.045715 -0.043319 0.104487
v 0.046030 -0.043459 0.104487
v 0.046363 -0.043546 0.104487
v 0.045782 -0.039695 0.104487
v 0.045509 -0.039861 0.104479
v 0.045354 -0.039984 0.104469
v 0.045212 -0.040122 0.104459
v 0.045058 -0.040306 0.104450
v 0.044949 -0.040470 0.104446
v 0.044855 -0.040645 0.104448
v 0.044760 -0.040883 0.104456
v 0.044707 -0.041073 0.104466
v 0.044671 -0.041287 0.104477
v 0.044658 -0.041463 0.104484
v 0.046707 -0.039475 0.104487
v 0.046388 -0.039499 0.104487
v 0.046078 -0.039573 0.104487
v 0.070378 -0.020822 0.093819
v 0.070584 -0.020622 0.093826
v 0.070816 -0.020453 0.093841
v 0.071070 -0.020317 0.093854
v 0.071338 -0.020219 0.093860
v 0.071620 -0.020159 0.093856
v 0.071906 -0.020139 0.093845
v 0.070175 -0.021091 0.093819
v 0.070019 -0.021389 0.093819
v 0.069913 -0.021708 0.093819
v 0.069861 -0.022040 0.093819
v 0.069865 -0.022377 0.093819
v 0.069923 -0.022708 0.093819
v 0.070035 -0.023026 0.093819
v 0.070197 -0.023321 0.093819
v 0.070405 -0.023585 0.093819
v 0.070653 -0.023812 0.093819
v 0.070936 -0.023995 0.093819
v 0.071244 -0.024129 0.093819
v 0.071571 -0.024211 0.093819
v 0.071906 -0.024239 0.093819
v 0.071906 -0.024239 0.104487
v 0.070378 -0.020822 0.104487
v 0.070175 -0.021091 0.104487
v 0.070019 -0.021389 0.104487
v 0.069913 -0.021708 0.104487
v 0.069861 -0.022040 0.104487
v 0.069865 -0.022377 0.104487
v 0.069923 -0.022708 0.104487
v 0.070035 -0.023026 0.104487
v 0.070197 -0.023321 0.104487
v 0.070405 -0.023585 0.104487
v 0.070653 -0.023812 0.104487
v 0.070936 -0.023995 0.104487
v 0.071244 -0.024129 0.104487
v 0.071571 -0.024211 0.104487
v 0.071906 -0.020139 0.104462
v 0.071620 -0.020159 0.104450
v 0.071340 -0.020218 0.104446
v 0.071069 -0.020317 0.104452
v 0.070817 -0.020452 0.104466
v 0.070585 -0.020621 0.104480
v 0.082647 -0.023775 0.093819
v 0.076119 -0.024332 0.093819
v 0.069781 -0.025988 0.093819
v 0.063814 -0.028695 0.093819
v 0.058394 -0.032374 0.093819
v 0.053675 -0.036919 0.093819
v 0.049796 -0.042199 0.093819
v 0.046867 -0.048059 0.093819
v 0.044975 -0.054331 0.093819
v 0.044174 -0.060834 0.093819
v 0.044487 -0.067378 0.093819
v 0.045904 -0.073774 0.093819
v 0.048386 -0.079837 0.093819
v 0.051860 -0.085392 0.093819
v 0.056225 -0.090277 0.093819
v 0.061355 -0.094351 0.093819
v 0.067102 -0.097497 0.093819
v 0.073299 -0.099623 0.093819
v 0.076380 -0.100261 0.093819
v 0.079503 -0.100646 0.093819
v 0.082647 -0.100775 0.093819
v 0.082647 -0.100775 0.104487
v 0.082647 -0.023775 0.104487
v 0.075961 -0.024359 0.104487
v 0.069479 -0.026096 0.104487
v 0.063397 -0.028933 0.104487
v 0.057900 -0.032782 0.104487
v 0.053154 -0.037527 0.104487
v 0.049305 -0.043025 0.104487
v 0.046469 -0.049107 0.104487
v 0.044732 -0.055589 0.104487
v 0.044147 -0.062275 0.104487
v 0.044732 -0.068960 0.104487
v 0.046469 -0.075442 0.104487
v 0.049305 -0.081525 0.104487
v 0.053154 -0.087022 0.104487
v 0.057900 -0.091767 0.104487
v 0.063397 -0.095617 0.104487
v 0.069479 -0.098453 0.104487
v 0.075961 -0.100190 0.104487
v 0.122733 -0.049484 0.104487
v 0.122377 -0.049515 0.104487
v 0.122032 -0.049607 0.104487
v 0.121708 -0.049758 0.104487
v 0.121415 -0.049963 0.104487
v 0.121162 -0.050216 0.104487
v 0.120957 -0.050509 0.104487
v 0.120806 -0.050832 0.104487
v 0.120714 -0.051178 0.104487
v 0.120683 -0.051534 0.104487
v 0.120714 -0.051890 0.104487
v 0.120806 -0.052235 0.104487
v 0.120957 -0.052559 0.104487
v 0.121162 -0.052851 0.104487
v 0.121415 -0.053104 0.104487
v 0.121708 -0.053309 0.104487
v 0.122032 -0.053460 0.104487
v 0.122377 -0.053552 0.104487
v 0.122733 -0.053584 0.104487
v 0.123053 -0.053558 0.104487
v 0.123365 -0.053484 0.104487
v 0.123661 -0.053361 0.104487
v 0.123935 -0.053194 0.104487
v 0.124179 -0.052986 0.104487
v 0.124388 -0.052743 0.104487
v 0.124557 -0.052470 0.104487
v 0.124680 -0.052174 0.104487
v 0.125877 -0.062275 0.104487
v 0.125743 -0.058880 0.104487
v 0.125344 -0.055506 0.104487
v 0.125877 -0.109275 0.104487
v 0.039417 -0.109275 0.104487
v 0.039417 -0.062275 0.104487
v 0.044660 -0.041639 0.104487
v 0.041774 -0.048194 0.104487
v 0.040010 -0.055137 0.104487
v 0.044708 -0.041980 0.104487
v 0.044813 -0.042309 0.104487
v 0.044971 -0.042615 0.104487
v 0.045178 -0.042890 0.104487
v 0.045428 -0.043127 0.104487
v 0.045715 -0.043319 0.104487
v 0.046030 -0.043459 0.104487
v 0.046363 -0.043546 0.104487
v 0.046707 -0.043575 0.104487
v 0.047063 -0.043543 0.104487
v 0.047408 -0.043451 0.104487
v 0.047732 -0.043300 0.104487
v 0.048025 -0.043095 0.104487
v 0.048277 -0.042842 0.104487
v 0.048482 -0.042550 0.104487
v 0.048633 -0.042226 0.104487
v 0.048726 -0.041881 0.104487
v 0.048757 -0.041525 0.104487
v 0.048726 -0.041169 0.104487
v 0.048633 -0.040823 0.104487
v 0.048482 -0.040500 0.104487
v 0.048277 -0.040207 0.104487
v 0.048025 -0.039954 0.104487
v 0.047732 -0.039749 0.104487
v 0.047408 -0.039598 0.104487
v 0.047063 -0.039506 0.104487
v 0.046707 -0.039475 0.104487
v 0.046388 -0.039499 0.104487
v 0.046078 -0.039573 0.104487
v 0.045782 -0.039695 0.104487
v 0.070378 -0.020822 0.104487
v 0.064451 -0.023061 0.104487
v 0.058914 -0.026142 0.104487
v 0.053888 -0.029999 0.104487
v 0.049479 -0.034549 0.104487
v 0.070175 -0.021091 0.104487
v 0.070019 -0.021389 0.104487
v 0.069913 -0.021708 0.104487
v 0.069861 -0.022040 0.104487
v 0.069865 -0.022377 0.104487
v 0.069923 -0.022708 0.104487
v 0.070035 -0.023026 0.104487
v 0.070197 -0.023321 0.104487
v 0.070405 -0.023585 0.104487
v 0.070653 -0.023812 0.104487
v 0.070936 -0.023995 0.104487
v 0.071244 -0.024129 0.104487
v 0.071571 -0.024211 0.104487
v 0.071906 -0.024239 0.104487
v 0.072245 -0.024210 0.104487
v 0.072575 -0.024127 0.104487
v 0.072886 -0.023989 0.104487
v 0.073170 -0.023803 0.104487
v 0.073419 -0.023571 0.104487
v 0.073627 -0.023302 0.104487
v 0.073788 -0.023002 0.104487
v 0.073896 -0.022680 0.104487
v 0.073950 -0.022344 0.104487
v 0.073948 -0.022004 0.104487
v 0.073889 -0.021669 0.104487
v 0.073776 -0.021348 0.104487
v 0.073611 -0.021050 0.104487
v 0.073399 -0.020784 0.104487
v 0.073146 -0.020556 0.104487
v 0.072859 -0.020374 0.104487
v 0.072546 -0.020241 0.104487
v 0.103283 -0.024288 0.104487
v 0.097509 -0.021679 0.104487
v 0.091415 -0.019943 0.104487
v 0.085134 -0.019116 0.104487
v 0.078798 -0.019216 0.104487
v 0.102935 -0.024337 0.104487
v 0.102601 -0.024445 0.104487
v 0.102290 -0.024609 0.104487
v 0.102012 -0.024823 0.104487
v 0.101775 -0.025081 0.104487
v 0.101585 -0.025376 0.104487
v 0.101448 -0.025699 0.104487
v 0.101368 -0.026041 0.104487
v 0.101348 -0.026392 0.104487
v 0.101387 -0.026740 0.104487
v 0.101486 -0.027077 0.104487
v 0.101641 -0.027392 0.104487
v 0.101847 -0.027676 0.104487
v 0.102099 -0.027921 0.104487
v 0.102388 -0.028119 0.104487
v 0.102708 -0.028265 0.104487
v 0.103047 -0.028354 0.104487
v 0.103397 -0.028385 0.104487
v 0.103743 -0.028355 0.104487
v 0.104080 -0.028267 0.104487
v 0.104397 -0.028124 0.104487
v 0.104685 -0.027929 0.104487
v 0.104936 -0.027688 0.104487
v 0.105143 -0.027409 0.104487
v 0.105299 -0.027098 0.104487
v 0.105401 -0.026765 0.104487
v 0.105445 -0.026420 0.104487
v 0.105430 -0.026073 0.104487
v 0.105357 -0.025733 0.104487
v 0.105227 -0.025410 0.104487
v 0.124099 -0.050005 0.104487
v 0.121861 -0.044078 0.104487
v 0.118780 -0.038542 0.104487
v 0.114923 -0.033515 0.104487
v 0.110373 -0.029106 0.104487
v 0.123863 -0.049823 0.104487
v 0.123602 -0.049677 0.104487
v 0.123323 -0.049570 0.104487
v 0.123031 -0.049505 0.104487
v 0.042561 -0.070966 0.104487
v 0.042205 -0.070997 0.104487
v 0.041860 -0.071089 0.104487
v 0.041536 -0.071240 0.104487
v 0.041243 -0.071445 0.104487
v 0.040991 -0.071698 0.104487
v 0.040786 -0.071991 0.104487
v 0.040635 -0.072314 0.104487
v 0.040542 -0.072660 0.104487
v 0.040511 -0.073016 0.104487
v 0.040542 -0.073372 0.104487
v 0.040635 -0.073717 0.104487
v 0.040786 -0.074041 0.104487
v 0.040991 -0.074333 0.104487
v 0.041243 -0.074586 0.104487
v 0.041536 -0.074791 0.104487
v 0.041860 -0.074942 0.104487
v 0.042205 -0.075034 0.104487
v 0.042561 -0.075066 0.104487
v 0.042917 -0.075034 0.104487
v 0.043262 -0.074942 0.104487
v 0.043586 -0.074791 0.104487
v 0.043879 -0.074586 0.104487
v 0.044131 -0.074333 0.104487
v 0.044336 -0.074041 0.104487
v 0.044487 -0.073717 0.104487
v 0.044580 -0.073372 0.104487
v 0.044611 -0.073016 0.104487
v 0.044580 -0.072660 0.104487
v 0.044487 -0.072314 0.104487
v 0.044336 -0.071991 0.104487
v 0.044131 -0.071698 0.104487
v 0.043879 -0.071445 0.104487
v 0.043586 -0.071240 0.104487
v 0.043262 -0.071089 0.104487
v 0.042917 -0.070997 0.104487
v 0.061897 -0.096165 0.104487
v 0.061541 -0.096196 0.104487
v 0.061196 -0.096288 0.104487
v 0.060872 -0.096439 0.104487
v 0.060579 -0.096644 0.104487
v 0.060327 -0.096897 0.104487
v 0.060122 -0.097190 0.104487
v 0.059971 -0.097513 0.104487
v 0.059878 -0.097859 0.104487
v 0.059847 -0.098215 0.104487
v 0.059878 -0.098571 0.104487
v 0.059971 -0.098916 0.104487
v 0.060122 -0.099240 0.104487
v 0.060327 -0.099532 0.104487
v 0.060579 -0.099785 0.104487
v 0.060872 -0.099990 0.104487
v 0.061196 -0.100141 0.104487
v 0.061541 -0.100233 0.104487
v 0.061897 -0.100265 0.104487
v 0.062253 -0.100233 0.104487
v 0.062598 -0.100141 0.104487
v 0.062922 -0.099990 0.104487
v 0.063215 -0.099785 0.104487
v 0.063467 -0.099532 0.104487
v 0.063672 -0.099240 0.104487
v 0.063823 -0.098916 0.104487
v 0.063916 -0.098571 0.104487
v 0.063947 -0.098215 0.104487
v 0.063916 -0.097859 0.104487
v 0.063823 -0.097513 0.104487
v 0.063672 -0.097190 0.104487
v 0.063467 -0.096897 0.104487
v 0.063215 -0.096644 0.104487
v 0.062922 -0.096439 0.104487
v 0.062598 -0.096288 0.104487
v 0.062253 -0.096196 0.104487
v 0.093388 -0.100311 0.104487
v 0.093032 -0.100342 0.104487
v 0.092687 -0.100434 0.104487
v 0.092363 -0.100585 0.104487
v 0.092070 -0.100790 0.104487
v 0.091818 -0.101043 0.104487
v 0.091613 -0.101336 0.104487
v 0.091462 -0.101659 0.104487
v 0.091369 -0.102005 0.104487
v 0.091338 -0.102361 0.104487
v 0.091369 -0.102716 0.104487
v 0.091462 -0.103062 0.104487
v 0.091613 -0.103386 0.104487
v 0.091818 -0.103678 0.104487
v 0.092070 -0.103931 0.104487
v 0.092363 -0.104136 0.104487
v 0.092687 -0.104287 0.104487
v 0.093032 -0.104379 0.104487
v 0.093388 -0.104411 0.104487
v 0.093744 -0.104379 0.104487
v 0.094089 -0.104287 0.104487
v 0.094413 -0.104136 0.104487
v 0.094706 -0.103931 0.104487
v 0.094958 -0.103678 0.104487
v 0.095163 -0.103386 0.104487
v 0.095314 -0.103062 0.104487
v 0.095407 -0.102716 0.104487
v 0.095438 -0.102361 0.104487
v 0.095407 -0.102005 0.104487
v 0.095314 -0.101659 0.104487
v 0.095163 -0.101336 0.104487
v 0.094958 -0.101043 0.104487
v 0.094706 -0.100790 0.104487
v 0.094413 -0.100585 0.104487
v 0.094089 -0.100434 0.104487
v 0.093744 -0.100342 0.104487
v 0.118587 -0.080975 0.104487
v 0.118231 -0.081006 0.104487
v 0.117886 -0.081098 0.104487
v 0.117562 -0.081249 0.104487
v 0.117269 -0.081454 0.104487
v 0.117017 -0.081707 0.104487
v 0.116812 -0.082000 0.104487
v 0.116661 -0.082323 0.104487
v 0.116568 -0.082669 0.104487
v 0.116537 -0.083025 0.104487
v 0.116568 -0.083381 0.104487
v 0.116661 -0.083726 0.104487
v 0.116812 -0.084050 0.104487
v 0.117017 -0.084342 0.104487
v 0.117269 -0.084595 0.104487
v 0.117562 -0.084800 0.104487
v 0.117886 -0.084951 0.104487
v 0.118231 -0.085043 0.104487
v 0.118587 -0.085075 0.104487
v 0.118943 -0.085043 0.104487
v 0.119288 -0.084951 0.104487
v 0.119612 -0.084800 0.104487
v 0.119905 -0.084595 0.104487
v 0.120157 -0.084342 0.104487
v 0.120362 -0.084050 0.104487
v 0.120513 -0.083726 0.104487
v 0.120606 -0.083381 0.104487
v 0.120637 -0.083025 0.104487
v 0.120606 -0.082669 0.104487
v 0.120513 -0.082323 0.104487
v 0.120362 -0.082000 0.104487
v 0.120157 -0.081707 0.104487
v 0.119905 -0.081454 0.104487
v 0.119612 -0.081249 0.104487
v 0.119288 -0.081098 0.104487
v 0.118943 -0.081006 0.104487
v 0.082647 -0.023775 0.104487
v 0.075961 -0.024359 0.104487
v 0.069479 -0.026096 0.104487
v 0.063397 -0.028933 0.104487
v 0.057900 -0.032782 0.104487
v 0.053154 -0.037527 0.104487
v 0.049305 -0.043025 0.104487
v 0.046469 -0.049107 0.104487
v 0.044732 -0.055589 0.104487
v 0.044147 -0.062275 0.104487
v 0.044732 -0.068960 0.104487
v 0.046469 -0.075442 0.104487
v 0.049305 -0.081525 0.104487
v 0.053154 -0.087022 0.104487
v 0.057900 -0.091767 0.104487
v 0.063397 -0.095617 0.104487
v 0.069479 -0.098453 0.104487
v 0.075961 -0.100190 0.104487
v 0.082647 -0.100775 0.104487
v 0.089332 -0.100190 0.104487
v 0.095815 -0.098453 0.104487
v 0.101897 -0.095617 0.104487
v 0.107394 -0.091767 0.104487
v 0.112140 -0.087022 0.104487
v 0.115989 -0.081525 0.104487
v 0.118825 -0.075442 0.104487
v 0.120562 -0.068960 0.104487
v 0.121147 -0.062275 0.104487
v 0.120562 -0.055589 0.104487
v 0.118825 -0.049107 0.104487
v 0.115989 -0.043025 0.104487
v 0.112140 -0.037527 0.104487
v 0.107394 -0.032782 0.104487
v 0.101897 -0.028933 0.104487
v 0.095815 -0.026096 0.104487
v 0.089332 -0.024359 0.104487
v 0.060407 -0.099623 0.093819
v 0.039417 -0.099623 0.093819
v 0.039417 -0.062275 0.093819
v 0.040010 -0.055137 0.093819
v 0.041774 -0.048194 0.093819
v 0.044660 -0.041639 0.093819
v 0.044708 -0.041980 0.093819
v 0.044813 -0.042309 0.093819
v 0.044971 -0.042615 0.093819
v 0.045178 -0.042890 0.093819
v 0.045428 -0.043127 0.093819
v 0.045715 -0.043319 0.093819
v 0.046030 -0.043459 0.093819
v 0.046363 -0.043546 0.093819
v 0.046707 -0.043575 0.093819
v 0.047063 -0.043543 0.093819
v 0.047408 -0.043451 0.093819
v 0.047732 -0.043300 0.093819
v 0.048025 -0.043095 0.093819
v 0.048277 -0.042842 0.093819
v 0.048482 -0.042550 0.093819
v 0.048633 -0.042226 0.093819
v 0.048726 -0.041881 0.093819
v 0.048757 -0.041525 0.093819
v 0.048726 -0.041169 0.093819
v 0.048633 -0.040823 0.093819
v 0.048482 -0.040500 0.093819
v 0.048277 -0.040207 0.093819
v 0.048025 -0.039954 0.093819
v 0.047732 -0.039749 0.093819
v 0.047408 -0.039598 0.093819
v 0.047063 -0.039506 0.093819
v 0.046707 -0.039475 0.093819
v 0.046388 -0.039499 0.093819
v 0.046078 -0.039573 0.093819
v 0.045782 -0.039695 0.093819
v 0.049479 -0.034549 0.093819
v 0.053888 -0.029999 0.093819
v 0.058914 -0.026142 0.093819
v 0.064451 -0.023061 0.093819
v 0.070378 -0.020822 0.093819
v 0.070175 -0.021091 0.093819
v 0.070019 -0.021389 0.093819
v 0.069913 -0.021708 0.093819
v 0.069861 -0.022040 0.093819
v 0.069865 -0.022377 0.093819
v 0.069923 -0.022708 0.093819
v 0.070035 -0.023026 0.093819
v 0.070197 -0.023321 0.093819
v 0.070405 -0.023585 0.093819
v 0.070653 -0.023812 0.093819
v 0.070936 -0.023995 0.093819
v 0.071244 -0.024129 0.093819
v 0.071571 -0.024211 0.093819
v 0.071906 -0.024239 0.093819
v 0.072245 -0.024210 0.093819
v 0.072575 -0.024127 0.093819
v 0.072886 -0.023989 0.093819
v 0.073170 -0.023803 0.093819
v 0.073419 -0.023571 0.093819
v 0.073627 -0.023302 0.093819
v 0.073788 -0.023002 0.093819
v 0.073896 -0.022680 0.093819
v 0.073950 -0.022344 0.093819
v 0.073948 -0.022004 0.093819
v 0.073889 -0.021669 0.093819
v 0.073776 -0.021348 0.093819
v 0.073611 -0.021050 0.093819
v 0.073399 -0.020784 0.093819
v 0.073146 -0.020556 0.093819
v 0.072859 -0.020374 0.093819
v 0.072546 -0.020241 0.093819
v 0.078798 -0.019216 0.093819
v 0.085134 -0.019116 0.093819
v 0.091415 -0.019943 0.093819
v 0.097509 -0.021679 0.093819
v 0.103283 -0.024288 0.093819
v 0.102935 -0.024337 0.093819
v 0.102601 -0.024445 0.093819
v 0.102290 -0.024609 0.093819
v 0.102012 -0.024823 0.093819
v 0.101775 -0.025081 0.093819
v 0.101585 -0.025376 0.093819
v 0.101448 -0.025699 0.093819
v 0.101368 -0.026041 0.093819
v 0.101348 -0.026392 0.093819
v 0.101387 -0.026740 0.093819
v 0.101486 -0.027077 0.093819
v 0.101641 -0.027392 0.093819
v 0.101847 -0.027676 0.093819
v 0.102099 -0.027921 0.093819
v 0.102388 -0.028119 0.093819
v 0.102708 -0.028265 0.093819
v 0.103047 -0.028354 0.093819
v 0.103397 -0.028385 0.093819
v 0.103743 -0.028355 0.093819
v 0.104080 -0.028267 0.093819
v 0.104397 -0.028124 0.093819
v 0.104685 -0.027929 0.093819
v 0.104936 -0.027688 0.093819
v 0.105143 -0.027409 0.093819
v 0.105299 -0.027098 0.093819
v 0.105401 -0.026765 0.093819
v 0.105445 -0.026420 0.093819
v 0.105430 -0.026073 0.093819
v 0.105357 -0.025733 0.093819
v 0.105227 -0.025410 0.093819
v 0.110373 -0.029106 0.093819
v 0.114923 -0.033515 0.093819
v 0.118780 -0.038542 0.093819
v 0.121861 -0.044078 0.093819
v 0.124099 -0.050005 0.093819
v 0.123863 -0.049823 0.093819
v 0.123602 -0.049677 0.093819
v 0.123323 -0.049570 0.093819
v 0.123031 -0.049505 0.093819
v 0.122733 -0.049484 0.093819
v 0.122377 -0.049515 0.093819
v 0.122032 -0.049607 0.093819
v 0.121708 -0.049758 0.093819
v 0.121415 -0.049963 0.093819
v 0.121162 -0.050216 0.093819
v 0.120957 -0.050509 0.093819
v 0.120806 -0.050832 0.093819
v 0.120714 -0.051178 0.093819
v 0.120683 -0.051534 0.093819
v 0.120714 -0.051890 0.093819
v 0.120806 -0.052235 0.093819
v 0.120957 -0.052559 0.093819
v 0.121162 -0.052851 0.093819
v 0.121415 -0.053104 0.093819
v 0.121708 -0.053309 0.093819
v 0.122032 -0.053460 0.093819
v 0.122377 -0.053552 0.093819
v 0.122733 -0.053584 0.093819
v 0.123053 -0.053558 0.093819
v 0.123365 -0.053484 0.093819
v 0.123661 -0.053361 0.093819
v 0.123935 -0.053194 0.093819
v 0.124179 -0.052986 0.093819
v 0.124388 -0.052743 0.093819
v 0.124557 -0.052470 0.093819
v 0.124680 -0.052174 0.093819
v 0.125344 -0.055506 0.093819
v 0.125743 -0.058880 0.093819
v 0.125877 -0.062275 0.093819
v 0.125877 -0.099623 0.093819
v 0.091994 -0.099623 0.093819
v 0.098191 -0.097497 0.093819
v 0.103938 -0.094351 0.093819
v 0.109069 -0.090277 0.093819
v 0.113434 -0.085392 0.093819
v 0.116908 -0.079837 0.093819
v 0.119389 -0.073774 0.093819
v 0.120807 -0.067378 0.093819
v 0.121120 -0.060834 0.093819
v 0.120319 -0.054331 0.093819
v 0.118426 -0.048059 0.093819
v 0.115498 -0.042199 0.093819
v 0.111619 -0.036919 0.093819
v 0.106900 -0.032374 0.093819
v 0.101479 -0.028695 0.093819
v 0.095513 -0.025988 0.093819
v 0.089175 -0.024332 0.093819
v 0.082647 -0.023775 0.093819
v 0.076119 -0.024332 0.093819
v 0.069781 -0.025988 0.093819
v 0.063814 -0.028695 0.093819
v 0.058394 -0.032374 0.093819
v 0.053675 -0.036919 0.093819
v 0.049796 -0.042199 0.093819
v 0.046867 -0.048059 0.093819
v 0.044975 -0.054331 0.093819
v 0.044174 -0.060834 0.093819
v 0.044487 -0.067378 0.093819
v 0.045904 -0.073774 0.093819
v 0.048386 -0.079837 0.093819
v 0.051860 -0.085392 0.093819
v 0.056225 -0.090277 0.093819
v 0.061355 -0.094351 0.093819
v 0.067102 -0.097497 0.093819
v 0.073299 -0.099623 0.093819
v 0.063387 -0.099623 0.093819
v 0.063599 -0.099357 0.093819
v 0.063765 -0.099059 0.093819
v 0.063879 -0.098738 0.093819
v 0.063938 -0.098403 0.093819
v 0.063941 -0.098062 0.093819
v 0.063888 -0.097726 0.093819
v 0.063780 -0.097403 0.093819
v 0.063619 -0.097103 0.093819
v 0.063412 -0.096833 0.093819
v 0.063162 -0.096602 0.093819
v 0.062878 -0.096414 0.093819
v 0.062566 -0.096277 0.093819
v 0.062236 -0.096193 0.093819
v 0.061897 -0.096165 0.093819
v 0.061558 -0.096193 0.093819
v 0.061228 -0.096277 0.093819
v 0.060916 -0.096414 0.093819
v 0.060632 -0.096602 0.093819
v 0.060382 -0.096833 0.093819
v 0.060174 -0.097103 0.093819
v 0.060014 -0.097403 0.093819
v 0.059906 -0.097726 0.093819
v 0.059853 -0.098062 0.093819
v 0.059856 -0.098403 0.093819
v 0.059915 -0.098738 0.093819
v 0.060029 -0.099059 0.093819
v 0.060194 -0.099357 0.093819
v 0.042561 -0.075066 0.093819
v 0.042917 -0.075034 0.093819
v 0.043262 -0.074942 0.093819
v 0.043586 -0.074791 0.093819
v 0.043879 -0.074586 0.093819
v 0.044131 -0.074333 0.093819
v 0.044336 -0.074041 0.093819
v 0.044487 -0.073717 0.093819
v 0.044580 -0.073372 0.093819
v 0.044611 -0.073016 0.093819
v 0.044580 -0.072660 0.093819
v 0.044487 -0.072314 0.093819
v 0.044336 -0.071991 0.093819
v 0.044131 -0.071698 0.093819
v 0.043879 -0.071445 0.093819
v 0.043586 -0.071240 0.093819
v 0.043262 -0.071089 0.093819
v 0.042917 -0.070997 0.093819
v 0.042561 -0.070966 0.093819
v 0.042205 -0.070997 0.093819
v 0.041860 -0.071089 0.093819
v 0.041536 -0.071240 0.093819
v 0.041243 -0.071445 0.093819
v 0.040991 -0.071698 0.093819
v 0.040786 -0.071991 0.093819
v 0.040635 -0.072314 0.093819
v 0.040542 -0.072660 0.093819
v 0.040511 -0.073016 0.093819
v 0.040542 -0.073372 0.093819
v 0.040635 -0.073717 0.093819
v 0.040786 -0.074041 0.093819
v 0.040991 -0.074333 0.093819
v 0.041243 -0.074586 0.093819
v 0.041536 -0.074791 0.093819
v 0.041860 -0.074942 0.093819
v 0.042205 -0.075034 0.093819
v 0.118587 -0.085075 0.093819
v 0.118943 -0.085043 0.093819
v 0.119288 -0.084951 0.093819
v 0.119612 -0.084800 0.093819
v 0.119905 -0.084595 0.093819
v 0.120157 -0.084342 0.093819
v 0.120362 -0.084050 0.093819
v 0.120513 -0.083726 0.093819
v 0.120606 -0.083381 0.093819
v 0.120637 -0.083025 0.093819
v 0.120606 -0.082669 0.093819
v 0.120513 -0.082323 0.093819
v 0.120362 -0.082000 0.093819
v 0.120157 -0.081707 0.093819
v 0.119905 -0.081454 0.093819
v 0.119612 -0.081249 0.093819
v 0.119288 -0.081098 0.093819
v 0.118943 -0.081006 0.093819
v 0.118587 -0.080975 0.093819
v 0.118231 -0.081006 0.093819
v 0.117886 -0.081098 0.093819
v 0.117562 -0.081249 0.093819
v 0.117269 -0.081454 0.093819
v 0.117017 -0.081707 0.093819
v 0.116812 -0.082000 0.093819
v 0.116661 -0.082323 0.093819
v 0.116568 -0.082669 0.093819
v 0.116537 -0.083025 0.093819
v 0.116568 -0.083381 0.093819
v 0.116661 -0.083726 0.093819
v 0.116812 -0.084050 0.093819
v 0.117017 -0.084342 0.093819
v 0.117269 -0.084595 0.093819
v 0.117562 -0.084800 0.093819
v 0.117886 -0.084951 0.093819
v 0.118231 -0.085043 0.093819
v 0.012147 -0.182935 0.093819
v 0.012147 -0.200715 0.093819
v 0.012147 -0.182935 0.112869
v 0.012147 -0.163885 0.112869
v 0.012147 -0.163885 0.068419
v 0.012147 -0.200715 0.068419
v 0.012147 -0.200715 0.066684
v 0.012147 -0.200715 0.045559
v 0.012147 -0.200715 0.045550
v 0.012147 -0.200715 0.045553
v 0.012147 -0.200715 0.045556
v 0.012147 -0.092765 0.045550
v 0.012147 -0.092765 0.045559
v 0.012147 -0.092765 0.045556
v 0.012147 -0.092765 0.045553
v 0.012147 -0.092765 0.063339
v 0.012147 -0.109275 0.063339
v 0.012147 -0.109275 0.068419
v 0.012147 -0.146105 0.068419
v 0.012147 -0.146105 0.112869
v 0.012147 -0.127055 0.112869
v 0.012147 -0.127055 0.093819
v 0.012147 -0.109275 0.093819
v 0.012147 -0.109275 0.119219
v 0.012147 -0.200715 0.119219
v 0.012147 -0.127055 0.112869
v 0.012147 -0.146105 0.112869
v -0.121203 -0.127055 0.112869
v -0.121203 -0.146105 0.112869
v -0.114348 -0.136580 0.112869
v -0.114279 -0.137374 0.112869
v -0.114072 -0.138144 0.112869
v -0.113735 -0.138867 0.112869
v -0.113278 -0.139520 0.112869
v -0.112714 -0.140084 0.112869
v -0.112061 -0.140542 0.112869
v -0.111338 -0.140879 0.112869
v -0.110568 -0.141085 0.112869
v -0.109773 -0.141155 0.112869
v -0.108979 -0.141085 0.112869
v -0.108208 -0.140879 0.112869
v -0.107486 -0.140542 0.112869
v -0.106832 -0.140084 0.112869
v -0.106268 -0.139520 0.112869
v -0.105811 -0.138867 0.112869
v -0.105474 -0.138144 0.112869
v -0.105268 -0.137374 0.112869
v -0.105198 -0.136580 0.112869
v -0.105268 -0.135785 0.112869
v -0.105474 -0.135015 0.112869
v -0.105811 -0.134292 0.112869
v -0.106268 -0.133639 0.112869
v -0.106832 -0.133075 0.112869
v -0.107486 -0.132618 0.112869
v -0.108208 -0.132280 0.112869
v -0.108979 -0.132074 0.112869
v -0.109773 -0.132005 0.112869
v -0.110568 -0.132074 0.112869
v -0.111338 -0.132280 0.112869
v -0.112061 -0.132618 0.112869
v -0.112714 -0.133075 0.112869
v -0.113278 -0.133639 0.112869
v -0.113735 -0.134292 0.112869
v -0.114072 -0.135015 0.112869
v -0.114279 -0.135785 0.112869
v 0.012147 -0.146105 0.112869
v 0.012147 -0.146105 0.068419
v -0.121203 -0.146105 0.112869
v -0.121203 -0.146105 0.068419
v 0.012147 -0.109275 0.068419
v 0.012149 -0.109275 0.068419
v 0.012147 -0.146105 0.068419
v -0.121203 -0.146105 0.068419
v -0.121203 -0.092765 0.068419
v 0.012149 -0.092765 0.068419
v 0.012147 -0.109275 0.093819
v 0.012147 -0.127055 0.093819
v -0.121203 -0.109275 0.093819
v -0.121203 -0.127055 0.093819
v 0.012147 -0.127055 0.093819
v 0.012147 -0.127055 0.112869
v -0.121203 -0.127055 0.093819
v -0.121203 -0.127055 0.112869
v 0.012149 -0.092765 0.068419
v -0.121203 -0.092765 0.068419
v -0.121203 -0.092765 0.081119
v 0.012149 -0.092765 0.081119
v 0.012149 -0.092765 0.081119
v -0.121203 -0.092765 0.081119
v -0.121203 -0.109275 0.093819
v 0.012147 -0.109275 0.093819
v 0.012149 -0.109275 0.093819
v -0.121203 -0.146105 0.112869
v -0.121203 -0.127055 0.112869
v -0.121203 -0.127055 0.093819
v -0.121203 -0.109275 0.093819
v -0.121203 -0.092765 0.081119
v -0.121203 -0.092765 0.068419
v -0.121203 -0.146105 0.068419
v 0.012147 -0.163885 0.068419
v 0.012147 -0.163885 0.112869
v -0.121203 -0.163885 0.068419
v -0.121203 -0.163885 0.112869
v 0.012147 -0.163885 0.112869
v 0.012147 -0.182935 0.112869
v -0.121203 -0.163885 0.112869
v -0.121203 -0.182935 0.112869
v -0.114348 -0.173410 0.112869
v -0.114279 -0.174204 0.112869
v -0.114072 -0.174974 0.112869
v -0.113735 -0.175697 0.112869
v -0.113278 -0.176350 0.112869
v -0.112714 -0.176914 0.112869
v -0.112061 -0.177372 0.112869
v -0.111338 -0.177709 0.112869
v -0.110568 -0.177915 0.112869
v -0.109773 -0.177985 0.112869
v -0.108979 -0.177915 0.112869
v -0.108208 -0.177709 0.112869
v -0.107486 -0.177372 0.112869
v -0.106832 -0.176914 0.112869
v -0.106268 -0.176350 0.112869
v -0.105811 -0.175697 0.112869
v -0.105474 -0.174974 0.112869
v -0.105268 -0.174204 0.112869
v -0.105198 -0.173410 0.112869
v -0.105268 -0.172615 0.112869
v -0.105474 -0.171845 0.112869
v -0.105811 -0.171122 0.112869
v -0.106268 -0.170469 0.112869
v -0.106832 -0.169905 0.112869
v -0.107486 -0.169448 0.112869
v -0.108208 -0.169110 0.112869
v -0.108979 -0.168904 0.112869
v -0.109773 -0.168835 0.112869
v -0.110568 -0.168904 0.112869
v -0.111338 -0.169110 0.112869
v -0.112061 -0.169448 0.112869
v -0.112714 -0.169905 0.112869
v -0.113278 -0.170469 0.112869
v -0.113735 -0.171122 0.112869
v -0.114072 -0.171845 0.112869
v -0.114279 -0.172615 0.112869
v 0.012147 -0.182935 0.112869
v 0.012147 -0.182935 0.093819
v -0.121203 -0.182935 0.112869
v -0.121203 -0.182935 0.093819
v 0.012147 -0.182935 0.093819
v 0.012147 -0.200715 0.093819
v -0.121203 -0.182935 0.093819
v -0.121203 -0.200715 0.093819
v 0.012147 -0.200715 0.068419
v 0.012147 -0.163885 0.068419
v -0.121203 -0.200715 0.068419
v -0.121203 -0.163885 0.068419
v -0.121203 -0.200715 0.068419
v -0.121203 -0.200715 0.093819
v -0.121203 -0.182935 0.093819
v -0.121203 -0.182935 0.112869
v -0.121203 -0.163885 0.112869
v -0.121203 -0.163885 0.068419
v 0.012149 -0.109275 0.093819
v 0.012149 -0.092765 0.081119
v 0.062947 -0.109275 0.049922
v 0.037547 -0.101020 0.060154
v 0.043505 -0.104653 0.058442
v 0.049684 -0.107189 0.056247
v 0.055971 -0.108708 0.053537
v 0.059459 -0.109134 0.051814
v 0.026313 -0.098888 0.071024
v 0.033024 -0.102027 0.067050
v 0.027795 -0.100711 0.071343
v 0.043696 -0.108437 0.065239
v 0.019223 -0.096825 0.076846
v 0.022407 -0.104317 0.080466
v 0.034093 -0.104577 0.069194
v 0.037126 -0.106104 0.068122
v 0.041537 -0.107492 0.065780
v 0.035050 -0.105294 0.069139
v 0.040802 -0.104835 0.062149
v 0.016270 -0.098841 0.081675
v 0.032401 -0.106747 0.073513
v 0.041568 -0.106246 0.063711
v 0.047986 -0.107172 0.058326
v 0.014768 -0.103885 0.087255
v 0.050022 -0.108100 0.058331
v 0.012149 -0.092765 0.081119
v 0.012149 -0.092765 0.068419
v 0.037547 -0.101020 0.060154
v 0.012147 -0.092765 0.063339
v 0.018629 -0.093254 0.063135
v 0.024929 -0.094699 0.062542
v 0.030906 -0.097050 0.061614
v 0.034211 -0.098823 0.060945
v 0.023231 -0.095823 0.070108
v 0.012965 -0.092795 0.068269
v 0.015389 -0.093007 0.067287
v 0.013780 -0.092825 0.066608
v 0.012558 -0.092772 0.067712
v 0.015088 -0.093067 0.069353
v 0.021837 -0.095057 0.069643
v 0.014644 -0.093056 0.070542
v 0.013376 -0.092787 0.064788
v 0.024261 -0.095113 0.065579
v 0.012252 -0.092766 0.068114
v 0.012354 -0.092768 0.068443
v 0.012780 -0.092801 0.069818
v 0.014409 -0.093260 0.075190
v 0.018919 -0.093478 0.065369
v 0.022110 -0.094100 0.064092
v 0.012175 -0.092765 0.068279
v 0.012201 -0.092765 0.068455
v 0.012308 -0.092769 0.069198
v 0.012729 -0.092827 0.072150
v 0.012156 -0.092765 0.068352
v 0.012189 -0.092765 0.068827
v 0.012296 -0.092772 0.070362
v 0.012159 -0.092765 0.068628
v 0.012186 -0.092766 0.069409
v 0.012152 -0.092765 0.068525
v 0.012159 -0.092765 0.068918
v 0.012150 -0.092765 0.068472
v 0.012152 -0.092765 0.068670
v 0.012150 -0.092765 0.068545
v 0.012150 -0.092765 0.068482
v 0.012149 -0.092765 0.068419
v 0.012147 -0.092765 0.063339
v 0.012147 -0.109275 0.063339
v 0.012149 -0.109275 0.068419
v -0.114348 -0.173410 0.112869
v -0.114279 -0.174204 0.112869
v -0.114072 -0.174974 0.112869
v -0.113735 -0.175697 0.112869
v -0.113278 -0.176350 0.112869
v -0.112714 -0.176914 0.112869
v -0.112061 -0.177372 0.112869
v -0.111338 -0.177709 0.112869
v -0.110568 -0.177915 0.112869
v -0.109773 -0.177985 0.112869
v -0.108979 -0.177915 0.112869
v -0.108208 -0.177709 0.112869
v -0.107486 -0.177372 0.112869
v -0.106832 -0.176914 0.112869
v -0.106268 -0.176350 0.112869
v -0.105811 -0.175697 0.112869
v -0.105474 -0.174974 0.112869
v -0.105268 -0.174204 0.112869
v -0.105198 -0.173410 0.112869
v -0.114348 -0.173410 0.105619
v -0.114279 -0.174204 0.105619
v -0.114072 -0.174974 0.105619
v -0.113735 -0.175697 0.105619
v -0.113278 -0.176350 0.105619
v -0.112714 -0.176914 0.105619
v -0.112061 -0.177372 0.105619
v -0.111338 -0.177709 0.105619
v -0.110568 -0.177915 0.105619
v -0.109773 -0.177985 0.105619
v -0.108979 -0.177915 0.105619
v -0.108208 -0.177709 0.105619
v -0.107486 -0.177372 0.105619
v -0.106832 -0.176914 0.105619
v -0.106268 -0.176350 0.105619
v -0.105811 -0.175697 0.105619
v -0.105474 -0.174974 0.105619
v -0.105268 -0.174204 0.105619
v -0.105198 -0.173410 0.105619
v -0.114348 -0.136580 0.112869
v -0.114279 -0.137374 0.112869
v -0.114072 -0.138144 0.112869
v -0.113735 -0.138867 0.112869
v -0.113278 -0.139520 0.112869
v -0.112714 -0.140084 0.112869
v -0.112061 -0.140542 0.112869
v -0.111338 -0.140879 0.112869
v -0.110568 -0.141085 0.112869
v -0.109773 -0.141155 0.112869
v -0.108979 -0.141085 0.112869
v -0.108208 -0.140879 0.112869
v -0.107486 -0.140542 0.112869
v -0.106832 -0.140084 0.112869
v -0.106268 -0.139520 0.112869
v -0.105811 -0.138867 0.112869
v -0.105474 -0.138144 0.112869
v -0.105268 -0.137374 0.112869
v -0.105198 -0.136580 0.112869
v -0.114348 -0.136580 0.105619
v -0.114279 -0.137374 0.105619
v -0.114072 -0.138144 0.105619
v -0.113735 -0.138867 0.105619
v -0.113278 -0.139520 0.105619
v -0.112714 -0.140084 0.105619
v -0.112061 -0.140542 0.105619
v -0.111338 -0.140879 0.105619
v -0.110568 -0.141085 0.105619
v -0.109773 -0.141155 0.105619
v -0.108979 -0.141085 0.105619
v -0.108208 -0.140879 0.105619
v -0.107486 -0.140542 0.105619
v -0.106832 -0.140084 0.105619
v -0.106268 -0.139520 0.105619
v -0.105811 -0.138867 0.105619
v -0.105474 -0.138144 0.105619
v -0.105268 -0.137374 0.105619
v -0.105198 -0.136580 0.105619
v -0.114348 -0.136580 0.105619
v -0.114279 -0.137374 0.105619
v -0.114072 -0.138144 0.105619
v -0.113735 -0.138867 0.105619
v -0.113278 -0.139520 0.105619
v -0.112714 -0.140084 0.105619
v -0.112061 -0.140542 0.105619
v -0.111338 -0.140879 0.105619
v -0.110568 -0.141085 0.105619
v -0.109773 -0.141155 0.105619
v -0.108979 -0.141085 0.105619
v -0.108208 -0.140879 0.105619
v -0.107486 -0.140542 0.105619
v -0.106832 -0.140084 0.105619
v -0.106268 -0.139520 0.105619
v -0.105811 -0.138867 0.105619
v -0.105474 -0.138144 0.105619
v -0.105268 -0.137374 0.105619
v -0.105198 -0.136580 0.105619
v -0.105268 -0.135785 0.105619
v -0.105474 -0.135015 0.105619
v -0.105811 -0.134292 0.105619
v -0.106268 -0.133639 0.105619
v -0.106832 -0.133075 0.105619
v -0.107486 -0.132618 0.105619
v -0.108208 -0.132280 0.105619
v -0.108979 -0.132074 0.105619
v -0.109773 -0.132005 0.105619
v -0.110568 -0.132074 0.105619
v -0.111338 -0.132280 0.105619
v -0.112061 -0.132618 0.105619
v -0.112714 -0.133075 0.105619
v -0.113278 -0.133639 0.105619
v -0.113735 -0.134292 0.105619
v -0.114072 -0.135015 0.105619
v -0.114279 -0.135785 0.105619
v -0.105523 -0.136580 0.105619
v -0.105588 -0.135842 0.105619
v -0.105779 -0.135126 0.105619
v -0.106092 -0.134455 0.105619
v -0.106517 -0.133848 0.105619
v -0.107041 -0.133324 0.105619
v -0.107648 -0.132899 0.105619
v -0.108320 -0.132586 0.105619
v -0.109035 -0.132394 0.105619
v -0.109773 -0.132330 0.105619
v -0.110511 -0.132394 0.105619
v -0.111227 -0.132586 0.105619
v -0.111898 -0.132899 0.105619
v -0.112505 -0.133324 0.105619
v -0.113029 -0.133848 0.105619
v -0.113454 -0.134455 0.105619
v -0.113767 -0.135126 0.105619
v -0.113959 -0.135842 0.105619
v -0.114023 -0.136580 0.105619
v -0.113959 -0.137318 0.105619
v -0.113767 -0.138033 0.105619
v -0.113454 -0.138705 0.105619
v -0.113029 -0.139311 0.105619
v -0.112505 -0.139835 0.105619
v -0.111898 -0.140260 0.105619
v -0.111227 -0.140573 0.105619
v -0.110511 -0.140765 0.105619
v -0.109773 -0.140830 0.105619
v -0.109035 -0.140765 0.105619
v -0.108320 -0.140573 0.105619
v -0.107648 -0.140260 0.105619
v -0.107041 -0.139835 0.105619
v -0.106517 -0.139311 0.105619
v -0.106092 -0.138705 0.105619
v -0.105779 -0.138033 0.105619
v -0.105588 -0.137318 0.105619
v -0.105523 -0.136580 0.093819
v -0.105588 -0.137318 0.093819
v -0.105779 -0.138033 0.093819
v -0.106092 -0.138705 0.093819
v -0.106517 -0.139311 0.093819
v -0.107041 -0.139835 0.093819
v -0.107648 -0.140260 0.093819
v -0.108320 -0.140573 0.093819
v -0.109035 -0.140765 0.093819
v -0.109773 -0.140830 0.093819
v -0.110511 -0.140765 0.093819
v -0.111227 -0.140573 0.093819
v -0.111898 -0.140260 0.093819
v -0.112505 -0.139835 0.093819
v -0.113029 -0.139311 0.093819
v -0.113454 -0.138705 0.093819
v -0.113767 -0.138033 0.093819
v -0.113959 -0.137318 0.093819
v -0.114023 -0.136580 0.093819
v -0.105523 -0.136580 0.105619
v -0.114023 -0.136580 0.105619
v -0.113959 -0.137318 0.105619
v -0.113767 -0.138033 0.105619
v -0.113454 -0.138705 0.105619
v -0.113029 -0.139311 0.105619
v -0.112505 -0.139835 0.105619
v -0.111898 -0.140260 0.105619
v -0.111227 -0.140573 0.105619
v -0.110511 -0.140765 0.105619
v -0.109773 -0.140830 0.105619
v -0.109035 -0.140765 0.105619
v -0.108320 -0.140573 0.105619
v -0.107648 -0.140260 0.105619
v -0.107041 -0.139835 0.105619
v -0.106517 -0.139311 0.105619
v -0.106092 -0.138705 0.105619
v -0.105779 -0.138033 0.105619
v -0.105588 -0.137318 0.105619
v -0.105523 -0.136580 0.093819
v -0.105588 -0.137318 0.093819
v -0.105779 -0.138033 0.093819
v -0.106092 -0.138705 0.093819
v -0.106517 -0.139311 0.093819
v -0.107041 -0.139835 0.093819
v -0.107648 -0.140260 0.093819
v -0.108320 -0.140573 0.093819
v -0.109035 -0.140765 0.093819
v -0.109773 -0.140830 0.093819
v -0.110511 -0.140765 0.093819
v -0.111227 -0.140573 0.093819
v -0.111898 -0.140260 0.093819
v -0.112505 -0.139835 0.093819
v -0.113029 -0.139311 0.093819
v -0.113454 -0.138705 0.093819
v -0.113767 -0.138033 0.093819
v -0.113959 -0.137318 0.093819
v -0.114023 -0.136580 0.093819
v -0.113959 -0.135842 0.093819
v -0.113767 -0.135126 0.093819
v -0.113454 -0.134455 0.093819
v -0.113029 -0.133848 0.093819
v -0.112505 -0.133324 0.093819
v -0.111898 -0.132899 0.093819
v -0.111227 -0.132586 0.093819
v -0.110511 -0.132394 0.093819
v -0.109773 -0.132330 0.093819
v -0.109035 -0.132394 0.093819
v -0.108320 -0.132586 0.093819
v -0.107648 -0.132899 0.093819
v -0.107041 -0.133324 0.093819
v -0.106517 -0.133848 0.093819
v -0.106092 -0.134455 0.093819
v -0.105779 -0.135126 0.093819
v -0.105588 -0.135842 0.093819
v -0.114348 -0.173410 0.105619
v -0.114279 -0.174204 0.105619
v -0.114072 -0.174974 0.105619
v -0.113735 -0.175697 0.105619
v -0.113278 -0.176350 0.105619
v -0.112714 -0.176914 0.105619
v -0.112061 -0.177372 0.105619
v -0.111338 -0.177709 0.105619
v -0.110568 -0.177915 0.105619
v -0.109773 -0.177985 0.105619
v -0.108979 -0.177915 0.105619
v -0.108208 -0.177709 0.105619
v -0.107486 -0.177372 0.105619
v -0.106832 -0.176914 0.105619
v -0.106268 -0.176350 0.105619
v -0.105811 -0.175697 0.105619
v -0.105474 -0.174974 0.105619
v -0.105268 -0.174204 0.105619
v -0.105198 -0.173410 0.105619
v -0.105268 -0.172615 0.105619
v -0.105474 -0.171845 0.105619
v -0.105811 -0.171122 0.105619
v -0.106268 -0.170469 0.105619
v -0.106832 -0.169905 0.105619
v -0.107486 -0.169448 0.105619
v -0.108208 -0.169110 0.105619
v -0.108979 -0.168904 0.105619
v -0.109773 -0.168835 0.105619
v -0.110568 -0.168904 0.105619
v -0.111338 -0.169110 0.105619
v -0.112061 -0.169448 0.105619
v -0.112714 -0.169905 0.105619
v -0.113278 -0.170469 0.105619
v -0.113735 -0.171122 0.105619
v -0.114072 -0.171845 0.105619
v -0.114279 -0.172615 0.105619
v -0.105523 -0.173410 0.105619
v -0.105588 -0.172672 0.105619
v -0.105779 -0.171956 0.105619
v -0.106092 -0.171285 0.105619
v -0.106517 -0.170678 0.105619
v -0.107041 -0.170154 0.105619
v -0.107648 -0.169729 0.105619
v -0.108320 -0.169416 0.105619
v -0.109035 -0.169224 0.105619
v -0.109773 -0.169160 0.105619
v -0.110511 -0.169224 0.105619
v -0.111227 -0.169416 0.105619
v -0.111898 -0.169729 0.105619
v -0.112505 -0.170154 0.105619
v -0.113029 -0.170678 0.105619
v -0.113454 -0.171285 0.105619
v -0.113767 -0.171956 0.105619
v -0.113959 -0.172672 0.105619
v -0.114023 -0.173410 0.105619
v -0.113959 -0.174148 0.105619
v -0.113767 -0.174863 0.105619
v -0.113454 -0.175535 0.105619
v -0.113029 -0.176141 0.105619
v -0.112505 -0.176665 0.105619
v -0.111898 -0.177090 0.105619
v -0.111227 -0.177403 0.105619
v -0.110511 -0.177595 0.105619
v -0.109773 -0.177660 0.105619
v -0.109035 -0.177595 0.105619
v -0.108320 -0.177403 0.105619
v -0.107648 -0.177090 0.105619
v -0.107041 -0.176665 0.105619
v -0.106517 -0.176141 0.105619
v -0.106092 -0.175535 0.105619
v -0.105779 -0.174863 0.105619
v -0.105588 -0.174148 0.105619
v -0.105523 -0.173410 0.093819
v -0.105588 -0.174148 0.093819
v -0.105779 -0.174863 0.093819
v -0.106092 -0.175535 0.093819
v -0.106517 -0.176141 0.093819
v -0.107041 -0.176665 0.093819
v -0.107648 -0.177090 0.093819
v -0.108320 -0.177403 0.093819
v -0.109035 -0.177595 0.093819
v -0.109773 -0.177660 0.093819
v -0.110511 -0.177595 0.093819
v -0.111227 -0.177403 0.093819
v -0.111898 -0.177090 0.093819
v -0.112505 -0.176665 0.093819
v -0.113029 -0.176141 0.093819
v -0.113454 -0.175535 0.093819
v -0.113767 -0.174863 0.093819
v -0.113959 -0.174148 0.093819
v -0.114023 -0.173410 0.093819
v -0.105523 -0.173410 0.105619
v -0.114023 -0.173410 0.105619
v -0.113959 -0.174148 0.105619
v -0.113767 -0.174863 0.105619
v -0.113454 -0.175535 0.105619
v -0.113029 -0.176141 0.105619
v -0.112505 -0.176665 0.105619
v -0.111898 -0.177090 0.105619
v -0.111227 -0.177403 0.105619
v -0.110511 -0.177595 0.105619
v -0.109773 -0.177660 0.105619
v -0.109035 -0.177595 0.105619
v -0.108320 -0.177403 0.105619
v -0.107648 -0.177090 0.105619
v -0.107041 -0.176665 0.105619
v -0.106517 -0.176141 0.105619
v -0.106092 -0.175535 0.105619
v -0.105779 -0.174863 0.105619
v -0.105588 -0.174148 0.105619
v -0.105523 -0.173410 0.093819
v -0.105588 -0.174148 0.093819
v -0.105779 -0.174863 0.093819
v -0.106092 -0.175535 0.093819
v -0.106517 -0.176141 0.093819
v -0.107041 -0.176665 0.093819
v -0.107648 -0.177090 0.093819
v -0.108320 -0.177403 0.093819
v -0.109035 -0.177595 0.093819
v -0.109773 -0.177660 0.093819
v -0.110511 -0.177595 0.093819
v -0.111227 -0.177403 0.093819
v -0.111898 -0.177090 0.093819
v -0.112505 -0.176665 0.093819
v -0.113029 -0.176141 0.093819
v -0.113454 -0.175535 0.093819
v -0.113767 -0.174863 0.093819
v -0.113959 -0.174148 0.093819
v -0.114023 -0.173410 0.093819
v -0.113959 -0.172672 0.093819
v -0.113767 -0.171956 0.093819
v -0.113454 -0.171285 0.093819
v -0.113029 -0.170678 0.093819
v -0.112505 -0.170154 0.093819
v -0.111898 -0.169729 0.093819
v -0.111227 -0.169416 0.093819
v -0.110511 -0.169224 0.093819
v -0.109773 -0.169160 0.093819
v -0.109035 -0.169224 0.093819
v -0.108320 -0.169416 0.093819
v -0.107648 -0.169729 0.093819
v -0.107041 -0.170154 0.093819
v -0.106517 -0.170678 0.093819
v -0.106092 -0.171285 0.093819
v -0.105779 -0.171956 0.093819
v -0.105588 -0.172672 0.093819
v 0.091994 -0.099623 0.093819
v 0.091994 -0.100035 0.093810
v 0.091994 -0.100447 0.093784
v 0.091994 -0.100857 0.093740
v 0.093388 -0.100311 0.093795
v 0.093054 -0.100338 0.093793
v 0.092729 -0.100419 0.093786
v 0.092422 -0.100552 0.093774
v 0.092199 -0.100691 0.093760
v 0.093388 -0.104411 0.092548
v 0.093689 -0.104388 0.092561
v 0.093982 -0.104322 0.092598
v 0.094235 -0.104227 0.092650
v 0.094450 -0.104114 0.092711
v 0.094648 -0.103978 0.092781
v 0.094827 -0.103821 0.092858
v 0.094985 -0.103645 0.092941
v 0.095122 -0.103454 0.093026
v 0.095235 -0.103249 0.093112
v 0.095325 -0.103031 0.093197
v 0.095389 -0.102805 0.093279
v 0.095427 -0.102571 0.093358
v 0.095438 -0.102331 0.093431
v 0.095420 -0.102092 0.093498
v 0.095374 -0.101855 0.093558
v 0.095300 -0.101621 0.093610
v 0.095198 -0.101398 0.093654
v 0.095069 -0.101188 0.093691
v 0.094915 -0.100992 0.093721
v 0.094738 -0.100818 0.093745
v 0.094540 -0.100665 0.093763
v 0.094326 -0.100538 0.093776
v 0.094098 -0.100437 0.093785
v 0.093857 -0.100365 0.093791
v 0.093624 -0.100324 0.093794
v 0.091994 -0.103864 0.092837
v 0.092250 -0.104066 0.092736
v 0.092540 -0.104227 0.092650
v 0.092824 -0.104331 0.092593
v 0.093092 -0.104389 0.092560
v 0.093240 -0.104405 0.092551
v 0.091994 -0.105187 0.092054
v 0.091994 -0.106368 0.091071
v 0.091994 -0.107378 0.089913
v 0.091994 -0.108192 0.088609
v 0.091994 -0.108788 0.087192
v 0.091994 -0.109152 0.085699
v 0.091994 -0.109275 0.084167
v 0.125877 -0.109275 0.084167
v 0.125877 -0.099623 0.093819
v 0.125877 -0.101299 0.093673
v 0.125877 -0.102924 0.093237
v 0.125877 -0.104449 0.092526
v 0.125877 -0.105827 0.091561
v 0.125877 -0.107016 0.090371
v 0.125877 -0.107981 0.088993
v 0.125877 -0.108692 0.087468
v 0.125877 -0.109128 0.085843
v 0.082647 -0.100775 0.093819
v 0.085791 -0.100646 0.093819
v 0.088914 -0.100261 0.093819
v 0.091994 -0.099623 0.093819
v 0.073299 -0.099623 0.093819
v 0.076380 -0.100261 0.093819
v 0.079503 -0.100646 0.093819
v 0.073299 -0.101299 0.093673
v 0.073299 -0.102924 0.093237
v 0.073299 -0.104449 0.092526
v 0.073299 -0.105827 0.091561
v 0.073299 -0.107016 0.090371
v 0.073299 -0.107981 0.088993
v 0.073299 -0.108692 0.087468
v 0.073299 -0.109128 0.085843
v 0.073299 -0.109275 0.084167
v 0.091994 -0.109275 0.084167
v 0.091994 -0.103864 0.092837
v 0.091994 -0.105187 0.092054
v 0.091994 -0.106368 0.091071
v 0.091994 -0.107378 0.089913
v 0.091994 -0.108192 0.088609
v 0.091994 -0.108788 0.087192
v 0.091994 -0.109152 0.085699
v 0.091994 -0.100857 0.093740
v 0.091796 -0.101069 0.093710
v 0.091630 -0.101306 0.093672
v 0.091499 -0.101564 0.093623
v 0.091407 -0.101834 0.093563
v 0.091353 -0.102113 0.093494
v 0.091338 -0.102393 0.093414
v 0.091362 -0.102671 0.093326
v 0.091422 -0.102941 0.093232
v 0.091517 -0.103198 0.093133
v 0.091646 -0.103441 0.093032
v 0.091805 -0.103664 0.092933
v 0.091994 -0.100035 0.093810
v 0.091994 -0.100447 0.093784
v 0.077901 -0.106743 0.090721
v 0.087393 -0.106743 0.090721
v 0.074836 -0.108837 0.087045
v 0.075603 -0.108636 0.087632
v 0.077936 -0.108665 0.087582
v 0.077924 -0.108168 0.088693
v 0.082647 -0.106843 0.090641
v 0.082647 -0.109021 0.086435
v 0.075830 -0.103486 0.093028
v 0.077130 -0.103715 0.092938
v 0.078692 -0.103852 0.092890
v 0.080008 -0.104968 0.092262
v 0.077914 -0.102689 0.093357
v 0.087359 -0.108665 0.087582
v 0.081076 -0.103972 0.092849
v 0.087371 -0.108168 0.088693
v 0.090457 -0.108852 0.086998
v 0.089691 -0.108636 0.087632
v 0.082647 -0.103995 0.092841
v 0.081598 -0.102916 0.093307
v 0.089698 -0.108312 0.088382
v 0.085286 -0.104968 0.092262
v 0.084218 -0.103972 0.092849
v 0.083697 -0.102916 0.093307
v 0.086603 -0.103851 0.092890
v 0.088164 -0.103715 0.092938
v 0.087380 -0.102689 0.093357
v 0.089246 -0.103397 0.093068
v 0.073299 -0.099623 0.093819
v 0.063387 -0.099623 0.093819
v 0.063387 -0.101299 0.093673
v 0.063387 -0.102924 0.093237
v 0.063387 -0.104449 0.092526
v 0.063387 -0.105827 0.091561
v 0.063387 -0.107016 0.090371
v 0.063387 -0.107981 0.088993
v 0.063387 -0.108692 0.087468
v 0.063387 -0.109128 0.085843
v 0.063387 -0.109275 0.084167
v 0.073299 -0.109275 0.084167
v 0.073299 -0.101299 0.093673
v 0.073299 -0.102924 0.093237
v 0.073299 -0.104449 0.092526
v 0.073299 -0.105827 0.091561
v 0.073299 -0.107016 0.090371
v 0.073299 -0.107981 0.088993
v 0.073299 -0.108692 0.087468
v 0.073299 -0.109128 0.085843
v 0.061897 -0.100265 0.093819
v 0.062229 -0.100238 0.093819
v 0.062552 -0.100157 0.093819
v 0.062858 -0.100025 0.093819
v 0.063139 -0.099845 0.093819
v 0.063387 -0.099623 0.093819
v 0.060407 -0.099623 0.093819
v 0.060655 -0.099845 0.093819
v 0.060935 -0.100025 0.093819
v 0.061241 -0.100157 0.093819
v 0.061565 -0.100238 0.093819
v 0.060407 -0.101299 0.093673
v 0.060407 -0.102924 0.093237
v 0.060407 -0.104449 0.092526
v 0.060407 -0.105827 0.091561
v 0.060407 -0.107016 0.090371
v 0.060407 -0.107981 0.088993
v 0.060407 -0.108692 0.087468
v 0.060407 -0.109128 0.085843
v 0.060407 -0.109275 0.084167
v 0.063387 -0.109275 0.084167
v 0.063387 -0.101299 0.093673
v 0.063387 -0.102924 0.093237
v 0.063387 -0.104449 0.092526
v 0.063387 -0.105827 0.091561
v 0.063387 -0.107016 0.090371
v 0.063387 -0.107981 0.088993
v 0.063387 -0.108692 0.087468
v 0.063387 -0.109128 0.085843
v 0.061420 -0.106648 0.090804
v 0.062790 -0.106589 0.090857
v 0.061896 -0.104823 0.092320
v 0.061896 -0.104122 0.092727
v 0.061896 -0.103400 0.093071
v 0.061896 -0.102636 0.093358
v 0.061896 -0.101868 0.093576
v 0.060407 -0.099623 0.093819
v 0.060407 -0.101299 0.093673
v 0.060407 -0.102924 0.093237
v 0.060407 -0.104449 0.092526
v 0.060407 -0.105827 0.091561
v 0.060407 -0.107016 0.090371
v 0.060407 -0.107981 0.088993
v 0.060407 -0.108692 0.087468
v 0.060407 -0.109128 0.085843
v 0.060407 -0.109275 0.084167
v 0.039417 -0.099623 0.093819
v 0.039417 -0.109275 0.084167
v 0.039417 -0.109128 0.085843
v 0.039417 -0.108692 0.087468
v 0.039417 -0.107981 0.088993
v 0.039417 -0.107016 0.090371
v 0.039417 -0.105827 0.091561
v 0.039417 -0.104449 0.092526
v 0.039417 -0.102924 0.093237
v 0.039417 -0.101299 0.093673
v 0.038147 -0.109275 0.089279
v 0.038266 -0.109275 0.088001
v 0.038758 -0.109275 0.086061
v 0.039417 -0.109275 0.084167
v 0.038147 -0.099623 0.095089
v 0.038147 -0.101307 0.094959
v 0.038147 -0.102951 0.094570
v 0.038147 -0.104515 0.093932
v 0.038147 -0.105962 0.093061
v 0.038147 -0.107258 0.091977
v 0.038147 -0.108371 0.090706
v 0.039417 -0.099623 0.093819
v 0.039196 -0.099623 0.093838
v 0.038983 -0.099623 0.093896
v 0.038782 -0.099623 0.093989
v 0.038601 -0.099623 0.094116
v 0.038444 -0.099623 0.094273
v 0.038317 -0.099623 0.094454
v 0.038223 -0.099623 0.094655
v 0.038166 -0.099623 0.094869
v 0.039417 -0.109128 0.085843
v 0.039417 -0.108692 0.087468
v 0.039417 -0.107981 0.088993
v 0.039417 -0.107016 0.090371
v 0.039417 -0.105827 0.091561
v 0.039417 -0.104449 0.092526
v 0.039417 -0.102924 0.093237
v 0.039417 -0.101299 0.093673
v 0.038983 -0.109203 0.085857
v 0.039196 -0.109147 0.085847
v 0.038601 -0.108972 0.087570
v 0.038758 -0.108865 0.087531
v 0.038983 -0.108764 0.087495
v 0.038166 -0.109080 0.089176
v 0.039196 -0.108711 0.087475
v 0.038223 -0.108891 0.089076
v 0.038317 -0.108713 0.088982
v 0.038444 -0.108553 0.088897
v 0.038601 -0.108415 0.088823
v 0.038758 -0.108315 0.088771
v 0.038983 -0.108220 0.088720
v 0.039196 -0.108169 0.088693
v 0.038166 -0.108194 0.090574
v 0.038223 -0.108023 0.090446
v 0.038317 -0.107862 0.090326
v 0.038444 -0.107717 0.090217
v 0.038601 -0.107592 0.090124
v 0.038758 -0.107501 0.090056
v 0.038983 -0.107415 0.089992
v 0.039196 -0.107369 0.089957
v 0.038166 -0.107104 0.091819
v 0.038223 -0.106954 0.091666
v 0.038317 -0.106814 0.091523
v 0.038444 -0.106687 0.091393
v 0.038166 -0.106501 0.092365
v 0.038601 -0.106578 0.091281
v 0.038223 -0.106364 0.092201
v 0.038758 -0.106499 0.091200
v 0.038317 -0.106235 0.092047
v 0.038983 -0.106424 0.091124
v 0.038444 -0.106118 0.091909
v 0.039196 -0.106384 0.091083
v 0.038166 -0.105834 0.092881
v 0.038601 -0.106018 0.091789
v 0.038223 -0.105710 0.092707
v 0.038758 -0.105945 0.091702
v 0.038317 -0.105594 0.092544
v 0.038983 -0.105876 0.091620
v 0.038444 -0.105488 0.092396
v 0.039196 -0.105839 0.091576
v 0.038601 -0.105398 0.092269
v 0.038166 -0.104973 0.093435
v 0.038758 -0.105332 0.092177
v 0.038223 -0.104866 0.093250
v 0.038983 -0.105270 0.092089
v 0.038317 -0.104766 0.093076
v 0.039196 -0.105236 0.092042
v 0.038444 -0.104675 0.092919
v 0.038601 -0.104597 0.092783
v 0.038758 -0.104541 0.092685
v 0.038983 -0.104487 0.092592
v 0.039196 -0.104458 0.092543
v 0.038223 -0.103210 0.094022
v 0.038317 -0.103141 0.093834
v 0.038444 -0.103079 0.093663
v 0.038601 -0.103025 0.093516
v 0.038758 -0.102987 0.093410
v 0.038983 -0.102950 0.093309
v 0.039196 -0.102930 0.093255
v 0.038166 -0.101481 0.094706
v 0.038223 -0.101444 0.094495
v 0.038317 -0.101409 0.094298
v 0.038444 -0.101377 0.094119
v 0.038601 -0.101350 0.093965
v 0.038758 -0.101331 0.093854
v 0.038983 -0.101312 0.093748
v 0.039196 -0.101302 0.093692
v 0.039417 -0.099623 0.093819
v 0.039196 -0.099623 0.093838
v 0.038983 -0.099623 0.093896
v 0.038782 -0.099623 0.093989
v 0.038601 -0.099623 0.094116
v 0.038444 -0.099623 0.094273
v 0.038317 -0.099623 0.094454
v 0.038223 -0.099623 0.094655
v 0.038166 -0.099623 0.094869
v 0.038147 -0.099623 0.095089
v 0.038147 -0.062275 0.095089
v 0.039417 -0.062275 0.093819
v 0.039218 -0.062275 0.093835
v 0.039024 -0.062275 0.093881
v 0.038840 -0.062275 0.093958
v 0.038670 -0.062275 0.094062
v 0.038519 -0.062275 0.094191
v 0.038389 -0.062275 0.094343
v 0.038285 -0.062275 0.094513
v 0.038209 -0.062275 0.094697
v 0.038163 -0.062275 0.094890
v 0.039417 -0.062275 0.093819
v 0.039218 -0.062275 0.093835
v 0.039024 -0.062275 0.093881
v 0.038840 -0.062275 0.093958
v 0.038670 -0.062275 0.094062
v 0.038519 -0.062275 0.094191
v 0.038389 -0.062275 0.094343
v 0.038285 -0.062275 0.094513
v 0.038209 -0.062275 0.094697
v 0.038163 -0.062275 0.094890
v 0.038147 -0.062275 0.095089
v 0.127147 -0.062275 0.095089
v 0.126471 -0.054547 0.095089
v 0.124463 -0.047055 0.095089
v 0.121185 -0.040025 0.095089
v 0.116736 -0.033671 0.095089
v 0.111251 -0.028186 0.095089
v 0.104897 -0.023736 0.095089
v 0.097867 -0.020458 0.095089
v 0.090374 -0.018451 0.095089
v 0.082647 -0.017775 0.095089
v 0.074920 -0.018451 0.095089
v 0.067427 -0.020458 0.095089
v 0.060397 -0.023736 0.095089
v 0.054043 -0.028186 0.095089
v 0.048558 -0.033671 0.095089
v 0.044109 -0.040025 0.095089
v 0.040831 -0.047055 0.095089
v 0.038823 -0.054547 0.095089
v 0.125877 -0.062275 0.093819
v 0.126097 -0.062275 0.093838
v 0.126311 -0.062275 0.093896
v 0.126512 -0.062275 0.093989
v 0.126693 -0.062275 0.094116
v 0.126850 -0.062275 0.094273
v 0.126977 -0.062275 0.094454
v 0.127070 -0.062275 0.094655
v 0.127128 -0.062275 0.094869
v 0.124680 -0.052174 0.093819
v 0.125344 -0.055506 0.093819
v 0.125743 -0.058880 0.093819
v 0.124099 -0.050005 0.093819
v 0.124321 -0.050237 0.093828
v 0.124438 -0.050396 0.093838
v 0.124540 -0.050566 0.093848
v 0.124641 -0.050783 0.093857
v 0.124704 -0.050970 0.093860
v 0.124749 -0.051163 0.093858
v 0.124780 -0.051418 0.093850
v 0.124781 -0.051615 0.093840
v 0.124761 -0.051832 0.093829
v 0.124728 -0.052004 0.093822
v 0.105227 -0.025410 0.093819
v 0.110373 -0.029106 0.093819
v 0.114923 -0.033515 0.093819
v 0.118780 -0.038542 0.093819
v 0.121861 -0.044078 0.093819
v 0.103397 -0.024285 0.093820
v 0.103734 -0.024312 0.093834
v 0.104063 -0.024396 0.093851
v 0.104372 -0.024531 0.093860
v 0.104655 -0.024716 0.093855
v 0.104904 -0.024945 0.093840
v 0.105081 -0.025166 0.093826
v 0.103283 -0.024288 0.093819
v 0.072546 -0.020241 0.093819
v 0.078798 -0.019216 0.093819
v 0.085134 -0.019116 0.093819
v 0.091415 -0.019943 0.093819
v 0.097509 -0.021679 0.093819
v 0.071906 -0.020139 0.093845
v 0.072121 -0.020150 0.093833
v 0.072336 -0.020184 0.093823
v 0.070378 -0.020822 0.093819
v 0.070584 -0.020622 0.093826
v 0.070816 -0.020453 0.093841
v 0.071070 -0.020317 0.093854
v 0.071338 -0.020219 0.093860
v 0.071620 -0.020159 0.093856
v 0.045782 -0.039695 0.093819
v 0.049479 -0.034549 0.093819
v 0.053888 -0.029999 0.093819
v 0.058914 -0.026142 0.093819
v 0.064451 -0.023061 0.093819
v 0.044660 -0.041639 0.093819
v 0.044667 -0.041319 0.093828
v 0.044696 -0.041124 0.093838
v 0.044745 -0.040931 0.093848
v 0.044827 -0.040706 0.093857
v 0.044915 -0.040529 0.093860
v 0.045019 -0.040361 0.093858
v 0.045178 -0.040159 0.093850
v 0.045316 -0.040018 0.093840
v 0.045483 -0.039880 0.093829
v 0.045629 -0.039781 0.093822
v 0.040010 -0.055137 0.093819
v 0.041774 -0.048194 0.093819
v 0.038773 -0.054929 0.094890
v 0.038819 -0.054937 0.094697
v 0.038894 -0.054950 0.094513
v 0.038997 -0.054967 0.094343
v 0.039125 -0.054988 0.094191
v 0.039274 -0.055013 0.094062
v 0.039442 -0.055041 0.093958
v 0.039623 -0.055072 0.093881
v 0.039782 -0.055098 0.093840
v 0.039954 -0.055127 0.093820
v 0.040704 -0.047826 0.094513
v 0.040803 -0.047860 0.094343
v 0.040925 -0.047902 0.094191
v 0.041068 -0.047951 0.094062
v 0.041229 -0.048007 0.093958
v 0.041403 -0.048067 0.093881
v 0.041556 -0.048119 0.093840
v 0.041720 -0.048176 0.093820
v 0.043757 -0.041148 0.094343
v 0.043871 -0.041210 0.094191
v 0.044005 -0.040237 0.094890
v 0.044004 -0.041283 0.094062
v 0.044045 -0.040260 0.094697
v 0.044153 -0.041364 0.093958
v 0.044111 -0.040298 0.094513
v 0.044315 -0.041452 0.093881
v 0.044202 -0.040350 0.094343
v 0.044457 -0.041529 0.093840
v 0.044314 -0.040414 0.094191
v 0.044610 -0.041611 0.093820
v 0.044446 -0.040489 0.094062
v 0.044594 -0.040573 0.093958
v 0.044753 -0.040664 0.093881
v 0.044651 -0.039378 0.094513
v 0.044740 -0.039432 0.094343
v 0.044851 -0.039499 0.094191
v 0.044981 -0.039577 0.094062
v 0.045126 -0.039664 0.093958
v 0.045284 -0.039760 0.093881
v 0.045422 -0.039843 0.093840
v 0.048516 -0.033744 0.094890
v 0.048552 -0.033774 0.094697
v 0.048611 -0.033823 0.094513
v 0.048690 -0.033890 0.094343
v 0.048790 -0.033973 0.094191
v 0.048906 -0.034070 0.094062
v 0.049036 -0.034179 0.093958
v 0.049178 -0.034297 0.093881
v 0.049301 -0.034401 0.093840
v 0.049435 -0.034512 0.093820
v 0.053204 -0.029232 0.094343
v 0.053290 -0.029328 0.094191
v 0.053391 -0.029441 0.094062
v 0.053504 -0.029568 0.093958
v 0.054053 -0.028198 0.094890
v 0.053627 -0.029706 0.093881
v 0.054083 -0.028233 0.094697
v 0.053734 -0.029826 0.093840
v 0.054132 -0.028292 0.094513
v 0.053849 -0.029956 0.093820
v 0.054199 -0.028371 0.094343
v 0.054282 -0.028471 0.094191
v 0.054379 -0.028587 0.094062
v 0.054489 -0.028717 0.093958
v 0.054607 -0.028858 0.093881
v 0.054711 -0.028981 0.093840
v 0.058421 -0.025391 0.094191
v 0.058504 -0.025518 0.094062
v 0.058598 -0.025660 0.093958
v 0.058699 -0.025814 0.093881
v 0.058787 -0.025948 0.093840
v 0.058883 -0.026094 0.093820
v 0.060405 -0.023750 0.094890
v 0.060428 -0.023790 0.094697
v 0.060466 -0.023856 0.094513
v 0.060518 -0.023947 0.094343
v 0.060583 -0.024059 0.094191
v 0.060659 -0.024190 0.094062
v 0.060744 -0.024337 0.093958
v 0.060836 -0.024496 0.093881
v 0.060916 -0.024636 0.093840
v 0.064073 -0.022246 0.094191
v 0.064136 -0.022384 0.094062
v 0.064208 -0.022538 0.093958
v 0.064285 -0.022705 0.093881
v 0.064353 -0.022851 0.093840
v 0.064426 -0.023009 0.093820
v 0.067432 -0.020473 0.094890
v 0.067448 -0.020517 0.094697
v 0.067474 -0.020588 0.094513
v 0.067510 -0.020686 0.094343
v 0.067554 -0.020808 0.094191
v 0.067606 -0.020950 0.094062
v 0.067664 -0.021110 0.093958
v 0.067727 -0.021283 0.093881
v 0.067782 -0.021434 0.093840
v 0.070057 -0.019737 0.094513
v 0.070086 -0.019837 0.094343
v 0.070123 -0.019961 0.094191
v 0.070166 -0.020106 0.094062
v 0.070214 -0.020269 0.093958
v 0.071108 -0.019361 0.094697
v 0.070266 -0.020446 0.093881
v 0.071127 -0.019435 0.094513
v 0.070312 -0.020600 0.093840
v 0.071154 -0.019535 0.094343
v 0.070361 -0.020767 0.093820
v 0.071188 -0.019660 0.094191
v 0.072062 -0.019068 0.094890
v 0.071227 -0.019807 0.094062
v 0.072073 -0.019113 0.094697
v 0.071272 -0.019971 0.093958
v 0.072091 -0.019187 0.094513
v 0.071319 -0.020149 0.093881
v 0.072116 -0.019288 0.094343
v 0.072147 -0.019414 0.094191
v 0.072183 -0.019561 0.094062
v 0.072224 -0.019726 0.093958
v 0.072267 -0.019905 0.093881
v 0.072306 -0.020062 0.093840
v 0.074922 -0.018466 0.094890
v 0.074930 -0.018512 0.094697
v 0.074944 -0.018587 0.094513
v 0.074962 -0.018690 0.094343
v 0.074984 -0.018817 0.094191
v 0.075010 -0.018966 0.094062
v 0.075040 -0.019134 0.093958
v 0.075072 -0.019315 0.093881
v 0.075100 -0.019474 0.093840
v 0.078719 -0.018322 0.094191
v 0.078732 -0.018473 0.094062
v 0.078747 -0.018642 0.093958
v 0.078764 -0.018825 0.093881
v 0.078778 -0.018986 0.093840
v 0.078793 -0.019159 0.093820
v 0.082647 -0.017790 0.094890
v 0.082647 -0.017837 0.094697
v 0.082647 -0.017913 0.094513
v 0.082647 -0.018017 0.094343
v 0.082647 -0.018147 0.094191
v 0.082647 -0.018298 0.094062
v 0.082647 -0.018468 0.093958
v 0.082647 -0.018652 0.093881
v 0.082647 -0.018813 0.093840
v 0.085185 -0.018220 0.094191
v 0.085176 -0.018371 0.094062
v 0.085167 -0.018541 0.093958
v 0.085156 -0.018724 0.093881
v 0.085147 -0.018885 0.093840
v 0.085137 -0.019059 0.093820
v 0.090372 -0.018466 0.094890
v 0.090363 -0.018512 0.094697
v 0.090350 -0.018587 0.094513
v 0.090332 -0.018690 0.094343
v 0.090310 -0.018817 0.094191
v 0.090283 -0.018966 0.094062
v 0.090254 -0.019134 0.093958
v 0.090222 -0.019315 0.093881
v 0.090194 -0.019474 0.093840
v 0.091624 -0.018937 0.094343
v 0.091597 -0.019064 0.094191
v 0.091567 -0.019212 0.094062
v 0.091532 -0.019379 0.093958
v 0.091495 -0.019559 0.093881
v 0.091462 -0.019717 0.093840
v 0.091427 -0.019887 0.093820
v 0.097861 -0.020473 0.094890
v 0.097846 -0.020517 0.094697
v 0.097819 -0.020588 0.094513
v 0.097784 -0.020686 0.094343
v 0.097740 -0.020808 0.094191
v 0.097688 -0.020950 0.094062
v 0.097630 -0.021110 0.093958
v 0.097567 -0.021283 0.093881
v 0.097512 -0.021434 0.093840
v 0.103773 -0.023385 0.094343
v 0.103711 -0.023499 0.094191
v 0.103639 -0.023632 0.094062
v 0.104838 -0.023721 0.094890
v 0.103558 -0.023781 0.093958
v 0.104815 -0.023761 0.094697
v 0.103470 -0.023943 0.093881
v 0.104777 -0.023827 0.094513
v 0.103393 -0.024085 0.093840
v 0.104725 -0.023917 0.094343
v 0.103310 -0.024237 0.093820
v 0.104660 -0.024029 0.094191
v 0.104585 -0.024161 0.094062
v 0.104500 -0.024308 0.093958
v 0.105598 -0.024311 0.094513
v 0.104408 -0.024468 0.093881
v 0.105544 -0.024400 0.094343
v 0.105477 -0.024511 0.094191
v 0.105398 -0.024641 0.094062
v 0.105310 -0.024786 0.093958
v 0.105215 -0.024944 0.093881
v 0.105132 -0.025082 0.093840
v 0.111177 -0.028144 0.094890
v 0.111147 -0.028180 0.094697
v 0.111098 -0.028238 0.094513
v 0.111031 -0.028318 0.094343
v 0.110948 -0.028417 0.094191
v 0.110851 -0.028534 0.094062
v 0.110742 -0.028664 0.093958
v 0.110624 -0.028805 0.093881
v 0.110521 -0.028929 0.093840
v 0.110409 -0.029062 0.093820
v 0.115690 -0.032832 0.094343
v 0.115593 -0.032918 0.094191
v 0.115480 -0.033019 0.094062
v 0.115353 -0.033132 0.093958
v 0.116724 -0.033681 0.094890
v 0.115216 -0.033254 0.093881
v 0.116688 -0.033710 0.094697
v 0.115095 -0.033361 0.093840
v 0.116630 -0.033760 0.094513
v 0.114966 -0.033477 0.093820
v 0.116550 -0.033826 0.094343
v 0.116451 -0.033910 0.094191
v 0.116335 -0.034007 0.094062
v 0.116205 -0.034116 0.093958
v 0.116064 -0.034235 0.093881
v 0.115940 -0.034338 0.093840
v 0.119530 -0.038049 0.094191
v 0.119404 -0.038132 0.094062
v 0.119262 -0.038225 0.093958
v 0.119108 -0.038326 0.093881
v 0.118973 -0.038415 0.093840
v 0.118828 -0.038510 0.093820
v 0.121171 -0.040032 0.094890
v 0.121131 -0.040056 0.094697
v 0.121065 -0.040094 0.094513
v 0.120975 -0.040146 0.094343
v 0.120863 -0.040211 0.094191
v 0.120732 -0.040286 0.094062
v 0.120585 -0.040371 0.093958
v 0.120425 -0.040463 0.093881
v 0.120285 -0.040544 0.093840
v 0.122675 -0.043700 0.094191
v 0.122538 -0.043764 0.094062
v 0.122384 -0.043836 0.093958
v 0.122217 -0.043913 0.093881
v 0.122070 -0.043981 0.093840
v 0.121913 -0.044054 0.093820
v 0.124449 -0.047060 0.094890
v 0.124405 -0.047076 0.094697
v 0.124333 -0.047102 0.094513
v 0.124235 -0.047138 0.094343
v 0.124114 -0.047182 0.094191
v 0.123971 -0.047234 0.094062
v 0.123812 -0.047292 0.093958
v 0.123639 -0.047355 0.093881
v 0.123487 -0.047410 0.093840
v 0.125184 -0.049684 0.094513
v 0.125084 -0.049714 0.094343
v 0.124960 -0.049751 0.094191
v 0.124815 -0.049794 0.094062
v 0.125509 -0.050546 0.094697
v 0.124652 -0.049842 0.093958
v 0.125435 -0.050566 0.094513
v 0.124476 -0.049894 0.093881
v 0.125335 -0.050593 0.094343
v 0.124321 -0.049940 0.093840
v 0.125210 -0.050627 0.094191
v 0.124154 -0.049989 0.093820
v 0.125064 -0.050667 0.094062
v 0.125824 -0.051568 0.094890
v 0.124900 -0.050712 0.093958
v 0.125778 -0.051579 0.094697
v 0.124722 -0.050761 0.093881
v 0.125704 -0.051598 0.094513
v 0.125603 -0.051623 0.094343
v 0.125478 -0.051654 0.094191
v 0.125331 -0.051690 0.094062
v 0.125166 -0.051731 0.093958
v 0.124987 -0.051776 0.093881
v 0.124831 -0.051814 0.093840
v 0.126455 -0.054550 0.094890
v 0.126410 -0.054558 0.094697
v 0.126335 -0.054571 0.094513
v 0.126232 -0.054589 0.094343
v 0.126105 -0.054612 0.094191
v 0.125955 -0.054638 0.094062
v 0.125788 -0.054668 0.093958
v 0.125607 -0.054700 0.093881
v 0.125448 -0.054728 0.093840
v 0.126639 -0.058809 0.094191
v 0.126488 -0.058821 0.094062
v 0.126318 -0.058834 0.093958
v 0.126135 -0.058849 0.093881
v 0.125974 -0.058862 0.093840
v 0.125801 -0.058875 0.093820
v 0.125877 -0.062275 0.093819
v 0.126097 -0.062275 0.093838
v 0.126311 -0.062275 0.093896
v 0.126512 -0.062275 0.093989
v 0.126693 -0.062275 0.094116
v 0.126850 -0.062275 0.094273
v 0.126977 -0.062275 0.094454
v 0.127070 -0.062275 0.094655
v 0.127128 -0.062275 0.094869
v 0.127147 -0.062275 0.095089
v 0.127147 -0.099623 0.095089
v 0.125877 -0.099623 0.093819
v 0.126097 -0.099623 0.093838
v 0.126311 -0.099623 0.093896
v 0.126512 -0.099623 0.093989
v 0.126693 -0.099623 0.094116
v 0.126850 -0.099623 0.094273
v 0.126977 -0.099623 0.094454
v 0.127070 -0.099623 0.094655
v 0.127128 -0.099623 0.094869
v 0.125877 -0.099623 0.093819
v 0.126097 -0.099623 0.093838
v 0.126311 -0.099623 0.093896
v 0.126512 -0.099623 0.093989
v 0.126693 -0.099623 0.094116
v 0.126850 -0.099623 0.094273
v 0.126977 -0.099623 0.094454
v 0.127070 -0.099623 0.094655
v 0.127128 -0.099623 0.094869
v 0.127147 -0.099623 0.095089
v 0.127147 -0.110545 0.084167
v 0.127147 -0.110379 0.086064
v 0.127147 -0.109886 0.087903
v 0.127147 -0.109081 0.089628
v 0.127147 -0.107989 0.091188
v 0.127147 -0.106643 0.092534
v 0.127147 -0.105084 0.093626
v 0.127147 -0.103358 0.094430
v 0.127147 -0.101519 0.094923
v 0.125877 -0.109275 0.084167
v 0.126097 -0.109294 0.084167
v 0.126311 -0.109351 0.084167
v 0.126512 -0.109445 0.084167
v 0.126693 -0.109572 0.084167
v 0.126850 -0.109728 0.084167
v 0.126977 -0.109910 0.084167
v 0.127070 -0.110110 0.084167
v 0.127128 -0.110324 0.084167
v 0.125877 -0.101299 0.093673
v 0.125877 -0.102924 0.093237
v 0.125877 -0.104449 0.092526
v 0.125877 -0.105827 0.091561
v 0.125877 -0.107016 0.090371
v 0.125877 -0.107981 0.088993
v 0.125877 -0.108692 0.087468
v 0.125877 -0.109128 0.085843
v 0.127128 -0.101481 0.094706
v 0.127070 -0.101444 0.094495
v 0.126977 -0.101409 0.094298
v 0.126850 -0.101377 0.094119
v 0.126693 -0.101350 0.093965
v 0.126512 -0.101328 0.093840
v 0.126311 -0.101312 0.093748
v 0.126097 -0.101302 0.093692
v 0.127128 -0.103283 0.094223
v 0.127070 -0.103210 0.094022
v 0.126977 -0.103141 0.093834
v 0.126850 -0.103079 0.093663
v 0.126693 -0.103025 0.093516
v 0.126512 -0.102982 0.093397
v 0.126311 -0.102950 0.093309
v 0.126097 -0.102930 0.093255
v 0.127128 -0.104973 0.093435
v 0.127070 -0.104866 0.093250
v 0.126977 -0.104766 0.093076
v 0.126850 -0.104675 0.092919
v 0.126693 -0.104597 0.092783
v 0.126512 -0.104534 0.092673
v 0.126311 -0.104487 0.092592
v 0.126097 -0.104458 0.092543
v 0.127128 -0.106501 0.092365
v 0.127070 -0.106364 0.092201
v 0.126977 -0.106235 0.092047
v 0.126850 -0.106118 0.091909
v 0.126693 -0.106018 0.091789
v 0.126512 -0.105936 0.091691
v 0.126311 -0.105876 0.091620
v 0.126097 -0.105839 0.091576
v 0.127128 -0.107820 0.091046
v 0.127070 -0.107657 0.090908
v 0.126977 -0.107503 0.090780
v 0.126850 -0.107364 0.090663
v 0.126693 -0.107244 0.090562
v 0.126512 -0.107147 0.090481
v 0.126311 -0.107075 0.090421
v 0.126097 -0.107031 0.090384
v 0.127128 -0.108890 0.089518
v 0.127070 -0.108705 0.089411
v 0.126977 -0.108531 0.089311
v 0.126850 -0.108374 0.089220
v 0.126693 -0.108239 0.089142
v 0.126512 -0.108129 0.089078
v 0.126311 -0.108048 0.089031
v 0.126097 -0.107998 0.089003
v 0.127128 -0.109679 0.087827
v 0.127070 -0.109478 0.087754
v 0.126977 -0.109289 0.087686
v 0.126850 -0.109119 0.087624
v 0.126693 -0.108972 0.087570
v 0.126512 -0.108852 0.087527
v 0.126311 -0.108764 0.087495
v 0.126097 -0.108711 0.087475
v 0.127128 -0.110161 0.086025
v 0.127070 -0.109951 0.085988
v 0.126977 -0.109753 0.085953
v 0.126850 -0.109575 0.085922
v 0.126693 -0.109421 0.085895
v 0.126512 -0.109296 0.085873
v 0.126311 -0.109203 0.085857
v 0.126097 -0.109147 0.085847
v 0.125877 -0.238815 -0.039540
v 0.126075 -0.238807 -0.039525
v 0.126270 -0.238786 -0.039478
v 0.126454 -0.238751 -0.039401
v 0.125877 -0.110545 -0.039540
v 0.127147 -0.110545 -0.038270
v 0.127128 -0.110545 -0.038491
v 0.127070 -0.110545 -0.038705
v 0.126977 -0.110545 -0.038905
v 0.126850 -0.110545 -0.039087
v 0.126693 -0.110545 -0.039243
v 0.126512 -0.110545 -0.039370
v 0.126311 -0.110545 -0.039464
v 0.126097 -0.110545 -0.039521
v 0.127147 -0.238471 -0.038270
v 0.127134 -0.238541 -0.038449
v 0.127113 -0.238576 -0.038560
v 0.127082 -0.238605 -0.038671
v 0.127030 -0.238633 -0.038803
v 0.126976 -0.238652 -0.038907
v 0.126912 -0.238667 -0.039006
v 0.126815 -0.238685 -0.039126
v 0.126690 -0.238705 -0.039245
v 0.126576 -0.238726 -0.039330
v 0.125877 -0.109275 0.084167
v 0.126097 -0.109294 0.084167
v 0.126311 -0.109351 0.084167
v 0.126512 -0.109445 0.084167
v 0.126693 -0.109572 0.084167
v 0.126850 -0.109728 0.084167
v 0.126977 -0.109910 0.084167
v 0.127070 -0.110110 0.084167
v 0.127128 -0.110324 0.084167
v 0.127147 -0.110545 0.084167
v 0.127147 -0.110545 -0.038270
v 0.125877 -0.109275 -0.038270
v 0.126097 -0.109294 -0.038270
v 0.126311 -0.109351 -0.038270
v 0.126512 -0.109445 -0.038270
v 0.126693 -0.109572 -0.038270
v 0.126850 -0.109728 -0.038270
v 0.126977 -0.109910 -0.038270
v 0.127070 -0.110110 -0.038270
v 0.127128 -0.110324 -0.038270
v 0.125877 -0.109275 -0.038270
v 0.125877 -0.109275 -0.038270
v 0.126097 -0.109294 -0.038270
v 0.126311 -0.109351 -0.038270
v 0.126512 -0.109445 -0.038270
v 0.126693 -0.109572 -0.038270
v 0.126850 -0.109728 -0.038270
v 0.126977 -0.109910 -0.038270
v 0.127070 -0.110110 -0.038270
v 0.127128 -0.110324 -0.038270
v 0.127147 -0.110545 -0.038270
v 0.127128 -0.110545 -0.038491
v 0.127070 -0.110545 -0.038705
v 0.126977 -0.110545 -0.038905
v 0.126850 -0.110545 -0.039087
v 0.126693 -0.110545 -0.039243
v 0.126512 -0.110545 -0.039370
v 0.126311 -0.110545 -0.039464
v 0.126097 -0.110545 -0.039521
v 0.125877 -0.110545 -0.039540
v 0.125877 -0.109294 -0.038491
v 0.125877 -0.109351 -0.038705
v 0.125877 -0.109445 -0.038905
v 0.125877 -0.109572 -0.039087
v 0.125877 -0.109728 -0.039243
v 0.125877 -0.109910 -0.039370
v 0.125877 -0.110110 -0.039464
v 0.125877 -0.110324 -0.039521
v 0.125909 -0.109306 -0.038551
v 0.125970 -0.109306 -0.038537
v 0.126027 -0.109306 -0.038509
v 0.126000 -0.109400 -0.038807
v 0.126077 -0.109306 -0.038470
v 0.126116 -0.109400 -0.038767
v 0.125966 -0.109552 -0.039057
v 0.126116 -0.109306 -0.038421
v 0.126220 -0.109400 -0.038701
v 0.126138 -0.109552 -0.039018
v 0.126144 -0.109306 -0.038364
v 0.126308 -0.109400 -0.038614
v 0.126298 -0.109552 -0.038941
v 0.126098 -0.109753 -0.039238
v 0.126158 -0.109306 -0.038302
v 0.126373 -0.109400 -0.038509
v 0.126437 -0.109552 -0.038830
v 0.126308 -0.109753 -0.039165
v 0.126005 -0.109994 -0.039407
v 0.126414 -0.109400 -0.038393
v 0.126547 -0.109552 -0.038691
v 0.126496 -0.109753 -0.039047
v 0.126255 -0.109994 -0.039350
v 0.126624 -0.109552 -0.038532
v 0.126653 -0.109753 -0.038889
v 0.126486 -0.109994 -0.039239
v 0.126152 -0.110262 -0.039477
v 0.126664 -0.109552 -0.038359
v 0.126771 -0.109753 -0.038701
v 0.126686 -0.109994 -0.039079
v 0.126414 -0.110262 -0.039386
v 0.126845 -0.109753 -0.038491
v 0.126846 -0.109994 -0.038879
v 0.126649 -0.110262 -0.039238
v 0.126957 -0.109994 -0.038648
v 0.126845 -0.110262 -0.039042
v 0.127014 -0.109994 -0.038398
v 0.126992 -0.110262 -0.038807
v 0.127084 -0.110262 -0.038546
v 0.125877 -0.109275 -0.038270
v 0.125877 -0.109294 -0.038491
v 0.125877 -0.109351 -0.038705
v 0.125877 -0.109445 -0.038905
v 0.125877 -0.109572 -0.039087
v 0.125877 -0.109728 -0.039243
v 0.125877 -0.109910 -0.039370
v 0.125877 -0.110110 -0.039464
v 0.125877 -0.110324 -0.039521
v 0.125877 -0.110545 -0.039540
v 0.095976 -0.110545 -0.039540
v 0.097237 -0.109275 -0.038270
v 0.096955 -0.109307 -0.038556
v 0.096680 -0.109406 -0.038833
v 0.096471 -0.109537 -0.039044
v 0.096350 -0.109644 -0.039165
v 0.096226 -0.109787 -0.039290
v 0.096120 -0.109957 -0.039396
v 0.096053 -0.110112 -0.039464
v 0.096007 -0.110269 -0.039510
v 0.095984 -0.110405 -0.039532
v 0.097237 -0.109275 -0.038270
v 0.096955 -0.109307 -0.038556
v 0.096680 -0.109406 -0.038833
v 0.096471 -0.109537 -0.039044
v 0.096350 -0.109644 -0.039165
v 0.096226 -0.109787 -0.039290
v 0.096120 -0.109957 -0.039396
v 0.096053 -0.110112 -0.039464
v 0.096007 -0.110269 -0.039510
v 0.095984 -0.110405 -0.039532
v 0.095976 -0.110545 -0.039540
v 0.062189 -0.110545 0.027714
v 0.070666 -0.110545 0.020484
v 0.078110 -0.110545 0.012192
v 0.084388 -0.110545 0.002987
v 0.089390 -0.110545 -0.006969
v 0.093027 -0.110545 -0.017501
v 0.095236 -0.110545 -0.028423
v 0.062947 -0.109275 0.028733
v 0.062815 -0.109294 0.028556
v 0.062688 -0.109351 0.028385
v 0.062568 -0.109445 0.028224
v 0.062460 -0.109572 0.028078
v 0.062366 -0.109728 0.027953
v 0.062290 -0.109910 0.027851
v 0.062234 -0.110110 0.027776
v 0.062200 -0.110324 0.027730
v 0.096343 -0.109275 -0.027176
v 0.094010 -0.109275 -0.016293
v 0.090275 -0.109275 -0.005808
v 0.085205 -0.109275 0.004100
v 0.078885 -0.109275 0.013261
v 0.071423 -0.109275 0.021519
v 0.095255 -0.110324 -0.028420
v 0.095311 -0.110112 -0.028412
v 0.095379 -0.109957 -0.028403
v 0.095484 -0.109787 -0.028389
v 0.095607 -0.109644 -0.028373
v 0.095865 -0.109445 -0.028338
v 0.096064 -0.109351 -0.028312
v 0.096276 -0.109294 -0.028283
v 0.093046 -0.110324 -0.017496
v 0.093101 -0.110112 -0.017481
v 0.093166 -0.109957 -0.017463
v 0.093269 -0.109787 -0.017435
v 0.093389 -0.109644 -0.017403
v 0.093640 -0.109445 -0.017334
v 0.093834 -0.109351 -0.017282
v 0.094040 -0.109294 -0.017225
v 0.089408 -0.110324 -0.006962
v 0.089460 -0.110112 -0.006940
v 0.089523 -0.109957 -0.006913
v 0.089621 -0.109787 -0.006872
v 0.089735 -0.109644 -0.006824
v 0.089975 -0.109445 -0.006723
v 0.090160 -0.109351 -0.006645
v 0.090357 -0.109294 -0.006562
v 0.084405 -0.110324 0.002997
v 0.084454 -0.110112 0.003026
v 0.084512 -0.109957 0.003060
v 0.084604 -0.109787 0.003114
v 0.084711 -0.109644 0.003177
v 0.084935 -0.109445 0.003309
v 0.085108 -0.109351 0.003411
v 0.085292 -0.109294 0.003520
v 0.078125 -0.110324 0.012204
v 0.078170 -0.110112 0.012239
v 0.078223 -0.109957 0.012281
v 0.078307 -0.109787 0.012347
v 0.078405 -0.109644 0.012424
v 0.078609 -0.109445 0.012584
v 0.078767 -0.109351 0.012708
v 0.078936 -0.109294 0.012840
v 0.070680 -0.110324 0.020497
v 0.070719 -0.110112 0.020538
v 0.070767 -0.109957 0.020587
v 0.070841 -0.109787 0.020663
v 0.070928 -0.109644 0.020752
v 0.071110 -0.109445 0.020938
v 0.071250 -0.109351 0.021082
v 0.071399 -0.109294 0.021235
v 0.106763 -0.119276 -0.039540
v 0.106455 -0.119583 -0.039502
v 0.106203 -0.119835 -0.039410
v 0.105986 -0.120053 -0.039275
v 0.105815 -0.120224 -0.039115
v 0.105689 -0.120350 -0.038948
v 0.105601 -0.120437 -0.038784
v 0.105545 -0.120493 -0.038631
v 0.105510 -0.120529 -0.038478
v 0.105498 -0.120541 -0.038382
v 0.105493 -0.120546 -0.038287
v 0.106763 -0.227226 -0.039540
v 0.105493 -0.225956 -0.038287
v 0.105504 -0.225967 -0.038439
v 0.105535 -0.225998 -0.038594
v 0.105587 -0.226050 -0.038750
v 0.105661 -0.226124 -0.038902
v 0.105756 -0.226219 -0.039044
v 0.105871 -0.226334 -0.039174
v 0.106002 -0.226465 -0.039287
v 0.106146 -0.226609 -0.039381
v 0.106299 -0.226762 -0.039452
v 0.106507 -0.226970 -0.039514
v 0.106637 -0.227100 -0.039534
v 0.062947 -0.109275 0.028733
v 0.062815 -0.109294 0.028556
v 0.062688 -0.109351 0.028385
v 0.062568 -0.109445 0.028224
v 0.062460 -0.109572 0.028078
v 0.062366 -0.109728 0.027953
v 0.062290 -0.109910 0.027851
v 0.062234 -0.110110 0.027776
v 0.062200 -0.110324 0.027730
v 0.062189 -0.110545 0.027714
v 0.036432 -0.102047 0.040694
v 0.041693 -0.105377 0.038910
v 0.047185 -0.107855 0.036615
v 0.052797 -0.109511 0.033774
v 0.057561 -0.110296 0.030922
v 0.037547 -0.101020 0.041910
v 0.037493 -0.101004 0.041696
v 0.037419 -0.101021 0.041489
v 0.037325 -0.101068 0.041294
v 0.037216 -0.101145 0.041118
v 0.037094 -0.101249 0.040966
v 0.036964 -0.101378 0.040843
v 0.036828 -0.101527 0.040752
v 0.036691 -0.101691 0.040696
v 0.036558 -0.101866 0.040676
v 0.056204 -0.108745 0.033386
v 0.049881 -0.107252 0.036925
v 0.044195 -0.104993 0.039516
v 0.040824 -0.103181 0.040812
v 0.059950 -0.110059 0.029413
v 0.056761 -0.109240 0.031908
v 0.056804 -0.109714 0.031518
v 0.056164 -0.109153 0.032281
v 0.054447 -0.109339 0.032948
v 0.051190 -0.108597 0.034757
v 0.051269 -0.108112 0.035083
v 0.049693 -0.107648 0.035895
v 0.048403 -0.107745 0.036158
v 0.045141 -0.106476 0.037638
v 0.042440 -0.105185 0.038739
v 0.042080 -0.104023 0.039793
v 0.043763 -0.104901 0.039131
v 0.039001 -0.102161 0.040892
v 0.061542 -0.109343 0.029199
v 0.058794 -0.109986 0.030198
v 0.058810 -0.109928 0.030214
v 0.060145 -0.109573 0.029658
v 0.060092 -0.109667 0.029588
v 0.060008 -0.109860 0.029483
v 0.059976 -0.109959 0.029444
v 0.060047 -0.109763 0.029530
v 0.057103 -0.109752 0.031328
v 0.058190 -0.109108 0.031533
v 0.056488 -0.108888 0.032628
v 0.056189 -0.108842 0.032814
v 0.055292 -0.109011 0.032812
v 0.054417 -0.108850 0.033332
v 0.055319 -0.108696 0.033347
v 0.053563 -0.109164 0.033458
v 0.053759 -0.108389 0.034265
v 0.051979 -0.108801 0.034336
v 0.050601 -0.107580 0.035986
v 0.049812 -0.107338 0.036388
v 0.047805 -0.107535 0.036442
v 0.048502 -0.107253 0.036480
v 0.049217 -0.107144 0.036685
v 0.046372 -0.106991 0.037100
v 0.045662 -0.106152 0.037782
v 0.047789 -0.106640 0.037372
v 0.044448 -0.105608 0.038300
v 0.043245 -0.105025 0.038791
v 0.044715 -0.105513 0.038451
v 0.044968 -0.105473 0.038632
v 0.042268 -0.104517 0.039173
v 0.041862 -0.104574 0.039113
v 0.041300 -0.103981 0.039538
v 0.041460 -0.104658 0.039111
v 0.040143 -0.103897 0.039590
v 0.041115 -0.103477 0.040152
v 0.039819 -0.102690 0.040613
v 0.038711 -0.102382 0.040447
v 0.038782 -0.102316 0.040532
v 0.038846 -0.102262 0.040620
v 0.038903 -0.102220 0.040709
v 0.038955 -0.102186 0.040800
v 0.039844 -0.102679 0.040668
v 0.037553 -0.102212 0.040459
v 0.061792 -0.109742 0.028359
v 0.061840 -0.109653 0.028422
v 0.060703 -0.109623 0.029239
v 0.060727 -0.109583 0.029271
v 0.058461 -0.109441 0.030807
v 0.057773 -0.109587 0.031049
v 0.057613 -0.109349 0.031363
v 0.053635 -0.108690 0.033784
v 0.053194 -0.108827 0.033819
v 0.052849 -0.108514 0.034226
v 0.048799 -0.107355 0.036336
v 0.047431 -0.107119 0.036771
v 0.047788 -0.106997 0.036820
v 0.047076 -0.106729 0.037150
v 0.040647 -0.103602 0.039777
v 0.040566 -0.103319 0.040066
v 0.039997 -0.103209 0.040008
v 0.038240 -0.102171 0.040515
v 0.038272 -0.102138 0.040548
v 0.038304 -0.102108 0.040581
v 0.037454 -0.101581 0.040797
v 0.061388 -0.110078 0.028408
v 0.057959 -0.109849 0.030777
v 0.052773 -0.108991 0.033902
v 0.037988 -0.101468 0.041223
v 0.037934 -0.101497 0.041116
v 0.037516 -0.101220 0.041214
v 0.061421 -0.109634 0.028740
v 0.037761 -0.101792 0.040706
v 0.105493 -0.225956 -0.038287
v 0.105504 -0.225967 -0.038439
v 0.105535 -0.225998 -0.038594
v 0.105587 -0.226050 -0.038750
v 0.105661 -0.226124 -0.038902
v 0.105756 -0.226219 -0.039044
v 0.105871 -0.226334 -0.039174
v 0.106002 -0.226465 -0.039287
v 0.106146 -0.226609 -0.039381
v 0.106299 -0.226762 -0.039452
v 0.106507 -0.226970 -0.039514
v 0.106637 -0.227100 -0.039534
v 0.106763 -0.227226 -0.039540
v 0.097237 -0.227226 -0.039540
v 0.097237 -0.225956 -0.038270
v 0.097237 -0.225975 -0.038491
v 0.097237 -0.226032 -0.038705
v 0.097237 -0.226126 -0.038905
v 0.097237 -0.226253 -0.039087
v 0.097237 -0.226409 -0.039243
v 0.097237 -0.226591 -0.039370
v 0.097237 -0.226791 -0.039464
v 0.097237 -0.227005 -0.039521
v 0.105493 -0.225956 -0.038270
v 0.105493 -0.120546 -0.038270
v 0.105493 -0.120546 -0.038287
v 0.097237 -0.120546 -0.038270
v 0.095976 -0.119276 -0.039540
v 0.095985 -0.119423 -0.039531
v 0.096010 -0.119565 -0.039506
v 0.096050 -0.119701 -0.039467
v 0.096102 -0.119828 -0.039414
v 0.096166 -0.119944 -0.039350
v 0.096239 -0.120049 -0.039277
v 0.096318 -0.120144 -0.039197
v 0.096434 -0.120253 -0.039082
v 0.096571 -0.120353 -0.038943
v 0.096715 -0.120431 -0.038798
v 0.096916 -0.120503 -0.038595
v 0.097076 -0.120535 -0.038433
v 0.106763 -0.119276 -0.039540
v 0.106455 -0.119583 -0.039502
v 0.106203 -0.119835 -0.039410
v 0.105986 -0.120053 -0.039275
v 0.105815 -0.120224 -0.039115
v 0.105689 -0.120350 -0.038948
v 0.105601 -0.120437 -0.038784
v 0.105545 -0.120493 -0.038631
v 0.105510 -0.120529 -0.038478
v 0.105498 -0.120541 -0.038382
v 0.037547 -0.101020 0.041910
v 0.037493 -0.101004 0.041696
v 0.037419 -0.101021 0.041489
v 0.037325 -0.101068 0.041294
v 0.037216 -0.101145 0.041118
v 0.037094 -0.101249 0.040966
v 0.036964 -0.101378 0.040843
v 0.036828 -0.101527 0.040752
v 0.036691 -0.101691 0.040696
v 0.036558 -0.101866 0.040676
v 0.036432 -0.102047 0.040694
v 0.013398 -0.094054 0.044280
v 0.019513 -0.094707 0.043965
v 0.025434 -0.096263 0.043229
v 0.030988 -0.098651 0.042144
v 0.033773 -0.100240 0.041452
v 0.012147 -0.092765 0.045550
v 0.012156 -0.092774 0.045402
v 0.012181 -0.092801 0.045260
v 0.012220 -0.092842 0.045125
v 0.012273 -0.092895 0.044998
v 0.012336 -0.092960 0.044882
v 0.012409 -0.093034 0.044777
v 0.012488 -0.093115 0.044684
v 0.012603 -0.093233 0.044575
v 0.012739 -0.093373 0.044475
v 0.012882 -0.093520 0.044398
v 0.013081 -0.093725 0.044325
v 0.013239 -0.093889 0.044292
v 0.012147 -0.092765 0.045559
v 0.012147 -0.092765 0.045556
v 0.012147 -0.092765 0.045553
v 0.031206 -0.097196 0.043524
v 0.024947 -0.094704 0.044647
v 0.019002 -0.093312 0.045299
v 0.015600 -0.092903 0.045493
v 0.035410 -0.100691 0.041107
v 0.034336 -0.099117 0.042083
v 0.032646 -0.098978 0.041849
v 0.031219 -0.098206 0.042194
v 0.031480 -0.097800 0.042461
v 0.032631 -0.098412 0.042188
v 0.031391 -0.097398 0.042972
v 0.031176 -0.097646 0.042531
v 0.028345 -0.096020 0.043595
v 0.024596 -0.095478 0.043455
v 0.025386 -0.095735 0.043333
v 0.025351 -0.095245 0.043642
v 0.023801 -0.095237 0.043569
v 0.022120 -0.094326 0.044081
v 0.023741 -0.094753 0.043876
v 0.024367 -0.094626 0.044243
v 0.025181 -0.094876 0.044126
v 0.023550 -0.094393 0.044353
v 0.020798 -0.094479 0.043933
v 0.020600 -0.093692 0.044687
v 0.019290 -0.093743 0.044364
v 0.019179 -0.094167 0.044085
v 0.018842 -0.093669 0.044400
v 0.017254 -0.093158 0.044944
v 0.014039 -0.092890 0.045086
v 0.036705 -0.100552 0.041613
v 0.035741 -0.100306 0.041364
v 0.034050 -0.099605 0.041573
v 0.035472 -0.100611 0.041137
v 0.035670 -0.100380 0.041288
v 0.035536 -0.100533 0.041176
v 0.035602 -0.100456 0.041226
v 0.033499 -0.098990 0.041899
v 0.031070 -0.098129 0.042228
v 0.031979 -0.097698 0.042839
v 0.031237 -0.097322 0.043006
v 0.029703 -0.097461 0.042531
v 0.029827 -0.096655 0.043306
v 0.028367 -0.096362 0.043119
v 0.026884 -0.096271 0.043081
v 0.026880 -0.096011 0.043210
v 0.026875 -0.095777 0.043391
v 0.024899 -0.095100 0.043711
v 0.024497 -0.094975 0.043770
v 0.024094 -0.094855 0.043828
v 0.020709 -0.094010 0.044234
v 0.019399 -0.094206 0.044066
v 0.018412 -0.093810 0.044265
v 0.019163 -0.093430 0.044813
v 0.018936 -0.093393 0.044831
v 0.018237 -0.093576 0.044445
v 0.015299 -0.093458 0.044438
v 0.015044 -0.092951 0.045044
v 0.014485 -0.093201 0.044629
v 0.013934 -0.093606 0.044359
v 0.015005 -0.092933 0.045087
v 0.014407 -0.093134 0.044699
v 0.014329 -0.093074 0.044770
v 0.014231 -0.093006 0.044864
v 0.014161 -0.092962 0.044938
v 0.014094 -0.092922 0.045014
v 0.013895 -0.093563 0.044377
v 0.013816 -0.093479 0.044417
v 0.013777 -0.093439 0.044439
v 0.013650 -0.093314 0.044519
v 0.013615 -0.093279 0.044545
v 0.013483 -0.093159 0.044650
v 0.013456 -0.093130 0.044679
v 0.036799 -0.100971 0.041113
v 0.036143 -0.100479 0.041339
v 0.033625 -0.099602 0.041580
v 0.030484 -0.097307 0.042685
v 0.029786 -0.096979 0.042834
v 0.025959 -0.095131 0.044006
v 0.018630 -0.093345 0.044854
v 0.015457 -0.093034 0.044913
v 0.030887 -0.097150 0.043083
v 0.025684 -0.095356 0.043589
v 0.097237 -0.225956 -0.038270
v 0.097038 -0.225971 -0.038273
v 0.096844 -0.226018 -0.038276
v 0.096660 -0.226094 -0.038279
v 0.096490 -0.226198 -0.038281
v 0.096339 -0.226328 -0.038284
v 0.096209 -0.226479 -0.038286
v 0.096105 -0.226649 -0.038287
v 0.096029 -0.226833 -0.038288
v 0.095983 -0.227027 -0.038289
v 0.095967 -0.227226 -0.038289
v 0.097237 -0.225975 -0.038491
v 0.097237 -0.226032 -0.038705
v 0.097237 -0.226126 -0.038905
v 0.097237 -0.226253 -0.039087
v 0.097237 -0.226409 -0.039243
v 0.097237 -0.226591 -0.039370
v 0.097237 -0.226791 -0.039464
v 0.097237 -0.227005 -0.039521
v 0.097237 -0.227226 -0.039540
v 0.097237 -0.227226 -0.039540
v 0.095989 -0.227226 -0.038507
v 0.096049 -0.227226 -0.038718
v 0.096143 -0.227226 -0.038916
v 0.096271 -0.227226 -0.039095
v 0.096427 -0.227226 -0.039248
v 0.096607 -0.227226 -0.039373
v 0.096806 -0.227226 -0.039465
v 0.097018 -0.227226 -0.039521
v 0.097205 -0.226945 -0.039508
v 0.097143 -0.226959 -0.039508
v 0.097086 -0.226986 -0.039508
v 0.097114 -0.226688 -0.039414
v 0.097037 -0.227026 -0.039508
v 0.096998 -0.226729 -0.039414
v 0.097148 -0.226439 -0.039263
v 0.096998 -0.227075 -0.039508
v 0.096893 -0.226795 -0.039414
v 0.096975 -0.226478 -0.039263
v 0.096970 -0.227132 -0.039508
v 0.096806 -0.226882 -0.039414
v 0.096816 -0.226555 -0.039263
v 0.097016 -0.226258 -0.039062
v 0.096956 -0.227194 -0.039508
v 0.096740 -0.226987 -0.039414
v 0.096677 -0.226666 -0.039263
v 0.096806 -0.226331 -0.039062
v 0.097109 -0.226089 -0.038821
v 0.096700 -0.227103 -0.039414
v 0.096566 -0.226804 -0.039263
v 0.096618 -0.226449 -0.039062
v 0.096859 -0.226146 -0.038821
v 0.096489 -0.226964 -0.039263
v 0.096460 -0.226607 -0.039062
v 0.096628 -0.226257 -0.038821
v 0.096961 -0.226019 -0.038553
v 0.096450 -0.227137 -0.039263
v 0.096342 -0.226795 -0.039062
v 0.096428 -0.226417 -0.038821
v 0.096700 -0.226110 -0.038553
v 0.096269 -0.227005 -0.039062
v 0.096268 -0.226617 -0.038821
v 0.096465 -0.226258 -0.038553
v 0.096157 -0.226848 -0.038821
v 0.096269 -0.226454 -0.038553
v 0.096100 -0.227098 -0.038821
v 0.096121 -0.226688 -0.038553
v 0.096030 -0.226950 -0.038553
v 0.072646 -0.120546 0.020308
v 0.079765 -0.120546 0.012128
v 0.085787 -0.120546 0.003110
v 0.090613 -0.120546 -0.006600
v 0.094164 -0.120546 -0.016846
v 0.096384 -0.120546 -0.027460
v 0.097237 -0.120546 -0.038270
v 0.072639 -0.120546 0.020301
v 0.072641 -0.120546 0.020303
v 0.072644 -0.120546 0.020305
v 0.071746 -0.120170 0.019934
v 0.071963 -0.120312 0.019953
v 0.072146 -0.120409 0.019999
v 0.072299 -0.120474 0.020060
v 0.072433 -0.120516 0.020135
v 0.072539 -0.120538 0.020212
v 0.070857 -0.119276 0.020297
v 0.071079 -0.119558 0.020123
v 0.071341 -0.119833 0.020000
v 0.071536 -0.120007 0.019951
v 0.095976 -0.119276 -0.039540
v 0.095242 -0.119276 -0.028467
v 0.093051 -0.119276 -0.017587
v 0.089442 -0.119276 -0.007092
v 0.084478 -0.119276 0.002834
v 0.078247 -0.119276 0.012018
v 0.095985 -0.119423 -0.039531
v 0.096010 -0.119565 -0.039506
v 0.096050 -0.119701 -0.039467
v 0.096102 -0.119828 -0.039414
v 0.096166 -0.119944 -0.039350
v 0.096239 -0.120049 -0.039277
v 0.096318 -0.120144 -0.039197
v 0.096434 -0.120253 -0.039082
v 0.096571 -0.120353 -0.038943
v 0.096715 -0.120431 -0.038798
v 0.096916 -0.120503 -0.038595
v 0.097076 -0.120535 -0.038433
v 0.096966 -0.120516 -0.038435
v 0.096711 -0.120431 -0.038438
v 0.096505 -0.120312 -0.038441
v 0.096337 -0.120170 -0.038443
v 0.096201 -0.120007 -0.038445
v 0.096098 -0.119833 -0.038446
v 0.096003 -0.119565 -0.038447
v 0.095772 -0.120312 -0.028396
v 0.095607 -0.120170 -0.028418
v 0.095471 -0.120007 -0.028436
v 0.095370 -0.119833 -0.028449
v 0.095275 -0.119565 -0.028462
v 0.093767 -0.120431 -0.017392
v 0.093567 -0.120312 -0.017447
v 0.093406 -0.120170 -0.017490
v 0.093274 -0.120007 -0.017526
v 0.093175 -0.119833 -0.017553
v 0.093083 -0.119565 -0.017578
v 0.090361 -0.120516 -0.006706
v 0.090126 -0.120431 -0.006805
v 0.089935 -0.120312 -0.006885
v 0.089781 -0.120170 -0.006950
v 0.089655 -0.120007 -0.007002
v 0.089561 -0.119833 -0.007042
v 0.089473 -0.119565 -0.007079
v 0.085551 -0.120516 0.002974
v 0.085330 -0.120431 0.002846
v 0.085151 -0.120312 0.002742
v 0.085006 -0.120170 0.002658
v 0.084888 -0.120007 0.002590
v 0.084800 -0.119833 0.002538
v 0.084717 -0.119565 0.002490
v 0.079549 -0.120516 0.011963
v 0.079346 -0.120431 0.011808
v 0.079182 -0.120312 0.011682
v 0.079049 -0.120170 0.011581
v 0.078940 -0.120007 0.011498
v 0.078859 -0.119833 0.011436
v 0.078783 -0.119565 0.011378
v 0.072452 -0.120516 0.020116
v 0.072271 -0.120431 0.019937
v 0.072124 -0.120312 0.019791
v 0.072005 -0.120170 0.019673
v 0.071908 -0.120007 0.019577
v 0.071835 -0.119833 0.019505
v 0.071767 -0.119565 0.019438
v 0.012147 -0.092765 0.045550
v 0.012156 -0.092774 0.045402
v 0.012181 -0.092801 0.045260
v 0.012220 -0.092842 0.045125
v 0.012273 -0.092895 0.044998
v 0.012336 -0.092960 0.044882
v 0.012409 -0.093034 0.044777
v 0.012488 -0.093115 0.044684
v 0.012603 -0.093233 0.044575
v 0.012739 -0.093373 0.044475
v 0.012882 -0.093520 0.044398
v 0.013081 -0.093725 0.044325
v 0.013239 -0.093889 0.044292
v 0.013398 -0.094054 0.044280
v 0.013398 -0.199455 0.044280
v 0.012147 -0.200715 0.045550
v 0.012155 -0.200705 0.045404
v 0.012180 -0.200679 0.045262
v 0.012219 -0.200639 0.045128
v 0.012271 -0.200586 0.045002
v 0.012334 -0.200522 0.044887
v 0.012405 -0.200450 0.044782
v 0.012484 -0.200370 0.044688
v 0.012598 -0.200255 0.044579
v 0.012734 -0.200118 0.044479
v 0.012877 -0.199975 0.044400
v 0.013077 -0.199775 0.044326
v 0.013237 -0.199615 0.044293
v 0.097237 -0.237481 -0.039540
v 0.097237 -0.227226 -0.039540
v 0.097002 -0.237435 -0.039518
v 0.097119 -0.237458 -0.039535
v 0.095967 -0.236187 -0.038289
v 0.095996 -0.236443 -0.038542
v 0.096078 -0.236693 -0.038789
v 0.096214 -0.236931 -0.039024
v 0.096305 -0.237043 -0.039133
v 0.096472 -0.237196 -0.039284
v 0.096604 -0.237285 -0.039371
v 0.096772 -0.237367 -0.039452
v 0.096884 -0.237406 -0.039490
v 0.095967 -0.227226 -0.038289
v 0.095989 -0.227226 -0.038507
v 0.096049 -0.227226 -0.038718
v 0.096143 -0.227226 -0.038916
v 0.096271 -0.227226 -0.039095
v 0.096427 -0.227226 -0.039248
v 0.096607 -0.227226 -0.039373
v 0.096806 -0.227226 -0.039465
v 0.097018 -0.227226 -0.039521
v 0.072639 -0.225956 0.020301
v 0.072530 -0.225965 0.020205
v 0.072459 -0.225979 0.020153
v 0.072369 -0.226003 0.020097
v 0.072276 -0.226036 0.020050
v 0.072182 -0.226075 0.020011
v 0.072056 -0.226138 0.019972
v 0.071916 -0.226218 0.019945
v 0.071830 -0.226273 0.019937
v 0.071746 -0.226331 0.019934
v 0.072646 -0.225956 0.020308
v 0.072644 -0.225956 0.020305
v 0.072641 -0.225956 0.020303
v 0.097237 -0.225956 -0.038270
v 0.096384 -0.225956 -0.027460
v 0.094164 -0.225956 -0.016846
v 0.090613 -0.225956 -0.006600
v 0.085787 -0.225956 0.003110
v 0.079765 -0.225956 0.012128
v 0.097038 -0.225971 -0.038273
v 0.096844 -0.226018 -0.038276
v 0.096660 -0.226094 -0.038279
v 0.096490 -0.226198 -0.038281
v 0.096339 -0.226328 -0.038284
v 0.096209 -0.226479 -0.038286
v 0.096105 -0.226649 -0.038287
v 0.096029 -0.226833 -0.038288
v 0.095983 -0.227027 -0.038289
v 0.095967 -0.227226 -0.038289
v 0.072972 -0.227226 0.018146
v 0.079640 -0.227226 0.010180
v 0.085271 -0.227226 0.001451
v 0.089779 -0.227226 -0.007908
v 0.093095 -0.227226 -0.017753
v 0.095169 -0.227226 -0.027932
v 0.071305 -0.226703 0.020013
v 0.071591 -0.226449 0.019943
v 0.071444 -0.226574 0.019970
v 0.095184 -0.227027 -0.027930
v 0.095230 -0.226833 -0.027923
v 0.095306 -0.226649 -0.027913
v 0.095409 -0.226479 -0.027898
v 0.095533 -0.226331 -0.027881
v 0.095661 -0.226218 -0.027863
v 0.095855 -0.226094 -0.027836
v 0.096038 -0.226018 -0.027810
v 0.096230 -0.225971 -0.027783
v 0.093111 -0.227027 -0.017749
v 0.093155 -0.226833 -0.017737
v 0.093229 -0.226649 -0.017717
v 0.093330 -0.226479 -0.017690
v 0.093451 -0.226331 -0.017657
v 0.093575 -0.226218 -0.017624
v 0.093765 -0.226094 -0.017572
v 0.093943 -0.226018 -0.017525
v 0.094130 -0.225971 -0.017474
v 0.089794 -0.227027 -0.007902
v 0.089837 -0.226833 -0.007885
v 0.089907 -0.226649 -0.007856
v 0.090004 -0.226479 -0.007817
v 0.090120 -0.226331 -0.007769
v 0.090239 -0.226218 -0.007721
v 0.090421 -0.226094 -0.007647
v 0.090592 -0.226018 -0.007577
v 0.090771 -0.225971 -0.007504
v 0.085285 -0.227027 0.001458
v 0.085325 -0.226833 0.001481
v 0.085392 -0.226649 0.001518
v 0.085482 -0.226479 0.001569
v 0.085592 -0.226331 0.001631
v 0.085704 -0.226218 0.001694
v 0.085876 -0.226094 0.001790
v 0.086036 -0.226018 0.001880
v 0.086205 -0.225971 0.001974
v 0.079652 -0.227027 0.010189
v 0.079690 -0.226833 0.010217
v 0.079751 -0.226649 0.010262
v 0.079835 -0.226479 0.010324
v 0.079936 -0.226331 0.010398
v 0.080040 -0.226218 0.010475
v 0.080198 -0.226094 0.010591
v 0.080346 -0.226018 0.010700
v 0.080502 -0.225971 0.010815
v 0.078949 -0.226479 0.011505
v 0.079049 -0.226331 0.011581
v 0.079151 -0.226218 0.011659
v 0.079307 -0.226094 0.011778
v 0.079454 -0.226018 0.011890
v 0.079608 -0.225971 0.012008
v 0.072983 -0.227027 0.018157
v 0.073017 -0.226833 0.018189
v 0.073072 -0.226649 0.018241
v 0.073148 -0.226479 0.018313
v 0.073239 -0.226331 0.018399
v 0.073332 -0.226218 0.018488
v 0.073475 -0.226094 0.018623
v 0.073609 -0.226018 0.018750
v 0.073749 -0.225971 0.018883
v 0.071842 -0.226649 0.019512
v 0.071916 -0.226479 0.019585
v 0.072005 -0.226331 0.019673
v 0.072096 -0.226218 0.019764
v 0.072236 -0.226094 0.019902
v 0.072367 -0.226018 0.020032
v 0.072505 -0.225971 0.020168
v 0.071746 -0.226331 0.019934
v 0.071746 -0.120170 0.019934
v 0.071591 -0.226449 0.019943
v 0.071444 -0.226574 0.019970
v 0.071305 -0.226703 0.020013
v 0.070857 -0.225889 0.020297
v 0.071037 -0.226255 0.020150
v 0.071165 -0.226480 0.020075
v 0.070857 -0.119276 0.020297
v 0.071079 -0.119558 0.020123
v 0.071341 -0.119833 0.020000
v 0.071536 -0.120007 0.019951
v 0.012147 -0.200715 0.045550
v 0.012155 -0.200705 0.045404
v 0.012180 -0.200679 0.045262
v 0.012219 -0.200639 0.045128
v 0.012271 -0.200586 0.045002
v 0.012334 -0.200522 0.044887
v 0.012405 -0.200450 0.044782
v 0.012484 -0.200370 0.044688
v 0.012598 -0.200255 0.044579
v 0.012734 -0.200118 0.044479
v 0.012877 -0.199975 0.044400
v 0.013077 -0.199775 0.044326
v 0.013237 -0.199615 0.044293
v 0.013398 -0.199455 0.044280
v 0.061781 -0.218822 0.028016
v 0.054297 -0.212805 0.032922
v 0.045865 -0.207687 0.037209
v 0.037569 -0.204011 0.040342
v 0.029130 -0.201447 0.042551
v 0.021362 -0.200029 0.043781
v 0.061682 -0.219765 0.029040
v 0.061619 -0.219684 0.028855
v 0.061581 -0.219580 0.028676
v 0.061569 -0.219455 0.028507
v 0.061584 -0.219313 0.028352
v 0.061625 -0.219157 0.028216
v 0.061691 -0.218992 0.028103
v 0.012147 -0.200715 0.045559
v 0.021449 -0.201302 0.045031
v 0.030481 -0.203024 0.043491
v 0.039418 -0.205929 0.040911
v 0.048099 -0.210045 0.037301
v 0.055241 -0.214573 0.033402
v 0.012147 -0.200715 0.045553
v 0.012147 -0.200715 0.045556
v 0.051366 -0.211661 0.034851
v 0.042601 -0.206942 0.038891
v 0.045638 -0.208406 0.037629
v 0.058438 -0.216909 0.030899
v 0.058428 -0.216847 0.030808
v 0.058424 -0.216778 0.030718
v 0.058427 -0.216701 0.030630
v 0.054603 -0.213817 0.033032
v 0.048638 -0.209646 0.036006
v 0.046827 -0.209027 0.037096
v 0.040985 -0.206489 0.039898
v 0.040083 -0.205453 0.039579
v 0.038498 -0.204820 0.040122
v 0.039477 -0.205608 0.040047
v 0.036213 -0.204657 0.041509
v 0.035272 -0.203663 0.041120
v 0.031726 -0.203268 0.042738
v 0.033009 -0.203364 0.042004
v 0.031065 -0.202401 0.042212
v 0.023840 -0.201557 0.044260
v 0.026236 -0.201705 0.043459
v 0.028346 -0.202424 0.043487
v 0.023801 -0.200847 0.043563
v 0.027665 -0.201577 0.042927
v 0.022079 -0.201296 0.044492
v 0.022734 -0.201109 0.043985
v 0.022037 -0.200584 0.043792
v 0.015687 -0.200710 0.045016
v 0.020315 -0.201079 0.044687
v 0.019211 -0.200683 0.044361
v 0.016312 -0.200031 0.044275
v 0.020272 -0.200365 0.043983
v 0.012316 -0.200632 0.045109
v 0.012610 -0.200464 0.044798
v 0.012372 -0.200603 0.045038
v 0.012511 -0.200526 0.044891
v 0.012440 -0.200567 0.044963
v 0.048272 -0.209962 0.036590
v 0.040493 -0.206024 0.039686
v 0.039707 -0.205701 0.039967
v 0.039413 -0.205843 0.040465
v 0.038851 -0.205623 0.040659
v 0.038352 -0.205169 0.040428
v 0.037932 -0.204605 0.040308
v 0.036813 -0.204411 0.040770
v 0.035706 -0.204218 0.041257
v 0.031364 -0.202898 0.042412
v 0.030708 -0.202883 0.042760
v 0.029699 -0.202468 0.042789
v 0.030064 -0.202832 0.043125
v 0.029393 -0.201974 0.042582
v 0.028680 -0.202028 0.042843
v 0.027978 -0.202067 0.043141
v 0.023799 -0.201272 0.043841
v 0.022040 -0.201011 0.044071
v 0.021345 -0.200920 0.044151
v 0.021383 -0.201205 0.044573
v 0.021341 -0.200492 0.043872
v 0.020279 -0.200794 0.044263
v 0.015992 -0.200443 0.044572
v 0.014538 -0.200178 0.044462
v 0.014458 -0.200251 0.044518
v 0.014379 -0.200318 0.044577
v 0.039922 -0.206048 0.040285
v 0.038634 -0.205277 0.040334
v 0.013264 -0.200619 0.045049
v 0.013888 -0.199897 0.044347
v 0.013573 -0.200328 0.044621
v 0.013168 -0.200277 0.044587
v 0.013069 -0.200358 0.044665
v 0.095967 -0.236187 -0.038289
v 0.095996 -0.236443 -0.038542
v 0.096078 -0.236693 -0.038789
v 0.096214 -0.236931 -0.039024
v 0.096305 -0.237043 -0.039133
v 0.096472 -0.237196 -0.039284
v 0.096604 -0.237285 -0.039371
v 0.096772 -0.237367 -0.039452
v 0.096884 -0.237406 -0.039490
v 0.097002 -0.237435 -0.039518
v 0.061682 -0.219765 0.029040
v 0.068139 -0.224967 0.023889
v 0.074468 -0.229034 0.017721
v 0.080621 -0.232186 0.010269
v 0.086175 -0.234444 0.001666
v 0.090852 -0.235955 -0.008042
v 0.094336 -0.236861 -0.018584
v 0.096330 -0.237300 -0.028961
v 0.061619 -0.219684 0.028855
v 0.061581 -0.219580 0.028676
v 0.061569 -0.219455 0.028507
v 0.061584 -0.219313 0.028352
v 0.061625 -0.219157 0.028216
v 0.061691 -0.218992 0.028103
v 0.061781 -0.218822 0.028016
v 0.070857 -0.225889 0.020297
v 0.066845 -0.223052 0.023985
v 0.064314 -0.221037 0.026079
v 0.071037 -0.226255 0.020150
v 0.071165 -0.226480 0.020075
v 0.071305 -0.226703 0.020013
v 0.072972 -0.227226 0.018146
v 0.095015 -0.235991 -0.026884
v 0.092846 -0.235492 -0.016846
v 0.089521 -0.234586 -0.007283
v 0.085177 -0.233133 0.001617
v 0.080103 -0.231024 0.009545
v 0.076647 -0.229313 0.014005
v 0.068440 -0.224922 0.022864
v 0.075119 -0.229151 0.016129
v 0.076731 -0.230026 0.014256
v 0.078294 -0.230827 0.012326
v 0.081265 -0.232221 0.008309
v 0.086537 -0.234311 -0.000355
v 0.088806 -0.235068 -0.004984
v 0.090782 -0.235661 -0.009732
v 0.093845 -0.236462 -0.019551
v 0.094925 -0.236711 -0.024619
v 0.095690 -0.236877 -0.029743
v 0.062884 -0.220371 0.027323
v 0.062869 -0.220452 0.027393
v 0.062861 -0.220531 0.027472
v 0.066042 -0.223142 0.024943
v 0.067324 -0.224113 0.023851
v 0.069687 -0.225944 0.021961
v 0.072819 -0.227959 0.018884
v 0.073548 -0.228246 0.017854
v 0.080188 -0.231734 0.009824
v 0.085488 -0.233933 0.001569
v 0.089986 -0.235430 -0.007719
v 0.093381 -0.236350 -0.017751
v 0.095458 -0.236828 -0.027940
v 0.096263 -0.236996 -0.038900
v 0.096359 -0.237099 -0.039027
v 0.096461 -0.237188 -0.039151
v 0.096573 -0.237266 -0.039270
v 0.070202 -0.225952 0.021070
v 0.072816 -0.227622 0.018455
v 0.127147 -0.232166 -0.027982
v 0.127145 -0.232239 -0.027960
v 0.127141 -0.232275 -0.027923
v 0.127137 -0.232296 -0.027883
v 0.127129 -0.232319 -0.027809
v 0.127112 -0.232336 -0.027644
v 0.127082 -0.232321 -0.027352
v 0.127043 -0.232270 -0.026996
v 0.126929 -0.232041 -0.025985
v 0.126566 -0.231166 -0.023202
v 0.125877 -0.229455 -0.018947
v 0.127147 -0.199445 0.044014
v 0.125877 -0.200715 0.044289
v 0.126079 -0.200698 0.044286
v 0.126285 -0.200647 0.044275
v 0.126469 -0.200568 0.044257
v 0.126625 -0.200471 0.044236
v 0.126766 -0.200351 0.044210
v 0.126889 -0.200212 0.044180
v 0.126989 -0.200057 0.044147
v 0.127065 -0.199893 0.044111
v 0.127115 -0.199726 0.044075
v 0.127139 -0.199583 0.044044
v 0.125877 -0.200715 0.044289
v 0.126079 -0.200698 0.044286
v 0.126285 -0.200647 0.044275
v 0.126469 -0.200568 0.044257
v 0.126625 -0.200471 0.044236
v 0.126766 -0.200351 0.044210
v 0.126889 -0.200212 0.044180
v 0.126989 -0.200057 0.044147
v 0.127065 -0.199893 0.044111
v 0.127115 -0.199726 0.044075
v 0.127139 -0.199583 0.044044
v 0.127147 -0.199445 0.044014
v 0.127147 -0.199445 0.119219
v 0.125877 -0.200715 0.119219
v 0.126097 -0.200695 0.119219
v 0.126311 -0.200638 0.119219
v 0.126512 -0.200544 0.119219
v 0.126693 -0.200417 0.119219
v 0.126850 -0.200261 0.119219
v 0.126977 -0.200080 0.119219
v 0.127070 -0.199879 0.119219
v 0.127128 -0.199665 0.119219
v 0.012147 -0.200715 0.119219
v 0.012156 -0.200705 0.119372
v 0.012185 -0.200676 0.119529
v 0.012236 -0.200625 0.119687
v 0.012309 -0.200552 0.119840
v 0.012404 -0.200457 0.119985
v 0.012519 -0.200343 0.120117
v 0.012651 -0.200211 0.120232
v 0.012796 -0.200066 0.120327
v 0.012949 -0.199912 0.120400
v 0.013107 -0.199755 0.120451
v 0.013264 -0.199597 0.120480
v 0.013417 -0.199445 0.120489
v 0.125877 -0.200715 0.119219
v 0.125877 -0.199445 0.120489
v 0.125877 -0.199665 0.120470
v 0.125877 -0.199879 0.120413
v 0.125877 -0.200080 0.120319
v 0.125877 -0.200261 0.120192
v 0.125877 -0.200417 0.120036
v 0.125877 -0.200544 0.119854
v 0.125877 -0.200638 0.119654
v 0.125877 -0.200695 0.119440
v 0.125877 -0.199445 0.120489
v 0.125877 -0.199665 0.120470
v 0.125877 -0.199879 0.120413
v 0.125877 -0.200080 0.120319
v 0.125877 -0.200261 0.120192
v 0.125877 -0.200417 0.120036
v 0.125877 -0.200544 0.119854
v 0.125877 -0.200638 0.119654
v 0.125877 -0.200695 0.119440
v 0.125877 -0.200715 0.119219
v 0.126097 -0.200695 0.119219
v 0.126311 -0.200638 0.119219
v 0.126512 -0.200544 0.119219
v 0.126693 -0.200417 0.119219
v 0.126850 -0.200261 0.119219
v 0.126977 -0.200080 0.119219
v 0.127070 -0.199879 0.119219
v 0.127128 -0.199665 0.119219
v 0.127147 -0.199445 0.119219
v 0.127147 -0.199445 0.119219
v 0.126097 -0.199445 0.120470
v 0.126311 -0.199445 0.120413
v 0.126512 -0.199445 0.120319
v 0.126693 -0.199445 0.120192
v 0.126850 -0.199445 0.120036
v 0.126977 -0.199445 0.119854
v 0.127070 -0.199445 0.119654
v 0.127128 -0.199445 0.119440
v 0.127115 -0.199725 0.119251
v 0.127115 -0.199711 0.119312
v 0.127115 -0.199684 0.119370
v 0.127021 -0.199982 0.119342
v 0.127115 -0.199644 0.119419
v 0.127021 -0.199941 0.119458
v 0.126870 -0.200231 0.119308
v 0.127115 -0.199595 0.119458
v 0.127021 -0.199875 0.119563
v 0.126870 -0.200192 0.119481
v 0.127115 -0.199538 0.119486
v 0.127021 -0.199788 0.119650
v 0.126870 -0.200115 0.119640
v 0.126669 -0.200413 0.119440
v 0.127115 -0.199476 0.119500
v 0.127021 -0.199684 0.119716
v 0.126870 -0.200004 0.119779
v 0.126669 -0.200339 0.119650
v 0.126428 -0.200582 0.119347
v 0.127021 -0.199567 0.119756
v 0.126870 -0.199866 0.119890
v 0.126669 -0.200221 0.119838
v 0.126428 -0.200525 0.119597
v 0.126870 -0.199706 0.119967
v 0.126669 -0.200064 0.119995
v 0.126428 -0.200413 0.119828
v 0.126160 -0.200652 0.119495
v 0.126870 -0.199533 0.120006
v 0.126669 -0.199875 0.120114
v 0.126428 -0.200254 0.120028
v 0.126160 -0.200560 0.119756
v 0.126669 -0.199666 0.120187
v 0.126428 -0.200053 0.120188
v 0.126160 -0.200413 0.119991
v 0.126428 -0.199822 0.120299
v 0.126160 -0.200217 0.120187
v 0.126428 -0.199573 0.120356
v 0.126160 -0.199982 0.120335
v 0.126160 -0.199720 0.120426
v 0.012147 -0.200715 0.119219
v 0.012156 -0.200705 0.119372
v 0.012185 -0.200676 0.119529
v 0.012236 -0.200625 0.119687
v 0.012309 -0.200552 0.119840
v 0.012404 -0.200457 0.119985
v 0.012519 -0.200343 0.120117
v 0.012651 -0.200211 0.120232
v 0.012796 -0.200066 0.120327
v 0.012949 -0.199912 0.120400
v 0.013107 -0.199755 0.120451
v 0.013264 -0.199597 0.120480
v 0.013417 -0.199445 0.120489
v 0.013417 -0.110545 0.120489
v 0.012147 -0.109275 0.119219
v 0.012156 -0.109284 0.119372
v 0.012185 -0.109313 0.119529
v 0.012236 -0.109364 0.119687
v 0.012309 -0.109437 0.119840
v 0.012404 -0.109532 0.119985
v 0.012519 -0.109647 0.120117
v 0.012651 -0.109778 0.120232
v 0.012796 -0.109923 0.120327
v 0.012949 -0.110077 0.120400
v 0.013107 -0.110235 0.120451
v 0.013264 -0.110392 0.120480
v 0.125877 -0.199445 0.120489
v 0.126097 -0.199445 0.120470
v 0.126311 -0.199445 0.120413
v 0.126512 -0.199445 0.120319
v 0.126693 -0.199445 0.120192
v 0.126850 -0.199445 0.120036
v 0.126977 -0.199445 0.119854
v 0.127070 -0.199445 0.119654
v 0.127128 -0.199445 0.119440
v 0.127147 -0.199445 0.119219
v 0.127147 -0.110545 0.119219
v 0.125877 -0.110545 0.120489
v 0.126097 -0.110545 0.120470
v 0.126311 -0.110545 0.120413
v 0.126512 -0.110545 0.120319
v 0.126693 -0.110545 0.120192
v 0.126850 -0.110545 0.120036
v 0.126977 -0.110545 0.119854
v 0.127070 -0.110545 0.119654
v 0.127128 -0.110545 0.119440
v 0.012147 -0.109275 0.119219
v 0.012156 -0.109284 0.119372
v 0.012185 -0.109313 0.119529
v 0.012236 -0.109364 0.119687
v 0.012309 -0.109437 0.119840
v 0.012404 -0.109532 0.119985
v 0.012519 -0.109647 0.120117
v 0.012651 -0.109778 0.120232
v 0.012796 -0.109923 0.120327
v 0.012949 -0.110077 0.120400
v 0.013107 -0.110235 0.120451
v 0.013264 -0.110392 0.120480
v 0.013417 -0.110545 0.120489
v 0.125877 -0.110545 0.120489
v 0.125877 -0.109275 0.119219
v 0.125877 -0.109294 0.119440
v 0.125877 -0.109351 0.119654
v 0.125877 -0.109445 0.119854
v 0.125877 -0.109572 0.120036
v 0.125877 -0.109728 0.120192
v 0.125877 -0.109910 0.120319
v 0.125877 -0.110110 0.120413
v 0.125877 -0.110324 0.120470
v 0.125877 -0.109275 0.119219
v 0.125877 -0.109275 0.119219
v 0.125877 -0.109294 0.119440
v 0.125877 -0.109351 0.119654
v 0.125877 -0.109445 0.119854
v 0.125877 -0.109572 0.120036
v 0.125877 -0.109728 0.120192
v 0.125877 -0.109910 0.120319
v 0.125877 -0.110110 0.120413
v 0.125877 -0.110324 0.120470
v 0.125877 -0.110545 0.120489
v 0.126097 -0.110545 0.120470
v 0.126311 -0.110545 0.120413
v 0.126512 -0.110545 0.120319
v 0.126693 -0.110545 0.120192
v 0.126850 -0.110545 0.120036
v 0.126977 -0.110545 0.119854
v 0.127070 -0.110545 0.119654
v 0.127128 -0.110545 0.119440
v 0.127147 -0.110545 0.119219
v 0.126097 -0.109294 0.119219
v 0.126311 -0.109351 0.119219
v 0.126512 -0.109445 0.119219
v 0.126693 -0.109572 0.119219
v 0.126850 -0.109728 0.119219
v 0.126977 -0.109910 0.119219
v 0.127070 -0.110110 0.119219
v 0.127128 -0.110324 0.119219
v 0.126158 -0.109306 0.119251
v 0.126144 -0.109306 0.119312
v 0.126116 -0.109306 0.119370
v 0.126414 -0.109400 0.119342
v 0.126077 -0.109306 0.119419
v 0.126373 -0.109400 0.119458
v 0.126664 -0.109552 0.119308
v 0.126027 -0.109306 0.119458
v 0.126308 -0.109400 0.119563
v 0.126624 -0.109552 0.119481
v 0.125970 -0.109306 0.119486
v 0.126220 -0.109400 0.119650
v 0.126547 -0.109552 0.119640
v 0.126845 -0.109753 0.119440
v 0.125909 -0.109306 0.119500
v 0.126116 -0.109400 0.119716
v 0.126437 -0.109552 0.119779
v 0.126771 -0.109753 0.119650
v 0.127014 -0.109994 0.119347
v 0.126000 -0.109400 0.119756
v 0.126298 -0.109552 0.119890
v 0.126653 -0.109753 0.119838
v 0.126957 -0.109994 0.119597
v 0.126138 -0.109552 0.119967
v 0.126496 -0.109753 0.119995
v 0.126846 -0.109994 0.119828
v 0.127084 -0.110262 0.119495
v 0.125966 -0.109552 0.120006
v 0.126308 -0.109753 0.120114
v 0.126686 -0.109994 0.120028
v 0.126992 -0.110262 0.119756
v 0.126098 -0.109753 0.120187
v 0.126486 -0.109994 0.120188
v 0.126845 -0.110262 0.119991
v 0.126255 -0.109994 0.120299
v 0.126649 -0.110262 0.120187
v 0.126005 -0.109994 0.120356
v 0.126414 -0.110262 0.120335
v 0.126152 -0.110262 0.120426
v 0.125877 -0.109275 0.119219
v 0.126097 -0.109294 0.119219
v 0.126311 -0.109351 0.119219
v 0.126512 -0.109445 0.119219
v 0.126693 -0.109572 0.119219
v 0.126850 -0.109728 0.119219
v 0.126977 -0.109910 0.119219
v 0.127070 -0.110110 0.119219
v 0.127128 -0.110324 0.119219
v 0.127147 -0.110545 0.119219
v 0.127147 -0.110545 0.103217
v 0.125877 -0.109275 0.104487
v 0.126030 -0.109284 0.104478
v 0.126187 -0.109313 0.104449
v 0.126344 -0.109364 0.104398
v 0.126498 -0.109437 0.104325
v 0.126643 -0.109532 0.104230
v 0.126775 -0.109647 0.104115
v 0.126890 -0.109778 0.103983
v 0.126985 -0.109923 0.103838
v 0.127058 -0.110077 0.103685
v 0.127108 -0.110235 0.103527
v 0.127138 -0.110392 0.103370
v 0.125877 -0.109275 0.104487
v 0.126030 -0.109284 0.104478
v 0.126187 -0.109313 0.104449
v 0.126344 -0.109364 0.104398
v 0.126498 -0.109437 0.104325
v 0.126643 -0.109532 0.104230
v 0.126775 -0.109647 0.104115
v 0.126890 -0.109778 0.103983
v 0.126985 -0.109923 0.103838
v 0.127058 -0.110077 0.103685
v 0.127108 -0.110235 0.103527
v 0.127138 -0.110392 0.103370
v 0.127147 -0.110545 0.103217
v 0.127147 -0.062275 0.103217
v 0.125877 -0.062275 0.104487
v 0.126097 -0.062275 0.104468
v 0.126311 -0.062275 0.104411
v 0.126512 -0.062275 0.104317
v 0.126693 -0.062275 0.104190
v 0.126850 -0.062275 0.104034
v 0.126977 -0.062275 0.103852
v 0.127070 -0.062275 0.103652
v 0.127128 -0.062275 0.103438
v 0.125877 -0.062275 0.104487
v 0.126097 -0.062275 0.104468
v 0.126311 -0.062275 0.104411
v 0.126512 -0.062275 0.104317
v 0.126693 -0.062275 0.104190
v 0.126850 -0.062275 0.104034
v 0.126977 -0.062275 0.103852
v 0.127070 -0.062275 0.103652
v 0.127128 -0.062275 0.103438
v 0.127147 -0.062275 0.103217
v 0.038147 -0.062275 0.103217
v 0.038823 -0.054547 0.103217
v 0.040831 -0.047055 0.103217
v 0.044109 -0.040025 0.103217
v 0.048558 -0.033671 0.103217
v 0.054043 -0.028186 0.103217
v 0.060397 -0.023736 0.103217
v 0.067427 -0.020458 0.103217
v 0.074920 -0.018451 0.103217
v 0.082647 -0.017775 0.103217
v 0.090374 -0.018451 0.103217
v 0.097867 -0.020458 0.103217
v 0.104897 -0.023736 0.103217
v 0.111251 -0.028186 0.103217
v 0.116736 -0.033671 0.103217
v 0.121185 -0.040025 0.103217
v 0.124463 -0.047055 0.103217
v 0.126471 -0.054547 0.103217
v 0.039417 -0.062275 0.104487
v 0.039196 -0.062275 0.104468
v 0.038983 -0.062275 0.104411
v 0.038782 -0.062275 0.104317
v 0.038601 -0.062275 0.104190
v 0.038444 -0.062275 0.104034
v 0.038317 -0.062275 0.103852
v 0.038223 -0.062275 0.103652
v 0.038166 -0.062275 0.103438
v 0.044660 -0.041639 0.104487
v 0.041774 -0.048194 0.104487
v 0.040010 -0.055137 0.104487
v 0.045782 -0.039695 0.104487
v 0.045509 -0.039861 0.104479
v 0.045354 -0.039984 0.104469
v 0.045212 -0.040122 0.104459
v 0.045058 -0.040306 0.104450
v 0.044949 -0.040470 0.104446
v 0.044855 -0.040645 0.104448
v 0.044760 -0.040883 0.104456
v 0.044707 -0.041073 0.104466
v 0.044671 -0.041287 0.104477
v 0.044658 -0.041463 0.104484
v 0.070378 -0.020822 0.104487
v 0.064451 -0.023061 0.104487
v 0.058914 -0.026142 0.104487
v 0.053888 -0.029999 0.104487
v 0.049479 -0.034549 0.104487
v 0.071906 -0.020139 0.104462
v 0.071620 -0.020159 0.104450
v 0.071340 -0.020218 0.104446
v 0.071069 -0.020317 0.104452
v 0.070817 -0.020452 0.104466
v 0.070585 -0.020621 0.104480
v 0.072546 -0.020241 0.104487
v 0.072336 -0.020184 0.104483
v 0.072123 -0.020150 0.104473
v 0.103283 -0.024288 0.104487
v 0.097509 -0.021679 0.104487
v 0.091415 -0.019943 0.104487
v 0.085134 -0.019116 0.104487
v 0.078798 -0.019216 0.104487
v 0.103397 -0.024285 0.104486
v 0.105227 -0.025410 0.104487
v 0.105049 -0.025121 0.104478
v 0.104827 -0.024866 0.104460
v 0.104566 -0.024651 0.104448
v 0.104273 -0.024481 0.104448
v 0.103956 -0.024362 0.104460
v 0.103680 -0.024304 0.104475
v 0.124099 -0.050005 0.104487
v 0.121861 -0.044078 0.104487
v 0.118780 -0.038542 0.104487
v 0.114923 -0.033515 0.104487
v 0.110373 -0.029106 0.104487
v 0.124680 -0.052174 0.104487
v 0.124756 -0.051863 0.104479
v 0.124779 -0.051667 0.104469
v 0.124782 -0.051468 0.104459
v 0.124760 -0.051230 0.104450
v 0.124722 -0.051036 0.104446
v 0.124664 -0.050847 0.104448
v 0.124563 -0.050610 0.104456
v 0.124466 -0.050439 0.104466
v 0.124340 -0.050261 0.104477
v 0.124225 -0.050128 0.104484
v 0.125743 -0.058880 0.104487
v 0.125344 -0.055506 0.104487
v 0.039836 -0.055107 0.104475
v 0.039582 -0.055065 0.104411
v 0.039384 -0.055032 0.104317
v 0.039205 -0.055002 0.104190
v 0.039051 -0.054976 0.104034
v 0.038926 -0.054955 0.103852
v 0.038833 -0.054939 0.103652
v 0.038777 -0.054930 0.103438
v 0.041607 -0.048137 0.104475
v 0.041363 -0.048053 0.104411
v 0.041174 -0.047988 0.104317
v 0.041002 -0.047929 0.104190
v 0.040854 -0.047878 0.104034
v 0.040734 -0.047836 0.103852
v 0.040646 -0.047806 0.103652
v 0.040592 -0.047787 0.103438
v 0.044505 -0.041555 0.104475
v 0.044278 -0.041432 0.104411
v 0.044102 -0.041336 0.104317
v 0.043943 -0.041249 0.104190
v 0.043805 -0.041175 0.104034
v 0.043694 -0.041114 0.103852
v 0.044751 -0.040585 0.104411
v 0.043611 -0.041069 0.103652
v 0.044577 -0.040485 0.104317
v 0.043561 -0.041042 0.103438
v 0.044419 -0.040395 0.104190
v 0.044283 -0.040317 0.104034
v 0.045484 -0.039846 0.104475
v 0.044173 -0.040254 0.103852
v 0.045263 -0.039713 0.104411
v 0.044092 -0.040208 0.103652
v 0.045091 -0.039609 0.104317
v 0.044042 -0.040179 0.103438
v 0.044936 -0.039516 0.104190
v 0.044802 -0.039435 0.104034
v 0.044693 -0.039369 0.103852
v 0.044613 -0.039321 0.103652
v 0.044564 -0.039291 0.103438
v 0.049343 -0.034436 0.104475
v 0.049146 -0.034270 0.104411
v 0.048992 -0.034142 0.104317
v 0.048852 -0.034025 0.104190
v 0.048732 -0.033925 0.104034
v 0.048635 -0.033844 0.103852
v 0.048563 -0.033784 0.103652
v 0.048519 -0.033747 0.103438
v 0.053770 -0.029867 0.104475
v 0.053599 -0.029674 0.104411
v 0.053465 -0.029525 0.104317
v 0.053345 -0.029389 0.104190
v 0.053240 -0.029272 0.104034
v 0.053156 -0.029177 0.103852
v 0.053094 -0.029108 0.103652
v 0.053056 -0.029065 0.103438
v 0.054334 -0.028533 0.104190
v 0.054234 -0.028413 0.104034
v 0.054152 -0.028316 0.103852
v 0.054092 -0.028244 0.103652
v 0.054055 -0.028200 0.103438
v 0.058817 -0.025994 0.104475
v 0.058676 -0.025779 0.104411
v 0.058566 -0.025611 0.104317
v 0.058466 -0.025459 0.104190
v 0.058380 -0.025328 0.104034
v 0.058310 -0.025222 0.103852
v 0.058259 -0.025144 0.103652
v 0.058228 -0.025096 0.103438
v 0.060624 -0.024129 0.104190
v 0.060545 -0.023994 0.104034
v 0.060482 -0.023884 0.103852
v 0.060435 -0.023803 0.103652
v 0.060407 -0.023753 0.103438
v 0.064376 -0.022901 0.104475
v 0.064268 -0.022667 0.104411
v 0.064183 -0.022485 0.104317
v 0.064107 -0.022320 0.104190
v 0.064041 -0.022178 0.104034
v 0.063988 -0.022063 0.103852
v 0.063948 -0.021978 0.103652
v 0.063924 -0.021926 0.103438
v 0.067529 -0.020737 0.104034
v 0.067485 -0.020618 0.103852
v 0.067453 -0.020530 0.103652
v 0.067434 -0.020476 0.103438
v 0.070328 -0.020653 0.104475
v 0.070254 -0.020406 0.104411
v 0.070198 -0.020213 0.104317
v 0.070146 -0.020039 0.104190
v 0.070102 -0.019889 0.104034
v 0.070066 -0.019768 0.103852
v 0.071310 -0.020108 0.104411
v 0.070039 -0.019678 0.103652
v 0.071258 -0.019914 0.104317
v 0.070023 -0.019623 0.103438
v 0.071211 -0.019739 0.104190
v 0.071170 -0.019588 0.104034
v 0.072319 -0.020115 0.104475
v 0.071137 -0.019465 0.103852
v 0.072258 -0.019864 0.104411
v 0.071113 -0.019375 0.103652
v 0.072210 -0.019669 0.104317
v 0.071098 -0.019319 0.103438
v 0.072167 -0.019493 0.104190
v 0.072130 -0.019341 0.104034
v 0.072099 -0.019218 0.103852
v 0.072077 -0.019127 0.103652
v 0.072064 -0.019071 0.103438
v 0.074971 -0.018743 0.104034
v 0.074949 -0.018618 0.103852
v 0.074933 -0.018526 0.103652
v 0.074923 -0.018470 0.103438
v 0.078783 -0.019040 0.104475
v 0.078760 -0.018784 0.104411
v 0.078742 -0.018584 0.104317
v 0.078726 -0.018403 0.104190
v 0.078712 -0.018247 0.104034
v 0.078701 -0.018121 0.103852
v 0.078692 -0.018028 0.103652
v 0.078687 -0.017970 0.103438
v 0.082647 -0.018228 0.104190
v 0.082647 -0.018072 0.104034
v 0.082647 -0.017945 0.103852
v 0.082647 -0.017851 0.103652
v 0.082647 -0.017794 0.103438
v 0.085144 -0.018940 0.104475
v 0.085159 -0.018683 0.104411
v 0.085170 -0.018482 0.104317
v 0.085181 -0.018301 0.104190
v 0.085190 -0.018145 0.104034
v 0.085197 -0.018018 0.103852
v 0.085202 -0.017925 0.103652
v 0.085205 -0.017868 0.103438
v 0.090295 -0.018897 0.104190
v 0.090323 -0.018743 0.104034
v 0.090345 -0.018618 0.103852
v 0.091451 -0.019770 0.104475
v 0.090361 -0.018526 0.103652
v 0.091503 -0.019518 0.104411
v 0.090371 -0.018470 0.103438
v 0.091544 -0.019321 0.104317
v 0.091581 -0.019144 0.104190
v 0.091613 -0.018991 0.104034
v 0.091638 -0.018866 0.103852
v 0.091657 -0.018775 0.103652
v 0.091669 -0.018718 0.103438
v 0.097493 -0.021486 0.104475
v 0.097581 -0.021244 0.104411
v 0.097650 -0.021055 0.104317
v 0.097712 -0.020885 0.104190
v 0.097765 -0.020737 0.104034
v 0.097809 -0.020618 0.103852
v 0.097841 -0.020530 0.103652
v 0.097860 -0.020476 0.103438
v 0.103367 -0.024133 0.104475
v 0.103490 -0.023906 0.104411
v 0.103586 -0.023730 0.104317
v 0.103672 -0.023570 0.104190
v 0.103747 -0.023433 0.104034
v 0.103808 -0.023321 0.103852
v 0.104333 -0.024376 0.104411
v 0.103852 -0.023239 0.103652
v 0.104433 -0.024202 0.104317
v 0.103880 -0.023189 0.103438
v 0.104523 -0.024045 0.104190
v 0.104601 -0.023909 0.104034
v 0.105061 -0.025103 0.104475
v 0.104664 -0.023799 0.103852
v 0.105194 -0.024882 0.104411
v 0.104710 -0.023717 0.103652
v 0.105297 -0.024710 0.104317
v 0.104739 -0.023668 0.103438
v 0.105391 -0.024555 0.104190
v 0.105472 -0.024421 0.104034
v 0.105537 -0.024312 0.103852
v 0.105586 -0.024232 0.103652
v 0.105615 -0.024183 0.103438
v 0.110486 -0.028971 0.104475
v 0.110651 -0.028773 0.104411
v 0.110780 -0.028619 0.104317
v 0.110896 -0.028480 0.104190
v 0.110996 -0.028360 0.104034
v 0.111078 -0.028263 0.103852
v 0.111138 -0.028191 0.103652
v 0.111175 -0.028147 0.103438
v 0.115055 -0.033398 0.104475
v 0.115247 -0.033226 0.104411
v 0.115397 -0.033093 0.104317
v 0.115532 -0.032972 0.104190
v 0.115649 -0.032868 0.104034
v 0.115744 -0.032784 0.103852
v 0.115814 -0.032721 0.103652
v 0.115857 -0.032683 0.103438
v 0.116388 -0.033962 0.104190
v 0.116508 -0.033862 0.104034
v 0.116606 -0.033780 0.103852
v 0.116677 -0.033720 0.103652
v 0.116721 -0.033683 0.103438
v 0.118927 -0.038445 0.104475
v 0.119143 -0.038303 0.104411
v 0.119311 -0.038193 0.104317
v 0.119462 -0.038094 0.104190
v 0.119593 -0.038008 0.104034
v 0.119699 -0.037938 0.103852
v 0.119777 -0.037887 0.103652
v 0.119825 -0.037855 0.103438
v 0.120792 -0.040251 0.104190
v 0.120928 -0.040173 0.104034
v 0.121038 -0.040110 0.103852
v 0.121119 -0.040063 0.103652
v 0.121168 -0.040034 0.103438
v 0.122021 -0.044004 0.104475
v 0.122255 -0.043895 0.104411
v 0.122437 -0.043811 0.104317
v 0.122601 -0.043735 0.104190
v 0.122743 -0.043669 0.104034
v 0.122858 -0.043615 0.103852
v 0.122943 -0.043576 0.103652
v 0.122995 -0.043552 0.103438
v 0.124184 -0.047156 0.104034
v 0.124303 -0.047113 0.103852
v 0.124391 -0.047081 0.103652
v 0.124445 -0.047061 0.103438
v 0.124269 -0.049955 0.104475
v 0.124516 -0.049882 0.104411
v 0.124708 -0.049825 0.104317
v 0.124882 -0.049774 0.104190
v 0.125032 -0.049729 0.104034
v 0.125154 -0.049693 0.103852
v 0.124781 -0.050815 0.104411
v 0.125244 -0.049667 0.103652
v 0.124974 -0.050762 0.104317
v 0.125299 -0.049650 0.103438
v 0.125149 -0.050715 0.104190
v 0.125300 -0.050674 0.104034
v 0.124785 -0.051856 0.104475
v 0.125423 -0.050640 0.103852
v 0.125035 -0.051794 0.104411
v 0.125513 -0.050616 0.103652
v 0.125229 -0.051746 0.104317
v 0.125568 -0.050601 0.103438
v 0.125406 -0.051702 0.104190
v 0.125557 -0.051664 0.104034
v 0.125681 -0.051634 0.103852
v 0.125772 -0.051612 0.103652
v 0.125827 -0.051598 0.103438
v 0.125845 -0.054658 0.104317
v 0.126024 -0.054626 0.104190
v 0.126178 -0.054599 0.104034
v 0.126303 -0.054577 0.103852
v 0.126395 -0.054561 0.103652
v 0.126452 -0.054551 0.103438
v 0.125919 -0.058866 0.104475
v 0.126176 -0.058846 0.104411
v 0.126376 -0.058830 0.104317
v 0.126557 -0.058816 0.104190
v 0.126713 -0.058803 0.104034
v 0.126840 -0.058793 0.103852
v 0.126933 -0.058786 0.103652
v 0.126990 -0.058782 0.103438
v 0.039417 -0.062275 0.104487
v 0.039196 -0.062275 0.104468
v 0.038983 -0.062275 0.104411
v 0.038782 -0.062275 0.104317
v 0.038601 -0.062275 0.104190
v 0.038444 -0.062275 0.104034
v 0.038317 -0.062275 0.103852
v 0.038223 -0.062275 0.103652
v 0.038166 -0.062275 0.103438
v 0.038147 -0.062275 0.103217
v 0.038147 -0.109275 0.103217
v 0.039417 -0.109275 0.104487
v 0.039196 -0.109275 0.104468
v 0.038983 -0.109275 0.104411
v 0.038782 -0.109275 0.104317
v 0.038601 -0.109275 0.104190
v 0.038444 -0.109275 0.104034
v 0.038317 -0.109275 0.103852
v 0.038223 -0.109275 0.103652
v 0.038166 -0.109275 0.103438
v 0.127147 -0.235014 -0.027982
v 0.127147 -0.234942 -0.028004
v 0.127147 -0.234907 -0.028040
v 0.127147 -0.234886 -0.028080
v 0.127147 -0.234863 -0.028152
v 0.127147 -0.234848 -0.028296
v 0.127147 -0.234866 -0.028602
v 0.127147 -0.234934 -0.029008
v 0.127147 -0.235227 -0.030118
v 0.127147 -0.236396 -0.033370
v 0.127147 -0.238471 -0.038270
v 0.127574 -0.237545 -0.033611
v 0.126456 -0.238815 -0.039540
v 0.126516 -0.238813 -0.039533
v 0.126576 -0.238809 -0.039514
v 0.126642 -0.238801 -0.039477
v 0.126715 -0.238788 -0.039417
v 0.126816 -0.238763 -0.039298
v 0.126955 -0.238712 -0.039063
v 0.127147 -0.238608 -0.038580
v 0.127315 -0.238470 -0.037938
v 0.127537 -0.238136 -0.036373
v 0.126455 -0.238815 -0.039540
v 0.126454 -0.238751 -0.039401
v 0.127134 -0.238541 -0.038449
v 0.127113 -0.238576 -0.038560
v 0.127082 -0.238605 -0.038671
v 0.127030 -0.238633 -0.038803
v 0.126976 -0.238652 -0.038907
v 0.126912 -0.238667 -0.039006
v 0.126815 -0.238685 -0.039126
v 0.126690 -0.238705 -0.039245
v 0.126576 -0.238726 -0.039330
v 0.127469 -0.236949 -0.033494
v 0.126456 -0.238815 -0.039540
v 0.126516 -0.238813 -0.039533
v 0.126576 -0.238809 -0.039514
v 0.126642 -0.238801 -0.039477
v 0.126715 -0.238788 -0.039417
v 0.126816 -0.238763 -0.039298
v 0.126955 -0.238712 -0.039063
v 0.127147 -0.238608 -0.038580
v 0.127315 -0.238470 -0.037938
v 0.127537 -0.238136 -0.036373
v 0.127574 -0.237545 -0.033611
v 0.112317 -0.237545 0.018119
v 0.117296 -0.237545 0.008442
v 0.121343 -0.237545 -0.001661
v 0.124422 -0.237545 -0.012099
v 0.126505 -0.237545 -0.022781
v 0.111216 -0.238815 0.017485
v 0.111407 -0.238795 0.017595
v 0.111593 -0.238738 0.017702
v 0.111767 -0.238644 0.017802
v 0.111924 -0.238517 0.017892
v 0.112059 -0.238361 0.017970
v 0.112169 -0.238180 0.018034
v 0.112251 -0.237979 0.018081
v 0.112300 -0.237765 0.018109
v 0.125833 -0.238815 -0.027621
v 0.123971 -0.238815 -0.015832
v 0.120889 -0.238815 -0.004302
v 0.116622 -0.238815 0.006844
v 0.127261 -0.238517 -0.037938
v 0.127080 -0.238644 -0.037941
v 0.126880 -0.238738 -0.037944
v 0.126704 -0.238788 -0.037946
v 0.127555 -0.237765 -0.033612
v 0.127498 -0.237979 -0.033615
v 0.127428 -0.238136 -0.033619
v 0.127277 -0.238361 -0.033627
v 0.127121 -0.238517 -0.033635
v 0.126940 -0.238644 -0.033644
v 0.126740 -0.238738 -0.033654
v 0.126564 -0.238788 -0.033663
v 0.126645 -0.238517 -0.027536
v 0.126465 -0.238644 -0.027555
v 0.126265 -0.238738 -0.027576
v 0.126090 -0.238788 -0.027594
v 0.125893 -0.238813 -0.027615
v 0.126486 -0.237765 -0.022784
v 0.126429 -0.237979 -0.022792
v 0.126360 -0.238136 -0.022802
v 0.126211 -0.238361 -0.022824
v 0.126056 -0.238517 -0.022847
v 0.125876 -0.238644 -0.022873
v 0.125678 -0.238738 -0.022902
v 0.125504 -0.238788 -0.022928
v 0.124769 -0.238517 -0.015663
v 0.124592 -0.238644 -0.015701
v 0.124396 -0.238738 -0.015742
v 0.124223 -0.238788 -0.015779
v 0.124030 -0.238813 -0.015820
v 0.124403 -0.237765 -0.012104
v 0.124347 -0.237979 -0.012118
v 0.124280 -0.238136 -0.012134
v 0.124133 -0.238361 -0.012170
v 0.123981 -0.238517 -0.012207
v 0.123805 -0.238644 -0.012250
v 0.123610 -0.238738 -0.012298
v 0.123439 -0.238788 -0.012340
v 0.121815 -0.238361 -0.004002
v 0.121666 -0.238517 -0.004050
v 0.121493 -0.238644 -0.004106
v 0.121302 -0.238738 -0.004168
v 0.121135 -0.238788 -0.004222
v 0.120946 -0.238813 -0.004283
v 0.121325 -0.237765 -0.001667
v 0.121270 -0.237979 -0.001686
v 0.121205 -0.238136 -0.001709
v 0.121062 -0.238361 -0.001758
v 0.120914 -0.238517 -0.001810
v 0.120743 -0.238644 -0.001869
v 0.120553 -0.238738 -0.001935
v 0.120387 -0.238788 -0.001993
v 0.117511 -0.238361 0.007239
v 0.117368 -0.238517 0.007176
v 0.117203 -0.238644 0.007102
v 0.117019 -0.238738 0.007021
v 0.116858 -0.238788 0.006949
v 0.116677 -0.238813 0.006869
v 0.111216 -0.238815 0.017485
v 0.111407 -0.238795 0.017595
v 0.111593 -0.238738 0.017702
v 0.111767 -0.238644 0.017802
v 0.111924 -0.238517 0.017892
v 0.112059 -0.238361 0.017970
v 0.112169 -0.238180 0.018034
v 0.112251 -0.237979 0.018081
v 0.112300 -0.237765 0.018109
v 0.112317 -0.237545 0.018119
v 0.063092 -0.218822 0.064205
v 0.070499 -0.224625 0.060228
v 0.078193 -0.229231 0.055310
v 0.086103 -0.232762 0.049280
v 0.094055 -0.235264 0.042005
v 0.101677 -0.236779 0.033555
v 0.107290 -0.237375 0.026084
v 0.061682 -0.219765 0.063065
v 0.061749 -0.219800 0.063267
v 0.061838 -0.219808 0.063463
v 0.061948 -0.219787 0.063648
v 0.062074 -0.219738 0.063816
v 0.062214 -0.219663 0.063962
v 0.062363 -0.219563 0.064082
v 0.062516 -0.219442 0.064173
v 0.062671 -0.219304 0.064232
v 0.062821 -0.219151 0.064258
v 0.062963 -0.218989 0.064249
v 0.104813 -0.238537 0.027238
v 0.097516 -0.237534 0.036213
v 0.090073 -0.235727 0.043751
v 0.082624 -0.233061 0.050071
v 0.075208 -0.229452 0.055389
v 0.068308 -0.225088 0.059602
v 0.109812 -0.237929 0.022131
v 0.108021 -0.238577 0.023783
v 0.104860 -0.237833 0.029176
v 0.103322 -0.238294 0.030041
v 0.099657 -0.237803 0.034548
v 0.101755 -0.237785 0.032790
v 0.098900 -0.236843 0.036674
v 0.095025 -0.236038 0.040866
v 0.095824 -0.236741 0.039541
v 0.092965 -0.236416 0.041720
v 0.096675 -0.237264 0.037895
v 0.091832 -0.235211 0.044027
v 0.093442 -0.235647 0.042464
v 0.092659 -0.235977 0.042744
v 0.091351 -0.235983 0.043278
v 0.087828 -0.233955 0.047667
v 0.089399 -0.235033 0.045797
v 0.085999 -0.234261 0.048040
v 0.089719 -0.235505 0.044794
v 0.084471 -0.233290 0.049993
v 0.086127 -0.233920 0.048636
v 0.080510 -0.230983 0.053509
v 0.082697 -0.232564 0.051392
v 0.084486 -0.232710 0.050455
v 0.076741 -0.229718 0.055700
v 0.077074 -0.229259 0.055936
v 0.075813 -0.229214 0.056321
v 0.076211 -0.228790 0.056518
v 0.074590 -0.228967 0.056447
v 0.075459 -0.229456 0.055880
v 0.073720 -0.228462 0.057004
v 0.074073 -0.228222 0.057450
v 0.072341 -0.227170 0.058532
v 0.072320 -0.226485 0.059000
v 0.071465 -0.225934 0.059517
v 0.070247 -0.226280 0.059123
v 0.069373 -0.225212 0.060289
v 0.069765 -0.224789 0.060515
v 0.068918 -0.224893 0.060548
v 0.065993 -0.221987 0.062594
v 0.110413 -0.238721 0.019744
v 0.109544 -0.238415 0.021971
v 0.108979 -0.238309 0.023001
v 0.109619 -0.238321 0.022016
v 0.109681 -0.238226 0.022054
v 0.109734 -0.238128 0.022085
v 0.109777 -0.238029 0.022110
v 0.107799 -0.238054 0.025033
v 0.106870 -0.237834 0.026522
v 0.106275 -0.238252 0.026838
v 0.104884 -0.238368 0.028250
v 0.105554 -0.238502 0.027053
v 0.104131 -0.238131 0.029645
v 0.103487 -0.237997 0.030603
v 0.102673 -0.237421 0.032157
v 0.101800 -0.237305 0.033244
v 0.100836 -0.237164 0.034415
v 0.099812 -0.237498 0.035120
v 0.100791 -0.237649 0.033961
v 0.098665 -0.237638 0.035690
v 0.098265 -0.237428 0.036534
v 0.097847 -0.237153 0.037355
v 0.094047 -0.236330 0.041370
v 0.093657 -0.235981 0.042046
v 0.093250 -0.236131 0.042165
v 0.091635 -0.235698 0.043728
v 0.090981 -0.235726 0.044001
v 0.090821 -0.235465 0.044494
v 0.086950 -0.234216 0.047941
v 0.086190 -0.233368 0.049061
v 0.085366 -0.233056 0.049742
v 0.083585 -0.232934 0.050698
v 0.082626 -0.232938 0.050753
v 0.083548 -0.233153 0.050394
v 0.083514 -0.233305 0.050059
v 0.081591 -0.232085 0.052235
v 0.081554 -0.232307 0.051932
v 0.080656 -0.232075 0.052245
v 0.078530 -0.230017 0.054931
v 0.078738 -0.230746 0.054319
v 0.077535 -0.229504 0.055621
v 0.076923 -0.230247 0.054898
v 0.075923 -0.229711 0.055572
v 0.075408 -0.228989 0.056587
v 0.071280 -0.226494 0.059174
v 0.070851 -0.226213 0.059429
v 0.070427 -0.225600 0.059943
v 0.069992 -0.224945 0.060384
v 0.068772 -0.225269 0.059974
v 0.068545 -0.225109 0.060102
v 0.067197 -0.223705 0.061443
v 0.065910 -0.222076 0.062572
v 0.067002 -0.223829 0.061227
v 0.063665 -0.221170 0.062971
v 0.111540 -0.238240 0.019038
v 0.111476 -0.238341 0.019001
v 0.111408 -0.238430 0.018961
v 0.110188 -0.238410 0.020984
v 0.110154 -0.238449 0.020963
v 0.106723 -0.238347 0.026082
v 0.103059 -0.237948 0.031154
v 0.101320 -0.237237 0.033831
v 0.100834 -0.237422 0.034206
v 0.100304 -0.237575 0.034542
v 0.098837 -0.237334 0.036244
v 0.097678 -0.237460 0.036799
v 0.094132 -0.235822 0.041775
v 0.091440 -0.235518 0.044064
v 0.090429 -0.235718 0.044142
v 0.084043 -0.232983 0.050483
v 0.080603 -0.231638 0.052972
v 0.077741 -0.230242 0.055016
v 0.077241 -0.229982 0.055359
v 0.070323 -0.226007 0.059586
v 0.068907 -0.224221 0.060988
v 0.064779 -0.221680 0.062838
v 0.063901 -0.221037 0.063212
v 0.063824 -0.221087 0.063143
v 0.063745 -0.221132 0.063063
v 0.063534 -0.219958 0.063849
v 0.063447 -0.220044 0.063826
v 0.111330 -0.238723 0.018232
v 0.107105 -0.237891 0.026153
v 0.105775 -0.238535 0.026674
v 0.078033 -0.229763 0.055278
v 0.068713 -0.224764 0.060649
v 0.067954 -0.224087 0.061186
v 0.062676 -0.219986 0.063816
v 0.062598 -0.220035 0.063746
v 0.068054 -0.224729 0.060437
v 0.062070 -0.219985 0.063421
v 0.068472 -0.224564 0.060810
v 0.014120 -0.200741 0.074752
v 0.013662 -0.200715 0.074957
v 0.061682 -0.219765 0.063065
v 0.054039 -0.213729 0.066530
v 0.045583 -0.208708 0.069592
v 0.036912 -0.204986 0.071959
v 0.028093 -0.202455 0.073613
v 0.021208 -0.201272 0.074397
v 0.061749 -0.219800 0.063267
v 0.061838 -0.219808 0.063463
v 0.061948 -0.219787 0.063648
v 0.062074 -0.219738 0.063816
v 0.062214 -0.219663 0.063962
v 0.062363 -0.219563 0.064082
v 0.062516 -0.219442 0.064173
v 0.062671 -0.219304 0.064232
v 0.062821 -0.219151 0.064258
v 0.062963 -0.218989 0.064249
v 0.063092 -0.218822 0.064205
v 0.026062 -0.200715 0.075199
v 0.035845 -0.203190 0.073584
v 0.045101 -0.206875 0.071242
v 0.054139 -0.211954 0.068141
v 0.058744 -0.215221 0.066230
v 0.019860 -0.200715 0.075431
v 0.060640 -0.217370 0.065266
v 0.048626 -0.209253 0.070021
v 0.053041 -0.211872 0.068446
v 0.051886 -0.211759 0.068504
v 0.048715 -0.210270 0.069097
v 0.052920 -0.212843 0.067549
v 0.045653 -0.207707 0.070969
v 0.045305 -0.208085 0.070731
v 0.046139 -0.208503 0.070473
v 0.042581 -0.206279 0.071856
v 0.044129 -0.206978 0.071421
v 0.043120 -0.207049 0.071372
v 0.039985 -0.206050 0.071721
v 0.044328 -0.207973 0.070513
v 0.037976 -0.204441 0.073016
v 0.040013 -0.205721 0.072204
v 0.038425 -0.205438 0.072110
v 0.031480 -0.202414 0.074316
v 0.024126 -0.201599 0.074594
v 0.027568 -0.202247 0.074170
v 0.016964 -0.200775 0.075149
v 0.020530 -0.201094 0.074939
v 0.060865 -0.218878 0.064082
v 0.059595 -0.216434 0.065770
v 0.059559 -0.216476 0.065765
v 0.059520 -0.216520 0.065757
v 0.060572 -0.217443 0.065251
v 0.060351 -0.217653 0.065154
v 0.060429 -0.217584 0.065196
v 0.060502 -0.217514 0.065228
v 0.060269 -0.217721 0.065100
v 0.060183 -0.217786 0.065032
v 0.057076 -0.215789 0.065827
v 0.055282 -0.213364 0.067568
v 0.057559 -0.215002 0.066619
v 0.056308 -0.214754 0.066750
v 0.055107 -0.214340 0.066667
v 0.054118 -0.212575 0.068031
v 0.053972 -0.213548 0.067132
v 0.054027 -0.213151 0.067682
v 0.053542 -0.212524 0.068096
v 0.052963 -0.212447 0.068097
v 0.048657 -0.209848 0.069653
v 0.047202 -0.209056 0.070135
v 0.045230 -0.207500 0.071097
v 0.045402 -0.208501 0.070185
v 0.045815 -0.208710 0.070055
v 0.044725 -0.207542 0.071105
v 0.044219 -0.207559 0.071055
v 0.041266 -0.206236 0.071880
v 0.038195 -0.205019 0.072647
v 0.037394 -0.204919 0.072605
v 0.036360 -0.204365 0.073062
v 0.036122 -0.203797 0.073427
v 0.036608 -0.204776 0.072532
v 0.033892 -0.203092 0.073879
v 0.031924 -0.203001 0.073936
v 0.034424 -0.204051 0.072998
v 0.029983 -0.202802 0.073807
v 0.025343 -0.201514 0.074900
v 0.027070 -0.201845 0.074685
v 0.026580 -0.201296 0.075042
v 0.024833 -0.200979 0.075249
v 0.023601 -0.201224 0.075089
v 0.022389 -0.201336 0.074767
v 0.062035 -0.218940 0.064447
v 0.061944 -0.219018 0.064402
v 0.060930 -0.218859 0.064184
v 0.061860 -0.219084 0.064349
v 0.061780 -0.219142 0.064290
v 0.060777 -0.218191 0.064832
v 0.060740 -0.218218 0.064804
v 0.060704 -0.218244 0.064774
v 0.058270 -0.216238 0.065902
v 0.057922 -0.215634 0.066294
v 0.057295 -0.215488 0.066329
v 0.055175 -0.213942 0.067220
v 0.054603 -0.213544 0.067452
v 0.053211 -0.212741 0.067870
v 0.046344 -0.208983 0.069887
v 0.035137 -0.203730 0.073503
v 0.035260 -0.203999 0.073296
v 0.034154 -0.203649 0.073520
v 0.030721 -0.202683 0.074142
v 0.029745 -0.202617 0.074084
v 0.029511 -0.202384 0.074335
v 0.028779 -0.202515 0.073995
v 0.027818 -0.201547 0.074879
v 0.025709 -0.201133 0.075149
v 0.025090 -0.201259 0.075099
v 0.024474 -0.201364 0.074998
v 0.058546 -0.215753 0.066191
v 0.057476 -0.215770 0.066112
v 0.054542 -0.213941 0.066900
v 0.054257 -0.213744 0.067016
v 0.028299 -0.202105 0.074515
v 0.027688 -0.201973 0.074601
v 0.028177 -0.202379 0.074083
v 0.096085 -0.219031 0.038056
v 0.102713 -0.219031 0.030205
v 0.108611 -0.219031 0.021790
v 0.113728 -0.219031 0.012880
v 0.095796 -0.219033 0.038468
v 0.095795 -0.220301 0.040220
v 0.095964 -0.220024 0.039997
v 0.096083 -0.219755 0.039737
v 0.096136 -0.219549 0.039501
v 0.096145 -0.219429 0.039345
v 0.096133 -0.219306 0.039163
v 0.096090 -0.219198 0.038973
v 0.096024 -0.219119 0.038803
v 0.095941 -0.219067 0.038653
v 0.095873 -0.219045 0.038558
v 0.115664 -0.220301 0.011869
v 0.110000 -0.220301 0.021968
v 0.103355 -0.220301 0.031450
v 0.114017 -0.219033 0.012467
v 0.114152 -0.219049 0.012517
v 0.114288 -0.219080 0.012551
v 0.114423 -0.219124 0.012569
v 0.114555 -0.219180 0.012573
v 0.114683 -0.219245 0.012564
v 0.114805 -0.219319 0.012543
v 0.114956 -0.219425 0.012499
v 0.115113 -0.219556 0.012430
v 0.115253 -0.219694 0.012345
v 0.115377 -0.219838 0.012246
v 0.115519 -0.220036 0.012095
v 0.115598 -0.220168 0.011985
v 0.096295 -0.220036 0.039651
v 0.096251 -0.219838 0.039610
v 0.096140 -0.219556 0.039505
v 0.096997 -0.220036 0.038899
v 0.096953 -0.219838 0.038858
v 0.096840 -0.219556 0.038754
v 0.096760 -0.219425 0.038680
v 0.096664 -0.219306 0.038591
v 0.096547 -0.219198 0.038483
v 0.096434 -0.219124 0.038379
v 0.096306 -0.219067 0.038260
v 0.096135 -0.219033 0.038102
v 0.103333 -0.220036 0.031433
v 0.103286 -0.219838 0.031396
v 0.103165 -0.219556 0.031302
v 0.103079 -0.219425 0.031235
v 0.102976 -0.219306 0.031155
v 0.102850 -0.219198 0.031057
v 0.102729 -0.219124 0.030963
v 0.102591 -0.219067 0.030855
v 0.109659 -0.220036 0.022456
v 0.109608 -0.219838 0.022424
v 0.109479 -0.219556 0.022342
v 0.109387 -0.219425 0.022284
v 0.109277 -0.219306 0.022214
v 0.109142 -0.219198 0.022128
v 0.109013 -0.219124 0.022046
v 0.108865 -0.219067 0.021952
v 0.108669 -0.219033 0.021827
v 0.114832 -0.220036 0.013449
v 0.114779 -0.219838 0.013422
v 0.114642 -0.219556 0.013352
v 0.114546 -0.219425 0.013302
v 0.115161 -0.220036 0.012807
v 0.114430 -0.219306 0.013242
v 0.115108 -0.219838 0.012780
v 0.114287 -0.219198 0.013168
v 0.114152 -0.219124 0.013098
v 0.114971 -0.219556 0.012710
v 0.114874 -0.219425 0.012661
v 0.113996 -0.219067 0.013018
v 0.114757 -0.219306 0.012602
v 0.113789 -0.219033 0.012911
v 0.095796 -0.219033 0.038468
v 0.095796 -0.128925 0.038468
v 0.095795 -0.127657 0.040220
v 0.095964 -0.127934 0.039997
v 0.096083 -0.128203 0.039737
v 0.096136 -0.128409 0.039501
v 0.096145 -0.128528 0.039345
v 0.096133 -0.128652 0.039163
v 0.096090 -0.128760 0.038973
v 0.096024 -0.128839 0.038803
v 0.095941 -0.128890 0.038653
v 0.095873 -0.128913 0.038558
v 0.095795 -0.220301 0.040220
v 0.095964 -0.220024 0.039997
v 0.096083 -0.219755 0.039737
v 0.096136 -0.219549 0.039501
v 0.096145 -0.219429 0.039345
v 0.096133 -0.219306 0.039163
v 0.096090 -0.219198 0.038973
v 0.096024 -0.219119 0.038803
v 0.095941 -0.219067 0.038653
v 0.095873 -0.219045 0.038558
v 0.114017 -0.219033 0.012467
v 0.114152 -0.219049 0.012517
v 0.114288 -0.219080 0.012551
v 0.114423 -0.219124 0.012569
v 0.114555 -0.219180 0.012573
v 0.114683 -0.219245 0.012564
v 0.114805 -0.219319 0.012543
v 0.114956 -0.219425 0.012499
v 0.115113 -0.219556 0.012430
v 0.115253 -0.219694 0.012345
v 0.115377 -0.219838 0.012246
v 0.115519 -0.220036 0.012095
v 0.115598 -0.220168 0.011985
v 0.115664 -0.220301 0.011869
v 0.115664 -0.127657 0.011869
v 0.114017 -0.128925 0.012467
v 0.114152 -0.128909 0.012517
v 0.114288 -0.128878 0.012551
v 0.114423 -0.128834 0.012569
v 0.114555 -0.128778 0.012573
v 0.114683 -0.128713 0.012564
v 0.114805 -0.128639 0.012543
v 0.114956 -0.128532 0.012499
v 0.115113 -0.128401 0.012430
v 0.115253 -0.128263 0.012345
v 0.115377 -0.128120 0.012246
v 0.115519 -0.127922 0.012095
v 0.115598 -0.127790 0.011985
v 0.096085 -0.128927 0.038056
v 0.095796 -0.128925 0.038468
v 0.113728 -0.128927 0.012880
v 0.108611 -0.128927 0.021790
v 0.102713 -0.128927 0.030205
v 0.114017 -0.128925 0.012467
v 0.114152 -0.128909 0.012517
v 0.114288 -0.128878 0.012551
v 0.114423 -0.128834 0.012569
v 0.114555 -0.128778 0.012573
v 0.114683 -0.128713 0.012564
v 0.114805 -0.128639 0.012543
v 0.114956 -0.128532 0.012499
v 0.115113 -0.128401 0.012430
v 0.115253 -0.128263 0.012345
v 0.115377 -0.128120 0.012246
v 0.115519 -0.127922 0.012095
v 0.115598 -0.127790 0.011985
v 0.115664 -0.127657 0.011869
v 0.095795 -0.127657 0.040220
v 0.103355 -0.127657 0.031450
v 0.110000 -0.127657 0.021968
v 0.095964 -0.127934 0.039997
v 0.096083 -0.128203 0.039737
v 0.096136 -0.128409 0.039501
v 0.096145 -0.128528 0.039345
v 0.096133 -0.128652 0.039163
v 0.096090 -0.128760 0.038973
v 0.096024 -0.128839 0.038803
v 0.095941 -0.128890 0.038653
v 0.095873 -0.128913 0.038558
v 0.115303 -0.127922 0.012526
v 0.115250 -0.128120 0.012500
v 0.114832 -0.127922 0.013449
v 0.114779 -0.128120 0.013422
v 0.114642 -0.128401 0.013352
v 0.114546 -0.128532 0.013302
v 0.114430 -0.128652 0.013242
v 0.114287 -0.128760 0.013168
v 0.114152 -0.128834 0.013098
v 0.113996 -0.128890 0.013018
v 0.113789 -0.128925 0.012911
v 0.109977 -0.127922 0.021953
v 0.109926 -0.128120 0.021922
v 0.109796 -0.128401 0.021840
v 0.109704 -0.128532 0.021782
v 0.109594 -0.128652 0.021712
v 0.109458 -0.128760 0.021627
v 0.109329 -0.128834 0.021546
v 0.109180 -0.128890 0.021453
v 0.103650 -0.128120 0.030926
v 0.103529 -0.128401 0.030832
v 0.103442 -0.128532 0.030766
v 0.103339 -0.128652 0.030686
v 0.103212 -0.128760 0.030588
v 0.103091 -0.128834 0.030495
v 0.102952 -0.128890 0.030388
v 0.102768 -0.128925 0.030247
v 0.096997 -0.127922 0.038899
v 0.096953 -0.128120 0.038858
v 0.096840 -0.128401 0.038754
v 0.096538 -0.127922 0.039392
v 0.096760 -0.128532 0.038680
v 0.096664 -0.128652 0.038591
v 0.096494 -0.128120 0.039351
v 0.096547 -0.128760 0.038483
v 0.096382 -0.128401 0.039246
v 0.096434 -0.128834 0.038379
v 0.096303 -0.128532 0.039172
v 0.096306 -0.128890 0.038260
v 0.096207 -0.128652 0.039083
v 0.096135 -0.128925 0.038102
f 16 1 2
f 16 2 3
f 16 17 1
f 15 3 4
f 15 16 3
f 14 4 5
f 14 5 6
f 14 15 4
f 13 6 7
f 13 14 6
f 12 7 8
f 12 8 9
f 12 13 7
f 11 9 10
f 11 12 9
f 21 38 20
f 21 55 38
f 22 54 55
f 22 55 21
f 23 53 54
f 23 54 22
f 24 52 53
f 24 53 23
f 25 51 52
f 25 52 24
f 26 50 51
f 26 51 25
f 27 49 50
f 27 50 26
f 28 48 49
f 28 49 27
f 29 47 48
f 29 48 28
f 30 46 47
f 30 47 29
f 31 45 46
f 31 46 30
f 32 44 45
f 32 45 31
f 33 43 44
f 33 44 32
f 34 42 43
f 34 43 33
f 35 42 34
f 35 41 42
f 36 41 35
f 36 40 41
f 37 40 36
f 37 18 39
f 37 39 40
f 19 18 37
f 59 76 58
f 59 93 76
f 60 92 93
f 60 93 59
f 61 91 92
f 61 92 60
f 62 90 91
f 62 91 61
f 63 89 90
f 63 90 62
f 64 88 89
f 64 89 63
f 65 87 88
f 65 88 64
f 66 86 87
f 66 87 65
f 67 85 86
f 67 86 66
f 68 84 85
f 68 85 67
f 69 83 84
f 69 84 68
f 70 82 83
f 70 83 69
f 71 81 82
f 71 82 70
f 72 80 81
f 72 81 71
f 73 80 72
f 73 79 80
f 74 79 73
f 74 78 79
f 75 78 74
f 75 77 78
f 57 77 75
f 57 56 77
f 97 114 96
f 97 115 114
f 98 116 115
f 98 115 97
f 99 117 116
f 99 116 98
f 100 118 117
f 100 117 99
f 101 119 118
f 101 120 119
f 101 118 100
f 102 120 101
f 103 121 120
f 103 120 102
f 104 122 121
f 104 121 103
f 105 123 122
f 105 122 104
f 106 124 123
f 106 123 105
f 107 125 124
f 107 126 125
f 107 124 106
f 108 126 107
f 109 127 126
f 109 126 108
f 110 128 127
f 110 127 109
f 111 128 110
f 111 129 128
f 112 129 111
f 112 130 129
f 112 131 130
f 113 131 112
f 95 131 113
f 95 94 131
f 135 152 134
f 135 153 152
f 136 154 153
f 136 153 135
f 137 155 154
f 137 154 136
f 138 156 155
f 138 155 137
f 139 157 156
f 139 158 157
f 139 156 138
f 140 158 139
f 141 159 158
f 141 158 140
f 142 160 159
f 142 159 141
f 143 161 160
f 143 160 142
f 144 162 161
f 144 161 143
f 145 163 162
f 145 164 163
f 145 162 144
f 146 164 145
f 147 165 164
f 147 164 146
f 148 166 165
f 148 165 147
f 149 166 148
f 149 167 166
f 150 167 149
f 150 168 167
f 150 169 168
f 151 169 150
f 133 169 151
f 133 132 169
f 190 192 191
f 190 209 192
f 189 208 209
f 189 209 190
f 188 207 208
f 188 208 189
f 187 206 207
f 187 207 188
f 186 205 206
f 186 206 187
f 185 204 205
f 185 205 186
f 184 203 204
f 184 204 185
f 183 202 203
f 183 203 184
f 182 201 202
f 182 202 183
f 181 200 201
f 181 201 182
f 180 199 200
f 180 200 181
f 179 198 199
f 179 199 180
f 178 197 198
f 178 198 179
f 177 196 197
f 177 197 178
f 176 196 177
f 176 195 196
f 175 195 176
f 175 194 195
f 174 194 175
f 174 193 194
f 173 193 174
f 172 193 173
f 172 170 193
f 171 170 172
f 247 249 246
f 247 251 249
f 248 250 251
f 248 251 247
f 245 227 250
f 245 250 248
f 244 225 226
f 244 226 227
f 244 227 245
f 243 225 244
f 242 224 225
f 242 225 243
f 241 222 223
f 241 223 224
f 241 224 242
f 240 222 241
f 239 221 222
f 239 222 240
f 238 219 220
f 238 220 221
f 238 221 239
f 237 219 238
f 236 217 218
f 236 218 219
f 236 219 237
f 235 217 236
f 234 217 235
f 234 216 217
f 233 214 215
f 233 215 216
f 233 216 234
f 232 213 214
f 232 214 233
f 231 212 213
f 231 213 232
f 230 212 231
f 229 211 212
f 229 212 230
f 228 210 211
f 228 211 229
f 270 272 271
f 270 289 272
f 269 288 289
f 269 289 270
f 268 287 288
f 268 288 269
f 267 286 287
f 267 287 268
f 266 284 285
f 266 285 286
f 266 286 267
f 265 284 266
f 264 283 284
f 264 284 265
f 263 282 283
f 263 283 264
f 262 281 282
f 262 282 263
f 261 280 281
f 261 281 262
f 260 279 280
f 260 280 261
f 259 277 278
f 259 278 279
f 259 279 260
f 258 277 259
f 257 277 258
f 257 275 276
f 257 276 277
f 256 275 257
f 255 275 256
f 255 274 275
f 254 274 255
f 254 252 273
f 254 273 274
f 253 252 254
f 308 310 309
f 308 327 310
f 307 326 327
f 307 327 308
f 306 325 326
f 306 326 307
f 305 324 325
f 305 325 306
f 304 322 323
f 304 323 324
f 304 324 305
f 303 322 304
f 302 321 322
f 302 322 303
f 301 320 321
f 301 321 302
f 300 319 320
f 300 320 301
f 299 318 319
f 299 319 300
f 298 317 318
f 298 318 299
f 297 315 316
f 297 316 317
f 297 317 298
f 296 315 297
f 295 315 296
f 295 313 314
f 295 314 315
f 294 313 295
f 293 313 294
f 293 312 313
f 292 312 293
f 292 290 311
f 292 311 312
f 291 290 292
f 347 349 348
f 347 366 349
f 346 365 366
f 346 366 347
f 345 364 365
f 345 365 346
f 344 363 364
f 344 364 345
f 343 362 363
f 343 363 344
f 342 361 362
f 342 362 343
f 341 360 361
f 341 361 342
f 340 359 360
f 340 360 341
f 339 358 359
f 339 359 340
f 338 357 358
f 338 358 339
f 337 356 357
f 337 357 338
f 336 355 356
f 336 356 337
f 335 354 355
f 335 355 336
f 334 353 354
f 334 354 335
f 333 353 334
f 333 352 353
f 332 352 333
f 332 351 352
f 331 351 332
f 331 350 351
f 330 350 331
f 330 328 350
f 329 328 330
f 393 395 394
f 393 412 395
f 392 411 412
f 392 412 393
f 391 411 392
f 390 410 411
f 390 411 391
f 389 409 410
f 389 410 390
f 388 409 389
f 387 408 409
f 387 409 388
f 386 407 408
f 386 408 387
f 385 406 407
f 385 407 386
f 384 406 385
f 383 405 406
f 383 406 384
f 382 404 405
f 382 405 383
f 381 404 382
f 380 403 404
f 380 404 381
f 379 403 380
f 379 402 403
f 378 402 379
f 377 402 378
f 377 401 402
f 376 401 377
f 376 400 401
f 375 400 376
f 374 400 375
f 374 399 400
f 373 399 374
f 373 398 399
f 372 398 373
f 371 398 372
f 371 397 398
f 370 397 371
f 370 396 397
f 369 367 396
f 369 396 370
f 368 367 369
f 431 433 432
f 431 449 450
f 431 450 433
f 430 448 449
f 430 449 431
f 429 448 430
f 428 447 448
f 428 448 429
f 427 445 446
f 427 446 447
f 427 447 428
f 426 444 445
f 426 445 427
f 425 444 426
f 424 443 444
f 424 444 425
f 423 442 443
f 423 443 424
f 422 441 442
f 422 442 423
f 421 439 440
f 421 440 441
f 421 441 422
f 420 439 421
f 419 437 438
f 419 438 439
f 419 439 420
f 418 437 419
f 417 435 436
f 417 436 437
f 417 437 418
f 416 435 417
f 415 435 416
f 415 434 435
f 414 434 415
f 414 413 434
f 494 496 495
f 494 499 500
f 494 500 496
f 493 499 494
f 492 498 499
f 492 499 493
f 491 462 497
f 491 497 498
f 491 498 492
f 480 461 462
f 480 462 491
f 481 460 461
f 481 461 480
f 482 459 460
f 482 460 481
f 483 458 459
f 483 459 482
f 484 457 458
f 484 458 483
f 485 456 457
f 485 457 484
f 486 456 485
f 486 455 456
f 487 454 455
f 487 455 486
f 488 453 454
f 488 454 487
f 489 452 453
f 489 453 488
f 490 451 452
f 490 452 489
f 479 451 490
f 478 470 451
f 478 451 479
f 477 470 478
f 477 469 470
f 476 468 469
f 476 469 477
f 475 466 467
f 475 467 468
f 475 468 476
f 474 465 466
f 474 466 475
f 473 465 474
f 472 464 465
f 472 465 473
f 471 463 464
f 471 464 472
f 527 540 534
f 528 539 540
f 528 540 527
f 529 538 539
f 529 539 528
f 530 537 538
f 530 538 529
f 531 536 537
f 531 537 530
f 532 535 536
f 532 536 531
f 533 513 535
f 533 535 532
f 526 512 513
f 526 513 533
f 525 511 512
f 525 512 526
f 524 510 511
f 524 511 525
f 523 510 524
f 522 508 509
f 522 509 510
f 522 510 523
f 521 508 522
f 520 507 508
f 520 508 521
f 519 507 520
f 519 505 506
f 519 506 507
f 518 505 519
f 517 504 505
f 517 505 518
f 516 504 517
f 516 503 504
f 515 502 503
f 515 503 516
f 514 501 502
f 514 502 515
f 560 579 561
f 559 578 579
f 559 579 560
f 558 577 578
f 558 578 559
f 557 576 577
f 557 577 558
f 556 575 576
f 556 576 557
f 555 574 575
f 555 575 556
f 554 573 574
f 554 574 555
f 553 572 573
f 553 573 554
f 552 571 572
f 552 572 553
f 551 570 571
f 551 571 552
f 550 569 570
f 550 570 551
f 549 568 569
f 549 569 550
f 548 567 568
f 548 568 549
f 547 566 567
f 547 567 548
f 546 566 547
f 546 565 566
f 545 565 546
f 545 564 565
f 544 564 545
f 544 563 564
f 543 563 544
f 543 562 563
f 542 562 543
f 542 541 562
f 599 618 600
f 598 617 618
f 598 618 599
f 597 616 617
f 597 617 598
f 596 615 616
f 596 616 597
f 595 614 615
f 595 615 596
f 594 613 614
f 594 614 595
f 593 612 613
f 593 613 594
f 592 611 612
f 592 612 593
f 591 610 611
f 591 611 592
f 590 609 610
f 590 610 591
f 589 608 609
f 589 609 590
f 588 607 608
f 588 608 589
f 587 606 607
f 587 607 588
f 586 605 606
f 586 606 587
f 585 605 586
f 585 604 605
f 584 604 585
f 584 603 604
f 583 603 584
f 583 602 603
f 582 602 583
f 582 601 602
f 581 601 582
f 581 580 601
f 638 657 639
f 637 656 657
f 637 657 638
f 636 655 656
f 636 656 637
f 635 654 655
f 635 655 636
f 634 653 654
f 634 654 635
f 633 652 653
f 633 653 634
f 632 651 652
f 632 652 633
f 631 650 651
f 631 651 632
f 630 649 650
f 630 650 631
f 629 648 649
f 629 649 630
f 628 647 648
f 628 648 629
f 627 646 647
f 627 647 628
f 626 645 646
f 626 646 627
f 625 644 645
f 625 645 626
f 624 644 625
f 624 643 644
f 623 643 624
f 623 642 643
f 622 642 623
f 622 641 642
f 621 641 622
f 621 640 641
f 620 640 621
f 620 619 640
f 659 670 671
f 659 671 658
f 660 669 670
f 660 670 659
f 661 668 669
f 661 669 660
f 662 666 667
f 662 667 668
f 662 668 661
f 663 665 666
f 663 666 662
f 664 665 663
f 698 704 697
f 699 704 698
f 699 709 704
f 700 709 699
f 710 709 700
f 701 710 700
f 711 710 701
f 702 711 701
f 712 711 702
f 703 712 702
f 707 712 703
f 705 709 708
f 705 704 709
f 696 707 703
f 695 706 707
f 695 707 696
f 673 708 706
f 673 705 708
f 672 706 695
f 672 673 706
f 674 672 695
f 675 674 695
f 676 675 695
f 694 677 678
f 694 678 679
f 694 679 676
f 694 680 677
f 694 689 680
f 692 691 681
f 692 681 682
f 692 682 683
f 692 683 684
f 692 684 685
f 692 685 686
f 692 686 687
f 692 687 688
f 692 688 689
f 692 689 694
f 692 694 693
f 681 691 690
f 694 676 695
f 728 730 729
f 728 753 730
f 727 751 752
f 727 752 753
f 727 753 728
f 726 750 751
f 726 751 727
f 725 748 749
f 725 749 750
f 725 750 726
f 724 746 747
f 724 747 748
f 724 748 725
f 723 744 745
f 723 745 746
f 723 746 724
f 722 743 744
f 722 744 723
f 721 741 742
f 721 742 743
f 721 743 722
f 720 739 740
f 720 740 741
f 720 741 721
f 719 737 738
f 719 738 739
f 719 739 720
f 718 736 737
f 718 737 719
f 717 735 736
f 717 736 718
f 734 735 717
f 716 734 717
f 733 734 716
f 715 733 716
f 732 733 715
f 714 732 715
f 731 732 714
f 713 731 714
f 754 756 755
f 764 766 765
f 763 767 766
f 763 758 767
f 763 766 764
f 757 758 763
f 762 761 760
f 759 763 762
f 759 757 763
f 759 762 760
f 769 802 770
f 768 769 770
f 771 770 802
f 773 772 771
f 774 771 802
f 774 773 771
f 775 774 802
f 776 802 801
f 776 775 802
f 777 776 801
f 800 777 801
f 778 777 800
f 780 778 800
f 779 780 800
f 797 784 785
f 797 785 786
f 797 786 787
f 797 787 788
f 797 788 789
f 797 789 790
f 797 790 791
f 797 791 792
f 797 792 793
f 797 793 794
f 797 794 795
f 797 795 796
f 797 796 779
f 797 779 800
f 783 784 797
f 782 783 797
f 781 782 797
f 798 800 799
f 798 797 800
f 805 803 804
f 806 805 804
f 811 808 807
f 811 809 808
f 811 810 809
f 812 810 811
f 827 831 826
f 827 837 831
f 828 836 837
f 828 837 827
f 829 836 828
f 830 835 836
f 830 836 829
f 821 835 830
f 822 834 835
f 822 835 821
f 823 834 822
f 824 833 834
f 824 834 823
f 825 832 833
f 825 833 824
f 813 839 840
f 813 840 832
f 813 832 825
f 841 838 839
f 841 839 813
f 814 841 813
f 815 847 841
f 815 841 814
f 816 846 847
f 816 847 815
f 817 845 846
f 817 846 816
f 818 844 845
f 818 845 817
f 819 843 844
f 819 844 818
f 820 842 843
f 820 843 819
f 866 886 867
f 865 885 886
f 865 886 866
f 864 884 885
f 864 885 865
f 863 883 884
f 863 884 864
f 862 882 883
f 862 883 863
f 861 881 882
f 861 882 862
f 860 880 881
f 860 881 861
f 859 879 880
f 859 880 860
f 858 878 879
f 858 879 859
f 857 877 878
f 857 878 858
f 856 876 877
f 856 877 857
f 855 875 876
f 855 876 856
f 854 874 875
f 854 875 855
f 853 873 874
f 853 874 854
f 852 873 853
f 852 872 873
f 851 872 852
f 851 871 872
f 850 871 851
f 850 870 871
f 849 870 850
f 849 869 870
f 848 869 849
f 848 868 869
f 905 925 906
f 904 924 925
f 904 925 905
f 903 923 924
f 903 924 904
f 902 922 923
f 902 923 903
f 901 921 922
f 901 922 902
f 900 920 921
f 900 921 901
f 899 919 920
f 899 920 900
f 898 918 919
f 898 919 899
f 897 917 918
f 897 918 898
f 896 916 917
f 896 917 897
f 895 915 916
f 895 916 896
f 894 914 915
f 894 915 895
f 893 913 914
f 893 914 894
f 892 912 913
f 892 913 893
f 891 912 892
f 891 911 912
f 890 911 891
f 890 910 911
f 889 910 890
f 889 909 910
f 888 909 889
f 888 908 909
f 887 908 888
f 887 907 908
f 944 964 945
f 943 963 964
f 943 964 944
f 942 962 963
f 942 963 943
f 941 961 962
f 941 962 942
f 940 960 961
f 940 961 941
f 939 959 960
f 939 960 940
f 938 958 959
f 938 959 939
f 937 957 958
f 937 958 938
f 936 956 957
f 936 957 937
f 935 955 956
f 935 956 936
f 934 954 955
f 934 955 935
f 933 953 954
f 933 954 934
f 932 952 953
f 932 953 933
f 931 951 952
f 931 952 932
f 930 951 931
f 930 950 951
f 929 950 930
f 929 949 950
f 928 949 929
f 928 948 949
f 927 948 928
f 927 947 948
f 926 947 927
f 926 946 947
f 991 992 993
f 994 991 993
f 990 991 994
f 995 990 994
f 989 995 996
f 989 996 997
f 989 990 995
f 988 997 998
f 988 989 997
f 999 988 998
f 987 999 1000
f 987 988 999
f 986 1000 1001
f 986 987 1000
f 1009 986 1001
f 1002 1009 1001
f 1016 1009 1002
f 1010 985 986
f 1010 986 1009
f 1003 1016 1002
f 984 985 1010
f 1015 1016 1003
f 1004 1015 1003
f 1011 984 1010
f 983 984 1011
f 1014 1015 1004
f 1005 1014 1004
f 1012 983 1011
f 980 1014 1005
f 982 983 1012
f 979 980 1005
f 979 1005 1006
f 1013 1014 980
f 1013 982 1012
f 978 979 1006
f 981 982 1013
f 981 1013 980
f 1007 978 1006
f 977 978 1007
f 1008 977 1007
f 976 977 1008
f 975 976 1008
f 966 973 974
f 966 974 975
f 966 975 1008
f 972 973 966
f 971 972 966
f 970 971 966
f 969 970 966
f 968 969 966
f 967 968 966
f 965 966 1008
f 1019 1018 1017
f 1019 1025 1018
f 1024 1025 1019
f 1020 1024 1019
f 1021 1024 1020
f 1023 1024 1022
f 1022 1024 1021
f 1033 1034 1035
f 1033 1035 1036
f 1032 1036 1037
f 1032 1037 1038
f 1032 1033 1036
f 1031 1038 1039
f 1031 1032 1038
f 1042 1043 1044
f 1042 1044 1045
f 1046 1042 1045
f 1030 1039 1040
f 1030 1031 1039
f 1029 1040 1041
f 1029 1041 1042
f 1029 1030 1040
f 1028 1046 1047
f 1028 1042 1046
f 1028 1029 1042
f 1027 1047 1026
f 1027 1028 1047
f 1080 1053 1054
f 1081 1052 1053
f 1081 1053 1080
f 1082 1051 1052
f 1082 1052 1081
f 1083 1050 1051
f 1083 1051 1082
f 1084 1049 1050
f 1084 1050 1083
f 1085 1049 1084
f 1066 1049 1085
f 1065 1049 1066
f 1067 1066 1085
f 1064 1049 1065
f 1068 1067 1085
f 1063 1049 1064
f 1069 1068 1085
f 1062 1049 1063
f 1070 1069 1085
f 1061 1048 1049
f 1061 1049 1062
f 1071 1070 1085
f 1060 1048 1061
f 1072 1071 1085
f 1059 1048 1060
f 1073 1072 1085
f 1058 1048 1059
f 1074 1073 1085
f 1057 1048 1058
f 1075 1074 1085
f 1056 1048 1057
f 1076 1075 1085
f 1077 1076 1085
f 1055 1048 1056
f 1078 1077 1085
f 1079 1078 1085
f 1088 1086 1087
f 1088 1087 1090
f 1089 1088 1090
f 1102 1092 1091
f 1102 1091 1093
f 1101 1093 1094
f 1101 1102 1093
f 1100 1094 1095
f 1100 1101 1094
f 1099 1095 1096
f 1099 1100 1095
f 1098 1096 1097
f 1098 1099 1096
f 1103 1114 1109
f 1104 1113 1114
f 1104 1114 1103
f 1105 1112 1113
f 1105 1113 1104
f 1106 1111 1112
f 1106 1112 1105
f 1107 1111 1106
f 1108 1110 1111
f 1108 1111 1107
f 1217 1218 1115
f 1216 1217 1115
f 1219 1115 1218
f 1215 1115 1116
f 1215 1216 1115
f 1220 1115 1219
f 1221 1115 1220
f 1214 1215 1116
f 1213 1214 1116
f 1222 1117 1115
f 1222 1115 1221
f 1223 1117 1222
f 1212 1213 1116
f 1224 1117 1223
f 1211 1212 1116
f 1225 1117 1224
f 1226 1117 1225
f 1227 1117 1226
f 1228 1117 1227
f 1229 1118 1117
f 1229 1117 1228
f 1230 1118 1229
f 1195 1118 1230
f 1196 1118 1195
f 1197 1118 1196
f 1146 1209 1145
f 1146 1208 1209
f 1147 1208 1146
f 1147 1207 1208
f 1144 1145 1209
f 1144 1209 1210
f 1148 1207 1147
f 1148 1206 1207
f 1143 1144 1210
f 1143 1211 1116
f 1143 1210 1211
f 1149 1206 1148
f 1149 1205 1206
f 1142 1143 1116
f 1141 1142 1116
f 1150 1205 1149
f 1150 1203 1204
f 1150 1204 1205
f 1151 1203 1150
f 1152 1202 1203
f 1152 1203 1151
f 1153 1202 1152
f 1153 1201 1202
f 1154 1201 1153
f 1154 1200 1201
f 1155 1200 1154
f 1155 1199 1200
f 1156 1199 1155
f 1156 1198 1199
f 1157 1198 1156
f 1157 1197 1198
f 1157 1118 1197
f 1158 1118 1157
f 1123 1118 1158
f 1182 1135 1136
f 1182 1136 1137
f 1182 1137 1181
f 1180 1137 1138
f 1180 1138 1139
f 1180 1181 1137
f 1183 1135 1182
f 1179 1180 1139
f 1184 1134 1135
f 1184 1135 1183
f 1185 1133 1134
f 1185 1134 1184
f 1186 1132 1133
f 1186 1133 1185
f 1187 1131 1132
f 1187 1132 1186
f 1188 1130 1131
f 1188 1131 1187
f 1189 1129 1130
f 1189 1130 1188
f 1190 1128 1129
f 1190 1129 1189
f 1191 1127 1128
f 1191 1128 1190
f 1192 1126 1127
f 1192 1127 1191
f 1193 1125 1126
f 1193 1126 1192
f 1122 1141 1116
f 1122 1139 1140
f 1122 1140 1141
f 1122 1175 1176
f 1122 1176 1177
f 1122 1177 1178
f 1122 1178 1179
f 1122 1179 1139
f 1121 1168 1169
f 1121 1169 1170
f 1121 1170 1171
f 1121 1171 1172
f 1121 1172 1173
f 1121 1173 1174
f 1121 1174 1175
f 1121 1175 1122
f 1120 1168 1121
f 1120 1161 1162
f 1120 1162 1163
f 1120 1163 1164
f 1120 1164 1165
f 1120 1165 1166
f 1120 1166 1167
f 1120 1167 1168
f 1119 1125 1193
f 1119 1161 1120
f 1119 1123 1124
f 1119 1124 1125
f 1119 1159 1160
f 1119 1160 1161
f 1119 1118 1123
f 1119 1193 1194
f 1119 1194 1159
f 1231 1232 1234
f 1234 1232 1233
f 1235 1236 1238
f 1238 1236 1237
f 1362 1361 1253
f 1363 1253 1254
f 1363 1362 1253
f 1364 1363 1254
f 1365 1364 1254
f 1366 1254 1247
f 1366 1365 1254
f 1367 1366 1247
f 1368 1367 1247
f 1369 1368 1247
f 1370 1369 1247
f 1333 1370 1247
f 1334 1333 1247
f 1323 1343 1342
f 1323 1322 1343
f 1324 1342 1341
f 1324 1323 1342
f 1325 1341 1340
f 1325 1324 1341
f 1326 1340 1339
f 1326 1325 1340
f 1327 1326 1339
f 1327 1339 1338
f 1328 1327 1338
f 1328 1338 1337
f 1329 1328 1337
f 1329 1337 1336
f 1330 1329 1336
f 1330 1336 1335
f 1331 1330 1335
f 1331 1335 1334
f 1285 1284 1305
f 1285 1305 1304
f 1286 1285 1304
f 1286 1304 1303
f 1287 1286 1303
f 1287 1303 1302
f 1288 1287 1302
f 1288 1302 1301
f 1289 1288 1301
f 1289 1301 1300
f 1290 1289 1300
f 1290 1300 1299
f 1291 1290 1299
f 1291 1299 1298
f 1292 1291 1298
f 1292 1298 1297
f 1293 1297 1296
f 1293 1292 1297
f 1244 1265 1264
f 1244 1266 1265
f 1245 1263 1262
f 1245 1264 1263
f 1245 1244 1264
f 1246 1258 1257
f 1246 1259 1258
f 1246 1260 1259
f 1246 1261 1260
f 1246 1262 1261
f 1246 1257 1294
f 1246 1245 1262
f 1246 1295 1247
f 1295 1332 1247
f 1332 1331 1247
f 1331 1334 1247
f 1246 1296 1295
f 1246 1293 1296
f 1246 1294 1293
f 1371 1250 1251
f 1372 1373 1250
f 1372 1250 1371
f 1374 1251 1252
f 1374 1371 1251
f 1375 1371 1374
f 1375 1372 1371
f 1376 1372 1375
f 1377 1376 1375
f 1377 1375 1374
f 1378 1376 1377
f 1379 1376 1378
f 1379 1378 1377
f 1380 1372 1376
f 1381 1382 1380
f 1383 1374 1252
f 1383 1252 1253
f 1383 1377 1374
f 1384 1377 1383
f 1385 1377 1384
f 1386 1377 1385
f 1386 1385 1384
f 1386 1384 1383
f 1386 1379 1377
f 1387 1376 1379
f 1388 1376 1387
f 1388 1380 1376
f 1389 1380 1388
f 1389 1381 1380
f 1390 1379 1386
f 1390 1387 1379
f 1391 1387 1390
f 1392 1359 1358
f 1392 1360 1359
f 1392 1361 1360
f 1392 1386 1383
f 1392 1390 1386
f 1392 1253 1361
f 1392 1383 1253
f 1393 1390 1392
f 1394 1390 1393
f 1394 1354 1353
f 1394 1355 1354
f 1394 1356 1355
f 1394 1357 1356
f 1394 1393 1392
f 1394 1358 1357
f 1394 1391 1390
f 1394 1392 1358
f 1395 1350 1349
f 1395 1394 1353
f 1395 1351 1350
f 1395 1352 1351
f 1395 1353 1352
f 1395 1391 1394
f 1395 1387 1391
f 1395 1388 1387
f 1395 1389 1388
f 1396 1389 1395
f 1397 1347 1346
f 1397 1348 1347
f 1397 1349 1348
f 1397 1396 1395
f 1397 1395 1349
f 1398 1400 1399
f 1401 1241 1402
f 1403 1279 1278
f 1403 1280 1279
f 1403 1281 1280
f 1403 1405 1404
f 1406 1398 1399
f 1407 1398 1406
f 1408 1407 1406
f 1408 1398 1407
f 1409 1408 1406
f 1409 1275 1274
f 1409 1276 1275
f 1409 1277 1276
f 1409 1278 1277
f 1409 1405 1403
f 1409 1403 1278
f 1409 1406 1405
f 1410 1398 1408
f 1410 1401 1398
f 1411 1401 1410
f 1412 1242 1241
f 1412 1401 1411
f 1412 1241 1401
f 1413 1410 1408
f 1413 1408 1409
f 1414 1410 1413
f 1415 1410 1414
f 1416 1415 1414
f 1416 1411 1410
f 1416 1410 1415
f 1417 1413 1409
f 1418 1414 1413
f 1418 1413 1417
f 1419 1243 1242
f 1419 1412 1411
f 1419 1411 1416
f 1419 1242 1412
f 1420 1417 1409
f 1420 1409 1274
f 1420 1270 1269
f 1420 1271 1270
f 1420 1272 1271
f 1420 1273 1272
f 1420 1274 1273
f 1420 1418 1417
f 1421 1418 1420
f 1422 1420 1269
f 1422 1421 1420
f 1422 1267 1266
f 1422 1268 1267
f 1422 1269 1268
f 1422 1418 1421
f 1422 1266 1244
f 1423 1416 1414
f 1423 1418 1422
f 1423 1414 1418
f 1424 1416 1423
f 1425 1416 1424
f 1426 1243 1419
f 1426 1244 1243
f 1426 1419 1416
f 1426 1422 1244
f 1426 1423 1422
f 1426 1424 1423
f 1426 1425 1424
f 1426 1416 1425
f 1427 1248 1249
f 1427 1255 1248
f 1428 1249 1250
f 1428 1373 1427
f 1428 1250 1373
f 1428 1427 1249
f 1429 1255 1427
f 1429 1427 1373
f 1430 1431 1396
f 1430 1396 1397
f 1432 1344 1343
f 1432 1345 1344
f 1432 1346 1345
f 1432 1397 1346
f 1432 1343 1322
f 1432 1321 1320
f 1432 1322 1321
f 1432 1430 1397
f 1433 1430 1432
f 1433 1432 1320
f 1433 1318 1317
f 1433 1319 1318
f 1433 1320 1319
f 1434 1256 1255
f 1434 1255 1429
f 1434 1429 1435
f 1436 1405 1437
f 1436 1404 1405
f 1438 1308 1307
f 1438 1309 1308
f 1438 1310 1309
f 1439 1436 1438
f 1440 1438 1307
f 1440 1305 1284
f 1440 1282 1281
f 1440 1283 1282
f 1440 1284 1283
f 1440 1403 1404
f 1440 1306 1305
f 1440 1307 1306
f 1440 1404 1436
f 1440 1436 1439
f 1440 1281 1403
f 1440 1439 1438
f 1441 1240 1239
f 1441 1256 1434
f 1441 1239 1256
f 1441 1434 1402
f 1442 1241 1240
f 1442 1240 1441
f 1442 1402 1241
f 1442 1441 1402
f 1443 1380 1382
f 1443 1429 1373
f 1443 1372 1380
f 1443 1373 1372
f 1444 1431 1435
f 1444 1435 1429
f 1444 1429 1443
f 1445 1435 1431
f 1445 1431 1430
f 1445 1446 1436
f 1445 1437 1435
f 1445 1430 1446
f 1445 1436 1437
f 1447 1435 1437
f 1447 1434 1435
f 1448 1438 1436
f 1448 1430 1433
f 1448 1310 1438
f 1448 1433 1317
f 1448 1436 1446
f 1448 1446 1430
f 1448 1311 1310
f 1448 1312 1311
f 1448 1313 1312
f 1448 1314 1313
f 1448 1315 1314
f 1448 1316 1315
f 1448 1317 1316
f 1449 1401 1402
f 1449 1402 1434
f 1449 1434 1447
f 1449 1400 1398
f 1449 1398 1401
f 1449 1447 1400
f 1450 1389 1396
f 1450 1431 1444
f 1450 1443 1382
f 1450 1396 1431
f 1450 1382 1381
f 1450 1381 1389
f 1450 1444 1443
f 1451 1399 1400
f 1451 1406 1399
f 1451 1437 1405
f 1451 1400 1447
f 1451 1447 1437
f 1451 1405 1406
f 1460 1461 1452
f 1459 1452 1453
f 1459 1460 1452
f 1458 1459 1453
f 1457 1453 1454
f 1457 1458 1453
f 1456 1454 1455
f 1456 1457 1454
f 1470 1469 1468
f 1476 1468 1467
f 1476 1470 1468
f 1475 1467 1466
f 1475 1476 1467
f 1474 1466 1465
f 1474 1475 1466
f 1473 1465 1464
f 1473 1474 1465
f 1472 1464 1463
f 1472 1473 1464
f 1471 1463 1462
f 1471 1472 1463
f 1478 1491 1477
f 1479 1490 1491
f 1479 1491 1478
f 1480 1489 1490
f 1480 1490 1479
f 1481 1488 1489
f 1481 1489 1480
f 1482 1487 1488
f 1482 1488 1481
f 1483 1486 1487
f 1483 1487 1482
f 1484 1485 1486
f 1484 1486 1483
f 1495 1492 1493
f 1495 1494 1492
f 1496 1498 1499
f 1496 1499 1497
f 1504 1502 1500
f 1503 1504 1500
f 1501 1503 1500
f 1531 1532 1533
f 1506 1507 1508
f 1506 1508 1509
f 1506 1509 1510
f 1506 1510 1511
f 1506 1511 1512
f 1506 1512 1513
f 1506 1513 1514
f 1506 1514 1515
f 1516 1506 1515
f 1517 1506 1516
f 1524 1531 1523
f 1525 1531 1524
f 1522 1523 1531
f 1526 1531 1525
f 1521 1522 1531
f 1527 1531 1526
f 1520 1531 1533
f 1520 1521 1531
f 1528 1531 1527
f 1519 1533 1505
f 1519 1520 1533
f 1529 1530 1528
f 1518 1505 1506
f 1518 1506 1517
f 1518 1519 1505
f 1530 1531 1528
f 1535 1534 1536
f 1571 1536 1537
f 1571 1535 1536
f 1570 1537 1538
f 1570 1571 1537
f 1569 1538 1539
f 1569 1570 1538
f 1568 1539 1540
f 1568 1569 1539
f 1567 1540 1541
f 1567 1568 1540
f 1566 1541 1542
f 1566 1567 1541
f 1565 1542 1543
f 1565 1566 1542
f 1564 1543 1544
f 1564 1565 1543
f 1563 1544 1545
f 1563 1564 1544
f 1562 1545 1546
f 1562 1563 1545
f 1561 1546 1547
f 1561 1562 1546
f 1560 1547 1548
f 1560 1561 1547
f 1559 1548 1549
f 1559 1560 1548
f 1558 1559 1549
f 1557 1558 1549
f 1557 1549 1550
f 1557 1550 1551
f 1556 1557 1551
f 1555 1556 1551
f 1555 1551 1552
f 1554 1555 1552
f 1554 1552 1553
f 1590 1592 1591
f 1590 1610 1592
f 1589 1609 1610
f 1589 1610 1590
f 1588 1608 1609
f 1588 1609 1589
f 1587 1607 1608
f 1587 1608 1588
f 1586 1605 1606
f 1586 1606 1607
f 1586 1607 1587
f 1585 1605 1586
f 1584 1603 1604
f 1584 1604 1605
f 1584 1605 1585
f 1583 1603 1584
f 1582 1602 1603
f 1582 1603 1583
f 1581 1600 1601
f 1581 1601 1602
f 1581 1602 1582
f 1580 1600 1581
f 1579 1599 1600
f 1579 1600 1580
f 1578 1597 1598
f 1578 1598 1599
f 1578 1599 1579
f 1577 1597 1578
f 1576 1597 1577
f 1576 1596 1597
f 1575 1596 1576
f 1575 1595 1596
f 1574 1595 1575
f 1574 1594 1595
f 1572 1594 1574
f 1572 1593 1594
f 1572 1611 1593
f 1573 1611 1572
f 1612 1617 1618
f 1612 1618 1619
f 1612 1619 1620
f 1612 1620 1621
f 1612 1621 1622
f 1612 1622 1613
f 1616 1617 1612
f 1614 1615 1616
f 1614 1616 1612
f 1640 1642 1641
f 1640 1659 1660
f 1640 1660 1642
f 1639 1658 1659
f 1639 1659 1640
f 1638 1658 1639
f 1637 1657 1658
f 1637 1658 1638
f 1636 1656 1657
f 1636 1657 1637
f 1635 1655 1656
f 1635 1656 1636
f 1634 1654 1655
f 1634 1655 1635
f 1633 1653 1654
f 1633 1654 1634
f 1632 1652 1653
f 1632 1653 1633
f 1631 1651 1652
f 1631 1652 1632
f 1630 1649 1650
f 1630 1650 1651
f 1630 1651 1631
f 1629 1649 1630
f 1628 1648 1649
f 1628 1649 1629
f 1627 1647 1648
f 1627 1648 1628
f 1626 1647 1627
f 1626 1646 1647
f 1625 1646 1626
f 1625 1645 1646
f 1624 1645 1625
f 1624 1643 1644
f 1624 1644 1645
f 1623 1643 1624
f 1678 1680 1679
f 1678 1698 1680
f 1677 1697 1698
f 1677 1698 1678
f 1676 1696 1697
f 1676 1697 1677
f 1675 1695 1696
f 1675 1696 1676
f 1674 1694 1695
f 1674 1695 1675
f 1673 1693 1694
f 1673 1694 1674
f 1672 1692 1693
f 1672 1693 1673
f 1671 1691 1692
f 1671 1692 1672
f 1670 1690 1691
f 1670 1691 1671
f 1669 1688 1689
f 1669 1689 1690
f 1669 1690 1670
f 1668 1688 1669
f 1667 1687 1688
f 1667 1688 1668
f 1666 1685 1686
f 1666 1686 1687
f 1666 1687 1667
f 1665 1684 1685
f 1665 1685 1666
f 1664 1684 1665
f 1663 1683 1684
f 1663 1684 1664
f 1662 1683 1663
f 1662 1682 1683
f 1661 1682 1662
f 1661 1681 1682
f 1721 1723 1722
f 1721 1741 1723
f 1720 1741 1721
f 1719 1740 1741
f 1719 1741 1720
f 1718 1739 1740
f 1718 1740 1719
f 1717 1738 1739
f 1717 1739 1718
f 1716 1737 1738
f 1716 1738 1717
f 1715 1737 1716
f 1714 1736 1737
f 1714 1737 1715
f 1713 1735 1736
f 1713 1736 1714
f 1712 1734 1735
f 1712 1735 1713
f 1711 1733 1734
f 1711 1734 1712
f 1710 1733 1711
f 1709 1732 1733
f 1709 1733 1710
f 1708 1731 1732
f 1708 1732 1709
f 1707 1731 1708
f 1707 1730 1731
f 1706 1730 1707
f 1705 1730 1706
f 1705 1729 1730
f 1704 1729 1705
f 1704 1728 1729
f 1703 1728 1704
f 1703 1727 1728
f 1702 1727 1703
f 1702 1726 1727
f 1701 1726 1702
f 1701 1725 1726
f 1700 1724 1725
f 1700 1725 1701
f 1699 1724 1700
f 1760 1762 1761
f 1760 1780 1762
f 1759 1779 1780
f 1759 1780 1760
f 1758 1778 1779
f 1758 1779 1759
f 1757 1777 1778
f 1757 1778 1758
f 1756 1776 1777
f 1756 1777 1757
f 1755 1775 1776
f 1755 1776 1756
f 1754 1774 1775
f 1754 1775 1755
f 1753 1773 1774
f 1753 1774 1754
f 1752 1772 1773
f 1752 1773 1753
f 1751 1771 1772
f 1751 1772 1752
f 1750 1770 1771
f 1750 1771 1751
f 1749 1769 1770
f 1749 1770 1750
f 1748 1768 1769
f 1748 1769 1749
f 1747 1767 1768
f 1747 1768 1748
f 1746 1767 1747
f 1746 1766 1767
f 1745 1766 1746
f 1745 1765 1766
f 1744 1765 1745
f 1744 1764 1765
f 1743 1764 1744
f 1743 1763 1764
f 1742 1763 1743
f 1798 1800 1799
f 1798 1817 1818
f 1798 1818 1800
f 1797 1816 1817
f 1797 1817 1798
f 1796 1816 1797
f 1795 1815 1816
f 1795 1816 1796
f 1794 1814 1815
f 1794 1815 1795
f 1793 1813 1814
f 1793 1814 1794
f 1792 1812 1813
f 1792 1813 1793
f 1791 1811 1812
f 1791 1812 1792
f 1790 1810 1811
f 1790 1811 1791
f 1789 1809 1810
f 1789 1810 1790
f 1788 1807 1808
f 1788 1808 1809
f 1788 1809 1789
f 1787 1807 1788
f 1786 1806 1807
f 1786 1807 1787
f 1785 1805 1806
f 1785 1806 1786
f 1784 1805 1785
f 1784 1804 1805
f 1783 1804 1784
f 1783 1803 1804
f 1782 1803 1783
f 1782 1801 1802
f 1782 1802 1803
f 1781 1801 1782
f 1841 1843 1842
f 1841 1852 1843
f 1840 1850 1851
f 1840 1851 1852
f 1840 1852 1841
f 1839 1850 1840
f 1838 1849 1850
f 1838 1850 1839
f 1837 1847 1848
f 1837 1848 1849
f 1837 1849 1838
f 1836 1847 1837
f 1835 1846 1847
f 1835 1847 1836
f 1834 1845 1846
f 1834 1846 1835
f 1823 1844 1845
f 1823 1863 1844
f 1823 1845 1834
f 1824 1862 1863
f 1824 1863 1823
f 1825 1862 1824
f 1825 1861 1862
f 1826 1861 1825
f 1826 1860 1861
f 1827 1860 1826
f 1827 1859 1860
f 1828 1859 1827
f 1828 1858 1859
f 1829 1858 1828
f 1829 1857 1858
f 1830 1857 1829
f 1830 1856 1857
f 1831 1856 1830
f 1831 1855 1856
f 1832 1855 1831
f 1832 1854 1855
f 1833 1854 1832
f 1833 1853 1854
f 1822 1853 1833
f 1821 1853 1822
f 1821 1866 1853
f 1820 1866 1821
f 1820 1864 1865
f 1820 1865 1866
f 1819 1864 1820
f 1886 1888 1887
f 1886 1902 1888
f 1885 1900 1901
f 1885 1901 1902
f 1885 1902 1886
f 1884 1900 1885
f 1883 1898 1899
f 1883 1899 1900
f 1883 1900 1884
f 1882 1898 1883
f 1881 1896 1897
f 1881 1897 1898
f 1881 1898 1882
f 1880 1896 1881
f 1879 1895 1896
f 1879 1896 1880
f 1878 1894 1895
f 1878 1895 1879
f 1877 1893 1894
f 1877 1894 1878
f 1876 1891 1892
f 1876 1892 1893
f 1876 1893 1877
f 1875 1891 1876
f 1874 1891 1875
f 1874 1890 1891
f 1867 1890 1874
f 1867 1889 1890
f 1868 1889 1867
f 1868 1908 1889
f 1869 1908 1868
f 1869 1907 1908
f 1870 1907 1869
f 1870 1906 1907
f 1871 1906 1870
f 1871 1905 1906
f 1872 1905 1871
f 1872 1903 1904
f 1872 1904 1905
f 1873 1903 1872
f 1928 1930 1929
f 1928 1948 1930
f 1927 1948 1928
f 1926 1947 1948
f 1926 1948 1927
f 1925 1946 1947
f 1925 1947 1926
f 1924 1945 1946
f 1924 1946 1925
f 1923 1944 1945
f 1923 1945 1924
f 1922 1943 1944
f 1922 1944 1923
f 1921 1942 1943
f 1921 1943 1922
f 1920 1941 1942
f 1920 1942 1921
f 1919 1940 1941
f 1919 1941 1920
f 1918 1939 1940
f 1918 1940 1919
f 1917 1938 1939
f 1917 1939 1918
f 1916 1937 1938
f 1916 1938 1917
f 1915 1936 1937
f 1915 1937 1916
f 1914 1935 1936
f 1914 1936 1915
f 1913 1935 1914
f 1913 1934 1935
f 1912 1934 1913
f 1912 1933 1934
f 1911 1933 1912
f 1911 1932 1933
f 1910 1932 1911
f 1910 1931 1932
f 1909 1931 1910
f 2084 2090 2085
f 2083 2090 2084
f 2082 2090 2083
f 2081 2090 2082
f 2080 2090 2081
f 2079 2090 2080
f 2078 2090 2079
f 2052 2056 2051
f 2052 2057 2056
f 2052 2058 2057
f 2052 2059 2058
f 2052 2060 2059
f 2052 2061 2060
f 2062 2061 2052
f 2270 2088 2089
f 2271 2074 2073
f 2271 2075 2074
f 2271 2076 2075
f 2271 2077 2076
f 2271 2078 2077
f 2271 2089 2090
f 2271 2090 2078
f 2271 2270 2089
f 2091 2086 2087
f 2092 2091 2087
f 2093 2092 2087
f 2094 2093 2087
f 1949 2094 2087
f 2269 2087 2088
f 2269 2088 2270
f 2272 2067 2066
f 2272 2068 2067
f 2272 2069 2068
f 2272 2070 2069
f 2272 2071 2070
f 2272 2072 2071
f 2272 2073 2072
f 2272 2271 2073
f 1950 1949 2087
f 1951 1950 2087
f 1978 1970 1969
f 1978 1971 1970
f 1978 1972 1971
f 1978 1973 1972
f 1978 1974 1973
f 1978 1975 1974
f 2268 1952 1951
f 2268 1953 1952
f 2268 1954 1953
f 2268 1955 1954
f 2268 1956 1955
f 2268 1951 2087
f 2268 2087 2269
f 2273 2052 2053
f 2273 2063 2062
f 2273 2064 2063
f 2273 2065 2064
f 2273 2272 2066
f 2273 2066 2065
f 2273 2062 2052
f 1957 1956 2268
f 1968 1978 1969
f 1967 1978 1968
f 1958 1957 2268
f 1959 1958 2268
f 2267 1960 1959
f 2267 1961 1960
f 2267 1962 1961
f 2267 1963 1962
f 2267 1964 1963
f 2267 1965 1964
f 2267 1966 1965
f 2267 1967 1966
f 2267 1959 2268
f 2267 1977 1978
f 2267 1978 1967
f 2274 2053 2054
f 2274 2273 2053
f 2266 1976 1977
f 2266 1977 2267
f 2239 2054 2055
f 2239 2274 2054
f 2048 2047 2055
f 2046 2055 2047
f 2049 2048 2055
f 2045 2055 2046
f 2050 2049 2055
f 2044 2055 2045
f 2043 2055 2044
f 2265 1976 2266
f 2240 2055 2043
f 2240 2239 2055
f 2240 2043 2042
f 2041 2240 2042
f 2040 2240 2041
f 2039 2240 2040
f 2038 2240 2039
f 2037 2240 2038
f 2036 2240 2037
f 2035 2240 2036
f 2241 2240 2035
f 2241 2027 2026
f 2241 2028 2027
f 2241 2029 2028
f 2241 2030 2029
f 2241 2031 2030
f 2241 2032 2031
f 2241 2033 2032
f 2241 2034 2033
f 2241 2035 2034
f 2016 2241 2026
f 2016 2020 2015
f 2016 2021 2020
f 2016 2022 2021
f 2016 2023 2022
f 2016 2024 2023
f 2016 2025 2024
f 2016 2026 2025
f 2235 2234 2264
f 2236 2235 2264
f 2233 2265 2264
f 2233 2264 2234
f 2232 1976 2265
f 2232 2265 2233
f 2237 2236 2264
f 2238 2237 2264
f 2231 1976 2232
f 2230 1976 2231
f 2203 2238 2264
f 2204 2203 2264
f 2205 2204 2264
f 2206 2205 2264
f 2263 2207 2206
f 2263 2208 2207
f 2263 2209 2208
f 2263 2206 2264
f 2242 2241 2016
f 2210 2209 2263
f 2211 2210 2263
f 2212 2211 2263
f 2017 2242 2016
f 2262 2212 2263
f 2262 2213 2212
f 2262 2214 2213
f 2262 2215 2214
f 2262 2216 2215
f 2262 2217 2216
f 2262 2218 2217
f 2262 2219 2218
f 2262 2220 2219
f 2262 2221 2220
f 2243 2242 2017
f 2018 2243 2017
f 1979 2221 2262
f 1979 2222 2221
f 1979 2223 2222
f 1979 2224 2223
f 1979 2225 2224
f 1979 2226 2225
f 1979 2227 2226
f 1979 2228 2227
f 1979 2229 2228
f 1979 2230 2229
f 1979 1976 2230
f 2244 2243 2018
f 2261 1979 2262
f 2019 2244 2018
f 2007 2244 2019
f 2007 2006 2244
f 2005 2244 2006
f 2008 2007 2019
f 2009 2008 2019
f 2004 2244 2005
f 2003 2244 2004
f 2010 2009 2019
f 2002 2244 2003
f 2011 2010 2019
f 2012 2011 2019
f 2013 2012 2019
f 2260 1979 2261
f 2245 2001 2000
f 2245 2002 2001
f 2245 2244 2002
f 2014 2013 2019
f 1999 2245 2000
f 1998 2245 1999
f 1997 2245 1998
f 1996 2245 1997
f 2246 1992 1991
f 2246 1993 1992
f 2246 1994 1993
f 2246 1995 1994
f 2246 1996 1995
f 2246 2245 1996
f 2199 2198 2259
f 2197 2259 2198
f 2200 2199 2259
f 2196 2259 2197
f 2201 2200 2259
f 1983 2246 1991
f 1983 1985 1982
f 1983 1986 1985
f 1983 1987 1986
f 1983 1988 1987
f 1983 1989 1988
f 1983 1990 1989
f 1983 1991 1990
f 2195 2260 2259
f 2195 2259 2196
f 2202 2201 2259
f 2194 2260 2195
f 2167 2202 2259
f 2168 2167 2259
f 2193 2260 2194
f 2192 1979 2260
f 2192 2260 2193
f 2191 1979 2192
f 2190 1979 2191
f 2189 1979 2190
f 2188 1979 2189
f 2187 1979 2188
f 2186 1979 2187
f 2258 2169 2168
f 2258 2170 2169
f 2258 2171 2170
f 2258 2172 2171
f 2258 2173 2172
f 2258 2174 2173
f 2258 2175 2174
f 2258 2168 2259
f 2247 2246 1983
f 2176 2175 2258
f 2185 1979 2186
f 2177 2176 2258
f 2178 2177 2258
f 1984 2247 1983
f 2248 2247 1984
f 2257 2179 2178
f 2257 2180 2179
f 2257 2181 2180
f 2257 2182 2181
f 2257 2178 2258
f 1981 2248 1984
f 2249 2248 1981
f 2256 2183 2182
f 2256 2182 2257
f 2127 2126 2249
f 2128 2127 2249
f 2125 2249 2126
f 2124 2249 2125
f 2129 2128 2249
f 2130 2129 2249
f 2095 2130 2249
f 2096 2095 2249
f 2250 2249 2124
f 2250 2122 2121
f 2250 2123 2122
f 2250 2124 2123
f 2120 2250 2121
f 2097 2249 1981
f 2097 2096 2249
f 2098 2097 1981
f 2119 2250 2120
f 2099 2098 1981
f 2118 2250 2119
f 2100 2099 1981
f 2117 2250 2118
f 2101 2100 1981
f 2116 2250 2117
f 2102 2101 1981
f 2115 2250 2116
f 2103 2102 1981
f 2114 2250 2115
f 2251 2250 2114
f 2104 2103 1981
f 2113 2251 2114
f 2112 2251 2113
f 2111 2251 2112
f 2110 2251 2111
f 2162 2254 2163
f 2161 2255 2254
f 2161 2254 2162
f 2164 2163 2254
f 2160 2255 2161
f 2165 2164 2254
f 2159 2255 2160
f 2166 2165 2254
f 2131 2254 2253
f 2131 2166 2254
f 2158 2255 2159
f 2132 2131 2253
f 2157 2255 2158
f 2133 2132 2253
f 2156 2255 2157
f 2134 2133 2253
f 2155 2255 2156
f 2135 2134 2253
f 2154 2255 2155
f 2136 2135 2253
f 2153 2255 2154
f 2137 2136 2253
f 2152 2256 2255
f 2152 2255 2153
f 2138 2137 2253
f 2151 2256 2152
f 2139 2138 2253
f 2150 2256 2151
f 2140 2139 2253
f 1980 2252 2251
f 1980 2253 2252
f 1980 2183 2256
f 1980 2184 2183
f 1980 2256 2150
f 1980 2107 2106
f 1980 2108 2107
f 1980 2109 2108
f 1980 2110 2109
f 1980 2140 2253
f 1980 2251 2110
f 1980 2141 2140
f 1980 2142 2141
f 1980 2143 2142
f 1980 2144 2143
f 1980 2145 2144
f 1980 2146 2145
f 1980 2147 2146
f 1980 2148 2147
f 1980 2149 2148
f 1980 2150 2149
f 1979 2185 1980
f 2185 2184 1980
f 1980 2104 1981
f 1980 2105 2104
f 1980 2106 2105
f 2380 2381 2382
f 2379 2380 2382
f 2378 2379 2382
f 2377 2378 2382
f 2376 2377 2382
f 2375 2376 2382
f 2374 2375 2382
f 2350 2351 2352
f 2350 2352 2353
f 2350 2353 2354
f 2350 2354 2355
f 2350 2355 2356
f 2350 2356 2357
f 2358 2350 2357
f 2434 2382 2383
f 2434 2383 2384
f 2435 2374 2382
f 2435 2382 2434
f 2435 2369 2370
f 2435 2370 2371
f 2435 2371 2372
f 2435 2372 2373
f 2435 2373 2374
f 2387 2385 2386
f 2388 2385 2387
f 2389 2385 2388
f 2390 2385 2389
f 2433 2384 2385
f 2433 2434 2384
f 2391 2385 2390
f 2392 2385 2391
f 2436 2369 2435
f 2436 2362 2363
f 2436 2363 2364
f 2436 2364 2365
f 2436 2365 2366
f 2436 2366 2367
f 2436 2367 2368
f 2436 2368 2369
f 2393 2385 2392
f 2432 2393 2394
f 2432 2394 2395
f 2432 2395 2396
f 2432 2396 2397
f 2432 2433 2385
f 2432 2385 2393
f 2398 2432 2397
f 2418 2411 2412
f 2418 2412 2413
f 2418 2413 2414
f 2418 2414 2415
f 2418 2415 2416
f 2418 2416 2417
f 2399 2432 2398
f 2437 2350 2358
f 2437 2362 2436
f 2437 2349 2350
f 2437 2358 2359
f 2437 2359 2360
f 2437 2360 2361
f 2437 2361 2362
f 2410 2411 2418
f 2409 2410 2418
f 2400 2432 2399
f 2401 2432 2400
f 2431 2409 2418
f 2431 2432 2401
f 2431 2401 2402
f 2431 2402 2403
f 2431 2403 2404
f 2431 2404 2405
f 2431 2405 2406
f 2431 2406 2407
f 2431 2407 2408
f 2431 2408 2409
f 2438 2349 2437
f 2438 2348 2349
f 2430 2431 2418
f 2430 2418 2419
f 2430 2419 2420
f 2439 2348 2438
f 2439 2347 2348
f 2429 2430 2420
f 2344 2347 2343
f 2342 2343 2347
f 2345 2347 2344
f 2341 2342 2347
f 2346 2347 2345
f 2340 2341 2347
f 2339 2340 2347
f 2440 2347 2439
f 2440 2339 2347
f 2338 2339 2440
f 2337 2338 2440
f 2336 2337 2440
f 2335 2336 2440
f 2334 2335 2440
f 2333 2334 2440
f 2332 2333 2440
f 2331 2332 2440
f 2428 2429 2420
f 2441 2331 2440
f 2441 2322 2323
f 2441 2323 2324
f 2441 2324 2325
f 2441 2325 2326
f 2441 2326 2327
f 2441 2327 2328
f 2441 2328 2329
f 2441 2329 2330
f 2441 2330 2331
f 2314 2322 2441
f 2314 2315 2316
f 2314 2316 2317
f 2314 2317 2318
f 2314 2318 2319
f 2314 2319 2320
f 2314 2320 2321
f 2314 2321 2322
f 2534 2535 2428
f 2536 2428 2535
f 2533 2534 2428
f 2532 2533 2428
f 2532 2428 2420
f 2537 2428 2536
f 2531 2532 2420
f 2538 2428 2537
f 2530 2531 2420
f 2427 2428 2538
f 2427 2538 2539
f 2427 2539 2540
f 2541 2427 2540
f 2542 2427 2541
f 2543 2427 2542
f 2544 2427 2543
f 2442 2314 2441
f 2545 2427 2544
f 2546 2427 2545
f 2313 2314 2442
f 2426 2546 2547
f 2426 2547 2548
f 2426 2548 2549
f 2426 2549 2550
f 2426 2427 2546
f 2426 2550 2551
f 2426 2551 2552
f 2426 2552 2553
f 2426 2553 2554
f 2426 2554 2555
f 2426 2555 2556
f 2421 2530 2420
f 2421 2521 2522
f 2421 2522 2523
f 2421 2523 2524
f 2421 2524 2525
f 2421 2525 2526
f 2421 2526 2527
f 2421 2527 2528
f 2421 2528 2529
f 2421 2529 2530
f 2443 2313 2442
f 2312 2313 2443
f 2425 2426 2556
f 2425 2521 2421
f 2425 2556 2521
f 2444 2312 2443
f 2311 2312 2444
f 2424 2425 2421
f 2303 2311 2444
f 2303 2444 2302
f 2304 2311 2303
f 2301 2302 2444
f 2300 2301 2444
f 2305 2311 2304
f 2445 2300 2444
f 2299 2300 2445
f 2306 2311 2305
f 2307 2311 2306
f 2298 2299 2445
f 2308 2311 2307
f 2297 2298 2445
f 2309 2311 2308
f 2296 2297 2445
f 2310 2311 2309
f 2295 2296 2445
f 2294 2295 2445
f 2293 2294 2445
f 2423 2424 2421
f 2446 2286 2287
f 2446 2287 2288
f 2446 2288 2289
f 2446 2289 2290
f 2446 2290 2291
f 2446 2291 2292
f 2446 2292 2293
f 2446 2293 2445
f 2279 2280 2281
f 2279 2281 2282
f 2279 2282 2283
f 2279 2283 2284
f 2279 2284 2285
f 2279 2285 2286
f 2279 2286 2446
f 2422 2423 2421
f 2447 2279 2446
f 2278 2279 2447
f 2448 2278 2447
f 2277 2278 2448
f 2449 2277 2448
f 2499 2449 2498
f 2500 2449 2499
f 2497 2498 2449
f 2501 2449 2500
f 2450 2497 2449
f 2450 2496 2497
f 2495 2496 2450
f 2502 2449 2501
f 2494 2495 2450
f 2503 2449 2502
f 2493 2494 2450
f 2504 2449 2503
f 2492 2493 2450
f 2505 2449 2504
f 2505 2277 2449
f 2506 2277 2505
f 2491 2492 2450
f 2490 2491 2450
f 2507 2277 2506
f 2508 2277 2507
f 2489 2490 2450
f 2509 2277 2508
f 2451 2488 2489
f 2451 2489 2450
f 2510 2277 2509
f 2487 2488 2451
f 2486 2487 2451
f 2511 2277 2510
f 2485 2486 2451
f 2512 2277 2511
f 2520 2485 2451
f 2519 2520 2451
f 2467 2454 2455
f 2467 2455 2466
f 2465 2466 2455
f 2468 2454 2467
f 2464 2465 2455
f 2469 2454 2468
f 2463 2464 2455
f 2470 2454 2469
f 2462 2463 2455
f 2471 2454 2470
f 2461 2462 2455
f 2472 2454 2471
f 2460 2461 2455
f 2473 2454 2472
f 2459 2460 2455
f 2474 2454 2473
f 2458 2459 2455
f 2475 2454 2474
f 2457 2458 2455
f 2457 2455 2456
f 2476 2454 2475
f 2476 2453 2454
f 2477 2453 2476
f 2478 2453 2477
f 2479 2453 2478
f 2480 2453 2479
f 2276 2480 2481
f 2276 2481 2482
f 2276 2482 2483
f 2276 2483 2484
f 2276 2484 2275
f 2276 2453 2480
f 2276 2513 2514
f 2276 2514 2515
f 2276 2515 2516
f 2276 2516 2517
f 2276 2519 2451
f 2276 2517 2518
f 2276 2518 2519
f 2276 2451 2452
f 2276 2452 2453
f 2276 2277 2512
f 2276 2512 2513
f 2569 2570 2571
f 2569 2571 2568
f 2573 2572 2569
f 2573 2569 2568
f 2575 2574 2573
f 2575 2573 2568
f 2577 2579 2578
f 2577 2580 2579
f 2565 2575 2568
f 2565 2561 2575
f 2564 2565 2566
f 2564 2566 2567
f 2564 2561 2565
f 2576 2580 2577
f 2576 2575 2561
f 2563 2561 2564
f 2562 2561 2563
f 2560 2576 2561
f 2559 2557 2558
f 2581 2560 2559
f 2581 2559 2558
f 2580 2560 2581
f 2580 2576 2560
f 2609 2608 2582
f 2610 2609 2582
f 2607 2582 2608
f 2611 2610 2582
f 2606 2582 2607
f 2605 2582 2606
f 2604 2583 2582
f 2604 2582 2605
f 2603 2583 2604
f 2602 2583 2603
f 2601 2583 2602
f 2600 2583 2601
f 2599 2583 2600
f 2584 2612 2611
f 2584 2613 2612
f 2584 2614 2613
f 2584 2615 2614
f 2584 2616 2615
f 2584 2617 2616
f 2584 2618 2617
f 2584 2619 2618
f 2584 2611 2582
f 2620 2619 2584
f 2621 2620 2584
f 2586 2621 2584
f 2585 2586 2584
f 2585 2587 2586
f 2585 2588 2587
f 2585 2589 2588
f 2585 2590 2589
f 2585 2591 2590
f 2585 2592 2591
f 2585 2593 2592
f 2585 2594 2593
f 2585 2595 2594
f 2585 2596 2595
f 2585 2597 2596
f 2585 2583 2597
f 2597 2583 2598
f 2598 2583 2599
f 2624 2623 2622
f 2624 2625 2623
f 2626 2631 2627
f 2630 2631 2626
f 2629 2626 2628
f 2629 2630 2626
f 2634 2633 2632
f 2634 2635 2633
f 2638 2637 2636
f 2638 2639 2637
f 2641 2642 2643
f 2641 2643 2640
f 2644 2647 2648
f 2645 2646 2647
f 2645 2647 2644
f 2654 2652 2653
f 2651 2652 2654
f 2649 2650 2651
f 2655 2649 2651
f 2655 2651 2654
f 2658 2657 2656
f 2658 2659 2657
f 2686 2660 2687
f 2688 2687 2660
f 2685 2660 2686
f 2689 2688 2660
f 2684 2660 2685
f 2683 2660 2684
f 2682 2661 2660
f 2682 2660 2683
f 2681 2661 2682
f 2680 2661 2681
f 2679 2661 2680
f 2678 2661 2679
f 2677 2661 2678
f 2662 2690 2689
f 2662 2691 2690
f 2662 2692 2691
f 2662 2693 2692
f 2662 2694 2693
f 2662 2695 2694
f 2662 2696 2695
f 2662 2697 2696
f 2662 2689 2660
f 2698 2697 2662
f 2699 2698 2662
f 2664 2699 2662
f 2663 2664 2662
f 2663 2665 2664
f 2663 2666 2665
f 2663 2667 2666
f 2663 2668 2667
f 2663 2669 2668
f 2663 2670 2669
f 2663 2671 2670
f 2663 2672 2671
f 2663 2673 2672
f 2663 2674 2673
f 2663 2675 2674
f 2663 2661 2675
f 2675 2661 2676
f 2676 2661 2677
f 2702 2701 2700
f 2702 2703 2701
f 2706 2705 2704
f 2707 2705 2706
f 2710 2709 2708
f 2710 2711 2709
f 2714 2715 2716
f 2717 2714 2716
f 2712 2713 2714
f 2712 2714 2717
f 2726 2721 2719
f 2727 2726 2728
f 2727 2721 2726
f 2729 2718 2720
f 2730 2728 2726
f 2730 2726 2719
f 2731 2728 2730
f 2732 2727 2728
f 2733 2729 2734
f 2733 2732 2735
f 2736 2722 2721
f 2736 2721 2727
f 2737 2730 2719
f 2737 2731 2730
f 2738 2718 2729
f 2738 2731 2718
f 2738 2728 2731
f 2738 2735 2732
f 2738 2732 2728
f 2738 2729 2733
f 2738 2733 2735
f 2739 2727 2732
f 2739 2733 2734
f 2739 2732 2733
f 2739 2736 2727
f 2740 2723 2722
f 2740 2724 2723
f 2740 2722 2736
f 2741 2719 2718
f 2741 2737 2719
f 2741 2718 2731
f 2741 2731 2737
f 2742 2725 2724
f 2742 2720 2725
f 2742 2724 2740
f 2742 2729 2720
f 2742 2739 2734
f 2742 2736 2739
f 2742 2734 2729
f 2742 2740 2736
f 2751 2743 2745
f 2751 2745 2750
f 2752 2753 2754
f 2752 2754 2755
f 2756 2753 2752
f 2756 2757 2753
f 2756 2758 2757
f 2756 2752 2758
f 2759 2747 2746
f 2759 2754 2753
f 2759 2755 2754
f 2760 2749 2748
f 2760 2750 2749
f 2760 2757 2751
f 2760 2751 2750
f 2760 2753 2757
f 2761 2759 2746
f 2761 2755 2759
f 2762 2752 2755
f 2762 2755 2761
f 2763 2758 2752
f 2763 2752 2762
f 2764 2751 2757
f 2764 2743 2751
f 2764 2757 2758
f 2765 2747 2759
f 2765 2759 2753
f 2765 2753 2760
f 2766 2748 2747
f 2766 2760 2748
f 2766 2747 2765
f 2766 2765 2760
f 2767 2761 2746
f 2768 2762 2761
f 2768 2761 2767
f 2769 2763 2762
f 2769 2762 2768
f 2770 2743 2764
f 2770 2758 2763
f 2770 2764 2758
f 2771 2746 2744
f 2771 2767 2746
f 2771 2768 2767
f 2772 2769 2768
f 2772 2768 2771
f 2773 2743 2770
f 2773 2763 2769
f 2773 2770 2763
f 2774 2772 2771
f 2775 2743 2773
f 2775 2769 2772
f 2775 2773 2769
f 2776 2774 2771
f 2777 2743 2775
f 2777 2772 2774
f 2777 2775 2772
f 2778 2771 2744
f 2778 2776 2771
f 2779 2743 2777
f 2779 2774 2776
f 2779 2777 2774
f 2780 2743 2779
f 2780 2776 2778
f 2780 2779 2776
f 2781 2744 2743
f 2781 2780 2778
f 2781 2778 2744
f 2781 2743 2780
f 2785 2782 2783
f 2784 2785 2783
f 2787 2805 2786
f 2787 2806 2805
f 2788 2807 2806
f 2788 2806 2787
f 2789 2808 2807
f 2789 2807 2788
f 2790 2809 2808
f 2790 2808 2789
f 2791 2810 2809
f 2791 2809 2790
f 2792 2811 2810
f 2792 2810 2791
f 2793 2812 2811
f 2793 2811 2792
f 2794 2813 2812
f 2794 2812 2793
f 2795 2814 2813
f 2795 2813 2794
f 2796 2815 2814
f 2796 2814 2795
f 2797 2816 2815
f 2797 2815 2796
f 2798 2817 2816
f 2798 2818 2817
f 2798 2816 2797
f 2799 2818 2798
f 2800 2819 2818
f 2800 2820 2819
f 2800 2818 2799
f 2801 2820 2800
f 2802 2820 2801
f 2802 2821 2820
f 2803 2821 2802
f 2803 2822 2821
f 2804 2822 2803
f 2804 2823 2822
f 2825 2843 2824
f 2825 2844 2843
f 2826 2845 2844
f 2826 2844 2825
f 2827 2846 2845
f 2827 2845 2826
f 2828 2847 2846
f 2828 2846 2827
f 2829 2848 2847
f 2829 2847 2828
f 2830 2849 2848
f 2830 2848 2829
f 2831 2850 2849
f 2831 2849 2830
f 2832 2851 2850
f 2832 2850 2831
f 2833 2852 2851
f 2833 2851 2832
f 2834 2853 2852
f 2834 2852 2833
f 2835 2854 2853
f 2835 2853 2834
f 2836 2855 2854
f 2836 2856 2855
f 2836 2854 2835
f 2837 2856 2836
f 2838 2857 2856
f 2838 2858 2857
f 2838 2856 2837
f 2839 2858 2838
f 2840 2858 2839
f 2840 2859 2858
f 2841 2859 2840
f 2841 2860 2859
f 2842 2860 2841
f 2842 2861 2860
f 2902 2883 2884
f 2902 2884 2885
f 2902 2885 2903
f 2904 2885 2886
f 2904 2903 2885
f 2901 2883 2902
f 2905 2886 2887
f 2905 2904 2886
f 2900 2882 2883
f 2900 2883 2901
f 2906 2887 2888
f 2906 2905 2887
f 2899 2881 2882
f 2899 2882 2900
f 2907 2888 2889
f 2907 2906 2888
f 2898 2881 2899
f 2898 2880 2881
f 2879 2880 2898
f 2908 2907 2889
f 2908 2889 2890
f 2933 2879 2898
f 2909 2908 2890
f 2909 2890 2891
f 2932 2879 2933
f 2932 2878 2879
f 2877 2878 2932
f 2910 2891 2892
f 2910 2909 2891
f 2931 2877 2932
f 2911 2910 2892
f 2911 2892 2893
f 2930 2876 2877
f 2930 2877 2931
f 2894 2911 2893
f 2894 2912 2911
f 2875 2876 2930
f 2875 2930 2929
f 2913 2912 2894
f 2895 2913 2894
f 2874 2875 2929
f 2874 2929 2928
f 2896 2914 2913
f 2896 2913 2895
f 2873 2874 2928
f 2873 2928 2927
f 2926 2873 2927
f 2897 2914 2896
f 2897 2915 2914
f 2872 2873 2926
f 2916 2915 2897
f 2871 2926 2925
f 2871 2872 2926
f 2862 2916 2897
f 2870 2871 2925
f 2870 2925 2924
f 2863 2917 2916
f 2863 2916 2862
f 2864 2917 2863
f 2864 2918 2917
f 2864 2919 2918
f 2869 2923 2922
f 2869 2924 2923
f 2869 2870 2924
f 2865 2919 2864
f 2868 2869 2922
f 2866 2919 2865
f 2866 2920 2919
f 2866 2921 2920
f 2867 2921 2866
f 2867 2868 2922
f 2867 2922 2921
f 2935 2953 2934
f 2935 2971 2953
f 2936 2970 2971
f 2936 2971 2935
f 2937 2969 2970
f 2937 2970 2936
f 2938 2968 2969
f 2938 2969 2937
f 2939 2967 2968
f 2939 2968 2938
f 2940 2966 2967
f 2940 2967 2939
f 2941 2965 2966
f 2941 2966 2940
f 2942 2964 2965
f 2942 2965 2941
f 2943 2963 2964
f 2943 2964 2942
f 2944 2962 2963
f 2944 2963 2943
f 2945 2961 2962
f 2945 2962 2944
f 2946 2960 2961
f 2946 2961 2945
f 2947 2959 2960
f 2947 2960 2946
f 2948 2958 2959
f 2948 2959 2947
f 2949 2958 2948
f 2949 2957 2958
f 2950 2957 2949
f 2950 2956 2957
f 2951 2956 2950
f 2951 2955 2956
f 2952 2955 2951
f 2952 2954 2955
f 2974 2976 2975
f 2974 2977 2976
f 2974 2978 2977
f 2981 2980 2979
f 2972 2974 2973
f 2983 2982 2981
f 3006 2972 3007
f 3006 2974 2972
f 2984 2981 2979
f 2984 2983 2981
f 2985 2979 2978
f 2985 2978 2974
f 2985 2984 2979
f 3004 3006 3005
f 2987 2986 2985
f 2987 2985 2974
f 3002 3004 3003
f 2988 2987 2974
f 2990 2989 2988
f 2999 3001 3000
f 2999 3002 3001
f 2992 2991 2990
f 2992 2974 3006
f 2992 3006 3004
f 2992 2988 2974
f 2992 2990 2988
f 2997 2999 2998
f 2997 3002 2999
f 2994 2993 2992
f 2995 3002 2997
f 2995 2994 2992
f 2995 2997 2996
f 2995 3004 3002
f 2995 2992 3004
f 3048 3029 3030
f 3048 3030 3031
f 3048 3031 3049
f 3050 3031 3032
f 3050 3049 3031
f 3047 3029 3048
f 3051 3032 3033
f 3051 3050 3032
f 3046 3028 3029
f 3046 3029 3047
f 3052 3033 3034
f 3052 3051 3033
f 3045 3027 3028
f 3045 3028 3046
f 3053 3034 3035
f 3053 3052 3034
f 3044 3027 3045
f 3044 3026 3027
f 3025 3026 3044
f 3054 3053 3035
f 3054 3035 3036
f 3079 3025 3044
f 3055 3054 3036
f 3055 3036 3037
f 3078 3025 3079
f 3078 3024 3025
f 3023 3024 3078
f 3056 3037 3038
f 3056 3055 3037
f 3077 3023 3078
f 3057 3056 3038
f 3057 3038 3039
f 3076 3022 3023
f 3076 3023 3077
f 3040 3057 3039
f 3040 3058 3057
f 3021 3022 3076
f 3021 3076 3075
f 3059 3058 3040
f 3041 3059 3040
f 3020 3021 3075
f 3020 3075 3074
f 3042 3060 3059
f 3042 3059 3041
f 3019 3020 3074
f 3019 3074 3073
f 3072 3019 3073
f 3043 3060 3042
f 3043 3061 3060
f 3018 3019 3072
f 3062 3061 3043
f 3017 3072 3071
f 3017 3018 3072
f 3008 3062 3043
f 3016 3017 3071
f 3016 3071 3070
f 3009 3063 3062
f 3009 3062 3008
f 3010 3063 3009
f 3010 3064 3063
f 3010 3065 3064
f 3015 3069 3068
f 3015 3070 3069
f 3015 3016 3070
f 3011 3065 3010
f 3014 3015 3068
f 3012 3065 3011
f 3012 3066 3065
f 3012 3067 3066
f 3013 3067 3012
f 3013 3014 3068
f 3013 3068 3067
f 3081 3099 3080
f 3081 3117 3099
f 3082 3116 3117
f 3082 3117 3081
f 3083 3115 3116
f 3083 3116 3082
f 3084 3114 3115
f 3084 3115 3083
f 3085 3113 3114
f 3085 3114 3084
f 3086 3112 3113
f 3086 3113 3085
f 3087 3111 3112
f 3087 3112 3086
f 3088 3110 3111
f 3088 3111 3087
f 3089 3109 3110
f 3089 3110 3088
f 3090 3108 3109
f 3090 3109 3089
f 3091 3107 3108
f 3091 3108 3090
f 3092 3106 3107
f 3092 3107 3091
f 3093 3105 3106
f 3093 3106 3092
f 3094 3104 3105
f 3094 3105 3093
f 3095 3104 3094
f 3095 3103 3104
f 3096 3103 3095
f 3096 3102 3103
f 3097 3102 3096
f 3097 3101 3102
f 3098 3101 3097
f 3098 3100 3101
f 3120 3122 3121
f 3120 3123 3122
f 3126 3124 3123
f 3126 3125 3124
f 3118 3120 3119
f 3129 3127 3126
f 3129 3128 3127
f 3152 3118 3153
f 3130 3126 3123
f 3130 3129 3126
f 3150 3152 3151
f 3150 3120 3118
f 3150 3118 3152
f 3133 3131 3130
f 3133 3132 3131
f 3136 3135 3134
f 3144 3146 3145
f 3144 3147 3146
f 3144 3148 3147
f 3144 3149 3148
f 3144 3150 3149
f 3138 3134 3133
f 3138 3137 3136
f 3138 3123 3120
f 3138 3130 3123
f 3138 3120 3150
f 3138 3133 3130
f 3138 3150 3144
f 3138 3136 3134
f 3140 3139 3138
f 3141 3138 3144
f 3141 3140 3138
f 3141 3143 3142
f 3141 3144 3143
f 3156 3155 3159
f 3158 3159 3155
f 3188 3155 3154
f 3188 3158 3155
f 3160 3156 3159
f 3187 3188 3154
f 3161 3156 3160
f 3162 3156 3161
f 3157 3156 3162
f 3203 3184 3185
f 3203 3185 3186
f 3203 3186 3187
f 3203 3187 3154
f 3204 3177 3178
f 3204 3178 3179
f 3204 3179 3180
f 3204 3180 3181
f 3204 3181 3182
f 3204 3182 3183
f 3204 3183 3184
f 3204 3184 3203
f 3195 3163 3164
f 3195 3189 3190
f 3195 3190 3191
f 3195 3191 3192
f 3195 3192 3193
f 3195 3193 3194
f 3195 3194 3163
f 3205 3170 3171
f 3205 3171 3172
f 3205 3172 3173
f 3205 3173 3174
f 3205 3174 3175
f 3205 3175 3176
f 3205 3176 3177
f 3205 3177 3204
f 3206 3164 3165
f 3206 3165 3166
f 3206 3166 3167
f 3206 3167 3168
f 3206 3168 3169
f 3206 3169 3170
f 3206 3170 3205
f 3206 3195 3164
f 3207 3195 3206
f 3207 3196 3195
f 3208 3197 3196
f 3208 3196 3207
f 3209 3198 3197
f 3209 3197 3208
f 3210 3199 3198
f 3210 3198 3209
f 3211 3200 3199
f 3211 3199 3210
f 3202 3201 3200
f 3202 3200 3211
f 3217 3219 3216
f 3247 3229 3230
f 3239 3240 3214
f 3238 3239 3214
f 3249 3236 3237
f 3249 3237 3238
f 3248 3238 3214
f 3248 3249 3238
f 3215 3248 3214
f 3250 3223 3222
f 3251 3230 3231
f 3252 3225 3224
f 3252 3226 3225
f 3252 3227 3226
f 3253 3224 3223
f 3253 3223 3250
f 3253 3252 3224
f 3254 3227 3252
f 3254 3252 3253
f 3255 3250 3256
f 3255 3253 3250
f 3255 3254 3253
f 3257 3228 3227
f 3257 3227 3254
f 3257 3254 3255
f 3257 3255 3256
f 3258 3220 3219
f 3258 3221 3220
f 3258 3222 3221
f 3258 3219 3217
f 3258 3250 3222
f 3259 3250 3258
f 3260 3250 3259
f 3261 3256 3250
f 3261 3250 3260
f 3262 3217 3218
f 3262 3258 3217
f 3262 3259 3258
f 3262 3260 3259
f 3263 3228 3257
f 3264 3261 3260
f 3265 3263 3257
f 3265 3256 3251
f 3265 3257 3256
f 3266 3233 3234
f 3266 3234 3235
f 3266 3235 3228
f 3266 3228 3263
f 3266 3263 3267
f 3268 3261 3264
f 3268 3256 3261
f 3269 3218 3212
f 3269 3260 3262
f 3269 3264 3260
f 3269 3262 3218
f 3269 3268 3264
f 3270 3263 3265
f 3270 3231 3232
f 3270 3232 3233
f 3270 3233 3266
f 3270 3266 3267
f 3270 3265 3251
f 3270 3251 3231
f 3270 3267 3263
f 3271 3256 3268
f 3271 3251 3256
f 3272 3271 3268
f 3273 3212 3213
f 3273 3269 3212
f 3273 3268 3269
f 3273 3272 3268
f 3274 3251 3271
f 3274 3271 3272
f 3274 3272 3273
f 3275 3251 3274
f 3276 3213 3214
f 3276 3274 3273
f 3276 3275 3274
f 3276 3273 3213
f 3277 3214 3240
f 3277 3240 3241
f 3277 3241 3242
f 3277 3242 3243
f 3277 3243 3244
f 3277 3244 3245
f 3277 3245 3246
f 3277 3246 3247
f 3277 3230 3251
f 3277 3251 3275
f 3277 3275 3276
f 3277 3276 3214
f 3277 3247 3230
f 3290 3279 3278
f 3290 3280 3279
f 3291 3281 3280
f 3291 3280 3290
f 3292 3282 3281
f 3292 3281 3291
f 3293 3283 3282
f 3293 3282 3292
f 3294 3284 3283
f 3294 3283 3293
f 3295 3285 3284
f 3295 3284 3294
f 3296 3286 3285
f 3296 3285 3295
f 3297 3287 3286
f 3297 3286 3296
f 3289 3288 3287
f 3289 3287 3297
f 3326 3317 3316
f 3326 3318 3317
f 3325 3316 3315
f 3325 3326 3316
f 3324 3315 3314
f 3324 3325 3315
f 3305 3309 3304
f 3306 3309 3305
f 3302 3319 3301
f 3303 3319 3302
f 3327 3313 3312
f 3327 3314 3313
f 3327 3323 3324
f 3327 3324 3314
f 3328 3322 3323
f 3328 3323 3327
f 3329 3312 3311
f 3329 3321 3322
f 3329 3328 3327
f 3329 3322 3328
f 3329 3327 3312
f 3330 3311 3310
f 3330 3320 3321
f 3330 3321 3329
f 3330 3329 3311
f 3331 3330 3310
f 3331 3320 3330
f 3332 3310 3309
f 3332 3319 3320
f 3332 3320 3331
f 3332 3331 3310
f 3333 3298 3299
f 3333 3299 3300
f 3333 3300 3301
f 3333 3306 3307
f 3333 3307 3308
f 3333 3308 3298
f 3333 3319 3332
f 3333 3309 3306
f 3333 3301 3319
f 3333 3332 3309
f 3335 3344 3334
f 3335 3353 3344
f 3336 3352 3353
f 3336 3353 3335
f 3337 3351 3352
f 3337 3352 3336
f 3338 3350 3351
f 3338 3351 3337
f 3339 3349 3350
f 3339 3350 3338
f 3340 3348 3349
f 3340 3349 3339
f 3341 3347 3348
f 3341 3348 3340
f 3342 3346 3347
f 3342 3347 3341
f 3343 3345 3346
f 3343 3346 3342
f 3373 3359 3358
f 3372 3359 3373
f 3371 3359 3372
f 3382 3357 3356
f 3383 3374 3357
f 3383 3382 3356
f 3383 3357 3382
f 3384 3356 3355
f 3385 3356 3384
f 3386 3356 3385
f 3387 3355 3354
f 3388 3375 3374
f 3388 3374 3383
f 3388 3356 3386
f 3388 3383 3356
f 3389 3355 3387
f 3390 3355 3389
f 3391 3355 3390
f 3392 3355 3391
f 3392 3384 3355
f 3393 3385 3384
f 3393 3384 3392
f 3394 3385 3393
f 3394 3393 3376
f 3394 3386 3385
f 3395 3376 3375
f 3395 3375 3388
f 3395 3388 3386
f 3395 3394 3376
f 3395 3386 3394
f 3396 3354 3364
f 3396 3387 3354
f 3396 3389 3387
f 3397 3389 3396
f 3398 3390 3389
f 3398 3389 3397
f 3399 3390 3398
f 3399 3391 3390
f 3400 3391 3399
f 3400 3392 3391
f 3401 3392 3400
f 3401 3376 3393
f 3401 3393 3392
f 3402 3401 3377
f 3402 3376 3401
f 3403 3402 3377
f 3403 3376 3402
f 3403 3377 3376
f 3404 3364 3363
f 3404 3396 3364
f 3405 3396 3404
f 3405 3397 3396
f 3406 3398 3397
f 3406 3397 3405
f 3406 3399 3398
f 3407 3399 3406
f 3408 3363 3362
f 3408 3404 3363
f 3409 3399 3407
f 3409 3400 3399
f 3410 3405 3404
f 3410 3406 3405
f 3410 3404 3408
f 3411 3401 3400
f 3411 3377 3401
f 3411 3400 3409
f 3412 3406 3410
f 3413 3377 3411
f 3414 3407 3406
f 3414 3406 3412
f 3415 3378 3377
f 3415 3377 3413
f 3416 3408 3362
f 3417 3409 3407
f 3417 3407 3414
f 3418 3410 3408
f 3418 3408 3416
f 3419 3409 3417
f 3419 3411 3409
f 3420 3412 3410
f 3420 3414 3412
f 3420 3410 3418
f 3421 3413 3411
f 3421 3411 3419
f 3422 3414 3420
f 3423 3378 3415
f 3423 3415 3413
f 3423 3413 3421
f 3424 3419 3417
f 3424 3417 3414
f 3424 3414 3422
f 3425 3362 3361
f 3425 3416 3362
f 3426 3419 3424
f 3427 3418 3416
f 3427 3416 3425
f 3427 3425 3361
f 3428 3421 3419
f 3428 3419 3426
f 3429 3427 3361
f 3429 3420 3418
f 3429 3418 3427
f 3430 3379 3378
f 3430 3378 3423
f 3430 3423 3421
f 3430 3421 3428
f 3431 3429 3361
f 3431 3422 3420
f 3431 3420 3429
f 3431 3424 3422
f 3432 3424 3431
f 3432 3426 3424
f 3433 3426 3432
f 3434 3426 3433
f 3434 3428 3426
f 3434 3430 3428
f 3435 3430 3434
f 3435 3379 3430
f 3436 3361 3360
f 3437 3361 3436
f 3437 3436 3360
f 3438 3431 3361
f 3438 3361 3437
f 3439 3432 3431
f 3439 3431 3438
f 3440 3432 3439
f 3440 3433 3432
f 3441 3433 3440
f 3441 3434 3433
f 3441 3435 3434
f 3442 3379 3435
f 3442 3380 3379
f 3442 3381 3380
f 3442 3435 3441
f 3443 3360 3359
f 3444 3443 3359
f 3444 3360 3443
f 3445 3437 3360
f 3445 3360 3444
f 3445 3359 3371
f 3445 3444 3359
f 3446 3371 3370
f 3446 3445 3371
f 3446 3438 3437
f 3446 3437 3445
f 3447 3370 3369
f 3447 3439 3438
f 3447 3438 3446
f 3447 3446 3370
f 3448 3369 3368
f 3448 3440 3439
f 3448 3439 3447
f 3448 3447 3369
f 3449 3368 3367
f 3449 3441 3440
f 3449 3440 3448
f 3449 3448 3368
f 3450 3366 3365
f 3450 3367 3366
f 3450 3365 3381
f 3450 3441 3449
f 3450 3381 3442
f 3450 3442 3441
f 3450 3449 3367
f 3460 3461 3471
f 3459 3471 3470
f 3459 3460 3471
f 3458 3470 3469
f 3458 3459 3470
f 3457 3469 3468
f 3457 3458 3469
f 3456 3468 3467
f 3456 3457 3468
f 3455 3467 3466
f 3455 3456 3467
f 3454 3466 3465
f 3454 3455 3466
f 3453 3465 3464
f 3453 3454 3465
f 3452 3464 3463
f 3452 3453 3464
f 3451 3463 3462
f 3451 3452 3463
f 3556 3568 3499
f 3569 3481 3482
f 3569 3482 3500
f 3570 3569 3500
f 3570 3480 3481
f 3570 3481 3569
f 3571 3480 3570
f 3571 3479 3480
f 3571 3570 3500
f 3572 3571 3500
f 3572 3478 3479
f 3572 3479 3571
f 3573 3477 3478
f 3573 3478 3572
f 3573 3572 3500
f 3574 3476 3477
f 3574 3573 3500
f 3574 3477 3573
f 3575 3475 3476
f 3575 3574 3500
f 3575 3476 3574
f 3576 3474 3475
f 3576 3475 3575
f 3576 3575 3500
f 3577 3473 3474
f 3577 3474 3576
f 3578 3472 3473
f 3578 3473 3577
f 3578 3567 3472
f 3579 3500 3499
f 3580 3500 3579
f 3580 3579 3499
f 3581 3580 3499
f 3581 3500 3580
f 3582 3581 3499
f 3582 3500 3581
f 3583 3582 3499
f 3583 3500 3582
f 3584 3583 3499
f 3584 3500 3583
f 3584 3576 3500
f 3585 3584 3499
f 3585 3577 3576
f 3585 3576 3584
f 3586 3577 3585
f 3586 3499 3568
f 3586 3567 3578
f 3586 3578 3577
f 3586 3568 3567
f 3586 3585 3499
f 3587 3499 3498
f 3588 3499 3587
f 3589 3587 3498
f 3590 3499 3588
f 3591 3589 3498
f 3591 3587 3589
f 3592 3499 3590
f 3592 3559 3558
f 3593 3587 3591
f 3594 3499 3592
f 3594 3592 3558
f 3594 3558 3557
f 3595 3588 3587
f 3595 3587 3593
f 3596 3594 3557
f 3596 3499 3594
f 3597 3588 3595
f 3597 3590 3588
f 3598 3499 3596
f 3598 3556 3499
f 3598 3596 3557
f 3598 3557 3556
f 3599 3590 3597
f 3600 3559 3592
f 3600 3599 3562
f 3600 3590 3599
f 3600 3592 3590
f 3600 3562 3561
f 3601 3600 3561
f 3601 3559 3600
f 3601 3560 3559
f 3601 3561 3560
f 3602 3498 3497
f 3602 3591 3498
f 3602 3593 3591
f 3603 3595 3593
f 3603 3593 3602
f 3603 3602 3551
f 3604 3597 3595
f 3604 3603 3551
f 3604 3595 3603
f 3605 3562 3599
f 3605 3599 3597
f 3605 3604 3551
f 3605 3563 3562
f 3605 3597 3604
f 3606 3563 3605
f 3606 3605 3551
f 3607 3564 3563
f 3607 3551 3566
f 3607 3606 3551
f 3607 3563 3606
f 3608 3564 3607
f 3608 3607 3566
f 3608 3565 3564
f 3608 3566 3565
f 3609 3602 3497
f 3610 3609 3497
f 3610 3602 3609
f 3611 3610 3497
f 3611 3551 3602
f 3611 3602 3610
f 3612 3551 3611
f 3612 3611 3497
f 3613 3551 3612
f 3614 3551 3613
f 3615 3551 3614
f 3616 3551 3615
f 3617 3551 3616
f 3618 3551 3617
f 3618 3552 3551
f 3619 3612 3497
f 3619 3497 3496
f 3620 3613 3612
f 3620 3612 3619
f 3621 3614 3613
f 3621 3613 3620
f 3622 3615 3614
f 3622 3614 3621
f 3623 3619 3496
f 3624 3616 3615
f 3624 3615 3622
f 3625 3619 3623
f 3626 3617 3616
f 3626 3616 3624
f 3627 3619 3625
f 3628 3618 3617
f 3628 3552 3618
f 3628 3617 3626
f 3628 3553 3552
f 3629 3619 3627
f 3630 3620 3619
f 3630 3619 3629
f 3631 3621 3620
f 3631 3620 3630
f 3632 3622 3621
f 3632 3621 3631
f 3633 3624 3622
f 3633 3626 3624
f 3633 3622 3632
f 3634 3626 3633
f 3634 3628 3626
f 3634 3553 3628
f 3634 3554 3553
f 3635 3496 3495
f 3635 3625 3623
f 3635 3623 3496
f 3635 3627 3625
f 3635 3629 3627
f 3635 3630 3629
f 3636 3631 3630
f 3636 3630 3635
f 3637 3631 3636
f 3637 3632 3631
f 3638 3633 3632
f 3638 3632 3637
f 3639 3634 3633
f 3639 3633 3638
f 3640 3554 3634
f 3640 3634 3639
f 3641 3635 3495
f 3642 3635 3641
f 3643 3635 3642
f 3644 3635 3643
f 3645 3635 3644
f 3646 3635 3645
f 3646 3636 3635
f 3647 3636 3646
f 3647 3637 3636
f 3647 3638 3637
f 3648 3639 3638
f 3648 3638 3647
f 3649 3554 3640
f 3649 3640 3639
f 3649 3555 3554
f 3649 3639 3648
f 3650 3642 3641
f 3650 3643 3642
f 3650 3644 3643
f 3650 3645 3644
f 3650 3646 3645
f 3650 3495 3494
f 3650 3641 3495
f 3651 3646 3650
f 3651 3647 3646
f 3652 3647 3651
f 3652 3648 3647
f 3653 3648 3652
f 3654 3649 3648
f 3654 3648 3653
f 3655 3555 3649
f 3655 3649 3654
f 3656 3650 3494
f 3657 3650 3656
f 3658 3650 3657
f 3659 3650 3658
f 3660 3650 3659
f 3661 3651 3650
f 3661 3650 3660
f 3662 3652 3651
f 3662 3651 3661
f 3663 3653 3652
f 3663 3652 3662
f 3664 3555 3655
f 3664 3654 3653
f 3664 3655 3654
f 3664 3653 3663
f 3664 3545 3555
f 3665 3656 3494
f 3665 3657 3656
f 3665 3658 3657
f 3666 3660 3659
f 3666 3658 3665
f 3666 3659 3658
f 3667 3661 3660
f 3667 3660 3666
f 3668 3661 3667
f 3669 3662 3661
f 3669 3661 3668
f 3669 3668 3547
f 3670 3665 3494
f 3671 3662 3669
f 3671 3663 3662
f 3671 3547 3546
f 3671 3664 3663
f 3671 3669 3547
f 3672 3665 3670
f 3673 3671 3546
f 3673 3664 3671
f 3674 3666 3665
f 3674 3665 3672
f 3675 3664 3673
f 3675 3546 3545
f 3675 3545 3664
f 3675 3673 3546
f 3676 3667 3666
f 3676 3666 3674
f 3677 3494 3493
f 3677 3670 3494
f 3678 3667 3676
f 3678 3548 3547
f 3678 3547 3668
f 3678 3668 3667
f 3679 3670 3677
f 3680 3548 3678
f 3680 3678 3550
f 3681 3674 3672
f 3681 3672 3670
f 3681 3670 3679
f 3682 3548 3680
f 3682 3680 3550
f 3682 3549 3548
f 3682 3550 3549
f 3683 3676 3674
f 3683 3674 3681
f 3684 3676 3683
f 3684 3678 3676
f 3685 3550 3678
f 3685 3542 3550
f 3685 3678 3684
f 3686 3542 3685
f 3686 3685 3537
f 3687 3542 3686
f 3687 3686 3537
f 3687 3543 3542
f 3688 3687 3537
f 3688 3543 3687
f 3688 3544 3543
f 3688 3537 3544
f 3689 3679 3677
f 3689 3677 3493
f 3690 3679 3689
f 3691 3679 3690
f 3691 3681 3679
f 3692 3683 3681
f 3692 3681 3691
f 3693 3684 3683
f 3693 3683 3692
f 3694 3537 3685
f 3694 3684 3693
f 3694 3685 3684
f 3695 3537 3694
f 3696 3537 3695
f 3697 3538 3537
f 3697 3537 3696
f 3698 3493 3492
f 3698 3690 3689
f 3698 3693 3692
f 3698 3689 3493
f 3698 3691 3690
f 3698 3692 3691
f 3699 3693 3698
f 3699 3694 3693
f 3700 3695 3694
f 3700 3694 3699
f 3701 3696 3695
f 3701 3695 3700
f 3702 3697 3696
f 3702 3696 3701
f 3703 3538 3697
f 3703 3697 3702
f 3704 3698 3492
f 3705 3698 3704
f 3706 3698 3705
f 3707 3698 3706
f 3708 3698 3707
f 3709 3698 3708
f 3709 3699 3698
f 3710 3699 3709
f 3710 3700 3699
f 3711 3700 3710
f 3711 3701 3700
f 3712 3701 3711
f 3712 3539 3538
f 3712 3538 3703
f 3712 3702 3701
f 3712 3703 3702
f 3713 3708 3707
f 3713 3492 3491
f 3713 3704 3492
f 3713 3707 3706
f 3713 3705 3704
f 3713 3706 3705
f 3714 3709 3708
f 3714 3708 3713
f 3715 3711 3710
f 3715 3709 3714
f 3715 3710 3709
f 3716 3711 3715
f 3717 3712 3711
f 3717 3711 3716
f 3718 3539 3712
f 3718 3712 3717
f 3719 3713 3491
f 3720 3713 3719
f 3721 3713 3720
f 3722 3713 3721
f 3723 3714 3713
f 3723 3713 3722
f 3724 3714 3723
f 3725 3715 3714
f 3725 3714 3724
f 3726 3716 3715
f 3726 3717 3716
f 3726 3715 3725
f 3727 3539 3718
f 3727 3718 3717
f 3727 3717 3726
f 3727 3540 3539
f 3728 3491 3490
f 3728 3722 3721
f 3728 3720 3719
f 3728 3721 3720
f 3728 3723 3722
f 3728 3719 3491
f 3729 3724 3723
f 3729 3723 3728
f 3730 3724 3729
f 3731 3725 3724
f 3731 3726 3725
f 3731 3724 3730
f 3732 3726 3731
f 3733 3726 3732
f 3733 3727 3726
f 3734 3540 3727
f 3734 3727 3733
f 3735 3728 3490
f 3736 3728 3735
f 3737 3728 3736
f 3738 3728 3737
f 3739 3730 3729
f 3739 3729 3728
f 3739 3728 3738
f 3740 3730 3739
f 3741 3731 3730
f 3741 3740 3541
f 3741 3730 3740
f 3742 3732 3731
f 3742 3731 3741
f 3742 3741 3541
f 3743 3541 3540
f 3743 3733 3732
f 3743 3540 3734
f 3743 3732 3742
f 3743 3734 3733
f 3743 3742 3541
f 3744 3490 3489
f 3744 3735 3490
f 3744 3736 3735
f 3744 3738 3737
f 3744 3737 3736
f 3745 3740 3739
f 3745 3738 3744
f 3745 3739 3738
f 3746 3740 3745
f 3746 3541 3740
f 3747 3744 3489
f 3748 3746 3531
f 3748 3541 3746
f 3748 3531 3530
f 3749 3744 3747
f 3750 3541 3748
f 3750 3748 3530
f 3751 3744 3749
f 3752 3541 3750
f 3752 3750 3530
f 3752 3530 3529
f 3753 3744 3751
f 3754 3541 3752
f 3754 3752 3529
f 3754 3529 3536
f 3754 3536 3541
f 3755 3744 3753
f 3755 3745 3744
f 3756 3746 3745
f 3756 3531 3746
f 3756 3745 3755
f 3757 3531 3756
f 3757 3756 3533
f 3758 3747 3489
f 3758 3489 3488
f 3758 3749 3747
f 3758 3751 3749
f 3758 3753 3751
f 3759 3531 3757
f 3759 3757 3533
f 3759 3532 3531
f 3759 3533 3532
f 3760 3753 3758
f 3761 3755 3753
f 3761 3760 3524
f 3761 3753 3760
f 3762 3761 3524
f 3762 3756 3755
f 3762 3533 3756
f 3762 3755 3761
f 3763 3534 3533
f 3763 3762 3524
f 3763 3533 3762
f 3764 3534 3763
f 3764 3763 3524
f 3765 3535 3534
f 3765 3524 3535
f 3765 3534 3764
f 3765 3764 3524
f 3766 3758 3488
f 3767 3766 3488
f 3767 3758 3766
f 3768 3767 3488
f 3768 3758 3767
f 3769 3524 3760
f 3769 3760 3758
f 3769 3768 3488
f 3769 3758 3768
f 3770 3524 3769
f 3771 3524 3770
f 3772 3524 3771
f 3773 3524 3772
f 3774 3524 3773
f 3775 3525 3524
f 3775 3524 3774
f 3776 3488 3487
f 3776 3769 3488
f 3777 3770 3769
f 3777 3769 3776
f 3778 3770 3777
f 3778 3771 3770
f 3778 3772 3771
f 3779 3772 3778
f 3780 3776 3487
f 3781 3772 3779
f 3781 3773 3772
f 3782 3776 3780
f 3783 3774 3773
f 3783 3773 3781
f 3784 3776 3782
f 3785 3525 3775
f 3785 3774 3783
f 3785 3526 3525
f 3785 3775 3774
f 3786 3776 3784
f 3787 3776 3786
f 3787 3777 3776
f 3788 3778 3777
f 3788 3777 3787
f 3789 3779 3778
f 3789 3778 3788
f 3790 3781 3779
f 3790 3779 3789
f 3791 3781 3790
f 3791 3783 3781
f 3791 3526 3785
f 3791 3785 3783
f 3791 3527 3526
f 3792 3487 3486
f 3792 3786 3784
f 3792 3780 3487
f 3792 3782 3780
f 3792 3784 3782
f 3792 3787 3786
f 3793 3788 3787
f 3793 3787 3792
f 3793 3789 3788
f 3794 3790 3789
f 3794 3789 3793
f 3795 3790 3794
f 3796 3791 3790
f 3796 3790 3795
f 3797 3527 3791
f 3797 3791 3796
f 3798 3792 3486
f 3799 3792 3798
f 3800 3792 3799
f 3801 3792 3800
f 3802 3792 3801
f 3803 3793 3792
f 3803 3792 3802
f 3804 3793 3803
f 3804 3794 3793
f 3805 3795 3794
f 3805 3794 3804
f 3806 3528 3527
f 3806 3796 3795
f 3806 3527 3797
f 3806 3797 3796
f 3806 3795 3805
f 3807 3486 3485
f 3807 3798 3486
f 3807 3800 3799
f 3807 3799 3798
f 3807 3801 3800
f 3807 3802 3801
f 3808 3804 3803
f 3808 3803 3802
f 3808 3802 3807
f 3809 3804 3808
f 3809 3805 3804
f 3810 3805 3809
f 3811 3805 3810
f 3811 3806 3805
f 3812 3806 3811
f 3812 3528 3806
f 3813 3807 3485
f 3814 3807 3813
f 3815 3807 3814
f 3816 3807 3815
f 3817 3807 3816
f 3818 3807 3817
f 3818 3808 3807
f 3819 3808 3818
f 3819 3809 3808
f 3820 3810 3809
f 3820 3809 3819
f 3821 3810 3820
f 3821 3811 3810
f 3821 3812 3811
f 3821 3528 3812
f 3821 3513 3528
f 3822 3813 3485
f 3822 3814 3813
f 3822 3815 3814
f 3823 3816 3815
f 3823 3815 3822
f 3824 3816 3823
f 3824 3817 3816
f 3824 3818 3817
f 3825 3819 3818
f 3825 3818 3824
f 3826 3822 3485
f 3827 3819 3825
f 3827 3516 3515
f 3828 3822 3826
f 3829 3819 3827
f 3829 3820 3819
f 3829 3515 3514
f 3829 3827 3515
f 3830 3823 3822
f 3830 3822 3828
f 3831 3821 3820
f 3831 3820 3829
f 3831 3829 3514
f 3832 3824 3823
f 3832 3823 3830
f 3833 3513 3821
f 3833 3514 3513
f 3833 3821 3831
f 3833 3831 3514
f 3834 3825 3824
f 3834 3824 3832
f 3835 3485 3484
f 3835 3826 3485
f 3836 3827 3825
f 3836 3519 3518
f 3836 3516 3827
f 3836 3825 3834
f 3836 3834 3519
f 3837 3826 3835
f 3838 3517 3516
f 3838 3518 3517
f 3838 3516 3836
f 3838 3836 3518
f 3839 3828 3826
f 3839 3826 3837
f 3840 3830 3828
f 3840 3828 3839
f 3841 3832 3830
f 3841 3830 3840
f 3842 3520 3519
f 3842 3519 3834
f 3842 3834 3832
f 3842 3841 3510
f 3842 3832 3841
f 3843 3842 3510
f 3843 3520 3842
f 3844 3520 3843
f 3844 3843 3510
f 3844 3521 3520
f 3844 3510 3523
f 3845 3521 3844
f 3845 3844 3523
f 3845 3522 3521
f 3845 3523 3522
f 3846 3835 3484
f 3847 3837 3835
f 3847 3835 3846
f 3848 3837 3847
f 3848 3839 3837
f 3848 3840 3839
f 3848 3847 3511
f 3849 3848 3511
f 3849 3840 3848
f 3850 3849 3511
f 3850 3840 3849
f 3850 3510 3841
f 3850 3841 3840
f 3851 3850 3511
f 3851 3510 3850
f 3852 3851 3511
f 3852 3510 3851
f 3853 3852 3511
f 3853 3510 3852
f 3854 3853 3511
f 3854 3510 3853
f 3854 3511 3510
f 3855 3484 3483
f 3855 3506 3505
f 3855 3507 3506
f 3855 3508 3507
f 3855 3509 3508
f 3855 3483 3509
f 3855 3846 3484
f 3855 3847 3846
f 3855 3511 3847
f 3856 3505 3504
f 3856 3511 3855
f 3856 3855 3505
f 3857 3504 3503
f 3857 3511 3856
f 3857 3856 3504
f 3858 3503 3502
f 3858 3857 3503
f 3858 3511 3857
f 3859 3511 3858
f 3859 3858 3502
f 3860 3502 3501
f 3860 3512 3511
f 3860 3501 3512
f 3860 3511 3859
f 3860 3859 3502
f 3873 3861 3862
f 3873 3872 3861
f 3874 3862 3863
f 3874 3873 3862
f 3875 3863 3864
f 3875 3874 3863
f 3876 3864 3865
f 3876 3875 3864
f 3877 3865 3866
f 3877 3876 3865
f 3878 3866 3867
f 3878 3877 3866
f 3879 3867 3868
f 3879 3878 3867
f 3880 3868 3869
f 3880 3879 3868
f 3871 3869 3870
f 3871 3880 3869
f 3917 3889 3890
f 3917 3890 3899
f 3918 3888 3889
f 3918 3889 3917
f 3919 3887 3888
f 3919 3888 3918
f 3920 3886 3887
f 3920 3887 3919
f 3921 3885 3886
f 3921 3886 3920
f 3922 3884 3885
f 3922 3885 3921
f 3923 3883 3884
f 3923 3884 3922
f 3924 3881 3882
f 3924 3882 3883
f 3924 3909 3881
f 3924 3883 3923
f 3925 3899 3898
f 3925 3917 3899
f 3926 3918 3917
f 3926 3917 3925
f 3927 3919 3918
f 3927 3918 3926
f 3928 3920 3919
f 3928 3919 3927
f 3929 3921 3920
f 3929 3920 3928
f 3930 3922 3921
f 3930 3921 3929
f 3931 3923 3922
f 3931 3922 3930
f 3932 3923 3931
f 3932 3910 3909
f 3932 3924 3923
f 3932 3909 3924
f 3933 3898 3897
f 3933 3925 3898
f 3934 3926 3925
f 3934 3925 3933
f 3935 3926 3934
f 3935 3927 3926
f 3936 3927 3935
f 3936 3928 3927
f 3937 3929 3928
f 3937 3928 3936
f 3938 3929 3937
f 3938 3930 3929
f 3939 3931 3930
f 3939 3930 3938
f 3940 3931 3939
f 3940 3911 3910
f 3940 3932 3931
f 3940 3910 3932
f 3941 3897 3896
f 3941 3934 3933
f 3941 3933 3897
f 3942 3934 3941
f 3943 3936 3935
f 3943 3934 3942
f 3943 3935 3934
f 3944 3936 3943
f 3944 3937 3936
f 3945 3937 3944
f 3946 3938 3937
f 3946 3937 3945
f 3947 3939 3938
f 3947 3938 3946
f 3948 3911 3940
f 3948 3912 3911
f 3948 3940 3939
f 3948 3939 3947
f 3949 3896 3895
f 3949 3941 3896
f 3950 3942 3941
f 3950 3941 3949
f 3951 3943 3942
f 3951 3942 3950
f 3952 3943 3951
f 3952 3944 3943
f 3953 3945 3944
f 3953 3944 3952
f 3954 3945 3953
f 3954 3946 3945
f 3955 3947 3946
f 3955 3946 3954
f 3956 3913 3912
f 3956 3912 3948
f 3956 3948 3947
f 3956 3947 3955
f 3957 3895 3894
f 3957 3949 3895
f 3958 3950 3949
f 3958 3951 3950
f 3958 3949 3957
f 3959 3951 3958
f 3960 3952 3951
f 3960 3951 3959
f 3961 3954 3953
f 3961 3953 3952
f 3961 3952 3960
f 3962 3954 3961
f 3963 3954 3962
f 3963 3955 3954
f 3963 3956 3955
f 3964 3956 3963
f 3964 3914 3913
f 3964 3913 3956
f 3965 3894 3893
f 3965 3957 3894
f 3966 3957 3965
f 3966 3958 3957
f 3967 3958 3966
f 3967 3959 3958
f 3967 3960 3959
f 3968 3960 3967
f 3969 3961 3960
f 3969 3960 3968
f 3970 3962 3961
f 3970 3961 3969
f 3971 3964 3963
f 3971 3963 3962
f 3971 3962 3970
f 3972 3914 3964
f 3972 3964 3971
f 3972 3915 3914
f 3972 3916 3915
f 3973 3892 3891
f 3973 3893 3892
f 3973 3966 3965
f 3973 3908 3907
f 3973 3891 3908
f 3973 3965 3893
f 3974 3973 3907
f 3974 3966 3973
f 3975 3974 3907
f 3975 3907 3906
f 3975 3966 3974
f 3975 3967 3966
f 3976 3975 3906
f 3976 3905 3904
f 3976 3906 3905
f 3976 3969 3968
f 3976 3967 3975
f 3976 3968 3967
f 3977 3904 3903
f 3977 3976 3904
f 3977 3969 3976
f 3978 3971 3970
f 3978 3977 3903
f 3978 3970 3969
f 3978 3969 3977
f 3979 3903 3902
f 3979 3978 3903
f 3979 3971 3978
f 3980 3901 3900
f 3980 3902 3901
f 3980 3972 3971
f 3980 3916 3972
f 3980 3900 3916
f 3980 3971 3979
f 3980 3979 3902
f 3986 3995 3996
f 3987 3996 3997
f 3987 3986 3996
f 3988 3997 3998
f 3988 3998 3999
f 3988 3987 3997
f 3989 3999 4000
f 3989 4000 4001
f 3989 3988 3999
f 3990 4001 4002
f 3990 3989 4001
f 3991 4002 4003
f 3991 4003 4004
f 3991 3990 4002
f 3992 4004 3984
f 3992 3991 4004
f 3993 3984 3983
f 3993 3992 3984
f 3994 3983 3982
f 3994 3993 3983
f 3985 3982 3981
f 3985 3994 3982
f 4013 4014 4015
f 4013 4015 4024
f 4012 4024 4023
f 4012 4013 4024
f 4011 4023 4022
f 4011 4012 4023
f 4010 4021 4020
f 4010 4022 4021
f 4010 4011 4022
f 4009 4010 4020
f 4008 4020 4019
f 4008 4009 4020
f 4007 4019 4018
f 4007 4008 4019
f 4006 4018 4017
f 4006 4007 4018
f 4005 4017 4016
f 4005 4006 4017
f 4043 4044 4052
f 4035 4036 4034
f 4053 4045 4025
f 4053 4046 4045
f 4054 4053 4025
f 4055 4054 4025
f 4056 4047 4046
f 4056 4053 4054
f 4056 4046 4053
f 4057 4025 4026
f 4057 4055 4025
f 4058 4054 4055
f 4058 4056 4054
f 4059 4048 4047
f 4059 4049 4048
f 4059 4047 4056
f 4060 4057 4026
f 4061 4055 4057
f 4061 4058 4055
f 4062 4059 4056
f 4062 4056 4058
f 4063 4060 4026
f 4064 4057 4060
f 4064 4061 4057
f 4065 4062 4058
f 4065 4058 4061
f 4066 4050 4049
f 4066 4049 4059
f 4066 4059 4062
f 4067 4026 4027
f 4067 4027 4028
f 4067 4063 4026
f 4068 4064 4060
f 4068 4060 4063
f 4069 4061 4064
f 4069 4065 4061
f 4070 4062 4065
f 4070 4066 4062
f 4071 4051 4050
f 4071 4050 4066
f 4072 4028 4029
f 4072 4067 4028
f 4072 4063 4067
f 4072 4068 4063
f 4073 4064 4068
f 4073 4069 4064
f 4074 4070 4065
f 4074 4065 4069
f 4075 4071 4066
f 4075 4066 4070
f 4076 4068 4072
f 4076 4073 4068
f 4077 4069 4073
f 4077 4074 4069
f 4078 4070 4074
f 4078 4075 4070
f 4079 4051 4071
f 4079 4042 4043
f 4079 4071 4075
f 4079 4052 4051
f 4079 4043 4052
f 4080 4029 4030
f 4080 4030 4031
f 4080 4076 4072
f 4080 4072 4029
f 4081 4073 4076
f 4081 4077 4073
f 4082 4074 4077
f 4082 4078 4074
f 4083 4041 4042
f 4083 4075 4078
f 4083 4079 4075
f 4083 4042 4079
f 4084 4031 4032
f 4084 4080 4031
f 4084 4076 4080
f 4084 4081 4076
f 4085 4077 4081
f 4085 4082 4077
f 4086 4040 4041
f 4086 4041 4083
f 4086 4078 4082
f 4086 4083 4078
f 4087 4081 4084
f 4087 4085 4081
f 4088 4040 4086
f 4088 4038 4039
f 4088 4039 4040
f 4088 4086 4082
f 4088 4082 4085
f 4089 4032 4033
f 4089 4087 4084
f 4089 4084 4032
f 4090 4037 4038
f 4090 4085 4087
f 4090 4088 4085
f 4090 4038 4088
f 4091 4033 4034
f 4091 4036 4037
f 4091 4037 4090
f 4091 4089 4033
f 4091 4087 4089
f 4091 4090 4087
f 4091 4034 4036
f 4101 4102 4112
f 4100 4112 4111
f 4100 4101 4112
f 4099 4110 4109
f 4099 4111 4110
f 4099 4100 4111
f 4098 4109 4108
f 4098 4099 4109
f 4097 4108 4107
f 4097 4098 4108
f 4096 4107 4106
f 4096 4097 4107
f 4095 4106 4105
f 4095 4096 4106
f 4094 4105 4104
f 4094 4095 4105
f 4093 4104 4103
f 4093 4094 4104
f 4092 4093 4103
f 4121 4122 4123
f 4120 4121 4123
f 4119 4120 4123
f 4118 4119 4123
f 4117 4118 4123
f 4116 4117 4123
f 4115 4116 4123
f 4114 4115 4123
f 4113 4114 4123
f 4130 4113 4123
f 4129 4140 4130
f 4128 4141 4129
f 4127 4142 4128
f 4126 4143 4127
f 4125 4144 4126
f 4136 4145 4137
f 4135 4145 4136
f 4134 4145 4135
f 4133 4145 4134
f 4132 4145 4133
f 4131 4145 4132
f 4146 4113 4130
f 4146 4130 4140
f 4147 4113 4146
f 4147 4146 4140
f 4148 4113 4147
f 4148 4147 4140
f 4149 4113 4148
f 4149 4148 4140
f 4150 4113 4149
f 4150 4149 4140
f 4151 4113 4150
f 4151 4150 4140
f 4152 4113 4151
f 4152 4151 4140
f 4153 4140 4113
f 4153 4113 4152
f 4153 4152 4140
f 4154 4140 4129
f 4154 4129 4141
f 4155 4154 4141
f 4155 4140 4154
f 4156 4155 4141
f 4156 4140 4155
f 4157 4156 4141
f 4157 4140 4156
f 4158 4157 4141
f 4158 4140 4157
f 4159 4158 4141
f 4159 4140 4158
f 4160 4159 4141
f 4160 4140 4159
f 4161 4160 4141
f 4161 4140 4160
f 4161 4141 4140
f 4162 4141 4128
f 4162 4128 4142
f 4163 4162 4142
f 4163 4141 4162
f 4164 4163 4142
f 4164 4141 4163
f 4165 4164 4142
f 4165 4141 4164
f 4166 4165 4142
f 4166 4141 4165
f 4167 4166 4142
f 4167 4141 4166
f 4168 4167 4142
f 4168 4141 4167
f 4169 4142 4141
f 4169 4168 4142
f 4169 4141 4168
f 4170 4142 4127
f 4170 4127 4143
f 4171 4170 4143
f 4171 4142 4170
f 4172 4171 4143
f 4172 4142 4171
f 4173 4172 4143
f 4173 4142 4172
f 4174 4173 4143
f 4174 4142 4173
f 4175 4174 4143
f 4175 4142 4174
f 4176 4175 4143
f 4176 4142 4175
f 4177 4143 4142
f 4177 4176 4143
f 4177 4142 4176
f 4178 4143 4126
f 4178 4126 4144
f 4179 4178 4144
f 4179 4143 4178
f 4180 4179 4144
f 4180 4143 4179
f 4181 4180 4144
f 4181 4143 4180
f 4182 4181 4144
f 4182 4143 4181
f 4183 4182 4144
f 4183 4143 4182
f 4184 4183 4144
f 4184 4143 4183
f 4185 4144 4143
f 4185 4184 4144
f 4185 4143 4184
f 4186 4125 4124
f 4186 4124 4139
f 4186 4144 4125
f 4187 4139 4138
f 4187 4186 4139
f 4187 4144 4186
f 4188 4138 4137
f 4188 4187 4138
f 4188 4144 4187
f 4188 4137 4145
f 4189 4188 4145
f 4189 4144 4188
f 4190 4189 4145
f 4190 4144 4189
f 4191 4190 4145
f 4191 4144 4190
f 4192 4191 4145
f 4192 4144 4191
f 4193 4192 4145
f 4193 4144 4192
f 4193 4145 4144
f 4194 4205 4217
f 4195 4216 4215
f 4195 4217 4216
f 4195 4194 4217
f 4196 4215 4214
f 4196 4195 4215
f 4197 4213 4212
f 4197 4214 4213
f 4197 4196 4214
f 4198 4212 4211
f 4198 4197 4212
f 4199 4211 4210
f 4199 4198 4211
f 4200 4210 4209
f 4200 4199 4210
f 4201 4209 4208
f 4201 4200 4209
f 4202 4208 4207
f 4202 4201 4208
f 4203 4207 4206
f 4203 4202 4207
f 4204 4203 4206
f 4247 4227 4232
f 4248 4249 4250
f 4251 4232 4231
f 4251 4250 4249
f 4251 4249 4232
f 4252 4231 4230
f 4253 4252 4254
f 4255 4252 4230
f 4255 4254 4252
f 4256 4230 4229
f 4257 4256 4229
f 4258 4246 4245
f 4258 4245 4259
f 4260 4233 4246
f 4261 4218 4219
f 4262 4247 4232
f 4263 4264 4265
f 4263 4266 4267
f 4263 4265 4268
f 4263 4247 4262
f 4263 4267 4247
f 4263 4268 4266
f 4269 4249 4248
f 4269 4232 4249
f 4270 4243 4218
f 4270 4261 4264
f 4270 4218 4261
f 4271 4250 4272
f 4271 4248 4250
f 4271 4243 4270
f 4271 4270 4248
f 4271 4272 4243
f 4273 4272 4250
f 4273 4250 4251
f 4273 4251 4274
f 4275 4273 4274
f 4275 4243 4272
f 4275 4272 4273
f 4276 4251 4231
f 4276 4274 4251
f 4277 4244 4243
f 4277 4275 4274
f 4277 4243 4275
f 4278 4252 4253
f 4278 4231 4252
f 4279 4277 4253
f 4279 4280 4244
f 4279 4254 4280
f 4279 4253 4254
f 4279 4244 4277
f 4281 4255 4230
f 4281 4282 4255
f 4283 4244 4280
f 4284 4230 4256
f 4284 4256 4285
f 4286 4245 4244
f 4286 4244 4283
f 4286 4283 4282
f 4287 4257 4288
f 4287 4288 4259
f 4287 4256 4257
f 4289 4256 4287
f 4289 4285 4256
f 4289 4259 4245
f 4289 4287 4259
f 4290 4286 4285
f 4290 4245 4286
f 4290 4285 4289
f 4290 4289 4245
f 4291 4288 4257
f 4291 4259 4288
f 4291 4258 4259
f 4292 4258 4291
f 4292 4257 4229
f 4292 4291 4257
f 4292 4293 4258
f 4294 4292 4229
f 4294 4293 4292
f 4295 4294 4229
f 4295 4229 4228
f 4295 4293 4294
f 4296 4246 4258
f 4296 4258 4293
f 4297 4298 4299
f 4297 4299 4300
f 4297 4300 4301
f 4297 4301 4302
f 4297 4302 4260
f 4303 4297 4260
f 4303 4260 4246
f 4304 4298 4295
f 4304 4242 4241
f 4304 4228 4242
f 4304 4295 4228
f 4305 4223 4224
f 4305 4224 4225
f 4306 4219 4220
f 4306 4220 4221
f 4306 4221 4222
f 4306 4222 4223
f 4306 4223 4305
f 4306 4261 4219
f 4307 4265 4264
f 4307 4267 4266
f 4307 4268 4265
f 4307 4247 4267
f 4307 4266 4268
f 4308 4264 4261
f 4308 4307 4264
f 4309 4264 4263
f 4309 4270 4264
f 4310 4270 4309
f 4310 4232 4269
f 4311 4270 4310
f 4311 4310 4269
f 4311 4269 4248
f 4311 4248 4270
f 4312 4274 4276
f 4312 4277 4274
f 4313 4277 4312
f 4313 4276 4231
f 4313 4312 4276
f 4314 4253 4277
f 4314 4277 4313
f 4314 4278 4253
f 4315 4254 4255
f 4315 4255 4282
f 4315 4280 4254
f 4315 4283 4280
f 4315 4282 4283
f 4316 4281 4230
f 4316 4230 4284
f 4317 4316 4286
f 4317 4282 4281
f 4317 4281 4316
f 4317 4286 4282
f 4318 4285 4286
f 4318 4316 4284
f 4318 4286 4316
f 4318 4284 4285
f 4319 4296 4293
f 4319 4293 4295
f 4320 4303 4246
f 4320 4246 4296
f 4320 4319 4295
f 4320 4296 4319
f 4321 4295 4298
f 4321 4298 4297
f 4321 4297 4303
f 4321 4303 4320
f 4321 4320 4295
f 4322 4298 4304
f 4323 4298 4322
f 4324 4298 4323
f 4324 4299 4298
f 4324 4300 4299
f 4324 4301 4300
f 4324 4302 4301
f 4324 4260 4302
f 4325 4239 4238
f 4325 4240 4239
f 4325 4241 4240
f 4325 4304 4241
f 4326 4225 4226
f 4326 4226 4227
f 4326 4227 4247
f 4326 4247 4307
f 4326 4305 4225
f 4327 4309 4263
f 4327 4310 4309
f 4327 4232 4310
f 4327 4262 4232
f 4327 4263 4262
f 4328 4313 4231
f 4328 4314 4313
f 4328 4278 4314
f 4328 4231 4278
f 4329 4324 4330
f 4329 4234 4233
f 4329 4233 4260
f 4329 4260 4324
f 4331 4235 4234
f 4331 4236 4235
f 4331 4237 4236
f 4331 4238 4237
f 4331 4329 4330
f 4331 4330 4325
f 4331 4325 4238
f 4331 4234 4329
f 4332 4326 4307
f 4332 4306 4305
f 4332 4261 4306
f 4332 4308 4261
f 4332 4307 4308
f 4332 4305 4326
f 4333 4330 4324
f 4333 4325 4330
f 4333 4324 4323
f 4333 4322 4304
f 4333 4323 4322
f 4333 4304 4325
f 4348 4334 4335
f 4348 4357 4334
f 4349 4335 4336
f 4349 4348 4335
f 4350 4336 4337
f 4350 4349 4336
f 4351 4337 4338
f 4351 4338 4339
f 4351 4350 4337
f 4352 4339 4340
f 4352 4351 4339
f 4353 4340 4341
f 4353 4352 4340
f 4354 4341 4342
f 4354 4353 4341
f 4355 4342 4343
f 4355 4343 4344
f 4355 4354 4342
f 4356 4344 4345
f 4356 4355 4344
f 4347 4345 4346
f 4347 4356 4345
f 4362 4361 4374
f 4362 4374 4375
f 4363 4362 4375
f 4364 4375 4376
f 4364 4363 4375
f 4365 4364 4376
f 4366 4376 4377
f 4366 4365 4376
f 4367 4366 4377
f 4368 4377 4378
f 4368 4367 4377
f 4369 4378 4379
f 4369 4368 4378
f 4370 4369 4379
f 4371 4379 4380
f 4371 4380 4381
f 4371 4370 4379
f 4372 4381 4382
f 4372 4371 4381
f 4373 4382 4383
f 4373 4372 4382
f 4360 4359 4358
f 4360 4383 4359
f 4360 4373 4383
f 4420 4392 4393
f 4420 4393 4394
f 4420 4394 4399
f 4421 4416 4384
f 4422 4399 4398
f 4423 4424 4425
f 4423 4425 4422
f 4423 4422 4398
f 4426 4424 4427
f 4428 4417 4416
f 4429 4430 4397
f 4429 4431 4430
f 4432 4429 4397
f 4432 4397 4396
f 4432 4433 4434
f 4435 4417 4436
f 4437 4435 4434
f 4437 4434 4433
f 4437 4417 4435
f 4438 4432 4396
f 4438 4433 4432
f 4439 4418 4417
f 4439 4417 4437
f 4439 4437 4433
f 4440 4441 4442
f 4443 4419 4418
f 4444 4401 4400
f 4444 4414 4413
f 4444 4415 4414
f 4444 4400 4415
f 4444 4413 4419
f 4445 4384 4385
f 4445 4385 4386
f 4445 4386 4387
f 4445 4421 4384
f 4445 4446 4421
f 4447 4448 4420
f 4447 4446 4449
f 4447 4450 4448
f 4447 4449 4451
f 4447 4421 4446
f 4447 4451 4450
f 4447 4420 4399
f 4452 4425 4421
f 4452 4421 4447
f 4452 4422 4425
f 4453 4423 4398
f 4453 4427 4424
f 4453 4424 4423
f 4454 4426 4416
f 4454 4424 4426
f 4454 4425 4424
f 4454 4421 4425
f 4454 4416 4421
f 4455 4416 4426
f 4455 4426 4427
f 4456 4453 4398
f 4456 4398 4397
f 4457 4428 4416
f 4457 4458 4428
f 4459 4458 4456
f 4459 4456 4397
f 4460 4459 4397
f 4460 4428 4458
f 4460 4397 4430
f 4460 4458 4459
f 4461 4428 4460
f 4461 4460 4430
f 4462 4431 4429
f 4462 4436 4431
f 4463 4436 4462
f 4463 4462 4429
f 4463 4435 4436
f 4463 4429 4432
f 4464 4435 4463
f 4464 4463 4432
f 4464 4432 4434
f 4464 4434 4435
f 4465 4433 4438
f 4465 4439 4433
f 4465 4440 4439
f 4466 4440 4465
f 4466 4396 4441
f 4466 4465 4438
f 4466 4441 4440
f 4466 4438 4396
f 4467 4441 4396
f 4467 4442 4441
f 4468 4440 4442
f 4468 4469 4418
f 4468 4442 4469
f 4468 4418 4439
f 4468 4439 4440
f 4470 4442 4467
f 4470 4467 4443
f 4471 4396 4395
f 4471 4443 4467
f 4471 4467 4396
f 4472 4471 4473
f 4474 4473 4471
f 4474 4471 4395
f 4475 4473 4476
f 4475 4472 4473
f 4475 4476 4477
f 4475 4477 4478
f 4475 4419 4472
f 4475 4478 4479
f 4475 4479 4480
f 4475 4444 4419
f 4475 4480 4444
f 4481 4476 4473
f 4481 4473 4474
f 4481 4395 4412
f 4481 4474 4395
f 4482 4481 4412
f 4482 4476 4481
f 4482 4477 4476
f 4483 4482 4412
f 4483 4477 4482
f 4484 4477 4483
f 4484 4412 4411
f 4484 4478 4477
f 4484 4483 4412
f 4485 4484 4411
f 4485 4478 4484
f 4485 4479 4478
f 4486 4411 4410
f 4486 4485 4411
f 4486 4479 4485
f 4486 4480 4479
f 4487 4402 4401
f 4487 4403 4402
f 4487 4404 4403
f 4487 4405 4404
f 4487 4406 4405
f 4487 4407 4406
f 4487 4408 4407
f 4487 4409 4408
f 4487 4410 4409
f 4487 4480 4486
f 4487 4486 4410
f 4487 4444 4480
f 4487 4401 4444
f 4488 4387 4388
f 4488 4388 4389
f 4488 4389 4390
f 4488 4390 4391
f 4488 4391 4392
f 4488 4392 4420
f 4488 4445 4387
f 4489 4420 4448
f 4489 4449 4446
f 4489 4448 4450
f 4489 4451 4449
f 4489 4488 4420
f 4489 4446 4445
f 4489 4450 4451
f 4489 4445 4488
f 4490 4447 4399
f 4490 4452 4447
f 4490 4422 4452
f 4490 4399 4422
f 4491 4453 4456
f 4491 4427 4453
f 4492 4456 4458
f 4492 4491 4456
f 4492 4457 4491
f 4492 4458 4457
f 4493 4428 4461
f 4493 4417 4428
f 4493 4436 4417
f 4493 4431 4436
f 4494 4442 4470
f 4494 4470 4443
f 4494 4443 4418
f 4494 4418 4469
f 4494 4469 4442
f 4495 4443 4471
f 4495 4419 4443
f 4495 4472 4419
f 4495 4471 4472
f 4496 4457 4416
f 4496 4491 4457
f 4496 4416 4455
f 4496 4427 4491
f 4496 4455 4427
f 4497 4493 4461
f 4497 4461 4430
f 4497 4430 4431
f 4497 4431 4493
f 4499 4498 4509
f 4508 4507 4519
f 4527 4515 4516
f 4527 4516 4517
f 4528 4527 4517
f 4529 4528 4517
f 4530 4514 4515
f 4530 4527 4528
f 4530 4515 4527
f 4531 4517 4518
f 4531 4529 4517
f 4532 4530 4528
f 4532 4528 4529
f 4533 4512 4513
f 4533 4513 4514
f 4533 4514 4530
f 4534 4531 4518
f 4535 4532 4529
f 4535 4529 4531
f 4536 4530 4532
f 4536 4533 4530
f 4537 4534 4518
f 4538 4531 4534
f 4538 4535 4531
f 4539 4536 4532
f 4539 4532 4535
f 4540 4511 4512
f 4540 4512 4533
f 4540 4533 4536
f 4541 4526 4525
f 4541 4518 4526
f 4541 4537 4518
f 4542 4538 4534
f 4542 4534 4537
f 4543 4535 4538
f 4543 4539 4535
f 4544 4536 4539
f 4544 4540 4536
f 4545 4510 4511
f 4545 4511 4540
f 4546 4542 4537
f 4546 4525 4524
f 4546 4541 4525
f 4546 4537 4541
f 4547 4543 4538
f 4547 4538 4542
f 4548 4539 4543
f 4548 4544 4539
f 4549 4540 4544
f 4549 4545 4540
f 4550 4547 4542
f 4550 4542 4546
f 4551 4548 4543
f 4551 4543 4547
f 4552 4544 4548
f 4552 4549 4544
f 4553 4500 4499
f 4553 4510 4545
f 4553 4509 4510
f 4553 4499 4509
f 4553 4545 4549
f 4554 4523 4522
f 4554 4550 4546
f 4554 4524 4523
f 4554 4546 4524
f 4555 4551 4547
f 4555 4547 4550
f 4556 4552 4548
f 4556 4548 4551
f 4557 4501 4500
f 4557 4502 4501
f 4557 4500 4553
f 4557 4553 4549
f 4557 4549 4552
f 4558 4555 4550
f 4558 4550 4554
f 4558 4522 4521
f 4558 4554 4522
f 4559 4551 4555
f 4559 4556 4551
f 4560 4503 4502
f 4560 4502 4557
f 4560 4557 4552
f 4560 4552 4556
f 4561 4559 4555
f 4561 4555 4558
f 4562 4504 4503
f 4562 4503 4560
f 4562 4560 4556
f 4562 4556 4559
f 4563 4521 4520
f 4563 4558 4521
f 4563 4561 4558
f 4564 4505 4504
f 4564 4506 4505
f 4564 4504 4562
f 4564 4559 4561
f 4564 4562 4559
f 4565 4507 4506
f 4565 4520 4519
f 4565 4506 4564
f 4565 4563 4520
f 4565 4561 4563
f 4565 4564 4561
f 4565 4519 4507
f 4588 4587 4571
f 4589 4588 4570
f 4567 4590 4568
f 4566 4591 4567
f 4575 4591 4566
f 4574 4591 4575
f 4573 4591 4574
f 4604 4602 4603
f 4604 4603 4572
f 4605 4602 4604
f 4605 4604 4572
f 4605 4601 4602
f 4606 4600 4601
f 4606 4601 4605
f 4606 4605 4572
f 4607 4599 4600
f 4607 4606 4572
f 4607 4600 4606
f 4608 4598 4599
f 4608 4607 4572
f 4608 4599 4607
f 4609 4596 4597
f 4609 4597 4598
f 4609 4598 4608
f 4610 4587 4586
f 4610 4586 4592
f 4610 4592 4593
f 4610 4593 4594
f 4610 4594 4595
f 4610 4595 4596
f 4610 4596 4609
f 4611 4572 4571
f 4612 4611 4571
f 4612 4572 4611
f 4613 4608 4572
f 4613 4572 4612
f 4613 4612 4571
f 4614 4613 4571
f 4614 4608 4613
f 4614 4609 4608
f 4615 4614 4571
f 4615 4587 4610
f 4615 4610 4609
f 4615 4609 4614
f 4615 4571 4587
f 4616 4571 4570
f 4617 4571 4616
f 4617 4616 4570
f 4618 4617 4570
f 4618 4571 4617
f 4619 4618 4570
f 4619 4571 4618
f 4620 4619 4570
f 4620 4571 4619
f 4621 4620 4570
f 4621 4571 4620
f 4621 4570 4588
f 4621 4588 4571
f 4622 4570 4569
f 4623 4570 4622
f 4624 4570 4623
f 4625 4570 4624
f 4626 4570 4625
f 4627 4570 4626
f 4628 4570 4627
f 4628 4589 4570
f 4629 4569 4568
f 4629 4623 4622
f 4629 4622 4569
f 4629 4568 4590
f 4630 4623 4629
f 4630 4629 4590
f 4631 4624 4623
f 4631 4625 4624
f 4631 4630 4590
f 4631 4623 4630
f 4632 4625 4631
f 4632 4631 4590
f 4633 4626 4625
f 4633 4627 4626
f 4633 4632 4590
f 4633 4625 4632
f 4634 4633 4590
f 4634 4627 4633
f 4635 4590 4589
f 4635 4628 4627
f 4635 4589 4628
f 4635 4634 4590
f 4635 4627 4634
f 4636 4590 4567
f 4636 4567 4591
f 4637 4636 4591
f 4637 4590 4636
f 4638 4637 4591
f 4638 4590 4637
f 4639 4638 4591
f 4639 4590 4638
f 4640 4639 4591
f 4640 4590 4639
f 4641 4640 4591
f 4641 4590 4640
f 4642 4591 4590
f 4642 4641 4591
f 4642 4590 4641
f 4643 4580 4579
f 4643 4581 4580
f 4643 4573 4581
f 4643 4591 4573
f 4644 4591 4643
f 4644 4579 4578
f 4644 4643 4579
f 4645 4591 4644
f 4645 4578 4577
f 4645 4644 4578
f 4646 4591 4645
f 4646 4645 4577
f 4646 4577 4576
f 4647 4591 4646
f 4647 4646 4576
f 4647 4576 4585
f 4648 4647 4585
f 4648 4585 4584
f 4648 4591 4647
f 4649 4648 4584
f 4649 4591 4648
f 4649 4583 4582
f 4649 4584 4583
f 4649 4582 4591
f 4662 4663 4664
f 4662 4664 4677
f 4661 4677 4676
f 4661 4662 4677
f 4660 4676 4675
f 4660 4661 4676
f 4659 4675 4674
f 4659 4660 4675
f 4658 4674 4673
f 4658 4659 4674
f 4657 4673 4672
f 4657 4658 4673
f 4656 4672 4671
f 4656 4657 4672
f 4655 4671 4670
f 4655 4656 4671
f 4654 4670 4669
f 4654 4655 4670
f 4653 4669 4668
f 4653 4654 4669
f 4652 4668 4667
f 4652 4653 4668
f 4651 4667 4666
f 4651 4652 4667
f 4650 4666 4665
f 4650 4651 4666
f 4679 4678 4681
f 4699 4681 4680
f 4699 4680 4690
f 4699 4679 4681
f 4698 4690 4689
f 4698 4699 4690
f 4697 4688 4687
f 4697 4689 4688
f 4697 4698 4689
f 4696 4687 4686
f 4696 4697 4687
f 4695 4686 4685
f 4695 4696 4686
f 4694 4685 4684
f 4694 4695 4685
f 4693 4684 4683
f 4693 4694 4684
f 4692 4683 4682
f 4692 4693 4683
f 4691 4692 4682
f 4732 4715 4733
f 4731 4716 4732
f 4730 4717 4731
f 4738 4727 4728
f 4738 4728 4734
f 4739 4738 4714
f 4739 4726 4727
f 4739 4727 4738
f 4740 4725 4726
f 4740 4726 4739
f 4740 4739 4714
f 4741 4725 4740
f 4741 4724 4725
f 4741 4740 4714
f 4742 4723 4724
f 4742 4724 4741
f 4742 4741 4714
f 4743 4722 4723
f 4743 4742 4714
f 4743 4723 4742
f 4744 4743 4714
f 4744 4722 4743
f 4744 4721 4722
f 4745 4720 4721
f 4745 4721 4744
f 4745 4744 4714
f 4746 4714 4713
f 4746 4713 4719
f 4746 4719 4720
f 4746 4745 4714
f 4746 4720 4745
f 4747 4714 4738
f 4747 4734 4733
f 4747 4733 4715
f 4747 4738 4734
f 4748 4747 4715
f 4748 4714 4747
f 4749 4748 4715
f 4749 4714 4748
f 4750 4749 4715
f 4750 4714 4749
f 4751 4714 4750
f 4751 4750 4715
f 4752 4714 4751
f 4752 4751 4715
f 4753 4752 4715
f 4753 4714 4752
f 4754 4753 4715
f 4754 4714 4753
f 4755 4715 4714
f 4755 4754 4715
f 4755 4714 4754
f 4756 4715 4732
f 4756 4732 4716
f 4757 4756 4716
f 4757 4715 4756
f 4758 4757 4716
f 4758 4715 4757
f 4759 4758 4716
f 4759 4715 4758
f 4760 4759 4716
f 4760 4715 4759
f 4761 4760 4716
f 4761 4715 4760
f 4762 4761 4716
f 4762 4715 4761
f 4763 4762 4716
f 4763 4715 4762
f 4764 4716 4715
f 4764 4763 4716
f 4764 4715 4763
f 4765 4716 4731
f 4765 4731 4717
f 4766 4765 4717
f 4766 4716 4765
f 4767 4766 4717
f 4767 4716 4766
f 4768 4767 4717
f 4768 4716 4767
f 4769 4768 4717
f 4769 4716 4768
f 4770 4769 4717
f 4770 4716 4769
f 4771 4770 4717
f 4771 4716 4770
f 4772 4771 4717
f 4772 4716 4771
f 4773 4717 4716
f 4773 4772 4717
f 4773 4716 4772
f 4774 4717 4730
f 4775 4717 4774
f 4776 4717 4775
f 4777 4717 4776
f 4778 4717 4777
f 4779 4717 4778
f 4780 4717 4779
f 4781 4717 4780
f 4782 4717 4781
f 4782 4718 4717
f 4783 4730 4729
f 4783 4774 4730
f 4783 4775 4774
f 4783 4776 4775
f 4783 4777 4776
f 4784 4777 4783
f 4784 4778 4777
f 4785 4778 4784
f 4785 4779 4778
f 4786 4780 4779
f 4786 4779 4785
f 4787 4781 4780
f 4787 4780 4786
f 4788 4782 4781
f 4788 4718 4782
f 4788 4781 4787
f 4789 4783 4729
f 4790 4783 4789
f 4791 4783 4790
f 4792 4783 4791
f 4793 4784 4783
f 4793 4783 4792
f 4794 4784 4793
f 4794 4785 4784
f 4795 4785 4794
f 4795 4786 4785
f 4795 4787 4786
f 4796 4787 4795
f 4797 4711 4710
f 4797 4712 4711
f 4797 4700 4712
f 4797 4710 4718
f 4797 4718 4788
f 4797 4788 4787
f 4797 4787 4796
f 4798 4790 4789
f 4798 4792 4791
f 4798 4789 4729
f 4798 4791 4790
f 4798 4729 4735
f 4798 4737 4736
f 4798 4735 4737
f 4799 4736 4709
f 4799 4798 4736
f 4799 4792 4798
f 4800 4708 4707
f 4800 4709 4708
f 4800 4799 4709
f 4800 4793 4792
f 4800 4792 4799
f 4801 4707 4706
f 4801 4800 4707
f 4801 4794 4793
f 4801 4793 4800
f 4802 4705 4704
f 4802 4706 4705
f 4802 4795 4794
f 4802 4794 4801
f 4802 4801 4706
f 4803 4703 4702
f 4803 4704 4703
f 4803 4802 4704
f 4803 4795 4802
f 4803 4796 4795
f 4804 4701 4700
f 4804 4702 4701
f 4804 4700 4797
f 4804 4797 4796
f 4804 4803 4702
f 4804 4796 4803
f 4806 4805 4807
f 4816 4807 4808
f 4816 4806 4807
f 4815 4808 4809
f 4815 4809 4812
f 4815 4816 4808
f 4814 4812 4811
f 4814 4815 4812
f 4813 4811 4810
f 4813 4814 4811
f 4852 4849 4848
f 4853 4854 4848
f 4853 4833 4854
f 4855 4838 4837
f 4855 4839 4838
f 4855 4837 4849
f 4856 4855 4849
f 4856 4840 4839
f 4856 4839 4855
f 4857 4840 4856
f 4857 4856 4849
f 4858 4857 4849
f 4858 4832 4831
f 4858 4841 4840
f 4858 4842 4841
f 4858 4843 4842
f 4858 4831 4843
f 4858 4840 4857
f 4859 4832 4858
f 4859 4858 4849
f 4859 4852 4832
f 4859 4849 4852
f 4860 4833 4832
f 4860 4832 4852
f 4861 4833 4860
f 4861 4848 4854
f 4861 4854 4833
f 4862 4848 4847
f 4862 4853 4848
f 4863 4834 4833
f 4863 4833 4853
f 4864 4863 4865
f 4864 4834 4863
f 4866 4847 4846
f 4867 4835 4834
f 4868 4866 4846
f 4868 4869 4866
f 4870 4867 4869
f 4870 4835 4867
f 4871 4846 4845
f 4871 4872 4873
f 4871 4873 4846
f 4874 4836 4835
f 4874 4835 4875
f 4874 4875 4872
f 4876 4877 4871
f 4876 4871 4845
f 4878 4836 4874
f 4878 4874 4877
f 4879 4880 4845
f 4879 4845 4844
f 4879 4881 4880
f 4882 4830 4836
f 4882 4836 4883
f 4882 4883 4881
f 4884 4817 4818
f 4884 4818 4819
f 4884 4819 4820
f 4884 4820 4821
f 4884 4850 4817
f 4884 4851 4850
f 4884 4844 4851
f 4885 4823 4824
f 4885 4824 4825
f 4886 4821 4822
f 4886 4884 4821
f 4887 4822 4823
f 4887 4823 4885
f 4888 4822 4887
f 4888 4886 4822
f 4889 4860 4852
f 4889 4861 4860
f 4889 4848 4861
f 4889 4852 4848
f 4890 4853 4862
f 4890 4863 4853
f 4891 4892 4865
f 4891 4865 4863
f 4891 4863 4890
f 4893 4892 4847
f 4893 4865 4892
f 4893 4866 4894
f 4893 4847 4866
f 4895 4834 4864
f 4895 4864 4894
f 4896 4834 4895
f 4896 4895 4894
f 4896 4894 4866
f 4896 4867 4834
f 4897 4896 4866
f 4897 4867 4896
f 4897 4866 4869
f 4897 4869 4867
f 4898 4869 4868
f 4898 4870 4869
f 4899 4870 4898
f 4899 4868 4846
f 4899 4898 4868
f 4899 4900 4870
f 4901 4899 4846
f 4901 4900 4899
f 4901 4873 4900
f 4901 4846 4873
f 4902 4835 4870
f 4902 4870 4900
f 4903 4902 4900
f 4903 4835 4902
f 4903 4900 4873
f 4903 4875 4835
f 4904 4903 4873
f 4904 4875 4903
f 4904 4873 4872
f 4904 4872 4875
f 4905 4872 4871
f 4905 4871 4877
f 4905 4874 4872
f 4905 4877 4874
f 4906 4878 4877
f 4906 4907 4878
f 4906 4877 4876
f 4908 4845 4880
f 4908 4907 4906
f 4908 4906 4876
f 4908 4876 4845
f 4908 4880 4907
f 4909 4883 4836
f 4909 4836 4878
f 4909 4878 4907
f 4910 4909 4907
f 4910 4883 4909
f 4910 4880 4881
f 4910 4907 4880
f 4910 4881 4883
f 4911 4881 4879
f 4911 4882 4881
f 4912 4882 4911
f 4912 4911 4879
f 4912 4830 4882
f 4913 4912 4879
f 4914 4913 4879
f 4915 4862 4847
f 4915 4890 4862
f 4915 4847 4892
f 4915 4892 4891
f 4915 4891 4890
f 4916 4864 4865
f 4916 4894 4864
f 4916 4865 4893
f 4916 4893 4894
f 4917 4879 4844
f 4917 4914 4879
f 4917 4844 4884
f 4917 4884 4886
f 4917 4887 4885
f 4917 4886 4888
f 4917 4888 4887
f 4918 4830 4912
f 4918 4829 4830
f 4918 4912 4913
f 4918 4913 4914
f 4919 4829 4918
f 4919 4918 4914
f 4919 4914 4917
f 4920 4827 4828
f 4920 4828 4829
f 4920 4829 4919
f 4920 4919 4917
f 4921 4885 4825
f 4921 4825 4826
f 4921 4826 4827
f 4921 4827 4920
f 4921 4917 4885
f 4921 4920 4917
f 4960 4948 4947
f 4961 4953 4959
f 4962 4935 4934
f 4962 4961 4959
f 4962 4934 4961
f 4963 4959 4958
f 4963 4935 4962
f 4963 4962 4959
f 4964 4936 4935
f 4964 4958 4957
f 4965 4957 4956
f 4966 4936 4965
f 4966 4937 4936
f 4966 4965 4956
f 4967 4938 4937
f 4967 4956 4955
f 4968 4955 4954
f 4969 4939 4938
f 4969 4968 4954
f 4969 4938 4968
f 4970 4931 4939
f 4970 4954 4922
f 4971 4943 4944
f 4971 4944 4945
f 4971 4945 4946
f 4971 4946 4949
f 4972 4943 4971
f 4972 4971 4949
f 4973 4932 4940
f 4973 4940 4941
f 4973 4941 4942
f 4973 4942 4943
f 4973 4972 4949
f 4973 4943 4972
f 4974 4933 4932
f 4974 4949 4948
f 4974 4973 4949
f 4974 4932 4973
f 4975 4933 4974
f 4975 4974 4948
f 4975 4960 4933
f 4975 4948 4960
f 4976 4934 4933
f 4976 4933 4960
f 4977 4934 4976
f 4977 4976 4952
f 4978 4953 4961
f 4978 4961 4934
f 4978 4934 4977
f 4979 4963 4958
f 4979 4935 4963
f 4979 4964 4935
f 4979 4958 4964
f 4980 4957 4965
f 4980 4965 4936
f 4980 4936 4964
f 4980 4964 4957
f 4981 4966 4956
f 4981 4937 4966
f 4981 4967 4937
f 4981 4956 4967
f 4982 4955 4968
f 4982 4938 4967
f 4982 4967 4955
f 4982 4968 4938
f 4983 4939 4969
f 4983 4970 4939
f 4983 4954 4970
f 4983 4969 4954
f 4984 4922 4923
f 4984 4923 4924
f 4984 4924 4925
f 4984 4970 4922
f 4984 4931 4970
f 4985 4925 4926
f 4985 4984 4925
f 4985 4931 4984
f 4986 4926 4927
f 4986 4985 4926
f 4986 4931 4985
f 4987 4927 4928
f 4987 4928 4929
f 4987 4929 4930
f 4987 4930 4931
f 4987 4986 4927
f 4987 4931 4986
f 4988 4960 4947
f 4988 4952 4976
f 4988 4947 4950
f 4988 4950 4951
f 4988 4951 4952
f 4988 4976 4960
f 4989 4977 4952
f 4989 4953 4978
f 4989 4952 4953
f 4989 4978 4977
f 4991 4990 5001
f 4991 5001 5012
f 4992 4991 5012
f 4993 4992 5012
f 4994 5012 5011
f 4994 4993 5012
f 4995 4994 5011
f 4996 5011 5010
f 4996 4995 5011
f 4997 5010 5009
f 4997 4996 5010
f 4998 5008 5007
f 4998 5009 5008
f 4998 4997 5009
f 4999 5005 5004
f 4999 5006 5005
f 4999 5007 5006
f 4999 4998 5007
f 5000 5003 5002
f 5000 5004 5003
f 5000 4999 5004
f 5023 5024 5025
f 5023 5025 5034
f 5022 5034 5033
f 5022 5023 5034
f 5021 5022 5033
f 5020 5033 5032
f 5020 5021 5033
f 5019 5032 5031
f 5019 5020 5032
f 5018 5031 5030
f 5018 5019 5031
f 5017 5030 5029
f 5017 5018 5030
f 5016 5029 5028
f 5016 5017 5029
f 5015 5028 5027
f 5015 5016 5028
f 5014 5027 5026
f 5014 5015 5027
f 5013 5014 5026
f 5036 5035 5048
f 5036 5048 5057
f 5037 5057 5056
f 5037 5036 5057
f 5038 5056 5055
f 5038 5037 5056
f 5039 5038 5055
f 5040 5055 5054
f 5040 5039 5055
f 5041 5054 5053
f 5041 5040 5054
f 5042 5053 5052
f 5042 5041 5053
f 5043 5042 5052
f 5044 5052 5051
f 5044 5043 5052
f 5045 5051 5050
f 5045 5044 5051
f 5046 5050 5049
f 5046 5045 5050
f 5047 5046 5049
f 5066 5067 5068
f 5058 5059 5078
f 5086 5074 5075
f 5086 5075 5076
f 5087 5086 5076
f 5088 5087 5076
f 5089 5073 5074
f 5089 5086 5087
f 5089 5074 5086
f 5090 5076 5077
f 5090 5088 5076
f 5091 5087 5088
f 5091 5089 5087
f 5092 5071 5072
f 5092 5072 5073
f 5092 5073 5089
f 5093 5090 5077
f 5094 5091 5088
f 5094 5088 5090
f 5095 5089 5091
f 5095 5092 5089
f 5096 5093 5077
f 5097 5094 5090
f 5097 5090 5093
f 5098 5095 5091
f 5098 5091 5094
f 5099 5070 5071
f 5099 5071 5092
f 5099 5092 5095
f 5100 5085 5084
f 5100 5077 5085
f 5100 5096 5077
f 5101 5093 5096
f 5101 5097 5093
f 5102 5094 5097
f 5102 5098 5094
f 5103 5095 5098
f 5103 5099 5095
f 5104 5069 5070
f 5104 5070 5099
f 5105 5084 5083
f 5105 5100 5084
f 5105 5096 5100
f 5105 5101 5096
f 5106 5097 5101
f 5106 5102 5097
f 5107 5103 5098
f 5107 5098 5102
f 5108 5099 5103
f 5108 5104 5099
f 5109 5101 5105
f 5109 5106 5101
f 5110 5102 5106
f 5110 5107 5102
f 5111 5108 5103
f 5111 5103 5107
f 5112 5065 5066
f 5112 5069 5104
f 5112 5068 5069
f 5112 5104 5108
f 5112 5066 5068
f 5113 5082 5081
f 5113 5083 5082
f 5113 5105 5083
f 5113 5109 5105
f 5114 5110 5106
f 5114 5106 5109
f 5115 5111 5107
f 5115 5107 5110
f 5116 5064 5065
f 5116 5112 5108
f 5116 5065 5112
f 5116 5108 5111
f 5117 5113 5081
f 5117 5081 5080
f 5117 5109 5113
f 5117 5114 5109
f 5118 5110 5114
f 5118 5115 5110
f 5119 5063 5064
f 5119 5111 5115
f 5119 5064 5116
f 5119 5116 5111
f 5120 5114 5117
f 5120 5118 5114
f 5121 5061 5062
f 5121 5062 5063
f 5121 5063 5119
f 5121 5119 5115
f 5121 5115 5118
f 5122 5080 5079
f 5122 5117 5080
f 5122 5120 5117
f 5123 5060 5061
f 5123 5118 5120
f 5123 5061 5121
f 5123 5121 5118
f 5124 5059 5060
f 5124 5079 5078
f 5124 5122 5079
f 5124 5120 5122
f 5124 5123 5120
f 5124 5060 5123
f 5124 5078 5059
f 5139 5125 5126
f 5140 5139 5126
f 5141 5126 5127
f 5141 5140 5126
f 5142 5127 5128
f 5142 5141 5127
f 5143 5128 5129
f 5143 5142 5128
f 5144 5129 5130
f 5144 5130 5131
f 5144 5143 5129
f 5145 5144 5131
f 5146 5131 5132
f 5146 5145 5131
f 5147 5132 5133
f 5147 5133 5134
f 5147 5146 5132
f 5148 5134 5135
f 5148 5147 5134
f 5149 5148 5135
f 5150 5135 5136
f 5150 5149 5135
f 5138 5136 5137
f 5138 5150 5136
f 5159 5160 5161
f 5159 5161 5170
f 5158 5170 5169
f 5158 5159 5170
f 5157 5169 5168
f 5157 5158 5169
f 5156 5168 5167
f 5156 5157 5168
f 5155 5167 5166
f 5155 5156 5167
f 5154 5166 5165
f 5154 5155 5166
f 5153 5164 5163
f 5153 5165 5164
f 5153 5154 5165
f 5152 5153 5163
f 5151 5163 5162
f 5151 5152 5163
f 5182 5183 5184
f 5182 5184 5193
f 5181 5193 5192
f 5181 5182 5193
f 5180 5192 5191
f 5180 5181 5192
f 5179 5180 5191
f 5178 5191 5190
f 5178 5179 5191
f 5177 5190 5189
f 5177 5178 5190
f 5176 5189 5188
f 5176 5177 5189
f 5175 5176 5188
f 5174 5188 5187
f 5174 5175 5188
f 5173 5187 5186
f 5173 5174 5187
f 5172 5186 5185
f 5172 5173 5186
f 5171 5172 5185
f 5212 5213 5221
f 5204 5205 5203
f 5222 5214 5194
f 5222 5215 5214
f 5223 5222 5194
f 5224 5223 5194
f 5225 5216 5215
f 5225 5215 5222
f 5225 5222 5223
f 5226 5194 5195
f 5226 5224 5194
f 5227 5223 5224
f 5227 5225 5223
f 5228 5217 5216
f 5228 5218 5217
f 5228 5216 5225
f 5229 5226 5195
f 5230 5227 5224
f 5230 5224 5226
f 5231 5228 5225
f 5231 5225 5227
f 5232 5229 5195
f 5233 5226 5229
f 5233 5230 5226
f 5234 5227 5230
f 5234 5231 5227
f 5235 5219 5218
f 5235 5218 5228
f 5235 5228 5231
f 5236 5195 5196
f 5236 5196 5197
f 5236 5232 5195
f 5237 5233 5229
f 5237 5229 5232
f 5238 5230 5233
f 5238 5234 5230
f 5239 5231 5234
f 5239 5235 5231
f 5240 5220 5219
f 5240 5219 5235
f 5241 5197 5198
f 5241 5236 5197
f 5241 5232 5236
f 5241 5237 5232
f 5242 5238 5233
f 5242 5233 5237
f 5243 5234 5238
f 5243 5239 5234
f 5244 5240 5235
f 5244 5235 5239
f 5245 5237 5241
f 5245 5242 5237
f 5246 5238 5242
f 5246 5243 5238
f 5247 5239 5243
f 5247 5244 5239
f 5248 5220 5240
f 5248 5240 5244
f 5248 5211 5212
f 5248 5221 5220
f 5248 5212 5221
f 5249 5198 5199
f 5249 5199 5200
f 5249 5245 5241
f 5249 5241 5198
f 5250 5242 5245
f 5250 5246 5242
f 5251 5247 5243
f 5251 5243 5246
f 5252 5210 5211
f 5252 5244 5247
f 5252 5211 5248
f 5252 5248 5244
f 5253 5200 5201
f 5253 5249 5200
f 5253 5245 5249
f 5253 5250 5245
f 5254 5246 5250
f 5254 5251 5246
f 5255 5209 5210
f 5255 5210 5252
f 5255 5247 5251
f 5255 5252 5247
f 5256 5250 5253
f 5256 5254 5250
f 5257 5207 5208
f 5257 5208 5209
f 5257 5255 5251
f 5257 5209 5255
f 5257 5251 5254
f 5258 5201 5202
f 5258 5256 5253
f 5258 5253 5201
f 5259 5206 5207
f 5259 5254 5256
f 5259 5257 5254
f 5259 5207 5257
f 5260 5202 5203
f 5260 5205 5206
f 5260 5206 5259
f 5260 5258 5202
f 5260 5256 5258
f 5260 5259 5256
f 5260 5203 5205
f 5270 5271 5283
f 5269 5283 5282
f 5269 5270 5283
f 5268 5282 5281
f 5268 5269 5282
f 5267 5280 5279
f 5267 5281 5280
f 5267 5268 5281
f 5266 5279 5278
f 5266 5267 5279
f 5265 5278 5277
f 5265 5266 5278
f 5264 5276 5275
f 5264 5277 5276
f 5264 5265 5277
f 5263 5275 5274
f 5263 5264 5275
f 5262 5274 5273
f 5262 5263 5274
f 5261 5273 5272
f 5261 5262 5273
f 5298 5284 5285
f 5299 5285 5286
f 5299 5298 5285
f 5300 5286 5287
f 5300 5299 5286
f 5301 5287 5288
f 5301 5288 5289
f 5301 5300 5287
f 5302 5289 5290
f 5302 5301 5289
f 5303 5290 5291
f 5303 5302 5290
f 5304 5291 5292
f 5304 5292 5293
f 5304 5303 5291
f 5305 5293 5294
f 5305 5304 5293
f 5306 5294 5295
f 5306 5305 5294
f 5297 5295 5296
f 5297 5306 5295
f 5344 5319 5345
f 5403 5336 5335
f 5403 5335 5346
f 5404 5337 5336
f 5404 5336 5403
f 5405 5338 5337
f 5405 5404 5318
f 5405 5337 5404
f 5406 5338 5405
f 5406 5339 5338
f 5406 5405 5318
f 5407 5340 5339
f 5407 5406 5318
f 5407 5339 5406
f 5408 5341 5340
f 5408 5407 5318
f 5408 5340 5407
f 5409 5342 5341
f 5409 5341 5408
f 5409 5408 5318
f 5410 5318 5317
f 5410 5342 5409
f 5410 5343 5342
f 5410 5317 5343
f 5410 5409 5318
f 5411 5345 5319
f 5411 5403 5346
f 5411 5346 5345
f 5411 5404 5403
f 5412 5411 5319
f 5412 5318 5404
f 5412 5404 5411
f 5413 5412 5319
f 5413 5318 5412
f 5414 5318 5413
f 5414 5413 5319
f 5415 5414 5319
f 5415 5318 5414
f 5416 5415 5319
f 5416 5318 5415
f 5417 5318 5416
f 5417 5416 5319
f 5418 5319 5318
f 5418 5417 5319
f 5418 5318 5417
f 5419 5319 5344
f 5419 5357 5356
f 5419 5344 5357
f 5420 5356 5355
f 5420 5319 5419
f 5420 5419 5356
f 5421 5319 5420
f 5421 5420 5355
f 5422 5319 5421
f 5423 5319 5422
f 5424 5319 5423
f 5425 5353 5352
f 5425 5354 5353
f 5426 5319 5424
f 5427 5425 5352
f 5427 5421 5355
f 5427 5352 5351
f 5427 5354 5425
f 5427 5355 5354
f 5427 5422 5421
f 5428 5320 5319
f 5428 5319 5426
f 5429 5427 5351
f 5429 5422 5427
f 5430 5423 5422
f 5430 5422 5429
f 5430 5424 5423
f 5431 5348 5347
f 5431 5349 5348
f 5432 5424 5430
f 5432 5426 5424
f 5433 5431 5347
f 5433 5349 5431
f 5433 5350 5349
f 5434 5426 5432
f 5435 5433 5347
f 5435 5350 5433
f 5435 5351 5350
f 5436 5426 5434
f 5436 5434 5320
f 5436 5320 5428
f 5436 5428 5426
f 5437 5429 5351
f 5437 5351 5435
f 5437 5435 5347
f 5438 5430 5429
f 5438 5429 5437
f 5438 5437 5347
f 5439 5430 5438
f 5439 5432 5430
f 5439 5438 5347
f 5440 5434 5432
f 5440 5432 5439
f 5440 5320 5434
f 5441 5321 5320
f 5441 5320 5440
f 5442 5347 5362
f 5443 5347 5442
f 5444 5347 5443
f 5445 5347 5444
f 5446 5347 5445
f 5447 5347 5446
f 5447 5439 5347
f 5448 5440 5439
f 5448 5441 5440
f 5448 5447 5321
f 5448 5439 5447
f 5449 5321 5441
f 5449 5448 5321
f 5449 5441 5448
f 5450 5442 5362
f 5450 5362 5361
f 5451 5443 5442
f 5451 5442 5450
f 5451 5444 5443
f 5452 5444 5451
f 5453 5444 5452
f 5453 5445 5444
f 5453 5446 5445
f 5454 5447 5446
f 5454 5446 5453
f 5455 5321 5447
f 5455 5447 5454
f 5456 5321 5455
f 5457 5322 5321
f 5457 5321 5456
f 5458 5453 5452
f 5458 5451 5450
f 5458 5450 5361
f 5458 5452 5451
f 5458 5361 5360
f 5459 5454 5453
f 5459 5453 5458
f 5460 5455 5454
f 5460 5454 5459
f 5461 5455 5460
f 5461 5456 5455
f 5462 5456 5461
f 5462 5322 5457
f 5462 5457 5456
f 5463 5458 5360
f 5464 5458 5463
f 5465 5458 5464
f 5466 5458 5465
f 5467 5459 5458
f 5467 5458 5466
f 5468 5459 5467
f 5468 5460 5459
f 5469 5461 5460
f 5469 5460 5468
f 5470 5323 5322
f 5470 5462 5461
f 5470 5322 5462
f 5470 5461 5469
f 5471 5360 5359
f 5471 5463 5360
f 5471 5464 5463
f 5471 5465 5464
f 5471 5466 5465
f 5471 5467 5466
f 5472 5467 5471
f 5473 5468 5467
f 5473 5467 5472
f 5474 5468 5473
f 5474 5469 5468
f 5475 5469 5474
f 5475 5323 5470
f 5475 5470 5469
f 5476 5471 5359
f 5477 5471 5476
f 5478 5471 5477
f 5479 5471 5478
f 5480 5471 5479
f 5480 5472 5471
f 5481 5472 5480
f 5481 5473 5472
f 5482 5473 5481
f 5482 5474 5473
f 5483 5323 5475
f 5483 5324 5323
f 5483 5474 5482
f 5483 5475 5474
f 5484 5477 5476
f 5484 5478 5477
f 5484 5479 5478
f 5484 5480 5479
f 5484 5359 5358
f 5484 5476 5359
f 5485 5480 5484
f 5485 5481 5480
f 5485 5482 5481
f 5486 5482 5485
f 5487 5324 5483
f 5487 5483 5482
f 5487 5482 5486
f 5488 5484 5358
f 5488 5358 5368
f 5489 5484 5488
f 5489 5488 5368
f 5489 5368 5367
f 5490 5484 5489
f 5490 5489 5367
f 5491 5484 5490
f 5491 5490 5367
f 5492 5484 5491
f 5493 5485 5484
f 5493 5484 5492
f 5494 5365 5364
f 5494 5366 5365
f 5495 5486 5485
f 5495 5485 5493
f 5496 5366 5494
f 5496 5494 5364
f 5497 5324 5487
f 5497 5487 5486
f 5497 5486 5495
f 5498 5491 5367
f 5498 5366 5496
f 5498 5367 5366
f 5499 5492 5491
f 5499 5491 5498
f 5500 5370 5369
f 5500 5371 5370
f 5501 5493 5492
f 5501 5492 5499
f 5502 5363 5371
f 5502 5500 5369
f 5502 5371 5500
f 5503 5495 5493
f 5503 5493 5501
f 5504 5498 5496
f 5504 5364 5363
f 5504 5363 5502
f 5504 5502 5369
f 5504 5496 5364
f 5505 5325 5324
f 5505 5324 5497
f 5505 5495 5503
f 5505 5497 5495
f 5506 5498 5504
f 5507 5499 5498
f 5507 5498 5506
f 5508 5501 5499
f 5508 5499 5507
f 5509 5501 5508
f 5509 5503 5501
f 5510 5503 5509
f 5510 5325 5505
f 5510 5505 5503
f 5511 5369 5376
f 5511 5504 5369
f 5511 5506 5504
f 5511 5507 5506
f 5512 5507 5511
f 5512 5508 5507
f 5513 5509 5508
f 5513 5508 5512
f 5514 5510 5509
f 5514 5325 5510
f 5514 5509 5513
f 5515 5511 5376
f 5516 5511 5515
f 5517 5511 5516
f 5518 5511 5517
f 5519 5511 5518
f 5520 5512 5511
f 5520 5513 5512
f 5520 5511 5519
f 5521 5513 5520
f 5522 5325 5514
f 5522 5326 5325
f 5522 5514 5513
f 5522 5513 5521
f 5523 5515 5376
f 5523 5516 5515
f 5523 5517 5516
f 5523 5518 5517
f 5523 5519 5518
f 5523 5376 5375
f 5524 5519 5523
f 5525 5520 5519
f 5525 5519 5524
f 5526 5521 5520
f 5526 5520 5525
f 5527 5521 5526
f 5527 5326 5522
f 5527 5522 5521
f 5528 5523 5375
f 5529 5523 5528
f 5530 5523 5529
f 5531 5524 5523
f 5531 5523 5530
f 5532 5524 5531
f 5533 5525 5524
f 5533 5524 5532
f 5534 5526 5525
f 5534 5525 5533
f 5535 5327 5326
f 5535 5527 5526
f 5535 5526 5534
f 5535 5326 5527
f 5536 5528 5375
f 5536 5529 5528
f 5536 5375 5374
f 5536 5530 5529
f 5536 5531 5530
f 5537 5532 5531
f 5537 5533 5532
f 5537 5531 5536
f 5538 5533 5537
f 5539 5536 5374
f 5540 5534 5533
f 5540 5535 5534
f 5540 5533 5538
f 5541 5536 5539
f 5542 5535 5540
f 5542 5327 5535
f 5543 5536 5541
f 5544 5536 5543
f 5545 5537 5536
f 5545 5536 5544
f 5546 5537 5545
f 5546 5538 5537
f 5547 5538 5546
f 5547 5540 5538
f 5548 5540 5547
f 5548 5542 5540
f 5548 5327 5542
f 5548 5328 5327
f 5549 5374 5373
f 5549 5539 5374
f 5550 5549 5373
f 5550 5539 5549
f 5550 5541 5539
f 5551 5543 5541
f 5551 5541 5550
f 5551 5550 5373
f 5552 5543 5551
f 5552 5544 5543
f 5552 5545 5544
f 5553 5546 5545
f 5553 5545 5552
f 5554 5546 5553
f 5555 5547 5546
f 5555 5546 5554
f 5555 5548 5547
f 5556 5328 5548
f 5556 5548 5555
f 5557 5373 5372
f 5557 5372 5377
f 5557 5377 5384
f 5558 5557 5384
f 5558 5373 5557
f 5559 5551 5373
f 5559 5373 5558
f 5559 5558 5384
f 5559 5384 5383
f 5560 5552 5551
f 5560 5551 5559
f 5560 5553 5552
f 5561 5554 5553
f 5561 5553 5560
f 5562 5554 5561
f 5563 5382 5381
f 5563 5383 5382
f 5564 5555 5554
f 5564 5556 5555
f 5564 5554 5562
f 5565 5559 5383
f 5565 5563 5381
f 5565 5383 5563
f 5566 5329 5328
f 5566 5328 5556
f 5566 5556 5564
f 5567 5560 5559
f 5567 5559 5565
f 5567 5565 5381
f 5568 5560 5567
f 5568 5561 5560
f 5569 5379 5378
f 5569 5380 5379
f 5570 5562 5561
f 5570 5564 5562
f 5570 5561 5568
f 5571 5569 5378
f 5571 5380 5569
f 5572 5564 5570
f 5573 5380 5571
f 5573 5571 5378
f 5573 5381 5380
f 5574 5329 5566
f 5574 5566 5564
f 5574 5572 5329
f 5574 5564 5572
f 5575 5567 5381
f 5575 5573 5378
f 5575 5381 5573
f 5576 5568 5567
f 5576 5567 5575
f 5576 5575 5378
f 5577 5568 5576
f 5577 5570 5568
f 5577 5576 5378
f 5578 5570 5577
f 5578 5572 5570
f 5578 5329 5572
f 5579 5329 5578
f 5579 5330 5329
f 5580 5389 5388
f 5580 5378 5389
f 5581 5378 5580
f 5582 5378 5581
f 5583 5378 5582
f 5584 5378 5583
f 5585 5577 5378
f 5585 5378 5584
f 5586 5578 5577
f 5586 5577 5585
f 5586 5585 5330
f 5587 5579 5578
f 5587 5330 5579
f 5587 5578 5586
f 5587 5586 5330
f 5588 5580 5388
f 5589 5581 5580
f 5589 5580 5588
f 5590 5582 5581
f 5590 5581 5589
f 5591 5583 5582
f 5591 5584 5583
f 5591 5582 5590
f 5592 5584 5591
f 5593 5330 5585
f 5593 5585 5584
f 5593 5584 5592
f 5594 5330 5593
f 5595 5331 5330
f 5595 5330 5594
f 5596 5588 5388
f 5596 5589 5588
f 5596 5590 5589
f 5596 5591 5590
f 5596 5388 5387
f 5597 5591 5596
f 5597 5592 5591
f 5598 5593 5592
f 5598 5594 5593
f 5598 5592 5597
f 5599 5595 5594
f 5599 5594 5598
f 5600 5331 5595
f 5600 5595 5599
f 5601 5596 5387
f 5602 5596 5601
f 5603 5596 5602
f 5604 5596 5603
f 5605 5597 5596
f 5605 5596 5604
f 5606 5598 5597
f 5606 5597 5605
f 5607 5599 5598
f 5607 5598 5606
f 5608 5332 5331
f 5608 5331 5600
f 5608 5600 5599
f 5608 5599 5607
f 5609 5601 5387
f 5609 5602 5601
f 5609 5387 5386
f 5609 5603 5602
f 5609 5604 5603
f 5610 5604 5609
f 5610 5605 5604
f 5610 5606 5605
f 5611 5606 5610
f 5612 5606 5611
f 5612 5607 5606
f 5612 5608 5607
f 5613 5608 5612
f 5613 5332 5608
f 5614 5609 5386
f 5615 5609 5614
f 5616 5609 5615
f 5617 5609 5616
f 5618 5610 5609
f 5618 5609 5617
f 5619 5611 5610
f 5619 5612 5611
f 5619 5610 5618
f 5620 5612 5619
f 5621 5613 5612
f 5621 5332 5613
f 5621 5612 5620
f 5621 5333 5332
f 5622 5614 5386
f 5622 5615 5614
f 5622 5617 5616
f 5622 5618 5617
f 5622 5616 5615
f 5622 5386 5385
f 5623 5618 5622
f 5623 5619 5618
f 5624 5619 5623
f 5624 5620 5619
f 5624 5621 5620
f 5625 5333 5621
f 5625 5621 5624
f 5626 5622 5385
f 5626 5400 5399
f 5626 5385 5400
f 5627 5622 5626
f 5627 5626 5399
f 5627 5399 5398
f 5628 5622 5627
f 5628 5627 5398
f 5629 5622 5628
f 5630 5623 5622
f 5630 5622 5629
f 5631 5624 5623
f 5631 5623 5630
f 5632 5396 5395
f 5632 5397 5396
f 5633 5625 5624
f 5633 5624 5631
f 5634 5628 5398
f 5634 5397 5632
f 5634 5629 5628
f 5634 5632 5395
f 5634 5395 5394
f 5634 5398 5397
f 5635 5333 5625
f 5635 5625 5633
f 5636 5630 5629
f 5636 5629 5634
f 5636 5634 5394
f 5637 5631 5630
f 5637 5630 5636
f 5638 5391 5390
f 5638 5392 5391
f 5639 5633 5631
f 5639 5631 5637
f 5640 5638 5390
f 5640 5393 5392
f 5640 5392 5638
f 5641 5635 5633
f 5641 5633 5639
f 5642 5394 5393
f 5642 5640 5390
f 5642 5393 5640
f 5643 5334 5333
f 5643 5333 5635
f 5643 5635 5641
f 5644 5636 5394
f 5644 5394 5642
f 5644 5642 5390
f 5645 5637 5636
f 5645 5636 5644
f 5645 5639 5637
f 5646 5639 5645
f 5647 5639 5646
f 5647 5641 5639
f 5648 5643 5641
f 5648 5334 5643
f 5648 5641 5647
f 5649 5390 5402
f 5650 5644 5390
f 5650 5649 5402
f 5650 5390 5649
f 5651 5645 5644
f 5651 5644 5650
f 5651 5650 5402
f 5652 5646 5645
f 5652 5647 5646
f 5652 5645 5651
f 5652 5651 5402
f 5653 5652 5402
f 5653 5647 5652
f 5654 5647 5653
f 5654 5648 5647
f 5654 5334 5648
f 5655 5307 5308
f 5655 5401 5307
f 5655 5402 5401
f 5656 5308 5309
f 5656 5309 5310
f 5656 5655 5308
f 5656 5402 5655
f 5657 5402 5656
f 5657 5656 5310
f 5658 5310 5311
f 5658 5402 5657
f 5658 5657 5310
f 5659 5311 5312
f 5659 5312 5313
f 5659 5658 5311
f 5659 5402 5658
f 5660 5659 5313
f 5660 5402 5659
f 5661 5313 5314
f 5661 5653 5402
f 5661 5402 5660
f 5661 5660 5313
f 5662 5314 5315
f 5662 5315 5316
f 5662 5316 5334
f 5662 5654 5653
f 5662 5334 5654
f 5662 5653 5661
f 5662 5661 5314
f 5672 5673 5682
f 5671 5682 5681
f 5671 5672 5682
f 5670 5681 5680
f 5670 5671 5681
f 5669 5680 5679
f 5669 5670 5680
f 5668 5679 5678
f 5668 5669 5679
f 5667 5678 5677
f 5667 5668 5678
f 5666 5677 5676
f 5666 5667 5677
f 5665 5666 5676
f 5664 5675 5674
f 5664 5676 5675
f 5664 5665 5676
f 5663 5664 5674
f 5706 5696 5695
f 5706 5695 5705
f 5697 5696 5706
f 5715 5698 5697
f 5715 5697 5706
f 5699 5698 5715
f 5714 5699 5715
f 5700 5699 5714
f 5713 5700 5714
f 5701 5700 5713
f 5712 5701 5713
f 5711 5701 5712
f 5710 5701 5711
f 5702 5709 5708
f 5702 5710 5709
f 5702 5701 5710
f 5707 5702 5708
f 5703 5707 5693
f 5703 5702 5707
f 5704 5703 5693
f 5692 5704 5693
f 5684 5686 5685
f 5684 5687 5686
f 5683 5688 5687
f 5683 5689 5688
f 5683 5690 5689
f 5683 5691 5690
f 5683 5694 5691
f 5683 5687 5684
f 5716 5692 5691
f 5716 5694 5704
f 5716 5704 5692
f 5716 5691 5694
f 5717 5718 5719
f 5717 5719 5720
f 5717 5720 5721
f 5717 5721 5722
f 5717 5722 5723
f 5741 5729 5728
f 5740 5729 5741
f 5739 5729 5740
f 5738 5729 5739
f 5737 5729 5738
f 5736 5729 5737
f 5735 5729 5736
f 5734 5729 5735
f 5733 5745 5729
f 5733 5729 5734
f 5746 5724 5725
f 5746 5725 5726
f 5747 5746 5726
f 5747 5724 5746
f 5748 5724 5747
f 5748 5747 5726
f 5749 5723 5724
f 5749 5717 5723
f 5749 5724 5748
f 5749 5748 5726
f 5750 5726 5727
f 5751 5726 5750
f 5752 5726 5751
f 5753 5726 5752
f 5754 5726 5753
f 5755 5726 5754
f 5756 5726 5755
f 5757 5742 5717
f 5757 5717 5749
f 5757 5749 5726
f 5757 5726 5756
f 5758 5727 5732
f 5758 5751 5750
f 5758 5754 5753
f 5758 5753 5752
f 5758 5752 5751
f 5758 5750 5727
f 5759 5755 5754
f 5759 5754 5758
f 5760 5755 5759
f 5760 5756 5755
f 5761 5757 5756
f 5761 5756 5760
f 5762 5742 5757
f 5762 5757 5761
f 5763 5758 5732
f 5764 5758 5763
f 5765 5758 5764
f 5766 5758 5765
f 5767 5758 5766
f 5767 5759 5758
f 5768 5759 5767
f 5769 5759 5768
f 5769 5760 5759
f 5770 5762 5761
f 5770 5761 5760
f 5770 5742 5762
f 5770 5743 5742
f 5770 5760 5769
f 5771 5763 5732
f 5771 5764 5763
f 5771 5765 5764
f 5771 5732 5731
f 5771 5766 5765
f 5771 5767 5766
f 5772 5768 5767
f 5772 5767 5771
f 5773 5769 5768
f 5773 5768 5772
f 5774 5770 5769
f 5774 5769 5773
f 5775 5743 5770
f 5775 5770 5774
f 5776 5771 5731
f 5777 5771 5776
f 5778 5771 5777
f 5779 5771 5778
f 5780 5771 5779
f 5781 5772 5771
f 5781 5773 5772
f 5781 5771 5780
f 5782 5773 5781
f 5783 5744 5743
f 5783 5743 5775
f 5783 5774 5773
f 5783 5775 5774
f 5783 5773 5782
f 5784 5731 5730
f 5784 5776 5731
f 5784 5779 5778
f 5784 5777 5776
f 5784 5778 5777
f 5785 5779 5784
f 5785 5780 5779
f 5785 5781 5780
f 5786 5781 5785
f 5787 5782 5781
f 5787 5781 5786
f 5788 5782 5787
f 5788 5783 5782
f 5789 5744 5783
f 5789 5783 5788
f 5790 5784 5730
f 5791 5784 5790
f 5792 5784 5791
f 5793 5784 5792
f 5794 5785 5784
f 5794 5784 5793
f 5795 5786 5785
f 5795 5787 5786
f 5795 5785 5794
f 5796 5788 5787
f 5796 5787 5795
f 5797 5745 5744
f 5797 5744 5789
f 5797 5789 5788
f 5797 5788 5796
f 5798 5730 5729
f 5798 5790 5730
f 5798 5791 5790
f 5798 5792 5791
f 5798 5794 5793
f 5798 5793 5792
f 5799 5794 5798
f 5799 5798 5729
f 5800 5795 5794
f 5800 5794 5799
f 5800 5799 5729
f 5801 5796 5795
f 5801 5800 5729
f 5801 5795 5800
f 5802 5797 5796
f 5802 5801 5729
f 5802 5796 5801
f 5803 5745 5797
f 5803 5802 5729
f 5803 5729 5745
f 5803 5797 5802
f 5838 5813 5820
f 5839 5832 5804
f 5840 5820 5819
f 5841 5833 5832
f 5842 5841 5843
f 5842 5833 5841
f 5844 5819 5818
f 5845 5846 5844
f 5845 5844 5818
f 5847 5834 5833
f 5847 5833 5848
f 5847 5848 5846
f 5849 5818 5817
f 5849 5850 5818
f 5849 5851 5850
f 5852 5847 5851
f 5852 5834 5847
f 5853 5854 5849
f 5853 5849 5817
f 5855 5835 5834
f 5855 5834 5856
f 5855 5856 5854
f 5857 5855 5858
f 5859 5817 5816
f 5859 5860 5861
f 5859 5861 5817
f 5862 5863 5864
f 5865 5863 5816
f 5865 5864 5863
f 5866 5836 5867
f 5868 5837 5836
f 5868 5836 5866
f 5868 5869 5870
f 5868 5866 5869
f 5871 5816 5815
f 5871 5865 5816
f 5871 5869 5865
f 5871 5870 5869
f 5872 5871 5815
f 5873 5837 5868
f 5873 5868 5870
f 5874 5875 5876
f 5877 5815 5814
f 5878 5879 5839
f 5878 5839 5804
f 5880 5879 5881
f 5880 5839 5879
f 5880 5882 5883
f 5880 5884 5838
f 5880 5881 5882
f 5880 5883 5884
f 5885 5880 5838
f 5885 5839 5880
f 5885 5838 5820
f 5886 5820 5840
f 5886 5840 5887
f 5888 5887 5840
f 5888 5841 5832
f 5888 5889 5887
f 5888 5832 5889
f 5890 5840 5891
f 5890 5888 5840
f 5890 5841 5888
f 5890 5891 5841
f 5892 5840 5819
f 5892 5891 5840
f 5892 5819 5893
f 5892 5893 5843
f 5894 5819 5844
f 5894 5844 5895
f 5896 5842 5843
f 5897 5833 5842
f 5897 5842 5895
f 5898 5833 5897
f 5899 5844 5846
f 5899 5846 5848
f 5899 5898 5844
f 5900 5846 5845
f 5900 5847 5846
f 5901 5818 5850
f 5901 5847 5900
f 5902 5850 5851
f 5902 5851 5847
f 5902 5901 5850
f 5902 5847 5901
f 5903 5851 5849
f 5903 5852 5851
f 5904 5834 5852
f 5904 5852 5903
f 5905 5849 5854
f 5905 5854 5856
f 5906 5855 5854
f 5906 5858 5855
f 5906 5854 5853
f 5907 5853 5817
f 5907 5906 5853
f 5907 5858 5906
f 5908 5907 5817
f 5908 5857 5858
f 5908 5861 5857
f 5908 5817 5861
f 5908 5858 5907
f 5909 5861 5860
f 5909 5860 5910
f 5911 5910 5835
f 5911 5909 5910
f 5912 5835 5855
f 5912 5855 5857
f 5912 5911 5835
f 5913 5860 5859
f 5914 5860 5913
f 5914 5835 5910
f 5914 5910 5860
f 5915 5835 5914
f 5915 5836 5835
f 5915 5914 5913
f 5916 5859 5816
f 5916 5917 5859
f 5918 5816 5863
f 5918 5863 5862
f 5919 5836 5915
f 5919 5915 5917
f 5920 5919 5862
f 5920 5836 5919
f 5920 5862 5864
f 5920 5867 5836
f 5920 5864 5867
f 5921 5865 5869
f 5921 5864 5865
f 5921 5867 5864
f 5921 5869 5866
f 5921 5866 5867
f 5922 5870 5871
f 5922 5871 5872
f 5922 5873 5870
f 5923 5922 5872
f 5923 5873 5922
f 5924 5872 5815
f 5924 5923 5872
f 5925 5815 5875
f 5925 5874 5924
f 5925 5875 5874
f 5925 5924 5815
f 5926 5837 5873
f 5926 5874 5876
f 5926 5927 5837
f 5926 5876 5927
f 5928 5877 5929
f 5930 5821 5837
f 5930 5928 5929
f 5931 5821 5930
f 5932 5809 5810
f 5932 5810 5811
f 5932 5811 5812
f 5932 5812 5813
f 5932 5813 5838
f 5933 5809 5932
f 5933 5932 5878
f 5934 5809 5933
f 5934 5933 5878
f 5935 5881 5879
f 5935 5883 5882
f 5935 5838 5884
f 5935 5882 5881
f 5935 5932 5838
f 5935 5878 5932
f 5935 5884 5883
f 5936 5935 5879
f 5936 5878 5935
f 5936 5879 5878
f 5937 5886 5887
f 5937 5839 5885
f 5938 5891 5892
f 5938 5843 5841
f 5938 5892 5843
f 5938 5841 5891
f 5939 5893 5819
f 5939 5843 5893
f 5939 5819 5894
f 5939 5894 5940
f 5939 5896 5843
f 5939 5940 5896
f 5941 5895 5842
f 5941 5894 5895
f 5941 5940 5894
f 5941 5842 5896
f 5941 5896 5940
f 5942 5895 5844
f 5942 5897 5895
f 5942 5898 5897
f 5942 5844 5898
f 5943 5833 5898
f 5943 5848 5833
f 5943 5898 5899
f 5943 5899 5848
f 5944 5845 5818
f 5944 5818 5901
f 5944 5901 5900
f 5944 5900 5845
f 5945 5849 5905
f 5945 5903 5849
f 5945 5904 5903
f 5945 5905 5904
f 5946 5834 5904
f 5946 5856 5834
f 5946 5904 5905
f 5946 5905 5856
f 5947 5857 5861
f 5947 5861 5909
f 5947 5909 5911
f 5947 5912 5857
f 5947 5911 5912
f 5948 5913 5859
f 5948 5917 5915
f 5948 5915 5913
f 5948 5859 5917
f 5949 5917 5916
f 5949 5919 5917
f 5950 5919 5949
f 5950 5918 5862
f 5950 5862 5919
f 5951 5924 5874
f 5951 5873 5923
f 5951 5923 5924
f 5951 5874 5926
f 5951 5926 5873
f 5952 5875 5815
f 5952 5876 5875
f 5952 5877 5928
f 5952 5815 5877
f 5953 5930 5929
f 5953 5954 5955
f 5953 5956 5931
f 5953 5955 5956
f 5953 5931 5930
f 5953 5929 5877
f 5957 5953 5877
f 5957 5830 5829
f 5957 5831 5830
f 5957 5814 5831
f 5957 5954 5953
f 5957 5877 5814
f 5958 5954 5957
f 5958 5955 5954
f 5958 5931 5956
f 5958 5956 5955
f 5959 5804 5805
f 5959 5805 5806
f 5959 5806 5807
f 5959 5807 5808
f 5959 5808 5809
f 5959 5878 5804
f 5959 5809 5934
f 5959 5934 5878
f 5960 5886 5937
f 5960 5820 5886
f 5960 5885 5820
f 5960 5937 5885
f 5961 5832 5839
f 5961 5937 5887
f 5961 5887 5889
f 5961 5889 5832
f 5961 5839 5937
f 5962 5918 5950
f 5962 5916 5816
f 5962 5816 5918
f 5962 5949 5916
f 5962 5950 5949
f 5963 5927 5876
f 5963 5876 5952
f 5964 5952 5928
f 5964 5928 5930
f 5965 5958 5957
f 5965 5827 5826
f 5965 5828 5827
f 5965 5829 5828
f 5965 5957 5829
f 5966 5931 5958
f 5966 5826 5825
f 5966 5965 5826
f 5966 5958 5965
f 5967 5930 5837
f 5967 5964 5930
f 5967 5837 5927
f 5967 5927 5963
f 5968 5822 5821
f 5968 5823 5822
f 5968 5824 5823
f 5968 5825 5824
f 5968 5966 5825
f 5968 5931 5966
f 5968 5821 5931
f 5969 5963 5952
f 5969 5964 5967
f 5969 5952 5964
f 5969 5967 5963
f 5995 5988 5993
f 5996 5992 5991
f 5996 5997 5992
f 5996 5998 5997
f 5999 5974 5973
f 5999 5973 6000
f 5999 6000 5998
f 6001 5996 5991
f 6002 6003 6001
f 6004 6005 5991
f 6004 6006 6005
f 6004 5991 5990
f 6007 5975 5974
f 6007 6008 6006
f 6007 5974 6008
f 6009 6004 5990
f 6009 6010 6004
f 6011 5975 6007
f 6011 6007 6010
f 6012 5990 5989
f 6013 5977 5976
f 6013 5976 6014
f 6015 5971 5970
f 6015 5970 5977
f 6015 5994 5971
f 6015 5977 6016
f 6015 6016 5994
f 6017 5972 5978
f 6017 5978 5979
f 6018 5995 5993
f 6019 5995 6018
f 6020 6021 5995
f 6020 6022 6023
f 6020 5995 6019
f 6020 6024 6021
f 6020 6023 6024
f 6020 6025 6022
f 6020 6026 6025
f 6027 5973 5972
f 6027 5972 6017
f 6027 6017 6026
f 6028 5993 5992
f 6028 6029 5993
f 6028 6030 6029
f 6031 5973 6027
f 6031 6027 6030
f 6032 6028 5992
f 6033 6000 5973
f 6033 6034 6000
f 6035 6032 5992
f 6035 5992 5997
f 6035 6034 6032
f 6036 6035 5997
f 6036 5997 5998
f 6036 5998 6000
f 6037 5998 5996
f 6037 5999 5998
f 6038 6001 6003
f 6038 5996 6001
f 6038 5999 6037
f 6038 6037 5996
f 6039 6002 6001
f 6039 6001 5991
f 6040 5974 6041
f 6040 6041 6003
f 6040 6003 6002
f 6040 6002 6008
f 6040 6008 5974
f 6042 6002 6039
f 6042 6008 6002
f 6042 5991 6005
f 6042 6039 5991
f 6043 6008 6042
f 6043 6042 6005
f 6043 6005 6006
f 6043 6006 6008
f 6044 6006 6004
f 6044 6004 6010
f 6044 6007 6006
f 6044 6010 6007
f 6045 6010 6009
f 6045 6011 6010
f 6046 6045 6009
f 6046 6011 6045
f 6046 5975 6011
f 6046 6009 6047
f 6048 6009 5990
f 6048 6047 6009
f 6049 5975 6046
f 6049 6046 6047
f 6050 5990 6012
f 6050 6012 6051
f 6052 5976 5975
f 6052 5975 6049
f 6053 6052 6051
f 6053 5976 6052
f 6054 6014 6055
f 6054 6055 6056
f 6054 6013 6014
f 6057 5989 5994
f 6057 5994 6058
f 6059 5977 6013
f 6059 6058 5994
f 6059 6013 6058
f 6059 6016 5977
f 6059 5994 6016
f 6060 5984 5985
f 6060 5985 5986
f 6060 5986 5987
f 6060 5987 5988
f 6060 5988 5995
f 6061 5983 5984
f 6061 5984 6060
f 6061 6060 6062
f 6063 5983 6061
f 6063 6061 6062
f 6064 5979 5980
f 6064 5980 5981
f 6064 5981 5982
f 6064 5982 5983
f 6064 6017 5979
f 6064 5983 6063
f 6064 6062 6017
f 6064 6063 6062
f 6065 5995 6021
f 6065 6023 6022
f 6065 6021 6024
f 6065 6060 5995
f 6065 6062 6060
f 6065 6024 6023
f 6065 6022 6025
f 6066 6062 6065
f 6066 6065 6025
f 6066 6025 6026
f 6067 6026 6017
f 6067 6017 6062
f 6067 6062 6066
f 6067 6066 6026
f 6068 6026 6020
f 6068 6027 6026
f 6069 5993 6029
f 6070 6029 6030
f 6070 6030 6027
f 6070 6069 6029
f 6071 6030 6028
f 6071 6031 6030
f 6072 6034 6033
f 6072 6032 6034
f 6072 6028 6032
f 6072 6071 6028
f 6073 6034 6035
f 6073 6036 6000
f 6073 6000 6034
f 6073 6035 6036
f 6074 6041 5974
f 6074 6003 6041
f 6074 5974 5999
f 6074 6038 6003
f 6074 5999 6038
f 6075 6048 5990
f 6075 5990 6050
f 6076 6047 6048
f 6076 6049 6047
f 6076 6048 6075
f 6076 6052 6049
f 6076 6075 6052
f 6077 6050 6051
f 6077 6051 6052
f 6077 6052 6075
f 6077 6075 6050
f 6078 6079 6053
f 6078 6012 6080
f 6078 6053 6051
f 6078 6080 6079
f 6078 6051 6012
f 6081 6053 6079
f 6081 5976 6053
f 6081 6079 6080
f 6082 6012 5989
f 6082 6080 6012
f 6082 6056 6055
f 6082 5989 6056
f 6083 6056 5989
f 6083 6084 6054
f 6083 6054 6056
f 6083 5989 6057
f 6083 6057 6084
f 6085 6013 6054
f 6085 6054 6084
f 6085 6084 6057
f 6085 6058 6013
f 6085 6057 6058
f 6086 6018 5993
f 6086 6020 6019
f 6086 6068 6020
f 6086 6019 6018
f 6086 5993 6069
f 6086 6069 6068
f 6087 6027 6068
f 6087 6068 6069
f 6087 6070 6027
f 6087 6069 6070
f 6088 6031 6071
f 6088 5973 6031
f 6088 6071 6072
f 6089 5973 6088
f 6089 6088 6072
f 6089 6033 5973
f 6089 6072 6033
f 6090 6081 6080
f 6090 6080 6082
f 6091 6082 6055
f 6091 6090 6082
f 6091 6055 6014
f 6092 5976 6081
f 6092 6081 6090
f 6092 6091 6014
f 6092 6090 6091
f 6092 6014 5976
f 6096 6095 6109
f 6124 6099 6098
f 6124 6100 6099
f 6125 6100 6124
f 6126 6101 6100
f 6126 6102 6101
f 6126 6125 6102
f 6126 6100 6125
f 6127 6098 6110
f 6127 6124 6098
f 6128 6102 6125
f 6128 6124 6127
f 6128 6125 6124
f 6129 6103 6102
f 6129 6102 6128
f 6130 6104 6103
f 6130 6103 6129
f 6131 6104 6130
f 6132 6105 6104
f 6132 6104 6131
f 6133 6106 6105
f 6133 6105 6132
f 6134 6107 6106
f 6134 6106 6133
f 6135 6093 6097
f 6135 6097 6107
f 6135 6107 6134
f 6136 6110 6094
f 6136 6127 6110
f 6137 6128 6127
f 6137 6136 6094
f 6137 6127 6136
f 6138 6129 6128
f 6138 6137 6094
f 6138 6128 6137
f 6139 6130 6129
f 6139 6129 6138
f 6139 6138 6094
f 6140 6139 6094
f 6140 6130 6139
f 6140 6131 6130
f 6141 6140 6094
f 6141 6132 6131
f 6141 6131 6140
f 6142 6141 6094
f 6142 6132 6141
f 6142 6133 6132
f 6143 6094 6093
f 6143 6142 6094
f 6143 6133 6142
f 6143 6134 6133
f 6143 6135 6134
f 6143 6093 6135
f 6144 6110 6109
f 6144 6094 6110
f 6145 6094 6144
f 6145 6144 6109
f 6146 6094 6145
f 6146 6145 6109
f 6147 6094 6146
f 6147 6146 6109
f 6148 6094 6147
f 6148 6147 6109
f 6149 6094 6148
f 6149 6148 6109
f 6150 6094 6149
f 6150 6149 6109
f 6151 6094 6150
f 6151 6150 6109
f 6152 6095 6094
f 6152 6094 6151
f 6152 6151 6109
f 6152 6109 6095
f 6153 6109 6108
f 6154 6109 6153
f 6155 6109 6154
f 6156 6109 6155
f 6157 6121 6120
f 6157 6122 6121
f 6157 6123 6122
f 6157 6108 6123
f 6157 6154 6153
f 6157 6153 6108
f 6158 6109 6156
f 6159 6120 6119
f 6159 6155 6154
f 6159 6154 6157
f 6159 6157 6120
f 6160 6115 6114
f 6160 6158 6115
f 6160 6109 6158
f 6161 6114 6113
f 6161 6160 6114
f 6161 6109 6160
f 6162 6119 6118
f 6162 6159 6119
f 6162 6155 6159
f 6163 6118 6117
f 6163 6156 6155
f 6163 6155 6162
f 6163 6162 6118
f 6164 6113 6112
f 6164 6161 6113
f 6164 6109 6161
f 6165 6116 6115
f 6165 6117 6116
f 6165 6115 6158
f 6165 6158 6156
f 6165 6163 6117
f 6165 6156 6163
f 6166 6112 6111
f 6166 6111 6096
f 6166 6164 6112
f 6166 6109 6164
f 6166 6096 6109
f 6188 6167 6168
f 6188 6168 6178
f 6187 6178 6177
f 6187 6188 6178
f 6186 6177 6176
f 6186 6187 6177
f 6185 6175 6174
f 6185 6176 6175
f 6185 6186 6176
f 6184 6174 6173
f 6184 6185 6174
f 6183 6173 6172
f 6183 6184 6173
f 6182 6183 6172
f 6181 6171 6170
f 6181 6172 6171
f 6181 6182 6172
f 6180 6170 6169
f 6180 6181 6170
f 6179 6180 6169
f 6204 6189 6190
f 6205 6204 6190
f 6206 6190 6191
f 6206 6205 6190
f 6207 6191 6192
f 6207 6192 6193
f 6207 6206 6191
f 6208 6207 6193
f 6209 6193 6194
f 6209 6208 6193
f 6210 6194 6195
f 6210 6209 6194
f 6211 6195 6196
f 6211 6210 6195
f 6212 6196 6197
f 6212 6211 6196
f 6213 6197 6198
f 6213 6212 6197
f 6214 6198 6199
f 6214 6199 6200
f 6214 6213 6198
f 6215 6200 6201
f 6215 6214 6200
f 6216 6201 6202
f 6216 6215 6201
f 6203 6216 6202
f 6217 6221 6237
f 6248 6232 6233
f 6248 6233 6234
f 6248 6234 6235
f 6249 6229 6230
f 6249 6230 6231
f 6249 6231 6232
f 6249 6232 6248
f 6250 6235 6238
f 6250 6248 6235
f 6251 6229 6249
f 6251 6248 6250
f 6251 6249 6248
f 6252 6228 6229
f 6252 6229 6251
f 6253 6227 6228
f 6253 6228 6252
f 6254 6226 6227
f 6254 6227 6253
f 6255 6225 6226
f 6255 6226 6254
f 6256 6224 6225
f 6256 6225 6255
f 6257 6223 6224
f 6257 6224 6256
f 6258 6219 6222
f 6258 6222 6223
f 6258 6223 6257
f 6259 6238 6220
f 6259 6250 6238
f 6260 6252 6251
f 6260 6259 6220
f 6260 6250 6259
f 6260 6251 6250
f 6261 6252 6260
f 6261 6260 6220
f 6262 6252 6261
f 6262 6261 6220
f 6262 6253 6252
f 6263 6253 6262
f 6263 6254 6253
f 6263 6262 6220
f 6264 6254 6263
f 6264 6255 6254
f 6264 6263 6220
f 6265 6264 6220
f 6265 6255 6264
f 6265 6256 6255
f 6266 6220 6219
f 6266 6265 6220
f 6266 6256 6265
f 6266 6257 6256
f 6266 6219 6258
f 6266 6258 6257
f 6267 6238 6237
f 6267 6220 6238
f 6268 6220 6267
f 6268 6267 6237
f 6269 6220 6268
f 6269 6268 6237
f 6270 6220 6269
f 6270 6269 6237
f 6271 6220 6270
f 6271 6270 6237
f 6272 6220 6271
f 6272 6271 6237
f 6273 6220 6272
f 6273 6272 6237
f 6274 6221 6220
f 6274 6220 6273
f 6274 6273 6237
f 6274 6237 6221
f 6275 6237 6236
f 6276 6237 6275
f 6277 6237 6276
f 6278 6236 6239
f 6278 6239 6240
f 6278 6275 6236
f 6279 6237 6277
f 6280 6237 6279
f 6281 6240 6241
f 6281 6276 6275
f 6281 6275 6278
f 6281 6278 6240
f 6282 6244 6245
f 6282 6237 6280
f 6283 6241 6242
f 6283 6276 6281
f 6283 6277 6276
f 6283 6281 6241
f 6283 6279 6277
f 6284 6245 6246
f 6284 6237 6282
f 6284 6282 6245
f 6285 6242 6243
f 6285 6283 6242
f 6285 6280 6279
f 6285 6279 6283
f 6286 6246 6247
f 6286 6237 6284
f 6286 6284 6246
f 6287 6243 6244
f 6287 6244 6282
f 6287 6282 6280
f 6287 6280 6285
f 6287 6285 6243
f 6288 6218 6217
f 6288 6247 6218
f 6288 6286 6247
f 6288 6237 6286
f 6288 6217 6237
