# generated by step_to_parts.py -- 4358 verts, 4206 tris
v 0.078381 -0.027535 0.148737
v 0.075246 -0.028066 0.148737
v 0.072171 -0.028879 0.148737
v 0.069182 -0.029968 0.148737
v 0.078321 -0.027039 0.148237
v 0.068869 -0.029557 0.148237
v 0.071937 -0.028428 0.148237
v 0.075097 -0.027587 0.148237
v 0.078381 -0.027535 0.148737
v 0.078321 -0.027039 0.148237
v 0.086912 -0.097014 0.148737
v 0.092880 -0.095745 0.148737
v 0.098537 -0.093460 0.148737
v 0.103710 -0.090227 0.148737
v 0.108244 -0.086145 0.148737
v 0.112000 -0.081337 0.148737
v 0.114865 -0.075950 0.148737
v 0.116750 -0.070148 0.148737
v 0.117599 -0.064106 0.148737
v 0.117386 -0.058009 0.148737
v 0.116118 -0.052042 0.148737
v 0.113832 -0.046385 0.148737
v 0.110599 -0.041211 0.148737
v 0.106517 -0.036677 0.148737
v 0.101709 -0.032921 0.148737
v 0.096323 -0.030057 0.148737
v 0.090520 -0.028172 0.148737
v 0.084479 -0.027323 0.148737
v 0.086973 -0.097510 0.148237
v 0.093026 -0.096223 0.148237
v 0.098764 -0.093905 0.148237
v 0.104011 -0.090626 0.148237
v 0.108610 -0.086486 0.148237
v 0.112420 -0.081609 0.148237
v 0.115325 -0.076146 0.148237
v 0.117237 -0.070260 0.148237
v 0.118098 -0.064133 0.148237
v 0.117882 -0.057948 0.148237
v 0.116596 -0.051895 0.148237
v 0.114278 -0.046158 0.148237
v 0.110998 -0.040910 0.148237
v 0.106858 -0.036312 0.148237
v 0.101982 -0.032502 0.148237
v 0.096518 -0.029597 0.148237
v 0.090633 -0.027684 0.148237
v 0.084505 -0.026823 0.148237
v 0.092464 -0.103543 0.104487
v 0.092464 -0.103543 0.112487
v 0.094877 -0.102178 0.104487
v 0.094886 -0.102430 0.104487
v 0.094854 -0.102680 0.104487
v 0.094779 -0.102921 0.104487
v 0.094666 -0.103146 0.104487
v 0.094516 -0.103349 0.104487
v 0.094335 -0.103524 0.104487
v 0.094127 -0.103666 0.104487
v 0.093897 -0.103771 0.104487
v 0.093654 -0.103837 0.104487
v 0.093403 -0.103860 0.104487
v 0.093151 -0.103842 0.104487
v 0.092907 -0.103781 0.104487
v 0.092675 -0.103681 0.104487
v 0.094877 -0.102178 0.112487
v 0.094886 -0.102430 0.112487
v 0.094854 -0.102680 0.112487
v 0.094779 -0.102921 0.112487
v 0.094666 -0.103146 0.112487
v 0.094516 -0.103349 0.112487
v 0.094335 -0.103524 0.112487
v 0.094127 -0.103666 0.112487
v 0.093897 -0.103771 0.112487
v 0.093654 -0.103837 0.112487
v 0.093403 -0.103860 0.112487
v 0.093151 -0.103842 0.112487
v 0.092907 -0.103781 0.112487
v 0.092675 -0.103681 0.112487
v 0.118770 -0.084513 0.104487
v 0.118770 -0.084513 0.112487
v 0.119510 -0.081843 0.104487
v 0.119695 -0.082014 0.104487
v 0.119849 -0.082214 0.104487
v 0.119967 -0.082437 0.104487
v 0.120046 -0.082676 0.104487
v 0.120084 -0.082926 0.104487
v 0.120079 -0.083178 0.104487
v 0.120032 -0.083425 0.104487
v 0.119945 -0.083662 0.104487
v 0.119819 -0.083880 0.104487
v 0.119658 -0.084075 0.104487
v 0.119467 -0.084239 0.104487
v 0.119251 -0.084369 0.104487
v 0.119017 -0.084462 0.104487
v 0.119510 -0.081843 0.112487
v 0.119695 -0.082014 0.112487
v 0.119849 -0.082214 0.112487
v 0.119967 -0.082437 0.112487
v 0.120046 -0.082676 0.112487
v 0.120084 -0.082926 0.112487
v 0.120079 -0.083178 0.112487
v 0.120032 -0.083425 0.112487
v 0.119945 -0.083662 0.112487
v 0.119819 -0.083880 0.112487
v 0.119658 -0.084075 0.112487
v 0.119467 -0.084239 0.112487
v 0.119251 -0.084369 0.112487
v 0.119017 -0.084462 0.112487
v 0.123915 -0.052457 0.104487
v 0.123915 -0.052457 0.112487
v 0.122550 -0.050045 0.104487
v 0.122802 -0.050035 0.104487
v 0.123052 -0.050068 0.104487
v 0.123293 -0.050142 0.104487
v 0.123518 -0.050256 0.104487
v 0.123721 -0.050405 0.104487
v 0.123896 -0.050587 0.104487
v 0.124038 -0.050795 0.104487
v 0.124144 -0.051024 0.104487
v 0.124209 -0.051268 0.104487
v 0.124233 -0.051519 0.104487
v 0.124214 -0.051770 0.104487
v 0.124154 -0.052015 0.104487
v 0.124053 -0.052246 0.104487
v 0.122550 -0.050045 0.112487
v 0.122802 -0.050035 0.112487
v 0.123052 -0.050068 0.112487
v 0.123293 -0.050142 0.112487
v 0.123518 -0.050256 0.112487
v 0.123721 -0.050405 0.112487
v 0.123896 -0.050587 0.112487
v 0.124038 -0.050795 0.112487
v 0.124144 -0.051024 0.112487
v 0.124209 -0.051268 0.112487
v 0.124233 -0.051519 0.112487
v 0.124214 -0.051770 0.112487
v 0.124154 -0.052015 0.112487
v 0.124053 -0.052246 0.112487
v 0.104886 -0.026152 0.104487
v 0.104886 -0.026152 0.112487
v 0.102215 -0.025411 0.104487
v 0.102386 -0.025226 0.104487
v 0.102586 -0.025072 0.104487
v 0.102809 -0.024955 0.104487
v 0.103049 -0.024876 0.104487
v 0.103298 -0.024838 0.104487
v 0.103550 -0.024842 0.104487
v 0.103798 -0.024889 0.104487
v 0.104034 -0.024977 0.104487
v 0.104253 -0.025103 0.104487
v 0.104447 -0.025263 0.104487
v 0.104612 -0.025454 0.104487
v 0.104742 -0.025670 0.104487
v 0.104834 -0.025905 0.104487
v 0.102215 -0.025411 0.112487
v 0.102386 -0.025226 0.112487
v 0.102586 -0.025072 0.112487
v 0.102809 -0.024955 0.112487
v 0.103049 -0.024876 0.112487
v 0.103298 -0.024838 0.112487
v 0.103550 -0.024842 0.112487
v 0.103798 -0.024889 0.112487
v 0.104034 -0.024977 0.112487
v 0.104253 -0.025103 0.112487
v 0.104447 -0.025263 0.112487
v 0.104612 -0.025454 0.112487
v 0.104742 -0.025670 0.112487
v 0.104834 -0.025905 0.112487
v 0.072829 -0.021007 0.104487
v 0.072829 -0.021007 0.112487
v 0.070417 -0.022371 0.104487
v 0.070408 -0.022119 0.104487
v 0.070440 -0.021869 0.104487
v 0.070514 -0.021628 0.104487
v 0.070628 -0.021403 0.104487
v 0.070778 -0.021200 0.104487
v 0.070959 -0.021025 0.104487
v 0.071167 -0.020883 0.104487
v 0.071396 -0.020778 0.104487
v 0.071640 -0.020712 0.104487
v 0.071891 -0.020689 0.104487
v 0.072142 -0.020707 0.104487
v 0.072387 -0.020768 0.104487
v 0.072618 -0.020869 0.104487
v 0.070417 -0.022371 0.112487
v 0.070408 -0.022119 0.112487
v 0.070440 -0.021869 0.112487
v 0.070514 -0.021628 0.112487
v 0.070628 -0.021403 0.112487
v 0.070778 -0.021200 0.112487
v 0.070959 -0.021025 0.112487
v 0.071167 -0.020883 0.112487
v 0.071396 -0.020778 0.112487
v 0.071640 -0.020712 0.112487
v 0.071891 -0.020689 0.112487
v 0.072142 -0.020707 0.112487
v 0.072387 -0.020768 0.112487
v 0.072618 -0.020869 0.112487
v 0.046524 -0.040036 0.104487
v 0.046524 -0.040036 0.112487
v 0.045783 -0.042707 0.104487
v 0.045598 -0.042535 0.104487
v 0.045445 -0.042335 0.104487
v 0.045327 -0.042112 0.104487
v 0.045248 -0.041873 0.104487
v 0.045210 -0.041624 0.104487
v 0.045215 -0.041372 0.104487
v 0.045261 -0.041124 0.104487
v 0.045349 -0.040887 0.104487
v 0.045475 -0.040669 0.104487
v 0.045636 -0.040475 0.104487
v 0.045827 -0.040310 0.104487
v 0.046043 -0.040180 0.104487
v 0.046277 -0.040087 0.104487
v 0.045783 -0.042707 0.112487
v 0.045598 -0.042535 0.112487
v 0.045445 -0.042335 0.112487
v 0.045327 -0.042112 0.112487
v 0.045248 -0.041873 0.112487
v 0.045210 -0.041624 0.112487
v 0.045215 -0.041372 0.112487
v 0.045261 -0.041124 0.112487
v 0.045349 -0.040887 0.112487
v 0.045475 -0.040669 0.112487
v 0.045636 -0.040475 0.112487
v 0.045827 -0.040310 0.112487
v 0.046043 -0.040180 0.112487
v 0.046277 -0.040087 0.112487
v 0.041379 -0.072092 0.104487
v 0.041379 -0.072092 0.112487
v 0.042744 -0.074504 0.104487
v 0.042492 -0.074514 0.104487
v 0.042242 -0.074481 0.104487
v 0.042001 -0.074407 0.104487
v 0.041776 -0.074294 0.104487
v 0.041573 -0.074144 0.104487
v 0.041398 -0.073962 0.104487
v 0.041255 -0.073754 0.104487
v 0.041150 -0.073525 0.104487
v 0.041085 -0.073282 0.104487
v 0.041061 -0.073031 0.104487
v 0.041080 -0.072779 0.104487
v 0.041140 -0.072534 0.104487
v 0.041241 -0.072303 0.104487
v 0.042744 -0.074504 0.112487
v 0.042492 -0.074514 0.112487
v 0.042242 -0.074481 0.112487
v 0.042001 -0.074407 0.112487
v 0.041776 -0.074294 0.112487
v 0.041573 -0.074144 0.112487
v 0.041398 -0.073962 0.112487
v 0.041255 -0.073754 0.112487
v 0.041150 -0.073525 0.112487
v 0.041085 -0.073282 0.112487
v 0.041061 -0.073031 0.112487
v 0.041080 -0.072779 0.112487
v 0.041140 -0.072534 0.112487
v 0.041241 -0.072303 0.112487
v 0.060408 -0.098397 0.104487
v 0.060408 -0.098397 0.112487
v 0.063079 -0.099138 0.104487
v 0.062908 -0.099323 0.104487
v 0.062708 -0.099477 0.104487
v 0.062485 -0.099595 0.104487
v 0.062245 -0.099674 0.104487
v 0.061996 -0.099711 0.104487
v 0.061744 -0.099707 0.104487
v 0.061496 -0.099660 0.104487
v 0.061260 -0.099573 0.104487
v 0.061041 -0.099447 0.104487
v 0.060847 -0.099286 0.104487
v 0.060682 -0.099095 0.104487
v 0.060552 -0.098879 0.104487
v 0.060460 -0.098644 0.104487
v 0.063079 -0.099138 0.112487
v 0.062908 -0.099323 0.112487
v 0.062708 -0.099477 0.112487
v 0.062485 -0.099595 0.112487
v 0.062245 -0.099674 0.112487
v 0.061996 -0.099711 0.112487
v 0.061744 -0.099707 0.112487
v 0.061496 -0.099660 0.112487
v 0.061260 -0.099573 0.112487
v 0.061041 -0.099447 0.112487
v 0.060847 -0.099286 0.112487
v 0.060682 -0.099095 0.112487
v 0.060552 -0.098879 0.112487
v 0.060460 -0.098644 0.112487
v 0.072829 -0.021007 0.134037
v 0.072610 -0.020864 0.134037
v 0.072369 -0.020762 0.134037
v 0.072115 -0.020703 0.134037
v 0.071854 -0.020690 0.134037
v 0.071594 -0.020721 0.134037
v 0.071344 -0.020798 0.134037
v 0.071111 -0.020917 0.134037
v 0.070902 -0.021074 0.134037
v 0.070724 -0.021265 0.134037
v 0.070581 -0.021484 0.134037
v 0.070479 -0.021725 0.134037
v 0.070421 -0.021980 0.134037
v 0.070407 -0.022241 0.134037
v 0.070439 -0.022501 0.134037
v 0.070515 -0.022751 0.134037
v 0.070634 -0.022984 0.134037
v 0.070791 -0.023192 0.134037
v 0.070982 -0.023371 0.134037
v 0.071202 -0.023513 0.134037
v 0.071442 -0.023615 0.134037
v 0.071697 -0.023674 0.134037
v 0.071958 -0.023688 0.134037
v 0.072218 -0.023656 0.134037
v 0.072468 -0.023579 0.134037
v 0.072701 -0.023461 0.134037
v 0.072910 -0.023303 0.134037
v 0.073088 -0.023112 0.134037
v 0.073230 -0.022893 0.134037
v 0.073332 -0.022652 0.134037
v 0.073391 -0.022397 0.134037
v 0.073405 -0.022136 0.134037
v 0.073373 -0.021877 0.134037
v 0.073297 -0.021627 0.134037
v 0.073178 -0.021394 0.134037
v 0.073021 -0.021185 0.134037
v 0.072829 -0.021007 0.137537
v 0.072610 -0.020864 0.137537
v 0.072369 -0.020762 0.137537
v 0.072115 -0.020703 0.137537
v 0.071854 -0.020690 0.137537
v 0.071594 -0.020721 0.137537
v 0.071344 -0.020798 0.137537
v 0.071111 -0.020917 0.137537
v 0.070902 -0.021074 0.137537
v 0.070724 -0.021265 0.137537
v 0.070581 -0.021484 0.137537
v 0.070479 -0.021725 0.137537
v 0.070421 -0.021980 0.137537
v 0.070407 -0.022241 0.137537
v 0.070439 -0.022501 0.137537
v 0.070515 -0.022751 0.137537
v 0.070634 -0.022984 0.137537
v 0.070791 -0.023192 0.137537
v 0.070982 -0.023371 0.137537
v 0.072829 -0.021007 0.134037
v 0.072610 -0.020864 0.134037
v 0.072369 -0.020762 0.134037
v 0.072115 -0.020703 0.134037
v 0.071854 -0.020690 0.134037
v 0.071594 -0.020721 0.134037
v 0.071344 -0.020798 0.134037
v 0.071111 -0.020917 0.134037
v 0.070902 -0.021074 0.134037
v 0.070724 -0.021265 0.134037
v 0.070581 -0.021484 0.134037
v 0.070479 -0.021725 0.134037
v 0.070421 -0.021980 0.134037
v 0.070407 -0.022241 0.134037
v 0.070439 -0.022501 0.134037
v 0.070515 -0.022751 0.134037
v 0.070634 -0.022984 0.134037
v 0.070791 -0.023192 0.134037
v 0.070982 -0.023371 0.134037
v 0.070982 -0.023371 0.137537
v 0.071202 -0.023513 0.137537
v 0.071442 -0.023615 0.137537
v 0.071697 -0.023674 0.137537
v 0.071958 -0.023688 0.137537
v 0.072218 -0.023656 0.137537
v 0.072468 -0.023579 0.137537
v 0.072701 -0.023461 0.137537
v 0.072910 -0.023303 0.137537
v 0.073088 -0.023112 0.137537
v 0.073230 -0.022893 0.137537
v 0.073332 -0.022652 0.137537
v 0.073391 -0.022397 0.137537
v 0.073405 -0.022136 0.137537
v 0.073373 -0.021877 0.137537
v 0.073297 -0.021627 0.137537
v 0.073178 -0.021394 0.137537
v 0.073021 -0.021185 0.137537
v 0.072829 -0.021007 0.137537
v 0.070982 -0.023371 0.134037
v 0.071202 -0.023513 0.134037
v 0.071442 -0.023615 0.134037
v 0.071697 -0.023674 0.134037
v 0.071958 -0.023688 0.134037
v 0.072218 -0.023656 0.134037
v 0.072468 -0.023579 0.134037
v 0.072701 -0.023461 0.134037
v 0.072910 -0.023303 0.134037
v 0.073088 -0.023112 0.134037
v 0.073230 -0.022893 0.134037
v 0.073332 -0.022652 0.134037
v 0.073391 -0.022397 0.134037
v 0.073405 -0.022136 0.134037
v 0.073373 -0.021877 0.134037
v 0.073297 -0.021627 0.134037
v 0.073178 -0.021394 0.134037
v 0.073021 -0.021185 0.134037
v 0.072829 -0.021007 0.134037
v 0.104886 -0.026152 0.134037
v 0.104831 -0.025896 0.134037
v 0.104733 -0.025654 0.134037
v 0.104595 -0.025432 0.134037
v 0.104420 -0.025237 0.134037
v 0.104214 -0.025077 0.134037
v 0.103983 -0.024954 0.134037
v 0.103734 -0.024873 0.134037
v 0.103475 -0.024837 0.134037
v 0.103214 -0.024846 0.134037
v 0.102958 -0.024900 0.134037
v 0.102716 -0.024998 0.134037
v 0.102494 -0.025137 0.134037
v 0.102300 -0.025312 0.134037
v 0.102139 -0.025518 0.134037
v 0.102016 -0.025748 0.134037
v 0.101935 -0.025997 0.134037
v 0.101899 -0.026256 0.134037
v 0.101908 -0.026517 0.134037
v 0.101962 -0.026773 0.134037
v 0.102060 -0.027016 0.134037
v 0.102199 -0.027237 0.134037
v 0.102374 -0.027432 0.134037
v 0.102580 -0.027593 0.134037
v 0.102811 -0.027715 0.134037
v 0.103059 -0.027796 0.134037
v 0.103318 -0.027832 0.134037
v 0.103580 -0.027823 0.134037
v 0.103835 -0.027769 0.134037
v 0.104078 -0.027671 0.134037
v 0.104300 -0.027532 0.134037
v 0.104494 -0.027358 0.134037
v 0.104655 -0.027151 0.134037
v 0.104778 -0.026921 0.134037
v 0.104858 -0.026672 0.134037
v 0.104895 -0.026413 0.134037
v 0.104886 -0.026152 0.137537
v 0.104831 -0.025896 0.137537
v 0.104733 -0.025654 0.137537
v 0.104595 -0.025432 0.137537
v 0.104420 -0.025237 0.137537
v 0.104214 -0.025077 0.137537
v 0.103983 -0.024954 0.137537
v 0.103734 -0.024873 0.137537
v 0.103475 -0.024837 0.137537
v 0.103214 -0.024846 0.137537
v 0.102958 -0.024900 0.137537
v 0.102716 -0.024998 0.137537
v 0.102494 -0.025137 0.137537
v 0.102300 -0.025312 0.137537
v 0.102139 -0.025518 0.137537
v 0.102016 -0.025748 0.137537
v 0.101935 -0.025997 0.137537
v 0.101899 -0.026256 0.137537
v 0.101908 -0.026517 0.137537
v 0.104886 -0.026152 0.134037
v 0.104831 -0.025896 0.134037
v 0.104733 -0.025654 0.134037
v 0.104595 -0.025432 0.134037
v 0.104420 -0.025237 0.134037
v 0.104214 -0.025077 0.134037
v 0.103983 -0.024954 0.134037
v 0.103734 -0.024873 0.134037
v 0.103475 -0.024837 0.134037
v 0.103214 -0.024846 0.134037
v 0.102958 -0.024900 0.134037
v 0.102716 -0.024998 0.134037
v 0.102494 -0.025137 0.134037
v 0.102300 -0.025312 0.134037
v 0.102139 -0.025518 0.134037
v 0.102016 -0.025748 0.134037
v 0.101935 -0.025997 0.134037
v 0.101899 -0.026256 0.134037
v 0.101908 -0.026517 0.134037
v 0.101908 -0.026517 0.137537
v 0.101962 -0.026773 0.137537
v 0.102060 -0.027016 0.137537
v 0.102199 -0.027237 0.137537
v 0.102374 -0.027432 0.137537
v 0.102580 -0.027593 0.137537
v 0.102811 -0.027715 0.137537
v 0.103059 -0.027796 0.137537
v 0.103318 -0.027832 0.137537
v 0.103580 -0.027823 0.137537
v 0.103835 -0.027769 0.137537
v 0.104078 -0.027671 0.137537
v 0.104300 -0.027532 0.137537
v 0.104494 -0.027358 0.137537
v 0.104655 -0.027151 0.137537
v 0.104778 -0.026921 0.137537
v 0.104858 -0.026672 0.137537
v 0.104895 -0.026413 0.137537
v 0.104886 -0.026152 0.137537
v 0.101908 -0.026517 0.134037
v 0.101962 -0.026773 0.134037
v 0.102060 -0.027016 0.134037
v 0.102199 -0.027237 0.134037
v 0.102374 -0.027432 0.134037
v 0.102580 -0.027593 0.134037
v 0.102811 -0.027715 0.134037
v 0.103059 -0.027796 0.134037
v 0.103318 -0.027832 0.134037
v 0.103580 -0.027823 0.134037
v 0.103835 -0.027769 0.134037
v 0.104078 -0.027671 0.134037
v 0.104300 -0.027532 0.134037
v 0.104494 -0.027358 0.134037
v 0.104655 -0.027151 0.134037
v 0.104778 -0.026921 0.134037
v 0.104858 -0.026672 0.134037
v 0.104895 -0.026413 0.134037
v 0.104886 -0.026152 0.134037
v 0.123915 -0.052457 0.134037
v 0.124057 -0.052238 0.134037
v 0.124159 -0.051997 0.134037
v 0.124218 -0.051742 0.134037
v 0.124232 -0.051481 0.134037
v 0.124200 -0.051222 0.134037
v 0.124124 -0.050972 0.134037
v 0.124005 -0.050739 0.134037
v 0.123848 -0.050530 0.134037
v 0.123656 -0.050352 0.134037
v 0.123437 -0.050209 0.134037
v 0.123196 -0.050107 0.134037
v 0.122942 -0.050048 0.134037
v 0.122680 -0.050035 0.134037
v 0.122421 -0.050066 0.134037
v 0.122171 -0.050143 0.134037
v 0.121938 -0.050262 0.134037
v 0.121729 -0.050419 0.134037
v 0.121551 -0.050610 0.134037
v 0.121408 -0.050829 0.134037
v 0.121306 -0.051070 0.134037
v 0.121247 -0.051325 0.134037
v 0.121234 -0.051586 0.134037
v 0.121266 -0.051845 0.134037
v 0.121342 -0.052096 0.134037
v 0.121461 -0.052328 0.134037
v 0.121618 -0.052537 0.134037
v 0.121809 -0.052716 0.134037
v 0.122029 -0.052858 0.134037
v 0.122269 -0.052960 0.134037
v 0.122524 -0.053019 0.134037
v 0.122785 -0.053033 0.134037
v 0.123045 -0.053001 0.134037
v 0.123295 -0.052924 0.134037
v 0.123528 -0.052806 0.134037
v 0.123737 -0.052648 0.134037
v 0.123915 -0.052457 0.137537
v 0.124057 -0.052238 0.137537
v 0.124159 -0.051997 0.137537
v 0.124218 -0.051742 0.137537
v 0.124232 -0.051481 0.137537
v 0.124200 -0.051222 0.137537
v 0.124124 -0.050972 0.137537
v 0.124005 -0.050739 0.137537
v 0.123848 -0.050530 0.137537
v 0.123656 -0.050352 0.137537
v 0.123437 -0.050209 0.137537
v 0.123196 -0.050107 0.137537
v 0.122942 -0.050048 0.137537
v 0.122680 -0.050035 0.137537
v 0.122421 -0.050066 0.137537
v 0.122171 -0.050143 0.137537
v 0.121938 -0.050262 0.137537
v 0.121729 -0.050419 0.137537
v 0.121551 -0.050610 0.137537
v 0.123915 -0.052457 0.134037
v 0.124057 -0.052238 0.134037
v 0.124159 -0.051997 0.134037
v 0.124218 -0.051742 0.134037
v 0.124232 -0.051481 0.134037
v 0.124200 -0.051222 0.134037
v 0.124124 -0.050972 0.134037
v 0.124005 -0.050739 0.134037
v 0.123848 -0.050530 0.134037
v 0.123656 -0.050352 0.134037
v 0.123437 -0.050209 0.134037
v 0.123196 -0.050107 0.134037
v 0.122942 -0.050048 0.134037
v 0.122680 -0.050035 0.134037
v 0.122421 -0.050066 0.134037
v 0.122171 -0.050143 0.134037
v 0.121938 -0.050262 0.134037
v 0.121729 -0.050419 0.134037
v 0.121551 -0.050610 0.134037
v 0.121551 -0.050610 0.137537
v 0.121408 -0.050829 0.137537
v 0.121306 -0.051070 0.137537
v 0.121247 -0.051325 0.137537
v 0.121234 -0.051586 0.137537
v 0.121266 -0.051845 0.137537
v 0.121342 -0.052096 0.137537
v 0.121461 -0.052328 0.137537
v 0.121618 -0.052537 0.137537
v 0.121809 -0.052716 0.137537
v 0.122029 -0.052858 0.137537
v 0.122269 -0.052960 0.137537
v 0.122524 -0.053019 0.137537
v 0.122785 -0.053033 0.137537
v 0.123045 -0.053001 0.137537
v 0.123295 -0.052924 0.137537
v 0.123528 -0.052806 0.137537
v 0.123737 -0.052648 0.137537
v 0.123915 -0.052457 0.137537
v 0.121551 -0.050610 0.134037
v 0.121408 -0.050829 0.134037
v 0.121306 -0.051070 0.134037
v 0.121247 -0.051325 0.134037
v 0.121234 -0.051586 0.134037
v 0.121266 -0.051845 0.134037
v 0.121342 -0.052096 0.134037
v 0.121461 -0.052328 0.134037
v 0.121618 -0.052537 0.134037
v 0.121809 -0.052716 0.134037
v 0.122029 -0.052858 0.134037
v 0.122269 -0.052960 0.134037
v 0.122524 -0.053019 0.134037
v 0.122785 -0.053033 0.134037
v 0.123045 -0.053001 0.134037
v 0.123295 -0.052924 0.134037
v 0.123528 -0.052806 0.134037
v 0.123737 -0.052648 0.134037
v 0.123915 -0.052457 0.134037
v 0.118770 -0.084513 0.134037
v 0.119026 -0.084459 0.134037
v 0.119268 -0.084361 0.134037
v 0.119490 -0.084223 0.134037
v 0.119684 -0.084048 0.134037
v 0.119845 -0.083842 0.134037
v 0.119968 -0.083611 0.134037
v 0.120049 -0.083362 0.134037
v 0.120085 -0.083103 0.134037
v 0.120076 -0.082842 0.134037
v 0.120021 -0.082586 0.134037
v 0.119923 -0.082344 0.134037
v 0.119785 -0.082122 0.134037
v 0.119610 -0.081928 0.134037
v 0.119404 -0.081767 0.134037
v 0.119173 -0.081644 0.134037
v 0.118924 -0.081563 0.134037
v 0.118665 -0.081527 0.134037
v 0.118404 -0.081536 0.134037
v 0.118148 -0.081590 0.134037
v 0.117906 -0.081688 0.134037
v 0.117684 -0.081827 0.134037
v 0.117490 -0.082002 0.134037
v 0.117329 -0.082208 0.134037
v 0.117206 -0.082438 0.134037
v 0.117125 -0.082687 0.134037
v 0.117089 -0.082946 0.134037
v 0.117098 -0.083207 0.134037
v 0.117152 -0.083463 0.134037
v 0.117250 -0.083706 0.134037
v 0.117389 -0.083927 0.134037
v 0.117564 -0.084122 0.134037
v 0.117770 -0.084283 0.134037
v 0.118001 -0.084405 0.134037
v 0.118250 -0.084486 0.134037
v 0.118508 -0.084523 0.134037
v 0.118770 -0.084513 0.137537
v 0.119026 -0.084459 0.137537
v 0.119268 -0.084361 0.137537
v 0.119490 -0.084223 0.137537
v 0.119684 -0.084048 0.137537
v 0.119845 -0.083842 0.137537
v 0.119968 -0.083611 0.137537
v 0.120049 -0.083362 0.137537
v 0.120085 -0.083103 0.137537
v 0.120076 -0.082842 0.137537
v 0.120021 -0.082586 0.137537
v 0.119923 -0.082344 0.137537
v 0.119785 -0.082122 0.137537
v 0.119610 -0.081928 0.137537
v 0.119404 -0.081767 0.137537
v 0.119173 -0.081644 0.137537
v 0.118924 -0.081563 0.137537
v 0.118665 -0.081527 0.137537
v 0.118404 -0.081536 0.137537
v 0.118770 -0.084513 0.134037
v 0.119026 -0.084459 0.134037
v 0.119268 -0.084361 0.134037
v 0.119490 -0.084223 0.134037
v 0.119684 -0.084048 0.134037
v 0.119845 -0.083842 0.134037
v 0.119968 -0.083611 0.134037
v 0.120049 -0.083362 0.134037
v 0.120085 -0.083103 0.134037
v 0.120076 -0.082842 0.134037
v 0.120021 -0.082586 0.134037
v 0.119923 -0.082344 0.134037
v 0.119785 -0.082122 0.134037
v 0.119610 -0.081928 0.134037
v 0.119404 -0.081767 0.134037
v 0.119173 -0.081644 0.134037
v 0.118924 -0.081563 0.134037
v 0.118665 -0.081527 0.134037
v 0.118404 -0.081536 0.134037
v 0.118404 -0.081536 0.137537
v 0.118148 -0.081590 0.137537
v 0.117906 -0.081688 0.137537
v 0.117684 -0.081827 0.137537
v 0.117490 -0.082002 0.137537
v 0.117329 -0.082208 0.137537
v 0.117206 -0.082438 0.137537
v 0.117125 -0.082687 0.137537
v 0.117089 -0.082946 0.137537
v 0.117098 -0.083207 0.137537
v 0.117152 -0.083463 0.137537
v 0.117250 -0.083706 0.137537
v 0.117389 -0.083927 0.137537
v 0.117564 -0.084122 0.137537
v 0.117770 -0.084283 0.137537
v 0.118001 -0.084405 0.137537
v 0.118250 -0.084486 0.137537
v 0.118508 -0.084523 0.137537
v 0.118770 -0.084513 0.137537
v 0.118404 -0.081536 0.134037
v 0.118148 -0.081590 0.134037
v 0.117906 -0.081688 0.134037
v 0.117684 -0.081827 0.134037
v 0.117490 -0.082002 0.134037
v 0.117329 -0.082208 0.134037
v 0.117206 -0.082438 0.134037
v 0.117125 -0.082687 0.134037
v 0.117089 -0.082946 0.134037
v 0.117098 -0.083207 0.134037
v 0.117152 -0.083463 0.134037
v 0.117250 -0.083706 0.134037
v 0.117389 -0.083927 0.134037
v 0.117564 -0.084122 0.134037
v 0.117770 -0.084283 0.134037
v 0.118001 -0.084405 0.134037
v 0.118250 -0.084486 0.134037
v 0.118508 -0.084523 0.134037
v 0.118770 -0.084513 0.134037
v 0.092464 -0.103543 0.134037
v 0.092684 -0.103685 0.134037
v 0.092924 -0.103787 0.134037
v 0.093179 -0.103846 0.134037
v 0.093440 -0.103860 0.134037
v 0.093700 -0.103828 0.134037
v 0.093950 -0.103751 0.134037
v 0.094183 -0.103633 0.134037
v 0.094392 -0.103475 0.134037
v 0.094570 -0.103284 0.134037
v 0.094712 -0.103065 0.134037
v 0.094814 -0.102824 0.134037
v 0.094873 -0.102569 0.134037
v 0.094887 -0.102308 0.134037
v 0.094855 -0.102049 0.134037
v 0.094779 -0.101799 0.134037
v 0.094660 -0.101566 0.134037
v 0.094503 -0.101357 0.134037
v 0.094311 -0.101178 0.134037
v 0.094092 -0.101036 0.134037
v 0.093851 -0.100934 0.134037
v 0.093597 -0.100875 0.134037
v 0.093336 -0.100861 0.134037
v 0.093076 -0.100893 0.134037
v 0.092826 -0.100970 0.134037
v 0.092593 -0.101088 0.134037
v 0.092384 -0.101246 0.134037
v 0.092206 -0.101437 0.134037
v 0.092063 -0.101656 0.134037
v 0.091961 -0.101897 0.134037
v 0.091902 -0.102152 0.134037
v 0.091889 -0.102413 0.134037
v 0.091921 -0.102672 0.134037
v 0.091997 -0.102922 0.134037
v 0.092116 -0.103155 0.134037
v 0.092273 -0.103364 0.134037
v 0.092464 -0.103543 0.137537
v 0.092684 -0.103685 0.137537
v 0.092924 -0.103787 0.137537
v 0.093179 -0.103846 0.137537
v 0.093440 -0.103860 0.137537
v 0.093700 -0.103828 0.137537
v 0.093950 -0.103751 0.137537
v 0.094183 -0.103633 0.137537
v 0.094392 -0.103475 0.137537
v 0.094570 -0.103284 0.137537
v 0.094712 -0.103065 0.137537
v 0.094814 -0.102824 0.137537
v 0.094873 -0.102569 0.137537
v 0.094887 -0.102308 0.137537
v 0.094855 -0.102049 0.137537
v 0.094779 -0.101799 0.137537
v 0.094660 -0.101566 0.137537
v 0.094503 -0.101357 0.137537
v 0.094311 -0.101178 0.137537
v 0.092464 -0.103543 0.134037
v 0.092684 -0.103685 0.134037
v 0.092924 -0.103787 0.134037
v 0.093179 -0.103846 0.134037
v 0.093440 -0.103860 0.134037
v 0.093700 -0.103828 0.134037
v 0.093950 -0.103751 0.134037
v 0.094183 -0.103633 0.134037
v 0.094392 -0.103475 0.134037
v 0.094570 -0.103284 0.134037
v 0.094712 -0.103065 0.134037
v 0.094814 -0.102824 0.134037
v 0.094873 -0.102569 0.134037
v 0.094887 -0.102308 0.134037
v 0.094855 -0.102049 0.134037
v 0.094779 -0.101799 0.134037
v 0.094660 -0.101566 0.134037
v 0.094503 -0.101357 0.134037
v 0.094311 -0.101178 0.134037
v 0.094311 -0.101178 0.137537
v 0.094092 -0.101036 0.137537
v 0.093851 -0.100934 0.137537
v 0.093597 -0.100875 0.137537
v 0.093336 -0.100861 0.137537
v 0.093076 -0.100893 0.137537
v 0.092826 -0.100970 0.137537
v 0.092593 -0.101088 0.137537
v 0.092384 -0.101246 0.137537
v 0.092206 -0.101437 0.137537
v 0.092063 -0.101656 0.137537
v 0.091961 -0.101897 0.137537
v 0.091902 -0.102152 0.137537
v 0.091889 -0.102413 0.137537
v 0.091921 -0.102672 0.137537
v 0.091997 -0.102922 0.137537
v 0.092116 -0.103155 0.137537
v 0.092273 -0.103364 0.137537
v 0.092464 -0.103543 0.137537
v 0.094311 -0.101178 0.134037
v 0.094092 -0.101036 0.134037
v 0.093851 -0.100934 0.134037
v 0.093597 -0.100875 0.134037
v 0.093336 -0.100861 0.134037
v 0.093076 -0.100893 0.134037
v 0.092826 -0.100970 0.134037
v 0.092593 -0.101088 0.134037
v 0.092384 -0.101246 0.134037
v 0.092206 -0.101437 0.134037
v 0.092063 -0.101656 0.134037
v 0.091961 -0.101897 0.134037
v 0.091902 -0.102152 0.134037
v 0.091889 -0.102413 0.134037
v 0.091921 -0.102672 0.134037
v 0.091997 -0.102922 0.134037
v 0.092116 -0.103155 0.134037
v 0.092273 -0.103364 0.134037
v 0.092464 -0.103543 0.134037
v 0.060408 -0.098397 0.134037
v 0.060462 -0.098653 0.134037
v 0.060560 -0.098896 0.134037
v 0.060699 -0.099117 0.134037
v 0.060874 -0.099312 0.134037
v 0.061080 -0.099473 0.134037
v 0.061311 -0.099595 0.134037
v 0.061559 -0.099676 0.134037
v 0.061818 -0.099713 0.134037
v 0.062080 -0.099703 0.134037
v 0.062335 -0.099649 0.134037
v 0.062578 -0.099551 0.134037
v 0.062800 -0.099413 0.134037
v 0.062994 -0.099238 0.134037
v 0.063155 -0.099032 0.134037
v 0.063278 -0.098801 0.134037
v 0.063358 -0.098552 0.134037
v 0.063395 -0.098293 0.134037
v 0.063386 -0.098032 0.134037
v 0.063331 -0.097776 0.134037
v 0.063233 -0.097534 0.134037
v 0.063095 -0.097312 0.134037
v 0.062920 -0.097118 0.134037
v 0.062714 -0.096957 0.134037
v 0.062483 -0.096834 0.134037
v 0.062234 -0.096753 0.134037
v 0.061975 -0.096717 0.134037
v 0.061714 -0.096726 0.134037
v 0.061458 -0.096780 0.134037
v 0.061216 -0.096878 0.134037
v 0.060994 -0.097017 0.134037
v 0.060800 -0.097192 0.134037
v 0.060639 -0.097398 0.134037
v 0.060516 -0.097629 0.134037
v 0.060435 -0.097877 0.134037
v 0.060399 -0.098136 0.134037
v 0.060408 -0.098397 0.137537
v 0.060462 -0.098653 0.137537
v 0.060560 -0.098896 0.137537
v 0.060699 -0.099117 0.137537
v 0.060874 -0.099312 0.137537
v 0.061080 -0.099473 0.137537
v 0.061311 -0.099595 0.137537
v 0.061559 -0.099676 0.137537
v 0.061818 -0.099713 0.137537
v 0.062080 -0.099703 0.137537
v 0.062335 -0.099649 0.137537
v 0.062578 -0.099551 0.137537
v 0.062800 -0.099413 0.137537
v 0.062994 -0.099238 0.137537
v 0.063155 -0.099032 0.137537
v 0.063278 -0.098801 0.137537
v 0.063358 -0.098552 0.137537
v 0.063395 -0.098293 0.137537
v 0.063386 -0.098032 0.137537
v 0.060408 -0.098397 0.134037
v 0.060462 -0.098653 0.134037
v 0.060560 -0.098896 0.134037
v 0.060699 -0.099117 0.134037
v 0.060874 -0.099312 0.134037
v 0.061080 -0.099473 0.134037
v 0.061311 -0.099595 0.134037
v 0.061559 -0.099676 0.134037
v 0.061818 -0.099713 0.134037
v 0.062080 -0.099703 0.134037
v 0.062335 -0.099649 0.134037
v 0.062578 -0.099551 0.134037
v 0.062800 -0.099413 0.134037
v 0.062994 -0.099238 0.134037
v 0.063155 -0.099032 0.134037
v 0.063278 -0.098801 0.134037
v 0.063358 -0.098552 0.134037
v 0.063395 -0.098293 0.134037
v 0.063386 -0.098032 0.134037
v 0.063386 -0.098032 0.137537
v 0.063331 -0.097776 0.137537
v 0.063233 -0.097534 0.137537
v 0.063095 -0.097312 0.137537
v 0.062920 -0.097118 0.137537
v 0.062714 -0.096957 0.137537
v 0.062483 -0.096834 0.137537
v 0.062234 -0.096753 0.137537
v 0.061975 -0.096717 0.137537
v 0.061714 -0.096726 0.137537
v 0.061458 -0.096780 0.137537
v 0.061216 -0.096878 0.137537
v 0.060994 -0.097017 0.137537
v 0.060800 -0.097192 0.137537
v 0.060639 -0.097398 0.137537
v 0.060516 -0.097629 0.137537
v 0.060435 -0.097877 0.137537
v 0.060399 -0.098136 0.137537
v 0.060408 -0.098397 0.137537
v 0.063386 -0.098032 0.134037
v 0.063331 -0.097776 0.134037
v 0.063233 -0.097534 0.134037
v 0.063095 -0.097312 0.134037
v 0.062920 -0.097118 0.134037
v 0.062714 -0.096957 0.134037
v 0.062483 -0.096834 0.134037
v 0.062234 -0.096753 0.134037
v 0.061975 -0.096717 0.134037
v 0.061714 -0.096726 0.134037
v 0.061458 -0.096780 0.134037
v 0.061216 -0.096878 0.134037
v 0.060994 -0.097017 0.134037
v 0.060800 -0.097192 0.134037
v 0.060639 -0.097398 0.134037
v 0.060516 -0.097629 0.134037
v 0.060435 -0.097877 0.134037
v 0.060399 -0.098136 0.134037
v 0.060408 -0.098397 0.134037
v 0.041379 -0.072092 0.134037
v 0.041237 -0.072311 0.134037
v 0.041134 -0.072552 0.134037
v 0.041076 -0.072807 0.134037
v 0.041062 -0.073068 0.134037
v 0.041094 -0.073327 0.134037
v 0.041170 -0.073577 0.134037
v 0.041289 -0.073810 0.134037
v 0.041446 -0.074019 0.134037
v 0.041637 -0.074198 0.134037
v 0.041857 -0.074340 0.134037
v 0.042097 -0.074442 0.134037
v 0.042352 -0.074501 0.134037
v 0.042613 -0.074515 0.134037
v 0.042873 -0.074483 0.134037
v 0.043123 -0.074406 0.134037
v 0.043356 -0.074288 0.134037
v 0.043565 -0.074130 0.134037
v 0.043743 -0.073939 0.134037
v 0.043885 -0.073720 0.134037
v 0.043988 -0.073479 0.134037
v 0.044046 -0.073224 0.134037
v 0.044060 -0.072963 0.134037
v 0.044028 -0.072704 0.134037
v 0.043952 -0.072454 0.134037
v 0.043833 -0.072221 0.134037
v 0.043676 -0.072012 0.134037
v 0.043484 -0.071834 0.134037
v 0.043265 -0.071691 0.134037
v 0.043025 -0.071589 0.134037
v 0.042770 -0.071530 0.134037
v 0.042509 -0.071516 0.134037
v 0.042249 -0.071548 0.134037
v 0.041999 -0.071625 0.134037
v 0.041766 -0.071744 0.134037
v 0.041557 -0.071901 0.134037
v 0.041379 -0.072092 0.137537
v 0.041237 -0.072311 0.137537
v 0.041134 -0.072552 0.137537
v 0.041076 -0.072807 0.137537
v 0.041062 -0.073068 0.137537
v 0.041094 -0.073327 0.137537
v 0.041170 -0.073577 0.137537
v 0.041289 -0.073810 0.137537
v 0.041446 -0.074019 0.137537
v 0.041637 -0.074198 0.137537
v 0.041857 -0.074340 0.137537
v 0.042097 -0.074442 0.137537
v 0.042352 -0.074501 0.137537
v 0.042613 -0.074515 0.137537
v 0.042873 -0.074483 0.137537
v 0.043123 -0.074406 0.137537
v 0.043356 -0.074288 0.137537
v 0.043565 -0.074130 0.137537
v 0.043743 -0.073939 0.137537
v 0.041379 -0.072092 0.134037
v 0.041237 -0.072311 0.134037
v 0.041134 -0.072552 0.134037
v 0.041076 -0.072807 0.134037
v 0.041062 -0.073068 0.134037
v 0.041094 -0.073327 0.134037
v 0.041170 -0.073577 0.134037
v 0.041289 -0.073810 0.134037
v 0.041446 -0.074019 0.134037
v 0.041637 -0.074198 0.134037
v 0.041857 -0.074340 0.134037
v 0.042097 -0.074442 0.134037
v 0.042352 -0.074501 0.134037
v 0.042613 -0.074515 0.134037
v 0.042873 -0.074483 0.134037
v 0.043123 -0.074406 0.134037
v 0.043356 -0.074288 0.134037
v 0.043565 -0.074130 0.134037
v 0.043743 -0.073939 0.134037
v 0.043743 -0.073939 0.137537
v 0.043885 -0.073720 0.137537
v 0.043988 -0.073479 0.137537
v 0.044046 -0.073224 0.137537
v 0.044060 -0.072963 0.137537
v 0.044028 -0.072704 0.137537
v 0.043952 -0.072454 0.137537
v 0.043833 -0.072221 0.137537
v 0.043676 -0.072012 0.137537
v 0.043484 -0.071834 0.137537
v 0.043265 -0.071691 0.137537
v 0.043025 -0.071589 0.137537
v 0.042770 -0.071530 0.137537
v 0.042509 -0.071516 0.137537
v 0.042249 -0.071548 0.137537
v 0.041999 -0.071625 0.137537
v 0.041766 -0.071744 0.137537
v 0.041557 -0.071901 0.137537
v 0.041379 -0.072092 0.137537
v 0.043743 -0.073939 0.134037
v 0.043885 -0.073720 0.134037
v 0.043988 -0.073479 0.134037
v 0.044046 -0.073224 0.134037
v 0.044060 -0.072963 0.134037
v 0.044028 -0.072704 0.134037
v 0.043952 -0.072454 0.134037
v 0.043833 -0.072221 0.134037
v 0.043676 -0.072012 0.134037
v 0.043484 -0.071834 0.134037
v 0.043265 -0.071691 0.134037
v 0.043025 -0.071589 0.134037
v 0.042770 -0.071530 0.134037
v 0.042509 -0.071516 0.134037
v 0.042249 -0.071548 0.134037
v 0.041999 -0.071625 0.134037
v 0.041766 -0.071744 0.134037
v 0.041557 -0.071901 0.134037
v 0.041379 -0.072092 0.134037
v 0.046524 -0.040036 0.134037
v 0.046268 -0.040090 0.134037
v 0.046026 -0.040188 0.134037
v 0.045804 -0.040327 0.134037
v 0.045610 -0.040502 0.134037
v 0.045449 -0.040708 0.134037
v 0.045326 -0.040938 0.134037
v 0.045245 -0.041187 0.134037
v 0.045209 -0.041446 0.134037
v 0.045218 -0.041707 0.134037
v 0.045272 -0.041963 0.134037
v 0.045370 -0.042206 0.134037
v 0.045509 -0.042427 0.134037
v 0.045684 -0.042622 0.134037
v 0.045890 -0.042783 0.134037
v 0.046121 -0.042905 0.134037
v 0.046369 -0.042986 0.134037
v 0.046628 -0.043023 0.134037
v 0.046890 -0.043013 0.134037
v 0.047145 -0.042959 0.134037
v 0.047388 -0.042861 0.134037
v 0.047610 -0.042723 0.134037
v 0.047804 -0.042548 0.134037
v 0.047965 -0.042342 0.134037
v 0.048088 -0.042111 0.134037
v 0.048168 -0.041862 0.134037
v 0.048205 -0.041603 0.134037
v 0.048196 -0.041342 0.134037
v 0.048141 -0.041086 0.134037
v 0.048043 -0.040844 0.134037
v 0.047905 -0.040622 0.134037
v 0.047730 -0.040428 0.134037
v 0.047524 -0.040267 0.134037
v 0.047293 -0.040144 0.134037
v 0.047044 -0.040063 0.134037
v 0.046785 -0.040027 0.134037
v 0.046524 -0.040036 0.137537
v 0.046268 -0.040090 0.137537
v 0.046026 -0.040188 0.137537
v 0.045804 -0.040327 0.137537
v 0.045610 -0.040502 0.137537
v 0.045449 -0.040708 0.137537
v 0.045326 -0.040938 0.137537
v 0.045245 -0.041187 0.137537
v 0.045209 -0.041446 0.137537
v 0.045218 -0.041707 0.137537
v 0.045272 -0.041963 0.137537
v 0.045370 -0.042206 0.137537
v 0.045509 -0.042427 0.137537
v 0.045684 -0.042622 0.137537
v 0.045890 -0.042783 0.137537
v 0.046121 -0.042905 0.137537
v 0.046369 -0.042986 0.137537
v 0.046628 -0.043023 0.137537
v 0.046890 -0.043013 0.137537
v 0.046524 -0.040036 0.134037
v 0.046268 -0.040090 0.134037
v 0.046026 -0.040188 0.134037
v 0.045804 -0.040327 0.134037
v 0.045610 -0.040502 0.134037
v 0.045449 -0.040708 0.134037
v 0.045326 -0.040938 0.134037
v 0.045245 -0.041187 0.134037
v 0.045209 -0.041446 0.134037
v 0.045218 -0.041707 0.134037
v 0.045272 -0.041963 0.134037
v 0.045370 -0.042206 0.134037
v 0.045509 -0.042427 0.134037
v 0.045684 -0.042622 0.134037
v 0.045890 -0.042783 0.134037
v 0.046121 -0.042905 0.134037
v 0.046369 -0.042986 0.134037
v 0.046628 -0.043023 0.134037
v 0.046890 -0.043013 0.134037
v 0.046890 -0.043013 0.137537
v 0.047145 -0.042959 0.137537
v 0.047388 -0.042861 0.137537
v 0.047610 -0.042723 0.137537
v 0.047804 -0.042548 0.137537
v 0.047965 -0.042342 0.137537
v 0.048088 -0.042111 0.137537
v 0.048168 -0.041862 0.137537
v 0.048205 -0.041603 0.137537
v 0.048196 -0.041342 0.137537
v 0.048141 -0.041086 0.137537
v 0.048043 -0.040844 0.137537
v 0.047905 -0.040622 0.137537
v 0.047730 -0.040428 0.137537
v 0.047524 -0.040267 0.137537
v 0.047293 -0.040144 0.137537
v 0.047044 -0.040063 0.137537
v 0.046785 -0.040027 0.137537
v 0.046524 -0.040036 0.137537
v 0.046890 -0.043013 0.134037
v 0.047145 -0.042959 0.134037
v 0.047388 -0.042861 0.134037
v 0.047610 -0.042723 0.134037
v 0.047804 -0.042548 0.134037
v 0.047965 -0.042342 0.134037
v 0.048088 -0.042111 0.134037
v 0.048168 -0.041862 0.134037
v 0.048205 -0.041603 0.134037
v 0.048196 -0.041342 0.134037
v 0.048141 -0.041086 0.134037
v 0.048043 -0.040844 0.134037
v 0.047905 -0.040622 0.134037
v 0.047730 -0.040428 0.134037
v 0.047524 -0.040267 0.134037
v 0.047293 -0.040144 0.134037
v 0.047044 -0.040063 0.134037
v 0.046785 -0.040027 0.134037
v 0.046524 -0.040036 0.134037
v 0.060408 -0.098397 0.112487
v 0.060399 -0.098136 0.112487
v 0.060435 -0.097877 0.112487
v 0.060516 -0.097629 0.112487
v 0.060639 -0.097398 0.112487
v 0.060800 -0.097192 0.112487
v 0.060994 -0.097017 0.112487
v 0.061216 -0.096878 0.112487
v 0.061458 -0.096780 0.112487
v 0.061714 -0.096726 0.112487
v 0.061975 -0.096717 0.112487
v 0.062234 -0.096753 0.112487
v 0.062483 -0.096834 0.112487
v 0.062714 -0.096957 0.112487
v 0.062920 -0.097118 0.112487
v 0.063095 -0.097312 0.112487
v 0.063233 -0.097534 0.112487
v 0.063331 -0.097776 0.112487
v 0.063386 -0.098032 0.112487
v 0.063396 -0.098267 0.112487
v 0.063369 -0.098501 0.112487
v 0.063306 -0.098728 0.112487
v 0.063209 -0.098942 0.112487
v 0.063079 -0.099138 0.112487
v 0.062908 -0.099323 0.112487
v 0.062708 -0.099477 0.112487
v 0.062485 -0.099595 0.112487
v 0.062245 -0.099674 0.112487
v 0.061996 -0.099711 0.112487
v 0.061744 -0.099707 0.112487
v 0.061496 -0.099660 0.112487
v 0.061260 -0.099573 0.112487
v 0.061041 -0.099447 0.112487
v 0.060847 -0.099286 0.112487
v 0.060682 -0.099095 0.112487
v 0.060552 -0.098879 0.112487
v 0.060460 -0.098644 0.112487
v 0.060408 -0.098397 0.104487
v 0.060399 -0.098136 0.104487
v 0.060435 -0.097877 0.104487
v 0.060516 -0.097629 0.104487
v 0.060639 -0.097398 0.104487
v 0.060800 -0.097192 0.104487
v 0.060994 -0.097017 0.104487
v 0.061216 -0.096878 0.104487
v 0.061458 -0.096780 0.104487
v 0.061714 -0.096726 0.104487
v 0.061975 -0.096717 0.104487
v 0.062234 -0.096753 0.104487
v 0.062483 -0.096834 0.104487
v 0.062714 -0.096957 0.104487
v 0.062920 -0.097118 0.104487
v 0.063095 -0.097312 0.104487
v 0.063233 -0.097534 0.104487
v 0.063331 -0.097776 0.104487
v 0.063386 -0.098032 0.104487
v 0.060408 -0.098397 0.112487
v 0.060399 -0.098136 0.112487
v 0.060435 -0.097877 0.112487
v 0.060516 -0.097629 0.112487
v 0.060639 -0.097398 0.112487
v 0.060800 -0.097192 0.112487
v 0.060994 -0.097017 0.112487
v 0.061216 -0.096878 0.112487
v 0.061458 -0.096780 0.112487
v 0.061714 -0.096726 0.112487
v 0.061975 -0.096717 0.112487
v 0.062234 -0.096753 0.112487
v 0.062483 -0.096834 0.112487
v 0.062714 -0.096957 0.112487
v 0.062920 -0.097118 0.112487
v 0.063095 -0.097312 0.112487
v 0.063233 -0.097534 0.112487
v 0.063331 -0.097776 0.112487
v 0.063386 -0.098032 0.112487
v 0.063386 -0.098032 0.104487
v 0.063396 -0.098267 0.104487
v 0.063369 -0.098501 0.104487
v 0.063306 -0.098728 0.104487
v 0.063209 -0.098942 0.104487
v 0.063079 -0.099138 0.104487
v 0.063386 -0.098032 0.112487
v 0.063396 -0.098267 0.112487
v 0.063369 -0.098501 0.112487
v 0.063306 -0.098728 0.112487
v 0.063209 -0.098942 0.112487
v 0.063079 -0.099138 0.112487
v 0.041379 -0.072092 0.112487
v 0.041557 -0.071901 0.112487
v 0.041766 -0.071744 0.112487
v 0.041999 -0.071625 0.112487
v 0.042249 -0.071548 0.112487
v 0.042509 -0.071516 0.112487
v 0.042770 -0.071530 0.112487
v 0.043025 -0.071589 0.112487
v 0.043265 -0.071691 0.112487
v 0.043484 -0.071834 0.112487
v 0.043676 -0.072012 0.112487
v 0.043833 -0.072221 0.112487
v 0.043952 -0.072454 0.112487
v 0.044028 -0.072704 0.112487
v 0.044060 -0.072963 0.112487
v 0.044046 -0.073224 0.112487
v 0.043988 -0.073479 0.112487
v 0.043885 -0.073720 0.112487
v 0.043743 -0.073939 0.112487
v 0.043584 -0.074113 0.112487
v 0.043400 -0.074259 0.112487
v 0.043195 -0.074375 0.112487
v 0.042974 -0.074457 0.112487
v 0.042744 -0.074504 0.112487
v 0.042492 -0.074514 0.112487
v 0.042242 -0.074481 0.112487
v 0.042001 -0.074407 0.112487
v 0.041776 -0.074294 0.112487
v 0.041573 -0.074144 0.112487
v 0.041398 -0.073962 0.112487
v 0.041255 -0.073754 0.112487
v 0.041150 -0.073525 0.112487
v 0.041085 -0.073282 0.112487
v 0.041061 -0.073031 0.112487
v 0.041080 -0.072779 0.112487
v 0.041140 -0.072534 0.112487
v 0.041241 -0.072303 0.112487
v 0.041379 -0.072092 0.104487
v 0.041557 -0.071901 0.104487
v 0.041766 -0.071744 0.104487
v 0.041999 -0.071625 0.104487
v 0.042249 -0.071548 0.104487
v 0.042509 -0.071516 0.104487
v 0.042770 -0.071530 0.104487
v 0.043025 -0.071589 0.104487
v 0.043265 -0.071691 0.104487
v 0.043484 -0.071834 0.104487
v 0.043676 -0.072012 0.104487
v 0.043833 -0.072221 0.104487
v 0.043952 -0.072454 0.104487
v 0.044028 -0.072704 0.104487
v 0.044060 -0.072963 0.104487
v 0.044046 -0.073224 0.104487
v 0.043988 -0.073479 0.104487
v 0.043885 -0.073720 0.104487
v 0.043743 -0.073939 0.104487
v 0.041379 -0.072092 0.112487
v 0.041557 -0.071901 0.112487
v 0.041766 -0.071744 0.112487
v 0.041999 -0.071625 0.112487
v 0.042249 -0.071548 0.112487
v 0.042509 -0.071516 0.112487
v 0.042770 -0.071530 0.112487
v 0.043025 -0.071589 0.112487
v 0.043265 -0.071691 0.112487
v 0.043484 -0.071834 0.112487
v 0.043676 -0.072012 0.112487
v 0.043833 -0.072221 0.112487
v 0.043952 -0.072454 0.112487
v 0.044028 -0.072704 0.112487
v 0.044060 -0.072963 0.112487
v 0.044046 -0.073224 0.112487
v 0.043988 -0.073479 0.112487
v 0.043885 -0.073720 0.112487
v 0.043743 -0.073939 0.112487
v 0.043743 -0.073939 0.104487
v 0.043584 -0.074113 0.104487
v 0.043400 -0.074259 0.104487
v 0.043195 -0.074375 0.104487
v 0.042974 -0.074457 0.104487
v 0.042744 -0.074504 0.104487
v 0.043743 -0.073939 0.112487
v 0.043584 -0.074113 0.112487
v 0.043400 -0.074259 0.112487
v 0.043195 -0.074375 0.112487
v 0.042974 -0.074457 0.112487
v 0.042744 -0.074504 0.112487
v 0.046524 -0.040036 0.112487
v 0.046785 -0.040027 0.112487
v 0.047044 -0.040063 0.112487
v 0.047293 -0.040144 0.112487
v 0.047524 -0.040267 0.112487
v 0.047730 -0.040428 0.112487
v 0.047905 -0.040622 0.112487
v 0.048043 -0.040844 0.112487
v 0.048141 -0.041086 0.112487
v 0.048196 -0.041342 0.112487
v 0.048205 -0.041603 0.112487
v 0.048168 -0.041862 0.112487
v 0.048088 -0.042111 0.112487
v 0.047965 -0.042342 0.112487
v 0.047804 -0.042548 0.112487
v 0.047610 -0.042723 0.112487
v 0.047388 -0.042861 0.112487
v 0.047145 -0.042959 0.112487
v 0.046890 -0.043013 0.112487
v 0.046654 -0.043024 0.112487
v 0.046421 -0.042997 0.112487
v 0.046194 -0.042934 0.112487
v 0.045980 -0.042837 0.112487
v 0.045783 -0.042707 0.112487
v 0.045598 -0.042535 0.112487
v 0.045445 -0.042335 0.112487
v 0.045327 -0.042112 0.112487
v 0.045248 -0.041873 0.112487
v 0.045210 -0.041624 0.112487
v 0.045215 -0.041372 0.112487
v 0.045261 -0.041124 0.112487
v 0.045349 -0.040887 0.112487
v 0.045475 -0.040669 0.112487
v 0.045636 -0.040475 0.112487
v 0.045827 -0.040310 0.112487
v 0.046043 -0.040180 0.112487
v 0.046277 -0.040087 0.112487
v 0.046524 -0.040036 0.104487
v 0.046785 -0.040027 0.104487
v 0.047044 -0.040063 0.104487
v 0.047293 -0.040144 0.104487
v 0.047524 -0.040267 0.104487
v 0.047730 -0.040428 0.104487
v 0.047905 -0.040622 0.104487
v 0.048043 -0.040844 0.104487
v 0.048141 -0.041086 0.104487
v 0.048196 -0.041342 0.104487
v 0.048205 -0.041603 0.104487
v 0.048168 -0.041862 0.104487
v 0.048088 -0.042111 0.104487
v 0.047965 -0.042342 0.104487
v 0.047804 -0.042548 0.104487
v 0.047610 -0.042723 0.104487
v 0.047388 -0.042861 0.104487
v 0.047145 -0.042959 0.104487
v 0.046890 -0.043013 0.104487
v 0.046524 -0.040036 0.112487
v 0.046785 -0.040027 0.112487
v 0.047044 -0.040063 0.112487
v 0.047293 -0.040144 0.112487
v 0.047524 -0.040267 0.112487
v 0.047730 -0.040428 0.112487
v 0.047905 -0.040622 0.112487
v 0.048043 -0.040844 0.112487
v 0.048141 -0.041086 0.112487
v 0.048196 -0.041342 0.112487
v 0.048205 -0.041603 0.112487
v 0.048168 -0.041862 0.112487
v 0.048088 -0.042111 0.112487
v 0.047965 -0.042342 0.112487
v 0.047804 -0.042548 0.112487
v 0.047610 -0.042723 0.112487
v 0.047388 -0.042861 0.112487
v 0.047145 -0.042959 0.112487
v 0.046890 -0.043013 0.112487
v 0.046890 -0.043013 0.104487
v 0.046654 -0.043024 0.104487
v 0.046421 -0.042997 0.104487
v 0.046194 -0.042934 0.104487
v 0.045980 -0.042837 0.104487
v 0.045783 -0.042707 0.104487
v 0.046890 -0.043013 0.112487
v 0.046654 -0.043024 0.112487
v 0.046421 -0.042997 0.112487
v 0.046194 -0.042934 0.112487
v 0.045980 -0.042837 0.112487
v 0.045783 -0.042707 0.112487
v 0.072829 -0.021007 0.112487
v 0.073021 -0.021185 0.112487
v 0.073178 -0.021394 0.112487
v 0.073297 -0.021627 0.112487
v 0.073373 -0.021877 0.112487
v 0.073405 -0.022136 0.112487
v 0.073391 -0.022397 0.112487
v 0.073332 -0.022652 0.112487
v 0.073230 -0.022893 0.112487
v 0.073088 -0.023112 0.112487
v 0.072910 -0.023303 0.112487
v 0.072701 -0.023461 0.112487
v 0.072468 -0.023579 0.112487
v 0.072218 -0.023656 0.112487
v 0.071958 -0.023688 0.112487
v 0.071697 -0.023674 0.112487
v 0.071442 -0.023615 0.112487
v 0.071202 -0.023513 0.112487
v 0.070982 -0.023371 0.112487
v 0.070809 -0.023212 0.112487
v 0.070662 -0.023027 0.112487
v 0.070546 -0.022823 0.112487
v 0.070464 -0.022602 0.112487
v 0.070417 -0.022371 0.112487
v 0.070408 -0.022119 0.112487
v 0.070440 -0.021869 0.112487
v 0.070514 -0.021628 0.112487
v 0.070628 -0.021403 0.112487
v 0.070778 -0.021200 0.112487
v 0.070959 -0.021025 0.112487
v 0.071167 -0.020883 0.112487
v 0.071396 -0.020778 0.112487
v 0.071640 -0.020712 0.112487
v 0.071891 -0.020689 0.112487
v 0.072142 -0.020707 0.112487
v 0.072387 -0.020768 0.112487
v 0.072618 -0.020869 0.112487
v 0.072829 -0.021007 0.104487
v 0.073021 -0.021185 0.104487
v 0.073178 -0.021394 0.104487
v 0.073297 -0.021627 0.104487
v 0.073373 -0.021877 0.104487
v 0.073405 -0.022136 0.104487
v 0.073391 -0.022397 0.104487
v 0.073332 -0.022652 0.104487
v 0.073230 -0.022893 0.104487
v 0.073088 -0.023112 0.104487
v 0.072910 -0.023303 0.104487
v 0.072701 -0.023461 0.104487
v 0.072468 -0.023579 0.104487
v 0.072218 -0.023656 0.104487
v 0.071958 -0.023688 0.104487
v 0.071697 -0.023674 0.104487
v 0.071442 -0.023615 0.104487
v 0.071202 -0.023513 0.104487
v 0.070982 -0.023371 0.104487
v 0.072829 -0.021007 0.112487
v 0.073021 -0.021185 0.112487
v 0.073178 -0.021394 0.112487
v 0.073297 -0.021627 0.112487
v 0.073373 -0.021877 0.112487
v 0.073405 -0.022136 0.112487
v 0.073391 -0.022397 0.112487
v 0.073332 -0.022652 0.112487
v 0.073230 -0.022893 0.112487
v 0.073088 -0.023112 0.112487
v 0.072910 -0.023303 0.112487
v 0.072701 -0.023461 0.112487
v 0.072468 -0.023579 0.112487
v 0.072218 -0.023656 0.112487
v 0.071958 -0.023688 0.112487
v 0.071697 -0.023674 0.112487
v 0.071442 -0.023615 0.112487
v 0.071202 -0.023513 0.112487
v 0.070982 -0.023371 0.112487
v 0.070982 -0.023371 0.104487
v 0.070809 -0.023212 0.104487
v 0.070662 -0.023027 0.104487
v 0.070546 -0.022823 0.104487
v 0.070464 -0.022602 0.104487
v 0.070417 -0.022371 0.104487
v 0.070982 -0.023371 0.112487
v 0.070809 -0.023212 0.112487
v 0.070662 -0.023027 0.112487
v 0.070546 -0.022823 0.112487
v 0.070464 -0.022602 0.112487
v 0.070417 -0.022371 0.112487
v 0.104886 -0.026152 0.112487
v 0.104895 -0.026413 0.112487
v 0.104858 -0.026672 0.112487
v 0.104778 -0.026921 0.112487
v 0.104655 -0.027151 0.112487
v 0.104494 -0.027358 0.112487
v 0.104300 -0.027532 0.112487
v 0.104078 -0.027671 0.112487
v 0.103835 -0.027769 0.112487
v 0.103580 -0.027823 0.112487
v 0.103318 -0.027832 0.112487
v 0.103059 -0.027796 0.112487
v 0.102811 -0.027715 0.112487
v 0.102580 -0.027593 0.112487
v 0.102374 -0.027432 0.112487
v 0.102199 -0.027237 0.112487
v 0.102060 -0.027016 0.112487
v 0.101962 -0.026773 0.112487
v 0.101908 -0.026517 0.112487
v 0.101898 -0.026282 0.112487
v 0.101924 -0.026048 0.112487
v 0.101987 -0.025821 0.112487
v 0.102085 -0.025607 0.112487
v 0.102215 -0.025411 0.112487
v 0.102386 -0.025226 0.112487
v 0.102586 -0.025072 0.112487
v 0.102809 -0.024955 0.112487
v 0.103049 -0.024876 0.112487
v 0.103298 -0.024838 0.112487
v 0.103550 -0.024842 0.112487
v 0.103798 -0.024889 0.112487
v 0.104034 -0.024977 0.112487
v 0.104253 -0.025103 0.112487
v 0.104447 -0.025263 0.112487
v 0.104612 -0.025454 0.112487
v 0.104742 -0.025670 0.112487
v 0.104834 -0.025905 0.112487
v 0.104886 -0.026152 0.104487
v 0.104895 -0.026413 0.104487
v 0.104858 -0.026672 0.104487
v 0.104778 -0.026921 0.104487
v 0.104655 -0.027151 0.104487
v 0.104494 -0.027358 0.104487
v 0.104300 -0.027532 0.104487
v 0.104078 -0.027671 0.104487
v 0.103835 -0.027769 0.104487
v 0.103580 -0.027823 0.104487
v 0.103318 -0.027832 0.104487
v 0.103059 -0.027796 0.104487
v 0.102811 -0.027715 0.104487
v 0.102580 -0.027593 0.104487
v 0.102374 -0.027432 0.104487
v 0.102199 -0.027237 0.104487
v 0.102060 -0.027016 0.104487
v 0.101962 -0.026773 0.104487
v 0.101908 -0.026517 0.104487
v 0.104886 -0.026152 0.112487
v 0.104895 -0.026413 0.112487
v 0.104858 -0.026672 0.112487
v 0.104778 -0.026921 0.112487
v 0.104655 -0.027151 0.112487
v 0.104494 -0.027358 0.112487
v 0.104300 -0.027532 0.112487
v 0.104078 -0.027671 0.112487
v 0.103835 -0.027769 0.112487
v 0.103580 -0.027823 0.112487
v 0.103318 -0.027832 0.112487
v 0.103059 -0.027796 0.112487
v 0.102811 -0.027715 0.112487
v 0.102580 -0.027593 0.112487
v 0.102374 -0.027432 0.112487
v 0.102199 -0.027237 0.112487
v 0.102060 -0.027016 0.112487
v 0.101962 -0.026773 0.112487
v 0.101908 -0.026517 0.112487
v 0.101908 -0.026517 0.104487
v 0.101898 -0.026282 0.104487
v 0.101924 -0.026048 0.104487
v 0.101987 -0.025821 0.104487
v 0.102085 -0.025607 0.104487
v 0.102215 -0.025411 0.104487
v 0.101908 -0.026517 0.112487
v 0.101898 -0.026282 0.112487
v 0.101924 -0.026048 0.112487
v 0.101987 -0.025821 0.112487
v 0.102085 -0.025607 0.112487
v 0.102215 -0.025411 0.112487
v 0.123915 -0.052457 0.112487
v 0.123737 -0.052648 0.112487
v 0.123528 -0.052806 0.112487
v 0.123295 -0.052924 0.112487
v 0.123045 -0.053001 0.112487
v 0.122785 -0.053033 0.112487
v 0.122524 -0.053019 0.112487
v 0.122269 -0.052960 0.112487
v 0.122029 -0.052858 0.112487
v 0.121809 -0.052716 0.112487
v 0.121618 -0.052537 0.112487
v 0.121461 -0.052328 0.112487
v 0.121342 -0.052096 0.112487
v 0.121266 -0.051845 0.112487
v 0.121234 -0.051586 0.112487
v 0.121247 -0.051325 0.112487
v 0.121306 -0.051070 0.112487
v 0.121408 -0.050829 0.112487
v 0.121551 -0.050610 0.112487
v 0.121710 -0.050437 0.112487
v 0.121894 -0.050290 0.112487
v 0.122099 -0.050174 0.112487
v 0.122319 -0.050092 0.112487
v 0.122550 -0.050045 0.112487
v 0.122802 -0.050035 0.112487
v 0.123052 -0.050068 0.112487
v 0.123293 -0.050142 0.112487
v 0.123518 -0.050256 0.112487
v 0.123721 -0.050405 0.112487
v 0.123896 -0.050587 0.112487
v 0.124038 -0.050795 0.112487
v 0.124144 -0.051024 0.112487
v 0.124209 -0.051268 0.112487
v 0.124233 -0.051519 0.112487
v 0.124214 -0.051770 0.112487
v 0.124154 -0.052015 0.112487
v 0.124053 -0.052246 0.112487
v 0.123915 -0.052457 0.104487
v 0.123737 -0.052648 0.104487
v 0.123528 -0.052806 0.104487
v 0.123295 -0.052924 0.104487
v 0.123045 -0.053001 0.104487
v 0.122785 -0.053033 0.104487
v 0.122524 -0.053019 0.104487
v 0.122269 -0.052960 0.104487
v 0.122029 -0.052858 0.104487
v 0.121809 -0.052716 0.104487
v 0.121618 -0.052537 0.104487
v 0.121461 -0.052328 0.104487
v 0.121342 -0.052096 0.104487
v 0.121266 -0.051845 0.104487
v 0.121234 -0.051586 0.104487
v 0.121247 -0.051325 0.104487
v 0.121306 -0.051070 0.104487
v 0.121408 -0.050829 0.104487
v 0.121551 -0.050610 0.104487
v 0.123915 -0.052457 0.112487
v 0.123737 -0.052648 0.112487
v 0.123528 -0.052806 0.112487
v 0.123295 -0.052924 0.112487
v 0.123045 -0.053001 0.112487
v 0.122785 -0.053033 0.112487
v 0.122524 -0.053019 0.112487
v 0.122269 -0.052960 0.112487
v 0.122029 -0.052858 0.112487
v 0.121809 -0.052716 0.112487
v 0.121618 -0.052537 0.112487
v 0.121461 -0.052328 0.112487
v 0.121342 -0.052096 0.112487
v 0.121266 -0.051845 0.112487
v 0.121234 -0.051586 0.112487
v 0.121247 -0.051325 0.112487
v 0.121306 -0.051070 0.112487
v 0.121408 -0.050829 0.112487
v 0.121551 -0.050610 0.112487
v 0.121551 -0.050610 0.104487
v 0.121710 -0.050437 0.104487
v 0.121894 -0.050290 0.104487
v 0.122099 -0.050174 0.104487
v 0.122319 -0.050092 0.104487
v 0.122550 -0.050045 0.104487
v 0.121551 -0.050610 0.112487
v 0.121710 -0.050437 0.112487
v 0.121894 -0.050290 0.112487
v 0.122099 -0.050174 0.112487
v 0.122319 -0.050092 0.112487
v 0.122550 -0.050045 0.112487
v 0.118770 -0.084513 0.112487
v 0.118508 -0.084523 0.112487
v 0.118250 -0.084486 0.112487
v 0.118001 -0.084405 0.112487
v 0.117770 -0.084283 0.112487
v 0.117564 -0.084122 0.112487
v 0.117389 -0.083927 0.112487
v 0.117250 -0.083706 0.112487
v 0.117152 -0.083463 0.112487
v 0.117098 -0.083207 0.112487
v 0.117089 -0.082946 0.112487
v 0.117125 -0.082687 0.112487
v 0.117206 -0.082438 0.112487
v 0.117329 -0.082208 0.112487
v 0.117490 -0.082002 0.112487
v 0.117684 -0.081827 0.112487
v 0.117906 -0.081688 0.112487
v 0.118148 -0.081590 0.112487
v 0.118404 -0.081536 0.112487
v 0.118639 -0.081525 0.112487
v 0.118873 -0.081552 0.112487
v 0.119100 -0.081615 0.112487
v 0.119314 -0.081713 0.112487
v 0.119510 -0.081843 0.112487
v 0.119695 -0.082014 0.112487
v 0.119849 -0.082214 0.112487
v 0.119967 -0.082437 0.112487
v 0.120046 -0.082676 0.112487
v 0.120084 -0.082926 0.112487
v 0.120079 -0.083178 0.112487
v 0.120032 -0.083425 0.112487
v 0.119945 -0.083662 0.112487
v 0.119819 -0.083880 0.112487
v 0.119658 -0.084075 0.112487
v 0.119467 -0.084239 0.112487
v 0.119251 -0.084369 0.112487
v 0.119017 -0.084462 0.112487
v 0.118770 -0.084513 0.104487
v 0.118508 -0.084523 0.104487
v 0.118250 -0.084486 0.104487
v 0.118001 -0.084405 0.104487
v 0.117770 -0.084283 0.104487
v 0.117564 -0.084122 0.104487
v 0.117389 -0.083927 0.104487
v 0.117250 -0.083706 0.104487
v 0.117152 -0.083463 0.104487
v 0.117098 -0.083207 0.104487
v 0.117089 -0.082946 0.104487
v 0.117125 -0.082687 0.104487
v 0.117206 -0.082438 0.104487
v 0.117329 -0.082208 0.104487
v 0.117490 -0.082002 0.104487
v 0.117684 -0.081827 0.104487
v 0.117906 -0.081688 0.104487
v 0.118148 -0.081590 0.104487
v 0.118404 -0.081536 0.104487
v 0.118770 -0.084513 0.112487
v 0.118508 -0.084523 0.112487
v 0.118250 -0.084486 0.112487
v 0.118001 -0.084405 0.112487
v 0.117770 -0.084283 0.112487
v 0.117564 -0.084122 0.112487
v 0.117389 -0.083927 0.112487
v 0.117250 -0.083706 0.112487
v 0.117152 -0.083463 0.112487
v 0.117098 -0.083207 0.112487
v 0.117089 -0.082946 0.112487
v 0.117125 -0.082687 0.112487
v 0.117206 -0.082438 0.112487
v 0.117329 -0.082208 0.112487
v 0.117490 -0.082002 0.112487
v 0.117684 -0.081827 0.112487
v 0.117906 -0.081688 0.112487
v 0.118148 -0.081590 0.112487
v 0.118404 -0.081536 0.112487
v 0.118404 -0.081536 0.104487
v 0.118639 -0.081525 0.104487
v 0.118873 -0.081552 0.104487
v 0.119100 -0.081615 0.104487
v 0.119314 -0.081713 0.104487
v 0.119510 -0.081843 0.104487
v 0.118404 -0.081536 0.112487
v 0.118639 -0.081525 0.112487
v 0.118873 -0.081552 0.112487
v 0.119100 -0.081615 0.112487
v 0.119314 -0.081713 0.112487
v 0.119510 -0.081843 0.112487
v 0.092464 -0.103543 0.112487
v 0.092273 -0.103364 0.112487
v 0.092116 -0.103155 0.112487
v 0.091997 -0.102922 0.112487
v 0.091921 -0.102672 0.112487
v 0.091889 -0.102413 0.112487
v 0.091902 -0.102152 0.112487
v 0.091961 -0.101897 0.112487
v 0.092063 -0.101656 0.112487
v 0.092206 -0.101437 0.112487
v 0.092384 -0.101246 0.112487
v 0.092593 -0.101088 0.112487
v 0.092826 -0.100970 0.112487
v 0.093076 -0.100893 0.112487
v 0.093336 -0.100861 0.112487
v 0.093597 -0.100875 0.112487
v 0.093851 -0.100934 0.112487
v 0.094092 -0.101036 0.112487
v 0.094311 -0.101178 0.112487
v 0.094485 -0.101338 0.112487
v 0.094631 -0.101522 0.112487
v 0.094747 -0.101727 0.112487
v 0.094830 -0.101947 0.112487
v 0.094877 -0.102178 0.112487
v 0.094886 -0.102430 0.112487
v 0.094854 -0.102680 0.112487
v 0.094779 -0.102921 0.112487
v 0.094666 -0.103146 0.112487
v 0.094516 -0.103349 0.112487
v 0.094335 -0.103524 0.112487
v 0.094127 -0.103666 0.112487
v 0.093897 -0.103771 0.112487
v 0.093654 -0.103837 0.112487
v 0.093403 -0.103860 0.112487
v 0.093151 -0.103842 0.112487
v 0.092907 -0.103781 0.112487
v 0.092675 -0.103681 0.112487
v 0.092464 -0.103543 0.104487
v 0.092273 -0.103364 0.104487
v 0.092116 -0.103155 0.104487
v 0.091997 -0.102922 0.104487
v 0.091921 -0.102672 0.104487
v 0.091889 -0.102413 0.104487
v 0.091902 -0.102152 0.104487
v 0.091961 -0.101897 0.104487
v 0.092063 -0.101656 0.104487
v 0.092206 -0.101437 0.104487
v 0.092384 -0.101246 0.104487
v 0.092593 -0.101088 0.104487
v 0.092826 -0.100970 0.104487
v 0.093076 -0.100893 0.104487
v 0.093336 -0.100861 0.104487
v 0.093597 -0.100875 0.104487
v 0.093851 -0.100934 0.104487
v 0.094092 -0.101036 0.104487
v 0.094311 -0.101178 0.104487
v 0.092464 -0.103543 0.112487
v 0.092273 -0.103364 0.112487
v 0.092116 -0.103155 0.112487
v 0.091997 -0.102922 0.112487
v 0.091921 -0.102672 0.112487
v 0.091889 -0.102413 0.112487
v 0.091902 -0.102152 0.112487
v 0.091961 -0.101897 0.112487
v 0.092063 -0.101656 0.112487
v 0.092206 -0.101437 0.112487
v 0.092384 -0.101246 0.112487
v 0.092593 -0.101088 0.112487
v 0.092826 -0.100970 0.112487
v 0.093076 -0.100893 0.112487
v 0.093336 -0.100861 0.112487
v 0.093597 -0.100875 0.112487
v 0.093851 -0.100934 0.112487
v 0.094092 -0.101036 0.112487
v 0.094311 -0.101178 0.112487
v 0.094311 -0.101178 0.104487
v 0.094485 -0.101338 0.104487
v 0.094631 -0.101522 0.104487
v 0.094747 -0.101727 0.104487
v 0.094830 -0.101947 0.104487
v 0.094877 -0.102178 0.104487
v 0.094311 -0.101178 0.112487
v 0.094485 -0.101338 0.112487
v 0.094631 -0.101522 0.112487
v 0.094747 -0.101727 0.112487
v 0.094830 -0.101947 0.112487
v 0.094877 -0.102178 0.112487
v 0.072721 -0.063493 0.100487
v 0.072661 -0.061751 0.100487
v 0.072903 -0.060025 0.100487
v 0.073442 -0.058367 0.100487
v 0.074260 -0.056828 0.100487
v 0.075333 -0.055455 0.100487
v 0.076629 -0.054288 0.100487
v 0.078107 -0.053365 0.100487
v 0.079723 -0.052712 0.100487
v 0.081428 -0.052349 0.100487
v 0.083170 -0.052288 0.100487
v 0.084896 -0.052531 0.100487
v 0.086554 -0.053070 0.100487
v 0.088093 -0.053888 0.100487
v 0.089467 -0.054961 0.100487
v 0.090633 -0.056256 0.100487
v 0.091557 -0.057735 0.100487
v 0.092210 -0.059351 0.100487
v 0.092572 -0.061056 0.100487
v 0.092633 -0.062798 0.100487
v 0.092391 -0.064524 0.100487
v 0.091852 -0.066182 0.100487
v 0.091034 -0.067721 0.100487
v 0.089960 -0.069095 0.100487
v 0.088665 -0.070261 0.100487
v 0.087187 -0.071185 0.100487
v 0.085571 -0.071838 0.100487
v 0.083866 -0.072200 0.100487
v 0.082124 -0.072261 0.100487
v 0.080397 -0.072018 0.100487
v 0.078740 -0.071480 0.100487
v 0.077201 -0.070661 0.100487
v 0.075827 -0.069588 0.100487
v 0.074661 -0.068293 0.100487
v 0.073737 -0.066814 0.100487
v 0.073084 -0.065198 0.100487
v 0.072721 -0.063493 0.098487
v 0.072661 -0.061751 0.098487
v 0.072903 -0.060025 0.098487
v 0.073442 -0.058367 0.098487
v 0.074260 -0.056828 0.098487
v 0.075333 -0.055455 0.098487
v 0.076629 -0.054288 0.098487
v 0.078107 -0.053365 0.098487
v 0.079723 -0.052712 0.098487
v 0.081428 -0.052349 0.098487
v 0.083170 -0.052288 0.098487
v 0.084896 -0.052531 0.098487
v 0.086554 -0.053070 0.098487
v 0.088093 -0.053888 0.098487
v 0.089467 -0.054961 0.098487
v 0.090633 -0.056256 0.098487
v 0.091557 -0.057735 0.098487
v 0.092210 -0.059351 0.098487
v 0.092572 -0.061056 0.098487
v 0.072721 -0.063493 0.100487
v 0.072661 -0.061751 0.100487
v 0.072903 -0.060025 0.100487
v 0.073442 -0.058367 0.100487
v 0.074260 -0.056828 0.100487
v 0.075333 -0.055455 0.100487
v 0.076629 -0.054288 0.100487
v 0.078107 -0.053365 0.100487
v 0.079723 -0.052712 0.100487
v 0.081428 -0.052349 0.100487
v 0.083170 -0.052288 0.100487
v 0.084896 -0.052531 0.100487
v 0.086554 -0.053070 0.100487
v 0.088093 -0.053888 0.100487
v 0.089467 -0.054961 0.100487
v 0.090633 -0.056256 0.100487
v 0.091557 -0.057735 0.100487
v 0.092210 -0.059351 0.100487
v 0.092572 -0.061056 0.100487
v 0.092572 -0.061056 0.098487
v 0.092633 -0.062798 0.098487
v 0.092391 -0.064524 0.098487
v 0.091852 -0.066182 0.098487
v 0.091034 -0.067721 0.098487
v 0.089960 -0.069095 0.098487
v 0.088665 -0.070261 0.098487
v 0.087187 -0.071185 0.098487
v 0.085571 -0.071838 0.098487
v 0.083866 -0.072200 0.098487
v 0.082124 -0.072261 0.098487
v 0.080397 -0.072018 0.098487
v 0.078740 -0.071480 0.098487
v 0.077201 -0.070661 0.098487
v 0.075827 -0.069588 0.098487
v 0.074661 -0.068293 0.098487
v 0.073737 -0.066814 0.098487
v 0.073084 -0.065198 0.098487
v 0.072721 -0.063493 0.098487
v 0.092572 -0.061056 0.100487
v 0.092633 -0.062798 0.100487
v 0.092391 -0.064524 0.100487
v 0.091852 -0.066182 0.100487
v 0.091034 -0.067721 0.100487
v 0.089960 -0.069095 0.100487
v 0.088665 -0.070261 0.100487
v 0.087187 -0.071185 0.100487
v 0.085571 -0.071838 0.100487
v 0.083866 -0.072200 0.100487
v 0.082124 -0.072261 0.100487
v 0.080397 -0.072018 0.100487
v 0.078740 -0.071480 0.100487
v 0.077201 -0.070661 0.100487
v 0.075827 -0.069588 0.100487
v 0.074661 -0.068293 0.100487
v 0.073737 -0.066814 0.100487
v 0.073084 -0.065198 0.100487
v 0.072721 -0.063493 0.100487
v 0.071761 -0.068599 0.104487
v 0.071983 -0.068461 0.104487
v 0.072225 -0.068363 0.104487
v 0.072481 -0.068308 0.104487
v 0.072742 -0.068299 0.104487
v 0.073001 -0.068336 0.104487
v 0.073250 -0.068417 0.104487
v 0.073481 -0.068539 0.104487
v 0.073687 -0.068700 0.104487
v 0.073862 -0.068895 0.104487
v 0.074000 -0.069116 0.104487
v 0.074098 -0.069359 0.104487
v 0.074153 -0.069614 0.104487
v 0.074162 -0.069876 0.104487
v 0.074126 -0.070135 0.104487
v 0.074045 -0.070383 0.104487
v 0.073922 -0.070614 0.104487
v 0.073761 -0.070820 0.104487
v 0.073567 -0.070995 0.104487
v 0.073345 -0.071134 0.104487
v 0.073103 -0.071232 0.104487
v 0.072847 -0.071286 0.104487
v 0.072585 -0.071295 0.104487
v 0.072327 -0.071259 0.104487
v 0.072078 -0.071178 0.104487
v 0.071847 -0.071055 0.104487
v 0.071641 -0.070894 0.104487
v 0.071466 -0.070700 0.104487
v 0.071327 -0.070478 0.104487
v 0.071230 -0.070236 0.104487
v 0.071175 -0.069980 0.104487
v 0.071166 -0.069719 0.104487
v 0.071202 -0.069460 0.104487
v 0.071283 -0.069211 0.104487
v 0.071406 -0.068980 0.104487
v 0.071567 -0.068774 0.104487
v 0.071761 -0.068599 0.098487
v 0.071983 -0.068461 0.098487
v 0.072225 -0.068363 0.098487
v 0.072481 -0.068308 0.098487
v 0.072742 -0.068299 0.098487
v 0.073001 -0.068336 0.098487
v 0.073250 -0.068417 0.098487
v 0.073481 -0.068539 0.098487
v 0.073687 -0.068700 0.098487
v 0.073862 -0.068895 0.098487
v 0.074000 -0.069116 0.098487
v 0.074098 -0.069359 0.098487
v 0.074153 -0.069614 0.098487
v 0.074162 -0.069876 0.098487
v 0.074126 -0.070135 0.098487
v 0.074045 -0.070383 0.098487
v 0.073922 -0.070614 0.098487
v 0.073761 -0.070820 0.098487
v 0.073567 -0.070995 0.098487
v 0.071761 -0.068599 0.104487
v 0.071983 -0.068461 0.104487
v 0.072225 -0.068363 0.104487
v 0.072481 -0.068308 0.104487
v 0.072742 -0.068299 0.104487
v 0.073001 -0.068336 0.104487
v 0.073250 -0.068417 0.104487
v 0.073481 -0.068539 0.104487
v 0.073687 -0.068700 0.104487
v 0.073862 -0.068895 0.104487
v 0.074000 -0.069116 0.104487
v 0.074098 -0.069359 0.104487
v 0.074153 -0.069614 0.104487
v 0.074162 -0.069876 0.104487
v 0.074126 -0.070135 0.104487
v 0.074045 -0.070383 0.104487
v 0.073922 -0.070614 0.104487
v 0.073761 -0.070820 0.104487
v 0.073567 -0.070995 0.104487
v 0.073567 -0.070995 0.098487
v 0.073345 -0.071134 0.098487
v 0.073103 -0.071232 0.098487
v 0.072847 -0.071286 0.098487
v 0.072585 -0.071295 0.098487
v 0.072327 -0.071259 0.098487
v 0.072078 -0.071178 0.098487
v 0.071847 -0.071055 0.098487
v 0.071641 -0.070894 0.098487
v 0.071466 -0.070700 0.098487
v 0.071327 -0.070478 0.098487
v 0.071230 -0.070236 0.098487
v 0.071175 -0.069980 0.098487
v 0.071166 -0.069719 0.098487
v 0.071202 -0.069460 0.098487
v 0.071283 -0.069211 0.098487
v 0.071406 -0.068980 0.098487
v 0.071567 -0.068774 0.098487
v 0.071761 -0.068599 0.098487
v 0.073567 -0.070995 0.104487
v 0.073345 -0.071134 0.104487
v 0.073103 -0.071232 0.104487
v 0.072847 -0.071286 0.104487
v 0.072585 -0.071295 0.104487
v 0.072327 -0.071259 0.104487
v 0.072078 -0.071178 0.104487
v 0.071847 -0.071055 0.104487
v 0.071641 -0.070894 0.104487
v 0.071466 -0.070700 0.104487
v 0.071327 -0.070478 0.104487
v 0.071230 -0.070236 0.104487
v 0.071175 -0.069980 0.104487
v 0.071166 -0.069719 0.104487
v 0.071202 -0.069460 0.104487
v 0.071283 -0.069211 0.104487
v 0.071406 -0.068980 0.104487
v 0.071567 -0.068774 0.104487
v 0.071761 -0.068599 0.104487
v 0.071727 -0.056010 0.104487
v 0.071958 -0.056132 0.104487
v 0.072164 -0.056293 0.104487
v 0.072339 -0.056488 0.104487
v 0.072477 -0.056709 0.104487
v 0.072575 -0.056952 0.104487
v 0.072629 -0.057208 0.104487
v 0.072639 -0.057469 0.104487
v 0.072602 -0.057728 0.104487
v 0.072521 -0.057977 0.104487
v 0.072399 -0.058207 0.104487
v 0.072238 -0.058413 0.104487
v 0.072043 -0.058588 0.104487
v 0.071822 -0.058727 0.104487
v 0.071579 -0.058825 0.104487
v 0.071323 -0.058879 0.104487
v 0.071062 -0.058888 0.104487
v 0.070803 -0.058852 0.104487
v 0.070554 -0.058771 0.104487
v 0.070324 -0.058648 0.104487
v 0.070118 -0.058487 0.104487
v 0.069943 -0.058293 0.104487
v 0.069804 -0.058071 0.104487
v 0.069706 -0.057829 0.104487
v 0.069652 -0.057573 0.104487
v 0.069643 -0.057312 0.104487
v 0.069679 -0.057053 0.104487
v 0.069760 -0.056804 0.104487
v 0.069883 -0.056573 0.104487
v 0.070044 -0.056367 0.104487
v 0.070238 -0.056192 0.104487
v 0.070460 -0.056054 0.104487
v 0.070702 -0.055956 0.104487
v 0.070958 -0.055902 0.104487
v 0.071219 -0.055892 0.104487
v 0.071478 -0.055929 0.104487
v 0.071727 -0.056010 0.098487
v 0.071958 -0.056132 0.098487
v 0.072164 -0.056293 0.098487
v 0.072339 -0.056488 0.098487
v 0.072477 -0.056709 0.098487
v 0.072575 -0.056952 0.098487
v 0.072629 -0.057208 0.098487
v 0.072639 -0.057469 0.098487
v 0.072602 -0.057728 0.098487
v 0.072521 -0.057977 0.098487
v 0.072399 -0.058207 0.098487
v 0.072238 -0.058413 0.098487
v 0.072043 -0.058588 0.098487
v 0.071822 -0.058727 0.098487
v 0.071579 -0.058825 0.098487
v 0.071323 -0.058879 0.098487
v 0.071062 -0.058888 0.098487
v 0.070803 -0.058852 0.098487
v 0.070554 -0.058771 0.098487
v 0.071727 -0.056010 0.104487
v 0.071958 -0.056132 0.104487
v 0.072164 -0.056293 0.104487
v 0.072339 -0.056488 0.104487
v 0.072477 -0.056709 0.104487
v 0.072575 -0.056952 0.104487
v 0.072629 -0.057208 0.104487
v 0.072639 -0.057469 0.104487
v 0.072602 -0.057728 0.104487
v 0.072521 -0.057977 0.104487
v 0.072399 -0.058207 0.104487
v 0.072238 -0.058413 0.104487
v 0.072043 -0.058588 0.104487
v 0.071822 -0.058727 0.104487
v 0.071579 -0.058825 0.104487
v 0.071323 -0.058879 0.104487
v 0.071062 -0.058888 0.104487
v 0.070803 -0.058852 0.104487
v 0.070554 -0.058771 0.104487
v 0.070554 -0.058771 0.098487
v 0.070324 -0.058648 0.098487
v 0.070118 -0.058487 0.098487
v 0.069943 -0.058293 0.098487
v 0.069804 -0.058071 0.098487
v 0.069706 -0.057829 0.098487
v 0.069652 -0.057573 0.098487
v 0.069643 -0.057312 0.098487
v 0.069679 -0.057053 0.098487
v 0.069760 -0.056804 0.098487
v 0.069883 -0.056573 0.098487
v 0.070044 -0.056367 0.098487
v 0.070238 -0.056192 0.098487
v 0.070460 -0.056054 0.098487
v 0.070702 -0.055956 0.098487
v 0.070958 -0.055902 0.098487
v 0.071219 -0.055892 0.098487
v 0.071478 -0.055929 0.098487
v 0.071727 -0.056010 0.098487
v 0.070554 -0.058771 0.104487
v 0.070324 -0.058648 0.104487
v 0.070118 -0.058487 0.104487
v 0.069943 -0.058293 0.104487
v 0.069804 -0.058071 0.104487
v 0.069706 -0.057829 0.104487
v 0.069652 -0.057573 0.104487
v 0.069643 -0.057312 0.104487
v 0.069679 -0.057053 0.104487
v 0.069760 -0.056804 0.104487
v 0.069883 -0.056573 0.104487
v 0.070044 -0.056367 0.104487
v 0.070238 -0.056192 0.104487
v 0.070460 -0.056054 0.104487
v 0.070702 -0.055956 0.104487
v 0.070958 -0.055902 0.104487
v 0.071219 -0.055892 0.104487
v 0.071478 -0.055929 0.104487
v 0.071727 -0.056010 0.104487
v 0.082612 -0.049685 0.104487
v 0.082621 -0.049946 0.104487
v 0.082585 -0.050205 0.104487
v 0.082504 -0.050454 0.104487
v 0.082382 -0.050685 0.104487
v 0.082221 -0.050891 0.104487
v 0.082026 -0.051066 0.104487
v 0.081805 -0.051204 0.104487
v 0.081562 -0.051302 0.104487
v 0.081306 -0.051357 0.104487
v 0.081045 -0.051366 0.104487
v 0.080786 -0.051329 0.104487
v 0.080537 -0.051249 0.104487
v 0.080307 -0.051126 0.104487
v 0.080101 -0.050965 0.104487
v 0.079926 -0.050770 0.104487
v 0.079787 -0.050549 0.104487
v 0.079689 -0.050306 0.104487
v 0.079635 -0.050051 0.104487
v 0.079626 -0.049789 0.104487
v 0.079662 -0.049530 0.104487
v 0.079743 -0.049282 0.104487
v 0.079866 -0.049051 0.104487
v 0.080027 -0.048845 0.104487
v 0.080221 -0.048670 0.104487
v 0.080443 -0.048531 0.104487
v 0.080685 -0.048433 0.104487
v 0.080941 -0.048379 0.104487
v 0.081202 -0.048370 0.104487
v 0.081461 -0.048406 0.104487
v 0.081710 -0.048487 0.104487
v 0.081940 -0.048610 0.104487
v 0.082147 -0.048771 0.104487
v 0.082321 -0.048965 0.104487
v 0.082460 -0.049187 0.104487
v 0.082558 -0.049429 0.104487
v 0.082612 -0.049685 0.098487
v 0.082621 -0.049946 0.098487
v 0.082585 -0.050205 0.098487
v 0.082504 -0.050454 0.098487
v 0.082382 -0.050685 0.098487
v 0.082221 -0.050891 0.098487
v 0.082026 -0.051066 0.098487
v 0.081805 -0.051204 0.098487
v 0.081562 -0.051302 0.098487
v 0.081306 -0.051357 0.098487
v 0.081045 -0.051366 0.098487
v 0.080786 -0.051329 0.098487
v 0.080537 -0.051249 0.098487
v 0.080307 -0.051126 0.098487
v 0.080101 -0.050965 0.098487
v 0.079926 -0.050770 0.098487
v 0.079787 -0.050549 0.098487
v 0.079689 -0.050306 0.098487
v 0.079635 -0.050051 0.098487
v 0.082612 -0.049685 0.104487
v 0.082621 -0.049946 0.104487
v 0.082585 -0.050205 0.104487
v 0.082504 -0.050454 0.104487
v 0.082382 -0.050685 0.104487
v 0.082221 -0.050891 0.104487
v 0.082026 -0.051066 0.104487
v 0.081805 -0.051204 0.104487
v 0.081562 -0.051302 0.104487
v 0.081306 -0.051357 0.104487
v 0.081045 -0.051366 0.104487
v 0.080786 -0.051329 0.104487
v 0.080537 -0.051249 0.104487
v 0.080307 -0.051126 0.104487
v 0.080101 -0.050965 0.104487
v 0.079926 -0.050770 0.104487
v 0.079787 -0.050549 0.104487
v 0.079689 -0.050306 0.104487
v 0.079635 -0.050051 0.104487
v 0.079635 -0.050051 0.098487
v 0.079626 -0.049789 0.098487
v 0.079662 -0.049530 0.098487
v 0.079743 -0.049282 0.098487
v 0.079866 -0.049051 0.098487
v 0.080027 -0.048845 0.098487
v 0.080221 -0.048670 0.098487
v 0.080443 -0.048531 0.098487
v 0.080685 -0.048433 0.098487
v 0.080941 -0.048379 0.098487
v 0.081202 -0.048370 0.098487
v 0.081461 -0.048406 0.098487
v 0.081710 -0.048487 0.098487
v 0.081940 -0.048610 0.098487
v 0.082147 -0.048771 0.098487
v 0.082321 -0.048965 0.098487
v 0.082460 -0.049187 0.098487
v 0.082558 -0.049429 0.098487
v 0.082612 -0.049685 0.098487
v 0.079635 -0.050051 0.104487
v 0.079626 -0.049789 0.104487
v 0.079662 -0.049530 0.104487
v 0.079743 -0.049282 0.104487
v 0.079866 -0.049051 0.104487
v 0.080027 -0.048845 0.104487
v 0.080221 -0.048670 0.104487
v 0.080443 -0.048531 0.104487
v 0.080685 -0.048433 0.104487
v 0.080941 -0.048379 0.104487
v 0.081202 -0.048370 0.104487
v 0.081461 -0.048406 0.104487
v 0.081710 -0.048487 0.104487
v 0.081940 -0.048610 0.104487
v 0.082147 -0.048771 0.104487
v 0.082321 -0.048965 0.104487
v 0.082460 -0.049187 0.104487
v 0.082558 -0.049429 0.104487
v 0.082612 -0.049685 0.104487
v 0.093533 -0.055950 0.104487
v 0.093311 -0.056088 0.104487
v 0.093068 -0.056186 0.104487
v 0.092813 -0.056241 0.104487
v 0.092551 -0.056250 0.104487
v 0.092292 -0.056213 0.104487
v 0.092044 -0.056133 0.104487
v 0.091813 -0.056010 0.104487
v 0.091607 -0.055849 0.104487
v 0.091432 -0.055655 0.104487
v 0.091293 -0.055433 0.104487
v 0.091195 -0.055190 0.104487
v 0.091141 -0.054935 0.104487
v 0.091132 -0.054673 0.104487
v 0.091168 -0.054414 0.104487
v 0.091249 -0.054166 0.104487
v 0.091372 -0.053935 0.104487
v 0.091533 -0.053729 0.104487
v 0.091727 -0.053554 0.104487
v 0.091949 -0.053415 0.104487
v 0.092191 -0.053317 0.104487
v 0.092447 -0.053263 0.104487
v 0.092708 -0.053254 0.104487
v 0.092967 -0.053290 0.104487
v 0.093216 -0.053371 0.104487
v 0.093447 -0.053494 0.104487
v 0.093653 -0.053655 0.104487
v 0.093828 -0.053849 0.104487
v 0.093966 -0.054071 0.104487
v 0.094064 -0.054313 0.104487
v 0.094119 -0.054569 0.104487
v 0.094128 -0.054830 0.104487
v 0.094091 -0.055089 0.104487
v 0.094011 -0.055338 0.104487
v 0.093888 -0.055569 0.104487
v 0.093727 -0.055775 0.104487
v 0.093533 -0.055950 0.098487
v 0.093311 -0.056088 0.098487
v 0.093068 -0.056186 0.098487
v 0.092813 -0.056241 0.098487
v 0.092551 -0.056250 0.098487
v 0.092292 -0.056213 0.098487
v 0.092044 -0.056133 0.098487
v 0.091813 -0.056010 0.098487
v 0.091607 -0.055849 0.098487
v 0.091432 -0.055655 0.098487
v 0.091293 -0.055433 0.098487
v 0.091195 -0.055190 0.098487
v 0.091141 -0.054935 0.098487
v 0.091132 -0.054673 0.098487
v 0.091168 -0.054414 0.098487
v 0.091249 -0.054166 0.098487
v 0.091372 -0.053935 0.098487
v 0.091533 -0.053729 0.098487
v 0.091727 -0.053554 0.098487
v 0.093533 -0.055950 0.104487
v 0.093311 -0.056088 0.104487
v 0.093068 -0.056186 0.104487
v 0.092813 -0.056241 0.104487
v 0.092551 -0.056250 0.104487
v 0.092292 -0.056213 0.104487
v 0.092044 -0.056133 0.104487
v 0.091813 -0.056010 0.104487
v 0.091607 -0.055849 0.104487
v 0.091432 -0.055655 0.104487
v 0.091293 -0.055433 0.104487
v 0.091195 -0.055190 0.104487
v 0.091141 -0.054935 0.104487
v 0.091132 -0.054673 0.104487
v 0.091168 -0.054414 0.104487
v 0.091249 -0.054166 0.104487
v 0.091372 -0.053935 0.104487
v 0.091533 -0.053729 0.104487
v 0.091727 -0.053554 0.104487
v 0.091727 -0.053554 0.098487
v 0.091949 -0.053415 0.098487
v 0.092191 -0.053317 0.098487
v 0.092447 -0.053263 0.098487
v 0.092708 -0.053254 0.098487
v 0.092967 -0.053290 0.098487
v 0.093216 -0.053371 0.098487
v 0.093447 -0.053494 0.098487
v 0.093653 -0.053655 0.098487
v 0.093828 -0.053849 0.098487
v 0.093966 -0.054071 0.098487
v 0.094064 -0.054313 0.098487
v 0.094119 -0.054569 0.098487
v 0.094128 -0.054830 0.098487
v 0.094091 -0.055089 0.098487
v 0.094011 -0.055338 0.098487
v 0.093888 -0.055569 0.098487
v 0.093727 -0.055775 0.098487
v 0.093533 -0.055950 0.098487
v 0.091727 -0.053554 0.104487
v 0.091949 -0.053415 0.104487
v 0.092191 -0.053317 0.104487
v 0.092447 -0.053263 0.104487
v 0.092708 -0.053254 0.104487
v 0.092967 -0.053290 0.104487
v 0.093216 -0.053371 0.104487
v 0.093447 -0.053494 0.104487
v 0.093653 -0.053655 0.104487
v 0.093828 -0.053849 0.104487
v 0.093966 -0.054071 0.104487
v 0.094064 -0.054313 0.104487
v 0.094119 -0.054569 0.104487
v 0.094128 -0.054830 0.104487
v 0.094091 -0.055089 0.104487
v 0.094011 -0.055338 0.104487
v 0.093888 -0.055569 0.104487
v 0.093727 -0.055775 0.104487
v 0.093533 -0.055950 0.104487
v 0.093567 -0.068539 0.104487
v 0.093336 -0.068417 0.104487
v 0.093130 -0.068256 0.104487
v 0.092955 -0.068061 0.104487
v 0.092817 -0.067840 0.104487
v 0.092719 -0.067597 0.104487
v 0.092664 -0.067342 0.104487
v 0.092655 -0.067080 0.104487
v 0.092692 -0.066821 0.104487
v 0.092772 -0.066573 0.104487
v 0.092895 -0.066342 0.104487
v 0.093056 -0.066136 0.104487
v 0.093250 -0.065961 0.104487
v 0.093472 -0.065822 0.104487
v 0.093715 -0.065724 0.104487
v 0.093970 -0.065670 0.104487
v 0.094232 -0.065661 0.104487
v 0.094491 -0.065697 0.104487
v 0.094739 -0.065778 0.104487
v 0.094970 -0.065901 0.104487
v 0.095176 -0.066062 0.104487
v 0.095351 -0.066256 0.104487
v 0.095490 -0.066478 0.104487
v 0.095588 -0.066720 0.104487
v 0.095642 -0.066976 0.104487
v 0.095651 -0.067237 0.104487
v 0.095615 -0.067496 0.104487
v 0.095534 -0.067745 0.104487
v 0.095411 -0.067976 0.104487
v 0.095250 -0.068182 0.104487
v 0.095056 -0.068357 0.104487
v 0.094834 -0.068495 0.104487
v 0.094592 -0.068593 0.104487
v 0.094336 -0.068648 0.104487
v 0.094075 -0.068657 0.104487
v 0.093816 -0.068620 0.104487
v 0.093567 -0.068539 0.098487
v 0.093336 -0.068417 0.098487
v 0.093130 -0.068256 0.098487
v 0.092955 -0.068061 0.098487
v 0.092817 -0.067840 0.098487
v 0.092719 -0.067597 0.098487
v 0.092664 -0.067342 0.098487
v 0.092655 -0.067080 0.098487
v 0.092692 -0.066821 0.098487
v 0.092772 -0.066573 0.098487
v 0.092895 -0.066342 0.098487
v 0.093056 -0.066136 0.098487
v 0.093250 -0.065961 0.098487
v 0.093472 -0.065822 0.098487
v 0.093715 -0.065724 0.098487
v 0.093970 -0.065670 0.098487
v 0.094232 -0.065661 0.098487
v 0.094491 -0.065697 0.098487
v 0.094739 -0.065778 0.098487
v 0.093567 -0.068539 0.104487
v 0.093336 -0.068417 0.104487
v 0.093130 -0.068256 0.104487
v 0.092955 -0.068061 0.104487
v 0.092817 -0.067840 0.104487
v 0.092719 -0.067597 0.104487
v 0.092664 -0.067342 0.104487
v 0.092655 -0.067080 0.104487
v 0.092692 -0.066821 0.104487
v 0.092772 -0.066573 0.104487
v 0.092895 -0.066342 0.104487
v 0.093056 -0.066136 0.104487
v 0.093250 -0.065961 0.104487
v 0.093472 -0.065822 0.104487
v 0.093715 -0.065724 0.104487
v 0.093970 -0.065670 0.104487
v 0.094232 -0.065661 0.104487
v 0.094491 -0.065697 0.104487
v 0.094739 -0.065778 0.104487
v 0.094739 -0.065778 0.098487
v 0.094970 -0.065901 0.098487
v 0.095176 -0.066062 0.098487
v 0.095351 -0.066256 0.098487
v 0.095490 -0.066478 0.098487
v 0.095588 -0.066720 0.098487
v 0.095642 -0.066976 0.098487
v 0.095651 -0.067237 0.098487
v 0.095615 -0.067496 0.098487
v 0.095534 -0.067745 0.098487
v 0.095411 -0.067976 0.098487
v 0.095250 -0.068182 0.098487
v 0.095056 -0.068357 0.098487
v 0.094834 -0.068495 0.098487
v 0.094592 -0.068593 0.098487
v 0.094336 -0.068648 0.098487
v 0.094075 -0.068657 0.098487
v 0.093816 -0.068620 0.098487
v 0.093567 -0.068539 0.098487
v 0.094739 -0.065778 0.104487
v 0.094970 -0.065901 0.104487
v 0.095176 -0.066062 0.104487
v 0.095351 -0.066256 0.104487
v 0.095490 -0.066478 0.104487
v 0.095588 -0.066720 0.104487
v 0.095642 -0.066976 0.104487
v 0.095651 -0.067237 0.104487
v 0.095615 -0.067496 0.104487
v 0.095534 -0.067745 0.104487
v 0.095411 -0.067976 0.104487
v 0.095250 -0.068182 0.104487
v 0.095056 -0.068357 0.104487
v 0.094834 -0.068495 0.104487
v 0.094592 -0.068593 0.104487
v 0.094336 -0.068648 0.104487
v 0.094075 -0.068657 0.104487
v 0.093816 -0.068620 0.104487
v 0.093567 -0.068539 0.104487
v 0.082681 -0.074864 0.104487
v 0.082672 -0.074603 0.104487
v 0.082709 -0.074344 0.104487
v 0.082790 -0.074095 0.104487
v 0.082912 -0.073864 0.104487
v 0.083073 -0.073658 0.104487
v 0.083268 -0.073483 0.104487
v 0.083489 -0.073345 0.104487
v 0.083732 -0.073247 0.104487
v 0.083987 -0.073193 0.104487
v 0.084249 -0.073183 0.104487
v 0.084508 -0.073220 0.104487
v 0.084756 -0.073301 0.104487
v 0.084987 -0.073423 0.104487
v 0.085193 -0.073584 0.104487
v 0.085368 -0.073779 0.104487
v 0.085507 -0.074000 0.104487
v 0.085605 -0.074243 0.104487
v 0.085659 -0.074499 0.104487
v 0.085668 -0.074760 0.104487
v 0.085632 -0.075019 0.104487
v 0.085551 -0.075268 0.104487
v 0.085428 -0.075498 0.104487
v 0.085267 -0.075704 0.104487
v 0.085073 -0.075879 0.104487
v 0.084851 -0.076018 0.104487
v 0.084609 -0.076116 0.104487
v 0.084353 -0.076170 0.104487
v 0.084092 -0.076179 0.104487
v 0.083833 -0.076143 0.104487
v 0.083584 -0.076062 0.104487
v 0.083353 -0.075939 0.104487
v 0.083147 -0.075778 0.104487
v 0.082972 -0.075584 0.104487
v 0.082834 -0.075362 0.104487
v 0.082736 -0.075120 0.104487
v 0.082681 -0.074864 0.098487
v 0.082672 -0.074603 0.098487
v 0.082709 -0.074344 0.098487
v 0.082790 -0.074095 0.098487
v 0.082912 -0.073864 0.098487
v 0.083073 -0.073658 0.098487
v 0.083268 -0.073483 0.098487
v 0.083489 -0.073345 0.098487
v 0.083732 -0.073247 0.098487
v 0.083987 -0.073193 0.098487
v 0.084249 -0.073183 0.098487
v 0.084508 -0.073220 0.098487
v 0.084756 -0.073301 0.098487
v 0.084987 -0.073423 0.098487
v 0.085193 -0.073584 0.098487
v 0.085368 -0.073779 0.098487
v 0.085507 -0.074000 0.098487
v 0.085605 -0.074243 0.098487
v 0.085659 -0.074499 0.098487
v 0.082681 -0.074864 0.104487
v 0.082672 -0.074603 0.104487
v 0.082709 -0.074344 0.104487
v 0.082790 -0.074095 0.104487
v 0.082912 -0.073864 0.104487
v 0.083073 -0.073658 0.104487
v 0.083268 -0.073483 0.104487
v 0.083489 -0.073345 0.104487
v 0.083732 -0.073247 0.104487
v 0.083987 -0.073193 0.104487
v 0.084249 -0.073183 0.104487
v 0.084508 -0.073220 0.104487
v 0.084756 -0.073301 0.104487
v 0.084987 -0.073423 0.104487
v 0.085193 -0.073584 0.104487
v 0.085368 -0.073779 0.104487
v 0.085507 -0.074000 0.104487
v 0.085605 -0.074243 0.104487
v 0.085659 -0.074499 0.104487
v 0.085659 -0.074499 0.098487
v 0.085668 -0.074760 0.098487
v 0.085632 -0.075019 0.098487
v 0.085551 -0.075268 0.098487
v 0.085428 -0.075498 0.098487
v 0.085267 -0.075704 0.098487
v 0.085073 -0.075879 0.098487
v 0.084851 -0.076018 0.098487
v 0.084609 -0.076116 0.098487
v 0.084353 -0.076170 0.098487
v 0.084092 -0.076179 0.098487
v 0.083833 -0.076143 0.098487
v 0.083584 -0.076062 0.098487
v 0.083353 -0.075939 0.098487
v 0.083147 -0.075778 0.098487
v 0.082972 -0.075584 0.098487
v 0.082834 -0.075362 0.098487
v 0.082736 -0.075120 0.098487
v 0.082681 -0.074864 0.098487
v 0.085659 -0.074499 0.104487
v 0.085668 -0.074760 0.104487
v 0.085632 -0.075019 0.104487
v 0.085551 -0.075268 0.104487
v 0.085428 -0.075498 0.104487
v 0.085267 -0.075704 0.104487
v 0.085073 -0.075879 0.104487
v 0.084851 -0.076018 0.104487
v 0.084609 -0.076116 0.104487
v 0.084353 -0.076170 0.104487
v 0.084092 -0.076179 0.104487
v 0.083833 -0.076143 0.104487
v 0.083584 -0.076062 0.104487
v 0.083353 -0.075939 0.104487
v 0.083147 -0.075778 0.104487
v 0.082972 -0.075584 0.104487
v 0.082834 -0.075362 0.104487
v 0.082736 -0.075120 0.104487
v 0.082681 -0.074864 0.104487
v 0.084475 -0.077163 0.098487
v 0.081862 -0.077254 0.098487
v 0.079273 -0.076890 0.098487
v 0.076786 -0.076082 0.098487
v 0.074477 -0.074855 0.098487
v 0.072417 -0.073245 0.098487
v 0.070667 -0.071302 0.098487
v 0.069282 -0.069084 0.098487
v 0.068302 -0.066660 0.098487
v 0.067759 -0.064103 0.098487
v 0.067667 -0.061490 0.098487
v 0.068031 -0.058900 0.098487
v 0.068839 -0.056414 0.098487
v 0.070067 -0.054105 0.098487
v 0.071677 -0.052045 0.098487
v 0.073620 -0.050295 0.098487
v 0.075837 -0.048909 0.098487
v 0.078261 -0.047930 0.098487
v 0.080819 -0.047386 0.098487
v 0.087032 -0.076619 0.098487
v 0.089457 -0.075640 0.098487
v 0.091674 -0.074254 0.098487
v 0.093617 -0.072505 0.098487
v 0.095227 -0.070444 0.098487
v 0.096454 -0.068136 0.098487
v 0.097262 -0.065649 0.098487
v 0.097626 -0.063060 0.098487
v 0.097535 -0.060447 0.098487
v 0.096991 -0.057889 0.098487
v 0.096012 -0.055465 0.098487
v 0.094626 -0.053247 0.098487
v 0.092877 -0.051304 0.098487
v 0.090816 -0.049695 0.098487
v 0.088508 -0.048467 0.098487
v 0.086021 -0.047659 0.098487
v 0.083432 -0.047295 0.098487
v 0.092572 -0.061056 0.098487
v 0.092633 -0.062798 0.098487
v 0.092391 -0.064524 0.098487
v 0.091852 -0.066182 0.098487
v 0.091034 -0.067721 0.098487
v 0.089960 -0.069095 0.098487
v 0.088665 -0.070261 0.098487
v 0.087187 -0.071185 0.098487
v 0.085571 -0.071838 0.098487
v 0.083866 -0.072200 0.098487
v 0.082124 -0.072261 0.098487
v 0.080397 -0.072018 0.098487
v 0.078740 -0.071480 0.098487
v 0.077201 -0.070661 0.098487
v 0.075827 -0.069588 0.098487
v 0.074661 -0.068293 0.098487
v 0.073737 -0.066814 0.098487
v 0.073084 -0.065198 0.098487
v 0.072721 -0.063493 0.098487
v 0.072661 -0.061751 0.098487
v 0.072903 -0.060025 0.098487
v 0.073442 -0.058367 0.098487
v 0.074260 -0.056828 0.098487
v 0.075333 -0.055455 0.098487
v 0.076629 -0.054288 0.098487
v 0.078107 -0.053365 0.098487
v 0.079723 -0.052712 0.098487
v 0.081428 -0.052349 0.098487
v 0.083170 -0.052288 0.098487
v 0.084896 -0.052531 0.098487
v 0.086554 -0.053070 0.098487
v 0.088093 -0.053888 0.098487
v 0.089467 -0.054961 0.098487
v 0.090633 -0.056256 0.098487
v 0.091557 -0.057735 0.098487
v 0.092210 -0.059351 0.098487
v 0.073567 -0.070995 0.098487
v 0.073345 -0.071134 0.098487
v 0.073103 -0.071232 0.098487
v 0.072847 -0.071286 0.098487
v 0.072585 -0.071295 0.098487
v 0.072327 -0.071259 0.098487
v 0.072078 -0.071178 0.098487
v 0.071847 -0.071055 0.098487
v 0.071641 -0.070894 0.098487
v 0.071466 -0.070700 0.098487
v 0.071327 -0.070478 0.098487
v 0.071230 -0.070236 0.098487
v 0.071175 -0.069980 0.098487
v 0.071166 -0.069719 0.098487
v 0.071202 -0.069460 0.098487
v 0.071283 -0.069211 0.098487
v 0.071406 -0.068980 0.098487
v 0.071567 -0.068774 0.098487
v 0.071761 -0.068599 0.098487
v 0.071983 -0.068461 0.098487
v 0.072225 -0.068363 0.098487
v 0.072481 -0.068308 0.098487
v 0.072742 -0.068299 0.098487
v 0.073001 -0.068336 0.098487
v 0.073250 -0.068417 0.098487
v 0.073481 -0.068539 0.098487
v 0.073687 -0.068700 0.098487
v 0.073862 -0.068895 0.098487
v 0.074000 -0.069116 0.098487
v 0.074098 -0.069359 0.098487
v 0.074153 -0.069614 0.098487
v 0.074162 -0.069876 0.098487
v 0.074126 -0.070135 0.098487
v 0.074045 -0.070383 0.098487
v 0.073922 -0.070614 0.098487
v 0.073761 -0.070820 0.098487
v 0.070554 -0.058771 0.098487
v 0.070324 -0.058648 0.098487
v 0.070118 -0.058487 0.098487
v 0.069943 -0.058293 0.098487
v 0.069804 -0.058071 0.098487
v 0.069706 -0.057829 0.098487
v 0.069652 -0.057573 0.098487
v 0.069643 -0.057312 0.098487
v 0.069679 -0.057053 0.098487
v 0.069760 -0.056804 0.098487
v 0.069883 -0.056573 0.098487
v 0.070044 -0.056367 0.098487
v 0.070238 -0.056192 0.098487
v 0.070460 -0.056054 0.098487
v 0.070702 -0.055956 0.098487
v 0.070958 -0.055902 0.098487
v 0.071219 -0.055892 0.098487
v 0.071478 -0.055929 0.098487
v 0.071727 -0.056010 0.098487
v 0.071958 -0.056132 0.098487
v 0.072164 -0.056293 0.098487
v 0.072339 -0.056488 0.098487
v 0.072477 -0.056709 0.098487
v 0.072575 -0.056952 0.098487
v 0.072629 -0.057208 0.098487
v 0.072639 -0.057469 0.098487
v 0.072602 -0.057728 0.098487
v 0.072521 -0.057977 0.098487
v 0.072399 -0.058207 0.098487
v 0.072238 -0.058413 0.098487
v 0.072043 -0.058588 0.098487
v 0.071822 -0.058727 0.098487
v 0.071579 -0.058825 0.098487
v 0.071323 -0.058879 0.098487
v 0.071062 -0.058888 0.098487
v 0.070803 -0.058852 0.098487
v 0.079635 -0.050051 0.098487
v 0.079626 -0.049789 0.098487
v 0.079662 -0.049530 0.098487
v 0.079743 -0.049282 0.098487
v 0.079866 -0.049051 0.098487
v 0.080027 -0.048845 0.098487
v 0.080221 -0.048670 0.098487
v 0.080443 -0.048531 0.098487
v 0.080685 -0.048433 0.098487
v 0.080941 -0.048379 0.098487
v 0.081202 -0.048370 0.098487
v 0.081461 -0.048406 0.098487
v 0.081710 -0.048487 0.098487
v 0.081940 -0.048610 0.098487
v 0.082147 -0.048771 0.098487
v 0.082321 -0.048965 0.098487
v 0.082460 -0.049187 0.098487
v 0.082558 -0.049429 0.098487
v 0.082612 -0.049685 0.098487
v 0.082621 -0.049946 0.098487
v 0.082585 -0.050205 0.098487
v 0.082504 -0.050454 0.098487
v 0.082382 -0.050685 0.098487
v 0.082221 -0.050891 0.098487
v 0.082026 -0.051066 0.098487
v 0.081805 -0.051204 0.098487
v 0.081562 -0.051302 0.098487
v 0.081306 -0.051357 0.098487
v 0.081045 -0.051366 0.098487
v 0.080786 -0.051329 0.098487
v 0.080537 -0.051249 0.098487
v 0.080307 -0.051126 0.098487
v 0.080101 -0.050965 0.098487
v 0.079926 -0.050770 0.098487
v 0.079787 -0.050549 0.098487
v 0.079689 -0.050306 0.098487
v 0.091727 -0.053554 0.098487
v 0.091949 -0.053415 0.098487
v 0.092191 -0.053317 0.098487
v 0.092447 -0.053263 0.098487
v 0.092708 -0.053254 0.098487
v 0.092967 -0.053290 0.098487
v 0.093216 -0.053371 0.098487
v 0.093447 -0.053494 0.098487
v 0.093653 -0.053655 0.098487
v 0.093828 -0.053849 0.098487
v 0.093966 -0.054071 0.098487
v 0.094064 -0.054313 0.098487
v 0.094119 -0.054569 0.098487
v 0.094128 -0.054830 0.098487
v 0.094091 -0.055089 0.098487
v 0.094011 -0.055338 0.098487
v 0.093888 -0.055569 0.098487
v 0.093727 -0.055775 0.098487
v 0.093533 -0.055950 0.098487
v 0.093311 -0.056088 0.098487
v 0.093068 -0.056186 0.098487
v 0.092813 -0.056241 0.098487
v 0.092551 -0.056250 0.098487
v 0.092292 -0.056213 0.098487
v 0.092044 -0.056133 0.098487
v 0.091813 -0.056010 0.098487
v 0.091607 -0.055849 0.098487
v 0.091432 -0.055655 0.098487
v 0.091293 -0.055433 0.098487
v 0.091195 -0.055190 0.098487
v 0.091141 -0.054935 0.098487
v 0.091132 -0.054673 0.098487
v 0.091168 -0.054414 0.098487
v 0.091249 -0.054166 0.098487
v 0.091372 -0.053935 0.098487
v 0.091533 -0.053729 0.098487
v 0.094739 -0.065778 0.098487
v 0.094970 -0.065901 0.098487
v 0.095176 -0.066062 0.098487
v 0.095351 -0.066256 0.098487
v 0.095490 -0.066478 0.098487
v 0.095588 -0.066720 0.098487
v 0.095642 -0.066976 0.098487
v 0.095651 -0.067237 0.098487
v 0.095615 -0.067496 0.098487
v 0.095534 -0.067745 0.098487
v 0.095411 -0.067976 0.098487
v 0.095250 -0.068182 0.098487
v 0.095056 -0.068357 0.098487
v 0.094834 -0.068495 0.098487
v 0.094592 -0.068593 0.098487
v 0.094336 -0.068648 0.098487
v 0.094075 -0.068657 0.098487
v 0.093816 -0.068620 0.098487
v 0.093567 -0.068539 0.098487
v 0.093336 -0.068417 0.098487
v 0.093130 -0.068256 0.098487
v 0.092955 -0.068061 0.098487
v 0.092817 -0.067840 0.098487
v 0.092719 -0.067597 0.098487
v 0.092664 -0.067342 0.098487
v 0.092655 -0.067080 0.098487
v 0.092692 -0.066821 0.098487
v 0.092772 -0.066573 0.098487
v 0.092895 -0.066342 0.098487
v 0.093056 -0.066136 0.098487
v 0.093250 -0.065961 0.098487
v 0.093472 -0.065822 0.098487
v 0.093715 -0.065724 0.098487
v 0.093970 -0.065670 0.098487
v 0.094232 -0.065661 0.098487
v 0.094491 -0.065697 0.098487
v 0.085659 -0.074499 0.098487
v 0.085668 -0.074760 0.098487
v 0.085632 -0.075019 0.098487
v 0.085551 -0.075268 0.098487
v 0.085428 -0.075498 0.098487
v 0.085267 -0.075704 0.098487
v 0.085073 -0.075879 0.098487
v 0.084851 -0.076018 0.098487
v 0.084609 -0.076116 0.098487
v 0.084353 -0.076170 0.098487
v 0.084092 -0.076179 0.098487
v 0.083833 -0.076143 0.098487
v 0.083584 -0.076062 0.098487
v 0.083353 -0.075939 0.098487
v 0.083147 -0.075778 0.098487
v 0.082972 -0.075584 0.098487
v 0.082834 -0.075362 0.098487
v 0.082736 -0.075120 0.098487
v 0.082681 -0.074864 0.098487
v 0.082672 -0.074603 0.098487
v 0.082709 -0.074344 0.098487
v 0.082790 -0.074095 0.098487
v 0.082912 -0.073864 0.098487
v 0.083073 -0.073658 0.098487
v 0.083268 -0.073483 0.098487
v 0.083489 -0.073345 0.098487
v 0.083732 -0.073247 0.098487
v 0.083987 -0.073193 0.098487
v 0.084249 -0.073183 0.098487
v 0.084508 -0.073220 0.098487
v 0.084756 -0.073301 0.098487
v 0.084987 -0.073423 0.098487
v 0.085193 -0.073584 0.098487
v 0.085368 -0.073779 0.098487
v 0.085507 -0.074000 0.098487
v 0.085605 -0.074243 0.098487
v 0.084475 -0.077163 0.098487
v 0.087032 -0.076619 0.098487
v 0.089457 -0.075640 0.098487
v 0.091674 -0.074254 0.098487
v 0.093617 -0.072505 0.098487
v 0.095227 -0.070444 0.098487
v 0.096454 -0.068136 0.098487
v 0.097262 -0.065649 0.098487
v 0.097626 -0.063060 0.098487
v 0.097535 -0.060447 0.098487
v 0.096991 -0.057889 0.098487
v 0.096012 -0.055465 0.098487
v 0.094626 -0.053247 0.098487
v 0.092877 -0.051304 0.098487
v 0.090816 -0.049695 0.098487
v 0.088508 -0.048467 0.098487
v 0.086021 -0.047659 0.098487
v 0.083432 -0.047295 0.098487
v 0.080819 -0.047386 0.098487
v 0.080819 -0.047386 0.098987
v 0.084475 -0.077163 0.098987
v 0.087032 -0.076619 0.098987
v 0.089457 -0.075640 0.098987
v 0.091674 -0.074254 0.098987
v 0.093617 -0.072505 0.098987
v 0.095227 -0.070444 0.098987
v 0.096454 -0.068136 0.098987
v 0.097262 -0.065649 0.098987
v 0.097626 -0.063060 0.098987
v 0.097535 -0.060447 0.098987
v 0.096991 -0.057889 0.098987
v 0.096012 -0.055465 0.098987
v 0.094626 -0.053247 0.098987
v 0.092877 -0.051304 0.098987
v 0.090816 -0.049695 0.098987
v 0.088508 -0.048467 0.098987
v 0.086021 -0.047659 0.098987
v 0.083432 -0.047295 0.098987
v 0.084475 -0.077163 0.098987
v 0.081862 -0.077254 0.098987
v 0.079273 -0.076890 0.098987
v 0.076786 -0.076082 0.098987
v 0.074477 -0.074855 0.098987
v 0.072417 -0.073245 0.098987
v 0.070667 -0.071302 0.098987
v 0.069282 -0.069084 0.098987
v 0.068302 -0.066660 0.098987
v 0.067759 -0.064103 0.098987
v 0.067667 -0.061490 0.098987
v 0.068031 -0.058900 0.098987
v 0.068839 -0.056414 0.098987
v 0.070067 -0.054105 0.098987
v 0.071677 -0.052045 0.098987
v 0.073620 -0.050295 0.098987
v 0.075837 -0.048909 0.098987
v 0.078261 -0.047930 0.098987
v 0.080819 -0.047386 0.098987
v 0.080819 -0.047386 0.098487
v 0.084475 -0.077163 0.098487
v 0.081862 -0.077254 0.098487
v 0.079273 -0.076890 0.098487
v 0.076786 -0.076082 0.098487
v 0.074477 -0.074855 0.098487
v 0.072417 -0.073245 0.098487
v 0.070667 -0.071302 0.098487
v 0.069282 -0.069084 0.098487
v 0.068302 -0.066660 0.098487
v 0.067759 -0.064103 0.098487
v 0.067667 -0.061490 0.098487
v 0.068031 -0.058900 0.098487
v 0.068839 -0.056414 0.098487
v 0.070067 -0.054105 0.098487
v 0.071677 -0.052045 0.098487
v 0.073620 -0.050295 0.098487
v 0.075837 -0.048909 0.098487
v 0.078261 -0.047930 0.098487
v 0.087095 -0.098502 0.098987
v 0.093318 -0.097179 0.098987
v 0.099217 -0.094796 0.098987
v 0.104613 -0.091425 0.098987
v 0.109341 -0.087167 0.098987
v 0.113258 -0.082154 0.098987
v 0.116245 -0.076536 0.098987
v 0.118211 -0.070485 0.098987
v 0.119097 -0.064185 0.098987
v 0.118875 -0.057826 0.098987
v 0.117552 -0.051603 0.098987
v 0.115168 -0.045704 0.098987
v 0.111797 -0.040309 0.098987
v 0.107540 -0.035580 0.098987
v 0.102526 -0.031663 0.098987
v 0.096908 -0.028676 0.098987
v 0.090858 -0.026710 0.098987
v 0.084557 -0.025825 0.098987
v 0.078199 -0.026047 0.098987
v 0.080737 -0.098724 0.098987
v 0.074436 -0.097839 0.098987
v 0.068385 -0.095873 0.098987
v 0.062768 -0.092886 0.098987
v 0.057754 -0.088969 0.098987
v 0.053497 -0.084241 0.098987
v 0.050125 -0.078845 0.098987
v 0.047742 -0.072946 0.098987
v 0.046419 -0.066723 0.098987
v 0.046197 -0.060364 0.098987
v 0.047083 -0.054064 0.098987
v 0.049049 -0.048013 0.098987
v 0.052036 -0.042395 0.098987
v 0.055953 -0.037382 0.098987
v 0.060681 -0.033125 0.098987
v 0.066076 -0.029753 0.098987
v 0.071975 -0.027370 0.098987
v 0.084475 -0.077163 0.098987
v 0.081862 -0.077254 0.098987
v 0.079273 -0.076890 0.098987
v 0.076786 -0.076082 0.098987
v 0.074477 -0.074855 0.098987
v 0.072417 -0.073245 0.098987
v 0.070667 -0.071302 0.098987
v 0.069282 -0.069084 0.098987
v 0.068302 -0.066660 0.098987
v 0.067759 -0.064103 0.098987
v 0.067667 -0.061490 0.098987
v 0.068031 -0.058900 0.098987
v 0.068839 -0.056414 0.098987
v 0.070067 -0.054105 0.098987
v 0.071677 -0.052045 0.098987
v 0.073620 -0.050295 0.098987
v 0.075837 -0.048909 0.098987
v 0.078261 -0.047930 0.098987
v 0.080819 -0.047386 0.098987
v 0.087032 -0.076619 0.098987
v 0.089457 -0.075640 0.098987
v 0.091674 -0.074254 0.098987
v 0.093617 -0.072505 0.098987
v 0.095227 -0.070444 0.098987
v 0.096454 -0.068136 0.098987
v 0.097262 -0.065649 0.098987
v 0.097626 -0.063060 0.098987
v 0.097535 -0.060447 0.098987
v 0.096991 -0.057889 0.098987
v 0.096012 -0.055465 0.098987
v 0.094626 -0.053247 0.098987
v 0.092877 -0.051304 0.098987
v 0.090816 -0.049695 0.098987
v 0.088508 -0.048467 0.098987
v 0.086021 -0.047659 0.098987
v 0.083432 -0.047295 0.098987
v 0.087339 -0.100488 0.100987
v 0.080632 -0.100722 0.100987
v 0.073986 -0.099788 0.100987
v 0.067604 -0.097714 0.100987
v 0.061678 -0.094563 0.100987
v 0.056390 -0.090432 0.100987
v 0.051899 -0.085444 0.100987
v 0.048343 -0.079753 0.100987
v 0.045829 -0.073531 0.100987
v 0.044434 -0.066967 0.100987
v 0.044200 -0.060260 0.100987
v 0.045134 -0.053614 0.100987
v 0.047207 -0.047231 0.100987
v 0.050358 -0.041306 0.100987
v 0.054490 -0.036018 0.100987
v 0.059477 -0.031527 0.100987
v 0.065168 -0.027971 0.100987
v 0.071391 -0.025457 0.100987
v 0.077955 -0.024062 0.100987
v 0.078199 -0.026047 0.098987
v 0.087095 -0.098502 0.098987
v 0.080737 -0.098724 0.098987
v 0.074436 -0.097839 0.098987
v 0.068385 -0.095873 0.098987
v 0.062768 -0.092886 0.098987
v 0.057754 -0.088969 0.098987
v 0.053497 -0.084241 0.098987
v 0.050125 -0.078845 0.098987
v 0.047742 -0.072946 0.098987
v 0.046419 -0.066723 0.098987
v 0.046197 -0.060364 0.098987
v 0.047083 -0.054064 0.098987
v 0.049049 -0.048013 0.098987
v 0.052036 -0.042395 0.098987
v 0.055953 -0.037382 0.098987
v 0.060681 -0.033125 0.098987
v 0.066076 -0.029753 0.098987
v 0.071975 -0.027370 0.098987
v 0.087095 -0.098502 0.098987
v 0.093318 -0.097179 0.098987
v 0.099217 -0.094796 0.098987
v 0.104613 -0.091425 0.098987
v 0.109341 -0.087167 0.098987
v 0.113258 -0.082154 0.098987
v 0.116245 -0.076536 0.098987
v 0.118211 -0.070485 0.098987
v 0.119097 -0.064185 0.098987
v 0.118875 -0.057826 0.098987
v 0.117552 -0.051603 0.098987
v 0.115168 -0.045704 0.098987
v 0.111797 -0.040309 0.098987
v 0.107540 -0.035580 0.098987
v 0.102526 -0.031663 0.098987
v 0.096908 -0.028676 0.098987
v 0.090858 -0.026710 0.098987
v 0.084557 -0.025825 0.098987
v 0.078199 -0.026047 0.098987
v 0.077955 -0.024062 0.100987
v 0.087339 -0.100488 0.100987
v 0.093903 -0.099092 0.100987
v 0.100126 -0.096578 0.100987
v 0.105817 -0.093022 0.100987
v 0.110804 -0.088532 0.100987
v 0.114936 -0.083243 0.100987
v 0.118086 -0.077318 0.100987
v 0.120160 -0.070935 0.100987
v 0.121094 -0.064290 0.100987
v 0.120860 -0.057583 0.100987
v 0.119465 -0.051018 0.100987
v 0.116951 -0.044796 0.100987
v 0.113394 -0.039105 0.100987
v 0.108904 -0.034117 0.100987
v 0.103616 -0.029986 0.100987
v 0.097690 -0.026835 0.100987
v 0.091308 -0.024761 0.100987
v 0.084662 -0.023827 0.100987
v 0.087339 -0.100488 0.100987
v 0.093903 -0.099092 0.100987
v 0.100126 -0.096578 0.100987
v 0.105817 -0.093022 0.100987
v 0.110804 -0.088532 0.100987
v 0.114936 -0.083243 0.100987
v 0.118086 -0.077318 0.100987
v 0.120160 -0.070935 0.100987
v 0.121094 -0.064290 0.100987
v 0.120860 -0.057583 0.100987
v 0.119465 -0.051018 0.100987
v 0.116951 -0.044796 0.100987
v 0.113394 -0.039105 0.100987
v 0.108904 -0.034117 0.100987
v 0.103616 -0.029986 0.100987
v 0.097690 -0.026835 0.100987
v 0.091308 -0.024761 0.100987
v 0.084662 -0.023827 0.100987
v 0.077955 -0.024062 0.100987
v 0.077955 -0.024062 0.104487
v 0.087339 -0.100488 0.104487
v 0.093903 -0.099092 0.104487
v 0.100126 -0.096578 0.104487
v 0.105817 -0.093022 0.104487
v 0.110804 -0.088532 0.104487
v 0.114936 -0.083243 0.104487
v 0.118086 -0.077318 0.104487
v 0.120160 -0.070935 0.104487
v 0.121094 -0.064290 0.104487
v 0.120860 -0.057583 0.104487
v 0.119465 -0.051018 0.104487
v 0.116951 -0.044796 0.104487
v 0.113394 -0.039105 0.104487
v 0.108904 -0.034117 0.104487
v 0.103616 -0.029986 0.104487
v 0.097690 -0.026835 0.104487
v 0.091308 -0.024761 0.104487
v 0.084662 -0.023827 0.104487
v 0.087339 -0.100488 0.104487
v 0.080632 -0.100722 0.104487
v 0.073986 -0.099788 0.104487
v 0.067604 -0.097714 0.104487
v 0.061678 -0.094563 0.104487
v 0.056390 -0.090432 0.104487
v 0.051899 -0.085444 0.104487
v 0.048343 -0.079753 0.104487
v 0.045829 -0.073531 0.104487
v 0.044434 -0.066967 0.104487
v 0.044200 -0.060260 0.104487
v 0.045134 -0.053614 0.104487
v 0.047207 -0.047231 0.104487
v 0.050358 -0.041306 0.104487
v 0.054490 -0.036018 0.104487
v 0.059477 -0.031527 0.104487
v 0.065168 -0.027971 0.104487
v 0.071391 -0.025457 0.104487
v 0.077955 -0.024062 0.104487
v 0.077955 -0.024062 0.100987
v 0.087339 -0.100488 0.100987
v 0.080632 -0.100722 0.100987
v 0.073986 -0.099788 0.100987
v 0.067604 -0.097714 0.100987
v 0.061678 -0.094563 0.100987
v 0.056390 -0.090432 0.100987
v 0.051899 -0.085444 0.100987
v 0.048343 -0.079753 0.100987
v 0.045829 -0.073531 0.100987
v 0.044434 -0.066967 0.100987
v 0.044200 -0.060260 0.100987
v 0.045134 -0.053614 0.100987
v 0.047207 -0.047231 0.100987
v 0.050358 -0.041306 0.100987
v 0.054490 -0.036018 0.100987
v 0.059477 -0.031527 0.100987
v 0.065168 -0.027971 0.100987
v 0.071391 -0.025457 0.100987
v 0.088021 -0.106046 0.104487
v 0.095540 -0.104447 0.104487
v 0.102668 -0.101568 0.104487
v 0.109187 -0.097494 0.104487
v 0.114899 -0.092350 0.104487
v 0.119632 -0.086293 0.104487
v 0.123241 -0.079506 0.104487
v 0.125616 -0.072195 0.104487
v 0.126686 -0.064583 0.104487
v 0.126418 -0.056900 0.104487
v 0.124820 -0.049381 0.104487
v 0.121940 -0.042254 0.104487
v 0.117866 -0.035735 0.104487
v 0.112723 -0.030022 0.104487
v 0.106665 -0.025289 0.104487
v 0.099878 -0.021681 0.104487
v 0.092567 -0.019305 0.104487
v 0.084955 -0.018235 0.104487
v 0.077273 -0.018504 0.104487
v 0.080339 -0.106314 0.104487
v 0.072727 -0.105244 0.104487
v 0.065416 -0.102869 0.104487
v 0.058628 -0.099260 0.104487
v 0.052571 -0.094527 0.104487
v 0.047427 -0.088814 0.104487
v 0.043354 -0.082295 0.104487
v 0.040474 -0.075168 0.104487
v 0.038876 -0.067649 0.104487
v 0.038608 -0.059967 0.104487
v 0.039677 -0.052354 0.104487
v 0.042053 -0.045043 0.104487
v 0.045662 -0.038256 0.104487
v 0.050394 -0.032199 0.104487
v 0.056107 -0.027055 0.104487
v 0.062626 -0.022981 0.104487
v 0.069753 -0.020102 0.104487
v 0.063386 -0.098032 0.104487
v 0.063396 -0.098267 0.104487
v 0.063369 -0.098501 0.104487
v 0.063306 -0.098728 0.104487
v 0.063209 -0.098942 0.104487
v 0.063079 -0.099138 0.104487
v 0.062908 -0.099323 0.104487
v 0.062708 -0.099477 0.104487
v 0.062485 -0.099595 0.104487
v 0.062245 -0.099674 0.104487
v 0.061996 -0.099711 0.104487
v 0.061744 -0.099707 0.104487
v 0.061496 -0.099660 0.104487
v 0.061260 -0.099573 0.104487
v 0.061041 -0.099447 0.104487
v 0.060847 -0.099286 0.104487
v 0.060682 -0.099095 0.104487
v 0.060552 -0.098879 0.104487
v 0.060460 -0.098644 0.104487
v 0.060408 -0.098397 0.104487
v 0.060399 -0.098136 0.104487
v 0.060435 -0.097877 0.104487
v 0.060516 -0.097629 0.104487
v 0.060639 -0.097398 0.104487
v 0.060800 -0.097192 0.104487
v 0.060994 -0.097017 0.104487
v 0.061216 -0.096878 0.104487
v 0.061458 -0.096780 0.104487
v 0.061714 -0.096726 0.104487
v 0.061975 -0.096717 0.104487
v 0.062234 -0.096753 0.104487
v 0.062483 -0.096834 0.104487
v 0.062714 -0.096957 0.104487
v 0.062920 -0.097118 0.104487
v 0.063095 -0.097312 0.104487
v 0.063233 -0.097534 0.104487
v 0.063331 -0.097776 0.104487
v 0.043743 -0.073939 0.104487
v 0.043584 -0.074113 0.104487
v 0.043400 -0.074259 0.104487
v 0.043195 -0.074375 0.104487
v 0.042974 -0.074457 0.104487
v 0.042744 -0.074504 0.104487
v 0.042492 -0.074514 0.104487
v 0.042242 -0.074481 0.104487
v 0.042001 -0.074407 0.104487
v 0.041776 -0.074294 0.104487
v 0.041573 -0.074144 0.104487
v 0.041398 -0.073962 0.104487
v 0.041255 -0.073754 0.104487
v 0.041150 -0.073525 0.104487
v 0.041085 -0.073282 0.104487
v 0.041061 -0.073031 0.104487
v 0.041080 -0.072779 0.104487
v 0.041140 -0.072534 0.104487
v 0.041241 -0.072303 0.104487
v 0.041379 -0.072092 0.104487
v 0.041557 -0.071901 0.104487
v 0.041766 -0.071744 0.104487
v 0.041999 -0.071625 0.104487
v 0.042249 -0.071548 0.104487
v 0.042509 -0.071516 0.104487
v 0.042770 -0.071530 0.104487
v 0.043025 -0.071589 0.104487
v 0.043265 -0.071691 0.104487
v 0.043484 -0.071834 0.104487
v 0.043676 -0.072012 0.104487
v 0.043833 -0.072221 0.104487
v 0.043952 -0.072454 0.104487
v 0.044028 -0.072704 0.104487
v 0.044060 -0.072963 0.104487
v 0.044046 -0.073224 0.104487
v 0.043988 -0.073479 0.104487
v 0.043885 -0.073720 0.104487
v 0.046890 -0.043013 0.104487
v 0.046654 -0.043024 0.104487
v 0.046421 -0.042997 0.104487
v 0.046194 -0.042934 0.104487
v 0.045980 -0.042837 0.104487
v 0.045783 -0.042707 0.104487
v 0.045598 -0.042535 0.104487
v 0.045445 -0.042335 0.104487
v 0.045327 -0.042112 0.104487
v 0.045248 -0.041873 0.104487
v 0.045210 -0.041624 0.104487
v 0.045215 -0.041372 0.104487
v 0.045261 -0.041124 0.104487
v 0.045349 -0.040887 0.104487
v 0.045475 -0.040669 0.104487
v 0.045636 -0.040475 0.104487
v 0.045827 -0.040310 0.104487
v 0.046043 -0.040180 0.104487
v 0.046277 -0.040087 0.104487
v 0.046524 -0.040036 0.104487
v 0.046785 -0.040027 0.104487
v 0.047044 -0.040063 0.104487
v 0.047293 -0.040144 0.104487
v 0.047524 -0.040267 0.104487
v 0.047730 -0.040428 0.104487
v 0.047905 -0.040622 0.104487
v 0.048043 -0.040844 0.104487
v 0.048141 -0.041086 0.104487
v 0.048196 -0.041342 0.104487
v 0.048205 -0.041603 0.104487
v 0.048168 -0.041862 0.104487
v 0.048088 -0.042111 0.104487
v 0.047965 -0.042342 0.104487
v 0.047804 -0.042548 0.104487
v 0.047610 -0.042723 0.104487
v 0.047388 -0.042861 0.104487
v 0.047145 -0.042959 0.104487
v 0.070982 -0.023371 0.104487
v 0.070809 -0.023212 0.104487
v 0.070662 -0.023027 0.104487
v 0.070546 -0.022823 0.104487
v 0.070464 -0.022602 0.104487
v 0.070417 -0.022371 0.104487
v 0.070408 -0.022119 0.104487
v 0.070440 -0.021869 0.104487
v 0.070514 -0.021628 0.104487
v 0.070628 -0.021403 0.104487
v 0.070778 -0.021200 0.104487
v 0.070959 -0.021025 0.104487
v 0.071167 -0.020883 0.104487
v 0.071396 -0.020778 0.104487
v 0.071640 -0.020712 0.104487
v 0.071891 -0.020689 0.104487
v 0.072142 -0.020707 0.104487
v 0.072387 -0.020768 0.104487
v 0.072618 -0.020869 0.104487
v 0.072829 -0.021007 0.104487
v 0.073021 -0.021185 0.104487
v 0.073178 -0.021394 0.104487
v 0.073297 -0.021627 0.104487
v 0.073373 -0.021877 0.104487
v 0.073405 -0.022136 0.104487
v 0.073391 -0.022397 0.104487
v 0.073332 -0.022652 0.104487
v 0.073230 -0.022893 0.104487
v 0.073088 -0.023112 0.104487
v 0.072910 -0.023303 0.104487
v 0.072701 -0.023461 0.104487
v 0.072468 -0.023579 0.104487
v 0.072218 -0.023656 0.104487
v 0.071958 -0.023688 0.104487
v 0.071697 -0.023674 0.104487
v 0.071442 -0.023615 0.104487
v 0.071202 -0.023513 0.104487
v 0.101908 -0.026517 0.104487
v 0.101898 -0.026282 0.104487
v 0.101924 -0.026048 0.104487
v 0.101987 -0.025821 0.104487
v 0.102085 -0.025607 0.104487
v 0.102215 -0.025411 0.104487
v 0.102386 -0.025226 0.104487
v 0.102586 -0.025072 0.104487
v 0.102809 -0.024955 0.104487
v 0.103049 -0.024876 0.104487
v 0.103298 -0.024838 0.104487
v 0.103550 -0.024842 0.104487
v 0.103798 -0.024889 0.104487
v 0.104034 -0.024977 0.104487
v 0.104253 -0.025103 0.104487
v 0.104447 -0.025263 0.104487
v 0.104612 -0.025454 0.104487
v 0.104742 -0.025670 0.104487
v 0.104834 -0.025905 0.104487
v 0.104886 -0.026152 0.104487
v 0.104895 -0.026413 0.104487
v 0.104858 -0.026672 0.104487
v 0.104778 -0.026921 0.104487
v 0.104655 -0.027151 0.104487
v 0.104494 -0.027358 0.104487
v 0.104300 -0.027532 0.104487
v 0.104078 -0.027671 0.104487
v 0.103835 -0.027769 0.104487
v 0.103580 -0.027823 0.104487
v 0.103318 -0.027832 0.104487
v 0.103059 -0.027796 0.104487
v 0.102811 -0.027715 0.104487
v 0.102580 -0.027593 0.104487
v 0.102374 -0.027432 0.104487
v 0.102199 -0.027237 0.104487
v 0.102060 -0.027016 0.104487
v 0.101962 -0.026773 0.104487
v 0.121551 -0.050610 0.104487
v 0.121710 -0.050437 0.104487
v 0.121894 -0.050290 0.104487
v 0.122099 -0.050174 0.104487
v 0.122319 -0.050092 0.104487
v 0.122550 -0.050045 0.104487
v 0.122802 -0.050035 0.104487
v 0.123052 -0.050068 0.104487
v 0.123293 -0.050142 0.104487
v 0.123518 -0.050256 0.104487
v 0.123721 -0.050405 0.104487
v 0.123896 -0.050587 0.104487
v 0.124038 -0.050795 0.104487
v 0.124144 -0.051024 0.104487
v 0.124209 -0.051268 0.104487
v 0.124233 -0.051519 0.104487
v 0.124214 -0.051770 0.104487
v 0.124154 -0.052015 0.104487
v 0.124053 -0.052246 0.104487
v 0.123915 -0.052457 0.104487
v 0.123737 -0.052648 0.104487
v 0.123528 -0.052806 0.104487
v 0.123295 -0.052924 0.104487
v 0.123045 -0.053001 0.104487
v 0.122785 -0.053033 0.104487
v 0.122524 -0.053019 0.104487
v 0.122269 -0.052960 0.104487
v 0.122029 -0.052858 0.104487
v 0.121809 -0.052716 0.104487
v 0.121618 -0.052537 0.104487
v 0.121461 -0.052328 0.104487
v 0.121342 -0.052096 0.104487
v 0.121266 -0.051845 0.104487
v 0.121234 -0.051586 0.104487
v 0.121247 -0.051325 0.104487
v 0.121306 -0.051070 0.104487
v 0.121408 -0.050829 0.104487
v 0.118404 -0.081536 0.104487
v 0.118639 -0.081525 0.104487
v 0.118873 -0.081552 0.104487
v 0.119100 -0.081615 0.104487
v 0.119314 -0.081713 0.104487
v 0.119510 -0.081843 0.104487
v 0.119695 -0.082014 0.104487
v 0.119849 -0.082214 0.104487
v 0.119967 -0.082437 0.104487
v 0.120046 -0.082676 0.104487
v 0.120084 -0.082926 0.104487
v 0.120079 -0.083178 0.104487
v 0.120032 -0.083425 0.104487
v 0.119945 -0.083662 0.104487
v 0.119819 -0.083880 0.104487
v 0.119658 -0.084075 0.104487
v 0.119467 -0.084239 0.104487
v 0.119251 -0.084369 0.104487
v 0.119017 -0.084462 0.104487
v 0.118770 -0.084513 0.104487
v 0.118508 -0.084523 0.104487
v 0.118250 -0.084486 0.104487
v 0.118001 -0.084405 0.104487
v 0.117770 -0.084283 0.104487
v 0.117564 -0.084122 0.104487
v 0.117389 -0.083927 0.104487
v 0.117250 -0.083706 0.104487
v 0.117152 -0.083463 0.104487
v 0.117098 -0.083207 0.104487
v 0.117089 -0.082946 0.104487
v 0.117125 -0.082687 0.104487
v 0.117206 -0.082438 0.104487
v 0.117329 -0.082208 0.104487
v 0.117490 -0.082002 0.104487
v 0.117684 -0.081827 0.104487
v 0.117906 -0.081688 0.104487
v 0.118148 -0.081590 0.104487
v 0.094311 -0.101178 0.104487
v 0.094485 -0.101338 0.104487
v 0.094631 -0.101522 0.104487
v 0.094747 -0.101727 0.104487
v 0.094830 -0.101947 0.104487
v 0.094877 -0.102178 0.104487
v 0.094886 -0.102430 0.104487
v 0.094854 -0.102680 0.104487
v 0.094779 -0.102921 0.104487
v 0.094666 -0.103146 0.104487
v 0.094516 -0.103349 0.104487
v 0.094335 -0.103524 0.104487
v 0.094127 -0.103666 0.104487
v 0.093897 -0.103771 0.104487
v 0.093654 -0.103837 0.104487
v 0.093403 -0.103860 0.104487
v 0.093151 -0.103842 0.104487
v 0.092907 -0.103781 0.104487
v 0.092675 -0.103681 0.104487
v 0.092464 -0.103543 0.104487
v 0.092273 -0.103364 0.104487
v 0.092116 -0.103155 0.104487
v 0.091997 -0.102922 0.104487
v 0.091921 -0.102672 0.104487
v 0.091889 -0.102413 0.104487
v 0.091902 -0.102152 0.104487
v 0.091961 -0.101897 0.104487
v 0.092063 -0.101656 0.104487
v 0.092206 -0.101437 0.104487
v 0.092384 -0.101246 0.104487
v 0.092593 -0.101088 0.104487
v 0.092826 -0.100970 0.104487
v 0.093076 -0.100893 0.104487
v 0.093336 -0.100861 0.104487
v 0.093597 -0.100875 0.104487
v 0.093851 -0.100934 0.104487
v 0.094092 -0.101036 0.104487
v 0.087339 -0.100488 0.104487
v 0.080632 -0.100722 0.104487
v 0.073986 -0.099788 0.104487
v 0.067604 -0.097714 0.104487
v 0.061678 -0.094563 0.104487
v 0.056390 -0.090432 0.104487
v 0.051899 -0.085444 0.104487
v 0.048343 -0.079753 0.104487
v 0.045829 -0.073531 0.104487
v 0.044434 -0.066967 0.104487
v 0.044200 -0.060260 0.104487
v 0.045134 -0.053614 0.104487
v 0.047207 -0.047231 0.104487
v 0.050358 -0.041306 0.104487
v 0.054490 -0.036018 0.104487
v 0.059477 -0.031527 0.104487
v 0.065168 -0.027971 0.104487
v 0.071391 -0.025457 0.104487
v 0.077955 -0.024062 0.104487
v 0.093903 -0.099092 0.104487
v 0.100126 -0.096578 0.104487
v 0.105817 -0.093022 0.104487
v 0.110804 -0.088532 0.104487
v 0.114936 -0.083243 0.104487
v 0.118086 -0.077318 0.104487
v 0.120160 -0.070935 0.104487
v 0.121094 -0.064290 0.104487
v 0.120860 -0.057583 0.104487
v 0.119465 -0.051018 0.104487
v 0.116951 -0.044796 0.104487
v 0.113394 -0.039105 0.104487
v 0.108904 -0.034117 0.104487
v 0.103616 -0.029986 0.104487
v 0.097690 -0.026835 0.104487
v 0.091308 -0.024761 0.104487
v 0.084662 -0.023827 0.104487
v 0.088021 -0.106046 0.104487
v 0.095540 -0.104447 0.104487
v 0.102668 -0.101568 0.104487
v 0.109187 -0.097494 0.104487
v 0.114899 -0.092350 0.104487
v 0.119632 -0.086293 0.104487
v 0.123241 -0.079506 0.104487
v 0.125616 -0.072195 0.104487
v 0.126686 -0.064583 0.104487
v 0.126418 -0.056900 0.104487
v 0.124820 -0.049381 0.104487
v 0.121940 -0.042254 0.104487
v 0.117866 -0.035735 0.104487
v 0.112723 -0.030022 0.104487
v 0.106665 -0.025289 0.104487
v 0.099878 -0.021681 0.104487
v 0.092567 -0.019305 0.104487
v 0.084955 -0.018235 0.104487
v 0.077273 -0.018504 0.104487
v 0.077224 -0.018106 0.104887
v 0.088070 -0.106443 0.104887
v 0.095657 -0.104830 0.104887
v 0.102849 -0.101924 0.104887
v 0.109428 -0.097814 0.104887
v 0.115192 -0.092624 0.104887
v 0.119968 -0.086511 0.104887
v 0.123609 -0.079662 0.104887
v 0.126006 -0.072285 0.104887
v 0.127086 -0.064604 0.104887
v 0.126815 -0.056851 0.104887
v 0.125202 -0.049264 0.104887
v 0.122297 -0.042072 0.104887
v 0.118186 -0.035494 0.104887
v 0.112996 -0.029729 0.104887
v 0.106883 -0.024954 0.104887
v 0.100034 -0.021312 0.104887
v 0.092657 -0.018915 0.104887
v 0.084976 -0.017836 0.104887
v 0.088070 -0.106443 0.104887
v 0.080318 -0.106714 0.104887
v 0.072637 -0.105634 0.104887
v 0.065259 -0.103237 0.104887
v 0.058410 -0.099595 0.104887
v 0.052298 -0.094820 0.104887
v 0.047108 -0.089055 0.104887
v 0.042997 -0.082477 0.104887
v 0.040091 -0.075285 0.104887
v 0.038479 -0.067698 0.104887
v 0.038208 -0.059946 0.104887
v 0.039287 -0.052264 0.104887
v 0.041684 -0.044887 0.104887
v 0.045326 -0.038038 0.104887
v 0.050102 -0.031926 0.104887
v 0.055866 -0.026735 0.104887
v 0.062444 -0.022625 0.104887
v 0.069636 -0.019719 0.104887
v 0.077224 -0.018106 0.104887
v 0.077273 -0.018504 0.104487
v 0.088021 -0.106046 0.104487
v 0.080339 -0.106314 0.104487
v 0.072727 -0.105244 0.104487
v 0.065416 -0.102869 0.104487
v 0.058628 -0.099260 0.104487
v 0.052571 -0.094527 0.104487
v 0.047427 -0.088814 0.104487
v 0.043354 -0.082295 0.104487
v 0.040474 -0.075168 0.104487
v 0.038876 -0.067649 0.104487
v 0.038608 -0.059967 0.104487
v 0.039677 -0.052354 0.104487
v 0.042053 -0.045043 0.104487
v 0.045662 -0.038256 0.104487
v 0.050394 -0.032199 0.104487
v 0.056107 -0.027055 0.104487
v 0.062626 -0.022981 0.104487
v 0.069753 -0.020102 0.104487
v 0.088070 -0.106443 0.137037
v 0.080318 -0.106714 0.137037
v 0.072637 -0.105634 0.137037
v 0.065259 -0.103237 0.137037
v 0.058410 -0.099595 0.137037
v 0.052298 -0.094820 0.137037
v 0.047108 -0.089055 0.137037
v 0.042997 -0.082477 0.137037
v 0.040091 -0.075285 0.137037
v 0.038479 -0.067698 0.137037
v 0.038208 -0.059946 0.137037
v 0.039287 -0.052264 0.137037
v 0.041684 -0.044887 0.137037
v 0.045326 -0.038038 0.137037
v 0.050102 -0.031926 0.137037
v 0.055866 -0.026735 0.137037
v 0.062444 -0.022625 0.137037
v 0.069636 -0.019719 0.137037
v 0.077224 -0.018106 0.137037
v 0.077224 -0.018106 0.104887
v 0.088070 -0.106443 0.104887
v 0.080318 -0.106714 0.104887
v 0.072637 -0.105634 0.104887
v 0.065259 -0.103237 0.104887
v 0.058410 -0.099595 0.104887
v 0.052298 -0.094820 0.104887
v 0.047108 -0.089055 0.104887
v 0.042997 -0.082477 0.104887
v 0.040091 -0.075285 0.104887
v 0.038479 -0.067698 0.104887
v 0.038208 -0.059946 0.104887
v 0.039287 -0.052264 0.104887
v 0.041684 -0.044887 0.104887
v 0.045326 -0.038038 0.104887
v 0.050102 -0.031926 0.104887
v 0.055866 -0.026735 0.104887
v 0.062444 -0.022625 0.104887
v 0.069636 -0.019719 0.104887
v 0.088070 -0.106443 0.104887
v 0.095657 -0.104830 0.104887
v 0.102849 -0.101924 0.104887
v 0.109428 -0.097814 0.104887
v 0.115192 -0.092624 0.104887
v 0.119968 -0.086511 0.104887
v 0.123609 -0.079662 0.104887
v 0.126006 -0.072285 0.104887
v 0.127086 -0.064604 0.104887
v 0.126815 -0.056851 0.104887
v 0.125202 -0.049264 0.104887
v 0.122297 -0.042072 0.104887
v 0.118186 -0.035494 0.104887
v 0.112996 -0.029729 0.104887
v 0.106883 -0.024954 0.104887
v 0.100034 -0.021312 0.104887
v 0.092657 -0.018915 0.104887
v 0.084976 -0.017836 0.104887
v 0.077224 -0.018106 0.104887
v 0.077224 -0.018106 0.137037
v 0.088070 -0.106443 0.137037
v 0.095657 -0.104830 0.137037
v 0.102849 -0.101924 0.137037
v 0.109428 -0.097814 0.137037
v 0.115192 -0.092624 0.137037
v 0.119968 -0.086511 0.137037
v 0.123609 -0.079662 0.137037
v 0.126006 -0.072285 0.137037
v 0.127086 -0.064604 0.137037
v 0.126815 -0.056851 0.137037
v 0.125202 -0.049264 0.137037
v 0.122297 -0.042072 0.137037
v 0.118186 -0.035494 0.137037
v 0.112996 -0.029729 0.137037
v 0.106883 -0.024954 0.137037
v 0.100034 -0.021312 0.137037
v 0.092657 -0.018915 0.137037
v 0.084976 -0.017836 0.137037
v 0.088070 -0.106443 0.137037
v 0.095657 -0.104830 0.137037
v 0.102849 -0.101924 0.137037
v 0.109428 -0.097814 0.137037
v 0.115192 -0.092624 0.137037
v 0.119968 -0.086511 0.137037
v 0.123609 -0.079662 0.137037
v 0.126006 -0.072285 0.137037
v 0.127086 -0.064604 0.137037
v 0.126815 -0.056851 0.137037
v 0.125202 -0.049264 0.137037
v 0.122297 -0.042072 0.137037
v 0.118186 -0.035494 0.137037
v 0.112996 -0.029729 0.137037
v 0.106883 -0.024954 0.137037
v 0.100034 -0.021312 0.137037
v 0.092657 -0.018915 0.137037
v 0.084976 -0.017836 0.137037
v 0.077224 -0.018106 0.137037
v 0.077285 -0.018603 0.137537
v 0.088009 -0.105947 0.137537
v 0.095511 -0.104352 0.137537
v 0.102622 -0.101479 0.137537
v 0.109127 -0.097415 0.137537
v 0.114826 -0.092283 0.137537
v 0.119548 -0.086239 0.137537
v 0.123149 -0.079467 0.137537
v 0.125519 -0.072172 0.137537
v 0.126587 -0.064577 0.137537
v 0.126319 -0.056912 0.137537
v 0.124724 -0.049410 0.137537
v 0.121851 -0.042299 0.137537
v 0.117787 -0.035795 0.137537
v 0.112655 -0.030095 0.137537
v 0.106611 -0.025373 0.137537
v 0.099839 -0.021772 0.137537
v 0.092545 -0.019402 0.137537
v 0.084950 -0.018335 0.137537
v 0.088009 -0.105947 0.137537
v 0.080344 -0.106214 0.137537
v 0.072749 -0.105147 0.137537
v 0.065455 -0.102777 0.137537
v 0.058683 -0.099176 0.137537
v 0.052639 -0.094454 0.137537
v 0.047507 -0.088754 0.137537
v 0.043443 -0.082250 0.137537
v 0.040569 -0.075139 0.137537
v 0.038975 -0.067637 0.137537
v 0.038707 -0.059972 0.137537
v 0.039775 -0.052377 0.137537
v 0.042145 -0.045082 0.137537
v 0.045745 -0.038310 0.137537
v 0.050467 -0.032267 0.137537
v 0.056167 -0.027135 0.137537
v 0.062671 -0.023070 0.137537
v 0.069783 -0.020197 0.137537
v 0.077285 -0.018603 0.137537
v 0.077224 -0.018106 0.137037
v 0.088070 -0.106443 0.137037
v 0.080318 -0.106714 0.137037
v 0.072637 -0.105634 0.137037
v 0.065259 -0.103237 0.137037
v 0.058410 -0.099595 0.137037
v 0.052298 -0.094820 0.137037
v 0.047108 -0.089055 0.137037
v 0.042997 -0.082477 0.137037
v 0.040091 -0.075285 0.137037
v 0.038479 -0.067698 0.137037
v 0.038208 -0.059946 0.137037
v 0.039287 -0.052264 0.137037
v 0.041684 -0.044887 0.137037
v 0.045326 -0.038038 0.137037
v 0.050102 -0.031926 0.137037
v 0.055866 -0.026735 0.137037
v 0.062444 -0.022625 0.137037
v 0.069636 -0.019719 0.137037
v 0.088009 -0.105947 0.137537
v 0.095511 -0.104352 0.137537
v 0.102622 -0.101479 0.137537
v 0.109127 -0.097415 0.137537
v 0.114826 -0.092283 0.137537
v 0.119548 -0.086239 0.137537
v 0.123149 -0.079467 0.137537
v 0.125519 -0.072172 0.137537
v 0.126587 -0.064577 0.137537
v 0.126319 -0.056912 0.137537
v 0.124724 -0.049410 0.137537
v 0.121851 -0.042299 0.137537
v 0.117787 -0.035795 0.137537
v 0.112655 -0.030095 0.137537
v 0.106611 -0.025373 0.137537
v 0.099839 -0.021772 0.137537
v 0.092545 -0.019402 0.137537
v 0.084950 -0.018335 0.137537
v 0.077285 -0.018603 0.137537
v 0.080344 -0.106214 0.137537
v 0.072749 -0.105147 0.137537
v 0.065455 -0.102777 0.137537
v 0.058683 -0.099176 0.137537
v 0.052639 -0.094454 0.137537
v 0.047507 -0.088754 0.137537
v 0.043443 -0.082250 0.137537
v 0.040569 -0.075139 0.137537
v 0.038975 -0.067637 0.137537
v 0.038707 -0.059972 0.137537
v 0.039775 -0.052377 0.137537
v 0.042145 -0.045082 0.137537
v 0.045745 -0.038310 0.137537
v 0.050467 -0.032267 0.137537
v 0.056167 -0.027135 0.137537
v 0.062671 -0.023070 0.137537
v 0.069783 -0.020197 0.137537
v 0.072829 -0.021007 0.137537
v 0.072610 -0.020864 0.137537
v 0.072369 -0.020762 0.137537
v 0.072115 -0.020703 0.137537
v 0.071854 -0.020690 0.137537
v 0.071594 -0.020721 0.137537
v 0.071344 -0.020798 0.137537
v 0.071111 -0.020917 0.137537
v 0.070902 -0.021074 0.137537
v 0.070724 -0.021265 0.137537
v 0.070581 -0.021484 0.137537
v 0.070479 -0.021725 0.137537
v 0.070421 -0.021980 0.137537
v 0.070407 -0.022241 0.137537
v 0.070439 -0.022501 0.137537
v 0.070515 -0.022751 0.137537
v 0.070634 -0.022984 0.137537
v 0.070791 -0.023192 0.137537
v 0.070982 -0.023371 0.137537
v 0.071202 -0.023513 0.137537
v 0.071442 -0.023615 0.137537
v 0.071697 -0.023674 0.137537
v 0.071958 -0.023688 0.137537
v 0.072218 -0.023656 0.137537
v 0.072468 -0.023579 0.137537
v 0.072701 -0.023461 0.137537
v 0.072910 -0.023303 0.137537
v 0.073088 -0.023112 0.137537
v 0.073230 -0.022893 0.137537
v 0.073332 -0.022652 0.137537
v 0.073391 -0.022397 0.137537
v 0.073405 -0.022136 0.137537
v 0.073373 -0.021877 0.137537
v 0.073297 -0.021627 0.137537
v 0.073178 -0.021394 0.137537
v 0.073021 -0.021185 0.137537
v 0.104886 -0.026152 0.137537
v 0.104831 -0.025896 0.137537
v 0.104733 -0.025654 0.137537
v 0.104595 -0.025432 0.137537
v 0.104420 -0.025237 0.137537
v 0.104214 -0.025077 0.137537
v 0.103983 -0.024954 0.137537
v 0.103734 -0.024873 0.137537
v 0.103475 -0.024837 0.137537
v 0.103214 -0.024846 0.137537
v 0.102958 -0.024900 0.137537
v 0.102716 -0.024998 0.137537
v 0.102494 -0.025137 0.137537
v 0.102300 -0.025312 0.137537
v 0.102139 -0.025518 0.137537
v 0.102016 -0.025748 0.137537
v 0.101935 -0.025997 0.137537
v 0.101899 -0.026256 0.137537
v 0.101908 -0.026517 0.137537
v 0.101962 -0.026773 0.137537
v 0.102060 -0.027016 0.137537
v 0.102199 -0.027237 0.137537
v 0.102374 -0.027432 0.137537
v 0.102580 -0.027593 0.137537
v 0.102811 -0.027715 0.137537
v 0.103059 -0.027796 0.137537
v 0.103318 -0.027832 0.137537
v 0.103580 -0.027823 0.137537
v 0.103835 -0.027769 0.137537
v 0.104078 -0.027671 0.137537
v 0.104300 -0.027532 0.137537
v 0.104494 -0.027358 0.137537
v 0.104655 -0.027151 0.137537
v 0.104778 -0.026921 0.137537
v 0.104858 -0.026672 0.137537
v 0.104895 -0.026413 0.137537
v 0.123915 -0.052457 0.137537
v 0.124057 -0.052238 0.137537
v 0.124159 -0.051997 0.137537
v 0.124218 -0.051742 0.137537
v 0.124232 -0.051481 0.137537
v 0.124200 -0.051222 0.137537
v 0.124124 -0.050972 0.137537
v 0.124005 -0.050739 0.137537
v 0.123848 -0.050530 0.137537
v 0.123656 -0.050352 0.137537
v 0.123437 -0.050209 0.137537
v 0.123196 -0.050107 0.137537
v 0.122942 -0.050048 0.137537
v 0.122680 -0.050035 0.137537
v 0.122421 -0.050066 0.137537
v 0.122171 -0.050143 0.137537
v 0.121938 -0.050262 0.137537
v 0.121729 -0.050419 0.137537
v 0.121551 -0.050610 0.137537
v 0.121408 -0.050829 0.137537
v 0.121306 -0.051070 0.137537
v 0.121247 -0.051325 0.137537
v 0.121234 -0.051586 0.137537
v 0.121266 -0.051845 0.137537
v 0.121342 -0.052096 0.137537
v 0.121461 -0.052328 0.137537
v 0.121618 -0.052537 0.137537
v 0.121809 -0.052716 0.137537
v 0.122029 -0.052858 0.137537
v 0.122269 -0.052960 0.137537
v 0.122524 -0.053019 0.137537
v 0.122785 -0.053033 0.137537
v 0.123045 -0.053001 0.137537
v 0.123295 -0.052924 0.137537
v 0.123528 -0.052806 0.137537
v 0.123737 -0.052648 0.137537
v 0.118770 -0.084513 0.137537
v 0.119026 -0.084459 0.137537
v 0.119268 -0.084361 0.137537
v 0.119490 -0.084223 0.137537
v 0.119684 -0.084048 0.137537
v 0.119845 -0.083842 0.137537
v 0.119968 -0.083611 0.137537
v 0.120049 -0.083362 0.137537
v 0.120085 -0.083103 0.137537
v 0.120076 -0.082842 0.137537
v 0.120021 -0.082586 0.137537
v 0.119923 -0.082344 0.137537
v 0.119785 -0.082122 0.137537
v 0.119610 -0.081928 0.137537
v 0.119404 -0.081767 0.137537
v 0.119173 -0.081644 0.137537
v 0.118924 -0.081563 0.137537
v 0.118665 -0.081527 0.137537
v 0.118404 -0.081536 0.137537
v 0.118148 -0.081590 0.137537
v 0.117906 -0.081688 0.137537
v 0.117684 -0.081827 0.137537
v 0.117490 -0.082002 0.137537
v 0.117329 -0.082208 0.137537
v 0.117206 -0.082438 0.137537
v 0.117125 -0.082687 0.137537
v 0.117089 -0.082946 0.137537
v 0.117098 -0.083207 0.137537
v 0.117152 -0.083463 0.137537
v 0.117250 -0.083706 0.137537
v 0.117389 -0.083927 0.137537
v 0.117564 -0.084122 0.137537
v 0.117770 -0.084283 0.137537
v 0.118001 -0.084405 0.137537
v 0.118250 -0.084486 0.137537
v 0.118508 -0.084523 0.137537
v 0.092464 -0.103543 0.137537
v 0.092684 -0.103685 0.137537
v 0.092924 -0.103787 0.137537
v 0.093179 -0.103846 0.137537
v 0.093440 -0.103860 0.137537
v 0.093700 -0.103828 0.137537
v 0.093950 -0.103751 0.137537
v 0.094183 -0.103633 0.137537
v 0.094392 -0.103475 0.137537
v 0.094570 -0.103284 0.137537
v 0.094712 -0.103065 0.137537
v 0.094814 -0.102824 0.137537
v 0.094873 -0.102569 0.137537
v 0.094887 -0.102308 0.137537
v 0.094855 -0.102049 0.137537
v 0.094779 -0.101799 0.137537
v 0.094660 -0.101566 0.137537
v 0.094503 -0.101357 0.137537
v 0.094311 -0.101178 0.137537
v 0.094092 -0.101036 0.137537
v 0.093851 -0.100934 0.137537
v 0.093597 -0.100875 0.137537
v 0.093336 -0.100861 0.137537
v 0.093076 -0.100893 0.137537
v 0.092826 -0.100970 0.137537
v 0.092593 -0.101088 0.137537
v 0.092384 -0.101246 0.137537
v 0.092206 -0.101437 0.137537
v 0.092063 -0.101656 0.137537
v 0.091961 -0.101897 0.137537
v 0.091902 -0.102152 0.137537
v 0.091889 -0.102413 0.137537
v 0.091921 -0.102672 0.137537
v 0.091997 -0.102922 0.137537
v 0.092116 -0.103155 0.137537
v 0.092273 -0.103364 0.137537
v 0.060408 -0.098397 0.137537
v 0.060462 -0.098653 0.137537
v 0.060560 -0.098896 0.137537
v 0.060699 -0.099117 0.137537
v 0.060874 -0.099312 0.137537
v 0.061080 -0.099473 0.137537
v 0.061311 -0.099595 0.137537
v 0.061559 -0.099676 0.137537
v 0.061818 -0.099713 0.137537
v 0.062080 -0.099703 0.137537
v 0.062335 -0.099649 0.137537
v 0.062578 -0.099551 0.137537
v 0.062800 -0.099413 0.137537
v 0.062994 -0.099238 0.137537
v 0.063155 -0.099032 0.137537
v 0.063278 -0.098801 0.137537
v 0.063358 -0.098552 0.137537
v 0.063395 -0.098293 0.137537
v 0.063386 -0.098032 0.137537
v 0.063331 -0.097776 0.137537
v 0.063233 -0.097534 0.137537
v 0.063095 -0.097312 0.137537
v 0.062920 -0.097118 0.137537
v 0.062714 -0.096957 0.137537
v 0.062483 -0.096834 0.137537
v 0.062234 -0.096753 0.137537
v 0.061975 -0.096717 0.137537
v 0.061714 -0.096726 0.137537
v 0.061458 -0.096780 0.137537
v 0.061216 -0.096878 0.137537
v 0.060994 -0.097017 0.137537
v 0.060800 -0.097192 0.137537
v 0.060639 -0.097398 0.137537
v 0.060516 -0.097629 0.137537
v 0.060435 -0.097877 0.137537
v 0.060399 -0.098136 0.137537
v 0.041379 -0.072092 0.137537
v 0.041237 -0.072311 0.137537
v 0.041134 -0.072552 0.137537
v 0.041076 -0.072807 0.137537
v 0.041062 -0.073068 0.137537
v 0.041094 -0.073327 0.137537
v 0.041170 -0.073577 0.137537
v 0.041289 -0.073810 0.137537
v 0.041446 -0.074019 0.137537
v 0.041637 -0.074198 0.137537
v 0.041857 -0.074340 0.137537
v 0.042097 -0.074442 0.137537
v 0.042352 -0.074501 0.137537
v 0.042613 -0.074515 0.137537
v 0.042873 -0.074483 0.137537
v 0.043123 -0.074406 0.137537
v 0.043356 -0.074288 0.137537
v 0.043565 -0.074130 0.137537
v 0.043743 -0.073939 0.137537
v 0.043885 -0.073720 0.137537
v 0.043988 -0.073479 0.137537
v 0.044046 -0.073224 0.137537
v 0.044060 -0.072963 0.137537
v 0.044028 -0.072704 0.137537
v 0.043952 -0.072454 0.137537
v 0.043833 -0.072221 0.137537
v 0.043676 -0.072012 0.137537
v 0.043484 -0.071834 0.137537
v 0.043265 -0.071691 0.137537
v 0.043025 -0.071589 0.137537
v 0.042770 -0.071530 0.137537
v 0.042509 -0.071516 0.137537
v 0.042249 -0.071548 0.137537
v 0.041999 -0.071625 0.137537
v 0.041766 -0.071744 0.137537
v 0.041557 -0.071901 0.137537
v 0.046524 -0.040036 0.137537
v 0.046268 -0.040090 0.137537
v 0.046026 -0.040188 0.137537
v 0.045804 -0.040327 0.137537
v 0.045610 -0.040502 0.137537
v 0.045449 -0.040708 0.137537
v 0.045326 -0.040938 0.137537
v 0.045245 -0.041187 0.137537
v 0.045209 -0.041446 0.137537
v 0.045218 -0.041707 0.137537
v 0.045272 -0.041963 0.137537
v 0.045370 -0.042206 0.137537
v 0.045509 -0.042427 0.137537
v 0.045684 -0.042622 0.137537
v 0.045890 -0.042783 0.137537
v 0.046121 -0.042905 0.137537
v 0.046369 -0.042986 0.137537
v 0.046628 -0.043023 0.137537
v 0.046890 -0.043013 0.137537
v 0.047145 -0.042959 0.137537
v 0.047388 -0.042861 0.137537
v 0.047610 -0.042723 0.137537
v 0.047804 -0.042548 0.137537
v 0.047965 -0.042342 0.137537
v 0.048088 -0.042111 0.137537
v 0.048168 -0.041862 0.137537
v 0.048205 -0.041603 0.137537
v 0.048196 -0.041342 0.137537
v 0.048141 -0.041086 0.137537
v 0.048043 -0.040844 0.137537
v 0.047905 -0.040622 0.137537
v 0.047730 -0.040428 0.137537
v 0.047524 -0.040267 0.137537
v 0.047293 -0.040144 0.137537
v 0.047044 -0.040063 0.137537
v 0.046785 -0.040027 0.137537
v 0.086973 -0.097510 0.137537
v 0.080789 -0.097726 0.137537
v 0.074661 -0.096865 0.137537
v 0.068776 -0.094953 0.137537
v 0.063312 -0.092047 0.137537
v 0.058436 -0.088238 0.137537
v 0.054295 -0.083639 0.137537
v 0.051016 -0.078391 0.137537
v 0.048698 -0.072654 0.137537
v 0.047412 -0.066601 0.137537
v 0.047196 -0.060417 0.137537
v 0.048057 -0.054289 0.137537
v 0.049969 -0.048404 0.137537
v 0.052874 -0.042940 0.137537
v 0.056684 -0.038064 0.137537
v 0.061282 -0.033923 0.137537
v 0.066530 -0.030644 0.137537
v 0.072268 -0.028326 0.137537
v 0.078321 -0.027039 0.137537
v 0.093026 -0.096223 0.137537
v 0.098764 -0.093905 0.137537
v 0.104011 -0.090626 0.137537
v 0.108610 -0.086486 0.137537
v 0.112420 -0.081609 0.137537
v 0.115325 -0.076146 0.137537
v 0.117237 -0.070260 0.137537
v 0.118098 -0.064133 0.137537
v 0.117882 -0.057948 0.137537
v 0.116596 -0.051895 0.137537
v 0.114278 -0.046158 0.137537
v 0.110998 -0.040910 0.137537
v 0.106858 -0.036312 0.137537
v 0.101982 -0.032502 0.137537
v 0.096518 -0.029597 0.137537
v 0.090633 -0.027684 0.137537
v 0.084505 -0.026823 0.137537
v 0.086973 -0.097510 0.137537
v 0.093026 -0.096223 0.137537
v 0.098764 -0.093905 0.137537
v 0.104011 -0.090626 0.137537
v 0.108610 -0.086486 0.137537
v 0.112420 -0.081609 0.137537
v 0.115325 -0.076146 0.137537
v 0.117237 -0.070260 0.137537
v 0.118098 -0.064133 0.137537
v 0.117882 -0.057948 0.137537
v 0.116596 -0.051895 0.137537
v 0.114278 -0.046158 0.137537
v 0.110998 -0.040910 0.137537
v 0.106858 -0.036312 0.137537
v 0.101982 -0.032502 0.137537
v 0.096518 -0.029597 0.137537
v 0.090633 -0.027684 0.137537
v 0.084505 -0.026823 0.137537
v 0.078321 -0.027039 0.137537
v 0.078321 -0.027039 0.148237
v 0.086973 -0.097510 0.148237
v 0.093026 -0.096223 0.148237
v 0.098764 -0.093905 0.148237
v 0.104011 -0.090626 0.148237
v 0.108610 -0.086486 0.148237
v 0.112420 -0.081609 0.148237
v 0.115325 -0.076146 0.148237
v 0.117237 -0.070260 0.148237
v 0.118098 -0.064133 0.148237
v 0.117882 -0.057948 0.148237
v 0.116596 -0.051895 0.148237
v 0.114278 -0.046158 0.148237
v 0.110998 -0.040910 0.148237
v 0.106858 -0.036312 0.148237
v 0.101982 -0.032502 0.148237
v 0.096518 -0.029597 0.148237
v 0.090633 -0.027684 0.148237
v 0.084505 -0.026823 0.148237
v 0.047568 -0.056821 0.140737
v 0.068869 -0.029557 0.140737
v 0.063542 -0.032354 0.140737
v 0.058765 -0.036009 0.140737
v 0.054673 -0.040419 0.140737
v 0.051384 -0.045456 0.140737
v 0.048993 -0.050976 0.140737
v 0.068869 -0.029557 0.148237
v 0.047568 -0.056821 0.148237
v 0.047568 -0.056821 0.140737
v 0.068869 -0.029557 0.140737
v 0.068869 -0.029557 0.148237
v 0.071937 -0.028428 0.148237
v 0.075097 -0.027587 0.148237
v 0.078321 -0.027039 0.148237
v 0.078321 -0.027039 0.137537
v 0.086973 -0.097510 0.137537
v 0.080789 -0.097726 0.137537
v 0.074661 -0.096865 0.137537
v 0.068776 -0.094953 0.137537
v 0.063312 -0.092047 0.137537
v 0.058436 -0.088238 0.137537
v 0.054295 -0.083639 0.137537
v 0.051016 -0.078391 0.137537
v 0.048698 -0.072654 0.137537
v 0.047412 -0.066601 0.137537
v 0.047196 -0.060417 0.137537
v 0.048057 -0.054289 0.137537
v 0.049969 -0.048404 0.137537
v 0.052874 -0.042940 0.137537
v 0.056684 -0.038064 0.137537
v 0.061282 -0.033923 0.137537
v 0.066530 -0.030644 0.137537
v 0.072268 -0.028326 0.137537
v 0.086973 -0.097510 0.148237
v 0.081023 -0.097737 0.148237
v 0.075119 -0.096967 0.148237
v 0.069426 -0.095221 0.148237
v 0.064105 -0.092548 0.148237
v 0.059306 -0.089023 0.148237
v 0.055164 -0.084745 0.148237
v 0.051795 -0.079836 0.148237
v 0.049294 -0.074432 0.148237
v 0.047731 -0.068687 0.148237
v 0.047150 -0.062761 0.148237
v 0.047568 -0.056821 0.148237
v 0.047568 -0.056821 0.140737
v 0.068869 -0.029557 0.140737
v 0.063542 -0.032354 0.140737
v 0.058765 -0.036009 0.140737
v 0.054673 -0.040419 0.140737
v 0.051384 -0.045456 0.140737
v 0.048993 -0.050976 0.140737
v 0.086912 -0.097014 0.148737
v 0.086973 -0.097510 0.148237
v 0.048043 -0.057026 0.148737
v 0.047652 -0.062872 0.148737
v 0.048242 -0.068701 0.148737
v 0.049796 -0.074350 0.148737
v 0.052270 -0.079660 0.148737
v 0.055596 -0.084484 0.148737
v 0.059680 -0.088685 0.148737
v 0.064407 -0.092146 0.148737
v 0.069645 -0.094770 0.148737
v 0.075248 -0.096484 0.148737
v 0.081058 -0.097239 0.148737
v 0.047568 -0.056821 0.148237
v 0.081023 -0.097737 0.148237
v 0.075119 -0.096967 0.148237
v 0.069426 -0.095221 0.148237
v 0.064105 -0.092548 0.148237
v 0.059306 -0.089023 0.148237
v 0.055164 -0.084745 0.148237
v 0.051795 -0.079836 0.148237
v 0.049294 -0.074432 0.148237
v 0.047731 -0.068687 0.148237
v 0.047150 -0.062761 0.148237
v 0.069182 -0.029968 0.148737
v 0.048043 -0.057026 0.148737
v 0.068869 -0.029557 0.148237
v 0.047568 -0.056821 0.148237
v 0.048043 -0.057026 0.148737
v 0.047652 -0.062872 0.148737
v 0.048242 -0.068701 0.148737
v 0.049796 -0.074350 0.148737
v 0.052270 -0.079660 0.148737
v 0.055596 -0.084484 0.148737
v 0.059680 -0.088685 0.148737
v 0.064407 -0.092146 0.148737
v 0.069645 -0.094770 0.148737
v 0.075248 -0.096484 0.148737
v 0.081058 -0.097239 0.148737
v 0.086912 -0.097014 0.148737
v 0.092880 -0.095745 0.148737
v 0.098537 -0.093460 0.148737
v 0.103710 -0.090227 0.148737
v 0.108244 -0.086145 0.148737
v 0.112000 -0.081337 0.148737
v 0.114865 -0.075950 0.148737
v 0.116750 -0.070148 0.148737
v 0.117599 -0.064106 0.148737
v 0.117386 -0.058009 0.148737
v 0.116118 -0.052042 0.148737
v 0.113832 -0.046385 0.148737
v 0.110599 -0.041211 0.148737
v 0.106517 -0.036677 0.148737
v 0.101709 -0.032921 0.148737
v 0.096323 -0.030057 0.148737
v 0.090520 -0.028172 0.148737
v 0.084479 -0.027323 0.148737
v 0.078381 -0.027535 0.148737
v 0.075246 -0.028066 0.148737
v 0.072171 -0.028879 0.148737
v 0.069182 -0.029968 0.148737
f 7 4 3
f 7 6 4
f 8 3 2
f 8 7 3
f 5 2 1
f 5 8 2
f 46 10 9
f 46 9 28
f 45 28 27
f 45 46 28
f 44 27 26
f 44 45 27
f 43 26 25
f 43 44 26
f 42 25 24
f 42 43 25
f 41 24 23
f 41 42 24
f 40 23 22
f 40 41 23
f 39 22 21
f 39 40 22
f 38 21 20
f 38 39 21
f 37 20 19
f 37 38 20
f 36 19 18
f 36 37 19
f 35 18 17
f 35 36 18
f 34 17 16
f 34 35 17
f 15 34 16
f 33 34 15
f 32 33 15
f 32 15 14
f 31 14 13
f 31 32 14
f 30 13 12
f 30 31 13
f 29 12 11
f 29 30 12
f 50 63 49
f 50 64 63
f 51 65 64
f 51 66 65
f 51 64 50
f 52 66 51
f 53 67 66
f 53 66 52
f 54 68 67
f 54 69 68
f 54 67 53
f 55 69 54
f 56 70 69
f 56 71 70
f 56 69 55
f 57 71 56
f 58 72 71
f 58 73 72
f 58 71 57
f 59 73 58
f 60 74 73
f 60 75 74
f 60 73 59
f 61 75 60
f 62 76 75
f 62 48 76
f 62 75 61
f 47 48 62
f 80 93 79
f 80 94 93
f 81 95 94
f 81 94 80
f 82 96 95
f 82 95 81
f 83 97 96
f 83 96 82
f 84 98 97
f 84 97 83
f 85 99 98
f 85 98 84
f 86 100 99
f 86 99 85
f 87 101 100
f 87 100 86
f 88 102 101
f 88 103 102
f 88 101 87
f 89 104 103
f 89 103 88
f 90 105 104
f 90 104 89
f 91 105 90
f 92 106 105
f 92 78 106
f 92 105 91
f 77 78 92
f 110 123 109
f 110 124 123
f 111 125 124
f 111 126 125
f 111 124 110
f 112 126 111
f 113 127 126
f 113 126 112
f 114 128 127
f 114 129 128
f 114 127 113
f 115 129 114
f 116 130 129
f 116 131 130
f 116 129 115
f 117 131 116
f 118 132 131
f 118 133 132
f 118 131 117
f 119 133 118
f 120 134 133
f 120 135 134
f 120 133 119
f 121 135 120
f 122 136 135
f 122 108 136
f 122 135 121
f 107 108 122
f 140 153 139
f 140 154 153
f 141 155 154
f 141 154 140
f 142 156 155
f 142 155 141
f 143 157 156
f 143 156 142
f 144 158 157
f 144 157 143
f 145 159 158
f 145 158 144
f 146 160 159
f 146 159 145
f 147 161 160
f 147 160 146
f 148 162 161
f 148 163 162
f 148 161 147
f 149 164 163
f 149 163 148
f 150 165 164
f 150 164 149
f 151 165 150
f 152 166 165
f 152 138 166
f 152 165 151
f 137 138 152
f 170 183 169
f 170 184 183
f 171 185 184
f 171 186 185
f 171 184 170
f 172 186 171
f 173 187 186
f 173 186 172
f 174 188 187
f 174 189 188
f 174 187 173
f 175 189 174
f 176 190 189
f 176 191 190
f 176 189 175
f 177 191 176
f 178 192 191
f 178 193 192
f 178 191 177
f 179 193 178
f 180 194 193
f 180 195 194
f 180 193 179
f 181 195 180
f 182 196 195
f 182 168 196
f 182 195 181
f 167 168 182
f 200 213 199
f 200 214 213
f 201 215 214
f 201 214 200
f 202 216 215
f 202 215 201
f 203 217 216
f 203 216 202
f 204 218 217
f 204 217 203
f 205 219 218
f 205 218 204
f 206 220 219
f 206 219 205
f 207 221 220
f 207 220 206
f 208 222 221
f 208 223 222
f 208 221 207
f 209 224 223
f 209 223 208
f 210 225 224
f 210 224 209
f 211 225 210
f 212 226 225
f 212 198 226
f 212 225 211
f 197 198 212
f 230 243 229
f 230 244 243
f 231 245 244
f 231 246 245
f 231 244 230
f 232 246 231
f 233 247 246
f 233 246 232
f 234 248 247
f 234 249 248
f 234 247 233
f 235 249 234
f 236 250 249
f 236 251 250
f 236 249 235
f 237 251 236
f 238 252 251
f 238 253 252
f 238 251 237
f 239 253 238
f 240 254 253
f 240 255 254
f 240 253 239
f 241 255 240
f 242 256 255
f 242 228 256
f 242 255 241
f 227 228 242
f 260 273 259
f 260 274 273
f 261 275 274
f 261 274 260
f 262 276 275
f 262 275 261
f 263 277 276
f 263 276 262
f 264 278 277
f 264 277 263
f 265 279 278
f 265 278 264
f 266 280 279
f 266 279 265
f 267 281 280
f 267 280 266
f 268 282 281
f 268 283 282
f 268 281 267
f 269 284 283
f 269 283 268
f 270 285 284
f 270 284 269
f 271 285 270
f 272 286 285
f 272 258 286
f 272 285 271
f 257 258 272
f 303 304 305
f 310 308 309
f 300 301 302
f 300 302 303
f 311 306 307
f 311 307 308
f 311 308 310
f 298 299 300
f 298 300 303
f 314 311 312
f 314 312 313
f 296 297 298
f 296 303 305
f 296 298 303
f 295 296 305
f 317 314 315
f 317 315 316
f 293 294 295
f 293 295 305
f 319 317 318
f 291 292 293
f 291 305 306
f 291 306 311
f 291 293 305
f 289 290 291
f 322 319 320
f 322 320 321
f 288 289 291
f 287 319 322
f 287 288 291
f 287 311 314
f 287 291 311
f 287 314 317
f 287 317 319
f 324 342 323
f 324 343 342
f 324 344 343
f 325 345 344
f 325 344 324
f 326 346 345
f 326 345 325
f 327 347 346
f 327 346 326
f 328 348 347
f 328 347 327
f 329 349 348
f 329 348 328
f 330 350 349
f 330 349 329
f 331 351 350
f 331 350 330
f 332 352 351
f 332 351 331
f 333 353 352
f 333 352 332
f 334 354 353
f 334 353 333
f 335 355 354
f 335 354 334
f 336 356 355
f 336 355 335
f 337 357 356
f 337 356 336
f 338 357 337
f 338 358 357
f 339 358 338
f 339 359 358
f 340 360 359
f 340 359 339
f 341 360 340
f 362 380 361
f 362 381 380
f 363 382 381
f 363 383 382
f 363 381 362
f 364 383 363
f 365 384 383
f 365 385 384
f 365 383 364
f 366 386 385
f 366 385 365
f 367 386 366
f 368 387 386
f 368 386 367
f 369 388 387
f 369 387 368
f 370 389 388
f 370 390 389
f 370 388 369
f 371 390 370
f 372 391 390
f 372 390 371
f 373 392 391
f 373 393 392
f 373 391 372
f 374 393 373
f 375 394 393
f 375 393 374
f 376 394 375
f 376 395 394
f 377 395 376
f 377 396 395
f 378 396 377
f 378 397 396
f 378 398 397
f 379 398 378
f 420 421 422
f 424 422 423
f 419 420 422
f 419 422 424
f 426 424 425
f 428 426 427
f 428 424 426
f 415 416 417
f 415 417 418
f 431 428 429
f 431 429 430
f 412 413 414
f 412 414 415
f 412 415 418
f 433 431 432
f 433 419 424
f 433 424 428
f 433 428 431
f 409 410 411
f 409 411 412
f 399 433 434
f 407 408 409
f 405 406 407
f 404 399 400
f 404 400 401
f 404 401 402
f 404 405 407
f 404 418 419
f 404 419 433
f 404 412 418
f 404 407 409
f 404 433 399
f 404 409 412
f 403 404 402
f 436 454 435
f 436 455 454
f 437 456 455
f 437 455 436
f 438 457 456
f 438 456 437
f 439 458 457
f 439 457 438
f 440 459 458
f 440 460 459
f 440 458 439
f 441 461 460
f 441 460 440
f 442 461 441
f 443 462 461
f 443 461 442
f 444 463 462
f 444 462 443
f 445 464 463
f 445 463 444
f 446 465 464
f 446 466 465
f 446 464 445
f 447 466 446
f 448 467 466
f 448 466 447
f 449 468 467
f 449 467 448
f 450 468 449
f 450 469 468
f 451 469 450
f 451 470 469
f 452 470 451
f 452 471 470
f 452 472 471
f 453 472 452
f 474 492 473
f 474 493 492
f 475 494 493
f 475 493 474
f 476 495 494
f 476 494 475
f 477 496 495
f 477 495 476
f 478 497 496
f 478 496 477
f 479 498 497
f 479 497 478
f 480 499 498
f 480 498 479
f 481 500 499
f 481 499 480
f 482 501 500
f 482 500 481
f 483 502 501
f 483 503 502
f 483 501 482
f 484 503 483
f 485 504 503
f 485 503 484
f 486 505 504
f 486 506 505
f 486 504 485
f 487 506 486
f 488 506 487
f 488 507 506
f 489 507 488
f 489 508 507
f 490 508 489
f 490 509 508
f 491 509 490
f 491 510 509
f 541 539 540
f 535 536 537
f 535 537 538
f 533 534 535
f 544 541 542
f 544 542 543
f 530 531 532
f 511 538 539
f 511 544 545
f 511 545 546
f 511 539 541
f 511 541 544
f 529 530 532
f 514 511 512
f 514 512 513
f 514 535 538
f 514 538 511
f 526 527 528
f 516 514 515
f 516 532 533
f 516 533 535
f 516 535 514
f 518 516 517
f 519 532 516
f 519 516 518
f 520 532 519
f 520 521 522
f 520 522 523
f 520 523 524
f 520 524 525
f 520 525 526
f 520 528 529
f 520 529 532
f 520 526 528
f 548 566 547
f 548 567 566
f 548 568 567
f 549 569 568
f 549 568 548
f 550 570 569
f 550 569 549
f 551 571 570
f 551 570 550
f 552 572 571
f 552 571 551
f 553 573 572
f 553 572 552
f 554 574 573
f 554 573 553
f 555 575 574
f 555 574 554
f 556 576 575
f 556 575 555
f 557 577 576
f 557 576 556
f 558 578 577
f 558 577 557
f 559 579 578
f 559 578 558
f 560 580 579
f 560 579 559
f 561 581 580
f 561 580 560
f 562 581 561
f 562 582 581
f 563 582 562
f 563 583 582
f 564 584 583
f 564 583 563
f 565 584 564
f 586 604 585
f 586 605 604
f 587 606 605
f 587 607 606
f 587 605 586
f 588 607 587
f 589 608 607
f 589 609 608
f 589 607 588
f 590 610 609
f 590 609 589
f 591 610 590
f 592 611 610
f 592 610 591
f 593 612 611
f 593 611 592
f 594 613 612
f 594 614 613
f 594 612 593
f 595 614 594
f 596 615 614
f 596 614 595
f 597 616 615
f 597 617 616
f 597 615 596
f 598 617 597
f 599 618 617
f 599 617 598
f 600 618 599
f 600 619 618
f 601 619 600
f 601 620 619
f 602 620 601
f 602 621 620
f 602 622 621
f 603 622 602
f 656 654 655
f 652 653 654
f 657 654 656
f 623 657 658
f 624 657 623
f 646 647 648
f 646 648 649
f 646 649 650
f 646 650 651
f 646 651 652
f 646 652 654
f 627 625 626
f 628 624 625
f 628 625 627
f 644 645 646
f 630 628 629
f 630 654 657
f 630 657 624
f 630 624 628
f 642 643 644
f 642 644 646
f 633 630 631
f 633 631 632
f 634 654 630
f 634 630 633
f 639 640 641
f 636 634 635
f 636 646 654
f 636 642 646
f 636 654 634
f 637 639 641
f 637 638 639
f 637 641 642
f 637 642 636
f 660 678 659
f 660 679 678
f 661 680 679
f 661 679 660
f 662 681 680
f 662 680 661
f 663 682 681
f 663 681 662
f 664 683 682
f 664 684 683
f 664 682 663
f 665 685 684
f 665 684 664
f 666 685 665
f 667 686 685
f 667 685 666
f 668 687 686
f 668 686 667
f 669 688 687
f 669 687 668
f 670 689 688
f 670 690 689
f 670 688 669
f 671 690 670
f 672 691 690
f 672 690 671
f 673 692 691
f 673 691 672
f 674 692 673
f 674 693 692
f 675 693 674
f 675 694 693
f 676 694 675
f 676 695 694
f 676 696 695
f 677 696 676
f 698 716 697
f 698 717 716
f 699 718 717
f 699 717 698
f 700 719 718
f 700 718 699
f 701 720 719
f 701 719 700
f 702 721 720
f 702 720 701
f 703 722 721
f 703 721 702
f 704 723 722
f 704 722 703
f 705 724 723
f 705 723 704
f 706 725 724
f 706 724 705
f 707 726 725
f 707 727 726
f 707 725 706
f 708 727 707
f 709 728 727
f 709 727 708
f 710 729 728
f 710 730 729
f 710 728 709
f 711 730 710
f 712 730 711
f 712 731 730
f 713 731 712
f 713 732 731
f 714 732 713
f 714 733 732
f 715 733 714
f 715 734 733
f 737 735 736
f 737 770 735
f 741 738 739
f 741 739 740
f 764 765 766
f 764 766 767
f 764 767 768
f 764 768 769
f 764 769 770
f 743 741 742
f 762 763 764
f 762 770 737
f 762 764 770
f 746 744 745
f 759 737 738
f 759 760 761
f 759 761 762
f 759 762 737
f 748 746 747
f 757 758 759
f 757 759 738
f 750 748 749
f 756 738 741
f 756 741 743
f 756 757 738
f 751 748 750
f 751 746 748
f 752 746 751
f 752 744 746
f 754 744 752
f 754 743 744
f 754 755 756
f 754 756 743
f 753 754 752
f 772 790 771
f 772 791 790
f 773 792 791
f 773 791 772
f 774 793 792
f 774 794 793
f 774 792 773
f 775 794 774
f 776 795 794
f 776 796 795
f 776 794 775
f 777 796 776
f 778 797 796
f 778 796 777
f 779 798 797
f 779 797 778
f 780 799 798
f 780 800 799
f 780 798 779
f 781 800 780
f 782 801 800
f 782 800 781
f 783 802 801
f 783 803 802
f 783 801 782
f 784 803 783
f 785 804 803
f 785 803 784
f 786 804 785
f 786 805 804
f 787 805 786
f 787 806 805
f 788 806 787
f 788 807 806
f 789 807 788
f 789 808 807
f 810 828 809
f 810 829 828
f 811 830 829
f 811 831 830
f 811 829 810
f 812 831 811
f 813 832 831
f 813 833 832
f 813 831 812
f 814 834 833
f 814 833 813
f 815 834 814
f 816 835 834
f 816 834 815
f 817 836 835
f 817 835 816
f 818 837 836
f 818 838 837
f 818 836 817
f 819 838 818
f 820 839 838
f 820 838 819
f 821 840 839
f 821 841 840
f 821 839 820
f 822 841 821
f 823 842 841
f 823 841 822
f 824 842 823
f 824 843 842
f 825 843 824
f 825 844 843
f 826 844 825
f 826 845 844
f 826 846 845
f 827 846 826
f 850 851 852
f 849 850 852
f 854 852 853
f 848 849 852
f 857 855 856
f 881 882 847
f 858 854 855
f 858 855 857
f 880 847 848
f 880 852 854
f 880 848 852
f 880 881 847
f 860 858 859
f 878 879 880
f 862 860 861
f 862 858 860
f 876 877 878
f 864 862 863
f 874 875 876
f 867 864 865
f 867 865 866
f 867 862 864
f 872 873 874
f 870 872 874
f 870 871 872
f 870 854 858
f 870 858 862
f 870 880 854
f 870 874 876
f 870 878 880
f 870 876 878
f 870 862 867
f 869 870 867
f 869 867 868
f 884 902 883
f 884 903 902
f 885 904 903
f 885 903 884
f 886 905 904
f 886 904 885
f 887 906 905
f 887 905 886
f 888 907 906
f 888 908 907
f 888 906 887
f 889 909 908
f 889 908 888
f 890 909 889
f 891 910 909
f 891 909 890
f 892 911 910
f 892 910 891
f 893 912 911
f 893 911 892
f 894 913 912
f 894 914 913
f 894 912 893
f 895 914 894
f 896 915 914
f 896 914 895
f 897 916 915
f 897 915 896
f 898 916 897
f 898 917 916
f 899 917 898
f 899 918 917
f 900 918 899
f 900 919 918
f 900 920 919
f 901 920 900
f 922 940 921
f 922 941 940
f 923 942 941
f 923 941 922
f 924 943 942
f 924 942 923
f 925 944 943
f 925 943 924
f 926 945 944
f 926 944 925
f 927 946 945
f 927 945 926
f 928 947 946
f 928 946 927
f 929 948 947
f 929 947 928
f 930 949 948
f 930 948 929
f 931 950 949
f 931 951 950
f 931 949 930
f 932 951 931
f 933 952 951
f 933 951 932
f 934 953 952
f 934 954 953
f 934 952 933
f 935 954 934
f 936 954 935
f 936 955 954
f 937 955 936
f 937 956 955
f 938 956 937
f 938 957 956
f 939 957 938
f 939 958 957
f 966 967 968
f 966 968 969
f 966 969 970
f 972 970 971
f 963 964 965
f 975 972 973
f 975 973 974
f 975 966 970
f 975 970 972
f 960 961 962
f 960 962 963
f 977 975 976
f 978 965 966
f 978 966 975
f 978 975 977
f 992 993 994
f 991 992 994
f 983 978 979
f 983 979 980
f 983 980 981
f 983 981 982
f 983 963 965
f 983 960 963
f 983 965 978
f 989 990 991
f 987 988 989
f 987 991 994
f 987 989 991
f 986 959 960
f 986 987 994
f 986 983 984
f 986 984 985
f 986 994 959
f 986 960 983
f 996 1014 995
f 996 1015 1014
f 997 1016 1015
f 997 1015 996
f 998 1017 1016
f 998 1018 1017
f 998 1016 997
f 999 1018 998
f 1000 1019 1018
f 1000 1020 1019
f 1000 1018 999
f 1001 1020 1000
f 1002 1021 1020
f 1002 1020 1001
f 1003 1022 1021
f 1003 1021 1002
f 1004 1023 1022
f 1004 1024 1023
f 1004 1022 1003
f 1005 1024 1004
f 1006 1025 1024
f 1006 1024 1005
f 1007 1026 1025
f 1007 1027 1026
f 1007 1025 1006
f 1008 1027 1007
f 1009 1028 1027
f 1009 1027 1008
f 1010 1028 1009
f 1010 1029 1028
f 1011 1029 1010
f 1011 1030 1029
f 1012 1030 1011
f 1012 1031 1030
f 1013 1031 1012
f 1013 1032 1031
f 1034 1052 1033
f 1034 1053 1052
f 1035 1054 1053
f 1035 1055 1054
f 1035 1053 1034
f 1036 1055 1035
f 1037 1056 1055
f 1037 1057 1056
f 1037 1055 1036
f 1038 1058 1057
f 1038 1057 1037
f 1039 1058 1038
f 1040 1059 1058
f 1040 1058 1039
f 1041 1060 1059
f 1041 1059 1040
f 1042 1061 1060
f 1042 1062 1061
f 1042 1060 1041
f 1043 1062 1042
f 1044 1063 1062
f 1044 1062 1043
f 1045 1064 1063
f 1045 1065 1064
f 1045 1063 1044
f 1046 1065 1045
f 1047 1066 1065
f 1047 1065 1046
f 1048 1066 1047
f 1048 1067 1066
f 1049 1067 1048
f 1049 1068 1067
f 1050 1068 1049
f 1050 1069 1068
f 1050 1070 1069
f 1051 1070 1050
f 1087 1084 1085
f 1087 1085 1086
f 1081 1082 1083
f 1081 1083 1084
f 1089 1087 1088
f 1090 1087 1089
f 1079 1080 1081
f 1077 1078 1079
f 1076 1081 1084
f 1076 1079 1081
f 1076 1077 1079
f 1094 1091 1092
f 1094 1092 1093
f 1074 1075 1076
f 1073 1074 1076
f 1096 1094 1095
f 1096 1091 1094
f 1072 1084 1087
f 1072 1076 1084
f 1072 1073 1076
f 1099 1097 1098
f 1105 1071 1072
f 1105 1106 1071
f 1105 1072 1087
f 1100 1097 1099
f 1103 1090 1091
f 1103 1096 1097
f 1103 1100 1101
f 1103 1101 1102
f 1103 1104 1105
f 1103 1087 1090
f 1103 1091 1096
f 1103 1097 1100
f 1103 1105 1087
f 1108 1126 1107
f 1108 1127 1126
f 1109 1128 1127
f 1109 1127 1108
f 1110 1129 1128
f 1110 1128 1109
f 1111 1130 1129
f 1111 1129 1110
f 1112 1131 1130
f 1112 1132 1131
f 1112 1130 1111
f 1113 1133 1132
f 1113 1132 1112
f 1114 1133 1113
f 1115 1134 1133
f 1115 1133 1114
f 1116 1135 1134
f 1116 1134 1115
f 1117 1136 1135
f 1117 1135 1116
f 1118 1137 1136
f 1118 1138 1137
f 1118 1136 1117
f 1119 1138 1118
f 1120 1139 1138
f 1120 1138 1119
f 1121 1140 1139
f 1121 1139 1120
f 1122 1140 1121
f 1122 1141 1140
f 1123 1141 1122
f 1123 1142 1141
f 1124 1142 1123
f 1124 1143 1142
f 1124 1144 1143
f 1125 1144 1124
f 1146 1164 1145
f 1146 1165 1164
f 1147 1166 1165
f 1147 1165 1146
f 1148 1167 1166
f 1148 1166 1147
f 1149 1168 1167
f 1149 1167 1148
f 1150 1169 1168
f 1150 1168 1149
f 1151 1170 1169
f 1151 1169 1150
f 1152 1171 1170
f 1152 1170 1151
f 1153 1172 1171
f 1153 1171 1152
f 1154 1173 1172
f 1154 1172 1153
f 1155 1174 1173
f 1155 1175 1174
f 1155 1173 1154
f 1156 1175 1155
f 1157 1176 1175
f 1157 1175 1156
f 1158 1177 1176
f 1158 1178 1177
f 1158 1176 1157
f 1159 1178 1158
f 1160 1178 1159
f 1160 1179 1178
f 1161 1179 1160
f 1161 1180 1179
f 1162 1180 1161
f 1162 1181 1180
f 1163 1181 1162
f 1163 1182 1181
f 1217 1215 1216
f 1219 1217 1218
f 1210 1211 1212
f 1184 1219 1183
f 1209 1210 1212
f 1206 1207 1208
f 1206 1208 1209
f 1206 1212 1213
f 1206 1213 1214
f 1206 1209 1212
f 1188 1185 1186
f 1188 1186 1187
f 1204 1205 1206
f 1204 1214 1215
f 1204 1217 1219
f 1204 1215 1217
f 1204 1206 1214
f 1190 1188 1189
f 1203 1204 1219
f 1201 1202 1203
f 1201 1203 1219
f 1199 1184 1185
f 1199 1200 1201
f 1199 1219 1184
f 1199 1201 1219
f 1194 1192 1193
f 1196 1190 1191
f 1196 1191 1192
f 1196 1194 1195
f 1196 1188 1190
f 1196 1192 1194
f 1197 1188 1196
f 1197 1198 1199
f 1197 1199 1185
f 1197 1185 1188
f 1221 1239 1220
f 1221 1240 1239
f 1222 1241 1240
f 1222 1240 1221
f 1223 1242 1241
f 1223 1241 1222
f 1224 1243 1242
f 1224 1242 1223
f 1225 1244 1243
f 1225 1243 1224
f 1226 1245 1244
f 1226 1244 1225
f 1227 1246 1245
f 1227 1245 1226
f 1228 1247 1246
f 1228 1248 1247
f 1228 1246 1227
f 1229 1248 1228
f 1230 1249 1248
f 1230 1248 1229
f 1231 1250 1249
f 1231 1249 1230
f 1232 1251 1250
f 1232 1250 1231
f 1233 1252 1251
f 1233 1251 1232
f 1234 1253 1252
f 1234 1252 1233
f 1235 1253 1234
f 1235 1254 1253
f 1236 1254 1235
f 1236 1255 1254
f 1237 1255 1236
f 1237 1256 1255
f 1237 1257 1256
f 1238 1257 1237
f 1258 1265 1264
f 1259 1266 1265
f 1259 1265 1258
f 1260 1266 1259
f 1261 1267 1266
f 1261 1266 1260
f 1262 1268 1267
f 1262 1267 1261
f 1263 1269 1268
f 1263 1268 1262
f 1299 1297 1298
f 1296 1297 1299
f 1301 1299 1300
f 1294 1295 1296
f 1303 1301 1302
f 1304 1301 1303
f 1306 1304 1305
f 1306 1301 1304
f 1270 1299 1301
f 1270 1296 1299
f 1270 1301 1306
f 1287 1288 1289
f 1272 1270 1271
f 1272 1296 1270
f 1273 1296 1272
f 1274 1294 1296
f 1274 1296 1273
f 1284 1285 1286
f 1284 1286 1287
f 1275 1292 1293
f 1275 1293 1294
f 1275 1294 1274
f 1276 1289 1290
f 1276 1290 1291
f 1276 1291 1292
f 1276 1292 1275
f 1282 1283 1284
f 1282 1287 1289
f 1282 1284 1287
f 1281 1282 1289
f 1278 1276 1277
f 1278 1281 1289
f 1278 1289 1276
f 1279 1281 1278
f 1279 1280 1281
f 1307 1327 1326
f 1308 1327 1307
f 1309 1328 1327
f 1309 1327 1308
f 1310 1329 1328
f 1310 1328 1309
f 1311 1330 1329
f 1311 1329 1310
f 1312 1331 1330
f 1312 1330 1311
f 1313 1332 1331
f 1313 1331 1312
f 1314 1333 1332
f 1314 1334 1333
f 1314 1332 1313
f 1315 1334 1314
f 1316 1335 1334
f 1316 1334 1315
f 1317 1336 1335
f 1317 1335 1316
f 1318 1337 1336
f 1318 1336 1317
f 1319 1338 1337
f 1319 1337 1318
f 1320 1339 1338
f 1320 1338 1319
f 1321 1340 1339
f 1321 1339 1320
f 1322 1340 1321
f 1322 1341 1340
f 1323 1341 1322
f 1323 1342 1341
f 1324 1342 1323
f 1324 1343 1342
f 1324 1344 1343
f 1325 1344 1324
f 1346 1351 1345
f 1346 1352 1351
f 1346 1353 1352
f 1347 1353 1346
f 1348 1354 1353
f 1348 1353 1347
f 1349 1355 1354
f 1349 1354 1348
f 1350 1356 1355
f 1350 1355 1349
f 1378 1379 1380
f 1383 1380 1381
f 1383 1381 1382
f 1376 1377 1378
f 1386 1384 1385
f 1373 1374 1375
f 1387 1383 1384
f 1387 1380 1383
f 1387 1384 1386
f 1390 1387 1388
f 1390 1388 1389
f 1390 1378 1380
f 1390 1380 1387
f 1368 1369 1370
f 1392 1390 1391
f 1392 1376 1378
f 1392 1378 1390
f 1357 1392 1393
f 1358 1375 1376
f 1358 1376 1392
f 1358 1392 1357
f 1359 1373 1375
f 1359 1375 1358
f 1364 1365 1366
f 1364 1366 1367
f 1364 1367 1368
f 1360 1371 1372
f 1360 1372 1373
f 1360 1373 1359
f 1362 1360 1361
f 1362 1363 1364
f 1362 1370 1371
f 1362 1368 1370
f 1362 1371 1360
f 1362 1364 1368
f 1395 1413 1394
f 1395 1414 1413
f 1396 1415 1414
f 1396 1414 1395
f 1397 1416 1415
f 1397 1415 1396
f 1398 1417 1416
f 1398 1416 1397
f 1399 1418 1417
f 1399 1417 1398
f 1400 1419 1418
f 1400 1418 1399
f 1401 1420 1419
f 1401 1419 1400
f 1402 1421 1420
f 1402 1422 1421
f 1402 1420 1401
f 1403 1422 1402
f 1404 1423 1422
f 1404 1422 1403
f 1405 1424 1423
f 1405 1423 1404
f 1406 1425 1424
f 1406 1424 1405
f 1407 1426 1425
f 1407 1425 1406
f 1408 1427 1426
f 1408 1426 1407
f 1409 1427 1408
f 1409 1428 1427
f 1410 1428 1409
f 1410 1429 1428
f 1411 1429 1410
f 1411 1430 1429
f 1411 1431 1430
f 1412 1431 1411
f 1432 1439 1438
f 1433 1440 1439
f 1433 1439 1432
f 1434 1440 1433
f 1435 1441 1440
f 1435 1440 1434
f 1436 1442 1441
f 1436 1441 1435
f 1437 1443 1442
f 1437 1442 1436
f 1461 1462 1463
f 1466 1464 1465
f 1458 1459 1460
f 1458 1460 1461
f 1456 1457 1458
f 1456 1461 1463
f 1456 1458 1461
f 1455 1456 1463
f 1470 1468 1469
f 1453 1454 1455
f 1473 1470 1471
f 1473 1471 1472
f 1450 1451 1452
f 1450 1452 1453
f 1450 1463 1464
f 1450 1464 1466
f 1450 1455 1463
f 1450 1453 1455
f 1475 1473 1474
f 1449 1466 1467
f 1449 1450 1466
f 1448 1449 1467
f 1447 1448 1467
f 1478 1475 1476
f 1478 1476 1477
f 1446 1447 1467
f 1446 1467 1468
f 1480 1478 1479
f 1480 1475 1478
f 1444 1445 1446
f 1444 1475 1480
f 1444 1468 1470
f 1444 1470 1473
f 1444 1446 1468
f 1444 1473 1475
f 1481 1501 1500
f 1482 1501 1481
f 1483 1502 1501
f 1483 1501 1482
f 1484 1503 1502
f 1484 1502 1483
f 1485 1504 1503
f 1485 1503 1484
f 1486 1505 1504
f 1486 1504 1485
f 1487 1506 1505
f 1487 1505 1486
f 1488 1507 1506
f 1488 1508 1507
f 1488 1506 1487
f 1489 1508 1488
f 1490 1509 1508
f 1490 1508 1489
f 1491 1510 1509
f 1491 1509 1490
f 1492 1511 1510
f 1492 1510 1491
f 1493 1512 1511
f 1493 1511 1492
f 1494 1513 1512
f 1494 1512 1493
f 1495 1514 1513
f 1495 1513 1494
f 1496 1514 1495
f 1496 1515 1514
f 1497 1515 1496
f 1497 1516 1515
f 1498 1516 1497
f 1498 1517 1516
f 1498 1518 1517
f 1499 1518 1498
f 1520 1525 1519
f 1520 1526 1525
f 1520 1527 1526
f 1521 1527 1520
f 1522 1528 1527
f 1522 1527 1521
f 1523 1529 1528
f 1523 1528 1522
f 1524 1530 1529
f 1524 1529 1523
f 1542 1543 1544
f 1542 1544 1545
f 1550 1547 1548
f 1550 1548 1549
f 1538 1539 1540
f 1538 1540 1541
f 1538 1541 1542
f 1552 1550 1551
f 1536 1537 1538
f 1536 1542 1545
f 1536 1538 1542
f 1534 1535 1536
f 1533 1545 1546
f 1533 1546 1547
f 1533 1536 1545
f 1533 1534 1536
f 1557 1552 1553
f 1557 1553 1554
f 1557 1554 1555
f 1557 1555 1556
f 1532 1533 1547
f 1532 1547 1550
f 1560 1558 1559
f 1566 1531 1532
f 1566 1567 1531
f 1566 1532 1550
f 1561 1557 1558
f 1561 1558 1560
f 1562 1557 1561
f 1564 1566 1550
f 1564 1557 1562
f 1564 1565 1566
f 1564 1550 1552
f 1564 1552 1557
f 1563 1564 1562
f 1569 1587 1568
f 1569 1588 1587
f 1570 1589 1588
f 1570 1588 1569
f 1571 1590 1589
f 1571 1589 1570
f 1572 1591 1590
f 1572 1590 1571
f 1573 1592 1591
f 1573 1591 1572
f 1574 1593 1592
f 1574 1592 1573
f 1575 1594 1593
f 1575 1593 1574
f 1576 1595 1594
f 1576 1596 1595
f 1576 1594 1575
f 1577 1596 1576
f 1578 1597 1596
f 1578 1596 1577
f 1579 1598 1597
f 1579 1597 1578
f 1580 1599 1598
f 1580 1598 1579
f 1581 1600 1599
f 1581 1599 1580
f 1582 1601 1600
f 1582 1600 1581
f 1583 1601 1582
f 1583 1602 1601
f 1584 1602 1583
f 1584 1603 1602
f 1585 1603 1584
f 1585 1604 1603
f 1585 1605 1604
f 1586 1605 1585
f 1606 1613 1612
f 1607 1614 1613
f 1607 1613 1606
f 1608 1614 1607
f 1609 1615 1614
f 1609 1614 1608
f 1610 1616 1615
f 1610 1615 1609
f 1611 1617 1616
f 1611 1616 1610
f 1626 1627 1628
f 1631 1628 1629
f 1631 1629 1630
f 1631 1626 1628
f 1623 1624 1625
f 1632 1626 1631
f 1622 1623 1625
f 1635 1632 1633
f 1635 1633 1634
f 1618 1619 1620
f 1618 1620 1621
f 1637 1635 1636
f 1637 1626 1632
f 1637 1632 1635
f 1639 1625 1626
f 1639 1637 1638
f 1639 1626 1637
f 1640 1622 1625
f 1640 1625 1639
f 1651 1652 1653
f 1651 1653 1654
f 1642 1640 1641
f 1642 1622 1640
f 1649 1650 1651
f 1648 1649 1651
f 1648 1654 1618
f 1648 1651 1654
f 1645 1621 1622
f 1645 1648 1618
f 1645 1642 1643
f 1645 1643 1644
f 1645 1618 1621
f 1645 1622 1642
f 1646 1648 1645
f 1646 1647 1648
f 1655 1675 1674
f 1656 1675 1655
f 1657 1676 1675
f 1657 1675 1656
f 1658 1677 1676
f 1658 1676 1657
f 1659 1678 1677
f 1659 1677 1658
f 1660 1679 1678
f 1660 1678 1659
f 1661 1680 1679
f 1661 1679 1660
f 1662 1681 1680
f 1662 1682 1681
f 1662 1680 1661
f 1663 1682 1662
f 1664 1683 1682
f 1664 1682 1663
f 1665 1684 1683
f 1665 1683 1664
f 1666 1685 1684
f 1666 1684 1665
f 1667 1686 1685
f 1667 1685 1666
f 1668 1687 1686
f 1668 1686 1667
f 1669 1688 1687
f 1669 1687 1668
f 1670 1688 1669
f 1670 1689 1688
f 1671 1689 1670
f 1671 1690 1689
f 1672 1690 1671
f 1672 1691 1690
f 1672 1692 1691
f 1673 1692 1672
f 1694 1699 1693
f 1694 1700 1699
f 1694 1701 1700
f 1695 1701 1694
f 1696 1702 1701
f 1696 1701 1695
f 1697 1703 1702
f 1697 1702 1696
f 1698 1704 1703
f 1698 1703 1697
f 1708 1709 1710
f 1712 1710 1711
f 1707 1708 1710
f 1741 1705 1706
f 1716 1712 1713
f 1716 1713 1714
f 1716 1714 1715
f 1739 1740 1741
f 1718 1716 1717
f 1718 1710 1712
f 1718 1712 1716
f 1736 1737 1738
f 1735 1738 1739
f 1735 1736 1738
f 1721 1706 1707
f 1721 1718 1719
f 1721 1719 1720
f 1721 1707 1710
f 1721 1710 1718
f 1732 1733 1734
f 1731 1732 1734
f 1725 1721 1722
f 1725 1722 1723
f 1725 1723 1724
f 1725 1741 1706
f 1725 1706 1721
f 1726 1739 1741
f 1726 1741 1725
f 1729 1730 1731
f 1728 1739 1726
f 1728 1729 1731
f 1728 1726 1727
f 1728 1734 1735
f 1728 1735 1739
f 1728 1731 1734
f 1743 1761 1742
f 1743 1762 1761
f 1744 1763 1762
f 1744 1762 1743
f 1745 1764 1763
f 1745 1763 1744
f 1746 1765 1764
f 1746 1764 1745
f 1747 1766 1765
f 1747 1765 1746
f 1748 1767 1766
f 1748 1766 1747
f 1749 1768 1767
f 1749 1767 1748
f 1750 1769 1768
f 1750 1770 1769
f 1750 1768 1749
f 1751 1770 1750
f 1752 1771 1770
f 1752 1770 1751
f 1753 1772 1771
f 1753 1771 1752
f 1754 1773 1772
f 1754 1772 1753
f 1755 1774 1773
f 1755 1773 1754
f 1756 1775 1774
f 1756 1774 1755
f 1757 1775 1756
f 1757 1776 1775
f 1758 1776 1757
f 1758 1777 1776
f 1759 1777 1758
f 1759 1778 1777
f 1759 1779 1778
f 1760 1779 1759
f 1780 1787 1786
f 1781 1788 1787
f 1781 1787 1780
f 1782 1788 1781
f 1783 1789 1788
f 1783 1788 1782
f 1784 1790 1789
f 1784 1789 1783
f 1785 1791 1790
f 1785 1790 1784
f 1827 1828 1792
f 1794 1792 1793
f 1795 1792 1794
f 1824 1825 1826
f 1824 1826 1827
f 1822 1823 1824
f 1821 1822 1824
f 1820 1827 1792
f 1820 1824 1827
f 1820 1821 1824
f 1820 1792 1795
f 1818 1819 1820
f 1817 1795 1796
f 1817 1820 1795
f 1817 1818 1820
f 1804 1802 1803
f 1814 1796 1797
f 1814 1815 1816
f 1814 1816 1817
f 1814 1817 1796
f 1807 1804 1805
f 1807 1805 1806
f 1807 1802 1804
f 1813 1797 1798
f 1813 1798 1799
f 1813 1814 1797
f 1808 1802 1807
f 1811 1799 1800
f 1811 1800 1801
f 1811 1801 1802
f 1811 1812 1813
f 1811 1813 1799
f 1810 1808 1809
f 1810 1811 1802
f 1810 1802 1808
f 1829 1849 1848
f 1830 1849 1829
f 1831 1850 1849
f 1831 1849 1830
f 1832 1851 1850
f 1832 1850 1831
f 1833 1852 1851
f 1833 1851 1832
f 1834 1853 1852
f 1834 1852 1833
f 1835 1854 1853
f 1835 1853 1834
f 1836 1855 1854
f 1836 1856 1855
f 1836 1854 1835
f 1837 1856 1836
f 1838 1857 1856
f 1838 1856 1837
f 1839 1858 1857
f 1839 1857 1838
f 1840 1859 1858
f 1840 1858 1839
f 1841 1860 1859
f 1841 1859 1840
f 1842 1861 1860
f 1842 1860 1841
f 1843 1862 1861
f 1843 1861 1842
f 1844 1862 1843
f 1844 1863 1862
f 1845 1863 1844
f 1845 1864 1863
f 1846 1864 1845
f 1846 1865 1864
f 1846 1866 1865
f 1847 1866 1846
f 1868 1873 1867
f 1868 1874 1873
f 1868 1875 1874
f 1869 1875 1868
f 1870 1876 1875
f 1870 1875 1869
f 1871 1877 1876
f 1871 1876 1870
f 1872 1878 1877
f 1872 1877 1871
f 1914 1911 1912
f 1914 1912 1913
f 1907 1908 1909
f 1907 1909 1910
f 1907 1910 1911
f 1880 1914 1879
f 1905 1906 1907
f 1883 1880 1881
f 1883 1881 1882
f 1883 1911 1914
f 1883 1907 1911
f 1883 1914 1880
f 1902 1903 1904
f 1902 1904 1905
f 1885 1883 1884
f 1886 1905 1907
f 1886 1907 1883
f 1886 1883 1885
f 1899 1900 1901
f 1898 1901 1902
f 1898 1902 1905
f 1898 1899 1901
f 1889 1887 1888
f 1896 1897 1898
f 1896 1898 1905
f 1890 1886 1887
f 1890 1887 1889
f 1893 1894 1895
f 1893 1895 1896
f 1893 1905 1886
f 1893 1896 1905
f 1892 1893 1886
f 1892 1890 1891
f 1892 1886 1890
f 1916 1934 1915
f 1916 1935 1934
f 1917 1936 1935
f 1917 1935 1916
f 1918 1937 1936
f 1918 1936 1917
f 1919 1938 1937
f 1919 1937 1918
f 1920 1939 1938
f 1920 1938 1919
f 1921 1940 1939
f 1921 1939 1920
f 1922 1941 1940
f 1922 1940 1921
f 1923 1942 1941
f 1923 1941 1922
f 1924 1943 1942
f 1924 1942 1923
f 1925 1944 1943
f 1925 1943 1924
f 1926 1945 1944
f 1926 1944 1925
f 1927 1946 1945
f 1927 1947 1946
f 1927 1945 1926
f 1928 1947 1927
f 1929 1948 1947
f 1929 1947 1928
f 1930 1948 1929
f 1930 1949 1948
f 1931 1949 1930
f 1931 1950 1949
f 1932 1950 1931
f 1932 1951 1950
f 1933 1951 1932
f 1933 1952 1951
f 1954 1972 1953
f 1954 1973 1972
f 1955 1974 1973
f 1955 1973 1954
f 1956 1975 1974
f 1956 1974 1955
f 1957 1976 1975
f 1957 1975 1956
f 1958 1977 1976
f 1958 1976 1957
f 1959 1978 1977
f 1959 1977 1958
f 1960 1979 1978
f 1960 1978 1959
f 1961 1980 1979
f 1961 1979 1960
f 1962 1981 1980
f 1962 1980 1961
f 1963 1982 1981
f 1963 1983 1982
f 1963 1981 1962
f 1964 1983 1963
f 1965 1984 1983
f 1965 1983 1964
f 1966 1985 1984
f 1966 1984 1965
f 1967 1986 1985
f 1967 1987 1986
f 1967 1985 1966
f 1968 1987 1967
f 1969 1987 1968
f 1969 1988 1987
f 1970 1988 1969
f 1970 1989 1988
f 1971 1989 1970
f 1971 1990 1989
f 2015 2016 2017
f 2014 2017 2018
f 2014 2015 2017
f 2020 2018 2019
f 2011 2012 2013
f 2023 2020 2021
f 2023 2021 2022
f 2010 2013 2014
f 2010 2014 2018
f 2010 2011 2013
f 2007 2008 2009
f 2007 2009 2010
f 1992 2023 2024
f 1992 2024 2025
f 1992 2025 2026
f 1992 2026 1991
f 1992 2018 2020
f 1992 2020 2023
f 2005 2006 2007
f 2005 2007 2010
f 2003 2004 2005
f 2002 2003 2005
f 1996 1992 1993
f 1996 1993 1994
f 1996 1994 1995
f 2000 2001 2002
f 2000 2002 2005
f 1999 1996 1997
f 1999 2000 2005
f 1999 1997 1998
f 1999 2010 2018
f 1999 2018 1992
f 1999 2005 2010
f 1999 1992 1996
f 2027 2047 2046
f 2028 2047 2027
f 2029 2048 2047
f 2029 2047 2028
f 2030 2049 2048
f 2030 2048 2029
f 2031 2050 2049
f 2031 2049 2030
f 2032 2051 2050
f 2032 2050 2031
f 2033 2052 2051
f 2033 2051 2032
f 2034 2053 2052
f 2034 2052 2033
f 2035 2054 2053
f 2035 2055 2054
f 2035 2053 2034
f 2036 2055 2035
f 2037 2056 2055
f 2037 2057 2056
f 2037 2055 2036
f 2038 2058 2057
f 2038 2057 2037
f 2039 2058 2038
f 2040 2059 2058
f 2040 2058 2039
f 2041 2060 2059
f 2041 2059 2040
f 2042 2060 2041
f 2042 2061 2060
f 2042 2062 2061
f 2043 2062 2042
f 2044 2062 2043
f 2044 2063 2062
f 2044 2064 2063
f 2045 2064 2044
f 2066 2084 2065
f 2066 2085 2084
f 2067 2086 2085
f 2067 2085 2066
f 2068 2087 2086
f 2068 2088 2087
f 2068 2086 2067
f 2069 2088 2068
f 2070 2089 2088
f 2070 2088 2069
f 2071 2090 2089
f 2071 2089 2070
f 2072 2091 2090
f 2072 2090 2071
f 2073 2092 2091
f 2073 2093 2092
f 2073 2091 2072
f 2074 2093 2073
f 2075 2094 2093
f 2075 2093 2074
f 2076 2095 2094
f 2076 2094 2075
f 2077 2096 2095
f 2077 2097 2096
f 2077 2095 2076
f 2078 2098 2097
f 2078 2097 2077
f 2079 2098 2078
f 2080 2098 2079
f 2080 2099 2098
f 2081 2099 2080
f 2081 2100 2099
f 2082 2100 2081
f 2082 2101 2100
f 2082 2102 2101
f 2083 2102 2082
f 2121 2122 2123
f 2125 2123 2124
f 2117 2118 2119
f 2117 2119 2120
f 2117 2120 2121
f 2128 2125 2126
f 2128 2126 2127
f 2128 2123 2125
f 2115 2116 2117
f 2131 2129 2130
f 2113 2114 2115
f 2113 2115 2117
f 2132 2128 2129
f 2132 2129 2131
f 2110 2111 2112
f 2110 2112 2113
f 2135 2132 2133
f 2135 2133 2134
f 2135 2121 2123
f 2135 2123 2128
f 2135 2128 2132
f 2108 2109 2110
f 2107 2108 2110
f 2138 2135 2136
f 2138 2136 2137
f 2105 2106 2107
f 2105 2117 2121
f 2105 2107 2110
f 2105 2113 2117
f 2105 2121 2135
f 2105 2110 2113
f 2104 2105 2135
f 2104 2138 2103
f 2104 2135 2138
f 2140 2158 2139
f 2140 2159 2158
f 2141 2160 2159
f 2141 2159 2140
f 2142 2161 2160
f 2142 2160 2141
f 2143 2162 2161
f 2143 2161 2142
f 2144 2163 2162
f 2144 2164 2163
f 2144 2162 2143
f 2145 2164 2144
f 2146 2165 2164
f 2146 2164 2145
f 2147 2166 2165
f 2147 2167 2166
f 2147 2165 2146
f 2148 2167 2147
f 2149 2168 2167
f 2149 2169 2168
f 2149 2167 2148
f 2150 2170 2169
f 2150 2169 2149
f 2151 2170 2150
f 2152 2171 2170
f 2152 2170 2151
f 2153 2172 2171
f 2153 2171 2152
f 2154 2172 2153
f 2154 2173 2172
f 2154 2174 2173
f 2155 2174 2154
f 2156 2174 2155
f 2156 2175 2174
f 2156 2176 2175
f 2157 2176 2156
f 2178 2196 2177
f 2178 2197 2196
f 2179 2198 2197
f 2179 2197 2178
f 2180 2199 2198
f 2180 2200 2199
f 2180 2198 2179
f 2181 2200 2180
f 2182 2201 2200
f 2182 2200 2181
f 2183 2202 2201
f 2183 2201 2182
f 2184 2203 2202
f 2184 2202 2183
f 2185 2204 2203
f 2185 2205 2204
f 2185 2203 2184
f 2186 2205 2185
f 2187 2206 2205
f 2187 2205 2186
f 2188 2207 2206
f 2188 2206 2187
f 2189 2208 2207
f 2189 2209 2208
f 2189 2207 2188
f 2190 2210 2209
f 2190 2209 2189
f 2191 2210 2190
f 2192 2210 2191
f 2192 2211 2210
f 2193 2211 2192
f 2193 2212 2211
f 2194 2212 2193
f 2194 2213 2212
f 2195 2213 2194
f 2195 2214 2213
f 2226 2227 2228
f 2231 2228 2229
f 2231 2229 2230
f 2234 2232 2233
f 2222 2223 2224
f 2222 2224 2225
f 2222 2225 2226
f 2220 2221 2222
f 2237 2235 2236
f 2219 2226 2228
f 2219 2222 2226
f 2219 2220 2222
f 2240 2237 2238
f 2240 2238 2239
f 2216 2217 2218
f 2216 2218 2219
f 2216 2231 2232
f 2216 2228 2231
f 2216 2219 2228
f 2250 2215 2216
f 2243 2240 2241
f 2243 2241 2242
f 2246 2243 2244
f 2246 2244 2245
f 2246 2240 2243
f 2247 2240 2246
f 2247 2234 2235
f 2247 2248 2249
f 2247 2249 2250
f 2247 2232 2234
f 2247 2216 2232
f 2247 2235 2237
f 2247 2237 2240
f 2247 2250 2216
f 2252 2270 2251
f 2252 2271 2270
f 2253 2272 2271
f 2253 2271 2252
f 2254 2273 2272
f 2254 2272 2253
f 2255 2274 2273
f 2255 2273 2254
f 2256 2275 2274
f 2256 2274 2255
f 2257 2276 2275
f 2257 2275 2256
f 2258 2277 2276
f 2258 2276 2257
f 2259 2278 2277
f 2259 2279 2278
f 2259 2277 2258
f 2260 2279 2259
f 2261 2280 2279
f 2261 2281 2280
f 2261 2279 2260
f 2262 2282 2281
f 2262 2281 2261
f 2263 2282 2262
f 2264 2283 2282
f 2264 2282 2263
f 2265 2284 2283
f 2265 2283 2264
f 2266 2284 2265
f 2266 2285 2284
f 2266 2286 2285
f 2267 2286 2266
f 2268 2286 2267
f 2268 2287 2286
f 2268 2288 2287
f 2269 2288 2268
f 2290 2308 2289
f 2290 2309 2308
f 2291 2310 2309
f 2291 2309 2290
f 2292 2311 2310
f 2292 2312 2311
f 2292 2310 2291
f 2293 2312 2292
f 2294 2313 2312
f 2294 2312 2293
f 2295 2314 2313
f 2295 2313 2294
f 2296 2315 2314
f 2296 2314 2295
f 2297 2316 2315
f 2297 2317 2316
f 2297 2315 2296
f 2298 2317 2297
f 2299 2318 2317
f 2299 2317 2298
f 2300 2319 2318
f 2300 2318 2299
f 2301 2320 2319
f 2301 2321 2320
f 2301 2319 2300
f 2302 2322 2321
f 2302 2321 2301
f 2303 2322 2302
f 2304 2322 2303
f 2304 2323 2322
f 2305 2323 2304
f 2305 2324 2323
f 2306 2324 2305
f 2306 2325 2324
f 2306 2326 2325
f 2307 2326 2306
f 2333 2334 2335
f 2332 2335 2336
f 2332 2333 2335
f 2338 2336 2337
f 2329 2330 2331
f 2328 2331 2332
f 2328 2329 2331
f 2342 2338 2339
f 2342 2339 2340
f 2342 2340 2341
f 2343 2336 2338
f 2343 2338 2342
f 2361 2327 2328
f 2361 2362 2327
f 2346 2343 2344
f 2346 2344 2345
f 2359 2360 2361
f 2359 2361 2328
f 2349 2347 2348
f 2356 2357 2358
f 2356 2358 2359
f 2350 2347 2349
f 2354 2355 2356
f 2354 2356 2359
f 2353 2354 2359
f 2353 2346 2347
f 2353 2350 2351
f 2353 2351 2352
f 2353 2332 2336
f 2353 2343 2346
f 2353 2336 2343
f 2353 2328 2332
f 2353 2359 2328
f 2353 2347 2350
f 2363 2383 2382
f 2364 2383 2363
f 2365 2384 2383
f 2365 2383 2364
f 2366 2385 2384
f 2366 2384 2365
f 2367 2386 2385
f 2367 2385 2366
f 2368 2387 2386
f 2368 2386 2367
f 2369 2388 2387
f 2369 2387 2368
f 2370 2389 2388
f 2370 2388 2369
f 2371 2390 2389
f 2371 2391 2390
f 2371 2389 2370
f 2372 2391 2371
f 2373 2392 2391
f 2373 2393 2392
f 2373 2391 2372
f 2374 2394 2393
f 2374 2393 2373
f 2375 2394 2374
f 2376 2395 2394
f 2376 2394 2375
f 2377 2396 2395
f 2377 2395 2376
f 2378 2396 2377
f 2378 2397 2396
f 2378 2398 2397
f 2379 2398 2378
f 2380 2398 2379
f 2380 2399 2398
f 2380 2400 2399
f 2381 2400 2380
f 2402 2420 2401
f 2402 2421 2420
f 2403 2422 2421
f 2403 2421 2402
f 2404 2423 2422
f 2404 2424 2423
f 2404 2422 2403
f 2405 2424 2404
f 2406 2425 2424
f 2406 2424 2405
f 2407 2426 2425
f 2407 2425 2406
f 2408 2427 2426
f 2408 2426 2407
f 2409 2428 2427
f 2409 2429 2428
f 2409 2427 2408
f 2410 2429 2409
f 2411 2430 2429
f 2411 2429 2410
f 2412 2431 2430
f 2412 2430 2411
f 2413 2432 2431
f 2413 2433 2432
f 2413 2431 2412
f 2414 2434 2433
f 2414 2433 2413
f 2415 2434 2414
f 2416 2434 2415
f 2416 2435 2434
f 2417 2435 2416
f 2417 2436 2435
f 2418 2436 2417
f 2418 2437 2436
f 2418 2438 2437
f 2419 2438 2418
f 2474 2439 2440
f 2474 2440 2441
f 2443 2441 2442
f 2471 2472 2473
f 2471 2473 2474
f 2471 2474 2441
f 2446 2443 2444
f 2446 2444 2445
f 2448 2446 2447
f 2448 2441 2443
f 2448 2443 2446
f 2468 2469 2470
f 2468 2470 2471
f 2467 2468 2471
f 2466 2467 2471
f 2451 2449 2450
f 2464 2465 2466
f 2453 2448 2449
f 2453 2451 2452
f 2453 2449 2451
f 2456 2453 2454
f 2456 2454 2455
f 2456 2463 2464
f 2456 2471 2441
f 2456 2441 2448
f 2456 2448 2453
f 2456 2466 2471
f 2456 2464 2466
f 2459 2460 2461
f 2459 2461 2462
f 2459 2462 2463
f 2458 2459 2463
f 2458 2456 2457
f 2458 2463 2456
f 2476 2494 2475
f 2476 2495 2494
f 2477 2496 2495
f 2477 2495 2476
f 2478 2497 2496
f 2478 2496 2477
f 2479 2498 2497
f 2479 2497 2478
f 2480 2499 2498
f 2480 2500 2499
f 2480 2498 2479
f 2481 2500 2480
f 2482 2501 2500
f 2482 2500 2481
f 2483 2502 2501
f 2483 2503 2502
f 2483 2501 2482
f 2484 2503 2483
f 2485 2504 2503
f 2485 2505 2504
f 2485 2503 2484
f 2486 2506 2505
f 2486 2505 2485
f 2487 2506 2486
f 2488 2507 2506
f 2488 2506 2487
f 2489 2508 2507
f 2489 2507 2488
f 2490 2508 2489
f 2490 2509 2508
f 2490 2510 2509
f 2491 2510 2490
f 2492 2510 2491
f 2492 2511 2510
f 2492 2512 2511
f 2493 2512 2492
f 2514 2532 2513
f 2514 2533 2532
f 2515 2534 2533
f 2515 2533 2514
f 2516 2535 2534
f 2516 2536 2535
f 2516 2534 2515
f 2517 2536 2516
f 2518 2537 2536
f 2518 2536 2517
f 2519 2538 2537
f 2519 2537 2518
f 2520 2539 2538
f 2520 2538 2519
f 2521 2540 2539
f 2521 2541 2540
f 2521 2539 2520
f 2522 2541 2521
f 2523 2542 2541
f 2523 2541 2522
f 2524 2543 2542
f 2524 2542 2523
f 2525 2544 2543
f 2525 2545 2544
f 2525 2543 2524
f 2526 2546 2545
f 2526 2545 2525
f 2527 2546 2526
f 2528 2546 2527
f 2528 2547 2546
f 2529 2547 2528
f 2529 2548 2547
f 2530 2548 2529
f 2530 2549 2548
f 2531 2549 2530
f 2531 2550 2549
f 2584 2581 2582
f 2584 2582 2583
f 2579 2580 2581
f 2577 2578 2579
f 2575 2576 2577
f 2555 2553 2554
f 2573 2574 2575
f 2573 2579 2581
f 2573 2577 2579
f 2573 2575 2577
f 2571 2572 2573
f 2571 2581 2584
f 2571 2573 2581
f 2570 2584 2585
f 2570 2585 2586
f 2570 2571 2584
f 2568 2569 2570
f 2568 2570 2586
f 2561 2555 2556
f 2561 2556 2557
f 2561 2557 2558
f 2561 2558 2559
f 2561 2559 2560
f 2566 2551 2552
f 2566 2552 2553
f 2566 2567 2568
f 2566 2586 2551
f 2566 2568 2586
f 2563 2561 2562
f 2565 2563 2564
f 2565 2553 2555
f 2565 2566 2553
f 2565 2555 2561
f 2565 2561 2563
f 2588 2606 2587
f 2588 2607 2606
f 2589 2608 2607
f 2589 2607 2588
f 2590 2609 2608
f 2590 2608 2589
f 2591 2610 2609
f 2591 2609 2590
f 2592 2611 2610
f 2592 2610 2591
f 2593 2612 2611
f 2593 2611 2592
f 2594 2613 2612
f 2594 2612 2593
f 2595 2614 2613
f 2595 2615 2614
f 2595 2613 2594
f 2596 2615 2595
f 2597 2616 2615
f 2597 2617 2616
f 2597 2615 2596
f 2598 2618 2617
f 2598 2617 2597
f 2599 2618 2598
f 2600 2619 2618
f 2600 2618 2599
f 2601 2620 2619
f 2601 2619 2600
f 2602 2620 2601
f 2602 2621 2620
f 2602 2622 2621
f 2603 2622 2602
f 2604 2622 2603
f 2604 2623 2622
f 2604 2624 2623
f 2605 2624 2604
f 2626 2644 2625
f 2626 2645 2644
f 2627 2646 2645
f 2627 2645 2626
f 2628 2647 2646
f 2628 2648 2647
f 2628 2646 2627
f 2629 2648 2628
f 2630 2649 2648
f 2630 2648 2629
f 2631 2650 2649
f 2631 2649 2630
f 2632 2651 2650
f 2632 2650 2631
f 2633 2652 2651
f 2633 2653 2652
f 2633 2651 2632
f 2634 2653 2633
f 2635 2654 2653
f 2635 2653 2634
f 2636 2655 2654
f 2636 2654 2635
f 2637 2656 2655
f 2637 2657 2656
f 2637 2655 2636
f 2638 2658 2657
f 2638 2657 2637
f 2639 2658 2638
f 2640 2658 2639
f 2640 2659 2658
f 2641 2659 2640
f 2641 2660 2659
f 2642 2660 2641
f 2642 2661 2660
f 2642 2662 2661
f 2643 2662 2642
f 2742 2669 2743
f 2744 2743 2669
f 2741 2668 2669
f 2741 2669 2742
f 2745 2744 2669
f 2740 2668 2741
f 2746 2745 2669
f 2739 2668 2740
f 2747 2669 2670
f 2747 2746 2669
f 2738 2668 2739
f 2748 2747 2670
f 2737 2668 2738
f 2749 2748 2670
f 2736 2667 2668
f 2736 2668 2737
f 2750 2749 2670
f 2735 2667 2736
f 2751 2750 2670
f 2770 2667 2735
f 2752 2670 2671
f 2752 2751 2670
f 2753 2752 2671
f 2754 2753 2671
f 2929 2928 2664
f 2930 2929 2664
f 2927 2663 2664
f 2927 2664 2928
f 2931 2930 2664
f 2926 2663 2927
f 2932 2664 2665
f 2932 2931 2664
f 2925 2663 2926
f 2712 2770 2769
f 2712 2667 2770
f 2713 2765 2764
f 2713 2766 2765
f 2713 2767 2766
f 2713 2768 2767
f 2713 2769 2768
f 2713 2712 2769
f 2933 2932 2665
f 2924 2663 2925
f 2934 2933 2665
f 2923 2663 2924
f 2714 2764 2763
f 2714 2761 2760
f 2714 2762 2761
f 2714 2713 2764
f 2714 2763 2762
f 2711 2665 2666
f 2711 2666 2667
f 2711 2667 2712
f 2922 2663 2923
f 2921 2663 2922
f 2715 2714 2760
f 2715 2756 2755
f 2715 2757 2756
f 2715 2758 2757
f 2715 2759 2758
f 2715 2760 2759
f 2710 2934 2665
f 2710 2935 2934
f 2710 2665 2711
f 2682 2663 2921
f 2682 2920 2919
f 2682 2921 2920
f 2918 2682 2919
f 2917 2682 2918
f 2716 2715 2755
f 2716 2754 2671
f 2716 2755 2754
f 2709 2935 2710
f 2709 2936 2935
f 2709 2937 2936
f 2709 2938 2937
f 2709 2939 2938
f 2709 2940 2939
f 2916 2682 2917
f 2717 2671 2672
f 2717 2672 2673
f 2717 2716 2671
f 2708 2940 2709
f 2708 2941 2940
f 2708 2942 2941
f 2708 2943 2942
f 2708 2944 2943
f 2683 2916 2915
f 2683 2682 2916
f 2683 2915 2950
f 2718 2717 2673
f 2707 2944 2708
f 2707 2945 2944
f 2707 2946 2945
f 2707 2947 2946
f 2707 2948 2947
f 2707 2949 2948
f 2772 2673 2674
f 2773 2772 2674
f 2771 2673 2772
f 2774 2773 2674
f 2806 2718 2673
f 2806 2673 2771
f 2775 2774 2674
f 2805 2718 2806
f 2776 2775 2674
f 2777 2776 2674
f 2719 2805 2804
f 2719 2718 2805
f 2706 2949 2707
f 2706 2683 2950
f 2706 2950 2949
f 2803 2719 2804
f 2675 2777 2674
f 2675 2778 2777
f 2802 2719 2803
f 2779 2778 2675
f 2801 2719 2802
f 2780 2779 2675
f 2800 2719 2801
f 2781 2780 2675
f 2782 2781 2675
f 2783 2782 2675
f 2720 2719 2800
f 2720 2798 2797
f 2720 2799 2798
f 2720 2800 2799
f 2705 2684 2683
f 2705 2683 2706
f 2796 2720 2797
f 2676 2784 2783
f 2676 2783 2675
f 2676 2785 2784
f 2676 2786 2785
f 2676 2787 2786
f 2676 2788 2787
f 2721 2792 2791
f 2721 2793 2792
f 2721 2794 2793
f 2721 2795 2794
f 2721 2796 2795
f 2721 2720 2796
f 2704 2685 2684
f 2704 2684 2705
f 2722 2791 2790
f 2722 2721 2791
f 2677 2788 2676
f 2677 2789 2788
f 2677 2790 2789
f 2677 2722 2790
f 2898 2685 2704
f 2899 2704 2703
f 2899 2898 2704
f 2897 2685 2898
f 2900 2899 2703
f 2896 2686 2685
f 2896 2685 2897
f 2901 2900 2703
f 2895 2686 2896
f 2902 2901 2703
f 2894 2686 2895
f 2903 2902 2703
f 2893 2686 2894
f 2904 2903 2703
f 2702 2904 2703
f 2892 2686 2893
f 2905 2904 2702
f 2891 2686 2892
f 2906 2905 2702
f 2907 2906 2702
f 2908 2907 2702
f 2678 2723 2722
f 2678 2722 2677
f 2687 2686 2891
f 2687 2888 2887
f 2687 2889 2888
f 2687 2890 2889
f 2687 2891 2890
f 2886 2687 2887
f 2701 2908 2702
f 2701 2909 2908
f 2701 2910 2909
f 2701 2911 2910
f 2885 2687 2886
f 2912 2911 2701
f 2913 2912 2701
f 2700 2914 2913
f 2700 2913 2701
f 2679 2723 2678
f 2679 2724 2723
f 2688 2881 2880
f 2688 2882 2881
f 2688 2883 2882
f 2688 2884 2883
f 2688 2885 2884
f 2688 2687 2885
f 2839 2838 2725
f 2837 2725 2838
f 2840 2839 2725
f 2836 2726 2725
f 2836 2725 2837
f 2841 2725 2724
f 2841 2840 2725
f 2835 2726 2836
f 2842 2724 2679
f 2842 2841 2724
f 2807 2842 2679
f 2834 2726 2835
f 2808 2807 2679
f 2833 2726 2834
f 2832 2726 2833
f 2832 2727 2726
f 2831 2727 2832
f 2680 2809 2808
f 2680 2810 2809
f 2680 2808 2679
f 2689 2880 2879
f 2689 2879 2914
f 2689 2688 2880
f 2689 2914 2700
f 2811 2810 2680
f 2830 2727 2831
f 2812 2811 2680
f 2829 2727 2830
f 2813 2812 2680
f 2828 2727 2829
f 2827 2727 2828
f 2827 2728 2727
f 2826 2728 2827
f 2868 2733 2732
f 2869 2868 2732
f 2681 2813 2680
f 2681 2814 2813
f 2681 2815 2814
f 2681 2816 2815
f 2681 2817 2816
f 2681 2818 2817
f 2681 2819 2818
f 2690 2700 2699
f 2690 2689 2700
f 2870 2869 2732
f 2867 2733 2868
f 2871 2870 2732
f 2866 2733 2867
f 2872 2732 2731
f 2872 2871 2732
f 2865 2733 2866
f 2873 2872 2731
f 2864 2733 2865
f 2874 2873 2731
f 2863 2734 2733
f 2863 2733 2864
f 2875 2874 2731
f 2862 2734 2863
f 2876 2875 2731
f 2877 2731 2730
f 2877 2876 2731
f 2878 2877 2730
f 2691 2699 2734
f 2691 2690 2699
f 2691 2861 2860
f 2691 2734 2862
f 2691 2862 2861
f 2698 2819 2681
f 2698 2820 2819
f 2698 2821 2820
f 2698 2822 2821
f 2698 2823 2822
f 2698 2824 2823
f 2692 2691 2860
f 2692 2856 2855
f 2692 2857 2856
f 2692 2858 2857
f 2692 2859 2858
f 2692 2860 2859
f 2697 2824 2698
f 2697 2728 2826
f 2697 2825 2824
f 2697 2826 2825
f 2697 2729 2728
f 2693 2692 2855
f 2693 2850 2849
f 2693 2851 2850
f 2693 2852 2851
f 2693 2853 2852
f 2693 2854 2853
f 2693 2855 2854
f 2696 2729 2697
f 2694 2693 2849
f 2694 2845 2844
f 2694 2846 2845
f 2694 2847 2846
f 2694 2848 2847
f 2694 2849 2848
f 2695 2843 2878
f 2695 2694 2844
f 2695 2729 2696
f 2695 2878 2730
f 2695 2730 2729
f 2695 2844 2843
f 2972 2951 2952
f 2972 2971 2951
f 2973 2952 2953
f 2973 2972 2952
f 2974 2953 2954
f 2974 2973 2953
f 2975 2954 2955
f 2975 2974 2954
f 2976 2955 2956
f 2976 2975 2955
f 2977 2956 2957
f 2977 2976 2956
f 2978 2957 2958
f 2978 2977 2957
f 2979 2958 2959
f 2979 2978 2958
f 2980 2959 2960
f 2980 2979 2959
f 2981 2960 2961
f 2981 2980 2960
f 2982 2961 2962
f 2982 2981 2961
f 2983 2962 2963
f 2983 2982 2962
f 2984 2963 2964
f 2984 2964 2965
f 2984 2983 2963
f 2985 2984 2965
f 2986 2985 2965
f 2986 2965 2966
f 2987 2986 2966
f 2987 2966 2967
f 2988 2987 2967
f 2988 2967 2968
f 2970 2988 2968
f 2970 2968 2969
f 3006 3007 3008
f 3006 3008 3026
f 3005 3026 3025
f 3005 3006 3026
f 3004 3025 3024
f 3004 3005 3025
f 3003 3024 3023
f 3003 3004 3024
f 3002 3023 3022
f 3002 3003 3023
f 3001 3022 3021
f 3001 3002 3022
f 3000 3021 3020
f 3000 3001 3021
f 2999 3020 3019
f 2999 3000 3020
f 2998 3019 3018
f 2998 2999 3019
f 2997 3017 3016
f 2997 3018 3017
f 2997 2998 3018
f 2996 2997 3016
f 2995 3015 3014
f 2995 3016 3015
f 2995 2996 3016
f 2994 3014 3013
f 2994 2995 3014
f 2993 2994 3013
f 2992 2993 3013
f 2992 3013 3012
f 2991 2992 3012
f 2991 3012 3011
f 2990 2991 3011
f 2990 3011 3010
f 2989 2990 3010
f 2989 3010 3009
f 3068 3049 3050
f 3068 3050 3051
f 3068 3067 3049
f 3066 3048 3049
f 3066 3049 3067
f 3069 3051 3052
f 3069 3068 3051
f 3065 3047 3048
f 3065 3048 3066
f 3070 3069 3052
f 3064 3046 3047
f 3064 3047 3065
f 3071 3070 3052
f 3071 3052 3053
f 3063 3046 3064
f 3063 3027 3046
f 3072 3071 3053
f 3072 3053 3054
f 3072 3054 3055
f 3082 3028 3027
f 3082 3027 3063
f 3073 3072 3055
f 3074 3055 3056
f 3074 3073 3055
f 3083 3029 3028
f 3083 3028 3082
f 3075 3074 3056
f 3075 3056 3057
f 3084 3030 3029
f 3084 3029 3083
f 3076 3057 3058
f 3076 3075 3057
f 3085 3031 3030
f 3085 3030 3084
f 3077 3076 3058
f 3086 3031 3085
f 3059 3077 3058
f 3032 3031 3086
f 3078 3077 3059
f 3060 3079 3078
f 3060 3078 3059
f 3033 3032 3086
f 3033 3086 3087
f 3061 3079 3060
f 3034 3033 3087
f 3034 3087 3088
f 3062 3080 3079
f 3062 3079 3061
f 3035 3088 3089
f 3035 3089 3090
f 3035 3034 3088
f 3036 3090 3091
f 3036 3035 3090
f 3045 3081 3080
f 3045 3080 3062
f 3037 3036 3091
f 3044 3098 3081
f 3044 3081 3045
f 3038 3091 3092
f 3038 3092 3093
f 3038 3037 3091
f 3043 3098 3044
f 3043 3097 3098
f 3039 3038 3093
f 3039 3093 3094
f 3042 3097 3043
f 3042 3095 3096
f 3042 3096 3097
f 3040 3039 3094
f 3040 3094 3095
f 3041 3095 3042
f 3041 3040 3095
f 3116 3117 3118
f 3116 3118 3136
f 3115 3136 3135
f 3115 3116 3136
f 3114 3135 3134
f 3114 3115 3135
f 3113 3134 3133
f 3113 3114 3134
f 3112 3133 3132
f 3112 3113 3133
f 3131 3112 3132
f 3111 3112 3131
f 3110 3131 3130
f 3110 3111 3131
f 3109 3130 3129
f 3109 3110 3130
f 3108 3129 3128
f 3108 3109 3129
f 3107 3128 3127
f 3107 3108 3128
f 3106 3127 3126
f 3106 3107 3127
f 3105 3126 3125
f 3105 3106 3126
f 3104 3125 3124
f 3104 3105 3125
f 3103 3124 3123
f 3103 3104 3124
f 3122 3103 3123
f 3102 3103 3122
f 3121 3102 3122
f 3101 3102 3121
f 3100 3101 3121
f 3100 3121 3120
f 3119 3100 3120
f 3099 3100 3119
f 3158 3137 3138
f 3158 3157 3137
f 3159 3138 3139
f 3159 3158 3138
f 3160 3139 3140
f 3160 3159 3139
f 3161 3140 3141
f 3161 3160 3140
f 3162 3141 3142
f 3162 3161 3141
f 3163 3142 3143
f 3163 3162 3142
f 3144 3163 3143
f 3164 3163 3144
f 3165 3144 3145
f 3165 3164 3144
f 3166 3145 3146
f 3166 3165 3145
f 3147 3166 3146
f 3167 3166 3147
f 3168 3147 3148
f 3168 3167 3147
f 3169 3148 3149
f 3169 3168 3148
f 3170 3149 3150
f 3170 3169 3149
f 3171 3150 3151
f 3171 3170 3150
f 3172 3151 3152
f 3172 3171 3151
f 3153 3172 3152
f 3173 3172 3153
f 3174 3173 3153
f 3174 3153 3154
f 3156 3174 3154
f 3156 3154 3155
f 3196 3175 3176
f 3196 3195 3175
f 3197 3176 3177
f 3197 3196 3176
f 3198 3177 3178
f 3198 3178 3179
f 3198 3197 3177
f 3199 3198 3179
f 3200 3179 3180
f 3200 3199 3179
f 3201 3180 3181
f 3201 3200 3180
f 3202 3181 3182
f 3202 3182 3183
f 3202 3201 3181
f 3203 3202 3183
f 3204 3183 3184
f 3204 3203 3183
f 3205 3184 3185
f 3205 3204 3184
f 3206 3185 3186
f 3206 3205 3185
f 3207 3186 3187
f 3207 3206 3186
f 3208 3187 3188
f 3208 3207 3187
f 3209 3188 3189
f 3209 3208 3188
f 3210 3209 3189
f 3210 3189 3190
f 3211 3210 3190
f 3211 3190 3191
f 3212 3211 3191
f 3212 3191 3192
f 3194 3212 3192
f 3194 3192 3193
f 3230 3231 3232
f 3230 3232 3250
f 3229 3249 3248
f 3229 3250 3249
f 3229 3230 3250
f 3228 3229 3248
f 3227 3247 3246
f 3227 3248 3247
f 3227 3228 3248
f 3226 3227 3246
f 3225 3246 3245
f 3225 3226 3246
f 3224 3245 3244
f 3224 3225 3245
f 3223 3244 3243
f 3223 3224 3244
f 3222 3243 3242
f 3222 3223 3243
f 3221 3242 3241
f 3221 3222 3242
f 3220 3240 3239
f 3220 3241 3240
f 3220 3221 3241
f 3219 3220 3239
f 3218 3238 3237
f 3218 3239 3238
f 3218 3219 3239
f 3217 3218 3237
f 3216 3217 3237
f 3216 3237 3236
f 3215 3216 3236
f 3215 3236 3235
f 3214 3215 3235
f 3214 3235 3234
f 3213 3214 3234
f 3213 3234 3233
f 3302 3301 3273
f 3300 3273 3301
f 3303 3302 3273
f 3299 3272 3273
f 3299 3273 3300
f 3304 3303 3273
f 3298 3272 3299
f 3305 3304 3273
f 3297 3272 3298
f 3306 3305 3273
f 3296 3272 3297
f 3307 3306 3273
f 3295 3272 3296
f 3308 3307 3273
f 3294 3272 3295
f 3309 3308 3273
f 3293 3272 3294
f 3310 3309 3273
f 3310 3273 3274
f 3292 3272 3293
f 3291 3272 3292
f 3290 3272 3291
f 3588 3310 3274
f 3588 3311 3310
f 3587 3311 3588
f 3587 3312 3311
f 3587 3313 3312
f 3587 3314 3313
f 3587 3315 3314
f 3587 3316 3315
f 3587 3317 3316
f 3587 3318 3317
f 3587 3319 3318
f 3587 3320 3319
f 3589 3274 3275
f 3589 3588 3274
f 3586 3272 3290
f 3586 3271 3272
f 3586 3288 3287
f 3586 3289 3288
f 3586 3290 3289
f 3586 3320 3587
f 3586 3321 3320
f 3586 3322 3321
f 3586 3323 3322
f 3586 3287 3323
f 3585 3270 3271
f 3585 3271 3586
f 3590 3275 3276
f 3590 3589 3275
f 3333 3277 3334
f 3335 3334 3277
f 3332 3277 3333
f 3336 3335 3277
f 3331 3277 3332
f 3337 3336 3277
f 3330 3276 3277
f 3330 3277 3331
f 3338 3337 3277
f 3329 3276 3330
f 3339 3338 3277
f 3328 3590 3276
f 3328 3276 3329
f 3327 3590 3328
f 3326 3590 3327
f 3591 3355 3354
f 3591 3356 3355
f 3591 3357 3356
f 3591 3358 3357
f 3591 3359 3358
f 3591 3360 3359
f 3591 3324 3360
f 3591 3325 3324
f 3591 3326 3325
f 3591 3590 3326
f 3584 3270 3585
f 3278 3340 3339
f 3278 3341 3340
f 3278 3342 3341
f 3278 3339 3277
f 3278 3343 3342
f 3278 3344 3343
f 3278 3345 3344
f 3278 3346 3345
f 3278 3347 3346
f 3592 3352 3351
f 3592 3353 3352
f 3592 3354 3353
f 3592 3591 3354
f 3592 3347 3278
f 3592 3348 3347
f 3592 3349 3348
f 3592 3350 3349
f 3592 3351 3350
f 3583 3251 3270
f 3583 3270 3584
f 3564 3251 3565
f 3566 3565 3251
f 3563 3251 3564
f 3567 3566 3251
f 3562 3251 3563
f 3568 3567 3251
f 3561 3251 3562
f 3569 3251 3583
f 3569 3568 3251
f 3570 3569 3583
f 3571 3570 3583
f 3572 3571 3583
f 3252 3558 3557
f 3252 3559 3558
f 3252 3560 3559
f 3252 3561 3560
f 3252 3251 3561
f 3573 3572 3583
f 3556 3252 3557
f 3574 3573 3583
f 3555 3252 3556
f 3575 3574 3583
f 3554 3252 3555
f 3576 3575 3583
f 3553 3252 3554
f 3552 3252 3553
f 3593 3278 3279
f 3593 3592 3278
f 3602 3576 3583
f 3602 3577 3576
f 3602 3578 3577
f 3602 3579 3578
f 3602 3580 3579
f 3602 3581 3580
f 3602 3582 3581
f 3602 3546 3582
f 3602 3547 3546
f 3602 3548 3547
f 3253 3551 3550
f 3253 3552 3551
f 3253 3252 3552
f 3594 3279 3280
f 3594 3593 3279
f 3603 3253 3550
f 3603 3548 3602
f 3603 3549 3548
f 3603 3550 3549
f 3281 3594 3280
f 3595 3594 3281
f 3604 3254 3253
f 3604 3253 3603
f 3365 3281 3366
f 3367 3366 3281
f 3364 3595 3281
f 3364 3281 3365
f 3368 3367 3281
f 3363 3595 3364
f 3369 3368 3281
f 3362 3595 3363
f 3370 3369 3281
f 3361 3595 3362
f 3371 3370 3281
f 3397 3595 3361
f 3372 3371 3281
f 3396 3595 3397
f 3373 3372 3281
f 3395 3595 3396
f 3394 3595 3395
f 3282 3374 3373
f 3282 3375 3374
f 3282 3376 3375
f 3282 3377 3376
f 3282 3378 3377
f 3282 3379 3378
f 3282 3380 3379
f 3282 3381 3380
f 3282 3382 3381
f 3282 3383 3382
f 3282 3384 3383
f 3282 3373 3281
f 3596 3386 3385
f 3596 3387 3386
f 3596 3388 3387
f 3596 3389 3388
f 3596 3390 3389
f 3596 3391 3390
f 3596 3392 3391
f 3596 3393 3392
f 3596 3394 3393
f 3596 3595 3394
f 3605 3255 3254
f 3605 3254 3604
f 3597 3385 3384
f 3597 3596 3385
f 3283 3597 3384
f 3283 3384 3282
f 3532 3256 3255
f 3532 3255 3605
f 3533 3532 3605
f 3533 3605 3606
f 3531 3256 3532
f 3534 3533 3606
f 3535 3534 3606
f 3530 3256 3531
f 3536 3535 3606
f 3529 3256 3530
f 3528 3256 3529
f 3537 3536 3606
f 3527 3256 3528
f 3538 3537 3606
f 3526 3256 3527
f 3539 3538 3606
f 3525 3256 3526
f 3540 3539 3606
f 3524 3256 3525
f 3541 3540 3606
f 3523 3256 3524
f 3542 3541 3606
f 3522 3256 3523
f 3521 3256 3522
f 3607 3510 3509
f 3607 3511 3510
f 3607 3512 3511
f 3607 3542 3606
f 3607 3543 3542
f 3607 3544 3543
f 3607 3545 3544
f 3607 3509 3545
f 3284 3597 3283
f 3284 3598 3597
f 3257 3512 3607
f 3257 3513 3512
f 3257 3256 3521
f 3257 3514 3513
f 3257 3515 3514
f 3257 3516 3515
f 3257 3517 3516
f 3257 3518 3517
f 3257 3519 3518
f 3257 3520 3519
f 3257 3521 3520
f 3608 3257 3607
f 3285 3599 3598
f 3285 3598 3284
f 3258 3257 3608
f 3609 3258 3608
f 3399 3398 3600
f 3434 3600 3398
f 3400 3399 3600
f 3400 3600 3599
f 3433 3600 3434
f 3401 3400 3599
f 3432 3600 3433
f 3402 3599 3285
f 3402 3401 3599
f 3431 3600 3432
f 3403 3402 3285
f 3430 3600 3431
f 3404 3403 3285
f 3429 3600 3430
f 3428 3600 3429
f 3286 3405 3404
f 3286 3404 3285
f 3286 3406 3405
f 3286 3407 3406
f 3286 3408 3407
f 3259 3258 3609
f 3409 3408 3286
f 3410 3409 3286
f 3411 3410 3286
f 3412 3411 3286
f 3413 3412 3286
f 3601 3600 3428
f 3601 3422 3421
f 3601 3423 3422
f 3601 3424 3423
f 3601 3425 3424
f 3601 3426 3425
f 3601 3427 3426
f 3601 3428 3427
f 3610 3259 3609
f 3269 3414 3413
f 3269 3415 3414
f 3269 3416 3415
f 3269 3417 3416
f 3269 3601 3421
f 3269 3418 3417
f 3269 3419 3418
f 3269 3420 3419
f 3269 3421 3420
f 3269 3413 3286
f 3260 3259 3610
f 3499 3610 3500
f 3501 3500 3610
f 3498 3610 3499
f 3502 3501 3610
f 3502 3610 3611
f 3497 3610 3498
f 3503 3502 3611
f 3496 3610 3497
f 3504 3503 3611
f 3495 3610 3496
f 3495 3260 3610
f 3505 3504 3611
f 3506 3505 3611
f 3494 3260 3495
f 3507 3506 3611
f 3493 3260 3494
f 3508 3507 3611
f 3492 3260 3493
f 3472 3508 3611
f 3491 3260 3492
f 3473 3472 3611
f 3490 3260 3491
f 3474 3473 3611
f 3489 3260 3490
f 3488 3260 3489
f 3487 3260 3488
f 3612 3475 3474
f 3612 3476 3475
f 3612 3474 3611
f 3261 3479 3478
f 3261 3480 3479
f 3261 3481 3480
f 3261 3482 3481
f 3261 3483 3482
f 3261 3484 3483
f 3261 3485 3484
f 3261 3486 3485
f 3261 3487 3486
f 3261 3260 3487
f 3268 3601 3269
f 3268 3618 3601
f 3468 3467 3615
f 3468 3615 3616
f 3466 3615 3467
f 3469 3468 3616
f 3465 3615 3466
f 3470 3469 3616
f 3464 3615 3465
f 3471 3470 3616
f 3262 3477 3476
f 3262 3478 3477
f 3262 3476 3612
f 3262 3261 3478
f 3267 3618 3268
f 3267 3617 3618
f 3435 3471 3616
f 3463 3615 3464
f 3436 3435 3616
f 3462 3615 3463
f 3437 3436 3616
f 3461 3615 3462
f 3438 3437 3616
f 3460 3615 3461
f 3459 3615 3460
f 3459 3614 3615
f 3458 3614 3459
f 3266 3617 3267
f 3266 3438 3616
f 3266 3616 3617
f 3266 3439 3438
f 3266 3440 3439
f 3266 3441 3440
f 3266 3442 3441
f 3266 3443 3442
f 3266 3444 3443
f 3266 3445 3444
f 3266 3446 3445
f 3266 3447 3446
f 3263 3262 3612
f 3263 3612 3613
f 3265 3453 3452
f 3265 3454 3453
f 3265 3455 3454
f 3265 3456 3455
f 3265 3457 3456
f 3265 3458 3457
f 3265 3447 3266
f 3265 3448 3447
f 3265 3449 3448
f 3265 3450 3449
f 3265 3451 3450
f 3265 3452 3451
f 3264 3263 3613
f 3264 3614 3458
f 3264 3458 3265
f 3264 3613 3614
f 3640 3619 3620
f 3640 3639 3619
f 3641 3620 3621
f 3641 3640 3620
f 3622 3641 3621
f 3642 3641 3622
f 3643 3622 3623
f 3643 3642 3622
f 3624 3643 3623
f 3644 3643 3624
f 3645 3624 3625
f 3645 3644 3624
f 3646 3625 3626
f 3646 3645 3625
f 3647 3626 3627
f 3647 3646 3626
f 3628 3647 3627
f 3648 3647 3628
f 3629 3648 3628
f 3649 3648 3629
f 3650 3629 3630
f 3650 3649 3629
f 3631 3650 3630
f 3651 3650 3631
f 3652 3631 3632
f 3652 3651 3631
f 3653 3632 3633
f 3653 3652 3632
f 3654 3633 3634
f 3654 3653 3633
f 3655 3654 3634
f 3655 3634 3635
f 3656 3655 3635
f 3656 3635 3636
f 3638 3656 3636
f 3638 3636 3637
f 3674 3675 3676
f 3674 3676 3694
f 3673 3694 3693
f 3673 3674 3694
f 3672 3693 3692
f 3672 3673 3693
f 3671 3692 3691
f 3671 3672 3692
f 3690 3671 3691
f 3670 3671 3690
f 3669 3690 3689
f 3669 3670 3690
f 3688 3669 3689
f 3668 3669 3688
f 3667 3688 3687
f 3667 3668 3688
f 3686 3667 3687
f 3666 3667 3686
f 3665 3686 3685
f 3665 3666 3686
f 3664 3685 3684
f 3664 3665 3685
f 3663 3684 3683
f 3663 3664 3684
f 3662 3683 3682
f 3662 3663 3683
f 3681 3662 3682
f 3661 3662 3681
f 3660 3661 3681
f 3660 3681 3680
f 3659 3660 3680
f 3659 3680 3679
f 3678 3659 3679
f 3658 3659 3678
f 3657 3658 3678
f 3657 3678 3677
f 3712 3713 3714
f 3712 3714 3732
f 3711 3731 3730
f 3711 3732 3731
f 3711 3712 3732
f 3710 3711 3730
f 3709 3730 3729
f 3709 3710 3730
f 3708 3729 3728
f 3708 3709 3729
f 3707 3727 3726
f 3707 3728 3727
f 3707 3708 3728
f 3706 3707 3726
f 3705 3726 3725
f 3705 3706 3726
f 3704 3725 3724
f 3704 3705 3725
f 3703 3723 3722
f 3703 3724 3723
f 3703 3704 3724
f 3702 3703 3722
f 3701 3721 3720
f 3701 3722 3721
f 3701 3702 3722
f 3700 3720 3719
f 3700 3701 3720
f 3699 3700 3719
f 3698 3699 3719
f 3698 3719 3718
f 3697 3698 3718
f 3697 3718 3717
f 3696 3697 3717
f 3696 3717 3716
f 3695 3696 3716
f 3695 3716 3715
f 3754 3733 3734
f 3754 3734 3735
f 3754 3753 3733
f 3755 3735 3736
f 3755 3754 3735
f 3756 3755 3736
f 3757 3736 3737
f 3757 3756 3736
f 3758 3737 3738
f 3758 3757 3737
f 3759 3738 3739
f 3759 3758 3738
f 3760 3739 3740
f 3760 3759 3739
f 3761 3740 3741
f 3761 3760 3740
f 3762 3741 3742
f 3762 3761 3741
f 3763 3742 3743
f 3763 3762 3742
f 3764 3743 3744
f 3764 3763 3743
f 3765 3744 3745
f 3765 3764 3744
f 3766 3745 3746
f 3766 3746 3747
f 3766 3765 3745
f 3767 3766 3747
f 3768 3767 3747
f 3768 3747 3748
f 3769 3768 3748
f 3769 3748 3749
f 3770 3769 3749
f 3770 3749 3750
f 3752 3770 3750
f 3752 3750 3751
f 3788 3789 3790
f 3788 3790 3808
f 3787 3808 3807
f 3787 3788 3808
f 3806 3787 3807
f 3786 3787 3806
f 3785 3806 3805
f 3785 3786 3806
f 3804 3785 3805
f 3784 3785 3804
f 3783 3804 3803
f 3783 3784 3804
f 3802 3783 3803
f 3782 3783 3802
f 3781 3802 3801
f 3781 3782 3802
f 3780 3801 3800
f 3780 3781 3801
f 3779 3800 3799
f 3779 3780 3800
f 3778 3799 3798
f 3778 3779 3799
f 3797 3778 3798
f 3777 3778 3797
f 3776 3797 3796
f 3776 3777 3797
f 3775 3796 3795
f 3775 3776 3796
f 3774 3795 3794
f 3774 3775 3795
f 3773 3774 3794
f 3773 3794 3793
f 3772 3773 3793
f 3772 3793 3792
f 3771 3772 3792
f 3771 3792 3791
f 3830 3809 3810
f 3830 3829 3809
f 3831 3810 3811
f 3831 3830 3810
f 3832 3811 3812
f 3832 3831 3811
f 3833 3812 3813
f 3833 3832 3812
f 3834 3813 3814
f 3834 3833 3813
f 3835 3814 3815
f 3835 3834 3814
f 3836 3815 3816
f 3836 3835 3815
f 3837 3816 3817
f 3837 3836 3816
f 3838 3817 3818
f 3838 3837 3817
f 3839 3818 3819
f 3839 3838 3818
f 3820 3839 3819
f 3840 3839 3820
f 3841 3820 3821
f 3841 3840 3820
f 3842 3821 3822
f 3842 3841 3821
f 3843 3822 3823
f 3843 3842 3822
f 3844 3823 3824
f 3844 3843 3823
f 3845 3844 3824
f 3845 3824 3825
f 3846 3845 3825
f 3846 3825 3826
f 3827 3846 3826
f 3828 3846 3827
f 4068 4067 3869
f 4069 4068 3869
f 4066 3869 4067
f 3868 4069 3869
f 4065 3869 4066
f 4070 4069 3868
f 4064 3869 4065
f 4071 4070 3868
f 4072 4071 3868
f 4063 3869 4064
f 4073 4072 3868
f 4098 3869 4063
f 4097 3869 4098
f 4074 4073 3868
f 4075 4074 3868
f 4096 3869 4097
f 4076 4075 3868
f 4095 3870 3869
f 4095 3869 4096
f 4077 4076 3868
f 4094 3870 4095
f 4078 4077 3868
f 4093 3870 4094
f 4079 4078 3868
f 4176 3870 4093
f 4176 4093 4092
f 4175 4086 4085
f 4175 4087 4086
f 4175 4088 4087
f 4175 4089 4088
f 4175 4090 4089
f 4175 4091 4090
f 4175 4092 4091
f 4175 4176 4092
f 4107 3873 4108
f 4109 4108 3873
f 4110 4109 3873
f 4106 3873 4107
f 4111 4110 3873
f 4105 3873 4106
f 4112 3873 3872
f 4112 4111 3873
f 4104 3873 4105
f 4177 3870 4176
f 4177 3871 3870
f 4177 3872 3871
f 4174 4079 3868
f 4174 4175 4085
f 4174 4080 4079
f 4174 4081 4080
f 4174 4082 4081
f 4174 4083 4082
f 4174 4084 4083
f 4174 4085 4084
f 4103 3873 4104
f 4113 4112 3872
f 4102 3873 4103
f 4114 4113 3872
f 4115 4114 3872
f 4173 3868 3867
f 4173 4174 3868
f 4178 3872 4177
f 4178 4116 4115
f 4178 4117 4116
f 4178 4115 3872
f 3874 4100 4099
f 3874 4101 4100
f 3874 4102 4101
f 3874 3873 4102
f 3874 4130 4129
f 3874 4131 4130
f 3874 4132 4131
f 3874 4133 4132
f 3874 4134 4133
f 3874 4099 4134
f 4179 4118 4117
f 4179 4119 4118
f 4179 4120 4119
f 4179 4121 4120
f 4179 4122 4121
f 4179 4123 4122
f 4179 4124 4123
f 4179 4125 4124
f 4179 4117 4178
f 4172 3867 3866
f 4172 4173 3867
f 4028 4027 3847
f 4062 3847 4027
f 4029 4028 3847
f 4061 3847 4062
f 4030 4029 3847
f 4060 3847 4061
f 4059 3847 4060
f 4058 3847 4059
f 4057 3847 4058
f 3848 4030 3847
f 3848 4031 4030
f 3848 4032 4031
f 3848 4033 4032
f 3848 4034 4033
f 4035 4034 3848
f 4180 3874 4129
f 4180 4125 4179
f 4180 4126 4125
f 4180 4127 4126
f 4180 4128 4127
f 4180 4129 4128
f 4171 4056 4055
f 4171 4057 4056
f 4171 3866 3847
f 4171 4172 3866
f 4171 3847 4057
f 4036 4035 3848
f 4054 4171 4055
f 4037 4036 3848
f 4053 4171 4054
f 4038 4037 3848
f 4039 4038 3848
f 4040 4039 3848
f 4181 3874 4180
f 4181 3875 3874
f 4190 4049 4048
f 4190 4050 4049
f 4190 4051 4050
f 4190 4052 4051
f 4190 4053 4052
f 4190 4171 4053
f 4190 4046 4045
f 4190 4047 4046
f 4190 4048 4047
f 3849 4041 4040
f 3849 4042 4041
f 3849 4040 3848
f 3849 4043 4042
f 4182 3875 4181
f 4182 3876 3875
f 4191 4043 3849
f 4191 4190 4045
f 4191 4044 4043
f 4191 4045 4044
f 4183 3876 4182
f 4183 3877 3876
f 4192 3849 3850
f 4192 4191 3849
f 4148 3877 4149
f 4147 3877 4148
f 4150 4149 3877
f 4146 3877 4147
f 4151 4150 3877
f 4151 3877 4183
f 4152 4151 4183
f 4145 3877 4146
f 4153 4152 4183
f 4144 3877 4145
f 4154 4153 4183
f 4143 3877 4144
f 4155 4154 4183
f 4142 3877 4143
f 4141 3877 4142
f 4156 4155 4183
f 4157 4156 4183
f 3878 4168 4167
f 3878 4169 4168
f 3878 4170 4169
f 3878 4135 4170
f 3878 3877 4141
f 3878 4136 4135
f 3878 4137 4136
f 3878 4138 4137
f 3878 4139 4138
f 3878 4140 4139
f 3878 4141 4140
f 4184 4158 4157
f 4184 4159 4158
f 4184 4160 4159
f 4184 4161 4160
f 4184 4162 4161
f 4184 4163 4162
f 4184 4164 4163
f 4184 4157 4183
f 4193 3850 3851
f 4193 4192 3850
f 4185 4165 4164
f 4185 4164 4184
f 3879 4166 4165
f 3879 4167 4166
f 3879 4165 4185
f 3879 3878 4167
f 4023 3851 3852
f 4023 4022 3851
f 4024 4023 3852
f 4021 3851 4022
f 4021 4193 3851
f 4020 4193 4021
f 4020 4194 4193
f 4025 4024 3852
f 4019 4194 4020
f 4026 4025 3852
f 3991 4026 3852
f 4018 4194 4019
f 3992 3991 3852
f 4017 4194 4018
f 3993 3992 3852
f 4016 4194 4017
f 3994 3993 3852
f 4015 4194 4016
f 3995 3994 3852
f 4014 4194 4015
f 3996 3995 3852
f 4013 4194 4014
f 3997 3996 3852
f 4186 3879 4185
f 4195 4008 4007
f 4195 4009 4008
f 4195 4194 4013
f 4195 4010 4009
f 4195 4011 4010
f 4195 4012 4011
f 4195 4013 4012
f 3880 3879 4186
f 3853 3998 3997
f 3853 3999 3998
f 3853 4000 3999
f 3853 4001 4000
f 3853 4002 4001
f 3853 4003 4002
f 3853 4004 4003
f 3853 4005 4004
f 3853 4006 4005
f 3853 4007 4006
f 3853 3997 3852
f 3853 4195 4007
f 3881 3880 4186
f 3881 4186 4187
f 3854 4195 3853
f 3854 4196 4195
f 4197 4196 3854
f 3901 4187 4188
f 3902 3901 4188
f 3900 4187 3901
f 3903 3902 4188
f 3899 3881 4187
f 3899 4187 3900
f 3904 3903 4188
f 3898 3881 3899
f 3905 3904 4188
f 3897 3881 3898
f 3906 3905 4188
f 3896 3881 3897
f 3907 3906 4188
f 3908 3907 4188
f 3909 3908 4188
f 4189 3909 4188
f 4189 3910 3909
f 3911 3910 4189
f 3882 3881 3896
f 3882 3892 3891
f 3882 3893 3892
f 3882 3894 3893
f 3882 3895 3894
f 3882 3896 3895
f 3855 4197 3854
f 3855 4198 4197
f 3912 3911 4189
f 3890 3882 3891
f 3913 3912 4189
f 3889 3882 3890
f 3888 3882 3889
f 3887 3882 3888
f 3886 3882 3887
f 3865 3884 3883
f 3865 3885 3884
f 3865 3886 3885
f 3865 3914 3913
f 3865 3915 3914
f 3865 3916 3915
f 3865 3917 3916
f 3865 3918 3917
f 3865 3883 3918
f 3865 3913 4189
f 3865 3882 3886
f 3856 4198 3855
f 3983 3982 4198
f 3981 4198 3982
f 3981 4199 4198
f 3984 3983 4198
f 3980 4199 3981
f 3985 3984 4198
f 3985 4198 3856
f 3979 4199 3980
f 3986 3985 3856
f 3978 4199 3979
f 3987 3986 3856
f 3977 4199 3978
f 3988 3987 3856
f 3976 4199 3977
f 3989 3988 3856
f 3975 4199 3976
f 3990 3989 3856
f 3974 4199 3975
f 3973 4199 3974
f 3973 4200 4199
f 3955 3990 3856
f 3972 4200 3973
f 3956 3955 3856
f 3957 3956 3856
f 3971 4200 3972
f 3958 3957 3856
f 3857 3959 3958
f 3857 3960 3959
f 3857 3961 3960
f 3857 3962 3961
f 3857 3963 3962
f 3857 3964 3963
f 3857 3965 3964
f 3857 3966 3965
f 3857 3967 3966
f 3857 3968 3967
f 3857 3958 3856
f 3864 4206 4205
f 3864 4189 4206
f 3864 3865 4189
f 3941 4204 4203
f 3942 3941 4203
f 3940 4204 3941
f 3943 3942 4203
f 3939 4204 3940
f 3944 3943 4203
f 3938 4204 3939
f 3945 3944 4203
f 3858 3969 3968
f 3858 3970 3969
f 3858 3971 3970
f 3858 4200 3971
f 3858 3968 3857
f 3863 3864 4205
f 3937 4204 3938
f 3946 3945 4203
f 3936 4204 3937
f 3947 3946 4203
f 3935 4204 3936
f 3948 3947 4203
f 3948 4203 4202
f 3949 3948 4202
f 3859 4201 4200
f 3859 4202 4201
f 3859 4200 3858
f 3862 3863 4205
f 3862 4204 3935
f 3862 4205 4204
f 3862 3927 3926
f 3862 3928 3927
f 3862 3929 3928
f 3862 3930 3929
f 3862 3931 3930
f 3862 3932 3931
f 3862 3933 3932
f 3862 3934 3933
f 3862 3935 3934
f 3925 3862 3926
f 3860 3950 3949
f 3860 3951 3950
f 3860 3949 4202
f 3860 4202 3859
f 3861 3952 3951
f 3861 3953 3952
f 3861 3954 3953
f 3861 3919 3954
f 3861 3862 3925
f 3861 3951 3860
f 3861 3920 3919
f 3861 3921 3920
f 3861 3922 3921
f 3861 3923 3922
f 3861 3924 3923
f 3861 3925 3924
f 4228 4207 4208
f 4228 4227 4207
f 4229 4208 4209
f 4229 4228 4208
f 4230 4209 4210
f 4230 4210 4211
f 4230 4229 4209
f 4231 4230 4211
f 4232 4211 4212
f 4232 4231 4211
f 4233 4212 4213
f 4233 4213 4214
f 4233 4232 4212
f 4234 4214 4215
f 4234 4233 4214
f 4235 4234 4215
f 4236 4215 4216
f 4236 4216 4217
f 4236 4235 4215
f 4237 4236 4217
f 4238 4217 4218
f 4238 4237 4217
f 4239 4218 4219
f 4239 4219 4220
f 4239 4238 4218
f 4240 4239 4220
f 4241 4220 4221
f 4241 4240 4220
f 4242 4241 4221
f 4242 4221 4222
f 4243 4242 4222
f 4243 4222 4223
f 4244 4243 4223
f 4244 4223 4224
f 4226 4244 4224
f 4226 4224 4225
f 4248 4249 4250
f 4247 4250 4251
f 4247 4248 4250
f 4246 4251 4245
f 4246 4247 4251
f 4252 4254 4253
f 4255 4254 4252
f 4292 4278 4277
f 4258 4259 4260
f 4258 4260 4278
f 4258 4278 4292
f 4257 4258 4292
f 4293 4277 4276
f 4293 4292 4277
f 4256 4257 4292
f 4294 4276 4275
f 4294 4293 4276
f 4295 4275 4274
f 4295 4294 4275
f 4296 4295 4274
f 4273 4296 4274
f 4297 4296 4273
f 4272 4297 4273
f 4291 4297 4272
f 4271 4291 4272
f 4289 4271 4270
f 4289 4290 4291
f 4289 4291 4271
f 4288 4270 4269
f 4288 4289 4270
f 4287 4269 4268
f 4287 4288 4269
f 4286 4268 4267
f 4286 4287 4268
f 4285 4286 4267
f 4285 4267 4266
f 4284 4285 4266
f 4284 4266 4265
f 4283 4265 4264
f 4283 4284 4265
f 4282 4264 4263
f 4282 4283 4264
f 4281 4263 4262
f 4281 4282 4263
f 4280 4262 4261
f 4280 4281 4262
f 4279 4280 4261
f 4310 4299 4298
f 4312 4299 4310
f 4309 4312 4310
f 4313 4312 4309
f 4308 4313 4309
f 4314 4313 4308
f 4307 4314 4308
f 4315 4314 4307
f 4306 4315 4307
f 4316 4315 4306
f 4305 4316 4306
f 4317 4316 4305
f 4304 4317 4305
f 4318 4317 4304
f 4303 4318 4304
f 4319 4318 4303
f 4302 4319 4303
f 4320 4319 4302
f 4301 4320 4302
f 4321 4320 4301
f 4300 4321 4301
f 4311 4321 4300
f 4323 4322 4324
f 4323 4324 4325
f 4326 4327 4328
f 4326 4328 4329
f 4326 4329 4330
f 4326 4330 4331
f 4326 4331 4332
f 4326 4332 4333
f 4326 4333 4334
f 4326 4334 4335
f 4326 4335 4336
f 4326 4336 4337
f 4326 4337 4338
f 4339 4326 4338
f 4340 4326 4339
f 4341 4326 4340
f 4358 4341 4342
f 4358 4342 4343
f 4358 4326 4341
f 4345 4343 4344
f 4345 4358 4343
f 4356 4357 4358
f 4346 4358 4345
f 4355 4356 4358
f 4347 4358 4346
f 4354 4355 4358
f 4348 4358 4347
f 4353 4354 4358
f 4349 4358 4348
f 4352 4353 4358
f 4350 4358 4349
f 4351 4352 4358
f 4351 4358 4350
