# generated by step_to_parts.py -- 4812 verts, 4666 tris
v -0.402191 -0.135464 0.010104
v -0.401669 -0.132824 0.006067
v -0.401258 -0.130748 0.001701
v -0.400967 -0.129276 -0.002913
v -0.401701 -0.135561 0.010104
v -0.391204 -0.137638 0.010104
v -0.390557 -0.134366 0.004891
v -0.390095 -0.132033 -0.000821
v -0.389833 -0.130708 -0.006860
v -0.389778 -0.130431 -0.013042
v -0.389933 -0.131212 -0.019178
v -0.390292 -0.133027 -0.025083
v -0.390844 -0.135820 -0.030578
v -0.391574 -0.139506 -0.035494
v -0.392458 -0.143974 -0.039683
v -0.393469 -0.149087 -0.043018
v -0.394578 -0.154691 -0.045397
v -0.395750 -0.160615 -0.046748
v -0.396950 -0.166679 -0.047029
v -0.398141 -0.172699 -0.046233
v -0.399287 -0.178492 -0.044383
v -0.400354 -0.183882 -0.041536
v -0.401308 -0.188705 -0.037779
v -0.402121 -0.192814 -0.033224
v -0.412617 -0.190738 -0.033224
v -0.406340 -0.159008 -0.046808
v -0.407524 -0.164996 -0.047010
v -0.408698 -0.170930 -0.046163
v -0.409827 -0.176634 -0.044291
v -0.410876 -0.181938 -0.041450
v -0.411816 -0.186686 -0.037724
v -0.398982 -0.160463 -0.046808
v -0.398074 -0.155871 -0.045926
v -0.397196 -0.151436 -0.044424
v -0.396366 -0.147238 -0.042331
v -0.395597 -0.143353 -0.039683
v -0.403445 -0.141800 -0.039683
v -0.402683 -0.137952 -0.036168
v -0.402926 -0.139177 -0.037404
v -0.403180 -0.140461 -0.038577
v -0.394835 -0.139504 -0.036168
v -0.394104 -0.135808 -0.031524
v -0.393535 -0.132930 -0.026313
v -0.393143 -0.130950 -0.020683
v -0.392940 -0.129925 -0.014795
v -0.392932 -0.129884 -0.008815
v -0.393119 -0.130829 -0.002913
v -0.348762 -0.184345 0.000719
v -0.348800 -0.184534 0.000542
v -0.348831 -0.184690 0.000334
v -0.348854 -0.184808 0.000102
v -0.348869 -0.184885 -0.000147
v -0.348876 -0.184918 -0.000407
v -0.348873 -0.184906 -0.000668
v -0.348862 -0.184850 -0.000923
v -0.348843 -0.184751 -0.001164
v -0.348815 -0.184613 -0.001385
v -0.348781 -0.184440 -0.001577
v -0.348741 -0.184236 -0.001736
v -0.348696 -0.184008 -0.001856
v -0.348647 -0.183763 -0.001934
v -0.348597 -0.183509 -0.001968
v -0.348546 -0.183253 -0.001956
v -0.348497 -0.183002 -0.001899
v -0.348450 -0.182766 -0.001798
v -0.348407 -0.182549 -0.001658
v -0.351705 -0.183763 0.000719
v -0.351743 -0.183952 0.000542
v -0.351774 -0.184108 0.000334
v -0.351797 -0.184226 0.000102
v -0.351812 -0.184302 -0.000147
v -0.351819 -0.184335 -0.000407
v -0.351816 -0.184324 -0.000668
v -0.351805 -0.184268 -0.000923
v -0.351786 -0.184169 -0.001164
v -0.351758 -0.184031 -0.001385
v -0.351724 -0.183857 -0.001577
v -0.351684 -0.183653 -0.001736
v -0.351639 -0.183426 -0.001856
v -0.351590 -0.183181 -0.001934
v -0.351540 -0.182927 -0.001968
v -0.351489 -0.182670 -0.001956
v -0.351440 -0.182420 -0.001899
v -0.351393 -0.182183 -0.001798
v -0.351350 -0.181967 -0.001658
v -0.348407 -0.182549 -0.001658
v -0.348370 -0.182361 -0.001481
v -0.348339 -0.182205 -0.001273
v -0.348316 -0.182087 -0.001041
v -0.348300 -0.182010 -0.000791
v -0.348294 -0.181977 -0.000532
v -0.348296 -0.181989 -0.000271
v -0.348307 -0.182045 -0.000016
v -0.348327 -0.182144 0.000226
v -0.348354 -0.182282 0.000446
v -0.348388 -0.182455 0.000639
v -0.348429 -0.182659 0.000797
v -0.348474 -0.182887 0.000918
v -0.348522 -0.183132 0.000996
v -0.348573 -0.183386 0.001029
v -0.348623 -0.183642 0.001018
v -0.348673 -0.183893 0.000960
v -0.348720 -0.184129 0.000860
v -0.348762 -0.184345 0.000719
v -0.351350 -0.181967 -0.001658
v -0.351313 -0.181778 -0.001481
v -0.351282 -0.181623 -0.001273
v -0.351259 -0.181505 -0.001041
v -0.351243 -0.181428 -0.000791
v -0.351237 -0.181395 -0.000532
v -0.351239 -0.181407 -0.000271
v -0.351250 -0.181463 -0.000016
v -0.351270 -0.181561 0.000226
v -0.351297 -0.181699 0.000446
v -0.351331 -0.181873 0.000639
v -0.351372 -0.182077 0.000797
v -0.351417 -0.182305 0.000918
v -0.351465 -0.182549 0.000996
v -0.351516 -0.182804 0.001029
v -0.351566 -0.183060 0.001018
v -0.351616 -0.183310 0.000960
v -0.351663 -0.183547 0.000860
v -0.351705 -0.183763 0.000719
v -0.351705 -0.183763 0.000719
v -0.351743 -0.183952 0.000542
v -0.351774 -0.184108 0.000334
v -0.351797 -0.184226 0.000102
v -0.351812 -0.184302 -0.000147
v -0.351819 -0.184335 -0.000407
v -0.351816 -0.184324 -0.000668
v -0.351805 -0.184268 -0.000923
v -0.351786 -0.184169 -0.001164
v -0.351758 -0.184031 -0.001385
v -0.351724 -0.183857 -0.001577
v -0.351684 -0.183653 -0.001736
v -0.351639 -0.183426 -0.001856
v -0.351590 -0.183181 -0.001934
v -0.351540 -0.182927 -0.001968
v -0.351489 -0.182670 -0.001956
v -0.351440 -0.182420 -0.001899
v -0.351393 -0.182183 -0.001798
v -0.351350 -0.181967 -0.001658
v -0.351313 -0.181778 -0.001481
v -0.351282 -0.181623 -0.001273
v -0.351259 -0.181505 -0.001041
v -0.351243 -0.181428 -0.000791
v -0.351237 -0.181395 -0.000532
v -0.351239 -0.181407 -0.000271
v -0.351250 -0.181463 -0.000016
v -0.351270 -0.181561 0.000226
v -0.351297 -0.181699 0.000446
v -0.351331 -0.181873 0.000639
v -0.351372 -0.182077 0.000797
v -0.351417 -0.182305 0.000918
v -0.351465 -0.182549 0.000996
v -0.351516 -0.182804 0.001029
v -0.351566 -0.183060 0.001018
v -0.351616 -0.183310 0.000960
v -0.351663 -0.183547 0.000860
v -0.348389 -0.167001 -0.021463
v -0.348426 -0.167190 -0.021640
v -0.348457 -0.167345 -0.021847
v -0.348480 -0.167463 -0.022080
v -0.348496 -0.167540 -0.022329
v -0.348502 -0.167573 -0.022588
v -0.348500 -0.167561 -0.022850
v -0.348489 -0.167505 -0.023105
v -0.348469 -0.167407 -0.023346
v -0.348442 -0.167269 -0.023566
v -0.348408 -0.167095 -0.023759
v -0.348367 -0.166891 -0.023918
v -0.348322 -0.166663 -0.024038
v -0.348274 -0.166419 -0.024116
v -0.348223 -0.166164 -0.024150
v -0.348173 -0.165908 -0.024138
v -0.348123 -0.165658 -0.024081
v -0.348076 -0.165421 -0.023980
v -0.348034 -0.165205 -0.023839
v -0.347996 -0.165016 -0.023662
v -0.347965 -0.164860 -0.023454
v -0.347942 -0.164742 -0.023222
v -0.347927 -0.164666 -0.022973
v -0.347920 -0.164633 -0.022714
v -0.347923 -0.164644 -0.022452
v -0.347934 -0.164700 -0.022197
v -0.347953 -0.164799 -0.021956
v -0.347981 -0.164937 -0.021736
v -0.348015 -0.165111 -0.021543
v -0.348055 -0.165315 -0.021384
v -0.348100 -0.165542 -0.021264
v -0.348149 -0.165787 -0.021186
v -0.348199 -0.166041 -0.021152
v -0.348250 -0.166298 -0.021164
v -0.348299 -0.166548 -0.021221
v -0.348346 -0.166785 -0.021322
v -0.345446 -0.167583 -0.021463
v -0.345483 -0.167772 -0.021640
v -0.345514 -0.167928 -0.021847
v -0.345538 -0.168046 -0.022080
v -0.345553 -0.168122 -0.022329
v -0.345559 -0.168155 -0.022588
v -0.345557 -0.168144 -0.022850
v -0.345546 -0.168088 -0.023105
v -0.345526 -0.167989 -0.023346
v -0.345499 -0.167851 -0.023566
v -0.345465 -0.167677 -0.023759
v -0.345424 -0.167473 -0.023918
v -0.345379 -0.167246 -0.024038
v -0.345331 -0.167001 -0.024116
v -0.345280 -0.166747 -0.024150
v -0.345230 -0.166490 -0.024138
v -0.345180 -0.166240 -0.024081
v -0.345133 -0.166003 -0.023980
v -0.345091 -0.165787 -0.023839
v -0.348389 -0.167001 -0.021463
v -0.348426 -0.167190 -0.021640
v -0.348457 -0.167345 -0.021847
v -0.348480 -0.167463 -0.022080
v -0.348496 -0.167540 -0.022329
v -0.348502 -0.167573 -0.022588
v -0.348500 -0.167561 -0.022850
v -0.348489 -0.167505 -0.023105
v -0.348469 -0.167407 -0.023346
v -0.348442 -0.167269 -0.023566
v -0.348408 -0.167095 -0.023759
v -0.348367 -0.166891 -0.023918
v -0.348322 -0.166663 -0.024038
v -0.348274 -0.166419 -0.024116
v -0.348223 -0.166164 -0.024150
v -0.348173 -0.165908 -0.024138
v -0.348123 -0.165658 -0.024081
v -0.348076 -0.165421 -0.023980
v -0.348034 -0.165205 -0.023839
v -0.345091 -0.165787 -0.023839
v -0.345053 -0.165598 -0.023662
v -0.345022 -0.165443 -0.023454
v -0.344999 -0.165325 -0.023222
v -0.344984 -0.165248 -0.022973
v -0.344977 -0.165215 -0.022714
v -0.344980 -0.165227 -0.022452
v -0.344991 -0.165283 -0.022197
v -0.345010 -0.165381 -0.021956
v -0.345038 -0.165519 -0.021736
v -0.345072 -0.165693 -0.021543
v -0.345112 -0.165897 -0.021384
v -0.345157 -0.166125 -0.021264
v -0.345206 -0.166369 -0.021186
v -0.345256 -0.166624 -0.021152
v -0.345307 -0.166880 -0.021164
v -0.345356 -0.167130 -0.021221
v -0.345403 -0.167367 -0.021322
v -0.345446 -0.167583 -0.021463
v -0.348034 -0.165205 -0.023839
v -0.347996 -0.165016 -0.023662
v -0.347965 -0.164860 -0.023454
v -0.347942 -0.164742 -0.023222
v -0.347927 -0.164666 -0.022973
v -0.347920 -0.164633 -0.022714
v -0.347923 -0.164644 -0.022452
v -0.347934 -0.164700 -0.022197
v -0.347953 -0.164799 -0.021956
v -0.347981 -0.164937 -0.021736
v -0.348015 -0.165111 -0.021543
v -0.348055 -0.165315 -0.021384
v -0.348100 -0.165542 -0.021264
v -0.348149 -0.165787 -0.021186
v -0.348199 -0.166041 -0.021152
v -0.348250 -0.166298 -0.021164
v -0.348299 -0.166548 -0.021221
v -0.348346 -0.166785 -0.021322
v -0.348389 -0.167001 -0.021463
v -0.352385 -0.161436 -0.004601
v -0.352442 -0.161724 -0.004789
v -0.352504 -0.162040 -0.004923
v -0.352570 -0.162374 -0.004999
v -0.352638 -0.162716 -0.005015
v -0.352705 -0.163055 -0.004970
v -0.352770 -0.163381 -0.004866
v -0.352830 -0.163685 -0.004705
v -0.352884 -0.163956 -0.004494
v -0.352929 -0.164188 -0.004237
v -0.352966 -0.164372 -0.003943
v -0.352992 -0.164504 -0.003621
v -0.353007 -0.164578 -0.003281
v -0.353010 -0.164594 -0.002933
v -0.353001 -0.164550 -0.002587
v -0.352981 -0.164448 -0.002255
v -0.352950 -0.164290 -0.001945
v -0.352909 -0.164083 -0.001668
v -0.352859 -0.163831 -0.001432
v -0.352802 -0.163543 -0.001244
v -0.352739 -0.163227 -0.001110
v -0.352673 -0.162893 -0.001034
v -0.352606 -0.162552 -0.001018
v -0.352539 -0.162213 -0.001063
v -0.352474 -0.161886 -0.001167
v -0.352414 -0.161583 -0.001328
v -0.352360 -0.161311 -0.001539
v -0.352314 -0.161079 -0.001796
v -0.352278 -0.160895 -0.002090
v -0.352252 -0.160764 -0.002411
v -0.352237 -0.160689 -0.002752
v -0.352234 -0.160673 -0.003100
v -0.352243 -0.160717 -0.003446
v -0.352263 -0.160820 -0.003778
v -0.352294 -0.160977 -0.004088
v -0.352335 -0.161185 -0.004365
v -0.345011 -0.165384 -0.001432
v -0.345061 -0.165635 -0.001668
v -0.345102 -0.165843 -0.001945
v -0.345133 -0.166000 -0.002255
v -0.345153 -0.166103 -0.002587
v -0.345162 -0.166147 -0.002933
v -0.345159 -0.166131 -0.003281
v -0.345144 -0.166056 -0.003621
v -0.345118 -0.165925 -0.003943
v -0.345081 -0.165741 -0.004237
v -0.345036 -0.165509 -0.004494
v -0.344982 -0.165237 -0.004705
v -0.344922 -0.164934 -0.004866
v -0.344857 -0.164607 -0.004970
v -0.344790 -0.164268 -0.005015
v -0.344723 -0.163927 -0.004999
v -0.344657 -0.163593 -0.004923
v -0.344594 -0.163277 -0.004789
v -0.344537 -0.162989 -0.004601
v -0.352859 -0.163831 -0.001432
v -0.352385 -0.161436 -0.004601
v -0.352442 -0.161724 -0.004789
v -0.352504 -0.162040 -0.004923
v -0.352570 -0.162374 -0.004999
v -0.352638 -0.162716 -0.005015
v -0.352705 -0.163055 -0.004970
v -0.352770 -0.163381 -0.004866
v -0.352830 -0.163685 -0.004705
v -0.352884 -0.163956 -0.004494
v -0.352929 -0.164188 -0.004237
v -0.352966 -0.164372 -0.003943
v -0.352992 -0.164504 -0.003621
v -0.353007 -0.164578 -0.003281
v -0.353010 -0.164594 -0.002933
v -0.353001 -0.164550 -0.002587
v -0.352981 -0.164448 -0.002255
v -0.352950 -0.164290 -0.001945
v -0.352909 -0.164083 -0.001668
v -0.344537 -0.162989 -0.004601
v -0.344487 -0.162737 -0.004365
v -0.344446 -0.162530 -0.004088
v -0.344415 -0.162372 -0.003778
v -0.344395 -0.162270 -0.003446
v -0.344386 -0.162226 -0.003100
v -0.344389 -0.162242 -0.002752
v -0.344404 -0.162316 -0.002411
v -0.344430 -0.162448 -0.002090
v -0.344466 -0.162632 -0.001796
v -0.344512 -0.162864 -0.001539
v -0.344566 -0.163135 -0.001328
v -0.344626 -0.163439 -0.001167
v -0.344691 -0.163765 -0.001063
v -0.344758 -0.164104 -0.001018
v -0.344825 -0.164446 -0.001034
v -0.344891 -0.164780 -0.001110
v -0.344954 -0.165096 -0.001244
v -0.345011 -0.165384 -0.001432
v -0.352385 -0.161436 -0.004601
v -0.352859 -0.163831 -0.001432
v -0.352802 -0.163543 -0.001244
v -0.352739 -0.163227 -0.001110
v -0.352673 -0.162893 -0.001034
v -0.352606 -0.162552 -0.001018
v -0.352539 -0.162213 -0.001063
v -0.352474 -0.161886 -0.001167
v -0.352414 -0.161583 -0.001328
v -0.352360 -0.161311 -0.001539
v -0.352314 -0.161079 -0.001796
v -0.352278 -0.160895 -0.002090
v -0.352252 -0.160764 -0.002411
v -0.352237 -0.160689 -0.002752
v -0.352234 -0.160673 -0.003100
v -0.352243 -0.160717 -0.003446
v -0.352263 -0.160820 -0.003778
v -0.352294 -0.160977 -0.004088
v -0.352335 -0.161185 -0.004365
v -0.350097 -0.167907 -0.019878
v -0.350397 -0.169419 -0.020865
v -0.350724 -0.171077 -0.021568
v -0.351071 -0.172829 -0.021968
v -0.351426 -0.174623 -0.022051
v -0.351778 -0.176403 -0.021815
v -0.352117 -0.178117 -0.021268
v -0.352433 -0.179711 -0.020426
v -0.352715 -0.181137 -0.019315
v -0.352955 -0.182353 -0.017968
v -0.353147 -0.183320 -0.016426
v -0.353283 -0.184011 -0.014736
v -0.353361 -0.184403 -0.012950
v -0.353377 -0.184484 -0.011122
v -0.353331 -0.184253 -0.009307
v -0.353225 -0.183717 -0.007560
v -0.353062 -0.182891 -0.005935
v -0.352846 -0.181800 -0.004481
v -0.352585 -0.180479 -0.003242
v -0.352285 -0.178966 -0.002256
v -0.351957 -0.177309 -0.001552
v -0.351611 -0.175557 -0.001153
v -0.351256 -0.173763 -0.001069
v -0.350904 -0.171983 -0.001305
v -0.350565 -0.170269 -0.001852
v -0.350249 -0.168675 -0.002694
v -0.349967 -0.167248 -0.003805
v -0.349727 -0.166033 -0.005152
v -0.349535 -0.165065 -0.006694
v -0.349399 -0.164375 -0.008384
v -0.349321 -0.163983 -0.010170
v -0.349305 -0.163902 -0.011998
v -0.349351 -0.164133 -0.013813
v -0.349457 -0.164669 -0.015560
v -0.349620 -0.165495 -0.017185
v -0.349836 -0.166586 -0.018639
v -0.348170 -0.181352 -0.003242
v -0.348432 -0.182674 -0.004481
v -0.348647 -0.183764 -0.005935
v -0.348811 -0.184590 -0.007560
v -0.348917 -0.185127 -0.009307
v -0.348963 -0.185358 -0.011122
v -0.348947 -0.185276 -0.012950
v -0.348869 -0.184884 -0.014736
v -0.348732 -0.184194 -0.016426
v -0.348541 -0.183226 -0.017968
v -0.348301 -0.182011 -0.019315
v -0.348018 -0.180584 -0.020426
v -0.347703 -0.178990 -0.021268
v -0.347364 -0.177277 -0.021815
v -0.347012 -0.175496 -0.022051
v -0.346657 -0.173703 -0.021968
v -0.346310 -0.171950 -0.021568
v -0.345982 -0.170293 -0.020865
v -0.345683 -0.168780 -0.019878
v -0.352585 -0.180479 -0.003242
v -0.350097 -0.167907 -0.019878
v -0.350397 -0.169419 -0.020865
v -0.350724 -0.171077 -0.021568
v -0.351071 -0.172829 -0.021968
v -0.351426 -0.174623 -0.022051
v -0.351778 -0.176403 -0.021815
v -0.352117 -0.178117 -0.021268
v -0.352433 -0.179711 -0.020426
v -0.352715 -0.181137 -0.019315
v -0.352955 -0.182353 -0.017968
v -0.353147 -0.183320 -0.016426
v -0.353283 -0.184011 -0.014736
v -0.353361 -0.184403 -0.012950
v -0.353377 -0.184484 -0.011122
v -0.353331 -0.184253 -0.009307
v -0.353225 -0.183717 -0.007560
v -0.353062 -0.182891 -0.005935
v -0.352846 -0.181800 -0.004481
v -0.345683 -0.168780 -0.019878
v -0.345421 -0.167459 -0.018639
v -0.345206 -0.166369 -0.017185
v -0.345042 -0.165543 -0.015560
v -0.344936 -0.165006 -0.013813
v -0.344890 -0.164775 -0.011998
v -0.344907 -0.164857 -0.010170
v -0.344984 -0.165249 -0.008384
v -0.345121 -0.165939 -0.006694
v -0.345312 -0.166906 -0.005152
v -0.345553 -0.168122 -0.003805
v -0.345835 -0.169548 -0.002694
v -0.346150 -0.171143 -0.001852
v -0.346489 -0.172856 -0.001305
v -0.346841 -0.174636 -0.001069
v -0.347196 -0.176430 -0.001153
v -0.347543 -0.178182 -0.001552
v -0.347871 -0.179840 -0.002256
v -0.348170 -0.181352 -0.003242
v -0.350097 -0.167907 -0.019878
v -0.352585 -0.180479 -0.003242
v -0.352285 -0.178966 -0.002256
v -0.351957 -0.177309 -0.001552
v -0.351611 -0.175557 -0.001153
v -0.351256 -0.173763 -0.001069
v -0.350904 -0.171983 -0.001305
v -0.350565 -0.170269 -0.001852
v -0.350249 -0.168675 -0.002694
v -0.349967 -0.167248 -0.003805
v -0.349727 -0.166033 -0.005152
v -0.349535 -0.165065 -0.006694
v -0.349399 -0.164375 -0.008384
v -0.349321 -0.163983 -0.010170
v -0.349305 -0.163902 -0.011998
v -0.349351 -0.164133 -0.013813
v -0.349457 -0.164669 -0.015560
v -0.349620 -0.165495 -0.017185
v -0.349836 -0.166586 -0.018639
v -0.352410 -0.161563 -0.018742
v -0.352470 -0.161866 -0.018582
v -0.352524 -0.162138 -0.018370
v -0.352570 -0.162370 -0.018114
v -0.352606 -0.162554 -0.017820
v -0.352632 -0.162685 -0.017498
v -0.352647 -0.162760 -0.017158
v -0.352650 -0.162776 -0.016810
v -0.352641 -0.162732 -0.016464
v -0.352621 -0.162629 -0.016131
v -0.352590 -0.162472 -0.015822
v -0.352549 -0.162264 -0.015545
v -0.352499 -0.162013 -0.015309
v -0.352442 -0.161725 -0.015121
v -0.352379 -0.161409 -0.014987
v -0.352313 -0.161075 -0.014911
v -0.352246 -0.160733 -0.014895
v -0.352179 -0.160394 -0.014940
v -0.352114 -0.160068 -0.015044
v -0.352054 -0.159764 -0.015204
v -0.352000 -0.159493 -0.015416
v -0.351955 -0.159261 -0.015673
v -0.351918 -0.159077 -0.015966
v -0.351892 -0.158945 -0.016288
v -0.351877 -0.158871 -0.016628
v -0.351874 -0.158855 -0.016977
v -0.351883 -0.158899 -0.017322
v -0.351903 -0.159001 -0.017655
v -0.351934 -0.159159 -0.017965
v -0.351975 -0.159366 -0.018242
v -0.352025 -0.159618 -0.018478
v -0.352082 -0.159906 -0.018665
v -0.352145 -0.160222 -0.018800
v -0.352211 -0.160556 -0.018876
v -0.352278 -0.160897 -0.018891
v -0.352345 -0.161236 -0.018847
v -0.344266 -0.161621 -0.015044
v -0.344331 -0.161947 -0.014940
v -0.344398 -0.162286 -0.014895
v -0.344466 -0.162628 -0.014911
v -0.344532 -0.162962 -0.014987
v -0.344594 -0.163277 -0.015121
v -0.344651 -0.163565 -0.015309
v -0.344701 -0.163817 -0.015545
v -0.344742 -0.164025 -0.015822
v -0.344773 -0.164182 -0.016131
v -0.344793 -0.164284 -0.016464
v -0.344802 -0.164328 -0.016810
v -0.344799 -0.164313 -0.017158
v -0.344784 -0.164238 -0.017498
v -0.344758 -0.164107 -0.017820
v -0.344722 -0.163922 -0.018114
v -0.344676 -0.163691 -0.018370
v -0.344622 -0.163419 -0.018582
v -0.344562 -0.163115 -0.018742
v -0.352114 -0.160068 -0.015044
v -0.352410 -0.161563 -0.018742
v -0.352470 -0.161866 -0.018582
v -0.352524 -0.162138 -0.018370
v -0.352570 -0.162370 -0.018114
v -0.352606 -0.162554 -0.017820
v -0.352632 -0.162685 -0.017498
v -0.352647 -0.162760 -0.017158
v -0.352650 -0.162776 -0.016810
v -0.352641 -0.162732 -0.016464
v -0.352621 -0.162629 -0.016131
v -0.352590 -0.162472 -0.015822
v -0.352549 -0.162264 -0.015545
v -0.352499 -0.162013 -0.015309
v -0.352442 -0.161725 -0.015121
v -0.352379 -0.161409 -0.014987
v -0.352313 -0.161075 -0.014911
v -0.352246 -0.160733 -0.014895
v -0.352179 -0.160394 -0.014940
v -0.344562 -0.163115 -0.018742
v -0.344497 -0.162789 -0.018847
v -0.344430 -0.162450 -0.018891
v -0.344363 -0.162108 -0.018876
v -0.344297 -0.161775 -0.018800
v -0.344234 -0.161459 -0.018665
v -0.344177 -0.161171 -0.018478
v -0.344128 -0.160919 -0.018242
v -0.344086 -0.160711 -0.017965
v -0.344055 -0.160554 -0.017655
v -0.344035 -0.160452 -0.017322
v -0.344026 -0.160408 -0.016977
v -0.344029 -0.160423 -0.016628
v -0.344044 -0.160498 -0.016288
v -0.344070 -0.160629 -0.015966
v -0.344107 -0.160814 -0.015673
v -0.344152 -0.161045 -0.015416
v -0.344206 -0.161317 -0.015204
v -0.344266 -0.161621 -0.015044
v -0.352410 -0.161563 -0.018742
v -0.352114 -0.160068 -0.015044
v -0.352054 -0.159764 -0.015204
v -0.352000 -0.159493 -0.015416
v -0.351955 -0.159261 -0.015673
v -0.351918 -0.159077 -0.015966
v -0.351892 -0.158945 -0.016288
v -0.351877 -0.158871 -0.016628
v -0.351874 -0.158855 -0.016977
v -0.351883 -0.158899 -0.017322
v -0.351903 -0.159001 -0.017655
v -0.351934 -0.159159 -0.017965
v -0.351975 -0.159366 -0.018242
v -0.352025 -0.159618 -0.018478
v -0.352082 -0.159906 -0.018665
v -0.352145 -0.160222 -0.018800
v -0.352211 -0.160556 -0.018876
v -0.352278 -0.160897 -0.018891
v -0.352345 -0.161236 -0.018847
v -0.354799 -0.173640 -0.025702
v -0.354802 -0.173656 -0.025353
v -0.354794 -0.173612 -0.025008
v -0.354774 -0.173509 -0.024675
v -0.354742 -0.173352 -0.024365
v -0.354701 -0.173144 -0.024088
v -0.354652 -0.172893 -0.023852
v -0.354595 -0.172604 -0.023665
v -0.354532 -0.172289 -0.023531
v -0.354466 -0.171955 -0.023454
v -0.354398 -0.171613 -0.023439
v -0.354331 -0.171274 -0.023483
v -0.354267 -0.170948 -0.023588
v -0.354207 -0.170644 -0.023748
v -0.354153 -0.170373 -0.023960
v -0.354107 -0.170141 -0.024216
v -0.354071 -0.169957 -0.024510
v -0.354045 -0.169825 -0.024832
v -0.354030 -0.169751 -0.025172
v -0.354027 -0.169735 -0.025520
v -0.354036 -0.169779 -0.025866
v -0.354056 -0.169881 -0.026199
v -0.354087 -0.170039 -0.026508
v -0.354128 -0.170246 -0.026785
v -0.354178 -0.170498 -0.027021
v -0.354235 -0.170786 -0.027209
v -0.354297 -0.171102 -0.027343
v -0.354363 -0.171435 -0.027419
v -0.354431 -0.171777 -0.027435
v -0.354498 -0.172116 -0.027390
v -0.354563 -0.172443 -0.027286
v -0.354623 -0.172746 -0.027126
v -0.354676 -0.173018 -0.026914
v -0.354722 -0.173250 -0.026657
v -0.354759 -0.173434 -0.026364
v -0.354785 -0.173565 -0.026042
v -0.346182 -0.171303 -0.025172
v -0.346197 -0.171378 -0.024832
v -0.346223 -0.171509 -0.024510
v -0.346259 -0.171694 -0.024216
v -0.346305 -0.171925 -0.023960
v -0.346359 -0.172197 -0.023748
v -0.346419 -0.172501 -0.023588
v -0.346483 -0.172827 -0.023483
v -0.346551 -0.173166 -0.023439
v -0.346618 -0.173508 -0.023454
v -0.346684 -0.173841 -0.023531
v -0.346747 -0.174157 -0.023665
v -0.346804 -0.174445 -0.023852
v -0.346853 -0.174697 -0.024088
v -0.346895 -0.174905 -0.024365
v -0.346926 -0.175062 -0.024675
v -0.346946 -0.175164 -0.025008
v -0.346955 -0.175208 -0.025353
v -0.346952 -0.175193 -0.025702
v -0.354030 -0.169751 -0.025172
v -0.354799 -0.173640 -0.025702
v -0.354802 -0.173656 -0.025353
v -0.354794 -0.173612 -0.025008
v -0.354774 -0.173509 -0.024675
v -0.354742 -0.173352 -0.024365
v -0.354701 -0.173144 -0.024088
v -0.354652 -0.172893 -0.023852
v -0.354595 -0.172604 -0.023665
v -0.354532 -0.172289 -0.023531
v -0.354466 -0.171955 -0.023454
v -0.354398 -0.171613 -0.023439
v -0.354331 -0.171274 -0.023483
v -0.354267 -0.170948 -0.023588
v -0.354207 -0.170644 -0.023748
v -0.354153 -0.170373 -0.023960
v -0.354107 -0.170141 -0.024216
v -0.354071 -0.169957 -0.024510
v -0.354045 -0.169825 -0.024832
v -0.346952 -0.175193 -0.025702
v -0.346937 -0.175118 -0.026042
v -0.346911 -0.174987 -0.026364
v -0.346874 -0.174802 -0.026657
v -0.346828 -0.174571 -0.026914
v -0.346775 -0.174299 -0.027126
v -0.346715 -0.173995 -0.027286
v -0.346650 -0.173669 -0.027390
v -0.346583 -0.173330 -0.027435
v -0.346515 -0.172988 -0.027419
v -0.346449 -0.172654 -0.027343
v -0.346387 -0.172339 -0.027209
v -0.346330 -0.172051 -0.027021
v -0.346280 -0.171799 -0.026785
v -0.346239 -0.171591 -0.026508
v -0.346208 -0.171434 -0.026199
v -0.346188 -0.171332 -0.025866
v -0.346179 -0.171288 -0.025520
v -0.346182 -0.171303 -0.025172
v -0.354799 -0.173640 -0.025702
v -0.354030 -0.169751 -0.025172
v -0.354027 -0.169735 -0.025520
v -0.354036 -0.169779 -0.025866
v -0.354056 -0.169881 -0.026199
v -0.354087 -0.170039 -0.026508
v -0.354128 -0.170246 -0.026785
v -0.354178 -0.170498 -0.027021
v -0.354235 -0.170786 -0.027209
v -0.354297 -0.171102 -0.027343
v -0.354363 -0.171435 -0.027419
v -0.354431 -0.171777 -0.027435
v -0.354498 -0.172116 -0.027390
v -0.354563 -0.172443 -0.027286
v -0.354623 -0.172746 -0.027126
v -0.354676 -0.173018 -0.026914
v -0.354722 -0.173250 -0.026657
v -0.354759 -0.173434 -0.026364
v -0.354785 -0.173565 -0.026042
v -0.357164 -0.185591 -0.018519
v -0.357107 -0.185303 -0.018331
v -0.357044 -0.184987 -0.018197
v -0.356978 -0.184653 -0.018121
v -0.356911 -0.184312 -0.018105
v -0.356844 -0.183972 -0.018150
v -0.356779 -0.183646 -0.018255
v -0.356719 -0.183342 -0.018415
v -0.356665 -0.183071 -0.018627
v -0.356619 -0.182839 -0.018883
v -0.356583 -0.182655 -0.019177
v -0.356557 -0.182523 -0.019499
v -0.356542 -0.182449 -0.019839
v -0.356539 -0.182433 -0.020187
v -0.356548 -0.182477 -0.020533
v -0.356568 -0.182579 -0.020866
v -0.356599 -0.182737 -0.021175
v -0.356640 -0.182945 -0.021452
v -0.356690 -0.183196 -0.021688
v -0.356747 -0.183484 -0.021876
v -0.356810 -0.183800 -0.022010
v -0.356876 -0.184134 -0.022086
v -0.356943 -0.184475 -0.022102
v -0.357010 -0.184815 -0.022057
v -0.357075 -0.185141 -0.021953
v -0.357135 -0.185445 -0.021793
v -0.357189 -0.185716 -0.021581
v -0.357235 -0.185948 -0.021324
v -0.357271 -0.186132 -0.021031
v -0.357297 -0.186264 -0.020709
v -0.357312 -0.186338 -0.020369
v -0.357315 -0.186354 -0.020020
v -0.357306 -0.186310 -0.019675
v -0.357286 -0.186208 -0.019342
v -0.357255 -0.186050 -0.019032
v -0.357214 -0.185843 -0.018755
v -0.348842 -0.184749 -0.021688
v -0.348792 -0.184497 -0.021452
v -0.348751 -0.184290 -0.021175
v -0.348720 -0.184132 -0.020866
v -0.348700 -0.184030 -0.020533
v -0.348691 -0.183986 -0.020187
v -0.348694 -0.184002 -0.019839
v -0.348709 -0.184076 -0.019499
v -0.348735 -0.184208 -0.019177
v -0.348772 -0.184392 -0.018883
v -0.348817 -0.184623 -0.018627
v -0.348871 -0.184895 -0.018415
v -0.348931 -0.185199 -0.018255
v -0.348996 -0.185525 -0.018150
v -0.349063 -0.185864 -0.018105
v -0.349131 -0.186206 -0.018121
v -0.349197 -0.186540 -0.018197
v -0.349259 -0.186855 -0.018331
v -0.349316 -0.187144 -0.018519
v -0.356690 -0.183196 -0.021688
v -0.357164 -0.185591 -0.018519
v -0.357107 -0.185303 -0.018331
v -0.357044 -0.184987 -0.018197
v -0.356978 -0.184653 -0.018121
v -0.356911 -0.184312 -0.018105
v -0.356844 -0.183972 -0.018150
v -0.356779 -0.183646 -0.018255
v -0.356719 -0.183342 -0.018415
v -0.356665 -0.183071 -0.018627
v -0.356619 -0.182839 -0.018883
v -0.356583 -0.182655 -0.019177
v -0.356557 -0.182523 -0.019499
v -0.356542 -0.182449 -0.019839
v -0.356539 -0.182433 -0.020187
v -0.356548 -0.182477 -0.020533
v -0.356568 -0.182579 -0.020866
v -0.356599 -0.182737 -0.021175
v -0.356640 -0.182945 -0.021452
v -0.349316 -0.187144 -0.018519
v -0.349366 -0.187395 -0.018755
v -0.349407 -0.187603 -0.019032
v -0.349438 -0.187760 -0.019342
v -0.349458 -0.187862 -0.019675
v -0.349467 -0.187906 -0.020020
v -0.349464 -0.187891 -0.020369
v -0.349449 -0.187816 -0.020709
v -0.349423 -0.187685 -0.021031
v -0.349387 -0.187500 -0.021324
v -0.349341 -0.187269 -0.021581
v -0.349287 -0.186997 -0.021793
v -0.349227 -0.186694 -0.021953
v -0.349162 -0.186367 -0.022057
v -0.349095 -0.186028 -0.022102
v -0.349028 -0.185686 -0.022086
v -0.348962 -0.185353 -0.022010
v -0.348899 -0.185037 -0.021876
v -0.348842 -0.184749 -0.021688
v -0.357164 -0.185591 -0.018519
v -0.356690 -0.183196 -0.021688
v -0.356747 -0.183484 -0.021876
v -0.356810 -0.183800 -0.022010
v -0.356876 -0.184134 -0.022086
v -0.356943 -0.184475 -0.022102
v -0.357010 -0.184815 -0.022057
v -0.357075 -0.185141 -0.021953
v -0.357135 -0.185445 -0.021793
v -0.357189 -0.185716 -0.021581
v -0.357235 -0.185948 -0.021324
v -0.357271 -0.186132 -0.021031
v -0.357297 -0.186264 -0.020709
v -0.357312 -0.186338 -0.020369
v -0.357315 -0.186354 -0.020020
v -0.357306 -0.186310 -0.019675
v -0.357286 -0.186208 -0.019342
v -0.357255 -0.186050 -0.019032
v -0.357214 -0.185843 -0.018755
v -0.357139 -0.185464 -0.004378
v -0.357079 -0.185161 -0.004538
v -0.357025 -0.184889 -0.004750
v -0.356979 -0.184658 -0.005006
v -0.356943 -0.184473 -0.005300
v -0.356917 -0.184342 -0.005622
v -0.356902 -0.184267 -0.005962
v -0.356899 -0.184252 -0.006310
v -0.356908 -0.184296 -0.006656
v -0.356928 -0.184398 -0.006989
v -0.356959 -0.184555 -0.007298
v -0.357000 -0.184763 -0.007575
v -0.357050 -0.185015 -0.007811
v -0.357107 -0.185303 -0.007999
v -0.357169 -0.185618 -0.008133
v -0.357235 -0.185952 -0.008209
v -0.357303 -0.186294 -0.008225
v -0.357370 -0.186633 -0.008180
v -0.357435 -0.186959 -0.008076
v -0.357495 -0.187263 -0.007916
v -0.357548 -0.187535 -0.007704
v -0.357594 -0.187766 -0.007447
v -0.357631 -0.187950 -0.007154
v -0.357657 -0.188082 -0.006832
v -0.357672 -0.188157 -0.006492
v -0.357675 -0.188172 -0.006144
v -0.357666 -0.188128 -0.005798
v -0.357646 -0.188026 -0.005465
v -0.357615 -0.187869 -0.005156
v -0.357573 -0.187661 -0.004879
v -0.357524 -0.187409 -0.004643
v -0.357467 -0.187121 -0.004455
v -0.357404 -0.186805 -0.004321
v -0.357338 -0.186472 -0.004245
v -0.357271 -0.186130 -0.004229
v -0.357203 -0.185791 -0.004274
v -0.349587 -0.188512 -0.008076
v -0.349522 -0.188186 -0.008180
v -0.349455 -0.187846 -0.008225
v -0.349388 -0.187505 -0.008209
v -0.349321 -0.187171 -0.008133
v -0.349259 -0.186855 -0.007999
v -0.349202 -0.186567 -0.007811
v -0.349152 -0.186316 -0.007575
v -0.349111 -0.186108 -0.007298
v -0.349080 -0.185951 -0.006989
v -0.349060 -0.185848 -0.006656
v -0.349051 -0.185804 -0.006310
v -0.349054 -0.185820 -0.005962
v -0.349069 -0.185895 -0.005622
v -0.349095 -0.186026 -0.005300
v -0.349131 -0.186210 -0.005006
v -0.349177 -0.186442 -0.004750
v -0.349231 -0.186714 -0.004538
v -0.349291 -0.187017 -0.004378
v -0.357435 -0.186959 -0.008076
v -0.357139 -0.185464 -0.004378
v -0.357079 -0.185161 -0.004538
v -0.357025 -0.184889 -0.004750
v -0.356979 -0.184658 -0.005006
v -0.356943 -0.184473 -0.005300
v -0.356917 -0.184342 -0.005622
v -0.356902 -0.184267 -0.005962
v -0.356899 -0.184252 -0.006310
v -0.356908 -0.184296 -0.006656
v -0.356928 -0.184398 -0.006989
v -0.356959 -0.184555 -0.007298
v -0.357000 -0.184763 -0.007575
v -0.357050 -0.185015 -0.007811
v -0.357107 -0.185303 -0.007999
v -0.357169 -0.185618 -0.008133
v -0.357235 -0.185952 -0.008209
v -0.357303 -0.186294 -0.008225
v -0.357370 -0.186633 -0.008180
v -0.349291 -0.187017 -0.004378
v -0.349356 -0.187344 -0.004274
v -0.349423 -0.187683 -0.004229
v -0.349490 -0.188024 -0.004245
v -0.349556 -0.188358 -0.004321
v -0.349619 -0.188674 -0.004455
v -0.349676 -0.188962 -0.004643
v -0.349726 -0.189214 -0.004879
v -0.349767 -0.189421 -0.005156
v -0.349798 -0.189579 -0.005465
v -0.349818 -0.189681 -0.005798
v -0.349827 -0.189725 -0.006144
v -0.349824 -0.189709 -0.006492
v -0.349809 -0.189635 -0.006832
v -0.349783 -0.189503 -0.007154
v -0.349746 -0.189319 -0.007447
v -0.349701 -0.189087 -0.007704
v -0.349647 -0.188816 -0.007916
v -0.349587 -0.188512 -0.008076
v -0.357139 -0.185464 -0.004378
v -0.357435 -0.186959 -0.008076
v -0.357495 -0.187263 -0.007916
v -0.357548 -0.187535 -0.007704
v -0.357594 -0.187766 -0.007447
v -0.357631 -0.187950 -0.007154
v -0.357657 -0.188082 -0.006832
v -0.357672 -0.188157 -0.006492
v -0.357675 -0.188172 -0.006144
v -0.357666 -0.188128 -0.005798
v -0.357646 -0.188026 -0.005465
v -0.357615 -0.187869 -0.005156
v -0.357573 -0.187661 -0.004879
v -0.357524 -0.187409 -0.004643
v -0.357467 -0.187121 -0.004455
v -0.357404 -0.186805 -0.004321
v -0.357338 -0.186472 -0.004245
v -0.357271 -0.186130 -0.004229
v -0.357203 -0.185791 -0.004274
v -0.354749 -0.173387 0.002581
v -0.354746 -0.173372 0.002233
v -0.354755 -0.173416 0.001887
v -0.354775 -0.173518 0.001555
v -0.354806 -0.173675 0.001245
v -0.354847 -0.173883 0.000968
v -0.354897 -0.174135 0.000732
v -0.354954 -0.174423 0.000544
v -0.355017 -0.174738 0.000410
v -0.355083 -0.175072 0.000334
v -0.355150 -0.175414 0.000318
v -0.355217 -0.175753 0.000363
v -0.355282 -0.176079 0.000467
v -0.355342 -0.176383 0.000628
v -0.355396 -0.176655 0.000840
v -0.355442 -0.176886 0.001096
v -0.355478 -0.177071 0.001390
v -0.355504 -0.177202 0.001712
v -0.355519 -0.177277 0.002052
v -0.355522 -0.177292 0.002400
v -0.355513 -0.177248 0.002746
v -0.355493 -0.177146 0.003079
v -0.355462 -0.176989 0.003388
v -0.355421 -0.176781 0.003665
v -0.355371 -0.176529 0.003901
v -0.355314 -0.176241 0.004089
v -0.355252 -0.175925 0.004223
v -0.355186 -0.175592 0.004299
v -0.355118 -0.175250 0.004315
v -0.355051 -0.174911 0.004270
v -0.354986 -0.174585 0.004166
v -0.354926 -0.174281 0.004005
v -0.354872 -0.174009 0.003794
v -0.354827 -0.173778 0.003537
v -0.354790 -0.173593 0.003244
v -0.354764 -0.173462 0.002922
v -0.347671 -0.178829 0.002052
v -0.347656 -0.178755 0.001712
v -0.347630 -0.178623 0.001390
v -0.347594 -0.178439 0.001096
v -0.347548 -0.178207 0.000840
v -0.347494 -0.177936 0.000628
v -0.347434 -0.177632 0.000467
v -0.347370 -0.177306 0.000363
v -0.347303 -0.176967 0.000318
v -0.347235 -0.176625 0.000334
v -0.347169 -0.176291 0.000410
v -0.347106 -0.175975 0.000544
v -0.347049 -0.175687 0.000732
v -0.347000 -0.175436 0.000968
v -0.346959 -0.175228 0.001245
v -0.346927 -0.175071 0.001555
v -0.346907 -0.174968 0.001887
v -0.346898 -0.174924 0.002233
v -0.346902 -0.174940 0.002581
v -0.355519 -0.177277 0.002052
v -0.354749 -0.173387 0.002581
v -0.354746 -0.173372 0.002233
v -0.354755 -0.173416 0.001887
v -0.354775 -0.173518 0.001555
v -0.354806 -0.173675 0.001245
v -0.354847 -0.173883 0.000968
v -0.354897 -0.174135 0.000732
v -0.354954 -0.174423 0.000544
v -0.355017 -0.174738 0.000410
v -0.355083 -0.175072 0.000334
v -0.355150 -0.175414 0.000318
v -0.355217 -0.175753 0.000363
v -0.355282 -0.176079 0.000467
v -0.355342 -0.176383 0.000628
v -0.355396 -0.176655 0.000840
v -0.355442 -0.176886 0.001096
v -0.355478 -0.177071 0.001390
v -0.355504 -0.177202 0.001712
v -0.346902 -0.174940 0.002581
v -0.346916 -0.175015 0.002922
v -0.346942 -0.175146 0.003244
v -0.346979 -0.175330 0.003537
v -0.347025 -0.175562 0.003794
v -0.347078 -0.175834 0.004005
v -0.347138 -0.176137 0.004166
v -0.347203 -0.176464 0.004270
v -0.347270 -0.176803 0.004315
v -0.347338 -0.177144 0.004299
v -0.347404 -0.177478 0.004223
v -0.347466 -0.177794 0.004089
v -0.347523 -0.178082 0.003901
v -0.347573 -0.178334 0.003665
v -0.347614 -0.178541 0.003388
v -0.347645 -0.178699 0.003079
v -0.347665 -0.178801 0.002746
v -0.347674 -0.178845 0.002400
v -0.347671 -0.178829 0.002052
v -0.354749 -0.173387 0.002581
v -0.355519 -0.177277 0.002052
v -0.355522 -0.177292 0.002400
v -0.355513 -0.177248 0.002746
v -0.355493 -0.177146 0.003079
v -0.355462 -0.176989 0.003388
v -0.355421 -0.176781 0.003665
v -0.355371 -0.176529 0.003901
v -0.355314 -0.176241 0.004089
v -0.355252 -0.175925 0.004223
v -0.355186 -0.175592 0.004299
v -0.355118 -0.175250 0.004315
v -0.355051 -0.174911 0.004270
v -0.354986 -0.174585 0.004166
v -0.354926 -0.174281 0.004005
v -0.354872 -0.174009 0.003794
v -0.354827 -0.173778 0.003537
v -0.354790 -0.173593 0.003244
v -0.354764 -0.173462 0.002922
v -0.349540 -0.188278 -0.021935
v -0.349850 -0.189844 -0.019438
v -0.350071 -0.190962 -0.016703
v -0.350197 -0.191596 -0.013811
v -0.350223 -0.191729 -0.010851
v -0.350149 -0.191355 -0.007912
v -0.349977 -0.190486 -0.005084
v -0.349713 -0.189148 -0.002453
v -0.349363 -0.187383 -0.000099
v -0.348940 -0.185243 0.001907
v -0.348456 -0.182795 0.003504
v -0.347925 -0.180111 0.004643
v -0.347363 -0.177274 0.005290
v -0.346789 -0.174370 0.005425
v -0.346218 -0.171488 0.005044
v -0.345670 -0.168714 0.004158
v -0.345159 -0.166132 0.002795
v -0.344702 -0.163823 0.000995
v -0.344313 -0.161855 -0.001186
v -0.344003 -0.160288 -0.003682
v -0.343782 -0.159171 -0.006417
v -0.343656 -0.158536 -0.009309
v -0.343630 -0.158404 -0.012270
v -0.343704 -0.158778 -0.015208
v -0.343876 -0.159647 -0.018036
v -0.344140 -0.160984 -0.020667
v -0.344490 -0.162750 -0.023021
v -0.344913 -0.164889 -0.025028
v -0.345397 -0.167338 -0.026624
v -0.345928 -0.170021 -0.027764
v -0.346490 -0.172858 -0.028410
v -0.347064 -0.175762 -0.028545
v -0.347635 -0.178645 -0.028164
v -0.348183 -0.181419 -0.027278
v -0.348694 -0.184000 -0.025915
v -0.349151 -0.186310 -0.024115
v -0.348762 -0.184345 0.000719
v -0.348800 -0.184534 0.000542
v -0.348831 -0.184690 0.000334
v -0.348854 -0.184808 0.000102
v -0.348869 -0.184885 -0.000147
v -0.348876 -0.184918 -0.000407
v -0.348873 -0.184906 -0.000668
v -0.348862 -0.184850 -0.000923
v -0.348843 -0.184751 -0.001164
v -0.348815 -0.184613 -0.001385
v -0.348781 -0.184440 -0.001577
v -0.348741 -0.184236 -0.001736
v -0.348696 -0.184008 -0.001856
v -0.348647 -0.183763 -0.001934
v -0.348597 -0.183509 -0.001968
v -0.348546 -0.183253 -0.001956
v -0.348497 -0.183002 -0.001899
v -0.348450 -0.182766 -0.001798
v -0.348407 -0.182549 -0.001658
v -0.348370 -0.182361 -0.001481
v -0.348339 -0.182205 -0.001273
v -0.348316 -0.182087 -0.001041
v -0.348300 -0.182010 -0.000791
v -0.348294 -0.181977 -0.000532
v -0.348296 -0.181989 -0.000271
v -0.348307 -0.182045 -0.000016
v -0.348327 -0.182144 0.000226
v -0.348354 -0.182282 0.000446
v -0.348388 -0.182455 0.000639
v -0.348429 -0.182659 0.000797
v -0.348474 -0.182887 0.000918
v -0.348522 -0.183132 0.000996
v -0.348573 -0.183386 0.001029
v -0.348623 -0.183642 0.001018
v -0.348673 -0.183893 0.000960
v -0.348720 -0.184129 0.000860
v -0.345446 -0.167583 -0.021463
v -0.345483 -0.167772 -0.021640
v -0.345514 -0.167928 -0.021847
v -0.345538 -0.168046 -0.022080
v -0.345553 -0.168122 -0.022329
v -0.345559 -0.168155 -0.022588
v -0.345557 -0.168144 -0.022850
v -0.345546 -0.168088 -0.023105
v -0.345526 -0.167989 -0.023346
v -0.345499 -0.167851 -0.023566
v -0.345465 -0.167677 -0.023759
v -0.345424 -0.167473 -0.023918
v -0.345379 -0.167246 -0.024038
v -0.345331 -0.167001 -0.024116
v -0.345280 -0.166747 -0.024150
v -0.345230 -0.166490 -0.024138
v -0.345180 -0.166240 -0.024081
v -0.345133 -0.166003 -0.023980
v -0.345091 -0.165787 -0.023839
v -0.345053 -0.165598 -0.023662
v -0.345022 -0.165443 -0.023454
v -0.344999 -0.165325 -0.023222
v -0.344984 -0.165248 -0.022973
v -0.344977 -0.165215 -0.022714
v -0.344980 -0.165227 -0.022452
v -0.344991 -0.165283 -0.022197
v -0.345010 -0.165381 -0.021956
v -0.345038 -0.165519 -0.021736
v -0.345072 -0.165693 -0.021543
v -0.345112 -0.165897 -0.021384
v -0.345157 -0.166125 -0.021264
v -0.345206 -0.166369 -0.021186
v -0.345256 -0.166624 -0.021152
v -0.345307 -0.166880 -0.021164
v -0.345356 -0.167130 -0.021221
v -0.345403 -0.167367 -0.021322
v -0.345011 -0.165384 -0.001432
v -0.345061 -0.165635 -0.001668
v -0.345102 -0.165843 -0.001945
v -0.345133 -0.166000 -0.002255
v -0.345153 -0.166103 -0.002587
v -0.345162 -0.166147 -0.002933
v -0.345159 -0.166131 -0.003281
v -0.345144 -0.166056 -0.003621
v -0.345118 -0.165925 -0.003943
v -0.345081 -0.165741 -0.004237
v -0.345036 -0.165509 -0.004494
v -0.344982 -0.165237 -0.004705
v -0.344922 -0.164934 -0.004866
v -0.344857 -0.164607 -0.004970
v -0.344790 -0.164268 -0.005015
v -0.344723 -0.163927 -0.004999
v -0.344657 -0.163593 -0.004923
v -0.344594 -0.163277 -0.004789
v -0.344537 -0.162989 -0.004601
v -0.344487 -0.162737 -0.004365
v -0.344446 -0.162530 -0.004088
v -0.344415 -0.162372 -0.003778
v -0.344395 -0.162270 -0.003446
v -0.344386 -0.162226 -0.003100
v -0.344389 -0.162242 -0.002752
v -0.344404 -0.162316 -0.002411
v -0.344430 -0.162448 -0.002090
v -0.344466 -0.162632 -0.001796
v -0.344512 -0.162864 -0.001539
v -0.344566 -0.163135 -0.001328
v -0.344626 -0.163439 -0.001167
v -0.344691 -0.163765 -0.001063
v -0.344758 -0.164104 -0.001018
v -0.344825 -0.164446 -0.001034
v -0.344891 -0.164780 -0.001110
v -0.344954 -0.165096 -0.001244
v -0.348170 -0.181352 -0.003242
v -0.348432 -0.182674 -0.004481
v -0.348647 -0.183764 -0.005935
v -0.348811 -0.184590 -0.007560
v -0.348917 -0.185127 -0.009307
v -0.348963 -0.185358 -0.011122
v -0.348947 -0.185276 -0.012950
v -0.348869 -0.184884 -0.014736
v -0.348732 -0.184194 -0.016426
v -0.348541 -0.183226 -0.017968
v -0.348301 -0.182011 -0.019315
v -0.348018 -0.180584 -0.020426
v -0.347703 -0.178990 -0.021268
v -0.347364 -0.177277 -0.021815
v -0.347012 -0.175496 -0.022051
v -0.346657 -0.173703 -0.021968
v -0.346310 -0.171950 -0.021568
v -0.345982 -0.170293 -0.020865
v -0.345683 -0.168780 -0.019878
v -0.345421 -0.167459 -0.018639
v -0.345206 -0.166369 -0.017185
v -0.345042 -0.165543 -0.015560
v -0.344936 -0.165006 -0.013813
v -0.344890 -0.164775 -0.011998
v -0.344907 -0.164857 -0.010170
v -0.344984 -0.165249 -0.008384
v -0.345121 -0.165939 -0.006694
v -0.345312 -0.166906 -0.005152
v -0.345553 -0.168122 -0.003805
v -0.345835 -0.169548 -0.002694
v -0.346150 -0.171143 -0.001852
v -0.346489 -0.172856 -0.001305
v -0.346841 -0.174636 -0.001069
v -0.347196 -0.176430 -0.001153
v -0.347543 -0.178182 -0.001552
v -0.347871 -0.179840 -0.002256
v -0.344266 -0.161621 -0.015044
v -0.344331 -0.161947 -0.014940
v -0.344398 -0.162286 -0.014895
v -0.344466 -0.162628 -0.014911
v -0.344532 -0.162962 -0.014987
v -0.344594 -0.163277 -0.015121
v -0.344651 -0.163565 -0.015309
v -0.344701 -0.163817 -0.015545
v -0.344742 -0.164025 -0.015822
v -0.344773 -0.164182 -0.016131
v -0.344793 -0.164284 -0.016464
v -0.344802 -0.164328 -0.016810
v -0.344799 -0.164313 -0.017158
v -0.344784 -0.164238 -0.017498
v -0.344758 -0.164107 -0.017820
v -0.344722 -0.163922 -0.018114
v -0.344676 -0.163691 -0.018370
v -0.344622 -0.163419 -0.018582
v -0.344562 -0.163115 -0.018742
v -0.344497 -0.162789 -0.018847
v -0.344430 -0.162450 -0.018891
v -0.344363 -0.162108 -0.018876
v -0.344297 -0.161775 -0.018800
v -0.344234 -0.161459 -0.018665
v -0.344177 -0.161171 -0.018478
v -0.344128 -0.160919 -0.018242
v -0.344086 -0.160711 -0.017965
v -0.344055 -0.160554 -0.017655
v -0.344035 -0.160452 -0.017322
v -0.344026 -0.160408 -0.016977
v -0.344029 -0.160423 -0.016628
v -0.344044 -0.160498 -0.016288
v -0.344070 -0.160629 -0.015966
v -0.344107 -0.160814 -0.015673
v -0.344152 -0.161045 -0.015416
v -0.344206 -0.161317 -0.015204
v -0.346182 -0.171303 -0.025172
v -0.346197 -0.171378 -0.024832
v -0.346223 -0.171509 -0.024510
v -0.346259 -0.171694 -0.024216
v -0.346305 -0.171925 -0.023960
v -0.346359 -0.172197 -0.023748
v -0.346419 -0.172501 -0.023588
v -0.346483 -0.172827 -0.023483
v -0.346551 -0.173166 -0.023439
v -0.346618 -0.173508 -0.023454
v -0.346684 -0.173841 -0.023531
v -0.346747 -0.174157 -0.023665
v -0.346804 -0.174445 -0.023852
v -0.346853 -0.174697 -0.024088
v -0.346895 -0.174905 -0.024365
v -0.346926 -0.175062 -0.024675
v -0.346946 -0.175164 -0.025008
v -0.346955 -0.175208 -0.025353
v -0.346952 -0.175193 -0.025702
v -0.346937 -0.175118 -0.026042
v -0.346911 -0.174987 -0.026364
v -0.346874 -0.174802 -0.026657
v -0.346828 -0.174571 -0.026914
v -0.346775 -0.174299 -0.027126
v -0.346715 -0.173995 -0.027286
v -0.346650 -0.173669 -0.027390
v -0.346583 -0.173330 -0.027435
v -0.346515 -0.172988 -0.027419
v -0.346449 -0.172654 -0.027343
v -0.346387 -0.172339 -0.027209
v -0.346330 -0.172051 -0.027021
v -0.346280 -0.171799 -0.026785
v -0.346239 -0.171591 -0.026508
v -0.346208 -0.171434 -0.026199
v -0.346188 -0.171332 -0.025866
v -0.346179 -0.171288 -0.025520
v -0.348842 -0.184749 -0.021688
v -0.348792 -0.184497 -0.021452
v -0.348751 -0.184290 -0.021175
v -0.348720 -0.184132 -0.020866
v -0.348700 -0.184030 -0.020533
v -0.348691 -0.183986 -0.020187
v -0.348694 -0.184002 -0.019839
v -0.348709 -0.184076 -0.019499
v -0.348735 -0.184208 -0.019177
v -0.348772 -0.184392 -0.018883
v -0.348817 -0.184623 -0.018627
v -0.348871 -0.184895 -0.018415
v -0.348931 -0.185199 -0.018255
v -0.348996 -0.185525 -0.018150
v -0.349063 -0.185864 -0.018105
v -0.349131 -0.186206 -0.018121
v -0.349197 -0.186540 -0.018197
v -0.349259 -0.186855 -0.018331
v -0.349316 -0.187144 -0.018519
v -0.349366 -0.187395 -0.018755
v -0.349407 -0.187603 -0.019032
v -0.349438 -0.187760 -0.019342
v -0.349458 -0.187862 -0.019675
v -0.349467 -0.187906 -0.020020
v -0.349464 -0.187891 -0.020369
v -0.349449 -0.187816 -0.020709
v -0.349423 -0.187685 -0.021031
v -0.349387 -0.187500 -0.021324
v -0.349341 -0.187269 -0.021581
v -0.349287 -0.186997 -0.021793
v -0.349227 -0.186694 -0.021953
v -0.349162 -0.186367 -0.022057
v -0.349095 -0.186028 -0.022102
v -0.349028 -0.185686 -0.022086
v -0.348962 -0.185353 -0.022010
v -0.348899 -0.185037 -0.021876
v -0.349587 -0.188512 -0.008076
v -0.349522 -0.188186 -0.008180
v -0.349455 -0.187846 -0.008225
v -0.349388 -0.187505 -0.008209
v -0.349321 -0.187171 -0.008133
v -0.349259 -0.186855 -0.007999
v -0.349202 -0.186567 -0.007811
v -0.349152 -0.186316 -0.007575
v -0.349111 -0.186108 -0.007298
v -0.349080 -0.185951 -0.006989
v -0.349060 -0.185848 -0.006656
v -0.349051 -0.185804 -0.006310
v -0.349054 -0.185820 -0.005962
v -0.349069 -0.185895 -0.005622
v -0.349095 -0.186026 -0.005300
v -0.349131 -0.186210 -0.005006
v -0.349177 -0.186442 -0.004750
v -0.349231 -0.186714 -0.004538
v -0.349291 -0.187017 -0.004378
v -0.349356 -0.187344 -0.004274
v -0.349423 -0.187683 -0.004229
v -0.349490 -0.188024 -0.004245
v -0.349556 -0.188358 -0.004321
v -0.349619 -0.188674 -0.004455
v -0.349676 -0.188962 -0.004643
v -0.349726 -0.189214 -0.004879
v -0.349767 -0.189421 -0.005156
v -0.349798 -0.189579 -0.005465
v -0.349818 -0.189681 -0.005798
v -0.349827 -0.189725 -0.006144
v -0.349824 -0.189709 -0.006492
v -0.349809 -0.189635 -0.006832
v -0.349783 -0.189503 -0.007154
v -0.349746 -0.189319 -0.007447
v -0.349701 -0.189087 -0.007704
v -0.349647 -0.188816 -0.007916
v -0.347671 -0.178829 0.002052
v -0.347656 -0.178755 0.001712
v -0.347630 -0.178623 0.001390
v -0.347594 -0.178439 0.001096
v -0.347548 -0.178207 0.000840
v -0.347494 -0.177936 0.000628
v -0.347434 -0.177632 0.000467
v -0.347370 -0.177306 0.000363
v -0.347303 -0.176967 0.000318
v -0.347235 -0.176625 0.000334
v -0.347169 -0.176291 0.000410
v -0.347106 -0.175975 0.000544
v -0.347049 -0.175687 0.000732
v -0.347000 -0.175436 0.000968
v -0.346959 -0.175228 0.001245
v -0.346927 -0.175071 0.001555
v -0.346907 -0.174968 0.001887
v -0.346898 -0.174924 0.002233
v -0.346902 -0.174940 0.002581
v -0.346916 -0.175015 0.002922
v -0.346942 -0.175146 0.003244
v -0.346979 -0.175330 0.003537
v -0.347025 -0.175562 0.003794
v -0.347078 -0.175834 0.004005
v -0.347138 -0.176137 0.004166
v -0.347203 -0.176464 0.004270
v -0.347270 -0.176803 0.004315
v -0.347338 -0.177144 0.004299
v -0.347404 -0.177478 0.004223
v -0.347466 -0.177794 0.004089
v -0.347523 -0.178082 0.003901
v -0.347573 -0.178334 0.003665
v -0.347614 -0.178541 0.003388
v -0.347645 -0.178699 0.003079
v -0.347665 -0.178801 0.002746
v -0.347674 -0.178845 0.002400
v -0.350629 -0.188628 -0.022362
v -0.350224 -0.186579 -0.024632
v -0.349748 -0.184174 -0.026506
v -0.349216 -0.181487 -0.027926
v -0.348645 -0.178598 -0.028848
v -0.348051 -0.175597 -0.029245
v -0.347453 -0.172573 -0.029104
v -0.346868 -0.169620 -0.028431
v -0.346316 -0.166826 -0.027245
v -0.345811 -0.164276 -0.025582
v -0.345370 -0.162048 -0.023493
v -0.345007 -0.160210 -0.021042
v -0.344731 -0.158818 -0.018303
v -0.344552 -0.157913 -0.015358
v -0.344475 -0.157524 -0.012299
v -0.344502 -0.157662 -0.009217
v -0.344633 -0.158322 -0.006206
v -0.344863 -0.159486 -0.003357
v -0.345186 -0.161117 -0.000759
v -0.357986 -0.187172 -0.022362
v -0.352543 -0.159661 -0.000759
v -0.352221 -0.158030 -0.003357
v -0.351991 -0.156867 -0.006206
v -0.351860 -0.156206 -0.009217
v -0.351833 -0.156068 -0.012299
v -0.351910 -0.156458 -0.015358
v -0.352089 -0.157362 -0.018303
v -0.352364 -0.158755 -0.021042
v -0.352728 -0.160593 -0.023493
v -0.353168 -0.162820 -0.025582
v -0.353673 -0.165370 -0.027245
v -0.354226 -0.168164 -0.028431
v -0.354810 -0.171118 -0.029104
v -0.355408 -0.174141 -0.029245
v -0.356002 -0.177143 -0.028848
v -0.356574 -0.180031 -0.027926
v -0.357105 -0.182718 -0.026506
v -0.357581 -0.185123 -0.024632
v -0.364022 -0.179036 -0.055497
v -0.364011 -0.178981 -0.055242
v -0.363992 -0.178884 -0.055000
v -0.363965 -0.178746 -0.054779
v -0.363931 -0.178573 -0.054586
v -0.363890 -0.178370 -0.054427
v -0.363845 -0.178143 -0.054306
v -0.363797 -0.177898 -0.054226
v -0.363747 -0.177644 -0.054192
v -0.363696 -0.177388 -0.054203
v -0.363646 -0.177137 -0.054259
v -0.363600 -0.176900 -0.054358
v -0.363557 -0.176684 -0.054499
v -0.363519 -0.176494 -0.054675
v -0.363488 -0.176338 -0.054882
v -0.363465 -0.176219 -0.055114
v -0.363449 -0.176141 -0.055363
v -0.363443 -0.176107 -0.055622
v -0.363445 -0.176118 -0.055883
v -0.363456 -0.176173 -0.056139
v -0.363475 -0.176271 -0.056380
v -0.363502 -0.176408 -0.056601
v -0.363536 -0.176581 -0.056794
v -0.363577 -0.176784 -0.056954
v -0.363622 -0.177011 -0.057075
v -0.363670 -0.177256 -0.057154
v -0.363720 -0.177510 -0.057189
v -0.363771 -0.177766 -0.057178
v -0.363820 -0.178017 -0.057122
v -0.363867 -0.178254 -0.057022
v -0.363910 -0.178471 -0.056882
v -0.363948 -0.178660 -0.056706
v -0.363979 -0.178817 -0.056499
v -0.364002 -0.178935 -0.056267
v -0.364018 -0.179013 -0.056018
v -0.364024 -0.179047 -0.055759
v -0.355597 -0.177671 -0.055883
v -0.355595 -0.177660 -0.055622
v -0.355601 -0.177694 -0.055363
v -0.355617 -0.177771 -0.055114
v -0.355640 -0.177890 -0.054882
v -0.355671 -0.178047 -0.054675
v -0.355709 -0.178236 -0.054499
v -0.355752 -0.178453 -0.054358
v -0.355799 -0.178690 -0.054259
v -0.355848 -0.178940 -0.054203
v -0.355899 -0.179197 -0.054192
v -0.355949 -0.179451 -0.054226
v -0.355997 -0.179695 -0.054306
v -0.356042 -0.179923 -0.054427
v -0.356083 -0.180126 -0.054586
v -0.356117 -0.180299 -0.054779
v -0.356144 -0.180436 -0.055000
v -0.356163 -0.180534 -0.055242
v -0.356174 -0.180589 -0.055497
v -0.363445 -0.176118 -0.055883
v -0.364022 -0.179036 -0.055497
v -0.364011 -0.178981 -0.055242
v -0.363992 -0.178884 -0.055000
v -0.363965 -0.178746 -0.054779
v -0.363931 -0.178573 -0.054586
v -0.363890 -0.178370 -0.054427
v -0.363845 -0.178143 -0.054306
v -0.363797 -0.177898 -0.054226
v -0.363747 -0.177644 -0.054192
v -0.363696 -0.177388 -0.054203
v -0.363646 -0.177137 -0.054259
v -0.363600 -0.176900 -0.054358
v -0.363557 -0.176684 -0.054499
v -0.363519 -0.176494 -0.054675
v -0.363488 -0.176338 -0.054882
v -0.363465 -0.176219 -0.055114
v -0.363449 -0.176141 -0.055363
v -0.363443 -0.176107 -0.055622
v -0.356174 -0.180589 -0.055497
v -0.356176 -0.180600 -0.055759
v -0.356170 -0.180566 -0.056018
v -0.356154 -0.180488 -0.056267
v -0.356131 -0.180369 -0.056499
v -0.356100 -0.180213 -0.056706
v -0.356062 -0.180023 -0.056882
v -0.356020 -0.179807 -0.057022
v -0.355973 -0.179570 -0.057122
v -0.355923 -0.179319 -0.057178
v -0.355872 -0.179063 -0.057189
v -0.355822 -0.178809 -0.057154
v -0.355774 -0.178564 -0.057075
v -0.355729 -0.178337 -0.056954
v -0.355688 -0.178134 -0.056794
v -0.355654 -0.177961 -0.056601
v -0.355627 -0.177823 -0.056380
v -0.355608 -0.177726 -0.056139
v -0.355597 -0.177671 -0.055883
v -0.364022 -0.179036 -0.055497
v -0.363445 -0.176118 -0.055883
v -0.363456 -0.176173 -0.056139
v -0.363475 -0.176271 -0.056380
v -0.363502 -0.176408 -0.056601
v -0.363536 -0.176581 -0.056794
v -0.363577 -0.176784 -0.056954
v -0.363622 -0.177011 -0.057075
v -0.363670 -0.177256 -0.057154
v -0.363720 -0.177510 -0.057189
v -0.363771 -0.177766 -0.057178
v -0.363820 -0.178017 -0.057122
v -0.363867 -0.178254 -0.057022
v -0.363910 -0.178471 -0.056882
v -0.363948 -0.178660 -0.056706
v -0.363979 -0.178817 -0.056499
v -0.364002 -0.178935 -0.056267
v -0.364018 -0.179013 -0.056018
v -0.364024 -0.179047 -0.055759
v -0.369642 -0.207441 -0.037528
v -0.369599 -0.207225 -0.037387
v -0.369553 -0.206989 -0.037287
v -0.369503 -0.206738 -0.037230
v -0.369452 -0.206482 -0.037218
v -0.369402 -0.206228 -0.037252
v -0.369354 -0.205983 -0.037330
v -0.369309 -0.205755 -0.037450
v -0.369268 -0.205551 -0.037609
v -0.369234 -0.205378 -0.037801
v -0.369206 -0.205240 -0.038021
v -0.369187 -0.205141 -0.038263
v -0.369176 -0.205085 -0.038518
v -0.369174 -0.205073 -0.038779
v -0.369180 -0.205106 -0.039039
v -0.369195 -0.205183 -0.039288
v -0.369219 -0.205301 -0.039520
v -0.369249 -0.205457 -0.039728
v -0.369287 -0.205646 -0.039905
v -0.369330 -0.205862 -0.040046
v -0.369376 -0.206098 -0.040146
v -0.369426 -0.206349 -0.040203
v -0.369477 -0.206605 -0.040215
v -0.369527 -0.206859 -0.040182
v -0.369575 -0.207104 -0.040104
v -0.369620 -0.207332 -0.039983
v -0.369661 -0.207536 -0.039824
v -0.369695 -0.207709 -0.039632
v -0.369722 -0.207847 -0.039412
v -0.369742 -0.207946 -0.039170
v -0.369753 -0.208002 -0.038915
v -0.369755 -0.208014 -0.038654
v -0.369749 -0.207981 -0.038395
v -0.369734 -0.207904 -0.038145
v -0.369710 -0.207786 -0.037913
v -0.369679 -0.207630 -0.037705
v -0.361439 -0.207198 -0.039905
v -0.361402 -0.207009 -0.039728
v -0.361371 -0.206854 -0.039520
v -0.361347 -0.206736 -0.039288
v -0.361332 -0.206659 -0.039039
v -0.361326 -0.206626 -0.038779
v -0.361328 -0.206638 -0.038518
v -0.361339 -0.206694 -0.038263
v -0.361359 -0.206792 -0.038021
v -0.361386 -0.206931 -0.037801
v -0.361420 -0.207104 -0.037609
v -0.361461 -0.207308 -0.037450
v -0.361506 -0.207536 -0.037330
v -0.361554 -0.207780 -0.037252
v -0.361604 -0.208035 -0.037218
v -0.361655 -0.208291 -0.037230
v -0.361705 -0.208541 -0.037287
v -0.361752 -0.208778 -0.037387
v -0.361794 -0.208994 -0.037528
v -0.369287 -0.205646 -0.039905
v -0.369642 -0.207441 -0.037528
v -0.369599 -0.207225 -0.037387
v -0.369553 -0.206989 -0.037287
v -0.369503 -0.206738 -0.037230
v -0.369452 -0.206482 -0.037218
v -0.369402 -0.206228 -0.037252
v -0.369354 -0.205983 -0.037330
v -0.369309 -0.205755 -0.037450
v -0.369268 -0.205551 -0.037609
v -0.369234 -0.205378 -0.037801
v -0.369206 -0.205240 -0.038021
v -0.369187 -0.205141 -0.038263
v -0.369176 -0.205085 -0.038518
v -0.369174 -0.205073 -0.038779
v -0.369180 -0.205106 -0.039039
v -0.369195 -0.205183 -0.039288
v -0.369219 -0.205301 -0.039520
v -0.369249 -0.205457 -0.039728
v -0.361794 -0.208994 -0.037528
v -0.361832 -0.209183 -0.037705
v -0.361862 -0.209339 -0.037913
v -0.361886 -0.209457 -0.038145
v -0.361901 -0.209533 -0.038395
v -0.361907 -0.209566 -0.038654
v -0.361905 -0.209555 -0.038915
v -0.361894 -0.209499 -0.039170
v -0.361875 -0.209400 -0.039412
v -0.361847 -0.209262 -0.039632
v -0.361813 -0.209088 -0.039824
v -0.361773 -0.208884 -0.039983
v -0.361727 -0.208657 -0.040104
v -0.361679 -0.208412 -0.040182
v -0.361629 -0.208158 -0.040215
v -0.361578 -0.207901 -0.040203
v -0.361529 -0.207651 -0.040146
v -0.361482 -0.207414 -0.040046
v -0.361439 -0.207198 -0.039905
v -0.369642 -0.207441 -0.037528
v -0.369287 -0.205646 -0.039905
v -0.369330 -0.205862 -0.040046
v -0.369376 -0.206098 -0.040146
v -0.369426 -0.206349 -0.040203
v -0.369477 -0.206605 -0.040215
v -0.369527 -0.206859 -0.040182
v -0.369575 -0.207104 -0.040104
v -0.369620 -0.207332 -0.039983
v -0.369661 -0.207536 -0.039824
v -0.369695 -0.207709 -0.039632
v -0.369722 -0.207847 -0.039412
v -0.369742 -0.207946 -0.039170
v -0.369753 -0.208002 -0.038915
v -0.369755 -0.208014 -0.038654
v -0.369749 -0.207981 -0.038395
v -0.369734 -0.207904 -0.038145
v -0.369710 -0.207786 -0.037913
v -0.369679 -0.207630 -0.037705
v -0.371150 -0.215063 -0.004348
v -0.371100 -0.214812 -0.004404
v -0.371053 -0.214575 -0.004503
v -0.371011 -0.214358 -0.004643
v -0.370973 -0.214169 -0.004820
v -0.370942 -0.214012 -0.005027
v -0.370919 -0.213894 -0.005258
v -0.370903 -0.213816 -0.005508
v -0.370897 -0.213782 -0.005767
v -0.370899 -0.213793 -0.006028
v -0.370910 -0.213848 -0.006283
v -0.370929 -0.213945 -0.006525
v -0.370956 -0.214083 -0.006746
v -0.370990 -0.214256 -0.006939
v -0.371031 -0.214459 -0.007099
v -0.371076 -0.214686 -0.007220
v -0.371124 -0.214931 -0.007299
v -0.371174 -0.215185 -0.007333
v -0.371225 -0.215441 -0.007323
v -0.371274 -0.215692 -0.007266
v -0.371321 -0.215929 -0.007167
v -0.371364 -0.216145 -0.007027
v -0.371402 -0.216335 -0.006851
v -0.371433 -0.216491 -0.006643
v -0.371456 -0.216610 -0.006412
v -0.371472 -0.216688 -0.006162
v -0.371478 -0.216722 -0.005903
v -0.371476 -0.216711 -0.005642
v -0.371465 -0.216656 -0.005387
v -0.371446 -0.216558 -0.005145
v -0.371419 -0.216421 -0.004924
v -0.371385 -0.216248 -0.004731
v -0.371344 -0.216045 -0.004571
v -0.371299 -0.215818 -0.004450
v -0.371251 -0.215573 -0.004371
v -0.371201 -0.215319 -0.004337
v -0.363377 -0.216994 -0.007323
v -0.363326 -0.216738 -0.007333
v -0.363276 -0.216483 -0.007299
v -0.363228 -0.216239 -0.007220
v -0.363183 -0.216012 -0.007099
v -0.363142 -0.215808 -0.006939
v -0.363108 -0.215636 -0.006746
v -0.363081 -0.215498 -0.006525
v -0.363062 -0.215400 -0.006283
v -0.363051 -0.215345 -0.006028
v -0.363049 -0.215335 -0.005767
v -0.363055 -0.215369 -0.005508
v -0.363071 -0.215446 -0.005258
v -0.363094 -0.215565 -0.005027
v -0.363125 -0.215722 -0.004820
v -0.363163 -0.215911 -0.004643
v -0.363206 -0.216128 -0.004503
v -0.363253 -0.216365 -0.004404
v -0.363302 -0.216615 -0.004348
v -0.371225 -0.215441 -0.007323
v -0.371150 -0.215063 -0.004348
v -0.371100 -0.214812 -0.004404
v -0.371053 -0.214575 -0.004503
v -0.371011 -0.214358 -0.004643
v -0.370973 -0.214169 -0.004820
v -0.370942 -0.214012 -0.005027
v -0.370919 -0.213894 -0.005258
v -0.370903 -0.213816 -0.005508
v -0.370897 -0.213782 -0.005767
v -0.370899 -0.213793 -0.006028
v -0.370910 -0.213848 -0.006283
v -0.370929 -0.213945 -0.006525
v -0.370956 -0.214083 -0.006746
v -0.370990 -0.214256 -0.006939
v -0.371031 -0.214459 -0.007099
v -0.371076 -0.214686 -0.007220
v -0.371124 -0.214931 -0.007299
v -0.371174 -0.215185 -0.007333
v -0.363302 -0.216615 -0.004348
v -0.363353 -0.216872 -0.004337
v -0.363403 -0.217126 -0.004371
v -0.363451 -0.217370 -0.004450
v -0.363496 -0.217598 -0.004571
v -0.363537 -0.217801 -0.004731
v -0.363571 -0.217974 -0.004924
v -0.363598 -0.218111 -0.005145
v -0.363617 -0.218209 -0.005387
v -0.363628 -0.218264 -0.005642
v -0.363630 -0.218275 -0.005903
v -0.363624 -0.218241 -0.006162
v -0.363608 -0.218163 -0.006412
v -0.363585 -0.218044 -0.006643
v -0.363554 -0.217888 -0.006851
v -0.363516 -0.217698 -0.007027
v -0.363473 -0.217482 -0.007167
v -0.363427 -0.217244 -0.007266
v -0.363377 -0.216994 -0.007323
v -0.371150 -0.215063 -0.004348
v -0.371225 -0.215441 -0.007323
v -0.371274 -0.215692 -0.007266
v -0.371321 -0.215929 -0.007167
v -0.371364 -0.216145 -0.007027
v -0.371402 -0.216335 -0.006851
v -0.371433 -0.216491 -0.006643
v -0.371456 -0.216610 -0.006412
v -0.371472 -0.216688 -0.006162
v -0.371478 -0.216722 -0.005903
v -0.371476 -0.216711 -0.005642
v -0.371465 -0.216656 -0.005387
v -0.371446 -0.216558 -0.005145
v -0.371419 -0.216421 -0.004924
v -0.371385 -0.216248 -0.004731
v -0.371344 -0.216045 -0.004571
v -0.371299 -0.215818 -0.004450
v -0.371251 -0.215573 -0.004371
v -0.371201 -0.215319 -0.004337
v -0.367662 -0.197435 0.024608
v -0.367635 -0.197297 0.024388
v -0.367616 -0.197198 0.024147
v -0.367604 -0.197143 0.023891
v -0.367602 -0.197131 0.023630
v -0.367609 -0.197164 0.023371
v -0.367624 -0.197240 0.023121
v -0.367647 -0.197359 0.022889
v -0.367678 -0.197514 0.022682
v -0.367715 -0.197703 0.022505
v -0.367758 -0.197919 0.022364
v -0.367805 -0.198156 0.022263
v -0.367854 -0.198406 0.022206
v -0.367905 -0.198662 0.022194
v -0.367956 -0.198917 0.022228
v -0.368004 -0.199162 0.022306
v -0.368049 -0.199389 0.022426
v -0.368089 -0.199593 0.022585
v -0.368124 -0.199767 0.022777
v -0.368151 -0.199905 0.022998
v -0.368171 -0.200004 0.023239
v -0.368182 -0.200060 0.023494
v -0.368184 -0.200071 0.023755
v -0.368177 -0.200038 0.024015
v -0.368162 -0.199962 0.024264
v -0.368139 -0.199844 0.024496
v -0.368108 -0.199688 0.024704
v -0.368071 -0.199499 0.024881
v -0.368028 -0.199283 0.025022
v -0.367981 -0.199046 0.025123
v -0.367932 -0.198796 0.025180
v -0.367881 -0.198540 0.025192
v -0.367831 -0.198285 0.025158
v -0.367782 -0.198040 0.025080
v -0.367737 -0.197813 0.024959
v -0.367697 -0.197609 0.024801
v -0.360276 -0.201319 0.022777
v -0.360241 -0.201146 0.022585
v -0.360201 -0.200942 0.022426
v -0.360156 -0.200714 0.022306
v -0.360108 -0.200469 0.022228
v -0.360057 -0.200215 0.022194
v -0.360007 -0.199959 0.022206
v -0.359957 -0.199709 0.022263
v -0.359910 -0.199472 0.022364
v -0.359868 -0.199256 0.022505
v -0.359830 -0.199067 0.022682
v -0.359799 -0.198911 0.022889
v -0.359776 -0.198793 0.023121
v -0.359761 -0.198717 0.023371
v -0.359754 -0.198684 0.023630
v -0.359757 -0.198695 0.023891
v -0.359768 -0.198751 0.024147
v -0.359787 -0.198850 0.024388
v -0.359815 -0.198988 0.024608
v -0.368124 -0.199767 0.022777
v -0.367662 -0.197435 0.024608
v -0.367635 -0.197297 0.024388
v -0.367616 -0.197198 0.024147
v -0.367604 -0.197143 0.023891
v -0.367602 -0.197131 0.023630
v -0.367609 -0.197164 0.023371
v -0.367624 -0.197240 0.023121
v -0.367647 -0.197359 0.022889
v -0.367678 -0.197514 0.022682
v -0.367715 -0.197703 0.022505
v -0.367758 -0.197919 0.022364
v -0.367805 -0.198156 0.022263
v -0.367854 -0.198406 0.022206
v -0.367905 -0.198662 0.022194
v -0.367956 -0.198917 0.022228
v -0.368004 -0.199162 0.022306
v -0.368049 -0.199389 0.022426
v -0.368089 -0.199593 0.022585
v -0.359815 -0.198988 0.024608
v -0.359849 -0.199162 0.024801
v -0.359889 -0.199365 0.024959
v -0.359934 -0.199593 0.025080
v -0.359983 -0.199838 0.025158
v -0.360033 -0.200092 0.025192
v -0.360084 -0.200349 0.025180
v -0.360133 -0.200599 0.025123
v -0.360180 -0.200836 0.025022
v -0.360223 -0.201052 0.024881
v -0.360260 -0.201240 0.024704
v -0.360291 -0.201396 0.024496
v -0.360314 -0.201514 0.024264
v -0.360330 -0.201591 0.024015
v -0.360336 -0.201624 0.023755
v -0.360334 -0.201612 0.023494
v -0.360323 -0.201556 0.023239
v -0.360303 -0.201458 0.022998
v -0.360276 -0.201319 0.022777
v -0.367662 -0.197435 0.024608
v -0.368124 -0.199767 0.022777
v -0.368151 -0.199905 0.022998
v -0.368171 -0.200004 0.023239
v -0.368182 -0.200060 0.023494
v -0.368184 -0.200071 0.023755
v -0.368177 -0.200038 0.024015
v -0.368162 -0.199962 0.024264
v -0.368139 -0.199844 0.024496
v -0.368108 -0.199688 0.024704
v -0.368071 -0.199499 0.024881
v -0.368028 -0.199283 0.025022
v -0.367981 -0.199046 0.025123
v -0.367932 -0.198796 0.025180
v -0.367881 -0.198540 0.025192
v -0.367831 -0.198285 0.025158
v -0.367782 -0.198040 0.025080
v -0.367737 -0.197813 0.024959
v -0.367697 -0.197609 0.024801
v -0.361222 -0.164885 0.032377
v -0.361233 -0.164941 0.032122
v -0.361253 -0.165038 0.031880
v -0.361280 -0.165176 0.031659
v -0.361314 -0.165349 0.031466
v -0.361354 -0.165552 0.031307
v -0.361399 -0.165779 0.031185
v -0.361448 -0.166024 0.031106
v -0.361498 -0.166278 0.031072
v -0.361549 -0.166534 0.031083
v -0.361598 -0.166785 0.031139
v -0.361645 -0.167022 0.031238
v -0.361688 -0.167238 0.031378
v -0.361725 -0.167428 0.031555
v -0.361756 -0.167584 0.031762
v -0.361780 -0.167703 0.031993
v -0.361795 -0.167781 0.032243
v -0.361802 -0.167815 0.032502
v -0.361800 -0.167804 0.032763
v -0.361789 -0.167749 0.033018
v -0.361770 -0.167651 0.033260
v -0.361742 -0.167514 0.033481
v -0.361708 -0.167341 0.033674
v -0.361668 -0.167138 0.033834
v -0.361623 -0.166910 0.033955
v -0.361575 -0.166666 0.034034
v -0.361524 -0.166412 0.034069
v -0.361474 -0.166155 0.034058
v -0.361424 -0.165905 0.034002
v -0.361377 -0.165668 0.033902
v -0.361334 -0.165451 0.033762
v -0.361297 -0.165262 0.033586
v -0.361266 -0.165105 0.033378
v -0.361242 -0.164986 0.033147
v -0.361227 -0.164909 0.032898
v -0.361220 -0.164875 0.032638
v -0.353952 -0.169357 0.032763
v -0.353954 -0.169367 0.032502
v -0.353947 -0.169333 0.032243
v -0.353932 -0.169256 0.031993
v -0.353908 -0.169137 0.031762
v -0.353878 -0.168980 0.031555
v -0.353840 -0.168791 0.031378
v -0.353797 -0.168574 0.031238
v -0.353750 -0.168337 0.031139
v -0.353701 -0.168087 0.031083
v -0.353650 -0.167830 0.031072
v -0.353600 -0.167576 0.031106
v -0.353551 -0.167332 0.031185
v -0.353506 -0.167104 0.031307
v -0.353466 -0.166901 0.031466
v -0.353432 -0.166728 0.031659
v -0.353405 -0.166591 0.031880
v -0.353385 -0.166493 0.032122
v -0.353375 -0.166438 0.032377
v -0.361800 -0.167804 0.032763
v -0.361222 -0.164885 0.032377
v -0.361233 -0.164941 0.032122
v -0.361253 -0.165038 0.031880
v -0.361280 -0.165176 0.031659
v -0.361314 -0.165349 0.031466
v -0.361354 -0.165552 0.031307
v -0.361399 -0.165779 0.031185
v -0.361448 -0.166024 0.031106
v -0.361498 -0.166278 0.031072
v -0.361549 -0.166534 0.031083
v -0.361598 -0.166785 0.031139
v -0.361645 -0.167022 0.031238
v -0.361688 -0.167238 0.031378
v -0.361725 -0.167428 0.031555
v -0.361756 -0.167584 0.031762
v -0.361780 -0.167703 0.031993
v -0.361795 -0.167781 0.032243
v -0.361802 -0.167815 0.032502
v -0.353375 -0.166438 0.032377
v -0.353372 -0.166427 0.032638
v -0.353379 -0.166461 0.032898
v -0.353394 -0.166539 0.033147
v -0.353418 -0.166658 0.033378
v -0.353449 -0.166814 0.033586
v -0.353486 -0.167004 0.033762
v -0.353529 -0.167220 0.033902
v -0.353576 -0.167458 0.034002
v -0.353626 -0.167708 0.034058
v -0.353677 -0.167964 0.034069
v -0.353727 -0.168219 0.034034
v -0.353775 -0.168463 0.033955
v -0.353820 -0.168690 0.033834
v -0.353860 -0.168894 0.033674
v -0.353895 -0.169066 0.033481
v -0.353922 -0.169204 0.033260
v -0.353941 -0.169302 0.033018
v -0.353952 -0.169357 0.032763
v -0.361222 -0.164885 0.032377
v -0.361800 -0.167804 0.032763
v -0.361789 -0.167749 0.033018
v -0.361770 -0.167651 0.033260
v -0.361742 -0.167514 0.033481
v -0.361708 -0.167341 0.033674
v -0.361668 -0.167138 0.033834
v -0.361623 -0.166910 0.033955
v -0.361575 -0.166666 0.034034
v -0.361524 -0.166412 0.034069
v -0.361474 -0.166155 0.034058
v -0.361424 -0.165905 0.034002
v -0.361377 -0.165668 0.033902
v -0.361334 -0.165451 0.033762
v -0.361297 -0.165262 0.033586
v -0.361266 -0.165105 0.033378
v -0.361242 -0.164986 0.033147
v -0.361227 -0.164909 0.032898
v -0.361220 -0.164875 0.032638
v -0.355602 -0.136480 0.014408
v -0.355645 -0.136696 0.014267
v -0.355692 -0.136933 0.014167
v -0.355742 -0.137183 0.014110
v -0.355792 -0.137440 0.014098
v -0.355843 -0.137694 0.014131
v -0.355891 -0.137939 0.014210
v -0.355936 -0.138167 0.014330
v -0.355976 -0.138370 0.014489
v -0.356011 -0.138544 0.014681
v -0.356038 -0.138682 0.014901
v -0.356058 -0.138781 0.015143
v -0.356069 -0.138837 0.015398
v -0.356071 -0.138848 0.015659
v -0.356064 -0.138815 0.015918
v -0.356049 -0.138739 0.016168
v -0.356026 -0.138621 0.016400
v -0.355995 -0.138465 0.016608
v -0.355958 -0.138276 0.016785
v -0.355915 -0.138060 0.016926
v -0.355868 -0.137823 0.017026
v -0.355819 -0.137573 0.017083
v -0.355768 -0.137317 0.017095
v -0.355718 -0.137063 0.017061
v -0.355669 -0.136818 0.016983
v -0.355624 -0.136590 0.016863
v -0.355584 -0.136386 0.016704
v -0.355549 -0.136213 0.016512
v -0.355522 -0.136074 0.016292
v -0.355503 -0.135976 0.016050
v -0.355492 -0.135920 0.015795
v -0.355489 -0.135908 0.015534
v -0.355496 -0.135941 0.015275
v -0.355511 -0.136018 0.015025
v -0.355534 -0.136136 0.014793
v -0.355565 -0.136292 0.014585
v -0.348110 -0.139829 0.016785
v -0.348147 -0.140018 0.016608
v -0.348178 -0.140174 0.016400
v -0.348201 -0.140292 0.016168
v -0.348217 -0.140368 0.015918
v -0.348223 -0.140401 0.015659
v -0.348221 -0.140390 0.015398
v -0.348210 -0.140334 0.015143
v -0.348190 -0.140235 0.014901
v -0.348163 -0.140097 0.014681
v -0.348129 -0.139923 0.014489
v -0.348088 -0.139719 0.014330
v -0.348043 -0.139492 0.014210
v -0.347995 -0.139247 0.014131
v -0.347944 -0.138992 0.014098
v -0.347894 -0.138736 0.014110
v -0.347844 -0.138486 0.014167
v -0.347797 -0.138249 0.014267
v -0.347755 -0.138033 0.014408
v -0.355958 -0.138276 0.016785
v -0.355602 -0.136480 0.014408
v -0.355645 -0.136696 0.014267
v -0.355692 -0.136933 0.014167
v -0.355742 -0.137183 0.014110
v -0.355792 -0.137440 0.014098
v -0.355843 -0.137694 0.014131
v -0.355891 -0.137939 0.014210
v -0.355936 -0.138167 0.014330
v -0.355976 -0.138370 0.014489
v -0.356011 -0.138544 0.014681
v -0.356038 -0.138682 0.014901
v -0.356058 -0.138781 0.015143
v -0.356069 -0.138837 0.015398
v -0.356071 -0.138848 0.015659
v -0.356064 -0.138815 0.015918
v -0.356049 -0.138739 0.016168
v -0.356026 -0.138621 0.016400
v -0.355995 -0.138465 0.016608
v -0.347755 -0.138033 0.014408
v -0.347717 -0.137844 0.014585
v -0.347686 -0.137688 0.014793
v -0.347663 -0.137570 0.015025
v -0.347648 -0.137494 0.015275
v -0.347641 -0.137461 0.015534
v -0.347644 -0.137472 0.015795
v -0.347655 -0.137528 0.016050
v -0.347674 -0.137627 0.016292
v -0.347702 -0.137765 0.016512
v -0.347736 -0.137939 0.016704
v -0.347776 -0.138143 0.016863
v -0.347821 -0.138370 0.016983
v -0.347870 -0.138615 0.017061
v -0.347920 -0.138870 0.017095
v -0.347971 -0.139126 0.017083
v -0.348020 -0.139376 0.017026
v -0.348067 -0.139613 0.016926
v -0.348110 -0.139829 0.016785
v -0.355602 -0.136480 0.014408
v -0.355958 -0.138276 0.016785
v -0.355915 -0.138060 0.016926
v -0.355868 -0.137823 0.017026
v -0.355819 -0.137573 0.017083
v -0.355768 -0.137317 0.017095
v -0.355718 -0.137063 0.017061
v -0.355669 -0.136818 0.016983
v -0.355624 -0.136590 0.016863
v -0.355584 -0.136386 0.016704
v -0.355549 -0.136213 0.016512
v -0.355522 -0.136074 0.016292
v -0.355503 -0.135976 0.016050
v -0.355492 -0.135920 0.015795
v -0.355489 -0.135908 0.015534
v -0.355496 -0.135941 0.015275
v -0.355511 -0.136018 0.015025
v -0.355534 -0.136136 0.014793
v -0.355565 -0.136292 0.014585
v -0.354095 -0.128859 -0.018773
v -0.354144 -0.129110 -0.018717
v -0.354191 -0.129347 -0.018617
v -0.354234 -0.129563 -0.018477
v -0.354271 -0.129753 -0.018301
v -0.354302 -0.129909 -0.018093
v -0.354326 -0.130028 -0.017862
v -0.354341 -0.130106 -0.017613
v -0.354348 -0.130140 -0.017353
v -0.354346 -0.130129 -0.017092
v -0.354335 -0.130074 -0.016837
v -0.354316 -0.129976 -0.016595
v -0.354288 -0.129839 -0.016374
v -0.354254 -0.129666 -0.016181
v -0.354214 -0.129463 -0.016022
v -0.354169 -0.129236 -0.015900
v -0.354121 -0.128991 -0.015821
v -0.354070 -0.128737 -0.015787
v -0.354020 -0.128481 -0.015798
v -0.353970 -0.128230 -0.015854
v -0.353923 -0.127993 -0.015953
v -0.353880 -0.127776 -0.016093
v -0.353843 -0.127587 -0.016270
v -0.353812 -0.127430 -0.016477
v -0.353788 -0.127311 -0.016709
v -0.353773 -0.127234 -0.016958
v -0.353766 -0.127200 -0.017217
v -0.353768 -0.127211 -0.017478
v -0.353779 -0.127266 -0.017734
v -0.353799 -0.127363 -0.017975
v -0.353826 -0.127501 -0.018196
v -0.353860 -0.127674 -0.018389
v -0.353900 -0.127877 -0.018549
v -0.353945 -0.128104 -0.018670
v -0.353994 -0.128349 -0.018749
v -0.354044 -0.128603 -0.018784
v -0.346172 -0.130033 -0.015798
v -0.346223 -0.130290 -0.015787
v -0.346273 -0.130544 -0.015821
v -0.346321 -0.130788 -0.015900
v -0.346366 -0.131016 -0.016022
v -0.346406 -0.131219 -0.016181
v -0.346441 -0.131392 -0.016374
v -0.346468 -0.131529 -0.016595
v -0.346487 -0.131627 -0.016837
v -0.346498 -0.131682 -0.017092
v -0.346500 -0.131693 -0.017353
v -0.346493 -0.131659 -0.017613
v -0.346478 -0.131581 -0.017862
v -0.346455 -0.131462 -0.018093
v -0.346424 -0.131306 -0.018301
v -0.346386 -0.131116 -0.018477
v -0.346343 -0.130900 -0.018617
v -0.346296 -0.130662 -0.018717
v -0.346247 -0.130412 -0.018773
v -0.354020 -0.128481 -0.015798
v -0.354095 -0.128859 -0.018773
v -0.354144 -0.129110 -0.018717
v -0.354191 -0.129347 -0.018617
v -0.354234 -0.129563 -0.018477
v -0.354271 -0.129753 -0.018301
v -0.354302 -0.129909 -0.018093
v -0.354326 -0.130028 -0.017862
v -0.354341 -0.130106 -0.017613
v -0.354348 -0.130140 -0.017353
v -0.354346 -0.130129 -0.017092
v -0.354335 -0.130074 -0.016837
v -0.354316 -0.129976 -0.016595
v -0.354288 -0.129839 -0.016374
v -0.354254 -0.129666 -0.016181
v -0.354214 -0.129463 -0.016022
v -0.354169 -0.129236 -0.015900
v -0.354121 -0.128991 -0.015821
v -0.354070 -0.128737 -0.015787
v -0.346247 -0.130412 -0.018773
v -0.346196 -0.130156 -0.018784
v -0.346146 -0.129901 -0.018749
v -0.346097 -0.129657 -0.018670
v -0.346052 -0.129430 -0.018549
v -0.346012 -0.129226 -0.018389
v -0.345978 -0.129053 -0.018196
v -0.345951 -0.128916 -0.017975
v -0.345931 -0.128818 -0.017734
v -0.345921 -0.128763 -0.017478
v -0.345918 -0.128753 -0.017217
v -0.345925 -0.128787 -0.016958
v -0.345941 -0.128864 -0.016709
v -0.345964 -0.128983 -0.016477
v -0.345995 -0.129140 -0.016270
v -0.346032 -0.129329 -0.016093
v -0.346075 -0.129546 -0.015953
v -0.346122 -0.129783 -0.015854
v -0.346172 -0.130033 -0.015798
v -0.354095 -0.128859 -0.018773
v -0.354020 -0.128481 -0.015798
v -0.353970 -0.128230 -0.015854
v -0.353923 -0.127993 -0.015953
v -0.353880 -0.127776 -0.016093
v -0.353843 -0.127587 -0.016270
v -0.353812 -0.127430 -0.016477
v -0.353788 -0.127311 -0.016709
v -0.353773 -0.127234 -0.016958
v -0.353766 -0.127200 -0.017217
v -0.353768 -0.127211 -0.017478
v -0.353779 -0.127266 -0.017734
v -0.353799 -0.127363 -0.017975
v -0.353826 -0.127501 -0.018196
v -0.353860 -0.127674 -0.018389
v -0.353900 -0.127877 -0.018549
v -0.353945 -0.128104 -0.018670
v -0.353994 -0.128349 -0.018749
v -0.354044 -0.128603 -0.018784
v -0.357582 -0.146486 -0.047728
v -0.357610 -0.146625 -0.047508
v -0.357629 -0.146723 -0.047267
v -0.357640 -0.146779 -0.047012
v -0.357642 -0.146791 -0.046750
v -0.357636 -0.146758 -0.046491
v -0.357621 -0.146681 -0.046242
v -0.357597 -0.146563 -0.046010
v -0.357567 -0.146408 -0.045802
v -0.357529 -0.146219 -0.045625
v -0.357486 -0.146003 -0.045484
v -0.357440 -0.145766 -0.045383
v -0.357390 -0.145516 -0.045326
v -0.357339 -0.145259 -0.045314
v -0.357289 -0.145005 -0.045348
v -0.357241 -0.144760 -0.045426
v -0.357196 -0.144532 -0.045546
v -0.357155 -0.144329 -0.045705
v -0.357121 -0.144155 -0.045898
v -0.357094 -0.144017 -0.046118
v -0.357074 -0.143918 -0.046359
v -0.357063 -0.143862 -0.046614
v -0.357061 -0.143851 -0.046876
v -0.357067 -0.143884 -0.047135
v -0.357082 -0.143960 -0.047384
v -0.357106 -0.144078 -0.047617
v -0.357137 -0.144234 -0.047824
v -0.357174 -0.144423 -0.048001
v -0.357217 -0.144639 -0.048142
v -0.357263 -0.144876 -0.048243
v -0.357313 -0.145126 -0.048300
v -0.357364 -0.145382 -0.048312
v -0.357414 -0.145637 -0.048278
v -0.357462 -0.145881 -0.048200
v -0.357508 -0.146109 -0.048080
v -0.357548 -0.146313 -0.047921
v -0.349273 -0.145708 -0.045898
v -0.349307 -0.145881 -0.045705
v -0.349348 -0.146085 -0.045546
v -0.349393 -0.146313 -0.045426
v -0.349441 -0.146558 -0.045348
v -0.349492 -0.146812 -0.045314
v -0.349542 -0.147068 -0.045326
v -0.349592 -0.147319 -0.045383
v -0.349639 -0.147555 -0.045484
v -0.349681 -0.147771 -0.045625
v -0.349719 -0.147960 -0.045802
v -0.349749 -0.148116 -0.046010
v -0.349773 -0.148234 -0.046242
v -0.349788 -0.148311 -0.046491
v -0.349795 -0.148344 -0.046750
v -0.349792 -0.148332 -0.047012
v -0.349781 -0.148276 -0.047267
v -0.349762 -0.148177 -0.047508
v -0.349734 -0.148039 -0.047728
v -0.357121 -0.144155 -0.045898
v -0.357582 -0.146486 -0.047728
v -0.357610 -0.146625 -0.047508
v -0.357629 -0.146723 -0.047267
v -0.357640 -0.146779 -0.047012
v -0.357642 -0.146791 -0.046750
v -0.357636 -0.146758 -0.046491
v -0.357621 -0.146681 -0.046242
v -0.357597 -0.146563 -0.046010
v -0.357567 -0.146408 -0.045802
v -0.357529 -0.146219 -0.045625
v -0.357486 -0.146003 -0.045484
v -0.357440 -0.145766 -0.045383
v -0.357390 -0.145516 -0.045326
v -0.357339 -0.145259 -0.045314
v -0.357289 -0.145005 -0.045348
v -0.357241 -0.144760 -0.045426
v -0.357196 -0.144532 -0.045546
v -0.357155 -0.144329 -0.045705
v -0.349734 -0.148039 -0.047728
v -0.349700 -0.147866 -0.047921
v -0.349660 -0.147662 -0.048080
v -0.349615 -0.147434 -0.048200
v -0.349566 -0.147189 -0.048278
v -0.349516 -0.146935 -0.048312
v -0.349465 -0.146679 -0.048300
v -0.349416 -0.146428 -0.048243
v -0.349369 -0.146192 -0.048142
v -0.349326 -0.145975 -0.048001
v -0.349289 -0.145787 -0.047824
v -0.349258 -0.145631 -0.047617
v -0.349234 -0.145513 -0.047384
v -0.349219 -0.145436 -0.047135
v -0.349213 -0.145403 -0.046876
v -0.349215 -0.145415 -0.046614
v -0.349226 -0.145471 -0.046359
v -0.349246 -0.145570 -0.046118
v -0.349273 -0.145708 -0.045898
v -0.357582 -0.146486 -0.047728
v -0.357121 -0.144155 -0.045898
v -0.357094 -0.144017 -0.046118
v -0.357074 -0.143918 -0.046359
v -0.357063 -0.143862 -0.046614
v -0.357061 -0.143851 -0.046876
v -0.357067 -0.143884 -0.047135
v -0.357082 -0.143960 -0.047384
v -0.357106 -0.144078 -0.047617
v -0.357137 -0.144234 -0.047824
v -0.357174 -0.144423 -0.048001
v -0.357217 -0.144639 -0.048142
v -0.357263 -0.144876 -0.048243
v -0.357313 -0.145126 -0.048300
v -0.357364 -0.145382 -0.048312
v -0.357414 -0.145637 -0.048278
v -0.357462 -0.145881 -0.048200
v -0.357508 -0.146109 -0.048080
v -0.357548 -0.146313 -0.047921
v -0.385064 -0.127211 -0.000290
v -0.385066 -0.127222 -0.000551
v -0.385059 -0.127188 -0.000810
v -0.385044 -0.127110 -0.001059
v -0.385020 -0.126991 -0.001291
v -0.384989 -0.126835 -0.001498
v -0.384952 -0.126645 -0.001675
v -0.384909 -0.126429 -0.001815
v -0.384862 -0.126191 -0.001914
v -0.384812 -0.125941 -0.001970
v -0.384762 -0.125685 -0.001981
v -0.384711 -0.125430 -0.001947
v -0.384663 -0.125186 -0.001867
v -0.384618 -0.124959 -0.001746
v -0.384578 -0.124755 -0.001587
v -0.384544 -0.124583 -0.001394
v -0.384516 -0.124445 -0.001173
v -0.384497 -0.124347 -0.000931
v -0.384486 -0.124292 -0.000676
v -0.384484 -0.124282 -0.000414
v -0.384491 -0.124316 -0.000155
v -0.384506 -0.124393 0.000094
v -0.384530 -0.124512 0.000326
v -0.384561 -0.124669 0.000533
v -0.384598 -0.124858 0.000709
v -0.384641 -0.125075 0.000849
v -0.384688 -0.125312 0.000949
v -0.384737 -0.125562 0.001005
v -0.384788 -0.125819 0.001016
v -0.384838 -0.126073 0.000981
v -0.384887 -0.126317 0.000902
v -0.384932 -0.126545 0.000781
v -0.384972 -0.126748 0.000621
v -0.385006 -0.126921 0.000428
v -0.385033 -0.127058 0.000207
v -0.385053 -0.127156 -0.000034
v -0.388410 -0.123516 -0.000676
v -0.388421 -0.123571 -0.000931
v -0.388440 -0.123669 -0.001173
v -0.388468 -0.123806 -0.001394
v -0.388502 -0.123979 -0.001587
v -0.388542 -0.124182 -0.001746
v -0.388587 -0.124410 -0.001867
v -0.388635 -0.124654 -0.001947
v -0.388686 -0.124908 -0.001981
v -0.388736 -0.125165 -0.001970
v -0.388786 -0.125415 -0.001914
v -0.388833 -0.125652 -0.001815
v -0.388876 -0.125869 -0.001675
v -0.388913 -0.126058 -0.001498
v -0.388944 -0.126215 -0.001291
v -0.388968 -0.126334 -0.001059
v -0.388983 -0.126411 -0.000810
v -0.388990 -0.126445 -0.000551
v -0.388988 -0.126435 -0.000290
v -0.384486 -0.124292 -0.000676
v -0.385064 -0.127211 -0.000290
v -0.385066 -0.127222 -0.000551
v -0.385059 -0.127188 -0.000810
v -0.385044 -0.127110 -0.001059
v -0.385020 -0.126991 -0.001291
v -0.384989 -0.126835 -0.001498
v -0.384952 -0.126645 -0.001675
v -0.384909 -0.126429 -0.001815
v -0.384862 -0.126191 -0.001914
v -0.384812 -0.125941 -0.001970
v -0.384762 -0.125685 -0.001981
v -0.384711 -0.125430 -0.001947
v -0.384663 -0.125186 -0.001867
v -0.384618 -0.124959 -0.001746
v -0.384578 -0.124755 -0.001587
v -0.384544 -0.124583 -0.001394
v -0.384516 -0.124445 -0.001173
v -0.384497 -0.124347 -0.000931
v -0.388988 -0.126435 -0.000290
v -0.388977 -0.126379 -0.000034
v -0.388957 -0.126282 0.000207
v -0.388930 -0.126144 0.000428
v -0.388896 -0.125971 0.000621
v -0.388856 -0.125768 0.000781
v -0.388811 -0.125541 0.000902
v -0.388762 -0.125296 0.000981
v -0.388712 -0.125042 0.001016
v -0.388661 -0.124786 0.001005
v -0.388612 -0.124535 0.000949
v -0.388565 -0.124298 0.000849
v -0.388522 -0.124082 0.000709
v -0.388485 -0.123892 0.000533
v -0.388454 -0.123736 0.000326
v -0.388430 -0.123617 0.000094
v -0.388415 -0.123539 -0.000155
v -0.388408 -0.123505 -0.000414
v -0.388410 -0.123516 -0.000676
v -0.385064 -0.127211 -0.000290
v -0.384486 -0.124292 -0.000676
v -0.384484 -0.124282 -0.000414
v -0.384491 -0.124316 -0.000155
v -0.384506 -0.124393 0.000094
v -0.384530 -0.124512 0.000326
v -0.384561 -0.124669 0.000533
v -0.384598 -0.124858 0.000709
v -0.384641 -0.125075 0.000849
v -0.384688 -0.125312 0.000949
v -0.384737 -0.125562 0.001005
v -0.384788 -0.125819 0.001016
v -0.384838 -0.126073 0.000981
v -0.384887 -0.126317 0.000902
v -0.384932 -0.126545 0.000781
v -0.384972 -0.126748 0.000621
v -0.385006 -0.126921 0.000428
v -0.385033 -0.127058 0.000207
v -0.385053 -0.127156 -0.000034
v -0.388858 -0.146390 0.024371
v -0.388824 -0.146217 0.024178
v -0.388784 -0.146013 0.024019
v -0.388739 -0.145785 0.023899
v -0.388690 -0.145541 0.023821
v -0.388640 -0.145286 0.023787
v -0.388589 -0.145030 0.023799
v -0.388540 -0.144780 0.023856
v -0.388493 -0.144543 0.023957
v -0.388450 -0.144327 0.024098
v -0.388413 -0.144138 0.024275
v -0.388382 -0.143982 0.024483
v -0.388358 -0.143864 0.024715
v -0.388343 -0.143788 0.024964
v -0.388337 -0.143755 0.025223
v -0.388339 -0.143766 0.025485
v -0.388350 -0.143822 0.025740
v -0.388370 -0.143921 0.025981
v -0.388397 -0.144059 0.026201
v -0.388431 -0.144233 0.026394
v -0.388472 -0.144436 0.026553
v -0.388517 -0.144664 0.026673
v -0.388565 -0.144909 0.026751
v -0.388615 -0.145163 0.026785
v -0.388666 -0.145420 0.026773
v -0.388716 -0.145670 0.026716
v -0.388763 -0.145907 0.026615
v -0.388805 -0.146123 0.026474
v -0.388843 -0.146311 0.026297
v -0.388873 -0.146467 0.026090
v -0.388897 -0.146585 0.025857
v -0.388912 -0.146662 0.025608
v -0.388919 -0.146695 0.025349
v -0.388916 -0.146683 0.025087
v -0.388905 -0.146627 0.024832
v -0.388886 -0.146529 0.024591
v -0.392321 -0.143283 0.026201
v -0.392294 -0.143144 0.025981
v -0.392274 -0.143046 0.025740
v -0.392263 -0.142990 0.025485
v -0.392261 -0.142978 0.025223
v -0.392267 -0.143011 0.024964
v -0.392282 -0.143088 0.024715
v -0.392306 -0.143206 0.024483
v -0.392337 -0.143362 0.024275
v -0.392374 -0.143550 0.024098
v -0.392417 -0.143766 0.023957
v -0.392464 -0.144003 0.023856
v -0.392513 -0.144254 0.023799
v -0.392564 -0.144510 0.023787
v -0.392614 -0.144764 0.023821
v -0.392662 -0.145009 0.023899
v -0.392708 -0.145237 0.024019
v -0.392748 -0.145440 0.024178
v -0.392782 -0.145614 0.024371
v -0.388397 -0.144059 0.026201
v -0.388858 -0.146390 0.024371
v -0.388824 -0.146217 0.024178
v -0.388784 -0.146013 0.024019
v -0.388739 -0.145785 0.023899
v -0.388690 -0.145541 0.023821
v -0.388640 -0.145286 0.023787
v -0.388589 -0.145030 0.023799
v -0.388540 -0.144780 0.023856
v -0.388493 -0.144543 0.023957
v -0.388450 -0.144327 0.024098
v -0.388413 -0.144138 0.024275
v -0.388382 -0.143982 0.024483
v -0.388358 -0.143864 0.024715
v -0.388343 -0.143788 0.024964
v -0.388337 -0.143755 0.025223
v -0.388339 -0.143766 0.025485
v -0.388350 -0.143822 0.025740
v -0.388370 -0.143921 0.025981
v -0.392782 -0.145614 0.024371
v -0.392810 -0.145752 0.024591
v -0.392829 -0.145851 0.024832
v -0.392840 -0.145907 0.025087
v -0.392842 -0.145919 0.025349
v -0.392836 -0.145886 0.025608
v -0.392821 -0.145809 0.025857
v -0.392797 -0.145691 0.026090
v -0.392767 -0.145535 0.026297
v -0.392729 -0.145346 0.026474
v -0.392686 -0.145130 0.026615
v -0.392640 -0.144894 0.026716
v -0.392590 -0.144643 0.026773
v -0.392539 -0.144387 0.026785
v -0.392489 -0.144133 0.026751
v -0.392441 -0.143888 0.026673
v -0.392396 -0.143660 0.026553
v -0.392355 -0.143456 0.026394
v -0.392321 -0.143283 0.026201
v -0.388858 -0.146390 0.024371
v -0.388397 -0.144059 0.026201
v -0.388431 -0.144233 0.026394
v -0.388472 -0.144436 0.026553
v -0.388517 -0.144664 0.026673
v -0.388565 -0.144909 0.026751
v -0.388615 -0.145163 0.026785
v -0.388666 -0.145420 0.026773
v -0.388716 -0.145670 0.026716
v -0.388763 -0.145907 0.026615
v -0.388805 -0.146123 0.026474
v -0.388843 -0.146311 0.026297
v -0.388873 -0.146467 0.026090
v -0.388897 -0.146585 0.025857
v -0.388912 -0.146662 0.025608
v -0.388919 -0.146695 0.025349
v -0.388916 -0.146683 0.025087
v -0.388905 -0.146627 0.024832
v -0.388886 -0.146529 0.024591
v -0.394926 -0.177058 0.027983
v -0.394875 -0.176802 0.027972
v -0.394825 -0.176548 0.028007
v -0.394777 -0.176303 0.028086
v -0.394732 -0.176076 0.028207
v -0.394691 -0.175873 0.028367
v -0.394657 -0.175700 0.028560
v -0.394630 -0.175563 0.028781
v -0.394611 -0.175465 0.029023
v -0.394600 -0.175410 0.029278
v -0.394598 -0.175399 0.029539
v -0.394604 -0.175433 0.029798
v -0.394620 -0.175511 0.030048
v -0.394643 -0.175630 0.030279
v -0.394674 -0.175786 0.030486
v -0.394712 -0.175976 0.030663
v -0.394755 -0.176192 0.030803
v -0.394801 -0.176429 0.030902
v -0.394851 -0.176680 0.030958
v -0.394902 -0.176936 0.030969
v -0.394952 -0.177190 0.030935
v -0.395000 -0.177435 0.030856
v -0.395045 -0.177662 0.030734
v -0.395086 -0.177865 0.030575
v -0.395120 -0.178038 0.030382
v -0.395147 -0.178176 0.030161
v -0.395166 -0.178273 0.029919
v -0.395177 -0.178328 0.029664
v -0.395179 -0.178339 0.029403
v -0.395173 -0.178305 0.029143
v -0.395157 -0.178228 0.028894
v -0.395134 -0.178109 0.028663
v -0.395103 -0.177952 0.028455
v -0.395065 -0.177763 0.028279
v -0.395022 -0.177546 0.028139
v -0.394976 -0.177309 0.028039
v -0.398775 -0.175903 0.030958
v -0.398725 -0.175653 0.030902
v -0.398678 -0.175416 0.030803
v -0.398636 -0.175199 0.030663
v -0.398598 -0.175010 0.030486
v -0.398567 -0.174853 0.030279
v -0.398544 -0.174734 0.030048
v -0.398528 -0.174657 0.029798
v -0.398522 -0.174623 0.029539
v -0.398524 -0.174634 0.029278
v -0.398535 -0.174689 0.029023
v -0.398554 -0.174786 0.028781
v -0.398581 -0.174924 0.028560
v -0.398615 -0.175097 0.028367
v -0.398656 -0.175300 0.028207
v -0.398700 -0.175527 0.028086
v -0.398749 -0.175772 0.028007
v -0.398799 -0.176026 0.027972
v -0.398850 -0.176282 0.027983
v -0.394851 -0.176680 0.030958
v -0.394926 -0.177058 0.027983
v -0.394875 -0.176802 0.027972
v -0.394825 -0.176548 0.028007
v -0.394777 -0.176303 0.028086
v -0.394732 -0.176076 0.028207
v -0.394691 -0.175873 0.028367
v -0.394657 -0.175700 0.028560
v -0.394630 -0.175563 0.028781
v -0.394611 -0.175465 0.029023
v -0.394600 -0.175410 0.029278
v -0.394598 -0.175399 0.029539
v -0.394604 -0.175433 0.029798
v -0.394620 -0.175511 0.030048
v -0.394643 -0.175630 0.030279
v -0.394674 -0.175786 0.030486
v -0.394712 -0.175976 0.030663
v -0.394755 -0.176192 0.030803
v -0.394801 -0.176429 0.030902
v -0.398850 -0.176282 0.027983
v -0.398899 -0.176533 0.028039
v -0.398946 -0.176770 0.028139
v -0.398989 -0.176986 0.028279
v -0.399027 -0.177176 0.028455
v -0.399058 -0.177332 0.028663
v -0.399081 -0.177451 0.028894
v -0.399097 -0.177529 0.029143
v -0.399103 -0.177563 0.029403
v -0.399101 -0.177552 0.029664
v -0.399090 -0.177497 0.029919
v -0.399071 -0.177399 0.030161
v -0.399044 -0.177262 0.030382
v -0.399010 -0.177089 0.030575
v -0.398969 -0.176886 0.030734
v -0.398924 -0.176658 0.030856
v -0.398876 -0.176414 0.030935
v -0.398826 -0.176160 0.030969
v -0.398775 -0.175903 0.030958
v -0.394926 -0.177058 0.027983
v -0.394851 -0.176680 0.030958
v -0.394902 -0.176936 0.030969
v -0.394952 -0.177190 0.030935
v -0.395000 -0.177435 0.030856
v -0.395045 -0.177662 0.030734
v -0.395086 -0.177865 0.030575
v -0.395120 -0.178038 0.030382
v -0.395147 -0.178176 0.030161
v -0.395166 -0.178273 0.029919
v -0.395177 -0.178328 0.029664
v -0.395179 -0.178339 0.029403
v -0.395173 -0.178305 0.029143
v -0.395157 -0.178228 0.028894
v -0.395134 -0.178109 0.028663
v -0.395103 -0.177952 0.028455
v -0.395065 -0.177763 0.028279
v -0.395022 -0.177546 0.028139
v -0.394976 -0.177309 0.028039
v -0.399712 -0.201250 0.008432
v -0.399675 -0.201061 0.008609
v -0.399644 -0.200905 0.008817
v -0.399621 -0.200787 0.009049
v -0.399606 -0.200711 0.009298
v -0.399599 -0.200678 0.009558
v -0.399601 -0.200689 0.009819
v -0.399612 -0.200745 0.010074
v -0.399632 -0.200844 0.010315
v -0.399659 -0.200982 0.010536
v -0.399694 -0.201156 0.010728
v -0.399734 -0.201360 0.010887
v -0.399779 -0.201587 0.011007
v -0.399827 -0.201832 0.011085
v -0.399878 -0.202086 0.011119
v -0.399928 -0.202343 0.011107
v -0.399978 -0.202593 0.011050
v -0.400025 -0.202830 0.010950
v -0.400068 -0.203046 0.010809
v -0.400105 -0.203235 0.010632
v -0.400136 -0.203390 0.010424
v -0.400159 -0.203508 0.010192
v -0.400174 -0.203585 0.009942
v -0.400181 -0.203618 0.009683
v -0.400178 -0.203606 0.009422
v -0.400167 -0.203550 0.009167
v -0.400148 -0.203452 0.008925
v -0.400121 -0.203314 0.008705
v -0.400086 -0.203140 0.008513
v -0.400046 -0.202936 0.008354
v -0.400001 -0.202708 0.008233
v -0.399952 -0.202464 0.008155
v -0.399902 -0.202209 0.008122
v -0.399851 -0.201953 0.008134
v -0.399802 -0.201703 0.008191
v -0.399755 -0.201466 0.008291
v -0.403991 -0.202270 0.010809
v -0.403949 -0.202053 0.010950
v -0.403902 -0.201817 0.011050
v -0.403852 -0.201566 0.011107
v -0.403802 -0.201310 0.011119
v -0.403751 -0.201056 0.011085
v -0.403703 -0.200811 0.011007
v -0.403658 -0.200583 0.010887
v -0.403618 -0.200379 0.010728
v -0.403583 -0.200206 0.010536
v -0.403556 -0.200068 0.010315
v -0.403536 -0.199969 0.010074
v -0.403525 -0.199913 0.009819
v -0.403523 -0.199901 0.009558
v -0.403529 -0.199934 0.009298
v -0.403545 -0.200011 0.009049
v -0.403568 -0.200129 0.008817
v -0.403599 -0.200285 0.008609
v -0.403636 -0.200474 0.008432
v -0.400068 -0.203046 0.010809
v -0.399712 -0.201250 0.008432
v -0.399675 -0.201061 0.008609
v -0.399644 -0.200905 0.008817
v -0.399621 -0.200787 0.009049
v -0.399606 -0.200711 0.009298
v -0.399599 -0.200678 0.009558
v -0.399601 -0.200689 0.009819
v -0.399612 -0.200745 0.010074
v -0.399632 -0.200844 0.010315
v -0.399659 -0.200982 0.010536
v -0.399694 -0.201156 0.010728
v -0.399734 -0.201360 0.010887
v -0.399779 -0.201587 0.011007
v -0.399827 -0.201832 0.011085
v -0.399878 -0.202086 0.011119
v -0.399928 -0.202343 0.011107
v -0.399978 -0.202593 0.011050
v -0.400025 -0.202830 0.010950
v -0.403636 -0.200474 0.008432
v -0.403679 -0.200690 0.008291
v -0.403726 -0.200926 0.008191
v -0.403775 -0.201177 0.008134
v -0.403826 -0.201433 0.008122
v -0.403876 -0.201687 0.008155
v -0.403925 -0.201932 0.008233
v -0.403970 -0.202160 0.008354
v -0.404010 -0.202364 0.008513
v -0.404044 -0.202537 0.008705
v -0.404072 -0.202675 0.008925
v -0.404091 -0.202774 0.009167
v -0.404102 -0.202830 0.009422
v -0.404105 -0.202842 0.009683
v -0.404098 -0.202809 0.009942
v -0.404083 -0.202732 0.010192
v -0.404060 -0.202614 0.010424
v -0.404029 -0.202458 0.010632
v -0.403991 -0.202270 0.010809
v -0.399712 -0.201250 0.008432
v -0.400068 -0.203046 0.010809
v -0.400105 -0.203235 0.010632
v -0.400136 -0.203390 0.010424
v -0.400159 -0.203508 0.010192
v -0.400174 -0.203585 0.009942
v -0.400181 -0.203618 0.009683
v -0.400178 -0.203606 0.009422
v -0.400167 -0.203550 0.009167
v -0.400148 -0.203452 0.008925
v -0.400121 -0.203314 0.008705
v -0.400086 -0.203140 0.008513
v -0.400046 -0.202936 0.008354
v -0.400001 -0.202708 0.008233
v -0.399952 -0.202464 0.008155
v -0.399902 -0.202209 0.008122
v -0.399851 -0.201953 0.008134
v -0.399802 -0.201703 0.008191
v -0.399755 -0.201466 0.008291
v -0.400413 -0.204794 -0.022830
v -0.400411 -0.204783 -0.022569
v -0.400418 -0.204817 -0.022310
v -0.400433 -0.204895 -0.022061
v -0.400457 -0.205014 -0.021829
v -0.400488 -0.205170 -0.021622
v -0.400525 -0.205360 -0.021446
v -0.400568 -0.205576 -0.021306
v -0.400615 -0.205813 -0.021206
v -0.400665 -0.206064 -0.021150
v -0.400715 -0.206320 -0.021139
v -0.400766 -0.206574 -0.021174
v -0.400814 -0.206819 -0.021253
v -0.400859 -0.207046 -0.021374
v -0.400899 -0.207249 -0.021533
v -0.400933 -0.207422 -0.021727
v -0.400961 -0.207560 -0.021947
v -0.400980 -0.207657 -0.022189
v -0.400991 -0.207712 -0.022444
v -0.400993 -0.207723 -0.022706
v -0.400986 -0.207689 -0.022965
v -0.400971 -0.207612 -0.023214
v -0.400947 -0.207493 -0.023446
v -0.400916 -0.207336 -0.023653
v -0.400879 -0.207147 -0.023829
v -0.400836 -0.206930 -0.023969
v -0.400789 -0.206693 -0.024069
v -0.400740 -0.206442 -0.024125
v -0.400689 -0.206186 -0.024136
v -0.400639 -0.205932 -0.024101
v -0.400590 -0.205687 -0.024022
v -0.400545 -0.205460 -0.023901
v -0.400505 -0.205257 -0.023741
v -0.400471 -0.205084 -0.023548
v -0.400444 -0.204947 -0.023328
v -0.400424 -0.204849 -0.023086
v -0.404915 -0.206936 -0.022444
v -0.404904 -0.206881 -0.022189
v -0.404885 -0.206783 -0.021947
v -0.404857 -0.206646 -0.021727
v -0.404823 -0.206473 -0.021533
v -0.404783 -0.206270 -0.021374
v -0.404738 -0.206042 -0.021253
v -0.404690 -0.205798 -0.021174
v -0.404639 -0.205544 -0.021139
v -0.404589 -0.205287 -0.021150
v -0.404539 -0.205037 -0.021206
v -0.404492 -0.204800 -0.021306
v -0.404449 -0.204583 -0.021446
v -0.404412 -0.204394 -0.021622
v -0.404381 -0.204237 -0.021829
v -0.404357 -0.204118 -0.022061
v -0.404342 -0.204041 -0.022310
v -0.404335 -0.204007 -0.022569
v -0.404337 -0.204018 -0.022830
v -0.400991 -0.207712 -0.022444
v -0.400413 -0.204794 -0.022830
v -0.400411 -0.204783 -0.022569
v -0.400418 -0.204817 -0.022310
v -0.400433 -0.204895 -0.022061
v -0.400457 -0.205014 -0.021829
v -0.400488 -0.205170 -0.021622
v -0.400525 -0.205360 -0.021446
v -0.400568 -0.205576 -0.021306
v -0.400615 -0.205813 -0.021206
v -0.400665 -0.206064 -0.021150
v -0.400715 -0.206320 -0.021139
v -0.400766 -0.206574 -0.021174
v -0.400814 -0.206819 -0.021253
v -0.400859 -0.207046 -0.021374
v -0.400899 -0.207249 -0.021533
v -0.400933 -0.207422 -0.021727
v -0.400961 -0.207560 -0.021947
v -0.400980 -0.207657 -0.022189
v -0.404337 -0.204018 -0.022830
v -0.404348 -0.204073 -0.023086
v -0.404368 -0.204170 -0.023328
v -0.404395 -0.204308 -0.023548
v -0.404429 -0.204481 -0.023741
v -0.404469 -0.204684 -0.023901
v -0.404514 -0.204911 -0.024022
v -0.404563 -0.205156 -0.024101
v -0.404613 -0.205410 -0.024136
v -0.404664 -0.205666 -0.024125
v -0.404713 -0.205917 -0.024069
v -0.404760 -0.206154 -0.023969
v -0.404803 -0.206370 -0.023829
v -0.404840 -0.206560 -0.023653
v -0.404871 -0.206716 -0.023446
v -0.404895 -0.206835 -0.023214
v -0.404910 -0.206913 -0.022965
v -0.404917 -0.206947 -0.022706
v -0.404915 -0.206936 -0.022444
v -0.400413 -0.204794 -0.022830
v -0.400991 -0.207712 -0.022444
v -0.400993 -0.207723 -0.022706
v -0.400986 -0.207689 -0.022965
v -0.400971 -0.207612 -0.023214
v -0.400947 -0.207493 -0.023446
v -0.400916 -0.207336 -0.023653
v -0.400879 -0.207147 -0.023829
v -0.400836 -0.206930 -0.023969
v -0.400789 -0.206693 -0.024069
v -0.400740 -0.206442 -0.024125
v -0.400689 -0.206186 -0.024136
v -0.400639 -0.205932 -0.024101
v -0.400590 -0.205687 -0.024022
v -0.400545 -0.205460 -0.023901
v -0.400505 -0.205257 -0.023741
v -0.400471 -0.205084 -0.023548
v -0.400444 -0.204947 -0.023328
v -0.400424 -0.204849 -0.023086
v -0.396619 -0.185614 -0.047491
v -0.396653 -0.185788 -0.047298
v -0.396693 -0.185992 -0.047140
v -0.396738 -0.186220 -0.047019
v -0.396787 -0.186464 -0.046941
v -0.396837 -0.186719 -0.046908
v -0.396888 -0.186975 -0.046919
v -0.396937 -0.187225 -0.046977
v -0.396984 -0.187462 -0.047077
v -0.397027 -0.187678 -0.047218
v -0.397064 -0.187867 -0.047395
v -0.397095 -0.188023 -0.047603
v -0.397119 -0.188141 -0.047835
v -0.397134 -0.188217 -0.048084
v -0.397140 -0.188250 -0.048344
v -0.397138 -0.188239 -0.048605
v -0.397127 -0.188183 -0.048860
v -0.397107 -0.188084 -0.049101
v -0.397080 -0.187946 -0.049322
v -0.397046 -0.187772 -0.049514
v -0.397005 -0.187568 -0.049673
v -0.396960 -0.187341 -0.049793
v -0.396912 -0.187096 -0.049871
v -0.396862 -0.186841 -0.049905
v -0.396811 -0.186585 -0.049893
v -0.396761 -0.186335 -0.049836
v -0.396714 -0.186098 -0.049735
v -0.396672 -0.185882 -0.049595
v -0.396634 -0.185693 -0.049418
v -0.396604 -0.185538 -0.049210
v -0.396580 -0.185420 -0.048978
v -0.396565 -0.185343 -0.048728
v -0.396558 -0.185310 -0.048469
v -0.396561 -0.185322 -0.048208
v -0.396572 -0.185378 -0.047952
v -0.396591 -0.185476 -0.047711
v -0.401004 -0.187169 -0.049322
v -0.401031 -0.187308 -0.049101
v -0.401051 -0.187406 -0.048860
v -0.401062 -0.187462 -0.048605
v -0.401064 -0.187474 -0.048344
v -0.401058 -0.187441 -0.048084
v -0.401042 -0.187364 -0.047835
v -0.401019 -0.187246 -0.047603
v -0.400988 -0.187090 -0.047395
v -0.400951 -0.186902 -0.047218
v -0.400908 -0.186686 -0.047077
v -0.400861 -0.186449 -0.046977
v -0.400812 -0.186199 -0.046919
v -0.400761 -0.185942 -0.046908
v -0.400711 -0.185688 -0.046941
v -0.400662 -0.185443 -0.047019
v -0.400617 -0.185215 -0.047140
v -0.400577 -0.185012 -0.047298
v -0.400543 -0.184838 -0.047491
v -0.397080 -0.187946 -0.049322
v -0.396619 -0.185614 -0.047491
v -0.396653 -0.185788 -0.047298
v -0.396693 -0.185992 -0.047140
v -0.396738 -0.186220 -0.047019
v -0.396787 -0.186464 -0.046941
v -0.396837 -0.186719 -0.046908
v -0.396888 -0.186975 -0.046919
v -0.396937 -0.187225 -0.046977
v -0.396984 -0.187462 -0.047077
v -0.397027 -0.187678 -0.047218
v -0.397064 -0.187867 -0.047395
v -0.397095 -0.188023 -0.047603
v -0.397119 -0.188141 -0.047835
v -0.397134 -0.188217 -0.048084
v -0.397140 -0.188250 -0.048344
v -0.397138 -0.188239 -0.048605
v -0.397127 -0.188183 -0.048860
v -0.397107 -0.188084 -0.049101
v -0.400543 -0.184838 -0.047491
v -0.400515 -0.184700 -0.047711
v -0.400496 -0.184601 -0.047952
v -0.400485 -0.184545 -0.048208
v -0.400482 -0.184534 -0.048469
v -0.400489 -0.184567 -0.048728
v -0.400504 -0.184643 -0.048978
v -0.400527 -0.184761 -0.049210
v -0.400558 -0.184917 -0.049418
v -0.400596 -0.185106 -0.049595
v -0.400638 -0.185322 -0.049735
v -0.400685 -0.185559 -0.049836
v -0.400735 -0.185809 -0.049893
v -0.400785 -0.186065 -0.049905
v -0.400836 -0.186319 -0.049871
v -0.400884 -0.186564 -0.049793
v -0.400929 -0.186792 -0.049673
v -0.400970 -0.186996 -0.049514
v -0.401004 -0.187169 -0.049322
v -0.396619 -0.185614 -0.047491
v -0.397080 -0.187946 -0.049322
v -0.397046 -0.187772 -0.049514
v -0.397005 -0.187568 -0.049673
v -0.396960 -0.187341 -0.049793
v -0.396912 -0.187096 -0.049871
v -0.396862 -0.186841 -0.049905
v -0.396811 -0.186585 -0.049893
v -0.396761 -0.186335 -0.049836
v -0.396714 -0.186098 -0.049735
v -0.396672 -0.185882 -0.049595
v -0.396634 -0.185693 -0.049418
v -0.396604 -0.185538 -0.049210
v -0.396580 -0.185420 -0.048978
v -0.396565 -0.185343 -0.048728
v -0.396558 -0.185310 -0.048469
v -0.396561 -0.185322 -0.048208
v -0.396572 -0.185378 -0.047952
v -0.396591 -0.185476 -0.047711
v -0.390551 -0.154946 -0.051104
v -0.390602 -0.155203 -0.051093
v -0.390652 -0.155457 -0.051127
v -0.390700 -0.155701 -0.051206
v -0.390745 -0.155929 -0.051328
v -0.390786 -0.156132 -0.051487
v -0.390820 -0.156305 -0.051680
v -0.390847 -0.156442 -0.051901
v -0.390866 -0.156540 -0.052143
v -0.390877 -0.156595 -0.052398
v -0.390879 -0.156606 -0.052659
v -0.390873 -0.156572 -0.052919
v -0.390857 -0.156494 -0.053168
v -0.390834 -0.156375 -0.053399
v -0.390803 -0.156219 -0.053607
v -0.390765 -0.156029 -0.053783
v -0.390722 -0.155813 -0.053923
v -0.390676 -0.155576 -0.054023
v -0.390626 -0.155325 -0.054079
v -0.390575 -0.155069 -0.054090
v -0.390525 -0.154815 -0.054055
v -0.390477 -0.154570 -0.053976
v -0.390432 -0.154343 -0.053855
v -0.390391 -0.154140 -0.053695
v -0.390357 -0.153967 -0.053502
v -0.390330 -0.153829 -0.053281
v -0.390311 -0.153731 -0.053039
v -0.390300 -0.153676 -0.052784
v -0.390298 -0.153666 -0.052523
v -0.390304 -0.153700 -0.052264
v -0.390320 -0.153777 -0.052014
v -0.390343 -0.153896 -0.051783
v -0.390374 -0.154053 -0.051576
v -0.390412 -0.154242 -0.051399
v -0.390455 -0.154459 -0.051259
v -0.390502 -0.154696 -0.051160
v -0.394550 -0.154549 -0.054079
v -0.394599 -0.154799 -0.054023
v -0.394646 -0.155036 -0.053923
v -0.394689 -0.155253 -0.053783
v -0.394727 -0.155442 -0.053607
v -0.394758 -0.155599 -0.053399
v -0.394781 -0.155718 -0.053168
v -0.394797 -0.155795 -0.052919
v -0.394803 -0.155829 -0.052659
v -0.394801 -0.155819 -0.052398
v -0.394790 -0.155764 -0.052143
v -0.394771 -0.155666 -0.051901
v -0.394744 -0.155528 -0.051680
v -0.394710 -0.155356 -0.051487
v -0.394669 -0.155152 -0.051328
v -0.394624 -0.154925 -0.051206
v -0.394576 -0.154681 -0.051127
v -0.394526 -0.154426 -0.051093
v -0.394475 -0.154170 -0.051104
v -0.390626 -0.155325 -0.054079
v -0.390551 -0.154946 -0.051104
v -0.390602 -0.155203 -0.051093
v -0.390652 -0.155457 -0.051127
v -0.390700 -0.155701 -0.051206
v -0.390745 -0.155929 -0.051328
v -0.390786 -0.156132 -0.051487
v -0.390820 -0.156305 -0.051680
v -0.390847 -0.156442 -0.051901
v -0.390866 -0.156540 -0.052143
v -0.390877 -0.156595 -0.052398
v -0.390879 -0.156606 -0.052659
v -0.390873 -0.156572 -0.052919
v -0.390857 -0.156494 -0.053168
v -0.390834 -0.156375 -0.053399
v -0.390803 -0.156219 -0.053607
v -0.390765 -0.156029 -0.053783
v -0.390722 -0.155813 -0.053923
v -0.390676 -0.155576 -0.054023
v -0.394475 -0.154170 -0.051104
v -0.394425 -0.153920 -0.051160
v -0.394379 -0.153682 -0.051259
v -0.394336 -0.153466 -0.051399
v -0.394298 -0.153276 -0.051576
v -0.394267 -0.153120 -0.051783
v -0.394244 -0.153001 -0.052014
v -0.394228 -0.152923 -0.052264
v -0.394222 -0.152889 -0.052523
v -0.394224 -0.152900 -0.052784
v -0.394235 -0.152955 -0.053039
v -0.394254 -0.153053 -0.053281
v -0.394281 -0.153190 -0.053502
v -0.394315 -0.153363 -0.053695
v -0.394356 -0.153566 -0.053855
v -0.394401 -0.153794 -0.053976
v -0.394449 -0.154038 -0.054055
v -0.394499 -0.154292 -0.054090
v -0.394550 -0.154549 -0.054079
v -0.390551 -0.154946 -0.051104
v -0.390626 -0.155325 -0.054079
v -0.390575 -0.155069 -0.054090
v -0.390525 -0.154815 -0.054055
v -0.390477 -0.154570 -0.053976
v -0.390432 -0.154343 -0.053855
v -0.390391 -0.154140 -0.053695
v -0.390357 -0.153967 -0.053502
v -0.390330 -0.153829 -0.053281
v -0.390311 -0.153731 -0.053039
v -0.390300 -0.153676 -0.052784
v -0.390298 -0.153666 -0.052523
v -0.390304 -0.153700 -0.052264
v -0.390320 -0.153777 -0.052014
v -0.390343 -0.153896 -0.051783
v -0.390374 -0.154053 -0.051576
v -0.390412 -0.154242 -0.051399
v -0.390455 -0.154459 -0.051259
v -0.390502 -0.154696 -0.051160
v -0.385765 -0.130755 -0.031552
v -0.385802 -0.130944 -0.031729
v -0.385833 -0.131099 -0.031937
v -0.385856 -0.131217 -0.032169
v -0.385871 -0.131294 -0.032419
v -0.385878 -0.131327 -0.032678
v -0.385876 -0.131315 -0.032939
v -0.385865 -0.131259 -0.033194
v -0.385845 -0.131161 -0.033436
v -0.385818 -0.131023 -0.033656
v -0.385783 -0.130849 -0.033848
v -0.385743 -0.130645 -0.034007
v -0.385698 -0.130417 -0.034127
v -0.385650 -0.130173 -0.034206
v -0.385599 -0.129918 -0.034239
v -0.385549 -0.129662 -0.034227
v -0.385499 -0.129412 -0.034170
v -0.385452 -0.129175 -0.034070
v -0.385409 -0.128959 -0.033929
v -0.385372 -0.128770 -0.033752
v -0.385341 -0.128614 -0.033544
v -0.385318 -0.128496 -0.033312
v -0.385303 -0.128420 -0.033062
v -0.385296 -0.128387 -0.032803
v -0.385299 -0.128398 -0.032542
v -0.385310 -0.128454 -0.032287
v -0.385329 -0.128553 -0.032045
v -0.385356 -0.128691 -0.031825
v -0.385391 -0.128865 -0.031633
v -0.385431 -0.129069 -0.031474
v -0.385476 -0.129296 -0.031354
v -0.385525 -0.129541 -0.031275
v -0.385575 -0.129795 -0.031242
v -0.385626 -0.130052 -0.031254
v -0.385675 -0.130302 -0.031311
v -0.385722 -0.130539 -0.031411
v -0.389333 -0.128183 -0.033929
v -0.389376 -0.128399 -0.034070
v -0.389423 -0.128635 -0.034170
v -0.389473 -0.128886 -0.034227
v -0.389523 -0.129142 -0.034239
v -0.389574 -0.129396 -0.034206
v -0.389622 -0.129641 -0.034127
v -0.389667 -0.129869 -0.034007
v -0.389707 -0.130073 -0.033848
v -0.389742 -0.130246 -0.033656
v -0.389769 -0.130384 -0.033436
v -0.389789 -0.130483 -0.033194
v -0.389800 -0.130539 -0.032939
v -0.389802 -0.130551 -0.032678
v -0.389795 -0.130518 -0.032419
v -0.389780 -0.130441 -0.032169
v -0.389757 -0.130323 -0.031937
v -0.389726 -0.130167 -0.031729
v -0.389689 -0.129979 -0.031552
v -0.385409 -0.128959 -0.033929
v -0.385765 -0.130755 -0.031552
v -0.385802 -0.130944 -0.031729
v -0.385833 -0.131099 -0.031937
v -0.385856 -0.131217 -0.032169
v -0.385871 -0.131294 -0.032419
v -0.385878 -0.131327 -0.032678
v -0.385876 -0.131315 -0.032939
v -0.385865 -0.131259 -0.033194
v -0.385845 -0.131161 -0.033436
v -0.385818 -0.131023 -0.033656
v -0.385783 -0.130849 -0.033848
v -0.385743 -0.130645 -0.034007
v -0.385698 -0.130417 -0.034127
v -0.385650 -0.130173 -0.034206
v -0.385599 -0.129918 -0.034239
v -0.385549 -0.129662 -0.034227
v -0.385499 -0.129412 -0.034170
v -0.385452 -0.129175 -0.034070
v -0.389689 -0.129979 -0.031552
v -0.389646 -0.129762 -0.031411
v -0.389599 -0.129526 -0.031311
v -0.389550 -0.129275 -0.031254
v -0.389499 -0.129019 -0.031242
v -0.389449 -0.128765 -0.031275
v -0.389400 -0.128520 -0.031354
v -0.389355 -0.128292 -0.031474
v -0.389315 -0.128088 -0.031633
v -0.389280 -0.127915 -0.031825
v -0.389253 -0.127777 -0.032045
v -0.389234 -0.127678 -0.032287
v -0.389222 -0.127622 -0.032542
v -0.389220 -0.127610 -0.032803
v -0.389227 -0.127643 -0.033062
v -0.389242 -0.127720 -0.033312
v -0.389265 -0.127838 -0.033544
v -0.389296 -0.127994 -0.033752
v -0.389333 -0.128183 -0.033929
v -0.385765 -0.130755 -0.031552
v -0.385409 -0.128959 -0.033929
v -0.385372 -0.128770 -0.033752
v -0.385341 -0.128614 -0.033544
v -0.385318 -0.128496 -0.033312
v -0.385303 -0.128420 -0.033062
v -0.385296 -0.128387 -0.032803
v -0.385299 -0.128398 -0.032542
v -0.385310 -0.128454 -0.032287
v -0.385329 -0.128553 -0.032045
v -0.385356 -0.128691 -0.031825
v -0.385391 -0.128865 -0.031633
v -0.385431 -0.129069 -0.031474
v -0.385476 -0.129296 -0.031354
v -0.385525 -0.129541 -0.031275
v -0.385575 -0.129795 -0.031242
v -0.385626 -0.130052 -0.031254
v -0.385675 -0.130302 -0.031311
v -0.385722 -0.130539 -0.031411
v -0.402121 -0.192814 -0.033224
v -0.402768 -0.196086 -0.028012
v -0.403230 -0.198419 -0.022299
v -0.403492 -0.199744 -0.016260
v -0.403547 -0.200021 -0.010079
v -0.403392 -0.199240 -0.003942
v -0.403033 -0.197425 0.001963
v -0.402480 -0.194632 0.007457
v -0.401751 -0.190946 0.012374
v -0.400867 -0.186478 0.016563
v -0.399855 -0.181365 0.019898
v -0.398747 -0.175761 0.022277
v -0.397575 -0.169837 0.023627
v -0.396375 -0.163773 0.023909
v -0.395184 -0.157753 0.023113
v -0.394038 -0.151960 0.021263
v -0.392971 -0.146570 0.018416
v -0.392017 -0.141747 0.014659
v -0.391204 -0.137638 0.010104
v -0.401701 -0.135561 0.010104
v -0.411364 -0.184402 0.016563
v -0.410352 -0.179288 0.019898
v -0.409243 -0.173684 0.022277
v -0.408071 -0.167760 0.023627
v -0.406871 -0.161696 0.023909
v -0.405680 -0.155676 0.023113
v -0.404534 -0.149883 0.021263
v -0.403468 -0.144493 0.018416
v -0.402514 -0.139670 0.014659
v -0.411854 -0.184305 0.016563
v -0.403445 -0.141800 -0.039683
v -0.404456 -0.146914 -0.043018
v -0.405565 -0.152517 -0.045397
v -0.406737 -0.158441 -0.046748
v -0.407937 -0.164506 -0.047029
v -0.409128 -0.170526 -0.046233
v -0.410274 -0.176318 -0.044383
v -0.411341 -0.181708 -0.041536
v -0.412295 -0.186531 -0.037779
v -0.413108 -0.190641 -0.033224
v -0.413755 -0.193912 -0.028012
v -0.414217 -0.196246 -0.022299
v -0.414479 -0.197571 -0.016260
v -0.414534 -0.197847 -0.010079
v -0.414379 -0.197066 -0.003942
v -0.414020 -0.195251 0.001963
v -0.413468 -0.192459 0.007457
v -0.412738 -0.188772 0.012374
v -0.395597 -0.143353 -0.039683
v -0.398982 -0.160463 -0.046808
v -0.398074 -0.155871 -0.045926
v -0.397196 -0.151436 -0.044424
v -0.396366 -0.147238 -0.042331
v -0.406340 -0.159008 -0.046808
v -0.407524 -0.164996 -0.047010
v -0.408698 -0.170930 -0.046163
v -0.409827 -0.176634 -0.044291
v -0.410876 -0.181938 -0.041450
v -0.411816 -0.186686 -0.037724
v -0.412617 -0.190738 -0.033224
v -0.400967 -0.129276 -0.002913
v -0.402683 -0.137952 -0.036168
v -0.402191 -0.135464 0.010104
v -0.401669 -0.132824 0.006067
v -0.401258 -0.130748 0.001701
v -0.411854 -0.184305 0.016563
v -0.410843 -0.179191 0.019898
v -0.409734 -0.173587 0.022277
v -0.408562 -0.167663 0.023627
v -0.407362 -0.161599 0.023909
v -0.406171 -0.155579 0.023113
v -0.405025 -0.149786 0.021263
v -0.403958 -0.144396 0.018416
v -0.403004 -0.139573 0.014659
v -0.403445 -0.141800 -0.039683
v -0.404456 -0.146914 -0.043018
v -0.405565 -0.152517 -0.045397
v -0.406737 -0.158441 -0.046748
v -0.407937 -0.164506 -0.047029
v -0.409128 -0.170526 -0.046233
v -0.410274 -0.176318 -0.044383
v -0.411341 -0.181708 -0.041536
v -0.412295 -0.186531 -0.037779
v -0.413108 -0.190641 -0.033224
v -0.413755 -0.193912 -0.028012
v -0.414217 -0.196246 -0.022299
v -0.414479 -0.197571 -0.016260
v -0.414534 -0.197847 -0.010079
v -0.414379 -0.197066 -0.003942
v -0.414020 -0.195251 0.001963
v -0.413468 -0.192459 0.007457
v -0.412738 -0.188772 0.012374
v -0.402926 -0.139177 -0.037404
v -0.403180 -0.140461 -0.038577
v -0.402683 -0.137952 -0.036168
v -0.394835 -0.139504 -0.036168
v -0.393119 -0.130829 -0.002913
v -0.400967 -0.129276 -0.002913
v -0.394835 -0.139504 -0.036168
v -0.393119 -0.130829 -0.002913
v -0.394104 -0.135808 -0.031524
v -0.393535 -0.132930 -0.026313
v -0.393143 -0.130950 -0.020683
v -0.392940 -0.129925 -0.014795
v -0.392932 -0.129884 -0.008815
v -0.402191 -0.135464 0.010104
v -0.401701 -0.135561 0.010104
v -0.411854 -0.184305 0.016563
v -0.410843 -0.179191 0.019898
v -0.409734 -0.173587 0.022277
v -0.408562 -0.167663 0.023627
v -0.407362 -0.161599 0.023909
v -0.406171 -0.155579 0.023113
v -0.405025 -0.149786 0.021263
v -0.403958 -0.144396 0.018416
v -0.403004 -0.139573 0.014659
v -0.411364 -0.184402 0.016563
v -0.410352 -0.179288 0.019898
v -0.409243 -0.173684 0.022277
v -0.408071 -0.167760 0.023627
v -0.406871 -0.161696 0.023909
v -0.405680 -0.155676 0.023113
v -0.404534 -0.149883 0.021263
v -0.403468 -0.144493 0.018416
v -0.402514 -0.139670 0.014659
v -0.389205 -0.127535 0.018037
v -0.388638 -0.127243 0.018343
v -0.403706 -0.203403 -0.041463
v -0.402648 -0.198055 -0.047444
v -0.401413 -0.191815 -0.052447
v -0.400036 -0.184852 -0.056334
v -0.398553 -0.177356 -0.059000
v -0.397005 -0.169532 -0.060372
v -0.395434 -0.161593 -0.060412
v -0.393883 -0.153756 -0.059120
v -0.392395 -0.146235 -0.056531
v -0.391010 -0.139234 -0.052715
v -0.389766 -0.132945 -0.047776
v -0.388696 -0.127539 -0.041849
v -0.387831 -0.123163 -0.035097
v -0.387192 -0.119938 -0.027702
v -0.386799 -0.117951 -0.019867
v -0.386662 -0.117255 -0.011805
v -0.386784 -0.117871 -0.003737
v -0.387162 -0.119782 0.004118
v -0.387785 -0.122934 0.011546
v -0.404120 -0.202917 -0.041158
v -0.403009 -0.197303 -0.047380
v -0.401705 -0.190714 -0.052514
v -0.400248 -0.183350 -0.056403
v -0.398682 -0.175436 -0.058930
v -0.397055 -0.167212 -0.060018
v -0.395416 -0.158927 -0.059633
v -0.393815 -0.150833 -0.057788
v -0.392300 -0.143177 -0.054538
v -0.390918 -0.136191 -0.049982
v -0.389710 -0.130087 -0.044259
v -0.388714 -0.125051 -0.037542
v -0.387959 -0.121236 -0.030036
v -0.387468 -0.118757 -0.021968
v -0.387257 -0.117690 -0.013584
v -0.387332 -0.118067 -0.005139
v -0.387690 -0.119877 0.003111
v -0.388321 -0.123066 0.010916
v -0.404120 -0.202917 -0.041158
v -0.403009 -0.197303 -0.047380
v -0.401705 -0.190714 -0.052514
v -0.400248 -0.183350 -0.056403
v -0.398682 -0.175436 -0.058930
v -0.397055 -0.167212 -0.060018
v -0.395416 -0.158927 -0.059633
v -0.393815 -0.150833 -0.057788
v -0.392300 -0.143177 -0.054538
v -0.390918 -0.136191 -0.049982
v -0.389710 -0.130087 -0.044259
v -0.388714 -0.125051 -0.037542
v -0.387959 -0.121236 -0.030036
v -0.387468 -0.118757 -0.021968
v -0.387257 -0.117690 -0.013584
v -0.387332 -0.118067 -0.005139
v -0.387690 -0.119877 0.003111
v -0.388321 -0.123066 0.010916
v -0.389205 -0.127535 0.018037
v -0.390316 -0.133149 0.024260
v -0.391620 -0.139738 0.029394
v -0.393077 -0.147102 0.033283
v -0.394642 -0.155016 0.035810
v -0.396270 -0.163241 0.036898
v -0.397909 -0.171525 0.036513
v -0.399510 -0.179619 0.034668
v -0.401025 -0.187275 0.031418
v -0.402407 -0.194261 0.026862
v -0.403615 -0.200365 0.021138
v -0.404611 -0.205401 0.014422
v -0.405366 -0.209216 0.006915
v -0.405856 -0.211695 -0.001152
v -0.406067 -0.212762 -0.009536
v -0.405993 -0.212385 -0.017981
v -0.405635 -0.210575 -0.026232
v -0.405004 -0.207386 -0.034036
v -0.388988 -0.126435 -0.000290
v -0.388977 -0.126379 -0.000034
v -0.388957 -0.126282 0.000207
v -0.388930 -0.126144 0.000428
v -0.388896 -0.125971 0.000621
v -0.388856 -0.125768 0.000781
v -0.388811 -0.125541 0.000902
v -0.388762 -0.125296 0.000981
v -0.388712 -0.125042 0.001016
v -0.388661 -0.124786 0.001005
v -0.388612 -0.124535 0.000949
v -0.388565 -0.124298 0.000849
v -0.388522 -0.124082 0.000709
v -0.388485 -0.123892 0.000533
v -0.388454 -0.123736 0.000326
v -0.388430 -0.123617 0.000094
v -0.388415 -0.123539 -0.000155
v -0.388408 -0.123505 -0.000414
v -0.388410 -0.123516 -0.000676
v -0.388421 -0.123571 -0.000931
v -0.388440 -0.123669 -0.001173
v -0.388468 -0.123806 -0.001394
v -0.388502 -0.123979 -0.001587
v -0.388542 -0.124182 -0.001746
v -0.388587 -0.124410 -0.001867
v -0.388635 -0.124654 -0.001947
v -0.388686 -0.124908 -0.001981
v -0.388736 -0.125165 -0.001970
v -0.388786 -0.125415 -0.001914
v -0.388833 -0.125652 -0.001815
v -0.388876 -0.125869 -0.001675
v -0.388913 -0.126058 -0.001498
v -0.388944 -0.126215 -0.001291
v -0.388968 -0.126334 -0.001059
v -0.388983 -0.126411 -0.000810
v -0.388990 -0.126445 -0.000551
v -0.392782 -0.145614 0.024371
v -0.392810 -0.145752 0.024591
v -0.392829 -0.145851 0.024832
v -0.392840 -0.145907 0.025087
v -0.392842 -0.145919 0.025349
v -0.392836 -0.145886 0.025608
v -0.392821 -0.145809 0.025857
v -0.392797 -0.145691 0.026090
v -0.392767 -0.145535 0.026297
v -0.392729 -0.145346 0.026474
v -0.392686 -0.145130 0.026615
v -0.392640 -0.144894 0.026716
v -0.392590 -0.144643 0.026773
v -0.392539 -0.144387 0.026785
v -0.392489 -0.144133 0.026751
v -0.392441 -0.143888 0.026673
v -0.392396 -0.143660 0.026553
v -0.392355 -0.143456 0.026394
v -0.392321 -0.143283 0.026201
v -0.392294 -0.143144 0.025981
v -0.392274 -0.143046 0.025740
v -0.392263 -0.142990 0.025485
v -0.392261 -0.142978 0.025223
v -0.392267 -0.143011 0.024964
v -0.392282 -0.143088 0.024715
v -0.392306 -0.143206 0.024483
v -0.392337 -0.143362 0.024275
v -0.392374 -0.143550 0.024098
v -0.392417 -0.143766 0.023957
v -0.392464 -0.144003 0.023856
v -0.392513 -0.144254 0.023799
v -0.392564 -0.144510 0.023787
v -0.392614 -0.144764 0.023821
v -0.392662 -0.145009 0.023899
v -0.392708 -0.145237 0.024019
v -0.392748 -0.145440 0.024178
v -0.398850 -0.176282 0.027983
v -0.398899 -0.176533 0.028039
v -0.398946 -0.176770 0.028139
v -0.398989 -0.176986 0.028279
v -0.399027 -0.177176 0.028455
v -0.399058 -0.177332 0.028663
v -0.399081 -0.177451 0.028894
v -0.399097 -0.177529 0.029143
v -0.399103 -0.177563 0.029403
v -0.399101 -0.177552 0.029664
v -0.399090 -0.177497 0.029919
v -0.399071 -0.177399 0.030161
v -0.399044 -0.177262 0.030382
v -0.399010 -0.177089 0.030575
v -0.398969 -0.176886 0.030734
v -0.398924 -0.176658 0.030856
v -0.398876 -0.176414 0.030935
v -0.398826 -0.176160 0.030969
v -0.398775 -0.175903 0.030958
v -0.398725 -0.175653 0.030902
v -0.398678 -0.175416 0.030803
v -0.398636 -0.175199 0.030663
v -0.398598 -0.175010 0.030486
v -0.398567 -0.174853 0.030279
v -0.398544 -0.174734 0.030048
v -0.398528 -0.174657 0.029798
v -0.398522 -0.174623 0.029539
v -0.398524 -0.174634 0.029278
v -0.398535 -0.174689 0.029023
v -0.398554 -0.174786 0.028781
v -0.398581 -0.174924 0.028560
v -0.398615 -0.175097 0.028367
v -0.398656 -0.175300 0.028207
v -0.398700 -0.175527 0.028086
v -0.398749 -0.175772 0.028007
v -0.398799 -0.176026 0.027972
v -0.403636 -0.200474 0.008432
v -0.403679 -0.200690 0.008291
v -0.403726 -0.200926 0.008191
v -0.403775 -0.201177 0.008134
v -0.403826 -0.201433 0.008122
v -0.403876 -0.201687 0.008155
v -0.403925 -0.201932 0.008233
v -0.403970 -0.202160 0.008354
v -0.404010 -0.202364 0.008513
v -0.404044 -0.202537 0.008705
v -0.404072 -0.202675 0.008925
v -0.404091 -0.202774 0.009167
v -0.404102 -0.202830 0.009422
v -0.404105 -0.202842 0.009683
v -0.404098 -0.202809 0.009942
v -0.404083 -0.202732 0.010192
v -0.404060 -0.202614 0.010424
v -0.404029 -0.202458 0.010632
v -0.403991 -0.202270 0.010809
v -0.403949 -0.202053 0.010950
v -0.403902 -0.201817 0.011050
v -0.403852 -0.201566 0.011107
v -0.403802 -0.201310 0.011119
v -0.403751 -0.201056 0.011085
v -0.403703 -0.200811 0.011007
v -0.403658 -0.200583 0.010887
v -0.403618 -0.200379 0.010728
v -0.403583 -0.200206 0.010536
v -0.403556 -0.200068 0.010315
v -0.403536 -0.199969 0.010074
v -0.403525 -0.199913 0.009819
v -0.403523 -0.199901 0.009558
v -0.403529 -0.199934 0.009298
v -0.403545 -0.200011 0.009049
v -0.403568 -0.200129 0.008817
v -0.403599 -0.200285 0.008609
v -0.404337 -0.204018 -0.022830
v -0.404348 -0.204073 -0.023086
v -0.404368 -0.204170 -0.023328
v -0.404395 -0.204308 -0.023548
v -0.404429 -0.204481 -0.023741
v -0.404469 -0.204684 -0.023901
v -0.404514 -0.204911 -0.024022
v -0.404563 -0.205156 -0.024101
v -0.404613 -0.205410 -0.024136
v -0.404664 -0.205666 -0.024125
v -0.404713 -0.205917 -0.024069
v -0.404760 -0.206154 -0.023969
v -0.404803 -0.206370 -0.023829
v -0.404840 -0.206560 -0.023653
v -0.404871 -0.206716 -0.023446
v -0.404895 -0.206835 -0.023214
v -0.404910 -0.206913 -0.022965
v -0.404917 -0.206947 -0.022706
v -0.404915 -0.206936 -0.022444
v -0.404904 -0.206881 -0.022189
v -0.404885 -0.206783 -0.021947
v -0.404857 -0.206646 -0.021727
v -0.404823 -0.206473 -0.021533
v -0.404783 -0.206270 -0.021374
v -0.404738 -0.206042 -0.021253
v -0.404690 -0.205798 -0.021174
v -0.404639 -0.205544 -0.021139
v -0.404589 -0.205287 -0.021150
v -0.404539 -0.205037 -0.021206
v -0.404492 -0.204800 -0.021306
v -0.404449 -0.204583 -0.021446
v -0.404412 -0.204394 -0.021622
v -0.404381 -0.204237 -0.021829
v -0.404357 -0.204118 -0.022061
v -0.404342 -0.204041 -0.022310
v -0.404335 -0.204007 -0.022569
v -0.400543 -0.184838 -0.047491
v -0.400515 -0.184700 -0.047711
v -0.400496 -0.184601 -0.047952
v -0.400485 -0.184545 -0.048208
v -0.400482 -0.184534 -0.048469
v -0.400489 -0.184567 -0.048728
v -0.400504 -0.184643 -0.048978
v -0.400527 -0.184761 -0.049210
v -0.400558 -0.184917 -0.049418
v -0.400596 -0.185106 -0.049595
v -0.400638 -0.185322 -0.049735
v -0.400685 -0.185559 -0.049836
v -0.400735 -0.185809 -0.049893
v -0.400785 -0.186065 -0.049905
v -0.400836 -0.186319 -0.049871
v -0.400884 -0.186564 -0.049793
v -0.400929 -0.186792 -0.049673
v -0.400970 -0.186996 -0.049514
v -0.401004 -0.187169 -0.049322
v -0.401031 -0.187308 -0.049101
v -0.401051 -0.187406 -0.048860
v -0.401062 -0.187462 -0.048605
v -0.401064 -0.187474 -0.048344
v -0.401058 -0.187441 -0.048084
v -0.401042 -0.187364 -0.047835
v -0.401019 -0.187246 -0.047603
v -0.400988 -0.187090 -0.047395
v -0.400951 -0.186902 -0.047218
v -0.400908 -0.186686 -0.047077
v -0.400861 -0.186449 -0.046977
v -0.400812 -0.186199 -0.046919
v -0.400761 -0.185942 -0.046908
v -0.400711 -0.185688 -0.046941
v -0.400662 -0.185443 -0.047019
v -0.400617 -0.185215 -0.047140
v -0.400577 -0.185012 -0.047298
v -0.394475 -0.154170 -0.051104
v -0.394425 -0.153920 -0.051160
v -0.394379 -0.153682 -0.051259
v -0.394336 -0.153466 -0.051399
v -0.394298 -0.153276 -0.051576
v -0.394267 -0.153120 -0.051783
v -0.394244 -0.153001 -0.052014
v -0.394228 -0.152923 -0.052264
v -0.394222 -0.152889 -0.052523
v -0.394224 -0.152900 -0.052784
v -0.394235 -0.152955 -0.053039
v -0.394254 -0.153053 -0.053281
v -0.394281 -0.153190 -0.053502
v -0.394315 -0.153363 -0.053695
v -0.394356 -0.153566 -0.053855
v -0.394401 -0.153794 -0.053976
v -0.394449 -0.154038 -0.054055
v -0.394499 -0.154292 -0.054090
v -0.394550 -0.154549 -0.054079
v -0.394599 -0.154799 -0.054023
v -0.394646 -0.155036 -0.053923
v -0.394689 -0.155253 -0.053783
v -0.394727 -0.155442 -0.053607
v -0.394758 -0.155599 -0.053399
v -0.394781 -0.155718 -0.053168
v -0.394797 -0.155795 -0.052919
v -0.394803 -0.155829 -0.052659
v -0.394801 -0.155819 -0.052398
v -0.394790 -0.155764 -0.052143
v -0.394771 -0.155666 -0.051901
v -0.394744 -0.155528 -0.051680
v -0.394710 -0.155356 -0.051487
v -0.394669 -0.155152 -0.051328
v -0.394624 -0.154925 -0.051206
v -0.394576 -0.154681 -0.051127
v -0.394526 -0.154426 -0.051093
v -0.389689 -0.129979 -0.031552
v -0.389646 -0.129762 -0.031411
v -0.389599 -0.129526 -0.031311
v -0.389550 -0.129275 -0.031254
v -0.389499 -0.129019 -0.031242
v -0.389449 -0.128765 -0.031275
v -0.389400 -0.128520 -0.031354
v -0.389355 -0.128292 -0.031474
v -0.389315 -0.128088 -0.031633
v -0.389280 -0.127915 -0.031825
v -0.389253 -0.127777 -0.032045
v -0.389234 -0.127678 -0.032287
v -0.389222 -0.127622 -0.032542
v -0.389220 -0.127610 -0.032803
v -0.389227 -0.127643 -0.033062
v -0.389242 -0.127720 -0.033312
v -0.389265 -0.127838 -0.033544
v -0.389296 -0.127994 -0.033752
v -0.389333 -0.128183 -0.033929
v -0.389376 -0.128399 -0.034070
v -0.389423 -0.128635 -0.034170
v -0.389473 -0.128886 -0.034227
v -0.389523 -0.129142 -0.034239
v -0.389574 -0.129396 -0.034206
v -0.389622 -0.129641 -0.034127
v -0.389667 -0.129869 -0.034007
v -0.389707 -0.130073 -0.033848
v -0.389742 -0.130246 -0.033656
v -0.389769 -0.130384 -0.033436
v -0.389789 -0.130483 -0.033194
v -0.389800 -0.130539 -0.032939
v -0.389802 -0.130551 -0.032678
v -0.389795 -0.130518 -0.032419
v -0.389780 -0.130441 -0.032169
v -0.389757 -0.130323 -0.031937
v -0.389726 -0.130167 -0.031729
v -0.391204 -0.137638 0.010104
v -0.390557 -0.134366 0.004891
v -0.390095 -0.132033 -0.000821
v -0.389833 -0.130708 -0.006860
v -0.389778 -0.130431 -0.013042
v -0.389933 -0.131212 -0.019178
v -0.390292 -0.133027 -0.025083
v -0.390844 -0.135820 -0.030578
v -0.391574 -0.139506 -0.035494
v -0.392458 -0.143974 -0.039683
v -0.393469 -0.149087 -0.043018
v -0.394578 -0.154691 -0.045397
v -0.395750 -0.160615 -0.046748
v -0.396950 -0.166679 -0.047029
v -0.398141 -0.172699 -0.046233
v -0.399287 -0.178492 -0.044383
v -0.400354 -0.183882 -0.041536
v -0.401308 -0.188705 -0.037779
v -0.402121 -0.192814 -0.033224
v -0.402768 -0.196086 -0.028012
v -0.403230 -0.198419 -0.022299
v -0.403492 -0.199744 -0.016260
v -0.403547 -0.200021 -0.010079
v -0.403392 -0.199240 -0.003942
v -0.403033 -0.197425 0.001963
v -0.402480 -0.194632 0.007457
v -0.401751 -0.190946 0.012374
v -0.400867 -0.186478 0.016563
v -0.399855 -0.181365 0.019898
v -0.398747 -0.175761 0.022277
v -0.397575 -0.169837 0.023627
v -0.396375 -0.163773 0.023909
v -0.395184 -0.157753 0.023113
v -0.394038 -0.151960 0.021263
v -0.392971 -0.146570 0.018416
v -0.392017 -0.141747 0.014659
v -0.404120 -0.202917 -0.041158
v -0.403706 -0.203403 -0.041463
v -0.388638 -0.127243 0.018343
v -0.389696 -0.132591 0.024324
v -0.390931 -0.138831 0.029327
v -0.392308 -0.145794 0.033214
v -0.393791 -0.153290 0.035880
v -0.395339 -0.161114 0.037252
v -0.396910 -0.169053 0.037292
v -0.398460 -0.176890 0.036000
v -0.399949 -0.184412 0.033411
v -0.401334 -0.191412 0.029595
v -0.402578 -0.197702 0.024656
v -0.403648 -0.203108 0.018729
v -0.404513 -0.207483 0.011977
v -0.405151 -0.210708 0.004582
v -0.405545 -0.212696 -0.003253
v -0.405682 -0.213391 -0.011315
v -0.405560 -0.212775 -0.019383
v -0.405182 -0.210864 -0.027238
v -0.404559 -0.207712 -0.034666
v -0.389205 -0.127535 0.018037
v -0.390316 -0.133149 0.024260
v -0.391620 -0.139738 0.029394
v -0.393077 -0.147102 0.033283
v -0.394642 -0.155016 0.035810
v -0.396270 -0.163241 0.036898
v -0.397909 -0.171525 0.036513
v -0.399510 -0.179619 0.034668
v -0.401025 -0.187275 0.031418
v -0.402407 -0.194261 0.026862
v -0.403615 -0.200365 0.021138
v -0.404611 -0.205401 0.014422
v -0.405366 -0.209216 0.006915
v -0.405856 -0.211695 -0.001152
v -0.406067 -0.212762 -0.009536
v -0.405993 -0.212385 -0.017981
v -0.405635 -0.210575 -0.026232
v -0.405004 -0.207386 -0.034036
v -0.362799 -0.211496 -0.041463
v -0.362232 -0.211205 -0.041158
v -0.363116 -0.215674 -0.034036
v -0.363747 -0.218862 -0.026232
v -0.364105 -0.220672 -0.017981
v -0.364179 -0.221050 -0.009536
v -0.363968 -0.219983 -0.001152
v -0.363478 -0.217504 0.006915
v -0.362723 -0.213688 0.014422
v -0.361727 -0.208652 0.021138
v -0.360519 -0.202548 0.026862
v -0.359137 -0.195562 0.031418
v -0.357622 -0.187906 0.034668
v -0.356021 -0.179813 0.036513
v -0.354382 -0.171528 0.036898
v -0.352754 -0.163304 0.035810
v -0.351189 -0.155389 0.033283
v -0.349732 -0.148026 0.029394
v -0.348428 -0.141437 0.024260
v -0.347317 -0.135822 0.018037
v -0.347731 -0.135337 0.018343
v -0.363651 -0.215805 -0.034666
v -0.364275 -0.218958 -0.027238
v -0.364653 -0.220868 -0.019383
v -0.364775 -0.221484 -0.011315
v -0.364638 -0.220789 -0.003253
v -0.364244 -0.218802 0.004582
v -0.363606 -0.215576 0.011977
v -0.362741 -0.211201 0.018729
v -0.361671 -0.205795 0.024656
v -0.360427 -0.199506 0.029595
v -0.359042 -0.192505 0.033411
v -0.357553 -0.184983 0.036000
v -0.356003 -0.177146 0.037292
v -0.354432 -0.169208 0.037252
v -0.352884 -0.161384 0.035880
v -0.351401 -0.153888 0.033214
v -0.350024 -0.146925 0.029327
v -0.348789 -0.140684 0.024324
v -0.347731 -0.135337 0.018343
v -0.388638 -0.127243 0.018343
v -0.389696 -0.132591 0.024324
v -0.390931 -0.138831 0.029327
v -0.392308 -0.145794 0.033214
v -0.393791 -0.153290 0.035880
v -0.395339 -0.161114 0.037252
v -0.396910 -0.169053 0.037292
v -0.398460 -0.176890 0.036000
v -0.399949 -0.184412 0.033411
v -0.401334 -0.191412 0.029595
v -0.402578 -0.197702 0.024656
v -0.403648 -0.203108 0.018729
v -0.404513 -0.207483 0.011977
v -0.405151 -0.210708 0.004582
v -0.405545 -0.212696 -0.003253
v -0.405682 -0.213391 -0.011315
v -0.405560 -0.212775 -0.019383
v -0.405182 -0.210864 -0.027238
v -0.404559 -0.207712 -0.034666
v -0.403706 -0.203403 -0.041463
v -0.362799 -0.211496 -0.041463
v -0.363651 -0.215805 -0.034666
v -0.364275 -0.218958 -0.027238
v -0.364653 -0.220868 -0.019383
v -0.364775 -0.221484 -0.011315
v -0.364638 -0.220789 -0.003253
v -0.364244 -0.218802 0.004582
v -0.363606 -0.215576 0.011977
v -0.362741 -0.211201 0.018729
v -0.361671 -0.205795 0.024656
v -0.360427 -0.199506 0.029595
v -0.359042 -0.192505 0.033411
v -0.357553 -0.184983 0.036000
v -0.356003 -0.177146 0.037292
v -0.354432 -0.169208 0.037252
v -0.352884 -0.161384 0.035880
v -0.351401 -0.153888 0.033214
v -0.350024 -0.146925 0.029327
v -0.348789 -0.140684 0.024324
v -0.362799 -0.211496 -0.041463
v -0.403706 -0.203403 -0.041463
v -0.402648 -0.198055 -0.047444
v -0.401413 -0.191815 -0.052447
v -0.400036 -0.184852 -0.056334
v -0.398553 -0.177356 -0.059000
v -0.397005 -0.169532 -0.060372
v -0.395434 -0.161593 -0.060412
v -0.393883 -0.153756 -0.059120
v -0.392395 -0.146235 -0.056531
v -0.391010 -0.139234 -0.052715
v -0.389766 -0.132945 -0.047776
v -0.388696 -0.127539 -0.041849
v -0.387831 -0.123163 -0.035097
v -0.387192 -0.119938 -0.027702
v -0.386799 -0.117951 -0.019867
v -0.386662 -0.117255 -0.011805
v -0.386784 -0.117871 -0.003737
v -0.387162 -0.119782 0.004118
v -0.387785 -0.122934 0.011546
v -0.388638 -0.127243 0.018343
v -0.347731 -0.135337 0.018343
v -0.346837 -0.130822 0.011148
v -0.346200 -0.127600 0.003263
v -0.345838 -0.125771 -0.005073
v -0.345763 -0.125390 -0.013605
v -0.345976 -0.126468 -0.022075
v -0.346472 -0.128973 -0.030226
v -0.347234 -0.132828 -0.037810
v -0.348241 -0.137916 -0.044596
v -0.349461 -0.144082 -0.050378
v -0.350858 -0.151141 -0.054981
v -0.352388 -0.158876 -0.058264
v -0.354006 -0.167052 -0.060129
v -0.355662 -0.175423 -0.060517
v -0.357306 -0.183732 -0.059419
v -0.358888 -0.191728 -0.056866
v -0.360360 -0.199167 -0.052936
v -0.361677 -0.205824 -0.047749
v -0.347731 -0.135337 0.018343
v -0.347317 -0.135822 0.018037
v -0.346433 -0.131353 0.010916
v -0.345802 -0.128165 0.003111
v -0.345444 -0.126355 -0.005139
v -0.345369 -0.125977 -0.013584
v -0.345580 -0.127044 -0.021968
v -0.346071 -0.129523 -0.030036
v -0.346826 -0.133339 -0.037542
v -0.347822 -0.138375 -0.044259
v -0.349030 -0.144479 -0.049982
v -0.350412 -0.151465 -0.054538
v -0.351927 -0.159121 -0.057788
v -0.353528 -0.167214 -0.059633
v -0.355167 -0.175499 -0.060018
v -0.356794 -0.183724 -0.058930
v -0.358360 -0.191638 -0.056403
v -0.359817 -0.199001 -0.052514
v -0.361121 -0.205590 -0.047380
v -0.362232 -0.211205 -0.041158
v -0.362799 -0.211496 -0.041463
v -0.346837 -0.130822 0.011148
v -0.346200 -0.127600 0.003263
v -0.345838 -0.125771 -0.005073
v -0.345763 -0.125390 -0.013605
v -0.345976 -0.126468 -0.022075
v -0.346472 -0.128973 -0.030226
v -0.347234 -0.132828 -0.037810
v -0.348241 -0.137916 -0.044596
v -0.349461 -0.144082 -0.050378
v -0.350858 -0.151141 -0.054981
v -0.352388 -0.158876 -0.058264
v -0.354006 -0.167052 -0.060129
v -0.355662 -0.175423 -0.060517
v -0.357306 -0.183732 -0.059419
v -0.358888 -0.191728 -0.056866
v -0.360360 -0.199167 -0.052936
v -0.361677 -0.205824 -0.047749
v -0.362232 -0.211205 -0.041158
v -0.363116 -0.215674 -0.034036
v -0.363747 -0.218862 -0.026232
v -0.364105 -0.220672 -0.017981
v -0.364179 -0.221050 -0.009536
v -0.363968 -0.219983 -0.001152
v -0.363478 -0.217504 0.006915
v -0.362723 -0.213688 0.014422
v -0.361727 -0.208652 0.021138
v -0.360519 -0.202548 0.026862
v -0.359137 -0.195562 0.031418
v -0.357622 -0.187906 0.034668
v -0.356021 -0.179813 0.036513
v -0.354382 -0.171528 0.036898
v -0.352754 -0.163304 0.035810
v -0.351189 -0.155389 0.033283
v -0.349732 -0.148026 0.029394
v -0.348428 -0.141437 0.024260
v -0.347317 -0.135822 0.018037
v -0.346433 -0.131353 0.010916
v -0.345802 -0.128165 0.003111
v -0.345444 -0.126355 -0.005139
v -0.345369 -0.125977 -0.013584
v -0.345580 -0.127044 -0.021968
v -0.346071 -0.129523 -0.030036
v -0.346826 -0.133339 -0.037542
v -0.347822 -0.138375 -0.044259
v -0.349030 -0.144479 -0.049982
v -0.350412 -0.151465 -0.054538
v -0.351927 -0.159121 -0.057788
v -0.353528 -0.167214 -0.059633
v -0.355167 -0.175499 -0.060018
v -0.356794 -0.183724 -0.058930
v -0.358360 -0.191638 -0.056403
v -0.359817 -0.199001 -0.052514
v -0.361121 -0.205590 -0.047380
v -0.360925 -0.204599 -0.035970
v -0.360009 -0.199969 -0.041102
v -0.358933 -0.194534 -0.045336
v -0.357732 -0.188461 -0.048544
v -0.356440 -0.181934 -0.050628
v -0.355098 -0.175151 -0.051525
v -0.353747 -0.168318 -0.051208
v -0.352426 -0.161643 -0.049686
v -0.351177 -0.155329 -0.047006
v -0.350037 -0.149567 -0.043248
v -0.349041 -0.144533 -0.038528
v -0.348219 -0.140380 -0.032988
v -0.347596 -0.137233 -0.026798
v -0.347192 -0.135188 -0.020144
v -0.347018 -0.134308 -0.013229
v -0.347079 -0.134620 -0.006264
v -0.347375 -0.136113 0.000540
v -0.347895 -0.138742 0.006977
v -0.348624 -0.142428 0.012850
v -0.349540 -0.147059 0.017982
v -0.350615 -0.152493 0.022216
v -0.351817 -0.158566 0.025424
v -0.353108 -0.165093 0.027508
v -0.354450 -0.171876 0.028405
v -0.355802 -0.178709 0.028088
v -0.357123 -0.185384 0.026566
v -0.358372 -0.191698 0.023885
v -0.359512 -0.197460 0.020128
v -0.360508 -0.202494 0.015408
v -0.361330 -0.206648 0.009868
v -0.361953 -0.209794 0.003677
v -0.362357 -0.211839 -0.002976
v -0.362531 -0.212719 -0.009891
v -0.362470 -0.212408 -0.016856
v -0.362174 -0.210914 -0.023660
v -0.361654 -0.208285 -0.030097
v -0.355597 -0.177671 -0.055883
v -0.355595 -0.177660 -0.055622
v -0.355601 -0.177694 -0.055363
v -0.355617 -0.177771 -0.055114
v -0.355640 -0.177890 -0.054882
v -0.355671 -0.178047 -0.054675
v -0.355709 -0.178236 -0.054499
v -0.355752 -0.178453 -0.054358
v -0.355799 -0.178690 -0.054259
v -0.355848 -0.178940 -0.054203
v -0.355899 -0.179197 -0.054192
v -0.355949 -0.179451 -0.054226
v -0.355997 -0.179695 -0.054306
v -0.356042 -0.179923 -0.054427
v -0.356083 -0.180126 -0.054586
v -0.356117 -0.180299 -0.054779
v -0.356144 -0.180436 -0.055000
v -0.356163 -0.180534 -0.055242
v -0.356174 -0.180589 -0.055497
v -0.356176 -0.180600 -0.055759
v -0.356170 -0.180566 -0.056018
v -0.356154 -0.180488 -0.056267
v -0.356131 -0.180369 -0.056499
v -0.356100 -0.180213 -0.056706
v -0.356062 -0.180023 -0.056882
v -0.356020 -0.179807 -0.057022
v -0.355973 -0.179570 -0.057122
v -0.355923 -0.179319 -0.057178
v -0.355872 -0.179063 -0.057189
v -0.355822 -0.178809 -0.057154
v -0.355774 -0.178564 -0.057075
v -0.355729 -0.178337 -0.056954
v -0.355688 -0.178134 -0.056794
v -0.355654 -0.177961 -0.056601
v -0.355627 -0.177823 -0.056380
v -0.355608 -0.177726 -0.056139
v -0.361439 -0.207198 -0.039905
v -0.361402 -0.207009 -0.039728
v -0.361371 -0.206854 -0.039520
v -0.361347 -0.206736 -0.039288
v -0.361332 -0.206659 -0.039039
v -0.361326 -0.206626 -0.038779
v -0.361328 -0.206638 -0.038518
v -0.361339 -0.206694 -0.038263
v -0.361359 -0.206792 -0.038021
v -0.361386 -0.206931 -0.037801
v -0.361420 -0.207104 -0.037609
v -0.361461 -0.207308 -0.037450
v -0.361506 -0.207536 -0.037330
v -0.361554 -0.207780 -0.037252
v -0.361604 -0.208035 -0.037218
v -0.361655 -0.208291 -0.037230
v -0.361705 -0.208541 -0.037287
v -0.361752 -0.208778 -0.037387
v -0.361794 -0.208994 -0.037528
v -0.361832 -0.209183 -0.037705
v -0.361862 -0.209339 -0.037913
v -0.361886 -0.209457 -0.038145
v -0.361901 -0.209533 -0.038395
v -0.361907 -0.209566 -0.038654
v -0.361905 -0.209555 -0.038915
v -0.361894 -0.209499 -0.039170
v -0.361875 -0.209400 -0.039412
v -0.361847 -0.209262 -0.039632
v -0.361813 -0.209088 -0.039824
v -0.361773 -0.208884 -0.039983
v -0.361727 -0.208657 -0.040104
v -0.361679 -0.208412 -0.040182
v -0.361629 -0.208158 -0.040215
v -0.361578 -0.207901 -0.040203
v -0.361529 -0.207651 -0.040146
v -0.361482 -0.207414 -0.040046
v -0.363377 -0.216994 -0.007323
v -0.363326 -0.216738 -0.007333
v -0.363276 -0.216483 -0.007299
v -0.363228 -0.216239 -0.007220
v -0.363183 -0.216012 -0.007099
v -0.363142 -0.215808 -0.006939
v -0.363108 -0.215636 -0.006746
v -0.363081 -0.215498 -0.006525
v -0.363062 -0.215400 -0.006283
v -0.363051 -0.215345 -0.006028
v -0.363049 -0.215335 -0.005767
v -0.363055 -0.215369 -0.005508
v -0.363071 -0.215446 -0.005258
v -0.363094 -0.215565 -0.005027
v -0.363125 -0.215722 -0.004820
v -0.363163 -0.215911 -0.004643
v -0.363206 -0.216128 -0.004503
v -0.363253 -0.216365 -0.004404
v -0.363302 -0.216615 -0.004348
v -0.363353 -0.216872 -0.004337
v -0.363403 -0.217126 -0.004371
v -0.363451 -0.217370 -0.004450
v -0.363496 -0.217598 -0.004571
v -0.363537 -0.217801 -0.004731
v -0.363571 -0.217974 -0.004924
v -0.363598 -0.218111 -0.005145
v -0.363617 -0.218209 -0.005387
v -0.363628 -0.218264 -0.005642
v -0.363630 -0.218275 -0.005903
v -0.363624 -0.218241 -0.006162
v -0.363608 -0.218163 -0.006412
v -0.363585 -0.218044 -0.006643
v -0.363554 -0.217888 -0.006851
v -0.363516 -0.217698 -0.007027
v -0.363473 -0.217482 -0.007167
v -0.363427 -0.217244 -0.007266
v -0.360276 -0.201319 0.022777
v -0.360241 -0.201146 0.022585
v -0.360201 -0.200942 0.022426
v -0.360156 -0.200714 0.022306
v -0.360108 -0.200469 0.022228
v -0.360057 -0.200215 0.022194
v -0.360007 -0.199959 0.022206
v -0.359957 -0.199709 0.022263
v -0.359910 -0.199472 0.022364
v -0.359868 -0.199256 0.022505
v -0.359830 -0.199067 0.022682
v -0.359799 -0.198911 0.022889
v -0.359776 -0.198793 0.023121
v -0.359761 -0.198717 0.023371
v -0.359754 -0.198684 0.023630
v -0.359757 -0.198695 0.023891
v -0.359768 -0.198751 0.024147
v -0.359787 -0.198850 0.024388
v -0.359815 -0.198988 0.024608
v -0.359849 -0.199162 0.024801
v -0.359889 -0.199365 0.024959
v -0.359934 -0.199593 0.025080
v -0.359983 -0.199838 0.025158
v -0.360033 -0.200092 0.025192
v -0.360084 -0.200349 0.025180
v -0.360133 -0.200599 0.025123
v -0.360180 -0.200836 0.025022
v -0.360223 -0.201052 0.024881
v -0.360260 -0.201240 0.024704
v -0.360291 -0.201396 0.024496
v -0.360314 -0.201514 0.024264
v -0.360330 -0.201591 0.024015
v -0.360336 -0.201624 0.023755
v -0.360334 -0.201612 0.023494
v -0.360323 -0.201556 0.023239
v -0.360303 -0.201458 0.022998
v -0.353952 -0.169357 0.032763
v -0.353954 -0.169367 0.032502
v -0.353947 -0.169333 0.032243
v -0.353932 -0.169256 0.031993
v -0.353908 -0.169137 0.031762
v -0.353878 -0.168980 0.031555
v -0.353840 -0.168791 0.031378
v -0.353797 -0.168574 0.031238
v -0.353750 -0.168337 0.031139
v -0.353701 -0.168087 0.031083
v -0.353650 -0.167830 0.031072
v -0.353600 -0.167576 0.031106
v -0.353551 -0.167332 0.031185
v -0.353506 -0.167104 0.031307
v -0.353466 -0.166901 0.031466
v -0.353432 -0.166728 0.031659
v -0.353405 -0.166591 0.031880
v -0.353385 -0.166493 0.032122
v -0.353375 -0.166438 0.032377
v -0.353372 -0.166427 0.032638
v -0.353379 -0.166461 0.032898
v -0.353394 -0.166539 0.033147
v -0.353418 -0.166658 0.033378
v -0.353449 -0.166814 0.033586
v -0.353486 -0.167004 0.033762
v -0.353529 -0.167220 0.033902
v -0.353576 -0.167458 0.034002
v -0.353626 -0.167708 0.034058
v -0.353677 -0.167964 0.034069
v -0.353727 -0.168219 0.034034
v -0.353775 -0.168463 0.033955
v -0.353820 -0.168690 0.033834
v -0.353860 -0.168894 0.033674
v -0.353895 -0.169066 0.033481
v -0.353922 -0.169204 0.033260
v -0.353941 -0.169302 0.033018
v -0.348110 -0.139829 0.016785
v -0.348147 -0.140018 0.016608
v -0.348178 -0.140174 0.016400
v -0.348201 -0.140292 0.016168
v -0.348217 -0.140368 0.015918
v -0.348223 -0.140401 0.015659
v -0.348221 -0.140390 0.015398
v -0.348210 -0.140334 0.015143
v -0.348190 -0.140235 0.014901
v -0.348163 -0.140097 0.014681
v -0.348129 -0.139923 0.014489
v -0.348088 -0.139719 0.014330
v -0.348043 -0.139492 0.014210
v -0.347995 -0.139247 0.014131
v -0.347944 -0.138992 0.014098
v -0.347894 -0.138736 0.014110
v -0.347844 -0.138486 0.014167
v -0.347797 -0.138249 0.014267
v -0.347755 -0.138033 0.014408
v -0.347717 -0.137844 0.014585
v -0.347686 -0.137688 0.014793
v -0.347663 -0.137570 0.015025
v -0.347648 -0.137494 0.015275
v -0.347641 -0.137461 0.015534
v -0.347644 -0.137472 0.015795
v -0.347655 -0.137528 0.016050
v -0.347674 -0.137627 0.016292
v -0.347702 -0.137765 0.016512
v -0.347736 -0.137939 0.016704
v -0.347776 -0.138143 0.016863
v -0.347821 -0.138370 0.016983
v -0.347870 -0.138615 0.017061
v -0.347920 -0.138870 0.017095
v -0.347971 -0.139126 0.017083
v -0.348020 -0.139376 0.017026
v -0.348067 -0.139613 0.016926
v -0.346172 -0.130033 -0.015798
v -0.346223 -0.130290 -0.015787
v -0.346273 -0.130544 -0.015821
v -0.346321 -0.130788 -0.015900
v -0.346366 -0.131016 -0.016022
v -0.346406 -0.131219 -0.016181
v -0.346441 -0.131392 -0.016374
v -0.346468 -0.131529 -0.016595
v -0.346487 -0.131627 -0.016837
v -0.346498 -0.131682 -0.017092
v -0.346500 -0.131693 -0.017353
v -0.346493 -0.131659 -0.017613
v -0.346478 -0.131581 -0.017862
v -0.346455 -0.131462 -0.018093
v -0.346424 -0.131306 -0.018301
v -0.346386 -0.131116 -0.018477
v -0.346343 -0.130900 -0.018617
v -0.346296 -0.130662 -0.018717
v -0.346247 -0.130412 -0.018773
v -0.346196 -0.130156 -0.018784
v -0.346146 -0.129901 -0.018749
v -0.346097 -0.129657 -0.018670
v -0.346052 -0.129430 -0.018549
v -0.346012 -0.129226 -0.018389
v -0.345978 -0.129053 -0.018196
v -0.345951 -0.128916 -0.017975
v -0.345931 -0.128818 -0.017734
v -0.345921 -0.128763 -0.017478
v -0.345918 -0.128753 -0.017217
v -0.345925 -0.128787 -0.016958
v -0.345941 -0.128864 -0.016709
v -0.345964 -0.128983 -0.016477
v -0.345995 -0.129140 -0.016270
v -0.346032 -0.129329 -0.016093
v -0.346075 -0.129546 -0.015953
v -0.346122 -0.129783 -0.015854
v -0.349273 -0.145708 -0.045898
v -0.349307 -0.145881 -0.045705
v -0.349348 -0.146085 -0.045546
v -0.349393 -0.146313 -0.045426
v -0.349441 -0.146558 -0.045348
v -0.349492 -0.146812 -0.045314
v -0.349542 -0.147068 -0.045326
v -0.349592 -0.147319 -0.045383
v -0.349639 -0.147555 -0.045484
v -0.349681 -0.147771 -0.045625
v -0.349719 -0.147960 -0.045802
v -0.349749 -0.148116 -0.046010
v -0.349773 -0.148234 -0.046242
v -0.349788 -0.148311 -0.046491
v -0.349795 -0.148344 -0.046750
v -0.349792 -0.148332 -0.047012
v -0.349781 -0.148276 -0.047267
v -0.349762 -0.148177 -0.047508
v -0.349734 -0.148039 -0.047728
v -0.349700 -0.147866 -0.047921
v -0.349660 -0.147662 -0.048080
v -0.349615 -0.147434 -0.048200
v -0.349566 -0.147189 -0.048278
v -0.349516 -0.146935 -0.048312
v -0.349465 -0.146679 -0.048300
v -0.349416 -0.146428 -0.048243
v -0.349369 -0.146192 -0.048142
v -0.349326 -0.145975 -0.048001
v -0.349289 -0.145787 -0.047824
v -0.349258 -0.145631 -0.047617
v -0.349234 -0.145513 -0.047384
v -0.349219 -0.145436 -0.047135
v -0.349213 -0.145403 -0.046876
v -0.349215 -0.145415 -0.046614
v -0.349226 -0.145471 -0.046359
v -0.349246 -0.145570 -0.046118
v -0.360925 -0.204599 -0.035970
v -0.360009 -0.199969 -0.041102
v -0.358933 -0.194534 -0.045336
v -0.357732 -0.188461 -0.048544
v -0.356440 -0.181934 -0.050628
v -0.355098 -0.175151 -0.051525
v -0.353747 -0.168318 -0.051208
v -0.352426 -0.161643 -0.049686
v -0.351177 -0.155329 -0.047006
v -0.350037 -0.149567 -0.043248
v -0.349041 -0.144533 -0.038528
v -0.348219 -0.140380 -0.032988
v -0.347596 -0.137233 -0.026798
v -0.347192 -0.135188 -0.020144
v -0.347018 -0.134308 -0.013229
v -0.347079 -0.134620 -0.006264
v -0.347375 -0.136113 0.000540
v -0.347895 -0.138742 0.006977
v -0.348624 -0.142428 0.012850
v -0.345681 -0.143010 0.012850
v -0.344952 -0.139324 0.006977
v -0.344432 -0.136695 0.000540
v -0.344136 -0.135202 -0.006264
v -0.344075 -0.134891 -0.013229
v -0.344249 -0.135771 -0.020144
v -0.344653 -0.137815 -0.026798
v -0.345276 -0.140962 -0.032988
v -0.346098 -0.145116 -0.038528
v -0.347094 -0.150150 -0.043248
v -0.348234 -0.155911 -0.047006
v -0.349483 -0.162226 -0.049686
v -0.350804 -0.168901 -0.051208
v -0.352155 -0.175733 -0.051525
v -0.353497 -0.182516 -0.050628
v -0.354789 -0.189044 -0.048544
v -0.355990 -0.195117 -0.045336
v -0.357066 -0.200551 -0.041102
v -0.357982 -0.205181 -0.035970
v -0.357982 -0.205181 -0.035970
v -0.358711 -0.208867 -0.030097
v -0.359231 -0.211497 -0.023660
v -0.359527 -0.212990 -0.016856
v -0.359588 -0.213301 -0.009891
v -0.359414 -0.212421 -0.002976
v -0.359010 -0.210377 0.003677
v -0.358387 -0.207230 0.009868
v -0.357565 -0.203076 0.015408
v -0.356569 -0.198042 0.020128
v -0.355429 -0.192280 0.023885
v -0.354180 -0.185966 0.026566
v -0.352859 -0.179291 0.028088
v -0.351507 -0.172458 0.028405
v -0.350165 -0.165675 0.027508
v -0.348874 -0.159148 0.025424
v -0.347673 -0.153075 0.022216
v -0.346597 -0.147641 0.017982
v -0.345681 -0.143010 0.012850
v -0.348624 -0.142428 0.012850
v -0.349540 -0.147059 0.017982
v -0.350615 -0.152493 0.022216
v -0.351817 -0.158566 0.025424
v -0.353108 -0.165093 0.027508
v -0.354450 -0.171876 0.028405
v -0.355802 -0.178709 0.028088
v -0.357123 -0.185384 0.026566
v -0.358372 -0.191698 0.023885
v -0.359512 -0.197460 0.020128
v -0.360508 -0.202494 0.015408
v -0.361330 -0.206648 0.009868
v -0.361953 -0.209794 0.003677
v -0.362357 -0.211839 -0.002976
v -0.362531 -0.212719 -0.009891
v -0.362470 -0.212408 -0.016856
v -0.362174 -0.210914 -0.023660
v -0.361654 -0.208285 -0.030097
v -0.360925 -0.204599 -0.035970
v -0.353443 -0.202849 -0.033529
v -0.354099 -0.206167 -0.028243
v -0.354567 -0.208533 -0.022450
v -0.354833 -0.209877 -0.016326
v -0.354889 -0.210157 -0.010058
v -0.354732 -0.209365 -0.003835
v -0.354368 -0.207525 0.002154
v -0.353808 -0.204693 0.007725
v -0.353068 -0.200955 0.012711
v -0.352172 -0.196424 0.016959
v -0.351146 -0.191238 0.020341
v -0.350021 -0.185555 0.022753
v -0.348833 -0.179548 0.024123
v -0.347616 -0.173398 0.024409
v -0.346408 -0.167294 0.023601
v -0.345246 -0.161419 0.021726
v -0.344164 -0.155954 0.018838
v -0.343197 -0.151063 0.015028
v -0.342372 -0.146895 0.010409
v -0.345681 -0.143010 0.012850
v -0.357982 -0.205181 -0.035970
v -0.358711 -0.208867 -0.030097
v -0.359231 -0.211497 -0.023660
v -0.359527 -0.212990 -0.016856
v -0.359588 -0.213301 -0.009891
v -0.359414 -0.212421 -0.002976
v -0.359010 -0.210377 0.003677
v -0.358387 -0.207230 0.009868
v -0.357565 -0.203076 0.015408
v -0.356569 -0.198042 0.020128
v -0.355429 -0.192280 0.023885
v -0.354180 -0.185966 0.026566
v -0.352859 -0.179291 0.028088
v -0.351507 -0.172458 0.028405
v -0.350165 -0.165675 0.027508
v -0.348874 -0.159148 0.025424
v -0.347673 -0.153075 0.022216
v -0.346597 -0.147641 0.017982
v -0.345681 -0.143010 0.012850
v -0.344952 -0.139324 0.006977
v -0.344432 -0.136695 0.000540
v -0.344136 -0.135202 -0.006264
v -0.344075 -0.134891 -0.013229
v -0.344249 -0.135771 -0.020144
v -0.344653 -0.137815 -0.026798
v -0.345276 -0.140962 -0.032988
v -0.346098 -0.145116 -0.038528
v -0.347094 -0.150150 -0.043248
v -0.348234 -0.155911 -0.047006
v -0.349483 -0.162226 -0.049686
v -0.350804 -0.168901 -0.051208
v -0.352155 -0.175733 -0.051525
v -0.353497 -0.182516 -0.050628
v -0.354789 -0.189044 -0.048544
v -0.355990 -0.195117 -0.045336
v -0.357066 -0.200551 -0.041102
v -0.357982 -0.205181 -0.035970
v -0.342372 -0.146895 0.010409
v -0.341716 -0.143578 0.005123
v -0.341248 -0.141211 -0.000670
v -0.340982 -0.139868 -0.006794
v -0.340926 -0.139588 -0.013062
v -0.341083 -0.140380 -0.019286
v -0.341447 -0.142220 -0.025274
v -0.342008 -0.145052 -0.030845
v -0.342747 -0.148790 -0.035831
v -0.343644 -0.153321 -0.040079
v -0.344670 -0.158506 -0.043461
v -0.345794 -0.164189 -0.045873
v -0.346982 -0.170196 -0.047243
v -0.348199 -0.176346 -0.047529
v -0.349407 -0.182451 -0.046721
v -0.350569 -0.188325 -0.044846
v -0.351651 -0.193791 -0.041959
v -0.352618 -0.198682 -0.038148
v -0.353443 -0.202849 -0.033529
v -0.353443 -0.202849 -0.033529
v -0.354099 -0.206167 -0.028243
v -0.354567 -0.208533 -0.022450
v -0.354833 -0.209877 -0.016326
v -0.354889 -0.210157 -0.010058
v -0.354732 -0.209365 -0.003835
v -0.354368 -0.207525 0.002154
v -0.353808 -0.204693 0.007725
v -0.353068 -0.200955 0.012711
v -0.352172 -0.196424 0.016959
v -0.351146 -0.191238 0.020341
v -0.350021 -0.185555 0.022753
v -0.348833 -0.179548 0.024123
v -0.347616 -0.173398 0.024409
v -0.346408 -0.167294 0.023601
v -0.345246 -0.161419 0.021726
v -0.344164 -0.155954 0.018838
v -0.343197 -0.151063 0.015028
v -0.342372 -0.146895 0.010409
v -0.341716 -0.143578 0.005123
v -0.341248 -0.141211 -0.000670
v -0.340982 -0.139868 -0.006794
v -0.340926 -0.139588 -0.013062
v -0.341083 -0.140380 -0.019286
v -0.341447 -0.142220 -0.025274
v -0.342008 -0.145052 -0.030845
v -0.342747 -0.148790 -0.035831
v -0.343644 -0.153321 -0.040079
v -0.344670 -0.158506 -0.043461
v -0.345794 -0.164189 -0.045873
v -0.346982 -0.170196 -0.047243
v -0.348199 -0.176346 -0.047529
v -0.349407 -0.182451 -0.046721
v -0.350569 -0.188325 -0.044846
v -0.351651 -0.193791 -0.041959
v -0.352618 -0.198682 -0.038148
v -0.350629 -0.188628 -0.022362
v -0.350224 -0.186579 -0.024632
v -0.349748 -0.184174 -0.026506
v -0.349216 -0.181487 -0.027926
v -0.348645 -0.178598 -0.028848
v -0.348051 -0.175597 -0.029245
v -0.347453 -0.172573 -0.029104
v -0.346868 -0.169620 -0.028431
v -0.346316 -0.166826 -0.027245
v -0.345811 -0.164276 -0.025582
v -0.345370 -0.162048 -0.023493
v -0.345007 -0.160210 -0.021042
v -0.344731 -0.158818 -0.018303
v -0.344552 -0.157913 -0.015358
v -0.344475 -0.157524 -0.012299
v -0.344502 -0.157662 -0.009217
v -0.344633 -0.158322 -0.006206
v -0.344863 -0.159486 -0.003357
v -0.345186 -0.161117 -0.000759
v -0.345591 -0.163166 0.001512
v -0.346067 -0.165571 0.003386
v -0.346599 -0.168258 0.004805
v -0.347170 -0.171146 0.005728
v -0.347764 -0.174148 0.006124
v -0.348362 -0.177171 0.005984
v -0.348947 -0.180125 0.005311
v -0.349500 -0.182919 0.004125
v -0.350004 -0.185468 0.002462
v -0.350445 -0.187696 0.000373
v -0.350808 -0.189534 -0.002078
v -0.351084 -0.190926 -0.004818
v -0.351263 -0.191831 -0.007762
v -0.351340 -0.192221 -0.010821
v -0.351313 -0.192083 -0.013904
v -0.351182 -0.191422 -0.016914
v -0.350952 -0.190259 -0.019763
v -0.345186 -0.161117 -0.000759
v -0.345591 -0.163166 0.001512
v -0.346067 -0.165571 0.003386
v -0.346599 -0.168258 0.004805
v -0.347170 -0.171146 0.005728
v -0.347764 -0.174148 0.006124
v -0.348362 -0.177171 0.005984
v -0.348947 -0.180125 0.005311
v -0.349500 -0.182919 0.004125
v -0.350004 -0.185468 0.002462
v -0.350445 -0.187696 0.000373
v -0.350808 -0.189534 -0.002078
v -0.351084 -0.190926 -0.004818
v -0.351263 -0.191831 -0.007762
v -0.351340 -0.192221 -0.010821
v -0.351313 -0.192083 -0.013904
v -0.351182 -0.191422 -0.016914
v -0.350952 -0.190259 -0.019763
v -0.350629 -0.188628 -0.022362
v -0.352543 -0.159661 -0.000759
v -0.357986 -0.187172 -0.022362
v -0.358309 -0.188803 -0.019763
v -0.358539 -0.189966 -0.016914
v -0.358670 -0.190627 -0.013904
v -0.358697 -0.190765 -0.010821
v -0.358620 -0.190375 -0.007762
v -0.358441 -0.189471 -0.004818
v -0.358166 -0.188078 -0.002078
v -0.357802 -0.186240 0.000373
v -0.357361 -0.184013 0.002462
v -0.356857 -0.181463 0.004125
v -0.356304 -0.178669 0.005311
v -0.355720 -0.175715 0.005984
v -0.355122 -0.172692 0.006124
v -0.354528 -0.169690 0.005728
v -0.353956 -0.166802 0.004805
v -0.353425 -0.164115 0.003386
v -0.352949 -0.161710 0.001512
v -0.352543 -0.159661 -0.000759
v -0.352221 -0.158030 -0.003357
v -0.351991 -0.156867 -0.006206
v -0.351860 -0.156206 -0.009217
v -0.351833 -0.156068 -0.012299
v -0.351910 -0.156458 -0.015358
v -0.352089 -0.157362 -0.018303
v -0.352364 -0.158755 -0.021042
v -0.352728 -0.160593 -0.023493
v -0.353168 -0.162820 -0.025582
v -0.353673 -0.165370 -0.027245
v -0.354226 -0.168164 -0.028431
v -0.354810 -0.171118 -0.029104
v -0.355408 -0.174141 -0.029245
v -0.356002 -0.177143 -0.028848
v -0.356574 -0.180031 -0.027926
v -0.357105 -0.182718 -0.026506
v -0.357581 -0.185123 -0.024632
v -0.357986 -0.187172 -0.022362
v -0.358309 -0.188803 -0.019763
v -0.358539 -0.189966 -0.016914
v -0.358670 -0.190627 -0.013904
v -0.358697 -0.190765 -0.010821
v -0.358620 -0.190375 -0.007762
v -0.358441 -0.189471 -0.004818
v -0.358166 -0.188078 -0.002078
v -0.357802 -0.186240 0.000373
v -0.357361 -0.184013 0.002462
v -0.356857 -0.181463 0.004125
v -0.356304 -0.178669 0.005311
v -0.355720 -0.175715 0.005984
v -0.355122 -0.172692 0.006124
v -0.354528 -0.169690 0.005728
v -0.353956 -0.166802 0.004805
v -0.353425 -0.164115 0.003386
v -0.352949 -0.161710 0.001512
v -0.352574 -0.159817 -0.000881
v -0.352975 -0.161842 0.001365
v -0.353445 -0.164220 0.003217
v -0.353971 -0.166877 0.004620
v -0.354536 -0.169733 0.005532
v -0.355123 -0.172700 0.005925
v -0.355715 -0.175689 0.005786
v -0.356292 -0.178610 0.005120
v -0.356839 -0.181372 0.003947
v -0.357338 -0.183893 0.002303
v -0.357773 -0.186095 0.000238
v -0.358133 -0.187913 -0.002185
v -0.358405 -0.189289 -0.004894
v -0.358582 -0.190184 -0.007805
v -0.358658 -0.190569 -0.010830
v -0.358632 -0.190433 -0.013877
v -0.358502 -0.189779 -0.016854
v -0.358275 -0.188629 -0.019670
v -0.357956 -0.187016 -0.022240
v -0.357555 -0.184991 -0.024485
v -0.357084 -0.182613 -0.026337
v -0.356559 -0.179956 -0.027741
v -0.355994 -0.177101 -0.028652
v -0.355407 -0.174133 -0.029045
v -0.354815 -0.171144 -0.028906
v -0.354237 -0.168223 -0.028240
v -0.353691 -0.165461 -0.027067
v -0.353192 -0.162940 -0.025424
v -0.352756 -0.160738 -0.023359
v -0.352397 -0.158920 -0.020935
v -0.352124 -0.157544 -0.018226
v -0.351948 -0.156649 -0.015316
v -0.351871 -0.156264 -0.012290
v -0.351898 -0.156400 -0.009243
v -0.352028 -0.157054 -0.006266
v -0.352255 -0.158204 -0.003450
v -0.352574 -0.159817 -0.000881
v -0.344726 -0.161369 -0.000881
v -0.352975 -0.161842 0.001365
v -0.353445 -0.164220 0.003217
v -0.353971 -0.166877 0.004620
v -0.354536 -0.169733 0.005532
v -0.355123 -0.172700 0.005925
v -0.355715 -0.175689 0.005786
v -0.356292 -0.178610 0.005120
v -0.356839 -0.181372 0.003947
v -0.357338 -0.183893 0.002303
v -0.357773 -0.186095 0.000238
v -0.358133 -0.187913 -0.002185
v -0.358405 -0.189289 -0.004894
v -0.358582 -0.190184 -0.007805
v -0.358658 -0.190569 -0.010830
v -0.358632 -0.190433 -0.013877
v -0.358502 -0.189779 -0.016854
v -0.358275 -0.188629 -0.019670
v -0.357956 -0.187016 -0.022240
v -0.350108 -0.188569 -0.022240
v -0.350427 -0.190182 -0.019670
v -0.350654 -0.191332 -0.016854
v -0.350784 -0.191985 -0.013877
v -0.350811 -0.192122 -0.010830
v -0.350734 -0.191737 -0.007805
v -0.350557 -0.190842 -0.004894
v -0.350285 -0.189465 -0.002185
v -0.349926 -0.187648 0.000238
v -0.349490 -0.185446 0.002303
v -0.348991 -0.182925 0.003947
v -0.348445 -0.180162 0.005120
v -0.347867 -0.177242 0.005786
v -0.347275 -0.174253 0.005925
v -0.346688 -0.171285 0.005532
v -0.346123 -0.168430 0.004620
v -0.345597 -0.165773 0.003217
v -0.345127 -0.163395 0.001365
v -0.350108 -0.188569 -0.022240
v -0.349540 -0.188278 -0.021935
v -0.349850 -0.189844 -0.019438
v -0.350071 -0.190962 -0.016703
v -0.350197 -0.191596 -0.013811
v -0.350223 -0.191729 -0.010851
v -0.350149 -0.191355 -0.007912
v -0.349977 -0.190486 -0.005084
v -0.349713 -0.189148 -0.002453
v -0.349363 -0.187383 -0.000099
v -0.348940 -0.185243 0.001907
v -0.348456 -0.182795 0.003504
v -0.347925 -0.180111 0.004643
v -0.347363 -0.177274 0.005290
v -0.346789 -0.174370 0.005425
v -0.346218 -0.171488 0.005044
v -0.345670 -0.168714 0.004158
v -0.345159 -0.166132 0.002795
v -0.344702 -0.163823 0.000995
v -0.344313 -0.161855 -0.001186
v -0.344726 -0.161369 -0.000881
v -0.350427 -0.190182 -0.019670
v -0.350654 -0.191332 -0.016854
v -0.350784 -0.191985 -0.013877
v -0.350811 -0.192122 -0.010830
v -0.350734 -0.191737 -0.007805
v -0.350557 -0.190842 -0.004894
v -0.350285 -0.189465 -0.002185
v -0.349926 -0.187648 0.000238
v -0.349490 -0.185446 0.002303
v -0.348991 -0.182925 0.003947
v -0.348445 -0.180162 0.005120
v -0.347867 -0.177242 0.005786
v -0.347275 -0.174253 0.005925
v -0.346688 -0.171285 0.005532
v -0.346123 -0.168430 0.004620
v -0.345597 -0.165773 0.003217
v -0.345127 -0.163395 0.001365
v -0.344726 -0.161369 -0.000881
v -0.344313 -0.161855 -0.001186
v -0.344003 -0.160288 -0.003682
v -0.343782 -0.159171 -0.006417
v -0.343656 -0.158536 -0.009309
v -0.343630 -0.158404 -0.012270
v -0.343704 -0.158778 -0.015208
v -0.343876 -0.159647 -0.018036
v -0.344140 -0.160984 -0.020667
v -0.344490 -0.162750 -0.023021
v -0.344913 -0.164889 -0.025028
v -0.345397 -0.167338 -0.026624
v -0.345928 -0.170021 -0.027764
v -0.346490 -0.172858 -0.028410
v -0.347064 -0.175762 -0.028545
v -0.347635 -0.178645 -0.028164
v -0.348183 -0.181419 -0.027278
v -0.348694 -0.184000 -0.025915
v -0.349151 -0.186310 -0.024115
v -0.349540 -0.188278 -0.021935
v -0.350108 -0.188569 -0.022240
v -0.344422 -0.159830 -0.003308
v -0.344199 -0.158705 -0.005961
v -0.344064 -0.158022 -0.008766
v -0.344021 -0.157802 -0.011648
v -0.344070 -0.158051 -0.014527
v -0.344210 -0.158760 -0.017325
v -0.344438 -0.159912 -0.019966
v -0.344747 -0.161475 -0.022378
v -0.345129 -0.163406 -0.024494
v -0.345574 -0.165652 -0.026258
v -0.346068 -0.168152 -0.027621
v -0.346600 -0.170838 -0.028546
v -0.347153 -0.173637 -0.029007
v -0.347714 -0.176472 -0.028993
v -0.348267 -0.179267 -0.028503
v -0.348797 -0.181944 -0.027551
v -0.349289 -0.184431 -0.026162
v -0.349730 -0.186659 -0.024376
v -0.350108 -0.188569 -0.022240
v -0.357956 -0.187016 -0.022240
v -0.357555 -0.184991 -0.024485
v -0.357084 -0.182613 -0.026337
v -0.356559 -0.179956 -0.027741
v -0.355994 -0.177101 -0.028652
v -0.355407 -0.174133 -0.029045
v -0.354815 -0.171144 -0.028906
v -0.354237 -0.168223 -0.028240
v -0.353691 -0.165461 -0.027067
v -0.353192 -0.162940 -0.025424
v -0.352756 -0.160738 -0.023359
v -0.352397 -0.158920 -0.020935
v -0.352124 -0.157544 -0.018226
v -0.351948 -0.156649 -0.015316
v -0.351871 -0.156264 -0.012290
v -0.351898 -0.156400 -0.009243
v -0.352028 -0.157054 -0.006266
v -0.352255 -0.158204 -0.003450
v -0.352574 -0.159817 -0.000881
v -0.344726 -0.161369 -0.000881
v -0.344422 -0.159830 -0.003308
v -0.344199 -0.158705 -0.005961
v -0.344064 -0.158022 -0.008766
v -0.344021 -0.157802 -0.011648
v -0.344070 -0.158051 -0.014527
v -0.344210 -0.158760 -0.017325
v -0.344438 -0.159912 -0.019966
v -0.344747 -0.161475 -0.022378
v -0.345129 -0.163406 -0.024494
v -0.345574 -0.165652 -0.026258
v -0.346068 -0.168152 -0.027621
v -0.346600 -0.170838 -0.028546
v -0.347153 -0.173637 -0.029007
v -0.347714 -0.176472 -0.028993
v -0.348267 -0.179267 -0.028503
v -0.348797 -0.181944 -0.027551
v -0.349289 -0.184431 -0.026162
v -0.349730 -0.186659 -0.024376
f 24 25 31
f 23 31 30
f 23 24 31
f 22 30 29
f 22 23 30
f 21 29 28
f 21 22 29
f 20 28 27
f 20 21 28
f 19 20 27
f 32 27 26
f 32 19 27
f 18 19 32
f 33 18 32
f 17 33 34
f 17 18 33
f 16 34 35
f 16 17 34
f 36 40 39
f 36 37 40
f 15 35 36
f 15 16 35
f 41 39 38
f 41 15 36
f 41 36 39
f 14 15 41
f 42 14 41
f 13 14 42
f 43 13 42
f 12 13 43
f 44 12 43
f 11 12 44
f 45 11 44
f 10 11 45
f 46 10 45
f 9 10 46
f 47 4 3
f 47 9 46
f 8 9 47
f 5 2 1
f 7 3 2
f 7 47 3
f 7 8 47
f 6 2 5
f 6 7 2
f 49 67 48
f 49 68 67
f 50 69 68
f 50 68 49
f 51 70 69
f 51 69 50
f 52 71 70
f 52 70 51
f 53 72 71
f 53 71 52
f 54 73 72
f 54 74 73
f 54 72 53
f 55 74 54
f 56 75 74
f 56 74 55
f 57 76 75
f 57 75 56
f 58 77 76
f 58 76 57
f 59 78 77
f 59 79 78
f 59 77 58
f 60 79 59
f 61 80 79
f 61 79 60
f 62 81 80
f 62 80 61
f 63 81 62
f 63 82 81
f 64 82 63
f 64 83 82
f 65 83 64
f 65 84 83
f 65 85 84
f 66 85 65
f 87 105 86
f 87 106 105
f 88 107 106
f 88 106 87
f 89 108 107
f 89 107 88
f 90 109 108
f 90 108 89
f 91 110 109
f 91 109 90
f 92 111 110
f 92 110 91
f 93 112 111
f 93 111 92
f 94 113 112
f 94 112 93
f 95 114 113
f 95 113 94
f 96 115 114
f 96 114 95
f 97 116 115
f 97 115 96
f 98 117 116
f 98 116 97
f 99 118 117
f 99 117 98
f 100 119 118
f 100 118 99
f 101 119 100
f 101 120 119
f 102 120 101
f 102 121 120
f 102 122 121
f 103 122 102
f 104 122 103
f 104 123 122
f 125 126 127
f 159 124 125
f 159 127 128
f 159 128 129
f 159 129 130
f 159 130 131
f 159 131 132
f 159 132 133
f 159 125 127
f 157 158 159
f 137 135 136
f 155 156 157
f 138 134 135
f 138 135 137
f 154 157 159
f 154 155 157
f 140 138 139
f 152 153 154
f 150 151 152
f 143 140 141
f 143 141 142
f 143 138 140
f 145 133 134
f 145 143 144
f 145 159 133
f 145 154 159
f 145 134 138
f 145 152 154
f 145 138 143
f 146 152 145
f 146 147 148
f 146 148 149
f 146 149 150
f 146 150 152
f 162 163 164
f 162 164 165
f 167 165 166
f 170 167 168
f 170 168 169
f 194 160 161
f 194 161 162
f 194 195 160
f 172 170 171
f 173 170 172
f 192 193 194
f 191 194 162
f 191 192 194
f 176 173 174
f 176 174 175
f 188 189 190
f 186 187 188
f 179 176 177
f 179 177 178
f 185 190 191
f 185 162 165
f 185 191 162
f 185 188 190
f 185 186 188
f 180 176 179
f 183 184 185
f 183 165 167
f 183 185 165
f 182 176 180
f 182 180 181
f 182 167 170
f 182 170 173
f 182 173 176
f 182 183 167
f 197 215 196
f 197 216 215
f 198 217 216
f 198 216 197
f 199 218 217
f 199 217 198
f 200 219 218
f 200 218 199
f 201 220 219
f 201 219 200
f 202 221 220
f 202 222 221
f 202 220 201
f 203 222 202
f 204 223 222
f 204 222 203
f 205 224 223
f 205 223 204
f 206 225 224
f 206 224 205
f 207 226 225
f 207 227 226
f 207 225 206
f 208 227 207
f 209 228 227
f 209 227 208
f 210 229 228
f 210 228 209
f 211 229 210
f 211 230 229
f 212 230 211
f 212 231 230
f 213 231 212
f 213 232 231
f 213 233 232
f 214 233 213
f 235 253 234
f 235 254 253
f 236 255 254
f 236 254 235
f 237 256 255
f 237 255 236
f 238 257 256
f 238 256 237
f 239 258 257
f 239 257 238
f 240 259 258
f 240 258 239
f 241 260 259
f 241 259 240
f 242 261 260
f 242 260 241
f 243 262 261
f 243 261 242
f 244 263 262
f 244 262 243
f 245 264 263
f 245 263 244
f 246 265 264
f 246 264 245
f 247 266 265
f 247 265 246
f 248 267 266
f 248 266 247
f 249 267 248
f 249 268 267
f 250 268 249
f 250 269 268
f 250 270 269
f 251 270 250
f 252 270 251
f 252 271 270
f 287 286 285
f 283 285 284
f 290 288 287
f 290 289 288
f 281 283 282
f 281 287 285
f 281 285 283
f 281 290 287
f 292 291 290
f 279 281 280
f 293 292 290
f 294 293 290
f 276 278 277
f 276 279 278
f 275 279 276
f 296 295 294
f 273 275 274
f 298 297 296
f 298 294 290
f 298 296 294
f 272 290 281
f 272 281 279
f 272 279 275
f 272 275 273
f 300 299 298
f 300 290 272
f 300 298 290
f 306 272 307
f 302 301 300
f 304 272 306
f 304 302 300
f 304 303 302
f 304 306 305
f 304 300 272
f 309 327 308
f 309 345 327
f 310 344 345
f 310 345 309
f 311 343 344
f 311 344 310
f 312 342 343
f 312 343 311
f 313 341 342
f 313 342 312
f 314 340 341
f 314 341 313
f 315 339 340
f 315 340 314
f 316 338 339
f 316 339 315
f 317 337 338
f 317 338 316
f 318 336 337
f 318 337 317
f 319 335 336
f 319 336 318
f 320 334 335
f 320 335 319
f 321 333 334
f 321 334 320
f 322 332 333
f 322 333 321
f 323 332 322
f 323 331 332
f 324 331 323
f 324 330 331
f 325 330 324
f 325 329 330
f 326 329 325
f 326 328 329
f 347 365 346
f 347 383 365
f 348 382 383
f 348 383 347
f 349 381 382
f 349 382 348
f 350 380 381
f 350 381 349
f 351 379 380
f 351 380 350
f 352 377 378
f 352 378 379
f 352 379 351
f 353 377 352
f 354 376 377
f 354 377 353
f 355 375 376
f 355 376 354
f 356 373 374
f 356 374 375
f 356 375 355
f 357 373 356
f 358 371 372
f 358 372 373
f 358 373 357
f 359 371 358
f 360 370 371
f 360 371 359
f 361 370 360
f 361 369 370
f 362 369 361
f 362 368 369
f 363 368 362
f 363 366 367
f 363 367 368
f 364 366 363
f 396 398 397
f 400 399 398
f 393 395 394
f 393 396 395
f 403 401 400
f 403 402 401
f 403 398 396
f 403 400 398
f 391 393 392
f 391 396 393
f 405 404 403
f 389 391 390
f 389 396 391
f 409 406 405
f 409 407 406
f 409 408 407
f 409 405 403
f 386 388 387
f 419 385 384
f 419 386 385
f 419 389 388
f 419 388 386
f 413 411 410
f 413 412 411
f 415 414 413
f 416 415 413
f 416 410 409
f 416 418 417
f 416 419 418
f 416 403 396
f 416 409 403
f 416 396 389
f 416 389 419
f 416 413 410
f 421 439 420
f 421 457 439
f 422 456 457
f 422 457 421
f 423 455 456
f 423 456 422
f 424 454 455
f 424 455 423
f 425 453 454
f 425 454 424
f 426 452 453
f 426 453 425
f 427 451 452
f 427 452 426
f 428 450 451
f 428 451 427
f 429 449 450
f 429 450 428
f 430 448 449
f 430 449 429
f 431 447 448
f 431 448 430
f 432 446 447
f 432 447 431
f 433 445 446
f 433 446 432
f 434 444 445
f 434 445 433
f 435 444 434
f 435 443 444
f 436 443 435
f 436 442 443
f 437 442 436
f 437 441 442
f 438 441 437
f 438 440 441
f 459 477 458
f 459 495 477
f 460 494 495
f 460 495 459
f 461 493 494
f 461 494 460
f 462 492 493
f 462 493 461
f 463 491 492
f 463 492 462
f 464 490 491
f 464 491 463
f 465 489 490
f 465 490 464
f 466 488 489
f 466 489 465
f 467 487 488
f 467 488 466
f 468 486 487
f 468 487 467
f 469 485 486
f 469 486 468
f 470 483 484
f 470 484 485
f 470 485 469
f 471 483 470
f 472 483 471
f 472 482 483
f 473 481 482
f 473 482 472
f 474 481 473
f 474 480 481
f 475 480 474
f 475 479 480
f 476 479 475
f 476 478 479
f 502 504 503
f 506 505 504
f 509 507 506
f 509 508 507
f 512 511 510
f 531 497 496
f 531 498 497
f 531 499 498
f 531 500 499
f 531 501 500
f 531 502 501
f 531 504 502
f 531 506 504
f 515 513 512
f 515 514 513
f 515 512 510
f 528 530 529
f 528 531 530
f 527 531 528
f 526 510 509
f 526 509 506
f 526 506 531
f 526 531 527
f 518 517 516
f 524 526 525
f 524 515 510
f 524 510 526
f 522 515 524
f 522 516 515
f 522 519 518
f 522 520 519
f 522 521 520
f 522 524 523
f 522 518 516
f 533 551 532
f 533 569 551
f 534 568 569
f 534 569 533
f 535 567 568
f 535 568 534
f 536 566 567
f 536 567 535
f 537 565 566
f 537 566 536
f 538 564 565
f 538 565 537
f 539 562 563
f 539 563 564
f 539 564 538
f 540 562 539
f 541 561 562
f 541 562 540
f 542 560 561
f 542 561 541
f 543 559 560
f 543 560 542
f 544 558 559
f 544 559 543
f 545 557 558
f 545 558 544
f 546 556 557
f 546 557 545
f 547 556 546
f 547 555 556
f 548 555 547
f 548 554 555
f 549 554 548
f 549 553 554
f 550 553 549
f 550 552 553
f 571 589 570
f 571 607 589
f 572 606 607
f 572 607 571
f 573 605 606
f 573 606 572
f 574 604 605
f 574 605 573
f 575 603 604
f 575 604 574
f 576 601 602
f 576 602 603
f 576 603 575
f 577 601 576
f 578 600 601
f 578 601 577
f 579 599 600
f 579 600 578
f 580 598 599
f 580 599 579
f 581 597 598
f 581 598 580
f 582 595 596
f 582 596 597
f 582 597 581
f 583 595 582
f 584 594 595
f 584 595 583
f 585 594 584
f 585 593 594
f 586 593 585
f 586 592 593
f 587 592 586
f 587 591 592
f 588 591 587
f 588 590 591
f 643 609 608
f 612 610 609
f 612 611 610
f 640 642 641
f 615 613 612
f 615 614 613
f 615 612 609
f 638 640 639
f 636 638 637
f 636 640 638
f 619 616 615
f 619 617 616
f 619 618 617
f 619 615 609
f 621 620 619
f 622 609 643
f 622 619 609
f 622 621 619
f 632 634 633
f 631 635 634
f 631 636 635
f 631 634 632
f 624 623 622
f 624 643 642
f 624 622 643
f 630 636 631
f 625 642 640
f 625 624 642
f 628 630 629
f 627 636 630
f 627 625 640
f 627 626 625
f 627 640 636
f 627 630 628
f 644 681 663
f 645 681 644
f 646 680 681
f 646 681 645
f 647 679 680
f 647 680 646
f 648 678 679
f 648 679 647
f 649 677 678
f 649 678 648
f 650 676 677
f 650 677 649
f 651 675 676
f 651 676 650
f 652 674 675
f 652 675 651
f 653 673 674
f 653 674 652
f 654 671 672
f 654 672 673
f 654 673 653
f 655 671 654
f 656 669 670
f 656 670 671
f 656 671 655
f 657 669 656
f 658 668 669
f 658 669 657
f 659 668 658
f 659 667 668
f 660 667 659
f 660 666 667
f 661 666 660
f 661 664 665
f 661 665 666
f 662 664 661
f 683 701 682
f 683 719 701
f 684 718 719
f 684 719 683
f 685 717 718
f 685 718 684
f 686 716 717
f 686 717 685
f 687 715 716
f 687 716 686
f 688 714 715
f 688 715 687
f 689 713 714
f 689 714 688
f 690 712 713
f 690 713 689
f 691 711 712
f 691 712 690
f 692 710 711
f 692 711 691
f 693 709 710
f 693 710 692
f 694 708 709
f 694 709 693
f 695 707 708
f 695 708 694
f 696 706 707
f 696 707 695
f 697 706 696
f 697 705 706
f 698 705 697
f 698 704 705
f 699 704 698
f 699 703 704
f 700 703 699
f 700 702 703
f 754 753 752
f 748 750 749
f 721 755 754
f 721 720 755
f 724 722 721
f 724 723 722
f 724 752 751
f 724 754 752
f 724 721 754
f 742 744 743
f 742 745 744
f 742 746 745
f 727 726 725
f 728 725 724
f 728 751 750
f 728 750 748
f 728 724 751
f 728 727 725
f 739 741 740
f 729 728 748
f 730 747 746
f 730 748 747
f 730 729 748
f 737 739 738
f 736 739 737
f 733 731 730
f 733 732 731
f 734 739 736
f 734 736 735
f 734 742 741
f 734 730 746
f 734 746 742
f 734 741 739
f 734 733 730
f 757 775 756
f 757 793 775
f 758 792 793
f 758 793 757
f 759 791 792
f 759 792 758
f 760 790 791
f 760 791 759
f 761 789 790
f 761 790 760
f 762 788 789
f 762 789 761
f 763 787 788
f 763 788 762
f 764 786 787
f 764 787 763
f 765 785 786
f 765 786 764
f 766 783 784
f 766 784 785
f 766 785 765
f 767 783 766
f 768 781 782
f 768 782 783
f 768 783 767
f 769 781 768
f 770 780 781
f 770 781 769
f 771 780 770
f 771 779 780
f 772 779 771
f 772 778 779
f 773 778 772
f 773 776 777
f 773 777 778
f 774 776 773
f 795 813 794
f 795 831 813
f 796 830 831
f 796 831 795
f 797 829 830
f 797 830 796
f 798 828 829
f 798 829 797
f 799 827 828
f 799 828 798
f 800 826 827
f 800 827 799
f 801 825 826
f 801 826 800
f 802 824 825
f 802 825 801
f 803 823 824
f 803 824 802
f 804 822 823
f 804 823 803
f 805 821 822
f 805 822 804
f 806 820 821
f 806 821 805
f 807 819 820
f 807 820 806
f 808 818 819
f 808 819 807
f 809 818 808
f 809 817 818
f 810 817 809
f 810 816 817
f 811 816 810
f 811 815 816
f 812 815 811
f 812 814 815
f 860 859 858
f 855 857 856
f 855 858 857
f 855 860 858
f 862 861 860
f 853 855 854
f 851 853 852
f 851 860 855
f 851 862 860
f 851 855 853
f 866 865 864
f 867 863 862
f 867 864 863
f 867 866 864
f 848 850 849
f 848 851 850
f 833 832 867
f 835 834 833
f 844 846 845
f 844 847 846
f 844 848 847
f 844 862 851
f 844 851 848
f 836 833 867
f 836 835 833
f 842 844 843
f 839 837 836
f 839 838 837
f 840 839 836
f 840 842 841
f 840 867 862
f 840 862 844
f 840 844 842
f 840 836 867
f 869 887 868
f 869 905 887
f 870 904 905
f 870 905 869
f 871 903 904
f 871 904 870
f 872 902 903
f 872 903 871
f 873 901 902
f 873 902 872
f 874 900 901
f 874 901 873
f 875 898 899
f 875 899 900
f 875 900 874
f 876 898 875
f 877 897 898
f 877 898 876
f 878 896 897
f 878 897 877
f 879 895 896
f 879 896 878
f 880 894 895
f 880 895 879
f 881 893 894
f 881 894 880
f 882 892 893
f 882 893 881
f 883 892 882
f 883 891 892
f 884 891 883
f 884 890 891
f 885 890 884
f 885 889 890
f 886 889 885
f 886 888 889
f 907 925 906
f 907 943 925
f 908 942 943
f 908 943 907
f 909 941 942
f 909 942 908
f 910 940 941
f 910 941 909
f 911 939 940
f 911 940 910
f 912 937 938
f 912 938 939
f 912 939 911
f 913 937 912
f 914 936 937
f 914 937 913
f 915 935 936
f 915 936 914
f 916 934 935
f 916 935 915
f 917 933 934
f 917 934 916
f 918 931 932
f 918 932 933
f 918 933 917
f 919 931 918
f 920 930 931
f 920 931 919
f 921 930 920
f 921 929 930
f 922 929 921
f 922 928 929
f 923 928 922
f 923 927 928
f 924 927 923
f 924 926 927
f 961 963 962
f 958 960 959
f 969 965 964
f 969 966 965
f 969 967 966
f 969 968 967
f 955 957 956
f 955 958 957
f 955 961 960
f 955 960 958
f 972 970 969
f 972 971 970
f 974 973 972
f 951 953 952
f 976 975 974
f 977 972 969
f 977 974 972
f 977 976 974
f 949 951 950
f 949 954 953
f 949 955 954
f 949 953 951
f 948 955 949
f 979 978 977
f 944 979 977
f 946 955 948
f 946 948 947
f 945 955 946
f 945 944 977
f 945 964 963
f 945 963 961
f 945 969 964
f 945 961 955
f 945 977 969
f 980 1017 999
f 981 1017 980
f 982 1016 1017
f 982 1017 981
f 983 1015 1016
f 983 1016 982
f 984 1014 1015
f 984 1015 983
f 985 1013 1014
f 985 1014 984
f 986 1012 1013
f 986 1013 985
f 987 1011 1012
f 987 1012 986
f 988 1009 1010
f 988 1010 1011
f 988 1011 987
f 989 1009 988
f 990 1007 1008
f 990 1008 1009
f 990 1009 989
f 991 1007 990
f 992 1006 1007
f 992 1007 991
f 993 1005 1006
f 993 1006 992
f 994 1004 1005
f 994 1005 993
f 995 1004 994
f 995 1003 1004
f 996 1003 995
f 996 1002 1003
f 997 1002 996
f 997 1001 1002
f 998 1001 997
f 998 1000 1001
f 1019 1037 1018
f 1019 1055 1037
f 1020 1054 1055
f 1020 1055 1019
f 1021 1053 1054
f 1021 1054 1020
f 1022 1052 1053
f 1022 1053 1021
f 1023 1051 1052
f 1023 1052 1022
f 1024 1049 1050
f 1024 1050 1051
f 1024 1051 1023
f 1025 1049 1024
f 1026 1048 1049
f 1026 1049 1025
f 1027 1047 1048
f 1027 1048 1026
f 1028 1046 1047
f 1028 1047 1027
f 1029 1045 1046
f 1029 1046 1028
f 1030 1043 1044
f 1030 1044 1045
f 1030 1045 1029
f 1031 1043 1030
f 1032 1042 1043
f 1032 1043 1031
f 1033 1042 1032
f 1033 1041 1042
f 1034 1041 1033
f 1034 1040 1041
f 1035 1040 1034
f 1035 1039 1040
f 1036 1039 1035
f 1036 1038 1039
f 1373 1372 1062
f 1371 1062 1372
f 1374 1062 1061
f 1374 1373 1062
f 1370 1062 1371
f 1375 1374 1061
f 1369 1062 1370
f 1376 1375 1061
f 1368 1063 1062
f 1368 1062 1369
f 1377 1376 1061
f 1367 1063 1368
f 1378 1377 1061
f 1366 1063 1367
f 1379 1061 1060
f 1379 1378 1061
f 1365 1063 1366
f 1344 1379 1060
f 1364 1063 1365
f 1345 1344 1060
f 1363 1064 1063
f 1363 1063 1364
f 1330 1057 1331
f 1329 1057 1330
f 1332 1057 1056
f 1332 1331 1057
f 1333 1332 1056
f 1328 1057 1329
f 1327 1058 1057
f 1327 1057 1328
f 1334 1333 1056
f 1097 1096 1064
f 1095 1065 1064
f 1095 1064 1096
f 1098 1097 1064
f 1326 1058 1327
f 1335 1334 1056
f 1099 1098 1064
f 1094 1065 1095
f 1093 1065 1094
f 1100 1363 1362
f 1100 1064 1363
f 1100 1099 1064
f 1336 1335 1056
f 1325 1058 1326
f 1092 1065 1093
f 1101 1362 1361
f 1101 1100 1362
f 1102 1101 1361
f 1127 1065 1092
f 1337 1336 1056
f 1103 1361 1360
f 1103 1102 1361
f 1126 1065 1127
f 1205 1346 1345
f 1205 1347 1346
f 1205 1348 1347
f 1205 1345 1060
f 1204 1348 1205
f 1204 1349 1348
f 1204 1350 1349
f 1204 1351 1350
f 1338 1337 1056
f 1125 1065 1126
f 1104 1360 1359
f 1104 1103 1360
f 1203 1351 1204
f 1203 1352 1351
f 1203 1353 1352
f 1203 1354 1353
f 1203 1355 1354
f 1206 1060 1059
f 1206 1205 1060
f 1066 1065 1125
f 1066 1124 1123
f 1066 1125 1124
f 1091 1338 1056
f 1091 1339 1338
f 1340 1339 1091
f 1202 1355 1203
f 1202 1356 1355
f 1202 1357 1356
f 1202 1358 1357
f 1207 1059 1058
f 1207 1206 1059
f 1207 1058 1325
f 1207 1323 1322
f 1207 1324 1323
f 1207 1325 1324
f 1122 1066 1123
f 1341 1340 1091
f 1121 1066 1122
f 1342 1341 1091
f 1120 1066 1121
f 1343 1342 1091
f 1201 1359 1358
f 1201 1358 1202
f 1201 1105 1104
f 1201 1106 1105
f 1201 1107 1106
f 1201 1108 1107
f 1201 1104 1359
f 1208 1207 1322
f 1208 1320 1319
f 1208 1321 1320
f 1208 1322 1321
f 1200 1108 1201
f 1200 1109 1108
f 1200 1110 1109
f 1200 1111 1110
f 1200 1112 1111
f 1209 1316 1315
f 1209 1317 1316
f 1209 1318 1317
f 1209 1319 1318
f 1209 1208 1319
f 1090 1309 1308
f 1090 1343 1091
f 1090 1308 1343
f 1210 1209 1315
f 1210 1313 1312
f 1210 1314 1313
f 1210 1315 1314
f 1235 1112 1200
f 1235 1113 1112
f 1235 1114 1113
f 1235 1115 1114
f 1235 1116 1115
f 1415 1067 1066
f 1415 1066 1120
f 1414 1067 1415
f 1380 1415 1120
f 1380 1120 1119
f 1413 1067 1414
f 1381 1380 1119
f 1381 1118 1117
f 1381 1119 1118
f 1412 1067 1413
f 1382 1381 1117
f 1382 1117 1116
f 1411 1067 1412
f 1383 1116 1235
f 1383 1382 1116
f 1410 1067 1411
f 1384 1383 1235
f 1211 1309 1090
f 1211 1310 1309
f 1211 1311 1310
f 1211 1312 1311
f 1211 1210 1312
f 1234 1384 1235
f 1234 1385 1384
f 1068 1067 1410
f 1068 1409 1408
f 1068 1410 1409
f 1386 1385 1234
f 1407 1068 1408
f 1387 1386 1234
f 1406 1068 1407
f 1405 1068 1406
f 1404 1068 1405
f 1212 1211 1090
f 1212 1090 1089
f 1233 1388 1387
f 1233 1389 1388
f 1233 1390 1389
f 1233 1387 1234
f 1391 1390 1233
f 1069 1400 1399
f 1069 1401 1400
f 1069 1402 1401
f 1069 1403 1402
f 1069 1404 1403
f 1069 1068 1404
f 1213 1089 1088
f 1213 1212 1089
f 1232 1392 1391
f 1232 1393 1392
f 1232 1394 1393
f 1232 1391 1233
f 1231 1395 1394
f 1231 1396 1395
f 1231 1397 1396
f 1231 1394 1232
f 1070 1069 1399
f 1070 1398 1397
f 1070 1399 1398
f 1070 1397 1231
f 1289 1213 1088
f 1288 1213 1289
f 1290 1289 1088
f 1287 1213 1288
f 1291 1088 1087
f 1291 1290 1088
f 1286 1213 1287
f 1286 1214 1213
f 1292 1291 1087
f 1285 1214 1286
f 1293 1292 1087
f 1284 1214 1285
f 1294 1293 1087
f 1283 1214 1284
f 1215 1214 1283
f 1295 1294 1087
f 1282 1215 1283
f 1296 1295 1087
f 1281 1215 1282
f 1280 1215 1281
f 1279 1215 1280
f 1071 1070 1231
f 1071 1231 1230
f 1086 1297 1296
f 1086 1298 1297
f 1086 1299 1298
f 1086 1296 1087
f 1216 1279 1278
f 1216 1215 1279
f 1300 1299 1086
f 1277 1216 1278
f 1301 1300 1086
f 1276 1216 1277
f 1302 1301 1086
f 1217 1276 1275
f 1217 1216 1276
f 1072 1230 1229
f 1072 1071 1230
f 1085 1303 1302
f 1085 1304 1303
f 1085 1305 1304
f 1085 1306 1305
f 1085 1307 1306
f 1085 1302 1086
f 1168 1229 1228
f 1169 1168 1228
f 1167 1229 1168
f 1170 1169 1228
f 1166 1229 1167
f 1171 1170 1228
f 1171 1228 1227
f 1172 1171 1227
f 1165 1072 1229
f 1165 1229 1166
f 1133 1132 1217
f 1131 1217 1132
f 1134 1133 1217
f 1134 1275 1274
f 1134 1217 1275
f 1164 1072 1165
f 1173 1172 1227
f 1130 1217 1131
f 1130 1218 1217
f 1135 1134 1274
f 1129 1218 1130
f 1136 1274 1273
f 1136 1135 1274
f 1174 1173 1227
f 1199 1072 1164
f 1128 1218 1129
f 1137 1273 1272
f 1137 1136 1273
f 1138 1137 1272
f 1138 1272 1307
f 1163 1218 1128
f 1175 1174 1227
f 1175 1227 1226
f 1162 1218 1163
f 1162 1219 1218
f 1176 1175 1226
f 1161 1219 1162
f 1177 1176 1226
f 1073 1197 1196
f 1073 1198 1197
f 1073 1199 1198
f 1073 1072 1199
f 1084 1138 1307
f 1084 1139 1138
f 1084 1140 1139
f 1084 1307 1085
f 1160 1219 1161
f 1141 1140 1084
f 1142 1141 1084
f 1159 1219 1160
f 1195 1073 1196
f 1178 1226 1225
f 1178 1177 1226
f 1143 1142 1084
f 1158 1219 1159
f 1194 1073 1195
f 1179 1178 1225
f 1180 1179 1225
f 1181 1180 1225
f 1247 1246 1221
f 1247 1221 1220
f 1245 1221 1246
f 1248 1247 1220
f 1244 1221 1245
f 1249 1248 1220
f 1243 1221 1244
f 1243 1222 1221
f 1250 1220 1219
f 1250 1249 1220
f 1083 1143 1084
f 1083 1144 1143
f 1083 1145 1144
f 1083 1146 1145
f 1083 1147 1146
f 1083 1148 1147
f 1083 1149 1148
f 1074 1073 1194
f 1074 1189 1188
f 1074 1190 1189
f 1074 1191 1190
f 1074 1192 1191
f 1074 1193 1192
f 1074 1194 1193
f 1242 1222 1243
f 1251 1250 1219
f 1251 1219 1158
f 1241 1222 1242
f 1252 1158 1157
f 1252 1251 1158
f 1240 1223 1222
f 1240 1222 1241
f 1253 1157 1156
f 1253 1252 1157
f 1253 1156 1155
f 1239 1223 1240
f 1254 1253 1155
f 1254 1155 1154
f 1238 1223 1239
f 1255 1254 1154
f 1237 1223 1238
f 1075 1184 1183
f 1075 1185 1184
f 1075 1186 1185
f 1075 1187 1186
f 1075 1188 1187
f 1075 1074 1188
f 1082 1149 1083
f 1082 1255 1154
f 1082 1150 1149
f 1082 1151 1150
f 1082 1152 1151
f 1082 1153 1152
f 1082 1154 1153
f 1076 1182 1181
f 1076 1183 1182
f 1076 1181 1225
f 1076 1075 1183
f 1081 1258 1257
f 1081 1259 1258
f 1081 1260 1259
f 1081 1255 1082
f 1081 1256 1255
f 1081 1257 1256
f 1077 1076 1225
f 1077 1225 1224
f 1080 1261 1260
f 1080 1262 1261
f 1080 1263 1262
f 1080 1264 1263
f 1080 1265 1264
f 1080 1266 1265
f 1080 1260 1081
f 1078 1236 1271
f 1078 1223 1237
f 1078 1224 1223
f 1078 1077 1224
f 1078 1237 1236
f 1079 1267 1266
f 1079 1268 1267
f 1079 1269 1268
f 1079 1270 1269
f 1079 1271 1270
f 1079 1078 1271
f 1079 1266 1080
f 1417 1435 1416
f 1417 1453 1435
f 1418 1452 1453
f 1418 1453 1417
f 1419 1451 1452
f 1419 1452 1418
f 1420 1450 1451
f 1420 1451 1419
f 1421 1449 1450
f 1421 1450 1420
f 1422 1448 1449
f 1422 1449 1421
f 1423 1447 1448
f 1423 1448 1422
f 1424 1446 1447
f 1424 1447 1423
f 1425 1444 1445
f 1425 1445 1446
f 1425 1446 1424
f 1426 1444 1425
f 1427 1443 1444
f 1427 1444 1426
f 1428 1442 1443
f 1428 1443 1427
f 1429 1441 1442
f 1429 1442 1428
f 1430 1440 1441
f 1430 1441 1429
f 1431 1440 1430
f 1431 1439 1440
f 1432 1439 1431
f 1432 1438 1439
f 1433 1438 1432
f 1433 1437 1438
f 1434 1437 1433
f 1434 1436 1437
f 1488 1454 1489
f 1487 1454 1488
f 1457 1456 1455
f 1486 1454 1487
f 1484 1486 1485
f 1460 1458 1457
f 1460 1459 1458
f 1460 1457 1455
f 1461 1455 1454
f 1461 1460 1455
f 1481 1483 1482
f 1465 1462 1461
f 1465 1463 1462
f 1465 1464 1463
f 1465 1461 1454
f 1479 1481 1480
f 1479 1483 1481
f 1467 1466 1465
f 1477 1479 1478
f 1470 1468 1467
f 1470 1469 1468
f 1470 1454 1486
f 1470 1465 1454
f 1470 1467 1465
f 1471 1484 1483
f 1471 1486 1484
f 1471 1483 1479
f 1471 1470 1486
f 1472 1471 1479
f 1472 1474 1473
f 1472 1475 1474
f 1472 1476 1475
f 1472 1477 1476
f 1472 1479 1477
f 1490 1527 1509
f 1491 1527 1490
f 1492 1526 1527
f 1492 1527 1491
f 1493 1525 1526
f 1493 1526 1492
f 1494 1524 1525
f 1494 1525 1493
f 1495 1523 1524
f 1495 1524 1494
f 1496 1522 1523
f 1496 1523 1495
f 1497 1521 1522
f 1497 1522 1496
f 1498 1519 1520
f 1498 1520 1521
f 1498 1521 1497
f 1499 1519 1498
f 1500 1517 1518
f 1500 1518 1519
f 1500 1519 1499
f 1501 1517 1500
f 1502 1516 1517
f 1502 1517 1501
f 1503 1515 1516
f 1503 1516 1502
f 1504 1514 1515
f 1504 1515 1503
f 1505 1514 1504
f 1505 1513 1514
f 1506 1513 1505
f 1506 1512 1513
f 1507 1512 1506
f 1507 1511 1512
f 1508 1511 1507
f 1508 1510 1511
f 1529 1547 1528
f 1529 1565 1547
f 1530 1564 1565
f 1530 1565 1529
f 1531 1563 1564
f 1531 1564 1530
f 1532 1562 1563
f 1532 1563 1531
f 1533 1561 1562
f 1533 1562 1532
f 1534 1559 1560
f 1534 1560 1561
f 1534 1561 1533
f 1535 1559 1534
f 1536 1558 1559
f 1536 1559 1535
f 1537 1557 1558
f 1537 1558 1536
f 1538 1556 1557
f 1538 1557 1537
f 1539 1555 1556
f 1539 1556 1538
f 1540 1553 1554
f 1540 1554 1555
f 1540 1555 1539
f 1541 1553 1540
f 1542 1552 1553
f 1542 1553 1541
f 1543 1552 1542
f 1543 1551 1552
f 1544 1551 1543
f 1544 1550 1551
f 1545 1550 1544
f 1545 1549 1550
f 1546 1549 1545
f 1546 1548 1549
f 1594 1596 1595
f 1594 1597 1596
f 1566 1598 1597
f 1566 1599 1598
f 1566 1600 1599
f 1566 1601 1600
f 1566 1597 1594
f 1592 1594 1593
f 1589 1591 1590
f 1571 1567 1566
f 1571 1568 1567
f 1571 1569 1568
f 1571 1570 1569
f 1573 1572 1571
f 1573 1571 1566
f 1584 1586 1585
f 1584 1587 1586
f 1584 1588 1587
f 1584 1589 1588
f 1584 1592 1591
f 1584 1566 1594
f 1584 1594 1592
f 1584 1591 1589
f 1576 1575 1574
f 1577 1574 1573
f 1577 1573 1566
f 1577 1576 1574
f 1577 1566 1584
f 1580 1578 1577
f 1580 1582 1581
f 1580 1583 1582
f 1580 1584 1583
f 1580 1577 1584
f 1579 1578 1580
f 1603 1621 1602
f 1603 1639 1621
f 1604 1638 1639
f 1604 1639 1603
f 1605 1637 1638
f 1605 1638 1604
f 1606 1636 1637
f 1606 1637 1605
f 1607 1635 1636
f 1607 1636 1606
f 1608 1634 1635
f 1608 1635 1607
f 1609 1633 1634
f 1609 1634 1608
f 1610 1632 1633
f 1610 1633 1609
f 1611 1630 1631
f 1611 1631 1632
f 1611 1632 1610
f 1612 1630 1611
f 1613 1629 1630
f 1613 1630 1612
f 1614 1628 1629
f 1614 1629 1613
f 1615 1626 1627
f 1615 1627 1628
f 1615 1628 1614
f 1616 1626 1615
f 1617 1626 1616
f 1617 1625 1626
f 1618 1625 1617
f 1618 1624 1625
f 1619 1624 1618
f 1619 1623 1624
f 1620 1623 1619
f 1620 1622 1623
f 1641 1659 1640
f 1641 1677 1659
f 1642 1676 1677
f 1642 1677 1641
f 1643 1675 1676
f 1643 1676 1642
f 1644 1674 1675
f 1644 1675 1643
f 1645 1673 1674
f 1645 1674 1644
f 1646 1672 1673
f 1646 1673 1645
f 1647 1671 1672
f 1647 1672 1646
f 1648 1670 1671
f 1648 1671 1647
f 1649 1669 1670
f 1649 1670 1648
f 1650 1667 1668
f 1650 1668 1669
f 1650 1669 1649
f 1651 1667 1650
f 1652 1666 1667
f 1652 1667 1651
f 1653 1665 1666
f 1653 1666 1652
f 1654 1664 1665
f 1654 1665 1653
f 1655 1664 1654
f 1655 1662 1663
f 1655 1663 1664
f 1656 1662 1655
f 1656 1661 1662
f 1657 1661 1656
f 1658 1661 1657
f 1658 1660 1661
f 1706 1705 1704
f 1702 1704 1703
f 1701 1706 1704
f 1701 1704 1702
f 1709 1707 1706
f 1709 1708 1707
f 1700 1706 1701
f 1698 1700 1699
f 1712 1711 1710
f 1697 1709 1706
f 1697 1706 1700
f 1697 1700 1698
f 1713 1712 1710
f 1679 1678 1713
f 1681 1680 1679
f 1681 1679 1713
f 1693 1695 1694
f 1693 1696 1695
f 1693 1697 1696
f 1684 1682 1681
f 1684 1683 1682
f 1690 1692 1691
f 1685 1713 1710
f 1685 1681 1713
f 1685 1684 1681
f 1688 1690 1689
f 1688 1693 1692
f 1688 1692 1690
f 1687 1693 1688
f 1687 1686 1685
f 1687 1710 1709
f 1687 1709 1697
f 1687 1697 1693
f 1687 1685 1710
f 1714 1751 1733
f 1715 1751 1714
f 1716 1750 1751
f 1716 1751 1715
f 1717 1749 1750
f 1717 1750 1716
f 1718 1748 1749
f 1718 1749 1717
f 1719 1747 1748
f 1719 1748 1718
f 1720 1746 1747
f 1720 1747 1719
f 1721 1745 1746
f 1721 1746 1720
f 1722 1743 1744
f 1722 1744 1745
f 1722 1745 1721
f 1723 1743 1722
f 1724 1741 1742
f 1724 1742 1743
f 1724 1743 1723
f 1725 1741 1724
f 1726 1740 1741
f 1726 1741 1725
f 1727 1739 1740
f 1727 1740 1726
f 1728 1738 1739
f 1728 1739 1727
f 1729 1738 1728
f 1729 1737 1738
f 1730 1737 1729
f 1730 1736 1737
f 1731 1736 1730
f 1731 1735 1736
f 1732 1735 1731
f 1732 1734 1735
f 1753 1771 1752
f 1753 1789 1771
f 1754 1788 1789
f 1754 1789 1753
f 1755 1787 1788
f 1755 1788 1754
f 1756 1786 1787
f 1756 1787 1755
f 1757 1785 1786
f 1757 1786 1756
f 1758 1783 1784
f 1758 1784 1785
f 1758 1785 1757
f 1759 1783 1758
f 1760 1782 1783
f 1760 1783 1759
f 1761 1781 1782
f 1761 1782 1760
f 1762 1780 1781
f 1762 1781 1761
f 1763 1779 1780
f 1763 1780 1762
f 1764 1777 1778
f 1764 1778 1779
f 1764 1779 1763
f 1765 1777 1764
f 1766 1776 1777
f 1766 1777 1765
f 1767 1776 1766
f 1767 1775 1776
f 1768 1775 1767
f 1768 1774 1775
f 1769 1774 1768
f 1769 1773 1774
f 1770 1773 1769
f 1770 1772 1773
f 1811 1813 1812
f 1810 1813 1811
f 1815 1814 1813
f 1807 1809 1808
f 1807 1810 1809
f 1818 1817 1816
f 1819 1816 1815
f 1819 1818 1816
f 1804 1806 1805
f 1821 1820 1819
f 1803 1807 1806
f 1803 1813 1810
f 1803 1806 1804
f 1803 1810 1807
f 1801 1803 1802
f 1801 1815 1813
f 1801 1813 1803
f 1825 1822 1821
f 1825 1823 1822
f 1825 1824 1823
f 1798 1800 1799
f 1797 1801 1800
f 1797 1819 1815
f 1797 1815 1801
f 1797 1800 1798
f 1792 1791 1790
f 1793 1792 1790
f 1793 1790 1825
f 1795 1793 1825
f 1795 1797 1796
f 1795 1821 1819
f 1795 1825 1821
f 1795 1819 1797
f 1794 1793 1795
f 1827 1845 1826
f 1827 1863 1845
f 1828 1862 1863
f 1828 1863 1827
f 1829 1861 1862
f 1829 1862 1828
f 1830 1860 1861
f 1830 1861 1829
f 1831 1859 1860
f 1831 1860 1830
f 1832 1858 1859
f 1832 1859 1831
f 1833 1857 1858
f 1833 1858 1832
f 1834 1856 1857
f 1834 1857 1833
f 1835 1855 1856
f 1835 1856 1834
f 1836 1854 1855
f 1836 1855 1835
f 1837 1853 1854
f 1837 1854 1836
f 1838 1852 1853
f 1838 1853 1837
f 1839 1851 1852
f 1839 1852 1838
f 1840 1850 1851
f 1840 1851 1839
f 1841 1850 1840
f 1841 1849 1850
f 1842 1849 1841
f 1842 1848 1849
f 1843 1848 1842
f 1843 1847 1848
f 1844 1847 1843
f 1844 1846 1847
f 1865 1883 1864
f 1865 1901 1883
f 1866 1900 1901
f 1866 1901 1865
f 1867 1899 1900
f 1867 1900 1866
f 1868 1898 1899
f 1868 1899 1867
f 1869 1897 1898
f 1869 1898 1868
f 1870 1895 1896
f 1870 1896 1897
f 1870 1897 1869
f 1871 1895 1870
f 1872 1894 1895
f 1872 1895 1871
f 1873 1893 1894
f 1873 1894 1872
f 1874 1892 1893
f 1874 1893 1873
f 1875 1891 1892
f 1875 1892 1874
f 1876 1890 1891
f 1876 1891 1875
f 1877 1889 1890
f 1877 1890 1876
f 1878 1887 1888
f 1878 1888 1889
f 1878 1889 1877
f 1879 1887 1878
f 1880 1887 1879
f 1880 1886 1887
f 1881 1886 1880
f 1881 1885 1886
f 1882 1885 1881
f 1882 1884 1885
f 1922 1921 1920
f 1923 1922 1920
f 1924 1923 1920
f 1927 1920 1919
f 1927 1925 1924
f 1927 1926 1925
f 1927 1924 1920
f 1913 1915 1914
f 1913 1916 1915
f 1913 1917 1916
f 1913 1918 1917
f 1929 1928 1927
f 1911 1913 1912
f 1931 1930 1929
f 1931 1929 1927
f 1909 1911 1910
f 1909 1913 1911
f 1932 1927 1919
f 1932 1931 1927
f 1934 1919 1918
f 1934 1933 1932
f 1934 1932 1919
f 1906 1908 1907
f 1902 1904 1903
f 1902 1905 1904
f 1902 1906 1905
f 1902 1909 1908
f 1902 1935 1934
f 1902 1936 1935
f 1902 1937 1936
f 1902 1934 1918
f 1902 1918 1913
f 1902 1913 1909
f 1902 1908 1906
f 1938 1975 1957
f 1939 1975 1938
f 1940 1974 1975
f 1940 1975 1939
f 1941 1973 1974
f 1941 1974 1940
f 1942 1972 1973
f 1942 1973 1941
f 1943 1971 1972
f 1943 1972 1942
f 1944 1970 1971
f 1944 1971 1943
f 1945 1969 1970
f 1945 1970 1944
f 1946 1967 1968
f 1946 1968 1969
f 1946 1969 1945
f 1947 1967 1946
f 1948 1965 1966
f 1948 1966 1967
f 1948 1967 1947
f 1949 1965 1948
f 1950 1964 1965
f 1950 1965 1949
f 1951 1963 1964
f 1951 1964 1950
f 1952 1962 1963
f 1952 1963 1951
f 1953 1962 1952
f 1953 1961 1962
f 1954 1961 1953
f 1954 1960 1961
f 1955 1960 1954
f 1955 1959 1960
f 1956 1959 1955
f 1956 1958 1959
f 1977 1995 1976
f 1977 2013 1995
f 1978 2012 2013
f 1978 2013 1977
f 1979 2011 2012
f 1979 2012 1978
f 1980 2010 2011
f 1980 2011 1979
f 1981 2009 2010
f 1981 2010 1980
f 1982 2007 2008
f 1982 2008 2009
f 1982 2009 1981
f 1983 2007 1982
f 1984 2006 2007
f 1984 2007 1983
f 1985 2005 2006
f 1985 2006 1984
f 1986 2004 2005
f 1986 2005 1985
f 1987 2003 2004
f 1987 2004 1986
f 1988 2001 2002
f 1988 2002 2003
f 1988 2003 1987
f 1989 2001 1988
f 1990 2000 2001
f 1990 2001 1989
f 1991 2000 1990
f 1991 1999 2000
f 1992 1999 1991
f 1992 1998 1999
f 1993 1998 1992
f 1993 1997 1998
f 1994 1997 1993
f 1994 1996 1997
f 2026 2028 2027
f 2026 2029 2028
f 2032 2030 2029
f 2032 2031 2030
f 2023 2025 2024
f 2023 2026 2025
f 2034 2033 2032
f 2021 2023 2022
f 2035 2034 2032
f 2020 2023 2021
f 2036 2035 2032
f 2019 2023 2020
f 2017 2019 2018
f 2039 2037 2036
f 2039 2038 2037
f 2039 2029 2026
f 2039 2032 2029
f 2039 2036 2032
f 2040 2026 2023
f 2040 2039 2026
f 2014 2016 2015
f 2014 2017 2016
f 2014 2019 2017
f 2042 2041 2040
f 2042 2040 2023
f 2042 2023 2019
f 2048 2014 2049
f 2044 2043 2042
f 2046 2014 2048
f 2046 2044 2042
f 2046 2045 2044
f 2046 2048 2047
f 2046 2042 2019
f 2046 2019 2014
f 2051 2069 2050
f 2051 2087 2069
f 2052 2086 2087
f 2052 2087 2051
f 2053 2085 2086
f 2053 2086 2052
f 2054 2084 2085
f 2054 2085 2053
f 2055 2083 2084
f 2055 2084 2054
f 2056 2082 2083
f 2056 2083 2055
f 2057 2081 2082
f 2057 2082 2056
f 2058 2080 2081
f 2058 2081 2057
f 2059 2079 2080
f 2059 2080 2058
f 2060 2078 2079
f 2060 2079 2059
f 2061 2077 2078
f 2061 2078 2060
f 2062 2076 2077
f 2062 2077 2061
f 2063 2075 2076
f 2063 2076 2062
f 2064 2074 2075
f 2064 2075 2063
f 2065 2074 2064
f 2065 2073 2074
f 2066 2073 2065
f 2066 2072 2073
f 2067 2072 2066
f 2067 2071 2072
f 2068 2071 2067
f 2068 2070 2071
f 2089 2107 2088
f 2089 2125 2107
f 2090 2124 2125
f 2090 2125 2089
f 2091 2123 2124
f 2091 2124 2090
f 2092 2122 2123
f 2092 2123 2091
f 2093 2121 2122
f 2093 2122 2092
f 2094 2120 2121
f 2094 2121 2093
f 2095 2119 2120
f 2095 2120 2094
f 2096 2118 2119
f 2096 2119 2095
f 2097 2117 2118
f 2097 2118 2096
f 2098 2115 2116
f 2098 2116 2117
f 2098 2117 2097
f 2099 2115 2098
f 2100 2114 2115
f 2100 2115 2099
f 2101 2112 2113
f 2101 2113 2114
f 2101 2114 2100
f 2102 2112 2101
f 2103 2112 2102
f 2103 2111 2112
f 2104 2111 2103
f 2104 2109 2110
f 2104 2110 2111
f 2105 2109 2104
f 2106 2109 2105
f 2106 2108 2109
f 2133 2135 2134
f 2137 2136 2135
f 2137 2135 2133
f 2131 2133 2132
f 2131 2137 2133
f 2140 2139 2138
f 2142 2141 2140
f 2128 2130 2129
f 2128 2131 2130
f 2144 2143 2142
f 2144 2142 2140
f 2144 2140 2138
f 2126 2128 2127
f 2160 2138 2137
f 2160 2126 2161
f 2160 2137 2131
f 2160 2131 2128
f 2160 2128 2126
f 2158 2160 2159
f 2148 2145 2144
f 2148 2146 2145
f 2148 2147 2146
f 2157 2160 2158
f 2150 2149 2148
f 2150 2148 2144
f 2151 2144 2138
f 2151 2138 2160
f 2151 2150 2144
f 2151 2160 2157
f 2154 2156 2155
f 2154 2157 2156
f 2154 2151 2157
f 2153 2151 2154
f 2153 2152 2151
f 2162 2199 2181
f 2163 2199 2162
f 2164 2198 2199
f 2164 2199 2163
f 2165 2197 2198
f 2165 2198 2164
f 2166 2196 2197
f 2166 2197 2165
f 2167 2195 2196
f 2167 2196 2166
f 2168 2194 2195
f 2168 2195 2167
f 2169 2193 2194
f 2169 2194 2168
f 2170 2191 2192
f 2170 2192 2193
f 2170 2193 2169
f 2171 2191 2170
f 2172 2189 2190
f 2172 2190 2191
f 2172 2191 2171
f 2173 2189 2172
f 2174 2188 2189
f 2174 2189 2173
f 2175 2187 2188
f 2175 2188 2174
f 2176 2186 2187
f 2176 2187 2175
f 2177 2186 2176
f 2177 2185 2186
f 2178 2185 2177
f 2178 2184 2185
f 2179 2184 2178
f 2179 2183 2184
f 2180 2183 2179
f 2180 2182 2183
f 2201 2219 2200
f 2201 2237 2219
f 2202 2236 2237
f 2202 2237 2201
f 2203 2235 2236
f 2203 2236 2202
f 2204 2234 2235
f 2204 2235 2203
f 2205 2233 2234
f 2205 2234 2204
f 2206 2231 2232
f 2206 2232 2233
f 2206 2233 2205
f 2207 2231 2206
f 2208 2230 2231
f 2208 2231 2207
f 2209 2229 2230
f 2209 2230 2208
f 2210 2228 2229
f 2210 2229 2209
f 2211 2227 2228
f 2211 2228 2210
f 2212 2225 2226
f 2212 2226 2227
f 2212 2227 2211
f 2213 2225 2212
f 2214 2224 2225
f 2214 2225 2213
f 2215 2224 2214
f 2215 2223 2224
f 2216 2223 2215
f 2216 2222 2223
f 2217 2222 2216
f 2217 2221 2222
f 2218 2221 2217
f 2218 2220 2221
f 2241 2243 2242
f 2240 2243 2241
f 2245 2244 2243
f 2273 2239 2238
f 2273 2240 2239
f 2248 2247 2246
f 2249 2246 2245
f 2249 2248 2246
f 2270 2272 2271
f 2251 2250 2249
f 2269 2273 2272
f 2269 2245 2243
f 2269 2243 2240
f 2269 2240 2273
f 2269 2272 2270
f 2267 2269 2268
f 2254 2253 2252
f 2255 2252 2251
f 2255 2254 2252
f 2264 2266 2265
f 2257 2256 2255
f 2263 2267 2266
f 2263 2249 2245
f 2263 2245 2269
f 2263 2269 2267
f 2263 2266 2264
f 2259 2258 2257
f 2259 2257 2255
f 2261 2259 2255
f 2261 2263 2262
f 2261 2251 2249
f 2261 2255 2251
f 2261 2249 2263
f 2260 2259 2261
f 2275 2293 2274
f 2275 2311 2293
f 2276 2310 2311
f 2276 2311 2275
f 2277 2309 2310
f 2277 2310 2276
f 2278 2308 2309
f 2278 2309 2277
f 2279 2307 2308
f 2279 2308 2278
f 2280 2306 2307
f 2280 2307 2279
f 2281 2305 2306
f 2281 2306 2280
f 2282 2304 2305
f 2282 2305 2281
f 2283 2303 2304
f 2283 2304 2282
f 2284 2301 2302
f 2284 2302 2303
f 2284 2303 2283
f 2285 2301 2284
f 2286 2300 2301
f 2286 2301 2285
f 2287 2299 2300
f 2287 2300 2286
f 2288 2298 2299
f 2288 2299 2287
f 2289 2298 2288
f 2289 2297 2298
f 2290 2297 2289
f 2290 2296 2297
f 2291 2296 2290
f 2291 2295 2296
f 2292 2295 2291
f 2292 2294 2295
f 2313 2331 2312
f 2313 2349 2331
f 2314 2348 2349
f 2314 2349 2313
f 2315 2347 2348
f 2315 2348 2314
f 2316 2346 2347
f 2316 2347 2315
f 2317 2345 2346
f 2317 2346 2316
f 2318 2344 2345
f 2318 2345 2317
f 2319 2343 2344
f 2319 2344 2318
f 2320 2342 2343
f 2320 2343 2319
f 2321 2341 2342
f 2321 2342 2320
f 2322 2340 2341
f 2322 2341 2321
f 2323 2339 2340
f 2323 2340 2322
f 2324 2338 2339
f 2324 2339 2323
f 2325 2337 2338
f 2325 2338 2324
f 2326 2336 2337
f 2326 2337 2325
f 2327 2336 2326
f 2327 2335 2336
f 2328 2335 2327
f 2328 2334 2335
f 2329 2334 2328
f 2329 2333 2334
f 2330 2333 2329
f 2330 2332 2333
f 2385 2351 2350
f 2352 2351 2385
f 2353 2352 2385
f 2354 2353 2385
f 2381 2383 2382
f 2381 2384 2383
f 2380 2385 2384
f 2380 2384 2381
f 2357 2355 2354
f 2357 2356 2355
f 2357 2354 2385
f 2358 2357 2385
f 2378 2380 2379
f 2377 2380 2378
f 2374 2376 2375
f 2374 2377 2376
f 2365 2363 2362
f 2365 2364 2363
f 2371 2373 2372
f 2370 2359 2358
f 2370 2360 2359
f 2370 2361 2360
f 2370 2362 2361
f 2370 2374 2373
f 2370 2385 2380
f 2370 2358 2385
f 2370 2380 2377
f 2370 2377 2374
f 2370 2373 2371
f 2369 2366 2365
f 2369 2367 2366
f 2369 2365 2362
f 2369 2362 2370
f 2368 2367 2369
f 2386 2423 2405
f 2387 2423 2386
f 2388 2422 2423
f 2388 2423 2387
f 2389 2421 2422
f 2389 2422 2388
f 2390 2420 2421
f 2390 2421 2389
f 2391 2419 2420
f 2391 2420 2390
f 2392 2418 2419
f 2392 2419 2391
f 2393 2417 2418
f 2393 2418 2392
f 2394 2416 2417
f 2394 2417 2393
f 2395 2415 2416
f 2395 2416 2394
f 2396 2413 2414
f 2396 2414 2415
f 2396 2415 2395
f 2397 2413 2396
f 2398 2412 2413
f 2398 2413 2397
f 2399 2411 2412
f 2399 2412 2398
f 2400 2410 2411
f 2400 2411 2399
f 2401 2410 2400
f 2401 2409 2410
f 2402 2409 2401
f 2402 2407 2408
f 2402 2408 2409
f 2403 2407 2402
f 2404 2407 2403
f 2404 2406 2407
f 2425 2443 2424
f 2425 2461 2443
f 2426 2460 2461
f 2426 2461 2425
f 2427 2459 2460
f 2427 2460 2426
f 2428 2458 2459
f 2428 2459 2427
f 2429 2457 2458
f 2429 2458 2428
f 2430 2456 2457
f 2430 2457 2429
f 2431 2455 2456
f 2431 2456 2430
f 2432 2454 2455
f 2432 2455 2431
f 2433 2453 2454
f 2433 2454 2432
f 2434 2452 2453
f 2434 2453 2433
f 2435 2451 2452
f 2435 2452 2434
f 2436 2450 2451
f 2436 2451 2435
f 2437 2449 2450
f 2437 2450 2436
f 2438 2448 2449
f 2438 2449 2437
f 2439 2448 2438
f 2439 2447 2448
f 2440 2447 2439
f 2440 2446 2447
f 2441 2446 2440
f 2441 2445 2446
f 2442 2445 2441
f 2442 2444 2445
f 2492 2494 2493
f 2496 2495 2494
f 2489 2491 2490
f 2463 2462 2497
f 2487 2489 2488
f 2487 2491 2489
f 2465 2464 2463
f 2466 2463 2497
f 2466 2465 2463
f 2484 2486 2485
f 2484 2487 2486
f 2484 2492 2491
f 2484 2494 2492
f 2484 2491 2487
f 2468 2467 2466
f 2482 2484 2483
f 2482 2496 2494
f 2482 2494 2484
f 2481 2497 2496
f 2481 2496 2482
f 2479 2481 2480
f 2472 2470 2469
f 2472 2471 2470
f 2473 2469 2468
f 2473 2468 2466
f 2473 2472 2469
f 2477 2479 2478
f 2476 2479 2477
f 2476 2473 2466
f 2476 2474 2473
f 2476 2497 2481
f 2476 2466 2497
f 2476 2481 2479
f 2475 2474 2476
f 2499 2517 2498
f 2499 2535 2517
f 2500 2534 2535
f 2500 2535 2499
f 2501 2533 2534
f 2501 2534 2500
f 2502 2532 2533
f 2502 2533 2501
f 2503 2531 2532
f 2503 2532 2502
f 2504 2530 2531
f 2504 2531 2503
f 2505 2529 2530
f 2505 2530 2504
f 2506 2528 2529
f 2506 2529 2505
f 2507 2527 2528
f 2507 2528 2506
f 2508 2525 2526
f 2508 2526 2527
f 2508 2527 2507
f 2509 2525 2508
f 2510 2524 2525
f 2510 2525 2509
f 2511 2523 2524
f 2511 2524 2510
f 2512 2521 2522
f 2512 2522 2523
f 2512 2523 2511
f 2513 2521 2512
f 2514 2521 2513
f 2514 2520 2521
f 2515 2520 2514
f 2515 2519 2520
f 2516 2519 2515
f 2516 2518 2519
f 2537 2555 2536
f 2537 2573 2555
f 2538 2572 2573
f 2538 2573 2537
f 2539 2571 2572
f 2539 2572 2538
f 2540 2570 2571
f 2540 2571 2539
f 2541 2569 2570
f 2541 2570 2540
f 2542 2567 2568
f 2542 2568 2569
f 2542 2569 2541
f 2543 2567 2542
f 2544 2566 2567
f 2544 2567 2543
f 2545 2565 2566
f 2545 2566 2544
f 2546 2563 2564
f 2546 2564 2565
f 2546 2565 2545
f 2547 2563 2546
f 2548 2562 2563
f 2548 2563 2547
f 2549 2561 2562
f 2549 2562 2548
f 2550 2560 2561
f 2550 2561 2549
f 2551 2560 2550
f 2551 2559 2560
f 2552 2559 2551
f 2552 2557 2558
f 2552 2558 2559
f 2553 2557 2552
f 2554 2557 2553
f 2554 2556 2557
f 2603 2602 2601
f 2598 2600 2599
f 2598 2601 2600
f 2605 2604 2603
f 2605 2603 2601
f 2594 2596 2595
f 2594 2597 2596
f 2594 2598 2597
f 2574 2606 2605
f 2574 2607 2606
f 2574 2608 2607
f 2574 2609 2608
f 2574 2601 2598
f 2574 2605 2601
f 2592 2594 2593
f 2576 2575 2574
f 2589 2591 2590
f 2589 2592 2591
f 2578 2577 2576
f 2578 2598 2594
f 2578 2594 2592
f 2578 2574 2598
f 2578 2576 2574
f 2587 2589 2588
f 2580 2579 2578
f 2585 2587 2586
f 2585 2592 2589
f 2585 2589 2587
f 2582 2581 2580
f 2582 2578 2592
f 2582 2580 2578
f 2582 2592 2585
f 2583 2582 2585
f 2583 2585 2584
f 2610 2647 2629
f 2611 2647 2610
f 2612 2646 2647
f 2612 2647 2611
f 2613 2645 2646
f 2613 2646 2612
f 2614 2644 2645
f 2614 2645 2613
f 2615 2643 2644
f 2615 2644 2614
f 2616 2642 2643
f 2616 2643 2615
f 2617 2641 2642
f 2617 2642 2616
f 2618 2640 2641
f 2618 2641 2617
f 2619 2639 2640
f 2619 2640 2618
f 2620 2637 2638
f 2620 2638 2639
f 2620 2639 2619
f 2621 2637 2620
f 2622 2636 2637
f 2622 2637 2621
f 2623 2635 2636
f 2623 2636 2622
f 2624 2634 2635
f 2624 2635 2623
f 2625 2634 2624
f 2625 2633 2634
f 2626 2633 2625
f 2626 2631 2632
f 2626 2632 2633
f 2627 2631 2626
f 2628 2631 2627
f 2628 2630 2631
f 2649 2667 2648
f 2649 2685 2667
f 2650 2684 2685
f 2650 2685 2649
f 2651 2683 2684
f 2651 2684 2650
f 2652 2682 2683
f 2652 2683 2651
f 2653 2681 2682
f 2653 2682 2652
f 2654 2680 2681
f 2654 2681 2653
f 2655 2679 2680
f 2655 2680 2654
f 2656 2678 2679
f 2656 2679 2655
f 2657 2677 2678
f 2657 2678 2656
f 2658 2676 2677
f 2658 2677 2657
f 2659 2675 2676
f 2659 2676 2658
f 2660 2674 2675
f 2660 2675 2659
f 2661 2673 2674
f 2661 2674 2660
f 2662 2672 2673
f 2662 2673 2661
f 2663 2672 2662
f 2663 2671 2672
f 2664 2671 2663
f 2664 2670 2671
f 2665 2670 2664
f 2665 2669 2670
f 2666 2669 2665
f 2666 2668 2669
f 2707 2709 2708
f 2711 2710 2709
f 2705 2707 2706
f 2714 2713 2712
f 2715 2712 2711
f 2715 2714 2712
f 2702 2704 2703
f 2701 2704 2702
f 2717 2716 2715
f 2717 2709 2707
f 2717 2711 2709
f 2717 2715 2711
f 2719 2718 2717
f 2719 2717 2707
f 2720 2719 2707
f 2697 2699 2698
f 2697 2700 2699
f 2721 2707 2705
f 2721 2720 2707
f 2695 2697 2696
f 2695 2700 2697
f 2688 2687 2686
f 2688 2686 2721
f 2693 2695 2694
f 2689 2688 2721
f 2689 2705 2704
f 2689 2721 2705
f 2690 2689 2704
f 2690 2701 2700
f 2690 2704 2701
f 2690 2700 2695
f 2690 2695 2693
f 2691 2693 2692
f 2691 2690 2693
f 2723 2741 2722
f 2723 2759 2741
f 2724 2758 2759
f 2724 2759 2723
f 2725 2757 2758
f 2725 2758 2724
f 2726 2756 2757
f 2726 2757 2725
f 2727 2755 2756
f 2727 2756 2726
f 2728 2754 2755
f 2728 2755 2727
f 2729 2753 2754
f 2729 2754 2728
f 2730 2752 2753
f 2730 2753 2729
f 2731 2751 2752
f 2731 2752 2730
f 2732 2749 2750
f 2732 2750 2751
f 2732 2751 2731
f 2733 2749 2732
f 2734 2748 2749
f 2734 2749 2733
f 2735 2747 2748
f 2735 2748 2734
f 2736 2745 2746
f 2736 2746 2747
f 2736 2747 2735
f 2737 2745 2736
f 2738 2745 2737
f 2738 2744 2745
f 2739 2744 2738
f 2739 2743 2744
f 2740 2743 2739
f 2740 2742 2743
f 2761 2779 2760
f 2761 2797 2779
f 2762 2796 2797
f 2762 2797 2761
f 2763 2795 2796
f 2763 2796 2762
f 2764 2794 2795
f 2764 2795 2763
f 2765 2793 2794
f 2765 2794 2764
f 2766 2791 2792
f 2766 2792 2793
f 2766 2793 2765
f 2767 2791 2766
f 2768 2790 2791
f 2768 2791 2767
f 2769 2789 2790
f 2769 2790 2768
f 2770 2787 2788
f 2770 2788 2789
f 2770 2789 2769
f 2771 2787 2770
f 2772 2786 2787
f 2772 2787 2771
f 2773 2785 2786
f 2773 2786 2772
f 2774 2784 2785
f 2774 2785 2773
f 2775 2784 2774
f 2775 2783 2784
f 2776 2783 2775
f 2776 2781 2782
f 2776 2782 2783
f 2777 2781 2776
f 2778 2781 2777
f 2778 2780 2781
f 2815 2817 2816
f 2814 2817 2815
f 2813 2818 2817
f 2813 2817 2814
f 2821 2819 2818
f 2821 2820 2819
f 2822 2821 2818
f 2810 2812 2811
f 2810 2813 2812
f 2810 2818 2813
f 2824 2823 2822
f 2808 2810 2809
f 2808 2818 2810
f 2807 2818 2808
f 2826 2825 2824
f 2826 2824 2822
f 2826 2822 2818
f 2828 2827 2826
f 2804 2806 2805
f 2804 2807 2806
f 2802 2804 2803
f 2832 2829 2828
f 2832 2830 2829
f 2832 2831 2830
f 2832 2826 2818
f 2832 2828 2826
f 2833 2802 2801
f 2833 2818 2807
f 2833 2807 2804
f 2833 2804 2802
f 2833 2832 2818
f 2799 2833 2801
f 2799 2801 2800
f 2798 2833 2799
f 2834 2871 2853
f 2835 2871 2834
f 2836 2870 2871
f 2836 2871 2835
f 2837 2869 2870
f 2837 2870 2836
f 2838 2868 2869
f 2838 2869 2837
f 2839 2867 2868
f 2839 2868 2838
f 2840 2866 2867
f 2840 2867 2839
f 2841 2865 2866
f 2841 2866 2840
f 2842 2864 2865
f 2842 2865 2841
f 2843 2863 2864
f 2843 2864 2842
f 2844 2861 2862
f 2844 2862 2863
f 2844 2863 2843
f 2845 2861 2844
f 2846 2860 2861
f 2846 2861 2845
f 2847 2859 2860
f 2847 2860 2846
f 2848 2858 2859
f 2848 2859 2847
f 2849 2858 2848
f 2849 2857 2858
f 2850 2857 2849
f 2850 2855 2856
f 2850 2856 2857
f 2851 2855 2850
f 2852 2855 2851
f 2852 2854 2855
f 2873 2891 2872
f 2873 2909 2891
f 2874 2908 2909
f 2874 2909 2873
f 2875 2907 2908
f 2875 2908 2874
f 2876 2906 2907
f 2876 2907 2875
f 2877 2905 2906
f 2877 2906 2876
f 2878 2904 2905
f 2878 2905 2877
f 2879 2903 2904
f 2879 2904 2878
f 2880 2902 2903
f 2880 2903 2879
f 2881 2901 2902
f 2881 2902 2880
f 2882 2900 2901
f 2882 2901 2881
f 2883 2899 2900
f 2883 2900 2882
f 2884 2898 2899
f 2884 2899 2883
f 2885 2897 2898
f 2885 2898 2884
f 2886 2896 2897
f 2886 2897 2885
f 2887 2896 2886
f 2887 2895 2896
f 2888 2895 2887
f 2888 2894 2895
f 2889 2894 2888
f 2889 2893 2894
f 2890 2893 2889
f 2890 2892 2893
f 2922 2924 2923
f 2921 2924 2922
f 2927 2925 2924
f 2927 2926 2925
f 2918 2920 2919
f 2929 2928 2927
f 2929 2927 2924
f 2932 2931 2930
f 2914 2916 2915
f 2914 2917 2916
f 2914 2918 2917
f 2914 2921 2920
f 2914 2924 2921
f 2914 2920 2918
f 2934 2933 2932
f 2911 2913 2912
f 2911 2914 2913
f 2945 2911 2910
f 2945 2929 2924
f 2945 2924 2914
f 2945 2914 2911
f 2938 2937 2936
f 2944 2930 2929
f 2944 2929 2945
f 2939 2936 2935
f 2939 2938 2936
f 2940 2935 2934
f 2940 2939 2935
f 2942 2940 2934
f 2942 2944 2943
f 2942 2932 2930
f 2942 2934 2932
f 2942 2930 2944
f 2941 2940 2942
f 2947 2965 2946
f 2947 2983 2965
f 2948 2982 2983
f 2948 2983 2947
f 2949 2981 2982
f 2949 2982 2948
f 2950 2980 2981
f 2950 2981 2949
f 2951 2979 2980
f 2951 2980 2950
f 2952 2978 2979
f 2952 2979 2951
f 2953 2977 2978
f 2953 2978 2952
f 2954 2976 2977
f 2954 2977 2953
f 2955 2975 2976
f 2955 2976 2954
f 2956 2973 2974
f 2956 2974 2975
f 2956 2975 2955
f 2957 2973 2956
f 2958 2972 2973
f 2958 2973 2957
f 2959 2971 2972
f 2959 2972 2958
f 2960 2969 2970
f 2960 2970 2971
f 2960 2971 2959
f 2961 2969 2960
f 2962 2969 2961
f 2962 2968 2969
f 2963 2968 2962
f 2963 2967 2968
f 2964 2967 2963
f 2964 2966 2967
f 2985 3003 2984
f 2985 3021 3003
f 2986 3020 3021
f 2986 3021 2985
f 2987 3019 3020
f 2987 3020 2986
f 2988 3018 3019
f 2988 3019 2987
f 2989 3017 3018
f 2989 3018 2988
f 2990 3015 3016
f 2990 3016 3017
f 2990 3017 2989
f 2991 3015 2990
f 2992 3014 3015
f 2992 3015 2991
f 2993 3013 3014
f 2993 3014 2992
f 2994 3011 3012
f 2994 3012 3013
f 2994 3013 2993
f 2995 3011 2994
f 2996 3010 3011
f 2996 3011 2995
f 2997 3009 3010
f 2997 3010 2996
f 2998 3008 3009
f 2998 3009 2997
f 2999 3008 2998
f 2999 3007 3008
f 3000 3007 2999
f 3000 3005 3006
f 3000 3006 3007
f 3001 3005 3000
f 3002 3005 3001
f 3002 3004 3005
f 3028 3030 3029
f 3035 3032 3031
f 3035 3033 3032
f 3035 3034 3033
f 3027 3031 3030
f 3027 3030 3028
f 3039 3037 3036
f 3039 3038 3037
f 3023 3025 3024
f 3040 3039 3036
f 3022 3026 3025
f 3022 3025 3023
f 3043 3027 3026
f 3043 3036 3035
f 3043 3041 3040
f 3043 3042 3041
f 3043 3035 3031
f 3043 3031 3027
f 3043 3040 3036
f 3055 3057 3056
f 3054 3057 3055
f 3053 3057 3054
f 3046 3045 3044
f 3051 3053 3052
f 3051 3022 3057
f 3051 3057 3053
f 3048 3044 3043
f 3048 3047 3046
f 3048 3026 3022
f 3048 3043 3026
f 3048 3046 3044
f 3050 3048 3022
f 3050 3022 3051
f 3049 3048 3050
f 3058 3095 3077
f 3059 3095 3058
f 3060 3094 3095
f 3060 3095 3059
f 3061 3093 3094
f 3061 3094 3060
f 3062 3092 3093
f 3062 3093 3061
f 3063 3091 3092
f 3063 3092 3062
f 3064 3090 3091
f 3064 3091 3063
f 3065 3089 3090
f 3065 3090 3064
f 3066 3088 3089
f 3066 3089 3065
f 3067 3087 3088
f 3067 3088 3066
f 3068 3085 3086
f 3068 3086 3087
f 3068 3087 3067
f 3069 3085 3068
f 3070 3084 3085
f 3070 3085 3069
f 3071 3083 3084
f 3071 3084 3070
f 3072 3082 3083
f 3072 3083 3071
f 3073 3082 3072
f 3073 3081 3082
f 3074 3081 3073
f 3074 3079 3080
f 3074 3080 3081
f 3075 3079 3074
f 3076 3079 3075
f 3076 3078 3079
f 3097 3115 3096
f 3097 3133 3115
f 3098 3132 3133
f 3098 3133 3097
f 3099 3131 3132
f 3099 3132 3098
f 3100 3130 3131
f 3100 3131 3099
f 3101 3129 3130
f 3101 3130 3100
f 3102 3128 3129
f 3102 3129 3101
f 3103 3127 3128
f 3103 3128 3102
f 3104 3126 3127
f 3104 3127 3103
f 3105 3125 3126
f 3105 3126 3104
f 3106 3124 3125
f 3106 3125 3105
f 3107 3123 3124
f 3107 3124 3106
f 3108 3122 3123
f 3108 3123 3107
f 3109 3121 3122
f 3109 3122 3108
f 3110 3120 3121
f 3110 3121 3109
f 3111 3120 3110
f 3111 3119 3120
f 3112 3119 3111
f 3112 3118 3119
f 3113 3118 3112
f 3113 3117 3118
f 3114 3117 3113
f 3114 3116 3117
f 3140 3139 3138
f 3141 3140 3138
f 3143 3142 3141
f 3169 3135 3134
f 3169 3136 3135
f 3169 3137 3136
f 3145 3144 3143
f 3167 3169 3168
f 3166 3169 3167
f 3148 3146 3145
f 3148 3147 3146
f 3148 3141 3138
f 3148 3145 3143
f 3148 3143 3141
f 3149 3138 3137
f 3149 3148 3138
f 3163 3165 3164
f 3163 3166 3165
f 3153 3150 3149
f 3153 3151 3150
f 3153 3152 3151
f 3153 3137 3169
f 3153 3149 3137
f 3160 3162 3161
f 3160 3163 3162
f 3159 3163 3160
f 3159 3166 3163
f 3155 3154 3153
f 3156 3166 3159
f 3156 3155 3153
f 3156 3169 3166
f 3156 3153 3169
f 3157 3159 3158
f 3157 3156 3159
f 3171 3189 3170
f 3171 3207 3189
f 3172 3206 3207
f 3172 3207 3171
f 3173 3205 3206
f 3173 3206 3172
f 3174 3204 3205
f 3174 3205 3173
f 3175 3203 3204
f 3175 3204 3174
f 3176 3202 3203
f 3176 3203 3175
f 3177 3201 3202
f 3177 3202 3176
f 3178 3200 3201
f 3178 3201 3177
f 3179 3199 3200
f 3179 3200 3178
f 3180 3197 3198
f 3180 3198 3199
f 3180 3199 3179
f 3181 3197 3180
f 3182 3196 3197
f 3182 3197 3181
f 3183 3195 3196
f 3183 3196 3182
f 3184 3193 3194
f 3184 3194 3195
f 3184 3195 3183
f 3185 3193 3184
f 3186 3193 3185
f 3186 3192 3193
f 3187 3192 3186
f 3187 3191 3192
f 3188 3191 3187
f 3188 3190 3191
f 3209 3227 3208
f 3209 3245 3227
f 3210 3244 3245
f 3210 3245 3209
f 3211 3243 3244
f 3211 3244 3210
f 3212 3242 3243
f 3212 3243 3211
f 3213 3241 3242
f 3213 3242 3212
f 3214 3239 3240
f 3214 3240 3241
f 3214 3241 3213
f 3215 3239 3214
f 3216 3238 3239
f 3216 3239 3215
f 3217 3237 3238
f 3217 3238 3216
f 3218 3235 3236
f 3218 3236 3237
f 3218 3237 3217
f 3219 3235 3218
f 3220 3234 3235
f 3220 3235 3219
f 3221 3233 3234
f 3221 3234 3220
f 3222 3232 3233
f 3222 3233 3221
f 3223 3232 3222
f 3223 3231 3232
f 3224 3231 3223
f 3224 3229 3230
f 3224 3230 3231
f 3225 3229 3224
f 3226 3229 3225
f 3226 3228 3229
f 3264 3265 3274
f 3263 3274 3273
f 3263 3264 3274
f 3262 3273 3272
f 3262 3263 3273
f 3261 3272 3271
f 3261 3262 3272
f 3260 3271 3270
f 3260 3261 3271
f 3259 3270 3269
f 3259 3260 3270
f 3258 3259 3269
f 3257 3269 3268
f 3257 3258 3269
f 3256 3268 3267
f 3256 3257 3268
f 3293 3266 3275
f 3255 3256 3267
f 3255 3267 3266
f 3254 3255 3266
f 3254 3266 3293
f 3253 3254 3293
f 3253 3292 3291
f 3253 3293 3292
f 3252 3253 3291
f 3251 3252 3291
f 3251 3291 3290
f 3250 3251 3290
f 3250 3290 3289
f 3249 3250 3289
f 3249 3289 3288
f 3248 3249 3288
f 3248 3288 3287
f 3305 3286 3285
f 3247 3286 3305
f 3247 3248 3287
f 3247 3287 3286
f 3304 3285 3284
f 3304 3305 3285
f 3246 3247 3305
f 3303 3284 3283
f 3303 3304 3284
f 3302 3283 3282
f 3302 3303 3283
f 3301 3282 3281
f 3301 3302 3282
f 3300 3281 3280
f 3300 3301 3281
f 3299 3300 3280
f 3279 3299 3280
f 3296 3279 3278
f 3296 3295 3299
f 3296 3299 3279
f 3297 3278 3277
f 3297 3296 3278
f 3298 3277 3276
f 3298 3297 3277
f 3294 3298 3276
f 3332 3333 3334
f 3336 3334 3335
f 3331 3332 3334
f 3311 3336 3337
f 3329 3330 3331
f 3313 3311 3312
f 3313 3334 3336
f 3313 3336 3311
f 3326 3327 3328
f 3326 3328 3329
f 3326 3331 3334
f 3326 3329 3331
f 3315 3313 3314
f 3323 3324 3325
f 3323 3325 3326
f 3308 3316 3317
f 3308 3317 3318
f 3308 3318 3319
f 3320 3321 3322
f 3320 3322 3323
f 3320 3326 3334
f 3320 3323 3326
f 3338 3339 3320
f 3310 3308 3309
f 3310 3315 3316
f 3310 3316 3308
f 3306 3307 3338
f 3306 3313 3315
f 3306 3334 3313
f 3306 3320 3334
f 3306 3315 3310
f 3306 3338 3320
f 3341 3343 3342
f 3341 3340 3343
f 3347 3346 3344
f 3350 3344 3345
f 3348 3347 3344
f 3349 3344 3350
f 3349 3348 3344
f 3370 3352 3351
f 3370 3351 3361
f 3369 3361 3360
f 3369 3370 3361
f 3368 3360 3359
f 3368 3369 3360
f 3367 3359 3358
f 3367 3368 3359
f 3366 3358 3357
f 3366 3367 3358
f 3365 3357 3356
f 3365 3366 3357
f 3364 3355 3354
f 3364 3356 3355
f 3364 3365 3356
f 3363 3364 3354
f 3362 3354 3353
f 3362 3363 3354
f 3374 3373 3392
f 3374 3392 3393
f 3375 3374 3393
f 3394 3375 3393
f 3376 3375 3394
f 3395 3376 3394
f 3377 3376 3395
f 3396 3377 3395
f 3378 3377 3396
f 3397 3378 3396
f 3379 3378 3397
f 3398 3379 3397
f 3380 3379 3398
f 3399 3380 3398
f 3381 3380 3399
f 3400 3381 3399
f 3382 3381 3400
f 3401 3382 3400
f 3383 3382 3401
f 3402 3383 3401
f 3384 3383 3402
f 3403 3384 3402
f 3385 3384 3403
f 3404 3385 3403
f 3386 3385 3404
f 3405 3386 3404
f 3387 3386 3405
f 3406 3387 3405
f 3388 3387 3406
f 3407 3388 3406
f 3389 3388 3407
f 3408 3389 3407
f 3390 3389 3408
f 3409 3390 3408
f 3391 3390 3409
f 3371 3391 3409
f 3372 3391 3371
f 3608 3444 3443
f 3568 3440 3439
f 3567 3440 3568
f 3609 3608 3443
f 3607 3444 3608
f 3569 3568 3439
f 3566 3440 3567
f 3606 3444 3607
f 3610 3609 3443
f 3570 3569 3439
f 3565 3440 3566
f 3605 3444 3606
f 3611 3610 3443
f 3571 3570 3439
f 3564 3440 3565
f 3612 3611 3443
f 3604 3444 3605
f 3563 3440 3564
f 3572 3571 3439
f 3613 3612 3443
f 3603 3444 3604
f 3573 3572 3439
f 3562 3440 3563
f 3614 3613 3443
f 3602 3444 3603
f 3574 3573 3439
f 3561 3440 3562
f 3615 3614 3443
f 3601 3444 3602
f 3575 3574 3439
f 3560 3440 3561
f 3616 3615 3443
f 3600 3444 3601
f 3576 3439 3438
f 3576 3575 3439
f 3599 3445 3444
f 3599 3444 3600
f 3577 3576 3438
f 3598 3445 3599
f 3578 3577 3438
f 3597 3445 3598
f 3579 3578 3438
f 3596 3445 3597
f 3580 3579 3438
f 3756 3442 3441
f 3757 3441 3440
f 3757 3756 3441
f 3758 3757 3440
f 3758 3440 3560
f 3758 3555 3554
f 3758 3556 3555
f 3758 3557 3556
f 3758 3558 3557
f 3758 3559 3558
f 3758 3560 3559
f 3755 3617 3616
f 3755 3618 3617
f 3755 3619 3618
f 3755 3620 3619
f 3755 3621 3620
f 3755 3622 3621
f 3755 3616 3443
f 3755 3443 3442
f 3755 3442 3756
f 3759 3758 3554
f 3759 3583 3582
f 3759 3584 3583
f 3759 3585 3584
f 3759 3586 3585
f 3759 3587 3586
f 3759 3588 3587
f 3759 3589 3588
f 3759 3554 3589
f 3754 3623 3622
f 3754 3624 3623
f 3754 3625 3624
f 3754 3590 3625
f 3754 3591 3590
f 3754 3592 3591
f 3754 3593 3592
f 3754 3622 3755
f 3760 3438 3437
f 3760 3759 3582
f 3760 3581 3580
f 3760 3580 3438
f 3760 3582 3581
f 3753 3445 3596
f 3753 3594 3593
f 3753 3593 3754
f 3753 3595 3594
f 3753 3596 3595
f 3761 3437 3436
f 3761 3760 3437
f 3752 3445 3753
f 3752 3410 3445
f 3762 3761 3436
f 3751 3411 3410
f 3751 3410 3752
f 3527 3436 3435
f 3648 3412 3411
f 3648 3411 3649
f 3526 3436 3527
f 3528 3527 3435
f 3650 3649 3411
f 3647 3412 3648
f 3529 3528 3435
f 3525 3436 3526
f 3651 3650 3411
f 3646 3412 3647
f 3530 3529 3435
f 3524 3762 3436
f 3524 3436 3525
f 3645 3412 3646
f 3652 3411 3751
f 3652 3651 3411
f 3523 3762 3524
f 3531 3530 3435
f 3653 3652 3751
f 3644 3412 3645
f 3522 3762 3523
f 3532 3531 3435
f 3643 3412 3644
f 3654 3653 3751
f 3533 3532 3435
f 3521 3762 3522
f 3642 3412 3643
f 3534 3533 3435
f 3641 3412 3642
f 3535 3534 3435
f 3640 3412 3641
f 3536 3535 3435
f 3763 3762 3521
f 3763 3519 3518
f 3763 3520 3519
f 3763 3521 3520
f 3763 3551 3550
f 3763 3552 3551
f 3763 3553 3552
f 3763 3518 3553
f 3750 3654 3751
f 3750 3655 3654
f 3750 3656 3655
f 3750 3657 3656
f 3750 3658 3657
f 3750 3659 3658
f 3750 3660 3659
f 3750 3661 3660
f 3750 3626 3661
f 3434 3537 3536
f 3434 3538 3537
f 3434 3539 3538
f 3434 3540 3539
f 3434 3541 3540
f 3434 3542 3541
f 3434 3543 3542
f 3434 3544 3543
f 3434 3536 3435
f 3413 3633 3632
f 3413 3634 3633
f 3413 3635 3634
f 3413 3636 3635
f 3413 3637 3636
f 3413 3638 3637
f 3413 3639 3638
f 3413 3640 3639
f 3413 3412 3640
f 3764 3545 3544
f 3764 3546 3545
f 3764 3547 3546
f 3764 3548 3547
f 3764 3549 3548
f 3764 3550 3549
f 3764 3763 3550
f 3764 3544 3434
f 3749 3627 3626
f 3749 3628 3627
f 3749 3629 3628
f 3749 3630 3629
f 3749 3631 3630
f 3749 3632 3631
f 3749 3413 3632
f 3749 3626 3750
f 3433 3764 3434
f 3765 3764 3433
f 3748 3414 3413
f 3748 3413 3749
f 3747 3414 3748
f 3432 3765 3433
f 3432 3766 3765
f 3415 3414 3747
f 3746 3415 3747
f 3431 3766 3432
f 3431 3767 3766
f 3416 3415 3746
f 3486 3767 3487
f 3690 3689 3746
f 3688 3416 3746
f 3688 3746 3689
f 3485 3767 3486
f 3488 3767 3431
f 3488 3487 3767
f 3691 3690 3746
f 3687 3416 3688
f 3489 3488 3431
f 3484 3767 3485
f 3692 3691 3746
f 3686 3416 3687
f 3483 3767 3484
f 3490 3489 3431
f 3693 3692 3746
f 3685 3416 3686
f 3482 3767 3483
f 3482 3768 3767
f 3491 3490 3431
f 3694 3746 3745
f 3694 3693 3746
f 3684 3416 3685
f 3492 3491 3431
f 3517 3768 3482
f 3695 3694 3745
f 3683 3416 3684
f 3493 3492 3431
f 3516 3768 3517
f 3696 3695 3745
f 3682 3416 3683
f 3494 3493 3431
f 3515 3768 3516
f 3681 3416 3682
f 3697 3696 3745
f 3495 3494 3431
f 3514 3768 3515
f 3680 3416 3681
f 3662 3697 3745
f 3496 3495 3431
f 3513 3768 3514
f 3663 3662 3745
f 3512 3768 3513
f 3664 3663 3745
f 3511 3768 3512
f 3665 3664 3745
f 3510 3768 3511
f 3769 3768 3510
f 3769 3509 3508
f 3769 3510 3509
f 3744 3665 3745
f 3744 3666 3665
f 3744 3667 3666
f 3744 3668 3667
f 3430 3496 3431
f 3430 3497 3496
f 3430 3498 3497
f 3430 3499 3498
f 3430 3500 3499
f 3430 3501 3500
f 3430 3502 3501
f 3430 3503 3502
f 3430 3504 3503
f 3417 3416 3680
f 3417 3672 3671
f 3417 3673 3672
f 3417 3674 3673
f 3417 3675 3674
f 3417 3676 3675
f 3417 3677 3676
f 3417 3678 3677
f 3417 3679 3678
f 3417 3680 3679
f 3429 3769 3508
f 3429 3504 3430
f 3429 3505 3504
f 3429 3506 3505
f 3429 3507 3506
f 3429 3508 3507
f 3418 3744 3743
f 3418 3668 3744
f 3418 3417 3671
f 3418 3669 3668
f 3418 3670 3669
f 3418 3671 3670
f 3428 3769 3429
f 3428 3734 3769
f 3419 3743 3742
f 3419 3418 3743
f 3730 3729 3741
f 3481 3736 3446
f 3447 3446 3736
f 3731 3730 3741
f 3728 3741 3729
f 3480 3736 3481
f 3448 3447 3736
f 3727 3741 3728
f 3732 3731 3741
f 3479 3736 3480
f 3449 3736 3735
f 3449 3448 3736
f 3726 3742 3741
f 3726 3741 3727
f 3733 3732 3741
f 3478 3736 3479
f 3478 3737 3736
f 3450 3449 3735
f 3698 3741 3740
f 3698 3733 3741
f 3725 3742 3726
f 3451 3450 3735
f 3477 3737 3478
f 3699 3698 3740
f 3724 3742 3725
f 3476 3737 3477
f 3452 3451 3735
f 3700 3699 3740
f 3475 3737 3476
f 3701 3700 3740
f 3474 3737 3475
f 3702 3701 3740
f 3473 3737 3474
f 3703 3702 3740
f 3472 3737 3473
f 3704 3703 3740
f 3427 3452 3735
f 3427 3735 3734
f 3427 3453 3452
f 3427 3454 3453
f 3427 3455 3454
f 3427 3734 3428
f 3420 3721 3720
f 3420 3722 3721
f 3420 3723 3722
f 3420 3724 3723
f 3420 3419 3742
f 3420 3742 3724
f 3426 3455 3427
f 3426 3456 3455
f 3426 3457 3456
f 3426 3458 3457
f 3426 3459 3458
f 3426 3460 3459
f 3426 3461 3460
f 3426 3462 3461
f 3426 3463 3462
f 3426 3464 3463
f 3421 3713 3712
f 3421 3714 3713
f 3421 3715 3714
f 3421 3716 3715
f 3421 3717 3716
f 3421 3718 3717
f 3421 3719 3718
f 3421 3720 3719
f 3421 3420 3720
f 3425 3464 3426
f 3425 3465 3464
f 3425 3466 3465
f 3425 3467 3466
f 3425 3468 3467
f 3425 3469 3468
f 3425 3470 3469
f 3425 3471 3470
f 3425 3472 3471
f 3425 3737 3472
f 3422 3421 3712
f 3422 3740 3739
f 3422 3705 3704
f 3422 3704 3740
f 3422 3706 3705
f 3422 3707 3706
f 3422 3708 3707
f 3422 3709 3708
f 3422 3710 3709
f 3422 3711 3710
f 3422 3712 3711
f 3424 3738 3737
f 3424 3737 3425
f 3423 3739 3738
f 3423 3422 3739
f 3423 3738 3424
f 3773 3772 3791
f 3773 3791 3792
f 3774 3773 3792
f 3793 3774 3792
f 3775 3774 3793
f 3794 3775 3793
f 3776 3775 3794
f 3795 3776 3794
f 3777 3776 3795
f 3796 3777 3795
f 3778 3777 3796
f 3797 3778 3796
f 3779 3778 3797
f 3798 3779 3797
f 3780 3779 3798
f 3799 3780 3798
f 3781 3780 3799
f 3800 3781 3799
f 3782 3781 3800
f 3801 3782 3800
f 3783 3782 3801
f 3802 3783 3801
f 3784 3783 3802
f 3803 3784 3802
f 3785 3784 3803
f 3804 3785 3803
f 3786 3785 3804
f 3805 3786 3804
f 3787 3786 3805
f 3806 3787 3805
f 3788 3787 3806
f 3807 3788 3806
f 3789 3788 3807
f 3808 3789 3807
f 3790 3789 3808
f 3770 3790 3808
f 3771 3790 3770
f 3830 3809 3810
f 3830 3810 3811
f 3831 3830 3811
f 3812 3831 3811
f 3832 3831 3812
f 3813 3832 3812
f 3833 3832 3813
f 3814 3833 3813
f 3834 3833 3814
f 3815 3834 3814
f 3835 3834 3815
f 3816 3835 3815
f 3836 3835 3816
f 3817 3836 3816
f 3837 3836 3817
f 3818 3837 3817
f 3838 3837 3818
f 3819 3838 3818
f 3839 3838 3819
f 3820 3839 3819
f 3840 3839 3820
f 3821 3840 3820
f 3841 3840 3821
f 3822 3841 3821
f 3842 3841 3822
f 3823 3842 3822
f 3843 3842 3823
f 3824 3843 3823
f 3844 3843 3824
f 3825 3844 3824
f 3845 3844 3825
f 3826 3845 3825
f 3846 3845 3826
f 3827 3846 3826
f 3847 3846 3827
f 3828 3847 3827
f 3829 3847 3828
f 3887 3848 3849
f 3887 3849 3850
f 3886 3850 3851
f 3886 3887 3850
f 3885 3851 3852
f 3885 3886 3851
f 3884 3852 3853
f 3884 3885 3852
f 3883 3853 3854
f 3883 3854 3855
f 3883 3884 3853
f 3882 3883 3855
f 3881 3855 3856
f 3881 3856 3857
f 3881 3882 3855
f 3880 3857 3858
f 3880 3881 3857
f 3879 3880 3858
f 3878 3858 3859
f 3878 3879 3858
f 3877 3859 3860
f 3877 3878 3859
f 3876 3860 3861
f 3876 3877 3860
f 3875 3861 3862
f 3875 3876 3861
f 3874 3862 3863
f 3874 3875 3862
f 3873 3874 3863
f 3873 3863 3864
f 3872 3873 3864
f 3872 3864 3865
f 3872 3865 3866
f 3871 3872 3866
f 3870 3871 3866
f 3870 3866 3867
f 3870 3867 3868
f 3869 3870 3868
f 3888 3889 3890
f 3926 3890 3891
f 3926 3888 3890
f 3925 3891 3892
f 3925 3926 3891
f 3924 3892 3893
f 3924 3925 3892
f 3923 3893 3894
f 3923 3924 3893
f 3922 3894 3895
f 3922 3923 3894
f 3921 3895 3896
f 3921 3922 3895
f 3920 3896 3897
f 3920 3921 3896
f 3919 3897 3898
f 3919 3920 3897
f 3918 3898 3899
f 3918 3919 3898
f 3917 3899 3900
f 3917 3918 3899
f 3916 3900 3901
f 3916 3917 3900
f 3915 3901 3902
f 3915 3916 3901
f 3914 3902 3903
f 3914 3915 3902
f 3913 3903 3904
f 3913 3914 3903
f 3912 3913 3904
f 3912 3904 3905
f 3911 3912 3905
f 3911 3905 3906
f 3910 3911 3906
f 3910 3906 3907
f 3909 3910 3907
f 3909 3907 3908
f 3948 3927 3928
f 3948 3928 3929
f 3949 3929 3930
f 3949 3948 3929
f 3950 3930 3931
f 3950 3949 3930
f 3951 3931 3932
f 3951 3950 3931
f 3952 3932 3933
f 3952 3951 3932
f 3953 3933 3934
f 3953 3952 3933
f 3954 3934 3935
f 3954 3953 3934
f 3955 3935 3936
f 3955 3954 3935
f 3956 3936 3937
f 3956 3955 3936
f 3957 3937 3938
f 3957 3956 3937
f 3958 3938 3939
f 3958 3957 3938
f 3959 3939 3940
f 3959 3958 3939
f 3960 3940 3941
f 3960 3959 3940
f 3961 3941 3942
f 3961 3960 3941
f 3962 3942 3943
f 3962 3961 3942
f 3963 3962 3943
f 3963 3943 3944
f 3964 3963 3944
f 3964 3944 3945
f 3947 3964 3945
f 3947 3945 3946
f 4136 3970 3969
f 4137 4136 3969
f 4135 3970 4136
f 4138 4137 3969
f 4134 3970 4135
f 4133 3970 4134
f 4139 4138 3969
f 4132 3970 4133
f 4140 4139 3969
f 4131 3970 4132
f 4141 4140 3969
f 4130 3970 4131
f 4142 4141 3969
f 4129 3970 4130
f 4143 4142 3969
f 4128 3970 4129
f 4144 4143 3969
f 4127 3970 4128
f 4109 4144 3969
f 4110 4109 3969
f 4126 3970 4127
f 4033 4110 3969
f 4033 4111 4110
f 4033 4112 4111
f 4033 4113 4112
f 4033 4114 4113
f 4033 4115 4114
f 4033 4116 4115
f 4033 4117 4116
f 4033 4118 4117
f 4032 3971 3970
f 4032 4118 4033
f 4032 4119 4118
f 4032 4120 4119
f 4032 4121 4120
f 4032 4122 4121
f 4032 4123 4122
f 4032 4124 4123
f 4032 4125 4124
f 4032 4126 4125
f 4032 3970 4126
f 4034 3969 3968
f 4034 4033 3969
f 4031 3972 3971
f 4031 3971 4032
f 4035 3968 3967
f 4035 4034 3968
f 4030 3973 3972
f 4030 3972 4031
f 4095 3966 3965
f 4096 4095 3965
f 4177 3974 3973
f 4176 3974 4177
f 4094 3966 4095
f 4097 4096 3965
f 4175 3974 4176
f 4178 4177 3973
f 4098 4097 3965
f 4093 3966 4094
f 4179 4178 3973
f 4174 3974 4175
f 4036 3967 3966
f 4036 4035 3967
f 4029 3973 4030
f 4099 4098 3965
f 4092 3966 4093
f 4173 3974 4174
f 4180 4179 3973
f 4100 4099 3965
f 4091 3966 4092
f 4145 4180 3973
f 4172 3974 4173
f 4090 4036 3966
f 4090 3966 4091
f 4101 4100 3965
f 4146 4145 3973
f 4146 3973 4029
f 4171 3974 4172
f 4102 4101 3965
f 4089 4036 4090
f 4147 4146 4029
f 4170 3974 4171
f 4103 4102 3965
f 4088 4036 4089
f 4148 4147 4029
f 4169 3974 4170
f 4104 4103 3965
f 4087 4036 4088
f 4149 4148 4029
f 4168 3974 4169
f 4105 4104 3965
f 4086 4036 4087
f 4150 4149 4029
f 4167 3974 4168
f 4028 4150 4029
f 4028 4151 4150
f 4028 4152 4151
f 4028 4153 4152
f 4028 4154 4153
f 4028 4155 4154
f 4028 4156 4155
f 4028 4157 4156
f 4028 4158 4157
f 4001 4079 4078
f 4001 4080 4079
f 4001 4081 4080
f 4001 4082 4081
f 4001 4083 4082
f 4001 4084 4083
f 4001 4085 4084
f 4001 4086 4085
f 4001 4036 4086
f 3975 4167 4166
f 3975 3974 4167
f 3975 4163 4162
f 3975 4164 4163
f 3975 4165 4164
f 3975 4166 4165
f 4000 4074 4073
f 4000 4105 3965
f 4000 4106 4105
f 4000 4107 4106
f 4000 4108 4107
f 4000 4073 4108
f 4002 4075 4074
f 4002 4076 4075
f 4002 4077 4076
f 4002 4078 4077
f 4002 4074 4000
f 4002 4001 4078
f 4027 3975 4162
f 4027 4158 4028
f 4027 4159 4158
f 4027 4160 4159
f 4027 4161 4160
f 4027 4162 4161
f 4026 3976 3975
f 4026 3975 4027
f 4003 4000 3999
f 4003 4002 4000
f 3977 3976 4026
f 4004 3999 3998
f 4004 4003 3999
f 4025 3977 4026
f 4005 4004 3998
f 4005 3998 3997
f 4024 3978 3977
f 4024 3977 4025
f 4216 3978 4181
f 4054 3997 4055
f 4054 4005 3997
f 4056 4055 3997
f 4182 3978 4024
f 4182 4181 3978
f 4215 3978 4216
f 4183 4182 4024
f 4053 4005 4054
f 4057 4056 3997
f 4184 4183 4024
f 4214 3978 4215
f 4052 4005 4053
f 4058 4057 3997
f 4185 4184 4024
f 4213 3978 4214
f 4051 4005 4052
f 4059 4058 3997
f 4212 3978 4213
f 4186 4185 4024
f 4050 4005 4051
f 4060 4059 3997
f 4211 3978 4212
f 4187 4186 4024
f 4049 4005 4050
f 4061 4060 3997
f 4210 3978 4211
f 4188 4187 4024
f 4048 4005 4049
f 4062 4061 3997
f 4189 4188 4024
f 4209 3978 4210
f 4047 4005 4048
f 4063 4062 3997
f 4190 4189 4024
f 4208 3978 4209
f 4046 4005 4047
f 4064 4063 3997
f 4006 4039 4038
f 4006 4040 4039
f 4006 4041 4040
f 4006 4042 4041
f 4006 4043 4042
f 4006 4044 4043
f 4006 4045 4044
f 4006 4046 4045
f 4006 4005 4046
f 4023 4190 4024
f 4023 4191 4190
f 4023 4192 4191
f 4023 4193 4192
f 4023 4194 4193
f 4023 4195 4194
f 4023 4196 4195
f 4023 4197 4196
f 4023 4198 4197
f 3979 3978 4208
f 3979 4199 4198
f 3979 4200 4199
f 3979 4201 4200
f 3979 4202 4201
f 3979 4203 4202
f 3979 4204 4203
f 3979 4205 4204
f 3979 4206 4205
f 3979 4207 4206
f 3979 4208 4207
f 3979 4198 4023
f 3996 4066 4065
f 3996 4067 4066
f 3996 4068 4067
f 3996 4069 4068
f 3996 4070 4069
f 3996 4071 4070
f 3996 4072 4071
f 3996 4037 4072
f 3996 4006 4038
f 3996 4038 4037
f 3996 4064 3997
f 3996 4065 4064
f 4007 4006 3996
f 3980 4023 4022
f 3980 3979 4023
f 3995 4007 3996
f 4008 4007 3995
f 3981 3980 4022
f 3981 4022 4021
f 3994 4008 3995
f 4009 4008 3994
f 3982 3981 4021
f 3982 4021 4020
f 3993 4009 3994
f 4222 4221 4020
f 4222 4020 4019
f 4302 4009 4303
f 4302 4010 4009
f 4223 4222 4019
f 4220 4020 4221
f 4304 4303 4009
f 4301 4010 4302
f 4224 4223 4019
f 4300 4010 4301
f 4305 4304 4009
f 4219 4020 4220
f 4225 4224 4019
f 4299 4010 4300
f 4306 4009 3993
f 4306 4305 4009
f 4218 3982 4020
f 4218 4020 4219
f 4226 4225 4019
f 4298 4010 4299
f 4307 4306 3993
f 4217 3982 4218
f 4227 4226 4019
f 4308 4307 3993
f 4252 3982 4217
f 4297 4010 4298
f 4228 4227 4019
f 4296 4010 4297
f 4309 4308 3993
f 4251 3982 4252
f 4229 4228 4019
f 4295 4010 4296
f 4310 4309 3993
f 4250 3982 4251
f 4230 4229 4019
f 4294 4010 4295
f 4311 4310 3993
f 4249 3982 4250
f 4011 4291 4290
f 4011 4292 4291
f 4011 4293 4292
f 4011 4294 4293
f 4011 4010 4294
f 4018 4230 4019
f 4018 4231 4230
f 4018 4232 4231
f 4018 4233 4232
f 4018 4234 4233
f 3983 4240 4239
f 3983 4241 4240
f 3983 4242 4241
f 3983 4243 4242
f 3983 4244 4243
f 3983 4245 4244
f 3983 4246 4245
f 3983 4247 4246
f 3983 4248 4247
f 3983 4249 4248
f 3983 3982 4249
f 3992 4312 4311
f 3992 4313 4312
f 3992 4314 4313
f 3992 4315 4314
f 3992 4316 4315
f 3992 4317 4316
f 3992 4318 4317
f 3992 4319 4318
f 3992 4320 4319
f 3992 4321 4320
f 3992 4311 3993
f 3984 4234 4018
f 3984 4235 4234
f 3984 4236 4235
f 3984 4237 4236
f 3984 3983 4239
f 3984 4238 4237
f 3984 4239 4238
f 3991 4290 4289
f 3991 4011 4290
f 3991 4322 4321
f 3991 4323 4322
f 3991 4324 4323
f 3991 4289 4324
f 3991 4321 3992
f 4262 4015 4014
f 4261 4015 4262
f 4263 4262 4014
f 4260 4015 4261
f 4264 4263 4014
f 4259 4015 4260
f 4265 4264 4014
f 4258 4015 4259
f 4266 4265 4014
f 4267 4266 4014
f 4257 4015 4258
f 4268 4267 4014
f 4256 4015 4257
f 3985 4017 4016
f 3985 4018 4017
f 3985 3984 4018
f 3990 4012 4011
f 3990 4011 3991
f 4255 4015 4256
f 4269 4268 4014
f 4254 4015 4255
f 4270 4269 4014
f 3986 3985 4016
f 3989 4013 4012
f 3989 4012 3990
f 3987 4281 4280
f 3987 4282 4281
f 3987 4283 4282
f 3987 4284 4283
f 3987 4285 4284
f 3987 4286 4285
f 3987 4287 4286
f 3987 4288 4287
f 3987 4253 4288
f 3987 4015 4254
f 3987 4016 4015
f 3987 3986 4016
f 3987 4254 4253
f 3988 4271 4270
f 3988 4272 4271
f 3988 4273 4272
f 3988 4274 4273
f 3988 4275 4274
f 3988 4276 4275
f 3988 4277 4276
f 3988 4278 4277
f 3988 4279 4278
f 3988 4280 4279
f 3988 4270 4014
f 3988 4013 3989
f 3988 4014 4013
f 3988 3987 4280
f 4362 4325 4326
f 4361 4326 4327
f 4361 4362 4326
f 4360 4327 4328
f 4360 4361 4327
f 4359 4328 4329
f 4359 4360 4328
f 4358 4329 4330
f 4358 4359 4329
f 4357 4330 4331
f 4357 4358 4330
f 4356 4331 4332
f 4356 4357 4331
f 4355 4356 4332
f 4354 4332 4333
f 4354 4355 4332
f 4353 4333 4334
f 4353 4354 4333
f 4352 4334 4335
f 4352 4353 4334
f 4351 4335 4336
f 4351 4352 4335
f 4350 4336 4337
f 4350 4351 4336
f 4349 4337 4338
f 4349 4350 4337
f 4348 4338 4339
f 4348 4339 4340
f 4348 4349 4338
f 4347 4348 4340
f 4346 4347 4340
f 4346 4340 4341
f 4346 4341 4342
f 4345 4346 4342
f 4345 4342 4343
f 4344 4345 4343
f 4381 4382 4383
f 4380 4383 4384
f 4380 4381 4383
f 4379 4384 4385
f 4379 4380 4384
f 4378 4385 4386
f 4378 4379 4385
f 4377 4386 4387
f 4377 4378 4386
f 4376 4377 4387
f 4375 4387 4388
f 4375 4376 4387
f 4374 4388 4389
f 4374 4389 4390
f 4374 4375 4388
f 4373 4390 4391
f 4373 4374 4390
f 4372 4373 4391
f 4371 4391 4392
f 4371 4372 4391
f 4370 4392 4393
f 4370 4371 4392
f 4369 4393 4394
f 4369 4370 4393
f 4368 4394 4395
f 4368 4369 4394
f 4367 4395 4396
f 4367 4368 4395
f 4366 4367 4396
f 4366 4396 4397
f 4365 4366 4397
f 4365 4397 4398
f 4364 4365 4398
f 4364 4398 4399
f 4363 4364 4399
f 4363 4399 4400
f 4422 4401 4402
f 4422 4421 4401
f 4423 4402 4403
f 4423 4422 4402
f 4424 4403 4404
f 4424 4423 4403
f 4425 4404 4405
f 4425 4424 4404
f 4426 4405 4406
f 4426 4425 4405
f 4407 4426 4406
f 4427 4426 4407
f 4408 4427 4407
f 4428 4427 4408
f 4429 4408 4409
f 4429 4428 4408
f 4410 4429 4409
f 4430 4429 4410
f 4431 4410 4411
f 4431 4430 4410
f 4432 4411 4412
f 4432 4431 4411
f 4433 4412 4413
f 4433 4432 4412
f 4434 4413 4414
f 4434 4433 4413
f 4435 4414 4415
f 4435 4434 4414
f 4436 4415 4416
f 4436 4435 4415
f 4437 4436 4416
f 4437 4416 4417
f 4438 4437 4417
f 4438 4417 4418
f 4419 4438 4418
f 4420 4438 4419
f 4440 4439 4458
f 4440 4458 4459
f 4441 4459 4460
f 4441 4440 4459
f 4442 4460 4461
f 4442 4441 4460
f 4443 4461 4462
f 4443 4442 4461
f 4444 4462 4463
f 4444 4443 4462
f 4464 4444 4463
f 4445 4444 4464
f 4446 4464 4465
f 4446 4445 4464
f 4447 4465 4466
f 4447 4446 4465
f 4448 4466 4467
f 4448 4447 4466
f 4449 4467 4468
f 4449 4448 4467
f 4450 4468 4469
f 4450 4449 4468
f 4470 4450 4469
f 4451 4450 4470
f 4452 4470 4471
f 4452 4451 4470
f 4453 4471 4472
f 4453 4452 4471
f 4454 4472 4473
f 4454 4453 4472
f 4474 4454 4473
f 4455 4454 4474
f 4475 4455 4474
f 4456 4455 4475
f 4457 4456 4475
f 4457 4475 4476
f 4544 4482 4481
f 4544 4481 4545
f 4546 4481 4480
f 4546 4545 4481
f 4543 4483 4482
f 4543 4482 4544
f 4547 4480 4479
f 4547 4546 4480
f 4542 4483 4543
f 4542 4484 4483
f 4548 4547 4479
f 4548 4478 4477
f 4548 4479 4478
f 4541 4485 4484
f 4541 4486 4485
f 4541 4484 4542
f 4540 4486 4541
f 4513 4548 4477
f 4514 4513 4477
f 4514 4477 4512
f 4539 4486 4540
f 4539 4487 4486
f 4515 4514 4512
f 4515 4512 4511
f 4538 4487 4539
f 4538 4488 4487
f 4538 4489 4488
f 4516 4511 4510
f 4516 4515 4511
f 4537 4489 4538
f 4517 4510 4509
f 4517 4516 4510
f 4536 4490 4489
f 4536 4489 4537
f 4518 4517 4509
f 4491 4490 4536
f 4491 4536 4535
f 4508 4518 4509
f 4519 4518 4508
f 4492 4491 4535
f 4492 4535 4534
f 4507 4519 4508
f 4493 4533 4532
f 4493 4534 4533
f 4493 4492 4534
f 4506 4520 4519
f 4506 4519 4507
f 4494 4532 4531
f 4494 4493 4532
f 4505 4521 4520
f 4505 4522 4521
f 4505 4520 4506
f 4495 4494 4531
f 4504 4522 4505
f 4496 4531 4530
f 4496 4495 4531
f 4503 4522 4504
f 4503 4523 4522
f 4497 4496 4530
f 4497 4530 4529
f 4502 4524 4523
f 4502 4523 4503
f 4498 4497 4529
f 4498 4529 4528
f 4501 4524 4502
f 4501 4525 4524
f 4501 4526 4525
f 4499 4498 4528
f 4499 4528 4527
f 4500 4526 4501
f 4500 4499 4527
f 4500 4527 4526
f 4550 4568 4549
f 4550 4586 4568
f 4551 4585 4586
f 4551 4586 4550
f 4552 4584 4585
f 4552 4585 4551
f 4553 4583 4584
f 4553 4584 4552
f 4554 4582 4583
f 4554 4583 4553
f 4555 4581 4582
f 4555 4582 4554
f 4556 4579 4580
f 4556 4580 4581
f 4556 4581 4555
f 4557 4579 4556
f 4558 4578 4579
f 4558 4579 4557
f 4559 4576 4577
f 4559 4577 4578
f 4559 4578 4558
f 4560 4576 4559
f 4561 4575 4576
f 4561 4576 4560
f 4562 4574 4575
f 4562 4575 4561
f 4563 4573 4574
f 4563 4574 4562
f 4564 4573 4563
f 4564 4571 4572
f 4564 4572 4573
f 4565 4571 4564
f 4566 4571 4565
f 4566 4570 4571
f 4567 4570 4566
f 4567 4569 4570
f 4637 4610 4609
f 4636 4610 4637
f 4611 4610 4636
f 4638 4609 4608
f 4638 4637 4609
f 4635 4611 4636
f 4612 4611 4635
f 4639 4608 4607
f 4639 4638 4608
f 4634 4612 4635
f 4640 4607 4606
f 4640 4639 4607
f 4633 4613 4612
f 4633 4612 4634
f 4641 4640 4606
f 4641 4606 4605
f 4632 4613 4633
f 4632 4614 4613
f 4642 4641 4605
f 4642 4605 4604
f 4631 4614 4632
f 4631 4615 4614
f 4643 4604 4603
f 4643 4642 4604
f 4630 4615 4631
f 4630 4616 4615
f 4644 4603 4602
f 4644 4643 4603
f 4629 4617 4616
f 4629 4616 4630
f 4645 4602 4601
f 4645 4644 4602
f 4628 4618 4617
f 4628 4617 4629
f 4646 4645 4601
f 4619 4628 4627
f 4619 4618 4628
f 4600 4646 4601
f 4647 4646 4600
f 4620 4627 4626
f 4620 4619 4627
f 4599 4647 4600
f 4648 4647 4599
f 4621 4626 4625
f 4621 4620 4626
f 4598 4648 4599
f 4649 4648 4598
f 4622 4625 4624
f 4622 4621 4625
f 4597 4649 4598
f 4623 4622 4624
f 4596 4650 4649
f 4596 4649 4597
f 4587 4622 4623
f 4588 4623 4658
f 4588 4587 4623
f 4595 4650 4596
f 4595 4651 4650
f 4594 4652 4651
f 4594 4651 4595
f 4589 4658 4657
f 4589 4588 4658
f 4653 4652 4594
f 4590 4589 4657
f 4590 4657 4656
f 4593 4653 4594
f 4654 4653 4593
f 4591 4590 4656
f 4591 4656 4655
f 4592 4654 4593
f 4592 4591 4655
f 4592 4655 4654
f 4696 4660 4659
f 4696 4659 4661
f 4695 4661 4662
f 4695 4696 4661
f 4694 4662 4663
f 4694 4695 4662
f 4693 4663 4664
f 4693 4694 4663
f 4692 4664 4665
f 4692 4693 4664
f 4691 4665 4666
f 4691 4692 4665
f 4690 4666 4667
f 4690 4691 4666
f 4689 4667 4668
f 4689 4690 4667
f 4688 4668 4669
f 4688 4689 4668
f 4687 4669 4670
f 4687 4688 4669
f 4686 4670 4671
f 4686 4687 4670
f 4685 4671 4672
f 4685 4686 4671
f 4684 4672 4673
f 4684 4685 4672
f 4683 4673 4674
f 4683 4684 4673
f 4682 4683 4674
f 4682 4674 4675
f 4681 4682 4675
f 4681 4675 4676
f 4680 4681 4676
f 4680 4676 4677
f 4679 4680 4677
f 4679 4677 4678
f 4718 4697 4698
f 4718 4698 4699
f 4719 4699 4700
f 4719 4718 4699
f 4720 4700 4701
f 4720 4719 4700
f 4721 4701 4702
f 4721 4720 4701
f 4722 4702 4703
f 4722 4721 4702
f 4723 4703 4704
f 4723 4722 4703
f 4724 4704 4705
f 4724 4723 4704
f 4725 4705 4706
f 4725 4724 4705
f 4726 4706 4707
f 4726 4725 4706
f 4727 4707 4708
f 4727 4726 4707
f 4728 4708 4709
f 4728 4727 4708
f 4729 4709 4710
f 4729 4728 4709
f 4730 4710 4711
f 4730 4729 4710
f 4731 4711 4712
f 4731 4730 4711
f 4732 4712 4713
f 4732 4731 4712
f 4733 4732 4713
f 4733 4713 4714
f 4734 4733 4714
f 4734 4714 4715
f 4717 4734 4715
f 4717 4715 4716
f 4756 4735 4736
f 4756 4736 4737
f 4757 4737 4738
f 4757 4756 4737
f 4758 4738 4739
f 4758 4757 4738
f 4759 4739 4740
f 4759 4758 4739
f 4760 4759 4740
f 4741 4760 4740
f 4761 4760 4741
f 4742 4761 4741
f 4762 4761 4742
f 4743 4762 4742
f 4763 4762 4743
f 4744 4763 4743
f 4764 4763 4744
f 4745 4764 4744
f 4765 4764 4745
f 4746 4765 4745
f 4766 4765 4746
f 4747 4766 4746
f 4767 4766 4747
f 4748 4767 4747
f 4768 4767 4748
f 4749 4768 4748
f 4769 4768 4749
f 4750 4769 4749
f 4770 4769 4750
f 4751 4770 4750
f 4771 4770 4751
f 4752 4771 4751
f 4772 4771 4752
f 4753 4772 4752
f 4773 4772 4753
f 4754 4773 4753
f 4755 4773 4754
f 4812 4774 4775
f 4812 4775 4776
f 4811 4776 4777
f 4811 4812 4776
f 4810 4777 4778
f 4810 4811 4777
f 4809 4778 4779
f 4809 4810 4778
f 4808 4779 4780
f 4808 4809 4779
f 4807 4780 4781
f 4807 4808 4780
f 4806 4781 4782
f 4806 4807 4781
f 4805 4782 4783
f 4805 4806 4782
f 4804 4783 4784
f 4804 4805 4783
f 4803 4784 4785
f 4803 4804 4784
f 4802 4785 4786
f 4802 4803 4785
f 4801 4786 4787
f 4801 4802 4786
f 4800 4787 4788
f 4800 4801 4787
f 4799 4788 4789
f 4799 4800 4788
f 4798 4799 4789
f 4798 4789 4790
f 4797 4798 4790
f 4797 4790 4791
f 4796 4797 4791
f 4796 4791 4792
f 4795 4796 4792
f 4795 4792 4793
f 4794 4795 4793
