# generated by step_to_parts.py -- 2706 verts, 2812 tris
v -0.314305 -0.185881 0.022778
v -0.315302 -0.190917 0.021739
v -0.316256 -0.195742 0.019936
v -0.317147 -0.200245 0.017413
v -0.317954 -0.204322 0.014225
v -0.318658 -0.207881 0.010446
v -0.314704 -0.185852 0.023171
v -0.319107 -0.208104 0.010699
v -0.318394 -0.204505 0.014521
v -0.317579 -0.200381 0.017745
v -0.316677 -0.195826 0.020298
v -0.315712 -0.190946 0.022120
v -0.320493 -0.175936 -0.045898
v -0.321508 -0.181068 -0.046150
v -0.322519 -0.186179 -0.045610
v -0.323503 -0.191151 -0.044289
v -0.324437 -0.195871 -0.042219
v -0.325299 -0.200231 -0.039446
v -0.320094 -0.175964 -0.046292
v -0.324956 -0.200538 -0.039766
v -0.324083 -0.196129 -0.042570
v -0.323139 -0.191355 -0.044665
v -0.322144 -0.186325 -0.046000
v -0.321121 -0.181156 -0.046547
v -0.316310 -0.193971 -0.013130
v -0.316220 -0.193515 -0.015295
v -0.316059 -0.192698 -0.017346
v -0.315830 -0.191544 -0.019221
v -0.315542 -0.190088 -0.020864
v -0.315203 -0.188375 -0.022223
v -0.314823 -0.186455 -0.023259
v -0.314415 -0.184389 -0.023940
v -0.313989 -0.182238 -0.024244
v -0.313560 -0.180067 -0.024163
v -0.313161 -0.180096 -0.024557
v -0.313604 -0.182334 -0.024640
v -0.314042 -0.184553 -0.024326
v -0.314464 -0.186684 -0.023625
v -0.314856 -0.188663 -0.022557
v -0.315205 -0.190430 -0.021154
v -0.315502 -0.191932 -0.019460
v -0.315738 -0.193122 -0.017527
v -0.315905 -0.193964 -0.015411
v -0.315997 -0.194434 -0.013179
v -0.316014 -0.194516 -0.010898
v -0.315953 -0.194208 -0.008637
v -0.315817 -0.193520 -0.006464
v -0.315609 -0.192472 -0.004446
v -0.315337 -0.191096 -0.002645
v -0.315008 -0.189435 -0.001114
v -0.314633 -0.187538 0.000099
v -0.314222 -0.185463 0.000958
v -0.313789 -0.183273 0.001436
v -0.314169 -0.183148 0.001042
v -0.314589 -0.185271 0.000578
v -0.314987 -0.187283 -0.000255
v -0.315351 -0.189123 -0.001431
v -0.315670 -0.190734 -0.002915
v -0.315934 -0.192068 -0.004662
v -0.316135 -0.193084 -0.006618
v -0.316267 -0.193752 -0.008725
v -0.316326 -0.194050 -0.010918
v -0.323380 -0.192572 -0.013130
v -0.323395 -0.192652 -0.010918
v -0.323336 -0.192353 -0.008725
v -0.323204 -0.191686 -0.006618
v -0.323003 -0.190670 -0.004662
v -0.322739 -0.189336 -0.002915
v -0.322420 -0.187724 -0.001431
v -0.322056 -0.185885 -0.000255
v -0.321658 -0.183873 0.000578
v -0.321238 -0.181749 0.001042
v -0.321637 -0.181720 0.001436
v -0.322070 -0.183910 0.000958
v -0.322481 -0.185985 0.000099
v -0.322856 -0.187882 -0.001114
v -0.323185 -0.189544 -0.002645
v -0.323457 -0.190919 -0.004446
v -0.323664 -0.191967 -0.006464
v -0.323801 -0.192656 -0.008637
v -0.323862 -0.192963 -0.010898
v -0.323845 -0.192881 -0.013179
v -0.323752 -0.192412 -0.015411
v -0.323586 -0.191569 -0.017527
v -0.323350 -0.190379 -0.019460
v -0.323053 -0.188878 -0.021154
v -0.322704 -0.187110 -0.022557
v -0.322312 -0.185131 -0.023625
v -0.321890 -0.183000 -0.024326
v -0.321451 -0.180782 -0.024640
v -0.321009 -0.178544 -0.024557
v -0.320629 -0.178669 -0.024163
v -0.321058 -0.180839 -0.024244
v -0.321484 -0.182990 -0.023940
v -0.321893 -0.185057 -0.023259
v -0.322272 -0.186976 -0.022223
v -0.322611 -0.188690 -0.020864
v -0.322899 -0.190146 -0.019221
v -0.323128 -0.191300 -0.017346
v -0.323289 -0.192117 -0.015295
v -0.323380 -0.192572 -0.013130
v -0.316310 -0.193971 -0.013130
v -0.314169 -0.183148 0.001042
v -0.314589 -0.185271 0.000578
v -0.314987 -0.187283 -0.000255
v -0.315351 -0.189123 -0.001431
v -0.315670 -0.190734 -0.002915
v -0.315934 -0.192068 -0.004662
v -0.316135 -0.193084 -0.006618
v -0.316267 -0.193752 -0.008725
v -0.316326 -0.194050 -0.010918
v -0.311418 -0.169245 -0.009990
v -0.311508 -0.169700 -0.007826
v -0.311670 -0.170517 -0.005774
v -0.311898 -0.171671 -0.003899
v -0.312186 -0.173127 -0.002257
v -0.312525 -0.174841 -0.000897
v -0.312905 -0.176760 0.000139
v -0.313314 -0.178827 0.000819
v -0.313740 -0.180978 0.001124
v -0.318488 -0.167846 -0.009990
v -0.321238 -0.181749 0.001042
v -0.320809 -0.179579 0.001124
v -0.320383 -0.177428 0.000819
v -0.319974 -0.175361 0.000139
v -0.319595 -0.173442 -0.000897
v -0.319256 -0.171728 -0.002257
v -0.318968 -0.170272 -0.003899
v -0.318739 -0.169118 -0.005774
v -0.318578 -0.168301 -0.007826
v -0.323395 -0.192652 -0.010918
v -0.323336 -0.192353 -0.008725
v -0.323204 -0.191686 -0.006618
v -0.323003 -0.190670 -0.004662
v -0.322739 -0.189336 -0.002915
v -0.322420 -0.187724 -0.001431
v -0.322056 -0.185885 -0.000255
v -0.321658 -0.183873 0.000578
v -0.350866 -0.331498 -0.033292
v -0.343797 -0.332896 -0.033292
v -0.344338 -0.335633 -0.031121
v -0.344321 -0.335544 -0.031547
v -0.344289 -0.335383 -0.031950
v -0.344244 -0.335156 -0.032320
v -0.344187 -0.334869 -0.032643
v -0.344120 -0.334532 -0.032911
v -0.344046 -0.334154 -0.033114
v -0.343965 -0.333747 -0.033248
v -0.343881 -0.333324 -0.033308
v -0.351407 -0.334235 -0.031121
v -0.350951 -0.331925 -0.033308
v -0.351034 -0.332348 -0.033248
v -0.351115 -0.332755 -0.033114
v -0.351190 -0.333133 -0.032911
v -0.351256 -0.333470 -0.032643
v -0.351313 -0.333757 -0.032320
v -0.351358 -0.333984 -0.031950
v -0.351390 -0.334145 -0.031547
v -0.316358 -0.183635 0.008286
v -0.313896 -0.183813 0.005855
v -0.314122 -0.184953 0.015183
v -0.314277 -0.185739 0.015011
v -0.314424 -0.186483 0.014703
v -0.314559 -0.187164 0.014268
v -0.314677 -0.187761 0.013719
v -0.314775 -0.188254 0.013072
v -0.314849 -0.188630 0.012348
v -0.314898 -0.188877 0.011568
v -0.314920 -0.188988 0.010757
v -0.314914 -0.188958 0.009938
v -0.314881 -0.188790 0.009137
v -0.314821 -0.188487 0.008378
v -0.314736 -0.188060 0.007684
v -0.314630 -0.187521 0.007076
v -0.314504 -0.186887 0.006573
v -0.314364 -0.186177 0.006190
v -0.314212 -0.185412 0.005938
v -0.314055 -0.184616 0.005825
v -0.316466 -0.184180 0.012752
v -0.316541 -0.184557 0.012670
v -0.316611 -0.184913 0.012522
v -0.316676 -0.185239 0.012314
v -0.316732 -0.185524 0.012051
v -0.316779 -0.185761 0.011741
v -0.316815 -0.185941 0.011395
v -0.316838 -0.186059 0.011021
v -0.316848 -0.186112 0.010633
v -0.316846 -0.186098 0.010241
v -0.316830 -0.186017 0.009858
v -0.316801 -0.185872 0.009494
v -0.316761 -0.185668 0.009162
v -0.316710 -0.185410 0.008871
v -0.316649 -0.185106 0.008630
v -0.316582 -0.184766 0.008447
v -0.316510 -0.184400 0.008326
v -0.316434 -0.184019 0.008272
v -0.315864 -0.185342 0.013296
v -0.316018 -0.186122 0.012758
v -0.315130 -0.185841 0.014036
v -0.316132 -0.186700 0.012001
v -0.315325 -0.186828 0.013355
v -0.316196 -0.187020 0.011099
v -0.315470 -0.187560 0.012396
v -0.316202 -0.187051 0.010140
v -0.315550 -0.187965 0.011253
v -0.316150 -0.186790 0.009218
v -0.315558 -0.188005 0.010039
v -0.316046 -0.186263 0.008424
v -0.315493 -0.187674 0.008872
v -0.315899 -0.185520 0.007834
v -0.315360 -0.187006 0.007866
v -0.315724 -0.184635 0.007508
v -0.315174 -0.186065 0.007119
v -0.314952 -0.184945 0.006706
v -0.321803 -0.182557 0.008286
v -0.316358 -0.183635 0.008286
v -0.316466 -0.184180 0.012752
v -0.316541 -0.184557 0.012670
v -0.316611 -0.184913 0.012522
v -0.316676 -0.185239 0.012314
v -0.316732 -0.185524 0.012051
v -0.316779 -0.185761 0.011741
v -0.316815 -0.185941 0.011395
v -0.316838 -0.186059 0.011021
v -0.316848 -0.186112 0.010633
v -0.316846 -0.186098 0.010241
v -0.316830 -0.186017 0.009858
v -0.316801 -0.185872 0.009494
v -0.316761 -0.185668 0.009162
v -0.316710 -0.185410 0.008871
v -0.316649 -0.185106 0.008630
v -0.316582 -0.184766 0.008447
v -0.316510 -0.184400 0.008326
v -0.316434 -0.184019 0.008272
v -0.321911 -0.183103 0.012752
v -0.321985 -0.183479 0.012670
v -0.322056 -0.183836 0.012522
v -0.322120 -0.184162 0.012314
v -0.322177 -0.184447 0.012051
v -0.322223 -0.184684 0.011741
v -0.322259 -0.184864 0.011395
v -0.322282 -0.184982 0.011021
v -0.322293 -0.185035 0.010633
v -0.322290 -0.185021 0.010241
v -0.322274 -0.184940 0.009858
v -0.322245 -0.184795 0.009494
v -0.322205 -0.184591 0.009162
v -0.322154 -0.184333 0.008871
v -0.322094 -0.184029 0.008630
v -0.322027 -0.183689 0.008447
v -0.321954 -0.183323 0.008326
v -0.321879 -0.182942 0.008272
v -0.312380 -0.163528 -0.000371
v -0.309918 -0.163706 -0.002802
v -0.310143 -0.164846 0.006526
v -0.310299 -0.165632 0.006354
v -0.310446 -0.166377 0.006046
v -0.310581 -0.167057 0.005610
v -0.310699 -0.167654 0.005061
v -0.310797 -0.168147 0.004415
v -0.310871 -0.168523 0.003690
v -0.310920 -0.168770 0.002911
v -0.310942 -0.168881 0.002099
v -0.310936 -0.168851 0.001281
v -0.310903 -0.168683 0.000480
v -0.310843 -0.168381 -0.000279
v -0.310758 -0.167954 -0.000973
v -0.310652 -0.167415 -0.001581
v -0.310526 -0.166780 -0.002085
v -0.310386 -0.166070 -0.002468
v -0.310234 -0.165305 -0.002720
v -0.310077 -0.164509 -0.002832
v -0.312488 -0.164074 0.004094
v -0.312563 -0.164450 0.004012
v -0.312633 -0.164806 0.003865
v -0.312698 -0.165132 0.003656
v -0.312754 -0.165418 0.003393
v -0.312801 -0.165654 0.003084
v -0.312836 -0.165834 0.002737
v -0.312860 -0.165952 0.002364
v -0.312870 -0.166005 0.001975
v -0.312867 -0.165991 0.001584
v -0.312852 -0.165910 0.001200
v -0.312823 -0.165766 0.000837
v -0.312782 -0.165561 0.000504
v -0.312731 -0.165303 0.000213
v -0.312671 -0.165000 -0.000027
v -0.312604 -0.164660 -0.000211
v -0.312532 -0.164293 -0.000332
v -0.312456 -0.163912 -0.000385
v -0.311885 -0.165235 0.004639
v -0.312040 -0.166015 0.004101
v -0.311152 -0.165734 0.005378
v -0.312154 -0.166593 0.003344
v -0.311347 -0.166721 0.004697
v -0.312217 -0.166913 0.002442
v -0.311492 -0.167453 0.003738
v -0.312224 -0.166944 0.001483
v -0.311572 -0.167858 0.002596
v -0.312172 -0.166683 0.000561
v -0.311580 -0.167898 0.001382
v -0.312068 -0.166156 -0.000234
v -0.311514 -0.167567 0.000214
v -0.311921 -0.165413 -0.000823
v -0.311382 -0.166899 -0.000792
v -0.311746 -0.164528 -0.001150
v -0.311196 -0.165959 -0.001538
v -0.310974 -0.164838 -0.001952
v -0.317825 -0.162451 -0.000371
v -0.312380 -0.163528 -0.000371
v -0.312488 -0.164074 0.004094
v -0.312563 -0.164450 0.004012
v -0.312633 -0.164806 0.003865
v -0.312698 -0.165132 0.003656
v -0.312754 -0.165418 0.003393
v -0.312801 -0.165654 0.003084
v -0.312836 -0.165834 0.002737
v -0.312860 -0.165952 0.002364
v -0.312870 -0.166005 0.001975
v -0.312867 -0.165991 0.001584
v -0.312852 -0.165910 0.001200
v -0.312823 -0.165766 0.000837
v -0.312782 -0.165561 0.000504
v -0.312731 -0.165303 0.000213
v -0.312671 -0.165000 -0.000027
v -0.312604 -0.164660 -0.000211
v -0.312532 -0.164293 -0.000332
v -0.312456 -0.163912 -0.000385
v -0.317933 -0.162996 0.004094
v -0.318007 -0.163373 0.004012
v -0.318078 -0.163729 0.003865
v -0.318142 -0.164055 0.003656
v -0.318198 -0.164340 0.003393
v -0.318245 -0.164577 0.003084
v -0.318281 -0.164757 0.002737
v -0.318304 -0.164875 0.002364
v -0.318315 -0.164928 0.001975
v -0.318312 -0.164914 0.001584
v -0.318296 -0.164833 0.001200
v -0.318267 -0.164688 0.000837
v -0.318227 -0.164484 0.000504
v -0.318176 -0.164226 0.000213
v -0.318116 -0.163922 -0.000027
v -0.318049 -0.163582 -0.000211
v -0.317976 -0.163216 -0.000332
v -0.317901 -0.162835 -0.000385
v -0.311846 -0.160829 -0.022450
v -0.309384 -0.161008 -0.024882
v -0.309610 -0.162148 -0.015554
v -0.309765 -0.162934 -0.015725
v -0.309912 -0.163678 -0.016034
v -0.310047 -0.164359 -0.016469
v -0.310165 -0.164955 -0.017018
v -0.310263 -0.165449 -0.017665
v -0.310337 -0.165825 -0.018389
v -0.310386 -0.166072 -0.019168
v -0.310408 -0.166183 -0.019980
v -0.310402 -0.166153 -0.020799
v -0.310369 -0.165985 -0.021600
v -0.310309 -0.165682 -0.022359
v -0.310224 -0.165255 -0.023053
v -0.310118 -0.164716 -0.023661
v -0.309992 -0.164082 -0.024164
v -0.309852 -0.163372 -0.024547
v -0.309700 -0.162607 -0.024799
v -0.309543 -0.161811 -0.024912
v -0.311954 -0.161375 -0.017985
v -0.312029 -0.161751 -0.018067
v -0.312099 -0.162108 -0.018215
v -0.312164 -0.162434 -0.018423
v -0.312220 -0.162719 -0.018686
v -0.312267 -0.162956 -0.018996
v -0.312303 -0.163136 -0.019342
v -0.312326 -0.163254 -0.019715
v -0.312336 -0.163307 -0.020104
v -0.312334 -0.163293 -0.020496
v -0.312318 -0.163212 -0.020879
v -0.312289 -0.163067 -0.021243
v -0.312249 -0.162863 -0.021575
v -0.312198 -0.162605 -0.021866
v -0.312137 -0.162301 -0.022107
v -0.312070 -0.161961 -0.022290
v -0.311998 -0.161595 -0.022411
v -0.311922 -0.161214 -0.022465
v -0.311352 -0.162537 -0.017441
v -0.311506 -0.163316 -0.017979
v -0.310618 -0.163035 -0.016701
v -0.311620 -0.163895 -0.018736
v -0.310813 -0.164022 -0.017382
v -0.311684 -0.164215 -0.019638
v -0.310958 -0.164754 -0.018341
v -0.311690 -0.164246 -0.020597
v -0.311038 -0.165160 -0.019483
v -0.311638 -0.163985 -0.021519
v -0.311046 -0.165200 -0.020698
v -0.311534 -0.163457 -0.022313
v -0.310981 -0.164869 -0.021865
v -0.311387 -0.162715 -0.022902
v -0.310848 -0.164201 -0.022871
v -0.311212 -0.161830 -0.023229
v -0.310662 -0.163260 -0.023617
v -0.310440 -0.162140 -0.024031
v -0.317291 -0.159752 -0.022450
v -0.311846 -0.160829 -0.022450
v -0.311954 -0.161375 -0.017985
v -0.312029 -0.161751 -0.018067
v -0.312099 -0.162108 -0.018215
v -0.312164 -0.162434 -0.018423
v -0.312220 -0.162719 -0.018686
v -0.312267 -0.162956 -0.018996
v -0.312303 -0.163136 -0.019342
v -0.312326 -0.163254 -0.019715
v -0.312336 -0.163307 -0.020104
v -0.312334 -0.163293 -0.020496
v -0.312318 -0.163212 -0.020879
v -0.312289 -0.163067 -0.021243
v -0.312249 -0.162863 -0.021575
v -0.312198 -0.162605 -0.021866
v -0.312137 -0.162301 -0.022107
v -0.312070 -0.161961 -0.022290
v -0.311998 -0.161595 -0.022411
v -0.311922 -0.161214 -0.022465
v -0.317399 -0.160298 -0.017985
v -0.317473 -0.160674 -0.018067
v -0.317544 -0.161031 -0.018215
v -0.317608 -0.161357 -0.018423
v -0.317665 -0.161642 -0.018686
v -0.317711 -0.161878 -0.018996
v -0.317747 -0.162058 -0.019342
v -0.317770 -0.162177 -0.019715
v -0.317781 -0.162230 -0.020104
v -0.317778 -0.162215 -0.020496
v -0.317762 -0.162135 -0.020879
v -0.317733 -0.161990 -0.021243
v -0.317693 -0.161786 -0.021575
v -0.317642 -0.161528 -0.021866
v -0.317582 -0.161224 -0.022107
v -0.317515 -0.160884 -0.022290
v -0.317442 -0.160518 -0.022411
v -0.317367 -0.160137 -0.022465
v -0.315291 -0.178238 -0.035872
v -0.312828 -0.178416 -0.038303
v -0.313054 -0.179556 -0.028975
v -0.313209 -0.180342 -0.029147
v -0.313357 -0.181087 -0.029455
v -0.313491 -0.181768 -0.029891
v -0.313609 -0.182364 -0.030440
v -0.313707 -0.182858 -0.031087
v -0.313781 -0.183234 -0.031811
v -0.313830 -0.183481 -0.032590
v -0.313852 -0.183591 -0.033402
v -0.313846 -0.183562 -0.034220
v -0.313813 -0.183393 -0.035022
v -0.313753 -0.183091 -0.035781
v -0.313669 -0.182664 -0.036475
v -0.313562 -0.182125 -0.037082
v -0.313437 -0.181491 -0.037586
v -0.313296 -0.180780 -0.037969
v -0.313145 -0.180016 -0.038221
v -0.312987 -0.179220 -0.038333
v -0.315399 -0.178784 -0.031407
v -0.315473 -0.179160 -0.031489
v -0.315543 -0.179516 -0.031636
v -0.315608 -0.179842 -0.031845
v -0.315664 -0.180128 -0.032108
v -0.315711 -0.180364 -0.032417
v -0.315747 -0.180544 -0.032764
v -0.315770 -0.180662 -0.033137
v -0.315781 -0.180715 -0.033526
v -0.315778 -0.180701 -0.033918
v -0.315762 -0.180620 -0.034301
v -0.315733 -0.180476 -0.034664
v -0.315693 -0.180271 -0.034997
v -0.315642 -0.180013 -0.035288
v -0.315582 -0.179710 -0.035529
v -0.315514 -0.179370 -0.035712
v -0.315442 -0.179004 -0.035833
v -0.315367 -0.178622 -0.035887
v -0.314796 -0.179946 -0.030862
v -0.314950 -0.180725 -0.031400
v -0.314062 -0.180444 -0.030123
v -0.315064 -0.181303 -0.032157
v -0.314257 -0.181431 -0.030804
v -0.315128 -0.181623 -0.033060
v -0.314402 -0.182163 -0.031763
v -0.315134 -0.181655 -0.034019
v -0.314482 -0.182569 -0.032905
v -0.315082 -0.181394 -0.034940
v -0.314490 -0.182608 -0.034119
v -0.314978 -0.180866 -0.035735
v -0.314425 -0.182278 -0.035287
v -0.314831 -0.180123 -0.036324
v -0.314293 -0.181609 -0.036293
v -0.314656 -0.179238 -0.036651
v -0.314106 -0.180669 -0.037039
v -0.313885 -0.179548 -0.037453
v -0.320735 -0.177161 -0.035872
v -0.315291 -0.178238 -0.035872
v -0.315399 -0.178784 -0.031407
v -0.315473 -0.179160 -0.031489
v -0.315543 -0.179516 -0.031636
v -0.315608 -0.179842 -0.031845
v -0.315664 -0.180128 -0.032108
v -0.315711 -0.180364 -0.032417
v -0.315747 -0.180544 -0.032764
v -0.315770 -0.180662 -0.033137
v -0.315781 -0.180715 -0.033526
v -0.315778 -0.180701 -0.033918
v -0.315762 -0.180620 -0.034301
v -0.315733 -0.180476 -0.034664
v -0.315693 -0.180271 -0.034997
v -0.315642 -0.180013 -0.035288
v -0.315582 -0.179710 -0.035529
v -0.315514 -0.179370 -0.035712
v -0.315442 -0.179004 -0.035833
v -0.315367 -0.178622 -0.035887
v -0.320843 -0.177707 -0.031407
v -0.320917 -0.178083 -0.031489
v -0.320988 -0.178439 -0.031636
v -0.321052 -0.178765 -0.031845
v -0.321109 -0.179051 -0.032108
v -0.321156 -0.179287 -0.032417
v -0.321191 -0.179467 -0.032764
v -0.321215 -0.179585 -0.033137
v -0.321225 -0.179638 -0.033526
v -0.321222 -0.179624 -0.033918
v -0.321206 -0.179543 -0.034301
v -0.321178 -0.179399 -0.034664
v -0.321137 -0.179194 -0.034997
v -0.321086 -0.178936 -0.035288
v -0.321026 -0.178633 -0.035529
v -0.320959 -0.178292 -0.035712
v -0.320886 -0.177926 -0.035833
v -0.320811 -0.177545 -0.035887
v -0.319269 -0.198345 -0.027215
v -0.316806 -0.198523 -0.029646
v -0.317032 -0.199663 -0.020318
v -0.317187 -0.200449 -0.020490
v -0.317335 -0.201194 -0.020798
v -0.317470 -0.201874 -0.021233
v -0.317588 -0.202471 -0.021783
v -0.317685 -0.202964 -0.022429
v -0.317760 -0.203340 -0.023153
v -0.317808 -0.203587 -0.023933
v -0.317830 -0.203698 -0.024744
v -0.317824 -0.203668 -0.025563
v -0.317791 -0.203500 -0.026364
v -0.317731 -0.203198 -0.027123
v -0.317647 -0.202770 -0.027817
v -0.317540 -0.202232 -0.028425
v -0.317415 -0.201597 -0.028928
v -0.317274 -0.200887 -0.029311
v -0.317123 -0.200122 -0.029563
v -0.316965 -0.199326 -0.029676
v -0.319377 -0.198891 -0.022749
v -0.319451 -0.199267 -0.022831
v -0.319522 -0.199623 -0.022979
v -0.319586 -0.199949 -0.023187
v -0.319643 -0.200235 -0.023450
v -0.319689 -0.200471 -0.023760
v -0.319725 -0.200651 -0.024106
v -0.319748 -0.200769 -0.024480
v -0.319759 -0.200822 -0.024868
v -0.319756 -0.200808 -0.025260
v -0.319740 -0.200727 -0.025644
v -0.319711 -0.200583 -0.026007
v -0.319671 -0.200378 -0.026339
v -0.319620 -0.200120 -0.026630
v -0.319560 -0.199817 -0.026871
v -0.319493 -0.199476 -0.027055
v -0.319420 -0.199110 -0.027175
v -0.319345 -0.198729 -0.027229
v -0.318774 -0.200052 -0.022205
v -0.318928 -0.200832 -0.022743
v -0.318040 -0.200551 -0.021465
v -0.319043 -0.201410 -0.023500
v -0.318235 -0.201538 -0.022146
v -0.319106 -0.201730 -0.024402
v -0.318380 -0.202270 -0.023105
v -0.319112 -0.201761 -0.025361
v -0.318461 -0.202675 -0.024248
v -0.319061 -0.201500 -0.026283
v -0.318468 -0.202715 -0.025462
v -0.318956 -0.200973 -0.027077
v -0.318403 -0.202384 -0.026629
v -0.318809 -0.200230 -0.027667
v -0.318271 -0.201716 -0.027635
v -0.318634 -0.199345 -0.027993
v -0.318085 -0.200776 -0.028382
v -0.317863 -0.199655 -0.028795
v -0.324713 -0.197268 -0.027215
v -0.319269 -0.198345 -0.027215
v -0.319377 -0.198891 -0.022749
v -0.319451 -0.199267 -0.022831
v -0.319522 -0.199623 -0.022979
v -0.319586 -0.199949 -0.023187
v -0.319643 -0.200235 -0.023450
v -0.319689 -0.200471 -0.023760
v -0.319725 -0.200651 -0.024106
v -0.319748 -0.200769 -0.024480
v -0.319759 -0.200822 -0.024868
v -0.319756 -0.200808 -0.025260
v -0.319740 -0.200727 -0.025644
v -0.319711 -0.200583 -0.026007
v -0.319671 -0.200378 -0.026339
v -0.319620 -0.200120 -0.026630
v -0.319560 -0.199817 -0.026871
v -0.319493 -0.199476 -0.027055
v -0.319420 -0.199110 -0.027175
v -0.319345 -0.198729 -0.027229
v -0.324821 -0.197813 -0.022749
v -0.324896 -0.198190 -0.022831
v -0.324966 -0.198546 -0.022979
v -0.325031 -0.198872 -0.023187
v -0.325087 -0.199157 -0.023450
v -0.325134 -0.199394 -0.023760
v -0.325169 -0.199574 -0.024106
v -0.325193 -0.199692 -0.024480
v -0.325203 -0.199745 -0.024868
v -0.325200 -0.199731 -0.025260
v -0.325185 -0.199650 -0.025644
v -0.325156 -0.199505 -0.026007
v -0.325115 -0.199301 -0.026339
v -0.325064 -0.199043 -0.026630
v -0.325004 -0.198739 -0.026871
v -0.324937 -0.198399 -0.027055
v -0.324865 -0.198033 -0.027175
v -0.324789 -0.197652 -0.027229
v -0.319803 -0.201043 -0.005135
v -0.317340 -0.201222 -0.007567
v -0.317566 -0.202361 0.001761
v -0.317721 -0.203147 0.001590
v -0.317869 -0.203892 0.001281
v -0.318003 -0.204573 0.000846
v -0.318121 -0.205169 0.000297
v -0.318219 -0.205663 -0.000350
v -0.318293 -0.206039 -0.001074
v -0.318342 -0.206286 -0.001853
v -0.318364 -0.206396 -0.002665
v -0.318358 -0.206367 -0.003484
v -0.318325 -0.206198 -0.004285
v -0.318265 -0.205896 -0.005044
v -0.318181 -0.205469 -0.005738
v -0.318074 -0.204930 -0.006346
v -0.317949 -0.204296 -0.006849
v -0.317808 -0.203586 -0.007232
v -0.317657 -0.202821 -0.007484
v -0.317499 -0.202025 -0.007597
v -0.319911 -0.201589 -0.000670
v -0.319985 -0.201965 -0.000752
v -0.320055 -0.202322 -0.000900
v -0.320120 -0.202647 -0.001108
v -0.320176 -0.202933 -0.001371
v -0.320223 -0.203169 -0.001680
v -0.320259 -0.203349 -0.002027
v -0.320282 -0.203468 -0.002400
v -0.320293 -0.203520 -0.002789
v -0.320290 -0.203506 -0.003181
v -0.320274 -0.203426 -0.003564
v -0.320245 -0.203281 -0.003928
v -0.320205 -0.203076 -0.004260
v -0.320154 -0.202818 -0.004551
v -0.320094 -0.202515 -0.004792
v -0.320026 -0.202175 -0.004975
v -0.319954 -0.201809 -0.005096
v -0.319879 -0.201428 -0.005150
v -0.319308 -0.202751 -0.000126
v -0.319462 -0.203530 -0.000663
v -0.318574 -0.203249 0.000614
v -0.319576 -0.204108 -0.001421
v -0.318769 -0.204236 -0.000067
v -0.319640 -0.204429 -0.002323
v -0.318914 -0.204968 -0.001026
v -0.319646 -0.204460 -0.003282
v -0.318994 -0.205374 -0.002168
v -0.319594 -0.204199 -0.004203
v -0.319002 -0.205413 -0.003383
v -0.319490 -0.203671 -0.004998
v -0.318937 -0.205083 -0.004550
v -0.319343 -0.202928 -0.005587
v -0.318805 -0.204414 -0.005556
v -0.319168 -0.202043 -0.005914
v -0.318618 -0.203474 -0.006302
v -0.318397 -0.202353 -0.006716
v -0.325247 -0.199966 -0.005135
v -0.319803 -0.201043 -0.005135
v -0.319911 -0.201589 -0.000670
v -0.319985 -0.201965 -0.000752
v -0.320055 -0.202322 -0.000900
v -0.320120 -0.202647 -0.001108
v -0.320176 -0.202933 -0.001371
v -0.320223 -0.203169 -0.001680
v -0.320259 -0.203349 -0.002027
v -0.320282 -0.203468 -0.002400
v -0.320293 -0.203520 -0.002789
v -0.320290 -0.203506 -0.003181
v -0.320274 -0.203426 -0.003564
v -0.320245 -0.203281 -0.003928
v -0.320205 -0.203076 -0.004260
v -0.320154 -0.202818 -0.004551
v -0.320094 -0.202515 -0.004792
v -0.320026 -0.202175 -0.004975
v -0.319954 -0.201809 -0.005096
v -0.319879 -0.201428 -0.005150
v -0.325355 -0.200512 -0.000670
v -0.325429 -0.200888 -0.000752
v -0.325500 -0.201244 -0.000900
v -0.325564 -0.201570 -0.001108
v -0.325621 -0.201856 -0.001371
v -0.325668 -0.202092 -0.001680
v -0.325703 -0.202272 -0.002027
v -0.325727 -0.202390 -0.002400
v -0.325737 -0.202443 -0.002789
v -0.325734 -0.202429 -0.003181
v -0.325718 -0.202348 -0.003564
v -0.325690 -0.202204 -0.003928
v -0.325649 -0.201999 -0.004260
v -0.325598 -0.201741 -0.004551
v -0.325538 -0.201438 -0.004792
v -0.325471 -0.201098 -0.004975
v -0.325398 -0.200732 -0.005096
v -0.325323 -0.200350 -0.005150
v -0.318658 -0.207881 0.010446
v -0.319377 -0.211513 0.006589
v -0.320200 -0.215675 0.003336
v -0.321109 -0.220271 0.000759
v -0.322084 -0.225196 -0.001080
v -0.323101 -0.230337 -0.002141
v -0.314305 -0.185881 0.022778
v -0.315302 -0.190917 0.021739
v -0.316256 -0.195742 0.019936
v -0.317147 -0.200245 0.017413
v -0.317954 -0.204322 0.014225
v -0.306810 -0.148000 -0.007282
v -0.307056 -0.149240 -0.001385
v -0.307496 -0.151467 0.004204
v -0.308118 -0.154611 0.009313
v -0.308903 -0.158578 0.013789
v -0.309827 -0.163247 0.017494
v -0.310862 -0.168477 0.020316
v -0.311976 -0.174107 0.022170
v -0.313135 -0.179968 0.022999
v -0.317451 -0.201783 -0.039446
v -0.316501 -0.196977 -0.042453
v -0.315466 -0.191749 -0.044607
v -0.314377 -0.186244 -0.045850
v -0.313263 -0.180612 -0.046146
v -0.312154 -0.175010 -0.045488
v -0.311083 -0.169592 -0.043893
v -0.310077 -0.164508 -0.041406
v -0.309165 -0.159898 -0.038096
v -0.308371 -0.155890 -0.034053
v -0.307719 -0.152593 -0.029390
v -0.307226 -0.150098 -0.024234
v -0.306905 -0.148476 -0.018729
v -0.306765 -0.147770 -0.013026
v -0.322358 -0.226583 -0.032860
v -0.321322 -0.221344 -0.032602
v -0.320289 -0.216127 -0.033154
v -0.319285 -0.211051 -0.034502
v -0.318332 -0.206233 -0.036615
v -0.343096 -0.331400 -0.046171
v -0.346449 -0.348344 -0.032725
v -0.346339 -0.347789 -0.035363
v -0.346142 -0.346793 -0.037863
v -0.345863 -0.345387 -0.040148
v -0.345512 -0.343612 -0.042150
v -0.345099 -0.341524 -0.043807
v -0.344636 -0.339185 -0.045070
v -0.344138 -0.336666 -0.045899
v -0.343619 -0.334044 -0.046270
v -0.343839 -0.335154 -0.015452
v -0.344351 -0.337742 -0.016018
v -0.344836 -0.340194 -0.017033
v -0.345280 -0.342436 -0.018467
v -0.345668 -0.344400 -0.020275
v -0.345990 -0.346025 -0.022404
v -0.346235 -0.347264 -0.024789
v -0.346396 -0.348077 -0.027356
v -0.346468 -0.348441 -0.030029
v -0.313789 -0.183273 0.001436
v -0.313346 -0.181035 0.001520
v -0.312908 -0.178817 0.001206
v -0.312486 -0.176686 0.000505
v -0.312094 -0.174706 -0.000564
v -0.311745 -0.172939 -0.001966
v -0.311448 -0.171438 -0.003660
v -0.311212 -0.170248 -0.005594
v -0.311045 -0.169405 -0.007709
v -0.310953 -0.168935 -0.009941
v -0.310936 -0.168853 -0.012222
v -0.310997 -0.169161 -0.014484
v -0.311133 -0.169849 -0.016656
v -0.311341 -0.170897 -0.018674
v -0.311613 -0.172273 -0.020475
v -0.311942 -0.173935 -0.022006
v -0.312317 -0.175832 -0.023219
v -0.312727 -0.177907 -0.024078
v -0.313161 -0.180096 -0.024557
v -0.313604 -0.182334 -0.024640
v -0.314042 -0.184553 -0.024326
v -0.314464 -0.186684 -0.023625
v -0.314856 -0.188663 -0.022557
v -0.315205 -0.190430 -0.021154
v -0.315502 -0.191932 -0.019460
v -0.315738 -0.193122 -0.017527
v -0.315905 -0.193964 -0.015411
v -0.315997 -0.194434 -0.013179
v -0.316014 -0.194516 -0.010898
v -0.315953 -0.194208 -0.008637
v -0.315817 -0.193520 -0.006464
v -0.315609 -0.192472 -0.004446
v -0.315337 -0.191096 -0.002645
v -0.315008 -0.189435 -0.001114
v -0.314633 -0.187538 0.000099
v -0.314222 -0.185463 0.000958
v -0.322746 -0.228543 -0.014592
v -0.322648 -0.228048 -0.014573
v -0.322551 -0.227557 -0.014642
v -0.322458 -0.227086 -0.014798
v -0.322371 -0.226648 -0.015034
v -0.322294 -0.226257 -0.015344
v -0.322228 -0.225925 -0.015719
v -0.322176 -0.225662 -0.016147
v -0.322139 -0.225476 -0.016614
v -0.322118 -0.225372 -0.017108
v -0.322115 -0.225354 -0.017613
v -0.322128 -0.225422 -0.018113
v -0.322158 -0.225574 -0.018593
v -0.322204 -0.225806 -0.019040
v -0.322265 -0.226110 -0.019438
v -0.322337 -0.226477 -0.019777
v -0.322420 -0.226897 -0.020045
v -0.322511 -0.227356 -0.020235
v -0.322607 -0.227840 -0.020341
v -0.343537 -0.333628 -0.027937
v -0.343398 -0.332925 -0.033686
v -0.343496 -0.333420 -0.033705
v -0.343593 -0.333911 -0.033635
v -0.343686 -0.334382 -0.033480
v -0.343773 -0.334820 -0.033244
v -0.343850 -0.335211 -0.032934
v -0.343916 -0.335543 -0.032559
v -0.343968 -0.335806 -0.032131
v -0.344005 -0.335993 -0.031663
v -0.344025 -0.336097 -0.031170
v -0.344029 -0.336115 -0.030665
v -0.344016 -0.336047 -0.030165
v -0.343985 -0.335894 -0.029684
v -0.343940 -0.335663 -0.029238
v -0.343879 -0.335358 -0.028840
v -0.343807 -0.334991 -0.028501
v -0.343724 -0.334571 -0.028233
v -0.343633 -0.334112 -0.028043
v -0.310143 -0.164846 0.006526
v -0.310299 -0.165632 0.006354
v -0.310446 -0.166377 0.006046
v -0.310581 -0.167057 0.005610
v -0.310699 -0.167654 0.005061
v -0.310797 -0.168147 0.004415
v -0.310871 -0.168523 0.003690
v -0.310920 -0.168770 0.002911
v -0.310942 -0.168881 0.002099
v -0.310936 -0.168851 0.001281
v -0.310903 -0.168683 0.000480
v -0.310843 -0.168381 -0.000279
v -0.310758 -0.167954 -0.000973
v -0.310652 -0.167415 -0.001581
v -0.310526 -0.166780 -0.002085
v -0.310386 -0.166070 -0.002468
v -0.310234 -0.165305 -0.002720
v -0.310077 -0.164509 -0.002832
v -0.309918 -0.163706 -0.002802
v -0.309762 -0.162920 -0.002631
v -0.309615 -0.162176 -0.002322
v -0.309480 -0.161495 -0.001887
v -0.309362 -0.160899 -0.001338
v -0.309265 -0.160405 -0.000691
v -0.309190 -0.160029 0.000033
v -0.309142 -0.159782 0.000813
v -0.309120 -0.159671 0.001624
v -0.309125 -0.159701 0.002443
v -0.309159 -0.159869 0.003244
v -0.309219 -0.160172 0.004003
v -0.309303 -0.160599 0.004697
v -0.309410 -0.161138 0.005305
v -0.309535 -0.161772 0.005808
v -0.309676 -0.162482 0.006191
v -0.309827 -0.163247 0.006443
v -0.309985 -0.164043 0.006556
v -0.309610 -0.162148 -0.015554
v -0.309765 -0.162934 -0.015725
v -0.309912 -0.163678 -0.016034
v -0.310047 -0.164359 -0.016469
v -0.310165 -0.164955 -0.017018
v -0.310263 -0.165449 -0.017665
v -0.310337 -0.165825 -0.018389
v -0.310386 -0.166072 -0.019168
v -0.310408 -0.166183 -0.019980
v -0.310402 -0.166153 -0.020799
v -0.310369 -0.165985 -0.021600
v -0.310309 -0.165682 -0.022359
v -0.310224 -0.165255 -0.023053
v -0.310118 -0.164716 -0.023661
v -0.309992 -0.164082 -0.024164
v -0.309852 -0.163372 -0.024547
v -0.309700 -0.162607 -0.024799
v -0.309543 -0.161811 -0.024912
v -0.309384 -0.161008 -0.024882
v -0.309229 -0.160222 -0.024710
v -0.309081 -0.159477 -0.024402
v -0.308947 -0.158797 -0.023966
v -0.308829 -0.158200 -0.023417
v -0.308731 -0.157707 -0.022770
v -0.308657 -0.157331 -0.022046
v -0.308608 -0.157084 -0.021267
v -0.308586 -0.156973 -0.020455
v -0.308592 -0.157003 -0.019637
v -0.308625 -0.157171 -0.018836
v -0.308685 -0.157473 -0.018076
v -0.308769 -0.157901 -0.017382
v -0.308876 -0.158439 -0.016775
v -0.309001 -0.159074 -0.016271
v -0.309142 -0.159784 -0.015888
v -0.309293 -0.160549 -0.015636
v -0.309451 -0.161345 -0.015524
v -0.313054 -0.179556 -0.028975
v -0.313209 -0.180342 -0.029147
v -0.313357 -0.181087 -0.029455
v -0.313491 -0.181768 -0.029891
v -0.313609 -0.182364 -0.030440
v -0.313707 -0.182858 -0.031087
v -0.313781 -0.183234 -0.031811
v -0.313830 -0.183481 -0.032590
v -0.313852 -0.183591 -0.033402
v -0.313846 -0.183562 -0.034220
v -0.313813 -0.183393 -0.035022
v -0.313753 -0.183091 -0.035781
v -0.313669 -0.182664 -0.036475
v -0.313562 -0.182125 -0.037082
v -0.313437 -0.181491 -0.037586
v -0.313296 -0.180780 -0.037969
v -0.313145 -0.180016 -0.038221
v -0.312987 -0.179220 -0.038333
v -0.312828 -0.178416 -0.038303
v -0.312673 -0.177631 -0.038132
v -0.312526 -0.176886 -0.037823
v -0.312391 -0.176205 -0.037388
v -0.312273 -0.175609 -0.036839
v -0.312175 -0.175115 -0.036192
v -0.312101 -0.174739 -0.035468
v -0.312052 -0.174492 -0.034689
v -0.312030 -0.174382 -0.033877
v -0.312036 -0.174411 -0.033058
v -0.312069 -0.174580 -0.032257
v -0.312129 -0.174882 -0.031498
v -0.312214 -0.175309 -0.030804
v -0.312320 -0.175848 -0.030196
v -0.312446 -0.176482 -0.029693
v -0.312586 -0.177192 -0.029310
v -0.312737 -0.177957 -0.029058
v -0.312895 -0.178753 -0.028945
v -0.317032 -0.199663 -0.020318
v -0.317187 -0.200449 -0.020490
v -0.317335 -0.201194 -0.020798
v -0.317470 -0.201874 -0.021233
v -0.317588 -0.202471 -0.021783
v -0.317685 -0.202964 -0.022429
v -0.317760 -0.203340 -0.023153
v -0.317808 -0.203587 -0.023933
v -0.317830 -0.203698 -0.024744
v -0.317824 -0.203668 -0.025563
v -0.317791 -0.203500 -0.026364
v -0.317731 -0.203198 -0.027123
v -0.317647 -0.202770 -0.027817
v -0.317540 -0.202232 -0.028425
v -0.317415 -0.201597 -0.028928
v -0.317274 -0.200887 -0.029311
v -0.317123 -0.200122 -0.029563
v -0.316965 -0.199326 -0.029676
v -0.316806 -0.198523 -0.029646
v -0.316651 -0.197737 -0.029474
v -0.316504 -0.196993 -0.029166
v -0.316369 -0.196312 -0.028730
v -0.316251 -0.195716 -0.028181
v -0.316153 -0.195222 -0.027535
v -0.316079 -0.194846 -0.026811
v -0.316030 -0.194599 -0.026031
v -0.316008 -0.194488 -0.025220
v -0.316014 -0.194518 -0.024401
v -0.316047 -0.194686 -0.023600
v -0.316107 -0.194989 -0.022841
v -0.316192 -0.195416 -0.022147
v -0.316298 -0.195955 -0.021539
v -0.316424 -0.196589 -0.021036
v -0.316564 -0.197299 -0.020652
v -0.316716 -0.198064 -0.020400
v -0.316873 -0.198860 -0.020288
v -0.317566 -0.202361 0.001761
v -0.317721 -0.203147 0.001590
v -0.317869 -0.203892 0.001281
v -0.318003 -0.204573 0.000846
v -0.318121 -0.205169 0.000297
v -0.318219 -0.205663 -0.000350
v -0.318293 -0.206039 -0.001074
v -0.318342 -0.206286 -0.001853
v -0.318364 -0.206396 -0.002665
v -0.318358 -0.206367 -0.003484
v -0.318325 -0.206198 -0.004285
v -0.318265 -0.205896 -0.005044
v -0.318181 -0.205469 -0.005738
v -0.318074 -0.204930 -0.006346
v -0.317949 -0.204296 -0.006849
v -0.317808 -0.203586 -0.007232
v -0.317657 -0.202821 -0.007484
v -0.317499 -0.202025 -0.007597
v -0.317340 -0.201222 -0.007567
v -0.317185 -0.200436 -0.007395
v -0.317038 -0.199691 -0.007087
v -0.316903 -0.199010 -0.006651
v -0.316785 -0.198414 -0.006102
v -0.316687 -0.197920 -0.005455
v -0.316613 -0.197544 -0.004731
v -0.316564 -0.197297 -0.003952
v -0.316542 -0.197187 -0.003140
v -0.316548 -0.197216 -0.002322
v -0.316581 -0.197385 -0.001520
v -0.316641 -0.197687 -0.000761
v -0.316726 -0.198114 -0.000067
v -0.316832 -0.198653 0.000540
v -0.316958 -0.199287 0.001044
v -0.317098 -0.199997 0.001427
v -0.317249 -0.200762 0.001679
v -0.317407 -0.201558 0.001791
v -0.314122 -0.184953 0.015183
v -0.314277 -0.185739 0.015011
v -0.314424 -0.186483 0.014703
v -0.314559 -0.187164 0.014268
v -0.314677 -0.187761 0.013719
v -0.314775 -0.188254 0.013072
v -0.314849 -0.188630 0.012348
v -0.314898 -0.188877 0.011568
v -0.314920 -0.188988 0.010757
v -0.314914 -0.188958 0.009938
v -0.314881 -0.188790 0.009137
v -0.314821 -0.188487 0.008378
v -0.314736 -0.188060 0.007684
v -0.314630 -0.187521 0.007076
v -0.314504 -0.186887 0.006573
v -0.314364 -0.186177 0.006190
v -0.314212 -0.185412 0.005938
v -0.314055 -0.184616 0.005825
v -0.313896 -0.183813 0.005855
v -0.313741 -0.183027 0.006027
v -0.313593 -0.182283 0.006335
v -0.313459 -0.181602 0.006771
v -0.313341 -0.181005 0.007320
v -0.313243 -0.180512 0.007966
v -0.313169 -0.180136 0.008690
v -0.313120 -0.179889 0.009470
v -0.313098 -0.179778 0.010282
v -0.313104 -0.179808 0.011100
v -0.313137 -0.179976 0.011901
v -0.313197 -0.180279 0.012660
v -0.313281 -0.180706 0.013354
v -0.313388 -0.181245 0.013962
v -0.313513 -0.181879 0.014465
v -0.313654 -0.182589 0.014849
v -0.313805 -0.183354 0.015101
v -0.313963 -0.184150 0.015213
v -0.330206 -0.225030 -0.032860
v -0.350944 -0.329847 -0.046171
v -0.325299 -0.200231 -0.039446
v -0.326180 -0.204680 -0.036615
v -0.327133 -0.209498 -0.034502
v -0.328137 -0.214574 -0.033154
v -0.329169 -0.219791 -0.032602
v -0.320493 -0.175936 -0.045898
v -0.321508 -0.181068 -0.046150
v -0.322519 -0.186179 -0.045610
v -0.323503 -0.191151 -0.044289
v -0.324437 -0.195871 -0.042219
v -0.314658 -0.146447 -0.007282
v -0.314615 -0.146230 -0.013310
v -0.314776 -0.147043 -0.019284
v -0.315136 -0.148862 -0.025024
v -0.315684 -0.151631 -0.030355
v -0.316403 -0.155265 -0.035115
v -0.317272 -0.159655 -0.039159
v -0.318263 -0.164668 -0.042364
v -0.319348 -0.170150 -0.044633
v -0.326506 -0.206328 0.010446
v -0.325727 -0.202393 0.014564
v -0.324827 -0.197843 0.017960
v -0.323830 -0.192805 0.020541
v -0.322764 -0.187417 0.022237
v -0.321658 -0.181827 0.023000
v -0.320543 -0.176191 0.022809
v -0.319450 -0.170664 0.021670
v -0.318408 -0.165398 0.019614
v -0.317446 -0.160539 0.016697
v -0.316592 -0.156220 0.013001
v -0.315868 -0.152562 0.008627
v -0.315295 -0.149664 0.003695
v -0.314888 -0.147607 -0.001657
v -0.330949 -0.228784 -0.002141
v -0.329932 -0.223644 -0.001080
v -0.328957 -0.218719 0.000759
v -0.328048 -0.214122 0.003336
v -0.327224 -0.209960 0.006589
v -0.351687 -0.333601 -0.015452
v -0.354296 -0.346791 -0.032725
v -0.354316 -0.346888 -0.030029
v -0.354244 -0.346525 -0.027356
v -0.354083 -0.345711 -0.024789
v -0.353838 -0.344473 -0.022404
v -0.353516 -0.342847 -0.020275
v -0.353127 -0.340883 -0.018467
v -0.352684 -0.338641 -0.017033
v -0.352199 -0.336189 -0.016018
v -0.351467 -0.332492 -0.046270
v -0.351986 -0.335113 -0.045899
v -0.352484 -0.337632 -0.045070
v -0.352947 -0.339971 -0.043807
v -0.353360 -0.342060 -0.042150
v -0.353711 -0.343834 -0.040148
v -0.353990 -0.345241 -0.037863
v -0.354187 -0.346236 -0.035363
v -0.321009 -0.178544 -0.024557
v -0.320575 -0.176354 -0.024078
v -0.320165 -0.174279 -0.023219
v -0.319789 -0.172382 -0.022006
v -0.319461 -0.170720 -0.020475
v -0.319189 -0.169345 -0.018674
v -0.318981 -0.168297 -0.016656
v -0.318845 -0.167608 -0.014484
v -0.318784 -0.167301 -0.012222
v -0.318800 -0.167383 -0.009941
v -0.318893 -0.167852 -0.007709
v -0.319060 -0.168695 -0.005594
v -0.319295 -0.169885 -0.003660
v -0.319593 -0.171386 -0.001966
v -0.319942 -0.173154 -0.000564
v -0.320334 -0.175133 0.000505
v -0.320755 -0.177264 0.001206
v -0.321194 -0.179482 0.001520
v -0.321637 -0.181720 0.001436
v -0.322070 -0.183910 0.000958
v -0.322481 -0.185985 0.000099
v -0.322856 -0.187882 -0.001114
v -0.323185 -0.189544 -0.002645
v -0.323457 -0.190919 -0.004446
v -0.323664 -0.191967 -0.006464
v -0.323801 -0.192656 -0.008637
v -0.323862 -0.192963 -0.010898
v -0.323845 -0.192881 -0.013179
v -0.323752 -0.192412 -0.015411
v -0.323586 -0.191569 -0.017527
v -0.323350 -0.190379 -0.019460
v -0.323053 -0.188878 -0.021154
v -0.322704 -0.187110 -0.022557
v -0.322312 -0.185131 -0.023625
v -0.321890 -0.183000 -0.024326
v -0.321451 -0.180782 -0.024640
v -0.330455 -0.226288 -0.020341
v -0.330359 -0.225803 -0.020235
v -0.330268 -0.225344 -0.020045
v -0.330185 -0.224925 -0.019777
v -0.330112 -0.224557 -0.019438
v -0.330052 -0.224253 -0.019040
v -0.330006 -0.224021 -0.018593
v -0.329976 -0.223869 -0.018113
v -0.329963 -0.223801 -0.017613
v -0.329966 -0.223819 -0.017108
v -0.329987 -0.223923 -0.016614
v -0.330024 -0.224109 -0.016147
v -0.330076 -0.224372 -0.015719
v -0.330142 -0.224705 -0.015344
v -0.330219 -0.225095 -0.015034
v -0.330305 -0.225533 -0.014798
v -0.330399 -0.226005 -0.014642
v -0.330496 -0.226495 -0.014573
v -0.330594 -0.226990 -0.014592
v -0.351246 -0.331373 -0.033686
v -0.351385 -0.332075 -0.027937
v -0.351481 -0.332560 -0.028043
v -0.351571 -0.333019 -0.028233
v -0.351654 -0.333438 -0.028501
v -0.351727 -0.333806 -0.028840
v -0.351787 -0.334110 -0.029238
v -0.351833 -0.334342 -0.029684
v -0.351863 -0.334494 -0.030165
v -0.351877 -0.334562 -0.030665
v -0.351873 -0.334544 -0.031170
v -0.351853 -0.334440 -0.031663
v -0.351816 -0.334254 -0.032131
v -0.351764 -0.333990 -0.032559
v -0.351698 -0.333658 -0.032934
v -0.351621 -0.333267 -0.033244
v -0.351534 -0.332830 -0.033480
v -0.351441 -0.332358 -0.033635
v -0.351344 -0.331868 -0.033705
v -0.321911 -0.183103 0.012752
v -0.321985 -0.183479 0.012670
v -0.322056 -0.183836 0.012522
v -0.322120 -0.184162 0.012314
v -0.322177 -0.184447 0.012051
v -0.322223 -0.184684 0.011741
v -0.322259 -0.184864 0.011395
v -0.322282 -0.184982 0.011021
v -0.322293 -0.185035 0.010633
v -0.322290 -0.185021 0.010241
v -0.322274 -0.184940 0.009858
v -0.322245 -0.184795 0.009494
v -0.322205 -0.184591 0.009162
v -0.322154 -0.184333 0.008871
v -0.322094 -0.184029 0.008630
v -0.322027 -0.183689 0.008447
v -0.321954 -0.183323 0.008326
v -0.321879 -0.182942 0.008272
v -0.321803 -0.182557 0.008286
v -0.321728 -0.182181 0.008369
v -0.321658 -0.181825 0.008516
v -0.321593 -0.181499 0.008725
v -0.321537 -0.181213 0.008988
v -0.321490 -0.180977 0.009297
v -0.321454 -0.180797 0.009644
v -0.321431 -0.180679 0.010017
v -0.321421 -0.180626 0.010405
v -0.321423 -0.180640 0.010797
v -0.321439 -0.180721 0.011181
v -0.321468 -0.180865 0.011544
v -0.321508 -0.181070 0.011876
v -0.321559 -0.181328 0.012167
v -0.321620 -0.181631 0.012408
v -0.321687 -0.181971 0.012592
v -0.321759 -0.182338 0.012712
v -0.321835 -0.182719 0.012766
v -0.317933 -0.162996 0.004094
v -0.318007 -0.163373 0.004012
v -0.318078 -0.163729 0.003865
v -0.318142 -0.164055 0.003656
v -0.318198 -0.164340 0.003393
v -0.318245 -0.164577 0.003084
v -0.318281 -0.164757 0.002737
v -0.318304 -0.164875 0.002364
v -0.318315 -0.164928 0.001975
v -0.318312 -0.164914 0.001584
v -0.318296 -0.164833 0.001200
v -0.318267 -0.164688 0.000837
v -0.318227 -0.164484 0.000504
v -0.318176 -0.164226 0.000213
v -0.318116 -0.163922 -0.000027
v -0.318049 -0.163582 -0.000211
v -0.317976 -0.163216 -0.000332
v -0.317901 -0.162835 -0.000385
v -0.317825 -0.162451 -0.000371
v -0.317750 -0.162074 -0.000289
v -0.317680 -0.161718 -0.000141
v -0.317615 -0.161392 0.000067
v -0.317559 -0.161107 0.000330
v -0.317512 -0.160870 0.000640
v -0.317476 -0.160690 0.000986
v -0.317453 -0.160572 0.001359
v -0.317442 -0.160519 0.001748
v -0.317445 -0.160533 0.002140
v -0.317461 -0.160614 0.002523
v -0.317490 -0.160759 0.002887
v -0.317530 -0.160963 0.003219
v -0.317581 -0.161221 0.003510
v -0.317641 -0.161525 0.003751
v -0.317709 -0.161865 0.003934
v -0.317781 -0.162231 0.004055
v -0.317857 -0.162612 0.004109
v -0.317399 -0.160298 -0.017985
v -0.317473 -0.160674 -0.018067
v -0.317544 -0.161031 -0.018215
v -0.317608 -0.161357 -0.018423
v -0.317665 -0.161642 -0.018686
v -0.317711 -0.161878 -0.018996
v -0.317747 -0.162058 -0.019342
v -0.317770 -0.162177 -0.019715
v -0.317781 -0.162230 -0.020104
v -0.317778 -0.162215 -0.020496
v -0.317762 -0.162135 -0.020879
v -0.317733 -0.161990 -0.021243
v -0.317693 -0.161786 -0.021575
v -0.317642 -0.161528 -0.021866
v -0.317582 -0.161224 -0.022107
v -0.317515 -0.160884 -0.022290
v -0.317442 -0.160518 -0.022411
v -0.317367 -0.160137 -0.022465
v -0.317291 -0.159752 -0.022450
v -0.317216 -0.159376 -0.022368
v -0.317146 -0.159020 -0.022221
v -0.317081 -0.158694 -0.022012
v -0.317025 -0.158408 -0.021749
v -0.316978 -0.158172 -0.021440
v -0.316942 -0.157992 -0.021093
v -0.316919 -0.157874 -0.020720
v -0.316909 -0.157821 -0.020331
v -0.316911 -0.157835 -0.019939
v -0.316927 -0.157916 -0.019556
v -0.316956 -0.158060 -0.019193
v -0.316996 -0.158265 -0.018860
v -0.317047 -0.158523 -0.018569
v -0.317108 -0.158826 -0.018328
v -0.317175 -0.159166 -0.018145
v -0.317247 -0.159532 -0.018024
v -0.317323 -0.159914 -0.017971
v -0.320843 -0.177707 -0.031407
v -0.320917 -0.178083 -0.031489
v -0.320988 -0.178439 -0.031636
v -0.321052 -0.178765 -0.031845
v -0.321109 -0.179051 -0.032108
v -0.321156 -0.179287 -0.032417
v -0.321191 -0.179467 -0.032764
v -0.321215 -0.179585 -0.033137
v -0.321225 -0.179638 -0.033526
v -0.321222 -0.179624 -0.033918
v -0.321206 -0.179543 -0.034301
v -0.321178 -0.179399 -0.034664
v -0.321137 -0.179194 -0.034997
v -0.321086 -0.178936 -0.035288
v -0.321026 -0.178633 -0.035529
v -0.320959 -0.178292 -0.035712
v -0.320886 -0.177926 -0.035833
v -0.320811 -0.177545 -0.035887
v -0.320735 -0.177161 -0.035872
v -0.320661 -0.176785 -0.035790
v -0.320590 -0.176428 -0.035642
v -0.320526 -0.176102 -0.035434
v -0.320469 -0.175817 -0.035171
v -0.320422 -0.175580 -0.034862
v -0.320387 -0.175400 -0.034515
v -0.320363 -0.175282 -0.034142
v -0.320353 -0.175229 -0.033753
v -0.320356 -0.175243 -0.033361
v -0.320372 -0.175324 -0.032978
v -0.320400 -0.175469 -0.032614
v -0.320441 -0.175673 -0.032282
v -0.320492 -0.175931 -0.031991
v -0.320552 -0.176235 -0.031750
v -0.320619 -0.176575 -0.031567
v -0.320692 -0.176941 -0.031446
v -0.320767 -0.177322 -0.031392
v -0.324821 -0.197813 -0.022749
v -0.324896 -0.198190 -0.022831
v -0.324966 -0.198546 -0.022979
v -0.325031 -0.198872 -0.023187
v -0.325087 -0.199157 -0.023450
v -0.325134 -0.199394 -0.023760
v -0.325169 -0.199574 -0.024106
v -0.325193 -0.199692 -0.024480
v -0.325203 -0.199745 -0.024868
v -0.325200 -0.199731 -0.025260
v -0.325185 -0.199650 -0.025644
v -0.325156 -0.199505 -0.026007
v -0.325115 -0.199301 -0.026339
v -0.325064 -0.199043 -0.026630
v -0.325004 -0.198739 -0.026871
v -0.324937 -0.198399 -0.027055
v -0.324865 -0.198033 -0.027175
v -0.324789 -0.197652 -0.027229
v -0.324713 -0.197268 -0.027215
v -0.324639 -0.196891 -0.027132
v -0.324568 -0.196535 -0.026985
v -0.324504 -0.196209 -0.026776
v -0.324447 -0.195924 -0.026513
v -0.324400 -0.195687 -0.026204
v -0.324365 -0.195507 -0.025857
v -0.324341 -0.195389 -0.025484
v -0.324331 -0.195336 -0.025096
v -0.324334 -0.195350 -0.024704
v -0.324350 -0.195431 -0.024320
v -0.324378 -0.195576 -0.023957
v -0.324419 -0.195780 -0.023625
v -0.324470 -0.196038 -0.023334
v -0.324530 -0.196342 -0.023093
v -0.324597 -0.196682 -0.022909
v -0.324670 -0.197048 -0.022789
v -0.324745 -0.197429 -0.022735
v -0.325355 -0.200512 -0.000670
v -0.325429 -0.200888 -0.000752
v -0.325500 -0.201244 -0.000900
v -0.325564 -0.201570 -0.001108
v -0.325621 -0.201856 -0.001371
v -0.325668 -0.202092 -0.001680
v -0.325703 -0.202272 -0.002027
v -0.325727 -0.202390 -0.002400
v -0.325737 -0.202443 -0.002789
v -0.325734 -0.202429 -0.003181
v -0.325718 -0.202348 -0.003564
v -0.325690 -0.202204 -0.003928
v -0.325649 -0.201999 -0.004260
v -0.325598 -0.201741 -0.004551
v -0.325538 -0.201438 -0.004792
v -0.325471 -0.201098 -0.004975
v -0.325398 -0.200732 -0.005096
v -0.325323 -0.200350 -0.005150
v -0.325247 -0.199966 -0.005135
v -0.325173 -0.199590 -0.005053
v -0.325102 -0.199233 -0.004906
v -0.325038 -0.198907 -0.004697
v -0.324981 -0.198622 -0.004434
v -0.324934 -0.198386 -0.004125
v -0.324899 -0.198206 -0.003778
v -0.324875 -0.198087 -0.003405
v -0.324865 -0.198034 -0.003016
v -0.324868 -0.198049 -0.002624
v -0.324884 -0.198129 -0.002241
v -0.324912 -0.198274 -0.001878
v -0.324953 -0.198478 -0.001545
v -0.325004 -0.198736 -0.001254
v -0.325064 -0.199040 -0.001013
v -0.325131 -0.199380 -0.000830
v -0.325204 -0.199746 -0.000709
v -0.325279 -0.200127 -0.000655
v -0.319803 -0.201043 -0.005135
v -0.319728 -0.200667 -0.005053
v -0.319658 -0.200310 -0.004906
v -0.319593 -0.199985 -0.004697
v -0.319537 -0.199699 -0.004434
v -0.319490 -0.199463 -0.004125
v -0.319454 -0.199283 -0.003778
v -0.319431 -0.199164 -0.003405
v -0.319420 -0.199112 -0.003016
v -0.319423 -0.199126 -0.002624
v -0.319439 -0.199206 -0.002241
v -0.319468 -0.199351 -0.001878
v -0.319508 -0.199556 -0.001545
v -0.319559 -0.199814 -0.001254
v -0.319619 -0.200117 -0.001013
v -0.319687 -0.200457 -0.000830
v -0.319759 -0.200823 -0.000709
v -0.319834 -0.201204 -0.000655
v -0.319911 -0.201589 -0.000670
v -0.325247 -0.199966 -0.005135
v -0.325173 -0.199590 -0.005053
v -0.325102 -0.199233 -0.004906
v -0.325038 -0.198907 -0.004697
v -0.324981 -0.198622 -0.004434
v -0.324934 -0.198386 -0.004125
v -0.324899 -0.198206 -0.003778
v -0.324875 -0.198087 -0.003405
v -0.324865 -0.198034 -0.003016
v -0.324868 -0.198049 -0.002624
v -0.324884 -0.198129 -0.002241
v -0.324912 -0.198274 -0.001878
v -0.324953 -0.198478 -0.001545
v -0.325004 -0.198736 -0.001254
v -0.325064 -0.199040 -0.001013
v -0.325131 -0.199380 -0.000830
v -0.325204 -0.199746 -0.000709
v -0.325279 -0.200127 -0.000655
v -0.325355 -0.200512 -0.000670
v -0.317340 -0.201222 -0.007567
v -0.317185 -0.200436 -0.007395
v -0.317038 -0.199691 -0.007087
v -0.316903 -0.199010 -0.006651
v -0.316785 -0.198414 -0.006102
v -0.316687 -0.197920 -0.005455
v -0.316613 -0.197544 -0.004731
v -0.316564 -0.197297 -0.003952
v -0.316542 -0.197187 -0.003140
v -0.316548 -0.197216 -0.002322
v -0.316581 -0.197385 -0.001520
v -0.316641 -0.197687 -0.000761
v -0.316726 -0.198114 -0.000067
v -0.316832 -0.198653 0.000540
v -0.316958 -0.199287 0.001044
v -0.317098 -0.199997 0.001427
v -0.317249 -0.200762 0.001679
v -0.317407 -0.201558 0.001791
v -0.317566 -0.202361 0.001761
v -0.319803 -0.201043 -0.005135
v -0.319728 -0.200667 -0.005053
v -0.319658 -0.200310 -0.004906
v -0.319593 -0.199985 -0.004697
v -0.319537 -0.199699 -0.004434
v -0.319490 -0.199463 -0.004125
v -0.319454 -0.199283 -0.003778
v -0.319431 -0.199164 -0.003405
v -0.319420 -0.199112 -0.003016
v -0.319423 -0.199126 -0.002624
v -0.319439 -0.199206 -0.002241
v -0.319468 -0.199351 -0.001878
v -0.319508 -0.199556 -0.001545
v -0.319559 -0.199814 -0.001254
v -0.319619 -0.200117 -0.001013
v -0.319687 -0.200457 -0.000830
v -0.319759 -0.200823 -0.000709
v -0.319834 -0.201204 -0.000655
v -0.319911 -0.201589 -0.000670
v -0.318803 -0.200198 -0.005680
v -0.318649 -0.199419 -0.005142
v -0.317935 -0.200017 -0.006419
v -0.318534 -0.198841 -0.004385
v -0.317739 -0.199030 -0.005738
v -0.318471 -0.198520 -0.003482
v -0.317594 -0.198298 -0.004779
v -0.318465 -0.198489 -0.002523
v -0.317514 -0.197892 -0.003637
v -0.318516 -0.198750 -0.001602
v -0.317506 -0.197853 -0.002422
v -0.318621 -0.199278 -0.000807
v -0.317572 -0.198183 -0.001255
v -0.318768 -0.200021 -0.000218
v -0.317704 -0.198852 -0.000249
v -0.318943 -0.200906 0.000109
v -0.317890 -0.199792 0.000497
v -0.318112 -0.200913 0.000911
v -0.319269 -0.198345 -0.027215
v -0.319194 -0.197969 -0.027132
v -0.319124 -0.197612 -0.026985
v -0.319059 -0.197286 -0.026776
v -0.319003 -0.197001 -0.026513
v -0.318956 -0.196764 -0.026204
v -0.318920 -0.196584 -0.025857
v -0.318897 -0.196466 -0.025484
v -0.318887 -0.196413 -0.025096
v -0.318889 -0.196427 -0.024704
v -0.318905 -0.196508 -0.024320
v -0.318934 -0.196653 -0.023957
v -0.318974 -0.196857 -0.023625
v -0.319025 -0.197115 -0.023334
v -0.319085 -0.197419 -0.023093
v -0.319153 -0.197759 -0.022909
v -0.319225 -0.198125 -0.022789
v -0.319301 -0.198506 -0.022735
v -0.319377 -0.198891 -0.022749
v -0.324713 -0.197268 -0.027215
v -0.324639 -0.196891 -0.027132
v -0.324568 -0.196535 -0.026985
v -0.324504 -0.196209 -0.026776
v -0.324447 -0.195924 -0.026513
v -0.324400 -0.195687 -0.026204
v -0.324365 -0.195507 -0.025857
v -0.324341 -0.195389 -0.025484
v -0.324331 -0.195336 -0.025096
v -0.324334 -0.195350 -0.024704
v -0.324350 -0.195431 -0.024320
v -0.324378 -0.195576 -0.023957
v -0.324419 -0.195780 -0.023625
v -0.324470 -0.196038 -0.023334
v -0.324530 -0.196342 -0.023093
v -0.324597 -0.196682 -0.022909
v -0.324670 -0.197048 -0.022789
v -0.324745 -0.197429 -0.022735
v -0.324821 -0.197813 -0.022749
v -0.316806 -0.198523 -0.029646
v -0.316651 -0.197737 -0.029474
v -0.316504 -0.196993 -0.029166
v -0.316369 -0.196312 -0.028730
v -0.316251 -0.195716 -0.028181
v -0.316153 -0.195222 -0.027535
v -0.316079 -0.194846 -0.026811
v -0.316030 -0.194599 -0.026031
v -0.316008 -0.194488 -0.025220
v -0.316014 -0.194518 -0.024401
v -0.316047 -0.194686 -0.023600
v -0.316107 -0.194989 -0.022841
v -0.316192 -0.195416 -0.022147
v -0.316298 -0.195955 -0.021539
v -0.316424 -0.196589 -0.021036
v -0.316564 -0.197299 -0.020652
v -0.316716 -0.198064 -0.020400
v -0.316873 -0.198860 -0.020288
v -0.317032 -0.199663 -0.020318
v -0.319269 -0.198345 -0.027215
v -0.319194 -0.197969 -0.027132
v -0.319124 -0.197612 -0.026985
v -0.319059 -0.197286 -0.026776
v -0.319003 -0.197001 -0.026513
v -0.318956 -0.196764 -0.026204
v -0.318920 -0.196584 -0.025857
v -0.318897 -0.196466 -0.025484
v -0.318887 -0.196413 -0.025096
v -0.318889 -0.196427 -0.024704
v -0.318905 -0.196508 -0.024320
v -0.318934 -0.196653 -0.023957
v -0.318974 -0.196857 -0.023625
v -0.319025 -0.197115 -0.023334
v -0.319085 -0.197419 -0.023093
v -0.319153 -0.197759 -0.022909
v -0.319225 -0.198125 -0.022789
v -0.319301 -0.198506 -0.022735
v -0.319377 -0.198891 -0.022749
v -0.318269 -0.197500 -0.027759
v -0.318115 -0.196721 -0.027221
v -0.317401 -0.197319 -0.028498
v -0.318000 -0.196142 -0.026464
v -0.317205 -0.196332 -0.027817
v -0.317937 -0.195822 -0.025562
v -0.317061 -0.195600 -0.026859
v -0.317931 -0.195791 -0.024603
v -0.316980 -0.195194 -0.025716
v -0.317983 -0.196052 -0.023681
v -0.316972 -0.195154 -0.024502
v -0.318087 -0.196580 -0.022886
v -0.317038 -0.195485 -0.023334
v -0.318234 -0.197322 -0.022297
v -0.317170 -0.196153 -0.022328
v -0.318409 -0.198207 -0.021971
v -0.317356 -0.197094 -0.021582
v -0.317578 -0.198214 -0.021169
v -0.315291 -0.178238 -0.035872
v -0.315216 -0.177862 -0.035790
v -0.315146 -0.177505 -0.035642
v -0.315081 -0.177179 -0.035434
v -0.315025 -0.176894 -0.035171
v -0.314978 -0.176658 -0.034862
v -0.314942 -0.176478 -0.034515
v -0.314919 -0.176359 -0.034142
v -0.314908 -0.176306 -0.033753
v -0.314911 -0.176321 -0.033361
v -0.314927 -0.176401 -0.032978
v -0.314956 -0.176546 -0.032614
v -0.314996 -0.176750 -0.032282
v -0.315047 -0.177008 -0.031991
v -0.315107 -0.177312 -0.031750
v -0.315175 -0.177652 -0.031567
v -0.315247 -0.178018 -0.031446
v -0.315322 -0.178399 -0.031392
v -0.315399 -0.178784 -0.031407
v -0.320735 -0.177161 -0.035872
v -0.320661 -0.176785 -0.035790
v -0.320590 -0.176428 -0.035642
v -0.320526 -0.176102 -0.035434
v -0.320469 -0.175817 -0.035171
v -0.320422 -0.175580 -0.034862
v -0.320387 -0.175400 -0.034515
v -0.320363 -0.175282 -0.034142
v -0.320353 -0.175229 -0.033753
v -0.320356 -0.175243 -0.033361
v -0.320372 -0.175324 -0.032978
v -0.320400 -0.175469 -0.032614
v -0.320441 -0.175673 -0.032282
v -0.320492 -0.175931 -0.031991
v -0.320552 -0.176235 -0.031750
v -0.320619 -0.176575 -0.031567
v -0.320692 -0.176941 -0.031446
v -0.320767 -0.177322 -0.031392
v -0.320843 -0.177707 -0.031407
v -0.312828 -0.178416 -0.038303
v -0.312673 -0.177631 -0.038132
v -0.312526 -0.176886 -0.037823
v -0.312391 -0.176205 -0.037388
v -0.312273 -0.175609 -0.036839
v -0.312175 -0.175115 -0.036192
v -0.312101 -0.174739 -0.035468
v -0.312052 -0.174492 -0.034689
v -0.312030 -0.174382 -0.033877
v -0.312036 -0.174411 -0.033058
v -0.312069 -0.174580 -0.032257
v -0.312129 -0.174882 -0.031498
v -0.312214 -0.175309 -0.030804
v -0.312320 -0.175848 -0.030196
v -0.312446 -0.176482 -0.029693
v -0.312586 -0.177192 -0.029310
v -0.312737 -0.177957 -0.029058
v -0.312895 -0.178753 -0.028945
v -0.313054 -0.179556 -0.028975
v -0.315291 -0.178238 -0.035872
v -0.315216 -0.177862 -0.035790
v -0.315146 -0.177505 -0.035642
v -0.315081 -0.177179 -0.035434
v -0.315025 -0.176894 -0.035171
v -0.314978 -0.176658 -0.034862
v -0.314942 -0.176478 -0.034515
v -0.314919 -0.176359 -0.034142
v -0.314908 -0.176306 -0.033753
v -0.314911 -0.176321 -0.033361
v -0.314927 -0.176401 -0.032978
v -0.314956 -0.176546 -0.032614
v -0.314996 -0.176750 -0.032282
v -0.315047 -0.177008 -0.031991
v -0.315107 -0.177312 -0.031750
v -0.315175 -0.177652 -0.031567
v -0.315247 -0.178018 -0.031446
v -0.315322 -0.178399 -0.031392
v -0.315399 -0.178784 -0.031407
v -0.314291 -0.177393 -0.036416
v -0.314137 -0.176614 -0.035879
v -0.313423 -0.177212 -0.037156
v -0.314022 -0.176036 -0.035121
v -0.313227 -0.176225 -0.036475
v -0.313959 -0.175715 -0.034219
v -0.313082 -0.175493 -0.035516
v -0.313953 -0.175684 -0.033260
v -0.313002 -0.175087 -0.034374
v -0.314004 -0.175945 -0.032338
v -0.312994 -0.175048 -0.033159
v -0.314109 -0.176473 -0.031544
v -0.313060 -0.175378 -0.031992
v -0.314256 -0.177216 -0.030955
v -0.313192 -0.176046 -0.030986
v -0.314431 -0.178101 -0.030628
v -0.313378 -0.176987 -0.030240
v -0.313600 -0.178108 -0.029826
v -0.311846 -0.160829 -0.022450
v -0.311772 -0.160453 -0.022368
v -0.311701 -0.160097 -0.022221
v -0.311637 -0.159771 -0.022012
v -0.311580 -0.159485 -0.021749
v -0.311534 -0.159249 -0.021440
v -0.311498 -0.159069 -0.021093
v -0.311475 -0.158951 -0.020720
v -0.311464 -0.158898 -0.020331
v -0.311467 -0.158912 -0.019939
v -0.311483 -0.158993 -0.019556
v -0.311512 -0.159137 -0.019193
v -0.311552 -0.159342 -0.018860
v -0.311603 -0.159600 -0.018569
v -0.311663 -0.159904 -0.018328
v -0.311730 -0.160244 -0.018145
v -0.311803 -0.160610 -0.018024
v -0.311878 -0.160991 -0.017971
v -0.311954 -0.161375 -0.017985
v -0.317291 -0.159752 -0.022450
v -0.317216 -0.159376 -0.022368
v -0.317146 -0.159020 -0.022221
v -0.317081 -0.158694 -0.022012
v -0.317025 -0.158408 -0.021749
v -0.316978 -0.158172 -0.021440
v -0.316942 -0.157992 -0.021093
v -0.316919 -0.157874 -0.020720
v -0.316909 -0.157821 -0.020331
v -0.316911 -0.157835 -0.019939
v -0.316927 -0.157916 -0.019556
v -0.316956 -0.158060 -0.019193
v -0.316996 -0.158265 -0.018860
v -0.317047 -0.158523 -0.018569
v -0.317108 -0.158826 -0.018328
v -0.317175 -0.159166 -0.018145
v -0.317247 -0.159532 -0.018024
v -0.317323 -0.159914 -0.017971
v -0.317399 -0.160298 -0.017985
v -0.309384 -0.161008 -0.024882
v -0.309229 -0.160222 -0.024710
v -0.309081 -0.159477 -0.024402
v -0.308947 -0.158797 -0.023966
v -0.308829 -0.158200 -0.023417
v -0.308731 -0.157707 -0.022770
v -0.308657 -0.157331 -0.022046
v -0.308608 -0.157084 -0.021267
v -0.308586 -0.156973 -0.020455
v -0.308592 -0.157003 -0.019637
v -0.308625 -0.157171 -0.018836
v -0.308685 -0.157473 -0.018076
v -0.308769 -0.157901 -0.017382
v -0.308876 -0.158439 -0.016775
v -0.309001 -0.159074 -0.016271
v -0.309142 -0.159784 -0.015888
v -0.309293 -0.160549 -0.015636
v -0.309451 -0.161345 -0.015524
v -0.309610 -0.162148 -0.015554
v -0.311846 -0.160829 -0.022450
v -0.311772 -0.160453 -0.022368
v -0.311701 -0.160097 -0.022221
v -0.311637 -0.159771 -0.022012
v -0.311580 -0.159485 -0.021749
v -0.311534 -0.159249 -0.021440
v -0.311498 -0.159069 -0.021093
v -0.311475 -0.158951 -0.020720
v -0.311464 -0.158898 -0.020331
v -0.311467 -0.158912 -0.019939
v -0.311483 -0.158993 -0.019556
v -0.311512 -0.159137 -0.019193
v -0.311552 -0.159342 -0.018860
v -0.311603 -0.159600 -0.018569
v -0.311663 -0.159904 -0.018328
v -0.311730 -0.160244 -0.018145
v -0.311803 -0.160610 -0.018024
v -0.311878 -0.160991 -0.017971
v -0.311954 -0.161375 -0.017985
v -0.310847 -0.159985 -0.022995
v -0.310692 -0.159205 -0.022457
v -0.309978 -0.159803 -0.023734
v -0.310578 -0.158627 -0.021700
v -0.309783 -0.158816 -0.023053
v -0.310515 -0.158307 -0.020797
v -0.309638 -0.158084 -0.022094
v -0.310508 -0.158276 -0.019839
v -0.309558 -0.157679 -0.020952
v -0.310560 -0.158537 -0.018917
v -0.309550 -0.157639 -0.019738
v -0.310665 -0.159064 -0.018122
v -0.309615 -0.157970 -0.018570
v -0.310811 -0.159807 -0.017533
v -0.309748 -0.158638 -0.017564
v -0.310987 -0.160692 -0.017206
v -0.309934 -0.159578 -0.016818
v -0.310155 -0.160699 -0.016404
v -0.312380 -0.163528 -0.000371
v -0.312306 -0.163152 -0.000289
v -0.312235 -0.162795 -0.000141
v -0.312171 -0.162469 0.000067
v -0.312114 -0.162184 0.000330
v -0.312067 -0.161947 0.000640
v -0.312032 -0.161767 0.000986
v -0.312008 -0.161649 0.001359
v -0.311998 -0.161596 0.001748
v -0.312001 -0.161610 0.002140
v -0.312017 -0.161691 0.002523
v -0.312045 -0.161836 0.002887
v -0.312086 -0.162040 0.003219
v -0.312137 -0.162298 0.003510
v -0.312197 -0.162602 0.003751
v -0.312264 -0.162942 0.003934
v -0.312337 -0.163308 0.004055
v -0.312412 -0.163689 0.004109
v -0.312488 -0.164074 0.004094
v -0.317825 -0.162451 -0.000371
v -0.317750 -0.162074 -0.000289
v -0.317680 -0.161718 -0.000141
v -0.317615 -0.161392 0.000067
v -0.317559 -0.161107 0.000330
v -0.317512 -0.160870 0.000640
v -0.317476 -0.160690 0.000986
v -0.317453 -0.160572 0.001359
v -0.317442 -0.160519 0.001748
v -0.317445 -0.160533 0.002140
v -0.317461 -0.160614 0.002523
v -0.317490 -0.160759 0.002887
v -0.317530 -0.160963 0.003219
v -0.317581 -0.161221 0.003510
v -0.317641 -0.161525 0.003751
v -0.317709 -0.161865 0.003934
v -0.317781 -0.162231 0.004055
v -0.317857 -0.162612 0.004109
v -0.317933 -0.162996 0.004094
v -0.309918 -0.163706 -0.002802
v -0.309762 -0.162920 -0.002631
v -0.309615 -0.162176 -0.002322
v -0.309480 -0.161495 -0.001887
v -0.309362 -0.160899 -0.001338
v -0.309265 -0.160405 -0.000691
v -0.309190 -0.160029 0.000033
v -0.309142 -0.159782 0.000813
v -0.309120 -0.159671 0.001624
v -0.309125 -0.159701 0.002443
v -0.309159 -0.159869 0.003244
v -0.309219 -0.160172 0.004003
v -0.309303 -0.160599 0.004697
v -0.309410 -0.161138 0.005305
v -0.309535 -0.161772 0.005808
v -0.309676 -0.162482 0.006191
v -0.309827 -0.163247 0.006443
v -0.309985 -0.164043 0.006556
v -0.310143 -0.164846 0.006526
v -0.312380 -0.163528 -0.000371
v -0.312306 -0.163152 -0.000289
v -0.312235 -0.162795 -0.000141
v -0.312171 -0.162469 0.000067
v -0.312114 -0.162184 0.000330
v -0.312067 -0.161947 0.000640
v -0.312032 -0.161767 0.000986
v -0.312008 -0.161649 0.001359
v -0.311998 -0.161596 0.001748
v -0.312001 -0.161610 0.002140
v -0.312017 -0.161691 0.002523
v -0.312045 -0.161836 0.002887
v -0.312086 -0.162040 0.003219
v -0.312137 -0.162298 0.003510
v -0.312197 -0.162602 0.003751
v -0.312264 -0.162942 0.003934
v -0.312337 -0.163308 0.004055
v -0.312412 -0.163689 0.004109
v -0.312488 -0.164074 0.004094
v -0.311380 -0.162683 -0.000915
v -0.311226 -0.161904 -0.000377
v -0.310512 -0.162502 -0.001655
v -0.311112 -0.161325 0.000380
v -0.310317 -0.161515 -0.000974
v -0.311049 -0.161005 0.001282
v -0.310172 -0.160783 -0.000015
v -0.311042 -0.160974 0.002241
v -0.310092 -0.160377 0.001127
v -0.311094 -0.161235 0.003163
v -0.310084 -0.160337 0.002342
v -0.311198 -0.161763 0.003957
v -0.310149 -0.160668 0.003509
v -0.311345 -0.162505 0.004546
v -0.310282 -0.161336 0.004515
v -0.311520 -0.163390 0.004873
v -0.310468 -0.162277 0.005261
v -0.310689 -0.163397 0.005675
v -0.316358 -0.183635 0.008286
v -0.316284 -0.183258 0.008369
v -0.316213 -0.182902 0.008516
v -0.316149 -0.182576 0.008725
v -0.316092 -0.182291 0.008988
v -0.316046 -0.182054 0.009297
v -0.316010 -0.181874 0.009644
v -0.315987 -0.181756 0.010017
v -0.315976 -0.181703 0.010405
v -0.315979 -0.181717 0.010797
v -0.315995 -0.181798 0.011181
v -0.316024 -0.181943 0.011544
v -0.316064 -0.182147 0.011876
v -0.316115 -0.182405 0.012167
v -0.316175 -0.182709 0.012408
v -0.316242 -0.183049 0.012592
v -0.316315 -0.183415 0.012712
v -0.316390 -0.183796 0.012766
v -0.316466 -0.184180 0.012752
v -0.321803 -0.182557 0.008286
v -0.321728 -0.182181 0.008369
v -0.321658 -0.181825 0.008516
v -0.321593 -0.181499 0.008725
v -0.321537 -0.181213 0.008988
v -0.321490 -0.180977 0.009297
v -0.321454 -0.180797 0.009644
v -0.321431 -0.180679 0.010017
v -0.321421 -0.180626 0.010405
v -0.321423 -0.180640 0.010797
v -0.321439 -0.180721 0.011181
v -0.321468 -0.180865 0.011544
v -0.321508 -0.181070 0.011876
v -0.321559 -0.181328 0.012167
v -0.321620 -0.181631 0.012408
v -0.321687 -0.181971 0.012592
v -0.321759 -0.182338 0.012712
v -0.321835 -0.182719 0.012766
v -0.321911 -0.183103 0.012752
v -0.313896 -0.183813 0.005855
v -0.313741 -0.183027 0.006027
v -0.313593 -0.182283 0.006335
v -0.313459 -0.181602 0.006771
v -0.313341 -0.181005 0.007320
v -0.313243 -0.180512 0.007966
v -0.313169 -0.180136 0.008690
v -0.313120 -0.179889 0.009470
v -0.313098 -0.179778 0.010282
v -0.313104 -0.179808 0.011100
v -0.313137 -0.179976 0.011901
v -0.313197 -0.180279 0.012660
v -0.313281 -0.180706 0.013354
v -0.313388 -0.181245 0.013962
v -0.313513 -0.181879 0.014465
v -0.313654 -0.182589 0.014849
v -0.313805 -0.183354 0.015101
v -0.313963 -0.184150 0.015213
v -0.314122 -0.184953 0.015183
v -0.316358 -0.183635 0.008286
v -0.316284 -0.183258 0.008369
v -0.316213 -0.182902 0.008516
v -0.316149 -0.182576 0.008725
v -0.316092 -0.182291 0.008988
v -0.316046 -0.182054 0.009297
v -0.316010 -0.181874 0.009644
v -0.315987 -0.181756 0.010017
v -0.315976 -0.181703 0.010405
v -0.315979 -0.181717 0.010797
v -0.315995 -0.181798 0.011181
v -0.316024 -0.181943 0.011544
v -0.316064 -0.182147 0.011876
v -0.316115 -0.182405 0.012167
v -0.316175 -0.182709 0.012408
v -0.316242 -0.183049 0.012592
v -0.316315 -0.183415 0.012712
v -0.316390 -0.183796 0.012766
v -0.316466 -0.184180 0.012752
v -0.315359 -0.182790 0.007742
v -0.315204 -0.182010 0.008280
v -0.314490 -0.182608 0.007003
v -0.315090 -0.181432 0.009037
v -0.314295 -0.181622 0.007684
v -0.315027 -0.181112 0.009939
v -0.314150 -0.180889 0.008643
v -0.315020 -0.181081 0.010898
v -0.314070 -0.180484 0.009785
v -0.315072 -0.181342 0.011820
v -0.314062 -0.180444 0.010999
v -0.315177 -0.181869 0.012615
v -0.314127 -0.180775 0.012167
v -0.315323 -0.182612 0.013204
v -0.314260 -0.181443 0.013173
v -0.315499 -0.183497 0.013531
v -0.314446 -0.182384 0.013919
v -0.314667 -0.183504 0.014333
v -0.314193 -0.146138 -0.007233
v -0.307123 -0.147537 -0.007233
v -0.314425 -0.147311 -0.001543
v -0.314836 -0.149391 0.003870
v -0.315416 -0.152323 0.008858
v -0.316148 -0.156023 0.013282
v -0.317013 -0.160391 0.017021
v -0.317985 -0.165306 0.019971
v -0.319039 -0.170633 0.022051
v -0.320145 -0.176223 0.023203
v -0.321273 -0.181924 0.023396
v -0.322391 -0.187577 0.022624
v -0.323470 -0.193027 0.020909
v -0.324478 -0.198123 0.018298
v -0.325388 -0.202725 0.014863
v -0.326176 -0.206705 0.010699
v -0.319107 -0.208104 0.010699
v -0.318394 -0.204505 0.014521
v -0.317579 -0.200381 0.017745
v -0.316677 -0.195826 0.020298
v -0.315712 -0.190946 0.022120
v -0.314704 -0.185852 0.023171
v -0.313521 -0.179871 0.023395
v -0.312348 -0.173943 0.022557
v -0.311221 -0.168248 0.020682
v -0.310175 -0.162959 0.017827
v -0.309240 -0.158236 0.014079
v -0.308446 -0.154224 0.009553
v -0.307817 -0.151043 0.004385
v -0.307372 -0.148791 -0.001268
v -0.317886 -0.201937 -0.039766
v -0.324956 -0.200538 -0.039766
v -0.324083 -0.196129 -0.042570
v -0.323139 -0.191355 -0.044665
v -0.322144 -0.186325 -0.046000
v -0.321121 -0.181156 -0.046547
v -0.320094 -0.175964 -0.046292
v -0.318936 -0.170113 -0.045013
v -0.317839 -0.164567 -0.042717
v -0.316836 -0.159498 -0.039475
v -0.315957 -0.155057 -0.035385
v -0.315230 -0.151381 -0.030571
v -0.314676 -0.148580 -0.025179
v -0.314312 -0.146741 -0.019373
v -0.314149 -0.145919 -0.013330
v -0.314193 -0.146138 -0.007233
v -0.307123 -0.147537 -0.007233
v -0.307077 -0.147304 -0.013043
v -0.307219 -0.148018 -0.018811
v -0.307543 -0.149659 -0.024380
v -0.308042 -0.152182 -0.029594
v -0.308702 -0.155517 -0.034311
v -0.309504 -0.159571 -0.038400
v -0.310427 -0.164234 -0.041749
v -0.311444 -0.169377 -0.044264
v -0.312529 -0.174857 -0.045877
v -0.313650 -0.180523 -0.046543
v -0.314777 -0.186219 -0.046243
v -0.315878 -0.191788 -0.044986
v -0.316925 -0.197076 -0.042807
v -0.323006 -0.227811 -0.019947
v -0.322923 -0.227393 -0.019856
v -0.322845 -0.226997 -0.019692
v -0.322773 -0.226635 -0.019460
v -0.322710 -0.226318 -0.019168
v -0.322658 -0.226056 -0.018824
v -0.322619 -0.225855 -0.018439
v -0.322593 -0.225724 -0.018024
v -0.322581 -0.225665 -0.017593
v -0.322584 -0.225681 -0.017157
v -0.322602 -0.225771 -0.016731
v -0.322634 -0.225931 -0.016327
v -0.322679 -0.226159 -0.015958
v -0.322735 -0.226445 -0.015635
v -0.322802 -0.226783 -0.015367
v -0.322877 -0.227160 -0.015163
v -0.322957 -0.227567 -0.015029
v -0.323041 -0.227991 -0.014969
v -0.323126 -0.228418 -0.014985
v -0.330075 -0.226413 -0.019947
v -0.330195 -0.227019 -0.014985
v -0.330110 -0.226592 -0.014969
v -0.330027 -0.226169 -0.015029
v -0.329946 -0.225762 -0.015163
v -0.329871 -0.225384 -0.015367
v -0.329805 -0.225047 -0.015635
v -0.329748 -0.224760 -0.015958
v -0.329703 -0.224533 -0.016327
v -0.329671 -0.224372 -0.016731
v -0.329653 -0.224282 -0.017157
v -0.329650 -0.224267 -0.017593
v -0.329662 -0.224325 -0.018024
v -0.329688 -0.224457 -0.018439
v -0.329728 -0.224657 -0.018824
v -0.329779 -0.224919 -0.019168
v -0.329842 -0.225237 -0.019460
v -0.329914 -0.225599 -0.019692
v -0.329992 -0.225995 -0.019856
v -0.343797 -0.332896 -0.033292
v -0.323006 -0.227811 -0.019947
v -0.350866 -0.331498 -0.033292
v -0.330075 -0.226413 -0.019947
v -0.343917 -0.333503 -0.028331
v -0.343999 -0.333921 -0.028422
v -0.344078 -0.334317 -0.028586
v -0.344149 -0.334679 -0.028818
v -0.344212 -0.334996 -0.029110
v -0.344264 -0.335259 -0.029454
v -0.344304 -0.335459 -0.029839
v -0.344330 -0.335590 -0.030253
v -0.344341 -0.335649 -0.030685
v -0.344338 -0.335633 -0.031121
v -0.350986 -0.332104 -0.028331
v -0.351407 -0.334235 -0.031121
v -0.351411 -0.334250 -0.030685
v -0.351399 -0.334192 -0.030253
v -0.351373 -0.334060 -0.029839
v -0.351333 -0.333860 -0.029454
v -0.351281 -0.333598 -0.029110
v -0.351219 -0.333280 -0.028818
v -0.351147 -0.332918 -0.028586
v -0.351069 -0.332522 -0.028422
v -0.323126 -0.228418 -0.014985
v -0.343917 -0.333503 -0.028331
v -0.330195 -0.227019 -0.014985
v -0.350986 -0.332104 -0.028331
v -0.322738 -0.226458 -0.033254
v -0.343476 -0.331274 -0.046565
v -0.329807 -0.225059 -0.033254
v -0.350545 -0.329876 -0.046565
v -0.323500 -0.230308 -0.001747
v -0.330569 -0.228910 -0.001747
v -0.351307 -0.333726 -0.015058
v -0.344238 -0.335125 -0.015058
v -0.323500 -0.230308 -0.001747
v -0.322494 -0.225225 -0.000698
v -0.321531 -0.220356 0.001121
v -0.320631 -0.215811 0.003668
v -0.319817 -0.211696 0.006885
v -0.319107 -0.208104 0.010699
v -0.330569 -0.228910 -0.001747
v -0.326176 -0.206705 0.010699
v -0.326886 -0.210297 0.006885
v -0.327701 -0.214412 0.003668
v -0.328600 -0.218957 0.001121
v -0.329563 -0.223826 -0.000698
v -0.317886 -0.201937 -0.039766
v -0.318757 -0.206337 -0.036967
v -0.319699 -0.211100 -0.034877
v -0.320692 -0.216119 -0.033544
v -0.321713 -0.221278 -0.032999
v -0.322738 -0.226458 -0.033254
v -0.324956 -0.200538 -0.039766
v -0.329807 -0.225059 -0.033254
v -0.328782 -0.219879 -0.032999
v -0.327762 -0.214720 -0.033544
v -0.326769 -0.209702 -0.034877
v -0.325826 -0.204938 -0.036967
v -0.353984 -0.347255 -0.032774
v -0.346914 -0.348653 -0.032774
v -0.353871 -0.346686 -0.035480
v -0.353669 -0.345664 -0.038044
v -0.353383 -0.344222 -0.040388
v -0.353023 -0.342402 -0.042441
v -0.352600 -0.340260 -0.044141
v -0.352125 -0.337860 -0.045435
v -0.351614 -0.335277 -0.046286
v -0.351082 -0.332588 -0.046666
v -0.350545 -0.329876 -0.046565
v -0.343476 -0.331274 -0.046565
v -0.344013 -0.333987 -0.046666
v -0.344545 -0.336676 -0.046286
v -0.345056 -0.339259 -0.045435
v -0.345530 -0.341658 -0.044141
v -0.345954 -0.343800 -0.042441
v -0.346314 -0.345620 -0.040388
v -0.346600 -0.347063 -0.038044
v -0.346802 -0.348084 -0.035480
v -0.351307 -0.333726 -0.015058
v -0.344238 -0.335125 -0.015058
v -0.351832 -0.336380 -0.015638
v -0.352330 -0.338896 -0.016679
v -0.352785 -0.341195 -0.018150
v -0.353183 -0.343209 -0.020005
v -0.353513 -0.344877 -0.022189
v -0.353764 -0.346147 -0.024634
v -0.353929 -0.346981 -0.027268
v -0.354003 -0.347354 -0.030009
v -0.353984 -0.347255 -0.032774
v -0.346914 -0.348653 -0.032774
v -0.346934 -0.348753 -0.030009
v -0.346860 -0.348380 -0.027268
v -0.346695 -0.347545 -0.024634
v -0.346444 -0.346275 -0.022189
v -0.346114 -0.344608 -0.020005
v -0.345715 -0.342594 -0.018150
v -0.345260 -0.340294 -0.016679
v -0.344763 -0.337779 -0.015638
v -0.313560 -0.180067 -0.024163
v -0.313139 -0.177944 -0.023699
v -0.312741 -0.175932 -0.022866
v -0.312377 -0.174092 -0.021689
v -0.312059 -0.172481 -0.020205
v -0.311795 -0.171147 -0.018458
v -0.311594 -0.170131 -0.016502
v -0.311462 -0.169464 -0.014395
v -0.311403 -0.169165 -0.012202
v -0.311418 -0.169245 -0.009990
v -0.316310 -0.193971 -0.013130
v -0.316220 -0.193515 -0.015295
v -0.316059 -0.192698 -0.017346
v -0.315830 -0.191544 -0.019221
v -0.315542 -0.190088 -0.020864
v -0.315203 -0.188375 -0.022223
v -0.314823 -0.186455 -0.023259
v -0.314415 -0.184389 -0.023940
v -0.313989 -0.182238 -0.024244
v -0.323380 -0.192572 -0.013130
v -0.320629 -0.178669 -0.024163
v -0.321058 -0.180839 -0.024244
v -0.321484 -0.182990 -0.023940
v -0.321893 -0.185057 -0.023259
v -0.322272 -0.186976 -0.022223
v -0.322611 -0.188690 -0.020864
v -0.322899 -0.190146 -0.019221
v -0.323128 -0.191300 -0.017346
v -0.323289 -0.192117 -0.015295
v -0.318488 -0.167846 -0.009990
v -0.318472 -0.167766 -0.012202
v -0.318531 -0.168065 -0.014395
v -0.318663 -0.168732 -0.016502
v -0.318864 -0.169748 -0.018458
v -0.319128 -0.171082 -0.020205
v -0.319447 -0.172694 -0.021689
v -0.319811 -0.174533 -0.022866
v -0.320209 -0.176545 -0.023699
v -0.321009 -0.178544 -0.024557
v -0.320575 -0.176354 -0.024078
v -0.320165 -0.174279 -0.023219
v -0.319789 -0.172382 -0.022006
v -0.319461 -0.170720 -0.020475
v -0.319189 -0.169345 -0.018674
v -0.318981 -0.168297 -0.016656
v -0.318845 -0.167608 -0.014484
v -0.318784 -0.167301 -0.012222
v -0.318800 -0.167383 -0.009941
v -0.318893 -0.167852 -0.007709
v -0.319060 -0.168695 -0.005594
v -0.319295 -0.169885 -0.003660
v -0.319593 -0.171386 -0.001966
v -0.319942 -0.173154 -0.000564
v -0.320334 -0.175133 0.000505
v -0.320755 -0.177264 0.001206
v -0.321194 -0.179482 0.001520
v -0.321637 -0.181720 0.001436
v -0.321238 -0.181749 0.001042
v -0.320809 -0.179579 0.001124
v -0.320383 -0.177428 0.000819
v -0.319974 -0.175361 0.000139
v -0.319595 -0.173442 -0.000897
v -0.319256 -0.171728 -0.002257
v -0.318968 -0.170272 -0.003899
v -0.318739 -0.169118 -0.005774
v -0.318578 -0.168301 -0.007826
v -0.318488 -0.167846 -0.009990
v -0.318472 -0.167766 -0.012202
v -0.318531 -0.168065 -0.014395
v -0.318663 -0.168732 -0.016502
v -0.318864 -0.169748 -0.018458
v -0.319128 -0.171082 -0.020205
v -0.319447 -0.172694 -0.021689
v -0.319811 -0.174533 -0.022866
v -0.320209 -0.176545 -0.023699
v -0.320629 -0.178669 -0.024163
v -0.313789 -0.183273 0.001436
v -0.313346 -0.181035 0.001520
v -0.312908 -0.178817 0.001206
v -0.312486 -0.176686 0.000505
v -0.312094 -0.174706 -0.000564
v -0.311745 -0.172939 -0.001966
v -0.311448 -0.171438 -0.003660
v -0.311212 -0.170248 -0.005594
v -0.311045 -0.169405 -0.007709
v -0.310953 -0.168935 -0.009941
v -0.310936 -0.168853 -0.012222
v -0.310997 -0.169161 -0.014484
v -0.311133 -0.169849 -0.016656
v -0.311341 -0.170897 -0.018674
v -0.311613 -0.172273 -0.020475
v -0.311942 -0.173935 -0.022006
v -0.312317 -0.175832 -0.023219
v -0.312727 -0.177907 -0.024078
v -0.313161 -0.180096 -0.024557
v -0.313560 -0.180067 -0.024163
v -0.313139 -0.177944 -0.023699
v -0.312741 -0.175932 -0.022866
v -0.312377 -0.174092 -0.021689
v -0.312059 -0.172481 -0.020205
v -0.311795 -0.171147 -0.018458
v -0.311594 -0.170131 -0.016502
v -0.311462 -0.169464 -0.014395
v -0.311403 -0.169165 -0.012202
v -0.311418 -0.169245 -0.009990
v -0.311508 -0.169700 -0.007826
v -0.311670 -0.170517 -0.005774
v -0.311898 -0.171671 -0.003899
v -0.312186 -0.173127 -0.002257
v -0.312525 -0.174841 -0.000897
v -0.312905 -0.176760 0.000139
v -0.313314 -0.178827 0.000819
v -0.313740 -0.180978 0.001124
v -0.314169 -0.183148 0.001042
v -0.330195 -0.227019 -0.014985
v -0.330110 -0.226592 -0.014969
v -0.330027 -0.226169 -0.015029
v -0.329946 -0.225762 -0.015163
v -0.329871 -0.225384 -0.015367
v -0.329805 -0.225047 -0.015635
v -0.329748 -0.224760 -0.015958
v -0.329703 -0.224533 -0.016327
v -0.329671 -0.224372 -0.016731
v -0.329653 -0.224282 -0.017157
v -0.329650 -0.224267 -0.017593
v -0.329662 -0.224325 -0.018024
v -0.329688 -0.224457 -0.018439
v -0.329728 -0.224657 -0.018824
v -0.329779 -0.224919 -0.019168
v -0.329842 -0.225237 -0.019460
v -0.329914 -0.225599 -0.019692
v -0.329992 -0.225995 -0.019856
v -0.330075 -0.226413 -0.019947
v -0.330455 -0.226288 -0.020341
v -0.330359 -0.225803 -0.020235
v -0.330268 -0.225344 -0.020045
v -0.330185 -0.224925 -0.019777
v -0.330112 -0.224557 -0.019438
v -0.330052 -0.224253 -0.019040
v -0.330006 -0.224021 -0.018593
v -0.329976 -0.223869 -0.018113
v -0.329963 -0.223801 -0.017613
v -0.329966 -0.223819 -0.017108
v -0.329987 -0.223923 -0.016614
v -0.330024 -0.224109 -0.016147
v -0.330076 -0.224372 -0.015719
v -0.330142 -0.224705 -0.015344
v -0.330219 -0.225095 -0.015034
v -0.330305 -0.225533 -0.014798
v -0.330399 -0.226005 -0.014642
v -0.330496 -0.226495 -0.014573
v -0.330594 -0.226990 -0.014592
v -0.330075 -0.226413 -0.019947
v -0.350866 -0.331498 -0.033292
v -0.351246 -0.331373 -0.033686
v -0.330455 -0.226288 -0.020341
v -0.330594 -0.226990 -0.014592
v -0.351385 -0.332075 -0.027937
v -0.350986 -0.332104 -0.028331
v -0.330195 -0.227019 -0.014985
v -0.350866 -0.331498 -0.033292
v -0.350951 -0.331925 -0.033308
v -0.351034 -0.332348 -0.033248
v -0.351115 -0.332755 -0.033114
v -0.351190 -0.333133 -0.032911
v -0.351256 -0.333470 -0.032643
v -0.351313 -0.333757 -0.032320
v -0.351358 -0.333984 -0.031950
v -0.351390 -0.334145 -0.031547
v -0.351407 -0.334235 -0.031121
v -0.351411 -0.334250 -0.030685
v -0.351399 -0.334192 -0.030253
v -0.351373 -0.334060 -0.029839
v -0.351333 -0.333860 -0.029454
v -0.351281 -0.333598 -0.029110
v -0.351219 -0.333280 -0.028818
v -0.351147 -0.332918 -0.028586
v -0.351069 -0.332522 -0.028422
v -0.350986 -0.332104 -0.028331
v -0.351385 -0.332075 -0.027937
v -0.351481 -0.332560 -0.028043
v -0.351571 -0.333019 -0.028233
v -0.351654 -0.333438 -0.028501
v -0.351727 -0.333806 -0.028840
v -0.351787 -0.334110 -0.029238
v -0.351833 -0.334342 -0.029684
v -0.351863 -0.334494 -0.030165
v -0.351877 -0.334562 -0.030665
v -0.351873 -0.334544 -0.031170
v -0.351853 -0.334440 -0.031663
v -0.351816 -0.334254 -0.032131
v -0.351764 -0.333990 -0.032559
v -0.351698 -0.333658 -0.032934
v -0.351621 -0.333267 -0.033244
v -0.351534 -0.332830 -0.033480
v -0.351441 -0.332358 -0.033635
v -0.351344 -0.331868 -0.033705
v -0.351246 -0.331373 -0.033686
v -0.323006 -0.227811 -0.019947
v -0.322923 -0.227393 -0.019856
v -0.322845 -0.226997 -0.019692
v -0.322773 -0.226635 -0.019460
v -0.322710 -0.226318 -0.019168
v -0.322658 -0.226056 -0.018824
v -0.322619 -0.225855 -0.018439
v -0.322593 -0.225724 -0.018024
v -0.322581 -0.225665 -0.017593
v -0.322584 -0.225681 -0.017157
v -0.322602 -0.225771 -0.016731
v -0.322634 -0.225931 -0.016327
v -0.322679 -0.226159 -0.015958
v -0.322735 -0.226445 -0.015635
v -0.322802 -0.226783 -0.015367
v -0.322877 -0.227160 -0.015163
v -0.322957 -0.227567 -0.015029
v -0.323041 -0.227991 -0.014969
v -0.323126 -0.228418 -0.014985
v -0.322746 -0.228543 -0.014592
v -0.322648 -0.228048 -0.014573
v -0.322551 -0.227557 -0.014642
v -0.322458 -0.227086 -0.014798
v -0.322371 -0.226648 -0.015034
v -0.322294 -0.226257 -0.015344
v -0.322228 -0.225925 -0.015719
v -0.322176 -0.225662 -0.016147
v -0.322139 -0.225476 -0.016614
v -0.322118 -0.225372 -0.017108
v -0.322115 -0.225354 -0.017613
v -0.322128 -0.225422 -0.018113
v -0.322158 -0.225574 -0.018593
v -0.322204 -0.225806 -0.019040
v -0.322265 -0.226110 -0.019438
v -0.322337 -0.226477 -0.019777
v -0.322420 -0.226897 -0.020045
v -0.322511 -0.227356 -0.020235
v -0.322607 -0.227840 -0.020341
v -0.323126 -0.228418 -0.014985
v -0.343917 -0.333503 -0.028331
v -0.343537 -0.333628 -0.027937
v -0.322746 -0.228543 -0.014592
v -0.322607 -0.227840 -0.020341
v -0.343398 -0.332925 -0.033686
v -0.343797 -0.332896 -0.033292
v -0.323006 -0.227811 -0.019947
v -0.343917 -0.333503 -0.028331
v -0.343999 -0.333921 -0.028422
v -0.344078 -0.334317 -0.028586
v -0.344149 -0.334679 -0.028818
v -0.344212 -0.334996 -0.029110
v -0.344264 -0.335259 -0.029454
v -0.344304 -0.335459 -0.029839
v -0.344330 -0.335590 -0.030253
v -0.344341 -0.335649 -0.030685
v -0.344338 -0.335633 -0.031121
v -0.344321 -0.335544 -0.031547
v -0.344289 -0.335383 -0.031950
v -0.344244 -0.335156 -0.032320
v -0.344187 -0.334869 -0.032643
v -0.344120 -0.334532 -0.032911
v -0.344046 -0.334154 -0.033114
v -0.343965 -0.333747 -0.033248
v -0.343881 -0.333324 -0.033308
v -0.343797 -0.332896 -0.033292
v -0.343398 -0.332925 -0.033686
v -0.343496 -0.333420 -0.033705
v -0.343593 -0.333911 -0.033635
v -0.343686 -0.334382 -0.033480
v -0.343773 -0.334820 -0.033244
v -0.343850 -0.335211 -0.032934
v -0.343916 -0.335543 -0.032559
v -0.343968 -0.335806 -0.032131
v -0.344005 -0.335993 -0.031663
v -0.344025 -0.336097 -0.031170
v -0.344029 -0.336115 -0.030665
v -0.344016 -0.336047 -0.030165
v -0.343985 -0.335894 -0.029684
v -0.343940 -0.335663 -0.029238
v -0.343879 -0.335358 -0.028840
v -0.343807 -0.334991 -0.028501
v -0.343724 -0.334571 -0.028233
v -0.343633 -0.334112 -0.028043
v -0.343537 -0.333628 -0.027937
v -0.320493 -0.175936 -0.045898
v -0.320094 -0.175964 -0.046292
v -0.314658 -0.146447 -0.007282
v -0.314615 -0.146230 -0.013310
v -0.314776 -0.147043 -0.019284
v -0.315136 -0.148862 -0.025024
v -0.315684 -0.151631 -0.030355
v -0.316403 -0.155265 -0.035115
v -0.317272 -0.159655 -0.039159
v -0.318263 -0.164668 -0.042364
v -0.319348 -0.170150 -0.044633
v -0.314193 -0.146138 -0.007233
v -0.318936 -0.170113 -0.045013
v -0.317839 -0.164567 -0.042717
v -0.316836 -0.159498 -0.039475
v -0.315957 -0.155057 -0.035385
v -0.315230 -0.151381 -0.030571
v -0.314676 -0.148580 -0.025179
v -0.314312 -0.146741 -0.019373
v -0.314149 -0.145919 -0.013330
v -0.325299 -0.200231 -0.039446
v -0.326180 -0.204680 -0.036615
v -0.327133 -0.209498 -0.034502
v -0.328137 -0.214574 -0.033154
v -0.329169 -0.219791 -0.032602
v -0.330206 -0.225030 -0.032860
v -0.329807 -0.225059 -0.033254
v -0.328782 -0.219879 -0.032999
v -0.327762 -0.214720 -0.033544
v -0.326769 -0.209702 -0.034877
v -0.325826 -0.204938 -0.036967
v -0.324956 -0.200538 -0.039766
v -0.314193 -0.146138 -0.007233
v -0.314658 -0.146447 -0.007282
v -0.326506 -0.206328 0.010446
v -0.325727 -0.202393 0.014564
v -0.324827 -0.197843 0.017960
v -0.323830 -0.192805 0.020541
v -0.322764 -0.187417 0.022237
v -0.321658 -0.181827 0.023000
v -0.320543 -0.176191 0.022809
v -0.319450 -0.170664 0.021670
v -0.318408 -0.165398 0.019614
v -0.317446 -0.160539 0.016697
v -0.316592 -0.156220 0.013001
v -0.315868 -0.152562 0.008627
v -0.315295 -0.149664 0.003695
v -0.314888 -0.147607 -0.001657
v -0.326176 -0.206705 0.010699
v -0.314425 -0.147311 -0.001543
v -0.314836 -0.149391 0.003870
v -0.315416 -0.152323 0.008858
v -0.316148 -0.156023 0.013282
v -0.317013 -0.160391 0.017021
v -0.317985 -0.165306 0.019971
v -0.319039 -0.170633 0.022051
v -0.320145 -0.176223 0.023203
v -0.321273 -0.181924 0.023396
v -0.322391 -0.187577 0.022624
v -0.323470 -0.193027 0.020909
v -0.324478 -0.198123 0.018298
v -0.325388 -0.202725 0.014863
v -0.330206 -0.225030 -0.032860
v -0.350944 -0.329847 -0.046171
v -0.350545 -0.329876 -0.046565
v -0.329807 -0.225059 -0.033254
v -0.326176 -0.206705 0.010699
v -0.326886 -0.210297 0.006885
v -0.327701 -0.214412 0.003668
v -0.328600 -0.218957 0.001121
v -0.329563 -0.223826 -0.000698
v -0.330569 -0.228910 -0.001747
v -0.330949 -0.228784 -0.002141
v -0.329932 -0.223644 -0.001080
v -0.328957 -0.218719 0.000759
v -0.328048 -0.214122 0.003336
v -0.327224 -0.209960 0.006589
v -0.326506 -0.206328 0.010446
v -0.350944 -0.329847 -0.046171
v -0.350545 -0.329876 -0.046565
v -0.353984 -0.347255 -0.032774
v -0.353871 -0.346686 -0.035480
v -0.353669 -0.345664 -0.038044
v -0.353383 -0.344222 -0.040388
v -0.353023 -0.342402 -0.042441
v -0.352600 -0.340260 -0.044141
v -0.352125 -0.337860 -0.045435
v -0.351614 -0.335277 -0.046286
v -0.351082 -0.332588 -0.046666
v -0.354296 -0.346791 -0.032725
v -0.351467 -0.332492 -0.046270
v -0.351986 -0.335113 -0.045899
v -0.352484 -0.337632 -0.045070
v -0.352947 -0.339971 -0.043807
v -0.353360 -0.342060 -0.042150
v -0.353711 -0.343834 -0.040148
v -0.353990 -0.345241 -0.037863
v -0.354187 -0.346236 -0.035363
v -0.330569 -0.228910 -0.001747
v -0.330949 -0.228784 -0.002141
v -0.351687 -0.333601 -0.015452
v -0.351307 -0.333726 -0.015058
v -0.354296 -0.346791 -0.032725
v -0.353984 -0.347255 -0.032774
v -0.351307 -0.333726 -0.015058
v -0.351832 -0.336380 -0.015638
v -0.352330 -0.338896 -0.016679
v -0.352785 -0.341195 -0.018150
v -0.353183 -0.343209 -0.020005
v -0.353513 -0.344877 -0.022189
v -0.353764 -0.346147 -0.024634
v -0.353929 -0.346981 -0.027268
v -0.354003 -0.347354 -0.030009
v -0.351687 -0.333601 -0.015452
v -0.354316 -0.346888 -0.030029
v -0.354244 -0.346525 -0.027356
v -0.354083 -0.345711 -0.024789
v -0.353838 -0.344473 -0.022404
v -0.353516 -0.342847 -0.020275
v -0.353127 -0.340883 -0.018467
v -0.352684 -0.338641 -0.017033
v -0.352199 -0.336189 -0.016018
v -0.317886 -0.201937 -0.039766
v -0.317451 -0.201783 -0.039446
v -0.307123 -0.147537 -0.007233
v -0.307077 -0.147304 -0.013043
v -0.307219 -0.148018 -0.018811
v -0.307543 -0.149659 -0.024380
v -0.308042 -0.152182 -0.029594
v -0.308702 -0.155517 -0.034311
v -0.309504 -0.159571 -0.038400
v -0.310427 -0.164234 -0.041749
v -0.311444 -0.169377 -0.044264
v -0.312529 -0.174857 -0.045877
v -0.313650 -0.180523 -0.046543
v -0.314777 -0.186219 -0.046243
v -0.315878 -0.191788 -0.044986
v -0.316925 -0.197076 -0.042807
v -0.306810 -0.148000 -0.007282
v -0.316501 -0.196977 -0.042453
v -0.315466 -0.191749 -0.044607
v -0.314377 -0.186244 -0.045850
v -0.313263 -0.180612 -0.046146
v -0.312154 -0.175010 -0.045488
v -0.311083 -0.169592 -0.043893
v -0.310077 -0.164508 -0.041406
v -0.309165 -0.159898 -0.038096
v -0.308371 -0.155890 -0.034053
v -0.307719 -0.152593 -0.029390
v -0.307226 -0.150098 -0.024234
v -0.306905 -0.148476 -0.018729
v -0.306765 -0.147770 -0.013026
v -0.314305 -0.185881 0.022778
v -0.314704 -0.185852 0.023171
v -0.306810 -0.148000 -0.007282
v -0.307056 -0.149240 -0.001385
v -0.307496 -0.151467 0.004204
v -0.308118 -0.154611 0.009313
v -0.308903 -0.158578 0.013789
v -0.309827 -0.163247 0.017494
v -0.310862 -0.168477 0.020316
v -0.311976 -0.174107 0.022170
v -0.313135 -0.179968 0.022999
v -0.307123 -0.147537 -0.007233
v -0.313521 -0.179871 0.023395
v -0.312348 -0.173943 0.022557
v -0.311221 -0.168248 0.020682
v -0.310175 -0.162959 0.017827
v -0.309240 -0.158236 0.014079
v -0.308446 -0.154224 0.009553
v -0.307817 -0.151043 0.004385
v -0.307372 -0.148791 -0.001268
v -0.317886 -0.201937 -0.039766
v -0.318757 -0.206337 -0.036967
v -0.319699 -0.211100 -0.034877
v -0.320692 -0.216119 -0.033544
v -0.321713 -0.221278 -0.032999
v -0.322738 -0.226458 -0.033254
v -0.322358 -0.226583 -0.032860
v -0.321322 -0.221344 -0.032602
v -0.320289 -0.216127 -0.033154
v -0.319285 -0.211051 -0.034502
v -0.318332 -0.206233 -0.036615
v -0.317451 -0.201783 -0.039446
v -0.318658 -0.207881 0.010446
v -0.319377 -0.211513 0.006589
v -0.320200 -0.215675 0.003336
v -0.321109 -0.220271 0.000759
v -0.322084 -0.225196 -0.001080
v -0.323101 -0.230337 -0.002141
v -0.323500 -0.230308 -0.001747
v -0.322494 -0.225225 -0.000698
v -0.321531 -0.220356 0.001121
v -0.320631 -0.215811 0.003668
v -0.319817 -0.211696 0.006885
v -0.319107 -0.208104 0.010699
v -0.322738 -0.226458 -0.033254
v -0.343476 -0.331274 -0.046565
v -0.343096 -0.331400 -0.046171
v -0.322358 -0.226583 -0.032860
v -0.323101 -0.230337 -0.002141
v -0.323500 -0.230308 -0.001747
v -0.344238 -0.335125 -0.015058
v -0.343839 -0.335154 -0.015452
v -0.343476 -0.331274 -0.046565
v -0.343096 -0.331400 -0.046171
v -0.346449 -0.348344 -0.032725
v -0.346339 -0.347789 -0.035363
v -0.346142 -0.346793 -0.037863
v -0.345863 -0.345387 -0.040148
v -0.345512 -0.343612 -0.042150
v -0.345099 -0.341524 -0.043807
v -0.344636 -0.339185 -0.045070
v -0.344138 -0.336666 -0.045899
v -0.343619 -0.334044 -0.046270
v -0.346914 -0.348653 -0.032774
v -0.344013 -0.333987 -0.046666
v -0.344545 -0.336676 -0.046286
v -0.345056 -0.339259 -0.045435
v -0.345530 -0.341658 -0.044141
v -0.345954 -0.343800 -0.042441
v -0.346314 -0.345620 -0.040388
v -0.346600 -0.347063 -0.038044
v -0.346802 -0.348084 -0.035480
v -0.343839 -0.335154 -0.015452
v -0.344238 -0.335125 -0.015058
v -0.346914 -0.348653 -0.032774
v -0.346934 -0.348753 -0.030009
v -0.346860 -0.348380 -0.027268
v -0.346695 -0.347545 -0.024634
v -0.346444 -0.346275 -0.022189
v -0.346114 -0.344608 -0.020005
v -0.345715 -0.342594 -0.018150
v -0.345260 -0.340294 -0.016679
v -0.344763 -0.337779 -0.015638
v -0.346449 -0.348344 -0.032725
v -0.344351 -0.337742 -0.016018
v -0.344836 -0.340194 -0.017033
v -0.345280 -0.342436 -0.018467
v -0.345668 -0.344400 -0.020275
v -0.345990 -0.346025 -0.022404
v -0.346235 -0.347264 -0.024789
v -0.346396 -0.348077 -0.027356
v -0.346468 -0.348441 -0.030029
f 9 6 5
f 9 8 6
f 10 5 4
f 10 9 5
f 11 4 3
f 11 10 4
f 12 3 2
f 12 11 3
f 7 2 1
f 7 12 2
f 21 18 17
f 21 20 18
f 22 17 16
f 22 21 17
f 23 16 15
f 23 22 16
f 24 15 14
f 24 23 15
f 19 14 13
f 19 24 14
f 55 54 53
f 52 55 53
f 56 55 52
f 51 56 52
f 57 56 51
f 50 57 51
f 58 57 50
f 49 58 50
f 59 58 49
f 48 59 49
f 60 59 48
f 47 60 48
f 61 60 47
f 46 61 47
f 62 61 46
f 45 62 46
f 44 25 62
f 44 62 45
f 26 25 44
f 43 26 44
f 27 26 43
f 42 27 43
f 28 27 42
f 41 28 42
f 29 28 41
f 40 29 41
f 39 30 29
f 39 29 40
f 31 30 39
f 38 31 39
f 37 31 38
f 37 32 31
f 33 32 37
f 36 33 37
f 35 34 33
f 35 33 36
f 93 92 91
f 90 93 91
f 94 93 90
f 89 94 90
f 95 94 89
f 88 95 89
f 96 95 88
f 87 96 88
f 97 96 87
f 86 97 87
f 98 97 86
f 85 98 86
f 99 98 85
f 84 99 85
f 100 99 84
f 83 100 84
f 63 100 83
f 82 63 83
f 64 63 82
f 81 64 82
f 65 64 81
f 80 65 81
f 66 65 80
f 79 66 80
f 67 66 79
f 78 67 79
f 77 68 67
f 77 67 78
f 76 69 68
f 76 68 77
f 70 69 76
f 75 70 76
f 74 71 70
f 74 70 75
f 73 72 71
f 73 71 74
f 113 121 112
f 113 130 121
f 114 129 130
f 114 130 113
f 115 128 129
f 115 129 114
f 116 127 128
f 116 128 115
f 117 126 127
f 117 127 116
f 118 125 126
f 118 126 117
f 119 124 125
f 119 125 118
f 120 123 124
f 120 124 119
f 103 122 123
f 103 123 120
f 104 138 122
f 104 122 103
f 105 137 138
f 105 138 104
f 106 136 137
f 106 137 105
f 107 135 136
f 107 136 106
f 108 134 135
f 108 135 107
f 109 134 108
f 109 133 134
f 110 133 109
f 110 132 133
f 111 132 110
f 111 131 132
f 102 131 111
f 102 101 131
f 142 150 141
f 142 158 150
f 143 157 158
f 143 158 142
f 144 156 157
f 144 157 143
f 145 155 156
f 145 156 144
f 146 154 155
f 146 155 145
f 147 153 154
f 147 154 146
f 148 152 153
f 148 153 147
f 149 139 151
f 149 151 152
f 149 152 148
f 140 139 149
f 197 180 179
f 197 181 180
f 197 182 181
f 198 183 182
f 198 184 183
f 198 182 197
f 199 161 162
f 199 162 163
f 199 163 164
f 199 179 161
f 199 197 179
f 200 185 184
f 200 184 198
f 201 164 165
f 201 165 166
f 201 198 197
f 201 199 164
f 201 197 199
f 202 185 200
f 202 186 185
f 202 187 186
f 203 166 167
f 203 200 198
f 203 201 166
f 203 198 201
f 203 202 200
f 204 188 187
f 204 189 188
f 204 187 202
f 205 167 168
f 205 168 169
f 205 202 203
f 205 203 167
f 206 190 189
f 206 191 190
f 206 189 204
f 207 169 170
f 207 170 171
f 207 204 202
f 207 202 205
f 207 205 169
f 208 192 191
f 208 193 192
f 208 191 206
f 209 171 172
f 209 172 173
f 209 207 171
f 209 204 207
f 209 206 204
f 210 194 193
f 210 193 208
f 211 210 208
f 211 173 174
f 211 174 175
f 211 208 206
f 211 206 209
f 211 209 173
f 212 194 210
f 212 195 194
f 212 196 195
f 212 159 196
f 213 211 175
f 213 210 211
f 213 175 176
f 214 160 159
f 214 210 213
f 214 176 177
f 214 177 178
f 214 178 160
f 214 213 176
f 214 212 210
f 214 159 212
f 218 235 217
f 218 236 235
f 219 237 236
f 219 238 237
f 219 236 218
f 220 238 219
f 221 239 238
f 221 238 220
f 222 240 239
f 222 241 240
f 222 239 221
f 223 241 222
f 224 242 241
f 224 243 242
f 224 241 223
f 225 243 224
f 226 244 243
f 226 243 225
f 227 245 244
f 227 246 245
f 227 244 226
f 228 247 246
f 228 246 227
f 229 247 228
f 230 248 247
f 230 247 229
f 231 249 248
f 231 248 230
f 232 249 231
f 232 250 249
f 232 251 250
f 233 251 232
f 234 251 233
f 234 252 251
f 216 252 234
f 216 215 252
f 291 274 273
f 291 275 274
f 291 276 275
f 292 277 276
f 292 278 277
f 292 276 291
f 293 255 256
f 293 256 257
f 293 257 258
f 293 273 255
f 293 291 273
f 294 279 278
f 294 278 292
f 295 258 259
f 295 259 260
f 295 292 291
f 295 293 258
f 295 291 293
f 296 279 294
f 296 280 279
f 296 281 280
f 297 260 261
f 297 294 292
f 297 295 260
f 297 292 295
f 298 282 281
f 298 283 282
f 298 281 296
f 299 294 297
f 299 261 262
f 299 262 263
f 299 296 294
f 299 297 261
f 300 284 283
f 300 285 284
f 300 283 298
f 301 263 264
f 301 264 265
f 301 296 299
f 301 299 263
f 301 298 296
f 302 286 285
f 302 287 286
f 302 285 300
f 303 298 301
f 303 265 266
f 303 266 267
f 303 301 265
f 303 302 300
f 303 300 298
f 304 288 287
f 304 287 302
f 305 302 303
f 305 267 268
f 305 268 269
f 305 303 267
f 306 288 304
f 306 289 288
f 306 290 289
f 306 253 290
f 307 269 270
f 307 305 269
f 307 302 305
f 307 304 302
f 308 254 253
f 308 307 270
f 308 270 271
f 308 271 272
f 308 272 254
f 308 304 307
f 308 306 304
f 308 253 306
f 312 329 311
f 312 330 329
f 313 331 330
f 313 330 312
f 314 332 331
f 314 331 313
f 315 333 332
f 315 334 333
f 315 332 314
f 316 334 315
f 317 335 334
f 317 336 335
f 317 334 316
f 318 336 317
f 319 337 336
f 319 336 318
f 320 338 337
f 320 337 319
f 321 339 338
f 321 338 320
f 322 340 339
f 322 341 340
f 322 339 321
f 323 341 322
f 324 342 341
f 324 343 342
f 324 341 323
f 325 343 324
f 326 343 325
f 326 344 343
f 327 344 326
f 327 345 344
f 328 345 327
f 328 346 345
f 328 309 346
f 310 309 328
f 385 368 367
f 385 369 368
f 385 370 369
f 386 371 370
f 386 372 371
f 386 370 385
f 387 349 350
f 387 350 351
f 387 351 352
f 387 367 349
f 387 385 367
f 388 373 372
f 388 372 386
f 389 352 353
f 389 353 354
f 389 386 385
f 389 387 352
f 389 385 387
f 390 373 388
f 390 374 373
f 390 375 374
f 391 354 355
f 391 388 386
f 391 389 354
f 391 386 389
f 392 376 375
f 392 377 376
f 392 375 390
f 393 388 391
f 393 355 356
f 393 356 357
f 393 390 388
f 393 391 355
f 394 378 377
f 394 379 378
f 394 377 392
f 395 357 358
f 395 358 359
f 395 390 393
f 395 393 357
f 395 392 390
f 396 380 379
f 396 381 380
f 396 379 394
f 397 392 395
f 397 359 360
f 397 360 361
f 397 395 359
f 397 396 394
f 397 394 392
f 398 382 381
f 398 381 396
f 399 396 397
f 399 361 362
f 399 362 363
f 399 397 361
f 400 382 398
f 400 383 382
f 400 384 383
f 400 347 384
f 401 363 364
f 401 399 363
f 401 396 399
f 401 398 396
f 402 348 347
f 402 401 364
f 402 364 365
f 402 365 366
f 402 366 348
f 402 398 401
f 402 400 398
f 402 347 400
f 406 423 405
f 406 424 423
f 407 425 424
f 407 424 406
f 408 426 425
f 408 425 407
f 409 427 426
f 409 428 427
f 409 426 408
f 410 428 409
f 411 429 428
f 411 430 429
f 411 428 410
f 412 430 411
f 413 431 430
f 413 430 412
f 414 432 431
f 414 431 413
f 415 433 432
f 415 432 414
f 416 434 433
f 416 435 434
f 416 433 415
f 417 435 416
f 418 436 435
f 418 437 436
f 418 435 417
f 419 437 418
f 420 437 419
f 420 438 437
f 421 438 420
f 421 439 438
f 422 439 421
f 422 440 439
f 422 403 440
f 404 403 422
f 479 462 461
f 479 463 462
f 479 464 463
f 480 465 464
f 480 466 465
f 480 464 479
f 481 443 444
f 481 444 445
f 481 445 446
f 481 461 443
f 481 479 461
f 482 467 466
f 482 466 480
f 483 446 447
f 483 447 448
f 483 480 479
f 483 481 446
f 483 479 481
f 484 467 482
f 484 468 467
f 484 469 468
f 485 448 449
f 485 482 480
f 485 483 448
f 485 480 483
f 486 470 469
f 486 471 470
f 486 469 484
f 487 482 485
f 487 449 450
f 487 450 451
f 487 484 482
f 487 485 449
f 487 486 484
f 488 472 471
f 488 473 472
f 488 471 486
f 489 451 452
f 489 452 453
f 489 487 451
f 489 486 487
f 490 474 473
f 490 475 474
f 490 473 488
f 491 453 454
f 491 454 455
f 491 489 453
f 491 490 488
f 491 486 489
f 491 488 486
f 492 476 475
f 492 475 490
f 493 455 456
f 493 456 457
f 493 490 491
f 493 491 455
f 494 476 492
f 494 477 476
f 494 478 477
f 494 441 478
f 495 457 458
f 495 490 493
f 495 492 490
f 495 493 457
f 496 442 441
f 496 495 458
f 496 458 459
f 496 459 460
f 496 460 442
f 496 492 495
f 496 494 492
f 496 441 494
f 500 517 499
f 500 518 517
f 501 519 518
f 501 520 519
f 501 518 500
f 502 520 501
f 503 521 520
f 503 520 502
f 504 522 521
f 504 523 522
f 504 521 503
f 505 523 504
f 506 524 523
f 506 525 524
f 506 523 505
f 507 525 506
f 508 526 525
f 508 525 507
f 509 527 526
f 509 528 527
f 509 526 508
f 510 529 528
f 510 528 509
f 511 529 510
f 512 530 529
f 512 529 511
f 513 531 530
f 513 530 512
f 514 531 513
f 514 532 531
f 514 533 532
f 515 533 514
f 516 533 515
f 516 534 533
f 498 534 516
f 498 497 534
f 573 556 555
f 573 557 556
f 573 558 557
f 574 559 558
f 574 560 559
f 574 558 573
f 575 537 538
f 575 538 539
f 575 539 540
f 575 555 537
f 575 573 555
f 576 561 560
f 576 560 574
f 577 540 541
f 577 541 542
f 577 574 573
f 577 575 540
f 577 573 575
f 578 561 576
f 578 562 561
f 578 563 562
f 579 542 543
f 579 577 542
f 579 574 577
f 579 576 574
f 580 564 563
f 580 565 564
f 580 563 578
f 581 576 579
f 581 543 544
f 581 544 545
f 581 578 576
f 581 579 543
f 581 580 578
f 582 566 565
f 582 567 566
f 582 565 580
f 583 545 546
f 583 546 547
f 583 581 545
f 583 580 581
f 584 568 567
f 584 569 568
f 584 567 582
f 585 583 547
f 585 547 548
f 585 548 549
f 585 580 583
f 585 584 582
f 585 582 580
f 586 570 569
f 586 569 584
f 587 584 585
f 587 549 550
f 587 550 551
f 587 585 549
f 588 570 586
f 588 571 570
f 588 572 571
f 588 535 572
f 589 587 551
f 589 584 587
f 589 551 552
f 589 586 584
f 590 536 535
f 590 552 553
f 590 553 554
f 590 554 536
f 590 589 552
f 590 586 589
f 590 588 586
f 590 535 588
f 594 611 593
f 594 612 611
f 595 613 612
f 595 614 613
f 595 612 594
f 596 614 595
f 597 615 614
f 597 614 596
f 598 616 615
f 598 617 616
f 598 615 597
f 599 617 598
f 600 618 617
f 600 617 599
f 601 619 618
f 601 620 619
f 601 618 600
f 602 620 601
f 603 621 620
f 603 622 621
f 603 620 602
f 604 623 622
f 604 622 603
f 605 623 604
f 606 624 623
f 606 623 605
f 607 625 624
f 607 624 606
f 608 625 607
f 608 626 625
f 609 626 608
f 609 627 626
f 609 628 627
f 610 628 609
f 592 628 610
f 592 591 628
f 667 649 631
f 667 650 649
f 667 651 650
f 667 652 651
f 668 653 652
f 668 654 653
f 668 652 667
f 669 631 632
f 669 632 633
f 669 633 634
f 669 667 631
f 670 655 654
f 670 654 668
f 671 634 635
f 671 635 636
f 671 668 667
f 671 669 634
f 671 667 669
f 672 655 670
f 672 656 655
f 672 657 656
f 673 636 637
f 673 671 636
f 673 668 671
f 673 670 668
f 674 658 657
f 674 659 658
f 674 657 672
f 675 670 673
f 675 637 638
f 675 638 639
f 675 672 670
f 675 673 637
f 675 674 672
f 676 660 659
f 676 661 660
f 676 659 674
f 677 639 640
f 677 640 641
f 677 675 639
f 677 674 675
f 678 662 661
f 678 663 662
f 678 661 676
f 679 674 677
f 679 677 641
f 679 641 642
f 679 642 643
f 679 678 676
f 679 676 674
f 680 664 663
f 680 663 678
f 681 678 679
f 681 643 644
f 681 644 645
f 681 679 643
f 682 664 680
f 682 665 664
f 682 666 665
f 682 629 666
f 683 681 645
f 683 678 681
f 683 645 646
f 683 680 678
f 684 630 629
f 684 646 647
f 684 647 648
f 684 648 630
f 684 683 646
f 684 680 683
f 684 682 680
f 684 629 682
f 688 705 687
f 688 706 705
f 689 707 706
f 689 708 707
f 689 706 688
f 690 708 689
f 691 709 708
f 691 708 690
f 692 710 709
f 692 711 710
f 692 709 691
f 693 711 692
f 694 712 711
f 694 711 693
f 695 713 712
f 695 714 713
f 695 712 694
f 696 714 695
f 697 715 714
f 697 716 715
f 697 714 696
f 698 717 716
f 698 716 697
f 699 717 698
f 700 718 717
f 700 717 699
f 701 719 718
f 701 718 700
f 702 719 701
f 702 720 719
f 703 720 702
f 703 721 720
f 703 722 721
f 704 722 703
f 686 722 704
f 686 685 722
f 851 776 777
f 850 777 778
f 850 851 777
f 852 775 776
f 852 776 851
f 849 850 778
f 848 778 779
f 848 779 780
f 848 849 778
f 853 774 775
f 853 775 852
f 847 848 780
f 847 780 763
f 854 773 774
f 854 774 853
f 836 772 773
f 836 773 854
f 846 847 763
f 845 763 764
f 845 846 763
f 844 764 765
f 844 765 766
f 844 845 764
f 843 844 766
f 842 766 767
f 842 843 766
f 768 840 841
f 768 841 842
f 768 842 767
f 769 840 768
f 770 840 769
f 770 838 839
f 770 839 840
f 771 838 770
f 762 837 838
f 762 838 771
f 728 772 836
f 817 728 836
f 818 728 817
f 819 727 728
f 819 728 818
f 820 727 819
f 821 727 820
f 822 726 727
f 822 727 821
f 823 726 822
f 824 726 823
f 1004 1003 724
f 1005 724 725
f 1005 1004 724
f 1002 724 1003
f 1006 1005 725
f 1001 723 724
f 1001 724 1002
f 1000 723 1001
f 1007 1006 725
f 1008 725 726
f 1008 1007 725
f 999 723 1000
f 1034 733 723
f 1034 723 999
f 1009 1008 726
f 1010 726 824
f 1010 1009 726
f 1033 733 1034
f 757 833 834
f 757 834 835
f 757 837 762
f 757 835 837
f 1032 732 733
f 1032 733 1033
f 1011 824 825
f 1011 1010 824
f 1012 825 826
f 1012 1011 825
f 1039 730 731
f 1040 1039 731
f 1038 730 1039
f 1041 1040 731
f 1037 729 730
f 1037 730 1038
f 1042 731 732
f 1042 1041 731
f 1043 1042 732
f 1036 729 1037
f 1044 1032 1031
f 1044 1043 732
f 1044 732 1032
f 1035 729 1036
f 758 830 831
f 758 831 832
f 758 832 833
f 758 833 757
f 1045 1044 1031
f 1070 729 1035
f 1046 1031 1030
f 1046 1045 1031
f 1069 742 729
f 1069 729 1070
f 1047 1030 1029
f 1047 1046 1030
f 1068 742 1069
f 1067 742 1068
f 1066 742 1067
f 741 742 1066
f 1065 741 1066
f 759 830 758
f 759 828 829
f 759 829 830
f 1064 741 1065
f 813 1027 1026
f 813 1028 1027
f 812 1026 1025
f 812 813 1026
f 812 1025 1024
f 1063 741 1064
f 814 1029 1028
f 814 1028 813
f 814 1048 1047
f 814 1047 1029
f 811 812 1024
f 811 1023 1022
f 811 1024 1023
f 815 1049 1048
f 815 1050 1049
f 815 1048 814
f 810 811 1022
f 810 1021 1020
f 810 1022 1021
f 816 1050 815
f 816 1051 1050
f 816 1052 1051
f 809 810 1020
f 809 1019 1018
f 809 1020 1019
f 968 826 827
f 968 1012 826
f 968 967 1013
f 968 1013 1012
f 966 1013 967
f 966 1014 1013
f 969 827 828
f 969 968 827
f 970 828 759
f 970 969 828
f 965 1014 966
f 965 1015 1014
f 965 1016 1015
f 964 1016 965
f 971 970 759
f 808 809 1018
f 808 1018 1017
f 781 1053 1052
f 781 1054 1053
f 781 1052 816
f 972 759 760
f 972 971 759
f 963 808 1017
f 963 1016 964
f 963 1017 1016
f 740 741 1063
f 740 1063 1062
f 973 972 760
f 998 808 963
f 974 973 760
f 782 1055 1054
f 782 1056 1055
f 782 1054 781
f 807 998 997
f 807 808 998
f 996 807 997
f 975 974 760
f 783 1056 782
f 783 1057 1056
f 783 1058 1057
f 806 996 995
f 806 807 996
f 994 806 995
f 761 976 975
f 761 977 976
f 761 978 977
f 761 975 760
f 979 978 761
f 784 1059 1058
f 784 1058 783
f 805 806 994
f 805 993 992
f 805 994 993
f 804 805 992
f 804 991 990
f 804 992 991
f 743 979 761
f 743 980 979
f 743 981 980
f 743 982 981
f 859 1062 1061
f 860 859 1061
f 860 1060 1059
f 860 1061 1060
f 803 804 990
f 803 989 988
f 803 990 989
f 861 1059 784
f 861 860 1059
f 858 740 1062
f 858 1062 859
f 857 739 740
f 857 740 858
f 862 861 784
f 862 784 785
f 856 739 857
f 863 862 785
f 855 739 856
f 864 785 786
f 864 863 785
f 865 864 786
f 890 738 739
f 890 739 855
f 802 803 988
f 802 988 987
f 866 786 787
f 866 865 786
f 889 738 890
f 867 866 787
f 888 738 889
f 868 867 787
f 887 738 888
f 788 868 787
f 869 868 788
f 744 982 743
f 744 983 982
f 744 984 983
f 870 869 788
f 789 870 788
f 871 870 789
f 872 871 789
f 737 884 883
f 737 885 884
f 737 886 885
f 737 887 886
f 737 738 887
f 790 872 789
f 790 873 872
f 932 931 801
f 932 801 802
f 930 801 931
f 930 800 801
f 933 932 802
f 933 802 987
f 929 800 930
f 934 986 985
f 934 987 986
f 934 933 987
f 928 800 929
f 928 799 800
f 935 934 985
f 935 985 984
f 927 799 928
f 936 984 744
f 936 744 745
f 936 935 984
f 937 936 745
f 962 799 927
f 962 798 799
f 938 937 745
f 961 798 962
f 939 938 745
f 960 797 798
f 960 798 961
f 736 737 883
f 736 881 880
f 736 882 881
f 736 883 882
f 959 797 960
f 958 797 959
f 958 796 797
f 896 895 792
f 896 792 793
f 957 796 958
f 897 896 793
f 894 792 895
f 894 791 792
f 893 791 894
f 898 897 793
f 898 793 794
f 746 940 939
f 746 941 940
f 746 942 941
f 746 939 745
f 892 791 893
f 892 790 791
f 899 898 794
f 891 873 790
f 891 790 892
f 900 899 794
f 900 794 795
f 901 900 795
f 926 873 891
f 926 874 873
f 925 874 926
f 925 875 874
f 925 876 875
f 902 901 795
f 902 795 796
f 735 736 880
f 735 878 877
f 735 879 878
f 735 880 879
f 903 796 957
f 903 902 796
f 924 876 925
f 904 956 955
f 904 957 956
f 904 903 957
f 905 904 955
f 747 943 942
f 747 944 943
f 747 945 944
f 747 942 746
f 906 955 954
f 906 905 955
f 734 876 924
f 734 735 877
f 734 877 876
f 734 924 923
f 748 946 945
f 748 947 946
f 748 948 947
f 748 945 747
f 756 734 923
f 756 921 920
f 756 922 921
f 756 923 922
f 749 949 948
f 749 950 949
f 749 951 950
f 749 948 748
f 755 756 920
f 755 918 917
f 755 919 918
f 755 920 919
f 750 951 749
f 750 952 951
f 750 953 952
f 754 755 917
f 754 915 914
f 754 916 915
f 754 917 916
f 751 954 953
f 751 906 954
f 751 907 906
f 751 908 907
f 751 953 750
f 753 754 914
f 753 912 911
f 753 913 912
f 753 914 913
f 752 753 911
f 752 908 751
f 752 909 908
f 752 910 909
f 752 911 910
f 1270 1102 1103
f 1271 1102 1270
f 1272 1102 1271
f 1269 1270 1103
f 1268 1269 1103
f 1273 1102 1272
f 1274 1101 1102
f 1274 1102 1273
f 1267 1103 1104
f 1267 1268 1103
f 1266 1267 1104
f 1239 1101 1274
f 1265 1266 1104
f 1240 1101 1239
f 1241 1100 1101
f 1241 1101 1240
f 1264 1265 1104
f 1263 1104 1105
f 1263 1264 1104
f 1242 1100 1241
f 1262 1263 1105
f 1261 1262 1105
f 1261 1105 1083
f 1260 1261 1083
f 1235 1098 1234
f 1236 1097 1098
f 1236 1098 1235
f 1233 1234 1098
f 1237 1097 1236
f 1232 1233 1098
f 1232 1098 1099
f 1238 1097 1237
f 1231 1232 1099
f 1230 1099 1100
f 1230 1231 1099
f 1230 1100 1242
f 1203 1096 1097
f 1203 1097 1238
f 1204 1096 1203
f 1229 1230 1242
f 1229 1242 1243
f 1205 1096 1204
f 1206 1096 1205
f 1207 1095 1096
f 1207 1096 1206
f 1208 1095 1207
f 1209 1095 1208
f 1210 1095 1209
f 1143 1245 1246
f 1143 1246 1247
f 1142 1247 1248
f 1142 1248 1249
f 1142 1249 1250
f 1142 1143 1247
f 1144 1227 1228
f 1144 1229 1243
f 1144 1228 1229
f 1144 1243 1244
f 1144 1244 1245
f 1144 1245 1143
f 1141 1142 1250
f 1141 1250 1251
f 1141 1251 1252
f 1094 1210 1211
f 1094 1211 1212
f 1094 1095 1210
f 1145 1225 1226
f 1145 1226 1227
f 1145 1227 1144
f 1140 1141 1252
f 1140 1252 1253
f 1140 1253 1254
f 1140 1254 1255
f 1146 1222 1223
f 1146 1223 1224
f 1146 1224 1225
f 1146 1225 1145
f 1139 1140 1255
f 1139 1255 1256
f 1139 1256 1257
f 1147 1220 1221
f 1147 1221 1222
f 1147 1222 1146
f 1138 1139 1257
f 1138 1257 1258
f 1138 1258 1259
f 1307 1083 1084
f 1307 1084 1306
f 1305 1306 1084
f 1308 1260 1083
f 1308 1083 1307
f 1304 1084 1085
f 1304 1305 1084
f 1309 1138 1259
f 1309 1260 1308
f 1309 1259 1260
f 1310 1138 1309
f 1303 1304 1085
f 1148 1217 1218
f 1148 1218 1219
f 1148 1219 1220
f 1148 1220 1147
f 1275 1138 1310
f 1275 1137 1138
f 1302 1303 1085
f 1301 1085 1086
f 1301 1302 1085
f 1276 1137 1275
f 1277 1137 1276
f 1300 1301 1086
f 1093 1094 1212
f 1299 1300 1086
f 1298 1299 1086
f 1297 1298 1086
f 1149 1217 1148
f 1149 1215 1216
f 1149 1216 1217
f 1136 1277 1278
f 1136 1278 1279
f 1136 1279 1280
f 1136 1137 1277
f 1150 1215 1149
f 1150 1213 1214
f 1150 1214 1215
f 1135 1280 1281
f 1135 1281 1282
f 1135 1136 1280
f 1087 1294 1295
f 1087 1295 1296
f 1087 1296 1297
f 1087 1297 1086
f 1134 1282 1283
f 1134 1283 1284
f 1134 1284 1285
f 1134 1135 1282
f 1133 1134 1285
f 1133 1285 1286
f 1133 1286 1287
f 1088 1294 1087
f 1088 1291 1292
f 1088 1292 1293
f 1088 1293 1294
f 1132 1287 1288
f 1132 1288 1289
f 1132 1133 1287
f 1415 1213 1150
f 1415 1212 1213
f 1414 1415 1150
f 1413 1414 1150
f 1413 1150 1151
f 1416 1212 1415
f 1416 1093 1212
f 1412 1413 1151
f 1417 1093 1416
f 1418 1092 1093
f 1418 1093 1417
f 1411 1412 1151
f 1411 1151 1152
f 1383 1092 1418
f 1410 1411 1152
f 1409 1410 1152
f 1384 1092 1383
f 1385 1110 1092
f 1385 1092 1384
f 1408 1409 1152
f 1408 1152 1153
f 1386 1110 1385
f 1407 1408 1153
f 1387 1110 1386
f 1406 1407 1153
f 1406 1153 1154
f 1388 1110 1387
f 1405 1406 1154
f 1389 1110 1388
f 1404 1405 1154
f 1403 1404 1154
f 1155 1401 1402
f 1155 1402 1403
f 1155 1403 1154
f 1089 1291 1088
f 1089 1290 1291
f 1156 1401 1155
f 1156 1399 1400
f 1156 1400 1401
f 1109 1389 1390
f 1109 1390 1391
f 1109 1391 1392
f 1109 1392 1393
f 1109 1110 1389
f 1343 1130 1131
f 1342 1343 1131
f 1344 1130 1343
f 1341 1342 1131
f 1341 1131 1132
f 1340 1341 1132
f 1345 1130 1344
f 1339 1132 1289
f 1339 1340 1132
f 1346 1129 1130
f 1346 1130 1345
f 1338 1290 1089
f 1338 1289 1290
f 1338 1339 1289
f 1311 1129 1346
f 1108 1109 1393
f 1108 1393 1394
f 1337 1338 1089
f 1312 1129 1311
f 1312 1164 1129
f 1090 1337 1089
f 1313 1164 1312
f 1336 1337 1090
f 1335 1336 1090
f 1314 1164 1313
f 1334 1335 1090
f 1315 1164 1314
f 1315 1163 1164
f 1316 1163 1315
f 1317 1162 1163
f 1317 1163 1316
f 1318 1162 1317
f 1319 1162 1318
f 1378 1379 1158
f 1378 1158 1159
f 1377 1378 1159
f 1380 1158 1379
f 1376 1377 1159
f 1376 1159 1160
f 1381 1158 1380
f 1381 1157 1158
f 1382 1157 1381
f 1375 1376 1160
f 1091 1331 1332
f 1091 1332 1333
f 1091 1333 1334
f 1091 1334 1090
f 1347 1157 1382
f 1347 1156 1157
f 1374 1375 1160
f 1348 1156 1347
f 1373 1374 1160
f 1373 1160 1161
f 1349 1399 1156
f 1349 1156 1348
f 1349 1398 1399
f 1372 1373 1161
f 1350 1398 1349
f 1371 1372 1161
f 1371 1161 1162
f 1351 1396 1397
f 1351 1397 1398
f 1351 1398 1350
f 1370 1371 1162
f 1352 1396 1351
f 1369 1162 1319
f 1369 1370 1162
f 1368 1319 1320
f 1368 1369 1319
f 1078 1327 1328
f 1078 1328 1329
f 1078 1329 1330
f 1078 1330 1331
f 1078 1331 1091
f 1079 1324 1325
f 1079 1325 1326
f 1079 1326 1327
f 1079 1327 1078
f 1080 1324 1079
f 1080 1322 1323
f 1080 1323 1324
f 1178 1107 1108
f 1178 1179 1107
f 1177 1178 1108
f 1180 1107 1179
f 1176 1394 1395
f 1176 1108 1394
f 1176 1177 1108
f 1181 1106 1107
f 1181 1107 1180
f 1175 1176 1395
f 1175 1395 1396
f 1182 1106 1181
f 1174 1396 1352
f 1174 1175 1396
f 1183 1106 1182
f 1173 1174 1352
f 1173 1352 1353
f 1172 1173 1353
f 1172 1353 1354
f 1081 1320 1321
f 1081 1321 1322
f 1081 1368 1320
f 1081 1322 1080
f 1082 1368 1081
f 1082 1366 1367
f 1082 1367 1368
f 1073 1366 1082
f 1073 1363 1364
f 1073 1364 1365
f 1073 1365 1366
f 1074 1363 1073
f 1074 1359 1360
f 1074 1360 1361
f 1074 1361 1362
f 1074 1362 1363
f 1075 1359 1074
f 1075 1355 1356
f 1075 1356 1357
f 1075 1357 1358
f 1075 1358 1359
f 1076 1171 1172
f 1076 1172 1354
f 1076 1355 1075
f 1076 1354 1355
f 1076 1170 1171
f 1077 1170 1076
f 1077 1167 1168
f 1077 1168 1169
f 1077 1169 1170
f 1071 1165 1166
f 1071 1166 1167
f 1071 1167 1077
f 1185 1106 1183
f 1185 1111 1106
f 1186 1120 1111
f 1186 1111 1185
f 1187 1119 1120
f 1187 1120 1186
f 1188 1119 1187
f 1188 1118 1119
f 1189 1117 1118
f 1189 1118 1188
f 1190 1117 1189
f 1116 1117 1190
f 1184 1165 1071
f 1115 1190 1191
f 1115 1116 1190
f 1114 1115 1191
f 1114 1191 1192
f 1113 1192 1193
f 1113 1193 1194
f 1113 1114 1192
f 1072 1184 1071
f 1112 1113 1194
f 1121 1184 1072
f 1121 1202 1184
f 1128 1112 1194
f 1128 1194 1195
f 1128 1195 1196
f 1122 1202 1121
f 1122 1200 1201
f 1122 1201 1202
f 1127 1128 1196
f 1123 1200 1122
f 1126 1196 1197
f 1126 1127 1196
f 1124 1198 1199
f 1124 1199 1200
f 1124 1200 1123
f 1125 1126 1197
f 1125 1197 1198
f 1125 1198 1124
f 1420 1438 1419
f 1420 1439 1438
f 1421 1440 1439
f 1421 1441 1440
f 1421 1439 1420
f 1422 1441 1421
f 1423 1442 1441
f 1423 1443 1442
f 1423 1441 1422
f 1424 1444 1443
f 1424 1443 1423
f 1425 1444 1424
f 1426 1445 1444
f 1426 1444 1425
f 1427 1446 1445
f 1427 1445 1426
f 1428 1447 1446
f 1428 1448 1447
f 1428 1446 1427
f 1429 1449 1448
f 1429 1448 1428
f 1430 1449 1429
f 1431 1450 1449
f 1431 1449 1430
f 1432 1451 1450
f 1432 1452 1451
f 1432 1450 1431
f 1433 1452 1432
f 1434 1452 1433
f 1434 1453 1452
f 1435 1453 1434
f 1435 1454 1453
f 1436 1454 1435
f 1436 1455 1454
f 1437 1455 1436
f 1437 1456 1455
f 1495 1477 1476
f 1495 1478 1477
f 1495 1479 1478
f 1496 1480 1479
f 1496 1479 1495
f 1497 1457 1458
f 1497 1458 1459
f 1497 1459 1460
f 1497 1476 1457
f 1497 1495 1476
f 1498 1481 1480
f 1498 1482 1481
f 1498 1480 1496
f 1499 1460 1461
f 1499 1496 1495
f 1499 1497 1460
f 1499 1495 1497
f 1500 1483 1482
f 1500 1484 1483
f 1500 1482 1498
f 1501 1461 1462
f 1501 1462 1463
f 1501 1499 1461
f 1501 1496 1499
f 1501 1498 1496
f 1502 1485 1484
f 1502 1486 1485
f 1502 1484 1500
f 1503 1501 1463
f 1503 1463 1464
f 1503 1464 1465
f 1503 1498 1501
f 1503 1500 1498
f 1504 1487 1486
f 1504 1488 1487
f 1504 1486 1502
f 1505 1465 1466
f 1505 1466 1467
f 1505 1502 1500
f 1505 1503 1465
f 1505 1500 1503
f 1506 1489 1488
f 1506 1490 1489
f 1506 1488 1504
f 1507 1467 1468
f 1507 1468 1469
f 1507 1502 1505
f 1507 1505 1467
f 1507 1504 1502
f 1508 1491 1490
f 1508 1490 1506
f 1509 1508 1506
f 1509 1469 1470
f 1509 1506 1504
f 1509 1504 1507
f 1509 1507 1469
f 1510 1491 1508
f 1510 1492 1491
f 1510 1493 1492
f 1510 1494 1493
f 1510 1475 1494
f 1511 1508 1509
f 1511 1470 1471
f 1511 1471 1472
f 1511 1509 1470
f 1512 1475 1510
f 1512 1472 1473
f 1512 1473 1474
f 1512 1474 1475
f 1512 1511 1472
f 1512 1508 1511
f 1512 1510 1508
f 1514 1532 1513
f 1514 1533 1532
f 1515 1534 1533
f 1515 1535 1534
f 1515 1533 1514
f 1516 1535 1515
f 1517 1536 1535
f 1517 1537 1536
f 1517 1535 1516
f 1518 1538 1537
f 1518 1537 1517
f 1519 1538 1518
f 1520 1539 1538
f 1520 1538 1519
f 1521 1540 1539
f 1521 1539 1520
f 1522 1541 1540
f 1522 1542 1541
f 1522 1540 1521
f 1523 1543 1542
f 1523 1542 1522
f 1524 1543 1523
f 1525 1544 1543
f 1525 1543 1524
f 1526 1545 1544
f 1526 1546 1545
f 1526 1544 1525
f 1527 1546 1526
f 1528 1546 1527
f 1528 1547 1546
f 1529 1547 1528
f 1529 1548 1547
f 1530 1548 1529
f 1530 1549 1548
f 1531 1549 1530
f 1531 1550 1549
f 1589 1571 1570
f 1589 1572 1571
f 1589 1573 1572
f 1590 1574 1573
f 1590 1573 1589
f 1591 1551 1552
f 1591 1552 1553
f 1591 1553 1554
f 1591 1570 1551
f 1591 1589 1570
f 1592 1575 1574
f 1592 1576 1575
f 1592 1574 1590
f 1593 1554 1555
f 1593 1590 1589
f 1593 1591 1554
f 1593 1589 1591
f 1594 1577 1576
f 1594 1578 1577
f 1594 1576 1592
f 1595 1555 1556
f 1595 1556 1557
f 1595 1593 1555
f 1595 1590 1593
f 1595 1594 1592
f 1595 1592 1590
f 1596 1579 1578
f 1596 1580 1579
f 1596 1578 1594
f 1597 1595 1557
f 1597 1557 1558
f 1597 1558 1559
f 1597 1594 1595
f 1598 1581 1580
f 1598 1582 1581
f 1598 1580 1596
f 1599 1559 1560
f 1599 1560 1561
f 1599 1596 1594
f 1599 1594 1597
f 1599 1597 1559
f 1600 1583 1582
f 1600 1584 1583
f 1600 1582 1598
f 1601 1561 1562
f 1601 1562 1563
f 1601 1596 1599
f 1601 1599 1561
f 1601 1598 1596
f 1602 1585 1584
f 1602 1584 1600
f 1603 1600 1598
f 1603 1602 1600
f 1603 1563 1564
f 1603 1564 1565
f 1603 1601 1563
f 1603 1598 1601
f 1604 1585 1602
f 1604 1586 1585
f 1604 1587 1586
f 1604 1588 1587
f 1605 1602 1603
f 1605 1565 1566
f 1605 1603 1565
f 1606 1605 1566
f 1606 1566 1567
f 1606 1567 1568
f 1606 1568 1569
f 1606 1588 1604
f 1606 1569 1588
f 1606 1602 1605
f 1606 1604 1602
f 1608 1626 1607
f 1608 1627 1626
f 1609 1628 1627
f 1609 1629 1628
f 1609 1627 1608
f 1610 1629 1609
f 1611 1630 1629
f 1611 1631 1630
f 1611 1629 1610
f 1612 1632 1631
f 1612 1631 1611
f 1613 1633 1632
f 1613 1632 1612
f 1614 1634 1633
f 1614 1633 1613
f 1615 1635 1634
f 1615 1634 1614
f 1616 1635 1615
f 1617 1636 1635
f 1617 1635 1616
f 1618 1637 1636
f 1618 1638 1637
f 1618 1636 1617
f 1619 1638 1618
f 1620 1639 1638
f 1620 1640 1639
f 1620 1638 1619
f 1621 1640 1620
f 1622 1640 1621
f 1622 1641 1640
f 1622 1642 1641
f 1623 1642 1622
f 1623 1643 1642
f 1624 1643 1623
f 1625 1643 1624
f 1625 1644 1643
f 1683 1664 1645
f 1683 1665 1664
f 1683 1666 1665
f 1683 1667 1666
f 1684 1668 1667
f 1684 1667 1683
f 1685 1645 1646
f 1685 1646 1647
f 1685 1647 1648
f 1685 1683 1645
f 1686 1669 1668
f 1686 1670 1669
f 1686 1668 1684
f 1687 1648 1649
f 1687 1649 1650
f 1687 1684 1683
f 1687 1685 1648
f 1687 1683 1685
f 1688 1670 1686
f 1688 1671 1670
f 1688 1672 1671
f 1689 1650 1651
f 1689 1688 1686
f 1689 1687 1650
f 1689 1684 1687
f 1689 1686 1684
f 1690 1673 1672
f 1690 1674 1673
f 1690 1672 1688
f 1691 1651 1652
f 1691 1652 1653
f 1691 1688 1689
f 1691 1689 1651
f 1692 1675 1674
f 1692 1676 1675
f 1692 1674 1690
f 1693 1653 1654
f 1693 1654 1655
f 1693 1690 1688
f 1693 1688 1691
f 1693 1691 1653
f 1693 1692 1690
f 1694 1677 1676
f 1694 1678 1677
f 1694 1676 1692
f 1695 1655 1656
f 1695 1656 1657
f 1695 1692 1693
f 1695 1693 1655
f 1696 1679 1678
f 1696 1678 1694
f 1697 1657 1658
f 1697 1694 1692
f 1697 1692 1695
f 1697 1695 1657
f 1698 1679 1696
f 1698 1680 1679
f 1698 1681 1680
f 1698 1682 1681
f 1699 1694 1697
f 1699 1696 1694
f 1699 1658 1659
f 1699 1659 1660
f 1699 1697 1658
f 1700 1660 1661
f 1700 1661 1662
f 1700 1662 1663
f 1700 1682 1698
f 1700 1699 1660
f 1700 1663 1682
f 1700 1698 1696
f 1700 1696 1699
f 1702 1720 1701
f 1702 1721 1720
f 1703 1722 1721
f 1703 1723 1722
f 1703 1721 1702
f 1704 1724 1723
f 1704 1723 1703
f 1705 1725 1724
f 1705 1724 1704
f 1706 1726 1725
f 1706 1725 1705
f 1707 1727 1726
f 1707 1726 1706
f 1708 1728 1727
f 1708 1727 1707
f 1709 1729 1728
f 1709 1728 1708
f 1710 1729 1709
f 1711 1730 1729
f 1711 1731 1730
f 1711 1729 1710
f 1712 1731 1711
f 1713 1732 1731
f 1713 1733 1732
f 1713 1731 1712
f 1714 1733 1713
f 1715 1734 1733
f 1715 1735 1734
f 1715 1733 1714
f 1716 1735 1715
f 1717 1735 1716
f 1717 1736 1735
f 1717 1737 1736
f 1718 1737 1717
f 1718 1738 1737
f 1719 1738 1718
f 1777 1759 1758
f 1777 1760 1759
f 1777 1761 1760
f 1778 1762 1761
f 1778 1763 1762
f 1778 1761 1777
f 1779 1739 1740
f 1779 1740 1741
f 1779 1741 1742
f 1779 1758 1739
f 1779 1777 1758
f 1780 1764 1763
f 1780 1763 1778
f 1781 1742 1743
f 1781 1778 1777
f 1781 1779 1742
f 1781 1777 1779
f 1782 1764 1780
f 1782 1765 1764
f 1782 1766 1765
f 1783 1743 1744
f 1783 1744 1745
f 1783 1780 1778
f 1783 1781 1743
f 1783 1778 1781
f 1783 1782 1780
f 1784 1767 1766
f 1784 1768 1767
f 1784 1766 1782
f 1785 1745 1746
f 1785 1746 1747
f 1785 1782 1783
f 1785 1783 1745
f 1786 1768 1784
f 1786 1769 1768
f 1786 1770 1769
f 1787 1747 1748
f 1787 1748 1749
f 1787 1784 1782
f 1787 1785 1747
f 1787 1782 1785
f 1788 1771 1770
f 1788 1772 1771
f 1788 1770 1786
f 1789 1749 1750
f 1789 1750 1751
f 1789 1787 1749
f 1789 1784 1787
f 1789 1786 1784
f 1790 1773 1772
f 1790 1772 1788
f 1791 1751 1752
f 1791 1788 1786
f 1791 1752 1753
f 1791 1786 1789
f 1791 1789 1751
f 1792 1773 1790
f 1792 1774 1773
f 1792 1775 1774
f 1792 1776 1775
f 1793 1788 1791
f 1793 1753 1754
f 1793 1790 1788
f 1793 1791 1753
f 1794 1792 1790
f 1794 1790 1793
f 1794 1754 1755
f 1794 1755 1756
f 1794 1756 1757
f 1794 1776 1792
f 1794 1793 1754
f 1794 1757 1776
f 1796 1814 1795
f 1796 1815 1814
f 1797 1816 1815
f 1797 1817 1816
f 1797 1815 1796
f 1798 1818 1817
f 1798 1817 1797
f 1799 1819 1818
f 1799 1818 1798
f 1800 1820 1819
f 1800 1819 1799
f 1801 1821 1820
f 1801 1820 1800
f 1802 1822 1821
f 1802 1821 1801
f 1803 1823 1822
f 1803 1822 1802
f 1804 1823 1803
f 1805 1824 1823
f 1805 1825 1824
f 1805 1823 1804
f 1806 1825 1805
f 1807 1826 1825
f 1807 1827 1826
f 1807 1825 1806
f 1808 1827 1807
f 1809 1828 1827
f 1809 1829 1828
f 1809 1827 1808
f 1810 1829 1809
f 1811 1829 1810
f 1811 1830 1829
f 1811 1831 1830
f 1812 1831 1811
f 1812 1832 1831
f 1813 1832 1812
f 1871 1853 1852
f 1871 1854 1853
f 1871 1855 1854
f 1872 1856 1855
f 1872 1857 1856
f 1872 1855 1871
f 1873 1833 1834
f 1873 1834 1835
f 1873 1835 1836
f 1873 1852 1833
f 1873 1871 1852
f 1874 1858 1857
f 1874 1857 1872
f 1875 1836 1837
f 1875 1872 1871
f 1875 1873 1836
f 1875 1871 1873
f 1876 1858 1874
f 1876 1859 1858
f 1876 1860 1859
f 1877 1837 1838
f 1877 1838 1839
f 1877 1875 1837
f 1877 1872 1875
f 1877 1874 1872
f 1878 1861 1860
f 1878 1862 1861
f 1878 1860 1876
f 1879 1839 1840
f 1879 1840 1841
f 1879 1878 1876
f 1879 1876 1874
f 1879 1874 1877
f 1879 1877 1839
f 1880 1863 1862
f 1880 1864 1863
f 1880 1862 1878
f 1881 1841 1842
f 1881 1842 1843
f 1881 1878 1879
f 1881 1879 1841
f 1882 1865 1864
f 1882 1866 1865
f 1882 1864 1880
f 1883 1843 1844
f 1883 1844 1845
f 1883 1878 1881
f 1883 1881 1843
f 1883 1880 1878
f 1884 1867 1866
f 1884 1866 1882
f 1885 1845 1846
f 1885 1846 1847
f 1885 1882 1880
f 1885 1880 1883
f 1885 1883 1845
f 1886 1867 1884
f 1886 1868 1867
f 1886 1869 1868
f 1886 1870 1869
f 1887 1882 1885
f 1887 1885 1847
f 1887 1847 1848
f 1887 1884 1882
f 1888 1848 1849
f 1888 1849 1850
f 1888 1850 1851
f 1888 1870 1886
f 1888 1884 1887
f 1888 1851 1870
f 1888 1886 1884
f 1888 1887 1848
f 1890 1908 1889
f 1890 1909 1908
f 1891 1910 1909
f 1891 1911 1910
f 1891 1909 1890
f 1892 1911 1891
f 1893 1912 1911
f 1893 1913 1912
f 1893 1911 1892
f 1894 1914 1913
f 1894 1913 1893
f 1895 1915 1914
f 1895 1914 1894
f 1896 1916 1915
f 1896 1915 1895
f 1897 1917 1916
f 1897 1916 1896
f 1898 1917 1897
f 1899 1918 1917
f 1899 1917 1898
f 1900 1919 1918
f 1900 1920 1919
f 1900 1918 1899
f 1901 1920 1900
f 1902 1921 1920
f 1902 1922 1921
f 1902 1920 1901
f 1903 1922 1902
f 1904 1922 1903
f 1904 1923 1922
f 1904 1924 1923
f 1905 1924 1904
f 1905 1925 1924
f 1906 1925 1905
f 1907 1925 1906
f 1907 1926 1925
f 1965 1947 1946
f 1965 1948 1947
f 1965 1949 1948
f 1966 1950 1949
f 1966 1951 1950
f 1966 1949 1965
f 1967 1927 1928
f 1967 1928 1929
f 1967 1929 1930
f 1967 1946 1927
f 1967 1965 1946
f 1968 1952 1951
f 1968 1951 1966
f 1969 1930 1931
f 1969 1931 1932
f 1969 1966 1965
f 1969 1967 1930
f 1969 1965 1967
f 1970 1952 1968
f 1970 1953 1952
f 1970 1954 1953
f 1971 1932 1933
f 1971 1969 1932
f 1971 1970 1968
f 1971 1966 1969
f 1971 1968 1966
f 1972 1955 1954
f 1972 1956 1955
f 1972 1954 1970
f 1973 1933 1934
f 1973 1934 1935
f 1973 1970 1971
f 1973 1971 1933
f 1974 1957 1956
f 1974 1958 1957
f 1974 1956 1972
f 1975 1973 1935
f 1975 1935 1936
f 1975 1936 1937
f 1975 1972 1970
f 1975 1970 1973
f 1975 1974 1972
f 1976 1959 1958
f 1976 1960 1959
f 1976 1958 1974
f 1977 1937 1938
f 1977 1938 1939
f 1977 1975 1937
f 1977 1974 1975
f 1978 1961 1960
f 1978 1960 1976
f 1979 1939 1940
f 1979 1976 1974
f 1979 1974 1977
f 1979 1977 1939
f 1980 1961 1978
f 1980 1962 1961
f 1980 1963 1962
f 1980 1964 1963
f 1981 1976 1979
f 1981 1978 1976
f 1981 1940 1941
f 1981 1941 1942
f 1981 1979 1940
f 1982 1980 1978
f 1982 1942 1943
f 1982 1943 1944
f 1982 1944 1945
f 1982 1964 1980
f 1982 1981 1942
f 1982 1945 1964
f 1982 1978 1981
f 1984 1983 1985
f 2012 1985 1986
f 2012 1984 1985
f 2011 1986 1987
f 2011 2012 1986
f 2010 1987 1988
f 2010 2011 1987
f 2009 1988 1989
f 2009 2010 1988
f 2008 1989 1990
f 2008 2009 1989
f 2007 1990 1991
f 2007 2008 1990
f 2006 1991 1992
f 2006 2007 1991
f 2005 1992 1993
f 2005 2006 1992
f 2004 1993 1994
f 2004 2005 1993
f 2003 1994 1995
f 2003 2004 1994
f 2002 1995 1996
f 2002 2003 1995
f 2001 1996 1997
f 2001 2002 1996
f 2000 1997 1998
f 2000 2001 1997
f 1999 2000 1998
f 2028 2029 2030
f 2027 2030 2031
f 2027 2028 2030
f 2026 2031 2032
f 2026 2027 2031
f 2025 2032 2033
f 2025 2026 2032
f 2024 2033 2034
f 2024 2025 2033
f 2023 2034 2035
f 2023 2024 2034
f 2022 2035 2036
f 2022 2023 2035
f 2021 2036 2037
f 2021 2022 2036
f 2020 2037 2038
f 2020 2021 2037
f 2019 2038 2039
f 2019 2020 2038
f 2018 2039 2040
f 2018 2019 2039
f 2017 2040 2041
f 2017 2018 2040
f 2016 2041 2042
f 2016 2017 2041
f 2015 2042 2013
f 2015 2016 2042
f 2014 2015 2013
f 2044 2062 2043
f 2044 2080 2062
f 2045 2079 2080
f 2045 2080 2044
f 2046 2078 2079
f 2046 2079 2045
f 2047 2077 2078
f 2047 2078 2046
f 2048 2076 2077
f 2048 2077 2047
f 2049 2075 2076
f 2049 2076 2048
f 2050 2074 2075
f 2050 2075 2049
f 2051 2073 2074
f 2051 2074 2050
f 2052 2072 2073
f 2052 2073 2051
f 2053 2071 2072
f 2053 2072 2052
f 2054 2070 2071
f 2054 2071 2053
f 2055 2069 2070
f 2055 2070 2054
f 2056 2068 2069
f 2056 2069 2055
f 2057 2067 2068
f 2057 2068 2056
f 2058 2067 2057
f 2058 2066 2067
f 2059 2066 2058
f 2059 2065 2066
f 2060 2065 2059
f 2060 2064 2065
f 2061 2064 2060
f 2061 2063 2064
f 2081 2082 2084
f 2083 2081 2084
f 2086 2095 2085
f 2086 2104 2095
f 2087 2103 2104
f 2087 2104 2086
f 2088 2102 2103
f 2088 2103 2087
f 2089 2101 2102
f 2089 2102 2088
f 2090 2100 2101
f 2090 2101 2089
f 2091 2099 2100
f 2091 2100 2090
f 2092 2098 2099
f 2092 2099 2091
f 2093 2097 2098
f 2093 2098 2092
f 2094 2096 2097
f 2094 2097 2093
f 2107 2105 2106
f 2107 2106 2108
f 2109 2112 2111
f 2109 2110 2112
f 2113 2114 2115
f 2113 2115 2116
f 2118 2123 2117
f 2118 2128 2123
f 2119 2127 2128
f 2119 2128 2118
f 2120 2126 2127
f 2120 2127 2119
f 2121 2125 2126
f 2121 2126 2120
f 2122 2124 2125
f 2122 2125 2121
f 2136 2133 2134
f 2137 2132 2133
f 2137 2133 2136
f 2138 2131 2132
f 2138 2132 2137
f 2139 2130 2131
f 2139 2131 2138
f 2140 2129 2130
f 2140 2130 2139
f 2135 2129 2140
f 2151 2152 2153
f 2150 2153 2154
f 2150 2151 2153
f 2149 2154 2155
f 2149 2150 2154
f 2148 2155 2156
f 2148 2149 2155
f 2147 2156 2157
f 2147 2148 2156
f 2146 2157 2158
f 2146 2147 2157
f 2145 2158 2159
f 2145 2146 2158
f 2144 2145 2159
f 2143 2159 2160
f 2143 2160 2142
f 2143 2144 2159
f 2141 2143 2142
f 2162 2161 2163
f 2180 2163 2164
f 2180 2162 2163
f 2179 2164 2165
f 2179 2180 2164
f 2178 2165 2166
f 2178 2179 2165
f 2177 2166 2167
f 2177 2178 2166
f 2176 2167 2168
f 2176 2177 2167
f 2175 2168 2169
f 2175 2176 2168
f 2174 2175 2169
f 2173 2169 2170
f 2173 2170 2171
f 2173 2174 2169
f 2172 2173 2171
f 2192 2200 2191
f 2192 2209 2200
f 2193 2208 2209
f 2193 2209 2192
f 2194 2207 2208
f 2194 2208 2193
f 2195 2206 2207
f 2195 2207 2194
f 2196 2205 2206
f 2196 2206 2195
f 2197 2204 2205
f 2197 2205 2196
f 2198 2203 2204
f 2198 2204 2197
f 2199 2202 2203
f 2199 2203 2198
f 2181 2201 2202
f 2181 2202 2199
f 2182 2218 2201
f 2182 2201 2181
f 2183 2217 2218
f 2183 2218 2182
f 2184 2216 2217
f 2184 2217 2183
f 2185 2215 2216
f 2185 2216 2184
f 2186 2214 2215
f 2186 2215 2185
f 2187 2214 2186
f 2187 2213 2214
f 2188 2213 2187
f 2188 2212 2213
f 2189 2212 2188
f 2189 2211 2212
f 2190 2211 2189
f 2190 2210 2211
f 2239 2238 2237
f 2236 2239 2237
f 2240 2239 2236
f 2235 2240 2236
f 2241 2240 2235
f 2234 2241 2235
f 2242 2241 2234
f 2233 2242 2234
f 2243 2242 2233
f 2232 2243 2233
f 2244 2243 2232
f 2231 2244 2232
f 2245 2244 2231
f 2230 2245 2231
f 2246 2245 2230
f 2229 2246 2230
f 2247 2246 2229
f 2228 2247 2229
f 2248 2247 2228
f 2227 2248 2228
f 2226 2249 2248
f 2226 2248 2227
f 2250 2249 2226
f 2225 2250 2226
f 2251 2250 2225
f 2224 2251 2225
f 2252 2251 2224
f 2223 2252 2224
f 2253 2252 2223
f 2222 2253 2223
f 2221 2253 2222
f 2221 2254 2253
f 2220 2254 2221
f 2220 2255 2254
f 2219 2255 2220
f 2219 2256 2255
f 2277 2276 2275
f 2274 2277 2275
f 2278 2277 2274
f 2273 2278 2274
f 2279 2278 2273
f 2272 2279 2273
f 2280 2279 2272
f 2271 2280 2272
f 2281 2280 2271
f 2270 2281 2271
f 2282 2281 2270
f 2269 2282 2270
f 2283 2282 2269
f 2268 2283 2269
f 2284 2283 2268
f 2267 2284 2268
f 2285 2284 2267
f 2266 2285 2267
f 2286 2285 2266
f 2265 2286 2266
f 2287 2286 2265
f 2264 2287 2265
f 2288 2287 2264
f 2263 2288 2264
f 2262 2289 2288
f 2262 2288 2263
f 2261 2290 2289
f 2261 2289 2262
f 2260 2291 2290
f 2260 2290 2261
f 2259 2291 2260
f 2259 2292 2291
f 2293 2292 2259
f 2258 2293 2259
f 2294 2293 2258
f 2257 2294 2258
f 2332 2296 2295
f 2331 2297 2296
f 2331 2296 2332
f 2330 2298 2297
f 2330 2297 2331
f 2329 2299 2298
f 2329 2298 2330
f 2328 2300 2299
f 2328 2299 2329
f 2327 2301 2300
f 2327 2300 2328
f 2326 2302 2301
f 2326 2301 2327
f 2325 2303 2302
f 2325 2302 2326
f 2324 2304 2303
f 2324 2303 2325
f 2323 2305 2304
f 2323 2304 2324
f 2322 2306 2305
f 2322 2305 2323
f 2321 2307 2306
f 2321 2306 2322
f 2320 2308 2307
f 2320 2307 2321
f 2319 2309 2308
f 2319 2308 2320
f 2318 2310 2309
f 2318 2309 2319
f 2317 2310 2318
f 2317 2311 2310
f 2316 2311 2317
f 2315 2311 2316
f 2315 2312 2311
f 2314 2312 2315
f 2314 2313 2312
f 2334 2333 2336
f 2335 2334 2336
f 2337 2339 2338
f 2337 2340 2339
f 2378 2342 2341
f 2377 2343 2342
f 2377 2342 2378
f 2376 2344 2343
f 2376 2343 2377
f 2375 2345 2344
f 2375 2344 2376
f 2374 2346 2345
f 2374 2345 2375
f 2373 2347 2346
f 2373 2346 2374
f 2372 2348 2347
f 2372 2347 2373
f 2371 2349 2348
f 2371 2348 2372
f 2370 2350 2349
f 2370 2349 2371
f 2369 2351 2350
f 2369 2350 2370
f 2368 2351 2369
f 2367 2352 2351
f 2367 2353 2352
f 2367 2351 2368
f 2366 2353 2367
f 2365 2354 2353
f 2365 2355 2354
f 2365 2353 2366
f 2364 2355 2365
f 2363 2355 2364
f 2363 2356 2355
f 2363 2357 2356
f 2362 2357 2363
f 2362 2358 2357
f 2361 2358 2362
f 2360 2358 2361
f 2360 2359 2358
f 2416 2380 2379
f 2415 2381 2380
f 2415 2380 2416
f 2414 2382 2381
f 2414 2381 2415
f 2413 2383 2382
f 2413 2382 2414
f 2412 2384 2383
f 2412 2383 2413
f 2411 2385 2384
f 2411 2384 2412
f 2410 2386 2385
f 2410 2385 2411
f 2409 2387 2386
f 2409 2386 2410
f 2408 2388 2387
f 2408 2387 2409
f 2407 2389 2388
f 2407 2388 2408
f 2406 2390 2389
f 2406 2389 2407
f 2405 2391 2390
f 2405 2390 2406
f 2404 2392 2391
f 2404 2391 2405
f 2403 2393 2392
f 2403 2392 2404
f 2402 2394 2393
f 2402 2393 2403
f 2401 2394 2402
f 2401 2395 2394
f 2400 2395 2401
f 2400 2396 2395
f 2399 2396 2400
f 2398 2396 2399
f 2398 2397 2396
f 2418 2417 2420
f 2419 2418 2420
f 2424 2423 2422
f 2421 2424 2422
f 2462 2426 2425
f 2461 2427 2426
f 2461 2426 2462
f 2460 2428 2427
f 2460 2427 2461
f 2459 2429 2428
f 2459 2428 2460
f 2458 2430 2429
f 2458 2429 2459
f 2457 2431 2430
f 2457 2430 2458
f 2456 2432 2431
f 2456 2431 2457
f 2455 2432 2456
f 2454 2433 2432
f 2454 2434 2433
f 2454 2432 2455
f 2453 2434 2454
f 2452 2435 2434
f 2452 2436 2435
f 2452 2434 2453
f 2451 2436 2452
f 2450 2437 2436
f 2450 2438 2437
f 2450 2436 2451
f 2449 2439 2438
f 2449 2438 2450
f 2448 2440 2439
f 2448 2439 2449
f 2447 2440 2448
f 2447 2441 2440
f 2446 2441 2447
f 2445 2441 2446
f 2445 2442 2441
f 2444 2442 2445
f 2444 2443 2442
f 2475 2464 2463
f 2475 2463 2473
f 2476 2473 2472
f 2476 2475 2473
f 2477 2472 2471
f 2477 2476 2472
f 2478 2471 2470
f 2478 2477 2471
f 2479 2470 2469
f 2479 2478 2470
f 2480 2469 2468
f 2480 2479 2469
f 2481 2468 2467
f 2481 2480 2468
f 2482 2467 2466
f 2482 2481 2467
f 2474 2466 2465
f 2474 2482 2466
f 2487 2489 2488
f 2487 2490 2489
f 2486 2491 2490
f 2486 2490 2487
f 2485 2492 2491
f 2485 2491 2486
f 2484 2493 2492
f 2484 2492 2485
f 2483 2494 2493
f 2483 2493 2484
f 2512 2495 2496
f 2512 2496 2510
f 2513 2510 2509
f 2513 2512 2510
f 2514 2509 2508
f 2514 2513 2509
f 2515 2508 2507
f 2515 2514 2508
f 2516 2507 2506
f 2516 2515 2507
f 2517 2506 2505
f 2517 2516 2506
f 2518 2505 2504
f 2518 2517 2505
f 2519 2504 2503
f 2519 2518 2504
f 2520 2503 2502
f 2520 2519 2503
f 2521 2502 2501
f 2521 2520 2502
f 2522 2501 2500
f 2522 2521 2501
f 2523 2500 2499
f 2523 2522 2500
f 2524 2499 2498
f 2524 2523 2499
f 2497 2524 2498
f 2511 2524 2497
f 2525 2527 2526
f 2525 2528 2527
f 2539 2530 2529
f 2539 2529 2540
f 2538 2531 2530
f 2538 2530 2539
f 2537 2532 2531
f 2537 2531 2538
f 2536 2533 2532
f 2536 2532 2537
f 2535 2534 2533
f 2535 2533 2536
f 2544 2543 2552
f 2544 2552 2560
f 2545 2560 2559
f 2545 2544 2560
f 2546 2559 2558
f 2546 2545 2559
f 2547 2558 2557
f 2547 2546 2558
f 2548 2557 2556
f 2548 2547 2557
f 2549 2556 2555
f 2549 2548 2556
f 2550 2555 2554
f 2550 2549 2555
f 2551 2554 2553
f 2551 2550 2554
f 2542 2553 2541
f 2542 2551 2553
f 2564 2561 2562
f 2564 2562 2563
f 2568 2567 2576
f 2568 2576 2584
f 2569 2584 2583
f 2569 2568 2584
f 2570 2583 2582
f 2570 2569 2583
f 2571 2582 2581
f 2571 2570 2582
f 2572 2581 2580
f 2572 2571 2581
f 2573 2580 2579
f 2573 2572 2580
f 2574 2579 2578
f 2574 2573 2579
f 2575 2578 2577
f 2575 2574 2578
f 2566 2577 2565
f 2566 2575 2577
f 2588 2587 2601
f 2588 2601 2614
f 2589 2614 2613
f 2589 2588 2614
f 2590 2613 2612
f 2590 2589 2613
f 2591 2612 2611
f 2591 2590 2612
f 2592 2611 2610
f 2592 2591 2611
f 2593 2610 2609
f 2593 2592 2610
f 2594 2609 2608
f 2594 2593 2609
f 2595 2608 2607
f 2595 2594 2608
f 2596 2607 2606
f 2596 2595 2607
f 2597 2606 2605
f 2597 2596 2606
f 2598 2605 2604
f 2598 2597 2605
f 2599 2604 2603
f 2599 2598 2604
f 2600 2603 2602
f 2600 2599 2603
f 2585 2602 2586
f 2585 2600 2602
f 2627 2616 2615
f 2627 2615 2625
f 2628 2625 2624
f 2628 2627 2625
f 2629 2624 2623
f 2629 2628 2624
f 2630 2623 2622
f 2630 2629 2623
f 2621 2630 2622
f 2631 2630 2621
f 2632 2621 2620
f 2632 2631 2621
f 2633 2620 2619
f 2633 2632 2620
f 2634 2619 2618
f 2634 2633 2619
f 2626 2618 2617
f 2626 2634 2618
f 2645 2636 2635
f 2645 2635 2646
f 2644 2637 2636
f 2644 2636 2645
f 2643 2638 2637
f 2643 2637 2644
f 2642 2639 2638
f 2642 2638 2643
f 2641 2640 2639
f 2641 2639 2642
f 2651 2653 2652
f 2651 2654 2653
f 2650 2655 2654
f 2650 2654 2651
f 2649 2656 2655
f 2649 2655 2650
f 2648 2657 2656
f 2648 2656 2649
f 2647 2658 2657
f 2647 2657 2648
f 2659 2661 2660
f 2659 2662 2661
f 2666 2663 2664
f 2666 2664 2665
f 2679 2667 2668
f 2679 2668 2677
f 2680 2677 2676
f 2680 2679 2677
f 2681 2676 2675
f 2681 2680 2676
f 2682 2675 2674
f 2682 2681 2675
f 2683 2674 2673
f 2683 2682 2674
f 2684 2673 2672
f 2684 2683 2673
f 2685 2672 2671
f 2685 2684 2672
f 2686 2671 2670
f 2686 2685 2671
f 2678 2670 2669
f 2678 2686 2670
f 2690 2689 2698
f 2690 2698 2706
f 2691 2706 2705
f 2691 2690 2706
f 2692 2705 2704
f 2692 2691 2705
f 2693 2704 2703
f 2693 2692 2704
f 2694 2703 2702
f 2694 2693 2703
f 2695 2702 2701
f 2695 2694 2702
f 2696 2701 2700
f 2696 2695 2701
f 2697 2700 2699
f 2697 2696 2700
f 2688 2699 2687
f 2688 2697 2699
