# generated by step_to_parts.py -- 2706 verts, 2812 tris
v 0.151228 -0.182652 -0.045876
v 0.151866 -0.187844 -0.046154
v 0.152501 -0.193018 -0.045641
v 0.153120 -0.198055 -0.044346
v 0.153707 -0.202841 -0.042300
v 0.154251 -0.207266 -0.039549
v 0.151616 -0.182553 -0.046269
v 0.154673 -0.207449 -0.039870
v 0.154123 -0.202974 -0.042652
v 0.153529 -0.198133 -0.044722
v 0.152903 -0.193037 -0.046031
v 0.152261 -0.187804 -0.046551
v 0.160254 -0.190514 0.022755
v 0.160879 -0.195605 0.021690
v 0.161477 -0.200477 0.019863
v 0.162035 -0.205020 0.017316
v 0.162540 -0.209129 0.014108
v 0.162979 -0.212711 0.010311
v 0.159866 -0.190613 0.023149
v 0.162623 -0.213064 0.010562
v 0.162178 -0.209442 0.014402
v 0.161668 -0.205285 0.017648
v 0.161103 -0.200690 0.020224
v 0.160498 -0.195762 0.022072
v 0.153700 -0.199523 -0.013194
v 0.153711 -0.199615 -0.010982
v 0.153675 -0.199324 -0.008788
v 0.153594 -0.198659 -0.006678
v 0.153469 -0.197641 -0.004716
v 0.153304 -0.196300 -0.002962
v 0.153105 -0.194677 -0.001470
v 0.152877 -0.192822 -0.000284
v 0.152628 -0.190790 0.000559
v 0.152364 -0.188644 0.001034
v 0.151976 -0.188743 0.001428
v 0.152248 -0.190956 0.000938
v 0.152505 -0.193051 0.000068
v 0.152740 -0.194965 -0.001155
v 0.152946 -0.196638 -0.002694
v 0.153115 -0.198021 -0.004502
v 0.153244 -0.199071 -0.006525
v 0.153329 -0.199756 -0.008701
v 0.153365 -0.200056 -0.010964
v 0.153354 -0.199962 -0.013245
v 0.153294 -0.199476 -0.015475
v 0.153188 -0.198612 -0.017586
v 0.153039 -0.197399 -0.019513
v 0.152851 -0.195871 -0.021199
v 0.152631 -0.194076 -0.022593
v 0.152385 -0.192068 -0.023651
v 0.152119 -0.189908 -0.024341
v 0.151844 -0.187662 -0.024643
v 0.151566 -0.185398 -0.024548
v 0.151966 -0.185401 -0.024155
v 0.152235 -0.187596 -0.024247
v 0.152503 -0.189774 -0.023954
v 0.152760 -0.191868 -0.023284
v 0.152999 -0.193815 -0.022258
v 0.153213 -0.195556 -0.020907
v 0.153395 -0.197037 -0.019272
v 0.153539 -0.198214 -0.017403
v 0.153642 -0.199051 -0.015356
v 0.160852 -0.198645 -0.013194
v 0.160794 -0.198173 -0.015356
v 0.160692 -0.197336 -0.017403
v 0.160547 -0.196159 -0.019272
v 0.160365 -0.194678 -0.020907
v 0.160151 -0.192937 -0.022258
v 0.159912 -0.190990 -0.023284
v 0.159655 -0.188896 -0.023954
v 0.159388 -0.186718 -0.024247
v 0.159118 -0.184522 -0.024155
v 0.159506 -0.184423 -0.024548
v 0.159784 -0.186687 -0.024643
v 0.160060 -0.188933 -0.024341
v 0.160325 -0.191093 -0.023651
v 0.160571 -0.193101 -0.022593
v 0.160792 -0.194896 -0.021199
v 0.160979 -0.196424 -0.019513
v 0.161128 -0.197638 -0.017586
v 0.161234 -0.198501 -0.015475
v 0.161294 -0.198987 -0.013245
v 0.161306 -0.199082 -0.010964
v 0.161269 -0.198782 -0.008701
v 0.161185 -0.198096 -0.006525
v 0.161056 -0.197046 -0.004502
v 0.160886 -0.195663 -0.002694
v 0.160681 -0.193990 -0.001155
v 0.160446 -0.192076 0.000068
v 0.160188 -0.189981 0.000938
v 0.159917 -0.187768 0.001428
v 0.159517 -0.187766 0.001034
v 0.159780 -0.189912 0.000559
v 0.160029 -0.191943 -0.000284
v 0.160257 -0.193799 -0.001470
v 0.160457 -0.195422 -0.002962
v 0.160621 -0.196763 -0.004716
v 0.160746 -0.197781 -0.006678
v 0.160828 -0.198445 -0.008788
v 0.160864 -0.198736 -0.010982
v 0.160852 -0.198645 -0.013194
v 0.153700 -0.199523 -0.013194
v 0.151966 -0.185401 -0.024155
v 0.152235 -0.187596 -0.024247
v 0.152503 -0.189774 -0.023954
v 0.152760 -0.191868 -0.023284
v 0.152999 -0.193815 -0.022258
v 0.153213 -0.195556 -0.020907
v 0.153395 -0.197037 -0.019272
v 0.153539 -0.198214 -0.017403
v 0.153642 -0.199051 -0.015356
v 0.150630 -0.174522 -0.009926
v 0.150619 -0.174430 -0.012138
v 0.150654 -0.174721 -0.014332
v 0.150736 -0.175386 -0.016442
v 0.150861 -0.176404 -0.018404
v 0.151026 -0.177745 -0.020158
v 0.151225 -0.179368 -0.021650
v 0.151453 -0.181223 -0.022836
v 0.151702 -0.183255 -0.023679
v 0.157783 -0.173644 -0.009926
v 0.159118 -0.184522 -0.024155
v 0.158855 -0.182376 -0.023679
v 0.158605 -0.180345 -0.022836
v 0.158378 -0.178489 -0.021650
v 0.158178 -0.176867 -0.020158
v 0.158014 -0.175526 -0.018404
v 0.157889 -0.174507 -0.016442
v 0.157807 -0.173843 -0.014332
v 0.157771 -0.173552 -0.012138
v 0.160794 -0.198173 -0.015356
v 0.160692 -0.197336 -0.017403
v 0.160547 -0.196159 -0.019272
v 0.160365 -0.194678 -0.020907
v 0.160151 -0.192937 -0.022258
v 0.159912 -0.190990 -0.023284
v 0.159655 -0.188896 -0.023954
v 0.159388 -0.186718 -0.024247
v 0.178177 -0.339743 -0.029115
v 0.171024 -0.340621 -0.029115
v 0.171287 -0.342763 -0.031916
v 0.171290 -0.342781 -0.031481
v 0.171283 -0.342724 -0.031049
v 0.171267 -0.342593 -0.030633
v 0.171242 -0.342392 -0.030247
v 0.171210 -0.342128 -0.029902
v 0.171170 -0.341809 -0.029608
v 0.171125 -0.341444 -0.029375
v 0.171076 -0.341044 -0.029209
v 0.178440 -0.341885 -0.031916
v 0.178229 -0.340166 -0.029209
v 0.178278 -0.340565 -0.029375
v 0.178323 -0.340931 -0.029608
v 0.178362 -0.341250 -0.029902
v 0.178394 -0.341514 -0.030247
v 0.178419 -0.341715 -0.030633
v 0.178435 -0.341845 -0.031049
v 0.178442 -0.341903 -0.031481
v 0.153889 -0.184218 -0.031394
v 0.151496 -0.184830 -0.028964
v 0.151348 -0.183629 -0.038286
v 0.151448 -0.184442 -0.038320
v 0.151547 -0.185248 -0.038212
v 0.151642 -0.186023 -0.037964
v 0.151731 -0.186743 -0.037584
v 0.151810 -0.187388 -0.037084
v 0.151877 -0.187936 -0.036479
v 0.151931 -0.188371 -0.035788
v 0.151969 -0.188681 -0.035030
v 0.151990 -0.188856 -0.034230
v 0.151994 -0.188890 -0.033411
v 0.151981 -0.188782 -0.032599
v 0.151951 -0.188536 -0.031818
v 0.151905 -0.188159 -0.031092
v 0.151844 -0.187663 -0.030443
v 0.151770 -0.187062 -0.029891
v 0.151686 -0.186376 -0.029452
v 0.151593 -0.185624 -0.029140
v 0.153819 -0.183644 -0.035856
v 0.153866 -0.184033 -0.035873
v 0.153914 -0.184418 -0.035821
v 0.153959 -0.184789 -0.035702
v 0.154002 -0.185134 -0.035521
v 0.154039 -0.185443 -0.035281
v 0.154072 -0.185705 -0.034992
v 0.154097 -0.185914 -0.034660
v 0.154116 -0.186062 -0.034298
v 0.154126 -0.186146 -0.033915
v 0.154128 -0.186162 -0.033523
v 0.154121 -0.186110 -0.033134
v 0.154107 -0.185993 -0.032760
v 0.154085 -0.185812 -0.032413
v 0.154056 -0.185575 -0.032102
v 0.154020 -0.185287 -0.031838
v 0.153980 -0.184958 -0.031627
v 0.153936 -0.184598 -0.031478
v 0.153112 -0.184591 -0.036639
v 0.153222 -0.185488 -0.036317
v 0.152320 -0.184840 -0.037442
v 0.153315 -0.186242 -0.035732
v 0.152459 -0.185976 -0.037034
v 0.153381 -0.186780 -0.034940
v 0.152577 -0.186931 -0.036293
v 0.153414 -0.187049 -0.034020
v 0.152660 -0.187612 -0.035290
v 0.153411 -0.187022 -0.033061
v 0.152702 -0.187952 -0.034125
v 0.153371 -0.186703 -0.032157
v 0.152698 -0.187918 -0.032910
v 0.153300 -0.186121 -0.031397
v 0.152648 -0.187514 -0.031766
v 0.153204 -0.185336 -0.030855
v 0.152558 -0.186778 -0.030803
v 0.152436 -0.185783 -0.030117
v 0.159398 -0.183542 -0.031394
v 0.153889 -0.184218 -0.031394
v 0.153819 -0.183644 -0.035856
v 0.153866 -0.184033 -0.035873
v 0.153914 -0.184418 -0.035821
v 0.153959 -0.184789 -0.035702
v 0.154002 -0.185134 -0.035521
v 0.154039 -0.185443 -0.035281
v 0.154072 -0.185705 -0.034992
v 0.154097 -0.185914 -0.034660
v 0.154116 -0.186062 -0.034298
v 0.154126 -0.186146 -0.033915
v 0.154128 -0.186162 -0.033523
v 0.154121 -0.186110 -0.033134
v 0.154107 -0.185993 -0.032760
v 0.154085 -0.185812 -0.032413
v 0.154056 -0.185575 -0.032102
v 0.154020 -0.185287 -0.031838
v 0.153980 -0.184958 -0.031627
v 0.153936 -0.184598 -0.031478
v 0.159327 -0.182967 -0.035856
v 0.159375 -0.183356 -0.035873
v 0.159422 -0.183742 -0.035821
v 0.159468 -0.184113 -0.035702
v 0.159510 -0.184458 -0.035521
v 0.159548 -0.184766 -0.035281
v 0.159580 -0.185029 -0.034992
v 0.159606 -0.185237 -0.034660
v 0.159624 -0.185386 -0.034298
v 0.159634 -0.185469 -0.033915
v 0.159636 -0.185485 -0.033523
v 0.159630 -0.185434 -0.033134
v 0.159616 -0.185316 -0.032760
v 0.159593 -0.185136 -0.032413
v 0.159564 -0.184898 -0.032102
v 0.159529 -0.184611 -0.031838
v 0.159489 -0.184282 -0.031627
v 0.159444 -0.183922 -0.031478
v 0.151735 -0.166672 -0.017882
v 0.149341 -0.167284 -0.015453
v 0.149194 -0.166083 -0.024775
v 0.149294 -0.166896 -0.024809
v 0.149393 -0.167702 -0.024700
v 0.149488 -0.168477 -0.024452
v 0.149576 -0.169198 -0.024073
v 0.149656 -0.169842 -0.023573
v 0.149723 -0.170390 -0.022968
v 0.149776 -0.170826 -0.022276
v 0.149814 -0.171135 -0.021518
v 0.149836 -0.171310 -0.020718
v 0.149840 -0.171344 -0.019900
v 0.149827 -0.171236 -0.019088
v 0.149797 -0.170990 -0.018307
v 0.149750 -0.170613 -0.017581
v 0.149689 -0.170117 -0.016932
v 0.149616 -0.169516 -0.016379
v 0.149531 -0.168830 -0.015941
v 0.149439 -0.168078 -0.015628
v 0.151664 -0.166098 -0.022345
v 0.151712 -0.166487 -0.022361
v 0.151759 -0.166872 -0.022309
v 0.151805 -0.167244 -0.022191
v 0.151847 -0.167588 -0.022009
v 0.151885 -0.167897 -0.021770
v 0.151917 -0.168159 -0.021480
v 0.151943 -0.168368 -0.021149
v 0.151961 -0.168516 -0.020786
v 0.151971 -0.168600 -0.020403
v 0.151973 -0.168616 -0.020011
v 0.151967 -0.168564 -0.019622
v 0.151953 -0.168447 -0.019249
v 0.151930 -0.168266 -0.018901
v 0.151901 -0.168029 -0.018590
v 0.151866 -0.167741 -0.018326
v 0.151826 -0.167412 -0.018116
v 0.151781 -0.167053 -0.017966
v 0.150958 -0.167045 -0.023128
v 0.151068 -0.167942 -0.022806
v 0.150165 -0.167294 -0.023931
v 0.151160 -0.168696 -0.022220
v 0.150305 -0.168430 -0.023523
v 0.151227 -0.169234 -0.021429
v 0.150422 -0.169385 -0.022781
v 0.151260 -0.169503 -0.020508
v 0.150506 -0.170066 -0.021779
v 0.151256 -0.169476 -0.019549
v 0.150548 -0.170406 -0.020613
v 0.151217 -0.169157 -0.018645
v 0.150543 -0.170373 -0.019399
v 0.151146 -0.168576 -0.017885
v 0.150494 -0.169968 -0.018254
v 0.151049 -0.167790 -0.017343
v 0.150403 -0.169232 -0.017292
v 0.150281 -0.168237 -0.016605
v 0.157243 -0.165996 -0.017882
v 0.151735 -0.166672 -0.017882
v 0.151664 -0.166098 -0.022345
v 0.151712 -0.166487 -0.022361
v 0.151759 -0.166872 -0.022309
v 0.151805 -0.167244 -0.022191
v 0.151847 -0.167588 -0.022009
v 0.151885 -0.167897 -0.021770
v 0.151917 -0.168159 -0.021480
v 0.151943 -0.168368 -0.021149
v 0.151961 -0.168516 -0.020786
v 0.151971 -0.168600 -0.020403
v 0.151973 -0.168616 -0.020011
v 0.151967 -0.168564 -0.019622
v 0.151953 -0.168447 -0.019249
v 0.151930 -0.168266 -0.018901
v 0.151901 -0.168029 -0.018590
v 0.151866 -0.167741 -0.018326
v 0.151826 -0.167412 -0.018116
v 0.151781 -0.167053 -0.017966
v 0.157173 -0.165421 -0.022345
v 0.157221 -0.165810 -0.022361
v 0.157268 -0.166196 -0.022309
v 0.157314 -0.166567 -0.022191
v 0.157356 -0.166912 -0.022009
v 0.157394 -0.167220 -0.021770
v 0.157426 -0.167483 -0.021480
v 0.157452 -0.167691 -0.021149
v 0.157470 -0.167840 -0.020786
v 0.157480 -0.167923 -0.020403
v 0.157482 -0.167940 -0.020011
v 0.157476 -0.167888 -0.019622
v 0.157461 -0.167770 -0.019249
v 0.157439 -0.167590 -0.018901
v 0.157410 -0.167352 -0.018590
v 0.157375 -0.167065 -0.018326
v 0.157334 -0.166736 -0.018116
v 0.157290 -0.166376 -0.017966
v 0.152084 -0.169514 0.004183
v 0.149690 -0.170125 0.006612
v 0.149543 -0.168925 -0.002709
v 0.149643 -0.169737 -0.002744
v 0.149742 -0.170543 -0.002635
v 0.149837 -0.171318 -0.002387
v 0.149925 -0.172039 -0.002008
v 0.150004 -0.172683 -0.001508
v 0.150072 -0.173231 -0.000903
v 0.150125 -0.173667 -0.000211
v 0.150163 -0.173976 0.000547
v 0.150185 -0.174151 0.001347
v 0.150189 -0.174185 0.002165
v 0.150176 -0.174077 0.002977
v 0.150145 -0.173831 0.003758
v 0.150099 -0.173454 0.004484
v 0.150038 -0.172958 0.005133
v 0.149964 -0.172358 0.005686
v 0.149880 -0.171671 0.006125
v 0.149788 -0.170919 0.006437
v 0.152013 -0.168939 -0.000280
v 0.152061 -0.169328 -0.000296
v 0.152108 -0.169714 -0.000244
v 0.152154 -0.170085 -0.000126
v 0.152196 -0.170430 0.000056
v 0.152234 -0.170738 0.000295
v 0.152266 -0.171001 0.000585
v 0.152292 -0.171209 0.000916
v 0.152310 -0.171357 0.001279
v 0.152320 -0.171441 0.001662
v 0.152322 -0.171457 0.002054
v 0.152316 -0.171406 0.002443
v 0.152301 -0.171288 0.002816
v 0.152279 -0.171107 0.003164
v 0.152250 -0.170870 0.003475
v 0.152215 -0.170582 0.003739
v 0.152174 -0.170254 0.003949
v 0.152130 -0.169894 0.004099
v 0.151307 -0.169886 -0.001063
v 0.151417 -0.170783 -0.000741
v 0.150514 -0.170135 -0.001865
v 0.151509 -0.171538 -0.000155
v 0.150654 -0.171271 -0.001458
v 0.151575 -0.172076 0.000636
v 0.150771 -0.172226 -0.000716
v 0.151608 -0.172344 0.001557
v 0.150855 -0.172907 0.000286
v 0.151605 -0.172318 0.002516
v 0.150897 -0.173248 0.001452
v 0.151566 -0.171998 0.003420
v 0.150892 -0.173214 0.002666
v 0.151495 -0.171417 0.004180
v 0.150843 -0.172809 0.003811
v 0.151398 -0.170631 0.004722
v 0.150752 -0.172073 0.004773
v 0.150630 -0.171078 0.005460
v 0.157592 -0.168837 0.004183
v 0.152084 -0.169514 0.004183
v 0.152013 -0.168939 -0.000280
v 0.152061 -0.169328 -0.000296
v 0.152108 -0.169714 -0.000244
v 0.152154 -0.170085 -0.000126
v 0.152196 -0.170430 0.000056
v 0.152234 -0.170738 0.000295
v 0.152266 -0.171001 0.000585
v 0.152292 -0.171209 0.000916
v 0.152310 -0.171357 0.001279
v 0.152320 -0.171441 0.001662
v 0.152322 -0.171457 0.002054
v 0.152316 -0.171406 0.002443
v 0.152301 -0.171288 0.002816
v 0.152279 -0.171107 0.003164
v 0.152250 -0.170870 0.003475
v 0.152215 -0.170582 0.003739
v 0.152174 -0.170254 0.003949
v 0.152130 -0.169894 0.004099
v 0.157522 -0.168263 -0.000280
v 0.157569 -0.168651 -0.000296
v 0.157617 -0.169037 -0.000244
v 0.157662 -0.169408 -0.000126
v 0.157705 -0.169753 0.000056
v 0.157743 -0.170062 0.000295
v 0.157775 -0.170324 0.000585
v 0.157800 -0.170533 0.000916
v 0.157819 -0.170681 0.001279
v 0.157829 -0.170765 0.001662
v 0.157831 -0.170781 0.002054
v 0.157825 -0.170729 0.002443
v 0.157810 -0.170611 0.002816
v 0.157788 -0.170431 0.003164
v 0.157759 -0.170193 0.003475
v 0.157723 -0.169906 0.003739
v 0.157683 -0.169577 0.003949
v 0.157639 -0.169217 0.004099
v 0.154587 -0.189901 0.012736
v 0.152194 -0.190512 0.015166
v 0.152046 -0.189312 0.005844
v 0.152146 -0.190124 0.005810
v 0.152245 -0.190930 0.005918
v 0.152340 -0.191705 0.006166
v 0.152428 -0.192426 0.006546
v 0.152508 -0.193070 0.007046
v 0.152575 -0.193618 0.007651
v 0.152628 -0.194054 0.008343
v 0.152666 -0.194364 0.009100
v 0.152688 -0.194538 0.009900
v 0.152692 -0.194572 0.010719
v 0.152679 -0.194464 0.011531
v 0.152649 -0.194218 0.012312
v 0.152602 -0.193842 0.013038
v 0.152541 -0.193345 0.013687
v 0.152468 -0.192745 0.014239
v 0.152383 -0.192058 0.014678
v 0.152291 -0.191306 0.014990
v 0.154516 -0.189326 0.008274
v 0.154564 -0.189715 0.008257
v 0.154611 -0.190101 0.008309
v 0.154657 -0.190472 0.008428
v 0.154699 -0.190817 0.008610
v 0.154737 -0.191125 0.008849
v 0.154769 -0.191388 0.009139
v 0.154795 -0.191596 0.009470
v 0.154813 -0.191744 0.009832
v 0.154823 -0.191828 0.010216
v 0.154825 -0.191844 0.010607
v 0.154819 -0.191793 0.010996
v 0.154805 -0.191675 0.011370
v 0.154783 -0.191495 0.011718
v 0.154753 -0.191257 0.012028
v 0.154718 -0.190969 0.012293
v 0.154678 -0.190641 0.012503
v 0.154634 -0.190281 0.012652
v 0.153810 -0.190273 0.007491
v 0.153920 -0.191170 0.007813
v 0.153018 -0.190522 0.006688
v 0.154013 -0.191925 0.008398
v 0.153157 -0.191658 0.007096
v 0.154079 -0.192463 0.009190
v 0.153274 -0.192613 0.007837
v 0.154112 -0.192731 0.010110
v 0.153358 -0.193294 0.008840
v 0.154108 -0.192705 0.011070
v 0.153400 -0.193635 0.010005
v 0.154069 -0.192385 0.011973
v 0.153396 -0.193601 0.011220
v 0.153998 -0.191804 0.012733
v 0.153346 -0.193196 0.012364
v 0.153901 -0.191018 0.013275
v 0.153256 -0.192460 0.013327
v 0.153133 -0.191465 0.014013
v 0.160095 -0.189224 0.012736
v 0.154587 -0.189901 0.012736
v 0.154516 -0.189326 0.008274
v 0.154564 -0.189715 0.008257
v 0.154611 -0.190101 0.008309
v 0.154657 -0.190472 0.008428
v 0.154699 -0.190817 0.008610
v 0.154737 -0.191125 0.008849
v 0.154769 -0.191388 0.009139
v 0.154795 -0.191596 0.009470
v 0.154813 -0.191744 0.009832
v 0.154823 -0.191828 0.010216
v 0.154825 -0.191844 0.010607
v 0.154819 -0.191793 0.010996
v 0.154805 -0.191675 0.011370
v 0.154783 -0.191495 0.011718
v 0.154753 -0.191257 0.012028
v 0.154718 -0.190969 0.012293
v 0.154678 -0.190641 0.012503
v 0.154634 -0.190281 0.012652
v 0.160025 -0.188650 0.008274
v 0.160073 -0.189039 0.008257
v 0.160120 -0.189424 0.008309
v 0.160166 -0.189795 0.008428
v 0.160208 -0.190140 0.008610
v 0.160246 -0.190449 0.008849
v 0.160278 -0.190711 0.009139
v 0.160304 -0.190920 0.009470
v 0.160322 -0.191068 0.009832
v 0.160332 -0.191152 0.010216
v 0.160334 -0.191168 0.010607
v 0.160328 -0.191116 0.010996
v 0.160313 -0.190999 0.011370
v 0.160291 -0.190818 0.011718
v 0.160262 -0.190581 0.012028
v 0.160227 -0.190293 0.012293
v 0.160186 -0.189964 0.012503
v 0.160142 -0.189604 0.012652
v 0.156741 -0.207447 -0.000775
v 0.154348 -0.208058 0.001654
v 0.154200 -0.206858 -0.007668
v 0.154300 -0.207670 -0.007702
v 0.154399 -0.208476 -0.007593
v 0.154494 -0.209251 -0.007345
v 0.154583 -0.209972 -0.006966
v 0.154662 -0.210616 -0.006466
v 0.154729 -0.211164 -0.005861
v 0.154783 -0.211600 -0.005169
v 0.154821 -0.211909 -0.004411
v 0.154842 -0.212084 -0.003611
v 0.154846 -0.212118 -0.002793
v 0.154833 -0.212010 -0.001981
v 0.154803 -0.211764 -0.001200
v 0.154757 -0.211387 -0.000474
v 0.154696 -0.210891 0.000175
v 0.154622 -0.210291 0.000728
v 0.154538 -0.209604 0.001166
v 0.154445 -0.208852 0.001479
v 0.156671 -0.206872 -0.005238
v 0.156718 -0.207261 -0.005254
v 0.156766 -0.207647 -0.005202
v 0.156811 -0.208018 -0.005084
v 0.156854 -0.208363 -0.004902
v 0.156892 -0.208671 -0.004663
v 0.156924 -0.208934 -0.004373
v 0.156949 -0.209142 -0.004042
v 0.156968 -0.209290 -0.003679
v 0.156978 -0.209374 -0.003296
v 0.156980 -0.209390 -0.002904
v 0.156974 -0.209339 -0.002515
v 0.156959 -0.209221 -0.002142
v 0.156937 -0.209040 -0.001794
v 0.156908 -0.208803 -0.001483
v 0.156872 -0.208515 -0.001219
v 0.156832 -0.208187 -0.001009
v 0.156788 -0.207827 -0.000859
v 0.155964 -0.207819 -0.006021
v 0.156074 -0.208716 -0.005699
v 0.155172 -0.208068 -0.006824
v 0.156167 -0.209471 -0.005113
v 0.155311 -0.209204 -0.006416
v 0.156233 -0.210008 -0.004322
v 0.155429 -0.210159 -0.005674
v 0.156266 -0.210277 -0.003401
v 0.155512 -0.210840 -0.004672
v 0.156263 -0.210251 -0.002442
v 0.155554 -0.211181 -0.003506
v 0.156223 -0.209931 -0.001538
v 0.155550 -0.211147 -0.002292
v 0.156152 -0.209350 -0.000778
v 0.155500 -0.210742 -0.001147
v 0.156056 -0.208564 -0.000236
v 0.155410 -0.210006 -0.000185
v 0.155288 -0.209011 0.000502
v 0.162250 -0.206770 -0.000775
v 0.156741 -0.207447 -0.000775
v 0.156671 -0.206872 -0.005238
v 0.156718 -0.207261 -0.005254
v 0.156766 -0.207647 -0.005202
v 0.156811 -0.208018 -0.005084
v 0.156854 -0.208363 -0.004902
v 0.156892 -0.208671 -0.004663
v 0.156924 -0.208934 -0.004373
v 0.156949 -0.209142 -0.004042
v 0.156968 -0.209290 -0.003679
v 0.156978 -0.209374 -0.003296
v 0.156980 -0.209390 -0.002904
v 0.156974 -0.209339 -0.002515
v 0.156959 -0.209221 -0.002142
v 0.156937 -0.209040 -0.001794
v 0.156908 -0.208803 -0.001483
v 0.156872 -0.208515 -0.001219
v 0.156832 -0.208187 -0.001009
v 0.156788 -0.207827 -0.000859
v 0.162179 -0.206196 -0.005238
v 0.162227 -0.206584 -0.005254
v 0.162274 -0.206970 -0.005202
v 0.162320 -0.207341 -0.005084
v 0.162362 -0.207686 -0.004902
v 0.162400 -0.207995 -0.004663
v 0.162432 -0.208257 -0.004373
v 0.162458 -0.208466 -0.004042
v 0.162476 -0.208614 -0.003679
v 0.162486 -0.208697 -0.003296
v 0.162488 -0.208714 -0.002904
v 0.162482 -0.208662 -0.002515
v 0.162468 -0.208544 -0.002142
v 0.162446 -0.208364 -0.001794
v 0.162416 -0.208126 -0.001483
v 0.162381 -0.207839 -0.001219
v 0.162341 -0.207510 -0.001009
v 0.162297 -0.207150 -0.000859
v 0.156392 -0.204605 -0.022840
v 0.153999 -0.205217 -0.020411
v 0.153852 -0.204016 -0.029733
v 0.153951 -0.204829 -0.029767
v 0.154050 -0.205635 -0.029658
v 0.154146 -0.206410 -0.029410
v 0.154234 -0.207131 -0.029031
v 0.154313 -0.207775 -0.028531
v 0.154380 -0.208323 -0.027926
v 0.154434 -0.208759 -0.027234
v 0.154472 -0.209068 -0.026477
v 0.154493 -0.209243 -0.025676
v 0.154498 -0.209277 -0.024858
v 0.154484 -0.209169 -0.024046
v 0.154454 -0.208923 -0.023265
v 0.154408 -0.208546 -0.022539
v 0.154347 -0.208050 -0.021890
v 0.154273 -0.207449 -0.021338
v 0.154189 -0.206763 -0.020899
v 0.154097 -0.206011 -0.020587
v 0.156322 -0.204031 -0.027303
v 0.156370 -0.204420 -0.027319
v 0.156417 -0.204805 -0.027267
v 0.156462 -0.205177 -0.027149
v 0.156505 -0.205521 -0.026967
v 0.156543 -0.205830 -0.026728
v 0.156575 -0.206092 -0.026438
v 0.156601 -0.206301 -0.026107
v 0.156619 -0.206449 -0.025744
v 0.156629 -0.206533 -0.025361
v 0.156631 -0.206549 -0.024969
v 0.156625 -0.206497 -0.024581
v 0.156610 -0.206380 -0.024207
v 0.156588 -0.206199 -0.023859
v 0.156559 -0.205962 -0.023548
v 0.156524 -0.205674 -0.023284
v 0.156483 -0.205345 -0.023074
v 0.156439 -0.204986 -0.022925
v 0.155615 -0.204978 -0.028086
v 0.155725 -0.205875 -0.027764
v 0.154823 -0.205227 -0.028889
v 0.155818 -0.206629 -0.027178
v 0.154963 -0.206363 -0.028481
v 0.155884 -0.207167 -0.026387
v 0.155080 -0.207318 -0.027739
v 0.155917 -0.207436 -0.025466
v 0.155163 -0.207999 -0.026737
v 0.155914 -0.207409 -0.024507
v 0.155205 -0.208339 -0.025571
v 0.155875 -0.207090 -0.023603
v 0.155201 -0.208306 -0.024357
v 0.155803 -0.206509 -0.022843
v 0.155151 -0.207901 -0.023212
v 0.155707 -0.205723 -0.022301
v 0.155061 -0.207165 -0.022250
v 0.154939 -0.206170 -0.021563
v 0.161901 -0.203929 -0.022840
v 0.156392 -0.204605 -0.022840
v 0.156322 -0.204031 -0.027303
v 0.156370 -0.204420 -0.027319
v 0.156417 -0.204805 -0.027267
v 0.156462 -0.205177 -0.027149
v 0.156505 -0.205521 -0.026967
v 0.156543 -0.205830 -0.026728
v 0.156575 -0.206092 -0.026438
v 0.156601 -0.206301 -0.026107
v 0.156619 -0.206449 -0.025744
v 0.156629 -0.206533 -0.025361
v 0.156631 -0.206549 -0.024969
v 0.156625 -0.206497 -0.024581
v 0.156610 -0.206380 -0.024207
v 0.156588 -0.206199 -0.023859
v 0.156559 -0.205962 -0.023548
v 0.156524 -0.205674 -0.023284
v 0.156483 -0.205345 -0.023074
v 0.156439 -0.204986 -0.022925
v 0.161830 -0.203354 -0.027303
v 0.161878 -0.203743 -0.027319
v 0.161926 -0.204129 -0.027267
v 0.161971 -0.204500 -0.027149
v 0.162013 -0.204845 -0.026967
v 0.162051 -0.205153 -0.026728
v 0.162084 -0.205416 -0.026438
v 0.162109 -0.205624 -0.026107
v 0.162127 -0.205773 -0.025744
v 0.162138 -0.205856 -0.025361
v 0.162140 -0.205873 -0.024969
v 0.162133 -0.205821 -0.024581
v 0.162119 -0.205703 -0.024207
v 0.162097 -0.205523 -0.023859
v 0.162068 -0.205285 -0.023548
v 0.162032 -0.204998 -0.023284
v 0.161992 -0.204669 -0.023074
v 0.161948 -0.204309 -0.022925
v 0.154251 -0.207266 -0.039549
v 0.154805 -0.211782 -0.036742
v 0.155405 -0.216667 -0.034653
v 0.156036 -0.221810 -0.033331
v 0.156685 -0.227091 -0.032807
v 0.157336 -0.232390 -0.033091
v 0.151228 -0.182652 -0.045876
v 0.151866 -0.187844 -0.046154
v 0.152501 -0.193018 -0.045641
v 0.153120 -0.198055 -0.044346
v 0.153707 -0.202841 -0.042300
v 0.147589 -0.153011 -0.007108
v 0.147558 -0.152761 -0.013135
v 0.147656 -0.153554 -0.019113
v 0.147878 -0.155365 -0.024863
v 0.148219 -0.158139 -0.030207
v 0.148667 -0.161793 -0.034986
v 0.149210 -0.166214 -0.039052
v 0.149831 -0.171269 -0.042284
v 0.150510 -0.176805 -0.044581
v 0.155039 -0.213686 0.010311
v 0.154553 -0.209725 0.014448
v 0.153989 -0.205139 0.017868
v 0.153365 -0.200054 0.020475
v 0.152697 -0.194611 0.022199
v 0.152003 -0.188960 0.022991
v 0.151303 -0.183257 0.022829
v 0.150615 -0.177659 0.021718
v 0.149960 -0.172320 0.019689
v 0.149354 -0.167389 0.016798
v 0.148816 -0.163001 0.013124
v 0.148358 -0.159277 0.008769
v 0.147995 -0.156321 0.003853
v 0.147736 -0.154212 -0.001489
v 0.157821 -0.236343 -0.002392
v 0.157183 -0.231147 -0.001305
v 0.156572 -0.226174 0.000560
v 0.156003 -0.221536 0.003160
v 0.155488 -0.217342 0.006435
v 0.170834 -0.342327 -0.016245
v 0.172462 -0.355586 -0.033586
v 0.172476 -0.355697 -0.030890
v 0.172432 -0.355343 -0.028216
v 0.172333 -0.354533 -0.025644
v 0.172180 -0.353292 -0.023254
v 0.171980 -0.351657 -0.021116
v 0.171737 -0.349680 -0.019297
v 0.171459 -0.347418 -0.017852
v 0.171155 -0.344942 -0.016824
v 0.170349 -0.338374 -0.046944
v 0.170677 -0.341050 -0.047057
v 0.171003 -0.343704 -0.046699
v 0.171317 -0.346256 -0.045883
v 0.171608 -0.348629 -0.044633
v 0.171868 -0.350751 -0.042986
v 0.172090 -0.352556 -0.040994
v 0.172266 -0.353991 -0.038716
v 0.172391 -0.355011 -0.036221
v 0.151566 -0.185398 -0.024548
v 0.151294 -0.183185 -0.024058
v 0.151037 -0.181090 -0.023189
v 0.150802 -0.179177 -0.021966
v 0.150596 -0.177503 -0.020426
v 0.150426 -0.176120 -0.018618
v 0.150298 -0.175070 -0.016595
v 0.150213 -0.174385 -0.014419
v 0.150177 -0.174085 -0.012156
v 0.150188 -0.174179 -0.009875
v 0.150248 -0.174666 -0.007645
v 0.150354 -0.175529 -0.005535
v 0.150503 -0.176743 -0.003607
v 0.150690 -0.178270 -0.001921
v 0.150911 -0.180065 -0.000528
v 0.151157 -0.182073 0.000530
v 0.151423 -0.184233 0.001221
v 0.151698 -0.186479 0.001523
v 0.151976 -0.188743 0.001428
v 0.152248 -0.190956 0.000938
v 0.152505 -0.193051 0.000068
v 0.152740 -0.194965 -0.001155
v 0.152946 -0.196638 -0.002694
v 0.153115 -0.198021 -0.004502
v 0.153244 -0.199071 -0.006525
v 0.153329 -0.199756 -0.008701
v 0.153365 -0.200056 -0.010964
v 0.153354 -0.199962 -0.013245
v 0.153294 -0.199476 -0.015475
v 0.153188 -0.198612 -0.017586
v 0.153039 -0.197399 -0.019513
v 0.152851 -0.195871 -0.021199
v 0.152631 -0.194076 -0.022593
v 0.152385 -0.192068 -0.023651
v 0.152119 -0.189908 -0.024341
v 0.151844 -0.187662 -0.024643
v 0.157499 -0.233726 -0.020579
v 0.157439 -0.233236 -0.020471
v 0.157382 -0.232773 -0.020279
v 0.157330 -0.232349 -0.020008
v 0.157285 -0.231979 -0.019668
v 0.157247 -0.231673 -0.019268
v 0.157219 -0.231441 -0.018820
v 0.157200 -0.231290 -0.018339
v 0.157192 -0.231223 -0.017838
v 0.157195 -0.231244 -0.017334
v 0.157208 -0.231352 -0.016841
v 0.157231 -0.231543 -0.016374
v 0.157264 -0.231811 -0.015947
v 0.157306 -0.232149 -0.015574
v 0.157355 -0.232546 -0.015266
v 0.157409 -0.232990 -0.015032
v 0.157468 -0.233468 -0.014879
v 0.157529 -0.233965 -0.014813
v 0.157590 -0.234465 -0.014834
v 0.170546 -0.339981 -0.034467
v 0.170637 -0.340720 -0.028722
v 0.170697 -0.341210 -0.028830
v 0.170754 -0.341673 -0.029022
v 0.170806 -0.342097 -0.029293
v 0.170851 -0.342467 -0.029633
v 0.170889 -0.342773 -0.030033
v 0.170917 -0.343005 -0.030481
v 0.170936 -0.343156 -0.030962
v 0.170944 -0.343223 -0.031463
v 0.170941 -0.343202 -0.031967
v 0.170928 -0.343094 -0.032460
v 0.170905 -0.342903 -0.032927
v 0.170872 -0.342635 -0.033354
v 0.170830 -0.342297 -0.033727
v 0.170782 -0.341900 -0.034035
v 0.170727 -0.341456 -0.034269
v 0.170668 -0.340978 -0.034422
v 0.170607 -0.340481 -0.034488
v 0.149194 -0.166083 -0.024775
v 0.149294 -0.166896 -0.024809
v 0.149393 -0.167702 -0.024700
v 0.149488 -0.168477 -0.024452
v 0.149576 -0.169198 -0.024073
v 0.149656 -0.169842 -0.023573
v 0.149723 -0.170390 -0.022968
v 0.149776 -0.170826 -0.022276
v 0.149814 -0.171135 -0.021518
v 0.149836 -0.171310 -0.020718
v 0.149840 -0.171344 -0.019900
v 0.149827 -0.171236 -0.019088
v 0.149797 -0.170990 -0.018307
v 0.149750 -0.170613 -0.017581
v 0.149689 -0.170117 -0.016932
v 0.149616 -0.169516 -0.016379
v 0.149531 -0.168830 -0.015941
v 0.149439 -0.168078 -0.015628
v 0.149341 -0.167284 -0.015453
v 0.149242 -0.166471 -0.015418
v 0.149143 -0.165665 -0.015527
v 0.149048 -0.164890 -0.015775
v 0.148959 -0.164170 -0.016154
v 0.148880 -0.163525 -0.016654
v 0.148813 -0.162977 -0.017259
v 0.148759 -0.162542 -0.017951
v 0.148721 -0.162232 -0.018709
v 0.148700 -0.162057 -0.019509
v 0.148696 -0.162023 -0.020328
v 0.148709 -0.162131 -0.021140
v 0.148739 -0.162377 -0.021920
v 0.148785 -0.162754 -0.022646
v 0.148846 -0.163250 -0.023295
v 0.148920 -0.163851 -0.023848
v 0.149004 -0.164537 -0.024287
v 0.149097 -0.165289 -0.024599
v 0.149543 -0.168925 -0.002709
v 0.149643 -0.169737 -0.002744
v 0.149742 -0.170543 -0.002635
v 0.149837 -0.171318 -0.002387
v 0.149925 -0.172039 -0.002008
v 0.150004 -0.172683 -0.001508
v 0.150072 -0.173231 -0.000903
v 0.150125 -0.173667 -0.000211
v 0.150163 -0.173976 0.000547
v 0.150185 -0.174151 0.001347
v 0.150189 -0.174185 0.002165
v 0.150176 -0.174077 0.002977
v 0.150145 -0.173831 0.003758
v 0.150099 -0.173454 0.004484
v 0.150038 -0.172958 0.005133
v 0.149964 -0.172358 0.005686
v 0.149880 -0.171671 0.006125
v 0.149788 -0.170919 0.006437
v 0.149690 -0.170125 0.006612
v 0.149591 -0.169313 0.006647
v 0.149492 -0.168507 0.006538
v 0.149396 -0.167731 0.006290
v 0.149308 -0.167011 0.005911
v 0.149229 -0.166367 0.005411
v 0.149162 -0.165818 0.004806
v 0.149108 -0.165383 0.004114
v 0.149070 -0.165073 0.003356
v 0.149049 -0.164899 0.002556
v 0.149044 -0.164865 0.001738
v 0.149058 -0.164972 0.000926
v 0.149088 -0.165218 0.000145
v 0.149134 -0.165595 -0.000581
v 0.149195 -0.166091 -0.001230
v 0.149269 -0.166692 -0.001783
v 0.149353 -0.167379 -0.002222
v 0.149445 -0.168130 -0.002534
v 0.152046 -0.189312 0.005844
v 0.152146 -0.190124 0.005810
v 0.152245 -0.190930 0.005918
v 0.152340 -0.191705 0.006166
v 0.152428 -0.192426 0.006546
v 0.152508 -0.193070 0.007046
v 0.152575 -0.193618 0.007651
v 0.152628 -0.194054 0.008343
v 0.152666 -0.194364 0.009100
v 0.152688 -0.194538 0.009900
v 0.152692 -0.194572 0.010719
v 0.152679 -0.194464 0.011531
v 0.152649 -0.194218 0.012312
v 0.152602 -0.193842 0.013038
v 0.152541 -0.193345 0.013687
v 0.152468 -0.192745 0.014239
v 0.152383 -0.192058 0.014678
v 0.152291 -0.191306 0.014990
v 0.152194 -0.190512 0.015166
v 0.152094 -0.189700 0.015200
v 0.151995 -0.188894 0.015092
v 0.151900 -0.188119 0.014844
v 0.151811 -0.187398 0.014464
v 0.151732 -0.186754 0.013964
v 0.151665 -0.186206 0.013359
v 0.151611 -0.185770 0.012667
v 0.151573 -0.185460 0.011910
v 0.151552 -0.185286 0.011110
v 0.151548 -0.185252 0.010291
v 0.151561 -0.185359 0.009479
v 0.151591 -0.185605 0.008698
v 0.151637 -0.185982 0.007972
v 0.151698 -0.186478 0.007323
v 0.151772 -0.187079 0.006771
v 0.151856 -0.187766 0.006332
v 0.151949 -0.188518 0.006020
v 0.154200 -0.206858 -0.007668
v 0.154300 -0.207670 -0.007702
v 0.154399 -0.208476 -0.007593
v 0.154494 -0.209251 -0.007345
v 0.154583 -0.209972 -0.006966
v 0.154662 -0.210616 -0.006466
v 0.154729 -0.211164 -0.005861
v 0.154783 -0.211600 -0.005169
v 0.154821 -0.211909 -0.004411
v 0.154842 -0.212084 -0.003611
v 0.154846 -0.212118 -0.002793
v 0.154833 -0.212010 -0.001981
v 0.154803 -0.211764 -0.001200
v 0.154757 -0.211387 -0.000474
v 0.154696 -0.210891 0.000175
v 0.154622 -0.210291 0.000728
v 0.154538 -0.209604 0.001166
v 0.154445 -0.208852 0.001479
v 0.154348 -0.208058 0.001654
v 0.154248 -0.207245 0.001689
v 0.154149 -0.206439 0.001580
v 0.154054 -0.205664 0.001332
v 0.153966 -0.204944 0.000953
v 0.153886 -0.204300 0.000453
v 0.153819 -0.203751 -0.000152
v 0.153766 -0.203316 -0.000844
v 0.153728 -0.203006 -0.001602
v 0.153706 -0.202832 -0.002402
v 0.153702 -0.202798 -0.003220
v 0.153715 -0.202905 -0.004033
v 0.153745 -0.203151 -0.004813
v 0.153792 -0.203528 -0.005539
v 0.153853 -0.204024 -0.006188
v 0.153926 -0.204625 -0.006741
v 0.154011 -0.205312 -0.007180
v 0.154103 -0.206063 -0.007492
v 0.153852 -0.204016 -0.029733
v 0.153951 -0.204829 -0.029767
v 0.154050 -0.205635 -0.029658
v 0.154146 -0.206410 -0.029410
v 0.154234 -0.207131 -0.029031
v 0.154313 -0.207775 -0.028531
v 0.154380 -0.208323 -0.027926
v 0.154434 -0.208759 -0.027234
v 0.154472 -0.209068 -0.026477
v 0.154493 -0.209243 -0.025676
v 0.154498 -0.209277 -0.024858
v 0.154484 -0.209169 -0.024046
v 0.154454 -0.208923 -0.023265
v 0.154408 -0.208546 -0.022539
v 0.154347 -0.208050 -0.021890
v 0.154273 -0.207449 -0.021338
v 0.154189 -0.206763 -0.020899
v 0.154097 -0.206011 -0.020587
v 0.153999 -0.205217 -0.020411
v 0.153899 -0.204404 -0.020377
v 0.153800 -0.203598 -0.020485
v 0.153705 -0.202823 -0.020733
v 0.153617 -0.202103 -0.021113
v 0.153538 -0.201458 -0.021612
v 0.153470 -0.200910 -0.022218
v 0.153417 -0.200475 -0.022909
v 0.153379 -0.200165 -0.023667
v 0.153357 -0.199990 -0.024467
v 0.153353 -0.199956 -0.025286
v 0.153366 -0.200064 -0.026098
v 0.153397 -0.200310 -0.026878
v 0.153443 -0.200687 -0.027604
v 0.153504 -0.201183 -0.028253
v 0.153577 -0.201784 -0.028806
v 0.153662 -0.202470 -0.029245
v 0.153754 -0.203222 -0.029557
v 0.151348 -0.183629 -0.038286
v 0.151448 -0.184442 -0.038320
v 0.151547 -0.185248 -0.038212
v 0.151642 -0.186023 -0.037964
v 0.151731 -0.186743 -0.037584
v 0.151810 -0.187388 -0.037084
v 0.151877 -0.187936 -0.036479
v 0.151931 -0.188371 -0.035788
v 0.151969 -0.188681 -0.035030
v 0.151990 -0.188856 -0.034230
v 0.151994 -0.188890 -0.033411
v 0.151981 -0.188782 -0.032599
v 0.151951 -0.188536 -0.031818
v 0.151905 -0.188159 -0.031092
v 0.151844 -0.187663 -0.030443
v 0.151770 -0.187062 -0.029891
v 0.151686 -0.186376 -0.029452
v 0.151593 -0.185624 -0.029140
v 0.151496 -0.184830 -0.028964
v 0.151396 -0.184017 -0.028930
v 0.151297 -0.183211 -0.029039
v 0.151202 -0.182436 -0.029286
v 0.151113 -0.181716 -0.029666
v 0.151034 -0.181071 -0.030166
v 0.150967 -0.180523 -0.030771
v 0.150914 -0.180088 -0.031463
v 0.150876 -0.179778 -0.032220
v 0.150854 -0.179603 -0.033021
v 0.150850 -0.179569 -0.033839
v 0.150863 -0.179677 -0.034651
v 0.150893 -0.179923 -0.035432
v 0.150940 -0.180300 -0.036158
v 0.151001 -0.180796 -0.036807
v 0.151074 -0.181397 -0.037359
v 0.151159 -0.182083 -0.037798
v 0.151251 -0.182835 -0.038110
v 0.165761 -0.235368 -0.002392
v 0.178774 -0.341352 -0.016245
v 0.162979 -0.212711 0.010311
v 0.163428 -0.216367 0.006435
v 0.163943 -0.220561 0.003160
v 0.164513 -0.225199 0.000560
v 0.165123 -0.230172 -0.001305
v 0.160254 -0.190514 0.022755
v 0.160879 -0.195605 0.021690
v 0.161477 -0.200477 0.019863
v 0.162035 -0.205020 0.017316
v 0.162540 -0.209129 0.014108
v 0.155529 -0.152036 -0.007108
v 0.155687 -0.153321 -0.001217
v 0.155967 -0.155601 0.004360
v 0.156361 -0.158808 0.009453
v 0.156856 -0.162845 0.013908
v 0.157439 -0.167587 0.017589
v 0.158090 -0.172892 0.020384
v 0.158791 -0.178599 0.022209
v 0.159519 -0.184533 0.023007
v 0.162191 -0.206291 -0.039549
v 0.161592 -0.201413 -0.042531
v 0.160941 -0.196113 -0.044659
v 0.160257 -0.190536 -0.045873
v 0.159557 -0.184837 -0.046140
v 0.158861 -0.179172 -0.045453
v 0.158189 -0.173698 -0.043830
v 0.157559 -0.168567 -0.041317
v 0.156988 -0.163919 -0.037983
v 0.156493 -0.159884 -0.033920
v 0.156086 -0.156571 -0.029239
v 0.155780 -0.154074 -0.024071
v 0.155581 -0.152460 -0.018557
v 0.155497 -0.151774 -0.012851
v 0.165276 -0.231415 -0.033091
v 0.164625 -0.226116 -0.032807
v 0.163977 -0.220835 -0.033331
v 0.163345 -0.215692 -0.034653
v 0.162746 -0.210807 -0.036742
v 0.178289 -0.337399 -0.046944
v 0.180402 -0.354611 -0.033586
v 0.180332 -0.354036 -0.036221
v 0.180207 -0.353016 -0.038716
v 0.180030 -0.351581 -0.040994
v 0.179809 -0.349776 -0.042986
v 0.179548 -0.347654 -0.044633
v 0.179257 -0.345281 -0.045883
v 0.178943 -0.342729 -0.046699
v 0.178618 -0.340075 -0.047057
v 0.179096 -0.343967 -0.016824
v 0.179400 -0.346443 -0.017852
v 0.179677 -0.348705 -0.019297
v 0.179920 -0.350682 -0.021116
v 0.180121 -0.352317 -0.023254
v 0.180273 -0.353558 -0.025644
v 0.180373 -0.354368 -0.028216
v 0.180416 -0.354722 -0.030890
v 0.159917 -0.187768 0.001428
v 0.159639 -0.185504 0.001523
v 0.159363 -0.183258 0.001221
v 0.159098 -0.181098 0.000530
v 0.158851 -0.179091 -0.000528
v 0.158631 -0.177295 -0.001921
v 0.158443 -0.175768 -0.003607
v 0.158294 -0.174554 -0.005535
v 0.158188 -0.173691 -0.007645
v 0.158128 -0.173205 -0.009875
v 0.158117 -0.173110 -0.012156
v 0.158154 -0.173410 -0.014419
v 0.158238 -0.174095 -0.016595
v 0.158367 -0.175145 -0.018618
v 0.158537 -0.176528 -0.020426
v 0.158742 -0.178202 -0.021966
v 0.158977 -0.180115 -0.023189
v 0.159234 -0.182210 -0.024058
v 0.159506 -0.184423 -0.024548
v 0.159784 -0.186687 -0.024643
v 0.160060 -0.188933 -0.024341
v 0.160325 -0.191093 -0.023651
v 0.160571 -0.193101 -0.022593
v 0.160792 -0.194896 -0.021199
v 0.160979 -0.196424 -0.019513
v 0.161128 -0.197638 -0.017586
v 0.161234 -0.198501 -0.015475
v 0.161294 -0.198987 -0.013245
v 0.161306 -0.199082 -0.010964
v 0.161269 -0.198782 -0.008701
v 0.161185 -0.198096 -0.006525
v 0.161056 -0.197046 -0.004502
v 0.160886 -0.195663 -0.002694
v 0.160681 -0.193990 -0.001155
v 0.160446 -0.192076 0.000068
v 0.160188 -0.189981 0.000938
v 0.165531 -0.233490 -0.014834
v 0.165469 -0.232990 -0.014813
v 0.165408 -0.232493 -0.014879
v 0.165350 -0.232015 -0.015032
v 0.165295 -0.231571 -0.015266
v 0.165246 -0.231174 -0.015574
v 0.165205 -0.230836 -0.015947
v 0.165172 -0.230568 -0.016374
v 0.165148 -0.230377 -0.016841
v 0.165135 -0.230269 -0.017334
v 0.165133 -0.230248 -0.017838
v 0.165141 -0.230315 -0.018339
v 0.165159 -0.230466 -0.018820
v 0.165188 -0.230698 -0.019268
v 0.165225 -0.231004 -0.019668
v 0.165271 -0.231375 -0.020008
v 0.165323 -0.231798 -0.020279
v 0.165380 -0.232261 -0.020471
v 0.165440 -0.232751 -0.020579
v 0.178577 -0.339745 -0.028722
v 0.178486 -0.339006 -0.034467
v 0.178548 -0.339506 -0.034488
v 0.178609 -0.340003 -0.034422
v 0.178667 -0.340481 -0.034269
v 0.178722 -0.340925 -0.034035
v 0.178771 -0.341322 -0.033727
v 0.178812 -0.341660 -0.033354
v 0.178845 -0.341928 -0.032927
v 0.178869 -0.342119 -0.032460
v 0.178882 -0.342227 -0.031967
v 0.178884 -0.342248 -0.031463
v 0.178876 -0.342181 -0.030962
v 0.178858 -0.342030 -0.030481
v 0.178829 -0.341798 -0.030033
v 0.178792 -0.341492 -0.029633
v 0.178746 -0.341122 -0.029293
v 0.178694 -0.340698 -0.029022
v 0.178637 -0.340235 -0.028830
v 0.159327 -0.182967 -0.035856
v 0.159375 -0.183356 -0.035873
v 0.159422 -0.183742 -0.035821
v 0.159468 -0.184113 -0.035702
v 0.159510 -0.184458 -0.035521
v 0.159548 -0.184766 -0.035281
v 0.159580 -0.185029 -0.034992
v 0.159606 -0.185237 -0.034660
v 0.159624 -0.185386 -0.034298
v 0.159634 -0.185469 -0.033915
v 0.159636 -0.185485 -0.033523
v 0.159630 -0.185434 -0.033134
v 0.159616 -0.185316 -0.032760
v 0.159593 -0.185136 -0.032413
v 0.159564 -0.184898 -0.032102
v 0.159529 -0.184611 -0.031838
v 0.159489 -0.184282 -0.031627
v 0.159444 -0.183922 -0.031478
v 0.159398 -0.183542 -0.031394
v 0.159350 -0.183153 -0.031378
v 0.159303 -0.182767 -0.031429
v 0.159257 -0.182396 -0.031548
v 0.159215 -0.182051 -0.031730
v 0.159177 -0.181743 -0.031969
v 0.159145 -0.181480 -0.032259
v 0.159119 -0.181272 -0.032590
v 0.159101 -0.181123 -0.032953
v 0.159091 -0.181040 -0.033336
v 0.159089 -0.181024 -0.033728
v 0.159095 -0.181075 -0.034116
v 0.159109 -0.181193 -0.034490
v 0.159131 -0.181373 -0.034838
v 0.159161 -0.181611 -0.035148
v 0.159196 -0.181898 -0.035413
v 0.159236 -0.182227 -0.035623
v 0.159281 -0.182587 -0.035772
v 0.157173 -0.165421 -0.022345
v 0.157221 -0.165810 -0.022361
v 0.157268 -0.166196 -0.022309
v 0.157314 -0.166567 -0.022191
v 0.157356 -0.166912 -0.022009
v 0.157394 -0.167220 -0.021770
v 0.157426 -0.167483 -0.021480
v 0.157452 -0.167691 -0.021149
v 0.157470 -0.167840 -0.020786
v 0.157480 -0.167923 -0.020403
v 0.157482 -0.167940 -0.020011
v 0.157476 -0.167888 -0.019622
v 0.157461 -0.167770 -0.019249
v 0.157439 -0.167590 -0.018901
v 0.157410 -0.167352 -0.018590
v 0.157375 -0.167065 -0.018326
v 0.157334 -0.166736 -0.018116
v 0.157290 -0.166376 -0.017966
v 0.157243 -0.165996 -0.017882
v 0.157196 -0.165607 -0.017866
v 0.157148 -0.165221 -0.017918
v 0.157103 -0.164850 -0.018037
v 0.157060 -0.164505 -0.018218
v 0.157022 -0.164197 -0.018458
v 0.156990 -0.163934 -0.018747
v 0.156965 -0.163726 -0.019078
v 0.156946 -0.163578 -0.019441
v 0.156936 -0.163494 -0.019824
v 0.156934 -0.163478 -0.020216
v 0.156941 -0.163529 -0.020605
v 0.156955 -0.163647 -0.020979
v 0.156977 -0.163827 -0.021326
v 0.157006 -0.164065 -0.021637
v 0.157042 -0.164352 -0.021901
v 0.157082 -0.164681 -0.022111
v 0.157126 -0.165041 -0.022261
v 0.157522 -0.168263 -0.000280
v 0.157569 -0.168651 -0.000296
v 0.157617 -0.169037 -0.000244
v 0.157662 -0.169408 -0.000126
v 0.157705 -0.169753 0.000056
v 0.157743 -0.170062 0.000295
v 0.157775 -0.170324 0.000585
v 0.157800 -0.170533 0.000916
v 0.157819 -0.170681 0.001279
v 0.157829 -0.170765 0.001662
v 0.157831 -0.170781 0.002054
v 0.157825 -0.170729 0.002443
v 0.157810 -0.170611 0.002816
v 0.157788 -0.170431 0.003164
v 0.157759 -0.170193 0.003475
v 0.157723 -0.169906 0.003739
v 0.157683 -0.169577 0.003949
v 0.157639 -0.169217 0.004099
v 0.157592 -0.168837 0.004183
v 0.157544 -0.168448 0.004199
v 0.157497 -0.168062 0.004147
v 0.157452 -0.167691 0.004029
v 0.157409 -0.167346 0.003847
v 0.157371 -0.167038 0.003607
v 0.157339 -0.166776 0.003318
v 0.157314 -0.166567 0.002987
v 0.157295 -0.166419 0.002624
v 0.157285 -0.166335 0.002241
v 0.157283 -0.166319 0.001849
v 0.157289 -0.166370 0.001460
v 0.157304 -0.166488 0.001087
v 0.157326 -0.166669 0.000739
v 0.157355 -0.166906 0.000428
v 0.157390 -0.167194 0.000164
v 0.157431 -0.167522 -0.000046
v 0.157475 -0.167882 -0.000196
v 0.160025 -0.188650 0.008274
v 0.160073 -0.189039 0.008257
v 0.160120 -0.189424 0.008309
v 0.160166 -0.189795 0.008428
v 0.160208 -0.190140 0.008610
v 0.160246 -0.190449 0.008849
v 0.160278 -0.190711 0.009139
v 0.160304 -0.190920 0.009470
v 0.160322 -0.191068 0.009832
v 0.160332 -0.191152 0.010216
v 0.160334 -0.191168 0.010607
v 0.160328 -0.191116 0.010996
v 0.160313 -0.190999 0.011370
v 0.160291 -0.190818 0.011718
v 0.160262 -0.190581 0.012028
v 0.160227 -0.190293 0.012293
v 0.160186 -0.189964 0.012503
v 0.160142 -0.189604 0.012652
v 0.160095 -0.189224 0.012736
v 0.160048 -0.188835 0.012753
v 0.160000 -0.188449 0.012701
v 0.159955 -0.188078 0.012582
v 0.159912 -0.187733 0.012400
v 0.159875 -0.187425 0.012161
v 0.159842 -0.187163 0.011871
v 0.159817 -0.186954 0.011540
v 0.159799 -0.186806 0.011178
v 0.159788 -0.186722 0.010794
v 0.159786 -0.186706 0.010403
v 0.159793 -0.186758 0.010014
v 0.159807 -0.186875 0.009640
v 0.159829 -0.187056 0.009292
v 0.159858 -0.187293 0.008982
v 0.159894 -0.187581 0.008717
v 0.159934 -0.187909 0.008507
v 0.159978 -0.188269 0.008358
v 0.162179 -0.206196 -0.005238
v 0.162227 -0.206584 -0.005254
v 0.162274 -0.206970 -0.005202
v 0.162320 -0.207341 -0.005084
v 0.162362 -0.207686 -0.004902
v 0.162400 -0.207995 -0.004663
v 0.162432 -0.208257 -0.004373
v 0.162458 -0.208466 -0.004042
v 0.162476 -0.208614 -0.003679
v 0.162486 -0.208697 -0.003296
v 0.162488 -0.208714 -0.002904
v 0.162482 -0.208662 -0.002515
v 0.162468 -0.208544 -0.002142
v 0.162446 -0.208364 -0.001794
v 0.162416 -0.208126 -0.001483
v 0.162381 -0.207839 -0.001219
v 0.162341 -0.207510 -0.001009
v 0.162297 -0.207150 -0.000859
v 0.162250 -0.206770 -0.000775
v 0.162202 -0.206381 -0.000759
v 0.162155 -0.205995 -0.000811
v 0.162109 -0.205624 -0.000929
v 0.162067 -0.205279 -0.001111
v 0.162029 -0.204971 -0.001351
v 0.161997 -0.204709 -0.001640
v 0.161971 -0.204500 -0.001971
v 0.161953 -0.204352 -0.002334
v 0.161943 -0.204268 -0.002717
v 0.161941 -0.204252 -0.003109
v 0.161947 -0.204303 -0.003498
v 0.161961 -0.204421 -0.003872
v 0.161984 -0.204602 -0.004219
v 0.162013 -0.204839 -0.004530
v 0.162048 -0.205127 -0.004794
v 0.162088 -0.205455 -0.005004
v 0.162133 -0.205815 -0.005154
v 0.161830 -0.203354 -0.027303
v 0.161878 -0.203743 -0.027319
v 0.161926 -0.204129 -0.027267
v 0.161971 -0.204500 -0.027149
v 0.162013 -0.204845 -0.026967
v 0.162051 -0.205153 -0.026728
v 0.162084 -0.205416 -0.026438
v 0.162109 -0.205624 -0.026107
v 0.162127 -0.205773 -0.025744
v 0.162138 -0.205856 -0.025361
v 0.162140 -0.205873 -0.024969
v 0.162133 -0.205821 -0.024581
v 0.162119 -0.205703 -0.024207
v 0.162097 -0.205523 -0.023859
v 0.162068 -0.205285 -0.023548
v 0.162032 -0.204998 -0.023284
v 0.161992 -0.204669 -0.023074
v 0.161948 -0.204309 -0.022925
v 0.161901 -0.203929 -0.022840
v 0.161853 -0.203540 -0.022824
v 0.161806 -0.203154 -0.022876
v 0.161760 -0.202783 -0.022995
v 0.161718 -0.202438 -0.023176
v 0.161680 -0.202130 -0.023416
v 0.161648 -0.201867 -0.023705
v 0.161622 -0.201659 -0.024037
v 0.161604 -0.201511 -0.024399
v 0.161594 -0.201427 -0.024782
v 0.161592 -0.201411 -0.025174
v 0.161598 -0.201462 -0.025563
v 0.161613 -0.201580 -0.025937
v 0.161635 -0.201760 -0.026284
v 0.161664 -0.201998 -0.026595
v 0.161699 -0.202285 -0.026859
v 0.161740 -0.202614 -0.027069
v 0.161784 -0.202974 -0.027219
v 0.156392 -0.204605 -0.022840
v 0.156345 -0.204216 -0.022824
v 0.156297 -0.203831 -0.022876
v 0.156252 -0.203459 -0.022995
v 0.156209 -0.203115 -0.023176
v 0.156171 -0.202806 -0.023416
v 0.156139 -0.202544 -0.023705
v 0.156114 -0.202335 -0.024037
v 0.156095 -0.202187 -0.024399
v 0.156085 -0.202103 -0.024782
v 0.156083 -0.202087 -0.025174
v 0.156089 -0.202139 -0.025563
v 0.156104 -0.202256 -0.025937
v 0.156126 -0.202437 -0.026284
v 0.156155 -0.202674 -0.026595
v 0.156191 -0.202962 -0.026859
v 0.156231 -0.203291 -0.027069
v 0.156275 -0.203650 -0.027219
v 0.156322 -0.204031 -0.027303
v 0.161901 -0.203929 -0.022840
v 0.161853 -0.203540 -0.022824
v 0.161806 -0.203154 -0.022876
v 0.161760 -0.202783 -0.022995
v 0.161718 -0.202438 -0.023176
v 0.161680 -0.202130 -0.023416
v 0.161648 -0.201867 -0.023705
v 0.161622 -0.201659 -0.024037
v 0.161604 -0.201511 -0.024399
v 0.161594 -0.201427 -0.024782
v 0.161592 -0.201411 -0.025174
v 0.161598 -0.201462 -0.025563
v 0.161613 -0.201580 -0.025937
v 0.161635 -0.201760 -0.026284
v 0.161664 -0.201998 -0.026595
v 0.161699 -0.202285 -0.026859
v 0.161740 -0.202614 -0.027069
v 0.161784 -0.202974 -0.027219
v 0.161830 -0.203354 -0.027303
v 0.153999 -0.205217 -0.020411
v 0.153899 -0.204404 -0.020377
v 0.153800 -0.203598 -0.020485
v 0.153705 -0.202823 -0.020733
v 0.153617 -0.202103 -0.021113
v 0.153538 -0.201458 -0.021612
v 0.153470 -0.200910 -0.022218
v 0.153417 -0.200475 -0.022909
v 0.153379 -0.200165 -0.023667
v 0.153357 -0.199990 -0.024467
v 0.153353 -0.199956 -0.025286
v 0.153366 -0.200064 -0.026098
v 0.153397 -0.200310 -0.026878
v 0.153443 -0.200687 -0.027604
v 0.153504 -0.201183 -0.028253
v 0.153577 -0.201784 -0.028806
v 0.153662 -0.202470 -0.029245
v 0.153754 -0.203222 -0.029557
v 0.153852 -0.204016 -0.029733
v 0.156392 -0.204605 -0.022840
v 0.156345 -0.204216 -0.022824
v 0.156297 -0.203831 -0.022876
v 0.156252 -0.203459 -0.022995
v 0.156209 -0.203115 -0.023176
v 0.156171 -0.202806 -0.023416
v 0.156139 -0.202544 -0.023705
v 0.156114 -0.202335 -0.024037
v 0.156095 -0.202187 -0.024399
v 0.156085 -0.202103 -0.024782
v 0.156083 -0.202087 -0.025174
v 0.156089 -0.202139 -0.025563
v 0.156104 -0.202256 -0.025937
v 0.156126 -0.202437 -0.026284
v 0.156155 -0.202674 -0.026595
v 0.156191 -0.202962 -0.026859
v 0.156231 -0.203291 -0.027069
v 0.156275 -0.203650 -0.027219
v 0.156322 -0.204031 -0.027303
v 0.155478 -0.203857 -0.022057
v 0.155368 -0.202960 -0.022379
v 0.154649 -0.203808 -0.021255
v 0.155275 -0.202206 -0.022965
v 0.154509 -0.202672 -0.021662
v 0.155209 -0.201668 -0.023757
v 0.154392 -0.201716 -0.022404
v 0.155176 -0.201399 -0.024677
v 0.154308 -0.201035 -0.023406
v 0.155179 -0.201426 -0.025636
v 0.154267 -0.200695 -0.024572
v 0.155218 -0.201745 -0.026540
v 0.154271 -0.200729 -0.025787
v 0.155290 -0.202326 -0.027300
v 0.154320 -0.201133 -0.026931
v 0.155386 -0.203112 -0.027842
v 0.154411 -0.201869 -0.027894
v 0.154533 -0.202864 -0.028580
v 0.156741 -0.207447 -0.000775
v 0.156693 -0.207058 -0.000759
v 0.156646 -0.206672 -0.000811
v 0.156601 -0.206301 -0.000929
v 0.156558 -0.205956 -0.001111
v 0.156520 -0.205647 -0.001351
v 0.156488 -0.205385 -0.001640
v 0.156462 -0.205176 -0.001971
v 0.156444 -0.205028 -0.002334
v 0.156434 -0.204945 -0.002717
v 0.156432 -0.204928 -0.003109
v 0.156438 -0.204980 -0.003498
v 0.156453 -0.205098 -0.003872
v 0.156475 -0.205278 -0.004219
v 0.156504 -0.205516 -0.004530
v 0.156539 -0.205803 -0.004794
v 0.156580 -0.206132 -0.005004
v 0.156624 -0.206492 -0.005154
v 0.156671 -0.206872 -0.005238
v 0.162250 -0.206770 -0.000775
v 0.162202 -0.206381 -0.000759
v 0.162155 -0.205995 -0.000811
v 0.162109 -0.205624 -0.000929
v 0.162067 -0.205279 -0.001111
v 0.162029 -0.204971 -0.001351
v 0.161997 -0.204709 -0.001640
v 0.161971 -0.204500 -0.001971
v 0.161953 -0.204352 -0.002334
v 0.161943 -0.204268 -0.002717
v 0.161941 -0.204252 -0.003109
v 0.161947 -0.204303 -0.003498
v 0.161961 -0.204421 -0.003872
v 0.161984 -0.204602 -0.004219
v 0.162013 -0.204839 -0.004530
v 0.162048 -0.205127 -0.004794
v 0.162088 -0.205455 -0.005004
v 0.162133 -0.205815 -0.005154
v 0.162179 -0.206196 -0.005238
v 0.154348 -0.208058 0.001654
v 0.154248 -0.207245 0.001689
v 0.154149 -0.206439 0.001580
v 0.154054 -0.205664 0.001332
v 0.153966 -0.204944 0.000953
v 0.153886 -0.204300 0.000453
v 0.153819 -0.203751 -0.000152
v 0.153766 -0.203316 -0.000844
v 0.153728 -0.203006 -0.001602
v 0.153706 -0.202832 -0.002402
v 0.153702 -0.202798 -0.003220
v 0.153715 -0.202905 -0.004033
v 0.153745 -0.203151 -0.004813
v 0.153792 -0.203528 -0.005539
v 0.153853 -0.204024 -0.006188
v 0.153926 -0.204625 -0.006741
v 0.154011 -0.205312 -0.007180
v 0.154103 -0.206063 -0.007492
v 0.154200 -0.206858 -0.007668
v 0.156741 -0.207447 -0.000775
v 0.156693 -0.207058 -0.000759
v 0.156646 -0.206672 -0.000811
v 0.156601 -0.206301 -0.000929
v 0.156558 -0.205956 -0.001111
v 0.156520 -0.205647 -0.001351
v 0.156488 -0.205385 -0.001640
v 0.156462 -0.205176 -0.001971
v 0.156444 -0.205028 -0.002334
v 0.156434 -0.204945 -0.002717
v 0.156432 -0.204928 -0.003109
v 0.156438 -0.204980 -0.003498
v 0.156453 -0.205098 -0.003872
v 0.156475 -0.205278 -0.004219
v 0.156504 -0.205516 -0.004530
v 0.156539 -0.205803 -0.004794
v 0.156580 -0.206132 -0.005004
v 0.156624 -0.206492 -0.005154
v 0.156671 -0.206872 -0.005238
v 0.155827 -0.206698 0.000008
v 0.155716 -0.205801 -0.000314
v 0.154998 -0.206649 0.000810
v 0.155624 -0.205047 -0.000900
v 0.154858 -0.205513 0.000403
v 0.155558 -0.204509 -0.001692
v 0.154741 -0.204557 -0.000339
v 0.155525 -0.204240 -0.002612
v 0.154657 -0.203876 -0.001341
v 0.155528 -0.204267 -0.003571
v 0.154615 -0.203536 -0.002507
v 0.155567 -0.204587 -0.004475
v 0.154620 -0.203570 -0.003721
v 0.155639 -0.205168 -0.005235
v 0.154669 -0.203974 -0.004866
v 0.155735 -0.205954 -0.005777
v 0.154760 -0.204710 -0.005828
v 0.154882 -0.205705 -0.006515
v 0.154587 -0.189901 0.012736
v 0.154539 -0.189512 0.012753
v 0.154492 -0.189126 0.012701
v 0.154446 -0.188755 0.012582
v 0.154404 -0.188410 0.012400
v 0.154366 -0.188101 0.012161
v 0.154334 -0.187839 0.011871
v 0.154308 -0.187630 0.011540
v 0.154290 -0.187482 0.011178
v 0.154280 -0.187399 0.010794
v 0.154278 -0.187382 0.010403
v 0.154284 -0.187434 0.010014
v 0.154298 -0.187552 0.009640
v 0.154321 -0.187732 0.009292
v 0.154350 -0.187970 0.008982
v 0.154385 -0.188257 0.008717
v 0.154425 -0.188586 0.008507
v 0.154470 -0.188946 0.008358
v 0.154516 -0.189326 0.008274
v 0.160095 -0.189224 0.012736
v 0.160048 -0.188835 0.012753
v 0.160000 -0.188449 0.012701
v 0.159955 -0.188078 0.012582
v 0.159912 -0.187733 0.012400
v 0.159875 -0.187425 0.012161
v 0.159842 -0.187163 0.011871
v 0.159817 -0.186954 0.011540
v 0.159799 -0.186806 0.011178
v 0.159788 -0.186722 0.010794
v 0.159786 -0.186706 0.010403
v 0.159793 -0.186758 0.010014
v 0.159807 -0.186875 0.009640
v 0.159829 -0.187056 0.009292
v 0.159858 -0.187293 0.008982
v 0.159894 -0.187581 0.008717
v 0.159934 -0.187909 0.008507
v 0.159978 -0.188269 0.008358
v 0.160025 -0.188650 0.008274
v 0.152194 -0.190512 0.015166
v 0.152094 -0.189700 0.015200
v 0.151995 -0.188894 0.015092
v 0.151900 -0.188119 0.014844
v 0.151811 -0.187398 0.014464
v 0.151732 -0.186754 0.013964
v 0.151665 -0.186206 0.013359
v 0.151611 -0.185770 0.012667
v 0.151573 -0.185460 0.011910
v 0.151552 -0.185286 0.011110
v 0.151548 -0.185252 0.010291
v 0.151561 -0.185359 0.009479
v 0.151591 -0.185605 0.008698
v 0.151637 -0.185982 0.007972
v 0.151698 -0.186478 0.007323
v 0.151772 -0.187079 0.006771
v 0.151856 -0.187766 0.006332
v 0.151949 -0.188518 0.006020
v 0.152046 -0.189312 0.005844
v 0.154587 -0.189901 0.012736
v 0.154539 -0.189512 0.012753
v 0.154492 -0.189126 0.012701
v 0.154446 -0.188755 0.012582
v 0.154404 -0.188410 0.012400
v 0.154366 -0.188101 0.012161
v 0.154334 -0.187839 0.011871
v 0.154308 -0.187630 0.011540
v 0.154290 -0.187482 0.011178
v 0.154280 -0.187399 0.010794
v 0.154278 -0.187382 0.010403
v 0.154284 -0.187434 0.010014
v 0.154298 -0.187552 0.009640
v 0.154321 -0.187732 0.009292
v 0.154350 -0.187970 0.008982
v 0.154385 -0.188257 0.008717
v 0.154425 -0.188586 0.008507
v 0.154470 -0.188946 0.008358
v 0.154516 -0.189326 0.008274
v 0.153672 -0.189152 0.013519
v 0.153562 -0.188255 0.013197
v 0.152843 -0.189103 0.014322
v 0.153469 -0.187501 0.012612
v 0.152704 -0.187967 0.013914
v 0.153403 -0.186963 0.011820
v 0.152586 -0.187011 0.013173
v 0.153370 -0.186694 0.010900
v 0.152503 -0.186330 0.012170
v 0.153374 -0.186721 0.009940
v 0.152461 -0.185990 0.011005
v 0.153413 -0.187041 0.009037
v 0.152465 -0.186024 0.009790
v 0.153484 -0.187622 0.008277
v 0.152515 -0.186429 0.008646
v 0.153581 -0.188408 0.007735
v 0.152605 -0.187164 0.007683
v 0.152727 -0.188160 0.006997
v 0.152084 -0.169514 0.004183
v 0.152036 -0.169125 0.004199
v 0.151988 -0.168739 0.004147
v 0.151943 -0.168368 0.004029
v 0.151901 -0.168023 0.003847
v 0.151863 -0.167714 0.003607
v 0.151830 -0.167452 0.003318
v 0.151805 -0.167243 0.002987
v 0.151787 -0.167095 0.002624
v 0.151776 -0.167012 0.002241
v 0.151774 -0.166995 0.001849
v 0.151781 -0.167047 0.001460
v 0.151795 -0.167165 0.001087
v 0.151817 -0.167345 0.000739
v 0.151847 -0.167583 0.000428
v 0.151882 -0.167870 0.000164
v 0.151922 -0.168199 -0.000046
v 0.151966 -0.168559 -0.000196
v 0.152013 -0.168939 -0.000280
v 0.157592 -0.168837 0.004183
v 0.157544 -0.168448 0.004199
v 0.157497 -0.168062 0.004147
v 0.157452 -0.167691 0.004029
v 0.157409 -0.167346 0.003847
v 0.157371 -0.167038 0.003607
v 0.157339 -0.166776 0.003318
v 0.157314 -0.166567 0.002987
v 0.157295 -0.166419 0.002624
v 0.157285 -0.166335 0.002241
v 0.157283 -0.166319 0.001849
v 0.157289 -0.166370 0.001460
v 0.157304 -0.166488 0.001087
v 0.157326 -0.166669 0.000739
v 0.157355 -0.166906 0.000428
v 0.157390 -0.167194 0.000164
v 0.157431 -0.167522 -0.000046
v 0.157475 -0.167882 -0.000196
v 0.157522 -0.168263 -0.000280
v 0.149690 -0.170125 0.006612
v 0.149591 -0.169313 0.006647
v 0.149492 -0.168507 0.006538
v 0.149396 -0.167731 0.006290
v 0.149308 -0.167011 0.005911
v 0.149229 -0.166367 0.005411
v 0.149162 -0.165818 0.004806
v 0.149108 -0.165383 0.004114
v 0.149070 -0.165073 0.003356
v 0.149049 -0.164899 0.002556
v 0.149044 -0.164865 0.001738
v 0.149058 -0.164972 0.000926
v 0.149088 -0.165218 0.000145
v 0.149134 -0.165595 -0.000581
v 0.149195 -0.166091 -0.001230
v 0.149269 -0.166692 -0.001783
v 0.149353 -0.167379 -0.002222
v 0.149445 -0.168130 -0.002534
v 0.149543 -0.168925 -0.002709
v 0.152084 -0.169514 0.004183
v 0.152036 -0.169125 0.004199
v 0.151988 -0.168739 0.004147
v 0.151943 -0.168368 0.004029
v 0.151901 -0.168023 0.003847
v 0.151863 -0.167714 0.003607
v 0.151830 -0.167452 0.003318
v 0.151805 -0.167243 0.002987
v 0.151787 -0.167095 0.002624
v 0.151776 -0.167012 0.002241
v 0.151774 -0.166995 0.001849
v 0.151781 -0.167047 0.001460
v 0.151795 -0.167165 0.001087
v 0.151817 -0.167345 0.000739
v 0.151847 -0.167583 0.000428
v 0.151882 -0.167870 0.000164
v 0.151922 -0.168199 -0.000046
v 0.151966 -0.168559 -0.000196
v 0.152013 -0.168939 -0.000280
v 0.151169 -0.168765 0.004966
v 0.151059 -0.167868 0.004644
v 0.150340 -0.168716 0.005768
v 0.150966 -0.167114 0.004058
v 0.150201 -0.167580 0.005361
v 0.150900 -0.166576 0.003266
v 0.150083 -0.166624 0.004619
v 0.150867 -0.166307 0.002346
v 0.150000 -0.165943 0.003617
v 0.150870 -0.166334 0.001387
v 0.149958 -0.165603 0.002451
v 0.150910 -0.166654 0.000483
v 0.149962 -0.165637 0.001237
v 0.150981 -0.167235 -0.000277
v 0.150012 -0.166041 0.000092
v 0.151077 -0.168021 -0.000819
v 0.150102 -0.166777 -0.000870
v 0.150224 -0.167772 -0.001557
v 0.151735 -0.166672 -0.017882
v 0.151687 -0.166283 -0.017866
v 0.151640 -0.165898 -0.017918
v 0.151594 -0.165527 -0.018037
v 0.151552 -0.165182 -0.018218
v 0.151514 -0.164873 -0.018458
v 0.151482 -0.164611 -0.018747
v 0.151456 -0.164402 -0.019078
v 0.151438 -0.164254 -0.019441
v 0.151428 -0.164170 -0.019824
v 0.151426 -0.164154 -0.020216
v 0.151432 -0.164206 -0.020605
v 0.151446 -0.164323 -0.020979
v 0.151468 -0.164504 -0.021326
v 0.151498 -0.164741 -0.021637
v 0.151533 -0.165029 -0.021901
v 0.151573 -0.165358 -0.022111
v 0.151618 -0.165717 -0.022261
v 0.151664 -0.166098 -0.022345
v 0.157243 -0.165996 -0.017882
v 0.157196 -0.165607 -0.017866
v 0.157148 -0.165221 -0.017918
v 0.157103 -0.164850 -0.018037
v 0.157060 -0.164505 -0.018218
v 0.157022 -0.164197 -0.018458
v 0.156990 -0.163934 -0.018747
v 0.156965 -0.163726 -0.019078
v 0.156946 -0.163578 -0.019441
v 0.156936 -0.163494 -0.019824
v 0.156934 -0.163478 -0.020216
v 0.156941 -0.163529 -0.020605
v 0.156955 -0.163647 -0.020979
v 0.156977 -0.163827 -0.021326
v 0.157006 -0.164065 -0.021637
v 0.157042 -0.164352 -0.021901
v 0.157082 -0.164681 -0.022111
v 0.157126 -0.165041 -0.022261
v 0.157173 -0.165421 -0.022345
v 0.149341 -0.167284 -0.015453
v 0.149242 -0.166471 -0.015418
v 0.149143 -0.165665 -0.015527
v 0.149048 -0.164890 -0.015775
v 0.148959 -0.164170 -0.016154
v 0.148880 -0.163525 -0.016654
v 0.148813 -0.162977 -0.017259
v 0.148759 -0.162542 -0.017951
v 0.148721 -0.162232 -0.018709
v 0.148700 -0.162057 -0.019509
v 0.148696 -0.162023 -0.020328
v 0.148709 -0.162131 -0.021140
v 0.148739 -0.162377 -0.021920
v 0.148785 -0.162754 -0.022646
v 0.148846 -0.163250 -0.023295
v 0.148920 -0.163851 -0.023848
v 0.149004 -0.164537 -0.024287
v 0.149097 -0.165289 -0.024599
v 0.149194 -0.166083 -0.024775
v 0.151735 -0.166672 -0.017882
v 0.151687 -0.166283 -0.017866
v 0.151640 -0.165898 -0.017918
v 0.151594 -0.165527 -0.018037
v 0.151552 -0.165182 -0.018218
v 0.151514 -0.164873 -0.018458
v 0.151482 -0.164611 -0.018747
v 0.151456 -0.164402 -0.019078
v 0.151438 -0.164254 -0.019441
v 0.151428 -0.164170 -0.019824
v 0.151426 -0.164154 -0.020216
v 0.151432 -0.164206 -0.020605
v 0.151446 -0.164323 -0.020979
v 0.151468 -0.164504 -0.021326
v 0.151498 -0.164741 -0.021637
v 0.151533 -0.165029 -0.021901
v 0.151573 -0.165358 -0.022111
v 0.151618 -0.165717 -0.022261
v 0.151664 -0.166098 -0.022345
v 0.150820 -0.165924 -0.017099
v 0.150710 -0.165027 -0.017421
v 0.149991 -0.165875 -0.016297
v 0.150617 -0.164273 -0.018007
v 0.149852 -0.164739 -0.016704
v 0.150551 -0.163735 -0.018799
v 0.149734 -0.163783 -0.017446
v 0.150518 -0.163466 -0.019719
v 0.149651 -0.163102 -0.018448
v 0.150522 -0.163493 -0.020678
v 0.149609 -0.162762 -0.019614
v 0.150561 -0.163812 -0.021582
v 0.149613 -0.162796 -0.020829
v 0.150632 -0.164393 -0.022342
v 0.149663 -0.163200 -0.021973
v 0.150729 -0.165179 -0.022884
v 0.149753 -0.163936 -0.022936
v 0.149875 -0.164931 -0.023622
v 0.153889 -0.184218 -0.031394
v 0.153841 -0.183829 -0.031378
v 0.153794 -0.183443 -0.031429
v 0.153748 -0.183072 -0.031548
v 0.153706 -0.182727 -0.031730
v 0.153668 -0.182419 -0.031969
v 0.153636 -0.182157 -0.032259
v 0.153610 -0.181948 -0.032590
v 0.153592 -0.181800 -0.032953
v 0.153582 -0.181716 -0.033336
v 0.153580 -0.181700 -0.033728
v 0.153586 -0.181752 -0.034116
v 0.153601 -0.181869 -0.034490
v 0.153623 -0.182050 -0.034838
v 0.153652 -0.182287 -0.035148
v 0.153687 -0.182575 -0.035413
v 0.153728 -0.182903 -0.035623
v 0.153772 -0.183263 -0.035772
v 0.153819 -0.183644 -0.035856
v 0.159398 -0.183542 -0.031394
v 0.159350 -0.183153 -0.031378
v 0.159303 -0.182767 -0.031429
v 0.159257 -0.182396 -0.031548
v 0.159215 -0.182051 -0.031730
v 0.159177 -0.181743 -0.031969
v 0.159145 -0.181480 -0.032259
v 0.159119 -0.181272 -0.032590
v 0.159101 -0.181123 -0.032953
v 0.159091 -0.181040 -0.033336
v 0.159089 -0.181024 -0.033728
v 0.159095 -0.181075 -0.034116
v 0.159109 -0.181193 -0.034490
v 0.159131 -0.181373 -0.034838
v 0.159161 -0.181611 -0.035148
v 0.159196 -0.181898 -0.035413
v 0.159236 -0.182227 -0.035623
v 0.159281 -0.182587 -0.035772
v 0.159327 -0.182967 -0.035856
v 0.151496 -0.184830 -0.028964
v 0.151396 -0.184017 -0.028930
v 0.151297 -0.183211 -0.029039
v 0.151202 -0.182436 -0.029286
v 0.151113 -0.181716 -0.029666
v 0.151034 -0.181071 -0.030166
v 0.150967 -0.180523 -0.030771
v 0.150914 -0.180088 -0.031463
v 0.150876 -0.179778 -0.032220
v 0.150854 -0.179603 -0.033021
v 0.150850 -0.179569 -0.033839
v 0.150863 -0.179677 -0.034651
v 0.150893 -0.179923 -0.035432
v 0.150940 -0.180300 -0.036158
v 0.151001 -0.180796 -0.036807
v 0.151074 -0.181397 -0.037359
v 0.151159 -0.182083 -0.037798
v 0.151251 -0.182835 -0.038110
v 0.151348 -0.183629 -0.038286
v 0.153889 -0.184218 -0.031394
v 0.153841 -0.183829 -0.031378
v 0.153794 -0.183443 -0.031429
v 0.153748 -0.183072 -0.031548
v 0.153706 -0.182727 -0.031730
v 0.153668 -0.182419 -0.031969
v 0.153636 -0.182157 -0.032259
v 0.153610 -0.181948 -0.032590
v 0.153592 -0.181800 -0.032953
v 0.153582 -0.181716 -0.033336
v 0.153580 -0.181700 -0.033728
v 0.153586 -0.181752 -0.034116
v 0.153601 -0.181869 -0.034490
v 0.153623 -0.182050 -0.034838
v 0.153652 -0.182287 -0.035148
v 0.153687 -0.182575 -0.035413
v 0.153728 -0.182903 -0.035623
v 0.153772 -0.183263 -0.035772
v 0.153819 -0.183644 -0.035856
v 0.152974 -0.183470 -0.030611
v 0.152864 -0.182573 -0.030933
v 0.152146 -0.183420 -0.029808
v 0.152772 -0.181819 -0.031518
v 0.152006 -0.182284 -0.030216
v 0.152706 -0.181281 -0.032310
v 0.151889 -0.181329 -0.030957
v 0.152673 -0.181012 -0.033231
v 0.151805 -0.180648 -0.031960
v 0.152676 -0.181039 -0.034190
v 0.151763 -0.180308 -0.033126
v 0.152715 -0.181358 -0.035094
v 0.151768 -0.180341 -0.034340
v 0.152787 -0.181939 -0.035854
v 0.151817 -0.180746 -0.035485
v 0.152883 -0.182725 -0.036396
v 0.151908 -0.181482 -0.036447
v 0.152030 -0.182477 -0.037133
v 0.155087 -0.151694 -0.007057
v 0.147935 -0.152572 -0.007057
v 0.155055 -0.151429 -0.012865
v 0.155140 -0.152123 -0.018638
v 0.155341 -0.153755 -0.024214
v 0.155651 -0.156281 -0.029442
v 0.156062 -0.159631 -0.034176
v 0.156563 -0.163713 -0.038286
v 0.157140 -0.168414 -0.041659
v 0.157778 -0.173605 -0.044200
v 0.158458 -0.179141 -0.045842
v 0.159161 -0.184870 -0.046537
v 0.159869 -0.190635 -0.046266
v 0.160561 -0.196276 -0.045038
v 0.161220 -0.201637 -0.042887
v 0.161825 -0.206571 -0.039870
v 0.154673 -0.207449 -0.039870
v 0.154123 -0.202974 -0.042652
v 0.153529 -0.198133 -0.044722
v 0.152903 -0.193037 -0.046031
v 0.152261 -0.187804 -0.046551
v 0.151616 -0.182553 -0.046269
v 0.150890 -0.176639 -0.044960
v 0.150202 -0.171040 -0.042636
v 0.149575 -0.165927 -0.039368
v 0.149026 -0.161454 -0.035254
v 0.148572 -0.157759 -0.030421
v 0.148227 -0.154953 -0.025015
v 0.148002 -0.153121 -0.019200
v 0.147904 -0.152319 -0.013153
v 0.155470 -0.213943 0.010562
v 0.162623 -0.213064 0.010562
v 0.162178 -0.209442 0.014402
v 0.161668 -0.205285 0.017648
v 0.161103 -0.200690 0.020224
v 0.160498 -0.195762 0.022072
v 0.159866 -0.190613 0.023149
v 0.159123 -0.184563 0.023404
v 0.158386 -0.178561 0.022596
v 0.157678 -0.172789 0.020750
v 0.157019 -0.167423 0.017923
v 0.156430 -0.162626 0.014200
v 0.155929 -0.158544 0.009694
v 0.155530 -0.155300 0.004542
v 0.155247 -0.152993 -0.001098
v 0.155087 -0.151694 -0.007057
v 0.147935 -0.152572 -0.007057
v 0.148084 -0.153787 -0.001373
v 0.148346 -0.155920 0.004029
v 0.148713 -0.158910 0.009002
v 0.149176 -0.162677 0.013407
v 0.149721 -0.167115 0.017123
v 0.150333 -0.172103 0.020048
v 0.150996 -0.177502 0.022100
v 0.151691 -0.183165 0.023223
v 0.152400 -0.188933 0.023387
v 0.153101 -0.194649 0.022586
v 0.153777 -0.200155 0.020843
v 0.154409 -0.205298 0.018205
v 0.154978 -0.209936 0.014746
v 0.157978 -0.234366 -0.015227
v 0.157925 -0.233934 -0.015209
v 0.157872 -0.233506 -0.015267
v 0.157822 -0.233093 -0.015399
v 0.157775 -0.232710 -0.015601
v 0.157733 -0.232367 -0.015866
v 0.157697 -0.232076 -0.016188
v 0.157668 -0.231844 -0.016556
v 0.157648 -0.231679 -0.016959
v 0.157637 -0.231586 -0.017385
v 0.157634 -0.231568 -0.017820
v 0.157641 -0.231626 -0.018252
v 0.157658 -0.231756 -0.018668
v 0.157682 -0.231957 -0.019054
v 0.157715 -0.232221 -0.019399
v 0.157754 -0.232540 -0.019693
v 0.157799 -0.232906 -0.019926
v 0.157848 -0.233305 -0.020092
v 0.157900 -0.233728 -0.020186
v 0.165131 -0.233488 -0.015227
v 0.165052 -0.232850 -0.020186
v 0.165000 -0.232427 -0.020092
v 0.164951 -0.232027 -0.019926
v 0.164906 -0.231662 -0.019693
v 0.164867 -0.231343 -0.019399
v 0.164835 -0.231079 -0.019054
v 0.164810 -0.230878 -0.018668
v 0.164794 -0.230747 -0.018252
v 0.164787 -0.230690 -0.017820
v 0.164789 -0.230708 -0.017385
v 0.164801 -0.230801 -0.016959
v 0.164821 -0.230966 -0.016556
v 0.164849 -0.231197 -0.016188
v 0.164885 -0.231489 -0.015866
v 0.164927 -0.231832 -0.015601
v 0.164974 -0.232215 -0.015399
v 0.165025 -0.232627 -0.015267
v 0.165077 -0.233056 -0.015209
v 0.171024 -0.340621 -0.029115
v 0.157978 -0.234366 -0.015227
v 0.178177 -0.339743 -0.029115
v 0.165131 -0.233488 -0.015227
v 0.170946 -0.339983 -0.034074
v 0.170999 -0.340415 -0.034092
v 0.171052 -0.340844 -0.034034
v 0.171102 -0.341256 -0.033902
v 0.171149 -0.341639 -0.033701
v 0.171192 -0.341982 -0.033435
v 0.171227 -0.342274 -0.033113
v 0.171256 -0.342505 -0.032745
v 0.171276 -0.342670 -0.032342
v 0.171287 -0.342763 -0.031916
v 0.178099 -0.339105 -0.034074
v 0.178440 -0.341885 -0.031916
v 0.178429 -0.341792 -0.032342
v 0.178408 -0.341627 -0.032745
v 0.178380 -0.341395 -0.033113
v 0.178344 -0.341104 -0.033435
v 0.178302 -0.340761 -0.033701
v 0.178255 -0.340378 -0.033902
v 0.178204 -0.339966 -0.034034
v 0.178152 -0.339537 -0.034092
v 0.157900 -0.233728 -0.020186
v 0.170946 -0.339983 -0.034074
v 0.165052 -0.232850 -0.020186
v 0.178099 -0.339105 -0.034074
v 0.158221 -0.236346 -0.001999
v 0.171234 -0.342329 -0.015851
v 0.165374 -0.235467 -0.001999
v 0.178387 -0.341451 -0.015851
v 0.157723 -0.232291 -0.033485
v 0.164876 -0.231413 -0.033485
v 0.177889 -0.337397 -0.047338
v 0.170736 -0.338275 -0.047338
v 0.157723 -0.232291 -0.033485
v 0.157080 -0.227051 -0.033204
v 0.156439 -0.221829 -0.033722
v 0.155814 -0.216745 -0.035029
v 0.155221 -0.211915 -0.037094
v 0.154673 -0.207449 -0.039870
v 0.164876 -0.231413 -0.033485
v 0.161825 -0.206571 -0.039870
v 0.162374 -0.211036 -0.037094
v 0.162967 -0.215867 -0.035029
v 0.163591 -0.220951 -0.033722
v 0.164232 -0.226173 -0.033204
v 0.155470 -0.213943 0.010562
v 0.155914 -0.217557 0.006729
v 0.156423 -0.221705 0.003491
v 0.156986 -0.226290 0.000920
v 0.157590 -0.231208 -0.000924
v 0.158221 -0.236346 -0.001999
v 0.162623 -0.213064 0.010562
v 0.165374 -0.235467 -0.001999
v 0.164743 -0.230330 -0.000924
v 0.164139 -0.225412 0.000920
v 0.163576 -0.220827 0.003491
v 0.163067 -0.216679 0.006729
v 0.180056 -0.355050 -0.033637
v 0.172904 -0.355928 -0.033637
v 0.180070 -0.355164 -0.030872
v 0.180026 -0.354801 -0.028129
v 0.179924 -0.353970 -0.025492
v 0.179768 -0.352697 -0.023040
v 0.179562 -0.351021 -0.020847
v 0.179313 -0.348992 -0.018982
v 0.179028 -0.346673 -0.017499
v 0.178716 -0.344134 -0.016445
v 0.178387 -0.341451 -0.015851
v 0.171234 -0.342329 -0.015851
v 0.171564 -0.345012 -0.016445
v 0.171875 -0.347551 -0.017499
v 0.172160 -0.349871 -0.018982
v 0.172409 -0.351899 -0.020847
v 0.172615 -0.353575 -0.023040
v 0.172771 -0.354848 -0.025492
v 0.172873 -0.355679 -0.028129
v 0.172918 -0.356042 -0.030872
v 0.177889 -0.337397 -0.047338
v 0.170736 -0.338275 -0.047338
v 0.178226 -0.340141 -0.047453
v 0.178560 -0.342863 -0.047087
v 0.178882 -0.345481 -0.046250
v 0.179180 -0.347915 -0.044967
v 0.179448 -0.350091 -0.043279
v 0.179675 -0.351943 -0.041235
v 0.179856 -0.353414 -0.038898
v 0.179984 -0.354460 -0.036340
v 0.180056 -0.355050 -0.033637
v 0.172904 -0.355928 -0.033637
v 0.172831 -0.355338 -0.036340
v 0.172703 -0.354292 -0.038898
v 0.172522 -0.352821 -0.041235
v 0.172295 -0.350969 -0.043279
v 0.172028 -0.348793 -0.044967
v 0.171729 -0.346359 -0.046250
v 0.171408 -0.343742 -0.047087
v 0.171073 -0.341019 -0.047453
v 0.152364 -0.188644 0.001034
v 0.152094 -0.186449 0.001127
v 0.151827 -0.184271 0.000834
v 0.151570 -0.182176 0.000164
v 0.151331 -0.180229 -0.000862
v 0.151117 -0.178489 -0.002213
v 0.150935 -0.177007 -0.003848
v 0.150791 -0.175830 -0.005717
v 0.150688 -0.174993 -0.007764
v 0.150630 -0.174522 -0.009926
v 0.153700 -0.199523 -0.013194
v 0.153711 -0.199615 -0.010982
v 0.153675 -0.199324 -0.008788
v 0.153594 -0.198659 -0.006678
v 0.153469 -0.197641 -0.004716
v 0.153304 -0.196300 -0.002962
v 0.153105 -0.194677 -0.001470
v 0.152877 -0.192822 -0.000284
v 0.152628 -0.190790 0.000559
v 0.160852 -0.198645 -0.013194
v 0.159517 -0.187766 0.001034
v 0.159780 -0.189912 0.000559
v 0.160029 -0.191943 -0.000284
v 0.160257 -0.193799 -0.001470
v 0.160457 -0.195422 -0.002962
v 0.160621 -0.196763 -0.004716
v 0.160746 -0.197781 -0.006678
v 0.160828 -0.198445 -0.008788
v 0.160864 -0.198736 -0.010982
v 0.157783 -0.173644 -0.009926
v 0.157840 -0.174115 -0.007764
v 0.157943 -0.174952 -0.005717
v 0.158088 -0.176129 -0.003848
v 0.158270 -0.177611 -0.002213
v 0.158483 -0.179351 -0.000862
v 0.158722 -0.181298 0.000164
v 0.158980 -0.183393 0.000834
v 0.159247 -0.185570 0.001127
v 0.159917 -0.187768 0.001428
v 0.159639 -0.185504 0.001523
v 0.159363 -0.183258 0.001221
v 0.159098 -0.181098 0.000530
v 0.158851 -0.179091 -0.000528
v 0.158631 -0.177295 -0.001921
v 0.158443 -0.175768 -0.003607
v 0.158294 -0.174554 -0.005535
v 0.158188 -0.173691 -0.007645
v 0.158128 -0.173205 -0.009875
v 0.158117 -0.173110 -0.012156
v 0.158154 -0.173410 -0.014419
v 0.158238 -0.174095 -0.016595
v 0.158367 -0.175145 -0.018618
v 0.158537 -0.176528 -0.020426
v 0.158742 -0.178202 -0.021966
v 0.158977 -0.180115 -0.023189
v 0.159234 -0.182210 -0.024058
v 0.159506 -0.184423 -0.024548
v 0.159118 -0.184522 -0.024155
v 0.158855 -0.182376 -0.023679
v 0.158605 -0.180345 -0.022836
v 0.158378 -0.178489 -0.021650
v 0.158178 -0.176867 -0.020158
v 0.158014 -0.175526 -0.018404
v 0.157889 -0.174507 -0.016442
v 0.157807 -0.173843 -0.014332
v 0.157771 -0.173552 -0.012138
v 0.157783 -0.173644 -0.009926
v 0.157840 -0.174115 -0.007764
v 0.157943 -0.174952 -0.005717
v 0.158088 -0.176129 -0.003848
v 0.158270 -0.177611 -0.002213
v 0.158483 -0.179351 -0.000862
v 0.158722 -0.181298 0.000164
v 0.158980 -0.183393 0.000834
v 0.159247 -0.185570 0.001127
v 0.159517 -0.187766 0.001034
v 0.151566 -0.185398 -0.024548
v 0.151294 -0.183185 -0.024058
v 0.151037 -0.181090 -0.023189
v 0.150802 -0.179177 -0.021966
v 0.150596 -0.177503 -0.020426
v 0.150426 -0.176120 -0.018618
v 0.150298 -0.175070 -0.016595
v 0.150213 -0.174385 -0.014419
v 0.150177 -0.174085 -0.012156
v 0.150188 -0.174179 -0.009875
v 0.150248 -0.174666 -0.007645
v 0.150354 -0.175529 -0.005535
v 0.150503 -0.176743 -0.003607
v 0.150690 -0.178270 -0.001921
v 0.150911 -0.180065 -0.000528
v 0.151157 -0.182073 0.000530
v 0.151423 -0.184233 0.001221
v 0.151698 -0.186479 0.001523
v 0.151976 -0.188743 0.001428
v 0.152364 -0.188644 0.001034
v 0.152094 -0.186449 0.001127
v 0.151827 -0.184271 0.000834
v 0.151570 -0.182176 0.000164
v 0.151331 -0.180229 -0.000862
v 0.151117 -0.178489 -0.002213
v 0.150935 -0.177007 -0.003848
v 0.150791 -0.175830 -0.005717
v 0.150688 -0.174993 -0.007764
v 0.150630 -0.174522 -0.009926
v 0.150619 -0.174430 -0.012138
v 0.150654 -0.174721 -0.014332
v 0.150736 -0.175386 -0.016442
v 0.150861 -0.176404 -0.018404
v 0.151026 -0.177745 -0.020158
v 0.151225 -0.179368 -0.021650
v 0.151453 -0.181223 -0.022836
v 0.151702 -0.183255 -0.023679
v 0.151966 -0.185401 -0.024155
v 0.165052 -0.232850 -0.020186
v 0.165000 -0.232427 -0.020092
v 0.164951 -0.232027 -0.019926
v 0.164906 -0.231662 -0.019693
v 0.164867 -0.231343 -0.019399
v 0.164835 -0.231079 -0.019054
v 0.164810 -0.230878 -0.018668
v 0.164794 -0.230747 -0.018252
v 0.164787 -0.230690 -0.017820
v 0.164789 -0.230708 -0.017385
v 0.164801 -0.230801 -0.016959
v 0.164821 -0.230966 -0.016556
v 0.164849 -0.231197 -0.016188
v 0.164885 -0.231489 -0.015866
v 0.164927 -0.231832 -0.015601
v 0.164974 -0.232215 -0.015399
v 0.165025 -0.232627 -0.015267
v 0.165077 -0.233056 -0.015209
v 0.165131 -0.233488 -0.015227
v 0.165531 -0.233490 -0.014834
v 0.165469 -0.232990 -0.014813
v 0.165408 -0.232493 -0.014879
v 0.165350 -0.232015 -0.015032
v 0.165295 -0.231571 -0.015266
v 0.165246 -0.231174 -0.015574
v 0.165205 -0.230836 -0.015947
v 0.165172 -0.230568 -0.016374
v 0.165148 -0.230377 -0.016841
v 0.165135 -0.230269 -0.017334
v 0.165133 -0.230248 -0.017838
v 0.165141 -0.230315 -0.018339
v 0.165159 -0.230466 -0.018820
v 0.165188 -0.230698 -0.019268
v 0.165225 -0.231004 -0.019668
v 0.165271 -0.231375 -0.020008
v 0.165323 -0.231798 -0.020279
v 0.165380 -0.232261 -0.020471
v 0.165440 -0.232751 -0.020579
v 0.165131 -0.233488 -0.015227
v 0.178177 -0.339743 -0.029115
v 0.178577 -0.339745 -0.028722
v 0.165531 -0.233490 -0.014834
v 0.165440 -0.232751 -0.020579
v 0.178486 -0.339006 -0.034467
v 0.178099 -0.339105 -0.034074
v 0.165052 -0.232850 -0.020186
v 0.178177 -0.339743 -0.029115
v 0.178229 -0.340166 -0.029209
v 0.178278 -0.340565 -0.029375
v 0.178323 -0.340931 -0.029608
v 0.178362 -0.341250 -0.029902
v 0.178394 -0.341514 -0.030247
v 0.178419 -0.341715 -0.030633
v 0.178435 -0.341845 -0.031049
v 0.178442 -0.341903 -0.031481
v 0.178440 -0.341885 -0.031916
v 0.178429 -0.341792 -0.032342
v 0.178408 -0.341627 -0.032745
v 0.178380 -0.341395 -0.033113
v 0.178344 -0.341104 -0.033435
v 0.178302 -0.340761 -0.033701
v 0.178255 -0.340378 -0.033902
v 0.178204 -0.339966 -0.034034
v 0.178152 -0.339537 -0.034092
v 0.178099 -0.339105 -0.034074
v 0.178486 -0.339006 -0.034467
v 0.178548 -0.339506 -0.034488
v 0.178609 -0.340003 -0.034422
v 0.178667 -0.340481 -0.034269
v 0.178722 -0.340925 -0.034035
v 0.178771 -0.341322 -0.033727
v 0.178812 -0.341660 -0.033354
v 0.178845 -0.341928 -0.032927
v 0.178869 -0.342119 -0.032460
v 0.178882 -0.342227 -0.031967
v 0.178884 -0.342248 -0.031463
v 0.178876 -0.342181 -0.030962
v 0.178858 -0.342030 -0.030481
v 0.178829 -0.341798 -0.030033
v 0.178792 -0.341492 -0.029633
v 0.178746 -0.341122 -0.029293
v 0.178694 -0.340698 -0.029022
v 0.178637 -0.340235 -0.028830
v 0.178577 -0.339745 -0.028722
v 0.157978 -0.234366 -0.015227
v 0.157925 -0.233934 -0.015209
v 0.157872 -0.233506 -0.015267
v 0.157822 -0.233093 -0.015399
v 0.157775 -0.232710 -0.015601
v 0.157733 -0.232367 -0.015866
v 0.157697 -0.232076 -0.016188
v 0.157668 -0.231844 -0.016556
v 0.157648 -0.231679 -0.016959
v 0.157637 -0.231586 -0.017385
v 0.157634 -0.231568 -0.017820
v 0.157641 -0.231626 -0.018252
v 0.157658 -0.231756 -0.018668
v 0.157682 -0.231957 -0.019054
v 0.157715 -0.232221 -0.019399
v 0.157754 -0.232540 -0.019693
v 0.157799 -0.232906 -0.019926
v 0.157848 -0.233305 -0.020092
v 0.157900 -0.233728 -0.020186
v 0.157499 -0.233726 -0.020579
v 0.157439 -0.233236 -0.020471
v 0.157382 -0.232773 -0.020279
v 0.157330 -0.232349 -0.020008
v 0.157285 -0.231979 -0.019668
v 0.157247 -0.231673 -0.019268
v 0.157219 -0.231441 -0.018820
v 0.157200 -0.231290 -0.018339
v 0.157192 -0.231223 -0.017838
v 0.157195 -0.231244 -0.017334
v 0.157208 -0.231352 -0.016841
v 0.157231 -0.231543 -0.016374
v 0.157264 -0.231811 -0.015947
v 0.157306 -0.232149 -0.015574
v 0.157355 -0.232546 -0.015266
v 0.157409 -0.232990 -0.015032
v 0.157468 -0.233468 -0.014879
v 0.157529 -0.233965 -0.014813
v 0.157590 -0.234465 -0.014834
v 0.157900 -0.233728 -0.020186
v 0.170946 -0.339983 -0.034074
v 0.170546 -0.339981 -0.034467
v 0.157499 -0.233726 -0.020579
v 0.157590 -0.234465 -0.014834
v 0.170637 -0.340720 -0.028722
v 0.171024 -0.340621 -0.029115
v 0.157978 -0.234366 -0.015227
v 0.170946 -0.339983 -0.034074
v 0.170999 -0.340415 -0.034092
v 0.171052 -0.340844 -0.034034
v 0.171102 -0.341256 -0.033902
v 0.171149 -0.341639 -0.033701
v 0.171192 -0.341982 -0.033435
v 0.171227 -0.342274 -0.033113
v 0.171256 -0.342505 -0.032745
v 0.171276 -0.342670 -0.032342
v 0.171287 -0.342763 -0.031916
v 0.171290 -0.342781 -0.031481
v 0.171283 -0.342724 -0.031049
v 0.171267 -0.342593 -0.030633
v 0.171242 -0.342392 -0.030247
v 0.171210 -0.342128 -0.029902
v 0.171170 -0.341809 -0.029608
v 0.171125 -0.341444 -0.029375
v 0.171076 -0.341044 -0.029209
v 0.171024 -0.340621 -0.029115
v 0.170637 -0.340720 -0.028722
v 0.170697 -0.341210 -0.028830
v 0.170754 -0.341673 -0.029022
v 0.170806 -0.342097 -0.029293
v 0.170851 -0.342467 -0.029633
v 0.170889 -0.342773 -0.030033
v 0.170917 -0.343005 -0.030481
v 0.170936 -0.343156 -0.030962
v 0.170944 -0.343223 -0.031463
v 0.170941 -0.343202 -0.031967
v 0.170928 -0.343094 -0.032460
v 0.170905 -0.342903 -0.032927
v 0.170872 -0.342635 -0.033354
v 0.170830 -0.342297 -0.033727
v 0.170782 -0.341900 -0.034035
v 0.170727 -0.341456 -0.034269
v 0.170668 -0.340978 -0.034422
v 0.170607 -0.340481 -0.034488
v 0.170546 -0.339981 -0.034467
v 0.160254 -0.190514 0.022755
v 0.159866 -0.190613 0.023149
v 0.155529 -0.152036 -0.007108
v 0.155687 -0.153321 -0.001217
v 0.155967 -0.155601 0.004360
v 0.156361 -0.158808 0.009453
v 0.156856 -0.162845 0.013908
v 0.157439 -0.167587 0.017589
v 0.158090 -0.172892 0.020384
v 0.158791 -0.178599 0.022209
v 0.159519 -0.184533 0.023007
v 0.155087 -0.151694 -0.007057
v 0.159123 -0.184563 0.023404
v 0.158386 -0.178561 0.022596
v 0.157678 -0.172789 0.020750
v 0.157019 -0.167423 0.017923
v 0.156430 -0.162626 0.014200
v 0.155929 -0.158544 0.009694
v 0.155530 -0.155300 0.004542
v 0.155247 -0.152993 -0.001098
v 0.162979 -0.212711 0.010311
v 0.163428 -0.216367 0.006435
v 0.163943 -0.220561 0.003160
v 0.164513 -0.225199 0.000560
v 0.165123 -0.230172 -0.001305
v 0.165761 -0.235368 -0.002392
v 0.165374 -0.235467 -0.001999
v 0.164743 -0.230330 -0.000924
v 0.164139 -0.225412 0.000920
v 0.163576 -0.220827 0.003491
v 0.163067 -0.216679 0.006729
v 0.162623 -0.213064 0.010562
v 0.155087 -0.151694 -0.007057
v 0.155529 -0.152036 -0.007108
v 0.162191 -0.206291 -0.039549
v 0.161592 -0.201413 -0.042531
v 0.160941 -0.196113 -0.044659
v 0.160257 -0.190536 -0.045873
v 0.159557 -0.184837 -0.046140
v 0.158861 -0.179172 -0.045453
v 0.158189 -0.173698 -0.043830
v 0.157559 -0.168567 -0.041317
v 0.156988 -0.163919 -0.037983
v 0.156493 -0.159884 -0.033920
v 0.156086 -0.156571 -0.029239
v 0.155780 -0.154074 -0.024071
v 0.155581 -0.152460 -0.018557
v 0.155497 -0.151774 -0.012851
v 0.161825 -0.206571 -0.039870
v 0.155055 -0.151429 -0.012865
v 0.155140 -0.152123 -0.018638
v 0.155341 -0.153755 -0.024214
v 0.155651 -0.156281 -0.029442
v 0.156062 -0.159631 -0.034176
v 0.156563 -0.163713 -0.038286
v 0.157140 -0.168414 -0.041659
v 0.157778 -0.173605 -0.044200
v 0.158458 -0.179141 -0.045842
v 0.159161 -0.184870 -0.046537
v 0.159869 -0.190635 -0.046266
v 0.160561 -0.196276 -0.045038
v 0.161220 -0.201637 -0.042887
v 0.165761 -0.235368 -0.002392
v 0.178774 -0.341352 -0.016245
v 0.178387 -0.341451 -0.015851
v 0.165374 -0.235467 -0.001999
v 0.161825 -0.206571 -0.039870
v 0.162374 -0.211036 -0.037094
v 0.162967 -0.215867 -0.035029
v 0.163591 -0.220951 -0.033722
v 0.164232 -0.226173 -0.033204
v 0.164876 -0.231413 -0.033485
v 0.165276 -0.231415 -0.033091
v 0.164625 -0.226116 -0.032807
v 0.163977 -0.220835 -0.033331
v 0.163345 -0.215692 -0.034653
v 0.162746 -0.210807 -0.036742
v 0.162191 -0.206291 -0.039549
v 0.178774 -0.341352 -0.016245
v 0.178387 -0.341451 -0.015851
v 0.180056 -0.355050 -0.033637
v 0.180070 -0.355164 -0.030872
v 0.180026 -0.354801 -0.028129
v 0.179924 -0.353970 -0.025492
v 0.179768 -0.352697 -0.023040
v 0.179562 -0.351021 -0.020847
v 0.179313 -0.348992 -0.018982
v 0.179028 -0.346673 -0.017499
v 0.178716 -0.344134 -0.016445
v 0.180402 -0.354611 -0.033586
v 0.179096 -0.343967 -0.016824
v 0.179400 -0.346443 -0.017852
v 0.179677 -0.348705 -0.019297
v 0.179920 -0.350682 -0.021116
v 0.180121 -0.352317 -0.023254
v 0.180273 -0.353558 -0.025644
v 0.180373 -0.354368 -0.028216
v 0.180416 -0.354722 -0.030890
v 0.164876 -0.231413 -0.033485
v 0.165276 -0.231415 -0.033091
v 0.178289 -0.337399 -0.046944
v 0.177889 -0.337397 -0.047338
v 0.180402 -0.354611 -0.033586
v 0.180056 -0.355050 -0.033637
v 0.177889 -0.337397 -0.047338
v 0.178226 -0.340141 -0.047453
v 0.178560 -0.342863 -0.047087
v 0.178882 -0.345481 -0.046250
v 0.179180 -0.347915 -0.044967
v 0.179448 -0.350091 -0.043279
v 0.179675 -0.351943 -0.041235
v 0.179856 -0.353414 -0.038898
v 0.179984 -0.354460 -0.036340
v 0.178289 -0.337399 -0.046944
v 0.180332 -0.354036 -0.036221
v 0.180207 -0.353016 -0.038716
v 0.180030 -0.351581 -0.040994
v 0.179809 -0.349776 -0.042986
v 0.179548 -0.347654 -0.044633
v 0.179257 -0.345281 -0.045883
v 0.178943 -0.342729 -0.046699
v 0.178618 -0.340075 -0.047057
v 0.155470 -0.213943 0.010562
v 0.155039 -0.213686 0.010311
v 0.147935 -0.152572 -0.007057
v 0.148084 -0.153787 -0.001373
v 0.148346 -0.155920 0.004029
v 0.148713 -0.158910 0.009002
v 0.149176 -0.162677 0.013407
v 0.149721 -0.167115 0.017123
v 0.150333 -0.172103 0.020048
v 0.150996 -0.177502 0.022100
v 0.151691 -0.183165 0.023223
v 0.152400 -0.188933 0.023387
v 0.153101 -0.194649 0.022586
v 0.153777 -0.200155 0.020843
v 0.154409 -0.205298 0.018205
v 0.154978 -0.209936 0.014746
v 0.147589 -0.153011 -0.007108
v 0.154553 -0.209725 0.014448
v 0.153989 -0.205139 0.017868
v 0.153365 -0.200054 0.020475
v 0.152697 -0.194611 0.022199
v 0.152003 -0.188960 0.022991
v 0.151303 -0.183257 0.022829
v 0.150615 -0.177659 0.021718
v 0.149960 -0.172320 0.019689
v 0.149354 -0.167389 0.016798
v 0.148816 -0.163001 0.013124
v 0.148358 -0.159277 0.008769
v 0.147995 -0.156321 0.003853
v 0.147736 -0.154212 -0.001489
v 0.151228 -0.182652 -0.045876
v 0.151616 -0.182553 -0.046269
v 0.147589 -0.153011 -0.007108
v 0.147558 -0.152761 -0.013135
v 0.147656 -0.153554 -0.019113
v 0.147878 -0.155365 -0.024863
v 0.148219 -0.158139 -0.030207
v 0.148667 -0.161793 -0.034986
v 0.149210 -0.166214 -0.039052
v 0.149831 -0.171269 -0.042284
v 0.150510 -0.176805 -0.044581
v 0.147935 -0.152572 -0.007057
v 0.150890 -0.176639 -0.044960
v 0.150202 -0.171040 -0.042636
v 0.149575 -0.165927 -0.039368
v 0.149026 -0.161454 -0.035254
v 0.148572 -0.157759 -0.030421
v 0.148227 -0.154953 -0.025015
v 0.148002 -0.153121 -0.019200
v 0.147904 -0.152319 -0.013153
v 0.155470 -0.213943 0.010562
v 0.155914 -0.217557 0.006729
v 0.156423 -0.221705 0.003491
v 0.156986 -0.226290 0.000920
v 0.157590 -0.231208 -0.000924
v 0.158221 -0.236346 -0.001999
v 0.157821 -0.236343 -0.002392
v 0.157183 -0.231147 -0.001305
v 0.156572 -0.226174 0.000560
v 0.156003 -0.221536 0.003160
v 0.155488 -0.217342 0.006435
v 0.155039 -0.213686 0.010311
v 0.154251 -0.207266 -0.039549
v 0.154805 -0.211782 -0.036742
v 0.155405 -0.216667 -0.034653
v 0.156036 -0.221810 -0.033331
v 0.156685 -0.227091 -0.032807
v 0.157336 -0.232390 -0.033091
v 0.157723 -0.232291 -0.033485
v 0.157080 -0.227051 -0.033204
v 0.156439 -0.221829 -0.033722
v 0.155814 -0.216745 -0.035029
v 0.155221 -0.211915 -0.037094
v 0.154673 -0.207449 -0.039870
v 0.158221 -0.236346 -0.001999
v 0.171234 -0.342329 -0.015851
v 0.170834 -0.342327 -0.016245
v 0.157821 -0.236343 -0.002392
v 0.157336 -0.232390 -0.033091
v 0.157723 -0.232291 -0.033485
v 0.170736 -0.338275 -0.047338
v 0.170349 -0.338374 -0.046944
v 0.171234 -0.342329 -0.015851
v 0.170834 -0.342327 -0.016245
v 0.172462 -0.355586 -0.033586
v 0.172476 -0.355697 -0.030890
v 0.172432 -0.355343 -0.028216
v 0.172333 -0.354533 -0.025644
v 0.172180 -0.353292 -0.023254
v 0.171980 -0.351657 -0.021116
v 0.171737 -0.349680 -0.019297
v 0.171459 -0.347418 -0.017852
v 0.171155 -0.344942 -0.016824
v 0.172904 -0.355928 -0.033637
v 0.171564 -0.345012 -0.016445
v 0.171875 -0.347551 -0.017499
v 0.172160 -0.349871 -0.018982
v 0.172409 -0.351899 -0.020847
v 0.172615 -0.353575 -0.023040
v 0.172771 -0.354848 -0.025492
v 0.172873 -0.355679 -0.028129
v 0.172918 -0.356042 -0.030872
v 0.170349 -0.338374 -0.046944
v 0.170736 -0.338275 -0.047338
v 0.172904 -0.355928 -0.033637
v 0.172831 -0.355338 -0.036340
v 0.172703 -0.354292 -0.038898
v 0.172522 -0.352821 -0.041235
v 0.172295 -0.350969 -0.043279
v 0.172028 -0.348793 -0.044967
v 0.171729 -0.346359 -0.046250
v 0.171408 -0.343742 -0.047087
v 0.171073 -0.341019 -0.047453
v 0.172462 -0.355586 -0.033586
v 0.170677 -0.341050 -0.047057
v 0.171003 -0.343704 -0.046699
v 0.171317 -0.346256 -0.045883
v 0.171608 -0.348629 -0.044633
v 0.171868 -0.350751 -0.042986
v 0.172090 -0.352556 -0.040994
v 0.172266 -0.353991 -0.038716
v 0.172391 -0.355011 -0.036221
f 9 6 5
f 9 8 6
f 10 5 4
f 10 9 5
f 11 4 3
f 11 10 4
f 12 3 2
f 12 11 3
f 7 2 1
f 7 12 2
f 21 18 17
f 21 20 18
f 22 17 16
f 22 21 17
f 23 16 15
f 23 22 16
f 24 15 14
f 24 23 15
f 19 14 13
f 19 24 14
f 55 54 53
f 52 55 53
f 56 55 52
f 51 56 52
f 57 56 51
f 50 57 51
f 58 57 50
f 49 58 50
f 59 58 49
f 48 59 49
f 60 59 48
f 47 60 48
f 61 60 47
f 46 61 47
f 62 61 46
f 45 62 46
f 25 62 45
f 44 25 45
f 26 25 44
f 43 26 44
f 27 26 43
f 42 27 43
f 28 27 42
f 41 28 42
f 40 29 28
f 40 28 41
f 30 29 40
f 39 30 40
f 31 30 39
f 38 31 39
f 37 31 38
f 37 32 31
f 33 32 37
f 36 33 37
f 35 34 33
f 35 33 36
f 93 92 91
f 90 93 91
f 94 93 90
f 89 94 90
f 95 94 89
f 88 95 89
f 96 95 88
f 87 96 88
f 97 96 87
f 86 97 87
f 98 97 86
f 85 98 86
f 99 98 85
f 84 99 85
f 100 99 84
f 83 100 84
f 63 100 83
f 82 63 83
f 64 63 82
f 81 64 82
f 80 65 64
f 80 64 81
f 66 65 80
f 79 66 80
f 67 66 79
f 78 67 79
f 68 67 78
f 77 68 78
f 69 68 77
f 76 69 77
f 75 69 76
f 75 70 69
f 71 70 75
f 74 71 75
f 73 72 71
f 73 71 74
f 113 121 112
f 113 130 121
f 114 129 130
f 114 130 113
f 115 128 129
f 115 129 114
f 116 127 128
f 116 128 115
f 117 126 127
f 117 127 116
f 118 125 126
f 118 126 117
f 119 124 125
f 119 125 118
f 120 123 124
f 120 124 119
f 103 122 123
f 103 123 120
f 104 138 122
f 104 122 103
f 105 137 138
f 105 138 104
f 106 136 137
f 106 137 105
f 107 135 136
f 107 136 106
f 108 134 135
f 108 135 107
f 109 134 108
f 109 133 134
f 110 133 109
f 110 132 133
f 111 132 110
f 111 131 132
f 102 131 111
f 102 101 131
f 142 150 141
f 142 158 150
f 143 157 158
f 143 158 142
f 144 156 157
f 144 157 143
f 145 155 156
f 145 156 144
f 146 154 155
f 146 155 145
f 147 153 154
f 147 154 146
f 148 152 153
f 148 153 147
f 149 151 152
f 149 152 148
f 140 139 151
f 140 151 149
f 197 180 179
f 197 181 180
f 197 182 181
f 198 183 182
f 198 184 183
f 198 182 197
f 199 161 162
f 199 162 163
f 199 163 164
f 199 179 161
f 199 197 179
f 200 185 184
f 200 184 198
f 201 164 165
f 201 165 166
f 201 198 197
f 201 199 164
f 201 197 199
f 202 185 200
f 202 186 185
f 202 187 186
f 203 166 167
f 203 201 166
f 203 202 200
f 203 198 201
f 203 200 198
f 204 188 187
f 204 189 188
f 204 187 202
f 205 167 168
f 205 168 169
f 205 202 203
f 205 203 167
f 206 190 189
f 206 191 190
f 206 189 204
f 207 169 170
f 207 170 171
f 207 204 202
f 207 202 205
f 207 205 169
f 208 192 191
f 208 193 192
f 208 191 206
f 209 204 207
f 209 171 172
f 209 172 173
f 209 207 171
f 209 206 204
f 210 194 193
f 210 193 208
f 211 173 174
f 211 206 209
f 211 208 206
f 211 209 173
f 212 194 210
f 212 195 194
f 212 196 195
f 212 159 196
f 213 210 208
f 213 174 175
f 213 175 176
f 213 211 174
f 213 208 211
f 214 160 159
f 214 212 210
f 214 210 213
f 214 176 177
f 214 177 178
f 214 178 160
f 214 213 176
f 214 159 212
f 218 235 217
f 218 236 235
f 219 237 236
f 219 236 218
f 220 238 237
f 220 237 219
f 221 239 238
f 221 238 220
f 222 240 239
f 222 239 221
f 223 241 240
f 223 242 241
f 223 240 222
f 224 243 242
f 224 242 223
f 225 243 224
f 226 244 243
f 226 243 225
f 227 245 244
f 227 244 226
f 228 246 245
f 228 245 227
f 229 247 246
f 229 246 228
f 230 248 247
f 230 247 229
f 231 249 248
f 231 248 230
f 232 249 231
f 232 250 249
f 232 251 250
f 233 251 232
f 234 251 233
f 234 252 251
f 216 252 234
f 216 215 252
f 291 274 273
f 291 275 274
f 291 276 275
f 292 277 276
f 292 278 277
f 292 276 291
f 293 255 256
f 293 256 257
f 293 257 258
f 293 273 255
f 293 291 273
f 294 279 278
f 294 278 292
f 295 258 259
f 295 292 291
f 295 293 258
f 295 291 293
f 296 279 294
f 296 280 279
f 296 281 280
f 297 259 260
f 297 260 261
f 297 295 259
f 297 296 294
f 297 292 295
f 297 294 292
f 298 282 281
f 298 283 282
f 298 281 296
f 299 261 262
f 299 262 263
f 299 296 297
f 299 297 261
f 300 284 283
f 300 285 284
f 300 283 298
f 301 263 264
f 301 264 265
f 301 298 296
f 301 296 299
f 301 299 263
f 302 286 285
f 302 287 286
f 302 285 300
f 303 298 301
f 303 265 266
f 303 266 267
f 303 301 265
f 303 300 298
f 304 288 287
f 304 287 302
f 305 300 303
f 305 267 268
f 305 268 269
f 305 302 300
f 305 303 267
f 306 288 304
f 306 289 288
f 306 290 289
f 306 253 290
f 307 269 270
f 307 302 305
f 307 305 269
f 307 304 302
f 308 254 253
f 308 307 270
f 308 270 271
f 308 271 272
f 308 272 254
f 308 304 307
f 308 306 304
f 308 253 306
f 312 329 311
f 312 330 329
f 313 331 330
f 313 330 312
f 314 332 331
f 314 331 313
f 315 333 332
f 315 334 333
f 315 332 314
f 316 334 315
f 317 335 334
f 317 336 335
f 317 334 316
f 318 336 317
f 319 337 336
f 319 336 318
f 320 338 337
f 320 337 319
f 321 339 338
f 321 338 320
f 322 340 339
f 322 341 340
f 322 339 321
f 323 341 322
f 324 342 341
f 324 343 342
f 324 341 323
f 325 343 324
f 326 343 325
f 326 344 343
f 327 344 326
f 327 345 344
f 328 345 327
f 328 346 345
f 328 309 346
f 310 309 328
f 385 368 367
f 385 369 368
f 385 370 369
f 386 371 370
f 386 372 371
f 386 370 385
f 387 349 350
f 387 350 351
f 387 351 352
f 387 367 349
f 387 385 367
f 388 373 372
f 388 372 386
f 389 352 353
f 389 353 354
f 389 386 385
f 389 387 352
f 389 385 387
f 390 373 388
f 390 374 373
f 390 375 374
f 391 354 355
f 391 389 354
f 391 386 389
f 391 388 386
f 392 376 375
f 392 377 376
f 392 375 390
f 393 388 391
f 393 355 356
f 393 356 357
f 393 390 388
f 393 391 355
f 393 392 390
f 394 378 377
f 394 379 378
f 394 377 392
f 395 357 358
f 395 358 359
f 395 393 357
f 395 392 393
f 396 380 379
f 396 381 380
f 396 379 394
f 397 395 359
f 397 359 360
f 397 360 361
f 397 392 395
f 397 394 392
f 398 382 381
f 398 381 396
f 399 361 362
f 399 394 397
f 399 396 394
f 399 397 361
f 400 382 398
f 400 383 382
f 400 384 383
f 400 347 384
f 401 398 396
f 401 396 399
f 401 362 363
f 401 363 364
f 401 399 362
f 402 348 347
f 402 347 400
f 402 398 401
f 402 364 365
f 402 365 366
f 402 366 348
f 402 401 364
f 402 400 398
f 406 423 405
f 406 424 423
f 407 425 424
f 407 424 406
f 408 426 425
f 408 425 407
f 409 427 426
f 409 428 427
f 409 426 408
f 410 428 409
f 411 429 428
f 411 430 429
f 411 428 410
f 412 430 411
f 413 431 430
f 413 430 412
f 414 432 431
f 414 431 413
f 415 433 432
f 415 432 414
f 416 434 433
f 416 435 434
f 416 433 415
f 417 435 416
f 418 436 435
f 418 437 436
f 418 435 417
f 419 437 418
f 420 437 419
f 420 438 437
f 421 438 420
f 421 439 438
f 422 439 421
f 422 440 439
f 422 403 440
f 404 403 422
f 479 462 461
f 479 463 462
f 479 464 463
f 480 465 464
f 480 466 465
f 480 464 479
f 481 443 444
f 481 444 445
f 481 445 446
f 481 461 443
f 481 479 461
f 482 467 466
f 482 466 480
f 483 446 447
f 483 480 479
f 483 481 446
f 483 479 481
f 484 467 482
f 484 468 467
f 484 469 468
f 485 447 448
f 485 448 449
f 485 482 480
f 485 483 447
f 485 480 483
f 486 470 469
f 486 471 470
f 486 469 484
f 487 449 450
f 487 450 451
f 487 482 485
f 487 484 482
f 487 485 449
f 488 471 486
f 488 472 471
f 488 473 472
f 489 486 484
f 489 451 452
f 489 452 453
f 489 488 486
f 489 484 487
f 489 487 451
f 490 474 473
f 490 475 474
f 490 473 488
f 491 453 454
f 491 490 488
f 491 454 455
f 491 489 453
f 491 488 489
f 492 476 475
f 492 475 490
f 493 455 456
f 493 456 457
f 493 491 455
f 493 490 491
f 494 476 492
f 494 477 476
f 494 478 477
f 494 441 478
f 495 493 457
f 495 457 458
f 495 490 493
f 495 492 490
f 496 442 441
f 496 495 458
f 496 458 459
f 496 459 460
f 496 460 442
f 496 492 495
f 496 494 492
f 496 441 494
f 500 517 499
f 500 518 517
f 501 519 518
f 501 520 519
f 501 518 500
f 502 520 501
f 503 521 520
f 503 520 502
f 504 522 521
f 504 523 522
f 504 521 503
f 505 523 504
f 506 524 523
f 506 525 524
f 506 523 505
f 507 525 506
f 508 526 525
f 508 525 507
f 509 527 526
f 509 528 527
f 509 526 508
f 510 529 528
f 510 528 509
f 511 529 510
f 512 530 529
f 512 529 511
f 513 531 530
f 513 530 512
f 514 531 513
f 514 532 531
f 514 533 532
f 515 533 514
f 516 533 515
f 516 534 533
f 498 534 516
f 498 497 534
f 573 556 555
f 573 557 556
f 573 558 557
f 574 559 558
f 574 560 559
f 574 558 573
f 575 537 538
f 575 538 539
f 575 539 540
f 575 555 537
f 575 573 555
f 576 561 560
f 576 560 574
f 577 540 541
f 577 541 542
f 577 576 574
f 577 574 573
f 577 575 540
f 577 573 575
f 578 561 576
f 578 562 561
f 578 563 562
f 579 542 543
f 579 577 542
f 579 576 577
f 580 564 563
f 580 565 564
f 580 563 578
f 581 576 579
f 581 543 544
f 581 544 545
f 581 578 576
f 581 579 543
f 582 566 565
f 582 567 566
f 582 565 580
f 583 545 546
f 583 546 547
f 583 580 578
f 583 581 545
f 583 578 581
f 584 568 567
f 584 569 568
f 584 567 582
f 585 547 548
f 585 548 549
f 585 583 547
f 585 580 583
f 585 582 580
f 586 570 569
f 586 569 584
f 587 582 585
f 587 549 550
f 587 550 551
f 587 584 582
f 587 585 549
f 588 570 586
f 588 571 570
f 588 572 571
f 588 535 572
f 589 586 584
f 589 551 552
f 589 584 587
f 589 587 551
f 590 536 535
f 590 535 588
f 590 586 589
f 590 552 553
f 590 553 554
f 590 554 536
f 590 589 552
f 590 588 586
f 594 611 593
f 594 612 611
f 594 613 612
f 595 613 594
f 596 614 613
f 596 613 595
f 597 615 614
f 597 616 615
f 597 614 596
f 598 616 597
f 599 617 616
f 599 616 598
f 600 618 617
f 600 617 599
f 601 619 618
f 601 618 600
f 602 620 619
f 602 619 601
f 603 621 620
f 603 620 602
f 604 622 621
f 604 621 603
f 605 623 622
f 605 622 604
f 606 624 623
f 606 623 605
f 607 625 624
f 607 624 606
f 608 625 607
f 608 626 625
f 609 626 608
f 609 627 626
f 609 628 627
f 610 628 609
f 592 628 610
f 592 591 628
f 667 650 649
f 667 651 650
f 667 652 651
f 668 653 652
f 668 654 653
f 668 652 667
f 669 631 632
f 669 632 633
f 669 633 634
f 669 649 631
f 669 667 649
f 670 655 654
f 670 654 668
f 671 634 635
f 671 635 636
f 671 670 668
f 671 668 667
f 671 669 634
f 671 667 669
f 672 655 670
f 672 656 655
f 672 657 656
f 673 636 637
f 673 671 636
f 673 670 671
f 674 658 657
f 674 659 658
f 674 657 672
f 675 670 673
f 675 637 638
f 675 638 639
f 675 672 670
f 675 673 637
f 676 660 659
f 676 661 660
f 676 659 674
f 677 639 640
f 677 640 641
f 677 674 672
f 677 675 639
f 677 672 675
f 678 662 661
f 678 663 662
f 678 661 676
f 679 641 642
f 679 642 643
f 679 677 641
f 679 678 676
f 679 674 677
f 679 676 674
f 680 664 663
f 680 663 678
f 681 678 679
f 681 643 644
f 681 679 643
f 682 664 680
f 682 665 664
f 682 666 665
f 682 629 666
f 683 680 678
f 683 678 681
f 683 644 645
f 683 645 646
f 683 681 644
f 684 630 629
f 684 629 682
f 684 680 683
f 684 646 647
f 684 647 648
f 684 648 630
f 684 683 646
f 684 682 680
f 688 705 687
f 688 706 705
f 688 707 706
f 689 707 688
f 690 708 707
f 690 707 689
f 691 709 708
f 691 710 709
f 691 708 690
f 692 710 691
f 693 711 710
f 693 710 692
f 694 712 711
f 694 711 693
f 695 713 712
f 695 712 694
f 696 714 713
f 696 713 695
f 697 715 714
f 697 714 696
f 698 716 715
f 698 715 697
f 699 717 716
f 699 716 698
f 700 718 717
f 700 717 699
f 701 719 718
f 701 718 700
f 702 719 701
f 702 720 719
f 703 720 702
f 703 721 720
f 703 722 721
f 704 722 703
f 686 722 704
f 686 685 722
f 850 777 778
f 851 776 777
f 851 777 850
f 852 775 776
f 852 776 851
f 849 850 778
f 853 774 775
f 853 775 852
f 848 778 779
f 848 779 780
f 848 849 778
f 854 772 773
f 854 773 774
f 854 774 853
f 847 848 780
f 846 763 764
f 846 780 763
f 846 847 780
f 836 772 854
f 845 846 764
f 844 764 765
f 844 765 766
f 844 845 764
f 843 844 766
f 842 843 766
f 842 766 767
f 841 842 767
f 768 841 767
f 769 841 768
f 769 840 841
f 770 838 839
f 770 839 840
f 770 840 769
f 771 838 770
f 762 837 838
f 762 838 771
f 728 772 836
f 817 728 836
f 818 728 817
f 819 727 728
f 819 728 818
f 820 727 819
f 821 727 820
f 822 726 727
f 822 727 821
f 823 726 822
f 824 726 823
f 1003 724 1004
f 1005 724 725
f 1005 1004 724
f 1002 724 1003
f 1001 723 724
f 1001 724 1002
f 1006 1005 725
f 1007 1006 725
f 1000 723 1001
f 999 723 1000
f 1008 725 726
f 1008 1007 725
f 1009 1008 726
f 1034 733 723
f 1034 723 999
f 1010 1009 726
f 1010 726 824
f 1033 733 1034
f 757 837 762
f 757 833 834
f 757 834 835
f 757 835 837
f 1032 732 733
f 1032 733 1033
f 1011 824 825
f 1011 1010 824
f 1012 825 826
f 1012 1011 825
f 1039 730 731
f 1040 1039 731
f 1041 1040 731
f 1038 730 1039
f 1037 729 730
f 1037 730 1038
f 1042 731 732
f 1042 1041 731
f 1036 729 1037
f 1043 1042 732
f 1044 1032 1031
f 1044 1043 732
f 1044 732 1032
f 1035 729 1036
f 758 830 831
f 758 831 832
f 758 832 833
f 758 833 757
f 1045 1044 1031
f 1070 729 1035
f 1046 1031 1030
f 1046 1045 1031
f 1069 742 729
f 1069 729 1070
f 1047 1030 1029
f 1047 1046 1030
f 1068 742 1069
f 1067 742 1068
f 1066 742 1067
f 741 742 1066
f 1065 741 1066
f 759 828 829
f 759 829 830
f 759 830 758
f 1064 741 1065
f 812 1026 1025
f 812 1025 1024
f 813 1027 1026
f 813 1028 1027
f 813 1026 812
f 1063 741 1064
f 814 1029 1028
f 814 1048 1047
f 814 1028 813
f 814 1047 1029
f 811 812 1024
f 811 1023 1022
f 811 1024 1023
f 815 1048 814
f 815 1049 1048
f 815 1050 1049
f 810 811 1022
f 810 1021 1020
f 810 1022 1021
f 816 1050 815
f 816 1051 1050
f 816 1052 1051
f 809 810 1020
f 809 1019 1018
f 809 1020 1019
f 968 826 827
f 968 967 1013
f 968 1012 826
f 968 1013 1012
f 966 1013 967
f 966 1014 1013
f 969 827 828
f 969 968 827
f 970 969 828
f 970 828 759
f 965 1014 966
f 965 1015 1014
f 971 970 759
f 964 1015 965
f 964 1016 1015
f 781 1052 816
f 781 1053 1052
f 781 1054 1053
f 808 809 1018
f 808 1018 1017
f 972 759 760
f 972 971 759
f 963 808 1017
f 963 1016 964
f 963 1017 1016
f 740 741 1063
f 740 1063 1062
f 973 972 760
f 998 808 963
f 974 973 760
f 782 1054 781
f 782 1055 1054
f 782 1056 1055
f 807 808 998
f 807 998 997
f 996 807 997
f 975 974 760
f 783 1057 1056
f 783 1058 1057
f 783 1056 782
f 806 996 995
f 806 807 996
f 994 806 995
f 761 976 975
f 761 977 976
f 761 978 977
f 761 975 760
f 979 978 761
f 784 1059 1058
f 784 1058 783
f 805 806 994
f 805 993 992
f 805 994 993
f 804 805 992
f 804 991 990
f 804 992 991
f 743 979 761
f 743 980 979
f 743 981 980
f 743 982 981
f 859 1062 1061
f 860 1061 1060
f 860 859 1061
f 803 804 990
f 803 989 988
f 803 990 989
f 858 740 1062
f 858 1062 859
f 861 1060 1059
f 861 1059 784
f 861 860 1060
f 857 739 740
f 857 740 858
f 862 861 784
f 862 784 785
f 856 739 857
f 863 862 785
f 864 785 786
f 864 863 785
f 855 739 856
f 865 864 786
f 890 738 739
f 890 739 855
f 802 803 988
f 802 988 987
f 866 786 787
f 866 865 786
f 889 738 890
f 867 866 787
f 888 738 889
f 868 867 787
f 887 738 888
f 788 868 787
f 869 868 788
f 744 982 743
f 744 983 982
f 744 984 983
f 870 869 788
f 789 870 788
f 871 870 789
f 872 871 789
f 737 884 883
f 737 885 884
f 737 886 885
f 737 887 886
f 737 738 887
f 790 872 789
f 790 873 872
f 932 931 801
f 932 801 802
f 930 801 931
f 930 800 801
f 933 932 802
f 933 802 987
f 929 800 930
f 934 986 985
f 934 987 986
f 934 933 987
f 928 800 929
f 928 799 800
f 935 934 985
f 927 799 928
f 936 984 744
f 936 744 745
f 936 985 984
f 936 935 985
f 937 936 745
f 962 799 927
f 962 798 799
f 938 937 745
f 961 798 962
f 939 938 745
f 960 797 798
f 960 798 961
f 736 737 883
f 736 881 880
f 736 882 881
f 736 883 882
f 959 797 960
f 958 797 959
f 958 796 797
f 896 895 792
f 896 792 793
f 957 796 958
f 894 792 895
f 894 791 792
f 897 896 793
f 893 791 894
f 898 793 794
f 898 897 793
f 746 940 939
f 746 941 940
f 746 942 941
f 746 939 745
f 892 791 893
f 892 790 791
f 899 898 794
f 891 873 790
f 891 790 892
f 891 874 873
f 900 899 794
f 900 794 795
f 901 900 795
f 926 874 891
f 925 874 926
f 925 875 874
f 925 876 875
f 902 901 795
f 902 795 796
f 735 736 880
f 735 878 877
f 735 879 878
f 735 880 879
f 903 796 957
f 903 902 796
f 924 876 925
f 904 957 956
f 904 903 957
f 905 956 955
f 905 904 956
f 747 943 942
f 747 944 943
f 747 945 944
f 747 942 746
f 906 905 955
f 906 955 954
f 734 735 877
f 734 877 876
f 734 876 924
f 734 924 923
f 748 946 945
f 748 947 946
f 748 948 947
f 748 945 747
f 756 734 923
f 756 921 920
f 756 922 921
f 756 923 922
f 749 949 948
f 749 950 949
f 749 951 950
f 749 948 748
f 755 756 920
f 755 918 917
f 755 919 918
f 755 920 919
f 750 952 951
f 750 953 952
f 750 951 749
f 754 755 917
f 754 915 914
f 754 916 915
f 754 917 916
f 751 954 953
f 751 906 954
f 751 907 906
f 751 908 907
f 751 953 750
f 753 754 914
f 753 912 911
f 753 913 912
f 753 914 913
f 752 753 911
f 752 909 908
f 752 910 909
f 752 911 910
f 752 908 751
f 1270 1102 1103
f 1271 1102 1270
f 1272 1102 1271
f 1269 1270 1103
f 1273 1102 1272
f 1268 1269 1103
f 1274 1101 1102
f 1274 1102 1273
f 1267 1103 1104
f 1267 1268 1103
f 1266 1267 1104
f 1239 1101 1274
f 1240 1101 1239
f 1265 1266 1104
f 1241 1100 1101
f 1241 1101 1240
f 1264 1265 1104
f 1242 1100 1241
f 1263 1104 1105
f 1263 1264 1104
f 1262 1263 1105
f 1261 1262 1105
f 1261 1105 1083
f 1260 1261 1083
f 1235 1098 1234
f 1236 1097 1098
f 1236 1098 1235
f 1233 1234 1098
f 1237 1097 1236
f 1232 1098 1099
f 1232 1233 1098
f 1238 1097 1237
f 1231 1232 1099
f 1230 1099 1100
f 1230 1231 1099
f 1230 1242 1243
f 1230 1100 1242
f 1203 1096 1097
f 1203 1097 1238
f 1204 1096 1203
f 1229 1230 1243
f 1205 1096 1204
f 1206 1096 1205
f 1207 1095 1096
f 1207 1096 1206
f 1208 1095 1207
f 1209 1095 1208
f 1210 1095 1209
f 1142 1247 1248
f 1142 1248 1249
f 1142 1249 1250
f 1143 1247 1142
f 1143 1245 1246
f 1143 1246 1247
f 1144 1229 1243
f 1144 1245 1143
f 1144 1227 1228
f 1144 1228 1229
f 1144 1243 1244
f 1144 1244 1245
f 1141 1250 1251
f 1141 1251 1252
f 1141 1142 1250
f 1094 1210 1211
f 1094 1211 1212
f 1094 1095 1210
f 1145 1225 1226
f 1145 1226 1227
f 1145 1227 1144
f 1140 1141 1252
f 1140 1252 1253
f 1140 1253 1254
f 1140 1254 1255
f 1146 1225 1145
f 1146 1222 1223
f 1146 1223 1224
f 1146 1224 1225
f 1139 1140 1255
f 1139 1255 1256
f 1139 1256 1257
f 1147 1220 1221
f 1147 1221 1222
f 1147 1222 1146
f 1138 1139 1257
f 1138 1257 1258
f 1138 1258 1259
f 1307 1083 1084
f 1307 1084 1306
f 1308 1260 1083
f 1308 1083 1307
f 1305 1306 1084
f 1309 1138 1259
f 1309 1260 1308
f 1309 1259 1260
f 1304 1084 1085
f 1304 1305 1084
f 1310 1138 1309
f 1303 1304 1085
f 1148 1220 1147
f 1148 1217 1218
f 1148 1218 1219
f 1148 1219 1220
f 1275 1138 1310
f 1275 1137 1138
f 1302 1303 1085
f 1276 1137 1275
f 1301 1085 1086
f 1301 1302 1085
f 1300 1301 1086
f 1277 1137 1276
f 1093 1094 1212
f 1299 1300 1086
f 1298 1299 1086
f 1297 1298 1086
f 1149 1215 1216
f 1149 1216 1217
f 1149 1217 1148
f 1136 1277 1278
f 1136 1278 1279
f 1136 1279 1280
f 1136 1137 1277
f 1150 1215 1149
f 1150 1213 1214
f 1150 1214 1215
f 1135 1280 1281
f 1135 1281 1282
f 1135 1136 1280
f 1087 1294 1295
f 1087 1295 1296
f 1087 1296 1297
f 1087 1297 1086
f 1134 1282 1283
f 1134 1283 1284
f 1134 1284 1285
f 1134 1135 1282
f 1133 1134 1285
f 1133 1285 1286
f 1133 1286 1287
f 1088 1291 1292
f 1088 1292 1293
f 1088 1293 1294
f 1088 1294 1087
f 1132 1133 1287
f 1132 1287 1288
f 1132 1288 1289
f 1415 1213 1150
f 1415 1150 1414
f 1416 1093 1212
f 1416 1212 1213
f 1416 1213 1415
f 1413 1414 1150
f 1413 1150 1151
f 1417 1093 1416
f 1412 1413 1151
f 1411 1412 1151
f 1411 1151 1152
f 1418 1092 1093
f 1418 1093 1417
f 1383 1092 1418
f 1410 1411 1152
f 1409 1410 1152
f 1384 1092 1383
f 1385 1110 1092
f 1385 1092 1384
f 1408 1409 1152
f 1408 1152 1153
f 1386 1110 1385
f 1407 1408 1153
f 1387 1110 1386
f 1406 1407 1153
f 1406 1153 1154
f 1388 1110 1387
f 1405 1406 1154
f 1389 1110 1388
f 1404 1405 1154
f 1403 1404 1154
f 1155 1403 1154
f 1155 1401 1402
f 1155 1402 1403
f 1089 1290 1291
f 1089 1291 1088
f 1156 1401 1155
f 1156 1399 1400
f 1156 1400 1401
f 1109 1389 1390
f 1109 1390 1391
f 1109 1391 1392
f 1109 1392 1393
f 1109 1110 1389
f 1343 1130 1131
f 1342 1343 1131
f 1344 1130 1343
f 1341 1342 1131
f 1341 1131 1132
f 1340 1341 1132
f 1345 1130 1344
f 1346 1130 1345
f 1346 1129 1130
f 1339 1132 1289
f 1339 1340 1132
f 1338 1289 1290
f 1338 1339 1289
f 1338 1290 1089
f 1311 1129 1346
f 1108 1109 1393
f 1108 1393 1394
f 1337 1338 1089
f 1312 1129 1311
f 1312 1164 1129
f 1090 1337 1089
f 1336 1337 1090
f 1313 1164 1312
f 1314 1164 1313
f 1335 1336 1090
f 1334 1335 1090
f 1315 1164 1314
f 1315 1163 1164
f 1316 1163 1315
f 1317 1162 1163
f 1317 1163 1316
f 1318 1162 1317
f 1319 1162 1318
f 1378 1379 1158
f 1378 1158 1159
f 1377 1378 1159
f 1380 1158 1379
f 1376 1377 1159
f 1376 1159 1160
f 1381 1158 1380
f 1381 1157 1158
f 1375 1376 1160
f 1382 1157 1381
f 1091 1331 1332
f 1091 1332 1333
f 1091 1333 1334
f 1091 1334 1090
f 1347 1157 1382
f 1347 1156 1157
f 1374 1375 1160
f 1348 1156 1347
f 1373 1374 1160
f 1373 1160 1161
f 1349 1399 1156
f 1349 1156 1348
f 1349 1398 1399
f 1372 1373 1161
f 1350 1398 1349
f 1371 1372 1161
f 1371 1161 1162
f 1351 1396 1397
f 1351 1397 1398
f 1351 1398 1350
f 1370 1371 1162
f 1352 1396 1351
f 1369 1162 1319
f 1369 1319 1320
f 1369 1370 1162
f 1368 1369 1320
f 1078 1327 1328
f 1078 1328 1329
f 1078 1329 1330
f 1078 1330 1331
f 1078 1331 1091
f 1079 1324 1325
f 1079 1325 1326
f 1079 1326 1327
f 1079 1327 1078
f 1080 1324 1079
f 1080 1322 1323
f 1080 1323 1324
f 1178 1107 1108
f 1178 1179 1107
f 1177 1178 1108
f 1180 1107 1179
f 1181 1107 1180
f 1181 1106 1107
f 1176 1394 1395
f 1176 1108 1394
f 1176 1177 1108
f 1182 1106 1181
f 1175 1176 1395
f 1175 1395 1396
f 1174 1175 1396
f 1174 1396 1352
f 1183 1106 1182
f 1173 1174 1352
f 1173 1352 1353
f 1172 1173 1353
f 1172 1353 1354
f 1081 1322 1080
f 1081 1368 1320
f 1081 1320 1321
f 1081 1321 1322
f 1082 1368 1081
f 1082 1366 1367
f 1082 1367 1368
f 1073 1366 1082
f 1073 1363 1364
f 1073 1364 1365
f 1073 1365 1366
f 1074 1363 1073
f 1074 1359 1360
f 1074 1360 1361
f 1074 1361 1362
f 1074 1362 1363
f 1075 1359 1074
f 1075 1355 1356
f 1075 1356 1357
f 1075 1357 1358
f 1075 1358 1359
f 1076 1171 1172
f 1076 1172 1354
f 1076 1355 1075
f 1076 1354 1355
f 1076 1170 1171
f 1077 1170 1076
f 1077 1167 1168
f 1077 1168 1169
f 1077 1169 1170
f 1071 1167 1077
f 1071 1165 1166
f 1071 1166 1167
f 1185 1106 1183
f 1185 1111 1106
f 1186 1119 1120
f 1186 1120 1111
f 1186 1111 1185
f 1187 1119 1186
f 1188 1118 1119
f 1188 1119 1187
f 1189 1117 1118
f 1189 1118 1188
f 1116 1189 1190
f 1116 1117 1189
f 1184 1165 1071
f 1115 1190 1191
f 1115 1116 1190
f 1114 1115 1191
f 1114 1191 1192
f 1113 1192 1193
f 1113 1193 1194
f 1113 1114 1192
f 1072 1184 1071
f 1112 1113 1194
f 1121 1184 1072
f 1121 1202 1184
f 1128 1112 1194
f 1128 1194 1195
f 1128 1195 1196
f 1127 1128 1196
f 1122 1202 1121
f 1122 1200 1201
f 1122 1201 1202
f 1123 1200 1122
f 1126 1127 1196
f 1126 1196 1197
f 1126 1197 1198
f 1124 1199 1200
f 1124 1200 1123
f 1125 1198 1199
f 1125 1126 1198
f 1125 1199 1124
f 1420 1438 1419
f 1420 1439 1438
f 1421 1440 1439
f 1421 1439 1420
f 1422 1441 1440
f 1422 1442 1441
f 1422 1440 1421
f 1423 1443 1442
f 1423 1442 1422
f 1424 1444 1443
f 1424 1443 1423
f 1425 1444 1424
f 1426 1445 1444
f 1426 1444 1425
f 1427 1446 1445
f 1427 1447 1446
f 1427 1445 1426
f 1428 1447 1427
f 1429 1448 1447
f 1429 1449 1448
f 1429 1447 1428
f 1430 1450 1449
f 1430 1449 1429
f 1431 1450 1430
f 1432 1451 1450
f 1432 1450 1431
f 1433 1452 1451
f 1433 1451 1432
f 1434 1452 1433
f 1434 1453 1452
f 1434 1454 1453
f 1435 1454 1434
f 1435 1455 1454
f 1436 1455 1435
f 1437 1455 1436
f 1437 1456 1455
f 1495 1477 1476
f 1495 1478 1477
f 1495 1479 1478
f 1496 1480 1479
f 1496 1481 1480
f 1496 1479 1495
f 1497 1457 1458
f 1497 1458 1459
f 1497 1459 1460
f 1497 1476 1457
f 1497 1495 1476
f 1498 1482 1481
f 1498 1481 1496
f 1499 1460 1461
f 1499 1496 1495
f 1499 1497 1460
f 1499 1495 1497
f 1500 1482 1498
f 1500 1483 1482
f 1500 1484 1483
f 1501 1461 1462
f 1501 1462 1463
f 1501 1499 1461
f 1501 1496 1499
f 1501 1498 1496
f 1502 1485 1484
f 1502 1486 1485
f 1502 1484 1500
f 1503 1463 1464
f 1503 1464 1465
f 1503 1500 1498
f 1503 1498 1501
f 1503 1501 1463
f 1504 1487 1486
f 1504 1488 1487
f 1504 1486 1502
f 1505 1465 1466
f 1505 1466 1467
f 1505 1502 1500
f 1505 1500 1503
f 1505 1503 1465
f 1506 1489 1488
f 1506 1488 1504
f 1507 1502 1505
f 1507 1467 1468
f 1507 1468 1469
f 1507 1505 1467
f 1507 1504 1502
f 1508 1490 1489
f 1508 1491 1490
f 1508 1489 1506
f 1509 1504 1507
f 1509 1469 1470
f 1509 1470 1471
f 1509 1506 1504
f 1509 1507 1469
f 1510 1491 1508
f 1510 1492 1491
f 1510 1493 1492
f 1510 1494 1493
f 1511 1471 1472
f 1511 1506 1509
f 1511 1509 1471
f 1511 1508 1506
f 1512 1508 1511
f 1512 1510 1508
f 1512 1511 1472
f 1512 1472 1473
f 1512 1473 1474
f 1512 1474 1475
f 1512 1494 1510
f 1512 1475 1494
f 1514 1532 1513
f 1514 1533 1532
f 1515 1534 1533
f 1515 1533 1514
f 1516 1535 1534
f 1516 1536 1535
f 1516 1534 1515
f 1517 1537 1536
f 1517 1536 1516
f 1518 1538 1537
f 1518 1537 1517
f 1519 1538 1518
f 1520 1539 1538
f 1520 1538 1519
f 1521 1540 1539
f 1521 1541 1540
f 1521 1539 1520
f 1522 1541 1521
f 1523 1542 1541
f 1523 1543 1542
f 1523 1541 1522
f 1524 1544 1543
f 1524 1543 1523
f 1525 1544 1524
f 1526 1545 1544
f 1526 1544 1525
f 1527 1546 1545
f 1527 1545 1526
f 1528 1546 1527
f 1528 1547 1546
f 1528 1548 1547
f 1529 1548 1528
f 1529 1549 1548
f 1530 1549 1529
f 1531 1549 1530
f 1531 1550 1549
f 1589 1571 1570
f 1589 1572 1571
f 1589 1573 1572
f 1590 1574 1573
f 1590 1575 1574
f 1590 1573 1589
f 1591 1551 1552
f 1591 1552 1553
f 1591 1553 1554
f 1591 1570 1551
f 1591 1590 1589
f 1591 1589 1570
f 1592 1576 1575
f 1592 1575 1590
f 1593 1554 1555
f 1593 1590 1591
f 1593 1591 1554
f 1594 1576 1592
f 1594 1577 1576
f 1594 1578 1577
f 1595 1555 1556
f 1595 1556 1557
f 1595 1593 1555
f 1595 1594 1592
f 1595 1590 1593
f 1595 1592 1590
f 1596 1579 1578
f 1596 1580 1579
f 1596 1578 1594
f 1597 1557 1558
f 1597 1558 1559
f 1597 1594 1595
f 1597 1595 1557
f 1598 1581 1580
f 1598 1582 1581
f 1598 1580 1596
f 1599 1559 1560
f 1599 1560 1561
f 1599 1596 1594
f 1599 1594 1597
f 1599 1597 1559
f 1600 1583 1582
f 1600 1582 1598
f 1601 1561 1562
f 1601 1562 1563
f 1601 1600 1598
f 1601 1599 1561
f 1601 1596 1599
f 1601 1598 1596
f 1602 1584 1583
f 1602 1585 1584
f 1602 1583 1600
f 1603 1563 1564
f 1603 1600 1601
f 1603 1601 1563
f 1604 1585 1602
f 1604 1586 1585
f 1604 1587 1586
f 1604 1588 1587
f 1604 1569 1588
f 1605 1602 1600
f 1605 1564 1565
f 1605 1565 1566
f 1605 1603 1564
f 1605 1600 1603
f 1606 1569 1604
f 1606 1605 1566
f 1606 1566 1567
f 1606 1567 1568
f 1606 1568 1569
f 1606 1602 1605
f 1606 1604 1602
f 1608 1626 1607
f 1608 1627 1626
f 1609 1628 1627
f 1609 1629 1628
f 1609 1627 1608
f 1610 1629 1609
f 1611 1630 1629
f 1611 1631 1630
f 1611 1629 1610
f 1612 1632 1631
f 1612 1631 1611
f 1613 1633 1632
f 1613 1632 1612
f 1614 1634 1633
f 1614 1633 1613
f 1615 1635 1634
f 1615 1634 1614
f 1616 1635 1615
f 1617 1636 1635
f 1617 1635 1616
f 1618 1637 1636
f 1618 1638 1637
f 1618 1636 1617
f 1619 1638 1618
f 1620 1639 1638
f 1620 1640 1639
f 1620 1638 1619
f 1621 1640 1620
f 1622 1640 1621
f 1622 1641 1640
f 1622 1642 1641
f 1623 1642 1622
f 1623 1643 1642
f 1624 1643 1623
f 1625 1643 1624
f 1625 1644 1643
f 1683 1665 1664
f 1683 1666 1665
f 1683 1667 1666
f 1684 1668 1667
f 1684 1669 1668
f 1684 1667 1683
f 1685 1645 1646
f 1685 1646 1647
f 1685 1647 1648
f 1685 1664 1645
f 1685 1683 1664
f 1686 1670 1669
f 1686 1669 1684
f 1687 1648 1649
f 1687 1684 1683
f 1687 1685 1648
f 1687 1683 1685
f 1688 1670 1686
f 1688 1671 1670
f 1688 1672 1671
f 1689 1649 1650
f 1689 1650 1651
f 1689 1687 1649
f 1689 1684 1687
f 1689 1686 1684
f 1690 1673 1672
f 1690 1674 1673
f 1690 1672 1688
f 1691 1651 1652
f 1691 1652 1653
f 1691 1688 1686
f 1691 1686 1689
f 1691 1689 1651
f 1692 1675 1674
f 1692 1676 1675
f 1692 1674 1690
f 1693 1653 1654
f 1693 1654 1655
f 1693 1690 1688
f 1693 1688 1691
f 1693 1692 1690
f 1693 1691 1653
f 1694 1677 1676
f 1694 1676 1692
f 1695 1655 1656
f 1695 1656 1657
f 1695 1692 1693
f 1695 1693 1655
f 1696 1678 1677
f 1696 1679 1678
f 1696 1677 1694
f 1697 1657 1658
f 1697 1694 1692
f 1697 1692 1695
f 1697 1695 1657
f 1698 1679 1696
f 1698 1680 1679
f 1698 1681 1680
f 1698 1682 1681
f 1699 1696 1694
f 1699 1658 1659
f 1699 1659 1660
f 1699 1694 1697
f 1699 1697 1658
f 1700 1696 1699
f 1700 1698 1696
f 1700 1660 1661
f 1700 1661 1662
f 1700 1662 1663
f 1700 1682 1698
f 1700 1699 1660
f 1700 1663 1682
f 1702 1720 1701
f 1702 1721 1720
f 1703 1722 1721
f 1703 1723 1722
f 1703 1721 1702
f 1704 1724 1723
f 1704 1723 1703
f 1705 1725 1724
f 1705 1724 1704
f 1706 1726 1725
f 1706 1725 1705
f 1707 1727 1726
f 1707 1726 1706
f 1708 1728 1727
f 1708 1727 1707
f 1709 1729 1728
f 1709 1728 1708
f 1710 1729 1709
f 1711 1730 1729
f 1711 1731 1730
f 1711 1729 1710
f 1712 1731 1711
f 1713 1732 1731
f 1713 1733 1732
f 1713 1731 1712
f 1714 1733 1713
f 1715 1734 1733
f 1715 1735 1734
f 1715 1733 1714
f 1716 1735 1715
f 1717 1735 1716
f 1717 1736 1735
f 1717 1737 1736
f 1718 1737 1717
f 1718 1738 1737
f 1719 1738 1718
f 1777 1759 1758
f 1777 1760 1759
f 1777 1761 1760
f 1778 1762 1761
f 1778 1761 1777
f 1779 1739 1740
f 1779 1740 1741
f 1779 1741 1742
f 1779 1758 1739
f 1779 1777 1758
f 1780 1763 1762
f 1780 1764 1763
f 1780 1762 1778
f 1781 1742 1743
f 1781 1778 1777
f 1781 1779 1742
f 1781 1777 1779
f 1782 1765 1764
f 1782 1766 1765
f 1782 1764 1780
f 1783 1743 1744
f 1783 1744 1745
f 1783 1781 1743
f 1783 1778 1781
f 1783 1780 1778
f 1784 1767 1766
f 1784 1768 1767
f 1784 1766 1782
f 1785 1783 1745
f 1785 1745 1746
f 1785 1746 1747
f 1785 1780 1783
f 1785 1782 1780
f 1786 1769 1768
f 1786 1770 1769
f 1786 1768 1784
f 1787 1747 1748
f 1787 1748 1749
f 1787 1784 1782
f 1787 1785 1747
f 1787 1782 1785
f 1788 1771 1770
f 1788 1770 1786
f 1789 1749 1750
f 1789 1750 1751
f 1789 1784 1787
f 1789 1787 1749
f 1789 1786 1784
f 1790 1772 1771
f 1790 1773 1772
f 1790 1771 1788
f 1791 1751 1752
f 1791 1788 1786
f 1791 1786 1789
f 1791 1789 1751
f 1792 1773 1790
f 1792 1774 1773
f 1792 1775 1774
f 1792 1776 1775
f 1793 1790 1788
f 1793 1752 1753
f 1793 1753 1754
f 1793 1788 1791
f 1793 1791 1752
f 1794 1793 1754
f 1794 1754 1755
f 1794 1755 1756
f 1794 1756 1757
f 1794 1776 1792
f 1794 1757 1776
f 1794 1792 1790
f 1794 1790 1793
f 1796 1814 1795
f 1796 1815 1814
f 1797 1816 1815
f 1797 1817 1816
f 1797 1815 1796
f 1798 1818 1817
f 1798 1817 1797
f 1799 1819 1818
f 1799 1818 1798
f 1800 1820 1819
f 1800 1819 1799
f 1801 1821 1820
f 1801 1820 1800
f 1802 1822 1821
f 1802 1821 1801
f 1803 1823 1822
f 1803 1822 1802
f 1804 1823 1803
f 1805 1824 1823
f 1805 1825 1824
f 1805 1823 1804
f 1806 1825 1805
f 1807 1826 1825
f 1807 1827 1826
f 1807 1825 1806
f 1808 1827 1807
f 1809 1828 1827
f 1809 1829 1828
f 1809 1827 1808
f 1810 1829 1809
f 1811 1829 1810
f 1811 1830 1829
f 1811 1831 1830
f 1812 1831 1811
f 1812 1832 1831
f 1813 1832 1812
f 1871 1853 1852
f 1871 1854 1853
f 1871 1855 1854
f 1872 1856 1855
f 1872 1855 1871
f 1873 1833 1834
f 1873 1834 1835
f 1873 1835 1836
f 1873 1852 1833
f 1873 1871 1852
f 1874 1857 1856
f 1874 1858 1857
f 1874 1856 1872
f 1875 1836 1837
f 1875 1872 1871
f 1875 1873 1836
f 1875 1871 1873
f 1876 1859 1858
f 1876 1860 1859
f 1876 1858 1874
f 1877 1837 1838
f 1877 1838 1839
f 1877 1875 1837
f 1877 1872 1875
f 1877 1874 1872
f 1878 1861 1860
f 1878 1862 1861
f 1878 1860 1876
f 1879 1877 1839
f 1879 1839 1840
f 1879 1840 1841
f 1879 1874 1877
f 1879 1876 1874
f 1880 1863 1862
f 1880 1864 1863
f 1880 1862 1878
f 1881 1841 1842
f 1881 1842 1843
f 1881 1878 1876
f 1881 1879 1841
f 1881 1876 1879
f 1882 1865 1864
f 1882 1866 1865
f 1882 1864 1880
f 1883 1843 1844
f 1883 1844 1845
f 1883 1878 1881
f 1883 1881 1843
f 1883 1880 1878
f 1884 1867 1866
f 1884 1866 1882
f 1885 1845 1846
f 1885 1882 1880
f 1885 1880 1883
f 1885 1883 1845
f 1886 1867 1884
f 1886 1868 1867
f 1886 1869 1868
f 1886 1870 1869
f 1887 1884 1882
f 1887 1846 1847
f 1887 1847 1848
f 1887 1882 1885
f 1887 1885 1846
f 1887 1886 1884
f 1888 1887 1848
f 1888 1848 1849
f 1888 1849 1850
f 1888 1850 1851
f 1888 1870 1886
f 1888 1886 1887
f 1888 1851 1870
f 1890 1908 1889
f 1890 1909 1908
f 1891 1910 1909
f 1891 1909 1890
f 1892 1911 1910
f 1892 1912 1911
f 1892 1910 1891
f 1893 1913 1912
f 1893 1912 1892
f 1894 1914 1913
f 1894 1913 1893
f 1895 1915 1914
f 1895 1914 1894
f 1896 1915 1895
f 1897 1916 1915
f 1897 1917 1916
f 1897 1915 1896
f 1898 1917 1897
f 1899 1918 1917
f 1899 1919 1918
f 1899 1917 1898
f 1900 1920 1919
f 1900 1919 1899
f 1901 1920 1900
f 1902 1921 1920
f 1902 1920 1901
f 1903 1922 1921
f 1903 1921 1902
f 1904 1922 1903
f 1904 1923 1922
f 1904 1924 1923
f 1905 1924 1904
f 1906 1924 1905
f 1906 1925 1924
f 1907 1925 1906
f 1907 1926 1925
f 1965 1947 1946
f 1965 1948 1947
f 1965 1949 1948
f 1966 1950 1949
f 1966 1949 1965
f 1967 1927 1928
f 1967 1928 1929
f 1967 1929 1930
f 1967 1946 1927
f 1967 1965 1946
f 1968 1951 1950
f 1968 1952 1951
f 1968 1950 1966
f 1969 1930 1931
f 1969 1966 1965
f 1969 1967 1930
f 1969 1965 1967
f 1970 1953 1952
f 1970 1954 1953
f 1970 1952 1968
f 1971 1931 1932
f 1971 1932 1933
f 1971 1969 1931
f 1971 1966 1969
f 1971 1968 1966
f 1972 1955 1954
f 1972 1956 1955
f 1972 1954 1970
f 1973 1971 1933
f 1973 1933 1934
f 1973 1934 1935
f 1973 1968 1971
f 1973 1970 1968
f 1974 1957 1956
f 1974 1958 1957
f 1974 1956 1972
f 1975 1935 1936
f 1975 1936 1937
f 1975 1972 1970
f 1975 1973 1935
f 1975 1970 1973
f 1976 1959 1958
f 1976 1958 1974
f 1977 1937 1938
f 1977 1938 1939
f 1977 1976 1974
f 1977 1972 1975
f 1977 1975 1937
f 1977 1974 1972
f 1978 1960 1959
f 1978 1961 1960
f 1978 1959 1976
f 1979 1939 1940
f 1979 1940 1941
f 1979 1976 1977
f 1979 1977 1939
f 1980 1961 1978
f 1980 1962 1961
f 1980 1963 1962
f 1980 1964 1963
f 1981 1978 1976
f 1981 1941 1942
f 1981 1976 1979
f 1981 1979 1941
f 1982 1981 1942
f 1982 1942 1943
f 1982 1943 1944
f 1982 1944 1945
f 1982 1964 1980
f 1982 1945 1964
f 1982 1980 1978
f 1982 1978 1981
f 1984 1983 1985
f 2012 1985 1986
f 2012 1984 1985
f 2011 1986 1987
f 2011 2012 1986
f 2010 1987 1988
f 2010 2011 1987
f 2009 1988 1989
f 2009 2010 1988
f 2008 1989 1990
f 2008 2009 1989
f 2007 1990 1991
f 2007 2008 1990
f 2006 1991 1992
f 2006 2007 1991
f 2005 1992 1993
f 2005 2006 1992
f 2004 1993 1994
f 2004 2005 1993
f 2003 1994 1995
f 2003 2004 1994
f 2002 1995 1996
f 2002 2003 1995
f 2001 1996 1997
f 2001 2002 1996
f 2000 1997 1998
f 2000 2001 1997
f 1999 2000 1998
f 2028 2029 2030
f 2027 2030 2031
f 2027 2028 2030
f 2026 2031 2032
f 2026 2027 2031
f 2025 2032 2033
f 2025 2026 2032
f 2024 2033 2034
f 2024 2025 2033
f 2023 2034 2035
f 2023 2024 2034
f 2022 2035 2036
f 2022 2023 2035
f 2021 2036 2037
f 2021 2022 2036
f 2020 2037 2038
f 2020 2021 2037
f 2019 2038 2039
f 2019 2020 2038
f 2018 2039 2040
f 2018 2019 2039
f 2017 2040 2041
f 2017 2018 2040
f 2016 2041 2042
f 2016 2017 2041
f 2015 2042 2013
f 2015 2016 2042
f 2014 2015 2013
f 2044 2062 2043
f 2044 2080 2062
f 2045 2079 2080
f 2045 2080 2044
f 2046 2078 2079
f 2046 2079 2045
f 2047 2077 2078
f 2047 2078 2046
f 2048 2076 2077
f 2048 2077 2047
f 2049 2075 2076
f 2049 2076 2048
f 2050 2074 2075
f 2050 2075 2049
f 2051 2073 2074
f 2051 2074 2050
f 2052 2072 2073
f 2052 2073 2051
f 2053 2071 2072
f 2053 2072 2052
f 2054 2070 2071
f 2054 2071 2053
f 2055 2069 2070
f 2055 2070 2054
f 2056 2068 2069
f 2056 2069 2055
f 2057 2067 2068
f 2057 2068 2056
f 2058 2067 2057
f 2058 2066 2067
f 2059 2066 2058
f 2059 2065 2066
f 2060 2065 2059
f 2060 2064 2065
f 2061 2064 2060
f 2061 2063 2064
f 2083 2081 2082
f 2083 2082 2084
f 2086 2095 2085
f 2086 2104 2095
f 2087 2103 2104
f 2087 2104 2086
f 2088 2102 2103
f 2088 2103 2087
f 2089 2101 2102
f 2089 2102 2088
f 2090 2100 2101
f 2090 2101 2089
f 2091 2099 2100
f 2091 2100 2090
f 2092 2097 2098
f 2092 2098 2099
f 2092 2099 2091
f 2093 2097 2092
f 2094 2096 2097
f 2094 2097 2093
f 2107 2105 2106
f 2107 2106 2108
f 2109 2112 2111
f 2109 2110 2112
f 2114 2115 2116
f 2113 2114 2116
f 2118 2123 2117
f 2118 2128 2123
f 2119 2127 2128
f 2119 2128 2118
f 2120 2126 2127
f 2120 2127 2119
f 2121 2125 2126
f 2121 2126 2120
f 2122 2124 2125
f 2122 2125 2121
f 2136 2133 2134
f 2137 2132 2133
f 2137 2133 2136
f 2138 2131 2132
f 2138 2132 2137
f 2139 2130 2131
f 2139 2131 2138
f 2140 2129 2130
f 2140 2130 2139
f 2135 2129 2140
f 2151 2152 2153
f 2150 2153 2154
f 2150 2151 2153
f 2149 2154 2155
f 2149 2150 2154
f 2148 2155 2156
f 2148 2149 2155
f 2147 2156 2157
f 2147 2148 2156
f 2146 2157 2158
f 2146 2147 2157
f 2145 2158 2159
f 2145 2146 2158
f 2144 2145 2159
f 2143 2159 2160
f 2143 2160 2142
f 2143 2144 2159
f 2141 2143 2142
f 2162 2161 2163
f 2180 2163 2164
f 2180 2162 2163
f 2179 2164 2165
f 2179 2180 2164
f 2178 2165 2166
f 2178 2179 2165
f 2177 2166 2167
f 2177 2178 2166
f 2176 2167 2168
f 2176 2177 2167
f 2175 2168 2169
f 2175 2176 2168
f 2174 2169 2170
f 2174 2175 2169
f 2173 2170 2171
f 2173 2174 2170
f 2172 2173 2171
f 2192 2200 2191
f 2192 2209 2200
f 2193 2208 2209
f 2193 2209 2192
f 2194 2207 2208
f 2194 2208 2193
f 2195 2206 2207
f 2195 2207 2194
f 2196 2205 2206
f 2196 2206 2195
f 2197 2204 2205
f 2197 2205 2196
f 2198 2203 2204
f 2198 2204 2197
f 2199 2202 2203
f 2199 2203 2198
f 2181 2201 2202
f 2181 2202 2199
f 2182 2218 2201
f 2182 2201 2181
f 2183 2217 2218
f 2183 2218 2182
f 2184 2216 2217
f 2184 2217 2183
f 2185 2215 2216
f 2185 2216 2184
f 2186 2214 2215
f 2186 2215 2185
f 2187 2214 2186
f 2187 2212 2213
f 2187 2213 2214
f 2188 2212 2187
f 2189 2212 2188
f 2189 2211 2212
f 2190 2211 2189
f 2190 2210 2211
f 2239 2238 2237
f 2236 2239 2237
f 2240 2239 2236
f 2235 2240 2236
f 2241 2240 2235
f 2234 2241 2235
f 2242 2241 2234
f 2233 2242 2234
f 2243 2242 2233
f 2232 2243 2233
f 2244 2243 2232
f 2231 2244 2232
f 2245 2244 2231
f 2230 2245 2231
f 2246 2245 2230
f 2229 2246 2230
f 2247 2246 2229
f 2228 2247 2229
f 2248 2247 2228
f 2227 2248 2228
f 2249 2248 2227
f 2226 2249 2227
f 2250 2249 2226
f 2225 2250 2226
f 2251 2250 2225
f 2224 2251 2225
f 2252 2251 2224
f 2223 2252 2224
f 2222 2252 2223
f 2222 2253 2252
f 2221 2253 2222
f 2221 2254 2253
f 2220 2254 2221
f 2220 2255 2254
f 2219 2255 2220
f 2219 2256 2255
f 2277 2276 2275
f 2274 2277 2275
f 2278 2277 2274
f 2273 2278 2274
f 2279 2278 2273
f 2272 2279 2273
f 2280 2279 2272
f 2271 2280 2272
f 2281 2280 2271
f 2270 2281 2271
f 2282 2281 2270
f 2269 2282 2270
f 2283 2282 2269
f 2268 2283 2269
f 2284 2283 2268
f 2267 2284 2268
f 2285 2284 2267
f 2266 2285 2267
f 2286 2285 2266
f 2265 2286 2266
f 2287 2286 2265
f 2264 2287 2265
f 2288 2287 2264
f 2263 2288 2264
f 2289 2288 2263
f 2262 2289 2263
f 2290 2289 2262
f 2261 2290 2262
f 2291 2290 2261
f 2260 2291 2261
f 2292 2291 2260
f 2259 2292 2260
f 2293 2292 2259
f 2258 2293 2259
f 2257 2293 2258
f 2257 2294 2293
f 2332 2296 2295
f 2331 2297 2296
f 2331 2296 2332
f 2330 2298 2297
f 2330 2297 2331
f 2329 2299 2298
f 2329 2298 2330
f 2328 2300 2299
f 2328 2299 2329
f 2327 2301 2300
f 2327 2300 2328
f 2326 2302 2301
f 2326 2301 2327
f 2325 2303 2302
f 2325 2302 2326
f 2324 2304 2303
f 2324 2303 2325
f 2323 2305 2304
f 2323 2304 2324
f 2322 2305 2323
f 2321 2306 2305
f 2321 2307 2306
f 2321 2305 2322
f 2320 2308 2307
f 2320 2307 2321
f 2319 2309 2308
f 2319 2308 2320
f 2318 2310 2309
f 2318 2309 2319
f 2317 2310 2318
f 2317 2311 2310
f 2316 2311 2317
f 2316 2312 2311
f 2315 2312 2316
f 2314 2312 2315
f 2314 2313 2312
f 2334 2333 2336
f 2335 2334 2336
f 2337 2339 2338
f 2337 2340 2339
f 2378 2342 2341
f 2377 2343 2342
f 2377 2342 2378
f 2376 2344 2343
f 2376 2343 2377
f 2375 2345 2344
f 2375 2344 2376
f 2374 2346 2345
f 2374 2345 2375
f 2373 2347 2346
f 2373 2346 2374
f 2372 2348 2347
f 2372 2347 2373
f 2371 2349 2348
f 2371 2348 2372
f 2370 2349 2371
f 2369 2350 2349
f 2369 2351 2350
f 2369 2349 2370
f 2368 2352 2351
f 2368 2351 2369
f 2367 2352 2368
f 2366 2353 2352
f 2366 2354 2353
f 2366 2352 2367
f 2365 2354 2366
f 2364 2355 2354
f 2364 2356 2355
f 2364 2354 2365
f 2363 2357 2356
f 2363 2356 2364
f 2362 2357 2363
f 2361 2357 2362
f 2361 2358 2357
f 2360 2358 2361
f 2360 2359 2358
f 2416 2380 2379
f 2415 2381 2380
f 2415 2380 2416
f 2414 2382 2381
f 2414 2381 2415
f 2413 2383 2382
f 2413 2382 2414
f 2412 2384 2383
f 2412 2383 2413
f 2411 2385 2384
f 2411 2384 2412
f 2410 2386 2385
f 2410 2385 2411
f 2409 2387 2386
f 2409 2386 2410
f 2408 2388 2387
f 2408 2387 2409
f 2407 2389 2388
f 2407 2388 2408
f 2406 2390 2389
f 2406 2389 2407
f 2405 2390 2406
f 2404 2391 2390
f 2404 2392 2391
f 2404 2390 2405
f 2403 2393 2392
f 2403 2392 2404
f 2402 2394 2393
f 2402 2393 2403
f 2401 2394 2402
f 2401 2395 2394
f 2400 2395 2401
f 2400 2396 2395
f 2399 2396 2400
f 2398 2396 2399
f 2398 2397 2396
f 2419 2418 2417
f 2419 2417 2420
f 2424 2423 2422
f 2421 2424 2422
f 2462 2426 2425
f 2461 2427 2426
f 2461 2426 2462
f 2460 2428 2427
f 2460 2427 2461
f 2459 2429 2428
f 2459 2428 2460
f 2458 2430 2429
f 2458 2429 2459
f 2457 2431 2430
f 2457 2430 2458
f 2456 2432 2431
f 2456 2431 2457
f 2455 2433 2432
f 2455 2432 2456
f 2454 2434 2433
f 2454 2433 2455
f 2453 2434 2454
f 2452 2435 2434
f 2452 2436 2435
f 2452 2434 2453
f 2451 2436 2452
f 2450 2437 2436
f 2450 2438 2437
f 2450 2436 2451
f 2449 2439 2438
f 2449 2438 2450
f 2448 2440 2439
f 2448 2439 2449
f 2447 2440 2448
f 2447 2441 2440
f 2446 2441 2447
f 2446 2442 2441
f 2445 2442 2446
f 2444 2442 2445
f 2444 2443 2442
f 2475 2464 2463
f 2475 2463 2473
f 2476 2473 2472
f 2476 2475 2473
f 2477 2472 2471
f 2477 2476 2472
f 2478 2471 2470
f 2478 2477 2471
f 2479 2470 2469
f 2479 2478 2470
f 2480 2469 2468
f 2480 2479 2469
f 2481 2468 2467
f 2481 2480 2468
f 2482 2467 2466
f 2482 2481 2467
f 2474 2466 2465
f 2474 2482 2466
f 2487 2489 2488
f 2487 2490 2489
f 2486 2491 2490
f 2486 2490 2487
f 2485 2492 2491
f 2485 2491 2486
f 2484 2493 2492
f 2484 2492 2485
f 2483 2494 2493
f 2483 2493 2484
f 2512 2495 2496
f 2512 2496 2510
f 2513 2510 2509
f 2513 2512 2510
f 2514 2509 2508
f 2514 2513 2509
f 2515 2508 2507
f 2515 2514 2508
f 2516 2507 2506
f 2516 2515 2507
f 2517 2506 2505
f 2517 2516 2506
f 2518 2505 2504
f 2518 2517 2505
f 2519 2504 2503
f 2519 2518 2504
f 2520 2503 2502
f 2520 2519 2503
f 2521 2502 2501
f 2521 2520 2502
f 2522 2501 2500
f 2522 2521 2501
f 2523 2500 2499
f 2523 2522 2500
f 2524 2499 2498
f 2524 2523 2499
f 2511 2498 2497
f 2511 2524 2498
f 2525 2527 2526
f 2525 2528 2527
f 2539 2530 2529
f 2539 2529 2540
f 2538 2531 2530
f 2538 2530 2539
f 2537 2532 2531
f 2537 2531 2538
f 2536 2533 2532
f 2536 2532 2537
f 2535 2534 2533
f 2535 2533 2536
f 2544 2543 2552
f 2544 2552 2560
f 2545 2560 2559
f 2545 2544 2560
f 2546 2559 2558
f 2546 2545 2559
f 2547 2558 2557
f 2547 2546 2558
f 2548 2557 2556
f 2548 2547 2557
f 2549 2556 2555
f 2549 2548 2556
f 2550 2555 2554
f 2550 2549 2555
f 2551 2554 2553
f 2551 2550 2554
f 2542 2553 2541
f 2542 2551 2553
f 2563 2561 2562
f 2564 2561 2563
f 2568 2567 2576
f 2568 2576 2584
f 2569 2584 2583
f 2569 2568 2584
f 2570 2583 2582
f 2570 2569 2583
f 2571 2582 2581
f 2571 2570 2582
f 2572 2581 2580
f 2572 2571 2581
f 2573 2580 2579
f 2573 2572 2580
f 2574 2579 2578
f 2574 2573 2579
f 2575 2578 2577
f 2575 2574 2578
f 2566 2577 2565
f 2566 2575 2577
f 2588 2587 2601
f 2588 2601 2614
f 2589 2614 2613
f 2589 2588 2614
f 2590 2613 2612
f 2590 2589 2613
f 2591 2612 2611
f 2591 2590 2612
f 2592 2611 2610
f 2592 2591 2611
f 2593 2610 2609
f 2593 2592 2610
f 2594 2609 2608
f 2594 2593 2609
f 2595 2608 2607
f 2595 2594 2608
f 2596 2607 2606
f 2596 2595 2607
f 2597 2606 2605
f 2597 2596 2606
f 2598 2605 2604
f 2598 2597 2605
f 2599 2604 2603
f 2599 2598 2604
f 2600 2603 2602
f 2600 2599 2603
f 2585 2602 2586
f 2585 2600 2602
f 2627 2616 2615
f 2627 2615 2625
f 2628 2625 2624
f 2628 2627 2625
f 2629 2624 2623
f 2629 2628 2624
f 2630 2623 2622
f 2630 2629 2623
f 2631 2622 2621
f 2631 2630 2622
f 2632 2621 2620
f 2632 2631 2621
f 2633 2620 2619
f 2633 2632 2620
f 2634 2619 2618
f 2634 2633 2619
f 2626 2618 2617
f 2626 2634 2618
f 2645 2636 2635
f 2645 2635 2646
f 2644 2637 2636
f 2644 2636 2645
f 2643 2638 2637
f 2643 2637 2644
f 2642 2639 2638
f 2642 2638 2643
f 2641 2640 2639
f 2641 2639 2642
f 2651 2653 2652
f 2651 2654 2653
f 2650 2655 2654
f 2650 2654 2651
f 2649 2656 2655
f 2649 2655 2650
f 2648 2657 2656
f 2648 2656 2649
f 2647 2658 2657
f 2647 2657 2648
f 2659 2661 2660
f 2659 2662 2661
f 2665 2663 2664
f 2666 2663 2665
f 2679 2667 2668
f 2679 2668 2677
f 2680 2677 2676
f 2680 2679 2677
f 2681 2676 2675
f 2681 2680 2676
f 2682 2675 2674
f 2682 2681 2675
f 2683 2674 2673
f 2683 2682 2674
f 2684 2673 2672
f 2684 2683 2673
f 2685 2672 2671
f 2685 2684 2672
f 2686 2671 2670
f 2686 2685 2671
f 2678 2670 2669
f 2678 2686 2670
f 2690 2689 2698
f 2690 2698 2706
f 2691 2706 2705
f 2691 2690 2706
f 2692 2705 2704
f 2692 2691 2705
f 2693 2704 2703
f 2693 2692 2704
f 2694 2703 2702
f 2694 2693 2703
f 2695 2702 2701
f 2695 2694 2702
f 2696 2701 2700
f 2696 2695 2701
f 2697 2700 2699
f 2697 2696 2700
f 2688 2699 2687
f 2688 2697 2699
