# generated by step_to_parts.py -- 4736 verts, 4656 tris
v 0.171271 -0.202286 -0.013828
v 0.161841 -0.203444 -0.013828
v 0.160965 -0.196308 -0.012895
v 0.160962 -0.196282 -0.013526
v 0.160972 -0.196365 -0.014153
v 0.160995 -0.196554 -0.014755
v 0.161031 -0.196845 -0.015315
v 0.161078 -0.197228 -0.015815
v 0.161135 -0.197691 -0.016241
v 0.161200 -0.198221 -0.016580
v 0.161271 -0.198800 -0.016821
v 0.161346 -0.199413 -0.016956
v 0.161423 -0.200040 -0.016982
v 0.161500 -0.200661 -0.016899
v 0.161573 -0.201259 -0.016708
v 0.161641 -0.201815 -0.016415
v 0.161702 -0.202312 -0.016029
v 0.161754 -0.202735 -0.015563
v 0.161796 -0.203070 -0.015029
v 0.161825 -0.203309 -0.014445
v 0.170394 -0.195150 -0.012895
v 0.170391 -0.195124 -0.013526
v 0.170401 -0.195207 -0.014153
v 0.170425 -0.195397 -0.014755
v 0.170460 -0.195687 -0.015315
v 0.170507 -0.196070 -0.015815
v 0.170564 -0.196533 -0.016241
v 0.170629 -0.197063 -0.016580
v 0.170700 -0.197643 -0.016821
v 0.170776 -0.198255 -0.016956
v 0.170853 -0.198882 -0.016982
v 0.170929 -0.199504 -0.016899
v 0.171002 -0.200101 -0.016708
v 0.171071 -0.200657 -0.016415
v 0.171132 -0.201154 -0.016029
v 0.171184 -0.201577 -0.015563
v 0.171225 -0.201913 -0.015029
v 0.171254 -0.202152 -0.014445
v 0.170615 -0.196944 -0.000903
v 0.161186 -0.198102 -0.000903
v 0.160309 -0.190966 0.000029
v 0.160306 -0.190940 -0.000602
v 0.160316 -0.191023 -0.001228
v 0.160340 -0.191213 -0.001831
v 0.160375 -0.191503 -0.002391
v 0.160422 -0.191886 -0.002891
v 0.160479 -0.192349 -0.003317
v 0.160544 -0.192879 -0.003656
v 0.160615 -0.193459 -0.003896
v 0.160691 -0.194071 -0.004032
v 0.160768 -0.194698 -0.004058
v 0.160844 -0.195319 -0.003975
v 0.160917 -0.195917 -0.003784
v 0.160985 -0.196473 -0.003491
v 0.161046 -0.196970 -0.003105
v 0.161098 -0.197393 -0.002638
v 0.161140 -0.197729 -0.002105
v 0.161169 -0.197968 -0.001521
v 0.169739 -0.189808 0.000029
v 0.169735 -0.189782 -0.000602
v 0.169745 -0.189865 -0.001228
v 0.169769 -0.190055 -0.001831
v 0.169804 -0.190345 -0.002391
v 0.169851 -0.190728 -0.002891
v 0.169908 -0.191191 -0.003317
v 0.169973 -0.191721 -0.003656
v 0.170045 -0.192301 -0.003896
v 0.170120 -0.192913 -0.004032
v 0.170197 -0.193540 -0.004058
v 0.170273 -0.194162 -0.003975
v 0.170346 -0.194759 -0.003784
v 0.170415 -0.195315 -0.003491
v 0.170476 -0.195812 -0.003105
v 0.170528 -0.196235 -0.002638
v 0.170569 -0.196571 -0.002105
v 0.170598 -0.196810 -0.001521
v 0.168923 -0.183164 0.000898
v 0.159494 -0.184322 0.000898
v 0.158617 -0.177186 0.001830
v 0.158614 -0.177160 0.001199
v 0.158624 -0.177243 0.000573
v 0.158648 -0.177432 -0.000029
v 0.158683 -0.177723 -0.000589
v 0.158730 -0.178106 -0.001090
v 0.158787 -0.178569 -0.001516
v 0.158852 -0.179099 -0.001854
v 0.158923 -0.179678 -0.002095
v 0.158999 -0.180291 -0.002231
v 0.159076 -0.180918 -0.002257
v 0.159152 -0.181539 -0.002174
v 0.159225 -0.182137 -0.001982
v 0.159294 -0.182693 -0.001690
v 0.159355 -0.183190 -0.001304
v 0.159406 -0.183612 -0.000837
v 0.159448 -0.183948 -0.000304
v 0.159477 -0.184187 0.000281
v 0.168047 -0.176028 0.001830
v 0.168043 -0.176002 0.001199
v 0.168053 -0.176085 0.000573
v 0.168077 -0.176275 -0.000029
v 0.168112 -0.176565 -0.000589
v 0.168159 -0.176948 -0.001090
v 0.168216 -0.177411 -0.001516
v 0.168281 -0.177941 -0.001854
v 0.168353 -0.178521 -0.002095
v 0.168428 -0.179133 -0.002231
v 0.168505 -0.179760 -0.002257
v 0.168581 -0.180381 -0.002174
v 0.168654 -0.180979 -0.001982
v 0.168723 -0.181535 -0.001690
v 0.168784 -0.182032 -0.001304
v 0.168836 -0.182455 -0.000837
v 0.168877 -0.182791 -0.000304
v 0.168906 -0.183030 0.000281
v 0.167887 -0.174726 -0.010225
v 0.158457 -0.175884 -0.010225
v 0.157581 -0.168747 -0.009293
v 0.157578 -0.168721 -0.009924
v 0.157588 -0.168804 -0.010550
v 0.157612 -0.168994 -0.011153
v 0.157647 -0.169285 -0.011712
v 0.157694 -0.169667 -0.012213
v 0.157751 -0.170131 -0.012639
v 0.157816 -0.170660 -0.012978
v 0.157887 -0.171240 -0.013218
v 0.157963 -0.171853 -0.013354
v 0.158039 -0.172479 -0.013380
v 0.158116 -0.173101 -0.013297
v 0.158189 -0.173699 -0.013105
v 0.158257 -0.174254 -0.012813
v 0.158318 -0.174751 -0.012427
v 0.158370 -0.175174 -0.011960
v 0.158412 -0.175510 -0.011427
v 0.158441 -0.175749 -0.010842
v 0.167010 -0.167590 -0.009293
v 0.167007 -0.167564 -0.009924
v 0.167017 -0.167647 -0.010550
v 0.167041 -0.167836 -0.011153
v 0.167076 -0.168127 -0.011712
v 0.167123 -0.168510 -0.012213
v 0.167180 -0.168973 -0.012639
v 0.167245 -0.169502 -0.012978
v 0.167316 -0.170082 -0.013218
v 0.167392 -0.170695 -0.013354
v 0.167469 -0.171322 -0.013380
v 0.167545 -0.171943 -0.013297
v 0.167618 -0.172541 -0.013105
v 0.167687 -0.173097 -0.012813
v 0.167748 -0.173594 -0.012427
v 0.167800 -0.174016 -0.011960
v 0.167841 -0.174352 -0.011427
v 0.167870 -0.174591 -0.010842
v 0.168543 -0.180068 -0.023149
v 0.159113 -0.181226 -0.023149
v 0.158237 -0.174089 -0.022217
v 0.158234 -0.174063 -0.022848
v 0.158244 -0.174146 -0.023474
v 0.158267 -0.174336 -0.024077
v 0.158303 -0.174627 -0.024637
v 0.158350 -0.175009 -0.025137
v 0.158407 -0.175473 -0.025563
v 0.158472 -0.176002 -0.025902
v 0.158543 -0.176582 -0.026142
v 0.158618 -0.177195 -0.026278
v 0.158695 -0.177821 -0.026304
v 0.158772 -0.178443 -0.026221
v 0.158845 -0.179041 -0.026030
v 0.158913 -0.179596 -0.025737
v 0.158974 -0.180093 -0.025351
v 0.159026 -0.180516 -0.024884
v 0.159067 -0.180852 -0.024351
v 0.159097 -0.181091 -0.023767
v 0.167666 -0.172932 -0.022217
v 0.167663 -0.172905 -0.022848
v 0.167673 -0.172988 -0.023474
v 0.167697 -0.173178 -0.024077
v 0.167732 -0.173469 -0.024637
v 0.167779 -0.173852 -0.025137
v 0.167836 -0.174315 -0.025563
v 0.167901 -0.174844 -0.025902
v 0.167972 -0.175424 -0.026142
v 0.168048 -0.176037 -0.026278
v 0.168125 -0.176663 -0.026304
v 0.168201 -0.177285 -0.026221
v 0.168274 -0.177883 -0.026030
v 0.168342 -0.178439 -0.025737
v 0.168404 -0.178935 -0.025351
v 0.168455 -0.179358 -0.024884
v 0.168497 -0.179694 -0.024351
v 0.168526 -0.179933 -0.023767
v 0.170235 -0.193848 -0.024951
v 0.160805 -0.195006 -0.024951
v 0.159929 -0.187870 -0.024018
v 0.159926 -0.187843 -0.024649
v 0.159936 -0.187926 -0.025276
v 0.159959 -0.188116 -0.025878
v 0.159995 -0.188407 -0.026438
v 0.160042 -0.188790 -0.026938
v 0.160099 -0.189253 -0.027364
v 0.160164 -0.189782 -0.027703
v 0.160235 -0.190362 -0.027944
v 0.160310 -0.190975 -0.028079
v 0.160387 -0.191601 -0.028106
v 0.160464 -0.192223 -0.028022
v 0.160537 -0.192821 -0.027831
v 0.160605 -0.193377 -0.027538
v 0.160666 -0.193873 -0.027152
v 0.160718 -0.194296 -0.026686
v 0.160759 -0.194632 -0.026152
v 0.160789 -0.194871 -0.025568
v 0.169358 -0.186712 -0.024018
v 0.169355 -0.186686 -0.024649
v 0.169365 -0.186769 -0.025276
v 0.169389 -0.186958 -0.025878
v 0.169424 -0.187249 -0.026438
v 0.169471 -0.187632 -0.026938
v 0.169528 -0.188095 -0.027364
v 0.169593 -0.188625 -0.027703
v 0.169664 -0.189204 -0.027944
v 0.169740 -0.189817 -0.028079
v 0.169817 -0.190444 -0.028106
v 0.169893 -0.191065 -0.028022
v 0.169966 -0.191663 -0.027831
v 0.170034 -0.192219 -0.027538
v 0.170095 -0.192716 -0.027152
v 0.170147 -0.193138 -0.026686
v 0.170189 -0.193474 -0.026152
v 0.170218 -0.193713 -0.025568
v 0.170647 -0.205411 -0.025438
v 0.162210 -0.206447 -0.025438
v 0.161521 -0.200836 -0.024705
v 0.161519 -0.200816 -0.025201
v 0.161527 -0.200881 -0.025694
v 0.161545 -0.201030 -0.026167
v 0.161573 -0.201259 -0.026608
v 0.161610 -0.201560 -0.027001
v 0.161655 -0.201924 -0.027336
v 0.161706 -0.202340 -0.027602
v 0.161762 -0.202796 -0.027791
v 0.161821 -0.203278 -0.027898
v 0.161882 -0.203770 -0.027919
v 0.161942 -0.204259 -0.027853
v 0.161999 -0.204729 -0.027703
v 0.162053 -0.205166 -0.027472
v 0.162101 -0.205557 -0.027169
v 0.162142 -0.205889 -0.026802
v 0.162174 -0.206153 -0.026383
v 0.162197 -0.206341 -0.025924
v 0.169958 -0.199801 -0.024705
v 0.169955 -0.199780 -0.025201
v 0.169963 -0.199845 -0.025694
v 0.169982 -0.199994 -0.026167
v 0.170010 -0.200223 -0.026608
v 0.170047 -0.200524 -0.027001
v 0.170091 -0.200888 -0.027336
v 0.170143 -0.201304 -0.027602
v 0.170199 -0.201760 -0.027791
v 0.170258 -0.202242 -0.027898
v 0.170318 -0.202734 -0.027919
v 0.170378 -0.203223 -0.027853
v 0.170436 -0.203693 -0.027703
v 0.170490 -0.204130 -0.027472
v 0.170537 -0.204521 -0.027169
v 0.170578 -0.204853 -0.026802
v 0.170611 -0.205117 -0.026383
v 0.170634 -0.205305 -0.025924
v 0.168144 -0.185024 -0.033992
v 0.159707 -0.186060 -0.033992
v 0.159018 -0.180449 -0.033259
v 0.159016 -0.180429 -0.033755
v 0.159024 -0.180494 -0.034247
v 0.159042 -0.180643 -0.034721
v 0.159070 -0.180872 -0.035161
v 0.159107 -0.181173 -0.035555
v 0.159152 -0.181537 -0.035890
v 0.159203 -0.181953 -0.036156
v 0.159259 -0.182409 -0.036345
v 0.159318 -0.182891 -0.036452
v 0.159378 -0.183383 -0.036472
v 0.159438 -0.183872 -0.036406
v 0.159496 -0.184342 -0.036256
v 0.159550 -0.184779 -0.036026
v 0.159598 -0.185170 -0.035723
v 0.159638 -0.185502 -0.035356
v 0.159671 -0.185766 -0.034936
v 0.159694 -0.185954 -0.034477
v 0.167455 -0.179413 -0.033259
v 0.167452 -0.179393 -0.033755
v 0.167460 -0.179458 -0.034247
v 0.167478 -0.179607 -0.034721
v 0.167507 -0.179836 -0.035161
v 0.167543 -0.180137 -0.035555
v 0.167588 -0.180501 -0.035890
v 0.167639 -0.180917 -0.036156
v 0.167695 -0.181373 -0.036345
v 0.167754 -0.181855 -0.036452
v 0.167815 -0.182347 -0.036472
v 0.167875 -0.182836 -0.036406
v 0.167933 -0.183306 -0.036256
v 0.167986 -0.183743 -0.036026
v 0.168034 -0.184134 -0.035723
v 0.168075 -0.184466 -0.035356
v 0.168108 -0.184730 -0.034936
v 0.168131 -0.184918 -0.034477
v 0.165989 -0.167478 -0.020480
v 0.157553 -0.168514 -0.020480
v 0.156864 -0.162903 -0.019747
v 0.156861 -0.162883 -0.020243
v 0.156869 -0.162948 -0.020736
v 0.156887 -0.163097 -0.021209
v 0.156916 -0.163326 -0.021649
v 0.156952 -0.163627 -0.022043
v 0.156997 -0.163991 -0.022378
v 0.157048 -0.164407 -0.022644
v 0.157104 -0.164863 -0.022833
v 0.157163 -0.165345 -0.022940
v 0.157224 -0.165837 -0.022961
v 0.157284 -0.166326 -0.022895
v 0.157342 -0.166796 -0.022745
v 0.157395 -0.167233 -0.022514
v 0.157443 -0.167624 -0.022211
v 0.157484 -0.167956 -0.021844
v 0.157516 -0.168220 -0.021425
v 0.157540 -0.168408 -0.020965
v 0.165300 -0.161868 -0.019747
v 0.165298 -0.161847 -0.020243
v 0.165306 -0.161912 -0.020736
v 0.165324 -0.162061 -0.021209
v 0.165352 -0.162290 -0.021649
v 0.165389 -0.162591 -0.022043
v 0.165434 -0.162955 -0.022378
v 0.165485 -0.163371 -0.022644
v 0.165541 -0.163827 -0.022833
v 0.165600 -0.164309 -0.022940
v 0.165661 -0.164801 -0.022961
v 0.165721 -0.165290 -0.022895
v 0.165778 -0.165760 -0.022745
v 0.165832 -0.166197 -0.022514
v 0.165880 -0.166588 -0.022211
v 0.165921 -0.166920 -0.021844
v 0.165953 -0.167184 -0.021425
v 0.165976 -0.167372 -0.020965
v 0.166338 -0.170319 0.001585
v 0.157901 -0.171355 0.001585
v 0.157213 -0.165745 0.002318
v 0.157210 -0.165724 0.001822
v 0.157218 -0.165789 0.001329
v 0.157236 -0.165938 0.000856
v 0.157264 -0.166167 0.000416
v 0.157301 -0.166468 0.000022
v 0.157346 -0.166832 -0.000313
v 0.157397 -0.167248 -0.000579
v 0.157453 -0.167704 -0.000768
v 0.157512 -0.168186 -0.000875
v 0.157573 -0.168679 -0.000896
v 0.157633 -0.169167 -0.000830
v 0.157690 -0.169637 -0.000680
v 0.157744 -0.170074 -0.000449
v 0.157792 -0.170465 -0.000146
v 0.157833 -0.170797 0.000221
v 0.157865 -0.171061 0.000640
v 0.157888 -0.171249 0.001100
v 0.165649 -0.164709 0.002318
v 0.165647 -0.164688 0.001822
v 0.165655 -0.164753 0.001329
v 0.165673 -0.164903 0.000856
v 0.165701 -0.165131 0.000416
v 0.165738 -0.165432 0.000022
v 0.165783 -0.165796 -0.000313
v 0.165834 -0.166213 -0.000579
v 0.165890 -0.166668 -0.000768
v 0.165949 -0.167150 -0.000875
v 0.166009 -0.167643 -0.000896
v 0.166069 -0.168131 -0.000830
v 0.166127 -0.168601 -0.000680
v 0.166181 -0.169038 -0.000449
v 0.166229 -0.169429 -0.000146
v 0.166270 -0.169761 0.000221
v 0.166302 -0.170026 0.000640
v 0.166325 -0.170213 0.001100
v 0.168841 -0.190706 0.010138
v 0.160405 -0.191742 0.010138
v 0.159716 -0.186132 0.010872
v 0.159713 -0.186111 0.010375
v 0.159721 -0.186176 0.009883
v 0.159740 -0.186326 0.009409
v 0.159768 -0.186554 0.008969
v 0.159805 -0.186855 0.008576
v 0.159849 -0.187219 0.008241
v 0.159900 -0.187635 0.007975
v 0.159956 -0.188091 0.007785
v 0.160016 -0.188573 0.007679
v 0.160076 -0.189066 0.007658
v 0.160136 -0.189554 0.007724
v 0.160194 -0.190024 0.007874
v 0.160247 -0.190461 0.008104
v 0.160295 -0.190852 0.008407
v 0.160336 -0.191184 0.008774
v 0.160369 -0.191449 0.009194
v 0.160392 -0.191636 0.009653
v 0.168152 -0.185096 0.010872
v 0.168150 -0.185075 0.010375
v 0.168158 -0.185140 0.009883
v 0.168176 -0.185290 0.009409
v 0.168204 -0.185518 0.008969
v 0.168241 -0.185819 0.008576
v 0.168286 -0.186183 0.008241
v 0.168337 -0.186600 0.007975
v 0.168393 -0.187056 0.007785
v 0.168452 -0.187537 0.007679
v 0.168513 -0.188030 0.007658
v 0.168573 -0.188519 0.007724
v 0.168630 -0.188988 0.007874
v 0.168684 -0.189425 0.008104
v 0.168732 -0.189816 0.008407
v 0.168773 -0.190148 0.008774
v 0.168805 -0.190413 0.009194
v 0.168828 -0.190600 0.009653
v 0.170996 -0.208252 -0.003373
v 0.162559 -0.209288 -0.003373
v 0.161870 -0.203678 -0.002640
v 0.161868 -0.203657 -0.003136
v 0.161876 -0.203722 -0.003629
v 0.161894 -0.203871 -0.004102
v 0.161922 -0.204100 -0.004542
v 0.161959 -0.204401 -0.004936
v 0.162004 -0.204765 -0.005271
v 0.162055 -0.205181 -0.005537
v 0.162111 -0.205637 -0.005726
v 0.162170 -0.206119 -0.005833
v 0.162230 -0.206612 -0.005854
v 0.162290 -0.207100 -0.005788
v 0.162348 -0.207570 -0.005638
v 0.162402 -0.208007 -0.005407
v 0.162450 -0.208398 -0.005104
v 0.162491 -0.208730 -0.004737
v 0.162523 -0.208994 -0.004318
v 0.162546 -0.209182 -0.003858
v 0.170307 -0.202642 -0.002640
v 0.170304 -0.202621 -0.003136
v 0.170312 -0.202686 -0.003629
v 0.170331 -0.202836 -0.004102
v 0.170359 -0.203064 -0.004542
v 0.170396 -0.203365 -0.004936
v 0.170440 -0.203729 -0.005271
v 0.170491 -0.204146 -0.005537
v 0.170547 -0.204601 -0.005726
v 0.170607 -0.205083 -0.005833
v 0.170667 -0.205576 -0.005854
v 0.170727 -0.206064 -0.005788
v 0.170785 -0.206534 -0.005638
v 0.170838 -0.206971 -0.005407
v 0.170886 -0.207362 -0.005104
v 0.170927 -0.207694 -0.004737
v 0.170960 -0.207959 -0.004318
v 0.170983 -0.208146 -0.003858
v 0.158805 -0.178714 -0.010595
v 0.184710 -0.175533 -0.010595
v 0.186523 -0.190297 -0.012525
v 0.186489 -0.190019 -0.013802
v 0.186428 -0.189524 -0.015011
v 0.186343 -0.188829 -0.016115
v 0.186236 -0.187954 -0.017080
v 0.186109 -0.186927 -0.017878
v 0.185968 -0.185777 -0.018484
v 0.185816 -0.184540 -0.018879
v 0.185658 -0.183254 -0.019052
v 0.185499 -0.181957 -0.018998
v 0.185344 -0.180690 -0.018717
v 0.185196 -0.179490 -0.018219
v 0.185062 -0.178394 -0.017519
v 0.184944 -0.177436 -0.016637
v 0.184847 -0.176644 -0.015602
v 0.184773 -0.176043 -0.014443
v 0.184725 -0.175650 -0.013197
v 0.184704 -0.175479 -0.011901
v 0.160618 -0.193478 -0.012525
v 0.158798 -0.178659 -0.011901
v 0.158819 -0.178831 -0.013197
v 0.158868 -0.179224 -0.014443
v 0.158941 -0.179825 -0.015602
v 0.159039 -0.180617 -0.016637
v 0.159156 -0.181575 -0.017519
v 0.159291 -0.182671 -0.018219
v 0.159438 -0.183871 -0.018717
v 0.159594 -0.185138 -0.018998
v 0.159753 -0.186434 -0.019052
v 0.159911 -0.187721 -0.018879
v 0.160063 -0.188957 -0.018484
v 0.160204 -0.190107 -0.017878
v 0.160330 -0.191135 -0.017080
v 0.160438 -0.192010 -0.016115
v 0.160523 -0.192705 -0.015011
v 0.160584 -0.193200 -0.013802
v 0.163941 -0.220546 -0.016063
v 0.163972 -0.220799 -0.009967
v 0.163874 -0.219997 -0.003920
v 0.163649 -0.218165 0.001895
v 0.163304 -0.215359 0.007301
v 0.162851 -0.211664 0.012134
v 0.162302 -0.207191 0.016247
v 0.161674 -0.202078 0.019516
v 0.160986 -0.196479 0.021840
v 0.160260 -0.190565 0.023149
v 0.159517 -0.184515 0.023404
v 0.158780 -0.178513 0.022596
v 0.158072 -0.172741 0.020750
v 0.157413 -0.167375 0.017923
v 0.156824 -0.162578 0.014200
v 0.156322 -0.158495 0.009694
v 0.155924 -0.155252 0.004542
v 0.155641 -0.152945 -0.001098
v 0.155481 -0.151645 -0.007057
v 0.189847 -0.217365 -0.016063
v 0.181387 -0.148465 -0.007057
v 0.181546 -0.149764 -0.001098
v 0.181830 -0.152071 0.004542
v 0.182228 -0.155315 0.009694
v 0.182729 -0.159397 0.014200
v 0.183318 -0.164194 0.017923
v 0.183977 -0.169560 0.020750
v 0.184686 -0.175332 0.022596
v 0.185423 -0.181334 0.023404
v 0.186166 -0.187384 0.023149
v 0.186892 -0.193299 0.021840
v 0.187579 -0.198897 0.019516
v 0.188207 -0.204011 0.016247
v 0.188756 -0.208483 0.012134
v 0.189210 -0.212178 0.007301
v 0.189554 -0.214985 0.001895
v 0.189779 -0.216816 -0.003920
v 0.189878 -0.217618 -0.009967
v 0.187557 -0.198713 -0.013625
v 0.178028 -0.199883 -0.013625
v 0.178019 -0.199807 -0.013974
v 0.178002 -0.199672 -0.014304
v 0.177979 -0.199482 -0.014606
v 0.177949 -0.199243 -0.014870
v 0.177915 -0.198962 -0.015088
v 0.177876 -0.198647 -0.015254
v 0.177835 -0.198309 -0.015362
v 0.177792 -0.197958 -0.015409
v 0.177748 -0.197603 -0.015394
v 0.177706 -0.197257 -0.015318
v 0.177665 -0.196929 -0.015181
v 0.177629 -0.196629 -0.014990
v 0.177596 -0.196368 -0.014749
v 0.177570 -0.196151 -0.014466
v 0.177550 -0.195987 -0.014149
v 0.177537 -0.195879 -0.013809
v 0.177531 -0.195832 -0.013455
v 0.177533 -0.195847 -0.013097
v 0.187061 -0.194677 -0.013097
v 0.187547 -0.198637 -0.013974
v 0.187531 -0.198502 -0.014304
v 0.187507 -0.198312 -0.014606
v 0.187478 -0.198073 -0.014870
v 0.187443 -0.197792 -0.015088
v 0.187405 -0.197477 -0.015254
v 0.187363 -0.197139 -0.015362
v 0.187320 -0.196788 -0.015409
v 0.187277 -0.196433 -0.015394
v 0.187234 -0.196087 -0.015318
v 0.187194 -0.195759 -0.015181
v 0.187157 -0.195460 -0.014990
v 0.187125 -0.195198 -0.014749
v 0.187098 -0.194981 -0.014466
v 0.187078 -0.194817 -0.014149
v 0.187065 -0.194709 -0.013809
v 0.187059 -0.194663 -0.013455
v 0.186901 -0.193371 -0.000701
v 0.177372 -0.194541 -0.000701
v 0.177363 -0.194465 -0.001050
v 0.177346 -0.194330 -0.001380
v 0.177323 -0.194140 -0.001682
v 0.177294 -0.193901 -0.001946
v 0.177259 -0.193620 -0.002164
v 0.177220 -0.193305 -0.002330
v 0.177179 -0.192967 -0.002438
v 0.177136 -0.192616 -0.002485
v 0.177092 -0.192261 -0.002470
v 0.177050 -0.191915 -0.002393
v 0.177009 -0.191587 -0.002257
v 0.176973 -0.191288 -0.002066
v 0.176941 -0.191026 -0.001825
v 0.176914 -0.190809 -0.001542
v 0.176894 -0.190645 -0.001225
v 0.176881 -0.190538 -0.000885
v 0.176875 -0.190491 -0.000530
v 0.176877 -0.190505 -0.000173
v 0.186405 -0.189335 -0.000173
v 0.186891 -0.193295 -0.001050
v 0.186875 -0.193160 -0.001380
v 0.186851 -0.192970 -0.001682
v 0.186822 -0.192731 -0.001946
v 0.186788 -0.192450 -0.002164
v 0.186749 -0.192135 -0.002330
v 0.186707 -0.191797 -0.002438
v 0.186664 -0.191446 -0.002485
v 0.186621 -0.191091 -0.002470
v 0.186578 -0.190745 -0.002393
v 0.186538 -0.190417 -0.002257
v 0.186501 -0.190118 -0.002066
v 0.186469 -0.189856 -0.001825
v 0.186442 -0.189639 -0.001542
v 0.186422 -0.189475 -0.001225
v 0.186409 -0.189368 -0.000885
v 0.186403 -0.189321 -0.000530
v 0.185209 -0.179591 0.001100
v 0.175680 -0.180761 0.001100
v 0.175671 -0.180685 0.000751
v 0.175654 -0.180550 0.000421
v 0.175631 -0.180360 0.000119
v 0.175602 -0.180120 -0.000145
v 0.175567 -0.179840 -0.000363
v 0.175528 -0.179525 -0.000528
v 0.175487 -0.179187 -0.000636
v 0.175444 -0.178836 -0.000684
v 0.175400 -0.178481 -0.000669
v 0.175358 -0.178135 -0.000592
v 0.175318 -0.177807 -0.000456
v 0.175281 -0.177507 -0.000265
v 0.175249 -0.177245 -0.000024
v 0.175222 -0.177029 0.000259
v 0.175202 -0.176865 0.000576
v 0.175189 -0.176757 0.000917
v 0.175183 -0.176710 0.001271
v 0.175185 -0.176725 0.001628
v 0.184713 -0.175555 0.001628
v 0.185199 -0.179515 0.000751
v 0.185183 -0.179380 0.000421
v 0.185159 -0.179190 0.000119
v 0.185130 -0.178951 -0.000145
v 0.185096 -0.178670 -0.000363
v 0.185057 -0.178355 -0.000528
v 0.185015 -0.178017 -0.000636
v 0.184972 -0.177666 -0.000684
v 0.184929 -0.177311 -0.000669
v 0.184886 -0.176965 -0.000592
v 0.184846 -0.176637 -0.000456
v 0.184809 -0.176337 -0.000265
v 0.184777 -0.176076 -0.000024
v 0.184750 -0.175859 0.000259
v 0.184730 -0.175695 0.000576
v 0.184717 -0.175587 0.000917
v 0.184711 -0.175540 0.001271
v 0.184173 -0.171153 -0.010023
v 0.174644 -0.172323 -0.010023
v 0.174635 -0.172246 -0.010372
v 0.174618 -0.172111 -0.010702
v 0.174595 -0.171921 -0.011004
v 0.174565 -0.171682 -0.011268
v 0.174531 -0.171401 -0.011486
v 0.174492 -0.171087 -0.011651
v 0.174451 -0.170749 -0.011760
v 0.174408 -0.170397 -0.011807
v 0.174364 -0.170043 -0.011792
v 0.174322 -0.169697 -0.011715
v 0.174281 -0.169369 -0.011579
v 0.174245 -0.169069 -0.011388
v 0.174212 -0.168807 -0.011147
v 0.174186 -0.168591 -0.010864
v 0.174166 -0.168426 -0.010547
v 0.174153 -0.168319 -0.010206
v 0.174147 -0.168272 -0.009852
v 0.174149 -0.168287 -0.009495
v 0.183677 -0.167117 -0.009495
v 0.184163 -0.171076 -0.010372
v 0.184147 -0.170941 -0.010702
v 0.184123 -0.170751 -0.011004
v 0.184094 -0.170512 -0.011268
v 0.184059 -0.170231 -0.011486
v 0.184021 -0.169917 -0.011651
v 0.183979 -0.169579 -0.011760
v 0.183936 -0.169227 -0.011807
v 0.183893 -0.168873 -0.011792
v 0.183850 -0.168527 -0.011715
v 0.183810 -0.168199 -0.011579
v 0.183773 -0.167899 -0.011388
v 0.183741 -0.167637 -0.011147
v 0.183714 -0.167421 -0.010864
v 0.183694 -0.167256 -0.010547
v 0.183681 -0.167149 -0.010206
v 0.183675 -0.167102 -0.009852
v 0.184828 -0.176494 -0.022947
v 0.175300 -0.177664 -0.022947
v 0.175291 -0.177588 -0.023296
v 0.175274 -0.177453 -0.023626
v 0.175251 -0.177263 -0.023928
v 0.175221 -0.177024 -0.024192
v 0.175187 -0.176743 -0.024410
v 0.175148 -0.176429 -0.024576
v 0.175107 -0.176091 -0.024684
v 0.175064 -0.175739 -0.024731
v 0.175020 -0.175385 -0.024716
v 0.174978 -0.175038 -0.024639
v 0.174937 -0.174710 -0.024503
v 0.174901 -0.174411 -0.024312
v 0.174868 -0.174149 -0.024071
v 0.174842 -0.173933 -0.023788
v 0.174822 -0.173768 -0.023471
v 0.174808 -0.173661 -0.023131
v 0.174803 -0.173614 -0.022776
v 0.174804 -0.173629 -0.022419
v 0.184333 -0.172459 -0.022419
v 0.184819 -0.176418 -0.023296
v 0.184803 -0.176283 -0.023626
v 0.184779 -0.176093 -0.023928
v 0.184750 -0.175854 -0.024192
v 0.184715 -0.175573 -0.024410
v 0.184677 -0.175259 -0.024576
v 0.184635 -0.174921 -0.024684
v 0.184592 -0.174569 -0.024731
v 0.184549 -0.174215 -0.024716
v 0.184506 -0.173868 -0.024639
v 0.184466 -0.173541 -0.024503
v 0.184429 -0.173241 -0.024312
v 0.184397 -0.172979 -0.024071
v 0.184370 -0.172763 -0.023788
v 0.184350 -0.172598 -0.023471
v 0.184337 -0.172491 -0.023131
v 0.184331 -0.172444 -0.022776
v 0.186520 -0.190275 -0.024748
v 0.176992 -0.191445 -0.024748
v 0.176983 -0.191368 -0.025097
v 0.176966 -0.191233 -0.025427
v 0.176943 -0.191043 -0.025729
v 0.176913 -0.190804 -0.025993
v 0.176879 -0.190523 -0.026211
v 0.176840 -0.190209 -0.026377
v 0.176799 -0.189871 -0.026485
v 0.176756 -0.189519 -0.026532
v 0.176712 -0.189165 -0.026517
v 0.176670 -0.188819 -0.026441
v 0.176629 -0.188491 -0.026304
v 0.176593 -0.188191 -0.026113
v 0.176560 -0.187929 -0.025872
v 0.176534 -0.187713 -0.025589
v 0.176514 -0.187548 -0.025272
v 0.176500 -0.187441 -0.024932
v 0.176495 -0.187394 -0.024578
v 0.176496 -0.187409 -0.024221
v 0.186025 -0.186239 -0.024221
v 0.186511 -0.190199 -0.025097
v 0.186495 -0.190063 -0.025427
v 0.186471 -0.189873 -0.025729
v 0.186442 -0.189634 -0.025993
v 0.186407 -0.189353 -0.026211
v 0.186369 -0.189039 -0.026377
v 0.186327 -0.188701 -0.026485
v 0.186284 -0.188349 -0.026532
v 0.186241 -0.187995 -0.026517
v 0.186198 -0.187649 -0.026441
v 0.186158 -0.187321 -0.026304
v 0.186121 -0.187021 -0.026113
v 0.186089 -0.186759 -0.025872
v 0.186062 -0.186543 -0.025589
v 0.186042 -0.186378 -0.025272
v 0.186029 -0.186271 -0.024932
v 0.186023 -0.186224 -0.024578
v 0.188368 -0.205320 -0.003270
v 0.170899 -0.207465 -0.003270
v 0.170890 -0.207389 -0.003619
v 0.170873 -0.207254 -0.003950
v 0.170850 -0.207064 -0.004251
v 0.170820 -0.206824 -0.004515
v 0.170786 -0.206543 -0.004733
v 0.170747 -0.206229 -0.004899
v 0.170706 -0.205891 -0.005007
v 0.170663 -0.205540 -0.005054
v 0.170619 -0.205185 -0.005040
v 0.170577 -0.204839 -0.004963
v 0.170536 -0.204511 -0.004827
v 0.170499 -0.204211 -0.004635
v 0.170467 -0.203949 -0.004394
v 0.170441 -0.203733 -0.004111
v 0.170421 -0.203569 -0.003795
v 0.170407 -0.203461 -0.003454
v 0.170402 -0.203414 -0.003100
v 0.170403 -0.203429 -0.002743
v 0.187872 -0.201284 -0.002743
v 0.188358 -0.205244 -0.003619
v 0.188342 -0.205109 -0.003950
v 0.188318 -0.204919 -0.004251
v 0.188289 -0.204680 -0.004515
v 0.188255 -0.204399 -0.004733
v 0.188216 -0.204084 -0.004899
v 0.188175 -0.203746 -0.005007
v 0.188131 -0.203395 -0.005054
v 0.188088 -0.203040 -0.005040
v 0.188045 -0.202694 -0.004963
v 0.188005 -0.202366 -0.004827
v 0.187968 -0.202066 -0.004635
v 0.187936 -0.201804 -0.004394
v 0.187910 -0.201588 -0.004111
v 0.187889 -0.201424 -0.003795
v 0.187876 -0.201316 -0.003454
v 0.187870 -0.201269 -0.003100
v 0.186213 -0.187774 0.010241
v 0.168745 -0.189919 0.010241
v 0.168735 -0.189843 0.009892
v 0.168719 -0.189708 0.009562
v 0.168695 -0.189518 0.009260
v 0.168666 -0.189279 0.008996
v 0.168631 -0.188998 0.008778
v 0.168593 -0.188683 0.008613
v 0.168551 -0.188345 0.008504
v 0.168508 -0.187994 0.008457
v 0.168465 -0.187639 0.008472
v 0.168422 -0.187293 0.008549
v 0.168382 -0.186965 0.008685
v 0.168345 -0.186665 0.008876
v 0.168313 -0.186403 0.009117
v 0.168286 -0.186187 0.009400
v 0.168266 -0.186023 0.009717
v 0.168253 -0.185915 0.010058
v 0.168247 -0.185868 0.010412
v 0.168249 -0.185883 0.010769
v 0.185718 -0.183738 0.010769
v 0.186204 -0.187698 0.009892
v 0.186187 -0.187563 0.009562
v 0.186164 -0.187373 0.009260
v 0.186135 -0.187134 0.008996
v 0.186100 -0.186853 0.008778
v 0.186062 -0.186538 0.008613
v 0.186020 -0.186200 0.008504
v 0.185977 -0.185849 0.008457
v 0.185933 -0.185494 0.008472
v 0.185891 -0.185148 0.008549
v 0.185851 -0.184820 0.008685
v 0.185814 -0.184521 0.008876
v 0.185782 -0.184259 0.009117
v 0.185755 -0.184042 0.009400
v 0.185735 -0.183878 0.009717
v 0.185722 -0.183770 0.010058
v 0.185716 -0.183724 0.010412
v 0.183710 -0.167387 0.001688
v 0.166241 -0.169532 0.001688
v 0.166232 -0.169456 0.001339
v 0.166215 -0.169321 0.001008
v 0.166192 -0.169131 0.000707
v 0.166163 -0.168891 0.000443
v 0.166128 -0.168610 0.000225
v 0.166090 -0.168296 0.000059
v 0.166048 -0.167958 -0.000049
v 0.166005 -0.167607 -0.000096
v 0.165961 -0.167252 -0.000081
v 0.165919 -0.166906 -0.000005
v 0.165879 -0.166578 0.000131
v 0.165842 -0.166278 0.000323
v 0.165810 -0.166016 0.000564
v 0.165783 -0.165800 0.000847
v 0.165763 -0.165636 0.001163
v 0.165750 -0.165528 0.001504
v 0.165744 -0.165481 0.001858
v 0.165746 -0.165496 0.002215
v 0.183215 -0.163351 0.002215
v 0.183701 -0.167311 0.001339
v 0.183684 -0.167176 0.001008
v 0.183661 -0.166986 0.000707
v 0.183632 -0.166747 0.000443
v 0.183597 -0.166466 0.000225
v 0.183558 -0.166151 0.000059
v 0.183517 -0.165813 -0.000049
v 0.183474 -0.165462 -0.000096
v 0.183430 -0.165107 -0.000081
v 0.183388 -0.164761 -0.000005
v 0.183347 -0.164433 0.000131
v 0.183311 -0.164133 0.000323
v 0.183279 -0.163871 0.000564
v 0.183252 -0.163655 0.000847
v 0.183232 -0.163491 0.001163
v 0.183219 -0.163383 0.001504
v 0.183213 -0.163336 0.001858
v 0.183361 -0.164546 -0.020377
v 0.165893 -0.166691 -0.020377
v 0.165883 -0.166614 -0.020726
v 0.165867 -0.166479 -0.021057
v 0.165843 -0.166289 -0.021359
v 0.165814 -0.166050 -0.021622
v 0.165779 -0.165769 -0.021840
v 0.165741 -0.165455 -0.022006
v 0.165699 -0.165117 -0.022114
v 0.165656 -0.164765 -0.022161
v 0.165613 -0.164411 -0.022147
v 0.165570 -0.164065 -0.022070
v 0.165530 -0.163737 -0.021934
v 0.165493 -0.163437 -0.021742
v 0.165461 -0.163175 -0.021501
v 0.165434 -0.162959 -0.021218
v 0.165414 -0.162794 -0.020902
v 0.165401 -0.162687 -0.020561
v 0.165395 -0.162640 -0.020207
v 0.165397 -0.162655 -0.019850
v 0.182866 -0.160510 -0.019850
v 0.183352 -0.164470 -0.020726
v 0.183335 -0.164334 -0.021057
v 0.183312 -0.164144 -0.021359
v 0.183283 -0.163905 -0.021622
v 0.183248 -0.163624 -0.021840
v 0.183210 -0.163310 -0.022006
v 0.183168 -0.162972 -0.022114
v 0.183125 -0.162620 -0.022161
v 0.183081 -0.162266 -0.022147
v 0.183039 -0.161920 -0.022070
v 0.182999 -0.161592 -0.021934
v 0.182962 -0.161292 -0.021742
v 0.182930 -0.161030 -0.021501
v 0.182903 -0.160814 -0.021218
v 0.182883 -0.160649 -0.020902
v 0.182870 -0.160542 -0.020561
v 0.182864 -0.160495 -0.020207
v 0.185516 -0.182092 -0.033889
v 0.168047 -0.184236 -0.033889
v 0.168038 -0.184160 -0.034238
v 0.168021 -0.184025 -0.034568
v 0.167998 -0.183835 -0.034870
v 0.167968 -0.183596 -0.035134
v 0.167934 -0.183315 -0.035352
v 0.167895 -0.183001 -0.035518
v 0.167854 -0.182663 -0.035626
v 0.167810 -0.182311 -0.035673
v 0.167767 -0.181957 -0.035658
v 0.167724 -0.181610 -0.035581
v 0.167684 -0.181283 -0.035445
v 0.167647 -0.180983 -0.035254
v 0.167615 -0.180721 -0.035013
v 0.167589 -0.180505 -0.034730
v 0.167568 -0.180340 -0.034413
v 0.167555 -0.180233 -0.034073
v 0.167550 -0.180186 -0.033718
v 0.167551 -0.180201 -0.033361
v 0.185020 -0.178056 -0.033361
v 0.185506 -0.182015 -0.034238
v 0.185490 -0.181880 -0.034568
v 0.185466 -0.181690 -0.034870
v 0.185437 -0.181451 -0.035134
v 0.185403 -0.181170 -0.035352
v 0.185364 -0.180856 -0.035518
v 0.185322 -0.180518 -0.035626
v 0.185279 -0.180166 -0.035673
v 0.185236 -0.179812 -0.035658
v 0.185193 -0.179466 -0.035581
v 0.185153 -0.179138 -0.035445
v 0.185116 -0.178838 -0.035254
v 0.185084 -0.178576 -0.035013
v 0.185057 -0.178360 -0.034730
v 0.185037 -0.178195 -0.034413
v 0.185024 -0.178088 -0.034073
v 0.185018 -0.178041 -0.033718
v 0.188019 -0.202479 -0.025335
v 0.170550 -0.204624 -0.025335
v 0.170541 -0.204547 -0.025684
v 0.170524 -0.204412 -0.026015
v 0.170501 -0.204222 -0.026317
v 0.170471 -0.203983 -0.026580
v 0.170437 -0.203702 -0.026799
v 0.170398 -0.203388 -0.026964
v 0.170357 -0.203050 -0.027072
v 0.170314 -0.202698 -0.027120
v 0.170270 -0.202344 -0.027105
v 0.170228 -0.201998 -0.027028
v 0.170187 -0.201670 -0.026892
v 0.170151 -0.201370 -0.026700
v 0.170118 -0.201108 -0.026459
v 0.170092 -0.200892 -0.026176
v 0.170072 -0.200727 -0.025860
v 0.170059 -0.200620 -0.025519
v 0.170053 -0.200573 -0.025165
v 0.170055 -0.200588 -0.024808
v 0.187523 -0.198443 -0.024808
v 0.188010 -0.202403 -0.025684
v 0.187993 -0.202267 -0.026015
v 0.187970 -0.202077 -0.026317
v 0.187940 -0.201838 -0.026580
v 0.187906 -0.201557 -0.026799
v 0.187867 -0.201243 -0.026964
v 0.187826 -0.200905 -0.027072
v 0.187783 -0.200553 -0.027120
v 0.187739 -0.200199 -0.027105
v 0.187696 -0.199853 -0.027028
v 0.187656 -0.199525 -0.026892
v 0.187619 -0.199225 -0.026700
v 0.187587 -0.198963 -0.026459
v 0.187561 -0.198747 -0.026176
v 0.187541 -0.198582 -0.025860
v 0.187527 -0.198475 -0.025519
v 0.187522 -0.198428 -0.025165
v 0.177089 -0.192232 -0.024851
v 0.170141 -0.193085 -0.024851
v 0.170128 -0.192979 -0.025336
v 0.170105 -0.192791 -0.025795
v 0.170072 -0.192527 -0.026215
v 0.170032 -0.192195 -0.026582
v 0.169984 -0.191804 -0.026885
v 0.169930 -0.191367 -0.027115
v 0.169872 -0.190897 -0.027266
v 0.169812 -0.190409 -0.027331
v 0.169752 -0.189916 -0.027311
v 0.169693 -0.189434 -0.027204
v 0.169637 -0.188978 -0.027015
v 0.169586 -0.188562 -0.026749
v 0.169541 -0.188198 -0.026414
v 0.169504 -0.187897 -0.026020
v 0.169476 -0.187668 -0.025580
v 0.169457 -0.187519 -0.025106
v 0.169449 -0.187454 -0.024614
v 0.169452 -0.187475 -0.024118
v 0.176400 -0.186622 -0.024118
v 0.176397 -0.186601 -0.024614
v 0.176405 -0.186666 -0.025106
v 0.176424 -0.186815 -0.025580
v 0.176452 -0.187044 -0.026020
v 0.176489 -0.187345 -0.026414
v 0.176533 -0.187709 -0.026749
v 0.176584 -0.188125 -0.027015
v 0.176640 -0.188581 -0.027204
v 0.176700 -0.189063 -0.027311
v 0.176760 -0.189555 -0.027331
v 0.176820 -0.190044 -0.027266
v 0.176878 -0.190514 -0.027115
v 0.176931 -0.190951 -0.026885
v 0.176979 -0.191342 -0.026582
v 0.177020 -0.191674 -0.026215
v 0.177053 -0.191938 -0.025795
v 0.177076 -0.192126 -0.025336
v 0.175397 -0.178452 -0.023050
v 0.168449 -0.179305 -0.023050
v 0.168436 -0.179199 -0.023535
v 0.168413 -0.179011 -0.023994
v 0.168380 -0.178747 -0.024414
v 0.168340 -0.178415 -0.024781
v 0.168292 -0.178024 -0.025084
v 0.168238 -0.177587 -0.025314
v 0.168180 -0.177117 -0.025464
v 0.168120 -0.176628 -0.025530
v 0.168060 -0.176136 -0.025509
v 0.168001 -0.175654 -0.025403
v 0.167945 -0.175198 -0.025214
v 0.167894 -0.174782 -0.024947
v 0.167849 -0.174418 -0.024613
v 0.167812 -0.174117 -0.024219
v 0.167784 -0.173888 -0.023779
v 0.167765 -0.173739 -0.023305
v 0.167757 -0.173674 -0.022813
v 0.167760 -0.173694 -0.022316
v 0.174708 -0.172841 -0.022316
v 0.174705 -0.172821 -0.022813
v 0.174713 -0.172886 -0.023305
v 0.174732 -0.173035 -0.023779
v 0.174760 -0.173264 -0.024219
v 0.174797 -0.173565 -0.024613
v 0.174841 -0.173929 -0.024947
v 0.174892 -0.174345 -0.025214
v 0.174948 -0.174801 -0.025403
v 0.175008 -0.175283 -0.025509
v 0.175068 -0.175775 -0.025530
v 0.175128 -0.176264 -0.025464
v 0.175186 -0.176734 -0.025314
v 0.175239 -0.177171 -0.025084
v 0.175287 -0.177562 -0.024781
v 0.175328 -0.177894 -0.024414
v 0.175361 -0.178158 -0.023994
v 0.175384 -0.178346 -0.023535
v 0.174741 -0.173110 -0.010126
v 0.167793 -0.173963 -0.010126
v 0.167780 -0.173857 -0.010611
v 0.167757 -0.173669 -0.011070
v 0.167724 -0.173405 -0.011490
v 0.167684 -0.173073 -0.011857
v 0.167636 -0.172682 -0.012160
v 0.167582 -0.172245 -0.012390
v 0.167524 -0.171775 -0.012540
v 0.167464 -0.171287 -0.012606
v 0.167404 -0.170794 -0.012585
v 0.167345 -0.170312 -0.012479
v 0.167289 -0.169856 -0.012289
v 0.167238 -0.169440 -0.012023
v 0.167193 -0.169076 -0.011688
v 0.167156 -0.168775 -0.011295
v 0.167128 -0.168546 -0.010855
v 0.167110 -0.168397 -0.010381
v 0.167102 -0.168332 -0.009889
v 0.167104 -0.168353 -0.009392
v 0.174052 -0.167499 -0.009392
v 0.174049 -0.167479 -0.009889
v 0.174057 -0.167544 -0.010381
v 0.174076 -0.167693 -0.010855
v 0.174104 -0.167922 -0.011295
v 0.174141 -0.168223 -0.011688
v 0.174185 -0.168587 -0.012023
v 0.174237 -0.169003 -0.012289
v 0.174293 -0.169459 -0.012479
v 0.174352 -0.169941 -0.012585
v 0.174412 -0.170433 -0.012606
v 0.174472 -0.170922 -0.012540
v 0.174530 -0.171392 -0.012390
v 0.174584 -0.171829 -0.012160
v 0.174631 -0.172220 -0.011857
v 0.174672 -0.172552 -0.011490
v 0.174705 -0.172816 -0.011070
v 0.174728 -0.173004 -0.010611
v 0.175777 -0.181548 0.000997
v 0.168829 -0.182401 0.000997
v 0.168816 -0.182296 0.000512
v 0.168793 -0.182108 0.000053
v 0.168761 -0.181844 -0.000367
v 0.168720 -0.181511 -0.000734
v 0.168672 -0.181120 -0.001037
v 0.168618 -0.180684 -0.001267
v 0.168560 -0.180214 -0.001417
v 0.168500 -0.179725 -0.001483
v 0.168440 -0.179232 -0.001462
v 0.168381 -0.178751 -0.001356
v 0.168325 -0.178295 -0.001166
v 0.168274 -0.177878 -0.000900
v 0.168229 -0.177514 -0.000565
v 0.168192 -0.177213 -0.000172
v 0.168164 -0.176985 0.000268
v 0.168146 -0.176836 0.000742
v 0.168138 -0.176770 0.001234
v 0.168140 -0.176791 0.001731
v 0.175088 -0.175938 0.001731
v 0.175085 -0.175917 0.001234
v 0.175093 -0.175982 0.000742
v 0.175112 -0.176132 0.000268
v 0.175140 -0.176360 -0.000172
v 0.175177 -0.176661 -0.000565
v 0.175222 -0.177025 -0.000900
v 0.175273 -0.177442 -0.001166
v 0.175329 -0.177897 -0.001356
v 0.175388 -0.178379 -0.001462
v 0.175448 -0.178872 -0.001483
v 0.175508 -0.179360 -0.001417
v 0.175566 -0.179830 -0.001267
v 0.175620 -0.180267 -0.001037
v 0.175668 -0.180658 -0.000734
v 0.175708 -0.180990 -0.000367
v 0.175741 -0.181255 0.000053
v 0.175764 -0.181442 0.000512
v 0.177469 -0.195328 -0.000804
v 0.170521 -0.196182 -0.000804
v 0.170508 -0.196076 -0.001289
v 0.170485 -0.195888 -0.001748
v 0.170453 -0.195624 -0.002168
v 0.170412 -0.195291 -0.002535
v 0.170364 -0.194901 -0.002838
v 0.170310 -0.194464 -0.003068
v 0.170252 -0.193994 -0.003218
v 0.170192 -0.193505 -0.003284
v 0.170132 -0.193012 -0.003263
v 0.170073 -0.192531 -0.003157
v 0.170017 -0.192075 -0.002968
v 0.169966 -0.191658 -0.002701
v 0.169921 -0.191294 -0.002366
v 0.169884 -0.190993 -0.001973
v 0.169856 -0.190765 -0.001533
v 0.169838 -0.190616 -0.001059
v 0.169830 -0.190550 -0.000567
v 0.169832 -0.190571 -0.000070
v 0.176780 -0.189718 -0.000070
v 0.176777 -0.189697 -0.000567
v 0.176785 -0.189763 -0.001059
v 0.176804 -0.189912 -0.001533
v 0.176832 -0.190140 -0.001973
v 0.176869 -0.190441 -0.002366
v 0.176914 -0.190805 -0.002701
v 0.176965 -0.191222 -0.002968
v 0.177021 -0.191678 -0.003157
v 0.177080 -0.192159 -0.003263
v 0.177140 -0.192652 -0.003284
v 0.177200 -0.193141 -0.003218
v 0.177258 -0.193611 -0.003068
v 0.177312 -0.194048 -0.002838
v 0.177360 -0.194438 -0.002535
v 0.177400 -0.194771 -0.002168
v 0.177433 -0.195035 -0.001748
v 0.177456 -0.195223 -0.001289
v 0.178125 -0.200670 -0.013728
v 0.171177 -0.201523 -0.013728
v 0.171164 -0.201418 -0.014213
v 0.171141 -0.201230 -0.014672
v 0.171108 -0.200966 -0.015092
v 0.171068 -0.200633 -0.015459
v 0.171020 -0.200243 -0.015762
v 0.170966 -0.199806 -0.015992
v 0.170908 -0.199336 -0.016143
v 0.170848 -0.198847 -0.016208
v 0.170788 -0.198354 -0.016188
v 0.170729 -0.197873 -0.016081
v 0.170673 -0.197417 -0.015892
v 0.170622 -0.197000 -0.015626
v 0.170577 -0.196636 -0.015291
v 0.170540 -0.196335 -0.014897
v 0.170512 -0.196107 -0.014457
v 0.170494 -0.195958 -0.013983
v 0.170486 -0.195892 -0.013491
v 0.170488 -0.195913 -0.012995
v 0.177436 -0.195060 -0.012995
v 0.177433 -0.195039 -0.013491
v 0.177441 -0.195105 -0.013983
v 0.177460 -0.195254 -0.014457
v 0.177488 -0.195482 -0.014897
v 0.177525 -0.195783 -0.015291
v 0.177569 -0.196147 -0.015626
v 0.177621 -0.196564 -0.015892
v 0.177677 -0.197020 -0.016081
v 0.177736 -0.197501 -0.016188
v 0.177796 -0.197994 -0.016208
v 0.177856 -0.198483 -0.016143
v 0.177914 -0.198953 -0.015992
v 0.177968 -0.199389 -0.015762
v 0.178015 -0.199780 -0.015459
v 0.178056 -0.200113 -0.015092
v 0.178089 -0.200377 -0.014672
v 0.178112 -0.200564 -0.014213
v 0.170488 -0.195913 -0.012995
v 0.170501 -0.196019 -0.012509
v 0.170524 -0.196207 -0.012050
v 0.170557 -0.196471 -0.011631
v 0.170597 -0.196803 -0.011264
v 0.170645 -0.197194 -0.010960
v 0.170699 -0.197631 -0.010730
v 0.170757 -0.198101 -0.010580
v 0.170817 -0.198589 -0.010514
v 0.170877 -0.199082 -0.010535
v 0.170936 -0.199564 -0.010642
v 0.170992 -0.200020 -0.010831
v 0.171043 -0.200436 -0.011097
v 0.171088 -0.200800 -0.011432
v 0.171125 -0.201101 -0.011825
v 0.171153 -0.201330 -0.012266
v 0.171171 -0.201479 -0.012739
v 0.171179 -0.201544 -0.013232
v 0.171177 -0.201523 -0.013728
v 0.178125 -0.200670 -0.013728
v 0.178127 -0.200691 -0.013232
v 0.178119 -0.200626 -0.012739
v 0.178101 -0.200476 -0.012266
v 0.178073 -0.200248 -0.011825
v 0.178036 -0.199947 -0.011432
v 0.177991 -0.199583 -0.011097
v 0.177940 -0.199166 -0.010831
v 0.177884 -0.198711 -0.010642
v 0.177825 -0.198229 -0.010535
v 0.177765 -0.197736 -0.010514
v 0.177705 -0.197248 -0.010580
v 0.177647 -0.196778 -0.010730
v 0.177593 -0.196341 -0.010960
v 0.177545 -0.195950 -0.011264
v 0.177504 -0.195618 -0.011631
v 0.177472 -0.195353 -0.012050
v 0.177449 -0.195166 -0.012509
v 0.177436 -0.195060 -0.012995
v 0.169832 -0.190571 -0.000070
v 0.169845 -0.190677 0.000415
v 0.169868 -0.190865 0.000874
v 0.169901 -0.191129 0.001294
v 0.169941 -0.191461 0.001661
v 0.169989 -0.191852 0.001964
v 0.170043 -0.192289 0.002194
v 0.170101 -0.192759 0.002344
v 0.170161 -0.193248 0.002410
v 0.170221 -0.193740 0.002389
v 0.170280 -0.194222 0.002283
v 0.170336 -0.194678 0.002093
v 0.170388 -0.195094 0.001827
v 0.170432 -0.195458 0.001492
v 0.170469 -0.195759 0.001099
v 0.170497 -0.195988 0.000659
v 0.170516 -0.196137 0.000185
v 0.170524 -0.196202 -0.000307
v 0.170521 -0.196182 -0.000804
v 0.177469 -0.195328 -0.000804
v 0.177471 -0.195349 -0.000307
v 0.177463 -0.195284 0.000185
v 0.177445 -0.195135 0.000659
v 0.177417 -0.194906 0.001099
v 0.177380 -0.194605 0.001492
v 0.177335 -0.194241 0.001827
v 0.177284 -0.193825 0.002093
v 0.177228 -0.193369 0.002283
v 0.177169 -0.192887 0.002389
v 0.177109 -0.192394 0.002410
v 0.177049 -0.191906 0.002344
v 0.176991 -0.191436 0.002194
v 0.176937 -0.190999 0.001964
v 0.176889 -0.190608 0.001661
v 0.176848 -0.190276 0.001294
v 0.176816 -0.190012 0.000874
v 0.176793 -0.189824 0.000415
v 0.176780 -0.189718 -0.000070
v 0.168140 -0.176791 0.001731
v 0.168153 -0.176897 0.002216
v 0.168176 -0.177084 0.002675
v 0.168209 -0.177349 0.003095
v 0.168249 -0.177681 0.003462
v 0.168297 -0.178072 0.003765
v 0.168351 -0.178509 0.003995
v 0.168409 -0.178979 0.004145
v 0.168469 -0.179467 0.004211
v 0.168529 -0.179960 0.004190
v 0.168588 -0.180442 0.004084
v 0.168644 -0.180898 0.003895
v 0.168696 -0.181314 0.003628
v 0.168740 -0.181678 0.003293
v 0.168777 -0.181979 0.002900
v 0.168805 -0.182207 0.002460
v 0.168824 -0.182357 0.001986
v 0.168832 -0.182422 0.001494
v 0.168829 -0.182401 0.000997
v 0.175777 -0.181548 0.000997
v 0.175779 -0.181569 0.001494
v 0.175771 -0.181504 0.001986
v 0.175753 -0.181354 0.002460
v 0.175725 -0.181126 0.002900
v 0.175688 -0.180825 0.003293
v 0.175643 -0.180461 0.003628
v 0.175592 -0.180044 0.003895
v 0.175536 -0.179589 0.004084
v 0.175477 -0.179107 0.004190
v 0.175417 -0.178614 0.004211
v 0.175357 -0.178126 0.004145
v 0.175299 -0.177656 0.003995
v 0.175245 -0.177219 0.003765
v 0.175197 -0.176828 0.003462
v 0.175156 -0.176496 0.003095
v 0.175124 -0.176231 0.002675
v 0.175101 -0.176044 0.002216
v 0.175088 -0.175938 0.001731
v 0.167104 -0.168353 -0.009392
v 0.167117 -0.168458 -0.008907
v 0.167140 -0.168646 -0.008448
v 0.167173 -0.168910 -0.008028
v 0.167213 -0.169243 -0.007661
v 0.167261 -0.169633 -0.007358
v 0.167315 -0.170070 -0.007128
v 0.167373 -0.170540 -0.006978
v 0.167433 -0.171029 -0.006912
v 0.167493 -0.171522 -0.006933
v 0.167552 -0.172003 -0.007039
v 0.167608 -0.172459 -0.007228
v 0.167659 -0.172876 -0.007495
v 0.167704 -0.173240 -0.007830
v 0.167741 -0.173541 -0.008223
v 0.167769 -0.173769 -0.008663
v 0.167787 -0.173918 -0.009137
v 0.167795 -0.173984 -0.009629
v 0.167793 -0.173963 -0.010126
v 0.174741 -0.173110 -0.010126
v 0.174743 -0.173131 -0.009629
v 0.174735 -0.173065 -0.009137
v 0.174717 -0.172916 -0.008663
v 0.174689 -0.172688 -0.008223
v 0.174652 -0.172387 -0.007830
v 0.174607 -0.172023 -0.007495
v 0.174556 -0.171606 -0.007228
v 0.174500 -0.171150 -0.007039
v 0.174441 -0.170669 -0.006933
v 0.174381 -0.170176 -0.006912
v 0.174321 -0.169687 -0.006978
v 0.174263 -0.169217 -0.007128
v 0.174209 -0.168780 -0.007358
v 0.174161 -0.168390 -0.007661
v 0.174120 -0.168057 -0.008028
v 0.174088 -0.167793 -0.008448
v 0.174065 -0.167605 -0.008907
v 0.174052 -0.167499 -0.009392
v 0.167760 -0.173694 -0.022316
v 0.167773 -0.173800 -0.021831
v 0.167796 -0.173988 -0.021372
v 0.167828 -0.174252 -0.020952
v 0.167869 -0.174585 -0.020586
v 0.167917 -0.174975 -0.020282
v 0.167971 -0.175412 -0.020052
v 0.168029 -0.175882 -0.019902
v 0.168089 -0.176371 -0.019836
v 0.168149 -0.176864 -0.019857
v 0.168208 -0.177345 -0.019963
v 0.168264 -0.177801 -0.020153
v 0.168315 -0.178217 -0.020419
v 0.168360 -0.178582 -0.020754
v 0.168397 -0.178883 -0.021147
v 0.168425 -0.179111 -0.021588
v 0.168443 -0.179260 -0.022061
v 0.168451 -0.179326 -0.022553
v 0.168449 -0.179305 -0.023050
v 0.175397 -0.178452 -0.023050
v 0.175399 -0.178472 -0.022553
v 0.175391 -0.178407 -0.022061
v 0.175373 -0.178258 -0.021588
v 0.175345 -0.178029 -0.021147
v 0.175308 -0.177729 -0.020754
v 0.175263 -0.177364 -0.020419
v 0.175212 -0.176948 -0.020153
v 0.175156 -0.176492 -0.019963
v 0.175097 -0.176011 -0.019857
v 0.175036 -0.175518 -0.019836
v 0.174976 -0.175029 -0.019902
v 0.174919 -0.174559 -0.020052
v 0.174865 -0.174122 -0.020282
v 0.174817 -0.173732 -0.020586
v 0.174776 -0.173399 -0.020952
v 0.174744 -0.173135 -0.021372
v 0.174721 -0.172947 -0.021831
v 0.174708 -0.172841 -0.022316
v 0.169452 -0.187475 -0.024118
v 0.169465 -0.187580 -0.023632
v 0.169488 -0.187768 -0.023173
v 0.169520 -0.188032 -0.022754
v 0.169561 -0.188365 -0.022387
v 0.169609 -0.188755 -0.022083
v 0.169663 -0.189192 -0.021853
v 0.169721 -0.189662 -0.021703
v 0.169781 -0.190151 -0.021637
v 0.169841 -0.190644 -0.021658
v 0.169900 -0.191125 -0.021765
v 0.169956 -0.191581 -0.021954
v 0.170007 -0.191998 -0.022220
v 0.170052 -0.192362 -0.022555
v 0.170089 -0.192663 -0.022948
v 0.170117 -0.192891 -0.023389
v 0.170135 -0.193040 -0.023862
v 0.170143 -0.193106 -0.024355
v 0.170141 -0.193085 -0.024851
v 0.177089 -0.192232 -0.024851
v 0.177091 -0.192253 -0.024355
v 0.177083 -0.192187 -0.023862
v 0.177065 -0.192038 -0.023389
v 0.177037 -0.191810 -0.022948
v 0.177000 -0.191509 -0.022555
v 0.176955 -0.191145 -0.022220
v 0.176904 -0.190728 -0.021954
v 0.176848 -0.190272 -0.021765
v 0.176789 -0.189791 -0.021658
v 0.176728 -0.189298 -0.021637
v 0.176668 -0.188809 -0.021703
v 0.176611 -0.188339 -0.021853
v 0.176557 -0.187902 -0.022083
v 0.176509 -0.187512 -0.022387
v 0.176468 -0.187179 -0.022754
v 0.176436 -0.186915 -0.023173
v 0.176413 -0.186727 -0.023632
v 0.176400 -0.186622 -0.024118
v 0.170055 -0.200588 -0.024808
v 0.170064 -0.200664 -0.024459
v 0.170081 -0.200799 -0.024129
v 0.170104 -0.200989 -0.023827
v 0.170133 -0.201228 -0.023563
v 0.170168 -0.201509 -0.023345
v 0.170206 -0.201824 -0.023179
v 0.170248 -0.202162 -0.023071
v 0.170291 -0.202513 -0.023024
v 0.170334 -0.202868 -0.023039
v 0.170377 -0.203214 -0.023115
v 0.170417 -0.203542 -0.023252
v 0.170454 -0.203841 -0.023443
v 0.170486 -0.204103 -0.023684
v 0.170513 -0.204320 -0.023967
v 0.170533 -0.204484 -0.024284
v 0.170546 -0.204591 -0.024624
v 0.170552 -0.204638 -0.024978
v 0.170550 -0.204624 -0.025335
v 0.188019 -0.202479 -0.025335
v 0.187523 -0.198443 -0.024808
v 0.187533 -0.198519 -0.024459
v 0.187549 -0.198654 -0.024129
v 0.187573 -0.198844 -0.023827
v 0.187602 -0.199083 -0.023563
v 0.187637 -0.199364 -0.023345
v 0.187675 -0.199679 -0.023179
v 0.187717 -0.200017 -0.023071
v 0.187760 -0.200368 -0.023024
v 0.187803 -0.200723 -0.023039
v 0.187846 -0.201069 -0.023115
v 0.187886 -0.201397 -0.023252
v 0.187923 -0.201696 -0.023443
v 0.187955 -0.201958 -0.023684
v 0.187982 -0.202175 -0.023967
v 0.188002 -0.202339 -0.024284
v 0.188015 -0.202447 -0.024624
v 0.188021 -0.202493 -0.024978
v 0.167551 -0.180201 -0.033361
v 0.167561 -0.180277 -0.033012
v 0.167577 -0.180412 -0.032682
v 0.167601 -0.180602 -0.032380
v 0.167630 -0.180841 -0.032116
v 0.167664 -0.181122 -0.031898
v 0.167703 -0.181436 -0.031733
v 0.167745 -0.181775 -0.031625
v 0.167788 -0.182126 -0.031577
v 0.167831 -0.182480 -0.031592
v 0.167874 -0.182827 -0.031669
v 0.167914 -0.183155 -0.031805
v 0.167951 -0.183454 -0.031996
v 0.167983 -0.183716 -0.032237
v 0.168010 -0.183933 -0.032520
v 0.168030 -0.184097 -0.032837
v 0.168043 -0.184204 -0.033178
v 0.168049 -0.184251 -0.033532
v 0.168047 -0.184236 -0.033889
v 0.185516 -0.182092 -0.033889
v 0.185020 -0.178056 -0.033361
v 0.185030 -0.178132 -0.033012
v 0.185046 -0.178267 -0.032682
v 0.185069 -0.178457 -0.032380
v 0.185099 -0.178696 -0.032116
v 0.185133 -0.178977 -0.031898
v 0.185172 -0.179292 -0.031733
v 0.185213 -0.179630 -0.031625
v 0.185257 -0.179981 -0.031577
v 0.185300 -0.180336 -0.031592
v 0.185343 -0.180682 -0.031669
v 0.185383 -0.181010 -0.031805
v 0.185420 -0.181309 -0.031996
v 0.185452 -0.181571 -0.032237
v 0.185478 -0.181788 -0.032520
v 0.185499 -0.181952 -0.032837
v 0.185512 -0.182059 -0.033178
v 0.185518 -0.182106 -0.033532
v 0.165397 -0.162655 -0.019850
v 0.165406 -0.162731 -0.019501
v 0.165423 -0.162866 -0.019170
v 0.165446 -0.163056 -0.018869
v 0.165476 -0.163295 -0.018605
v 0.165510 -0.163576 -0.018387
v 0.165549 -0.163891 -0.018221
v 0.165590 -0.164229 -0.018113
v 0.165633 -0.164580 -0.018066
v 0.165677 -0.164935 -0.018081
v 0.165719 -0.165281 -0.018157
v 0.165760 -0.165609 -0.018293
v 0.165796 -0.165908 -0.018485
v 0.165829 -0.166170 -0.018726
v 0.165855 -0.166387 -0.019009
v 0.165875 -0.166551 -0.019326
v 0.165889 -0.166658 -0.019666
v 0.165894 -0.166705 -0.020020
v 0.165893 -0.166691 -0.020377
v 0.183361 -0.164546 -0.020377
v 0.182866 -0.160510 -0.019850
v 0.182875 -0.160586 -0.019501
v 0.182892 -0.160721 -0.019170
v 0.182915 -0.160911 -0.018869
v 0.182944 -0.161150 -0.018605
v 0.182979 -0.161431 -0.018387
v 0.183018 -0.161746 -0.018221
v 0.183059 -0.162084 -0.018113
v 0.183102 -0.162435 -0.018066
v 0.183146 -0.162790 -0.018081
v 0.183188 -0.163136 -0.018157
v 0.183229 -0.163464 -0.018293
v 0.183265 -0.163763 -0.018485
v 0.183297 -0.164025 -0.018726
v 0.183324 -0.164242 -0.019009
v 0.183344 -0.164406 -0.019326
v 0.183357 -0.164514 -0.019666
v 0.183363 -0.164560 -0.020020
v 0.165746 -0.165496 0.002215
v 0.165755 -0.165572 0.002564
v 0.165772 -0.165707 0.002895
v 0.165795 -0.165897 0.003196
v 0.165824 -0.166136 0.003460
v 0.165859 -0.166417 0.003678
v 0.165898 -0.166732 0.003844
v 0.165939 -0.167070 0.003952
v 0.165982 -0.167421 0.003999
v 0.166026 -0.167776 0.003984
v 0.166068 -0.168122 0.003908
v 0.166109 -0.168450 0.003772
v 0.166145 -0.168750 0.003580
v 0.166177 -0.169011 0.003339
v 0.166204 -0.169228 0.003056
v 0.166224 -0.169392 0.002740
v 0.166237 -0.169500 0.002399
v 0.166243 -0.169547 0.002045
v 0.166241 -0.169532 0.001688
v 0.183710 -0.167387 0.001688
v 0.183215 -0.163351 0.002215
v 0.183224 -0.163427 0.002564
v 0.183241 -0.163562 0.002895
v 0.183264 -0.163752 0.003196
v 0.183293 -0.163992 0.003460
v 0.183328 -0.164273 0.003678
v 0.183366 -0.164587 0.003844
v 0.183408 -0.164925 0.003952
v 0.183451 -0.165276 0.003999
v 0.183495 -0.165631 0.003984
v 0.183537 -0.165977 0.003908
v 0.183577 -0.166305 0.003772
v 0.183614 -0.166605 0.003580
v 0.183646 -0.166867 0.003339
v 0.183673 -0.167083 0.003056
v 0.183693 -0.167247 0.002740
v 0.183706 -0.167355 0.002399
v 0.183712 -0.167402 0.002045
v 0.168249 -0.185883 0.010769
v 0.168258 -0.185959 0.011118
v 0.168275 -0.186094 0.011448
v 0.168298 -0.186284 0.011750
v 0.168328 -0.186524 0.012014
v 0.168362 -0.186805 0.012232
v 0.168401 -0.187119 0.012397
v 0.168442 -0.187457 0.012506
v 0.168485 -0.187808 0.012553
v 0.168529 -0.188163 0.012538
v 0.168572 -0.188509 0.012461
v 0.168612 -0.188837 0.012325
v 0.168649 -0.189137 0.012134
v 0.168681 -0.189399 0.011893
v 0.168707 -0.189615 0.011610
v 0.168727 -0.189779 0.011293
v 0.168741 -0.189887 0.010952
v 0.168746 -0.189934 0.010598
v 0.168745 -0.189919 0.010241
v 0.186213 -0.187774 0.010241
v 0.185718 -0.183738 0.010769
v 0.185727 -0.183814 0.011118
v 0.185744 -0.183950 0.011448
v 0.185767 -0.184140 0.011750
v 0.185797 -0.184379 0.012014
v 0.185831 -0.184660 0.012232
v 0.185870 -0.184974 0.012397
v 0.185911 -0.185312 0.012506
v 0.185954 -0.185664 0.012553
v 0.185998 -0.186018 0.012538
v 0.186040 -0.186364 0.012461
v 0.186081 -0.186692 0.012325
v 0.186117 -0.186992 0.012134
v 0.186150 -0.187254 0.011893
v 0.186176 -0.187470 0.011610
v 0.186196 -0.187634 0.011293
v 0.186209 -0.187742 0.010952
v 0.186215 -0.187789 0.010598
v 0.170403 -0.203429 -0.002743
v 0.170413 -0.203505 -0.002394
v 0.170429 -0.203640 -0.002063
v 0.170453 -0.203830 -0.001762
v 0.170482 -0.204069 -0.001498
v 0.170517 -0.204350 -0.001280
v 0.170555 -0.204665 -0.001114
v 0.170597 -0.205003 -0.001006
v 0.170640 -0.205354 -0.000959
v 0.170683 -0.205709 -0.000974
v 0.170726 -0.206055 -0.001050
v 0.170766 -0.206383 -0.001186
v 0.170803 -0.206683 -0.001378
v 0.170835 -0.206944 -0.001619
v 0.170862 -0.207161 -0.001902
v 0.170882 -0.207325 -0.002218
v 0.170895 -0.207433 -0.002559
v 0.170901 -0.207480 -0.002913
v 0.170899 -0.207465 -0.003270
v 0.188368 -0.205320 -0.003270
v 0.187872 -0.201284 -0.002743
v 0.187882 -0.201360 -0.002394
v 0.187898 -0.201495 -0.002063
v 0.187922 -0.201685 -0.001762
v 0.187951 -0.201925 -0.001498
v 0.187985 -0.202206 -0.001280
v 0.188024 -0.202520 -0.001114
v 0.188065 -0.202858 -0.001006
v 0.188109 -0.203209 -0.000959
v 0.188152 -0.203564 -0.000974
v 0.188195 -0.203910 -0.001050
v 0.188235 -0.204238 -0.001186
v 0.188272 -0.204538 -0.001378
v 0.188304 -0.204800 -0.001619
v 0.188330 -0.205016 -0.001902
v 0.188351 -0.205180 -0.002218
v 0.188364 -0.205288 -0.002559
v 0.188370 -0.205335 -0.002913
v 0.176496 -0.187409 -0.024221
v 0.176506 -0.187485 -0.023872
v 0.176522 -0.187620 -0.023541
v 0.176546 -0.187810 -0.023239
v 0.176575 -0.188049 -0.022975
v 0.176610 -0.188330 -0.022757
v 0.176648 -0.188645 -0.022592
v 0.176690 -0.188983 -0.022484
v 0.176733 -0.189334 -0.022436
v 0.176776 -0.189689 -0.022451
v 0.176819 -0.190035 -0.022528
v 0.176859 -0.190363 -0.022664
v 0.176896 -0.190662 -0.022856
v 0.176928 -0.190924 -0.023096
v 0.176955 -0.191141 -0.023380
v 0.176975 -0.191305 -0.023696
v 0.176988 -0.191412 -0.024037
v 0.176994 -0.191459 -0.024391
v 0.176992 -0.191445 -0.024748
v 0.186520 -0.190275 -0.024748
v 0.186025 -0.186239 -0.024221
v 0.186034 -0.186315 -0.023872
v 0.186051 -0.186450 -0.023541
v 0.186074 -0.186640 -0.023239
v 0.186104 -0.186879 -0.022975
v 0.186138 -0.187160 -0.022757
v 0.186177 -0.187475 -0.022592
v 0.186218 -0.187813 -0.022484
v 0.186261 -0.188164 -0.022436
v 0.186305 -0.188519 -0.022451
v 0.186347 -0.188865 -0.022528
v 0.186388 -0.189193 -0.022664
v 0.186424 -0.189492 -0.022856
v 0.186457 -0.189754 -0.023096
v 0.186483 -0.189971 -0.023380
v 0.186503 -0.190135 -0.023696
v 0.186516 -0.190242 -0.024037
v 0.186522 -0.190289 -0.024391
v 0.174804 -0.173629 -0.022419
v 0.174814 -0.173705 -0.022070
v 0.174830 -0.173840 -0.021740
v 0.174854 -0.174030 -0.021438
v 0.174883 -0.174269 -0.021174
v 0.174918 -0.174550 -0.020956
v 0.174956 -0.174864 -0.020791
v 0.174998 -0.175202 -0.020683
v 0.175041 -0.175554 -0.020635
v 0.175084 -0.175908 -0.020650
v 0.175127 -0.176255 -0.020727
v 0.175167 -0.176583 -0.020863
v 0.175204 -0.176882 -0.021054
v 0.175236 -0.177144 -0.021295
v 0.175263 -0.177361 -0.021578
v 0.175283 -0.177525 -0.021895
v 0.175296 -0.177632 -0.022236
v 0.175302 -0.177679 -0.022590
v 0.175300 -0.177664 -0.022947
v 0.184828 -0.176494 -0.022947
v 0.184333 -0.172459 -0.022419
v 0.184342 -0.172535 -0.022070
v 0.184359 -0.172670 -0.021740
v 0.184382 -0.172860 -0.021438
v 0.184412 -0.173099 -0.021174
v 0.184446 -0.173380 -0.020956
v 0.184485 -0.173694 -0.020791
v 0.184526 -0.174033 -0.020683
v 0.184569 -0.174384 -0.020635
v 0.184613 -0.174738 -0.020650
v 0.184655 -0.175085 -0.020727
v 0.184696 -0.175413 -0.020863
v 0.184732 -0.175712 -0.021054
v 0.184765 -0.175974 -0.021295
v 0.184791 -0.176191 -0.021578
v 0.184811 -0.176355 -0.021895
v 0.184825 -0.176462 -0.022236
v 0.184830 -0.176509 -0.022590
v 0.174149 -0.168287 -0.009495
v 0.174158 -0.168363 -0.009146
v 0.174175 -0.168498 -0.008816
v 0.174198 -0.168688 -0.008514
v 0.174227 -0.168927 -0.008250
v 0.174262 -0.169208 -0.008032
v 0.174300 -0.169523 -0.007866
v 0.174342 -0.169861 -0.007758
v 0.174385 -0.170212 -0.007711
v 0.174428 -0.170566 -0.007726
v 0.174471 -0.170913 -0.007803
v 0.174511 -0.171241 -0.007939
v 0.174548 -0.171540 -0.008130
v 0.174580 -0.171802 -0.008371
v 0.174607 -0.172019 -0.008654
v 0.174627 -0.172183 -0.008971
v 0.174640 -0.172290 -0.009311
v 0.174646 -0.172337 -0.009666
v 0.174644 -0.172323 -0.010023
v 0.184173 -0.171153 -0.010023
v 0.183677 -0.167117 -0.009495
v 0.183686 -0.167193 -0.009146
v 0.183703 -0.167328 -0.008816
v 0.183726 -0.167518 -0.008514
v 0.183756 -0.167757 -0.008250
v 0.183790 -0.168038 -0.008032
v 0.183829 -0.168353 -0.007866
v 0.183870 -0.168691 -0.007758
v 0.183913 -0.169042 -0.007711
v 0.183957 -0.169397 -0.007726
v 0.183999 -0.169743 -0.007803
v 0.184040 -0.170071 -0.007939
v 0.184077 -0.170370 -0.008130
v 0.184109 -0.170632 -0.008371
v 0.184135 -0.170849 -0.008654
v 0.184155 -0.171013 -0.008971
v 0.184169 -0.171120 -0.009311
v 0.184174 -0.171167 -0.009666
v 0.175185 -0.176725 0.001628
v 0.175194 -0.176801 0.001977
v 0.175211 -0.176936 0.002307
v 0.175234 -0.177126 0.002609
v 0.175263 -0.177366 0.002873
v 0.175298 -0.177647 0.003091
v 0.175336 -0.177961 0.003257
v 0.175378 -0.178299 0.003365
v 0.175421 -0.178650 0.003412
v 0.175465 -0.179005 0.003397
v 0.175507 -0.179351 0.003320
v 0.175547 -0.179679 0.003184
v 0.175584 -0.179979 0.002993
v 0.175616 -0.180241 0.002752
v 0.175643 -0.180457 0.002469
v 0.175663 -0.180621 0.002152
v 0.175676 -0.180729 0.001812
v 0.175682 -0.180776 0.001457
v 0.175680 -0.180761 0.001100
v 0.185209 -0.179591 0.001100
v 0.184713 -0.175555 0.001628
v 0.184722 -0.175631 0.001977
v 0.184739 -0.175766 0.002307
v 0.184762 -0.175956 0.002609
v 0.184792 -0.176196 0.002873
v 0.184826 -0.176477 0.003091
v 0.184865 -0.176791 0.003257
v 0.184906 -0.177129 0.003365
v 0.184950 -0.177480 0.003412
v 0.184993 -0.177835 0.003397
v 0.185036 -0.178181 0.003320
v 0.185076 -0.178509 0.003184
v 0.185113 -0.178809 0.002993
v 0.185145 -0.179071 0.002752
v 0.185171 -0.179287 0.002469
v 0.185192 -0.179451 0.002152
v 0.185205 -0.179559 0.001812
v 0.185210 -0.179606 0.001457
v 0.176877 -0.190505 -0.000173
v 0.176886 -0.190581 0.000176
v 0.176903 -0.190717 0.000506
v 0.176926 -0.190907 0.000808
v 0.176955 -0.191146 0.001072
v 0.176990 -0.191427 0.001290
v 0.177028 -0.191741 0.001455
v 0.177070 -0.192079 0.001563
v 0.177113 -0.192431 0.001611
v 0.177157 -0.192785 0.001596
v 0.177199 -0.193131 0.001519
v 0.177239 -0.193459 0.001383
v 0.177276 -0.193759 0.001192
v 0.177308 -0.194021 0.000951
v 0.177335 -0.194237 0.000668
v 0.177355 -0.194402 0.000351
v 0.177368 -0.194509 0.000010
v 0.177374 -0.194556 -0.000344
v 0.177372 -0.194541 -0.000701
v 0.186901 -0.193371 -0.000701
v 0.186405 -0.189335 -0.000173
v 0.186414 -0.189412 0.000176
v 0.186431 -0.189547 0.000506
v 0.186454 -0.189737 0.000808
v 0.186484 -0.189976 0.001072
v 0.186518 -0.190257 0.001290
v 0.186557 -0.190571 0.001455
v 0.186598 -0.190909 0.001563
v 0.186642 -0.191261 0.001611
v 0.186685 -0.191615 0.001596
v 0.186728 -0.191961 0.001519
v 0.186768 -0.192289 0.001383
v 0.186805 -0.192589 0.001192
v 0.186837 -0.192851 0.000951
v 0.186863 -0.193067 0.000668
v 0.186884 -0.193232 0.000351
v 0.186897 -0.193339 0.000010
v 0.186902 -0.193386 -0.000344
v 0.177533 -0.195847 -0.013097
v 0.177542 -0.195923 -0.012748
v 0.177559 -0.196058 -0.012418
v 0.177582 -0.196248 -0.012116
v 0.177611 -0.196488 -0.011852
v 0.177646 -0.196769 -0.011634
v 0.177684 -0.197083 -0.011469
v 0.177726 -0.197421 -0.011361
v 0.177769 -0.197772 -0.011313
v 0.177812 -0.198127 -0.011328
v 0.177855 -0.198473 -0.011405
v 0.177895 -0.198801 -0.011541
v 0.177932 -0.199101 -0.011733
v 0.177964 -0.199363 -0.011973
v 0.177991 -0.199579 -0.012257
v 0.178011 -0.199743 -0.012573
v 0.178024 -0.199851 -0.012914
v 0.178030 -0.199898 -0.013268
v 0.178028 -0.199883 -0.013625
v 0.187557 -0.198713 -0.013625
v 0.187061 -0.194677 -0.013097
v 0.187070 -0.194753 -0.012748
v 0.187087 -0.194889 -0.012418
v 0.187110 -0.195079 -0.012116
v 0.187140 -0.195318 -0.011852
v 0.187174 -0.195599 -0.011634
v 0.187213 -0.195913 -0.011469
v 0.187254 -0.196251 -0.011361
v 0.187297 -0.196603 -0.011313
v 0.187341 -0.196957 -0.011328
v 0.187383 -0.197303 -0.011405
v 0.187424 -0.197631 -0.011541
v 0.187460 -0.197931 -0.011733
v 0.187493 -0.198193 -0.011973
v 0.187519 -0.198409 -0.012257
v 0.187539 -0.198573 -0.012573
v 0.187553 -0.198681 -0.012914
v 0.187558 -0.198728 -0.013268
v 0.155481 -0.151645 -0.007057
v 0.155450 -0.151393 -0.013153
v 0.155549 -0.152194 -0.019200
v 0.155774 -0.154026 -0.025015
v 0.156118 -0.156832 -0.030421
v 0.156572 -0.160528 -0.035254
v 0.157121 -0.165000 -0.039368
v 0.157749 -0.170113 -0.042636
v 0.158436 -0.175712 -0.044960
v 0.159163 -0.181626 -0.046269
v 0.159905 -0.187677 -0.046524
v 0.160642 -0.193679 -0.045716
v 0.161351 -0.199450 -0.043871
v 0.162010 -0.204816 -0.041043
v 0.162599 -0.209613 -0.037320
v 0.163100 -0.213696 -0.032814
v 0.163499 -0.216940 -0.027663
v 0.163782 -0.219247 -0.022022
v 0.163941 -0.220546 -0.016063
v 0.163972 -0.220799 -0.009967
v 0.163874 -0.219997 -0.003920
v 0.163649 -0.218165 0.001895
v 0.163304 -0.215359 0.007301
v 0.162851 -0.211664 0.012134
v 0.162302 -0.207191 0.016247
v 0.161674 -0.202078 0.019516
v 0.160986 -0.196479 0.021840
v 0.160260 -0.190565 0.023149
v 0.159517 -0.184515 0.023404
v 0.158780 -0.178513 0.022596
v 0.158072 -0.172741 0.020750
v 0.157413 -0.167375 0.017923
v 0.156824 -0.162578 0.014200
v 0.156322 -0.158495 0.009694
v 0.155924 -0.155252 0.004542
v 0.155641 -0.152945 -0.001098
v 0.161186 -0.198102 -0.000903
v 0.161189 -0.198128 -0.000272
v 0.161179 -0.198045 0.000354
v 0.161155 -0.197856 0.000956
v 0.161120 -0.197565 0.001516
v 0.161073 -0.197182 0.002017
v 0.161016 -0.196719 0.002443
v 0.160951 -0.196189 0.002782
v 0.160879 -0.195609 0.003022
v 0.160804 -0.194997 0.003158
v 0.160727 -0.194370 0.003184
v 0.160651 -0.193749 0.003101
v 0.160578 -0.193151 0.002909
v 0.160509 -0.192595 0.002617
v 0.160448 -0.192098 0.002231
v 0.160396 -0.191675 0.001764
v 0.160355 -0.191339 0.001231
v 0.160326 -0.191101 0.000646
v 0.160309 -0.190966 0.000029
v 0.160306 -0.190940 -0.000602
v 0.160316 -0.191023 -0.001228
v 0.160340 -0.191213 -0.001831
v 0.160375 -0.191503 -0.002391
v 0.160422 -0.191886 -0.002891
v 0.160479 -0.192349 -0.003317
v 0.160544 -0.192879 -0.003656
v 0.160615 -0.193459 -0.003896
v 0.160691 -0.194071 -0.004032
v 0.160768 -0.194698 -0.004058
v 0.160844 -0.195319 -0.003975
v 0.160917 -0.195917 -0.003784
v 0.160985 -0.196473 -0.003491
v 0.161046 -0.196970 -0.003105
v 0.161098 -0.197393 -0.002638
v 0.161140 -0.197729 -0.002105
v 0.161169 -0.197968 -0.001521
v 0.161841 -0.203444 -0.013828
v 0.161845 -0.203470 -0.013196
v 0.161834 -0.203387 -0.012570
v 0.161811 -0.203197 -0.011968
v 0.161775 -0.202907 -0.011408
v 0.161728 -0.202524 -0.010907
v 0.161672 -0.202061 -0.010481
v 0.161607 -0.201531 -0.010143
v 0.161535 -0.200951 -0.009902
v 0.161460 -0.200339 -0.009766
v 0.161383 -0.199712 -0.009740
v 0.161307 -0.199091 -0.009824
v 0.161233 -0.198493 -0.010015
v 0.161165 -0.197937 -0.010308
v 0.161104 -0.197440 -0.010693
v 0.161052 -0.197017 -0.011160
v 0.161011 -0.196681 -0.011693
v 0.160982 -0.196442 -0.012278
v 0.160965 -0.196308 -0.012895
v 0.160962 -0.196282 -0.013526
v 0.160972 -0.196365 -0.014153
v 0.160995 -0.196554 -0.014755
v 0.161031 -0.196845 -0.015315
v 0.161078 -0.197228 -0.015815
v 0.161135 -0.197691 -0.016241
v 0.161200 -0.198221 -0.016580
v 0.161271 -0.198800 -0.016821
v 0.161346 -0.199413 -0.016956
v 0.161423 -0.200040 -0.016982
v 0.161500 -0.200661 -0.016899
v 0.161573 -0.201259 -0.016708
v 0.161641 -0.201815 -0.016415
v 0.161702 -0.202312 -0.016029
v 0.161754 -0.202735 -0.015563
v 0.161796 -0.203070 -0.015029
v 0.161825 -0.203309 -0.014445
v 0.160805 -0.195006 -0.024951
v 0.160809 -0.195032 -0.024319
v 0.160798 -0.194949 -0.023693
v 0.160775 -0.194759 -0.023091
v 0.160739 -0.194468 -0.022531
v 0.160692 -0.194086 -0.022030
v 0.160636 -0.193623 -0.021604
v 0.160570 -0.193093 -0.021266
v 0.160499 -0.192513 -0.021025
v 0.160424 -0.191901 -0.020889
v 0.160347 -0.191274 -0.020863
v 0.160271 -0.190652 -0.020947
v 0.160197 -0.190054 -0.021138
v 0.160129 -0.189499 -0.021431
v 0.160068 -0.189002 -0.021816
v 0.160016 -0.188579 -0.022283
v 0.159975 -0.188243 -0.022817
v 0.159946 -0.188004 -0.023401
v 0.159929 -0.187870 -0.024018
v 0.159926 -0.187843 -0.024649
v 0.159936 -0.187926 -0.025276
v 0.159959 -0.188116 -0.025878
v 0.159995 -0.188407 -0.026438
v 0.160042 -0.188790 -0.026938
v 0.160099 -0.189253 -0.027364
v 0.160164 -0.189782 -0.027703
v 0.160235 -0.190362 -0.027944
v 0.160310 -0.190975 -0.028079
v 0.160387 -0.191601 -0.028106
v 0.160464 -0.192223 -0.028022
v 0.160537 -0.192821 -0.027831
v 0.160605 -0.193377 -0.027538
v 0.160666 -0.193873 -0.027152
v 0.160718 -0.194296 -0.026686
v 0.160759 -0.194632 -0.026152
v 0.160789 -0.194871 -0.025568
v 0.159113 -0.181226 -0.023149
v 0.159117 -0.181252 -0.022518
v 0.159106 -0.181169 -0.021892
v 0.159083 -0.180979 -0.021290
v 0.159047 -0.180688 -0.020730
v 0.159000 -0.180306 -0.020229
v 0.158944 -0.179842 -0.019803
v 0.158878 -0.179313 -0.019465
v 0.158807 -0.178733 -0.019224
v 0.158732 -0.178120 -0.019088
v 0.158655 -0.177494 -0.019062
v 0.158579 -0.176872 -0.019146
v 0.158505 -0.176274 -0.019337
v 0.158437 -0.175719 -0.019630
v 0.158376 -0.175222 -0.020015
v 0.158324 -0.174799 -0.020482
v 0.158283 -0.174463 -0.021015
v 0.158254 -0.174224 -0.021600
v 0.158237 -0.174089 -0.022217
v 0.158234 -0.174063 -0.022848
v 0.158244 -0.174146 -0.023474
v 0.158267 -0.174336 -0.024077
v 0.158303 -0.174627 -0.024637
v 0.158350 -0.175009 -0.025137
v 0.158407 -0.175473 -0.025563
v 0.158472 -0.176002 -0.025902
v 0.158543 -0.176582 -0.026142
v 0.158618 -0.177195 -0.026278
v 0.158695 -0.177821 -0.026304
v 0.158772 -0.178443 -0.026221
v 0.158845 -0.179041 -0.026030
v 0.158913 -0.179596 -0.025737
v 0.158974 -0.180093 -0.025351
v 0.159026 -0.180516 -0.024884
v 0.159067 -0.180852 -0.024351
v 0.159097 -0.181091 -0.023767
v 0.158457 -0.175884 -0.010225
v 0.158461 -0.175910 -0.009594
v 0.158450 -0.175827 -0.008968
v 0.158427 -0.175637 -0.008365
v 0.158391 -0.175346 -0.007805
v 0.158344 -0.174964 -0.007305
v 0.158288 -0.174500 -0.006879
v 0.158223 -0.173971 -0.006540
v 0.158151 -0.173391 -0.006300
v 0.158076 -0.172778 -0.006164
v 0.157999 -0.172152 -0.006138
v 0.157923 -0.171530 -0.006221
v 0.157850 -0.170932 -0.006413
v 0.157781 -0.170377 -0.006705
v 0.157720 -0.169880 -0.007091
v 0.157668 -0.169457 -0.007558
v 0.157627 -0.169121 -0.008091
v 0.157598 -0.168882 -0.008675
v 0.157581 -0.168747 -0.009293
v 0.157578 -0.168721 -0.009924
v 0.157588 -0.168804 -0.010550
v 0.157612 -0.168994 -0.011153
v 0.157647 -0.169285 -0.011712
v 0.157694 -0.169667 -0.012213
v 0.157751 -0.170131 -0.012639
v 0.157816 -0.170660 -0.012978
v 0.157887 -0.171240 -0.013218
v 0.157963 -0.171853 -0.013354
v 0.158039 -0.172479 -0.013380
v 0.158116 -0.173101 -0.013297
v 0.158189 -0.173699 -0.013105
v 0.158257 -0.174254 -0.012813
v 0.158318 -0.174751 -0.012427
v 0.158370 -0.175174 -0.011960
v 0.158412 -0.175510 -0.011427
v 0.158441 -0.175749 -0.010842
v 0.159494 -0.184322 0.000898
v 0.159497 -0.184348 0.001529
v 0.159487 -0.184265 0.002155
v 0.159463 -0.184075 0.002758
v 0.159428 -0.183785 0.003318
v 0.159381 -0.183402 0.003818
v 0.159324 -0.182939 0.004244
v 0.159259 -0.182409 0.004583
v 0.159187 -0.181829 0.004823
v 0.159112 -0.181217 0.004959
v 0.159035 -0.180590 0.004985
v 0.158959 -0.179968 0.004902
v 0.158886 -0.179371 0.004711
v 0.158817 -0.178815 0.004418
v 0.158756 -0.178318 0.004032
v 0.158704 -0.177895 0.003565
v 0.158663 -0.177559 0.003032
v 0.158634 -0.177320 0.002448
v 0.158617 -0.177186 0.001830
v 0.158614 -0.177160 0.001199
v 0.158624 -0.177243 0.000573
v 0.158648 -0.177432 -0.000029
v 0.158683 -0.177723 -0.000589
v 0.158730 -0.178106 -0.001090
v 0.158787 -0.178569 -0.001516
v 0.158852 -0.179099 -0.001854
v 0.158923 -0.179678 -0.002095
v 0.158999 -0.180291 -0.002231
v 0.159076 -0.180918 -0.002257
v 0.159152 -0.181539 -0.002174
v 0.159225 -0.182137 -0.001982
v 0.159294 -0.182693 -0.001690
v 0.159355 -0.183190 -0.001304
v 0.159406 -0.183612 -0.000837
v 0.159448 -0.183948 -0.000304
v 0.159477 -0.184187 0.000281
v 0.159707 -0.186060 -0.033992
v 0.159709 -0.186080 -0.033495
v 0.159701 -0.186015 -0.033003
v 0.159683 -0.185866 -0.032530
v 0.159655 -0.185637 -0.032089
v 0.159618 -0.185337 -0.031696
v 0.159573 -0.184972 -0.031361
v 0.159522 -0.184556 -0.031095
v 0.159466 -0.184100 -0.030905
v 0.159407 -0.183618 -0.030799
v 0.159347 -0.183126 -0.030778
v 0.159287 -0.182637 -0.030844
v 0.159229 -0.182167 -0.030994
v 0.159175 -0.181730 -0.031224
v 0.159127 -0.181340 -0.031528
v 0.159087 -0.181007 -0.031894
v 0.159054 -0.180743 -0.032314
v 0.159031 -0.180555 -0.032773
v 0.159018 -0.180449 -0.033259
v 0.159016 -0.180429 -0.033755
v 0.159024 -0.180494 -0.034247
v 0.159042 -0.180643 -0.034721
v 0.159070 -0.180872 -0.035161
v 0.159107 -0.181173 -0.035555
v 0.159152 -0.181537 -0.035890
v 0.159203 -0.181953 -0.036156
v 0.159259 -0.182409 -0.036345
v 0.159318 -0.182891 -0.036452
v 0.159378 -0.183383 -0.036472
v 0.159438 -0.183872 -0.036406
v 0.159496 -0.184342 -0.036256
v 0.159550 -0.184779 -0.036026
v 0.159598 -0.185170 -0.035723
v 0.159638 -0.185502 -0.035356
v 0.159671 -0.185766 -0.034936
v 0.159694 -0.185954 -0.034477
v 0.162559 -0.209288 -0.003373
v 0.162562 -0.209309 -0.002877
v 0.162554 -0.209243 -0.002384
v 0.162535 -0.209094 -0.001911
v 0.162507 -0.208866 -0.001471
v 0.162470 -0.208565 -0.001077
v 0.162425 -0.208201 -0.000742
v 0.162374 -0.207784 -0.000476
v 0.162318 -0.207328 -0.000287
v 0.162259 -0.206847 -0.000180
v 0.162199 -0.206354 -0.000160
v 0.162139 -0.205865 -0.000225
v 0.162081 -0.205395 -0.000376
v 0.162027 -0.204958 -0.000606
v 0.161979 -0.204568 -0.000909
v 0.161939 -0.204235 -0.001276
v 0.161906 -0.203971 -0.001695
v 0.161883 -0.203783 -0.002155
v 0.161870 -0.203678 -0.002640
v 0.161868 -0.203657 -0.003136
v 0.161876 -0.203722 -0.003629
v 0.161894 -0.203871 -0.004102
v 0.161922 -0.204100 -0.004542
v 0.161959 -0.204401 -0.004936
v 0.162004 -0.204765 -0.005271
v 0.162055 -0.205181 -0.005537
v 0.162111 -0.205637 -0.005726
v 0.162170 -0.206119 -0.005833
v 0.162230 -0.206612 -0.005854
v 0.162290 -0.207100 -0.005788
v 0.162348 -0.207570 -0.005638
v 0.162402 -0.208007 -0.005407
v 0.162450 -0.208398 -0.005104
v 0.162491 -0.208730 -0.004737
v 0.162523 -0.208994 -0.004318
v 0.162546 -0.209182 -0.003858
v 0.162210 -0.206447 -0.025438
v 0.162213 -0.206467 -0.024942
v 0.162205 -0.206402 -0.024450
v 0.162186 -0.206253 -0.023976
v 0.162158 -0.206025 -0.023536
v 0.162121 -0.205724 -0.023142
v 0.162077 -0.205359 -0.022807
v 0.162025 -0.204943 -0.022541
v 0.161970 -0.204487 -0.022352
v 0.161910 -0.204006 -0.022245
v 0.161850 -0.203513 -0.022225
v 0.161790 -0.203024 -0.022290
v 0.161732 -0.202554 -0.022441
v 0.161679 -0.202117 -0.022671
v 0.161631 -0.201727 -0.022974
v 0.161590 -0.201394 -0.023341
v 0.161557 -0.201130 -0.023760
v 0.161534 -0.200942 -0.024220
v 0.161521 -0.200836 -0.024705
v 0.161519 -0.200816 -0.025201
v 0.161527 -0.200881 -0.025694
v 0.161545 -0.201030 -0.026167
v 0.161573 -0.201259 -0.026608
v 0.161610 -0.201560 -0.027001
v 0.161655 -0.201924 -0.027336
v 0.161706 -0.202340 -0.027602
v 0.161762 -0.202796 -0.027791
v 0.161821 -0.203278 -0.027898
v 0.161882 -0.203770 -0.027919
v 0.161942 -0.204259 -0.027853
v 0.161999 -0.204729 -0.027703
v 0.162053 -0.205166 -0.027472
v 0.162101 -0.205557 -0.027169
v 0.162142 -0.205889 -0.026802
v 0.162174 -0.206153 -0.026383
v 0.162197 -0.206341 -0.025924
v 0.160405 -0.191742 0.010138
v 0.160407 -0.191763 0.010635
v 0.160399 -0.191697 0.011127
v 0.160381 -0.191548 0.011601
v 0.160353 -0.191320 0.012041
v 0.160316 -0.191019 0.012434
v 0.160271 -0.190655 0.012769
v 0.160220 -0.190238 0.013035
v 0.160164 -0.189782 0.013225
v 0.160105 -0.189301 0.013331
v 0.160044 -0.188808 0.013352
v 0.159984 -0.188319 0.013286
v 0.159927 -0.187849 0.013136
v 0.159873 -0.187413 0.012906
v 0.159825 -0.187022 0.012603
v 0.159784 -0.186689 0.012236
v 0.159752 -0.186425 0.011816
v 0.159729 -0.186237 0.011357
v 0.159716 -0.186132 0.010872
v 0.159713 -0.186111 0.010375
v 0.159721 -0.186176 0.009883
v 0.159740 -0.186326 0.009409
v 0.159768 -0.186554 0.008969
v 0.159805 -0.186855 0.008576
v 0.159849 -0.187219 0.008241
v 0.159900 -0.187635 0.007975
v 0.159956 -0.188091 0.007785
v 0.160016 -0.188573 0.007679
v 0.160076 -0.189066 0.007658
v 0.160136 -0.189554 0.007724
v 0.160194 -0.190024 0.007874
v 0.160247 -0.190461 0.008104
v 0.160295 -0.190852 0.008407
v 0.160336 -0.191184 0.008774
v 0.160369 -0.191449 0.009194
v 0.160392 -0.191636 0.009653
v 0.157553 -0.168514 -0.020480
v 0.157555 -0.168534 -0.019984
v 0.157547 -0.168469 -0.019492
v 0.157529 -0.168320 -0.019018
v 0.157501 -0.168092 -0.018578
v 0.157464 -0.167791 -0.018184
v 0.157419 -0.167426 -0.017849
v 0.157368 -0.167010 -0.017583
v 0.157312 -0.166554 -0.017394
v 0.157253 -0.166073 -0.017287
v 0.157192 -0.165580 -0.017267
v 0.157132 -0.165091 -0.017332
v 0.157075 -0.164621 -0.017483
v 0.157021 -0.164184 -0.017713
v 0.156973 -0.163794 -0.018016
v 0.156932 -0.163461 -0.018383
v 0.156900 -0.163197 -0.018802
v 0.156877 -0.163009 -0.019262
v 0.156864 -0.162903 -0.019747
v 0.156861 -0.162883 -0.020243
v 0.156869 -0.162948 -0.020736
v 0.156887 -0.163097 -0.021209
v 0.156916 -0.163326 -0.021649
v 0.156952 -0.163627 -0.022043
v 0.156997 -0.163991 -0.022378
v 0.157048 -0.164407 -0.022644
v 0.157104 -0.164863 -0.022833
v 0.157163 -0.165345 -0.022940
v 0.157224 -0.165837 -0.022961
v 0.157284 -0.166326 -0.022895
v 0.157342 -0.166796 -0.022745
v 0.157395 -0.167233 -0.022514
v 0.157443 -0.167624 -0.022211
v 0.157484 -0.167956 -0.021844
v 0.157516 -0.168220 -0.021425
v 0.157540 -0.168408 -0.020965
v 0.157901 -0.171355 0.001585
v 0.157904 -0.171376 0.002081
v 0.157896 -0.171310 0.002574
v 0.157878 -0.171161 0.003047
v 0.157850 -0.170933 0.003487
v 0.157813 -0.170632 0.003881
v 0.157768 -0.170268 0.004216
v 0.157717 -0.169851 0.004482
v 0.157661 -0.169395 0.004671
v 0.157602 -0.168914 0.004778
v 0.157541 -0.168421 0.004799
v 0.157481 -0.167932 0.004733
v 0.157423 -0.167462 0.004582
v 0.157370 -0.167025 0.004352
v 0.157322 -0.166635 0.004049
v 0.157281 -0.166302 0.003682
v 0.157249 -0.166038 0.003263
v 0.157226 -0.165850 0.002803
v 0.157213 -0.165745 0.002318
v 0.157210 -0.165724 0.001822
v 0.157218 -0.165789 0.001329
v 0.157236 -0.165938 0.000856
v 0.157264 -0.166167 0.000416
v 0.157301 -0.166468 0.000022
v 0.157346 -0.166832 -0.000313
v 0.157397 -0.167248 -0.000579
v 0.157453 -0.167704 -0.000768
v 0.157512 -0.168186 -0.000875
v 0.157573 -0.168679 -0.000896
v 0.157633 -0.169167 -0.000830
v 0.157690 -0.169637 -0.000680
v 0.157744 -0.170074 -0.000449
v 0.157792 -0.170465 -0.000146
v 0.157833 -0.170797 0.000221
v 0.157865 -0.171061 0.000640
v 0.157888 -0.171249 0.001100
v 0.158805 -0.178714 -0.010595
v 0.158798 -0.178659 -0.011901
v 0.158819 -0.178831 -0.013197
v 0.158868 -0.179224 -0.014443
v 0.158941 -0.179825 -0.015602
v 0.159039 -0.180617 -0.016637
v 0.159156 -0.181575 -0.017519
v 0.159291 -0.182671 -0.018219
v 0.159438 -0.183871 -0.018717
v 0.159594 -0.185138 -0.018998
v 0.159753 -0.186434 -0.019052
v 0.159911 -0.187721 -0.018879
v 0.160063 -0.188957 -0.018484
v 0.160204 -0.190107 -0.017878
v 0.160330 -0.191135 -0.017080
v 0.160438 -0.192010 -0.016115
v 0.160523 -0.192705 -0.015011
v 0.160584 -0.193200 -0.013802
v 0.160618 -0.193478 -0.012525
v 0.160624 -0.193532 -0.011219
v 0.160603 -0.193360 -0.009923
v 0.160555 -0.192968 -0.008677
v 0.160481 -0.192366 -0.007518
v 0.160384 -0.191575 -0.006483
v 0.160266 -0.190616 -0.005601
v 0.160132 -0.189521 -0.004901
v 0.159985 -0.188321 -0.004403
v 0.159829 -0.187053 -0.004122
v 0.159670 -0.185757 -0.004068
v 0.159512 -0.184471 -0.004241
v 0.159360 -0.183234 -0.004636
v 0.159219 -0.182084 -0.005242
v 0.159093 -0.181056 -0.006040
v 0.158985 -0.180181 -0.007006
v 0.158900 -0.179486 -0.008110
v 0.158839 -0.178992 -0.009318
v 0.163941 -0.220546 -0.016063
v 0.189847 -0.217365 -0.016063
v 0.155481 -0.151645 -0.007057
v 0.155450 -0.151393 -0.013153
v 0.155549 -0.152194 -0.019200
v 0.155774 -0.154026 -0.025015
v 0.156118 -0.156832 -0.030421
v 0.156572 -0.160528 -0.035254
v 0.157121 -0.165000 -0.039368
v 0.157749 -0.170113 -0.042636
v 0.158436 -0.175712 -0.044960
v 0.159163 -0.181626 -0.046269
v 0.159905 -0.187677 -0.046524
v 0.160642 -0.193679 -0.045716
v 0.161351 -0.199450 -0.043871
v 0.162010 -0.204816 -0.041043
v 0.162599 -0.209613 -0.037320
v 0.163100 -0.213696 -0.032814
v 0.163499 -0.216940 -0.027663
v 0.163782 -0.219247 -0.022022
v 0.181387 -0.148465 -0.007057
v 0.189687 -0.216066 -0.022022
v 0.189404 -0.213759 -0.027663
v 0.189006 -0.210515 -0.032814
v 0.188504 -0.206433 -0.037320
v 0.187915 -0.201636 -0.041043
v 0.187257 -0.196270 -0.043871
v 0.186548 -0.190498 -0.045716
v 0.185811 -0.184496 -0.046524
v 0.185068 -0.178446 -0.046269
v 0.184342 -0.172531 -0.044960
v 0.183654 -0.166932 -0.042636
v 0.183027 -0.161819 -0.039368
v 0.182477 -0.157347 -0.035254
v 0.182024 -0.153652 -0.030421
v 0.181679 -0.150845 -0.025015
v 0.181454 -0.149014 -0.019200
v 0.181356 -0.148212 -0.013153
v 0.184710 -0.175533 -0.010595
v 0.184745 -0.175811 -0.009318
v 0.184805 -0.176305 -0.008110
v 0.184891 -0.177001 -0.007006
v 0.184998 -0.177875 -0.006040
v 0.185124 -0.178903 -0.005242
v 0.185265 -0.180053 -0.004636
v 0.185417 -0.181290 -0.004241
v 0.185575 -0.182576 -0.004068
v 0.185734 -0.183873 -0.004122
v 0.185890 -0.185140 -0.004403
v 0.186037 -0.186340 -0.004901
v 0.186172 -0.187435 -0.005601
v 0.186290 -0.188394 -0.006483
v 0.186387 -0.189186 -0.007518
v 0.186461 -0.189787 -0.008677
v 0.186509 -0.190180 -0.009923
v 0.186530 -0.190351 -0.011219
v 0.186523 -0.190297 -0.012525
v 0.158805 -0.178714 -0.010595
v 0.160618 -0.193478 -0.012525
v 0.160624 -0.193532 -0.011219
v 0.160603 -0.193360 -0.009923
v 0.160555 -0.192968 -0.008677
v 0.160481 -0.192366 -0.007518
v 0.160384 -0.191575 -0.006483
v 0.160266 -0.190616 -0.005601
v 0.160132 -0.189521 -0.004901
v 0.159985 -0.188321 -0.004403
v 0.159829 -0.187053 -0.004122
v 0.159670 -0.185757 -0.004068
v 0.159512 -0.184471 -0.004241
v 0.159360 -0.183234 -0.004636
v 0.159219 -0.182084 -0.005242
v 0.159093 -0.181056 -0.006040
v 0.158985 -0.180181 -0.007006
v 0.158900 -0.179486 -0.008110
v 0.158839 -0.178992 -0.009318
v 0.178125 -0.200670 -0.013728
v 0.178127 -0.200691 -0.013232
v 0.178119 -0.200626 -0.012739
v 0.178101 -0.200476 -0.012266
v 0.178073 -0.200248 -0.011825
v 0.178036 -0.199947 -0.011432
v 0.177991 -0.199583 -0.011097
v 0.177940 -0.199166 -0.010831
v 0.177884 -0.198711 -0.010642
v 0.177825 -0.198229 -0.010535
v 0.177765 -0.197736 -0.010514
v 0.177705 -0.197248 -0.010580
v 0.177647 -0.196778 -0.010730
v 0.177593 -0.196341 -0.010960
v 0.177545 -0.195950 -0.011264
v 0.177504 -0.195618 -0.011631
v 0.177472 -0.195353 -0.012050
v 0.177449 -0.195166 -0.012509
v 0.177436 -0.195060 -0.012995
v 0.177433 -0.195039 -0.013491
v 0.177441 -0.195105 -0.013983
v 0.177460 -0.195254 -0.014457
v 0.177488 -0.195482 -0.014897
v 0.177525 -0.195783 -0.015291
v 0.177569 -0.196147 -0.015626
v 0.177621 -0.196564 -0.015892
v 0.177677 -0.197020 -0.016081
v 0.177736 -0.197501 -0.016188
v 0.177796 -0.197994 -0.016208
v 0.177856 -0.198483 -0.016143
v 0.177914 -0.198953 -0.015992
v 0.177968 -0.199389 -0.015762
v 0.178015 -0.199780 -0.015459
v 0.178056 -0.200113 -0.015092
v 0.178089 -0.200377 -0.014672
v 0.178112 -0.200564 -0.014213
v 0.178028 -0.199883 -0.013625
v 0.178019 -0.199807 -0.013974
v 0.178002 -0.199672 -0.014304
v 0.177979 -0.199482 -0.014606
v 0.177949 -0.199243 -0.014870
v 0.177915 -0.198962 -0.015088
v 0.177876 -0.198647 -0.015254
v 0.177835 -0.198309 -0.015362
v 0.177792 -0.197958 -0.015409
v 0.177748 -0.197603 -0.015394
v 0.177706 -0.197257 -0.015318
v 0.177665 -0.196929 -0.015181
v 0.177629 -0.196629 -0.014990
v 0.177596 -0.196368 -0.014749
v 0.177570 -0.196151 -0.014466
v 0.177550 -0.195987 -0.014149
v 0.177537 -0.195879 -0.013809
v 0.177531 -0.195832 -0.013455
v 0.177533 -0.195847 -0.013097
v 0.177542 -0.195923 -0.012748
v 0.177559 -0.196058 -0.012418
v 0.177582 -0.196248 -0.012116
v 0.177611 -0.196488 -0.011852
v 0.177646 -0.196769 -0.011634
v 0.177684 -0.197083 -0.011469
v 0.177726 -0.197421 -0.011361
v 0.177769 -0.197772 -0.011313
v 0.177812 -0.198127 -0.011328
v 0.177855 -0.198473 -0.011405
v 0.177895 -0.198801 -0.011541
v 0.177932 -0.199101 -0.011733
v 0.177964 -0.199363 -0.011973
v 0.177991 -0.199579 -0.012257
v 0.178011 -0.199743 -0.012573
v 0.178024 -0.199851 -0.012914
v 0.178030 -0.199898 -0.013268
v 0.177469 -0.195328 -0.000804
v 0.177471 -0.195349 -0.000307
v 0.177463 -0.195284 0.000185
v 0.177445 -0.195135 0.000659
v 0.177417 -0.194906 0.001099
v 0.177380 -0.194605 0.001492
v 0.177335 -0.194241 0.001827
v 0.177284 -0.193825 0.002093
v 0.177228 -0.193369 0.002283
v 0.177169 -0.192887 0.002389
v 0.177109 -0.192394 0.002410
v 0.177049 -0.191906 0.002344
v 0.176991 -0.191436 0.002194
v 0.176937 -0.190999 0.001964
v 0.176889 -0.190608 0.001661
v 0.176848 -0.190276 0.001294
v 0.176816 -0.190012 0.000874
v 0.176793 -0.189824 0.000415
v 0.176780 -0.189718 -0.000070
v 0.176777 -0.189697 -0.000567
v 0.176785 -0.189763 -0.001059
v 0.176804 -0.189912 -0.001533
v 0.176832 -0.190140 -0.001973
v 0.176869 -0.190441 -0.002366
v 0.176914 -0.190805 -0.002701
v 0.176965 -0.191222 -0.002968
v 0.177021 -0.191678 -0.003157
v 0.177080 -0.192159 -0.003263
v 0.177140 -0.192652 -0.003284
v 0.177200 -0.193141 -0.003218
v 0.177258 -0.193611 -0.003068
v 0.177312 -0.194048 -0.002838
v 0.177360 -0.194438 -0.002535
v 0.177400 -0.194771 -0.002168
v 0.177433 -0.195035 -0.001748
v 0.177456 -0.195223 -0.001289
v 0.177372 -0.194541 -0.000701
v 0.177363 -0.194465 -0.001050
v 0.177346 -0.194330 -0.001380
v 0.177323 -0.194140 -0.001682
v 0.177294 -0.193901 -0.001946
v 0.177259 -0.193620 -0.002164
v 0.177220 -0.193305 -0.002330
v 0.177179 -0.192967 -0.002438
v 0.177136 -0.192616 -0.002485
v 0.177092 -0.192261 -0.002470
v 0.177050 -0.191915 -0.002393
v 0.177009 -0.191587 -0.002257
v 0.176973 -0.191288 -0.002066
v 0.176941 -0.191026 -0.001825
v 0.176914 -0.190809 -0.001542
v 0.176894 -0.190645 -0.001225
v 0.176881 -0.190538 -0.000885
v 0.176875 -0.190491 -0.000530
v 0.176877 -0.190505 -0.000173
v 0.176886 -0.190581 0.000176
v 0.176903 -0.190717 0.000506
v 0.176926 -0.190907 0.000808
v 0.176955 -0.191146 0.001072
v 0.176990 -0.191427 0.001290
v 0.177028 -0.191741 0.001455
v 0.177070 -0.192079 0.001563
v 0.177113 -0.192431 0.001611
v 0.177157 -0.192785 0.001596
v 0.177199 -0.193131 0.001519
v 0.177239 -0.193459 0.001383
v 0.177276 -0.193759 0.001192
v 0.177308 -0.194021 0.000951
v 0.177335 -0.194237 0.000668
v 0.177355 -0.194402 0.000351
v 0.177368 -0.194509 0.000010
v 0.177374 -0.194556 -0.000344
v 0.175777 -0.181548 0.000997
v 0.175779 -0.181569 0.001494
v 0.175771 -0.181504 0.001986
v 0.175753 -0.181354 0.002460
v 0.175725 -0.181126 0.002900
v 0.175688 -0.180825 0.003293
v 0.175643 -0.180461 0.003628
v 0.175592 -0.180044 0.003895
v 0.175536 -0.179589 0.004084
v 0.175477 -0.179107 0.004190
v 0.175417 -0.178614 0.004211
v 0.175357 -0.178126 0.004145
v 0.175299 -0.177656 0.003995
v 0.175245 -0.177219 0.003765
v 0.175197 -0.176828 0.003462
v 0.175156 -0.176496 0.003095
v 0.175124 -0.176231 0.002675
v 0.175101 -0.176044 0.002216
v 0.175088 -0.175938 0.001731
v 0.175085 -0.175917 0.001234
v 0.175093 -0.175982 0.000742
v 0.175112 -0.176132 0.000268
v 0.175140 -0.176360 -0.000172
v 0.175177 -0.176661 -0.000565
v 0.175222 -0.177025 -0.000900
v 0.175273 -0.177442 -0.001166
v 0.175329 -0.177897 -0.001356
v 0.175388 -0.178379 -0.001462
v 0.175448 -0.178872 -0.001483
v 0.175508 -0.179360 -0.001417
v 0.175566 -0.179830 -0.001267
v 0.175620 -0.180267 -0.001037
v 0.175668 -0.180658 -0.000734
v 0.175708 -0.180990 -0.000367
v 0.175741 -0.181255 0.000053
v 0.175764 -0.181442 0.000512
v 0.175680 -0.180761 0.001100
v 0.175671 -0.180685 0.000751
v 0.175654 -0.180550 0.000421
v 0.175631 -0.180360 0.000119
v 0.175602 -0.180120 -0.000145
v 0.175567 -0.179840 -0.000363
v 0.175528 -0.179525 -0.000528
v 0.175487 -0.179187 -0.000636
v 0.175444 -0.178836 -0.000684
v 0.175400 -0.178481 -0.000669
v 0.175358 -0.178135 -0.000592
v 0.175318 -0.177807 -0.000456
v 0.175281 -0.177507 -0.000265
v 0.175249 -0.177245 -0.000024
v 0.175222 -0.177029 0.000259
v 0.175202 -0.176865 0.000576
v 0.175189 -0.176757 0.000917
v 0.175183 -0.176710 0.001271
v 0.175185 -0.176725 0.001628
v 0.175194 -0.176801 0.001977
v 0.175211 -0.176936 0.002307
v 0.175234 -0.177126 0.002609
v 0.175263 -0.177366 0.002873
v 0.175298 -0.177647 0.003091
v 0.175336 -0.177961 0.003257
v 0.175378 -0.178299 0.003365
v 0.175421 -0.178650 0.003412
v 0.175465 -0.179005 0.003397
v 0.175507 -0.179351 0.003320
v 0.175547 -0.179679 0.003184
v 0.175584 -0.179979 0.002993
v 0.175616 -0.180241 0.002752
v 0.175643 -0.180457 0.002469
v 0.175663 -0.180621 0.002152
v 0.175676 -0.180729 0.001812
v 0.175682 -0.180776 0.001457
v 0.174741 -0.173110 -0.010126
v 0.174743 -0.173131 -0.009629
v 0.174735 -0.173065 -0.009137
v 0.174717 -0.172916 -0.008663
v 0.174689 -0.172688 -0.008223
v 0.174652 -0.172387 -0.007830
v 0.174607 -0.172023 -0.007495
v 0.174556 -0.171606 -0.007228
v 0.174500 -0.171150 -0.007039
v 0.174441 -0.170669 -0.006933
v 0.174381 -0.170176 -0.006912
v 0.174321 -0.169687 -0.006978
v 0.174263 -0.169217 -0.007128
v 0.174209 -0.168780 -0.007358
v 0.174161 -0.168390 -0.007661
v 0.174120 -0.168057 -0.008028
v 0.174088 -0.167793 -0.008448
v 0.174065 -0.167605 -0.008907
v 0.174052 -0.167499 -0.009392
v 0.174049 -0.167479 -0.009889
v 0.174057 -0.167544 -0.010381
v 0.174076 -0.167693 -0.010855
v 0.174104 -0.167922 -0.011295
v 0.174141 -0.168223 -0.011688
v 0.174185 -0.168587 -0.012023
v 0.174237 -0.169003 -0.012289
v 0.174293 -0.169459 -0.012479
v 0.174352 -0.169941 -0.012585
v 0.174412 -0.170433 -0.012606
v 0.174472 -0.170922 -0.012540
v 0.174530 -0.171392 -0.012390
v 0.174584 -0.171829 -0.012160
v 0.174631 -0.172220 -0.011857
v 0.174672 -0.172552 -0.011490
v 0.174705 -0.172816 -0.011070
v 0.174728 -0.173004 -0.010611
v 0.174644 -0.172323 -0.010023
v 0.174635 -0.172246 -0.010372
v 0.174618 -0.172111 -0.010702
v 0.174595 -0.171921 -0.011004
v 0.174565 -0.171682 -0.011268
v 0.174531 -0.171401 -0.011486
v 0.174492 -0.171087 -0.011651
v 0.174451 -0.170749 -0.011760
v 0.174408 -0.170397 -0.011807
v 0.174364 -0.170043 -0.011792
v 0.174322 -0.169697 -0.011715
v 0.174281 -0.169369 -0.011579
v 0.174245 -0.169069 -0.011388
v 0.174212 -0.168807 -0.011147
v 0.174186 -0.168591 -0.010864
v 0.174166 -0.168426 -0.010547
v 0.174153 -0.168319 -0.010206
v 0.174147 -0.168272 -0.009852
v 0.174149 -0.168287 -0.009495
v 0.174158 -0.168363 -0.009146
v 0.174175 -0.168498 -0.008816
v 0.174198 -0.168688 -0.008514
v 0.174227 -0.168927 -0.008250
v 0.174262 -0.169208 -0.008032
v 0.174300 -0.169523 -0.007866
v 0.174342 -0.169861 -0.007758
v 0.174385 -0.170212 -0.007711
v 0.174428 -0.170566 -0.007726
v 0.174471 -0.170913 -0.007803
v 0.174511 -0.171241 -0.007939
v 0.174548 -0.171540 -0.008130
v 0.174580 -0.171802 -0.008371
v 0.174607 -0.172019 -0.008654
v 0.174627 -0.172183 -0.008971
v 0.174640 -0.172290 -0.009311
v 0.174646 -0.172337 -0.009666
v 0.175397 -0.178452 -0.023050
v 0.175399 -0.178472 -0.022553
v 0.175391 -0.178407 -0.022061
v 0.175373 -0.178258 -0.021588
v 0.175345 -0.178029 -0.021147
v 0.175308 -0.177729 -0.020754
v 0.175263 -0.177364 -0.020419
v 0.175212 -0.176948 -0.020153
v 0.175156 -0.176492 -0.019963
v 0.175097 -0.176011 -0.019857
v 0.175036 -0.175518 -0.019836
v 0.174976 -0.175029 -0.019902
v 0.174919 -0.174559 -0.020052
v 0.174865 -0.174122 -0.020282
v 0.174817 -0.173732 -0.020586
v 0.174776 -0.173399 -0.020952
v 0.174744 -0.173135 -0.021372
v 0.174721 -0.172947 -0.021831
v 0.174708 -0.172841 -0.022316
v 0.174705 -0.172821 -0.022813
v 0.174713 -0.172886 -0.023305
v 0.174732 -0.173035 -0.023779
v 0.174760 -0.173264 -0.024219
v 0.174797 -0.173565 -0.024613
v 0.174841 -0.173929 -0.024947
v 0.174892 -0.174345 -0.025214
v 0.174948 -0.174801 -0.025403
v 0.175008 -0.175283 -0.025509
v 0.175068 -0.175775 -0.025530
v 0.175128 -0.176264 -0.025464
v 0.175186 -0.176734 -0.025314
v 0.175239 -0.177171 -0.025084
v 0.175287 -0.177562 -0.024781
v 0.175328 -0.177894 -0.024414
v 0.175361 -0.178158 -0.023994
v 0.175384 -0.178346 -0.023535
v 0.175300 -0.177664 -0.022947
v 0.175291 -0.177588 -0.023296
v 0.175274 -0.177453 -0.023626
v 0.175251 -0.177263 -0.023928
v 0.175221 -0.177024 -0.024192
v 0.175187 -0.176743 -0.024410
v 0.175148 -0.176429 -0.024576
v 0.175107 -0.176091 -0.024684
v 0.175064 -0.175739 -0.024731
v 0.175020 -0.175385 -0.024716
v 0.174978 -0.175038 -0.024639
v 0.174937 -0.174710 -0.024503
v 0.174901 -0.174411 -0.024312
v 0.174868 -0.174149 -0.024071
v 0.174842 -0.173933 -0.023788
v 0.174822 -0.173768 -0.023471
v 0.174808 -0.173661 -0.023131
v 0.174803 -0.173614 -0.022776
v 0.174804 -0.173629 -0.022419
v 0.174814 -0.173705 -0.022070
v 0.174830 -0.173840 -0.021740
v 0.174854 -0.174030 -0.021438
v 0.174883 -0.174269 -0.021174
v 0.174918 -0.174550 -0.020956
v 0.174956 -0.174864 -0.020791
v 0.174998 -0.175202 -0.020683
v 0.175041 -0.175554 -0.020635
v 0.175084 -0.175908 -0.020650
v 0.175127 -0.176255 -0.020727
v 0.175167 -0.176583 -0.020863
v 0.175204 -0.176882 -0.021054
v 0.175236 -0.177144 -0.021295
v 0.175263 -0.177361 -0.021578
v 0.175283 -0.177525 -0.021895
v 0.175296 -0.177632 -0.022236
v 0.175302 -0.177679 -0.022590
v 0.177089 -0.192232 -0.024851
v 0.177091 -0.192253 -0.024355
v 0.177083 -0.192187 -0.023862
v 0.177065 -0.192038 -0.023389
v 0.177037 -0.191810 -0.022948
v 0.177000 -0.191509 -0.022555
v 0.176955 -0.191145 -0.022220
v 0.176904 -0.190728 -0.021954
v 0.176848 -0.190272 -0.021765
v 0.176789 -0.189791 -0.021658
v 0.176728 -0.189298 -0.021637
v 0.176668 -0.188809 -0.021703
v 0.176611 -0.188339 -0.021853
v 0.176557 -0.187902 -0.022083
v 0.176509 -0.187512 -0.022387
v 0.176468 -0.187179 -0.022754
v 0.176436 -0.186915 -0.023173
v 0.176413 -0.186727 -0.023632
v 0.176400 -0.186622 -0.024118
v 0.176397 -0.186601 -0.024614
v 0.176405 -0.186666 -0.025106
v 0.176424 -0.186815 -0.025580
v 0.176452 -0.187044 -0.026020
v 0.176489 -0.187345 -0.026414
v 0.176533 -0.187709 -0.026749
v 0.176584 -0.188125 -0.027015
v 0.176640 -0.188581 -0.027204
v 0.176700 -0.189063 -0.027311
v 0.176760 -0.189555 -0.027331
v 0.176820 -0.190044 -0.027266
v 0.176878 -0.190514 -0.027115
v 0.176931 -0.190951 -0.026885
v 0.176979 -0.191342 -0.026582
v 0.177020 -0.191674 -0.026215
v 0.177053 -0.191938 -0.025795
v 0.177076 -0.192126 -0.025336
v 0.176992 -0.191445 -0.024748
v 0.176983 -0.191368 -0.025097
v 0.176966 -0.191233 -0.025427
v 0.176943 -0.191043 -0.025729
v 0.176913 -0.190804 -0.025993
v 0.176879 -0.190523 -0.026211
v 0.176840 -0.190209 -0.026377
v 0.176799 -0.189871 -0.026485
v 0.176756 -0.189519 -0.026532
v 0.176712 -0.189165 -0.026517
v 0.176670 -0.188819 -0.026441
v 0.176629 -0.188491 -0.026304
v 0.176593 -0.188191 -0.026113
v 0.176560 -0.187929 -0.025872
v 0.176534 -0.187713 -0.025589
v 0.176514 -0.187548 -0.025272
v 0.176500 -0.187441 -0.024932
v 0.176495 -0.187394 -0.024578
v 0.176496 -0.187409 -0.024221
v 0.176506 -0.187485 -0.023872
v 0.176522 -0.187620 -0.023541
v 0.176546 -0.187810 -0.023239
v 0.176575 -0.188049 -0.022975
v 0.176610 -0.188330 -0.022757
v 0.176648 -0.188645 -0.022592
v 0.176690 -0.188983 -0.022484
v 0.176733 -0.189334 -0.022436
v 0.176776 -0.189689 -0.022451
v 0.176819 -0.190035 -0.022528
v 0.176859 -0.190363 -0.022664
v 0.176896 -0.190662 -0.022856
v 0.176928 -0.190924 -0.023096
v 0.176955 -0.191141 -0.023380
v 0.176975 -0.191305 -0.023696
v 0.176988 -0.191412 -0.024037
v 0.176994 -0.191459 -0.024391
v 0.170996 -0.208252 -0.003373
v 0.170998 -0.208273 -0.002877
v 0.170990 -0.208207 -0.002384
v 0.170972 -0.208058 -0.001911
v 0.170944 -0.207830 -0.001471
v 0.170907 -0.207529 -0.001077
v 0.170862 -0.207165 -0.000742
v 0.170811 -0.206748 -0.000476
v 0.170755 -0.206292 -0.000287
v 0.170696 -0.205811 -0.000180
v 0.170635 -0.205318 -0.000160
v 0.170575 -0.204829 -0.000225
v 0.170518 -0.204359 -0.000376
v 0.170464 -0.203923 -0.000606
v 0.170416 -0.203532 -0.000909
v 0.170375 -0.203199 -0.001276
v 0.170343 -0.202935 -0.001695
v 0.170320 -0.202748 -0.002155
v 0.170307 -0.202642 -0.002640
v 0.170304 -0.202621 -0.003136
v 0.170312 -0.202686 -0.003629
v 0.170331 -0.202836 -0.004102
v 0.170359 -0.203064 -0.004542
v 0.170396 -0.203365 -0.004936
v 0.170440 -0.203729 -0.005271
v 0.170491 -0.204146 -0.005537
v 0.170547 -0.204601 -0.005726
v 0.170607 -0.205083 -0.005833
v 0.170667 -0.205576 -0.005854
v 0.170727 -0.206064 -0.005788
v 0.170785 -0.206534 -0.005638
v 0.170838 -0.206971 -0.005407
v 0.170886 -0.207362 -0.005104
v 0.170927 -0.207694 -0.004737
v 0.170960 -0.207959 -0.004318
v 0.170983 -0.208146 -0.003858
v 0.170899 -0.207465 -0.003270
v 0.170890 -0.207389 -0.003619
v 0.170873 -0.207254 -0.003950
v 0.170850 -0.207064 -0.004251
v 0.170820 -0.206824 -0.004515
v 0.170786 -0.206543 -0.004733
v 0.170747 -0.206229 -0.004899
v 0.170706 -0.205891 -0.005007
v 0.170663 -0.205540 -0.005054
v 0.170619 -0.205185 -0.005040
v 0.170577 -0.204839 -0.004963
v 0.170536 -0.204511 -0.004827
v 0.170499 -0.204211 -0.004635
v 0.170467 -0.203949 -0.004394
v 0.170441 -0.203733 -0.004111
v 0.170421 -0.203569 -0.003795
v 0.170407 -0.203461 -0.003454
v 0.170402 -0.203414 -0.003100
v 0.170403 -0.203429 -0.002743
v 0.170413 -0.203505 -0.002394
v 0.170429 -0.203640 -0.002063
v 0.170453 -0.203830 -0.001762
v 0.170482 -0.204069 -0.001498
v 0.170517 -0.204350 -0.001280
v 0.170555 -0.204665 -0.001114
v 0.170597 -0.205003 -0.001006
v 0.170640 -0.205354 -0.000959
v 0.170683 -0.205709 -0.000974
v 0.170726 -0.206055 -0.001050
v 0.170766 -0.206383 -0.001186
v 0.170803 -0.206683 -0.001378
v 0.170835 -0.206944 -0.001619
v 0.170862 -0.207161 -0.001902
v 0.170882 -0.207325 -0.002218
v 0.170895 -0.207433 -0.002559
v 0.170901 -0.207480 -0.002913
v 0.162559 -0.209288 -0.003373
v 0.162562 -0.209309 -0.002877
v 0.162554 -0.209243 -0.002384
v 0.162535 -0.209094 -0.001911
v 0.162507 -0.208866 -0.001471
v 0.162470 -0.208565 -0.001077
v 0.162425 -0.208201 -0.000742
v 0.162374 -0.207784 -0.000476
v 0.162318 -0.207328 -0.000287
v 0.162259 -0.206847 -0.000180
v 0.162199 -0.206354 -0.000160
v 0.162139 -0.205865 -0.000225
v 0.162081 -0.205395 -0.000376
v 0.162027 -0.204958 -0.000606
v 0.161979 -0.204568 -0.000909
v 0.161939 -0.204235 -0.001276
v 0.161906 -0.203971 -0.001695
v 0.161883 -0.203783 -0.002155
v 0.161870 -0.203678 -0.002640
v 0.170996 -0.208252 -0.003373
v 0.170998 -0.208273 -0.002877
v 0.170990 -0.208207 -0.002384
v 0.170972 -0.208058 -0.001911
v 0.170944 -0.207830 -0.001471
v 0.170907 -0.207529 -0.001077
v 0.170862 -0.207165 -0.000742
v 0.170811 -0.206748 -0.000476
v 0.170755 -0.206292 -0.000287
v 0.170696 -0.205811 -0.000180
v 0.170635 -0.205318 -0.000160
v 0.170575 -0.204829 -0.000225
v 0.170518 -0.204359 -0.000376
v 0.170464 -0.203923 -0.000606
v 0.170416 -0.203532 -0.000909
v 0.170375 -0.203199 -0.001276
v 0.170343 -0.202935 -0.001695
v 0.170320 -0.202748 -0.002155
v 0.170307 -0.202642 -0.002640
v 0.168841 -0.190706 0.010138
v 0.168844 -0.190727 0.010635
v 0.168836 -0.190662 0.011127
v 0.168817 -0.190512 0.011601
v 0.168789 -0.190284 0.012041
v 0.168752 -0.189983 0.012434
v 0.168708 -0.189619 0.012769
v 0.168657 -0.189202 0.013035
v 0.168601 -0.188747 0.013225
v 0.168542 -0.188265 0.013331
v 0.168481 -0.187772 0.013352
v 0.168421 -0.187284 0.013286
v 0.168363 -0.186814 0.013136
v 0.168310 -0.186377 0.012906
v 0.168262 -0.185986 0.012603
v 0.168221 -0.185654 0.012236
v 0.168188 -0.185389 0.011816
v 0.168165 -0.185202 0.011357
v 0.168152 -0.185096 0.010872
v 0.168150 -0.185075 0.010375
v 0.168158 -0.185140 0.009883
v 0.168176 -0.185290 0.009409
v 0.168204 -0.185518 0.008969
v 0.168241 -0.185819 0.008576
v 0.168286 -0.186183 0.008241
v 0.168337 -0.186600 0.007975
v 0.168393 -0.187056 0.007785
v 0.168452 -0.187537 0.007679
v 0.168513 -0.188030 0.007658
v 0.168573 -0.188519 0.007724
v 0.168630 -0.188988 0.007874
v 0.168684 -0.189425 0.008104
v 0.168732 -0.189816 0.008407
v 0.168773 -0.190148 0.008774
v 0.168805 -0.190413 0.009194
v 0.168828 -0.190600 0.009653
v 0.168745 -0.189919 0.010241
v 0.168735 -0.189843 0.009892
v 0.168719 -0.189708 0.009562
v 0.168695 -0.189518 0.009260
v 0.168666 -0.189279 0.008996
v 0.168631 -0.188998 0.008778
v 0.168593 -0.188683 0.008613
v 0.168551 -0.188345 0.008504
v 0.168508 -0.187994 0.008457
v 0.168465 -0.187639 0.008472
v 0.168422 -0.187293 0.008549
v 0.168382 -0.186965 0.008685
v 0.168345 -0.186665 0.008876
v 0.168313 -0.186403 0.009117
v 0.168286 -0.186187 0.009400
v 0.168266 -0.186023 0.009717
v 0.168253 -0.185915 0.010058
v 0.168247 -0.185868 0.010412
v 0.168249 -0.185883 0.010769
v 0.168258 -0.185959 0.011118
v 0.168275 -0.186094 0.011448
v 0.168298 -0.186284 0.011750
v 0.168328 -0.186524 0.012014
v 0.168362 -0.186805 0.012232
v 0.168401 -0.187119 0.012397
v 0.168442 -0.187457 0.012506
v 0.168485 -0.187808 0.012553
v 0.168529 -0.188163 0.012538
v 0.168572 -0.188509 0.012461
v 0.168612 -0.188837 0.012325
v 0.168649 -0.189137 0.012134
v 0.168681 -0.189399 0.011893
v 0.168707 -0.189615 0.011610
v 0.168727 -0.189779 0.011293
v 0.168741 -0.189887 0.010952
v 0.168746 -0.189934 0.010598
v 0.160405 -0.191742 0.010138
v 0.160407 -0.191763 0.010635
v 0.160399 -0.191697 0.011127
v 0.160381 -0.191548 0.011601
v 0.160353 -0.191320 0.012041
v 0.160316 -0.191019 0.012434
v 0.160271 -0.190655 0.012769
v 0.160220 -0.190238 0.013035
v 0.160164 -0.189782 0.013225
v 0.160105 -0.189301 0.013331
v 0.160044 -0.188808 0.013352
v 0.159984 -0.188319 0.013286
v 0.159927 -0.187849 0.013136
v 0.159873 -0.187413 0.012906
v 0.159825 -0.187022 0.012603
v 0.159784 -0.186689 0.012236
v 0.159752 -0.186425 0.011816
v 0.159729 -0.186237 0.011357
v 0.159716 -0.186132 0.010872
v 0.168841 -0.190706 0.010138
v 0.168844 -0.190727 0.010635
v 0.168836 -0.190662 0.011127
v 0.168817 -0.190512 0.011601
v 0.168789 -0.190284 0.012041
v 0.168752 -0.189983 0.012434
v 0.168708 -0.189619 0.012769
v 0.168657 -0.189202 0.013035
v 0.168601 -0.188747 0.013225
v 0.168542 -0.188265 0.013331
v 0.168481 -0.187772 0.013352
v 0.168421 -0.187284 0.013286
v 0.168363 -0.186814 0.013136
v 0.168310 -0.186377 0.012906
v 0.168262 -0.185986 0.012603
v 0.168221 -0.185654 0.012236
v 0.168188 -0.185389 0.011816
v 0.168165 -0.185202 0.011357
v 0.168152 -0.185096 0.010872
v 0.166338 -0.170319 0.001585
v 0.166341 -0.170340 0.002081
v 0.166333 -0.170274 0.002574
v 0.166314 -0.170125 0.003047
v 0.166286 -0.169897 0.003487
v 0.166249 -0.169596 0.003881
v 0.166205 -0.169232 0.004216
v 0.166153 -0.168815 0.004482
v 0.166097 -0.168359 0.004671
v 0.166038 -0.167878 0.004778
v 0.165978 -0.167385 0.004799
v 0.165918 -0.166896 0.004733
v 0.165860 -0.166426 0.004582
v 0.165806 -0.165990 0.004352
v 0.165758 -0.165599 0.004049
v 0.165718 -0.165266 0.003682
v 0.165685 -0.165002 0.003263
v 0.165662 -0.164815 0.002803
v 0.165649 -0.164709 0.002318
v 0.165647 -0.164688 0.001822
v 0.165655 -0.164753 0.001329
v 0.165673 -0.164903 0.000856
v 0.165701 -0.165131 0.000416
v 0.165738 -0.165432 0.000022
v 0.165783 -0.165796 -0.000313
v 0.165834 -0.166213 -0.000579
v 0.165890 -0.166668 -0.000768
v 0.165949 -0.167150 -0.000875
v 0.166009 -0.167643 -0.000896
v 0.166069 -0.168131 -0.000830
v 0.166127 -0.168601 -0.000680
v 0.166181 -0.169038 -0.000449
v 0.166229 -0.169429 -0.000146
v 0.166270 -0.169761 0.000221
v 0.166302 -0.170026 0.000640
v 0.166325 -0.170213 0.001100
v 0.166241 -0.169532 0.001688
v 0.166232 -0.169456 0.001339
v 0.166215 -0.169321 0.001008
v 0.166192 -0.169131 0.000707
v 0.166163 -0.168891 0.000443
v 0.166128 -0.168610 0.000225
v 0.166090 -0.168296 0.000059
v 0.166048 -0.167958 -0.000049
v 0.166005 -0.167607 -0.000096
v 0.165961 -0.167252 -0.000081
v 0.165919 -0.166906 -0.000005
v 0.165879 -0.166578 0.000131
v 0.165842 -0.166278 0.000323
v 0.165810 -0.166016 0.000564
v 0.165783 -0.165800 0.000847
v 0.165763 -0.165636 0.001163
v 0.165750 -0.165528 0.001504
v 0.165744 -0.165481 0.001858
v 0.165746 -0.165496 0.002215
v 0.165755 -0.165572 0.002564
v 0.165772 -0.165707 0.002895
v 0.165795 -0.165897 0.003196
v 0.165824 -0.166136 0.003460
v 0.165859 -0.166417 0.003678
v 0.165898 -0.166732 0.003844
v 0.165939 -0.167070 0.003952
v 0.165982 -0.167421 0.003999
v 0.166026 -0.167776 0.003984
v 0.166068 -0.168122 0.003908
v 0.166109 -0.168450 0.003772
v 0.166145 -0.168750 0.003580
v 0.166177 -0.169011 0.003339
v 0.166204 -0.169228 0.003056
v 0.166224 -0.169392 0.002740
v 0.166237 -0.169500 0.002399
v 0.166243 -0.169547 0.002045
v 0.157901 -0.171355 0.001585
v 0.157904 -0.171376 0.002081
v 0.157896 -0.171310 0.002574
v 0.157878 -0.171161 0.003047
v 0.157850 -0.170933 0.003487
v 0.157813 -0.170632 0.003881
v 0.157768 -0.170268 0.004216
v 0.157717 -0.169851 0.004482
v 0.157661 -0.169395 0.004671
v 0.157602 -0.168914 0.004778
v 0.157541 -0.168421 0.004799
v 0.157481 -0.167932 0.004733
v 0.157423 -0.167462 0.004582
v 0.157370 -0.167025 0.004352
v 0.157322 -0.166635 0.004049
v 0.157281 -0.166302 0.003682
v 0.157249 -0.166038 0.003263
v 0.157226 -0.165850 0.002803
v 0.157213 -0.165745 0.002318
v 0.166338 -0.170319 0.001585
v 0.166341 -0.170340 0.002081
v 0.166333 -0.170274 0.002574
v 0.166314 -0.170125 0.003047
v 0.166286 -0.169897 0.003487
v 0.166249 -0.169596 0.003881
v 0.166205 -0.169232 0.004216
v 0.166153 -0.168815 0.004482
v 0.166097 -0.168359 0.004671
v 0.166038 -0.167878 0.004778
v 0.165978 -0.167385 0.004799
v 0.165918 -0.166896 0.004733
v 0.165860 -0.166426 0.004582
v 0.165806 -0.165990 0.004352
v 0.165758 -0.165599 0.004049
v 0.165718 -0.165266 0.003682
v 0.165685 -0.165002 0.003263
v 0.165662 -0.164815 0.002803
v 0.165649 -0.164709 0.002318
v 0.165989 -0.167478 -0.020480
v 0.165992 -0.167499 -0.019984
v 0.165984 -0.167433 -0.019492
v 0.165965 -0.167284 -0.019018
v 0.165937 -0.167056 -0.018578
v 0.165900 -0.166755 -0.018184
v 0.165856 -0.166391 -0.017849
v 0.165805 -0.165974 -0.017583
v 0.165749 -0.165518 -0.017394
v 0.165689 -0.165037 -0.017287
v 0.165629 -0.164544 -0.017267
v 0.165569 -0.164055 -0.017332
v 0.165511 -0.163585 -0.017483
v 0.165458 -0.163148 -0.017713
v 0.165410 -0.162758 -0.018016
v 0.165369 -0.162425 -0.018383
v 0.165336 -0.162161 -0.018802
v 0.165313 -0.161973 -0.019262
v 0.165300 -0.161868 -0.019747
v 0.165298 -0.161847 -0.020243
v 0.165306 -0.161912 -0.020736
v 0.165324 -0.162061 -0.021209
v 0.165352 -0.162290 -0.021649
v 0.165389 -0.162591 -0.022043
v 0.165434 -0.162955 -0.022378
v 0.165485 -0.163371 -0.022644
v 0.165541 -0.163827 -0.022833
v 0.165600 -0.164309 -0.022940
v 0.165661 -0.164801 -0.022961
v 0.165721 -0.165290 -0.022895
v 0.165778 -0.165760 -0.022745
v 0.165832 -0.166197 -0.022514
v 0.165880 -0.166588 -0.022211
v 0.165921 -0.166920 -0.021844
v 0.165953 -0.167184 -0.021425
v 0.165976 -0.167372 -0.020965
v 0.165893 -0.166691 -0.020377
v 0.165883 -0.166614 -0.020726
v 0.165867 -0.166479 -0.021057
v 0.165843 -0.166289 -0.021359
v 0.165814 -0.166050 -0.021622
v 0.165779 -0.165769 -0.021840
v 0.165741 -0.165455 -0.022006
v 0.165699 -0.165117 -0.022114
v 0.165656 -0.164765 -0.022161
v 0.165613 -0.164411 -0.022147
v 0.165570 -0.164065 -0.022070
v 0.165530 -0.163737 -0.021934
v 0.165493 -0.163437 -0.021742
v 0.165461 -0.163175 -0.021501
v 0.165434 -0.162959 -0.021218
v 0.165414 -0.162794 -0.020902
v 0.165401 -0.162687 -0.020561
v 0.165395 -0.162640 -0.020207
v 0.165397 -0.162655 -0.019850
v 0.165406 -0.162731 -0.019501
v 0.165423 -0.162866 -0.019170
v 0.165446 -0.163056 -0.018869
v 0.165476 -0.163295 -0.018605
v 0.165510 -0.163576 -0.018387
v 0.165549 -0.163891 -0.018221
v 0.165590 -0.164229 -0.018113
v 0.165633 -0.164580 -0.018066
v 0.165677 -0.164935 -0.018081
v 0.165719 -0.165281 -0.018157
v 0.165760 -0.165609 -0.018293
v 0.165796 -0.165908 -0.018485
v 0.165829 -0.166170 -0.018726
v 0.165855 -0.166387 -0.019009
v 0.165875 -0.166551 -0.019326
v 0.165889 -0.166658 -0.019666
v 0.165894 -0.166705 -0.020020
v 0.157553 -0.168514 -0.020480
v 0.157555 -0.168534 -0.019984
v 0.157547 -0.168469 -0.019492
v 0.157529 -0.168320 -0.019018
v 0.157501 -0.168092 -0.018578
v 0.157464 -0.167791 -0.018184
v 0.157419 -0.167426 -0.017849
v 0.157368 -0.167010 -0.017583
v 0.157312 -0.166554 -0.017394
v 0.157253 -0.166073 -0.017287
v 0.157192 -0.165580 -0.017267
v 0.157132 -0.165091 -0.017332
v 0.157075 -0.164621 -0.017483
v 0.157021 -0.164184 -0.017713
v 0.156973 -0.163794 -0.018016
v 0.156932 -0.163461 -0.018383
v 0.156900 -0.163197 -0.018802
v 0.156877 -0.163009 -0.019262
v 0.156864 -0.162903 -0.019747
v 0.165989 -0.167478 -0.020480
v 0.165992 -0.167499 -0.019984
v 0.165984 -0.167433 -0.019492
v 0.165965 -0.167284 -0.019018
v 0.165937 -0.167056 -0.018578
v 0.165900 -0.166755 -0.018184
v 0.165856 -0.166391 -0.017849
v 0.165805 -0.165974 -0.017583
v 0.165749 -0.165518 -0.017394
v 0.165689 -0.165037 -0.017287
v 0.165629 -0.164544 -0.017267
v 0.165569 -0.164055 -0.017332
v 0.165511 -0.163585 -0.017483
v 0.165458 -0.163148 -0.017713
v 0.165410 -0.162758 -0.018016
v 0.165369 -0.162425 -0.018383
v 0.165336 -0.162161 -0.018802
v 0.165313 -0.161973 -0.019262
v 0.165300 -0.161868 -0.019747
v 0.168144 -0.185024 -0.033992
v 0.168146 -0.185044 -0.033495
v 0.168138 -0.184979 -0.033003
v 0.168120 -0.184830 -0.032530
v 0.168092 -0.184602 -0.032089
v 0.168055 -0.184301 -0.031696
v 0.168010 -0.183936 -0.031361
v 0.167959 -0.183520 -0.031095
v 0.167903 -0.183064 -0.030905
v 0.167844 -0.182583 -0.030799
v 0.167783 -0.182090 -0.030778
v 0.167723 -0.181601 -0.030844
v 0.167666 -0.181131 -0.030994
v 0.167612 -0.180694 -0.031224
v 0.167564 -0.180304 -0.031528
v 0.167523 -0.179971 -0.031894
v 0.167491 -0.179707 -0.032314
v 0.167468 -0.179519 -0.032773
v 0.167455 -0.179413 -0.033259
v 0.167452 -0.179393 -0.033755
v 0.167460 -0.179458 -0.034247
v 0.167478 -0.179607 -0.034721
v 0.167507 -0.179836 -0.035161
v 0.167543 -0.180137 -0.035555
v 0.167588 -0.180501 -0.035890
v 0.167639 -0.180917 -0.036156
v 0.167695 -0.181373 -0.036345
v 0.167754 -0.181855 -0.036452
v 0.167815 -0.182347 -0.036472
v 0.167875 -0.182836 -0.036406
v 0.167933 -0.183306 -0.036256
v 0.167986 -0.183743 -0.036026
v 0.168034 -0.184134 -0.035723
v 0.168075 -0.184466 -0.035356
v 0.168108 -0.184730 -0.034936
v 0.168131 -0.184918 -0.034477
v 0.168047 -0.184236 -0.033889
v 0.168038 -0.184160 -0.034238
v 0.168021 -0.184025 -0.034568
v 0.167998 -0.183835 -0.034870
v 0.167968 -0.183596 -0.035134
v 0.167934 -0.183315 -0.035352
v 0.167895 -0.183001 -0.035518
v 0.167854 -0.182663 -0.035626
v 0.167810 -0.182311 -0.035673
v 0.167767 -0.181957 -0.035658
v 0.167724 -0.181610 -0.035581
v 0.167684 -0.181283 -0.035445
v 0.167647 -0.180983 -0.035254
v 0.167615 -0.180721 -0.035013
v 0.167589 -0.180505 -0.034730
v 0.167568 -0.180340 -0.034413
v 0.167555 -0.180233 -0.034073
v 0.167550 -0.180186 -0.033718
v 0.167551 -0.180201 -0.033361
v 0.167561 -0.180277 -0.033012
v 0.167577 -0.180412 -0.032682
v 0.167601 -0.180602 -0.032380
v 0.167630 -0.180841 -0.032116
v 0.167664 -0.181122 -0.031898
v 0.167703 -0.181436 -0.031733
v 0.167745 -0.181775 -0.031625
v 0.167788 -0.182126 -0.031577
v 0.167831 -0.182480 -0.031592
v 0.167874 -0.182827 -0.031669
v 0.167914 -0.183155 -0.031805
v 0.167951 -0.183454 -0.031996
v 0.167983 -0.183716 -0.032237
v 0.168010 -0.183933 -0.032520
v 0.168030 -0.184097 -0.032837
v 0.168043 -0.184204 -0.033178
v 0.168049 -0.184251 -0.033532
v 0.159707 -0.186060 -0.033992
v 0.159709 -0.186080 -0.033495
v 0.159701 -0.186015 -0.033003
v 0.159683 -0.185866 -0.032530
v 0.159655 -0.185637 -0.032089
v 0.159618 -0.185337 -0.031696
v 0.159573 -0.184972 -0.031361
v 0.159522 -0.184556 -0.031095
v 0.159466 -0.184100 -0.030905
v 0.159407 -0.183618 -0.030799
v 0.159347 -0.183126 -0.030778
v 0.159287 -0.182637 -0.030844
v 0.159229 -0.182167 -0.030994
v 0.159175 -0.181730 -0.031224
v 0.159127 -0.181340 -0.031528
v 0.159087 -0.181007 -0.031894
v 0.159054 -0.180743 -0.032314
v 0.159031 -0.180555 -0.032773
v 0.159018 -0.180449 -0.033259
v 0.168144 -0.185024 -0.033992
v 0.168146 -0.185044 -0.033495
v 0.168138 -0.184979 -0.033003
v 0.168120 -0.184830 -0.032530
v 0.168092 -0.184602 -0.032089
v 0.168055 -0.184301 -0.031696
v 0.168010 -0.183936 -0.031361
v 0.167959 -0.183520 -0.031095
v 0.167903 -0.183064 -0.030905
v 0.167844 -0.182583 -0.030799
v 0.167783 -0.182090 -0.030778
v 0.167723 -0.181601 -0.030844
v 0.167666 -0.181131 -0.030994
v 0.167612 -0.180694 -0.031224
v 0.167564 -0.180304 -0.031528
v 0.167523 -0.179971 -0.031894
v 0.167491 -0.179707 -0.032314
v 0.167468 -0.179519 -0.032773
v 0.167455 -0.179413 -0.033259
v 0.170647 -0.205411 -0.025438
v 0.170649 -0.205432 -0.024942
v 0.170641 -0.205366 -0.024450
v 0.170623 -0.205217 -0.023976
v 0.170595 -0.204989 -0.023536
v 0.170558 -0.204688 -0.023142
v 0.170513 -0.204324 -0.022807
v 0.170462 -0.203907 -0.022541
v 0.170406 -0.203451 -0.022352
v 0.170347 -0.202970 -0.022245
v 0.170287 -0.202477 -0.022225
v 0.170227 -0.201988 -0.022290
v 0.170169 -0.201518 -0.022441
v 0.170115 -0.201081 -0.022671
v 0.170067 -0.200691 -0.022974
v 0.170026 -0.200358 -0.023341
v 0.169994 -0.200094 -0.023760
v 0.169971 -0.199906 -0.024220
v 0.169958 -0.199801 -0.024705
v 0.169955 -0.199780 -0.025201
v 0.169963 -0.199845 -0.025694
v 0.169982 -0.199994 -0.026167
v 0.170010 -0.200223 -0.026608
v 0.170047 -0.200524 -0.027001
v 0.170091 -0.200888 -0.027336
v 0.170143 -0.201304 -0.027602
v 0.170199 -0.201760 -0.027791
v 0.170258 -0.202242 -0.027898
v 0.170318 -0.202734 -0.027919
v 0.170378 -0.203223 -0.027853
v 0.170436 -0.203693 -0.027703
v 0.170490 -0.204130 -0.027472
v 0.170537 -0.204521 -0.027169
v 0.170578 -0.204853 -0.026802
v 0.170611 -0.205117 -0.026383
v 0.170634 -0.205305 -0.025924
v 0.170550 -0.204624 -0.025335
v 0.170541 -0.204547 -0.025684
v 0.170524 -0.204412 -0.026015
v 0.170501 -0.204222 -0.026317
v 0.170471 -0.203983 -0.026580
v 0.170437 -0.203702 -0.026799
v 0.170398 -0.203388 -0.026964
v 0.170357 -0.203050 -0.027072
v 0.170314 -0.202698 -0.027120
v 0.170270 -0.202344 -0.027105
v 0.170228 -0.201998 -0.027028
v 0.170187 -0.201670 -0.026892
v 0.170151 -0.201370 -0.026700
v 0.170118 -0.201108 -0.026459
v 0.170092 -0.200892 -0.026176
v 0.170072 -0.200727 -0.025860
v 0.170059 -0.200620 -0.025519
v 0.170053 -0.200573 -0.025165
v 0.170055 -0.200588 -0.024808
v 0.170064 -0.200664 -0.024459
v 0.170081 -0.200799 -0.024129
v 0.170104 -0.200989 -0.023827
v 0.170133 -0.201228 -0.023563
v 0.170168 -0.201509 -0.023345
v 0.170206 -0.201824 -0.023179
v 0.170248 -0.202162 -0.023071
v 0.170291 -0.202513 -0.023024
v 0.170334 -0.202868 -0.023039
v 0.170377 -0.203214 -0.023115
v 0.170417 -0.203542 -0.023252
v 0.170454 -0.203841 -0.023443
v 0.170486 -0.204103 -0.023684
v 0.170513 -0.204320 -0.023967
v 0.170533 -0.204484 -0.024284
v 0.170546 -0.204591 -0.024624
v 0.170552 -0.204638 -0.024978
v 0.162210 -0.206447 -0.025438
v 0.162213 -0.206467 -0.024942
v 0.162205 -0.206402 -0.024450
v 0.162186 -0.206253 -0.023976
v 0.162158 -0.206025 -0.023536
v 0.162121 -0.205724 -0.023142
v 0.162077 -0.205359 -0.022807
v 0.162025 -0.204943 -0.022541
v 0.161970 -0.204487 -0.022352
v 0.161910 -0.204006 -0.022245
v 0.161850 -0.203513 -0.022225
v 0.161790 -0.203024 -0.022290
v 0.161732 -0.202554 -0.022441
v 0.161679 -0.202117 -0.022671
v 0.161631 -0.201727 -0.022974
v 0.161590 -0.201394 -0.023341
v 0.161557 -0.201130 -0.023760
v 0.161534 -0.200942 -0.024220
v 0.161521 -0.200836 -0.024705
v 0.170647 -0.205411 -0.025438
v 0.170649 -0.205432 -0.024942
v 0.170641 -0.205366 -0.024450
v 0.170623 -0.205217 -0.023976
v 0.170595 -0.204989 -0.023536
v 0.170558 -0.204688 -0.023142
v 0.170513 -0.204324 -0.022807
v 0.170462 -0.203907 -0.022541
v 0.170406 -0.203451 -0.022352
v 0.170347 -0.202970 -0.022245
v 0.170287 -0.202477 -0.022225
v 0.170227 -0.201988 -0.022290
v 0.170169 -0.201518 -0.022441
v 0.170115 -0.201081 -0.022671
v 0.170067 -0.200691 -0.022974
v 0.170026 -0.200358 -0.023341
v 0.169994 -0.200094 -0.023760
v 0.169971 -0.199906 -0.024220
v 0.169958 -0.199801 -0.024705
v 0.181387 -0.148465 -0.007057
v 0.181546 -0.149764 -0.001098
v 0.181830 -0.152071 0.004542
v 0.182228 -0.155315 0.009694
v 0.182729 -0.159397 0.014200
v 0.183318 -0.164194 0.017923
v 0.183977 -0.169560 0.020750
v 0.184686 -0.175332 0.022596
v 0.185423 -0.181334 0.023404
v 0.186166 -0.187384 0.023149
v 0.186892 -0.193299 0.021840
v 0.187579 -0.198897 0.019516
v 0.188207 -0.204011 0.016247
v 0.188756 -0.208483 0.012134
v 0.189210 -0.212178 0.007301
v 0.189554 -0.214985 0.001895
v 0.189779 -0.216816 -0.003920
v 0.189878 -0.217618 -0.009967
v 0.189847 -0.217365 -0.016063
v 0.189687 -0.216066 -0.022022
v 0.189404 -0.213759 -0.027663
v 0.189006 -0.210515 -0.032814
v 0.188504 -0.206433 -0.037320
v 0.187915 -0.201636 -0.041043
v 0.187257 -0.196270 -0.043871
v 0.186548 -0.190498 -0.045716
v 0.185811 -0.184496 -0.046524
v 0.185068 -0.178446 -0.046269
v 0.184342 -0.172531 -0.044960
v 0.183654 -0.166932 -0.042636
v 0.183027 -0.161819 -0.039368
v 0.182477 -0.157347 -0.035254
v 0.182024 -0.153652 -0.030421
v 0.181679 -0.150845 -0.025015
v 0.181454 -0.149014 -0.019200
v 0.181356 -0.148212 -0.013153
v 0.186520 -0.190275 -0.024748
v 0.186511 -0.190199 -0.025097
v 0.186495 -0.190063 -0.025427
v 0.186471 -0.189873 -0.025729
v 0.186442 -0.189634 -0.025993
v 0.186407 -0.189353 -0.026211
v 0.186369 -0.189039 -0.026377
v 0.186327 -0.188701 -0.026485
v 0.186284 -0.188349 -0.026532
v 0.186241 -0.187995 -0.026517
v 0.186198 -0.187649 -0.026441
v 0.186158 -0.187321 -0.026304
v 0.186121 -0.187021 -0.026113
v 0.186089 -0.186759 -0.025872
v 0.186062 -0.186543 -0.025589
v 0.186042 -0.186378 -0.025272
v 0.186029 -0.186271 -0.024932
v 0.186023 -0.186224 -0.024578
v 0.186025 -0.186239 -0.024221
v 0.186034 -0.186315 -0.023872
v 0.186051 -0.186450 -0.023541
v 0.186074 -0.186640 -0.023239
v 0.186104 -0.186879 -0.022975
v 0.186138 -0.187160 -0.022757
v 0.186177 -0.187475 -0.022592
v 0.186218 -0.187813 -0.022484
v 0.186261 -0.188164 -0.022436
v 0.186305 -0.188519 -0.022451
v 0.186347 -0.188865 -0.022528
v 0.186388 -0.189193 -0.022664
v 0.186424 -0.189492 -0.022856
v 0.186457 -0.189754 -0.023096
v 0.186483 -0.189971 -0.023380
v 0.186503 -0.190135 -0.023696
v 0.186516 -0.190242 -0.024037
v 0.186522 -0.190289 -0.024391
v 0.184828 -0.176494 -0.022947
v 0.184819 -0.176418 -0.023296
v 0.184803 -0.176283 -0.023626
v 0.184779 -0.176093 -0.023928
v 0.184750 -0.175854 -0.024192
v 0.184715 -0.175573 -0.024410
v 0.184677 -0.175259 -0.024576
v 0.184635 -0.174921 -0.024684
v 0.184592 -0.174569 -0.024731
v 0.184549 -0.174215 -0.024716
v 0.184506 -0.173868 -0.024639
v 0.184466 -0.173541 -0.024503
v 0.184429 -0.173241 -0.024312
v 0.184397 -0.172979 -0.024071
v 0.184370 -0.172763 -0.023788
v 0.184350 -0.172598 -0.023471
v 0.184337 -0.172491 -0.023131
v 0.184331 -0.172444 -0.022776
v 0.184333 -0.172459 -0.022419
v 0.184342 -0.172535 -0.022070
v 0.184359 -0.172670 -0.021740
v 0.184382 -0.172860 -0.021438
v 0.184412 -0.173099 -0.021174
v 0.184446 -0.173380 -0.020956
v 0.184485 -0.173694 -0.020791
v 0.184526 -0.174033 -0.020683
v 0.184569 -0.174384 -0.020635
v 0.184613 -0.174738 -0.020650
v 0.184655 -0.175085 -0.020727
v 0.184696 -0.175413 -0.020863
v 0.184732 -0.175712 -0.021054
v 0.184765 -0.175974 -0.021295
v 0.184791 -0.176191 -0.021578
v 0.184811 -0.176355 -0.021895
v 0.184825 -0.176462 -0.022236
v 0.184830 -0.176509 -0.022590
v 0.184173 -0.171153 -0.010023
v 0.184163 -0.171076 -0.010372
v 0.184147 -0.170941 -0.010702
v 0.184123 -0.170751 -0.011004
v 0.184094 -0.170512 -0.011268
v 0.184059 -0.170231 -0.011486
v 0.184021 -0.169917 -0.011651
v 0.183979 -0.169579 -0.011760
v 0.183936 -0.169227 -0.011807
v 0.183893 -0.168873 -0.011792
v 0.183850 -0.168527 -0.011715
v 0.183810 -0.168199 -0.011579
v 0.183773 -0.167899 -0.011388
v 0.183741 -0.167637 -0.011147
v 0.183714 -0.167421 -0.010864
v 0.183694 -0.167256 -0.010547
v 0.183681 -0.167149 -0.010206
v 0.183675 -0.167102 -0.009852
v 0.183677 -0.167117 -0.009495
v 0.183686 -0.167193 -0.009146
v 0.183703 -0.167328 -0.008816
v 0.183726 -0.167518 -0.008514
v 0.183756 -0.167757 -0.008250
v 0.183790 -0.168038 -0.008032
v 0.183829 -0.168353 -0.007866
v 0.183870 -0.168691 -0.007758
v 0.183913 -0.169042 -0.007711
v 0.183957 -0.169397 -0.007726
v 0.183999 -0.169743 -0.007803
v 0.184040 -0.170071 -0.007939
v 0.184077 -0.170370 -0.008130
v 0.184109 -0.170632 -0.008371
v 0.184135 -0.170849 -0.008654
v 0.184155 -0.171013 -0.008971
v 0.184169 -0.171120 -0.009311
v 0.184174 -0.171167 -0.009666
v 0.185209 -0.179591 0.001100
v 0.185199 -0.179515 0.000751
v 0.185183 -0.179380 0.000421
v 0.185159 -0.179190 0.000119
v 0.185130 -0.178951 -0.000145
v 0.185096 -0.178670 -0.000363
v 0.185057 -0.178355 -0.000528
v 0.185015 -0.178017 -0.000636
v 0.184972 -0.177666 -0.000684
v 0.184929 -0.177311 -0.000669
v 0.184886 -0.176965 -0.000592
v 0.184846 -0.176637 -0.000456
v 0.184809 -0.176337 -0.000265
v 0.184777 -0.176076 -0.000024
v 0.184750 -0.175859 0.000259
v 0.184730 -0.175695 0.000576
v 0.184717 -0.175587 0.000917
v 0.184711 -0.175540 0.001271
v 0.184713 -0.175555 0.001628
v 0.184722 -0.175631 0.001977
v 0.184739 -0.175766 0.002307
v 0.184762 -0.175956 0.002609
v 0.184792 -0.176196 0.002873
v 0.184826 -0.176477 0.003091
v 0.184865 -0.176791 0.003257
v 0.184906 -0.177129 0.003365
v 0.184950 -0.177480 0.003412
v 0.184993 -0.177835 0.003397
v 0.185036 -0.178181 0.003320
v 0.185076 -0.178509 0.003184
v 0.185113 -0.178809 0.002993
v 0.185145 -0.179071 0.002752
v 0.185171 -0.179287 0.002469
v 0.185192 -0.179451 0.002152
v 0.185205 -0.179559 0.001812
v 0.185210 -0.179606 0.001457
v 0.186901 -0.193371 -0.000701
v 0.186891 -0.193295 -0.001050
v 0.186875 -0.193160 -0.001380
v 0.186851 -0.192970 -0.001682
v 0.186822 -0.192731 -0.001946
v 0.186788 -0.192450 -0.002164
v 0.186749 -0.192135 -0.002330
v 0.186707 -0.191797 -0.002438
v 0.186664 -0.191446 -0.002485
v 0.186621 -0.191091 -0.002470
v 0.186578 -0.190745 -0.002393
v 0.186538 -0.190417 -0.002257
v 0.186501 -0.190118 -0.002066
v 0.186469 -0.189856 -0.001825
v 0.186442 -0.189639 -0.001542
v 0.186422 -0.189475 -0.001225
v 0.186409 -0.189368 -0.000885
v 0.186403 -0.189321 -0.000530
v 0.186405 -0.189335 -0.000173
v 0.186414 -0.189412 0.000176
v 0.186431 -0.189547 0.000506
v 0.186454 -0.189737 0.000808
v 0.186484 -0.189976 0.001072
v 0.186518 -0.190257 0.001290
v 0.186557 -0.190571 0.001455
v 0.186598 -0.190909 0.001563
v 0.186642 -0.191261 0.001611
v 0.186685 -0.191615 0.001596
v 0.186728 -0.191961 0.001519
v 0.186768 -0.192289 0.001383
v 0.186805 -0.192589 0.001192
v 0.186837 -0.192851 0.000951
v 0.186863 -0.193067 0.000668
v 0.186884 -0.193232 0.000351
v 0.186897 -0.193339 0.000010
v 0.186902 -0.193386 -0.000344
v 0.187557 -0.198713 -0.013625
v 0.187547 -0.198637 -0.013974
v 0.187531 -0.198502 -0.014304
v 0.187507 -0.198312 -0.014606
v 0.187478 -0.198073 -0.014870
v 0.187443 -0.197792 -0.015088
v 0.187405 -0.197477 -0.015254
v 0.187363 -0.197139 -0.015362
v 0.187320 -0.196788 -0.015409
v 0.187277 -0.196433 -0.015394
v 0.187234 -0.196087 -0.015318
v 0.187194 -0.195759 -0.015181
v 0.187157 -0.195460 -0.014990
v 0.187125 -0.195198 -0.014749
v 0.187098 -0.194981 -0.014466
v 0.187078 -0.194817 -0.014149
v 0.187065 -0.194709 -0.013809
v 0.187059 -0.194663 -0.013455
v 0.187061 -0.194677 -0.013097
v 0.187070 -0.194753 -0.012748
v 0.187087 -0.194889 -0.012418
v 0.187110 -0.195079 -0.012116
v 0.187140 -0.195318 -0.011852
v 0.187174 -0.195599 -0.011634
v 0.187213 -0.195913 -0.011469
v 0.187254 -0.196251 -0.011361
v 0.187297 -0.196603 -0.011313
v 0.187341 -0.196957 -0.011328
v 0.187383 -0.197303 -0.011405
v 0.187424 -0.197631 -0.011541
v 0.187460 -0.197931 -0.011733
v 0.187493 -0.198193 -0.011973
v 0.187519 -0.198409 -0.012257
v 0.187539 -0.198573 -0.012573
v 0.187553 -0.198681 -0.012914
v 0.187558 -0.198728 -0.013268
v 0.184710 -0.175533 -0.010595
v 0.184745 -0.175811 -0.009318
v 0.184805 -0.176305 -0.008110
v 0.184891 -0.177001 -0.007006
v 0.184998 -0.177875 -0.006040
v 0.185124 -0.178903 -0.005242
v 0.185265 -0.180053 -0.004636
v 0.185417 -0.181290 -0.004241
v 0.185575 -0.182576 -0.004068
v 0.185734 -0.183873 -0.004122
v 0.185890 -0.185140 -0.004403
v 0.186037 -0.186340 -0.004901
v 0.186172 -0.187435 -0.005601
v 0.186290 -0.188394 -0.006483
v 0.186387 -0.189186 -0.007518
v 0.186461 -0.189787 -0.008677
v 0.186509 -0.190180 -0.009923
v 0.186530 -0.190351 -0.011219
v 0.186523 -0.190297 -0.012525
v 0.186489 -0.190019 -0.013802
v 0.186428 -0.189524 -0.015011
v 0.186343 -0.188829 -0.016115
v 0.186236 -0.187954 -0.017080
v 0.186109 -0.186927 -0.017878
v 0.185968 -0.185777 -0.018484
v 0.185816 -0.184540 -0.018879
v 0.185658 -0.183254 -0.019052
v 0.185499 -0.181957 -0.018998
v 0.185344 -0.180690 -0.018717
v 0.185196 -0.179490 -0.018219
v 0.185062 -0.178394 -0.017519
v 0.184944 -0.177436 -0.016637
v 0.184847 -0.176644 -0.015602
v 0.184773 -0.176043 -0.014443
v 0.184725 -0.175650 -0.013197
v 0.184704 -0.175479 -0.011901
v 0.188368 -0.205320 -0.003270
v 0.188358 -0.205244 -0.003619
v 0.188342 -0.205109 -0.003950
v 0.188318 -0.204919 -0.004251
v 0.188289 -0.204680 -0.004515
v 0.188255 -0.204399 -0.004733
v 0.188216 -0.204084 -0.004899
v 0.188175 -0.203746 -0.005007
v 0.188131 -0.203395 -0.005054
v 0.188088 -0.203040 -0.005040
v 0.188045 -0.202694 -0.004963
v 0.188005 -0.202366 -0.004827
v 0.187968 -0.202066 -0.004635
v 0.187936 -0.201804 -0.004394
v 0.187910 -0.201588 -0.004111
v 0.187889 -0.201424 -0.003795
v 0.187876 -0.201316 -0.003454
v 0.187870 -0.201269 -0.003100
v 0.187872 -0.201284 -0.002743
v 0.187882 -0.201360 -0.002394
v 0.187898 -0.201495 -0.002063
v 0.187922 -0.201685 -0.001762
v 0.187951 -0.201925 -0.001498
v 0.187985 -0.202206 -0.001280
v 0.188024 -0.202520 -0.001114
v 0.188065 -0.202858 -0.001006
v 0.188109 -0.203209 -0.000959
v 0.188152 -0.203564 -0.000974
v 0.188195 -0.203910 -0.001050
v 0.188235 -0.204238 -0.001186
v 0.188272 -0.204538 -0.001378
v 0.188304 -0.204800 -0.001619
v 0.188330 -0.205016 -0.001902
v 0.188351 -0.205180 -0.002218
v 0.188364 -0.205288 -0.002559
v 0.188370 -0.205335 -0.002913
v 0.186213 -0.187774 0.010241
v 0.186204 -0.187698 0.009892
v 0.186187 -0.187563 0.009562
v 0.186164 -0.187373 0.009260
v 0.186135 -0.187134 0.008996
v 0.186100 -0.186853 0.008778
v 0.186062 -0.186538 0.008613
v 0.186020 -0.186200 0.008504
v 0.185977 -0.185849 0.008457
v 0.185933 -0.185494 0.008472
v 0.185891 -0.185148 0.008549
v 0.185851 -0.184820 0.008685
v 0.185814 -0.184521 0.008876
v 0.185782 -0.184259 0.009117
v 0.185755 -0.184042 0.009400
v 0.185735 -0.183878 0.009717
v 0.185722 -0.183770 0.010058
v 0.185716 -0.183724 0.010412
v 0.185718 -0.183738 0.010769
v 0.185727 -0.183814 0.011118
v 0.185744 -0.183950 0.011448
v 0.185767 -0.184140 0.011750
v 0.185797 -0.184379 0.012014
v 0.185831 -0.184660 0.012232
v 0.185870 -0.184974 0.012397
v 0.185911 -0.185312 0.012506
v 0.185954 -0.185664 0.012553
v 0.185998 -0.186018 0.012538
v 0.186040 -0.186364 0.012461
v 0.186081 -0.186692 0.012325
v 0.186117 -0.186992 0.012134
v 0.186150 -0.187254 0.011893
v 0.186176 -0.187470 0.011610
v 0.186196 -0.187634 0.011293
v 0.186209 -0.187742 0.010952
v 0.186215 -0.187789 0.010598
v 0.183710 -0.167387 0.001688
v 0.183701 -0.167311 0.001339
v 0.183684 -0.167176 0.001008
v 0.183661 -0.166986 0.000707
v 0.183632 -0.166747 0.000443
v 0.183597 -0.166466 0.000225
v 0.183558 -0.166151 0.000059
v 0.183517 -0.165813 -0.000049
v 0.183474 -0.165462 -0.000096
v 0.183430 -0.165107 -0.000081
v 0.183388 -0.164761 -0.000005
v 0.183347 -0.164433 0.000131
v 0.183311 -0.164133 0.000323
v 0.183279 -0.163871 0.000564
v 0.183252 -0.163655 0.000847
v 0.183232 -0.163491 0.001163
v 0.183219 -0.163383 0.001504
v 0.183213 -0.163336 0.001858
v 0.183215 -0.163351 0.002215
v 0.183224 -0.163427 0.002564
v 0.183241 -0.163562 0.002895
v 0.183264 -0.163752 0.003196
v 0.183293 -0.163992 0.003460
v 0.183328 -0.164273 0.003678
v 0.183366 -0.164587 0.003844
v 0.183408 -0.164925 0.003952
v 0.183451 -0.165276 0.003999
v 0.183495 -0.165631 0.003984
v 0.183537 -0.165977 0.003908
v 0.183577 -0.166305 0.003772
v 0.183614 -0.166605 0.003580
v 0.183646 -0.166867 0.003339
v 0.183673 -0.167083 0.003056
v 0.183693 -0.167247 0.002740
v 0.183706 -0.167355 0.002399
v 0.183712 -0.167402 0.002045
v 0.183361 -0.164546 -0.020377
v 0.183352 -0.164470 -0.020726
v 0.183335 -0.164334 -0.021057
v 0.183312 -0.164144 -0.021359
v 0.183283 -0.163905 -0.021622
v 0.183248 -0.163624 -0.021840
v 0.183210 -0.163310 -0.022006
v 0.183168 -0.162972 -0.022114
v 0.183125 -0.162620 -0.022161
v 0.183081 -0.162266 -0.022147
v 0.183039 -0.161920 -0.022070
v 0.182999 -0.161592 -0.021934
v 0.182962 -0.161292 -0.021742
v 0.182930 -0.161030 -0.021501
v 0.182903 -0.160814 -0.021218
v 0.182883 -0.160649 -0.020902
v 0.182870 -0.160542 -0.020561
v 0.182864 -0.160495 -0.020207
v 0.182866 -0.160510 -0.019850
v 0.182875 -0.160586 -0.019501
v 0.182892 -0.160721 -0.019170
v 0.182915 -0.160911 -0.018869
v 0.182944 -0.161150 -0.018605
v 0.182979 -0.161431 -0.018387
v 0.183018 -0.161746 -0.018221
v 0.183059 -0.162084 -0.018113
v 0.183102 -0.162435 -0.018066
v 0.183146 -0.162790 -0.018081
v 0.183188 -0.163136 -0.018157
v 0.183229 -0.163464 -0.018293
v 0.183265 -0.163763 -0.018485
v 0.183297 -0.164025 -0.018726
v 0.183324 -0.164242 -0.019009
v 0.183344 -0.164406 -0.019326
v 0.183357 -0.164514 -0.019666
v 0.183363 -0.164560 -0.020020
v 0.185516 -0.182092 -0.033889
v 0.185506 -0.182015 -0.034238
v 0.185490 -0.181880 -0.034568
v 0.185466 -0.181690 -0.034870
v 0.185437 -0.181451 -0.035134
v 0.185403 -0.181170 -0.035352
v 0.185364 -0.180856 -0.035518
v 0.185322 -0.180518 -0.035626
v 0.185279 -0.180166 -0.035673
v 0.185236 -0.179812 -0.035658
v 0.185193 -0.179466 -0.035581
v 0.185153 -0.179138 -0.035445
v 0.185116 -0.178838 -0.035254
v 0.185084 -0.178576 -0.035013
v 0.185057 -0.178360 -0.034730
v 0.185037 -0.178195 -0.034413
v 0.185024 -0.178088 -0.034073
v 0.185018 -0.178041 -0.033718
v 0.185020 -0.178056 -0.033361
v 0.185030 -0.178132 -0.033012
v 0.185046 -0.178267 -0.032682
v 0.185069 -0.178457 -0.032380
v 0.185099 -0.178696 -0.032116
v 0.185133 -0.178977 -0.031898
v 0.185172 -0.179292 -0.031733
v 0.185213 -0.179630 -0.031625
v 0.185257 -0.179981 -0.031577
v 0.185300 -0.180336 -0.031592
v 0.185343 -0.180682 -0.031669
v 0.185383 -0.181010 -0.031805
v 0.185420 -0.181309 -0.031996
v 0.185452 -0.181571 -0.032237
v 0.185478 -0.181788 -0.032520
v 0.185499 -0.181952 -0.032837
v 0.185512 -0.182059 -0.033178
v 0.185518 -0.182106 -0.033532
v 0.188019 -0.202479 -0.025335
v 0.188010 -0.202403 -0.025684
v 0.187993 -0.202267 -0.026015
v 0.187970 -0.202077 -0.026317
v 0.187940 -0.201838 -0.026580
v 0.187906 -0.201557 -0.026799
v 0.187867 -0.201243 -0.026964
v 0.187826 -0.200905 -0.027072
v 0.187783 -0.200553 -0.027120
v 0.187739 -0.200199 -0.027105
v 0.187696 -0.199853 -0.027028
v 0.187656 -0.199525 -0.026892
v 0.187619 -0.199225 -0.026700
v 0.187587 -0.198963 -0.026459
v 0.187561 -0.198747 -0.026176
v 0.187541 -0.198582 -0.025860
v 0.187527 -0.198475 -0.025519
v 0.187522 -0.198428 -0.025165
v 0.187523 -0.198443 -0.024808
v 0.187533 -0.198519 -0.024459
v 0.187549 -0.198654 -0.024129
v 0.187573 -0.198844 -0.023827
v 0.187602 -0.199083 -0.023563
v 0.187637 -0.199364 -0.023345
v 0.187675 -0.199679 -0.023179
v 0.187717 -0.200017 -0.023071
v 0.187760 -0.200368 -0.023024
v 0.187803 -0.200723 -0.023039
v 0.187846 -0.201069 -0.023115
v 0.187886 -0.201397 -0.023252
v 0.187923 -0.201696 -0.023443
v 0.187955 -0.201958 -0.023684
v 0.187982 -0.202175 -0.023967
v 0.188002 -0.202339 -0.024284
v 0.188015 -0.202447 -0.024624
v 0.188021 -0.202493 -0.024978
v 0.170235 -0.193848 -0.024951
v 0.170238 -0.193874 -0.024319
v 0.170228 -0.193791 -0.023693
v 0.170204 -0.193601 -0.023091
v 0.170169 -0.193311 -0.022531
v 0.170122 -0.192928 -0.022030
v 0.170065 -0.192465 -0.021604
v 0.170000 -0.191935 -0.021266
v 0.169928 -0.191355 -0.021025
v 0.169853 -0.190743 -0.020889
v 0.169776 -0.190116 -0.020863
v 0.169700 -0.189494 -0.020947
v 0.169627 -0.188897 -0.021138
v 0.169558 -0.188341 -0.021431
v 0.169497 -0.187844 -0.021816
v 0.169445 -0.187421 -0.022283
v 0.169404 -0.187085 -0.022817
v 0.169375 -0.186846 -0.023401
v 0.169358 -0.186712 -0.024018
v 0.169355 -0.186686 -0.024649
v 0.169365 -0.186769 -0.025276
v 0.169389 -0.186958 -0.025878
v 0.169424 -0.187249 -0.026438
v 0.169471 -0.187632 -0.026938
v 0.169528 -0.188095 -0.027364
v 0.169593 -0.188625 -0.027703
v 0.169664 -0.189204 -0.027944
v 0.169740 -0.189817 -0.028079
v 0.169817 -0.190444 -0.028106
v 0.169893 -0.191065 -0.028022
v 0.169966 -0.191663 -0.027831
v 0.170034 -0.192219 -0.027538
v 0.170095 -0.192716 -0.027152
v 0.170147 -0.193138 -0.026686
v 0.170189 -0.193474 -0.026152
v 0.170218 -0.193713 -0.025568
v 0.170141 -0.193085 -0.024851
v 0.170128 -0.192979 -0.025336
v 0.170105 -0.192791 -0.025795
v 0.170072 -0.192527 -0.026215
v 0.170032 -0.192195 -0.026582
v 0.169984 -0.191804 -0.026885
v 0.169930 -0.191367 -0.027115
v 0.169872 -0.190897 -0.027266
v 0.169812 -0.190409 -0.027331
v 0.169752 -0.189916 -0.027311
v 0.169693 -0.189434 -0.027204
v 0.169637 -0.188978 -0.027015
v 0.169586 -0.188562 -0.026749
v 0.169541 -0.188198 -0.026414
v 0.169504 -0.187897 -0.026020
v 0.169476 -0.187668 -0.025580
v 0.169457 -0.187519 -0.025106
v 0.169449 -0.187454 -0.024614
v 0.169452 -0.187475 -0.024118
v 0.169465 -0.187580 -0.023632
v 0.169488 -0.187768 -0.023173
v 0.169520 -0.188032 -0.022754
v 0.169561 -0.188365 -0.022387
v 0.169609 -0.188755 -0.022083
v 0.169663 -0.189192 -0.021853
v 0.169721 -0.189662 -0.021703
v 0.169781 -0.190151 -0.021637
v 0.169841 -0.190644 -0.021658
v 0.169900 -0.191125 -0.021765
v 0.169956 -0.191581 -0.021954
v 0.170007 -0.191998 -0.022220
v 0.170052 -0.192362 -0.022555
v 0.170089 -0.192663 -0.022948
v 0.170117 -0.192891 -0.023389
v 0.170135 -0.193040 -0.023862
v 0.170143 -0.193106 -0.024355
v 0.160805 -0.195006 -0.024951
v 0.160809 -0.195032 -0.024319
v 0.160798 -0.194949 -0.023693
v 0.160775 -0.194759 -0.023091
v 0.160739 -0.194468 -0.022531
v 0.160692 -0.194086 -0.022030
v 0.160636 -0.193623 -0.021604
v 0.160570 -0.193093 -0.021266
v 0.160499 -0.192513 -0.021025
v 0.160424 -0.191901 -0.020889
v 0.160347 -0.191274 -0.020863
v 0.160271 -0.190652 -0.020947
v 0.160197 -0.190054 -0.021138
v 0.160129 -0.189499 -0.021431
v 0.160068 -0.189002 -0.021816
v 0.160016 -0.188579 -0.022283
v 0.159975 -0.188243 -0.022817
v 0.159946 -0.188004 -0.023401
v 0.159929 -0.187870 -0.024018
v 0.170235 -0.193848 -0.024951
v 0.170238 -0.193874 -0.024319
v 0.170228 -0.193791 -0.023693
v 0.170204 -0.193601 -0.023091
v 0.170169 -0.193311 -0.022531
v 0.170122 -0.192928 -0.022030
v 0.170065 -0.192465 -0.021604
v 0.170000 -0.191935 -0.021266
v 0.169928 -0.191355 -0.021025
v 0.169853 -0.190743 -0.020889
v 0.169776 -0.190116 -0.020863
v 0.169700 -0.189494 -0.020947
v 0.169627 -0.188897 -0.021138
v 0.169558 -0.188341 -0.021431
v 0.169497 -0.187844 -0.021816
v 0.169445 -0.187421 -0.022283
v 0.169404 -0.187085 -0.022817
v 0.169375 -0.186846 -0.023401
v 0.169358 -0.186712 -0.024018
v 0.168543 -0.180068 -0.023149
v 0.168546 -0.180094 -0.022518
v 0.168536 -0.180011 -0.021892
v 0.168512 -0.179821 -0.021290
v 0.168477 -0.179531 -0.020730
v 0.168430 -0.179148 -0.020229
v 0.168373 -0.178685 -0.019803
v 0.168308 -0.178155 -0.019465
v 0.168236 -0.177575 -0.019224
v 0.168161 -0.176963 -0.019088
v 0.168084 -0.176336 -0.019062
v 0.168008 -0.175714 -0.019146
v 0.167935 -0.175117 -0.019337
v 0.167866 -0.174561 -0.019630
v 0.167805 -0.174064 -0.020015
v 0.167753 -0.173641 -0.020482
v 0.167712 -0.173305 -0.021015
v 0.167683 -0.173066 -0.021600
v 0.167666 -0.172932 -0.022217
v 0.167663 -0.172905 -0.022848
v 0.167673 -0.172988 -0.023474
v 0.167697 -0.173178 -0.024077
v 0.167732 -0.173469 -0.024637
v 0.167779 -0.173852 -0.025137
v 0.167836 -0.174315 -0.025563
v 0.167901 -0.174844 -0.025902
v 0.167972 -0.175424 -0.026142
v 0.168048 -0.176037 -0.026278
v 0.168125 -0.176663 -0.026304
v 0.168201 -0.177285 -0.026221
v 0.168274 -0.177883 -0.026030
v 0.168342 -0.178439 -0.025737
v 0.168404 -0.178935 -0.025351
v 0.168455 -0.179358 -0.024884
v 0.168497 -0.179694 -0.024351
v 0.168526 -0.179933 -0.023767
v 0.168449 -0.179305 -0.023050
v 0.168436 -0.179199 -0.023535
v 0.168413 -0.179011 -0.023994
v 0.168380 -0.178747 -0.024414
v 0.168340 -0.178415 -0.024781
v 0.168292 -0.178024 -0.025084
v 0.168238 -0.177587 -0.025314
v 0.168180 -0.177117 -0.025464
v 0.168120 -0.176628 -0.025530
v 0.168060 -0.176136 -0.025509
v 0.168001 -0.175654 -0.025403
v 0.167945 -0.175198 -0.025214
v 0.167894 -0.174782 -0.024947
v 0.167849 -0.174418 -0.024613
v 0.167812 -0.174117 -0.024219
v 0.167784 -0.173888 -0.023779
v 0.167765 -0.173739 -0.023305
v 0.167757 -0.173674 -0.022813
v 0.167760 -0.173694 -0.022316
v 0.167773 -0.173800 -0.021831
v 0.167796 -0.173988 -0.021372
v 0.167828 -0.174252 -0.020952
v 0.167869 -0.174585 -0.020586
v 0.167917 -0.174975 -0.020282
v 0.167971 -0.175412 -0.020052
v 0.168029 -0.175882 -0.019902
v 0.168089 -0.176371 -0.019836
v 0.168149 -0.176864 -0.019857
v 0.168208 -0.177345 -0.019963
v 0.168264 -0.177801 -0.020153
v 0.168315 -0.178217 -0.020419
v 0.168360 -0.178582 -0.020754
v 0.168397 -0.178883 -0.021147
v 0.168425 -0.179111 -0.021588
v 0.168443 -0.179260 -0.022061
v 0.168451 -0.179326 -0.022553
v 0.159113 -0.181226 -0.023149
v 0.159117 -0.181252 -0.022518
v 0.159106 -0.181169 -0.021892
v 0.159083 -0.180979 -0.021290
v 0.159047 -0.180688 -0.020730
v 0.159000 -0.180306 -0.020229
v 0.158944 -0.179842 -0.019803
v 0.158878 -0.179313 -0.019465
v 0.158807 -0.178733 -0.019224
v 0.158732 -0.178120 -0.019088
v 0.158655 -0.177494 -0.019062
v 0.158579 -0.176872 -0.019146
v 0.158505 -0.176274 -0.019337
v 0.158437 -0.175719 -0.019630
v 0.158376 -0.175222 -0.020015
v 0.158324 -0.174799 -0.020482
v 0.158283 -0.174463 -0.021015
v 0.158254 -0.174224 -0.021600
v 0.158237 -0.174089 -0.022217
v 0.168543 -0.180068 -0.023149
v 0.168546 -0.180094 -0.022518
v 0.168536 -0.180011 -0.021892
v 0.168512 -0.179821 -0.021290
v 0.168477 -0.179531 -0.020730
v 0.168430 -0.179148 -0.020229
v 0.168373 -0.178685 -0.019803
v 0.168308 -0.178155 -0.019465
v 0.168236 -0.177575 -0.019224
v 0.168161 -0.176963 -0.019088
v 0.168084 -0.176336 -0.019062
v 0.168008 -0.175714 -0.019146
v 0.167935 -0.175117 -0.019337
v 0.167866 -0.174561 -0.019630
v 0.167805 -0.174064 -0.020015
v 0.167753 -0.173641 -0.020482
v 0.167712 -0.173305 -0.021015
v 0.167683 -0.173066 -0.021600
v 0.167666 -0.172932 -0.022217
v 0.167887 -0.174726 -0.010225
v 0.167890 -0.174752 -0.009594
v 0.167880 -0.174669 -0.008968
v 0.167856 -0.174479 -0.008365
v 0.167821 -0.174189 -0.007805
v 0.167774 -0.173806 -0.007305
v 0.167717 -0.173343 -0.006879
v 0.167652 -0.172813 -0.006540
v 0.167581 -0.172233 -0.006300
v 0.167505 -0.171621 -0.006164
v 0.167428 -0.170994 -0.006138
v 0.167352 -0.170372 -0.006221
v 0.167279 -0.169775 -0.006413
v 0.167210 -0.169219 -0.006705
v 0.167149 -0.168722 -0.007091
v 0.167098 -0.168299 -0.007558
v 0.167056 -0.167963 -0.008091
v 0.167027 -0.167724 -0.008675
v 0.167010 -0.167590 -0.009293
v 0.167007 -0.167564 -0.009924
v 0.167017 -0.167647 -0.010550
v 0.167041 -0.167836 -0.011153
v 0.167076 -0.168127 -0.011712
v 0.167123 -0.168510 -0.012213
v 0.167180 -0.168973 -0.012639
v 0.167245 -0.169502 -0.012978
v 0.167316 -0.170082 -0.013218
v 0.167392 -0.170695 -0.013354
v 0.167469 -0.171322 -0.013380
v 0.167545 -0.171943 -0.013297
v 0.167618 -0.172541 -0.013105
v 0.167687 -0.173097 -0.012813
v 0.167748 -0.173594 -0.012427
v 0.167800 -0.174016 -0.011960
v 0.167841 -0.174352 -0.011427
v 0.167870 -0.174591 -0.010842
v 0.167793 -0.173963 -0.010126
v 0.167780 -0.173857 -0.010611
v 0.167757 -0.173669 -0.011070
v 0.167724 -0.173405 -0.011490
v 0.167684 -0.173073 -0.011857
v 0.167636 -0.172682 -0.012160
v 0.167582 -0.172245 -0.012390
v 0.167524 -0.171775 -0.012540
v 0.167464 -0.171287 -0.012606
v 0.167404 -0.170794 -0.012585
v 0.167345 -0.170312 -0.012479
v 0.167289 -0.169856 -0.012289
v 0.167238 -0.169440 -0.012023
v 0.167193 -0.169076 -0.011688
v 0.167156 -0.168775 -0.011295
v 0.167128 -0.168546 -0.010855
v 0.167110 -0.168397 -0.010381
v 0.167102 -0.168332 -0.009889
v 0.167104 -0.168353 -0.009392
v 0.167117 -0.168458 -0.008907
v 0.167140 -0.168646 -0.008448
v 0.167173 -0.168910 -0.008028
v 0.167213 -0.169243 -0.007661
v 0.167261 -0.169633 -0.007358
v 0.167315 -0.170070 -0.007128
v 0.167373 -0.170540 -0.006978
v 0.167433 -0.171029 -0.006912
v 0.167493 -0.171522 -0.006933
v 0.167552 -0.172003 -0.007039
v 0.167608 -0.172459 -0.007228
v 0.167659 -0.172876 -0.007495
v 0.167704 -0.173240 -0.007830
v 0.167741 -0.173541 -0.008223
v 0.167769 -0.173769 -0.008663
v 0.167787 -0.173918 -0.009137
v 0.167795 -0.173984 -0.009629
v 0.158457 -0.175884 -0.010225
v 0.158461 -0.175910 -0.009594
v 0.158450 -0.175827 -0.008968
v 0.158427 -0.175637 -0.008365
v 0.158391 -0.175346 -0.007805
v 0.158344 -0.174964 -0.007305
v 0.158288 -0.174500 -0.006879
v 0.158223 -0.173971 -0.006540
v 0.158151 -0.173391 -0.006300
v 0.158076 -0.172778 -0.006164
v 0.157999 -0.172152 -0.006138
v 0.157923 -0.171530 -0.006221
v 0.157850 -0.170932 -0.006413
v 0.157781 -0.170377 -0.006705
v 0.157720 -0.169880 -0.007091
v 0.157668 -0.169457 -0.007558
v 0.157627 -0.169121 -0.008091
v 0.157598 -0.168882 -0.008675
v 0.157581 -0.168747 -0.009293
v 0.167887 -0.174726 -0.010225
v 0.167890 -0.174752 -0.009594
v 0.167880 -0.174669 -0.008968
v 0.167856 -0.174479 -0.008365
v 0.167821 -0.174189 -0.007805
v 0.167774 -0.173806 -0.007305
v 0.167717 -0.173343 -0.006879
v 0.167652 -0.172813 -0.006540
v 0.167581 -0.172233 -0.006300
v 0.167505 -0.171621 -0.006164
v 0.167428 -0.170994 -0.006138
v 0.167352 -0.170372 -0.006221
v 0.167279 -0.169775 -0.006413
v 0.167210 -0.169219 -0.006705
v 0.167149 -0.168722 -0.007091
v 0.167098 -0.168299 -0.007558
v 0.167056 -0.167963 -0.008091
v 0.167027 -0.167724 -0.008675
v 0.167010 -0.167590 -0.009293
v 0.168923 -0.183164 0.000898
v 0.168926 -0.183190 0.001529
v 0.168916 -0.183107 0.002155
v 0.168892 -0.182918 0.002758
v 0.168857 -0.182627 0.003318
v 0.168810 -0.182244 0.003818
v 0.168753 -0.181781 0.004244
v 0.168688 -0.181251 0.004583
v 0.168617 -0.180672 0.004823
v 0.168541 -0.180059 0.004959
v 0.168465 -0.179432 0.004985
v 0.168388 -0.178811 0.004902
v 0.168315 -0.178213 0.004711
v 0.168247 -0.177657 0.004418
v 0.168186 -0.177160 0.004032
v 0.168134 -0.176737 0.003565
v 0.168092 -0.176402 0.003032
v 0.168063 -0.176163 0.002448
v 0.168047 -0.176028 0.001830
v 0.168043 -0.176002 0.001199
v 0.168053 -0.176085 0.000573
v 0.168077 -0.176275 -0.000029
v 0.168112 -0.176565 -0.000589
v 0.168159 -0.176948 -0.001090
v 0.168216 -0.177411 -0.001516
v 0.168281 -0.177941 -0.001854
v 0.168353 -0.178521 -0.002095
v 0.168428 -0.179133 -0.002231
v 0.168505 -0.179760 -0.002257
v 0.168581 -0.180381 -0.002174
v 0.168654 -0.180979 -0.001982
v 0.168723 -0.181535 -0.001690
v 0.168784 -0.182032 -0.001304
v 0.168836 -0.182455 -0.000837
v 0.168877 -0.182791 -0.000304
v 0.168906 -0.183030 0.000281
v 0.168829 -0.182401 0.000997
v 0.168816 -0.182296 0.000512
v 0.168793 -0.182108 0.000053
v 0.168761 -0.181844 -0.000367
v 0.168720 -0.181511 -0.000734
v 0.168672 -0.181120 -0.001037
v 0.168618 -0.180684 -0.001267
v 0.168560 -0.180214 -0.001417
v 0.168500 -0.179725 -0.001483
v 0.168440 -0.179232 -0.001462
v 0.168381 -0.178751 -0.001356
v 0.168325 -0.178295 -0.001166
v 0.168274 -0.177878 -0.000900
v 0.168229 -0.177514 -0.000565
v 0.168192 -0.177213 -0.000172
v 0.168164 -0.176985 0.000268
v 0.168146 -0.176836 0.000742
v 0.168138 -0.176770 0.001234
v 0.168140 -0.176791 0.001731
v 0.168153 -0.176897 0.002216
v 0.168176 -0.177084 0.002675
v 0.168209 -0.177349 0.003095
v 0.168249 -0.177681 0.003462
v 0.168297 -0.178072 0.003765
v 0.168351 -0.178509 0.003995
v 0.168409 -0.178979 0.004145
v 0.168469 -0.179467 0.004211
v 0.168529 -0.179960 0.004190
v 0.168588 -0.180442 0.004084
v 0.168644 -0.180898 0.003895
v 0.168696 -0.181314 0.003628
v 0.168740 -0.181678 0.003293
v 0.168777 -0.181979 0.002900
v 0.168805 -0.182207 0.002460
v 0.168824 -0.182357 0.001986
v 0.168832 -0.182422 0.001494
v 0.159494 -0.184322 0.000898
v 0.159497 -0.184348 0.001529
v 0.159487 -0.184265 0.002155
v 0.159463 -0.184075 0.002758
v 0.159428 -0.183785 0.003318
v 0.159381 -0.183402 0.003818
v 0.159324 -0.182939 0.004244
v 0.159259 -0.182409 0.004583
v 0.159187 -0.181829 0.004823
v 0.159112 -0.181217 0.004959
v 0.159035 -0.180590 0.004985
v 0.158959 -0.179968 0.004902
v 0.158886 -0.179371 0.004711
v 0.158817 -0.178815 0.004418
v 0.158756 -0.178318 0.004032
v 0.158704 -0.177895 0.003565
v 0.158663 -0.177559 0.003032
v 0.158634 -0.177320 0.002448
v 0.158617 -0.177186 0.001830
v 0.168923 -0.183164 0.000898
v 0.168926 -0.183190 0.001529
v 0.168916 -0.183107 0.002155
v 0.168892 -0.182918 0.002758
v 0.168857 -0.182627 0.003318
v 0.168810 -0.182244 0.003818
v 0.168753 -0.181781 0.004244
v 0.168688 -0.181251 0.004583
v 0.168617 -0.180672 0.004823
v 0.168541 -0.180059 0.004959
v 0.168465 -0.179432 0.004985
v 0.168388 -0.178811 0.004902
v 0.168315 -0.178213 0.004711
v 0.168247 -0.177657 0.004418
v 0.168186 -0.177160 0.004032
v 0.168134 -0.176737 0.003565
v 0.168092 -0.176402 0.003032
v 0.168063 -0.176163 0.002448
v 0.168047 -0.176028 0.001830
v 0.170615 -0.196944 -0.000903
v 0.170618 -0.196971 -0.000272
v 0.170608 -0.196887 0.000354
v 0.170584 -0.196698 0.000956
v 0.170549 -0.196407 0.001516
v 0.170502 -0.196024 0.002017
v 0.170445 -0.195561 0.002443
v 0.170380 -0.195032 0.002782
v 0.170309 -0.194452 0.003022
v 0.170233 -0.193839 0.003158
v 0.170157 -0.193213 0.003184
v 0.170080 -0.192591 0.003101
v 0.170007 -0.191993 0.002909
v 0.169939 -0.191437 0.002617
v 0.169878 -0.190941 0.002231
v 0.169826 -0.190518 0.001764
v 0.169784 -0.190182 0.001231
v 0.169755 -0.189943 0.000646
v 0.169739 -0.189808 0.000029
v 0.169735 -0.189782 -0.000602
v 0.169745 -0.189865 -0.001228
v 0.169769 -0.190055 -0.001831
v 0.169804 -0.190345 -0.002391
v 0.169851 -0.190728 -0.002891
v 0.169908 -0.191191 -0.003317
v 0.169973 -0.191721 -0.003656
v 0.170045 -0.192301 -0.003896
v 0.170120 -0.192913 -0.004032
v 0.170197 -0.193540 -0.004058
v 0.170273 -0.194162 -0.003975
v 0.170346 -0.194759 -0.003784
v 0.170415 -0.195315 -0.003491
v 0.170476 -0.195812 -0.003105
v 0.170528 -0.196235 -0.002638
v 0.170569 -0.196571 -0.002105
v 0.170598 -0.196810 -0.001521
v 0.170521 -0.196182 -0.000804
v 0.170508 -0.196076 -0.001289
v 0.170485 -0.195888 -0.001748
v 0.170453 -0.195624 -0.002168
v 0.170412 -0.195291 -0.002535
v 0.170364 -0.194901 -0.002838
v 0.170310 -0.194464 -0.003068
v 0.170252 -0.193994 -0.003218
v 0.170192 -0.193505 -0.003284
v 0.170132 -0.193012 -0.003263
v 0.170073 -0.192531 -0.003157
v 0.170017 -0.192075 -0.002968
v 0.169966 -0.191658 -0.002701
v 0.169921 -0.191294 -0.002366
v 0.169884 -0.190993 -0.001973
v 0.169856 -0.190765 -0.001533
v 0.169838 -0.190616 -0.001059
v 0.169830 -0.190550 -0.000567
v 0.169832 -0.190571 -0.000070
v 0.169845 -0.190677 0.000415
v 0.169868 -0.190865 0.000874
v 0.169901 -0.191129 0.001294
v 0.169941 -0.191461 0.001661
v 0.169989 -0.191852 0.001964
v 0.170043 -0.192289 0.002194
v 0.170101 -0.192759 0.002344
v 0.170161 -0.193248 0.002410
v 0.170221 -0.193740 0.002389
v 0.170280 -0.194222 0.002283
v 0.170336 -0.194678 0.002093
v 0.170388 -0.195094 0.001827
v 0.170432 -0.195458 0.001492
v 0.170469 -0.195759 0.001099
v 0.170497 -0.195988 0.000659
v 0.170516 -0.196137 0.000185
v 0.170524 -0.196202 -0.000307
v 0.161186 -0.198102 -0.000903
v 0.161189 -0.198128 -0.000272
v 0.161179 -0.198045 0.000354
v 0.161155 -0.197856 0.000956
v 0.161120 -0.197565 0.001516
v 0.161073 -0.197182 0.002017
v 0.161016 -0.196719 0.002443
v 0.160951 -0.196189 0.002782
v 0.160879 -0.195609 0.003022
v 0.160804 -0.194997 0.003158
v 0.160727 -0.194370 0.003184
v 0.160651 -0.193749 0.003101
v 0.160578 -0.193151 0.002909
v 0.160509 -0.192595 0.002617
v 0.160448 -0.192098 0.002231
v 0.160396 -0.191675 0.001764
v 0.160355 -0.191339 0.001231
v 0.160326 -0.191101 0.000646
v 0.160309 -0.190966 0.000029
v 0.170615 -0.196944 -0.000903
v 0.170618 -0.196971 -0.000272
v 0.170608 -0.196887 0.000354
v 0.170584 -0.196698 0.000956
v 0.170549 -0.196407 0.001516
v 0.170502 -0.196024 0.002017
v 0.170445 -0.195561 0.002443
v 0.170380 -0.195032 0.002782
v 0.170309 -0.194452 0.003022
v 0.170233 -0.193839 0.003158
v 0.170157 -0.193213 0.003184
v 0.170080 -0.192591 0.003101
v 0.170007 -0.191993 0.002909
v 0.169939 -0.191437 0.002617
v 0.169878 -0.190941 0.002231
v 0.169826 -0.190518 0.001764
v 0.169784 -0.190182 0.001231
v 0.169755 -0.189943 0.000646
v 0.169739 -0.189808 0.000029
v 0.171271 -0.202286 -0.013828
v 0.171274 -0.202312 -0.013196
v 0.171264 -0.202229 -0.012570
v 0.171240 -0.202040 -0.011968
v 0.171205 -0.201749 -0.011408
v 0.171158 -0.201366 -0.010907
v 0.171101 -0.200903 -0.010481
v 0.171036 -0.200373 -0.010143
v 0.170965 -0.199794 -0.009902
v 0.170889 -0.199181 -0.009766
v 0.170812 -0.198554 -0.009740
v 0.170736 -0.197933 -0.009824
v 0.170663 -0.197335 -0.010015
v 0.170594 -0.196779 -0.010308
v 0.170533 -0.196282 -0.010693
v 0.170482 -0.195860 -0.011160
v 0.170440 -0.195524 -0.011693
v 0.170411 -0.195285 -0.012278
v 0.170394 -0.195150 -0.012895
v 0.170391 -0.195124 -0.013526
v 0.170401 -0.195207 -0.014153
v 0.170425 -0.195397 -0.014755
v 0.170460 -0.195687 -0.015315
v 0.170507 -0.196070 -0.015815
v 0.170564 -0.196533 -0.016241
v 0.170629 -0.197063 -0.016580
v 0.170700 -0.197643 -0.016821
v 0.170776 -0.198255 -0.016956
v 0.170853 -0.198882 -0.016982
v 0.170929 -0.199504 -0.016899
v 0.171002 -0.200101 -0.016708
v 0.171071 -0.200657 -0.016415
v 0.171132 -0.201154 -0.016029
v 0.171184 -0.201577 -0.015563
v 0.171225 -0.201913 -0.015029
v 0.171254 -0.202152 -0.014445
v 0.171177 -0.201523 -0.013728
v 0.171164 -0.201418 -0.014213
v 0.171141 -0.201230 -0.014672
v 0.171108 -0.200966 -0.015092
v 0.171068 -0.200633 -0.015459
v 0.171020 -0.200243 -0.015762
v 0.170966 -0.199806 -0.015992
v 0.170908 -0.199336 -0.016143
v 0.170848 -0.198847 -0.016208
v 0.170788 -0.198354 -0.016188
v 0.170729 -0.197873 -0.016081
v 0.170673 -0.197417 -0.015892
v 0.170622 -0.197000 -0.015626
v 0.170577 -0.196636 -0.015291
v 0.170540 -0.196335 -0.014897
v 0.170512 -0.196107 -0.014457
v 0.170494 -0.195958 -0.013983
v 0.170486 -0.195892 -0.013491
v 0.170488 -0.195913 -0.012995
v 0.170501 -0.196019 -0.012509
v 0.170524 -0.196207 -0.012050
v 0.170557 -0.196471 -0.011631
v 0.170597 -0.196803 -0.011264
v 0.170645 -0.197194 -0.010960
v 0.170699 -0.197631 -0.010730
v 0.170757 -0.198101 -0.010580
v 0.170817 -0.198589 -0.010514
v 0.170877 -0.199082 -0.010535
v 0.170936 -0.199564 -0.010642
v 0.170992 -0.200020 -0.010831
v 0.171043 -0.200436 -0.011097
v 0.171088 -0.200800 -0.011432
v 0.171125 -0.201101 -0.011825
v 0.171153 -0.201330 -0.012266
v 0.171171 -0.201479 -0.012739
v 0.171179 -0.201544 -0.013232
v 0.161841 -0.203444 -0.013828
v 0.161845 -0.203470 -0.013196
v 0.161834 -0.203387 -0.012570
v 0.161811 -0.203197 -0.011968
v 0.161775 -0.202907 -0.011408
v 0.161728 -0.202524 -0.010907
v 0.161672 -0.202061 -0.010481
v 0.161607 -0.201531 -0.010143
v 0.161535 -0.200951 -0.009902
v 0.161460 -0.200339 -0.009766
v 0.161383 -0.199712 -0.009740
v 0.161307 -0.199091 -0.009824
v 0.161233 -0.198493 -0.010015
v 0.161165 -0.197937 -0.010308
v 0.161104 -0.197440 -0.010693
v 0.161052 -0.197017 -0.011160
v 0.161011 -0.196681 -0.011693
v 0.160982 -0.196442 -0.012278
v 0.160965 -0.196308 -0.012895
v 0.171271 -0.202286 -0.013828
v 0.171274 -0.202312 -0.013196
v 0.171264 -0.202229 -0.012570
v 0.171240 -0.202040 -0.011968
v 0.171205 -0.201749 -0.011408
v 0.171158 -0.201366 -0.010907
v 0.171101 -0.200903 -0.010481
v 0.171036 -0.200373 -0.010143
v 0.170965 -0.199794 -0.009902
v 0.170889 -0.199181 -0.009766
v 0.170812 -0.198554 -0.009740
v 0.170736 -0.197933 -0.009824
v 0.170663 -0.197335 -0.010015
v 0.170594 -0.196779 -0.010308
v 0.170533 -0.196282 -0.010693
v 0.170482 -0.195860 -0.011160
v 0.170440 -0.195524 -0.011693
v 0.170411 -0.195285 -0.012278
v 0.170394 -0.195150 -0.012895
f 4 21 3
f 4 22 21
f 5 23 22
f 5 24 23
f 5 22 4
f 6 24 5
f 7 25 24
f 7 24 6
f 8 26 25
f 8 27 26
f 8 25 7
f 9 27 8
f 10 28 27
f 10 27 9
f 11 29 28
f 11 28 10
f 12 30 29
f 12 29 11
f 13 31 30
f 13 30 12
f 14 32 31
f 14 33 32
f 14 31 13
f 15 33 14
f 16 34 33
f 16 33 15
f 17 35 34
f 17 34 16
f 18 35 17
f 18 36 35
f 19 36 18
f 19 37 36
f 19 38 37
f 20 38 19
f 2 38 20
f 2 1 38
f 42 59 41
f 42 60 59
f 43 61 60
f 43 62 61
f 43 60 42
f 44 62 43
f 45 63 62
f 45 62 44
f 46 64 63
f 46 65 64
f 46 63 45
f 47 65 46
f 48 66 65
f 48 65 47
f 49 67 66
f 49 66 48
f 50 68 67
f 50 67 49
f 51 69 68
f 51 68 50
f 52 70 69
f 52 71 70
f 52 69 51
f 53 71 52
f 54 72 71
f 54 71 53
f 55 73 72
f 55 72 54
f 56 73 55
f 56 74 73
f 57 74 56
f 57 75 74
f 57 76 75
f 58 76 57
f 40 76 58
f 40 39 76
f 80 97 79
f 80 98 97
f 81 99 98
f 81 100 99
f 81 98 80
f 82 100 81
f 83 101 100
f 83 100 82
f 84 102 101
f 84 103 102
f 84 101 83
f 85 103 84
f 86 104 103
f 86 103 85
f 87 105 104
f 87 104 86
f 88 106 105
f 88 105 87
f 89 107 106
f 89 106 88
f 90 108 107
f 90 109 108
f 90 107 89
f 91 109 90
f 92 110 109
f 92 109 91
f 93 111 110
f 93 110 92
f 94 111 93
f 94 112 111
f 95 112 94
f 95 113 112
f 95 114 113
f 96 114 95
f 78 114 96
f 78 77 114
f 118 135 117
f 118 136 135
f 119 137 136
f 119 138 137
f 119 136 118
f 120 138 119
f 121 139 138
f 121 138 120
f 122 140 139
f 122 141 140
f 122 139 121
f 123 141 122
f 124 142 141
f 124 141 123
f 125 143 142
f 125 142 124
f 126 144 143
f 126 143 125
f 127 145 144
f 127 144 126
f 128 146 145
f 128 147 146
f 128 145 127
f 129 147 128
f 130 148 147
f 130 147 129
f 131 149 148
f 131 148 130
f 132 149 131
f 132 150 149
f 133 150 132
f 133 151 150
f 133 152 151
f 134 152 133
f 116 152 134
f 116 115 152
f 156 173 155
f 156 174 173
f 157 175 174
f 157 176 175
f 157 174 156
f 158 176 157
f 159 177 176
f 159 176 158
f 160 178 177
f 160 179 178
f 160 177 159
f 161 179 160
f 162 180 179
f 162 179 161
f 163 181 180
f 163 180 162
f 164 182 181
f 164 181 163
f 165 183 182
f 165 182 164
f 166 184 183
f 166 185 184
f 166 183 165
f 167 185 166
f 168 186 185
f 168 185 167
f 169 187 186
f 169 186 168
f 170 187 169
f 170 188 187
f 171 188 170
f 171 189 188
f 171 190 189
f 172 190 171
f 154 190 172
f 154 153 190
f 194 211 193
f 194 212 211
f 195 213 212
f 195 214 213
f 195 212 194
f 196 214 195
f 197 215 214
f 197 214 196
f 198 216 215
f 198 217 216
f 198 215 197
f 199 217 198
f 200 218 217
f 200 217 199
f 201 219 218
f 201 218 200
f 202 220 219
f 202 219 201
f 203 221 220
f 203 220 202
f 204 222 221
f 204 223 222
f 204 221 203
f 205 223 204
f 206 224 223
f 206 223 205
f 207 225 224
f 207 224 206
f 208 225 207
f 208 226 225
f 209 226 208
f 209 227 226
f 209 228 227
f 210 228 209
f 192 228 210
f 192 191 228
f 231 250 249
f 232 250 231
f 233 251 250
f 233 252 251
f 233 250 232
f 234 252 233
f 235 253 252
f 235 254 253
f 235 252 234
f 236 254 235
f 237 255 254
f 237 254 236
f 238 256 255
f 238 255 237
f 239 257 256
f 239 256 238
f 240 258 257
f 240 257 239
f 241 259 258
f 241 258 240
f 242 260 259
f 242 261 260
f 242 259 241
f 243 261 242
f 244 262 261
f 244 261 243
f 245 263 262
f 245 264 263
f 245 262 244
f 246 264 245
f 247 264 246
f 247 265 264
f 248 265 247
f 248 266 265
f 230 266 248
f 230 229 266
f 269 288 287
f 270 288 269
f 271 289 288
f 271 290 289
f 271 288 270
f 272 290 271
f 273 291 290
f 273 292 291
f 273 290 272
f 274 292 273
f 275 293 292
f 275 292 274
f 276 294 293
f 276 293 275
f 277 295 294
f 277 294 276
f 278 296 295
f 278 295 277
f 279 297 296
f 279 296 278
f 280 298 297
f 280 299 298
f 280 297 279
f 281 299 280
f 282 300 299
f 282 299 281
f 283 301 300
f 283 302 301
f 283 300 282
f 284 302 283
f 285 302 284
f 285 303 302
f 286 303 285
f 286 304 303
f 268 304 286
f 268 267 304
f 307 326 325
f 308 326 307
f 309 327 326
f 309 328 327
f 309 326 308
f 310 328 309
f 311 329 328
f 311 330 329
f 311 328 310
f 312 330 311
f 313 331 330
f 313 330 312
f 314 332 331
f 314 331 313
f 315 333 332
f 315 332 314
f 316 334 333
f 316 333 315
f 317 335 334
f 317 334 316
f 318 336 335
f 318 337 336
f 318 335 317
f 319 337 318
f 320 338 337
f 320 337 319
f 321 339 338
f 321 340 339
f 321 338 320
f 322 340 321
f 323 340 322
f 323 341 340
f 324 341 323
f 324 342 341
f 306 342 324
f 306 305 342
f 345 364 363
f 346 364 345
f 347 365 364
f 347 366 365
f 347 364 346
f 348 366 347
f 349 367 366
f 349 368 367
f 349 366 348
f 350 368 349
f 351 369 368
f 351 368 350
f 352 370 369
f 352 369 351
f 353 371 370
f 353 370 352
f 354 372 371
f 354 371 353
f 355 373 372
f 355 372 354
f 356 374 373
f 356 375 374
f 356 373 355
f 357 375 356
f 358 376 375
f 358 375 357
f 359 377 376
f 359 378 377
f 359 376 358
f 360 378 359
f 361 378 360
f 361 379 378
f 362 379 361
f 362 380 379
f 344 380 362
f 344 343 380
f 383 402 401
f 384 402 383
f 385 403 402
f 385 404 403
f 385 402 384
f 386 404 385
f 387 405 404
f 387 406 405
f 387 404 386
f 388 406 387
f 389 407 406
f 389 406 388
f 390 408 407
f 390 407 389
f 391 409 408
f 391 408 390
f 392 410 409
f 392 409 391
f 393 411 410
f 393 410 392
f 394 412 411
f 394 413 412
f 394 411 393
f 395 413 394
f 396 414 413
f 396 413 395
f 397 415 414
f 397 416 415
f 397 414 396
f 398 416 397
f 399 416 398
f 399 417 416
f 400 417 399
f 400 418 417
f 382 418 400
f 382 381 418
f 421 440 439
f 422 440 421
f 423 441 440
f 423 442 441
f 423 440 422
f 424 442 423
f 425 443 442
f 425 444 443
f 425 442 424
f 426 444 425
f 427 445 444
f 427 444 426
f 428 446 445
f 428 445 427
f 429 447 446
f 429 446 428
f 430 448 447
f 430 447 429
f 431 449 448
f 431 448 430
f 432 450 449
f 432 451 450
f 432 449 431
f 433 451 432
f 434 452 451
f 434 451 433
f 435 453 452
f 435 454 453
f 435 452 434
f 436 454 435
f 437 454 436
f 437 455 454
f 438 455 437
f 438 456 455
f 420 456 438
f 420 419 456
f 460 477 459
f 460 494 477
f 461 493 494
f 461 494 460
f 462 492 493
f 462 493 461
f 463 491 492
f 463 492 462
f 464 490 491
f 464 491 463
f 465 489 490
f 465 490 464
f 466 488 489
f 466 489 465
f 467 487 488
f 467 488 466
f 468 486 487
f 468 487 467
f 469 485 486
f 469 486 468
f 470 484 485
f 470 485 469
f 471 483 484
f 471 484 470
f 472 482 483
f 472 483 471
f 473 481 482
f 473 482 472
f 474 481 473
f 474 480 481
f 475 480 474
f 475 479 480
f 476 479 475
f 476 478 479
f 458 478 476
f 458 457 478
f 516 513 512
f 516 515 513
f 517 512 511
f 517 516 512
f 518 511 510
f 518 517 511
f 519 510 509
f 519 518 510
f 520 509 508
f 520 519 509
f 521 508 507
f 521 520 508
f 522 507 506
f 522 521 507
f 523 506 505
f 523 522 506
f 524 505 504
f 524 523 505
f 525 504 503
f 525 524 504
f 526 502 501
f 526 503 502
f 526 525 503
f 527 526 501
f 528 501 500
f 528 527 501
f 529 500 499
f 529 528 500
f 530 529 499
f 530 499 498
f 531 530 498
f 531 498 497
f 532 496 495
f 532 497 496
f 532 531 497
f 514 532 495
f 551 553 552
f 551 570 553
f 550 569 570
f 550 570 551
f 549 568 569
f 549 569 550
f 548 567 568
f 548 568 549
f 547 566 567
f 547 567 548
f 546 565 566
f 546 566 547
f 545 564 565
f 545 565 546
f 544 563 564
f 544 564 545
f 543 562 563
f 543 563 544
f 542 561 562
f 542 562 543
f 541 560 561
f 541 561 542
f 540 559 560
f 540 560 541
f 539 558 559
f 539 559 540
f 538 557 558
f 538 558 539
f 537 557 538
f 537 556 557
f 536 556 537
f 536 555 556
f 535 555 536
f 535 533 554
f 535 554 555
f 534 533 535
f 589 591 590
f 589 608 591
f 588 607 608
f 588 608 589
f 587 606 607
f 587 607 588
f 586 605 606
f 586 606 587
f 585 604 605
f 585 605 586
f 584 603 604
f 584 604 585
f 583 602 603
f 583 603 584
f 582 601 602
f 582 602 583
f 581 600 601
f 581 601 582
f 580 599 600
f 580 600 581
f 579 598 599
f 579 599 580
f 578 597 598
f 578 598 579
f 577 596 597
f 577 597 578
f 576 595 596
f 576 596 577
f 575 595 576
f 575 594 595
f 574 594 575
f 574 593 594
f 573 593 574
f 573 571 592
f 573 592 593
f 572 571 573
f 627 629 628
f 627 646 629
f 626 645 646
f 626 646 627
f 625 644 645
f 625 645 626
f 624 643 644
f 624 644 625
f 623 642 643
f 623 643 624
f 622 641 642
f 622 642 623
f 621 640 641
f 621 641 622
f 620 639 640
f 620 640 621
f 619 638 639
f 619 639 620
f 618 637 638
f 618 638 619
f 617 635 636
f 617 636 637
f 617 637 618
f 616 635 617
f 615 633 634
f 615 634 635
f 615 635 616
f 614 633 615
f 613 633 614
f 613 631 632
f 613 632 633
f 612 631 613
f 611 631 612
f 611 630 631
f 610 630 611
f 610 609 630
f 665 667 666
f 665 684 667
f 664 683 684
f 664 684 665
f 663 682 683
f 663 683 664
f 662 681 682
f 662 682 663
f 661 680 681
f 661 681 662
f 660 679 680
f 660 680 661
f 659 678 679
f 659 679 660
f 658 677 678
f 658 678 659
f 657 676 677
f 657 677 658
f 656 675 676
f 656 676 657
f 655 674 675
f 655 675 656
f 654 673 674
f 654 674 655
f 653 672 673
f 653 673 654
f 652 671 672
f 652 672 653
f 651 671 652
f 651 670 671
f 650 670 651
f 650 669 670
f 649 669 650
f 649 647 668
f 649 668 669
f 648 647 649
f 703 705 704
f 703 722 705
f 702 721 722
f 702 722 703
f 701 720 721
f 701 721 702
f 700 719 720
f 700 720 701
f 699 718 719
f 699 719 700
f 698 717 718
f 698 718 699
f 697 716 717
f 697 717 698
f 696 715 716
f 696 716 697
f 695 714 715
f 695 715 696
f 694 713 714
f 694 714 695
f 693 712 713
f 693 713 694
f 692 711 712
f 692 712 693
f 691 710 711
f 691 711 692
f 690 709 710
f 690 710 691
f 689 709 690
f 689 708 709
f 688 708 689
f 688 707 708
f 687 707 688
f 687 685 706
f 687 706 707
f 686 685 687
f 741 743 742
f 741 760 743
f 740 759 760
f 740 760 741
f 739 758 759
f 739 759 740
f 738 757 758
f 738 758 739
f 737 756 757
f 737 757 738
f 736 755 756
f 736 756 737
f 735 754 755
f 735 755 736
f 734 753 754
f 734 754 735
f 733 752 753
f 733 753 734
f 732 751 752
f 732 752 733
f 731 750 751
f 731 751 732
f 730 748 749
f 730 749 750
f 730 750 731
f 729 748 730
f 728 747 748
f 728 748 729
f 727 747 728
f 727 746 747
f 726 746 727
f 726 744 745
f 726 745 746
f 725 744 726
f 725 723 744
f 724 723 725
f 779 781 780
f 779 798 781
f 778 797 798
f 778 798 779
f 777 796 797
f 777 797 778
f 776 795 796
f 776 796 777
f 775 794 795
f 775 795 776
f 774 793 794
f 774 794 775
f 773 792 793
f 773 793 774
f 772 791 792
f 772 792 773
f 771 790 791
f 771 791 772
f 770 789 790
f 770 790 771
f 769 788 789
f 769 789 770
f 768 787 788
f 768 788 769
f 767 786 787
f 767 787 768
f 766 785 786
f 766 786 767
f 765 785 766
f 765 784 785
f 764 784 765
f 764 783 784
f 763 782 783
f 763 783 764
f 762 782 763
f 762 761 782
f 817 819 818
f 817 836 819
f 816 835 836
f 816 836 817
f 815 834 835
f 815 835 816
f 814 833 834
f 814 834 815
f 813 832 833
f 813 833 814
f 812 831 832
f 812 832 813
f 811 830 831
f 811 831 812
f 810 829 830
f 810 830 811
f 809 828 829
f 809 829 810
f 808 827 828
f 808 828 809
f 807 826 827
f 807 827 808
f 806 825 826
f 806 826 807
f 805 824 825
f 805 825 806
f 804 823 824
f 804 824 805
f 803 823 804
f 803 822 823
f 802 822 803
f 802 821 822
f 801 820 821
f 801 821 802
f 800 820 801
f 800 799 820
f 855 857 856
f 855 874 857
f 854 873 874
f 854 874 855
f 853 872 873
f 853 873 854
f 852 871 872
f 852 872 853
f 851 870 871
f 851 871 852
f 850 869 870
f 850 870 851
f 849 868 869
f 849 869 850
f 848 867 868
f 848 868 849
f 847 866 867
f 847 867 848
f 846 865 866
f 846 866 847
f 845 864 865
f 845 865 846
f 844 863 864
f 844 864 845
f 843 862 863
f 843 863 844
f 842 861 862
f 842 862 843
f 841 861 842
f 841 860 861
f 840 860 841
f 840 859 860
f 839 858 859
f 839 859 840
f 838 858 839
f 838 837 858
f 893 895 894
f 893 912 895
f 892 911 912
f 892 912 893
f 891 910 911
f 891 911 892
f 890 909 910
f 890 910 891
f 889 908 909
f 889 909 890
f 888 907 908
f 888 908 889
f 887 906 907
f 887 907 888
f 886 905 906
f 886 906 887
f 885 904 905
f 885 905 886
f 884 903 904
f 884 904 885
f 883 902 903
f 883 903 884
f 882 901 902
f 882 902 883
f 881 900 901
f 881 901 882
f 880 899 900
f 880 900 881
f 879 899 880
f 879 898 899
f 878 898 879
f 878 897 898
f 877 896 897
f 877 897 878
f 876 896 877
f 876 875 896
f 931 933 932
f 931 950 933
f 930 949 950
f 930 950 931
f 929 948 949
f 929 949 930
f 928 947 948
f 928 948 929
f 927 946 947
f 927 947 928
f 926 945 946
f 926 946 927
f 925 944 945
f 925 945 926
f 924 943 944
f 924 944 925
f 923 942 943
f 923 943 924
f 922 941 942
f 922 942 923
f 921 940 941
f 921 941 922
f 920 939 940
f 920 940 921
f 919 938 939
f 919 939 920
f 918 937 938
f 918 938 919
f 917 937 918
f 917 936 937
f 916 936 917
f 916 935 936
f 915 934 935
f 915 935 916
f 914 934 915
f 914 913 934
f 969 971 970
f 969 988 971
f 968 987 988
f 968 988 969
f 967 986 987
f 967 987 968
f 966 985 986
f 966 986 967
f 965 984 985
f 965 985 966
f 964 983 984
f 964 984 965
f 963 982 983
f 963 983 964
f 962 981 982
f 962 982 963
f 961 980 981
f 961 981 962
f 960 979 980
f 960 980 961
f 959 978 979
f 959 979 960
f 958 977 978
f 958 978 959
f 957 976 977
f 957 977 958
f 956 975 976
f 956 976 957
f 955 975 956
f 955 974 975
f 954 974 955
f 954 973 974
f 953 972 973
f 953 973 954
f 952 972 953
f 952 951 972
f 1008 1010 1009
f 1007 1011 1010
f 1007 1010 1008
f 1006 1012 1011
f 1006 1011 1007
f 1005 1013 1012
f 1005 1012 1006
f 1004 1014 1013
f 1004 1013 1005
f 1003 1015 1014
f 1003 1014 1004
f 1002 1016 1015
f 1002 1015 1003
f 1001 1017 1016
f 1001 1016 1002
f 1000 1018 1017
f 1000 1017 1001
f 999 1019 1018
f 999 1018 1000
f 998 1020 1019
f 998 1019 999
f 997 1021 1020
f 997 1020 998
f 996 1022 1021
f 996 1021 997
f 995 1023 1022
f 995 1022 996
f 994 1024 1023
f 994 1023 995
f 993 1024 994
f 992 1024 993
f 992 1025 1024
f 992 1026 1025
f 991 1026 992
f 990 1026 991
f 990 989 1026
f 1046 1048 1047
f 1045 1049 1048
f 1045 1048 1046
f 1044 1050 1049
f 1044 1049 1045
f 1043 1051 1050
f 1043 1050 1044
f 1042 1052 1051
f 1042 1051 1043
f 1041 1053 1052
f 1041 1052 1042
f 1040 1054 1053
f 1040 1053 1041
f 1039 1055 1054
f 1039 1054 1040
f 1038 1056 1055
f 1038 1055 1039
f 1037 1057 1056
f 1037 1056 1038
f 1036 1058 1057
f 1036 1057 1037
f 1035 1059 1058
f 1035 1058 1036
f 1034 1060 1059
f 1034 1059 1035
f 1033 1061 1060
f 1033 1060 1034
f 1032 1062 1061
f 1032 1061 1033
f 1031 1062 1032
f 1030 1062 1031
f 1030 1063 1062
f 1030 1064 1063
f 1029 1064 1030
f 1028 1064 1029
f 1028 1027 1064
f 1084 1086 1085
f 1083 1087 1086
f 1083 1086 1084
f 1082 1088 1087
f 1082 1087 1083
f 1081 1089 1088
f 1081 1088 1082
f 1080 1090 1089
f 1080 1089 1081
f 1079 1091 1090
f 1079 1090 1080
f 1078 1092 1091
f 1078 1091 1079
f 1077 1093 1092
f 1077 1092 1078
f 1076 1094 1093
f 1076 1093 1077
f 1075 1095 1094
f 1075 1094 1076
f 1074 1096 1095
f 1074 1095 1075
f 1073 1097 1096
f 1073 1096 1074
f 1072 1098 1097
f 1072 1097 1073
f 1071 1099 1098
f 1071 1098 1072
f 1070 1100 1099
f 1070 1099 1071
f 1069 1100 1070
f 1068 1100 1069
f 1068 1101 1100
f 1068 1102 1101
f 1067 1102 1068
f 1066 1102 1067
f 1066 1065 1102
f 1122 1124 1123
f 1121 1125 1124
f 1121 1124 1122
f 1120 1126 1125
f 1120 1125 1121
f 1119 1127 1126
f 1119 1126 1120
f 1118 1128 1127
f 1118 1127 1119
f 1117 1129 1128
f 1117 1128 1118
f 1116 1130 1129
f 1116 1129 1117
f 1115 1131 1130
f 1115 1130 1116
f 1114 1132 1131
f 1114 1131 1115
f 1113 1133 1132
f 1113 1132 1114
f 1112 1134 1133
f 1112 1133 1113
f 1111 1135 1134
f 1111 1134 1112
f 1110 1136 1135
f 1110 1135 1111
f 1109 1137 1136
f 1109 1136 1110
f 1108 1138 1137
f 1108 1137 1109
f 1107 1138 1108
f 1106 1138 1107
f 1106 1139 1138
f 1106 1140 1139
f 1105 1140 1106
f 1104 1140 1105
f 1104 1103 1140
f 1160 1162 1161
f 1159 1163 1162
f 1159 1162 1160
f 1158 1164 1163
f 1158 1163 1159
f 1157 1165 1164
f 1157 1164 1158
f 1156 1166 1165
f 1156 1165 1157
f 1155 1167 1166
f 1155 1166 1156
f 1154 1168 1167
f 1154 1167 1155
f 1153 1169 1168
f 1153 1168 1154
f 1152 1170 1169
f 1152 1169 1153
f 1151 1171 1170
f 1151 1170 1152
f 1150 1172 1171
f 1150 1171 1151
f 1149 1173 1172
f 1149 1172 1150
f 1148 1174 1173
f 1148 1173 1149
f 1147 1175 1174
f 1147 1174 1148
f 1146 1176 1175
f 1146 1175 1147
f 1145 1176 1146
f 1144 1176 1145
f 1144 1177 1176
f 1144 1178 1177
f 1143 1178 1144
f 1142 1178 1143
f 1142 1141 1178
f 1198 1200 1199
f 1197 1201 1200
f 1197 1200 1198
f 1196 1202 1201
f 1196 1201 1197
f 1195 1203 1202
f 1195 1202 1196
f 1194 1204 1203
f 1194 1203 1195
f 1193 1205 1204
f 1193 1204 1194
f 1192 1206 1205
f 1192 1205 1193
f 1191 1207 1206
f 1191 1206 1192
f 1190 1208 1207
f 1190 1207 1191
f 1189 1209 1208
f 1189 1208 1190
f 1188 1210 1209
f 1188 1209 1189
f 1187 1211 1210
f 1187 1210 1188
f 1186 1212 1211
f 1186 1211 1187
f 1185 1213 1212
f 1185 1212 1186
f 1184 1214 1213
f 1184 1213 1185
f 1183 1214 1184
f 1182 1214 1183
f 1182 1215 1214
f 1182 1216 1215
f 1181 1216 1182
f 1180 1216 1181
f 1180 1179 1216
f 1235 1237 1236
f 1234 1238 1237
f 1234 1237 1235
f 1233 1239 1238
f 1233 1238 1234
f 1232 1240 1239
f 1232 1239 1233
f 1231 1241 1240
f 1231 1240 1232
f 1230 1242 1241
f 1230 1241 1231
f 1229 1243 1242
f 1229 1242 1230
f 1228 1244 1243
f 1228 1243 1229
f 1227 1245 1244
f 1227 1244 1228
f 1226 1246 1245
f 1226 1245 1227
f 1225 1247 1246
f 1225 1246 1226
f 1224 1247 1225
f 1223 1248 1247
f 1223 1249 1248
f 1223 1247 1224
f 1222 1250 1249
f 1222 1249 1223
f 1221 1250 1222
f 1220 1250 1221
f 1220 1251 1250
f 1220 1252 1251
f 1219 1252 1220
f 1219 1253 1252
f 1218 1253 1219
f 1217 1253 1218
f 1217 1254 1253
f 1273 1275 1274
f 1272 1276 1275
f 1272 1275 1273
f 1271 1277 1276
f 1271 1276 1272
f 1270 1278 1277
f 1270 1277 1271
f 1269 1279 1278
f 1269 1278 1270
f 1268 1280 1279
f 1268 1279 1269
f 1267 1281 1280
f 1267 1280 1268
f 1266 1282 1281
f 1266 1281 1267
f 1265 1283 1282
f 1265 1282 1266
f 1264 1284 1283
f 1264 1283 1265
f 1263 1285 1284
f 1263 1284 1264
f 1262 1285 1263
f 1261 1286 1285
f 1261 1287 1286
f 1261 1285 1262
f 1260 1288 1287
f 1260 1287 1261
f 1259 1288 1260
f 1258 1288 1259
f 1258 1289 1288
f 1258 1290 1289
f 1257 1290 1258
f 1257 1291 1290
f 1256 1291 1257
f 1255 1291 1256
f 1255 1292 1291
f 1311 1313 1312
f 1310 1314 1313
f 1310 1313 1311
f 1309 1315 1314
f 1309 1314 1310
f 1308 1316 1315
f 1308 1315 1309
f 1307 1317 1316
f 1307 1316 1308
f 1306 1318 1317
f 1306 1317 1307
f 1305 1319 1318
f 1305 1318 1306
f 1304 1320 1319
f 1304 1319 1305
f 1303 1321 1320
f 1303 1320 1304
f 1302 1322 1321
f 1302 1321 1303
f 1301 1323 1322
f 1301 1322 1302
f 1300 1323 1301
f 1299 1324 1323
f 1299 1325 1324
f 1299 1323 1300
f 1298 1326 1325
f 1298 1325 1299
f 1297 1326 1298
f 1296 1326 1297
f 1296 1327 1326
f 1296 1328 1327
f 1295 1328 1296
f 1295 1329 1328
f 1294 1329 1295
f 1293 1329 1294
f 1293 1330 1329
f 1349 1351 1350
f 1348 1352 1351
f 1348 1351 1349
f 1347 1353 1352
f 1347 1352 1348
f 1346 1354 1353
f 1346 1353 1347
f 1345 1355 1354
f 1345 1354 1346
f 1344 1356 1355
f 1344 1355 1345
f 1343 1357 1356
f 1343 1356 1344
f 1342 1358 1357
f 1342 1357 1343
f 1341 1359 1358
f 1341 1358 1342
f 1340 1360 1359
f 1340 1359 1341
f 1339 1361 1360
f 1339 1360 1340
f 1338 1361 1339
f 1337 1362 1361
f 1337 1363 1362
f 1337 1361 1338
f 1336 1364 1363
f 1336 1363 1337
f 1335 1364 1336
f 1334 1364 1335
f 1334 1365 1364
f 1334 1366 1365
f 1333 1366 1334
f 1333 1367 1366
f 1332 1367 1333
f 1331 1367 1332
f 1331 1368 1367
f 1387 1389 1388
f 1386 1390 1389
f 1386 1389 1387
f 1385 1391 1390
f 1385 1390 1386
f 1384 1392 1391
f 1384 1391 1385
f 1383 1393 1392
f 1383 1392 1384
f 1382 1394 1393
f 1382 1393 1383
f 1381 1395 1394
f 1381 1394 1382
f 1380 1396 1395
f 1380 1395 1381
f 1379 1397 1396
f 1379 1396 1380
f 1378 1398 1397
f 1378 1397 1379
f 1377 1399 1398
f 1377 1398 1378
f 1376 1399 1377
f 1375 1400 1399
f 1375 1401 1400
f 1375 1399 1376
f 1374 1402 1401
f 1374 1401 1375
f 1373 1402 1374
f 1372 1402 1373
f 1372 1403 1402
f 1372 1404 1403
f 1371 1404 1372
f 1371 1405 1404
f 1370 1405 1371
f 1369 1405 1370
f 1369 1406 1405
f 1425 1427 1426
f 1424 1428 1427
f 1424 1427 1425
f 1423 1429 1428
f 1423 1428 1424
f 1422 1430 1429
f 1422 1429 1423
f 1421 1431 1430
f 1421 1430 1422
f 1420 1432 1431
f 1420 1431 1421
f 1419 1433 1432
f 1419 1432 1420
f 1418 1434 1433
f 1418 1433 1419
f 1417 1435 1434
f 1417 1434 1418
f 1416 1436 1435
f 1416 1435 1417
f 1415 1437 1436
f 1415 1436 1416
f 1414 1437 1415
f 1413 1438 1437
f 1413 1439 1438
f 1413 1437 1414
f 1412 1440 1439
f 1412 1439 1413
f 1411 1440 1412
f 1410 1440 1411
f 1410 1441 1440
f 1410 1442 1441
f 1409 1442 1410
f 1409 1443 1442
f 1408 1443 1409
f 1407 1443 1408
f 1407 1444 1443
f 1463 1482 1464
f 1462 1481 1482
f 1462 1482 1463
f 1461 1480 1481
f 1461 1481 1462
f 1460 1479 1480
f 1460 1480 1461
f 1459 1478 1479
f 1459 1479 1460
f 1458 1477 1478
f 1458 1478 1459
f 1457 1476 1477
f 1457 1477 1458
f 1456 1475 1476
f 1456 1476 1457
f 1455 1474 1475
f 1455 1475 1456
f 1454 1473 1474
f 1454 1474 1455
f 1453 1472 1473
f 1453 1473 1454
f 1452 1471 1472
f 1452 1472 1453
f 1451 1471 1452
f 1450 1469 1470
f 1450 1470 1471
f 1450 1471 1451
f 1449 1468 1469
f 1449 1469 1450
f 1448 1468 1449
f 1447 1468 1448
f 1447 1467 1468
f 1446 1467 1447
f 1446 1466 1467
f 1445 1466 1446
f 1445 1465 1466
f 1501 1520 1502
f 1500 1519 1520
f 1500 1520 1501
f 1499 1518 1519
f 1499 1519 1500
f 1498 1517 1518
f 1498 1518 1499
f 1497 1516 1517
f 1497 1517 1498
f 1496 1515 1516
f 1496 1516 1497
f 1495 1514 1515
f 1495 1515 1496
f 1494 1513 1514
f 1494 1514 1495
f 1493 1512 1513
f 1493 1513 1494
f 1492 1511 1512
f 1492 1512 1493
f 1491 1510 1511
f 1491 1511 1492
f 1490 1509 1510
f 1490 1510 1491
f 1489 1509 1490
f 1488 1507 1508
f 1488 1508 1509
f 1488 1509 1489
f 1487 1506 1507
f 1487 1507 1488
f 1486 1506 1487
f 1485 1506 1486
f 1485 1505 1506
f 1484 1505 1485
f 1484 1504 1505
f 1483 1504 1484
f 1483 1503 1504
f 1539 1558 1540
f 1538 1557 1558
f 1538 1558 1539
f 1537 1556 1557
f 1537 1557 1538
f 1536 1555 1556
f 1536 1556 1537
f 1535 1554 1555
f 1535 1555 1536
f 1534 1553 1554
f 1534 1554 1535
f 1533 1552 1553
f 1533 1553 1534
f 1532 1551 1552
f 1532 1552 1533
f 1531 1550 1551
f 1531 1551 1532
f 1530 1549 1550
f 1530 1550 1531
f 1529 1548 1549
f 1529 1549 1530
f 1528 1547 1548
f 1528 1548 1529
f 1527 1547 1528
f 1526 1545 1546
f 1526 1546 1547
f 1526 1547 1527
f 1525 1544 1545
f 1525 1545 1526
f 1524 1544 1525
f 1523 1544 1524
f 1523 1543 1544
f 1522 1543 1523
f 1522 1542 1543
f 1521 1542 1522
f 1521 1541 1542
f 1577 1596 1578
f 1576 1595 1596
f 1576 1596 1577
f 1575 1594 1595
f 1575 1595 1576
f 1574 1593 1594
f 1574 1594 1575
f 1573 1592 1593
f 1573 1593 1574
f 1572 1591 1592
f 1572 1592 1573
f 1571 1590 1591
f 1571 1591 1572
f 1570 1589 1590
f 1570 1590 1571
f 1569 1588 1589
f 1569 1589 1570
f 1568 1587 1588
f 1568 1588 1569
f 1567 1586 1587
f 1567 1587 1568
f 1566 1585 1586
f 1566 1586 1567
f 1565 1585 1566
f 1564 1583 1584
f 1564 1584 1585
f 1564 1585 1565
f 1563 1582 1583
f 1563 1583 1564
f 1562 1582 1563
f 1561 1582 1562
f 1561 1581 1582
f 1560 1581 1561
f 1560 1580 1581
f 1559 1580 1560
f 1559 1579 1580
f 1615 1634 1616
f 1614 1633 1634
f 1614 1634 1615
f 1613 1632 1633
f 1613 1633 1614
f 1612 1631 1632
f 1612 1632 1613
f 1611 1630 1631
f 1611 1631 1612
f 1610 1629 1630
f 1610 1630 1611
f 1609 1628 1629
f 1609 1629 1610
f 1608 1627 1628
f 1608 1628 1609
f 1607 1626 1627
f 1607 1627 1608
f 1606 1625 1626
f 1606 1626 1607
f 1605 1624 1625
f 1605 1625 1606
f 1604 1623 1624
f 1604 1624 1605
f 1603 1623 1604
f 1602 1621 1622
f 1602 1622 1623
f 1602 1623 1603
f 1601 1620 1621
f 1601 1621 1602
f 1600 1620 1601
f 1599 1620 1600
f 1599 1619 1620
f 1598 1619 1599
f 1598 1618 1619
f 1597 1618 1598
f 1597 1617 1618
f 1653 1672 1654
f 1652 1671 1672
f 1652 1672 1653
f 1651 1670 1671
f 1651 1671 1652
f 1650 1669 1670
f 1650 1670 1651
f 1649 1668 1669
f 1649 1669 1650
f 1648 1667 1668
f 1648 1668 1649
f 1647 1666 1667
f 1647 1667 1648
f 1646 1665 1666
f 1646 1666 1647
f 1645 1664 1665
f 1645 1665 1646
f 1644 1663 1664
f 1644 1664 1645
f 1643 1662 1663
f 1643 1663 1644
f 1642 1661 1662
f 1642 1662 1643
f 1641 1661 1642
f 1640 1659 1660
f 1640 1660 1661
f 1640 1661 1641
f 1639 1658 1659
f 1639 1659 1640
f 1638 1658 1639
f 1637 1658 1638
f 1637 1657 1658
f 1636 1657 1637
f 1636 1656 1657
f 1635 1656 1636
f 1635 1655 1656
f 1691 1710 1692
f 1690 1709 1710
f 1690 1710 1691
f 1689 1708 1709
f 1689 1709 1690
f 1688 1707 1708
f 1688 1708 1689
f 1687 1706 1707
f 1687 1707 1688
f 1686 1705 1706
f 1686 1706 1687
f 1685 1704 1705
f 1685 1705 1686
f 1684 1703 1704
f 1684 1704 1685
f 1683 1703 1684
f 1682 1701 1702
f 1682 1702 1703
f 1682 1703 1683
f 1681 1701 1682
f 1680 1699 1700
f 1680 1700 1701
f 1680 1701 1681
f 1679 1698 1699
f 1679 1699 1680
f 1678 1698 1679
f 1677 1698 1678
f 1677 1696 1697
f 1677 1697 1698
f 1676 1696 1677
f 1676 1695 1696
f 1675 1695 1676
f 1674 1695 1675
f 1674 1693 1694
f 1674 1694 1695
f 1673 1693 1674
f 1729 1748 1730
f 1728 1747 1748
f 1728 1748 1729
f 1727 1746 1747
f 1727 1747 1728
f 1726 1745 1746
f 1726 1746 1727
f 1725 1744 1745
f 1725 1745 1726
f 1724 1743 1744
f 1724 1744 1725
f 1723 1742 1743
f 1723 1743 1724
f 1722 1741 1742
f 1722 1742 1723
f 1721 1740 1741
f 1721 1741 1722
f 1720 1739 1740
f 1720 1740 1721
f 1719 1739 1720
f 1718 1737 1738
f 1718 1738 1739
f 1718 1739 1719
f 1717 1736 1737
f 1717 1737 1718
f 1716 1736 1717
f 1715 1736 1716
f 1715 1734 1735
f 1715 1735 1736
f 1714 1734 1715
f 1713 1734 1714
f 1713 1733 1734
f 1712 1733 1713
f 1712 1731 1732
f 1712 1732 1733
f 1711 1731 1712
f 1767 1786 1768
f 1766 1785 1786
f 1766 1786 1767
f 1765 1784 1785
f 1765 1785 1766
f 1764 1783 1784
f 1764 1784 1765
f 1763 1782 1783
f 1763 1783 1764
f 1762 1781 1782
f 1762 1782 1763
f 1761 1780 1781
f 1761 1781 1762
f 1760 1779 1780
f 1760 1780 1761
f 1759 1778 1779
f 1759 1779 1760
f 1758 1777 1778
f 1758 1778 1759
f 1757 1777 1758
f 1756 1775 1776
f 1756 1776 1777
f 1756 1777 1757
f 1755 1774 1775
f 1755 1775 1756
f 1754 1774 1755
f 1753 1774 1754
f 1753 1772 1773
f 1753 1773 1774
f 1752 1772 1753
f 1751 1772 1752
f 1751 1771 1772
f 1750 1771 1751
f 1750 1769 1770
f 1750 1770 1771
f 1749 1769 1750
f 1805 1824 1806
f 1804 1823 1824
f 1804 1824 1805
f 1803 1822 1823
f 1803 1823 1804
f 1802 1821 1822
f 1802 1822 1803
f 1801 1820 1821
f 1801 1821 1802
f 1800 1819 1820
f 1800 1820 1801
f 1799 1818 1819
f 1799 1819 1800
f 1798 1817 1818
f 1798 1818 1799
f 1797 1817 1798
f 1796 1815 1816
f 1796 1816 1817
f 1796 1817 1797
f 1795 1815 1796
f 1794 1813 1814
f 1794 1814 1815
f 1794 1815 1795
f 1793 1812 1813
f 1793 1813 1794
f 1792 1812 1793
f 1791 1812 1792
f 1791 1810 1811
f 1791 1811 1812
f 1790 1810 1791
f 1790 1809 1810
f 1789 1809 1790
f 1788 1809 1789
f 1788 1807 1808
f 1788 1808 1809
f 1787 1807 1788
f 1843 1862 1844
f 1842 1861 1862
f 1842 1862 1843
f 1841 1860 1861
f 1841 1861 1842
f 1840 1859 1860
f 1840 1860 1841
f 1839 1858 1859
f 1839 1859 1840
f 1838 1857 1858
f 1838 1858 1839
f 1837 1856 1857
f 1837 1857 1838
f 1836 1855 1856
f 1836 1856 1837
f 1835 1854 1855
f 1835 1855 1836
f 1834 1853 1854
f 1834 1854 1835
f 1833 1853 1834
f 1832 1851 1852
f 1832 1852 1853
f 1832 1853 1833
f 1831 1850 1851
f 1831 1851 1832
f 1830 1850 1831
f 1829 1850 1830
f 1829 1848 1849
f 1829 1849 1850
f 1828 1848 1829
f 1827 1848 1828
f 1827 1847 1848
f 1826 1847 1827
f 1826 1845 1846
f 1826 1846 1847
f 1825 1845 1826
f 1881 1900 1882
f 1880 1899 1900
f 1880 1900 1881
f 1879 1898 1899
f 1879 1899 1880
f 1878 1897 1898
f 1878 1898 1879
f 1877 1896 1897
f 1877 1897 1878
f 1876 1895 1896
f 1876 1896 1877
f 1875 1894 1895
f 1875 1895 1876
f 1874 1893 1894
f 1874 1894 1875
f 1873 1892 1893
f 1873 1893 1874
f 1872 1891 1892
f 1872 1892 1873
f 1871 1891 1872
f 1870 1889 1890
f 1870 1890 1891
f 1870 1891 1871
f 1869 1888 1889
f 1869 1889 1870
f 1868 1888 1869
f 1867 1888 1868
f 1867 1886 1887
f 1867 1887 1888
f 1866 1886 1867
f 1865 1886 1866
f 1865 1885 1886
f 1864 1885 1865
f 1864 1883 1884
f 1864 1884 1885
f 1863 1883 1864
f 2320 1904 1905
f 2319 1904 2320
f 2318 1904 2319
f 2321 2320 1905
f 2322 2321 1905
f 2317 1904 2318
f 2323 1905 1906
f 2323 2322 1905
f 2316 1903 1904
f 2316 1904 2317
f 2324 2323 1906
f 2315 1903 2316
f 2325 2324 1906
f 2314 1903 2315
f 2326 1906 1907
f 2326 2325 1906
f 2313 1902 1903
f 2313 1903 2314
f 2312 1902 2313
f 2311 1902 2312
f 2310 1901 1902
f 2310 1902 2311
f 2175 1908 1909
f 2175 1909 2176
f 2174 1908 2175
f 2177 2176 1909
f 2178 1909 1910
f 2178 2177 1909
f 2173 1908 2174
f 2179 2178 1910
f 2172 1907 1908
f 2172 1908 2173
f 2180 2179 1910
f 2181 2180 1910
f 2067 2328 2327
f 2068 2327 2326
f 2068 2326 1907
f 2068 2067 2327
f 2069 2068 1907
f 2066 2328 2067
f 2066 2329 2328
f 2182 2181 1910
f 2182 1910 1911
f 2070 1907 2172
f 2070 2069 1907
f 2070 2172 2171
f 2065 2329 2066
f 2065 2330 2329
f 2064 2331 2330
f 2064 2330 2065
f 2071 2070 2171
f 2071 2171 2170
f 2183 2182 1911
f 2072 2071 2170
f 2072 2170 2169
f 2063 2332 2331
f 2063 2297 2332
f 2063 2331 2064
f 2184 2183 1911
f 2073 2072 2169
f 2073 2169 2168
f 2062 2297 2063
f 2062 2298 2297
f 2185 2184 1911
f 2074 2073 2168
f 2074 2168 2167
f 2061 2298 2062
f 2061 2299 2298
f 1912 2185 1911
f 1912 2186 2185
f 2187 2186 1912
f 2075 2166 2165
f 2075 2167 2166
f 2075 2074 2167
f 2060 2299 2061
f 2060 2300 2299
f 2188 2187 1912
f 2076 2165 2164
f 2076 2075 2165
f 2059 2300 2060
f 2104 2306 2305
f 2103 2307 2306
f 2103 2306 2104
f 2102 2308 2307
f 2102 2307 2103
f 2105 2305 2304
f 2105 2104 2305
f 2105 2304 2303
f 2077 2164 2163
f 2077 2076 2164
f 2106 2105 2303
f 2106 2303 2302
f 2101 2309 2308
f 2101 2308 2102
f 2107 2106 2302
f 2107 2302 2301
f 2100 2309 2101
f 2100 2310 2309
f 2100 1901 2310
f 2078 2163 2162
f 2078 2077 2163
f 2108 2107 2301
f 2108 2301 2300
f 2099 1901 2100
f 2079 2078 2162
f 2109 2108 2300
f 2109 2300 2059
f 2098 1901 2099
f 2110 2109 2059
f 2110 2059 2058
f 2111 2110 2058
f 2111 2058 2057
f 2112 2057 2056
f 2112 2111 2057
f 1913 2188 1912
f 2356 1936 1901
f 2356 1901 2098
f 2356 2355 1936
f 2357 2098 2097
f 2357 2356 2098
f 2354 1936 2355
f 2358 2097 2096
f 2358 2357 2097
f 2353 1936 2354
f 2353 1935 1936
f 2359 2358 2096
f 2359 2096 2095
f 2352 1935 2353
f 2360 2359 2095
f 2360 2095 2094
f 2351 1935 2352
f 2374 2053 2052
f 2374 2054 2053
f 2373 2054 2374
f 2373 2055 2054
f 2361 2360 2094
f 2361 2094 2093
f 2350 1935 2351
f 2350 1934 1935
f 2375 2374 2052
f 2375 2051 2050
f 2375 2052 2051
f 2372 2113 2112
f 2372 2055 2373
f 2372 2112 2056
f 2372 2056 2055
f 2031 2161 2160
f 2032 2031 2160
f 2032 2160 2159
f 2033 2032 2159
f 2033 2158 2157
f 2033 2159 2158
f 2030 2161 2031
f 2030 2162 2161
f 2362 2361 2093
f 2349 1934 2350
f 2034 2033 2157
f 2034 2157 2156
f 2029 2079 2162
f 2029 2162 2030
f 2376 2375 2050
f 2376 2049 2048
f 2376 2050 2049
f 2371 2114 2113
f 2371 2113 2372
f 2035 2156 2155
f 2035 2034 2156
f 2028 2079 2029
f 2028 2080 2079
f 2363 2362 2093
f 2363 2093 2092
f 2348 1934 2349
f 2036 2035 2155
f 2036 2155 2154
f 2027 2080 2028
f 2027 2045 2080
f 2377 2376 2048
f 2377 2048 2047
f 2370 2115 2114
f 2370 2116 2115
f 2370 2114 2371
f 2364 2363 2092
f 2364 2092 2091
f 2347 1934 2348
f 2037 2036 2154
f 2037 2154 2153
f 2026 2046 2045
f 2026 2045 2027
f 2365 2091 2090
f 2365 2364 2091
f 2346 1934 2347
f 2378 2046 2026
f 2378 2047 2046
f 2378 2377 2047
f 2369 2081 2116
f 2369 2116 2370
f 2369 2082 2081
f 2038 2037 2153
f 2038 2153 2188
f 2038 2188 1913
f 2025 2378 2026
f 2366 2090 2089
f 2366 2365 2090
f 2039 2038 1913
f 2379 2025 2024
f 2379 2378 2025
f 2404 2082 2369
f 2404 2083 2082
f 2404 2084 2083
f 2040 2039 1913
f 2380 2023 2022
f 2380 2024 2023
f 2380 2379 2024
f 2403 2084 2404
f 2403 2085 2084
f 1933 1934 2346
f 1933 2344 2343
f 1933 2345 2344
f 1933 2346 2345
f 2381 2021 2020
f 2381 2022 2021
f 2381 2380 2022
f 2402 2085 2403
f 2402 2086 2085
f 2382 2019 2018
f 2382 2020 2019
f 2382 2381 2020
f 2139 2366 2089
f 2139 2089 2088
f 2140 2139 2088
f 2138 2367 2366
f 2138 2366 2139
f 2141 2140 2088
f 2141 2088 2087
f 2142 2141 2087
f 2142 2086 2402
f 2142 2087 2086
f 2137 2367 2138
f 2137 2368 2367
f 2383 2018 2017
f 2383 2382 2018
f 2143 2142 2402
f 2143 2402 2401
f 2136 2368 2137
f 2136 2333 2368
f 2144 2143 2401
f 2144 2401 2400
f 2135 2334 2333
f 2135 2335 2334
f 2135 2333 2136
f 2145 2144 2400
f 2134 2336 2335
f 2134 2335 2135
f 2384 2017 2016
f 2384 2383 2017
f 2146 2145 2400
f 2146 2400 2399
f 2133 2336 2134
f 2133 2337 2336
f 2147 2146 2399
f 2132 2337 2133
f 2132 2338 2337
f 2247 2043 2042
f 2248 2042 2041
f 2248 2247 2042
f 2246 2044 2043
f 2246 2043 2247
f 2249 2041 2040
f 2249 2248 2041
f 1932 2341 2340
f 1932 2342 2341
f 1932 2343 2342
f 1932 1933 2343
f 2245 2044 2246
f 2245 2009 2044
f 2250 1913 1914
f 2250 2040 1913
f 2250 2249 2040
f 2148 2147 2399
f 2148 2399 2398
f 2131 2339 2338
f 2131 2338 2132
f 2244 2009 2245
f 2251 2250 1914
f 2252 2251 1914
f 2243 2010 2009
f 2243 2009 2244
f 2149 2148 2398
f 2130 2340 2339
f 2130 2339 2131
f 2242 2011 2010
f 2242 2010 2243
f 2253 1914 1915
f 2253 2252 1914
f 2254 2253 1915
f 2241 2012 2011
f 2241 2011 2242
f 2150 2149 2398
f 2150 2398 2397
f 2255 2254 1915
f 2240 2013 2012
f 2240 2012 2241
f 2151 2150 2397
f 2396 2151 2397
f 2256 2255 1915
f 2152 2151 2396
f 1995 2385 2384
f 1996 1995 2384
f 1996 2384 2016
f 1994 2385 1995
f 1994 2386 2385
f 1997 2016 2015
f 1997 1996 2016
f 1993 2386 1994
f 1998 2015 2014
f 1998 1997 2015
f 1992 2386 1993
f 1992 2387 2386
f 1999 2014 2013
f 1999 1998 2014
f 1999 2013 2240
f 1991 2387 1992
f 2000 2240 2239
f 2000 1999 2240
f 2001 2239 2238
f 2001 2000 2239
f 1990 2387 1991
f 1990 2388 2387
f 2002 2238 2237
f 2002 2001 2238
f 1989 2388 1990
f 1988 2389 2388
f 1988 2388 1989
f 2003 2236 2235
f 2003 2237 2236
f 2003 2002 2237
f 1916 2256 1915
f 1916 2257 2256
f 1916 2258 2257
f 1916 2259 2258
f 1916 2260 2259
f 1931 2129 2128
f 1931 2130 2129
f 1931 2340 2130
f 1931 1932 2340
f 1987 2389 1988
f 1987 2390 2389
f 2004 2235 2234
f 2004 2003 2235
f 1960 1959 2394
f 1960 2394 2393
f 1961 1960 2393
f 1958 2394 1959
f 1958 2395 2394
f 2005 2234 2233
f 2005 2004 2234
f 1986 2390 1987
f 1962 1961 2393
f 1962 2393 2392
f 1957 2395 1958
f 1957 2396 2395
f 1956 2152 2396
f 1956 2396 1957
f 1963 1962 2392
f 2006 2005 2233
f 2006 2233 2232
f 1964 1963 2392
f 1964 2392 2391
f 1955 2152 1956
f 1955 2117 2152
f 2007 2232 2231
f 2007 2006 2232
f 1965 1964 2391
f 1965 2391 2390
f 1954 2118 2117
f 1954 2117 1955
f 2008 2231 2230
f 2008 2007 2231
f 1966 2390 1986
f 1966 1965 2390
f 1953 2119 2118
f 1953 2118 1954
f 1967 1966 1986
f 1967 1986 1985
f 2283 2124 2123
f 2284 2283 2123
f 2285 2123 2122
f 2285 2284 2123
f 2282 2124 2283
f 2282 2125 2124
f 2281 2126 2125
f 2281 2125 2282
f 2286 2122 2121
f 2286 2285 2122
f 1968 1967 1985
f 1968 1984 1983
f 1968 1985 1984
f 2287 2121 2120
f 2287 2286 2121
f 2280 2127 2126
f 2280 2126 2281
f 2288 2120 2119
f 2288 1953 1952
f 2288 2287 2120
f 2288 2119 1953
f 2279 2128 2127
f 2279 2127 2280
f 1969 1968 1983
f 2289 1952 1951
f 2289 2288 1952
f 2278 2128 2279
f 2278 1931 2128
f 2290 2289 1951
f 2290 1951 1950
f 1917 2260 1916
f 1917 2226 2225
f 1917 2227 2226
f 1917 2225 2260
f 1930 1931 2278
f 1930 2278 2277
f 2276 1930 2277
f 2291 2290 1950
f 2291 1950 1949
f 2292 2291 1949
f 2275 1930 2276
f 2293 1949 1948
f 2293 2292 1949
f 2294 1948 1947
f 2294 2293 1948
f 2295 1947 1946
f 2295 2294 1947
f 2296 1946 1945
f 2296 2295 1946
f 2261 2296 1945
f 2261 1945 1944
f 2262 2261 1944
f 2211 1982 1981
f 2212 2211 1981
f 2212 1981 1980
f 2210 1982 2211
f 2210 1969 1983
f 2210 1970 1969
f 2210 1983 1982
f 2213 2212 1980
f 2213 1980 1979
f 2209 1971 1970
f 2209 1970 2210
f 2214 2213 1979
f 2208 1971 2209
f 2208 1972 1971
f 2215 2214 1979
f 2215 1979 1978
f 2216 2215 1978
f 2216 1978 1977
f 2207 1972 2208
f 2207 1937 1972
f 2206 1937 2207
f 2217 2216 1977
f 2217 1977 1976
f 1918 2228 2227
f 1918 2229 2228
f 1918 2230 2229
f 1918 2227 1917
f 1929 1930 2275
f 1929 2273 2272
f 1929 2274 2273
f 1929 2275 2274
f 2218 2217 1976
f 2218 1976 1975
f 2205 1938 1937
f 2205 1937 2206
f 2204 1938 2205
f 2204 1939 1938
f 2219 2218 1975
f 2219 1975 1974
f 2220 2219 1974
f 2203 1940 1939
f 2203 1939 2204
f 2202 1941 1940
f 2202 1940 2203
f 2201 1942 1941
f 2201 1941 2202
f 2200 1942 2201
f 1919 1973 2008
f 1919 2230 1918
f 1919 2008 2230
f 1919 2220 1974
f 1919 1974 1973
f 1928 1929 2272
f 1928 2269 2268
f 1928 2270 2269
f 1928 2271 2270
f 1928 2272 2271
f 1920 2221 2220
f 1920 2222 2221
f 1920 2223 2222
f 1920 2220 1919
f 1927 2266 2265
f 1927 2267 2266
f 1927 2268 2267
f 1927 1928 2268
f 1921 2224 2223
f 1921 2189 2224
f 1921 2223 1920
f 1921 2190 2189
f 1926 2263 2262
f 1926 2264 2263
f 1926 2265 2264
f 1926 1927 2265
f 1922 2190 1921
f 1922 2191 2190
f 1922 2192 2191
f 1922 2193 2192
f 1922 2194 2193
f 1925 1943 1942
f 1925 1944 1943
f 1925 1942 2200
f 1925 1926 2262
f 1925 2262 1944
f 1923 2195 2194
f 1923 2196 2195
f 1923 2194 1922
f 1923 2197 2196
f 1924 1925 2200
f 1924 2198 2197
f 1924 2199 2198
f 1924 2200 2199
f 1924 2197 1923
f 2426 2406 2405
f 2426 2405 2424
f 2427 2424 2423
f 2427 2426 2424
f 2428 2423 2422
f 2428 2427 2423
f 2429 2422 2421
f 2429 2428 2422
f 2430 2421 2420
f 2430 2429 2421
f 2431 2420 2419
f 2431 2430 2420
f 2432 2419 2418
f 2432 2431 2419
f 2433 2418 2417
f 2433 2432 2418
f 2434 2417 2416
f 2434 2433 2417
f 2435 2416 2415
f 2435 2434 2416
f 2436 2415 2414
f 2436 2435 2415
f 2437 2414 2413
f 2437 2436 2414
f 2438 2413 2412
f 2438 2437 2413
f 2439 2412 2411
f 2439 2438 2412
f 2440 2439 2411
f 2440 2411 2410
f 2441 2440 2410
f 2441 2410 2409
f 2442 2409 2408
f 2442 2441 2409
f 2425 2408 2407
f 2425 2442 2408
f 2444 2462 2443
f 2444 2480 2462
f 2445 2479 2480
f 2445 2480 2444
f 2446 2478 2479
f 2446 2479 2445
f 2447 2477 2478
f 2447 2478 2446
f 2448 2476 2477
f 2448 2477 2447
f 2449 2475 2476
f 2449 2476 2448
f 2450 2474 2475
f 2450 2475 2449
f 2451 2472 2473
f 2451 2473 2474
f 2451 2474 2450
f 2452 2472 2451
f 2453 2471 2472
f 2453 2472 2452
f 2454 2469 2470
f 2454 2470 2471
f 2454 2471 2453
f 2455 2469 2454
f 2456 2467 2468
f 2456 2468 2469
f 2456 2469 2455
f 2457 2467 2456
f 2458 2467 2457
f 2458 2466 2467
f 2459 2466 2458
f 2459 2465 2466
f 2460 2465 2459
f 2460 2464 2465
f 2461 2464 2460
f 2461 2463 2464
f 2531 2503 2504
f 2530 2504 2505
f 2530 2531 2504
f 2532 2502 2503
f 2532 2503 2531
f 2529 2505 2506
f 2529 2530 2505
f 2533 2501 2502
f 2533 2502 2532
f 2528 2506 2507
f 2528 2529 2506
f 2534 2500 2501
f 2534 2501 2533
f 2527 2528 2507
f 2527 2507 2508
f 2526 2527 2508
f 2526 2508 2509
f 2535 2500 2534
f 2535 2499 2500
f 2525 2526 2509
f 2525 2509 2510
f 2536 2498 2499
f 2536 2499 2535
f 2524 2525 2510
f 2537 2498 2536
f 2537 2497 2498
f 2511 2524 2510
f 2538 2496 2497
f 2538 2497 2537
f 2523 2524 2511
f 2512 2523 2511
f 2539 2496 2538
f 2539 2495 2496
f 2522 2523 2512
f 2513 2521 2522
f 2513 2522 2512
f 2494 2495 2539
f 2494 2539 2540
f 2514 2521 2513
f 2514 2520 2521
f 2493 2494 2540
f 2493 2540 2541
f 2542 2493 2541
f 2515 2520 2514
f 2515 2519 2520
f 2492 2542 2543
f 2492 2493 2542
f 2516 2518 2519
f 2516 2519 2515
f 2491 2543 2544
f 2491 2492 2543
f 2481 2518 2516
f 2481 2517 2518
f 2490 2544 2545
f 2490 2491 2544
f 2482 2552 2517
f 2482 2517 2481
f 2489 2490 2545
f 2488 2489 2545
f 2488 2545 2546
f 2488 2546 2547
f 2483 2551 2552
f 2483 2552 2482
f 2484 2551 2483
f 2484 2550 2551
f 2487 2488 2547
f 2485 2550 2484
f 2485 2549 2550
f 2486 2487 2547
f 2486 2549 2485
f 2486 2547 2548
f 2486 2548 2549
f 2603 2575 2576
f 2602 2576 2577
f 2602 2603 2576
f 2604 2574 2575
f 2604 2575 2603
f 2601 2602 2577
f 2605 2573 2574
f 2605 2574 2604
f 2600 2601 2577
f 2600 2577 2578
f 2600 2578 2579
f 2606 2572 2573
f 2606 2573 2605
f 2599 2600 2579
f 2599 2579 2580
f 2607 2571 2572
f 2607 2572 2606
f 2598 2599 2580
f 2598 2580 2581
f 2608 2571 2607
f 2608 2570 2571
f 2597 2598 2581
f 2597 2581 2582
f 2609 2569 2570
f 2609 2570 2608
f 2596 2597 2582
f 2583 2596 2582
f 2610 2568 2569
f 2610 2569 2609
f 2595 2596 2583
f 2584 2595 2583
f 2611 2567 2568
f 2611 2568 2610
f 2594 2595 2584
f 2612 2567 2611
f 2593 2594 2584
f 2585 2593 2584
f 2566 2567 2612
f 2613 2566 2612
f 2586 2592 2593
f 2586 2593 2585
f 2565 2566 2613
f 2587 2591 2592
f 2587 2592 2586
f 2564 2613 2614
f 2564 2614 2615
f 2564 2565 2613
f 2588 2590 2591
f 2588 2591 2587
f 2563 2615 2616
f 2563 2564 2615
f 2562 2616 2617
f 2562 2563 2616
f 2553 2589 2590
f 2553 2590 2588
f 2561 2562 2617
f 2554 2624 2589
f 2554 2589 2553
f 2560 2561 2617
f 2560 2617 2618
f 2560 2618 2619
f 2555 2623 2624
f 2555 2624 2554
f 2559 2560 2619
f 2556 2622 2623
f 2556 2623 2555
f 2557 2622 2556
f 2557 2621 2622
f 2558 2559 2619
f 2558 2621 2557
f 2558 2619 2620
f 2558 2620 2621
f 2675 2647 2648
f 2674 2648 2649
f 2674 2675 2648
f 2676 2646 2647
f 2676 2647 2675
f 2673 2649 2650
f 2673 2674 2649
f 2677 2645 2646
f 2677 2646 2676
f 2672 2650 2651
f 2672 2673 2650
f 2678 2644 2645
f 2678 2645 2677
f 2671 2672 2651
f 2671 2651 2652
f 2670 2671 2652
f 2679 2643 2644
f 2679 2644 2678
f 2669 2670 2652
f 2669 2652 2653
f 2669 2653 2654
f 2680 2643 2679
f 2680 2642 2643
f 2668 2669 2654
f 2681 2642 2680
f 2681 2641 2642
f 2682 2640 2641
f 2682 2641 2681
f 2667 2668 2654
f 2667 2654 2655
f 2656 2667 2655
f 2683 2639 2640
f 2683 2640 2682
f 2666 2667 2656
f 2684 2639 2683
f 2657 2666 2656
f 2657 2665 2666
f 2638 2639 2684
f 2685 2638 2684
f 2658 2665 2657
f 2658 2664 2665
f 2637 2638 2685
f 2686 2637 2685
f 2659 2662 2663
f 2659 2663 2664
f 2659 2664 2658
f 2636 2686 2687
f 2636 2637 2686
f 2660 2662 2659
f 2635 2687 2688
f 2635 2636 2687
f 2625 2661 2662
f 2625 2662 2660
f 2634 2688 2689
f 2634 2635 2688
f 2626 2696 2661
f 2626 2661 2625
f 2633 2634 2689
f 2632 2633 2689
f 2632 2689 2690
f 2627 2695 2696
f 2627 2696 2626
f 2628 2695 2627
f 2628 2694 2695
f 2631 2690 2691
f 2631 2632 2690
f 2629 2694 2628
f 2629 2693 2694
f 2630 2631 2691
f 2630 2693 2629
f 2630 2691 2692
f 2630 2692 2693
f 2746 2720 2721
f 2747 2719 2720
f 2747 2720 2746
f 2748 2718 2719
f 2748 2719 2747
f 2745 2721 2722
f 2745 2746 2721
f 2749 2717 2718
f 2749 2718 2748
f 2744 2722 2723
f 2744 2745 2722
f 2750 2716 2717
f 2750 2717 2749
f 2743 2744 2723
f 2743 2723 2724
f 2751 2716 2750
f 2751 2715 2716
f 2742 2724 2725
f 2742 2743 2724
f 2752 2715 2751
f 2752 2714 2715
f 2741 2742 2725
f 2753 2714 2752
f 2753 2713 2714
f 2740 2741 2725
f 2740 2725 2726
f 2727 2740 2726
f 2754 2712 2713
f 2754 2713 2753
f 2739 2740 2727
f 2728 2739 2727
f 2755 2711 2712
f 2755 2712 2754
f 2738 2739 2728
f 2756 2711 2755
f 2729 2738 2728
f 2729 2737 2738
f 2710 2711 2756
f 2730 2736 2737
f 2730 2737 2729
f 2709 2710 2756
f 2709 2756 2757
f 2758 2709 2757
f 2731 2735 2736
f 2731 2736 2730
f 2708 2709 2758
f 2708 2758 2759
f 2732 2734 2735
f 2732 2735 2731
f 2707 2759 2760
f 2707 2708 2759
f 2706 2707 2760
f 2697 2733 2734
f 2697 2734 2732
f 2705 2760 2761
f 2705 2761 2762
f 2705 2706 2760
f 2698 2768 2733
f 2698 2733 2697
f 2704 2705 2762
f 2699 2767 2768
f 2699 2768 2698
f 2700 2766 2767
f 2700 2767 2699
f 2703 2762 2763
f 2703 2763 2764
f 2703 2704 2762
f 2701 2766 2700
f 2701 2765 2766
f 2702 2703 2764
f 2702 2765 2701
f 2702 2764 2765
f 2819 2791 2792
f 2818 2792 2793
f 2818 2819 2792
f 2820 2790 2791
f 2820 2791 2819
f 2817 2793 2794
f 2817 2818 2793
f 2821 2789 2790
f 2821 2790 2820
f 2816 2794 2795
f 2816 2817 2794
f 2822 2789 2821
f 2822 2788 2789
f 2815 2816 2795
f 2815 2795 2796
f 2823 2788 2822
f 2823 2787 2788
f 2814 2796 2797
f 2814 2815 2796
f 2824 2787 2823
f 2824 2786 2787
f 2813 2814 2797
f 2813 2797 2798
f 2825 2785 2786
f 2825 2786 2824
f 2812 2813 2798
f 2799 2812 2798
f 2826 2784 2785
f 2826 2785 2825
f 2811 2812 2799
f 2800 2811 2799
f 2827 2784 2826
f 2827 2783 2784
f 2810 2811 2800
f 2828 2783 2827
f 2801 2810 2800
f 2801 2809 2810
f 2782 2783 2828
f 2829 2782 2828
f 2802 2808 2809
f 2802 2809 2801
f 2781 2782 2829
f 2803 2807 2808
f 2803 2808 2802
f 2780 2829 2830
f 2780 2830 2831
f 2780 2781 2829
f 2804 2806 2807
f 2804 2807 2803
f 2779 2780 2831
f 2778 2831 2832
f 2778 2779 2831
f 2769 2805 2806
f 2769 2806 2804
f 2777 2832 2833
f 2777 2833 2834
f 2777 2778 2832
f 2770 2840 2805
f 2770 2805 2769
f 2776 2834 2835
f 2776 2777 2834
f 2771 2839 2840
f 2771 2840 2770
f 2775 2835 2836
f 2775 2776 2835
f 2772 2839 2771
f 2772 2838 2839
f 2773 2838 2772
f 2773 2837 2838
f 2774 2775 2836
f 2774 2837 2773
f 2774 2836 2837
f 2890 2864 2865
f 2891 2863 2864
f 2891 2864 2890
f 2892 2862 2863
f 2892 2863 2891
f 2889 2865 2866
f 2889 2890 2865
f 2893 2861 2862
f 2893 2862 2892
f 2888 2866 2867
f 2888 2889 2866
f 2894 2860 2861
f 2894 2861 2893
f 2887 2888 2867
f 2887 2867 2868
f 2895 2860 2894
f 2895 2859 2860
f 2886 2887 2868
f 2886 2868 2869
f 2896 2859 2895
f 2896 2858 2859
f 2885 2886 2869
f 2885 2869 2870
f 2897 2857 2858
f 2897 2858 2896
f 2884 2885 2870
f 2871 2884 2870
f 2856 2857 2897
f 2898 2856 2897
f 2883 2884 2871
f 2872 2883 2871
f 2855 2856 2898
f 2899 2855 2898
f 2882 2883 2872
f 2873 2881 2882
f 2873 2882 2872
f 2854 2855 2899
f 2854 2899 2900
f 2874 2881 2873
f 2874 2880 2881
f 2853 2854 2900
f 2853 2900 2901
f 2875 2879 2880
f 2875 2880 2874
f 2852 2901 2902
f 2852 2853 2901
f 2876 2877 2878
f 2876 2878 2879
f 2876 2879 2875
f 2851 2902 2903
f 2851 2852 2902
f 2850 2903 2904
f 2850 2851 2903
f 2841 2912 2877
f 2841 2877 2876
f 2849 2904 2905
f 2849 2850 2904
f 2842 2911 2912
f 2842 2912 2841
f 2848 2849 2905
f 2848 2905 2906
f 2843 2910 2911
f 2843 2911 2842
f 2844 2910 2843
f 2844 2909 2910
f 2847 2906 2907
f 2847 2848 2906
f 2845 2909 2844
f 2845 2908 2909
f 2846 2847 2907
f 2846 2908 2845
f 2846 2907 2908
f 2962 2935 2936
f 2963 2934 2935
f 2963 2935 2962
f 2964 2933 2934
f 2964 2934 2963
f 2961 2936 2937
f 2961 2962 2936
f 2965 2932 2933
f 2965 2933 2964
f 2960 2937 2938
f 2960 2961 2937
f 2966 2932 2965
f 2966 2931 2932
f 2959 2938 2939
f 2959 2939 2940
f 2959 2960 2938
f 2958 2959 2940
f 2958 2940 2941
f 2967 2931 2966
f 2967 2930 2931
f 2957 2958 2941
f 2957 2941 2942
f 2968 2930 2967
f 2968 2929 2930
f 2969 2929 2968
f 2956 2957 2942
f 2943 2956 2942
f 2928 2929 2969
f 2970 2928 2969
f 2955 2956 2943
f 2944 2955 2943
f 2927 2928 2970
f 2971 2927 2970
f 2954 2955 2944
f 2945 2954 2944
f 2945 2953 2954
f 2926 2927 2971
f 2926 2971 2972
f 2946 2952 2953
f 2946 2953 2945
f 2925 2926 2972
f 2925 2972 2973
f 2947 2951 2952
f 2947 2952 2946
f 2924 2925 2973
f 2924 2973 2974
f 2924 2974 2975
f 2948 2950 2951
f 2948 2951 2947
f 2923 2975 2976
f 2923 2924 2975
f 2913 2949 2950
f 2913 2950 2948
f 2922 2976 2977
f 2922 2923 2976
f 2914 2984 2949
f 2914 2949 2913
f 2921 2922 2977
f 2920 2921 2977
f 2920 2977 2978
f 2920 2978 2979
f 2915 2983 2984
f 2915 2984 2914
f 2916 2983 2915
f 2916 2982 2983
f 2919 2920 2979
f 2919 2979 2980
f 2917 2982 2916
f 2917 2981 2982
f 2918 2919 2980
f 2918 2981 2917
f 2918 2980 2981
f 2986 3004 2985
f 2986 3005 3004
f 2987 3006 3005
f 2987 3005 2986
f 2988 3007 3006
f 2988 3006 2987
f 2989 3008 3007
f 2989 3007 2988
f 2990 3009 3008
f 2990 3010 3009
f 2990 3008 2989
f 2991 3010 2990
f 2992 3011 3010
f 2992 3012 3011
f 2992 3010 2991
f 2993 3012 2992
f 2994 3013 3012
f 2994 3012 2993
f 2995 3014 3013
f 2995 3015 3014
f 2995 3013 2994
f 2996 3015 2995
f 2997 3016 3015
f 2997 3015 2996
f 2998 3017 3016
f 2998 3016 2997
f 2999 3018 3017
f 2999 3017 2998
f 3000 3018 2999
f 3000 3019 3018
f 3001 3019 3000
f 3001 3020 3019
f 3002 3020 3001
f 3002 3021 3020
f 3003 3021 3002
f 3003 3022 3021
f 3073 3044 3045
f 3072 3045 3046
f 3072 3073 3045
f 3071 3046 3047
f 3071 3072 3046
f 3074 3043 3044
f 3074 3044 3073
f 3070 3047 3048
f 3070 3071 3047
f 3075 3042 3043
f 3075 3043 3074
f 3069 3048 3049
f 3069 3070 3048
f 3076 3041 3042
f 3076 3042 3075
f 3068 3069 3049
f 3068 3049 3050
f 3077 3041 3076
f 3067 3068 3050
f 3067 3050 3051
f 3078 3041 3077
f 3078 3040 3041
f 3066 3067 3051
f 3066 3051 3052
f 3079 3039 3040
f 3079 3040 3078
f 3065 3066 3052
f 3065 3052 3053
f 3080 3038 3039
f 3080 3039 3079
f 3064 3053 3054
f 3064 3065 3053
f 3081 3037 3038
f 3081 3038 3080
f 3082 3037 3081
f 3055 3064 3054
f 3055 3063 3064
f 3036 3037 3082
f 3062 3063 3055
f 3083 3036 3082
f 3056 3062 3055
f 3035 3036 3083
f 3084 3035 3083
f 3057 3061 3062
f 3057 3062 3056
f 3034 3084 3085
f 3034 3035 3084
f 3058 3059 3060
f 3058 3060 3061
f 3058 3061 3057
f 3033 3085 3086
f 3033 3034 3085
f 3023 3059 3058
f 3032 3086 3087
f 3032 3033 3086
f 3024 3094 3059
f 3024 3059 3023
f 3031 3087 3088
f 3031 3032 3087
f 3025 3093 3094
f 3025 3094 3024
f 3030 3031 3088
f 3030 3088 3089
f 3026 3093 3025
f 3026 3092 3093
f 3029 3030 3089
f 3029 3089 3090
f 3027 3091 3092
f 3027 3092 3026
f 3028 3029 3090
f 3028 3091 3027
f 3028 3090 3091
f 3096 3114 3095
f 3096 3115 3114
f 3097 3116 3115
f 3097 3115 3096
f 3098 3117 3116
f 3098 3116 3097
f 3099 3118 3117
f 3099 3117 3098
f 3100 3119 3118
f 3100 3120 3119
f 3100 3118 3099
f 3101 3120 3100
f 3102 3121 3120
f 3102 3122 3121
f 3102 3120 3101
f 3103 3122 3102
f 3104 3123 3122
f 3104 3122 3103
f 3105 3124 3123
f 3105 3125 3124
f 3105 3123 3104
f 3106 3125 3105
f 3107 3126 3125
f 3107 3125 3106
f 3108 3127 3126
f 3108 3126 3107
f 3109 3128 3127
f 3109 3127 3108
f 3110 3128 3109
f 3110 3129 3128
f 3111 3129 3110
f 3111 3130 3129
f 3112 3130 3111
f 3112 3131 3130
f 3113 3131 3112
f 3113 3132 3131
f 3183 3155 3156
f 3182 3156 3157
f 3182 3183 3156
f 3184 3154 3155
f 3184 3155 3183
f 3181 3157 3158
f 3181 3182 3157
f 3185 3153 3154
f 3185 3154 3184
f 3180 3158 3159
f 3180 3181 3158
f 3186 3152 3153
f 3186 3153 3185
f 3179 3180 3159
f 3179 3159 3160
f 3187 3152 3186
f 3187 3151 3152
f 3178 3179 3160
f 3178 3160 3161
f 3188 3151 3187
f 3188 3150 3151
f 3177 3178 3161
f 3177 3161 3162
f 3189 3149 3150
f 3189 3150 3188
f 3176 3177 3162
f 3190 3149 3189
f 3190 3148 3149
f 3175 3176 3162
f 3175 3162 3163
f 3191 3148 3190
f 3191 3147 3148
f 3174 3175 3163
f 3174 3163 3164
f 3192 3147 3191
f 3146 3147 3192
f 3165 3173 3174
f 3165 3174 3164
f 3172 3173 3165
f 3145 3146 3192
f 3145 3192 3193
f 3166 3172 3165
f 3194 3145 3193
f 3171 3172 3166
f 3144 3145 3194
f 3167 3170 3171
f 3167 3171 3166
f 3143 3144 3194
f 3143 3194 3195
f 3168 3169 3170
f 3168 3170 3167
f 3142 3195 3196
f 3142 3196 3197
f 3142 3143 3195
f 3133 3169 3168
f 3141 3142 3197
f 3134 3204 3169
f 3134 3169 3133
f 3140 3141 3197
f 3140 3197 3198
f 3135 3203 3204
f 3135 3204 3134
f 3139 3198 3199
f 3139 3199 3200
f 3139 3140 3198
f 3136 3202 3203
f 3136 3203 3135
f 3138 3139 3200
f 3138 3200 3201
f 3137 3202 3136
f 3137 3138 3201
f 3137 3201 3202
f 3206 3224 3205
f 3206 3225 3224
f 3207 3226 3225
f 3207 3225 3206
f 3208 3227 3226
f 3208 3226 3207
f 3209 3228 3227
f 3209 3227 3208
f 3210 3229 3228
f 3210 3230 3229
f 3210 3228 3209
f 3211 3230 3210
f 3212 3231 3230
f 3212 3232 3231
f 3212 3230 3211
f 3213 3232 3212
f 3214 3233 3232
f 3214 3232 3213
f 3215 3234 3233
f 3215 3235 3234
f 3215 3233 3214
f 3216 3235 3215
f 3217 3236 3235
f 3217 3235 3216
f 3218 3237 3236
f 3218 3236 3217
f 3219 3238 3237
f 3219 3237 3218
f 3220 3238 3219
f 3220 3239 3238
f 3221 3239 3220
f 3221 3240 3239
f 3222 3240 3221
f 3222 3241 3240
f 3223 3241 3222
f 3223 3242 3241
f 3293 3265 3266
f 3292 3266 3267
f 3292 3293 3266
f 3294 3264 3265
f 3294 3265 3293
f 3291 3267 3268
f 3291 3292 3267
f 3295 3263 3264
f 3295 3264 3294
f 3290 3268 3269
f 3290 3291 3268
f 3296 3263 3295
f 3296 3262 3263
f 3289 3290 3269
f 3289 3269 3270
f 3297 3262 3296
f 3297 3260 3261
f 3297 3261 3262
f 3288 3289 3270
f 3288 3270 3271
f 3298 3260 3297
f 3287 3288 3271
f 3299 3259 3260
f 3299 3260 3298
f 3286 3271 3272
f 3286 3287 3271
f 3273 3286 3272
f 3300 3258 3259
f 3300 3259 3299
f 3285 3286 3273
f 3301 3258 3300
f 3301 3257 3258
f 3284 3273 3274
f 3284 3285 3273
f 3256 3257 3301
f 3256 3301 3302
f 3275 3283 3284
f 3275 3284 3274
f 3255 3256 3302
f 3255 3302 3303
f 3276 3282 3283
f 3276 3283 3275
f 3304 3255 3303
f 3254 3255 3304
f 3254 3304 3305
f 3277 3281 3282
f 3277 3282 3276
f 3253 3254 3305
f 3278 3280 3281
f 3278 3281 3277
f 3252 3305 3306
f 3252 3306 3307
f 3252 3253 3305
f 3243 3279 3280
f 3243 3280 3278
f 3251 3252 3307
f 3244 3314 3279
f 3244 3279 3243
f 3250 3307 3308
f 3250 3308 3309
f 3250 3251 3307
f 3245 3313 3314
f 3245 3314 3244
f 3249 3250 3309
f 3249 3309 3310
f 3246 3313 3245
f 3246 3312 3313
f 3247 3312 3246
f 3247 3311 3312
f 3248 3311 3247
f 3248 3310 3311
f 3248 3249 3310
f 3316 3334 3315
f 3316 3335 3334
f 3317 3336 3335
f 3317 3335 3316
f 3318 3337 3336
f 3318 3336 3317
f 3319 3338 3337
f 3319 3337 3318
f 3320 3339 3338
f 3320 3340 3339
f 3320 3338 3319
f 3321 3340 3320
f 3322 3341 3340
f 3322 3342 3341
f 3322 3340 3321
f 3323 3342 3322
f 3324 3343 3342
f 3324 3342 3323
f 3325 3344 3343
f 3325 3345 3344
f 3325 3343 3324
f 3326 3345 3325
f 3327 3346 3345
f 3327 3345 3326
f 3328 3347 3346
f 3328 3346 3327
f 3329 3348 3347
f 3329 3347 3328
f 3330 3348 3329
f 3330 3349 3348
f 3331 3349 3330
f 3331 3350 3349
f 3332 3350 3331
f 3332 3351 3350
f 3333 3351 3332
f 3333 3352 3351
f 3403 3375 3376
f 3402 3376 3377
f 3402 3403 3376
f 3404 3374 3375
f 3404 3375 3403
f 3401 3377 3378
f 3401 3402 3377
f 3405 3373 3374
f 3405 3374 3404
f 3400 3378 3379
f 3400 3401 3378
f 3406 3373 3405
f 3406 3372 3373
f 3399 3400 3379
f 3399 3379 3380
f 3398 3399 3380
f 3398 3380 3381
f 3407 3372 3406
f 3407 3371 3372
f 3408 3371 3407
f 3408 3370 3371
f 3397 3398 3381
f 3397 3381 3382
f 3409 3370 3408
f 3409 3369 3370
f 3396 3397 3382
f 3383 3396 3382
f 3368 3369 3409
f 3410 3368 3409
f 3395 3396 3383
f 3384 3395 3383
f 3367 3368 3410
f 3411 3367 3410
f 3394 3395 3384
f 3385 3394 3384
f 3385 3393 3394
f 3366 3367 3411
f 3366 3411 3412
f 3386 3393 3385
f 3386 3392 3393
f 3365 3366 3412
f 3365 3412 3413
f 3387 3392 3386
f 3387 3391 3392
f 3364 3413 3414
f 3364 3365 3413
f 3388 3390 3391
f 3388 3391 3387
f 3363 3414 3415
f 3363 3364 3414
f 3362 3363 3415
f 3362 3415 3416
f 3353 3389 3390
f 3353 3390 3388
f 3361 3416 3417
f 3361 3362 3416
f 3354 3423 3424
f 3354 3424 3389
f 3354 3389 3353
f 3360 3361 3417
f 3360 3417 3418
f 3355 3422 3423
f 3355 3423 3354
f 3356 3421 3422
f 3356 3422 3355
f 3359 3418 3419
f 3359 3360 3418
f 3357 3420 3421
f 3357 3421 3356
f 3358 3420 3357
f 3358 3359 3419
f 3358 3419 3420
f 3426 3444 3425
f 3426 3445 3444
f 3427 3446 3445
f 3427 3445 3426
f 3428 3447 3446
f 3428 3446 3427
f 3429 3448 3447
f 3429 3447 3428
f 3430 3449 3448
f 3430 3450 3449
f 3430 3448 3429
f 3431 3450 3430
f 3432 3451 3450
f 3432 3452 3451
f 3432 3450 3431
f 3433 3452 3432
f 3434 3453 3452
f 3434 3452 3433
f 3435 3454 3453
f 3435 3455 3454
f 3435 3453 3434
f 3436 3455 3435
f 3437 3456 3455
f 3437 3455 3436
f 3438 3457 3456
f 3438 3456 3437
f 3439 3458 3457
f 3439 3457 3438
f 3440 3458 3439
f 3440 3459 3458
f 3441 3459 3440
f 3441 3460 3459
f 3442 3460 3441
f 3442 3461 3460
f 3443 3461 3442
f 3443 3462 3461
f 3513 3484 3485
f 3513 3485 3486
f 3512 3513 3486
f 3514 3483 3484
f 3514 3484 3513
f 3511 3486 3487
f 3511 3512 3486
f 3515 3482 3483
f 3515 3483 3514
f 3510 3487 3488
f 3510 3488 3489
f 3510 3511 3487
f 3516 3482 3515
f 3516 3481 3482
f 3509 3489 3490
f 3509 3510 3489
f 3517 3481 3516
f 3517 3480 3481
f 3508 3509 3490
f 3518 3479 3480
f 3518 3480 3517
f 3507 3490 3491
f 3507 3508 3490
f 3519 3479 3518
f 3506 3507 3491
f 3506 3491 3492
f 3478 3479 3519
f 3493 3506 3492
f 3520 3478 3519
f 3505 3506 3493
f 3477 3478 3520
f 3494 3505 3493
f 3521 3477 3520
f 3504 3505 3494
f 3503 3504 3494
f 3476 3477 3521
f 3476 3521 3522
f 3495 3503 3494
f 3475 3476 3522
f 3475 3522 3523
f 3496 3502 3503
f 3496 3503 3495
f 3474 3523 3524
f 3474 3475 3523
f 3497 3501 3502
f 3497 3502 3496
f 3473 3524 3525
f 3473 3525 3526
f 3473 3474 3524
f 3498 3500 3501
f 3498 3501 3497
f 3472 3526 3527
f 3472 3473 3526
f 3463 3499 3500
f 3463 3500 3498
f 3471 3527 3528
f 3471 3472 3527
f 3464 3534 3499
f 3464 3499 3463
f 3470 3528 3529
f 3470 3471 3528
f 3465 3533 3534
f 3465 3534 3464
f 3469 3470 3529
f 3469 3529 3530
f 3466 3533 3465
f 3466 3532 3533
f 3468 3469 3530
f 3468 3530 3531
f 3467 3532 3466
f 3467 3468 3531
f 3467 3531 3532
f 3536 3554 3535
f 3536 3555 3554
f 3537 3556 3555
f 3537 3555 3536
f 3538 3557 3556
f 3538 3556 3537
f 3539 3558 3557
f 3539 3557 3538
f 3540 3559 3558
f 3540 3560 3559
f 3540 3558 3539
f 3541 3560 3540
f 3542 3561 3560
f 3542 3562 3561
f 3542 3560 3541
f 3543 3562 3542
f 3544 3563 3562
f 3544 3562 3543
f 3545 3564 3563
f 3545 3565 3564
f 3545 3563 3544
f 3546 3565 3545
f 3547 3566 3565
f 3547 3565 3546
f 3548 3567 3566
f 3548 3566 3547
f 3549 3568 3567
f 3549 3567 3548
f 3550 3568 3549
f 3550 3569 3568
f 3551 3569 3550
f 3551 3570 3569
f 3552 3570 3551
f 3552 3571 3570
f 3553 3571 3552
f 3553 3572 3571
f 4046 3594 3595
f 4045 3594 4046
f 4044 3594 4045
f 4047 4046 3595
f 4043 3594 4044
f 4048 4047 3595
f 4049 3595 3596
f 4049 4048 3595
f 4042 3593 3594
f 4042 3594 4043
f 4050 4049 3596
f 4041 3593 4042
f 4051 4050 3596
f 4076 3593 4041
f 4052 3596 3597
f 4052 4051 3596
f 4075 3592 3593
f 4075 3593 4076
f 4053 4052 3597
f 4074 3592 4075
f 4073 3592 4074
f 4072 3591 3592
f 4072 3592 4073
f 4071 3591 4072
f 4009 3598 3599
f 4009 3599 4010
f 4008 3598 4009
f 4011 4010 3599
f 4007 3598 4008
f 4012 3599 3600
f 4012 4011 3599
f 4013 4012 3600
f 4006 3598 4007
f 4006 3597 3598
f 4005 3597 4006
f 4014 4013 3600
f 4015 4014 3600
f 4016 4015 3600
f 4016 3600 3601
f 4017 4016 3601
f 4018 4017 3601
f 3614 4053 3597
f 3614 4054 4053
f 3613 4054 3614
f 3613 4055 4054
f 4019 4018 3601
f 3615 3614 3597
f 3612 4055 3613
f 3612 4056 4055
f 3616 3597 4005
f 3616 3615 3597
f 3616 4005 4040
f 3611 4056 3612
f 3611 4057 4056
f 3617 3616 4040
f 3617 4040 4039
f 3610 4057 3611
f 3610 4058 4057
f 3618 3617 4039
f 3618 4039 4038
f 3609 4058 3610
f 3609 4059 4058
f 3602 4019 3601
f 3602 4020 4019
f 3602 4021 4020
f 3619 4038 4037
f 3619 3618 4038
f 3644 4059 3609
f 3644 4060 4059
f 4022 4021 3602
f 3620 4037 4036
f 3620 3619 4037
f 3643 4060 3644
f 3643 4061 4060
f 3621 4036 4035
f 3621 3620 4036
f 3642 4061 3643
f 3642 4062 4061
f 3641 4062 3642
f 3622 4035 4034
f 3622 3621 4035
f 3623 4034 4033
f 3623 3622 4034
f 3624 4033 4032
f 3624 3623 4033
f 3625 3624 4032
f 3793 4068 4067
f 3794 3793 4067
f 3794 4067 4066
f 3792 4068 3793
f 3792 4069 4068
f 3795 3794 4066
f 3795 4066 4065
f 3796 3795 4065
f 3796 4065 4064
f 3791 4069 3792
f 3791 4070 4069
f 3797 3796 4064
f 3797 4064 4063
f 3790 3591 4071
f 3790 4070 3791
f 3790 4071 4070
f 3798 3797 4063
f 3798 4063 4062
f 3789 3591 3790
f 3799 4062 3641
f 3799 3641 3640
f 3799 3798 4062
f 3824 3591 3789
f 3800 3799 3640
f 3801 3640 3639
f 3801 3800 3640
f 3603 4023 4022
f 3603 4022 3602
f 3866 3590 3591
f 3865 3590 3866
f 3864 3590 3865
f 3867 3866 3591
f 3867 3591 3824
f 3863 3589 3590
f 3863 3590 3864
f 3868 3824 3823
f 3868 3867 3824
f 3848 3635 3634
f 3848 3636 3635
f 3847 3636 3848
f 3847 3637 3636
f 3847 3638 3637
f 3869 3868 3823
f 3869 3823 3822
f 3862 3589 3863
f 3849 3848 3634
f 3849 3633 3632
f 3849 3634 3633
f 3846 3802 3801
f 3846 3638 3847
f 3846 3639 3638
f 3846 3801 3639
f 3861 3589 3862
f 3870 3869 3822
f 3870 3822 3821
f 3871 3870 3821
f 3871 3821 3820
f 3896 3588 3589
f 3896 3589 3861
f 3850 3849 3632
f 3850 3631 3630
f 3850 3632 3631
f 3845 3803 3802
f 3845 3804 3803
f 3845 3802 3846
f 3872 3871 3820
f 3872 3820 3819
f 3895 3588 3896
f 3873 3819 3818
f 3873 3872 3819
f 3894 3588 3895
f 3851 3850 3630
f 3851 3629 3628
f 3851 3630 3629
f 3844 3805 3804
f 3844 3806 3805
f 3844 3804 3845
f 3874 3818 3817
f 3874 3873 3818
f 3893 3588 3894
f 3650 4030 4029
f 3649 4031 4030
f 3649 4030 3650
f 3651 3650 4029
f 3651 4029 4028
f 3648 4032 4031
f 3648 4031 3649
f 3875 3874 3817
f 3875 3817 3816
f 3892 3588 3893
f 3647 4032 3648
f 3647 3625 4032
f 3652 4028 4027
f 3652 3651 4028
f 3852 3628 3627
f 3852 3851 3628
f 3843 3807 3806
f 3843 3808 3807
f 3843 3806 3844
f 3646 3625 3647
f 3646 3626 3625
f 3646 3627 3626
f 3653 4027 4026
f 3653 3652 4027
f 3876 3875 3816
f 3876 3816 3815
f 3654 4026 4025
f 3654 3653 4026
f 3645 3852 3627
f 3645 3627 3646
f 3655 4025 4024
f 3655 3654 4025
f 3680 3852 3645
f 3656 3655 4024
f 3656 4024 4023
f 3656 4023 3603
f 3853 3680 3679
f 3853 3852 3680
f 3842 3809 3808
f 3842 3810 3809
f 3842 3808 3843
f 3657 3656 3603
f 3678 3853 3679
f 3658 3657 3603
f 3854 3677 3676
f 3854 3678 3677
f 3854 3853 3678
f 3841 3811 3810
f 3841 3812 3811
f 3841 3810 3842
f 3587 3890 3889
f 3587 3891 3890
f 3587 3892 3891
f 3587 3588 3892
f 3855 3675 3674
f 3855 3676 3675
f 3855 3854 3676
f 3840 3812 3841
f 3840 3813 3812
f 3856 3674 3673
f 3856 3855 3674
f 3856 3673 3672
f 3857 3856 3672
f 3857 3671 3670
f 3857 3672 3671
f 3757 3876 3815
f 3758 3815 3814
f 3758 3757 3815
f 3756 3877 3876
f 3756 3876 3757
f 3759 3758 3814
f 3759 3813 3840
f 3759 3814 3813
f 3755 3878 3877
f 3755 3877 3756
f 3760 3759 3840
f 3760 3840 3839
f 3858 3857 3670
f 3858 3670 3669
f 3754 3879 3878
f 3754 3878 3755
f 3761 3760 3839
f 3762 3761 3839
f 3762 3839 3838
f 3753 3880 3879
f 3753 3879 3754
f 3763 3762 3838
f 3788 3881 3880
f 3788 3880 3753
f 3787 3882 3881
f 3787 3881 3788
f 3764 3763 3838
f 3764 3838 3837
f 3586 3587 3889
f 3586 3887 3886
f 3586 3888 3887
f 3586 3889 3888
f 3786 3883 3882
f 3786 3882 3787
f 3765 3764 3837
f 3785 3884 3883
f 3785 3883 3786
f 3766 3765 3837
f 3766 3837 3836
f 3973 3660 3659
f 3974 3973 3659
f 3974 3659 3658
f 3972 3660 3973
f 3972 3661 3660
f 3975 3658 3603
f 3975 3974 3658
f 3767 3766 3836
f 3784 3885 3884
f 3784 3884 3785
f 3971 3661 3972
f 3971 3662 3661
f 3976 3603 3604
f 3976 3975 3603
f 3970 3662 3971
f 3970 3663 3662
f 3977 3976 3604
f 3768 3767 3836
f 3835 3768 3836
f 3978 3977 3604
f 3969 3663 3970
f 3969 3664 3663
f 3769 3768 3835
f 3979 3978 3604
f 3979 3604 3605
f 4004 3664 3969
f 4004 3665 3664
f 3770 3769 3835
f 3980 3979 3605
f 4003 3665 4004
f 4003 3666 3665
f 3981 3980 3605
f 4002 3666 4003
f 4002 3667 3666
f 3834 3770 3835
f 3834 3771 3770
f 3982 3981 3605
f 3686 3859 3858
f 3686 3685 3859
f 3687 3858 3669
f 3687 3686 3858
f 3684 3860 3859
f 3684 3859 3685
f 3688 3687 3669
f 3688 3669 3668
f 3683 3860 3684
f 3689 3667 4002
f 3689 3668 3667
f 3689 3688 3668
f 3682 3825 3860
f 3682 3860 3683
f 3690 4002 4001
f 3690 3689 4002
f 3681 3825 3682
f 3691 3690 4001
f 3691 4001 4000
f 3716 3825 3681
f 3716 3826 3825
f 3715 3826 3716
f 3692 3691 4000
f 3692 4000 3999
f 3606 3982 3605
f 3606 3983 3982
f 3606 3984 3983
f 3606 3985 3984
f 3606 3986 3985
f 3585 3783 3782
f 3585 3784 3783
f 3585 3886 3885
f 3585 3586 3886
f 3585 3885 3784
f 3693 3692 3999
f 3693 3999 3998
f 3714 3826 3715
f 3714 3827 3826
f 3694 3693 3998
f 3694 3998 3997
f 3713 3827 3714
f 3695 3997 3996
f 3695 3694 3997
f 3712 3828 3827
f 3712 3827 3713
f 3696 3996 3995
f 3696 3695 3996
f 3711 3828 3712
f 3697 3696 3995
f 3697 3995 3994
f 3698 3994 3993
f 3698 3697 3994
f 3722 3721 3832
f 3722 3832 3831
f 3720 3832 3721
f 3720 3833 3832
f 3723 3722 3831
f 3719 3833 3720
f 3724 3723 3831
f 3724 3831 3830
f 3718 3833 3719
f 3718 3834 3833
f 3725 3724 3830
f 3717 3771 3834
f 3717 3834 3718
f 3726 3830 3829
f 3726 3725 3830
f 3727 3726 3829
f 3752 3771 3717
f 3752 3772 3771
f 3728 3829 3828
f 3728 3727 3829
f 3751 3772 3752
f 3751 3773 3772
f 3729 3828 3711
f 3729 3728 3828
f 3730 3711 3710
f 3730 3729 3711
f 3902 3778 3777
f 3901 3779 3778
f 3901 3778 3902
f 3731 3710 3709
f 3731 3730 3710
f 3900 3780 3779
f 3900 3779 3901
f 3903 3777 3776
f 3903 3902 3777
f 3899 3781 3780
f 3899 3780 3900
f 3904 3776 3775
f 3904 3903 3776
f 3898 3781 3899
f 3898 3782 3781
f 3905 3775 3774
f 3905 3904 3775
f 3906 3905 3774
f 3906 3751 3750
f 3906 3773 3751
f 3906 3774 3773
f 3897 3782 3898
f 3897 3585 3782
f 3907 3906 3750
f 3907 3750 3749
f 3932 3585 3897
f 3607 3987 3986
f 3607 3988 3987
f 3607 3989 3988
f 3607 3986 3606
f 3584 3585 3932
f 3908 3907 3749
f 3908 3749 3748
f 3931 3584 3932
f 3909 3908 3748
f 3909 3748 3747
f 3930 3584 3931
f 3910 3909 3747
f 3910 3747 3746
f 3929 3584 3930
f 3911 3910 3746
f 3911 3746 3745
f 3912 3745 3744
f 3912 3911 3745
f 3913 3744 3743
f 3913 3912 3744
f 3914 3743 3742
f 3914 3913 3743
f 3915 3914 3742
f 3938 3707 3706
f 3937 3708 3707
f 3937 3707 3938
f 3939 3706 3705
f 3939 3938 3706
f 3936 3708 3937
f 3936 3709 3708
f 3936 3732 3731
f 3936 3731 3709
f 3935 3732 3936
f 3935 3733 3732
f 3940 3705 3704
f 3940 3939 3705
f 3934 3734 3733
f 3934 3733 3935
f 3941 3940 3704
f 3941 3704 3703
f 3942 3703 3702
f 3942 3941 3703
f 3933 3734 3934
f 3933 3735 3734
f 3608 3990 3989
f 3608 3991 3990
f 3608 3992 3991
f 3608 3989 3607
f 3583 3927 3926
f 3583 3928 3927
f 3583 3929 3928
f 3583 3584 3929
f 3943 3942 3702
f 3943 3702 3701
f 3968 3736 3735
f 3968 3735 3933
f 3944 3701 3700
f 3944 3943 3701
f 3967 3736 3968
f 3967 3737 3736
f 3945 3944 3700
f 3966 3738 3737
f 3966 3737 3967
f 3965 3738 3966
f 3965 3739 3738
f 3964 3740 3739
f 3964 3739 3965
f 3963 3740 3964
f 3582 3923 3922
f 3582 3924 3923
f 3582 3925 3924
f 3582 3926 3925
f 3582 3583 3926
f 3573 3993 3992
f 3573 3699 3698
f 3573 3700 3699
f 3573 3945 3700
f 3573 3992 3608
f 3573 3946 3945
f 3573 3698 3993
f 3581 3920 3919
f 3581 3921 3920
f 3581 3922 3921
f 3581 3582 3922
f 3574 3946 3573
f 3574 3947 3946
f 3574 3948 3947
f 3574 3949 3948
f 3575 3949 3574
f 3575 3950 3949
f 3575 3951 3950
f 3575 3952 3951
f 3580 3917 3916
f 3580 3918 3917
f 3580 3919 3918
f 3580 3581 3919
f 3576 3952 3575
f 3576 3953 3952
f 3576 3954 3953
f 3576 3955 3954
f 3576 3956 3955
f 3579 3916 3915
f 3579 3740 3963
f 3579 3580 3916
f 3579 3741 3740
f 3579 3742 3741
f 3579 3963 3962
f 3579 3915 3742
f 3577 3956 3576
f 3577 3957 3956
f 3577 3958 3957
f 3577 3959 3958
f 3578 3960 3959
f 3578 3961 3960
f 3578 3962 3961
f 3578 3959 3577
f 3578 3579 3962
f 4127 4099 4100
f 4126 4100 4101
f 4126 4127 4100
f 4128 4097 4098
f 4128 4098 4099
f 4128 4099 4127
f 4125 4101 4102
f 4125 4126 4101
f 4129 4096 4097
f 4129 4097 4128
f 4124 4102 4103
f 4124 4125 4102
f 4130 4095 4096
f 4130 4096 4129
f 4123 4103 4104
f 4123 4124 4103
f 4131 4095 4130
f 4131 4094 4095
f 4122 4104 4105
f 4122 4123 4104
f 4132 4094 4131
f 4121 4122 4105
f 4106 4121 4105
f 4093 4094 4132
f 4133 4093 4132
f 4120 4121 4106
f 4107 4120 4106
f 4092 4093 4133
f 4134 4092 4133
f 4119 4120 4107
f 4108 4119 4107
f 4091 4092 4134
f 4135 4091 4134
f 4118 4119 4108
f 4109 4118 4108
f 4109 4117 4118
f 4090 4091 4135
f 4090 4135 4136
f 4110 4116 4117
f 4110 4117 4109
f 4089 4090 4136
f 4089 4136 4137
f 4111 4115 4116
f 4111 4116 4110
f 4088 4137 4138
f 4088 4089 4137
f 4112 4114 4115
f 4112 4115 4111
f 4087 4088 4138
f 4087 4138 4139
f 4086 4087 4139
f 4086 4139 4140
f 4077 4113 4114
f 4077 4114 4112
f 4085 4140 4141
f 4085 4086 4140
f 4078 4148 4113
f 4078 4113 4077
f 4084 4141 4142
f 4084 4085 4141
f 4079 4147 4148
f 4079 4148 4078
f 4080 4147 4079
f 4080 4146 4147
f 4083 4084 4142
f 4083 4142 4143
f 4081 4146 4080
f 4081 4144 4145
f 4081 4145 4146
f 4082 4083 4143
f 4082 4144 4081
f 4082 4143 4144
f 4149 4169 4168
f 4150 4169 4149
f 4151 4170 4169
f 4151 4169 4150
f 4152 4171 4170
f 4152 4172 4171
f 4152 4170 4151
f 4153 4172 4152
f 4154 4173 4172
f 4154 4172 4153
f 4155 4174 4173
f 4155 4175 4174
f 4155 4173 4154
f 4156 4175 4155
f 4157 4176 4175
f 4157 4175 4156
f 4158 4177 4176
f 4158 4176 4157
f 4159 4178 4177
f 4159 4177 4158
f 4160 4179 4178
f 4160 4178 4159
f 4161 4180 4179
f 4161 4179 4160
f 4162 4181 4180
f 4162 4180 4161
f 4163 4182 4181
f 4163 4181 4162
f 4164 4182 4163
f 4164 4183 4182
f 4165 4183 4164
f 4165 4184 4183
f 4166 4184 4165
f 4166 4185 4184
f 4166 4186 4185
f 4167 4186 4166
f 4236 4210 4211
f 4237 4209 4210
f 4237 4210 4236
f 4238 4208 4209
f 4238 4209 4237
f 4235 4211 4212
f 4235 4236 4211
f 4239 4207 4208
f 4239 4208 4238
f 4234 4212 4213
f 4234 4235 4212
f 4240 4206 4207
f 4240 4207 4239
f 4233 4213 4214
f 4233 4234 4213
f 4232 4233 4214
f 4232 4214 4215
f 4241 4206 4240
f 4241 4205 4206
f 4242 4205 4241
f 4242 4204 4205
f 4231 4232 4215
f 4216 4231 4215
f 4243 4204 4242
f 4243 4203 4204
f 4230 4231 4216
f 4217 4230 4216
f 4244 4203 4243
f 4244 4202 4203
f 4229 4230 4217
f 4218 4229 4217
f 4245 4201 4202
f 4245 4202 4244
f 4228 4229 4218
f 4219 4228 4218
f 4219 4227 4228
f 4200 4201 4245
f 4200 4245 4246
f 4220 4226 4227
f 4220 4227 4219
f 4199 4200 4246
f 4199 4246 4247
f 4225 4226 4220
f 4221 4225 4220
f 4198 4199 4247
f 4198 4247 4248
f 4224 4225 4221
f 4222 4223 4224
f 4222 4224 4221
f 4197 4248 4249
f 4197 4198 4248
f 4187 4223 4222
f 4187 4258 4223
f 4196 4249 4250
f 4196 4197 4249
f 4188 4257 4258
f 4188 4258 4187
f 4195 4250 4251
f 4195 4196 4250
f 4194 4251 4252
f 4194 4195 4251
f 4189 4256 4257
f 4189 4257 4188
f 4190 4256 4189
f 4190 4255 4256
f 4193 4194 4252
f 4193 4252 4253
f 4191 4255 4190
f 4191 4254 4255
f 4192 4254 4191
f 4192 4193 4253
f 4192 4253 4254
f 4259 4279 4278
f 4260 4279 4259
f 4261 4280 4279
f 4261 4279 4260
f 4262 4281 4280
f 4262 4282 4281
f 4262 4280 4261
f 4263 4282 4262
f 4264 4283 4282
f 4264 4282 4263
f 4265 4284 4283
f 4265 4285 4284
f 4265 4283 4264
f 4266 4285 4265
f 4267 4286 4285
f 4267 4285 4266
f 4268 4287 4286
f 4268 4286 4267
f 4269 4288 4287
f 4269 4287 4268
f 4270 4289 4288
f 4270 4288 4269
f 4271 4290 4289
f 4271 4289 4270
f 4272 4291 4290
f 4272 4290 4271
f 4273 4292 4291
f 4273 4291 4272
f 4274 4292 4273
f 4274 4293 4292
f 4275 4293 4274
f 4275 4294 4293
f 4276 4294 4275
f 4276 4295 4294
f 4276 4296 4295
f 4277 4296 4276
f 4347 4319 4320
f 4346 4320 4321
f 4346 4347 4320
f 4348 4318 4319
f 4348 4319 4347
f 4345 4321 4322
f 4345 4346 4321
f 4349 4317 4318
f 4349 4318 4348
f 4344 4322 4323
f 4344 4345 4322
f 4350 4316 4317
f 4350 4317 4349
f 4343 4323 4324
f 4343 4344 4323
f 4351 4316 4350
f 4351 4315 4316
f 4342 4343 4324
f 4352 4315 4351
f 4352 4314 4315
f 4341 4342 4324
f 4341 4324 4325
f 4353 4313 4314
f 4353 4314 4352
f 4340 4341 4325
f 4340 4325 4326
f 4354 4313 4353
f 4354 4312 4313
f 4339 4340 4326
f 4339 4326 4327
f 4355 4312 4354
f 4355 4311 4312
f 4338 4339 4327
f 4338 4327 4328
f 4356 4311 4355
f 4337 4338 4328
f 4329 4337 4328
f 4310 4311 4356
f 4357 4310 4356
f 4336 4337 4329
f 4330 4336 4329
f 4309 4310 4357
f 4358 4309 4357
f 4335 4336 4330
f 4331 4335 4330
f 4308 4309 4358
f 4359 4308 4358
f 4334 4335 4331
f 4332 4333 4334
f 4332 4334 4331
f 4307 4359 4360
f 4307 4308 4359
f 4306 4307 4360
f 4297 4368 4333
f 4297 4333 4332
f 4305 4360 4361
f 4305 4306 4360
f 4298 4367 4368
f 4298 4368 4297
f 4304 4361 4362
f 4304 4305 4361
f 4299 4366 4367
f 4299 4367 4298
f 4303 4304 4362
f 4303 4362 4363
f 4300 4366 4299
f 4300 4365 4366
f 4302 4363 4364
f 4302 4303 4363
f 4301 4365 4300
f 4301 4302 4364
f 4301 4364 4365
f 4369 4389 4388
f 4370 4389 4369
f 4371 4390 4389
f 4371 4389 4370
f 4372 4391 4390
f 4372 4392 4391
f 4372 4390 4371
f 4373 4392 4372
f 4374 4393 4392
f 4374 4392 4373
f 4375 4394 4393
f 4375 4395 4394
f 4375 4393 4374
f 4376 4395 4375
f 4377 4396 4395
f 4377 4395 4376
f 4378 4397 4396
f 4378 4396 4377
f 4379 4398 4397
f 4379 4397 4378
f 4380 4399 4398
f 4380 4398 4379
f 4381 4400 4399
f 4381 4399 4380
f 4382 4401 4400
f 4382 4400 4381
f 4383 4402 4401
f 4383 4401 4382
f 4384 4402 4383
f 4384 4403 4402
f 4385 4403 4384
f 4385 4404 4403
f 4386 4404 4385
f 4386 4405 4404
f 4386 4406 4405
f 4387 4406 4386
f 4457 4429 4430
f 4456 4430 4431
f 4456 4457 4430
f 4458 4428 4429
f 4458 4429 4457
f 4455 4431 4432
f 4455 4456 4431
f 4459 4427 4428
f 4459 4428 4458
f 4454 4432 4433
f 4454 4455 4432
f 4460 4426 4427
f 4460 4427 4459
f 4453 4433 4434
f 4453 4454 4433
f 4461 4425 4426
f 4461 4426 4460
f 4452 4434 4435
f 4452 4453 4434
f 4462 4424 4425
f 4462 4425 4461
f 4451 4452 4435
f 4436 4451 4435
f 4463 4423 4424
f 4463 4424 4462
f 4450 4451 4436
f 4437 4450 4436
f 4464 4423 4463
f 4464 4422 4423
f 4449 4450 4437
f 4465 4421 4422
f 4465 4422 4464
f 4448 4437 4438
f 4448 4449 4437
f 4466 4421 4465
f 4439 4447 4448
f 4439 4448 4438
f 4420 4421 4466
f 4467 4420 4466
f 4440 4447 4439
f 4440 4446 4447
f 4419 4420 4467
f 4468 4419 4467
f 4441 4445 4446
f 4441 4446 4440
f 4418 4419 4468
f 4442 4444 4445
f 4442 4445 4441
f 4417 4468 4469
f 4417 4469 4470
f 4417 4418 4468
f 4416 4470 4471
f 4416 4417 4470
f 4407 4443 4444
f 4407 4444 4442
f 4415 4471 4472
f 4415 4416 4471
f 4408 4478 4443
f 4408 4443 4407
f 4414 4415 4472
f 4409 4478 4408
f 4409 4477 4478
f 4410 4477 4409
f 4410 4475 4476
f 4410 4476 4477
f 4413 4472 4473
f 4413 4473 4474
f 4413 4414 4472
f 4411 4475 4410
f 4412 4413 4474
f 4412 4474 4475
f 4412 4475 4411
f 4479 4499 4498
f 4480 4499 4479
f 4481 4500 4499
f 4481 4499 4480
f 4482 4501 4500
f 4482 4502 4501
f 4482 4500 4481
f 4483 4502 4482
f 4484 4503 4502
f 4484 4502 4483
f 4485 4504 4503
f 4485 4505 4504
f 4485 4503 4484
f 4486 4505 4485
f 4487 4506 4505
f 4487 4505 4486
f 4488 4507 4506
f 4488 4506 4487
f 4489 4508 4507
f 4489 4507 4488
f 4490 4509 4508
f 4490 4508 4489
f 4491 4510 4509
f 4491 4509 4490
f 4492 4511 4510
f 4492 4510 4491
f 4493 4512 4511
f 4493 4511 4492
f 4494 4512 4493
f 4494 4513 4512
f 4495 4513 4494
f 4495 4514 4513
f 4496 4514 4495
f 4496 4515 4514
f 4496 4516 4515
f 4497 4516 4496
f 4567 4538 4539
f 4566 4539 4540
f 4566 4567 4539
f 4568 4537 4538
f 4568 4538 4567
f 4565 4540 4541
f 4565 4566 4540
f 4569 4536 4537
f 4569 4537 4568
f 4564 4541 4542
f 4564 4565 4541
f 4570 4535 4536
f 4570 4536 4569
f 4563 4542 4543
f 4563 4564 4542
f 4571 4535 4570
f 4571 4534 4535
f 4562 4563 4543
f 4562 4543 4544
f 4562 4544 4545
f 4572 4534 4571
f 4561 4562 4545
f 4546 4561 4545
f 4533 4534 4572
f 4573 4533 4572
f 4560 4561 4546
f 4547 4560 4546
f 4532 4533 4573
f 4574 4532 4573
f 4559 4560 4547
f 4548 4559 4547
f 4531 4532 4574
f 4575 4531 4574
f 4558 4559 4548
f 4549 4557 4558
f 4549 4558 4548
f 4530 4531 4575
f 4530 4575 4576
f 4550 4557 4549
f 4550 4556 4557
f 4529 4530 4576
f 4529 4576 4577
f 4551 4555 4556
f 4551 4556 4550
f 4528 4577 4578
f 4528 4529 4577
f 4579 4528 4578
f 4552 4554 4555
f 4552 4555 4551
f 4527 4528 4579
f 4526 4579 4580
f 4526 4580 4581
f 4526 4527 4579
f 4517 4553 4554
f 4517 4554 4552
f 4525 4526 4581
f 4518 4588 4553
f 4518 4553 4517
f 4524 4581 4582
f 4524 4582 4583
f 4524 4525 4581
f 4519 4588 4518
f 4519 4587 4588
f 4520 4587 4519
f 4520 4586 4587
f 4523 4524 4583
f 4523 4583 4584
f 4521 4586 4520
f 4521 4585 4586
f 4522 4523 4584
f 4522 4585 4521
f 4522 4584 4585
f 4589 4609 4608
f 4590 4609 4589
f 4591 4610 4609
f 4591 4609 4590
f 4592 4611 4610
f 4592 4612 4611
f 4592 4610 4591
f 4593 4612 4592
f 4594 4613 4612
f 4594 4612 4593
f 4595 4614 4613
f 4595 4615 4614
f 4595 4613 4594
f 4596 4615 4595
f 4597 4616 4615
f 4597 4615 4596
f 4598 4617 4616
f 4598 4616 4597
f 4599 4618 4617
f 4599 4617 4598
f 4600 4619 4618
f 4600 4618 4599
f 4601 4620 4619
f 4601 4619 4600
f 4602 4621 4620
f 4602 4620 4601
f 4603 4622 4621
f 4603 4621 4602
f 4604 4622 4603
f 4604 4623 4622
f 4605 4623 4604
f 4605 4624 4623
f 4606 4624 4605
f 4606 4625 4624
f 4606 4626 4625
f 4607 4626 4606
f 4677 4648 4649
f 4676 4649 4650
f 4676 4677 4649
f 4678 4647 4648
f 4678 4648 4677
f 4675 4650 4651
f 4675 4676 4650
f 4679 4646 4647
f 4679 4647 4678
f 4674 4651 4652
f 4674 4652 4653
f 4674 4675 4651
f 4680 4645 4646
f 4680 4646 4679
f 4673 4674 4653
f 4673 4653 4654
f 4681 4644 4645
f 4681 4645 4680
f 4672 4673 4654
f 4672 4654 4655
f 4682 4644 4681
f 4671 4672 4655
f 4656 4671 4655
f 4643 4644 4682
f 4683 4643 4682
f 4670 4671 4656
f 4657 4670 4656
f 4642 4643 4683
f 4684 4642 4683
f 4669 4670 4657
f 4658 4669 4657
f 4641 4642 4684
f 4685 4641 4684
f 4668 4669 4658
f 4659 4667 4668
f 4659 4668 4658
f 4640 4641 4685
f 4640 4685 4686
f 4660 4666 4667
f 4660 4667 4659
f 4639 4640 4686
f 4639 4686 4687
f 4661 4665 4666
f 4661 4666 4660
f 4638 4687 4688
f 4638 4639 4687
f 4662 4664 4665
f 4662 4665 4661
f 4637 4688 4689
f 4637 4638 4688
f 4636 4689 4690
f 4636 4637 4689
f 4627 4663 4664
f 4627 4664 4662
f 4635 4690 4691
f 4635 4636 4690
f 4628 4698 4663
f 4628 4663 4627
f 4634 4691 4692
f 4634 4692 4693
f 4634 4635 4691
f 4629 4697 4698
f 4629 4698 4628
f 4633 4693 4694
f 4633 4634 4693
f 4630 4697 4629
f 4630 4696 4697
f 4632 4633 4694
f 4632 4694 4695
f 4631 4632 4695
f 4631 4695 4696
f 4631 4696 4630
f 4699 4719 4718
f 4700 4719 4699
f 4701 4720 4719
f 4701 4719 4700
f 4702 4721 4720
f 4702 4722 4721
f 4702 4720 4701
f 4703 4722 4702
f 4704 4723 4722
f 4704 4722 4703
f 4705 4724 4723
f 4705 4725 4724
f 4705 4723 4704
f 4706 4725 4705
f 4707 4726 4725
f 4707 4725 4706
f 4708 4727 4726
f 4708 4726 4707
f 4709 4728 4727
f 4709 4727 4708
f 4710 4729 4728
f 4710 4728 4709
f 4711 4730 4729
f 4711 4729 4710
f 4712 4731 4730
f 4712 4730 4711
f 4713 4732 4731
f 4713 4731 4712
f 4714 4732 4713
f 4714 4733 4732
f 4715 4733 4714
f 4715 4734 4733
f 4716 4734 4715
f 4716 4735 4734
f 4716 4736 4735
f 4717 4736 4716
