# generated by step_to_parts.py -- 3108 verts, 3052 tris
v -0.399174 -0.553905 -0.070929
v -0.389855 -0.555749 -0.070929
v -0.388597 -0.549390 -0.074176
v -0.388551 -0.549162 -0.073589
v -0.388527 -0.549037 -0.072970
v -0.388523 -0.549020 -0.072338
v -0.388541 -0.549110 -0.071713
v -0.388580 -0.549306 -0.071114
v -0.388638 -0.549601 -0.070558
v -0.388714 -0.549986 -0.070063
v -0.388806 -0.550449 -0.069643
v -0.388911 -0.550977 -0.069312
v -0.389025 -0.551553 -0.069079
v -0.389145 -0.552161 -0.068952
v -0.389267 -0.552780 -0.068934
v -0.389389 -0.553393 -0.069027
v -0.389505 -0.553982 -0.069226
v -0.389613 -0.554527 -0.069526
v -0.389709 -0.555013 -0.069919
v -0.389790 -0.555424 -0.070391
v -0.397916 -0.547546 -0.074176
v -0.397871 -0.547318 -0.073589
v -0.397846 -0.547193 -0.072970
v -0.397843 -0.547176 -0.072338
v -0.397861 -0.547267 -0.071713
v -0.397899 -0.547462 -0.071114
v -0.397958 -0.547757 -0.070558
v -0.398034 -0.548142 -0.070063
v -0.398126 -0.548605 -0.069643
v -0.398230 -0.549133 -0.069312
v -0.398344 -0.549710 -0.069079
v -0.398464 -0.550317 -0.068952
v -0.398587 -0.550936 -0.068934
v -0.398708 -0.551550 -0.069027
v -0.398824 -0.552138 -0.069226
v -0.398932 -0.552683 -0.069526
v -0.399028 -0.553169 -0.069919
v -0.399110 -0.553581 -0.070391
v -0.401836 -0.567358 -0.068113
v -0.392516 -0.569202 -0.068113
v -0.391258 -0.562843 -0.071360
v -0.391213 -0.562615 -0.070772
v -0.391188 -0.562490 -0.070153
v -0.391185 -0.562473 -0.069522
v -0.391203 -0.562563 -0.068897
v -0.391242 -0.562759 -0.068297
v -0.391300 -0.563054 -0.067741
v -0.391376 -0.563439 -0.067246
v -0.391468 -0.563902 -0.066826
v -0.391572 -0.564430 -0.066495
v -0.391686 -0.565006 -0.066262
v -0.391806 -0.565614 -0.066135
v -0.391929 -0.566233 -0.066118
v -0.392050 -0.566846 -0.066210
v -0.392167 -0.567435 -0.066409
v -0.392275 -0.567980 -0.066710
v -0.392371 -0.568466 -0.067102
v -0.392452 -0.568877 -0.067575
v -0.400578 -0.560999 -0.071360
v -0.400532 -0.560771 -0.070772
v -0.400508 -0.560646 -0.070153
v -0.400504 -0.560629 -0.069522
v -0.400522 -0.560720 -0.068897
v -0.400561 -0.560915 -0.068297
v -0.400619 -0.561210 -0.067741
v -0.400695 -0.561595 -0.067246
v -0.400787 -0.562058 -0.066826
v -0.400892 -0.562586 -0.066495
v -0.401006 -0.563163 -0.066262
v -0.401126 -0.563770 -0.066135
v -0.401248 -0.564389 -0.066118
v -0.401370 -0.565003 -0.066210
v -0.401486 -0.565591 -0.066409
v -0.401594 -0.566136 -0.066710
v -0.401690 -0.566622 -0.067102
v -0.401772 -0.567034 -0.067575
v -0.400889 -0.562572 -0.044360
v -0.391570 -0.564416 -0.044360
v -0.390311 -0.558057 -0.047607
v -0.390266 -0.557829 -0.047019
v -0.390242 -0.557704 -0.046400
v -0.390238 -0.557687 -0.045769
v -0.390256 -0.557777 -0.045144
v -0.390295 -0.557973 -0.044544
v -0.390353 -0.558268 -0.043988
v -0.390429 -0.558653 -0.043493
v -0.390521 -0.559116 -0.043073
v -0.390625 -0.559644 -0.042742
v -0.390739 -0.560220 -0.042510
v -0.390860 -0.560828 -0.042382
v -0.390982 -0.561447 -0.042365
v -0.391103 -0.562061 -0.042457
v -0.391220 -0.562649 -0.042656
v -0.391328 -0.563194 -0.042957
v -0.391424 -0.563680 -0.043349
v -0.391505 -0.564091 -0.043822
v -0.399631 -0.556214 -0.047607
v -0.399586 -0.555985 -0.047019
v -0.399561 -0.555861 -0.046400
v -0.399557 -0.555843 -0.045769
v -0.399575 -0.555934 -0.045144
v -0.399614 -0.556129 -0.044544
v -0.399672 -0.556424 -0.043988
v -0.399749 -0.556809 -0.043493
v -0.399840 -0.557272 -0.043073
v -0.399945 -0.557800 -0.042742
v -0.400059 -0.558377 -0.042510
v -0.400179 -0.558984 -0.042382
v -0.400301 -0.559603 -0.042365
v -0.400423 -0.560217 -0.042457
v -0.400539 -0.560805 -0.042656
v -0.400647 -0.561350 -0.042957
v -0.400743 -0.561836 -0.043349
v -0.400825 -0.562248 -0.043822
v -0.398227 -0.549120 -0.047177
v -0.388908 -0.550963 -0.047177
v -0.387650 -0.544604 -0.050424
v -0.387605 -0.544376 -0.049836
v -0.387580 -0.544251 -0.049217
v -0.387576 -0.544234 -0.048586
v -0.387594 -0.544325 -0.047960
v -0.387633 -0.544520 -0.047361
v -0.387691 -0.544815 -0.046805
v -0.387768 -0.545200 -0.046310
v -0.387859 -0.545663 -0.045890
v -0.387964 -0.546191 -0.045559
v -0.388078 -0.546768 -0.045326
v -0.388198 -0.547375 -0.045199
v -0.388320 -0.547994 -0.045181
v -0.388442 -0.548608 -0.045274
v -0.388558 -0.549196 -0.045473
v -0.388666 -0.549741 -0.045774
v -0.388762 -0.550227 -0.046166
v -0.388844 -0.550639 -0.046638
v -0.396969 -0.542761 -0.050424
v -0.396924 -0.542532 -0.049836
v -0.396899 -0.542408 -0.049217
v -0.396896 -0.542390 -0.048586
v -0.396914 -0.542481 -0.047960
v -0.396952 -0.542676 -0.047361
v -0.397011 -0.542971 -0.046805
v -0.397087 -0.543356 -0.046310
v -0.397179 -0.543819 -0.045890
v -0.397283 -0.544347 -0.045559
v -0.397397 -0.544924 -0.045326
v -0.397517 -0.545531 -0.045199
v -0.397640 -0.546151 -0.045181
v -0.397761 -0.546764 -0.045274
v -0.397878 -0.547352 -0.045473
v -0.397985 -0.547897 -0.045774
v -0.398082 -0.548383 -0.046166
v -0.398163 -0.548795 -0.046638
v -0.402637 -0.537916 -0.061299
v -0.386941 -0.541022 -0.061299
v -0.385240 -0.532426 -0.065688
v -0.385179 -0.532118 -0.064894
v -0.385146 -0.531949 -0.064057
v -0.385141 -0.531925 -0.063203
v -0.385165 -0.532048 -0.062358
v -0.385218 -0.532312 -0.061548
v -0.385297 -0.532711 -0.060796
v -0.385400 -0.533231 -0.060127
v -0.385523 -0.533857 -0.059560
v -0.385665 -0.534571 -0.059112
v -0.385819 -0.535350 -0.058798
v -0.385981 -0.536171 -0.058626
v -0.386147 -0.537008 -0.058602
v -0.386311 -0.537837 -0.058726
v -0.386468 -0.538632 -0.058996
v -0.386614 -0.539369 -0.059402
v -0.386744 -0.540026 -0.059933
v -0.386854 -0.540583 -0.060571
v -0.400936 -0.529321 -0.065688
v -0.400875 -0.529012 -0.064894
v -0.400842 -0.528844 -0.064057
v -0.400837 -0.528820 -0.063203
v -0.400861 -0.528942 -0.062358
v -0.400913 -0.529207 -0.061548
v -0.400992 -0.529605 -0.060796
v -0.401095 -0.530126 -0.060127
v -0.401219 -0.530752 -0.059560
v -0.401360 -0.531466 -0.059112
v -0.401515 -0.532245 -0.058798
v -0.401677 -0.533065 -0.058626
v -0.401843 -0.533903 -0.058602
v -0.402007 -0.534732 -0.058726
v -0.402164 -0.535527 -0.058996
v -0.402310 -0.536264 -0.059402
v -0.402440 -0.536921 -0.059933
v -0.402550 -0.537477 -0.060571
v -0.405809 -0.553951 -0.036503
v -0.390113 -0.557056 -0.036503
v -0.388413 -0.548461 -0.040892
v -0.388352 -0.548152 -0.040098
v -0.388318 -0.547984 -0.039261
v -0.388314 -0.547960 -0.038408
v -0.388338 -0.548083 -0.037563
v -0.388390 -0.548347 -0.036752
v -0.388469 -0.548745 -0.036001
v -0.388572 -0.549266 -0.035331
v -0.388696 -0.549892 -0.034764
v -0.388837 -0.550606 -0.034316
v -0.388991 -0.551385 -0.034002
v -0.389154 -0.552206 -0.033830
v -0.389319 -0.553043 -0.033806
v -0.389483 -0.553872 -0.033931
v -0.389641 -0.554667 -0.034200
v -0.389786 -0.555404 -0.034607
v -0.389916 -0.556061 -0.035137
v -0.390026 -0.556617 -0.035776
v -0.404108 -0.545355 -0.040892
v -0.404047 -0.545047 -0.040098
v -0.404014 -0.544878 -0.039261
v -0.404009 -0.544855 -0.038408
v -0.404034 -0.544977 -0.037563
v -0.404086 -0.545241 -0.036752
v -0.404165 -0.545640 -0.036001
v -0.404268 -0.546160 -0.035331
v -0.404392 -0.546787 -0.034764
v -0.404533 -0.547500 -0.034316
v -0.404687 -0.548279 -0.034002
v -0.404849 -0.549100 -0.033830
v -0.405015 -0.549938 -0.033806
v -0.405179 -0.550767 -0.033931
v -0.405336 -0.551562 -0.034200
v -0.405482 -0.552299 -0.034607
v -0.405612 -0.552955 -0.035137
v -0.405722 -0.553512 -0.035776
v -0.410622 -0.578275 -0.052849
v -0.394926 -0.581381 -0.052849
v -0.393225 -0.572785 -0.057238
v -0.393164 -0.572476 -0.056444
v -0.393131 -0.572308 -0.055607
v -0.393126 -0.572284 -0.054753
v -0.393150 -0.572407 -0.053908
v -0.393203 -0.572671 -0.053098
v -0.393282 -0.573069 -0.052346
v -0.393385 -0.573590 -0.051677
v -0.393508 -0.574216 -0.051110
v -0.393650 -0.574930 -0.050662
v -0.393804 -0.575709 -0.050348
v -0.393966 -0.576530 -0.050176
v -0.394132 -0.577367 -0.050152
v -0.394296 -0.578196 -0.050276
v -0.394453 -0.578991 -0.050546
v -0.394599 -0.579728 -0.050952
v -0.394729 -0.580385 -0.051483
v -0.394839 -0.580941 -0.052121
v -0.408921 -0.569680 -0.057238
v -0.408860 -0.569371 -0.056444
v -0.408827 -0.569202 -0.055607
v -0.408822 -0.569179 -0.054753
v -0.408846 -0.569301 -0.053908
v -0.408898 -0.569566 -0.053098
v -0.408977 -0.569964 -0.052346
v -0.409080 -0.570484 -0.051677
v -0.409204 -0.571111 -0.051110
v -0.409345 -0.571825 -0.050662
v -0.409500 -0.572604 -0.050348
v -0.409662 -0.573424 -0.050176
v -0.409828 -0.574262 -0.050152
v -0.409992 -0.575091 -0.050276
v -0.410149 -0.575886 -0.050546
v -0.410295 -0.576623 -0.050952
v -0.410425 -0.577280 -0.051483
v -0.410535 -0.577836 -0.052121
v -0.407449 -0.562240 -0.077644
v -0.391753 -0.565346 -0.077644
v -0.390053 -0.556750 -0.082033
v -0.389992 -0.556442 -0.081239
v -0.389958 -0.556273 -0.080403
v -0.389954 -0.556250 -0.079549
v -0.389978 -0.556372 -0.078704
v -0.390030 -0.556636 -0.077893
v -0.390109 -0.557035 -0.077142
v -0.390212 -0.557555 -0.076472
v -0.390336 -0.558182 -0.075905
v -0.390477 -0.558895 -0.075458
v -0.390631 -0.559674 -0.075143
v -0.390794 -0.560495 -0.074971
v -0.390959 -0.561333 -0.074947
v -0.391123 -0.562161 -0.075072
v -0.391281 -0.562957 -0.075342
v -0.391427 -0.563694 -0.075748
v -0.391556 -0.564350 -0.076278
v -0.391667 -0.564907 -0.076917
v -0.405749 -0.553645 -0.082033
v -0.405688 -0.553336 -0.081239
v -0.405654 -0.553168 -0.080403
v -0.405650 -0.553144 -0.079549
v -0.405674 -0.553267 -0.078704
v -0.405726 -0.553531 -0.077893
v -0.405805 -0.553929 -0.077142
v -0.405908 -0.554450 -0.076472
v -0.406032 -0.555076 -0.075905
v -0.406173 -0.555790 -0.075458
v -0.406327 -0.556569 -0.075143
v -0.406489 -0.557390 -0.074971
v -0.406655 -0.558227 -0.074947
v -0.406819 -0.559056 -0.075072
v -0.406976 -0.559851 -0.075342
v -0.407122 -0.560588 -0.075748
v -0.407252 -0.561245 -0.076278
v -0.407362 -0.561801 -0.076917
v -0.395506 -0.584313 -0.045272
v -0.395895 -0.586280 -0.050337
v -0.396108 -0.587355 -0.055673
v -0.396138 -0.587505 -0.061118
v -0.395983 -0.586725 -0.066507
v -0.395650 -0.585039 -0.071676
v -0.395147 -0.582498 -0.076468
v -0.394490 -0.579179 -0.080737
v -0.393700 -0.575184 -0.084354
v -0.392799 -0.570633 -0.087209
v -0.391817 -0.565665 -0.089215
v -0.390781 -0.560430 -0.090311
v -0.389724 -0.555089 -0.090463
v -0.388678 -0.549802 -0.089668
v -0.387675 -0.544732 -0.087949
v -0.386745 -0.540031 -0.085359
v -0.385916 -0.535843 -0.081976
v -0.385214 -0.532294 -0.077903
v -0.384660 -0.529494 -0.073264
v -0.422483 -0.578975 -0.045272
v -0.422872 -0.580943 -0.050337
v -0.423085 -0.582018 -0.055673
v -0.423115 -0.582168 -0.061118
v -0.422960 -0.581388 -0.066507
v -0.422627 -0.579702 -0.071676
v -0.422124 -0.577161 -0.076468
v -0.421467 -0.573842 -0.080737
v -0.420677 -0.569846 -0.084354
v -0.419777 -0.565295 -0.087209
v -0.418794 -0.560327 -0.089215
v -0.417758 -0.555093 -0.090311
v -0.416701 -0.549751 -0.090463
v -0.415655 -0.544465 -0.089668
v -0.414652 -0.539394 -0.087949
v -0.413722 -0.534693 -0.085359
v -0.412893 -0.530505 -0.081976
v -0.412191 -0.526957 -0.077903
v -0.411637 -0.524157 -0.073264
v -0.418574 -0.559219 -0.078047
v -0.407293 -0.561451 -0.078047
v -0.407222 -0.561093 -0.077453
v -0.407132 -0.560638 -0.076932
v -0.407026 -0.560102 -0.076499
v -0.406907 -0.559501 -0.076168
v -0.406779 -0.558852 -0.075948
v -0.406645 -0.558175 -0.075846
v -0.406510 -0.557491 -0.075865
v -0.406377 -0.556821 -0.076006
v -0.406251 -0.556185 -0.076262
v -0.406136 -0.555603 -0.076628
v -0.406035 -0.555091 -0.077091
v -0.405951 -0.554666 -0.077637
v -0.405886 -0.554341 -0.078251
v -0.405844 -0.554125 -0.078912
v -0.405824 -0.554026 -0.079602
v -0.405828 -0.554045 -0.080299
v -0.405855 -0.554182 -0.080982
v -0.405905 -0.554434 -0.081630
v -0.417186 -0.552202 -0.081630
v -0.417136 -0.551950 -0.080982
v -0.417109 -0.551813 -0.080299
v -0.417105 -0.551794 -0.079602
v -0.417125 -0.551893 -0.078912
v -0.417168 -0.552109 -0.078251
v -0.417232 -0.552434 -0.077637
v -0.417316 -0.552859 -0.077091
v -0.417417 -0.553371 -0.076628
v -0.417532 -0.553953 -0.076262
v -0.417658 -0.554589 -0.076006
v -0.417791 -0.555259 -0.075865
v -0.417926 -0.555943 -0.075846
v -0.418060 -0.556620 -0.075948
v -0.418188 -0.557269 -0.076168
v -0.418307 -0.557870 -0.076499
v -0.418414 -0.558406 -0.076932
v -0.418503 -0.558861 -0.077453
v -0.421747 -0.575254 -0.053252
v -0.410465 -0.577486 -0.053252
v -0.410395 -0.577127 -0.052658
v -0.410305 -0.576673 -0.052137
v -0.410199 -0.576137 -0.051703
v -0.410080 -0.575535 -0.051372
v -0.409951 -0.574886 -0.051152
v -0.409817 -0.574210 -0.051050
v -0.409682 -0.573526 -0.051070
v -0.409549 -0.572856 -0.051210
v -0.409424 -0.572220 -0.051467
v -0.409308 -0.571637 -0.051832
v -0.409207 -0.571126 -0.052295
v -0.409123 -0.570701 -0.052842
v -0.409059 -0.570376 -0.053455
v -0.409016 -0.570160 -0.054117
v -0.408996 -0.570060 -0.054806
v -0.409000 -0.570079 -0.055503
v -0.409027 -0.570217 -0.056186
v -0.409077 -0.570469 -0.056835
v -0.420359 -0.568237 -0.056835
v -0.420309 -0.567985 -0.056186
v -0.420281 -0.567847 -0.055503
v -0.420278 -0.567828 -0.054806
v -0.420297 -0.567928 -0.054117
v -0.420340 -0.568144 -0.053455
v -0.420404 -0.568469 -0.052842
v -0.420489 -0.568894 -0.052295
v -0.420590 -0.569405 -0.051832
v -0.420705 -0.569988 -0.051467
v -0.420831 -0.570624 -0.051210
v -0.420963 -0.571294 -0.051070
v -0.421099 -0.571978 -0.051050
v -0.421232 -0.572654 -0.051152
v -0.421361 -0.573303 -0.051372
v -0.421480 -0.573905 -0.051703
v -0.421586 -0.574441 -0.052137
v -0.421676 -0.574895 -0.052658
v -0.416934 -0.550930 -0.036906
v -0.405653 -0.553162 -0.036906
v -0.405582 -0.552803 -0.036312
v -0.405492 -0.552349 -0.035791
v -0.405386 -0.551813 -0.035358
v -0.405267 -0.551211 -0.035026
v -0.405139 -0.550562 -0.034806
v -0.405005 -0.549885 -0.034705
v -0.404869 -0.549202 -0.034724
v -0.404737 -0.548532 -0.034864
v -0.404611 -0.547896 -0.035121
v -0.404496 -0.547313 -0.035487
v -0.404395 -0.546802 -0.035950
v -0.404311 -0.546377 -0.036496
v -0.404246 -0.546052 -0.037109
v -0.404204 -0.545836 -0.037771
v -0.404184 -0.545736 -0.038461
v -0.404188 -0.545755 -0.039158
v -0.404215 -0.545893 -0.039841
v -0.404265 -0.546145 -0.040489
v -0.415546 -0.543913 -0.040489
v -0.415496 -0.543661 -0.039841
v -0.415469 -0.543523 -0.039158
v -0.415465 -0.543504 -0.038461
v -0.415485 -0.543604 -0.037771
v -0.415528 -0.543820 -0.037109
v -0.415592 -0.544145 -0.036496
v -0.415676 -0.544570 -0.035950
v -0.415777 -0.545081 -0.035487
v -0.415892 -0.545664 -0.035121
v -0.416018 -0.546300 -0.034864
v -0.416151 -0.546970 -0.034724
v -0.416286 -0.547653 -0.034705
v -0.416420 -0.548330 -0.034806
v -0.416548 -0.548979 -0.035026
v -0.416667 -0.549581 -0.035358
v -0.416773 -0.550117 -0.035791
v -0.416863 -0.550571 -0.036312
v -0.413762 -0.534895 -0.061702
v -0.402480 -0.537127 -0.061702
v -0.402410 -0.536768 -0.061108
v -0.402320 -0.536314 -0.060587
v -0.402214 -0.535778 -0.060154
v -0.402095 -0.535176 -0.059822
v -0.401966 -0.534527 -0.059602
v -0.401832 -0.533851 -0.059500
v -0.401697 -0.533167 -0.059520
v -0.401564 -0.532497 -0.059660
v -0.401439 -0.531861 -0.059917
v -0.401323 -0.531279 -0.060282
v -0.401222 -0.530767 -0.060745
v -0.401138 -0.530342 -0.061292
v -0.401074 -0.530017 -0.061905
v -0.401031 -0.529801 -0.062567
v -0.401011 -0.529701 -0.063256
v -0.401015 -0.529721 -0.063953
v -0.401042 -0.529858 -0.064636
v -0.401092 -0.530110 -0.065285
v -0.412374 -0.527878 -0.065285
v -0.412324 -0.527626 -0.064636
v -0.412296 -0.527489 -0.063953
v -0.412293 -0.527469 -0.063256
v -0.412312 -0.527569 -0.062567
v -0.412355 -0.527785 -0.061905
v -0.412419 -0.528110 -0.061292
v -0.412504 -0.528535 -0.060745
v -0.412605 -0.529047 -0.060282
v -0.412720 -0.529629 -0.059917
v -0.412846 -0.530265 -0.059660
v -0.412978 -0.530935 -0.059520
v -0.413114 -0.531619 -0.059500
v -0.413247 -0.532295 -0.059602
v -0.413376 -0.532944 -0.059822
v -0.413495 -0.533546 -0.060154
v -0.413601 -0.534082 -0.060587
v -0.413691 -0.534536 -0.061108
v -0.416572 -0.549096 -0.071601
v -0.408233 -0.550746 -0.071601
v -0.408195 -0.550556 -0.071286
v -0.408148 -0.550314 -0.071009
v -0.408091 -0.550029 -0.070779
v -0.408028 -0.549710 -0.070603
v -0.407960 -0.549365 -0.070486
v -0.407889 -0.549005 -0.070432
v -0.407817 -0.548642 -0.070442
v -0.407747 -0.548286 -0.070517
v -0.407680 -0.547948 -0.070653
v -0.407618 -0.547639 -0.070847
v -0.407565 -0.547367 -0.071093
v -0.407520 -0.547142 -0.071383
v -0.407486 -0.546969 -0.071709
v -0.407463 -0.546854 -0.072061
v -0.407453 -0.546801 -0.072427
v -0.407455 -0.546811 -0.072797
v -0.407469 -0.546884 -0.073160
v -0.407496 -0.547018 -0.073505
v -0.415834 -0.545369 -0.073505
v -0.415808 -0.545235 -0.073160
v -0.415793 -0.545162 -0.072797
v -0.415791 -0.545151 -0.072427
v -0.415802 -0.545204 -0.072061
v -0.415824 -0.545319 -0.071709
v -0.415858 -0.545492 -0.071383
v -0.415903 -0.545718 -0.071093
v -0.415957 -0.545989 -0.070847
v -0.416018 -0.546299 -0.070653
v -0.416085 -0.546637 -0.070517
v -0.416155 -0.546993 -0.070442
v -0.416227 -0.547356 -0.070432
v -0.416298 -0.547715 -0.070486
v -0.416367 -0.548060 -0.070603
v -0.416430 -0.548380 -0.070779
v -0.416486 -0.548664 -0.071009
v -0.416534 -0.548906 -0.071286
v -0.419233 -0.562549 -0.068785
v -0.410895 -0.564199 -0.068785
v -0.410857 -0.564008 -0.068469
v -0.410809 -0.563767 -0.068192
v -0.410753 -0.563482 -0.067962
v -0.410690 -0.563163 -0.067786
v -0.410622 -0.562818 -0.067669
v -0.410550 -0.562458 -0.067615
v -0.410479 -0.562095 -0.067625
v -0.410408 -0.561739 -0.067700
v -0.410341 -0.561401 -0.067836
v -0.410280 -0.561092 -0.068030
v -0.410226 -0.560820 -0.068276
v -0.410182 -0.560595 -0.068567
v -0.410148 -0.560422 -0.068893
v -0.410125 -0.560307 -0.069244
v -0.410114 -0.560254 -0.069610
v -0.410116 -0.560264 -0.069981
v -0.410131 -0.560337 -0.070344
v -0.410157 -0.560471 -0.070688
v -0.418496 -0.558821 -0.070688
v -0.418469 -0.558688 -0.070344
v -0.418455 -0.558615 -0.069981
v -0.418453 -0.558604 -0.069610
v -0.418463 -0.558657 -0.069244
v -0.418486 -0.558772 -0.068893
v -0.418520 -0.558945 -0.068567
v -0.418565 -0.559171 -0.068276
v -0.418618 -0.559442 -0.068030
v -0.418680 -0.559752 -0.067836
v -0.418747 -0.560090 -0.067700
v -0.418817 -0.560445 -0.067625
v -0.418889 -0.560809 -0.067615
v -0.418960 -0.561168 -0.067669
v -0.419028 -0.561513 -0.067786
v -0.419091 -0.561833 -0.067962
v -0.419148 -0.562117 -0.068192
v -0.419196 -0.562359 -0.068469
v -0.418286 -0.557763 -0.045032
v -0.409948 -0.559413 -0.045032
v -0.409910 -0.559223 -0.044716
v -0.409863 -0.558981 -0.044439
v -0.409806 -0.558696 -0.044209
v -0.409743 -0.558377 -0.044033
v -0.409675 -0.558032 -0.043916
v -0.409604 -0.557673 -0.043862
v -0.409532 -0.557309 -0.043873
v -0.409461 -0.556953 -0.043947
v -0.409394 -0.556616 -0.044083
v -0.409333 -0.556306 -0.044278
v -0.409279 -0.556034 -0.044524
v -0.409235 -0.555809 -0.044814
v -0.409201 -0.555636 -0.045140
v -0.409178 -0.555521 -0.045491
v -0.409167 -0.555468 -0.045858
v -0.409169 -0.555478 -0.046228
v -0.409184 -0.555552 -0.046591
v -0.409210 -0.555685 -0.046935
v -0.417549 -0.554036 -0.046935
v -0.417522 -0.553902 -0.046591
v -0.417508 -0.553829 -0.046228
v -0.417506 -0.553818 -0.045858
v -0.417516 -0.553872 -0.045491
v -0.417539 -0.553986 -0.045140
v -0.417573 -0.554159 -0.044814
v -0.417618 -0.554385 -0.044524
v -0.417672 -0.554656 -0.044278
v -0.417733 -0.554966 -0.044083
v -0.417800 -0.555304 -0.043947
v -0.417870 -0.555660 -0.043873
v -0.417942 -0.556023 -0.043862
v -0.418013 -0.556382 -0.043916
v -0.418081 -0.556727 -0.044033
v -0.418145 -0.557047 -0.044209
v -0.418201 -0.557332 -0.044439
v -0.418249 -0.557573 -0.044716
v -0.415625 -0.544310 -0.047848
v -0.407286 -0.545960 -0.047848
v -0.407249 -0.545770 -0.047533
v -0.407201 -0.545528 -0.047256
v -0.407145 -0.545244 -0.047026
v -0.407081 -0.544924 -0.046850
v -0.407013 -0.544579 -0.046733
v -0.406942 -0.544220 -0.046679
v -0.406870 -0.543856 -0.046689
v -0.406800 -0.543500 -0.046764
v -0.406733 -0.543163 -0.046900
v -0.406672 -0.542853 -0.047094
v -0.406618 -0.542581 -0.047340
v -0.406573 -0.542356 -0.047631
v -0.406539 -0.542183 -0.047956
v -0.406516 -0.542068 -0.048308
v -0.406506 -0.542015 -0.048674
v -0.406508 -0.542025 -0.049045
v -0.406522 -0.542099 -0.049407
v -0.406549 -0.542232 -0.049752
v -0.414887 -0.540583 -0.049752
v -0.414861 -0.540449 -0.049407
v -0.414846 -0.540376 -0.049045
v -0.414844 -0.540366 -0.048674
v -0.414855 -0.540419 -0.048308
v -0.414877 -0.540533 -0.047956
v -0.414912 -0.540706 -0.047631
v -0.414956 -0.540932 -0.047340
v -0.415010 -0.541203 -0.047094
v -0.415071 -0.541513 -0.046900
v -0.415138 -0.541851 -0.046764
v -0.415208 -0.542207 -0.046689
v -0.415280 -0.542570 -0.046679
v -0.415351 -0.542929 -0.046733
v -0.415420 -0.543274 -0.046850
v -0.415483 -0.543594 -0.047026
v -0.415539 -0.543879 -0.047256
v -0.415587 -0.544120 -0.047533
v -0.407412 -0.546596 -0.047524
v -0.398093 -0.548440 -0.047524
v -0.398042 -0.548184 -0.047101
v -0.397978 -0.547861 -0.046729
v -0.397903 -0.547479 -0.046421
v -0.397818 -0.547050 -0.046184
v -0.397726 -0.546588 -0.046028
v -0.397631 -0.546106 -0.045955
v -0.397535 -0.545618 -0.045969
v -0.397440 -0.545141 -0.046069
v -0.397350 -0.544688 -0.046252
v -0.397268 -0.544273 -0.046512
v -0.397196 -0.543908 -0.046842
v -0.397136 -0.543606 -0.047232
v -0.397090 -0.543374 -0.047669
v -0.397060 -0.543220 -0.048140
v -0.397046 -0.543149 -0.048631
v -0.397049 -0.543163 -0.049128
v -0.397068 -0.543261 -0.049615
v -0.397104 -0.543440 -0.050077
v -0.406423 -0.541596 -0.050077
v -0.406387 -0.541417 -0.049615
v -0.406368 -0.541319 -0.049128
v -0.406365 -0.541305 -0.048631
v -0.406379 -0.541376 -0.048140
v -0.406410 -0.541530 -0.047669
v -0.406456 -0.541762 -0.047232
v -0.406516 -0.542065 -0.046842
v -0.406588 -0.542429 -0.046512
v -0.406670 -0.542844 -0.046252
v -0.406759 -0.543297 -0.046069
v -0.406854 -0.543775 -0.045969
v -0.406950 -0.544262 -0.045955
v -0.407046 -0.544744 -0.046028
v -0.407137 -0.545206 -0.046184
v -0.407222 -0.545635 -0.046421
v -0.407298 -0.546017 -0.046729
v -0.407362 -0.546341 -0.047101
v -0.410074 -0.560049 -0.044707
v -0.400754 -0.561893 -0.044707
v -0.400704 -0.561637 -0.044284
v -0.400640 -0.561314 -0.043912
v -0.400564 -0.560932 -0.043604
v -0.400479 -0.560503 -0.043368
v -0.400388 -0.560041 -0.043211
v -0.400293 -0.559558 -0.043138
v -0.400196 -0.559071 -0.043152
v -0.400102 -0.558594 -0.043252
v -0.400012 -0.558141 -0.043435
v -0.399930 -0.557726 -0.043696
v -0.399858 -0.557361 -0.044025
v -0.399798 -0.557059 -0.044415
v -0.399752 -0.556827 -0.044852
v -0.399722 -0.556673 -0.045323
v -0.399708 -0.556602 -0.045815
v -0.399710 -0.556616 -0.046311
v -0.399730 -0.556714 -0.046798
v -0.399765 -0.556893 -0.047260
v -0.409085 -0.555049 -0.047260
v -0.409049 -0.554870 -0.046798
v -0.409030 -0.554772 -0.046311
v -0.409027 -0.554758 -0.045815
v -0.409041 -0.554829 -0.045323
v -0.409071 -0.554983 -0.044852
v -0.409117 -0.555215 -0.044415
v -0.409177 -0.555518 -0.044025
v -0.409249 -0.555882 -0.043696
v -0.409331 -0.556297 -0.043435
v -0.409421 -0.556750 -0.043252
v -0.409516 -0.557227 -0.043152
v -0.409612 -0.557715 -0.043138
v -0.409707 -0.558197 -0.043211
v -0.409799 -0.558659 -0.043368
v -0.409884 -0.559088 -0.043604
v -0.409959 -0.559470 -0.043912
v -0.410023 -0.559793 -0.044284
v -0.411021 -0.564835 -0.068460
v -0.401701 -0.566679 -0.068460
v -0.401651 -0.566423 -0.068037
v -0.401587 -0.566100 -0.067665
v -0.401511 -0.565718 -0.067357
v -0.401426 -0.565289 -0.067121
v -0.401335 -0.564826 -0.066964
v -0.401239 -0.564344 -0.066891
v -0.401143 -0.563857 -0.066905
v -0.401049 -0.563380 -0.067005
v -0.400959 -0.562927 -0.067188
v -0.400877 -0.562512 -0.067448
v -0.400805 -0.562147 -0.067778
v -0.400745 -0.561845 -0.068168
v -0.400699 -0.561613 -0.068605
v -0.400669 -0.561459 -0.069076
v -0.400655 -0.561388 -0.069568
v -0.400657 -0.561402 -0.070064
v -0.400677 -0.561500 -0.070551
v -0.400712 -0.561679 -0.071013
v -0.410031 -0.559835 -0.071013
v -0.409996 -0.559656 -0.070551
v -0.409977 -0.559558 -0.070064
v -0.409974 -0.559544 -0.069568
v -0.409988 -0.559615 -0.069076
v -0.410018 -0.559769 -0.068605
v -0.410064 -0.560001 -0.068168
v -0.410124 -0.560303 -0.067778
v -0.410196 -0.560668 -0.067448
v -0.410278 -0.561083 -0.067188
v -0.410368 -0.561536 -0.067005
v -0.410462 -0.562013 -0.066905
v -0.410559 -0.562501 -0.066891
v -0.410654 -0.562983 -0.066964
v -0.410746 -0.563445 -0.067121
v -0.410831 -0.563874 -0.067357
v -0.410906 -0.564256 -0.067665
v -0.410970 -0.564579 -0.068037
v -0.408359 -0.551382 -0.071277
v -0.399040 -0.553226 -0.071277
v -0.398989 -0.552970 -0.070853
v -0.398925 -0.552647 -0.070482
v -0.398849 -0.552265 -0.070173
v -0.398765 -0.551836 -0.069937
v -0.398673 -0.551374 -0.069780
v -0.398578 -0.550891 -0.069708
v -0.398481 -0.550404 -0.069722
v -0.398387 -0.549927 -0.069822
v -0.398297 -0.549474 -0.070005
v -0.398215 -0.549059 -0.070265
v -0.398143 -0.548694 -0.070595
v -0.398083 -0.548392 -0.070984
v -0.398037 -0.548160 -0.071421
v -0.398007 -0.548006 -0.071893
v -0.397993 -0.547935 -0.072384
v -0.397996 -0.547949 -0.072881
v -0.398015 -0.548047 -0.073367
v -0.398050 -0.548226 -0.073829
v -0.407370 -0.546382 -0.073829
v -0.407334 -0.546203 -0.073367
v -0.407315 -0.546105 -0.072881
v -0.407312 -0.546091 -0.072384
v -0.407326 -0.546162 -0.071893
v -0.407357 -0.546316 -0.071421
v -0.407403 -0.546548 -0.070984
v -0.407462 -0.546851 -0.070595
v -0.407535 -0.547215 -0.070265
v -0.407617 -0.547630 -0.070005
v -0.407706 -0.548083 -0.069822
v -0.407801 -0.548560 -0.069722
v -0.407897 -0.549048 -0.069708
v -0.407993 -0.549530 -0.069780
v -0.408084 -0.549992 -0.069937
v -0.408169 -0.550421 -0.070173
v -0.408244 -0.550803 -0.070482
v -0.408308 -0.551126 -0.070853
v -0.398050 -0.548226 -0.073829
v -0.398101 -0.548482 -0.074252
v -0.398165 -0.548805 -0.074624
v -0.398241 -0.549187 -0.074932
v -0.398325 -0.549616 -0.075169
v -0.398417 -0.550078 -0.075325
v -0.398512 -0.550560 -0.075398
v -0.398609 -0.551048 -0.075384
v -0.398703 -0.551525 -0.075284
v -0.398793 -0.551978 -0.075101
v -0.398875 -0.552393 -0.074841
v -0.398947 -0.552758 -0.074511
v -0.399007 -0.553060 -0.074122
v -0.399053 -0.553292 -0.073685
v -0.399083 -0.553446 -0.073213
v -0.399097 -0.553517 -0.072722
v -0.399095 -0.553503 -0.072225
v -0.399075 -0.553405 -0.071738
v -0.399040 -0.553226 -0.071277
v -0.408359 -0.551382 -0.071277
v -0.408394 -0.551561 -0.071738
v -0.408414 -0.551659 -0.072225
v -0.408417 -0.551673 -0.072722
v -0.408403 -0.551602 -0.073213
v -0.408372 -0.551448 -0.073685
v -0.408326 -0.551216 -0.074122
v -0.408266 -0.550914 -0.074511
v -0.408194 -0.550549 -0.074841
v -0.408112 -0.550134 -0.075101
v -0.408022 -0.549681 -0.075284
v -0.407928 -0.549204 -0.075384
v -0.407832 -0.548717 -0.075398
v -0.407736 -0.548235 -0.075325
v -0.407645 -0.547772 -0.075169
v -0.407560 -0.547343 -0.074932
v -0.407484 -0.546961 -0.074624
v -0.407420 -0.546638 -0.074252
v -0.407370 -0.546382 -0.073829
v -0.400712 -0.561679 -0.071013
v -0.400763 -0.561935 -0.071436
v -0.400827 -0.562258 -0.071807
v -0.400902 -0.562640 -0.072116
v -0.400987 -0.563069 -0.072352
v -0.401079 -0.563531 -0.072509
v -0.401174 -0.564013 -0.072581
v -0.401270 -0.564501 -0.072567
v -0.401365 -0.564978 -0.072467
v -0.401454 -0.565431 -0.072284
v -0.401537 -0.565846 -0.072024
v -0.401609 -0.566210 -0.071694
v -0.401669 -0.566513 -0.071305
v -0.401714 -0.566745 -0.070868
v -0.401745 -0.566899 -0.070396
v -0.401759 -0.566970 -0.069905
v -0.401756 -0.566956 -0.069408
v -0.401737 -0.566858 -0.068922
v -0.401701 -0.566679 -0.068460
v -0.411021 -0.564835 -0.068460
v -0.411056 -0.565014 -0.068922
v -0.411076 -0.565112 -0.069408
v -0.411078 -0.565126 -0.069905
v -0.411064 -0.565055 -0.070396
v -0.411034 -0.564901 -0.070868
v -0.410988 -0.564669 -0.071305
v -0.410928 -0.564367 -0.071694
v -0.410856 -0.564002 -0.072024
v -0.410774 -0.563587 -0.072284
v -0.410684 -0.563134 -0.072467
v -0.410590 -0.562657 -0.072567
v -0.410493 -0.562170 -0.072581
v -0.410398 -0.561687 -0.072509
v -0.410306 -0.561225 -0.072352
v -0.410222 -0.560796 -0.072116
v -0.410146 -0.560414 -0.071807
v -0.410082 -0.560091 -0.071436
v -0.410031 -0.559835 -0.071013
v -0.399765 -0.556893 -0.047260
v -0.399816 -0.557149 -0.047683
v -0.399880 -0.557472 -0.048054
v -0.399955 -0.557854 -0.048363
v -0.400040 -0.558283 -0.048599
v -0.400132 -0.558745 -0.048756
v -0.400227 -0.559228 -0.048828
v -0.400323 -0.559715 -0.048814
v -0.400418 -0.560192 -0.048715
v -0.400508 -0.560645 -0.048532
v -0.400590 -0.561060 -0.048271
v -0.400662 -0.561425 -0.047941
v -0.400722 -0.561727 -0.047552
v -0.400768 -0.561959 -0.047115
v -0.400798 -0.562113 -0.046644
v -0.400812 -0.562184 -0.046152
v -0.400809 -0.562170 -0.045655
v -0.400790 -0.562072 -0.045169
v -0.400754 -0.561893 -0.044707
v -0.410074 -0.560049 -0.044707
v -0.410109 -0.560228 -0.045169
v -0.410129 -0.560326 -0.045655
v -0.410131 -0.560340 -0.046152
v -0.410117 -0.560269 -0.046644
v -0.410087 -0.560115 -0.047115
v -0.410041 -0.559883 -0.047552
v -0.409981 -0.559581 -0.047941
v -0.409909 -0.559216 -0.048271
v -0.409827 -0.558801 -0.048532
v -0.409737 -0.558348 -0.048715
v -0.409643 -0.557871 -0.048814
v -0.409546 -0.557384 -0.048828
v -0.409451 -0.556902 -0.048756
v -0.409360 -0.556439 -0.048599
v -0.409275 -0.556010 -0.048363
v -0.409199 -0.555628 -0.048054
v -0.409135 -0.555305 -0.047683
v -0.409085 -0.555049 -0.047260
v -0.397104 -0.543440 -0.050077
v -0.397154 -0.543696 -0.050500
v -0.397218 -0.544019 -0.050871
v -0.397294 -0.544401 -0.051180
v -0.397379 -0.544830 -0.051416
v -0.397470 -0.545292 -0.051573
v -0.397565 -0.545775 -0.051645
v -0.397662 -0.546262 -0.051631
v -0.397756 -0.546739 -0.051531
v -0.397846 -0.547192 -0.051348
v -0.397928 -0.547607 -0.051088
v -0.398000 -0.547972 -0.050758
v -0.398060 -0.548274 -0.050369
v -0.398106 -0.548506 -0.049932
v -0.398136 -0.548660 -0.049460
v -0.398150 -0.548731 -0.048969
v -0.398148 -0.548717 -0.048472
v -0.398128 -0.548619 -0.047986
v -0.398093 -0.548440 -0.047524
v -0.407412 -0.546596 -0.047524
v -0.407448 -0.546775 -0.047986
v -0.407467 -0.546873 -0.048472
v -0.407470 -0.546887 -0.048969
v -0.407456 -0.546816 -0.049460
v -0.407425 -0.546662 -0.049932
v -0.407379 -0.546430 -0.050369
v -0.407319 -0.546128 -0.050758
v -0.407247 -0.545763 -0.051088
v -0.407165 -0.545348 -0.051348
v -0.407076 -0.544895 -0.051531
v -0.406981 -0.544418 -0.051631
v -0.406885 -0.543931 -0.051645
v -0.406789 -0.543449 -0.051573
v -0.406698 -0.542986 -0.051416
v -0.406613 -0.542557 -0.051180
v -0.406537 -0.542175 -0.050871
v -0.406473 -0.541852 -0.050500
v -0.406423 -0.541596 -0.050077
v -0.406549 -0.542232 -0.049752
v -0.406586 -0.542423 -0.050067
v -0.406634 -0.542664 -0.050344
v -0.406691 -0.542949 -0.050574
v -0.406754 -0.543269 -0.050750
v -0.406822 -0.543613 -0.050867
v -0.406893 -0.543973 -0.050921
v -0.406965 -0.544336 -0.050911
v -0.407035 -0.544692 -0.050836
v -0.407102 -0.545030 -0.050700
v -0.407163 -0.545339 -0.050506
v -0.407217 -0.545611 -0.050260
v -0.407262 -0.545837 -0.049970
v -0.407296 -0.546009 -0.049644
v -0.407319 -0.546124 -0.049292
v -0.407329 -0.546177 -0.048926
v -0.407327 -0.546167 -0.048556
v -0.407313 -0.546094 -0.048193
v -0.407286 -0.545960 -0.047848
v -0.415625 -0.544310 -0.047848
v -0.415651 -0.544444 -0.048193
v -0.415666 -0.544517 -0.048556
v -0.415668 -0.544527 -0.048926
v -0.415657 -0.544474 -0.049292
v -0.415634 -0.544360 -0.049644
v -0.415600 -0.544187 -0.049970
v -0.415556 -0.543961 -0.050260
v -0.415502 -0.543690 -0.050506
v -0.415441 -0.543380 -0.050700
v -0.415374 -0.543042 -0.050836
v -0.415303 -0.542686 -0.050911
v -0.415231 -0.542323 -0.050921
v -0.415160 -0.541964 -0.050867
v -0.415092 -0.541619 -0.050750
v -0.415029 -0.541299 -0.050574
v -0.414973 -0.541014 -0.050344
v -0.414925 -0.540773 -0.050067
v -0.414887 -0.540583 -0.049752
v -0.409210 -0.555685 -0.046935
v -0.409248 -0.555876 -0.047251
v -0.409296 -0.556117 -0.047528
v -0.409352 -0.556402 -0.047758
v -0.409415 -0.556721 -0.047934
v -0.409484 -0.557066 -0.048051
v -0.409555 -0.557426 -0.048105
v -0.409627 -0.557789 -0.048094
v -0.409697 -0.558145 -0.048020
v -0.409764 -0.558483 -0.047883
v -0.409825 -0.558792 -0.047689
v -0.409879 -0.559064 -0.047443
v -0.409924 -0.559290 -0.047153
v -0.409958 -0.559462 -0.046827
v -0.409980 -0.559577 -0.046476
v -0.409991 -0.559630 -0.046109
v -0.409989 -0.559620 -0.045739
v -0.409974 -0.559547 -0.045376
v -0.409948 -0.559413 -0.045032
v -0.418286 -0.557763 -0.045032
v -0.418313 -0.557897 -0.045376
v -0.418327 -0.557970 -0.045739
v -0.418329 -0.557980 -0.046109
v -0.418319 -0.557927 -0.046476
v -0.418296 -0.557813 -0.046827
v -0.418262 -0.557640 -0.047153
v -0.418217 -0.557414 -0.047443
v -0.418163 -0.557142 -0.047689
v -0.418102 -0.556833 -0.047883
v -0.418035 -0.556495 -0.048020
v -0.417965 -0.556139 -0.048094
v -0.417893 -0.555776 -0.048105
v -0.417822 -0.555417 -0.048051
v -0.417754 -0.555072 -0.047934
v -0.417691 -0.554752 -0.047758
v -0.417634 -0.554467 -0.047528
v -0.417586 -0.554226 -0.047251
v -0.417549 -0.554036 -0.046935
v -0.410157 -0.560471 -0.070688
v -0.410195 -0.560662 -0.071003
v -0.410243 -0.560903 -0.071280
v -0.410299 -0.561188 -0.071510
v -0.410362 -0.561507 -0.071687
v -0.410431 -0.561852 -0.071803
v -0.410502 -0.562212 -0.071858
v -0.410574 -0.562575 -0.071847
v -0.410644 -0.562931 -0.071773
v -0.410711 -0.563269 -0.071636
v -0.410772 -0.563578 -0.071442
v -0.410826 -0.563850 -0.071196
v -0.410870 -0.564076 -0.070906
v -0.410905 -0.564248 -0.070580
v -0.410927 -0.564363 -0.070228
v -0.410938 -0.564416 -0.069862
v -0.410936 -0.564406 -0.069492
v -0.410921 -0.564333 -0.069129
v -0.410895 -0.564199 -0.068785
v -0.419233 -0.562549 -0.068785
v -0.419260 -0.562683 -0.069129
v -0.419274 -0.562756 -0.069492
v -0.419276 -0.562766 -0.069862
v -0.419266 -0.562713 -0.070228
v -0.419243 -0.562599 -0.070580
v -0.419209 -0.562426 -0.070906
v -0.419164 -0.562200 -0.071196
v -0.419110 -0.561928 -0.071442
v -0.419049 -0.561619 -0.071636
v -0.418982 -0.561281 -0.071773
v -0.418912 -0.560925 -0.071847
v -0.418840 -0.560562 -0.071858
v -0.418769 -0.560202 -0.071803
v -0.418701 -0.559858 -0.071687
v -0.418637 -0.559538 -0.071510
v -0.418581 -0.559253 -0.071280
v -0.418533 -0.559012 -0.071003
v -0.418496 -0.558821 -0.070688
v -0.407496 -0.547018 -0.073505
v -0.407533 -0.547209 -0.073820
v -0.407581 -0.547450 -0.074097
v -0.407637 -0.547735 -0.074327
v -0.407701 -0.548054 -0.074503
v -0.407769 -0.548399 -0.074620
v -0.407840 -0.548759 -0.074674
v -0.407912 -0.549122 -0.074664
v -0.407982 -0.549478 -0.074589
v -0.408049 -0.549816 -0.074453
v -0.408110 -0.550125 -0.074259
v -0.408164 -0.550397 -0.074013
v -0.408209 -0.550623 -0.073723
v -0.408243 -0.550795 -0.073397
v -0.408266 -0.550910 -0.073045
v -0.408276 -0.550963 -0.072679
v -0.408274 -0.550953 -0.072308
v -0.408260 -0.550880 -0.071946
v -0.408233 -0.550746 -0.071601
v -0.416572 -0.549096 -0.071601
v -0.416598 -0.549230 -0.071946
v -0.416612 -0.549303 -0.072308
v -0.416614 -0.549313 -0.072679
v -0.416604 -0.549260 -0.073045
v -0.416581 -0.549146 -0.073397
v -0.416547 -0.548973 -0.073723
v -0.416502 -0.548747 -0.074013
v -0.416449 -0.548475 -0.074259
v -0.416387 -0.548166 -0.074453
v -0.416321 -0.547828 -0.074589
v -0.416250 -0.547472 -0.074664
v -0.416178 -0.547109 -0.074674
v -0.416107 -0.546750 -0.074620
v -0.416039 -0.546405 -0.074503
v -0.415976 -0.546085 -0.074327
v -0.415919 -0.545800 -0.074097
v -0.415872 -0.545559 -0.073820
v -0.415834 -0.545369 -0.073505
v -0.401092 -0.530110 -0.065285
v -0.401163 -0.530469 -0.065879
v -0.401253 -0.530923 -0.066400
v -0.401359 -0.531459 -0.066833
v -0.401478 -0.532061 -0.067164
v -0.401607 -0.532710 -0.067384
v -0.401740 -0.533386 -0.067486
v -0.401876 -0.534070 -0.067467
v -0.402008 -0.534740 -0.067326
v -0.402134 -0.535376 -0.067070
v -0.402249 -0.535958 -0.066704
v -0.402350 -0.536470 -0.066241
v -0.402435 -0.536895 -0.065695
v -0.402499 -0.537220 -0.065081
v -0.402542 -0.537436 -0.064420
v -0.402561 -0.537536 -0.063730
v -0.402558 -0.537516 -0.063033
v -0.402530 -0.537379 -0.062350
v -0.402480 -0.537127 -0.061702
v -0.413762 -0.534895 -0.061702
v -0.413812 -0.535147 -0.062350
v -0.413839 -0.535284 -0.063033
v -0.413843 -0.535304 -0.063730
v -0.413823 -0.535204 -0.064420
v -0.413780 -0.534988 -0.065081
v -0.413716 -0.534663 -0.065695
v -0.413632 -0.534238 -0.066241
v -0.413531 -0.533726 -0.066704
v -0.413415 -0.533144 -0.067070
v -0.413290 -0.532508 -0.067326
v -0.413157 -0.531838 -0.067467
v -0.413022 -0.531154 -0.067486
v -0.412888 -0.530478 -0.067384
v -0.412759 -0.529829 -0.067164
v -0.412640 -0.529227 -0.066833
v -0.412534 -0.528691 -0.066400
v -0.412444 -0.528237 -0.065879
v -0.412374 -0.527878 -0.065285
v -0.404265 -0.546145 -0.040489
v -0.404336 -0.546503 -0.041083
v -0.404425 -0.546957 -0.041604
v -0.404532 -0.547494 -0.042037
v -0.404651 -0.548095 -0.042369
v -0.404779 -0.548744 -0.042589
v -0.404913 -0.549421 -0.042691
v -0.405048 -0.550105 -0.042671
v -0.405181 -0.550775 -0.042531
v -0.405307 -0.551411 -0.042274
v -0.405422 -0.551993 -0.041909
v -0.405523 -0.552505 -0.041446
v -0.405607 -0.552929 -0.040899
v -0.405671 -0.553255 -0.040286
v -0.405714 -0.553470 -0.039624
v -0.405734 -0.553570 -0.038934
v -0.405730 -0.553551 -0.038237
v -0.405703 -0.553413 -0.037554
v -0.405653 -0.553162 -0.036906
v -0.416934 -0.550930 -0.036906
v -0.416984 -0.551181 -0.037554
v -0.417011 -0.551319 -0.038237
v -0.417015 -0.551338 -0.038934
v -0.416995 -0.551238 -0.039624
v -0.416953 -0.551023 -0.040286
v -0.416888 -0.550697 -0.040899
v -0.416804 -0.550273 -0.041446
v -0.416703 -0.549761 -0.041909
v -0.416588 -0.549179 -0.042274
v -0.416462 -0.548543 -0.042531
v -0.416329 -0.547873 -0.042671
v -0.416194 -0.547189 -0.042691
v -0.416060 -0.546512 -0.042589
v -0.415932 -0.545863 -0.042369
v -0.415813 -0.545262 -0.042037
v -0.415707 -0.544725 -0.041604
v -0.415617 -0.544271 -0.041083
v -0.415546 -0.543913 -0.040489
v -0.409077 -0.570469 -0.056835
v -0.409148 -0.570827 -0.057428
v -0.409238 -0.571282 -0.057950
v -0.409344 -0.571818 -0.058383
v -0.409463 -0.572419 -0.058714
v -0.409592 -0.573068 -0.058934
v -0.409725 -0.573745 -0.059036
v -0.409861 -0.574429 -0.059017
v -0.409993 -0.575099 -0.058876
v -0.410119 -0.575735 -0.058620
v -0.410234 -0.576317 -0.058254
v -0.410335 -0.576829 -0.057791
v -0.410420 -0.577253 -0.057245
v -0.410484 -0.577579 -0.056631
v -0.410527 -0.577795 -0.055970
v -0.410546 -0.577894 -0.055280
v -0.410543 -0.577875 -0.054583
v -0.410515 -0.577738 -0.053900
v -0.410465 -0.577486 -0.053252
v -0.421747 -0.575254 -0.053252
v -0.421797 -0.575506 -0.053900
v -0.421824 -0.575643 -0.054583
v -0.421828 -0.575662 -0.055280
v -0.421808 -0.575563 -0.055970
v -0.421765 -0.575347 -0.056631
v -0.421701 -0.575021 -0.057245
v -0.421617 -0.574597 -0.057791
v -0.421516 -0.574085 -0.058254
v -0.421400 -0.573503 -0.058620
v -0.421275 -0.572867 -0.058876
v -0.421142 -0.572197 -0.059017
v -0.421007 -0.571513 -0.059036
v -0.420873 -0.570836 -0.058934
v -0.420744 -0.570187 -0.058714
v -0.420625 -0.569586 -0.058383
v -0.420519 -0.569050 -0.057950
v -0.420429 -0.568595 -0.057428
v -0.420359 -0.568237 -0.056835
v -0.405905 -0.554434 -0.081630
v -0.405976 -0.554793 -0.082224
v -0.406066 -0.555247 -0.082745
v -0.406172 -0.555783 -0.083178
v -0.406291 -0.556385 -0.083510
v -0.406419 -0.557034 -0.083730
v -0.406553 -0.557710 -0.083832
v -0.406688 -0.558394 -0.083812
v -0.406821 -0.559064 -0.083672
v -0.406947 -0.559700 -0.083415
v -0.407062 -0.560283 -0.083050
v -0.407163 -0.560794 -0.082587
v -0.407247 -0.561219 -0.082040
v -0.407311 -0.561544 -0.081427
v -0.407354 -0.561760 -0.080765
v -0.407374 -0.561860 -0.080076
v -0.407370 -0.561840 -0.079379
v -0.407343 -0.561703 -0.078696
v -0.407293 -0.561451 -0.078047
v -0.418574 -0.559219 -0.078047
v -0.418624 -0.559471 -0.078696
v -0.418651 -0.559608 -0.079379
v -0.418655 -0.559628 -0.080076
v -0.418635 -0.559528 -0.080765
v -0.418593 -0.559312 -0.081427
v -0.418528 -0.558987 -0.082040
v -0.418444 -0.558562 -0.082587
v -0.418343 -0.558051 -0.083050
v -0.418228 -0.557468 -0.083415
v -0.418102 -0.556832 -0.083672
v -0.417970 -0.556162 -0.083812
v -0.417834 -0.555478 -0.083832
v -0.417700 -0.554802 -0.083730
v -0.417572 -0.554153 -0.083510
v -0.417453 -0.553551 -0.083178
v -0.417347 -0.553015 -0.082745
v -0.417257 -0.552561 -0.082224
v -0.417186 -0.552202 -0.081630
v -0.395506 -0.584313 -0.045272
v -0.422483 -0.578975 -0.045272
v -0.384660 -0.529494 -0.073264
v -0.384271 -0.527526 -0.068199
v -0.384058 -0.526451 -0.062864
v -0.384028 -0.526301 -0.057419
v -0.384183 -0.527081 -0.052030
v -0.384516 -0.528767 -0.046861
v -0.385019 -0.531308 -0.042069
v -0.385676 -0.534627 -0.037799
v -0.386466 -0.538623 -0.034182
v -0.387367 -0.543174 -0.031327
v -0.388350 -0.548142 -0.029322
v -0.389385 -0.553376 -0.028226
v -0.390442 -0.558718 -0.028073
v -0.391488 -0.564004 -0.028868
v -0.392491 -0.569075 -0.030587
v -0.393421 -0.573776 -0.033177
v -0.394250 -0.577964 -0.036560
v -0.394952 -0.581512 -0.040633
v -0.411637 -0.524157 -0.073264
v -0.411248 -0.522189 -0.068199
v -0.411035 -0.521114 -0.062864
v -0.411006 -0.520964 -0.057419
v -0.411160 -0.521744 -0.052030
v -0.411493 -0.523430 -0.046861
v -0.411996 -0.525971 -0.042069
v -0.412653 -0.529290 -0.037799
v -0.413443 -0.533285 -0.034182
v -0.414344 -0.537836 -0.031327
v -0.415327 -0.542804 -0.029322
v -0.416362 -0.548039 -0.028226
v -0.417419 -0.553380 -0.028073
v -0.418465 -0.558667 -0.028868
v -0.419468 -0.563737 -0.030587
v -0.420398 -0.568438 -0.033177
v -0.421227 -0.572626 -0.036560
v -0.421929 -0.576175 -0.040633
v -0.422483 -0.578975 -0.045272
v -0.422872 -0.580943 -0.050337
v -0.423085 -0.582018 -0.055673
v -0.423115 -0.582168 -0.061118
v -0.422960 -0.581388 -0.066507
v -0.422627 -0.579702 -0.071676
v -0.422124 -0.577161 -0.076468
v -0.421467 -0.573842 -0.080737
v -0.420677 -0.569846 -0.084354
v -0.419777 -0.565295 -0.087209
v -0.418794 -0.560327 -0.089215
v -0.417758 -0.555093 -0.090311
v -0.416701 -0.549751 -0.090463
v -0.415655 -0.544465 -0.089668
v -0.414652 -0.539394 -0.087949
v -0.413722 -0.534693 -0.085359
v -0.412893 -0.530505 -0.081976
v -0.412191 -0.526957 -0.077903
v -0.411637 -0.524157 -0.073264
v -0.411248 -0.522189 -0.068199
v -0.411035 -0.521114 -0.062864
v -0.411006 -0.520964 -0.057419
v -0.411160 -0.521744 -0.052030
v -0.411493 -0.523430 -0.046861
v -0.411996 -0.525971 -0.042069
v -0.412653 -0.529290 -0.037799
v -0.413443 -0.533285 -0.034182
v -0.414344 -0.537836 -0.031327
v -0.415327 -0.542804 -0.029322
v -0.416362 -0.548039 -0.028226
v -0.417419 -0.553380 -0.028073
v -0.418465 -0.558667 -0.028868
v -0.419468 -0.563737 -0.030587
v -0.420398 -0.568438 -0.033177
v -0.421227 -0.572626 -0.036560
v -0.421929 -0.576175 -0.040633
v -0.415834 -0.545369 -0.073505
v -0.415808 -0.545235 -0.073160
v -0.415793 -0.545162 -0.072797
v -0.415791 -0.545151 -0.072427
v -0.415802 -0.545204 -0.072061
v -0.415824 -0.545319 -0.071709
v -0.415858 -0.545492 -0.071383
v -0.415903 -0.545718 -0.071093
v -0.415957 -0.545989 -0.070847
v -0.416018 -0.546299 -0.070653
v -0.416085 -0.546637 -0.070517
v -0.416155 -0.546993 -0.070442
v -0.416227 -0.547356 -0.070432
v -0.416298 -0.547715 -0.070486
v -0.416367 -0.548060 -0.070603
v -0.416430 -0.548380 -0.070779
v -0.416486 -0.548664 -0.071009
v -0.416534 -0.548906 -0.071286
v -0.416572 -0.549096 -0.071601
v -0.416598 -0.549230 -0.071946
v -0.416612 -0.549303 -0.072308
v -0.416614 -0.549313 -0.072679
v -0.416604 -0.549260 -0.073045
v -0.416581 -0.549146 -0.073397
v -0.416547 -0.548973 -0.073723
v -0.416502 -0.548747 -0.074013
v -0.416449 -0.548475 -0.074259
v -0.416387 -0.548166 -0.074453
v -0.416321 -0.547828 -0.074589
v -0.416250 -0.547472 -0.074664
v -0.416178 -0.547109 -0.074674
v -0.416107 -0.546750 -0.074620
v -0.416039 -0.546405 -0.074503
v -0.415976 -0.546085 -0.074327
v -0.415919 -0.545800 -0.074097
v -0.415872 -0.545559 -0.073820
v -0.418496 -0.558821 -0.070688
v -0.418469 -0.558688 -0.070344
v -0.418455 -0.558615 -0.069981
v -0.418453 -0.558604 -0.069610
v -0.418463 -0.558657 -0.069244
v -0.418486 -0.558772 -0.068893
v -0.418520 -0.558945 -0.068567
v -0.418565 -0.559171 -0.068276
v -0.418618 -0.559442 -0.068030
v -0.418680 -0.559752 -0.067836
v -0.418747 -0.560090 -0.067700
v -0.418817 -0.560445 -0.067625
v -0.418889 -0.560809 -0.067615
v -0.418960 -0.561168 -0.067669
v -0.419028 -0.561513 -0.067786
v -0.419091 -0.561833 -0.067962
v -0.419148 -0.562117 -0.068192
v -0.419196 -0.562359 -0.068469
v -0.419233 -0.562549 -0.068785
v -0.419260 -0.562683 -0.069129
v -0.419274 -0.562756 -0.069492
v -0.419276 -0.562766 -0.069862
v -0.419266 -0.562713 -0.070228
v -0.419243 -0.562599 -0.070580
v -0.419209 -0.562426 -0.070906
v -0.419164 -0.562200 -0.071196
v -0.419110 -0.561928 -0.071442
v -0.419049 -0.561619 -0.071636
v -0.418982 -0.561281 -0.071773
v -0.418912 -0.560925 -0.071847
v -0.418840 -0.560562 -0.071858
v -0.418769 -0.560202 -0.071803
v -0.418701 -0.559858 -0.071687
v -0.418637 -0.559538 -0.071510
v -0.418581 -0.559253 -0.071280
v -0.418533 -0.559012 -0.071003
v -0.417549 -0.554036 -0.046935
v -0.417522 -0.553902 -0.046591
v -0.417508 -0.553829 -0.046228
v -0.417506 -0.553818 -0.045858
v -0.417516 -0.553872 -0.045491
v -0.417539 -0.553986 -0.045140
v -0.417573 -0.554159 -0.044814
v -0.417618 -0.554385 -0.044524
v -0.417672 -0.554656 -0.044278
v -0.417733 -0.554966 -0.044083
v -0.417800 -0.555304 -0.043947
v -0.417870 -0.555660 -0.043873
v -0.417942 -0.556023 -0.043862
v -0.418013 -0.556382 -0.043916
v -0.418081 -0.556727 -0.044033
v -0.418145 -0.557047 -0.044209
v -0.418201 -0.557332 -0.044439
v -0.418249 -0.557573 -0.044716
v -0.418286 -0.557763 -0.045032
v -0.418313 -0.557897 -0.045376
v -0.418327 -0.557970 -0.045739
v -0.418329 -0.557980 -0.046109
v -0.418319 -0.557927 -0.046476
v -0.418296 -0.557813 -0.046827
v -0.418262 -0.557640 -0.047153
v -0.418217 -0.557414 -0.047443
v -0.418163 -0.557142 -0.047689
v -0.418102 -0.556833 -0.047883
v -0.418035 -0.556495 -0.048020
v -0.417965 -0.556139 -0.048094
v -0.417893 -0.555776 -0.048105
v -0.417822 -0.555417 -0.048051
v -0.417754 -0.555072 -0.047934
v -0.417691 -0.554752 -0.047758
v -0.417634 -0.554467 -0.047528
v -0.417586 -0.554226 -0.047251
v -0.414887 -0.540583 -0.049752
v -0.414861 -0.540449 -0.049407
v -0.414846 -0.540376 -0.049045
v -0.414844 -0.540366 -0.048674
v -0.414855 -0.540419 -0.048308
v -0.414877 -0.540533 -0.047956
v -0.414912 -0.540706 -0.047631
v -0.414956 -0.540932 -0.047340
v -0.415010 -0.541203 -0.047094
v -0.415071 -0.541513 -0.046900
v -0.415138 -0.541851 -0.046764
v -0.415208 -0.542207 -0.046689
v -0.415280 -0.542570 -0.046679
v -0.415351 -0.542929 -0.046733
v -0.415420 -0.543274 -0.046850
v -0.415483 -0.543594 -0.047026
v -0.415539 -0.543879 -0.047256
v -0.415587 -0.544120 -0.047533
v -0.415625 -0.544310 -0.047848
v -0.415651 -0.544444 -0.048193
v -0.415666 -0.544517 -0.048556
v -0.415668 -0.544527 -0.048926
v -0.415657 -0.544474 -0.049292
v -0.415634 -0.544360 -0.049644
v -0.415600 -0.544187 -0.049970
v -0.415556 -0.543961 -0.050260
v -0.415502 -0.543690 -0.050506
v -0.415441 -0.543380 -0.050700
v -0.415374 -0.543042 -0.050836
v -0.415303 -0.542686 -0.050911
v -0.415231 -0.542323 -0.050921
v -0.415160 -0.541964 -0.050867
v -0.415092 -0.541619 -0.050750
v -0.415029 -0.541299 -0.050574
v -0.414973 -0.541014 -0.050344
v -0.414925 -0.540773 -0.050067
v -0.417186 -0.552202 -0.081630
v -0.417136 -0.551950 -0.080982
v -0.417109 -0.551813 -0.080299
v -0.417105 -0.551794 -0.079602
v -0.417125 -0.551893 -0.078912
v -0.417168 -0.552109 -0.078251
v -0.417232 -0.552434 -0.077637
v -0.417316 -0.552859 -0.077091
v -0.417417 -0.553371 -0.076628
v -0.417532 -0.553953 -0.076262
v -0.417658 -0.554589 -0.076006
v -0.417791 -0.555259 -0.075865
v -0.417926 -0.555943 -0.075846
v -0.418060 -0.556620 -0.075948
v -0.418188 -0.557269 -0.076168
v -0.418307 -0.557870 -0.076499
v -0.418414 -0.558406 -0.076932
v -0.418503 -0.558861 -0.077453
v -0.418574 -0.559219 -0.078047
v -0.418624 -0.559471 -0.078696
v -0.418651 -0.559608 -0.079379
v -0.418655 -0.559628 -0.080076
v -0.418635 -0.559528 -0.080765
v -0.418593 -0.559312 -0.081427
v -0.418528 -0.558987 -0.082040
v -0.418444 -0.558562 -0.082587
v -0.418343 -0.558051 -0.083050
v -0.418228 -0.557468 -0.083415
v -0.418102 -0.556832 -0.083672
v -0.417970 -0.556162 -0.083812
v -0.417834 -0.555478 -0.083832
v -0.417700 -0.554802 -0.083730
v -0.417572 -0.554153 -0.083510
v -0.417453 -0.553551 -0.083178
v -0.417347 -0.553015 -0.082745
v -0.417257 -0.552561 -0.082224
v -0.420359 -0.568237 -0.056835
v -0.420309 -0.567985 -0.056186
v -0.420281 -0.567847 -0.055503
v -0.420278 -0.567828 -0.054806
v -0.420297 -0.567928 -0.054117
v -0.420340 -0.568144 -0.053455
v -0.420404 -0.568469 -0.052842
v -0.420489 -0.568894 -0.052295
v -0.420590 -0.569405 -0.051832
v -0.420705 -0.569988 -0.051467
v -0.420831 -0.570624 -0.051210
v -0.420963 -0.571294 -0.051070
v -0.421099 -0.571978 -0.051050
v -0.421232 -0.572654 -0.051152
v -0.421361 -0.573303 -0.051372
v -0.421480 -0.573905 -0.051703
v -0.421586 -0.574441 -0.052137
v -0.421676 -0.574895 -0.052658
v -0.421747 -0.575254 -0.053252
v -0.421797 -0.575506 -0.053900
v -0.421824 -0.575643 -0.054583
v -0.421828 -0.575662 -0.055280
v -0.421808 -0.575563 -0.055970
v -0.421765 -0.575347 -0.056631
v -0.421701 -0.575021 -0.057245
v -0.421617 -0.574597 -0.057791
v -0.421516 -0.574085 -0.058254
v -0.421400 -0.573503 -0.058620
v -0.421275 -0.572867 -0.058876
v -0.421142 -0.572197 -0.059017
v -0.421007 -0.571513 -0.059036
v -0.420873 -0.570836 -0.058934
v -0.420744 -0.570187 -0.058714
v -0.420625 -0.569586 -0.058383
v -0.420519 -0.569050 -0.057950
v -0.420429 -0.568595 -0.057428
v -0.415546 -0.543913 -0.040489
v -0.415496 -0.543661 -0.039841
v -0.415469 -0.543523 -0.039158
v -0.415465 -0.543504 -0.038461
v -0.415485 -0.543604 -0.037771
v -0.415528 -0.543820 -0.037109
v -0.415592 -0.544145 -0.036496
v -0.415676 -0.544570 -0.035950
v -0.415777 -0.545081 -0.035487
v -0.415892 -0.545664 -0.035121
v -0.416018 -0.546300 -0.034864
v -0.416151 -0.546970 -0.034724
v -0.416286 -0.547653 -0.034705
v -0.416420 -0.548330 -0.034806
v -0.416548 -0.548979 -0.035026
v -0.416667 -0.549581 -0.035358
v -0.416773 -0.550117 -0.035791
v -0.416863 -0.550571 -0.036312
v -0.416934 -0.550930 -0.036906
v -0.416984 -0.551181 -0.037554
v -0.417011 -0.551319 -0.038237
v -0.417015 -0.551338 -0.038934
v -0.416995 -0.551238 -0.039624
v -0.416953 -0.551023 -0.040286
v -0.416888 -0.550697 -0.040899
v -0.416804 -0.550273 -0.041446
v -0.416703 -0.549761 -0.041909
v -0.416588 -0.549179 -0.042274
v -0.416462 -0.548543 -0.042531
v -0.416329 -0.547873 -0.042671
v -0.416194 -0.547189 -0.042691
v -0.416060 -0.546512 -0.042589
v -0.415932 -0.545863 -0.042369
v -0.415813 -0.545262 -0.042037
v -0.415707 -0.544725 -0.041604
v -0.415617 -0.544271 -0.041083
v -0.412374 -0.527878 -0.065285
v -0.412324 -0.527626 -0.064636
v -0.412296 -0.527489 -0.063953
v -0.412293 -0.527469 -0.063256
v -0.412312 -0.527569 -0.062567
v -0.412355 -0.527785 -0.061905
v -0.412419 -0.528110 -0.061292
v -0.412504 -0.528535 -0.060745
v -0.412605 -0.529047 -0.060282
v -0.412720 -0.529629 -0.059917
v -0.412846 -0.530265 -0.059660
v -0.412978 -0.530935 -0.059520
v -0.413114 -0.531619 -0.059500
v -0.413247 -0.532295 -0.059602
v -0.413376 -0.532944 -0.059822
v -0.413495 -0.533546 -0.060154
v -0.413601 -0.534082 -0.060587
v -0.413691 -0.534536 -0.061108
v -0.413762 -0.534895 -0.061702
v -0.413812 -0.535147 -0.062350
v -0.413839 -0.535284 -0.063033
v -0.413843 -0.535304 -0.063730
v -0.413823 -0.535204 -0.064420
v -0.413780 -0.534988 -0.065081
v -0.413716 -0.534663 -0.065695
v -0.413632 -0.534238 -0.066241
v -0.413531 -0.533726 -0.066704
v -0.413415 -0.533144 -0.067070
v -0.413290 -0.532508 -0.067326
v -0.413157 -0.531838 -0.067467
v -0.413022 -0.531154 -0.067486
v -0.412888 -0.530478 -0.067384
v -0.412759 -0.529829 -0.067164
v -0.412640 -0.529227 -0.066833
v -0.412534 -0.528691 -0.066400
v -0.412444 -0.528237 -0.065879
v -0.407449 -0.562240 -0.077644
v -0.407510 -0.562549 -0.078438
v -0.407544 -0.562718 -0.079275
v -0.407548 -0.562741 -0.080129
v -0.407524 -0.562619 -0.080974
v -0.407472 -0.562354 -0.081784
v -0.407393 -0.561956 -0.082536
v -0.407290 -0.561436 -0.083205
v -0.407166 -0.560809 -0.083772
v -0.407025 -0.560095 -0.084220
v -0.406871 -0.559316 -0.084534
v -0.406708 -0.558496 -0.084706
v -0.406543 -0.557658 -0.084730
v -0.406379 -0.556829 -0.084605
v -0.406221 -0.556034 -0.084336
v -0.406075 -0.555297 -0.083930
v -0.405946 -0.554640 -0.083399
v -0.405835 -0.554084 -0.082761
v -0.405749 -0.553645 -0.082033
v -0.405688 -0.553336 -0.081239
v -0.405654 -0.553168 -0.080403
v -0.405650 -0.553144 -0.079549
v -0.405674 -0.553267 -0.078704
v -0.405726 -0.553531 -0.077893
v -0.405805 -0.553929 -0.077142
v -0.405908 -0.554450 -0.076472
v -0.406032 -0.555076 -0.075905
v -0.406173 -0.555790 -0.075458
v -0.406327 -0.556569 -0.075143
v -0.406489 -0.557390 -0.074971
v -0.406655 -0.558227 -0.074947
v -0.406819 -0.559056 -0.075072
v -0.406976 -0.559851 -0.075342
v -0.407122 -0.560588 -0.075748
v -0.407252 -0.561245 -0.076278
v -0.407362 -0.561801 -0.076917
v -0.407293 -0.561451 -0.078047
v -0.407222 -0.561093 -0.077453
v -0.407132 -0.560638 -0.076932
v -0.407026 -0.560102 -0.076499
v -0.406907 -0.559501 -0.076168
v -0.406779 -0.558852 -0.075948
v -0.406645 -0.558175 -0.075846
v -0.406510 -0.557491 -0.075865
v -0.406377 -0.556821 -0.076006
v -0.406251 -0.556185 -0.076262
v -0.406136 -0.555603 -0.076628
v -0.406035 -0.555091 -0.077091
v -0.405951 -0.554666 -0.077637
v -0.405886 -0.554341 -0.078251
v -0.405844 -0.554125 -0.078912
v -0.405824 -0.554026 -0.079602
v -0.405828 -0.554045 -0.080299
v -0.405855 -0.554182 -0.080982
v -0.405905 -0.554434 -0.081630
v -0.405976 -0.554793 -0.082224
v -0.406066 -0.555247 -0.082745
v -0.406172 -0.555783 -0.083178
v -0.406291 -0.556385 -0.083510
v -0.406419 -0.557034 -0.083730
v -0.406553 -0.557710 -0.083832
v -0.406688 -0.558394 -0.083812
v -0.406821 -0.559064 -0.083672
v -0.406947 -0.559700 -0.083415
v -0.407062 -0.560283 -0.083050
v -0.407163 -0.560794 -0.082587
v -0.407247 -0.561219 -0.082040
v -0.407311 -0.561544 -0.081427
v -0.407354 -0.561760 -0.080765
v -0.407374 -0.561860 -0.080076
v -0.407370 -0.561840 -0.079379
v -0.407343 -0.561703 -0.078696
v -0.391753 -0.565346 -0.077644
v -0.391814 -0.565654 -0.078438
v -0.391848 -0.565823 -0.079275
v -0.391852 -0.565846 -0.080129
v -0.391828 -0.565724 -0.080974
v -0.391776 -0.565460 -0.081784
v -0.391697 -0.565061 -0.082536
v -0.391594 -0.564541 -0.083205
v -0.391470 -0.563914 -0.083772
v -0.391329 -0.563201 -0.084220
v -0.391175 -0.562422 -0.084534
v -0.391013 -0.561601 -0.084706
v -0.390847 -0.560763 -0.084730
v -0.390683 -0.559935 -0.084605
v -0.390526 -0.559140 -0.084336
v -0.390380 -0.558402 -0.083930
v -0.390250 -0.557746 -0.083399
v -0.390140 -0.557189 -0.082761
v -0.390053 -0.556750 -0.082033
v -0.407449 -0.562240 -0.077644
v -0.407510 -0.562549 -0.078438
v -0.407544 -0.562718 -0.079275
v -0.407548 -0.562741 -0.080129
v -0.407524 -0.562619 -0.080974
v -0.407472 -0.562354 -0.081784
v -0.407393 -0.561956 -0.082536
v -0.407290 -0.561436 -0.083205
v -0.407166 -0.560809 -0.083772
v -0.407025 -0.560095 -0.084220
v -0.406871 -0.559316 -0.084534
v -0.406708 -0.558496 -0.084706
v -0.406543 -0.557658 -0.084730
v -0.406379 -0.556829 -0.084605
v -0.406221 -0.556034 -0.084336
v -0.406075 -0.555297 -0.083930
v -0.405946 -0.554640 -0.083399
v -0.405835 -0.554084 -0.082761
v -0.405749 -0.553645 -0.082033
v -0.410622 -0.578275 -0.052849
v -0.410683 -0.578584 -0.053643
v -0.410716 -0.578752 -0.054479
v -0.410721 -0.578776 -0.055333
v -0.410697 -0.578653 -0.056178
v -0.410644 -0.578389 -0.056989
v -0.410565 -0.577991 -0.057740
v -0.410462 -0.577470 -0.058409
v -0.410338 -0.576844 -0.058977
v -0.410197 -0.576130 -0.059424
v -0.410043 -0.575351 -0.059739
v -0.409881 -0.574530 -0.059911
v -0.409715 -0.573693 -0.059935
v -0.409551 -0.572864 -0.059810
v -0.409394 -0.572069 -0.059540
v -0.409248 -0.571332 -0.059134
v -0.409118 -0.570675 -0.058604
v -0.409008 -0.570119 -0.057965
v -0.408921 -0.569680 -0.057238
v -0.408860 -0.569371 -0.056444
v -0.408827 -0.569202 -0.055607
v -0.408822 -0.569179 -0.054753
v -0.408846 -0.569301 -0.053908
v -0.408898 -0.569566 -0.053098
v -0.408977 -0.569964 -0.052346
v -0.409080 -0.570484 -0.051677
v -0.409204 -0.571111 -0.051110
v -0.409345 -0.571825 -0.050662
v -0.409500 -0.572604 -0.050348
v -0.409662 -0.573424 -0.050176
v -0.409828 -0.574262 -0.050152
v -0.409992 -0.575091 -0.050276
v -0.410149 -0.575886 -0.050546
v -0.410295 -0.576623 -0.050952
v -0.410425 -0.577280 -0.051483
v -0.410535 -0.577836 -0.052121
v -0.410465 -0.577486 -0.053252
v -0.410395 -0.577127 -0.052658
v -0.410305 -0.576673 -0.052137
v -0.410199 -0.576137 -0.051703
v -0.410080 -0.575535 -0.051372
v -0.409951 -0.574886 -0.051152
v -0.409817 -0.574210 -0.051050
v -0.409682 -0.573526 -0.051070
v -0.409549 -0.572856 -0.051210
v -0.409424 -0.572220 -0.051467
v -0.409308 -0.571637 -0.051832
v -0.409207 -0.571126 -0.052295
v -0.409123 -0.570701 -0.052842
v -0.409059 -0.570376 -0.053455
v -0.409016 -0.570160 -0.054117
v -0.408996 -0.570060 -0.054806
v -0.409000 -0.570079 -0.055503
v -0.409027 -0.570217 -0.056186
v -0.409077 -0.570469 -0.056835
v -0.409148 -0.570827 -0.057428
v -0.409238 -0.571282 -0.057950
v -0.409344 -0.571818 -0.058383
v -0.409463 -0.572419 -0.058714
v -0.409592 -0.573068 -0.058934
v -0.409725 -0.573745 -0.059036
v -0.409861 -0.574429 -0.059017
v -0.409993 -0.575099 -0.058876
v -0.410119 -0.575735 -0.058620
v -0.410234 -0.576317 -0.058254
v -0.410335 -0.576829 -0.057791
v -0.410420 -0.577253 -0.057245
v -0.410484 -0.577579 -0.056631
v -0.410527 -0.577795 -0.055970
v -0.410546 -0.577894 -0.055280
v -0.410543 -0.577875 -0.054583
v -0.410515 -0.577738 -0.053900
v -0.394926 -0.581381 -0.052849
v -0.394987 -0.581689 -0.053643
v -0.395020 -0.581858 -0.054479
v -0.395025 -0.581881 -0.055333
v -0.395001 -0.581759 -0.056178
v -0.394948 -0.581494 -0.056989
v -0.394870 -0.581096 -0.057740
v -0.394767 -0.580576 -0.058409
v -0.394643 -0.579949 -0.058977
v -0.394502 -0.579236 -0.059424
v -0.394347 -0.578457 -0.059739
v -0.394185 -0.577636 -0.059911
v -0.394019 -0.576798 -0.059935
v -0.393855 -0.575969 -0.059810
v -0.393698 -0.575174 -0.059540
v -0.393552 -0.574437 -0.059134
v -0.393422 -0.573780 -0.058604
v -0.393312 -0.573224 -0.057965
v -0.393225 -0.572785 -0.057238
v -0.410622 -0.578275 -0.052849
v -0.410683 -0.578584 -0.053643
v -0.410716 -0.578752 -0.054479
v -0.410721 -0.578776 -0.055333
v -0.410697 -0.578653 -0.056178
v -0.410644 -0.578389 -0.056989
v -0.410565 -0.577991 -0.057740
v -0.410462 -0.577470 -0.058409
v -0.410338 -0.576844 -0.058977
v -0.410197 -0.576130 -0.059424
v -0.410043 -0.575351 -0.059739
v -0.409881 -0.574530 -0.059911
v -0.409715 -0.573693 -0.059935
v -0.409551 -0.572864 -0.059810
v -0.409394 -0.572069 -0.059540
v -0.409248 -0.571332 -0.059134
v -0.409118 -0.570675 -0.058604
v -0.409008 -0.570119 -0.057965
v -0.408921 -0.569680 -0.057238
v -0.405809 -0.553951 -0.036503
v -0.405870 -0.554260 -0.037297
v -0.405904 -0.554428 -0.038134
v -0.405908 -0.554452 -0.038988
v -0.405884 -0.554329 -0.039833
v -0.405832 -0.554065 -0.040643
v -0.405753 -0.553666 -0.041394
v -0.405650 -0.553146 -0.042064
v -0.405526 -0.552520 -0.042631
v -0.405385 -0.551806 -0.043079
v -0.405231 -0.551027 -0.043393
v -0.405068 -0.550206 -0.043565
v -0.404903 -0.549369 -0.043589
v -0.404739 -0.548540 -0.043464
v -0.404581 -0.547745 -0.043195
v -0.404435 -0.547008 -0.042789
v -0.404305 -0.546351 -0.042258
v -0.404195 -0.545795 -0.041620
v -0.404108 -0.545355 -0.040892
v -0.404047 -0.545047 -0.040098
v -0.404014 -0.544878 -0.039261
v -0.404009 -0.544855 -0.038408
v -0.404034 -0.544977 -0.037563
v -0.404086 -0.545241 -0.036752
v -0.404165 -0.545640 -0.036001
v -0.404268 -0.546160 -0.035331
v -0.404392 -0.546787 -0.034764
v -0.404533 -0.547500 -0.034316
v -0.404687 -0.548279 -0.034002
v -0.404849 -0.549100 -0.033830
v -0.405015 -0.549938 -0.033806
v -0.405179 -0.550767 -0.033931
v -0.405336 -0.551562 -0.034200
v -0.405482 -0.552299 -0.034607
v -0.405612 -0.552955 -0.035137
v -0.405722 -0.553512 -0.035776
v -0.405653 -0.553162 -0.036906
v -0.405582 -0.552803 -0.036312
v -0.405492 -0.552349 -0.035791
v -0.405386 -0.551813 -0.035358
v -0.405267 -0.551211 -0.035026
v -0.405139 -0.550562 -0.034806
v -0.405005 -0.549885 -0.034705
v -0.404869 -0.549202 -0.034724
v -0.404737 -0.548532 -0.034864
v -0.404611 -0.547896 -0.035121
v -0.404496 -0.547313 -0.035487
v -0.404395 -0.546802 -0.035950
v -0.404311 -0.546377 -0.036496
v -0.404246 -0.546052 -0.037109
v -0.404204 -0.545836 -0.037771
v -0.404184 -0.545736 -0.038461
v -0.404188 -0.545755 -0.039158
v -0.404215 -0.545893 -0.039841
v -0.404265 -0.546145 -0.040489
v -0.404336 -0.546503 -0.041083
v -0.404425 -0.546957 -0.041604
v -0.404532 -0.547494 -0.042037
v -0.404651 -0.548095 -0.042369
v -0.404779 -0.548744 -0.042589
v -0.404913 -0.549421 -0.042691
v -0.405048 -0.550105 -0.042671
v -0.405181 -0.550775 -0.042531
v -0.405307 -0.551411 -0.042274
v -0.405422 -0.551993 -0.041909
v -0.405523 -0.552505 -0.041446
v -0.405607 -0.552929 -0.040899
v -0.405671 -0.553255 -0.040286
v -0.405714 -0.553470 -0.039624
v -0.405734 -0.553570 -0.038934
v -0.405730 -0.553551 -0.038237
v -0.405703 -0.553413 -0.037554
v -0.390113 -0.557056 -0.036503
v -0.390174 -0.557365 -0.037297
v -0.390208 -0.557533 -0.038134
v -0.390212 -0.557557 -0.038988
v -0.390188 -0.557435 -0.039833
v -0.390136 -0.557170 -0.040643
v -0.390057 -0.556772 -0.041394
v -0.389954 -0.556251 -0.042064
v -0.389830 -0.555625 -0.042631
v -0.389689 -0.554911 -0.043079
v -0.389535 -0.554132 -0.043393
v -0.389372 -0.553312 -0.043565
v -0.389207 -0.552474 -0.043589
v -0.389043 -0.551645 -0.043464
v -0.388885 -0.550850 -0.043195
v -0.388740 -0.550113 -0.042789
v -0.388610 -0.549456 -0.042258
v -0.388500 -0.548900 -0.041620
v -0.388413 -0.548461 -0.040892
v -0.405809 -0.553951 -0.036503
v -0.405870 -0.554260 -0.037297
v -0.405904 -0.554428 -0.038134
v -0.405908 -0.554452 -0.038988
v -0.405884 -0.554329 -0.039833
v -0.405832 -0.554065 -0.040643
v -0.405753 -0.553666 -0.041394
v -0.405650 -0.553146 -0.042064
v -0.405526 -0.552520 -0.042631
v -0.405385 -0.551806 -0.043079
v -0.405231 -0.551027 -0.043393
v -0.405068 -0.550206 -0.043565
v -0.404903 -0.549369 -0.043589
v -0.404739 -0.548540 -0.043464
v -0.404581 -0.547745 -0.043195
v -0.404435 -0.547008 -0.042789
v -0.404305 -0.546351 -0.042258
v -0.404195 -0.545795 -0.041620
v -0.404108 -0.545355 -0.040892
v -0.402637 -0.537916 -0.061299
v -0.402698 -0.538225 -0.062093
v -0.402731 -0.538393 -0.062929
v -0.402736 -0.538417 -0.063783
v -0.402712 -0.538295 -0.064628
v -0.402659 -0.538030 -0.065439
v -0.402580 -0.537632 -0.066190
v -0.402477 -0.537111 -0.066860
v -0.402353 -0.536485 -0.067427
v -0.402212 -0.535771 -0.067874
v -0.402058 -0.534992 -0.068189
v -0.401896 -0.534172 -0.068361
v -0.401730 -0.533334 -0.068385
v -0.401566 -0.532505 -0.068260
v -0.401409 -0.531710 -0.067990
v -0.401263 -0.530973 -0.067584
v -0.401133 -0.530316 -0.067054
v -0.401023 -0.529760 -0.066415
v -0.400936 -0.529321 -0.065688
v -0.400875 -0.529012 -0.064894
v -0.400842 -0.528844 -0.064057
v -0.400837 -0.528820 -0.063203
v -0.400861 -0.528942 -0.062358
v -0.400913 -0.529207 -0.061548
v -0.400992 -0.529605 -0.060796
v -0.401095 -0.530126 -0.060127
v -0.401219 -0.530752 -0.059560
v -0.401360 -0.531466 -0.059112
v -0.401515 -0.532245 -0.058798
v -0.401677 -0.533065 -0.058626
v -0.401843 -0.533903 -0.058602
v -0.402007 -0.534732 -0.058726
v -0.402164 -0.535527 -0.058996
v -0.402310 -0.536264 -0.059402
v -0.402440 -0.536921 -0.059933
v -0.402550 -0.537477 -0.060571
v -0.402480 -0.537127 -0.061702
v -0.402410 -0.536768 -0.061108
v -0.402320 -0.536314 -0.060587
v -0.402214 -0.535778 -0.060154
v -0.402095 -0.535176 -0.059822
v -0.401966 -0.534527 -0.059602
v -0.401832 -0.533851 -0.059500
v -0.401697 -0.533167 -0.059520
v -0.401564 -0.532497 -0.059660
v -0.401439 -0.531861 -0.059917
v -0.401323 -0.531279 -0.060282
v -0.401222 -0.530767 -0.060745
v -0.401138 -0.530342 -0.061292
v -0.401074 -0.530017 -0.061905
v -0.401031 -0.529801 -0.062567
v -0.401011 -0.529701 -0.063256
v -0.401015 -0.529721 -0.063953
v -0.401042 -0.529858 -0.064636
v -0.401092 -0.530110 -0.065285
v -0.401163 -0.530469 -0.065879
v -0.401253 -0.530923 -0.066400
v -0.401359 -0.531459 -0.066833
v -0.401478 -0.532061 -0.067164
v -0.401607 -0.532710 -0.067384
v -0.401740 -0.533386 -0.067486
v -0.401876 -0.534070 -0.067467
v -0.402008 -0.534740 -0.067326
v -0.402134 -0.535376 -0.067070
v -0.402249 -0.535958 -0.066704
v -0.402350 -0.536470 -0.066241
v -0.402435 -0.536895 -0.065695
v -0.402499 -0.537220 -0.065081
v -0.402542 -0.537436 -0.064420
v -0.402561 -0.537536 -0.063730
v -0.402558 -0.537516 -0.063033
v -0.402530 -0.537379 -0.062350
v -0.386941 -0.541022 -0.061299
v -0.387002 -0.541330 -0.062093
v -0.387035 -0.541499 -0.062929
v -0.387040 -0.541522 -0.063783
v -0.387016 -0.541400 -0.064628
v -0.386963 -0.541136 -0.065439
v -0.386885 -0.540737 -0.066190
v -0.386782 -0.540217 -0.066860
v -0.386658 -0.539590 -0.067427
v -0.386517 -0.538877 -0.067874
v -0.386362 -0.538098 -0.068189
v -0.386200 -0.537277 -0.068361
v -0.386034 -0.536439 -0.068385
v -0.385870 -0.535610 -0.068260
v -0.385713 -0.534815 -0.067990
v -0.385567 -0.534078 -0.067584
v -0.385437 -0.533422 -0.067054
v -0.385327 -0.532865 -0.066415
v -0.385240 -0.532426 -0.065688
v -0.402637 -0.537916 -0.061299
v -0.402698 -0.538225 -0.062093
v -0.402731 -0.538393 -0.062929
v -0.402736 -0.538417 -0.063783
v -0.402712 -0.538295 -0.064628
v -0.402659 -0.538030 -0.065439
v -0.402580 -0.537632 -0.066190
v -0.402477 -0.537111 -0.066860
v -0.402353 -0.536485 -0.067427
v -0.402212 -0.535771 -0.067874
v -0.402058 -0.534992 -0.068189
v -0.401896 -0.534172 -0.068361
v -0.401730 -0.533334 -0.068385
v -0.401566 -0.532505 -0.068260
v -0.401409 -0.531710 -0.067990
v -0.401263 -0.530973 -0.067584
v -0.401133 -0.530316 -0.067054
v -0.401023 -0.529760 -0.066415
v -0.400936 -0.529321 -0.065688
v -0.408359 -0.551382 -0.071277
v -0.408394 -0.551561 -0.071738
v -0.408414 -0.551659 -0.072225
v -0.408417 -0.551673 -0.072722
v -0.408403 -0.551602 -0.073213
v -0.408372 -0.551448 -0.073685
v -0.408326 -0.551216 -0.074122
v -0.408266 -0.550914 -0.074511
v -0.408194 -0.550549 -0.074841
v -0.408112 -0.550134 -0.075101
v -0.408022 -0.549681 -0.075284
v -0.407928 -0.549204 -0.075384
v -0.407832 -0.548717 -0.075398
v -0.407736 -0.548235 -0.075325
v -0.407645 -0.547772 -0.075169
v -0.407560 -0.547343 -0.074932
v -0.407484 -0.546961 -0.074624
v -0.407420 -0.546638 -0.074252
v -0.407370 -0.546382 -0.073829
v -0.407334 -0.546203 -0.073367
v -0.407315 -0.546105 -0.072881
v -0.407312 -0.546091 -0.072384
v -0.407326 -0.546162 -0.071893
v -0.407357 -0.546316 -0.071421
v -0.407403 -0.546548 -0.070984
v -0.407462 -0.546851 -0.070595
v -0.407535 -0.547215 -0.070265
v -0.407617 -0.547630 -0.070005
v -0.407706 -0.548083 -0.069822
v -0.407801 -0.548560 -0.069722
v -0.407897 -0.549048 -0.069708
v -0.407993 -0.549530 -0.069780
v -0.408084 -0.549992 -0.069937
v -0.408169 -0.550421 -0.070173
v -0.408244 -0.550803 -0.070482
v -0.408308 -0.551126 -0.070853
v -0.408233 -0.550746 -0.071601
v -0.408195 -0.550556 -0.071286
v -0.408148 -0.550314 -0.071009
v -0.408091 -0.550029 -0.070779
v -0.408028 -0.549710 -0.070603
v -0.407960 -0.549365 -0.070486
v -0.407889 -0.549005 -0.070432
v -0.407817 -0.548642 -0.070442
v -0.407747 -0.548286 -0.070517
v -0.407680 -0.547948 -0.070653
v -0.407618 -0.547639 -0.070847
v -0.407565 -0.547367 -0.071093
v -0.407520 -0.547142 -0.071383
v -0.407486 -0.546969 -0.071709
v -0.407463 -0.546854 -0.072061
v -0.407453 -0.546801 -0.072427
v -0.407455 -0.546811 -0.072797
v -0.407469 -0.546884 -0.073160
v -0.407496 -0.547018 -0.073505
v -0.407533 -0.547209 -0.073820
v -0.407581 -0.547450 -0.074097
v -0.407637 -0.547735 -0.074327
v -0.407701 -0.548054 -0.074503
v -0.407769 -0.548399 -0.074620
v -0.407840 -0.548759 -0.074674
v -0.407912 -0.549122 -0.074664
v -0.407982 -0.549478 -0.074589
v -0.408049 -0.549816 -0.074453
v -0.408110 -0.550125 -0.074259
v -0.408164 -0.550397 -0.074013
v -0.408209 -0.550623 -0.073723
v -0.408243 -0.550795 -0.073397
v -0.408266 -0.550910 -0.073045
v -0.408276 -0.550963 -0.072679
v -0.408274 -0.550953 -0.072308
v -0.408260 -0.550880 -0.071946
v -0.411021 -0.564835 -0.068460
v -0.411056 -0.565014 -0.068922
v -0.411076 -0.565112 -0.069408
v -0.411078 -0.565126 -0.069905
v -0.411064 -0.565055 -0.070396
v -0.411034 -0.564901 -0.070868
v -0.410988 -0.564669 -0.071305
v -0.410928 -0.564367 -0.071694
v -0.410856 -0.564002 -0.072024
v -0.410774 -0.563587 -0.072284
v -0.410684 -0.563134 -0.072467
v -0.410590 -0.562657 -0.072567
v -0.410493 -0.562170 -0.072581
v -0.410398 -0.561687 -0.072509
v -0.410306 -0.561225 -0.072352
v -0.410222 -0.560796 -0.072116
v -0.410146 -0.560414 -0.071807
v -0.410082 -0.560091 -0.071436
v -0.410031 -0.559835 -0.071013
v -0.409996 -0.559656 -0.070551
v -0.409977 -0.559558 -0.070064
v -0.409974 -0.559544 -0.069568
v -0.409988 -0.559615 -0.069076
v -0.410018 -0.559769 -0.068605
v -0.410064 -0.560001 -0.068168
v -0.410124 -0.560303 -0.067778
v -0.410196 -0.560668 -0.067448
v -0.410278 -0.561083 -0.067188
v -0.410368 -0.561536 -0.067005
v -0.410462 -0.562013 -0.066905
v -0.410559 -0.562501 -0.066891
v -0.410654 -0.562983 -0.066964
v -0.410746 -0.563445 -0.067121
v -0.410831 -0.563874 -0.067357
v -0.410906 -0.564256 -0.067665
v -0.410970 -0.564579 -0.068037
v -0.410895 -0.564199 -0.068785
v -0.410857 -0.564008 -0.068469
v -0.410809 -0.563767 -0.068192
v -0.410753 -0.563482 -0.067962
v -0.410690 -0.563163 -0.067786
v -0.410622 -0.562818 -0.067669
v -0.410550 -0.562458 -0.067615
v -0.410479 -0.562095 -0.067625
v -0.410408 -0.561739 -0.067700
v -0.410341 -0.561401 -0.067836
v -0.410280 -0.561092 -0.068030
v -0.410226 -0.560820 -0.068276
v -0.410182 -0.560595 -0.068567
v -0.410148 -0.560422 -0.068893
v -0.410125 -0.560307 -0.069244
v -0.410114 -0.560254 -0.069610
v -0.410116 -0.560264 -0.069981
v -0.410131 -0.560337 -0.070344
v -0.410157 -0.560471 -0.070688
v -0.410195 -0.560662 -0.071003
v -0.410243 -0.560903 -0.071280
v -0.410299 -0.561188 -0.071510
v -0.410362 -0.561507 -0.071687
v -0.410431 -0.561852 -0.071803
v -0.410502 -0.562212 -0.071858
v -0.410574 -0.562575 -0.071847
v -0.410644 -0.562931 -0.071773
v -0.410711 -0.563269 -0.071636
v -0.410772 -0.563578 -0.071442
v -0.410826 -0.563850 -0.071196
v -0.410870 -0.564076 -0.070906
v -0.410905 -0.564248 -0.070580
v -0.410927 -0.564363 -0.070228
v -0.410938 -0.564416 -0.069862
v -0.410936 -0.564406 -0.069492
v -0.410921 -0.564333 -0.069129
v -0.410074 -0.560049 -0.044707
v -0.410109 -0.560228 -0.045169
v -0.410129 -0.560326 -0.045655
v -0.410131 -0.560340 -0.046152
v -0.410117 -0.560269 -0.046644
v -0.410087 -0.560115 -0.047115
v -0.410041 -0.559883 -0.047552
v -0.409981 -0.559581 -0.047941
v -0.409909 -0.559216 -0.048271
v -0.409827 -0.558801 -0.048532
v -0.409737 -0.558348 -0.048715
v -0.409643 -0.557871 -0.048814
v -0.409546 -0.557384 -0.048828
v -0.409451 -0.556902 -0.048756
v -0.409360 -0.556439 -0.048599
v -0.409275 -0.556010 -0.048363
v -0.409199 -0.555628 -0.048054
v -0.409135 -0.555305 -0.047683
v -0.409085 -0.555049 -0.047260
v -0.409049 -0.554870 -0.046798
v -0.409030 -0.554772 -0.046311
v -0.409027 -0.554758 -0.045815
v -0.409041 -0.554829 -0.045323
v -0.409071 -0.554983 -0.044852
v -0.409117 -0.555215 -0.044415
v -0.409177 -0.555518 -0.044025
v -0.409249 -0.555882 -0.043696
v -0.409331 -0.556297 -0.043435
v -0.409421 -0.556750 -0.043252
v -0.409516 -0.557227 -0.043152
v -0.409612 -0.557715 -0.043138
v -0.409707 -0.558197 -0.043211
v -0.409799 -0.558659 -0.043368
v -0.409884 -0.559088 -0.043604
v -0.409959 -0.559470 -0.043912
v -0.410023 -0.559793 -0.044284
v -0.409948 -0.559413 -0.045032
v -0.409910 -0.559223 -0.044716
v -0.409863 -0.558981 -0.044439
v -0.409806 -0.558696 -0.044209
v -0.409743 -0.558377 -0.044033
v -0.409675 -0.558032 -0.043916
v -0.409604 -0.557673 -0.043862
v -0.409532 -0.557309 -0.043873
v -0.409461 -0.556953 -0.043947
v -0.409394 -0.556616 -0.044083
v -0.409333 -0.556306 -0.044278
v -0.409279 -0.556034 -0.044524
v -0.409235 -0.555809 -0.044814
v -0.409201 -0.555636 -0.045140
v -0.409178 -0.555521 -0.045491
v -0.409167 -0.555468 -0.045858
v -0.409169 -0.555478 -0.046228
v -0.409184 -0.555552 -0.046591
v -0.409210 -0.555685 -0.046935
v -0.409248 -0.555876 -0.047251
v -0.409296 -0.556117 -0.047528
v -0.409352 -0.556402 -0.047758
v -0.409415 -0.556721 -0.047934
v -0.409484 -0.557066 -0.048051
v -0.409555 -0.557426 -0.048105
v -0.409627 -0.557789 -0.048094
v -0.409697 -0.558145 -0.048020
v -0.409764 -0.558483 -0.047883
v -0.409825 -0.558792 -0.047689
v -0.409879 -0.559064 -0.047443
v -0.409924 -0.559290 -0.047153
v -0.409958 -0.559462 -0.046827
v -0.409980 -0.559577 -0.046476
v -0.409991 -0.559630 -0.046109
v -0.409989 -0.559620 -0.045739
v -0.409974 -0.559547 -0.045376
v -0.407412 -0.546596 -0.047524
v -0.407448 -0.546775 -0.047986
v -0.407467 -0.546873 -0.048472
v -0.407470 -0.546887 -0.048969
v -0.407456 -0.546816 -0.049460
v -0.407425 -0.546662 -0.049932
v -0.407379 -0.546430 -0.050369
v -0.407319 -0.546128 -0.050758
v -0.407247 -0.545763 -0.051088
v -0.407165 -0.545348 -0.051348
v -0.407076 -0.544895 -0.051531
v -0.406981 -0.544418 -0.051631
v -0.406885 -0.543931 -0.051645
v -0.406789 -0.543449 -0.051573
v -0.406698 -0.542986 -0.051416
v -0.406613 -0.542557 -0.051180
v -0.406537 -0.542175 -0.050871
v -0.406473 -0.541852 -0.050500
v -0.406423 -0.541596 -0.050077
v -0.406387 -0.541417 -0.049615
v -0.406368 -0.541319 -0.049128
v -0.406365 -0.541305 -0.048631
v -0.406379 -0.541376 -0.048140
v -0.406410 -0.541530 -0.047669
v -0.406456 -0.541762 -0.047232
v -0.406516 -0.542065 -0.046842
v -0.406588 -0.542429 -0.046512
v -0.406670 -0.542844 -0.046252
v -0.406759 -0.543297 -0.046069
v -0.406854 -0.543775 -0.045969
v -0.406950 -0.544262 -0.045955
v -0.407046 -0.544744 -0.046028
v -0.407137 -0.545206 -0.046184
v -0.407222 -0.545635 -0.046421
v -0.407298 -0.546017 -0.046729
v -0.407362 -0.546341 -0.047101
v -0.407286 -0.545960 -0.047848
v -0.407249 -0.545770 -0.047533
v -0.407201 -0.545528 -0.047256
v -0.407145 -0.545244 -0.047026
v -0.407081 -0.544924 -0.046850
v -0.407013 -0.544579 -0.046733
v -0.406942 -0.544220 -0.046679
v -0.406870 -0.543856 -0.046689
v -0.406800 -0.543500 -0.046764
v -0.406733 -0.543163 -0.046900
v -0.406672 -0.542853 -0.047094
v -0.406618 -0.542581 -0.047340
v -0.406573 -0.542356 -0.047631
v -0.406539 -0.542183 -0.047956
v -0.406516 -0.542068 -0.048308
v -0.406506 -0.542015 -0.048674
v -0.406508 -0.542025 -0.049045
v -0.406522 -0.542099 -0.049407
v -0.406549 -0.542232 -0.049752
v -0.406586 -0.542423 -0.050067
v -0.406634 -0.542664 -0.050344
v -0.406691 -0.542949 -0.050574
v -0.406754 -0.543269 -0.050750
v -0.406822 -0.543613 -0.050867
v -0.406893 -0.543973 -0.050921
v -0.406965 -0.544336 -0.050911
v -0.407035 -0.544692 -0.050836
v -0.407102 -0.545030 -0.050700
v -0.407163 -0.545339 -0.050506
v -0.407217 -0.545611 -0.050260
v -0.407262 -0.545837 -0.049970
v -0.407296 -0.546009 -0.049644
v -0.407319 -0.546124 -0.049292
v -0.407329 -0.546177 -0.048926
v -0.407327 -0.546167 -0.048556
v -0.407313 -0.546094 -0.048193
v -0.398227 -0.549120 -0.047177
v -0.398272 -0.549348 -0.047764
v -0.398297 -0.549472 -0.048383
v -0.398300 -0.549490 -0.049015
v -0.398283 -0.549399 -0.049640
v -0.398244 -0.549204 -0.050239
v -0.398186 -0.548909 -0.050795
v -0.398109 -0.548524 -0.051290
v -0.398018 -0.548061 -0.051710
v -0.397913 -0.547533 -0.052041
v -0.397799 -0.546956 -0.052274
v -0.397679 -0.546349 -0.052401
v -0.397557 -0.545730 -0.052419
v -0.397435 -0.545116 -0.052327
v -0.397319 -0.544528 -0.052127
v -0.397211 -0.543983 -0.051827
v -0.397115 -0.543497 -0.051434
v -0.397033 -0.543085 -0.050962
v -0.396969 -0.542761 -0.050424
v -0.396924 -0.542532 -0.049836
v -0.396899 -0.542408 -0.049217
v -0.396896 -0.542390 -0.048586
v -0.396914 -0.542481 -0.047960
v -0.396952 -0.542676 -0.047361
v -0.397011 -0.542971 -0.046805
v -0.397087 -0.543356 -0.046310
v -0.397179 -0.543819 -0.045890
v -0.397283 -0.544347 -0.045559
v -0.397397 -0.544924 -0.045326
v -0.397517 -0.545531 -0.045199
v -0.397640 -0.546151 -0.045181
v -0.397761 -0.546764 -0.045274
v -0.397878 -0.547352 -0.045473
v -0.397985 -0.547897 -0.045774
v -0.398082 -0.548383 -0.046166
v -0.398163 -0.548795 -0.046638
v -0.398093 -0.548440 -0.047524
v -0.398042 -0.548184 -0.047101
v -0.397978 -0.547861 -0.046729
v -0.397903 -0.547479 -0.046421
v -0.397818 -0.547050 -0.046184
v -0.397726 -0.546588 -0.046028
v -0.397631 -0.546106 -0.045955
v -0.397535 -0.545618 -0.045969
v -0.397440 -0.545141 -0.046069
v -0.397350 -0.544688 -0.046252
v -0.397268 -0.544273 -0.046512
v -0.397196 -0.543908 -0.046842
v -0.397136 -0.543606 -0.047232
v -0.397090 -0.543374 -0.047669
v -0.397060 -0.543220 -0.048140
v -0.397046 -0.543149 -0.048631
v -0.397049 -0.543163 -0.049128
v -0.397068 -0.543261 -0.049615
v -0.397104 -0.543440 -0.050077
v -0.397154 -0.543696 -0.050500
v -0.397218 -0.544019 -0.050871
v -0.397294 -0.544401 -0.051180
v -0.397379 -0.544830 -0.051416
v -0.397470 -0.545292 -0.051573
v -0.397565 -0.545775 -0.051645
v -0.397662 -0.546262 -0.051631
v -0.397756 -0.546739 -0.051531
v -0.397846 -0.547192 -0.051348
v -0.397928 -0.547607 -0.051088
v -0.398000 -0.547972 -0.050758
v -0.398060 -0.548274 -0.050369
v -0.398106 -0.548506 -0.049932
v -0.398136 -0.548660 -0.049460
v -0.398150 -0.548731 -0.048969
v -0.398148 -0.548717 -0.048472
v -0.398128 -0.548619 -0.047986
v -0.388908 -0.550963 -0.047177
v -0.388953 -0.551192 -0.047764
v -0.388978 -0.551316 -0.048383
v -0.388981 -0.551334 -0.049015
v -0.388963 -0.551243 -0.049640
v -0.388925 -0.551048 -0.050239
v -0.388866 -0.550753 -0.050795
v -0.388790 -0.550368 -0.051290
v -0.388698 -0.549904 -0.051710
v -0.388594 -0.549377 -0.052041
v -0.388480 -0.548800 -0.052274
v -0.388360 -0.548193 -0.052401
v -0.388237 -0.547573 -0.052419
v -0.388116 -0.546960 -0.052327
v -0.387999 -0.546372 -0.052127
v -0.387892 -0.545827 -0.051827
v -0.387795 -0.545341 -0.051434
v -0.387714 -0.544929 -0.050962
v -0.387650 -0.544604 -0.050424
v -0.398227 -0.549120 -0.047177
v -0.398272 -0.549348 -0.047764
v -0.398297 -0.549472 -0.048383
v -0.398300 -0.549490 -0.049015
v -0.398283 -0.549399 -0.049640
v -0.398244 -0.549204 -0.050239
v -0.398186 -0.548909 -0.050795
v -0.398109 -0.548524 -0.051290
v -0.398018 -0.548061 -0.051710
v -0.397913 -0.547533 -0.052041
v -0.397799 -0.546956 -0.052274
v -0.397679 -0.546349 -0.052401
v -0.397557 -0.545730 -0.052419
v -0.397435 -0.545116 -0.052327
v -0.397319 -0.544528 -0.052127
v -0.397211 -0.543983 -0.051827
v -0.397115 -0.543497 -0.051434
v -0.397033 -0.543085 -0.050962
v -0.396969 -0.542761 -0.050424
v -0.400889 -0.562572 -0.044360
v -0.400934 -0.562801 -0.044947
v -0.400959 -0.562925 -0.045566
v -0.400962 -0.562943 -0.046198
v -0.400944 -0.562852 -0.046823
v -0.400906 -0.562657 -0.047423
v -0.400847 -0.562362 -0.047979
v -0.400771 -0.561977 -0.048474
v -0.400679 -0.561514 -0.048893
v -0.400575 -0.560986 -0.049225
v -0.400461 -0.560409 -0.049457
v -0.400341 -0.559802 -0.049584
v -0.400218 -0.559183 -0.049602
v -0.400097 -0.558569 -0.049510
v -0.399980 -0.557981 -0.049310
v -0.399873 -0.557436 -0.049010
v -0.399776 -0.556950 -0.048618
v -0.399695 -0.556538 -0.048145
v -0.399631 -0.556214 -0.047607
v -0.399586 -0.555985 -0.047019
v -0.399561 -0.555861 -0.046400
v -0.399557 -0.555843 -0.045769
v -0.399575 -0.555934 -0.045144
v -0.399614 -0.556129 -0.044544
v -0.399672 -0.556424 -0.043988
v -0.399749 -0.556809 -0.043493
v -0.399840 -0.557272 -0.043073
v -0.399945 -0.557800 -0.042742
v -0.400059 -0.558377 -0.042510
v -0.400179 -0.558984 -0.042382
v -0.400301 -0.559603 -0.042365
v -0.400423 -0.560217 -0.042457
v -0.400539 -0.560805 -0.042656
v -0.400647 -0.561350 -0.042957
v -0.400743 -0.561836 -0.043349
v -0.400825 -0.562248 -0.043822
v -0.400754 -0.561893 -0.044707
v -0.400704 -0.561637 -0.044284
v -0.400640 -0.561314 -0.043912
v -0.400564 -0.560932 -0.043604
v -0.400479 -0.560503 -0.043368
v -0.400388 -0.560041 -0.043211
v -0.400293 -0.559558 -0.043138
v -0.400196 -0.559071 -0.043152
v -0.400102 -0.558594 -0.043252
v -0.400012 -0.558141 -0.043435
v -0.399930 -0.557726 -0.043696
v -0.399858 -0.557361 -0.044025
v -0.399798 -0.557059 -0.044415
v -0.399752 -0.556827 -0.044852
v -0.399722 -0.556673 -0.045323
v -0.399708 -0.556602 -0.045815
v -0.399710 -0.556616 -0.046311
v -0.399730 -0.556714 -0.046798
v -0.399765 -0.556893 -0.047260
v -0.399816 -0.557149 -0.047683
v -0.399880 -0.557472 -0.048054
v -0.399955 -0.557854 -0.048363
v -0.400040 -0.558283 -0.048599
v -0.400132 -0.558745 -0.048756
v -0.400227 -0.559228 -0.048828
v -0.400323 -0.559715 -0.048814
v -0.400418 -0.560192 -0.048715
v -0.400508 -0.560645 -0.048532
v -0.400590 -0.561060 -0.048271
v -0.400662 -0.561425 -0.047941
v -0.400722 -0.561727 -0.047552
v -0.400768 -0.561959 -0.047115
v -0.400798 -0.562113 -0.046644
v -0.400812 -0.562184 -0.046152
v -0.400809 -0.562170 -0.045655
v -0.400790 -0.562072 -0.045169
v -0.391570 -0.564416 -0.044360
v -0.391615 -0.564645 -0.044947
v -0.391639 -0.564769 -0.045566
v -0.391643 -0.564787 -0.046198
v -0.391625 -0.564696 -0.046823
v -0.391586 -0.564501 -0.047423
v -0.391528 -0.564206 -0.047979
v -0.391452 -0.563821 -0.048474
v -0.391360 -0.563357 -0.048893
v -0.391256 -0.562829 -0.049225
v -0.391142 -0.562253 -0.049457
v -0.391021 -0.561646 -0.049584
v -0.390899 -0.561026 -0.049602
v -0.390778 -0.560413 -0.049510
v -0.390661 -0.559825 -0.049310
v -0.390553 -0.559280 -0.049010
v -0.390457 -0.558794 -0.048618
v -0.390376 -0.558382 -0.048145
v -0.390311 -0.558057 -0.047607
v -0.400889 -0.562572 -0.044360
v -0.400934 -0.562801 -0.044947
v -0.400959 -0.562925 -0.045566
v -0.400962 -0.562943 -0.046198
v -0.400944 -0.562852 -0.046823
v -0.400906 -0.562657 -0.047423
v -0.400847 -0.562362 -0.047979
v -0.400771 -0.561977 -0.048474
v -0.400679 -0.561514 -0.048893
v -0.400575 -0.560986 -0.049225
v -0.400461 -0.560409 -0.049457
v -0.400341 -0.559802 -0.049584
v -0.400218 -0.559183 -0.049602
v -0.400097 -0.558569 -0.049510
v -0.399980 -0.557981 -0.049310
v -0.399873 -0.557436 -0.049010
v -0.399776 -0.556950 -0.048618
v -0.399695 -0.556538 -0.048145
v -0.399631 -0.556214 -0.047607
v -0.401836 -0.567358 -0.068113
v -0.401881 -0.567587 -0.068700
v -0.401906 -0.567711 -0.069319
v -0.401909 -0.567729 -0.069951
v -0.401891 -0.567638 -0.070576
v -0.401852 -0.567443 -0.071176
v -0.401794 -0.567148 -0.071731
v -0.401718 -0.566763 -0.072227
v -0.401626 -0.566299 -0.072646
v -0.401522 -0.565772 -0.072977
v -0.401408 -0.565195 -0.073210
v -0.401288 -0.564588 -0.073337
v -0.401165 -0.563968 -0.073355
v -0.401044 -0.563355 -0.073263
v -0.400927 -0.562767 -0.073063
v -0.400819 -0.562222 -0.072763
v -0.400723 -0.561736 -0.072370
v -0.400642 -0.561324 -0.071898
v -0.400578 -0.560999 -0.071360
v -0.400532 -0.560771 -0.070772
v -0.400508 -0.560646 -0.070153
v -0.400504 -0.560629 -0.069522
v -0.400522 -0.560720 -0.068897
v -0.400561 -0.560915 -0.068297
v -0.400619 -0.561210 -0.067741
v -0.400695 -0.561595 -0.067246
v -0.400787 -0.562058 -0.066826
v -0.400892 -0.562586 -0.066495
v -0.401006 -0.563163 -0.066262
v -0.401126 -0.563770 -0.066135
v -0.401248 -0.564389 -0.066118
v -0.401370 -0.565003 -0.066210
v -0.401486 -0.565591 -0.066409
v -0.401594 -0.566136 -0.066710
v -0.401690 -0.566622 -0.067102
v -0.401772 -0.567034 -0.067575
v -0.401701 -0.566679 -0.068460
v -0.401651 -0.566423 -0.068037
v -0.401587 -0.566100 -0.067665
v -0.401511 -0.565718 -0.067357
v -0.401426 -0.565289 -0.067121
v -0.401335 -0.564826 -0.066964
v -0.401239 -0.564344 -0.066891
v -0.401143 -0.563857 -0.066905
v -0.401049 -0.563380 -0.067005
v -0.400959 -0.562927 -0.067188
v -0.400877 -0.562512 -0.067448
v -0.400805 -0.562147 -0.067778
v -0.400745 -0.561845 -0.068168
v -0.400699 -0.561613 -0.068605
v -0.400669 -0.561459 -0.069076
v -0.400655 -0.561388 -0.069568
v -0.400657 -0.561402 -0.070064
v -0.400677 -0.561500 -0.070551
v -0.400712 -0.561679 -0.071013
v -0.400763 -0.561935 -0.071436
v -0.400827 -0.562258 -0.071807
v -0.400902 -0.562640 -0.072116
v -0.400987 -0.563069 -0.072352
v -0.401079 -0.563531 -0.072509
v -0.401174 -0.564013 -0.072581
v -0.401270 -0.564501 -0.072567
v -0.401365 -0.564978 -0.072467
v -0.401454 -0.565431 -0.072284
v -0.401537 -0.565846 -0.072024
v -0.401609 -0.566210 -0.071694
v -0.401669 -0.566513 -0.071305
v -0.401714 -0.566745 -0.070868
v -0.401745 -0.566899 -0.070396
v -0.401759 -0.566970 -0.069905
v -0.401756 -0.566956 -0.069408
v -0.401737 -0.566858 -0.068922
v -0.392516 -0.569202 -0.068113
v -0.392562 -0.569430 -0.068700
v -0.392586 -0.569555 -0.069319
v -0.392590 -0.569573 -0.069951
v -0.392572 -0.569482 -0.070576
v -0.392533 -0.569286 -0.071176
v -0.392475 -0.568992 -0.071731
v -0.392399 -0.568607 -0.072227
v -0.392307 -0.568143 -0.072646
v -0.392202 -0.567615 -0.072977
v -0.392088 -0.567039 -0.073210
v -0.391968 -0.566432 -0.073337
v -0.391846 -0.565812 -0.073355
v -0.391724 -0.565199 -0.073263
v -0.391608 -0.564611 -0.073063
v -0.391500 -0.564066 -0.072763
v -0.391404 -0.563580 -0.072370
v -0.391323 -0.563168 -0.071898
v -0.391258 -0.562843 -0.071360
v -0.401836 -0.567358 -0.068113
v -0.401881 -0.567587 -0.068700
v -0.401906 -0.567711 -0.069319
v -0.401909 -0.567729 -0.069951
v -0.401891 -0.567638 -0.070576
v -0.401852 -0.567443 -0.071176
v -0.401794 -0.567148 -0.071731
v -0.401718 -0.566763 -0.072227
v -0.401626 -0.566299 -0.072646
v -0.401522 -0.565772 -0.072977
v -0.401408 -0.565195 -0.073210
v -0.401288 -0.564588 -0.073337
v -0.401165 -0.563968 -0.073355
v -0.401044 -0.563355 -0.073263
v -0.400927 -0.562767 -0.073063
v -0.400819 -0.562222 -0.072763
v -0.400723 -0.561736 -0.072370
v -0.400642 -0.561324 -0.071898
v -0.400578 -0.560999 -0.071360
v -0.399174 -0.553905 -0.070929
v -0.399219 -0.554134 -0.071517
v -0.399244 -0.554258 -0.072136
v -0.399247 -0.554276 -0.072768
v -0.399229 -0.554185 -0.073393
v -0.399191 -0.553990 -0.073992
v -0.399132 -0.553695 -0.074548
v -0.399056 -0.553310 -0.075043
v -0.398965 -0.552846 -0.075463
v -0.398860 -0.552319 -0.075794
v -0.398746 -0.551742 -0.076027
v -0.398626 -0.551135 -0.076154
v -0.398503 -0.550515 -0.076172
v -0.398382 -0.549902 -0.076079
v -0.398266 -0.549314 -0.075880
v -0.398158 -0.548769 -0.075580
v -0.398062 -0.548283 -0.075187
v -0.397980 -0.547871 -0.074715
v -0.397916 -0.547546 -0.074176
v -0.397871 -0.547318 -0.073589
v -0.397846 -0.547193 -0.072970
v -0.397843 -0.547176 -0.072338
v -0.397861 -0.547267 -0.071713
v -0.397899 -0.547462 -0.071114
v -0.397958 -0.547757 -0.070558
v -0.398034 -0.548142 -0.070063
v -0.398126 -0.548605 -0.069643
v -0.398230 -0.549133 -0.069312
v -0.398344 -0.549710 -0.069079
v -0.398464 -0.550317 -0.068952
v -0.398587 -0.550936 -0.068934
v -0.398708 -0.551550 -0.069027
v -0.398824 -0.552138 -0.069226
v -0.398932 -0.552683 -0.069526
v -0.399028 -0.553169 -0.069919
v -0.399110 -0.553581 -0.070391
v -0.399040 -0.553226 -0.071277
v -0.398989 -0.552970 -0.070853
v -0.398925 -0.552647 -0.070482
v -0.398849 -0.552265 -0.070173
v -0.398765 -0.551836 -0.069937
v -0.398673 -0.551374 -0.069780
v -0.398578 -0.550891 -0.069708
v -0.398481 -0.550404 -0.069722
v -0.398387 -0.549927 -0.069822
v -0.398297 -0.549474 -0.070005
v -0.398215 -0.549059 -0.070265
v -0.398143 -0.548694 -0.070595
v -0.398083 -0.548392 -0.070984
v -0.398037 -0.548160 -0.071421
v -0.398007 -0.548006 -0.071893
v -0.397993 -0.547935 -0.072384
v -0.397996 -0.547949 -0.072881
v -0.398015 -0.548047 -0.073367
v -0.398050 -0.548226 -0.073829
v -0.398101 -0.548482 -0.074252
v -0.398165 -0.548805 -0.074624
v -0.398241 -0.549187 -0.074932
v -0.398325 -0.549616 -0.075169
v -0.398417 -0.550078 -0.075325
v -0.398512 -0.550560 -0.075398
v -0.398609 -0.551048 -0.075384
v -0.398703 -0.551525 -0.075284
v -0.398793 -0.551978 -0.075101
v -0.398875 -0.552393 -0.074841
v -0.398947 -0.552758 -0.074511
v -0.399007 -0.553060 -0.074122
v -0.399053 -0.553292 -0.073685
v -0.399083 -0.553446 -0.073213
v -0.399097 -0.553517 -0.072722
v -0.399095 -0.553503 -0.072225
v -0.399075 -0.553405 -0.071738
v -0.389855 -0.555749 -0.070929
v -0.389900 -0.555978 -0.071517
v -0.389925 -0.556102 -0.072136
v -0.389928 -0.556120 -0.072768
v -0.389910 -0.556029 -0.073393
v -0.389871 -0.555834 -0.073992
v -0.389813 -0.555539 -0.074548
v -0.389737 -0.555154 -0.075043
v -0.389645 -0.554690 -0.075463
v -0.389541 -0.554162 -0.075794
v -0.389427 -0.553586 -0.076027
v -0.389307 -0.552979 -0.076154
v -0.389184 -0.552359 -0.076172
v -0.389063 -0.551746 -0.076079
v -0.388946 -0.551158 -0.075880
v -0.388838 -0.550613 -0.075580
v -0.388742 -0.550127 -0.075187
v -0.388661 -0.549715 -0.074715
v -0.388597 -0.549390 -0.074176
v -0.399174 -0.553905 -0.070929
v -0.399219 -0.554134 -0.071517
v -0.399244 -0.554258 -0.072136
v -0.399247 -0.554276 -0.072768
v -0.399229 -0.554185 -0.073393
v -0.399191 -0.553990 -0.073992
v -0.399132 -0.553695 -0.074548
v -0.399056 -0.553310 -0.075043
v -0.398965 -0.552846 -0.075463
v -0.398860 -0.552319 -0.075794
v -0.398746 -0.551742 -0.076027
v -0.398626 -0.551135 -0.076154
v -0.398503 -0.550515 -0.076172
v -0.398382 -0.549902 -0.076079
v -0.398266 -0.549314 -0.075880
v -0.398158 -0.548769 -0.075580
v -0.398062 -0.548283 -0.075187
v -0.397980 -0.547871 -0.074715
v -0.397916 -0.547546 -0.074176
v -0.384660 -0.529494 -0.073264
v -0.384271 -0.527526 -0.068199
v -0.384058 -0.526451 -0.062864
v -0.384028 -0.526301 -0.057419
v -0.384183 -0.527081 -0.052030
v -0.384516 -0.528767 -0.046861
v -0.385019 -0.531308 -0.042069
v -0.385676 -0.534627 -0.037799
v -0.386466 -0.538623 -0.034182
v -0.387367 -0.543174 -0.031327
v -0.388350 -0.548142 -0.029322
v -0.389385 -0.553376 -0.028226
v -0.390442 -0.558718 -0.028073
v -0.391488 -0.564004 -0.028868
v -0.392491 -0.569075 -0.030587
v -0.393421 -0.573776 -0.033177
v -0.394250 -0.577964 -0.036560
v -0.394952 -0.581512 -0.040633
v -0.395506 -0.584313 -0.045272
v -0.395895 -0.586280 -0.050337
v -0.396108 -0.587355 -0.055673
v -0.396138 -0.587505 -0.061118
v -0.395983 -0.586725 -0.066507
v -0.395650 -0.585039 -0.071676
v -0.395147 -0.582498 -0.076468
v -0.394490 -0.579179 -0.080737
v -0.393700 -0.575184 -0.084354
v -0.392799 -0.570633 -0.087209
v -0.391817 -0.565665 -0.089215
v -0.390781 -0.560430 -0.090311
v -0.389724 -0.555089 -0.090463
v -0.388678 -0.549802 -0.089668
v -0.387675 -0.544732 -0.087949
v -0.386745 -0.540031 -0.085359
v -0.385916 -0.535843 -0.081976
v -0.385214 -0.532294 -0.077903
v -0.392516 -0.569202 -0.068113
v -0.392562 -0.569430 -0.068700
v -0.392586 -0.569555 -0.069319
v -0.392590 -0.569573 -0.069951
v -0.392572 -0.569482 -0.070576
v -0.392533 -0.569286 -0.071176
v -0.392475 -0.568992 -0.071731
v -0.392399 -0.568607 -0.072227
v -0.392307 -0.568143 -0.072646
v -0.392202 -0.567615 -0.072977
v -0.392088 -0.567039 -0.073210
v -0.391968 -0.566432 -0.073337
v -0.391846 -0.565812 -0.073355
v -0.391724 -0.565199 -0.073263
v -0.391608 -0.564611 -0.073063
v -0.391500 -0.564066 -0.072763
v -0.391404 -0.563580 -0.072370
v -0.391323 -0.563168 -0.071898
v -0.391258 -0.562843 -0.071360
v -0.391213 -0.562615 -0.070772
v -0.391188 -0.562490 -0.070153
v -0.391185 -0.562473 -0.069522
v -0.391203 -0.562563 -0.068897
v -0.391242 -0.562759 -0.068297
v -0.391300 -0.563054 -0.067741
v -0.391376 -0.563439 -0.067246
v -0.391468 -0.563902 -0.066826
v -0.391572 -0.564430 -0.066495
v -0.391686 -0.565006 -0.066262
v -0.391806 -0.565614 -0.066135
v -0.391929 -0.566233 -0.066118
v -0.392050 -0.566846 -0.066210
v -0.392167 -0.567435 -0.066409
v -0.392275 -0.567980 -0.066710
v -0.392371 -0.568466 -0.067102
v -0.392452 -0.568877 -0.067575
v -0.390113 -0.557056 -0.036503
v -0.390174 -0.557365 -0.037297
v -0.390208 -0.557533 -0.038134
v -0.390212 -0.557557 -0.038988
v -0.390188 -0.557435 -0.039833
v -0.390136 -0.557170 -0.040643
v -0.390057 -0.556772 -0.041394
v -0.389954 -0.556251 -0.042064
v -0.389830 -0.555625 -0.042631
v -0.389689 -0.554911 -0.043079
v -0.389535 -0.554132 -0.043393
v -0.389372 -0.553312 -0.043565
v -0.389207 -0.552474 -0.043589
v -0.389043 -0.551645 -0.043464
v -0.388885 -0.550850 -0.043195
v -0.388740 -0.550113 -0.042789
v -0.388610 -0.549456 -0.042258
v -0.388500 -0.548900 -0.041620
v -0.388413 -0.548461 -0.040892
v -0.388352 -0.548152 -0.040098
v -0.388318 -0.547984 -0.039261
v -0.388314 -0.547960 -0.038408
v -0.388338 -0.548083 -0.037563
v -0.388390 -0.548347 -0.036752
v -0.388469 -0.548745 -0.036001
v -0.388572 -0.549266 -0.035331
v -0.388696 -0.549892 -0.034764
v -0.388837 -0.550606 -0.034316
v -0.388991 -0.551385 -0.034002
v -0.389154 -0.552206 -0.033830
v -0.389319 -0.553043 -0.033806
v -0.389483 -0.553872 -0.033931
v -0.389641 -0.554667 -0.034200
v -0.389786 -0.555404 -0.034607
v -0.389916 -0.556061 -0.035137
v -0.390026 -0.556617 -0.035776
v -0.391753 -0.565346 -0.077644
v -0.391814 -0.565654 -0.078438
v -0.391848 -0.565823 -0.079275
v -0.391852 -0.565846 -0.080129
v -0.391828 -0.565724 -0.080974
v -0.391776 -0.565460 -0.081784
v -0.391697 -0.565061 -0.082536
v -0.391594 -0.564541 -0.083205
v -0.391470 -0.563914 -0.083772
v -0.391329 -0.563201 -0.084220
v -0.391175 -0.562422 -0.084534
v -0.391013 -0.561601 -0.084706
v -0.390847 -0.560763 -0.084730
v -0.390683 -0.559935 -0.084605
v -0.390526 -0.559140 -0.084336
v -0.390380 -0.558402 -0.083930
v -0.390250 -0.557746 -0.083399
v -0.390140 -0.557189 -0.082761
v -0.390053 -0.556750 -0.082033
v -0.389992 -0.556442 -0.081239
v -0.389958 -0.556273 -0.080403
v -0.389954 -0.556250 -0.079549
v -0.389978 -0.556372 -0.078704
v -0.390030 -0.556636 -0.077893
v -0.390109 -0.557035 -0.077142
v -0.390212 -0.557555 -0.076472
v -0.390336 -0.558182 -0.075905
v -0.390477 -0.558895 -0.075458
v -0.390631 -0.559674 -0.075143
v -0.390794 -0.560495 -0.074971
v -0.390959 -0.561333 -0.074947
v -0.391123 -0.562161 -0.075072
v -0.391281 -0.562957 -0.075342
v -0.391427 -0.563694 -0.075748
v -0.391556 -0.564350 -0.076278
v -0.391667 -0.564907 -0.076917
v -0.388908 -0.550963 -0.047177
v -0.388953 -0.551192 -0.047764
v -0.388978 -0.551316 -0.048383
v -0.388981 -0.551334 -0.049015
v -0.388963 -0.551243 -0.049640
v -0.388925 -0.551048 -0.050239
v -0.388866 -0.550753 -0.050795
v -0.388790 -0.550368 -0.051290
v -0.388698 -0.549904 -0.051710
v -0.388594 -0.549377 -0.052041
v -0.388480 -0.548800 -0.052274
v -0.388360 -0.548193 -0.052401
v -0.388237 -0.547573 -0.052419
v -0.388116 -0.546960 -0.052327
v -0.387999 -0.546372 -0.052127
v -0.387892 -0.545827 -0.051827
v -0.387795 -0.545341 -0.051434
v -0.387714 -0.544929 -0.050962
v -0.387650 -0.544604 -0.050424
v -0.387605 -0.544376 -0.049836
v -0.387580 -0.544251 -0.049217
v -0.387576 -0.544234 -0.048586
v -0.387594 -0.544325 -0.047960
v -0.387633 -0.544520 -0.047361
v -0.387691 -0.544815 -0.046805
v -0.387768 -0.545200 -0.046310
v -0.387859 -0.545663 -0.045890
v -0.387964 -0.546191 -0.045559
v -0.388078 -0.546768 -0.045326
v -0.388198 -0.547375 -0.045199
v -0.388320 -0.547994 -0.045181
v -0.388442 -0.548608 -0.045274
v -0.388558 -0.549196 -0.045473
v -0.388666 -0.549741 -0.045774
v -0.388762 -0.550227 -0.046166
v -0.388844 -0.550639 -0.046638
v -0.389855 -0.555749 -0.070929
v -0.389900 -0.555978 -0.071517
v -0.389925 -0.556102 -0.072136
v -0.389928 -0.556120 -0.072768
v -0.389910 -0.556029 -0.073393
v -0.389871 -0.555834 -0.073992
v -0.389813 -0.555539 -0.074548
v -0.389737 -0.555154 -0.075043
v -0.389645 -0.554690 -0.075463
v -0.389541 -0.554162 -0.075794
v -0.389427 -0.553586 -0.076027
v -0.389307 -0.552979 -0.076154
v -0.389184 -0.552359 -0.076172
v -0.389063 -0.551746 -0.076079
v -0.388946 -0.551158 -0.075880
v -0.388838 -0.550613 -0.075580
v -0.388742 -0.550127 -0.075187
v -0.388661 -0.549715 -0.074715
v -0.388597 -0.549390 -0.074176
v -0.388551 -0.549162 -0.073589
v -0.388527 -0.549037 -0.072970
v -0.388523 -0.549020 -0.072338
v -0.388541 -0.549110 -0.071713
v -0.388580 -0.549306 -0.071114
v -0.388638 -0.549601 -0.070558
v -0.388714 -0.549986 -0.070063
v -0.388806 -0.550449 -0.069643
v -0.388911 -0.550977 -0.069312
v -0.389025 -0.551553 -0.069079
v -0.389145 -0.552161 -0.068952
v -0.389267 -0.552780 -0.068934
v -0.389389 -0.553393 -0.069027
v -0.389505 -0.553982 -0.069226
v -0.389613 -0.554527 -0.069526
v -0.389709 -0.555013 -0.069919
v -0.389790 -0.555424 -0.070391
v -0.394926 -0.581381 -0.052849
v -0.394987 -0.581689 -0.053643
v -0.395020 -0.581858 -0.054479
v -0.395025 -0.581881 -0.055333
v -0.395001 -0.581759 -0.056178
v -0.394948 -0.581494 -0.056989
v -0.394870 -0.581096 -0.057740
v -0.394767 -0.580576 -0.058409
v -0.394643 -0.579949 -0.058977
v -0.394502 -0.579236 -0.059424
v -0.394347 -0.578457 -0.059739
v -0.394185 -0.577636 -0.059911
v -0.394019 -0.576798 -0.059935
v -0.393855 -0.575969 -0.059810
v -0.393698 -0.575174 -0.059540
v -0.393552 -0.574437 -0.059134
v -0.393422 -0.573780 -0.058604
v -0.393312 -0.573224 -0.057965
v -0.393225 -0.572785 -0.057238
v -0.393164 -0.572476 -0.056444
v -0.393131 -0.572308 -0.055607
v -0.393126 -0.572284 -0.054753
v -0.393150 -0.572407 -0.053908
v -0.393203 -0.572671 -0.053098
v -0.393282 -0.573069 -0.052346
v -0.393385 -0.573590 -0.051677
v -0.393508 -0.574216 -0.051110
v -0.393650 -0.574930 -0.050662
v -0.393804 -0.575709 -0.050348
v -0.393966 -0.576530 -0.050176
v -0.394132 -0.577367 -0.050152
v -0.394296 -0.578196 -0.050276
v -0.394453 -0.578991 -0.050546
v -0.394599 -0.579728 -0.050952
v -0.394729 -0.580385 -0.051483
v -0.394839 -0.580941 -0.052121
v -0.386941 -0.541022 -0.061299
v -0.387002 -0.541330 -0.062093
v -0.387035 -0.541499 -0.062929
v -0.387040 -0.541522 -0.063783
v -0.387016 -0.541400 -0.064628
v -0.386963 -0.541136 -0.065439
v -0.386885 -0.540737 -0.066190
v -0.386782 -0.540217 -0.066860
v -0.386658 -0.539590 -0.067427
v -0.386517 -0.538877 -0.067874
v -0.386362 -0.538098 -0.068189
v -0.386200 -0.537277 -0.068361
v -0.386034 -0.536439 -0.068385
v -0.385870 -0.535610 -0.068260
v -0.385713 -0.534815 -0.067990
v -0.385567 -0.534078 -0.067584
v -0.385437 -0.533422 -0.067054
v -0.385327 -0.532865 -0.066415
v -0.385240 -0.532426 -0.065688
v -0.385179 -0.532118 -0.064894
v -0.385146 -0.531949 -0.064057
v -0.385141 -0.531925 -0.063203
v -0.385165 -0.532048 -0.062358
v -0.385218 -0.532312 -0.061548
v -0.385297 -0.532711 -0.060796
v -0.385400 -0.533231 -0.060127
v -0.385523 -0.533857 -0.059560
v -0.385665 -0.534571 -0.059112
v -0.385819 -0.535350 -0.058798
v -0.385981 -0.536171 -0.058626
v -0.386147 -0.537008 -0.058602
v -0.386311 -0.537837 -0.058726
v -0.386468 -0.538632 -0.058996
v -0.386614 -0.539369 -0.059402
v -0.386744 -0.540026 -0.059933
v -0.386854 -0.540583 -0.060571
v -0.391570 -0.564416 -0.044360
v -0.391615 -0.564645 -0.044947
v -0.391639 -0.564769 -0.045566
v -0.391643 -0.564787 -0.046198
v -0.391625 -0.564696 -0.046823
v -0.391586 -0.564501 -0.047423
v -0.391528 -0.564206 -0.047979
v -0.391452 -0.563821 -0.048474
v -0.391360 -0.563357 -0.048893
v -0.391256 -0.562829 -0.049225
v -0.391142 -0.562253 -0.049457
v -0.391021 -0.561646 -0.049584
v -0.390899 -0.561026 -0.049602
v -0.390778 -0.560413 -0.049510
v -0.390661 -0.559825 -0.049310
v -0.390553 -0.559280 -0.049010
v -0.390457 -0.558794 -0.048618
v -0.390376 -0.558382 -0.048145
v -0.390311 -0.558057 -0.047607
v -0.390266 -0.557829 -0.047019
v -0.390242 -0.557704 -0.046400
v -0.390238 -0.557687 -0.045769
v -0.390256 -0.557777 -0.045144
v -0.390295 -0.557973 -0.044544
v -0.390353 -0.558268 -0.043988
v -0.390429 -0.558653 -0.043493
v -0.390521 -0.559116 -0.043073
v -0.390625 -0.559644 -0.042742
v -0.390739 -0.560220 -0.042510
v -0.390860 -0.560828 -0.042382
v -0.390982 -0.561447 -0.042365
v -0.391103 -0.562061 -0.042457
v -0.391220 -0.562649 -0.042656
v -0.391328 -0.563194 -0.042957
v -0.391424 -0.563680 -0.043349
v -0.391505 -0.564091 -0.043822
f 4 21 3
f 4 22 21
f 5 23 22
f 5 22 4
f 6 24 23
f 6 25 24
f 6 23 5
f 7 25 6
f 8 26 25
f 8 25 7
f 9 27 26
f 9 26 8
f 10 28 27
f 10 27 9
f 11 29 28
f 11 28 10
f 12 30 29
f 12 29 11
f 13 31 30
f 13 30 12
f 14 32 31
f 14 31 13
f 15 33 32
f 15 32 14
f 16 34 33
f 16 33 15
f 17 35 34
f 17 34 16
f 18 35 17
f 18 36 35
f 19 36 18
f 19 37 36
f 20 37 19
f 20 38 37
f 2 38 20
f 2 1 38
f 42 59 41
f 42 60 59
f 43 61 60
f 43 60 42
f 44 62 61
f 44 63 62
f 44 61 43
f 45 63 44
f 46 64 63
f 46 63 45
f 47 65 64
f 47 64 46
f 48 66 65
f 48 65 47
f 49 67 66
f 49 66 48
f 50 68 67
f 50 67 49
f 51 69 68
f 51 68 50
f 52 70 69
f 52 69 51
f 53 71 70
f 53 70 52
f 54 72 71
f 54 71 53
f 55 73 72
f 55 72 54
f 56 73 55
f 56 74 73
f 57 74 56
f 57 75 74
f 58 75 57
f 58 76 75
f 40 76 58
f 40 39 76
f 80 97 79
f 80 98 97
f 81 99 98
f 81 98 80
f 82 100 99
f 82 101 100
f 82 99 81
f 83 101 82
f 84 102 101
f 84 101 83
f 85 103 102
f 85 102 84
f 86 104 103
f 86 103 85
f 87 105 104
f 87 104 86
f 88 106 105
f 88 105 87
f 89 107 106
f 89 106 88
f 90 108 107
f 90 107 89
f 91 109 108
f 91 108 90
f 92 110 109
f 92 109 91
f 93 111 110
f 93 110 92
f 94 111 93
f 94 112 111
f 95 112 94
f 95 113 112
f 96 113 95
f 96 114 113
f 78 114 96
f 78 77 114
f 118 135 117
f 118 136 135
f 119 137 136
f 119 136 118
f 120 138 137
f 120 139 138
f 120 137 119
f 121 139 120
f 122 140 139
f 122 139 121
f 123 141 140
f 123 140 122
f 124 142 141
f 124 141 123
f 125 143 142
f 125 142 124
f 126 144 143
f 126 143 125
f 127 145 144
f 127 144 126
f 128 146 145
f 128 145 127
f 129 147 146
f 129 146 128
f 130 148 147
f 130 147 129
f 131 149 148
f 131 148 130
f 132 149 131
f 132 150 149
f 133 150 132
f 133 151 150
f 134 151 133
f 134 152 151
f 116 152 134
f 116 115 152
f 155 174 173
f 156 175 174
f 156 174 155
f 157 175 156
f 158 176 175
f 158 175 157
f 159 177 176
f 159 176 158
f 160 178 177
f 160 177 159
f 161 179 178
f 161 180 179
f 161 178 160
f 162 180 161
f 163 181 180
f 163 180 162
f 164 182 181
f 164 183 182
f 164 181 163
f 165 184 183
f 165 183 164
f 166 184 165
f 167 185 184
f 167 184 166
f 168 186 185
f 168 185 167
f 169 187 186
f 169 186 168
f 170 188 187
f 170 187 169
f 171 188 170
f 171 189 188
f 172 189 171
f 172 190 189
f 154 190 172
f 154 153 190
f 194 211 193
f 194 212 211
f 195 213 212
f 195 212 194
f 196 214 213
f 196 213 195
f 197 215 214
f 197 214 196
f 198 216 215
f 198 215 197
f 199 217 216
f 199 216 198
f 200 218 217
f 200 219 218
f 200 217 199
f 201 219 200
f 202 220 219
f 202 219 201
f 203 221 220
f 203 222 221
f 203 220 202
f 204 222 203
f 205 223 222
f 205 222 204
f 206 224 223
f 206 223 205
f 207 225 224
f 207 224 206
f 208 225 207
f 208 226 225
f 209 226 208
f 209 227 226
f 210 227 209
f 210 228 227
f 192 228 210
f 192 191 228
f 232 249 231
f 232 250 249
f 233 251 250
f 233 250 232
f 234 252 251
f 234 251 233
f 235 253 252
f 235 252 234
f 236 254 253
f 236 253 235
f 237 255 254
f 237 254 236
f 238 256 255
f 238 257 256
f 238 255 237
f 239 257 238
f 240 258 257
f 240 257 239
f 241 259 258
f 241 260 259
f 241 258 240
f 242 260 241
f 243 261 260
f 243 260 242
f 244 262 261
f 244 261 243
f 245 263 262
f 245 262 244
f 246 263 245
f 246 264 263
f 247 264 246
f 247 265 264
f 248 265 247
f 248 266 265
f 230 266 248
f 230 229 266
f 269 288 287
f 270 289 288
f 270 288 269
f 271 289 270
f 272 290 289
f 272 289 271
f 273 291 290
f 273 290 272
f 274 292 291
f 274 291 273
f 275 293 292
f 275 294 293
f 275 292 274
f 276 294 275
f 277 295 294
f 277 294 276
f 278 296 295
f 278 297 296
f 278 295 277
f 279 298 297
f 279 297 278
f 280 298 279
f 281 299 298
f 281 298 280
f 282 300 299
f 282 299 281
f 283 301 300
f 283 300 282
f 284 302 301
f 284 301 283
f 285 302 284
f 285 303 302
f 286 303 285
f 286 304 303
f 268 304 286
f 268 267 304
f 341 323 322
f 341 342 323
f 340 321 320
f 340 322 321
f 340 341 322
f 339 340 320
f 338 320 319
f 338 339 320
f 337 319 318
f 337 338 319
f 336 317 316
f 336 318 317
f 336 337 318
f 335 336 316
f 334 315 314
f 334 316 315
f 334 335 316
f 333 334 314
f 332 314 313
f 332 333 314
f 331 313 312
f 331 332 313
f 330 311 310
f 330 312 311
f 330 331 312
f 329 310 309
f 329 330 310
f 328 329 309
f 327 328 309
f 327 309 308
f 326 308 307
f 326 327 308
f 325 307 306
f 325 326 307
f 324 306 305
f 324 325 306
f 362 364 363
f 361 365 364
f 361 364 362
f 360 366 365
f 360 365 361
f 359 367 366
f 359 366 360
f 358 368 367
f 358 367 359
f 357 369 368
f 357 368 358
f 356 370 369
f 356 369 357
f 355 371 370
f 355 370 356
f 354 372 371
f 354 371 355
f 353 373 372
f 353 372 354
f 352 373 353
f 351 374 373
f 351 375 374
f 351 373 352
f 350 375 351
f 349 376 375
f 349 377 376
f 349 375 350
f 348 378 377
f 348 377 349
f 347 378 348
f 346 378 347
f 346 379 378
f 346 380 379
f 345 380 346
f 345 343 380
f 344 343 345
f 400 402 401
f 399 403 402
f 399 402 400
f 398 404 403
f 398 403 399
f 397 405 404
f 397 404 398
f 396 406 405
f 396 405 397
f 395 407 406
f 395 406 396
f 394 408 407
f 394 407 395
f 393 409 408
f 393 408 394
f 392 410 409
f 392 409 393
f 391 411 410
f 391 410 392
f 390 411 391
f 389 412 411
f 389 413 412
f 389 411 390
f 388 413 389
f 387 414 413
f 387 415 414
f 387 413 388
f 386 416 415
f 386 415 387
f 385 416 386
f 384 416 385
f 384 417 416
f 384 418 417
f 383 418 384
f 383 381 418
f 382 381 383
f 438 440 439
f 437 441 440
f 437 440 438
f 436 442 441
f 436 441 437
f 435 443 442
f 435 442 436
f 434 444 443
f 434 443 435
f 433 445 444
f 433 444 434
f 432 446 445
f 432 445 433
f 431 447 446
f 431 446 432
f 430 448 447
f 430 447 431
f 429 449 448
f 429 448 430
f 428 449 429
f 427 450 449
f 427 451 450
f 427 449 428
f 426 451 427
f 425 452 451
f 425 453 452
f 425 451 426
f 424 454 453
f 424 453 425
f 423 454 424
f 422 454 423
f 422 455 454
f 422 456 455
f 421 456 422
f 421 419 456
f 420 419 421
f 476 478 477
f 475 479 478
f 475 478 476
f 474 480 479
f 474 479 475
f 473 481 480
f 473 480 474
f 472 482 481
f 472 481 473
f 471 483 482
f 471 482 472
f 470 484 483
f 470 483 471
f 469 485 484
f 469 484 470
f 468 486 485
f 468 485 469
f 467 487 486
f 467 486 468
f 466 487 467
f 465 488 487
f 465 489 488
f 465 487 466
f 464 489 465
f 463 490 489
f 463 491 490
f 463 489 464
f 462 492 491
f 462 491 463
f 461 492 462
f 460 492 461
f 460 493 492
f 460 494 493
f 459 494 460
f 459 457 494
f 458 457 459
f 514 516 515
f 513 517 516
f 513 516 514
f 512 518 517
f 512 517 513
f 511 519 518
f 511 518 512
f 510 520 519
f 510 519 511
f 509 521 520
f 509 520 510
f 508 522 521
f 508 521 509
f 507 523 522
f 507 522 508
f 506 523 507
f 505 524 523
f 505 525 524
f 505 523 506
f 504 526 525
f 504 525 505
f 503 527 526
f 503 526 504
f 502 528 527
f 502 527 503
f 501 528 502
f 500 529 528
f 500 530 529
f 500 528 501
f 499 530 500
f 499 531 530
f 498 531 499
f 497 531 498
f 497 532 531
f 496 532 497
f 496 495 532
f 552 554 553
f 551 555 554
f 551 554 552
f 550 556 555
f 550 555 551
f 549 557 556
f 549 556 550
f 548 558 557
f 548 557 549
f 547 559 558
f 547 558 548
f 546 560 559
f 546 559 547
f 545 561 560
f 545 560 546
f 544 561 545
f 543 562 561
f 543 563 562
f 543 561 544
f 542 564 563
f 542 563 543
f 541 565 564
f 541 564 542
f 540 566 565
f 540 565 541
f 539 566 540
f 538 567 566
f 538 568 567
f 538 566 539
f 537 568 538
f 537 569 568
f 536 569 537
f 535 569 536
f 535 570 569
f 534 570 535
f 534 533 570
f 590 592 591
f 589 593 592
f 589 592 590
f 588 594 593
f 588 593 589
f 587 595 594
f 587 594 588
f 586 596 595
f 586 595 587
f 585 597 596
f 585 596 586
f 584 598 597
f 584 597 585
f 583 599 598
f 583 598 584
f 582 599 583
f 581 600 599
f 581 601 600
f 581 599 582
f 580 602 601
f 580 601 581
f 579 603 602
f 579 602 580
f 578 604 603
f 578 603 579
f 577 604 578
f 576 605 604
f 576 606 605
f 576 604 577
f 575 606 576
f 575 607 606
f 574 607 575
f 573 607 574
f 573 608 607
f 572 608 573
f 572 571 608
f 628 630 629
f 627 631 630
f 627 630 628
f 626 632 631
f 626 631 627
f 625 633 632
f 625 632 626
f 624 634 633
f 624 633 625
f 623 635 634
f 623 634 624
f 622 636 635
f 622 635 623
f 621 637 636
f 621 636 622
f 620 637 621
f 619 638 637
f 619 639 638
f 619 637 620
f 618 640 639
f 618 639 619
f 617 641 640
f 617 640 618
f 616 642 641
f 616 641 617
f 615 642 616
f 614 643 642
f 614 644 643
f 614 642 615
f 613 644 614
f 613 645 644
f 612 645 613
f 611 645 612
f 611 646 645
f 610 646 611
f 610 609 646
f 666 668 667
f 665 669 668
f 665 668 666
f 664 670 669
f 664 669 665
f 663 671 670
f 663 670 664
f 662 672 671
f 662 671 663
f 661 673 672
f 661 672 662
f 660 674 673
f 660 673 661
f 659 675 674
f 659 674 660
f 658 676 675
f 658 675 659
f 657 677 676
f 657 676 658
f 656 678 677
f 656 677 657
f 655 679 678
f 655 678 656
f 654 679 655
f 653 680 679
f 653 681 680
f 653 679 654
f 652 682 681
f 652 681 653
f 651 682 652
f 651 683 682
f 650 683 651
f 650 684 683
f 649 684 650
f 649 647 684
f 648 647 649
f 704 706 705
f 703 707 706
f 703 706 704
f 702 708 707
f 702 707 703
f 701 709 708
f 701 708 702
f 700 710 709
f 700 709 701
f 699 711 710
f 699 710 700
f 698 712 711
f 698 711 699
f 697 713 712
f 697 712 698
f 696 714 713
f 696 713 697
f 695 715 714
f 695 714 696
f 694 716 715
f 694 715 695
f 693 717 716
f 693 716 694
f 692 717 693
f 691 718 717
f 691 719 718
f 691 717 692
f 690 720 719
f 690 719 691
f 689 720 690
f 689 721 720
f 688 721 689
f 688 722 721
f 687 722 688
f 687 685 722
f 686 685 687
f 742 744 743
f 741 745 744
f 741 744 742
f 740 746 745
f 740 745 741
f 739 747 746
f 739 746 740
f 738 748 747
f 738 747 739
f 737 749 748
f 737 748 738
f 736 750 749
f 736 749 737
f 735 751 750
f 735 750 736
f 734 752 751
f 734 751 735
f 733 753 752
f 733 752 734
f 732 754 753
f 732 753 733
f 731 755 754
f 731 754 732
f 730 755 731
f 729 756 755
f 729 757 756
f 729 755 730
f 728 758 757
f 728 757 729
f 727 758 728
f 727 759 758
f 726 759 727
f 726 760 759
f 725 760 726
f 725 723 760
f 724 723 725
f 780 782 781
f 779 783 782
f 779 782 780
f 778 784 783
f 778 783 779
f 777 785 784
f 777 784 778
f 776 786 785
f 776 785 777
f 775 787 786
f 775 786 776
f 774 788 787
f 774 787 775
f 773 789 788
f 773 788 774
f 772 790 789
f 772 789 773
f 771 791 790
f 771 790 772
f 770 792 791
f 770 791 771
f 769 793 792
f 769 792 770
f 768 793 769
f 767 794 793
f 767 795 794
f 767 793 768
f 766 796 795
f 766 795 767
f 765 796 766
f 765 797 796
f 764 797 765
f 764 798 797
f 763 798 764
f 763 761 798
f 762 761 763
f 817 819 818
f 816 820 819
f 816 819 817
f 815 821 820
f 815 820 816
f 814 822 821
f 814 821 815
f 813 823 822
f 813 822 814
f 812 824 823
f 812 823 813
f 811 825 824
f 811 824 812
f 810 826 825
f 810 825 811
f 809 827 826
f 809 826 810
f 808 828 827
f 808 827 809
f 807 829 828
f 807 828 808
f 806 829 807
f 805 830 829
f 805 831 830
f 805 829 806
f 804 831 805
f 803 832 831
f 803 833 832
f 803 831 804
f 802 833 803
f 801 833 802
f 801 834 833
f 801 835 834
f 800 835 801
f 799 835 800
f 799 836 835
f 855 857 856
f 854 858 857
f 854 857 855
f 853 859 858
f 853 858 854
f 852 860 859
f 852 859 853
f 851 861 860
f 851 860 852
f 850 862 861
f 850 861 851
f 849 863 862
f 849 862 850
f 848 864 863
f 848 863 849
f 847 865 864
f 847 864 848
f 846 866 865
f 846 865 847
f 845 867 866
f 845 866 846
f 844 867 845
f 843 868 867
f 843 869 868
f 843 867 844
f 842 869 843
f 841 870 869
f 841 871 870
f 841 869 842
f 840 871 841
f 839 871 840
f 839 872 871
f 839 873 872
f 838 873 839
f 837 873 838
f 837 874 873
f 893 895 894
f 892 896 895
f 892 895 893
f 891 897 896
f 891 896 892
f 890 898 897
f 890 897 891
f 889 899 898
f 889 898 890
f 888 900 899
f 888 899 889
f 887 901 900
f 887 900 888
f 886 902 901
f 886 901 887
f 885 903 902
f 885 902 886
f 884 904 903
f 884 903 885
f 883 905 904
f 883 904 884
f 882 905 883
f 881 906 905
f 881 907 906
f 881 905 882
f 880 907 881
f 879 908 907
f 879 909 908
f 879 907 880
f 878 909 879
f 877 909 878
f 877 910 909
f 877 911 910
f 876 911 877
f 875 911 876
f 875 912 911
f 931 933 932
f 930 934 933
f 930 933 931
f 929 935 934
f 929 934 930
f 928 936 935
f 928 935 929
f 927 937 936
f 927 936 928
f 926 938 937
f 926 937 927
f 925 939 938
f 925 938 926
f 924 940 939
f 924 939 925
f 923 941 940
f 923 940 924
f 922 942 941
f 922 941 923
f 921 943 942
f 921 942 922
f 920 943 921
f 919 944 943
f 919 945 944
f 919 943 920
f 918 945 919
f 917 946 945
f 917 947 946
f 917 945 918
f 916 947 917
f 915 947 916
f 915 948 947
f 915 949 948
f 914 949 915
f 913 949 914
f 913 950 949
f 969 971 970
f 968 972 971
f 968 971 969
f 967 973 972
f 967 972 968
f 966 974 973
f 966 973 967
f 965 975 974
f 965 974 966
f 964 976 975
f 964 975 965
f 963 977 976
f 963 976 964
f 962 978 977
f 962 977 963
f 961 979 978
f 961 978 962
f 960 980 979
f 960 979 961
f 959 980 960
f 958 981 980
f 958 982 981
f 958 980 959
f 957 983 982
f 957 982 958
f 956 984 983
f 956 983 957
f 955 984 956
f 954 984 955
f 954 985 984
f 954 986 985
f 953 986 954
f 953 987 986
f 952 987 953
f 951 987 952
f 951 988 987
f 1007 1009 1008
f 1006 1010 1009
f 1006 1009 1007
f 1005 1011 1010
f 1005 1010 1006
f 1004 1012 1011
f 1004 1011 1005
f 1003 1013 1012
f 1003 1012 1004
f 1002 1014 1013
f 1002 1013 1003
f 1001 1015 1014
f 1001 1014 1002
f 1000 1016 1015
f 1000 1015 1001
f 999 1017 1016
f 999 1016 1000
f 998 1018 1017
f 998 1017 999
f 997 1018 998
f 996 1019 1018
f 996 1020 1019
f 996 1018 997
f 995 1021 1020
f 995 1020 996
f 994 1022 1021
f 994 1021 995
f 993 1022 994
f 992 1022 993
f 992 1023 1022
f 992 1024 1023
f 991 1024 992
f 991 1025 1024
f 990 1025 991
f 989 1025 990
f 989 1026 1025
f 1045 1047 1046
f 1044 1048 1047
f 1044 1047 1045
f 1043 1049 1048
f 1043 1048 1044
f 1042 1050 1049
f 1042 1049 1043
f 1041 1051 1050
f 1041 1050 1042
f 1040 1052 1051
f 1040 1051 1041
f 1039 1053 1052
f 1039 1052 1040
f 1038 1054 1053
f 1038 1053 1039
f 1037 1055 1054
f 1037 1054 1038
f 1036 1056 1055
f 1036 1055 1037
f 1035 1056 1036
f 1034 1057 1056
f 1034 1058 1057
f 1034 1056 1035
f 1033 1059 1058
f 1033 1058 1034
f 1032 1060 1059
f 1032 1059 1033
f 1031 1060 1032
f 1030 1060 1031
f 1030 1061 1060
f 1030 1062 1061
f 1029 1062 1030
f 1029 1063 1062
f 1028 1063 1029
f 1027 1063 1028
f 1027 1064 1063
f 1083 1085 1084
f 1082 1086 1085
f 1082 1085 1083
f 1081 1087 1086
f 1081 1086 1082
f 1080 1088 1087
f 1080 1087 1081
f 1079 1089 1088
f 1079 1088 1080
f 1078 1090 1089
f 1078 1089 1079
f 1077 1091 1090
f 1077 1090 1078
f 1076 1092 1091
f 1076 1091 1077
f 1075 1093 1092
f 1075 1092 1076
f 1074 1094 1093
f 1074 1093 1075
f 1073 1094 1074
f 1072 1095 1094
f 1072 1096 1095
f 1072 1094 1073
f 1071 1097 1096
f 1071 1096 1072
f 1070 1098 1097
f 1070 1097 1071
f 1069 1098 1070
f 1068 1098 1069
f 1068 1099 1098
f 1068 1100 1099
f 1067 1100 1068
f 1067 1101 1100
f 1066 1101 1067
f 1065 1101 1066
f 1065 1102 1101
f 1121 1123 1122
f 1120 1124 1123
f 1120 1123 1121
f 1119 1125 1124
f 1119 1124 1120
f 1118 1126 1125
f 1118 1125 1119
f 1117 1127 1126
f 1117 1126 1118
f 1116 1128 1127
f 1116 1127 1117
f 1115 1129 1128
f 1115 1128 1116
f 1114 1130 1129
f 1114 1129 1115
f 1113 1131 1130
f 1113 1130 1114
f 1112 1132 1131
f 1112 1131 1113
f 1111 1133 1132
f 1111 1132 1112
f 1110 1134 1133
f 1110 1133 1111
f 1109 1135 1134
f 1109 1134 1110
f 1108 1136 1135
f 1108 1135 1109
f 1107 1136 1108
f 1106 1136 1107
f 1106 1137 1136
f 1106 1138 1137
f 1105 1138 1106
f 1105 1139 1138
f 1104 1139 1105
f 1103 1139 1104
f 1103 1140 1139
f 1159 1161 1160
f 1158 1162 1161
f 1158 1161 1159
f 1157 1163 1162
f 1157 1162 1158
f 1156 1164 1163
f 1156 1163 1157
f 1155 1165 1164
f 1155 1164 1156
f 1154 1166 1165
f 1154 1165 1155
f 1153 1167 1166
f 1153 1166 1154
f 1152 1168 1167
f 1152 1167 1153
f 1151 1169 1168
f 1151 1168 1152
f 1150 1170 1169
f 1150 1169 1151
f 1149 1171 1170
f 1149 1170 1150
f 1148 1172 1171
f 1148 1171 1149
f 1147 1173 1172
f 1147 1172 1148
f 1146 1174 1173
f 1146 1173 1147
f 1145 1174 1146
f 1144 1174 1145
f 1144 1175 1174
f 1144 1176 1175
f 1143 1176 1144
f 1143 1177 1176
f 1142 1177 1143
f 1141 1177 1142
f 1141 1178 1177
f 1197 1199 1198
f 1196 1200 1199
f 1196 1199 1197
f 1195 1201 1200
f 1195 1200 1196
f 1194 1202 1201
f 1194 1201 1195
f 1193 1203 1202
f 1193 1202 1194
f 1192 1204 1203
f 1192 1203 1193
f 1191 1205 1204
f 1191 1204 1192
f 1190 1206 1205
f 1190 1205 1191
f 1189 1207 1206
f 1189 1206 1190
f 1188 1208 1207
f 1188 1207 1189
f 1187 1209 1208
f 1187 1208 1188
f 1186 1210 1209
f 1186 1209 1187
f 1185 1211 1210
f 1185 1210 1186
f 1184 1212 1211
f 1184 1211 1185
f 1183 1212 1184
f 1182 1212 1183
f 1182 1213 1212
f 1182 1214 1213
f 1181 1214 1182
f 1181 1215 1214
f 1180 1215 1181
f 1179 1215 1180
f 1179 1216 1215
f 1235 1237 1236
f 1234 1238 1237
f 1234 1237 1235
f 1233 1239 1238
f 1233 1238 1234
f 1232 1240 1239
f 1232 1239 1233
f 1231 1241 1240
f 1231 1240 1232
f 1230 1242 1241
f 1230 1241 1231
f 1229 1243 1242
f 1229 1242 1230
f 1228 1244 1243
f 1228 1243 1229
f 1227 1245 1244
f 1227 1244 1228
f 1226 1246 1245
f 1226 1245 1227
f 1225 1247 1246
f 1225 1246 1226
f 1224 1248 1247
f 1224 1247 1225
f 1223 1249 1248
f 1223 1248 1224
f 1222 1250 1249
f 1222 1249 1223
f 1221 1250 1222
f 1220 1250 1221
f 1220 1251 1250
f 1220 1252 1251
f 1219 1252 1220
f 1219 1253 1252
f 1218 1253 1219
f 1217 1253 1218
f 1217 1254 1253
f 1256 1255 1274
f 1292 1256 1274
f 1291 1274 1273
f 1291 1292 1274
f 1290 1272 1271
f 1290 1273 1272
f 1290 1291 1273
f 1289 1290 1271
f 1288 1270 1269
f 1288 1271 1270
f 1288 1289 1271
f 1287 1269 1268
f 1287 1288 1269
f 1286 1268 1267
f 1286 1287 1268
f 1285 1286 1267
f 1284 1266 1265
f 1284 1267 1266
f 1284 1285 1267
f 1283 1265 1264
f 1283 1284 1265
f 1282 1283 1264
f 1281 1263 1262
f 1281 1264 1263
f 1281 1282 1264
f 1280 1281 1262
f 1279 1262 1261
f 1279 1280 1262
f 1278 1279 1261
f 1278 1261 1260
f 1277 1278 1260
f 1277 1259 1258
f 1277 1260 1259
f 1276 1258 1257
f 1276 1277 1258
f 1275 1276 1257
f 1586 1314 1313
f 1585 1586 1313
f 1587 1314 1586
f 1584 1585 1313
f 1588 1314 1587
f 1583 1313 1312
f 1583 1584 1313
f 1589 1315 1314
f 1589 1314 1588
f 1582 1583 1312
f 1590 1315 1589
f 1581 1582 1312
f 1591 1315 1590
f 1616 1581 1312
f 1592 1316 1315
f 1592 1315 1591
f 1615 1312 1311
f 1615 1616 1312
f 1593 1316 1592
f 1614 1615 1311
f 1613 1614 1311
f 1612 1311 1310
f 1612 1613 1311
f 1611 1612 1310
f 1610 1611 1310
f 1609 1610 1310
f 1549 1550 1320
f 1549 1320 1319
f 1548 1549 1319
f 1551 1320 1550
f 1442 1318 1317
f 1441 1442 1317
f 1443 1318 1442
f 1440 1317 1316
f 1440 1441 1317
f 1552 1320 1551
f 1552 1321 1320
f 1547 1548 1319
f 1444 1318 1443
f 1439 1440 1316
f 1439 1316 1593
f 1445 1319 1318
f 1445 1318 1444
f 1438 1439 1593
f 1438 1593 1594
f 1553 1321 1552
f 1546 1319 1445
f 1546 1547 1319
f 1437 1438 1594
f 1437 1594 1595
f 1446 1546 1445
f 1472 1595 1596
f 1472 1437 1595
f 1554 1321 1553
f 1545 1446 1447
f 1545 1546 1446
f 1309 1609 1310
f 1309 1608 1609
f 1471 1472 1596
f 1555 1321 1554
f 1580 1447 1448
f 1580 1545 1447
f 1470 1596 1597
f 1470 1471 1596
f 1469 1597 1598
f 1469 1470 1597
f 1556 1322 1321
f 1556 1321 1555
f 1579 1448 1449
f 1579 1449 1450
f 1579 1580 1448
f 1468 1598 1599
f 1468 1469 1598
f 1467 1599 1600
f 1467 1468 1599
f 1557 1322 1556
f 1578 1450 1451
f 1578 1579 1450
f 1466 1467 1600
f 1558 1322 1557
f 1577 1451 1452
f 1577 1578 1451
f 1559 1322 1558
f 1576 1452 1453
f 1576 1453 1454
f 1576 1577 1452
f 1575 1576 1454
f 1575 1454 1455
f 1574 1575 1455
f 1574 1455 1456
f 1573 1574 1456
f 1323 1322 1559
f 1323 1559 1560
f 1323 1560 1561
f 1323 1561 1562
f 1324 1323 1562
f 1324 1562 1563
f 1324 1563 1564
f 1324 1564 1565
f 1405 1571 1572
f 1406 1571 1405
f 1333 1334 1605
f 1333 1605 1606
f 1404 1405 1572
f 1404 1572 1573
f 1407 1570 1571
f 1407 1571 1406
f 1332 1333 1606
f 1332 1606 1607
f 1335 1605 1334
f 1335 1604 1605
f 1408 1569 1570
f 1408 1570 1407
f 1403 1573 1456
f 1403 1404 1573
f 1336 1603 1604
f 1336 1604 1335
f 1331 1607 1608
f 1331 1332 1607
f 1402 1403 1456
f 1402 1456 1457
f 1402 1457 1458
f 1409 1568 1569
f 1409 1569 1408
f 1330 1608 1309
f 1330 1331 1608
f 1337 1602 1603
f 1337 1603 1336
f 1401 1458 1459
f 1401 1402 1458
f 1410 1568 1409
f 1338 1601 1602
f 1338 1602 1337
f 1329 1309 1308
f 1329 1330 1309
f 1436 1401 1459
f 1411 1567 1568
f 1411 1568 1410
f 1364 1329 1308
f 1339 1600 1601
f 1339 1466 1600
f 1339 1601 1338
f 1412 1567 1411
f 1412 1566 1567
f 1435 1459 1460
f 1435 1436 1459
f 1340 1465 1466
f 1340 1466 1339
f 1363 1308 1307
f 1363 1364 1308
f 1413 1566 1412
f 1413 1565 1566
f 1434 1435 1460
f 1434 1460 1461
f 1341 1465 1340
f 1341 1464 1465
f 1362 1363 1307
f 1414 1565 1413
f 1414 1324 1565
f 1433 1434 1461
f 1433 1461 1462
f 1342 1464 1341
f 1342 1463 1464
f 1361 1362 1307
f 1432 1433 1462
f 1343 1463 1342
f 1343 1462 1463
f 1360 1361 1307
f 1325 1414 1415
f 1325 1415 1416
f 1325 1416 1417
f 1325 1324 1414
f 1306 1360 1307
f 1477 1357 1358
f 1478 1357 1477
f 1478 1355 1356
f 1478 1356 1357
f 1476 1477 1358
f 1476 1358 1359
f 1479 1355 1478
f 1479 1354 1355
f 1475 1360 1306
f 1475 1476 1359
f 1475 1359 1360
f 1480 1354 1479
f 1480 1353 1354
f 1481 1353 1480
f 1481 1351 1352
f 1481 1352 1353
f 1474 1475 1306
f 1482 1351 1481
f 1482 1350 1351
f 1473 1474 1306
f 1326 1417 1418
f 1326 1418 1419
f 1326 1325 1417
f 1483 1350 1482
f 1483 1349 1350
f 1508 1306 1305
f 1508 1473 1306
f 1484 1349 1483
f 1507 1508 1305
f 1506 1507 1305
f 1370 1344 1345
f 1370 1345 1346
f 1370 1346 1369
f 1368 1346 1347
f 1368 1347 1348
f 1368 1369 1346
f 1371 1344 1370
f 1505 1506 1305
f 1372 1343 1344
f 1372 1344 1371
f 1367 1368 1348
f 1373 1343 1372
f 1373 1432 1462
f 1373 1462 1343
f 1366 1348 1349
f 1366 1367 1348
f 1366 1349 1484
f 1365 1366 1484
f 1365 1484 1485
f 1374 1430 1431
f 1374 1431 1432
f 1374 1432 1373
f 1375 1430 1374
f 1400 1365 1485
f 1400 1485 1486
f 1376 1429 1430
f 1376 1430 1375
f 1399 1400 1486
f 1398 1486 1487
f 1398 1399 1486
f 1397 1398 1487
f 1397 1487 1488
f 1396 1397 1488
f 1396 1488 1489
f 1395 1396 1489
f 1394 1395 1489
f 1394 1489 1490
f 1327 1419 1420
f 1327 1326 1419
f 1304 1501 1502
f 1304 1502 1503
f 1304 1503 1504
f 1304 1504 1505
f 1304 1505 1305
f 1393 1394 1490
f 1393 1490 1491
f 1392 1393 1491
f 1492 1392 1491
f 1391 1392 1492
f 1514 1425 1426
f 1513 1514 1426
f 1513 1426 1427
f 1512 1427 1428
f 1512 1513 1427
f 1515 1425 1514
f 1515 1423 1424
f 1515 1424 1425
f 1516 1422 1423
f 1516 1423 1515
f 1511 1428 1429
f 1511 1512 1428
f 1510 1429 1376
f 1510 1511 1429
f 1510 1376 1377
f 1517 1421 1422
f 1517 1422 1516
f 1518 1420 1421
f 1518 1327 1420
f 1518 1421 1517
f 1509 1377 1378
f 1509 1510 1377
f 1519 1327 1518
f 1544 1509 1378
f 1544 1378 1379
f 1543 1544 1379
f 1543 1379 1380
f 1542 1380 1381
f 1542 1381 1382
f 1542 1543 1380
f 1541 1542 1382
f 1541 1382 1383
f 1328 1327 1519
f 1328 1519 1520
f 1328 1520 1521
f 1328 1521 1522
f 1303 1498 1499
f 1303 1499 1500
f 1303 1500 1501
f 1303 1501 1304
f 1540 1541 1383
f 1540 1383 1384
f 1539 1540 1384
f 1539 1384 1385
f 1293 1522 1523
f 1293 1523 1524
f 1293 1524 1525
f 1293 1328 1522
f 1302 1495 1496
f 1302 1496 1497
f 1302 1497 1498
f 1302 1498 1303
f 1294 1293 1525
f 1294 1525 1526
f 1294 1526 1527
f 1294 1527 1528
f 1301 1494 1495
f 1301 1495 1302
f 1301 1391 1492
f 1301 1390 1391
f 1301 1492 1493
f 1301 1493 1494
f 1295 1528 1529
f 1295 1529 1530
f 1295 1530 1531
f 1295 1531 1532
f 1295 1294 1528
f 1300 1390 1301
f 1300 1388 1389
f 1300 1389 1390
f 1296 1295 1532
f 1296 1532 1533
f 1296 1533 1534
f 1296 1534 1535
f 1299 1388 1300
f 1299 1386 1387
f 1299 1387 1388
f 1297 1535 1536
f 1297 1536 1537
f 1297 1537 1538
f 1297 1296 1535
f 1298 1538 1539
f 1298 1386 1299
f 1298 1297 1538
f 1298 1539 1385
f 1298 1385 1386
f 1667 1639 1640
f 1666 1640 1641
f 1666 1667 1640
f 1668 1638 1639
f 1668 1639 1667
f 1665 1641 1642
f 1665 1666 1641
f 1669 1637 1638
f 1669 1638 1668
f 1664 1642 1643
f 1664 1665 1642
f 1670 1636 1637
f 1670 1637 1669
f 1663 1664 1643
f 1663 1643 1644
f 1671 1635 1636
f 1671 1636 1670
f 1662 1663 1644
f 1645 1662 1644
f 1672 1635 1671
f 1672 1634 1635
f 1661 1662 1645
f 1673 1633 1634
f 1673 1634 1672
f 1660 1661 1645
f 1660 1645 1646
f 1647 1660 1646
f 1674 1632 1633
f 1674 1633 1673
f 1659 1660 1647
f 1648 1659 1647
f 1675 1631 1632
f 1675 1632 1674
f 1658 1659 1648
f 1676 1631 1675
f 1649 1657 1658
f 1649 1658 1648
f 1630 1631 1676
f 1677 1630 1676
f 1650 1656 1657
f 1650 1657 1649
f 1629 1630 1677
f 1678 1629 1677
f 1651 1655 1656
f 1651 1656 1650
f 1628 1629 1678
f 1679 1628 1678
f 1652 1655 1651
f 1652 1654 1655
f 1627 1628 1679
f 1680 1627 1679
f 1626 1627 1680
f 1626 1680 1681
f 1617 1653 1654
f 1617 1654 1652
f 1625 1681 1682
f 1625 1626 1681
f 1618 1688 1653
f 1618 1653 1617
f 1624 1625 1682
f 1619 1687 1688
f 1619 1688 1618
f 1623 1682 1683
f 1623 1624 1682
f 1620 1687 1619
f 1620 1686 1687
f 1622 1623 1683
f 1622 1683 1684
f 1622 1684 1685
f 1621 1686 1620
f 1621 1622 1685
f 1621 1685 1686
f 1690 1708 1689
f 1690 1709 1708
f 1691 1710 1709
f 1691 1709 1690
f 1692 1711 1710
f 1692 1710 1691
f 1693 1712 1711
f 1693 1711 1692
f 1694 1713 1712
f 1694 1712 1693
f 1695 1714 1713
f 1695 1713 1694
f 1696 1715 1714
f 1696 1714 1695
f 1697 1716 1715
f 1697 1715 1696
f 1698 1717 1716
f 1698 1716 1697
f 1699 1718 1717
f 1699 1717 1698
f 1700 1719 1718
f 1700 1718 1699
f 1701 1720 1719
f 1701 1719 1700
f 1702 1721 1720
f 1702 1720 1701
f 1703 1722 1721
f 1703 1721 1702
f 1704 1722 1703
f 1704 1723 1722
f 1705 1723 1704
f 1705 1724 1723
f 1706 1724 1705
f 1706 1725 1724
f 1707 1725 1706
f 1707 1726 1725
f 1777 1749 1750
f 1776 1750 1751
f 1776 1777 1750
f 1778 1748 1749
f 1778 1749 1777
f 1775 1751 1752
f 1775 1776 1751
f 1779 1747 1748
f 1779 1748 1778
f 1774 1752 1753
f 1774 1775 1752
f 1780 1746 1747
f 1780 1747 1779
f 1773 1774 1753
f 1773 1753 1754
f 1781 1745 1746
f 1781 1746 1780
f 1772 1773 1754
f 1755 1772 1754
f 1782 1745 1781
f 1782 1744 1745
f 1771 1772 1755
f 1756 1771 1755
f 1783 1743 1744
f 1783 1744 1782
f 1770 1771 1756
f 1757 1770 1756
f 1784 1743 1783
f 1784 1742 1743
f 1769 1770 1757
f 1758 1769 1757
f 1785 1741 1742
f 1785 1742 1784
f 1768 1769 1758
f 1759 1768 1758
f 1759 1767 1768
f 1740 1741 1785
f 1740 1785 1786
f 1787 1740 1786
f 1760 1766 1767
f 1760 1767 1759
f 1739 1740 1787
f 1788 1739 1787
f 1761 1765 1766
f 1761 1766 1760
f 1738 1739 1788
f 1789 1738 1788
f 1762 1764 1765
f 1762 1765 1761
f 1737 1738 1789
f 1790 1737 1789
f 1736 1790 1791
f 1736 1737 1790
f 1727 1763 1764
f 1727 1764 1762
f 1735 1791 1792
f 1735 1736 1791
f 1728 1798 1763
f 1728 1763 1727
f 1734 1735 1792
f 1734 1792 1793
f 1729 1797 1798
f 1729 1798 1728
f 1730 1797 1729
f 1730 1796 1797
f 1733 1734 1793
f 1731 1796 1730
f 1731 1795 1796
f 1732 1733 1793
f 1732 1795 1731
f 1732 1793 1794
f 1732 1794 1795
f 1800 1818 1799
f 1800 1819 1818
f 1801 1820 1819
f 1801 1819 1800
f 1802 1821 1820
f 1802 1820 1801
f 1803 1822 1821
f 1803 1821 1802
f 1804 1823 1822
f 1804 1822 1803
f 1805 1824 1823
f 1805 1823 1804
f 1806 1825 1824
f 1806 1824 1805
f 1807 1826 1825
f 1807 1825 1806
f 1808 1827 1826
f 1808 1826 1807
f 1809 1828 1827
f 1809 1827 1808
f 1810 1829 1828
f 1810 1828 1809
f 1811 1830 1829
f 1811 1829 1810
f 1812 1831 1830
f 1812 1830 1811
f 1813 1832 1831
f 1813 1831 1812
f 1814 1832 1813
f 1814 1833 1832
f 1815 1833 1814
f 1815 1834 1833
f 1816 1834 1815
f 1816 1835 1834
f 1817 1835 1816
f 1817 1836 1835
f 1887 1859 1860
f 1886 1860 1861
f 1886 1887 1860
f 1888 1858 1859
f 1888 1859 1887
f 1885 1861 1862
f 1885 1886 1861
f 1889 1857 1858
f 1889 1858 1888
f 1884 1862 1863
f 1884 1885 1862
f 1890 1856 1857
f 1890 1857 1889
f 1883 1863 1864
f 1883 1884 1863
f 1891 1855 1856
f 1891 1856 1890
f 1882 1883 1864
f 1865 1882 1864
f 1892 1855 1891
f 1892 1854 1855
f 1881 1882 1865
f 1866 1881 1865
f 1893 1854 1892
f 1893 1853 1854
f 1880 1881 1866
f 1867 1880 1866
f 1894 1853 1893
f 1894 1852 1853
f 1879 1880 1867
f 1868 1879 1867
f 1895 1851 1852
f 1895 1852 1894
f 1878 1879 1868
f 1896 1851 1895
f 1869 1878 1868
f 1869 1877 1878
f 1850 1851 1896
f 1876 1877 1869
f 1870 1876 1869
f 1849 1850 1896
f 1849 1896 1897
f 1898 1849 1897
f 1871 1875 1876
f 1871 1876 1870
f 1848 1849 1898
f 1872 1874 1875
f 1872 1875 1871
f 1847 1898 1899
f 1847 1848 1898
f 1900 1847 1899
f 1846 1900 1901
f 1846 1847 1900
f 1837 1873 1874
f 1837 1874 1872
f 1845 1901 1902
f 1845 1846 1901
f 1838 1908 1873
f 1838 1873 1837
f 1844 1845 1902
f 1844 1902 1903
f 1839 1908 1838
f 1839 1907 1908
f 1840 1907 1839
f 1840 1906 1907
f 1843 1844 1903
f 1843 1903 1904
f 1841 1906 1840
f 1841 1905 1906
f 1842 1843 1904
f 1842 1905 1841
f 1842 1904 1905
f 1910 1928 1909
f 1910 1929 1928
f 1911 1930 1929
f 1911 1929 1910
f 1912 1931 1930
f 1912 1930 1911
f 1913 1932 1931
f 1913 1931 1912
f 1914 1933 1932
f 1914 1932 1913
f 1915 1934 1933
f 1915 1933 1914
f 1916 1935 1934
f 1916 1934 1915
f 1917 1936 1935
f 1917 1935 1916
f 1918 1937 1936
f 1918 1936 1917
f 1919 1938 1937
f 1919 1937 1918
f 1920 1939 1938
f 1920 1938 1919
f 1921 1940 1939
f 1921 1939 1920
f 1922 1941 1940
f 1922 1940 1921
f 1923 1942 1941
f 1923 1941 1922
f 1924 1942 1923
f 1924 1943 1942
f 1925 1943 1924
f 1925 1944 1943
f 1926 1944 1925
f 1926 1945 1944
f 1927 1945 1926
f 1927 1946 1945
f 1997 1969 1970
f 1996 1970 1971
f 1996 1997 1970
f 1998 1968 1969
f 1998 1969 1997
f 1995 1971 1972
f 1995 1996 1971
f 1999 1967 1968
f 1999 1968 1998
f 1994 1972 1973
f 1994 1995 1972
f 2000 1966 1967
f 2000 1967 1999
f 1993 1994 1973
f 1993 1973 1974
f 2001 1965 1966
f 2001 1966 2000
f 1992 1993 1974
f 1975 1992 1974
f 2002 1965 2001
f 2002 1964 1965
f 1991 1992 1975
f 1976 1991 1975
f 2003 1963 1964
f 2003 1964 2002
f 1990 1991 1976
f 1977 1990 1976
f 2004 1963 2003
f 2004 1962 1963
f 1989 1990 1977
f 1978 1989 1977
f 2005 1961 1962
f 2005 1962 2004
f 1988 1989 1978
f 1979 1988 1978
f 1979 1987 1988
f 1960 1961 2005
f 1960 2005 2006
f 2007 1960 2006
f 1980 1986 1987
f 1980 1987 1979
f 1959 1960 2007
f 2008 1959 2007
f 1981 1985 1986
f 1981 1986 1980
f 1958 1959 2008
f 2009 1958 2008
f 1982 1984 1985
f 1982 1985 1981
f 1957 1958 2009
f 2010 1957 2009
f 1956 2010 2011
f 1956 1957 2010
f 1947 1983 1984
f 1947 1984 1982
f 1955 2011 2012
f 1955 1956 2011
f 1948 2018 1983
f 1948 1983 1947
f 1954 1955 2012
f 1954 2012 2013
f 1949 2017 2018
f 1949 2018 1948
f 1950 2017 1949
f 1950 2016 2017
f 1953 1954 2013
f 1951 2016 1950
f 1951 2015 2016
f 1952 1953 2013
f 1952 2015 1951
f 1952 2013 2014
f 1952 2014 2015
f 2020 2038 2019
f 2020 2039 2038
f 2021 2040 2039
f 2021 2039 2020
f 2022 2041 2040
f 2022 2040 2021
f 2023 2042 2041
f 2023 2041 2022
f 2024 2043 2042
f 2024 2042 2023
f 2025 2044 2043
f 2025 2043 2024
f 2026 2045 2044
f 2026 2044 2025
f 2027 2046 2045
f 2027 2045 2026
f 2028 2047 2046
f 2028 2046 2027
f 2029 2048 2047
f 2029 2047 2028
f 2030 2049 2048
f 2030 2048 2029
f 2031 2050 2049
f 2031 2049 2030
f 2032 2051 2050
f 2032 2050 2031
f 2033 2052 2051
f 2033 2051 2032
f 2034 2052 2033
f 2034 2053 2052
f 2035 2053 2034
f 2035 2054 2053
f 2036 2054 2035
f 2036 2055 2054
f 2037 2055 2036
f 2037 2056 2055
f 2106 2079 2080
f 2107 2079 2106
f 2105 2080 2081
f 2105 2106 2080
f 2108 2078 2079
f 2108 2079 2107
f 2104 2081 2082
f 2104 2082 2083
f 2104 2105 2081
f 2109 2077 2078
f 2109 2078 2108
f 2103 2083 2084
f 2103 2104 2083
f 2110 2077 2109
f 2110 2076 2077
f 2102 2103 2084
f 2102 2084 2085
f 2111 2076 2110
f 2111 2075 2076
f 2101 2102 2085
f 2112 2074 2075
f 2112 2075 2111
f 2086 2101 2085
f 2100 2101 2086
f 2113 2074 2112
f 2113 2073 2074
f 2087 2100 2086
f 2099 2100 2087
f 2114 2072 2073
f 2114 2073 2113
f 2088 2099 2087
f 2098 2099 2088
f 2115 2071 2072
f 2115 2072 2114
f 2116 2071 2115
f 2089 2098 2088
f 2089 2097 2098
f 2070 2071 2116
f 2117 2070 2116
f 2090 2097 2089
f 2090 2096 2097
f 2069 2070 2117
f 2118 2069 2117
f 2091 2095 2096
f 2091 2096 2090
f 2068 2069 2118
f 2119 2068 2118
f 2092 2094 2095
f 2092 2095 2091
f 2067 2119 2120
f 2067 2068 2119
f 2057 2093 2094
f 2057 2094 2092
f 2066 2067 2120
f 2058 2128 2093
f 2058 2093 2057
f 2065 2120 2121
f 2065 2121 2122
f 2065 2066 2120
f 2059 2127 2128
f 2059 2128 2058
f 2064 2122 2123
f 2064 2065 2122
f 2060 2126 2127
f 2060 2127 2059
f 2063 2064 2123
f 2061 2126 2060
f 2061 2125 2126
f 2062 2063 2123
f 2062 2125 2061
f 2062 2123 2124
f 2062 2124 2125
f 2178 2151 2152
f 2178 2152 2153
f 2179 2151 2178
f 2177 2178 2153
f 2180 2149 2150
f 2180 2150 2151
f 2180 2151 2179
f 2176 2153 2154
f 2176 2154 2155
f 2176 2177 2153
f 2181 2149 2180
f 2175 2176 2155
f 2175 2155 2156
f 2182 2149 2181
f 2182 2148 2149
f 2174 2175 2156
f 2174 2156 2157
f 2183 2148 2182
f 2183 2147 2148
f 2173 2174 2157
f 2184 2146 2147
f 2184 2147 2183
f 2158 2173 2157
f 2172 2173 2158
f 2185 2145 2146
f 2185 2146 2184
f 2159 2172 2158
f 2171 2172 2159
f 2186 2144 2145
f 2186 2145 2185
f 2160 2171 2159
f 2170 2171 2160
f 2187 2143 2144
f 2187 2144 2186
f 2188 2143 2187
f 2161 2169 2170
f 2161 2170 2160
f 2142 2143 2188
f 2189 2142 2188
f 2162 2168 2169
f 2162 2169 2161
f 2141 2142 2189
f 2190 2141 2189
f 2163 2168 2162
f 2163 2167 2168
f 2140 2141 2190
f 2164 2166 2167
f 2164 2167 2163
f 2139 2190 2191
f 2139 2191 2192
f 2139 2140 2190
f 2129 2165 2166
f 2129 2166 2164
f 2138 2139 2192
f 2138 2192 2193
f 2130 2200 2165
f 2130 2165 2129
f 2137 2138 2193
f 2131 2199 2200
f 2131 2200 2130
f 2136 2193 2194
f 2136 2194 2195
f 2136 2137 2193
f 2132 2199 2131
f 2132 2198 2199
f 2135 2136 2195
f 2133 2196 2197
f 2133 2197 2198
f 2133 2198 2132
f 2134 2135 2195
f 2134 2195 2196
f 2134 2196 2133
f 2250 2223 2224
f 2251 2222 2223
f 2251 2223 2250
f 2249 2224 2225
f 2249 2250 2224
f 2252 2221 2222
f 2252 2222 2251
f 2248 2225 2226
f 2248 2249 2225
f 2253 2221 2252
f 2247 2226 2227
f 2247 2227 2228
f 2247 2248 2226
f 2254 2221 2253
f 2254 2220 2221
f 2246 2228 2229
f 2246 2247 2228
f 2255 2219 2220
f 2255 2220 2254
f 2245 2246 2229
f 2256 2218 2219
f 2256 2219 2255
f 2230 2245 2229
f 2244 2245 2230
f 2257 2218 2256
f 2257 2217 2218
f 2231 2244 2230
f 2243 2244 2231
f 2258 2216 2217
f 2258 2217 2257
f 2232 2243 2231
f 2242 2243 2232
f 2259 2215 2216
f 2259 2216 2258
f 2233 2242 2232
f 2233 2241 2242
f 2214 2215 2259
f 2214 2259 2260
f 2261 2214 2260
f 2234 2241 2233
f 2234 2240 2241
f 2213 2214 2261
f 2235 2239 2240
f 2235 2240 2234
f 2212 2261 2262
f 2212 2213 2261
f 2263 2212 2262
f 2236 2238 2239
f 2236 2239 2235
f 2211 2263 2264
f 2211 2212 2263
f 2201 2237 2238
f 2201 2238 2236
f 2210 2211 2264
f 2202 2272 2237
f 2202 2237 2201
f 2209 2264 2265
f 2209 2210 2264
f 2203 2272 2202
f 2203 2271 2272
f 2208 2265 2266
f 2208 2209 2265
f 2204 2271 2203
f 2204 2270 2271
f 2207 2266 2267
f 2207 2208 2266
f 2205 2270 2204
f 2205 2269 2270
f 2206 2269 2205
f 2206 2267 2268
f 2206 2268 2269
f 2206 2207 2267
f 2322 2295 2296
f 2323 2294 2295
f 2323 2295 2322
f 2321 2296 2297
f 2321 2322 2296
f 2324 2294 2323
f 2320 2297 2298
f 2320 2298 2299
f 2320 2321 2297
f 2325 2293 2294
f 2325 2294 2324
f 2319 2299 2300
f 2319 2320 2299
f 2326 2292 2293
f 2326 2293 2325
f 2318 2319 2300
f 2318 2300 2301
f 2327 2292 2326
f 2327 2291 2292
f 2317 2318 2301
f 2328 2290 2291
f 2328 2291 2327
f 2302 2317 2301
f 2316 2317 2302
f 2329 2289 2290
f 2329 2290 2328
f 2303 2316 2302
f 2315 2316 2303
f 2330 2289 2329
f 2330 2288 2289
f 2304 2315 2303
f 2314 2315 2304
f 2331 2287 2288
f 2331 2288 2330
f 2332 2287 2331
f 2305 2314 2304
f 2305 2313 2314
f 2286 2287 2332
f 2333 2286 2332
f 2306 2313 2305
f 2306 2312 2313
f 2285 2286 2333
f 2334 2285 2333
f 2307 2311 2312
f 2307 2312 2306
f 2284 2285 2334
f 2335 2284 2334
f 2308 2310 2311
f 2308 2311 2307
f 2283 2335 2336
f 2283 2284 2335
f 2273 2309 2310
f 2273 2310 2308
f 2282 2283 2336
f 2274 2344 2309
f 2274 2309 2273
f 2281 2336 2337
f 2281 2282 2336
f 2275 2343 2344
f 2275 2344 2274
f 2280 2337 2338
f 2280 2281 2337
f 2276 2341 2342
f 2276 2342 2343
f 2276 2343 2275
f 2279 2338 2339
f 2279 2280 2338
f 2277 2341 2276
f 2278 2341 2277
f 2278 2279 2339
f 2278 2339 2340
f 2278 2340 2341
f 2394 2368 2369
f 2395 2367 2368
f 2395 2368 2394
f 2393 2369 2370
f 2393 2394 2369
f 2396 2366 2367
f 2396 2367 2395
f 2392 2370 2371
f 2392 2393 2370
f 2397 2365 2366
f 2397 2366 2396
f 2391 2371 2372
f 2391 2392 2371
f 2398 2364 2365
f 2398 2365 2397
f 2390 2372 2373
f 2390 2391 2372
f 2399 2364 2398
f 2399 2363 2364
f 2389 2390 2373
f 2400 2362 2363
f 2400 2363 2399
f 2374 2389 2373
f 2388 2389 2374
f 2401 2361 2362
f 2401 2362 2400
f 2375 2388 2374
f 2387 2388 2375
f 2402 2361 2401
f 2402 2360 2361
f 2376 2387 2375
f 2386 2387 2376
f 2403 2359 2360
f 2403 2360 2402
f 2377 2386 2376
f 2377 2385 2386
f 2358 2359 2403
f 2358 2403 2404
f 2405 2358 2404
f 2378 2384 2385
f 2378 2385 2377
f 2357 2358 2405
f 2406 2357 2405
f 2379 2383 2384
f 2379 2384 2378
f 2356 2357 2406
f 2407 2356 2406
f 2380 2383 2379
f 2380 2382 2383
f 2355 2407 2408
f 2355 2356 2407
f 2345 2382 2380
f 2345 2381 2382
f 2354 2408 2409
f 2354 2355 2408
f 2346 2381 2345
f 2346 2416 2381
f 2353 2354 2409
f 2347 2416 2346
f 2347 2415 2416
f 2352 2409 2410
f 2352 2353 2409
f 2348 2415 2347
f 2348 2414 2415
f 2351 2352 2410
f 2351 2410 2411
f 2351 2411 2412
f 2349 2414 2348
f 2349 2413 2414
f 2350 2351 2412
f 2350 2413 2349
f 2350 2412 2413
f 2418 2436 2417
f 2418 2437 2436
f 2419 2438 2437
f 2419 2437 2418
f 2420 2439 2438
f 2420 2438 2419
f 2421 2440 2439
f 2421 2439 2420
f 2422 2441 2440
f 2422 2440 2421
f 2423 2442 2441
f 2423 2441 2422
f 2424 2443 2442
f 2424 2442 2423
f 2425 2444 2443
f 2425 2443 2424
f 2426 2445 2444
f 2426 2444 2425
f 2427 2446 2445
f 2427 2445 2426
f 2428 2447 2446
f 2428 2448 2447
f 2428 2446 2427
f 2429 2448 2428
f 2430 2449 2448
f 2430 2448 2429
f 2431 2450 2449
f 2431 2449 2430
f 2432 2450 2431
f 2432 2451 2450
f 2432 2452 2451
f 2433 2452 2432
f 2434 2452 2433
f 2434 2453 2452
f 2435 2453 2434
f 2435 2454 2453
f 2504 2478 2479
f 2505 2477 2478
f 2505 2478 2504
f 2503 2479 2480
f 2503 2504 2479
f 2506 2476 2477
f 2506 2477 2505
f 2502 2480 2481
f 2502 2503 2480
f 2507 2475 2476
f 2507 2476 2506
f 2501 2481 2482
f 2501 2502 2481
f 2508 2474 2475
f 2508 2475 2507
f 2500 2482 2483
f 2500 2501 2482
f 2509 2474 2508
f 2509 2473 2474
f 2499 2500 2483
f 2510 2472 2473
f 2510 2473 2509
f 2484 2499 2483
f 2498 2499 2484
f 2511 2471 2472
f 2511 2472 2510
f 2485 2498 2484
f 2497 2498 2485
f 2512 2471 2511
f 2512 2470 2471
f 2486 2497 2485
f 2496 2497 2486
f 2513 2469 2470
f 2513 2470 2512
f 2487 2496 2486
f 2487 2495 2496
f 2468 2469 2513
f 2468 2513 2514
f 2515 2468 2514
f 2488 2494 2495
f 2488 2495 2487
f 2467 2468 2515
f 2516 2467 2515
f 2489 2493 2494
f 2489 2494 2488
f 2466 2467 2516
f 2517 2466 2516
f 2490 2493 2489
f 2490 2492 2493
f 2465 2517 2518
f 2465 2466 2517
f 2455 2492 2490
f 2455 2491 2492
f 2464 2518 2519
f 2464 2465 2518
f 2456 2491 2455
f 2456 2526 2491
f 2463 2464 2519
f 2457 2526 2456
f 2457 2525 2526
f 2462 2519 2520
f 2462 2463 2519
f 2458 2525 2457
f 2458 2524 2525
f 2461 2462 2520
f 2461 2520 2521
f 2461 2521 2522
f 2459 2524 2458
f 2459 2523 2524
f 2460 2461 2522
f 2460 2523 2459
f 2460 2522 2523
f 2528 2546 2527
f 2528 2547 2546
f 2529 2548 2547
f 2529 2547 2528
f 2530 2549 2548
f 2530 2548 2529
f 2531 2550 2549
f 2531 2549 2530
f 2532 2551 2550
f 2532 2550 2531
f 2533 2552 2551
f 2533 2551 2532
f 2534 2553 2552
f 2534 2552 2533
f 2535 2554 2553
f 2535 2553 2534
f 2536 2555 2554
f 2536 2554 2535
f 2537 2556 2555
f 2537 2555 2536
f 2538 2557 2556
f 2538 2558 2557
f 2538 2556 2537
f 2539 2558 2538
f 2540 2559 2558
f 2540 2558 2539
f 2541 2560 2559
f 2541 2559 2540
f 2542 2560 2541
f 2542 2561 2560
f 2542 2562 2561
f 2543 2562 2542
f 2544 2562 2543
f 2544 2563 2562
f 2545 2563 2544
f 2545 2564 2563
f 2614 2588 2589
f 2615 2587 2588
f 2615 2588 2614
f 2613 2614 2589
f 2616 2586 2587
f 2616 2587 2615
f 2612 2589 2590
f 2612 2590 2591
f 2612 2613 2589
f 2617 2585 2586
f 2617 2586 2616
f 2611 2591 2592
f 2611 2612 2591
f 2618 2584 2585
f 2618 2585 2617
f 2610 2592 2593
f 2610 2611 2592
f 2619 2584 2618
f 2619 2583 2584
f 2609 2610 2593
f 2620 2582 2583
f 2620 2583 2619
f 2594 2609 2593
f 2608 2609 2594
f 2621 2581 2582
f 2621 2582 2620
f 2595 2608 2594
f 2607 2608 2595
f 2622 2580 2581
f 2622 2581 2621
f 2596 2607 2595
f 2606 2607 2596
f 2623 2579 2580
f 2623 2580 2622
f 2624 2579 2623
f 2597 2606 2596
f 2597 2605 2606
f 2578 2579 2624
f 2598 2604 2605
f 2598 2605 2597
f 2577 2578 2624
f 2577 2624 2625
f 2626 2577 2625
f 2599 2603 2604
f 2599 2604 2598
f 2576 2577 2626
f 2600 2601 2602
f 2600 2602 2603
f 2600 2603 2599
f 2575 2626 2627
f 2575 2627 2628
f 2575 2576 2626
f 2565 2601 2600
f 2574 2575 2628
f 2566 2636 2601
f 2566 2601 2565
f 2573 2628 2629
f 2573 2629 2630
f 2573 2574 2628
f 2567 2635 2636
f 2567 2636 2566
f 2572 2573 2630
f 2568 2635 2567
f 2568 2634 2635
f 2571 2572 2630
f 2571 2630 2631
f 2569 2633 2634
f 2569 2634 2568
f 2570 2571 2631
f 2570 2633 2569
f 2570 2631 2632
f 2570 2632 2633
f 2638 2656 2637
f 2638 2657 2656
f 2639 2658 2657
f 2639 2657 2638
f 2640 2659 2658
f 2640 2658 2639
f 2641 2660 2659
f 2641 2659 2640
f 2642 2661 2660
f 2642 2660 2641
f 2643 2662 2661
f 2643 2661 2642
f 2644 2663 2662
f 2644 2662 2643
f 2645 2664 2663
f 2645 2663 2644
f 2646 2665 2664
f 2646 2664 2645
f 2647 2666 2665
f 2647 2665 2646
f 2648 2667 2666
f 2648 2668 2667
f 2648 2666 2647
f 2649 2668 2648
f 2650 2669 2668
f 2650 2668 2649
f 2651 2670 2669
f 2651 2669 2650
f 2652 2670 2651
f 2652 2671 2670
f 2652 2672 2671
f 2653 2672 2652
f 2654 2672 2653
f 2654 2673 2672
f 2655 2673 2654
f 2655 2674 2673
f 2724 2698 2699
f 2725 2697 2698
f 2725 2698 2724
f 2723 2724 2699
f 2726 2696 2697
f 2726 2697 2725
f 2722 2699 2700
f 2722 2723 2699
f 2727 2695 2696
f 2727 2696 2726
f 2721 2700 2701
f 2721 2701 2702
f 2721 2722 2700
f 2728 2694 2695
f 2728 2695 2727
f 2720 2721 2702
f 2720 2702 2703
f 2729 2694 2728
f 2729 2693 2694
f 2719 2720 2703
f 2730 2692 2693
f 2730 2693 2729
f 2704 2719 2703
f 2718 2719 2704
f 2731 2691 2692
f 2731 2692 2730
f 2705 2718 2704
f 2717 2718 2705
f 2732 2690 2691
f 2732 2691 2731
f 2706 2717 2705
f 2716 2717 2706
f 2733 2689 2690
f 2733 2690 2732
f 2734 2689 2733
f 2707 2716 2706
f 2707 2715 2716
f 2688 2689 2734
f 2708 2714 2715
f 2708 2715 2707
f 2687 2688 2734
f 2687 2734 2735
f 2736 2687 2735
f 2709 2713 2714
f 2709 2714 2708
f 2686 2687 2736
f 2737 2686 2736
f 2710 2712 2713
f 2710 2713 2709
f 2685 2737 2738
f 2685 2686 2737
f 2675 2712 2710
f 2675 2711 2712
f 2684 2738 2739
f 2684 2685 2738
f 2676 2711 2675
f 2676 2746 2711
f 2683 2739 2740
f 2683 2684 2739
f 2677 2746 2676
f 2677 2745 2746
f 2682 2683 2740
f 2678 2745 2677
f 2678 2744 2745
f 2681 2682 2740
f 2681 2740 2741
f 2679 2744 2678
f 2679 2743 2744
f 2680 2681 2741
f 2680 2743 2679
f 2680 2741 2742
f 2680 2742 2743
f 2748 2766 2747
f 2748 2767 2766
f 2749 2768 2767
f 2749 2767 2748
f 2750 2769 2768
f 2750 2768 2749
f 2751 2770 2769
f 2751 2769 2750
f 2752 2771 2770
f 2752 2770 2751
f 2753 2772 2771
f 2753 2771 2752
f 2754 2773 2772
f 2754 2772 2753
f 2755 2774 2773
f 2755 2773 2754
f 2756 2775 2774
f 2756 2774 2755
f 2757 2776 2775
f 2757 2775 2756
f 2758 2777 2776
f 2758 2778 2777
f 2758 2776 2757
f 2759 2778 2758
f 2760 2779 2778
f 2760 2778 2759
f 2761 2780 2779
f 2761 2779 2760
f 2762 2780 2761
f 2762 2781 2780
f 2762 2782 2781
f 2763 2782 2762
f 2764 2782 2763
f 2764 2783 2782
f 2765 2783 2764
f 2765 2784 2783
f 3060 2787 2788
f 3059 2787 3060
f 3058 2787 3059
f 3061 3060 2788
f 3062 3061 2788
f 3057 2786 2787
f 3057 2787 3058
f 3063 2788 2789
f 3063 3062 2788
f 3056 2786 3057
f 3064 3063 2789
f 3055 2786 3056
f 3065 2789 2790
f 3065 3064 2789
f 3054 2786 3055
f 3066 3065 2790
f 3053 2785 2786
f 3053 2786 3054
f 3052 2785 3053
f 3051 2785 3052
f 3050 2820 2785
f 3050 2785 3051
f 3049 2820 3050
f 3048 2820 3049
f 2952 2791 2792
f 2951 2791 2952
f 2953 2952 2792
f 2950 2790 2791
f 2950 2791 2951
f 2949 2790 2950
f 2949 3066 2790
f 2949 3067 3066
f 2954 2953 2792
f 2879 2793 2794
f 2879 2794 2880
f 2881 2880 2794
f 2878 2793 2879
f 2955 2792 2793
f 2955 2954 2792
f 2948 3068 3067
f 2948 3067 2949
f 2882 2881 2794
f 2882 2794 2795
f 2877 2955 2793
f 2877 2793 2878
f 2947 3069 3068
f 2947 3068 2948
f 2883 2882 2795
f 2876 2955 2877
f 2876 2956 2955
f 2946 3069 2947
f 2884 2883 2795
f 2875 2956 2876
f 2875 2957 2956
f 2945 3069 2946
f 2945 3070 3069
f 2885 2884 2795
f 2874 2957 2875
f 2874 2958 2957
f 2819 2820 3048
f 2819 3048 3047
f 2959 2958 2874
f 2944 3070 2945
f 2944 3071 3070
f 2886 2795 2796
f 2886 2885 2795
f 2873 2959 2874
f 2960 2959 2873
f 2943 3071 2944
f 2943 3072 3071
f 2942 3037 3072
f 2942 3072 2943
f 2887 2886 2796
f 2872 2961 2960
f 2872 2960 2873
f 2941 3038 3037
f 2941 3037 2942
f 2888 2887 2796
f 2871 2962 2961
f 2871 2961 2872
f 2940 3038 2941
f 2889 2888 2796
f 2870 2962 2871
f 2870 2963 2962
f 2964 2963 2870
f 2869 2964 2870
f 2869 2929 2964
f 2868 2929 2869
f 2868 2930 2929
f 2797 2890 2889
f 2797 2891 2890
f 2797 2889 2796
f 2892 2891 2797
f 2867 2930 2868
f 3095 2866 2865
f 3096 3095 2865
f 2988 3044 3043
f 2987 3044 2988
f 3094 2866 3095
f 3094 2867 2866
f 3097 3096 2865
f 3097 2865 2864
f 2986 3045 3044
f 2986 3044 2987
f 2989 2988 3043
f 2989 3043 3042
f 3098 2864 2863
f 3098 3097 2864
f 3093 2930 2867
f 3093 2931 2930
f 3093 2867 3094
f 2990 3042 3041
f 2990 2989 3042
f 2985 3046 3045
f 2985 3045 2986
f 3099 2863 2862
f 3099 3098 2863
f 3092 2932 2931
f 3092 2931 3093
f 2991 3041 3040
f 2991 2990 3041
f 2984 3047 3046
f 2984 2819 3047
f 2984 3046 2985
f 2798 2857 2892
f 2798 2892 2797
f 2798 2858 2857
f 3100 2862 2861
f 3100 3099 2862
f 3091 2932 3092
f 2992 2991 3040
f 2992 3040 3039
f 2983 2818 2819
f 2983 2819 2984
f 3101 3100 2861
f 3090 2933 2932
f 3090 2932 3091
f 2993 3038 2940
f 2993 3039 3038
f 2993 2992 3039
f 2982 2818 2983
f 3102 3101 2861
f 3102 2861 2860
f 3089 2934 2933
f 3089 2933 3090
f 2994 2993 2940
f 2994 2940 2939
f 2981 2818 2982
f 2981 2817 2818
f 3103 3102 2860
f 3103 2860 2859
f 3088 2935 2934
f 3088 2936 2935
f 3088 2934 3089
f 2995 2994 2939
f 2995 2939 2938
f 2980 2817 2981
f 3104 2858 2798
f 3104 3103 2859
f 3104 2859 2858
f 3087 2936 3088
f 2996 2995 2938
f 2996 2938 2937
f 2979 2817 2980
f 3086 2936 3087
f 2997 2936 3086
f 2997 2996 2937
f 2997 2937 2936
f 2799 3105 3104
f 2799 3106 3105
f 2799 3107 3106
f 2799 3104 2798
f 2816 2817 2979
f 2816 2979 2978
f 2915 2975 2974
f 2915 2976 2975
f 2916 2974 2973
f 2916 2915 2974
f 2914 2976 2915
f 2914 2977 2976
f 2917 2916 2973
f 2917 2973 2972
f 2913 2977 2914
f 2913 2978 2977
f 2918 2917 2972
f 2918 2972 2971
f 2919 2918 2971
f 2919 2970 2969
f 2919 2971 2970
f 2912 2978 2913
f 2912 2816 2978
f 2920 2919 2969
f 2920 2969 2968
f 2911 2816 2912
f 2921 2968 2967
f 2921 2920 2968
f 2910 2816 2911
f 2800 3108 3107
f 2800 3073 3108
f 2800 3107 2799
f 2815 2816 2910
f 2909 2815 2910
f 2844 2999 2998
f 2844 3000 2999
f 2844 2843 3000
f 2842 2965 3000
f 2842 3000 2843
f 2845 2844 2998
f 2841 2965 2842
f 2841 2966 2965
f 2846 2998 2997
f 2846 2845 2998
f 2846 2997 3086
f 2840 2921 2967
f 2840 2922 2921
f 2840 2966 2841
f 2840 2967 2966
f 2847 2846 3086
f 2908 2815 2909
f 2848 2847 3086
f 2848 3086 3085
f 2839 2923 2922
f 2839 2922 2840
f 2849 2848 3085
f 2849 3085 3084
f 2838 2923 2839
f 2924 2923 2838
f 2907 2815 2908
f 2850 2849 3084
f 2850 3084 3083
f 2837 2924 2838
f 2836 2925 2924
f 2836 2924 2837
f 2835 2926 2925
f 2835 2925 2836
f 2834 2926 2835
f 2927 2926 2834
f 2833 2927 2834
f 2801 3073 2800
f 2801 3074 3073
f 2814 2905 2904
f 2814 2906 2905
f 2814 2907 2906
f 2814 2815 2907
f 3023 3081 3080
f 3024 3023 3080
f 3024 3080 3079
f 2928 2927 2833
f 3025 3024 3079
f 3025 3079 3078
f 3022 3081 3023
f 3022 3082 3081
f 2832 2928 2833
f 3021 3082 3022
f 3021 3083 3082
f 3026 3025 3078
f 3026 3077 3076
f 3026 3078 3077
f 3027 3026 3076
f 3027 3076 3075
f 3020 3083 3021
f 3020 2851 2850
f 3020 2850 3083
f 2831 2928 2832
f 2831 2893 2928
f 2830 2894 2893
f 2830 2893 2831
f 3028 3027 3075
f 3028 3075 3074
f 3019 2851 3020
f 3019 2852 2851
f 2829 2895 2894
f 2829 2894 2830
f 3029 3074 2801
f 3029 3028 3074
f 3018 2852 3019
f 3018 2853 2852
f 3030 3029 2801
f 3017 2853 3018
f 3017 2854 2853
f 3016 2855 2854
f 3016 2854 3017
f 3015 2856 2855
f 3015 2821 2856
f 3015 2855 3016
f 2802 3031 3030
f 2802 3032 3031
f 2802 3030 2801
f 2813 2901 2900
f 2813 2902 2901
f 2813 2903 2902
f 2813 2904 2903
f 2813 2814 2904
f 3014 2822 2821
f 3014 2821 3015
f 3013 2822 3014
f 3013 2823 2822
f 3012 2823 3013
f 2803 3032 2802
f 2803 3033 3032
f 2803 3034 3033
f 2803 3035 3034
f 2812 2898 2897
f 2812 2899 2898
f 2812 2900 2899
f 2812 2813 2900
f 2804 3002 3001
f 2804 3035 2803
f 2804 3036 3035
f 2804 3001 3036
f 2811 2896 2895
f 2811 2897 2896
f 2811 2812 2897
f 2811 2829 2828
f 2811 2895 2829
f 2805 3003 3002
f 2805 3004 3003
f 2805 3005 3004
f 2805 3006 3005
f 2805 3002 2804
f 2810 2827 2826
f 2810 2828 2827
f 2810 2811 2828
f 2806 3007 3006
f 2806 3008 3007
f 2806 3009 3008
f 2806 3006 2805
f 2809 2810 2826
f 2809 2825 2824
f 2809 2826 2825
f 2807 3010 3009
f 2807 3011 3010
f 2807 3009 2806
f 2808 2823 3012
f 2808 3012 3011
f 2808 3011 2807
f 2808 2824 2823
f 2808 2809 2824
