# generated by step_to_parts.py -- 5250 verts, 5144 tris
v -0.407569 -0.575729 -0.022110
v -0.404626 -0.576311 -0.022110
v -0.404705 -0.576706 -0.021797
v -0.404771 -0.577041 -0.021419
v -0.404823 -0.577307 -0.020987
v -0.404861 -0.577495 -0.020514
v -0.404881 -0.577600 -0.020016
v -0.404885 -0.577618 -0.019506
v -0.404871 -0.577550 -0.019001
v -0.404841 -0.577396 -0.018516
v -0.404795 -0.577162 -0.018065
v -0.404734 -0.576855 -0.017663
v -0.404661 -0.576483 -0.017321
v -0.404577 -0.576060 -0.017050
v -0.404485 -0.575596 -0.016858
v -0.404388 -0.575107 -0.016752
v -0.404289 -0.574607 -0.016733
v -0.404191 -0.574112 -0.016803
v -0.404097 -0.573636 -0.016960
v -0.404010 -0.573194 -0.017198
v -0.406953 -0.572612 -0.017198
v -0.407647 -0.576123 -0.021797
v -0.407714 -0.576459 -0.021419
v -0.407766 -0.576725 -0.020987
v -0.407804 -0.576913 -0.020514
v -0.407824 -0.577018 -0.020016
v -0.407828 -0.577036 -0.019506
v -0.407814 -0.576967 -0.019001
v -0.407784 -0.576814 -0.018516
v -0.407738 -0.576579 -0.018065
v -0.407677 -0.576272 -0.017663
v -0.407604 -0.575901 -0.017321
v -0.407520 -0.575477 -0.017050
v -0.407428 -0.575014 -0.016858
v -0.407331 -0.574525 -0.016752
v -0.407232 -0.574025 -0.016733
v -0.407134 -0.573530 -0.016803
v -0.407040 -0.573054 -0.016960
v -0.407569 -0.575729 -0.022110
v -0.407647 -0.576123 -0.021797
v -0.407714 -0.576459 -0.021419
v -0.407766 -0.576725 -0.020987
v -0.407804 -0.576913 -0.020514
v -0.407824 -0.577018 -0.020016
v -0.407828 -0.577036 -0.019506
v -0.407814 -0.576967 -0.019001
v -0.407784 -0.576814 -0.018516
v -0.407738 -0.576579 -0.018065
v -0.407677 -0.576272 -0.017663
v -0.407604 -0.575901 -0.017321
v -0.407520 -0.575477 -0.017050
v -0.407428 -0.575014 -0.016858
v -0.407331 -0.574525 -0.016752
v -0.407232 -0.574025 -0.016733
v -0.407134 -0.573530 -0.016803
v -0.407040 -0.573054 -0.016960
v -0.406953 -0.572612 -0.017198
v -0.406875 -0.572217 -0.017511
v -0.406808 -0.571882 -0.017890
v -0.406756 -0.571616 -0.018322
v -0.406718 -0.571428 -0.018794
v -0.406698 -0.571323 -0.019293
v -0.406694 -0.571305 -0.019802
v -0.406708 -0.571373 -0.020307
v -0.406738 -0.571527 -0.020792
v -0.406784 -0.571761 -0.021243
v -0.406845 -0.572068 -0.021645
v -0.406919 -0.572439 -0.021987
v -0.407002 -0.572863 -0.022258
v -0.407094 -0.573326 -0.022450
v -0.407191 -0.573816 -0.022557
v -0.407290 -0.574315 -0.022575
v -0.407388 -0.574811 -0.022505
v -0.407482 -0.575287 -0.022349
v -0.407509 -0.575422 -0.021627
v -0.407439 -0.575067 -0.021819
v -0.407363 -0.574685 -0.021945
v -0.407284 -0.574287 -0.022001
v -0.407205 -0.573885 -0.021986
v -0.407127 -0.573492 -0.021900
v -0.407053 -0.573120 -0.021746
v -0.406986 -0.572780 -0.021528
v -0.406927 -0.572481 -0.021254
v -0.406878 -0.572235 -0.020931
v -0.406841 -0.572047 -0.020569
v -0.406816 -0.571923 -0.020179
v -0.406806 -0.571868 -0.019773
v -0.406808 -0.571883 -0.019364
v -0.406825 -0.571967 -0.018963
v -0.406855 -0.572118 -0.018584
v -0.406897 -0.572332 -0.018237
v -0.406951 -0.572601 -0.017933
v -0.407013 -0.572918 -0.017681
v -0.407084 -0.573273 -0.017489
v -0.407159 -0.573656 -0.017363
v -0.407238 -0.574054 -0.017307
v -0.407317 -0.574455 -0.017322
v -0.407395 -0.574848 -0.017408
v -0.407469 -0.575220 -0.017562
v -0.407536 -0.575561 -0.017780
v -0.407595 -0.575859 -0.018055
v -0.407644 -0.576106 -0.018378
v -0.407681 -0.576294 -0.018740
v -0.407706 -0.576417 -0.019130
v -0.407717 -0.576473 -0.019535
v -0.407714 -0.576458 -0.019945
v -0.407697 -0.576374 -0.020345
v -0.407667 -0.576222 -0.020725
v -0.407625 -0.576009 -0.021072
v -0.407572 -0.575740 -0.021376
v -0.415847 -0.573773 -0.021627
v -0.407509 -0.575422 -0.021627
v -0.407013 -0.572918 -0.017681
v -0.407084 -0.573273 -0.017489
v -0.407159 -0.573656 -0.017363
v -0.407238 -0.574054 -0.017307
v -0.407317 -0.574455 -0.017322
v -0.407395 -0.574848 -0.017408
v -0.407469 -0.575220 -0.017562
v -0.407536 -0.575561 -0.017780
v -0.407595 -0.575859 -0.018055
v -0.407644 -0.576106 -0.018378
v -0.407681 -0.576294 -0.018740
v -0.407706 -0.576417 -0.019130
v -0.407717 -0.576473 -0.019535
v -0.407714 -0.576458 -0.019945
v -0.407697 -0.576374 -0.020345
v -0.407667 -0.576222 -0.020725
v -0.407625 -0.576009 -0.021072
v -0.407572 -0.575740 -0.021376
v -0.415352 -0.571268 -0.017681
v -0.415910 -0.574090 -0.021376
v -0.415963 -0.574359 -0.021072
v -0.416005 -0.574573 -0.020725
v -0.416035 -0.574724 -0.020345
v -0.416052 -0.574808 -0.019945
v -0.416055 -0.574823 -0.019535
v -0.416044 -0.574768 -0.019130
v -0.416020 -0.574644 -0.018740
v -0.415982 -0.574456 -0.018378
v -0.415934 -0.574209 -0.018055
v -0.415875 -0.573911 -0.017780
v -0.415807 -0.573571 -0.017562
v -0.415734 -0.573198 -0.017408
v -0.415656 -0.572806 -0.017322
v -0.415576 -0.572404 -0.017307
v -0.415498 -0.572006 -0.017363
v -0.415422 -0.571624 -0.017489
v -0.415847 -0.573773 -0.021627
v -0.415910 -0.574090 -0.021376
v -0.415963 -0.574359 -0.021072
v -0.416005 -0.574573 -0.020725
v -0.416035 -0.574724 -0.020345
v -0.416052 -0.574808 -0.019945
v -0.416055 -0.574823 -0.019535
v -0.416044 -0.574768 -0.019130
v -0.416020 -0.574644 -0.018740
v -0.415982 -0.574456 -0.018378
v -0.415934 -0.574209 -0.018055
v -0.415875 -0.573911 -0.017780
v -0.415807 -0.573571 -0.017562
v -0.415734 -0.573198 -0.017408
v -0.415656 -0.572806 -0.017322
v -0.415576 -0.572404 -0.017307
v -0.415498 -0.572006 -0.017363
v -0.415422 -0.571624 -0.017489
v -0.415352 -0.571268 -0.017681
v -0.415289 -0.570951 -0.017933
v -0.415236 -0.570682 -0.018237
v -0.415193 -0.570468 -0.018584
v -0.415163 -0.570317 -0.018963
v -0.415147 -0.570233 -0.019364
v -0.415144 -0.570218 -0.019773
v -0.415155 -0.570273 -0.020179
v -0.415179 -0.570397 -0.020569
v -0.415216 -0.570585 -0.020931
v -0.415265 -0.570832 -0.021254
v -0.415324 -0.571130 -0.021528
v -0.415392 -0.571470 -0.021746
v -0.415465 -0.571843 -0.021900
v -0.415543 -0.572236 -0.021986
v -0.415622 -0.572637 -0.022001
v -0.415701 -0.573035 -0.021945
v -0.415777 -0.573418 -0.021819
v -0.415433 -0.571681 -0.018332
v -0.415480 -0.571919 -0.018203
v -0.415531 -0.572176 -0.018119
v -0.415584 -0.572442 -0.018081
v -0.415637 -0.572712 -0.018091
v -0.415689 -0.572975 -0.018149
v -0.415739 -0.573224 -0.018252
v -0.415784 -0.573453 -0.018398
v -0.415823 -0.573652 -0.018582
v -0.415856 -0.573818 -0.018799
v -0.415881 -0.573944 -0.019041
v -0.415897 -0.574027 -0.019303
v -0.415905 -0.574064 -0.019575
v -0.415903 -0.574054 -0.019849
v -0.415892 -0.573997 -0.020117
v -0.415872 -0.573896 -0.020372
v -0.415843 -0.573753 -0.020604
v -0.415807 -0.573572 -0.020808
v -0.415765 -0.573360 -0.020977
v -0.415718 -0.573122 -0.021105
v -0.415668 -0.572865 -0.021189
v -0.415615 -0.572599 -0.021227
v -0.415562 -0.572330 -0.021217
v -0.415510 -0.572066 -0.021160
v -0.415460 -0.571817 -0.021056
v -0.415415 -0.571589 -0.020910
v -0.415375 -0.571389 -0.020726
v -0.415343 -0.571223 -0.020510
v -0.415318 -0.571097 -0.020267
v -0.415301 -0.571014 -0.020006
v -0.415294 -0.570977 -0.019734
v -0.415296 -0.570987 -0.019459
v -0.415307 -0.571044 -0.019191
v -0.415327 -0.571145 -0.018937
v -0.415356 -0.571288 -0.018704
v -0.415391 -0.571469 -0.018500
v -0.429009 -0.570740 -0.020977
v -0.428962 -0.570502 -0.021105
v -0.428911 -0.570245 -0.021189
v -0.428858 -0.569978 -0.021227
v -0.428805 -0.569709 -0.021217
v -0.428753 -0.569446 -0.021160
v -0.428703 -0.569196 -0.021056
v -0.428658 -0.568968 -0.020910
v -0.428619 -0.568768 -0.020726
v -0.428586 -0.568603 -0.020510
v -0.428561 -0.568477 -0.020267
v -0.428545 -0.568394 -0.020006
v -0.428537 -0.568357 -0.019734
v -0.428539 -0.568367 -0.019459
v -0.428551 -0.568424 -0.019191
v -0.428571 -0.568525 -0.018937
v -0.428599 -0.568668 -0.018704
v -0.428635 -0.568849 -0.018500
v -0.428677 -0.569061 -0.018332
v -0.415433 -0.571681 -0.018332
v -0.415765 -0.573360 -0.020977
v -0.415718 -0.573122 -0.021105
v -0.415668 -0.572865 -0.021189
v -0.415615 -0.572599 -0.021227
v -0.415562 -0.572330 -0.021217
v -0.415510 -0.572066 -0.021160
v -0.415460 -0.571817 -0.021056
v -0.415415 -0.571589 -0.020910
v -0.415375 -0.571389 -0.020726
v -0.415343 -0.571223 -0.020510
v -0.415318 -0.571097 -0.020267
v -0.415301 -0.571014 -0.020006
v -0.415294 -0.570977 -0.019734
v -0.415296 -0.570987 -0.019459
v -0.415307 -0.571044 -0.019191
v -0.415327 -0.571145 -0.018937
v -0.415356 -0.571288 -0.018704
v -0.415391 -0.571469 -0.018500
v -0.430179 -0.576655 -0.101250
v -0.431514 -0.583401 -0.095896
v -0.432648 -0.589133 -0.089429
v -0.433547 -0.593677 -0.082046
v -0.434183 -0.596894 -0.073971
v -0.434538 -0.598686 -0.065449
v -0.434600 -0.599000 -0.056740
v -0.434368 -0.597825 -0.048107
v -0.433848 -0.595197 -0.039813
v -0.433056 -0.591196 -0.032110
v -0.432017 -0.585945 -0.025233
v -0.430762 -0.579601 -0.019390
v -0.429329 -0.572358 -0.014758
v -0.427762 -0.564437 -0.011479
v -0.426108 -0.556077 -0.009652
v -0.424417 -0.547533 -0.009332
v -0.422742 -0.539064 -0.010530
v -0.421132 -0.530928 -0.013208
v -0.419637 -0.523372 -0.017287
v -0.418302 -0.516625 -0.022640
v -0.417168 -0.510893 -0.029107
v -0.416269 -0.506349 -0.036490
v -0.415633 -0.503133 -0.044565
v -0.415278 -0.501340 -0.053087
v -0.415216 -0.501027 -0.061797
v -0.415449 -0.502202 -0.070430
v -0.415968 -0.504829 -0.078723
v -0.416760 -0.508830 -0.086426
v -0.417799 -0.514082 -0.093303
v -0.419054 -0.520425 -0.099147
v -0.420487 -0.527668 -0.103778
v -0.422054 -0.535590 -0.107057
v -0.423708 -0.543950 -0.108885
v -0.425399 -0.552494 -0.109204
v -0.427074 -0.560962 -0.108006
v -0.428684 -0.569098 -0.105328
v -0.429009 -0.570740 -0.020977
v -0.428962 -0.570502 -0.021105
v -0.428911 -0.570245 -0.021189
v -0.428858 -0.569978 -0.021227
v -0.428805 -0.569709 -0.021217
v -0.428753 -0.569446 -0.021160
v -0.428703 -0.569196 -0.021056
v -0.428658 -0.568968 -0.020910
v -0.428619 -0.568768 -0.020726
v -0.428586 -0.568603 -0.020510
v -0.428561 -0.568477 -0.020267
v -0.428545 -0.568394 -0.020006
v -0.428537 -0.568357 -0.019734
v -0.428539 -0.568367 -0.019459
v -0.428551 -0.568424 -0.019191
v -0.428571 -0.568525 -0.018937
v -0.428599 -0.568668 -0.018704
v -0.428635 -0.568849 -0.018500
v -0.428677 -0.569061 -0.018332
v -0.428724 -0.569299 -0.018203
v -0.428774 -0.569555 -0.018119
v -0.428827 -0.569822 -0.018081
v -0.428880 -0.570091 -0.018091
v -0.428933 -0.570355 -0.018149
v -0.428982 -0.570604 -0.018252
v -0.429027 -0.570832 -0.018398
v -0.429067 -0.571032 -0.018582
v -0.429099 -0.571198 -0.018799
v -0.429124 -0.571324 -0.019041
v -0.429141 -0.571406 -0.019303
v -0.429148 -0.571443 -0.019575
v -0.429146 -0.571434 -0.019849
v -0.429135 -0.571377 -0.020117
v -0.429115 -0.571276 -0.020372
v -0.429087 -0.571133 -0.020604
v -0.429051 -0.570952 -0.020808
v -0.422420 -0.537436 -0.018244
v -0.422373 -0.537198 -0.018373
v -0.422322 -0.536942 -0.018457
v -0.422269 -0.536675 -0.018495
v -0.422216 -0.536406 -0.018485
v -0.422164 -0.536143 -0.018427
v -0.422114 -0.535893 -0.018324
v -0.422069 -0.535665 -0.018178
v -0.422030 -0.535465 -0.017994
v -0.421997 -0.535300 -0.017777
v -0.421972 -0.535174 -0.017535
v -0.421956 -0.535091 -0.017273
v -0.421948 -0.535054 -0.017002
v -0.421950 -0.535064 -0.016727
v -0.421961 -0.535120 -0.016459
v -0.421981 -0.535221 -0.016204
v -0.422010 -0.535365 -0.015972
v -0.422046 -0.535545 -0.015768
v -0.422088 -0.535758 -0.015599
v -0.422135 -0.535996 -0.015471
v -0.422185 -0.536252 -0.015387
v -0.422238 -0.536519 -0.015349
v -0.422291 -0.536788 -0.015359
v -0.422343 -0.537051 -0.015417
v -0.422393 -0.537301 -0.015520
v -0.422438 -0.537529 -0.015666
v -0.422478 -0.537729 -0.015850
v -0.422510 -0.537894 -0.016066
v -0.422535 -0.538020 -0.016309
v -0.422552 -0.538103 -0.016570
v -0.422559 -0.538140 -0.016842
v -0.422557 -0.538130 -0.017117
v -0.422546 -0.538074 -0.017385
v -0.422526 -0.537972 -0.017639
v -0.422497 -0.537829 -0.017872
v -0.422462 -0.537649 -0.018076
v -0.417385 -0.511992 -0.040318
v -0.417338 -0.511754 -0.040446
v -0.417288 -0.511497 -0.040531
v -0.417235 -0.511231 -0.040569
v -0.417182 -0.510961 -0.040558
v -0.417130 -0.510698 -0.040501
v -0.417080 -0.510449 -0.040398
v -0.417035 -0.510220 -0.040252
v -0.416996 -0.510021 -0.040068
v -0.416963 -0.509855 -0.039851
v -0.416938 -0.509729 -0.039608
v -0.416921 -0.509646 -0.039347
v -0.416914 -0.509609 -0.039075
v -0.416916 -0.509619 -0.038801
v -0.416927 -0.509676 -0.038532
v -0.416947 -0.509777 -0.038278
v -0.416976 -0.509920 -0.038045
v -0.417011 -0.510101 -0.037842
v -0.417053 -0.510313 -0.037673
v -0.417100 -0.510551 -0.037545
v -0.417151 -0.510808 -0.037460
v -0.417204 -0.511074 -0.037423
v -0.417257 -0.511343 -0.037433
v -0.417309 -0.511607 -0.037490
v -0.417359 -0.511856 -0.037593
v -0.417404 -0.512084 -0.037739
v -0.417443 -0.512284 -0.037923
v -0.417476 -0.512450 -0.038140
v -0.417501 -0.512576 -0.038383
v -0.417517 -0.512659 -0.038644
v -0.417525 -0.512696 -0.038916
v -0.417523 -0.512686 -0.039190
v -0.417512 -0.512629 -0.039459
v -0.417492 -0.512528 -0.039713
v -0.417463 -0.512385 -0.039946
v -0.417428 -0.512204 -0.040149
v -0.416855 -0.509311 -0.074267
v -0.416808 -0.509073 -0.074395
v -0.416757 -0.508817 -0.074480
v -0.416705 -0.508550 -0.074518
v -0.416651 -0.508281 -0.074507
v -0.416599 -0.508018 -0.074450
v -0.416550 -0.507768 -0.074347
v -0.416505 -0.507540 -0.074201
v -0.416465 -0.507340 -0.074017
v -0.416432 -0.507175 -0.073800
v -0.416408 -0.507049 -0.073557
v -0.416391 -0.506966 -0.073296
v -0.416384 -0.506929 -0.073024
v -0.416386 -0.506939 -0.072750
v -0.416397 -0.506995 -0.072481
v -0.416417 -0.507097 -0.072227
v -0.416445 -0.507240 -0.071994
v -0.416481 -0.507420 -0.071791
v -0.416523 -0.507633 -0.071622
v -0.416570 -0.507871 -0.071494
v -0.416621 -0.508127 -0.071409
v -0.416674 -0.508394 -0.071372
v -0.416727 -0.508663 -0.071382
v -0.416779 -0.508927 -0.071439
v -0.416828 -0.509176 -0.071543
v -0.416874 -0.509404 -0.071688
v -0.416913 -0.509604 -0.071872
v -0.416946 -0.509769 -0.072089
v -0.416971 -0.509895 -0.072332
v -0.416987 -0.509978 -0.072593
v -0.416994 -0.510015 -0.072865
v -0.416992 -0.510005 -0.073139
v -0.416981 -0.509949 -0.073408
v -0.416961 -0.509848 -0.073662
v -0.416933 -0.509704 -0.073895
v -0.416897 -0.509524 -0.074098
v -0.421139 -0.530965 -0.100205
v -0.421092 -0.530727 -0.100333
v -0.421042 -0.530471 -0.100417
v -0.420989 -0.530204 -0.100455
v -0.420936 -0.529935 -0.100445
v -0.420883 -0.529672 -0.100388
v -0.420834 -0.529422 -0.100284
v -0.420789 -0.529194 -0.100138
v -0.420749 -0.528994 -0.099954
v -0.420717 -0.528829 -0.099738
v -0.420692 -0.528703 -0.099495
v -0.420675 -0.528620 -0.099234
v -0.420668 -0.528583 -0.098962
v -0.420670 -0.528593 -0.098687
v -0.420681 -0.528649 -0.098419
v -0.420701 -0.528751 -0.098165
v -0.420730 -0.528894 -0.097932
v -0.420765 -0.529074 -0.097728
v -0.420807 -0.529287 -0.097560
v -0.420854 -0.529525 -0.097431
v -0.420905 -0.529781 -0.097347
v -0.420958 -0.530048 -0.097309
v -0.421011 -0.530317 -0.097319
v -0.421063 -0.530580 -0.097377
v -0.421113 -0.530830 -0.097480
v -0.421158 -0.531058 -0.097626
v -0.421197 -0.531258 -0.097810
v -0.421230 -0.531423 -0.098027
v -0.421255 -0.531549 -0.098269
v -0.421271 -0.531632 -0.098531
v -0.421279 -0.531669 -0.098803
v -0.421277 -0.531659 -0.099077
v -0.421266 -0.531603 -0.099345
v -0.421245 -0.531501 -0.099600
v -0.421217 -0.531358 -0.099832
v -0.421181 -0.531178 -0.100036
v -0.433293 -0.592393 -0.046914
v -0.433246 -0.592155 -0.047043
v -0.433195 -0.591899 -0.047127
v -0.433142 -0.591632 -0.047165
v -0.433089 -0.591363 -0.047155
v -0.433037 -0.591100 -0.047097
v -0.432988 -0.590850 -0.046994
v -0.432943 -0.590622 -0.046848
v -0.432903 -0.590422 -0.046664
v -0.432870 -0.590257 -0.046447
v -0.432845 -0.590131 -0.046205
v -0.432829 -0.590048 -0.045943
v -0.432822 -0.590011 -0.045671
v -0.432824 -0.590021 -0.045397
v -0.432835 -0.590077 -0.045129
v -0.432855 -0.590179 -0.044874
v -0.432883 -0.590322 -0.044642
v -0.432919 -0.590502 -0.044438
v -0.432961 -0.590715 -0.044269
v -0.433008 -0.590953 -0.044141
v -0.433059 -0.591209 -0.044057
v -0.433111 -0.591476 -0.044019
v -0.433165 -0.591745 -0.044029
v -0.433217 -0.592009 -0.044086
v -0.433266 -0.592258 -0.044190
v -0.433311 -0.592486 -0.044336
v -0.433351 -0.592686 -0.044520
v -0.433384 -0.592851 -0.044736
v -0.433409 -0.592977 -0.044979
v -0.433425 -0.593060 -0.045240
v -0.433432 -0.593097 -0.045512
v -0.433430 -0.593087 -0.045786
v -0.433419 -0.593031 -0.046055
v -0.433399 -0.592930 -0.046309
v -0.433371 -0.592786 -0.046542
v -0.433335 -0.592606 -0.046746
v -0.429336 -0.572392 -0.094533
v -0.430457 -0.578059 -0.090036
v -0.431410 -0.582874 -0.084604
v -0.432165 -0.586691 -0.078402
v -0.432699 -0.589393 -0.071619
v -0.432997 -0.590898 -0.064460
v -0.433049 -0.591162 -0.057144
v -0.432854 -0.590175 -0.049893
v -0.432417 -0.587968 -0.042926
v -0.431752 -0.584607 -0.036456
v -0.430880 -0.580196 -0.030679
v -0.429825 -0.574867 -0.025770
v -0.428622 -0.568783 -0.021880
v -0.427305 -0.562129 -0.019125
v -0.425916 -0.555107 -0.017590
v -0.424496 -0.547930 -0.017322
v -0.423088 -0.540816 -0.018328
v -0.421736 -0.533982 -0.020578
v -0.420480 -0.527634 -0.024004
v -0.419359 -0.521967 -0.028501
v -0.418406 -0.517152 -0.033933
v -0.417651 -0.513336 -0.040134
v -0.417117 -0.510634 -0.046918
v -0.416819 -0.509128 -0.054076
v -0.416767 -0.508865 -0.061392
v -0.416962 -0.509852 -0.068644
v -0.417399 -0.512059 -0.075611
v -0.418064 -0.515419 -0.082081
v -0.418936 -0.519831 -0.087858
v -0.419991 -0.525159 -0.092766
v -0.421194 -0.531243 -0.096657
v -0.422511 -0.537897 -0.099411
v -0.423900 -0.544920 -0.100946
v -0.425320 -0.552097 -0.101214
v -0.426728 -0.559210 -0.100208
v -0.428080 -0.566045 -0.097958
v -0.405766 -0.530546 -0.024004
v -0.420480 -0.527634 -0.024004
v -0.429336 -0.572392 -0.094533
v -0.430457 -0.578059 -0.090036
v -0.431410 -0.582874 -0.084604
v -0.432165 -0.586691 -0.078402
v -0.432699 -0.589393 -0.071619
v -0.432997 -0.590898 -0.064460
v -0.433049 -0.591162 -0.057144
v -0.432854 -0.590175 -0.049893
v -0.432417 -0.587968 -0.042926
v -0.431752 -0.584607 -0.036456
v -0.430880 -0.580196 -0.030679
v -0.429825 -0.574867 -0.025770
v -0.428622 -0.568783 -0.021880
v -0.427305 -0.562129 -0.019125
v -0.425916 -0.555107 -0.017590
v -0.424496 -0.547930 -0.017322
v -0.423088 -0.540816 -0.018328
v -0.421736 -0.533982 -0.020578
v -0.414621 -0.575303 -0.094533
v -0.415742 -0.580970 -0.090036
v -0.416695 -0.585785 -0.084604
v -0.417450 -0.589602 -0.078402
v -0.417985 -0.592304 -0.071619
v -0.418282 -0.593810 -0.064460
v -0.418335 -0.594073 -0.057144
v -0.418139 -0.593086 -0.049893
v -0.417703 -0.590879 -0.042926
v -0.417038 -0.587518 -0.036456
v -0.416165 -0.583107 -0.030679
v -0.415111 -0.577778 -0.025770
v -0.413907 -0.571694 -0.021880
v -0.412590 -0.565040 -0.019125
v -0.411201 -0.558018 -0.017590
v -0.409781 -0.550841 -0.017322
v -0.408374 -0.543727 -0.018328
v -0.407021 -0.536893 -0.020578
v -0.414621 -0.575303 -0.094533
v -0.415742 -0.580970 -0.090036
v -0.416695 -0.585785 -0.084604
v -0.417450 -0.589602 -0.078402
v -0.417985 -0.592304 -0.071619
v -0.418282 -0.593810 -0.064460
v -0.418335 -0.594073 -0.057144
v -0.418139 -0.593086 -0.049893
v -0.417703 -0.590879 -0.042926
v -0.417038 -0.587518 -0.036456
v -0.416165 -0.583107 -0.030679
v -0.415111 -0.577778 -0.025770
v -0.413907 -0.571694 -0.021880
v -0.412590 -0.565040 -0.019125
v -0.411201 -0.558018 -0.017590
v -0.409781 -0.550841 -0.017322
v -0.408374 -0.543727 -0.018328
v -0.407021 -0.536893 -0.020578
v -0.405766 -0.530546 -0.024004
v -0.404644 -0.524879 -0.028501
v -0.403692 -0.520064 -0.033933
v -0.402937 -0.516247 -0.040134
v -0.402402 -0.513545 -0.046918
v -0.402104 -0.512039 -0.054076
v -0.402052 -0.511776 -0.061392
v -0.402247 -0.512763 -0.068644
v -0.402684 -0.514970 -0.075611
v -0.403349 -0.518331 -0.082081
v -0.404222 -0.522742 -0.087858
v -0.405276 -0.528071 -0.092766
v -0.406480 -0.534155 -0.096657
v -0.407796 -0.540809 -0.099411
v -0.409186 -0.547831 -0.100946
v -0.410605 -0.555008 -0.101214
v -0.412013 -0.562122 -0.100208
v -0.413365 -0.568956 -0.097958
v -0.407044 -0.537008 -0.021559
v -0.407002 -0.536795 -0.021727
v -0.406966 -0.536615 -0.021931
v -0.406938 -0.536472 -0.022163
v -0.406918 -0.536370 -0.022418
v -0.406907 -0.536314 -0.022686
v -0.406905 -0.536304 -0.022961
v -0.406912 -0.536341 -0.023233
v -0.406929 -0.536424 -0.023494
v -0.406954 -0.536550 -0.023736
v -0.406986 -0.536715 -0.023953
v -0.407026 -0.536915 -0.024137
v -0.407071 -0.537143 -0.024283
v -0.407120 -0.537393 -0.024386
v -0.407172 -0.537656 -0.024444
v -0.407226 -0.537925 -0.024454
v -0.407278 -0.538192 -0.024416
v -0.407329 -0.538448 -0.024332
v -0.407376 -0.538686 -0.024203
v -0.407418 -0.538899 -0.024035
v -0.407454 -0.539079 -0.023831
v -0.407482 -0.539223 -0.023599
v -0.407502 -0.539324 -0.023344
v -0.407514 -0.539380 -0.023076
v -0.407516 -0.539390 -0.022801
v -0.407508 -0.539353 -0.022529
v -0.407492 -0.539270 -0.022268
v -0.407467 -0.539144 -0.022026
v -0.407434 -0.538979 -0.021809
v -0.407395 -0.538779 -0.021625
v -0.407349 -0.538551 -0.021479
v -0.407300 -0.538302 -0.021376
v -0.407248 -0.538038 -0.021318
v -0.407195 -0.537769 -0.021308
v -0.407142 -0.537502 -0.021346
v -0.407091 -0.537246 -0.021430
v -0.402420 -0.513634 -0.053063
v -0.402378 -0.513421 -0.053231
v -0.402342 -0.513241 -0.053435
v -0.402313 -0.513097 -0.053668
v -0.402293 -0.512996 -0.053922
v -0.402282 -0.512940 -0.054190
v -0.402280 -0.512930 -0.054465
v -0.402288 -0.512967 -0.054737
v -0.402304 -0.513050 -0.054998
v -0.402329 -0.513176 -0.055240
v -0.402362 -0.513341 -0.055457
v -0.402401 -0.513541 -0.055641
v -0.402446 -0.513769 -0.055787
v -0.402496 -0.514019 -0.055890
v -0.402548 -0.514282 -0.055948
v -0.402601 -0.514551 -0.055958
v -0.402654 -0.514818 -0.055920
v -0.402705 -0.515074 -0.055836
v -0.402752 -0.515312 -0.055707
v -0.402794 -0.515525 -0.055539
v -0.402829 -0.515705 -0.055335
v -0.402858 -0.515848 -0.055103
v -0.402878 -0.515950 -0.054848
v -0.402889 -0.516006 -0.054580
v -0.402891 -0.516016 -0.054305
v -0.402884 -0.515979 -0.054033
v -0.402867 -0.515896 -0.053772
v -0.402842 -0.515770 -0.053530
v -0.402810 -0.515605 -0.053313
v -0.402770 -0.515405 -0.053129
v -0.402725 -0.515177 -0.052983
v -0.402675 -0.514927 -0.052880
v -0.402623 -0.514664 -0.052822
v -0.402570 -0.514395 -0.052812
v -0.402517 -0.514128 -0.052850
v -0.402467 -0.513872 -0.052934
v -0.405403 -0.528711 -0.089450
v -0.405361 -0.528498 -0.089618
v -0.405325 -0.528318 -0.089822
v -0.405297 -0.528175 -0.090055
v -0.405276 -0.528073 -0.090309
v -0.405265 -0.528017 -0.090577
v -0.405263 -0.528007 -0.090852
v -0.405271 -0.528044 -0.091124
v -0.405287 -0.528127 -0.091385
v -0.405312 -0.528253 -0.091628
v -0.405345 -0.528418 -0.091844
v -0.405384 -0.528618 -0.092028
v -0.405429 -0.528846 -0.092174
v -0.405479 -0.529096 -0.092278
v -0.405531 -0.529359 -0.092335
v -0.405584 -0.529628 -0.092345
v -0.405637 -0.529895 -0.092307
v -0.405688 -0.530151 -0.092223
v -0.405735 -0.530389 -0.092095
v -0.405777 -0.530602 -0.091926
v -0.405812 -0.530782 -0.091722
v -0.405841 -0.530926 -0.091490
v -0.405861 -0.531027 -0.091235
v -0.405872 -0.531083 -0.090967
v -0.405874 -0.531093 -0.090693
v -0.405867 -0.531056 -0.090421
v -0.405850 -0.530973 -0.090159
v -0.405825 -0.530847 -0.089917
v -0.405793 -0.530682 -0.089700
v -0.405753 -0.530482 -0.089516
v -0.405708 -0.530254 -0.089370
v -0.405659 -0.530005 -0.089267
v -0.405606 -0.529741 -0.089209
v -0.405553 -0.529472 -0.089199
v -0.405500 -0.529205 -0.089237
v -0.405450 -0.528949 -0.089321
v -0.413010 -0.567163 -0.094333
v -0.412968 -0.566950 -0.094502
v -0.412933 -0.566770 -0.094705
v -0.412904 -0.566626 -0.094938
v -0.412884 -0.566525 -0.095192
v -0.412873 -0.566469 -0.095461
v -0.412871 -0.566459 -0.095735
v -0.412878 -0.566496 -0.096007
v -0.412895 -0.566579 -0.096268
v -0.412920 -0.566705 -0.096511
v -0.412952 -0.566870 -0.096727
v -0.412992 -0.567070 -0.096912
v -0.413037 -0.567298 -0.097057
v -0.413086 -0.567547 -0.097161
v -0.413139 -0.567811 -0.097218
v -0.413192 -0.568080 -0.097228
v -0.413245 -0.568347 -0.097191
v -0.413295 -0.568603 -0.097106
v -0.413342 -0.568841 -0.096978
v -0.413384 -0.569054 -0.096809
v -0.413420 -0.569234 -0.096605
v -0.413448 -0.569377 -0.096373
v -0.413468 -0.569479 -0.096118
v -0.413480 -0.569535 -0.095850
v -0.413482 -0.569545 -0.095576
v -0.413474 -0.569508 -0.095304
v -0.413458 -0.569425 -0.095043
v -0.413433 -0.569299 -0.094800
v -0.413400 -0.569134 -0.094583
v -0.413361 -0.568934 -0.094399
v -0.413316 -0.568706 -0.094253
v -0.413266 -0.568456 -0.094150
v -0.413214 -0.568193 -0.094092
v -0.413161 -0.567924 -0.094082
v -0.413108 -0.567657 -0.094120
v -0.413057 -0.567401 -0.094204
v -0.417635 -0.590537 -0.062829
v -0.417593 -0.590324 -0.062998
v -0.417557 -0.590144 -0.063201
v -0.417529 -0.590001 -0.063434
v -0.417509 -0.589899 -0.063688
v -0.417498 -0.589843 -0.063957
v -0.417496 -0.589833 -0.064231
v -0.417503 -0.589870 -0.064503
v -0.417519 -0.589953 -0.064764
v -0.417544 -0.590079 -0.065007
v -0.417577 -0.590244 -0.065223
v -0.417617 -0.590444 -0.065408
v -0.417662 -0.590672 -0.065553
v -0.417711 -0.590922 -0.065657
v -0.417763 -0.591185 -0.065714
v -0.417816 -0.591454 -0.065724
v -0.417869 -0.591721 -0.065687
v -0.417920 -0.591977 -0.065602
v -0.417967 -0.592215 -0.065474
v -0.418009 -0.592428 -0.065305
v -0.418045 -0.592608 -0.065101
v -0.418073 -0.592752 -0.064869
v -0.418093 -0.592853 -0.064614
v -0.418104 -0.592909 -0.064346
v -0.418106 -0.592919 -0.064072
v -0.418099 -0.592882 -0.063800
v -0.418083 -0.592799 -0.063538
v -0.418058 -0.592673 -0.063296
v -0.418025 -0.592508 -0.063079
v -0.417985 -0.592308 -0.062895
v -0.417940 -0.592080 -0.062749
v -0.417891 -0.591830 -0.062646
v -0.417839 -0.591567 -0.062588
v -0.417785 -0.591298 -0.062578
v -0.417733 -0.591031 -0.062616
v -0.417682 -0.590775 -0.062700
v -0.414652 -0.575460 -0.026442
v -0.414610 -0.575247 -0.026610
v -0.414574 -0.575067 -0.026814
v -0.414546 -0.574923 -0.027047
v -0.414526 -0.574822 -0.027301
v -0.414515 -0.574766 -0.027569
v -0.414513 -0.574756 -0.027844
v -0.414520 -0.574793 -0.028116
v -0.414536 -0.574876 -0.028377
v -0.414561 -0.575002 -0.028620
v -0.414594 -0.575167 -0.028836
v -0.414633 -0.575367 -0.029020
v -0.414679 -0.575595 -0.029166
v -0.414728 -0.575844 -0.029270
v -0.414780 -0.576108 -0.029327
v -0.414833 -0.576377 -0.029337
v -0.414886 -0.576644 -0.029299
v -0.414937 -0.576900 -0.029215
v -0.414984 -0.577138 -0.029087
v -0.415026 -0.577351 -0.028918
v -0.415062 -0.577531 -0.028714
v -0.415090 -0.577674 -0.028482
v -0.415110 -0.577776 -0.028227
v -0.415121 -0.577832 -0.027959
v -0.415123 -0.577842 -0.027685
v -0.415116 -0.577805 -0.027413
v -0.415099 -0.577722 -0.027151
v -0.415075 -0.577596 -0.026909
v -0.415042 -0.577431 -0.026692
v -0.415002 -0.577231 -0.026508
v -0.414957 -0.577003 -0.026362
v -0.414908 -0.576753 -0.026259
v -0.414856 -0.576490 -0.026201
v -0.414802 -0.576221 -0.026191
v -0.414750 -0.575954 -0.026229
v -0.414699 -0.575698 -0.026313
v -0.413672 -0.570508 -0.086976
v -0.414553 -0.574961 -0.083443
v -0.415302 -0.578744 -0.079175
v -0.415895 -0.581743 -0.074302
v -0.416315 -0.583866 -0.068972
v -0.416549 -0.585049 -0.063348
v -0.416590 -0.585256 -0.057599
v -0.416437 -0.584480 -0.051902
v -0.416093 -0.582746 -0.046428
v -0.415571 -0.580105 -0.041344
v -0.414885 -0.576639 -0.036805
v -0.414057 -0.572452 -0.032948
v -0.413111 -0.567672 -0.029891
v -0.412077 -0.562444 -0.027727
v -0.410985 -0.556927 -0.026521
v -0.409869 -0.551287 -0.026310
v -0.408764 -0.545698 -0.027101
v -0.407701 -0.540328 -0.028869
v -0.406714 -0.535341 -0.031560
v -0.405833 -0.530888 -0.035094
v -0.405085 -0.527105 -0.039362
v -0.404492 -0.524106 -0.044235
v -0.404072 -0.521983 -0.049564
v -0.403838 -0.520800 -0.055189
v -0.403797 -0.520593 -0.060937
v -0.403950 -0.521369 -0.066635
v -0.404293 -0.523103 -0.072109
v -0.404816 -0.525744 -0.077192
v -0.405501 -0.529210 -0.081731
v -0.406330 -0.533397 -0.085588
v -0.407275 -0.538177 -0.088645
v -0.408310 -0.543405 -0.090809
v -0.409401 -0.548922 -0.092015
v -0.410517 -0.554562 -0.092226
v -0.411623 -0.560151 -0.091435
v -0.412685 -0.565521 -0.089668
v -0.396905 -0.537282 -0.031560
v -0.406714 -0.535341 -0.031560
v -0.413672 -0.570508 -0.086976
v -0.414553 -0.574961 -0.083443
v -0.415302 -0.578744 -0.079175
v -0.415895 -0.581743 -0.074302
v -0.416315 -0.583866 -0.068972
v -0.416549 -0.585049 -0.063348
v -0.416590 -0.585256 -0.057599
v -0.416437 -0.584480 -0.051902
v -0.416093 -0.582746 -0.046428
v -0.415571 -0.580105 -0.041344
v -0.414885 -0.576639 -0.036805
v -0.414057 -0.572452 -0.032948
v -0.413111 -0.567672 -0.029891
v -0.412077 -0.562444 -0.027727
v -0.410985 -0.556927 -0.026521
v -0.409869 -0.551287 -0.026310
v -0.408764 -0.545698 -0.027101
v -0.407701 -0.540328 -0.028869
v -0.403862 -0.572449 -0.086976
v -0.404743 -0.576901 -0.083443
v -0.405492 -0.580685 -0.079175
v -0.406085 -0.583683 -0.074302
v -0.406505 -0.585807 -0.068972
v -0.406739 -0.586990 -0.063348
v -0.406780 -0.587196 -0.057599
v -0.406627 -0.586421 -0.051902
v -0.406284 -0.584687 -0.046428
v -0.405761 -0.582046 -0.041344
v -0.405075 -0.578580 -0.036805
v -0.404247 -0.574393 -0.032948
v -0.403301 -0.569613 -0.029891
v -0.402267 -0.564385 -0.027727
v -0.401175 -0.558867 -0.026521
v -0.400060 -0.553228 -0.026310
v -0.398954 -0.547639 -0.027101
v -0.397891 -0.542269 -0.028869
v -0.406714 -0.535341 -0.031560
v -0.405833 -0.530888 -0.035094
v -0.405085 -0.527105 -0.039362
v -0.404492 -0.524106 -0.044235
v -0.404072 -0.521983 -0.049564
v -0.403838 -0.520800 -0.055189
v -0.403797 -0.520593 -0.060937
v -0.403950 -0.521369 -0.066635
v -0.404293 -0.523103 -0.072109
v -0.404816 -0.525744 -0.077192
v -0.405501 -0.529210 -0.081731
v -0.406330 -0.533397 -0.085588
v -0.407275 -0.538177 -0.088645
v -0.408310 -0.543405 -0.090809
v -0.409401 -0.548922 -0.092015
v -0.410517 -0.554562 -0.092226
v -0.411623 -0.560151 -0.091435
v -0.412685 -0.565521 -0.089668
v -0.413672 -0.570508 -0.086976
v -0.396905 -0.537282 -0.031560
v -0.396024 -0.532829 -0.035094
v -0.395275 -0.529046 -0.039362
v -0.394682 -0.526047 -0.044235
v -0.394262 -0.523924 -0.049564
v -0.394028 -0.522741 -0.055189
v -0.393987 -0.522534 -0.060937
v -0.394140 -0.523310 -0.066635
v -0.394483 -0.525044 -0.072109
v -0.395006 -0.527684 -0.077192
v -0.395691 -0.531151 -0.081731
v -0.396520 -0.535337 -0.085588
v -0.397466 -0.540118 -0.088645
v -0.398500 -0.545346 -0.090809
v -0.399592 -0.550863 -0.092015
v -0.400707 -0.556502 -0.092226
v -0.401813 -0.562092 -0.091435
v -0.402876 -0.567462 -0.089668
v -0.403862 -0.572449 -0.086976
v -0.411060 -0.577914 -0.029087
v -0.411013 -0.577676 -0.029215
v -0.410962 -0.577420 -0.029299
v -0.410909 -0.577153 -0.029337
v -0.410856 -0.576884 -0.029327
v -0.410804 -0.576621 -0.029270
v -0.410755 -0.576371 -0.029166
v -0.410710 -0.576143 -0.029020
v -0.410670 -0.575943 -0.028836
v -0.410637 -0.575778 -0.028620
v -0.410612 -0.575652 -0.028377
v -0.410596 -0.575569 -0.028116
v -0.410589 -0.575532 -0.027844
v -0.410591 -0.575542 -0.027569
v -0.410602 -0.575598 -0.027301
v -0.410622 -0.575700 -0.027047
v -0.410650 -0.575843 -0.026814
v -0.410686 -0.576023 -0.026610
v -0.410728 -0.576236 -0.026442
v -0.414984 -0.577138 -0.029087
v -0.414652 -0.575460 -0.026442
v -0.414610 -0.575247 -0.026610
v -0.414574 -0.575067 -0.026814
v -0.414546 -0.574923 -0.027047
v -0.414526 -0.574822 -0.027301
v -0.414515 -0.574766 -0.027569
v -0.414513 -0.574756 -0.027844
v -0.414520 -0.574793 -0.028116
v -0.414536 -0.574876 -0.028377
v -0.414561 -0.575002 -0.028620
v -0.414594 -0.575167 -0.028836
v -0.414633 -0.575367 -0.029020
v -0.414679 -0.575595 -0.029166
v -0.414728 -0.575844 -0.029270
v -0.414780 -0.576108 -0.029327
v -0.414833 -0.576377 -0.029337
v -0.414886 -0.576644 -0.029299
v -0.414937 -0.576900 -0.029215
v -0.411142 -0.578327 -0.029737
v -0.411204 -0.578644 -0.029486
v -0.411258 -0.578914 -0.029182
v -0.411300 -0.579127 -0.028835
v -0.411330 -0.579279 -0.028455
v -0.411347 -0.579363 -0.028055
v -0.411349 -0.579378 -0.027645
v -0.411339 -0.579322 -0.027240
v -0.411314 -0.579199 -0.026850
v -0.411277 -0.579011 -0.026488
v -0.411228 -0.578764 -0.026164
v -0.411169 -0.578466 -0.025890
v -0.411102 -0.578125 -0.025672
v -0.411028 -0.577753 -0.025518
v -0.410950 -0.577360 -0.025432
v -0.410871 -0.576959 -0.025417
v -0.410792 -0.576561 -0.025473
v -0.410716 -0.576178 -0.025599
v -0.410646 -0.575823 -0.025791
v -0.410583 -0.575506 -0.026043
v -0.410530 -0.575237 -0.026347
v -0.410488 -0.575023 -0.026694
v -0.410458 -0.574872 -0.027073
v -0.410441 -0.574788 -0.027474
v -0.410438 -0.574773 -0.027883
v -0.410449 -0.574828 -0.028289
v -0.410474 -0.574952 -0.028679
v -0.410511 -0.575140 -0.029041
v -0.410560 -0.575386 -0.029364
v -0.410619 -0.575685 -0.029638
v -0.410686 -0.576025 -0.029856
v -0.410760 -0.576397 -0.030010
v -0.410838 -0.576790 -0.030096
v -0.410917 -0.577192 -0.030111
v -0.410996 -0.577590 -0.030055
v -0.411071 -0.577972 -0.029929
v -0.411060 -0.577914 -0.029087
v -0.411013 -0.577676 -0.029215
v -0.410962 -0.577420 -0.029299
v -0.410909 -0.577153 -0.029337
v -0.410856 -0.576884 -0.029327
v -0.410804 -0.576621 -0.029270
v -0.410755 -0.576371 -0.029166
v -0.410710 -0.576143 -0.029020
v -0.410670 -0.575943 -0.028836
v -0.410637 -0.575778 -0.028620
v -0.410612 -0.575652 -0.028377
v -0.410596 -0.575569 -0.028116
v -0.410589 -0.575532 -0.027844
v -0.410591 -0.575542 -0.027569
v -0.410602 -0.575598 -0.027301
v -0.410622 -0.575700 -0.027047
v -0.410650 -0.575843 -0.026814
v -0.410686 -0.576023 -0.026610
v -0.410728 -0.576236 -0.026442
v -0.410775 -0.576474 -0.026313
v -0.410826 -0.576730 -0.026229
v -0.410878 -0.576997 -0.026191
v -0.410932 -0.577266 -0.026201
v -0.410984 -0.577530 -0.026259
v -0.411033 -0.577779 -0.026362
v -0.411078 -0.578007 -0.026508
v -0.411118 -0.578207 -0.026692
v -0.411151 -0.578372 -0.026909
v -0.411176 -0.578498 -0.027151
v -0.411192 -0.578581 -0.027413
v -0.411199 -0.578618 -0.027685
v -0.411197 -0.578608 -0.027959
v -0.411186 -0.578552 -0.028227
v -0.411166 -0.578451 -0.028482
v -0.411138 -0.578307 -0.028714
v -0.411102 -0.578127 -0.028918
v -0.404760 -0.576988 -0.025791
v -0.404698 -0.576670 -0.026043
v -0.404644 -0.576401 -0.026347
v -0.404602 -0.576188 -0.026694
v -0.404572 -0.576036 -0.027073
v -0.404555 -0.575952 -0.027474
v -0.404553 -0.575937 -0.027883
v -0.404563 -0.575993 -0.028289
v -0.404588 -0.576116 -0.028679
v -0.404625 -0.576304 -0.029041
v -0.404674 -0.576551 -0.029364
v -0.404733 -0.576849 -0.029638
v -0.404800 -0.577189 -0.029856
v -0.404874 -0.577562 -0.030010
v -0.404952 -0.577955 -0.030096
v -0.405031 -0.578356 -0.030111
v -0.405110 -0.578754 -0.030055
v -0.405186 -0.579137 -0.029929
v -0.405256 -0.579492 -0.029737
v -0.411142 -0.578327 -0.029737
v -0.410646 -0.575823 -0.025791
v -0.410583 -0.575506 -0.026043
v -0.410530 -0.575237 -0.026347
v -0.410488 -0.575023 -0.026694
v -0.410458 -0.574872 -0.027073
v -0.410441 -0.574788 -0.027474
v -0.410438 -0.574773 -0.027883
v -0.410449 -0.574828 -0.028289
v -0.410474 -0.574952 -0.028679
v -0.410511 -0.575140 -0.029041
v -0.410560 -0.575386 -0.029364
v -0.410619 -0.575685 -0.029638
v -0.410686 -0.576025 -0.029856
v -0.410760 -0.576397 -0.030010
v -0.410838 -0.576790 -0.030096
v -0.410917 -0.577192 -0.030111
v -0.410996 -0.577590 -0.030055
v -0.411071 -0.577972 -0.029929
v -0.411142 -0.578327 -0.029737
v -0.405256 -0.579492 -0.029737
v -0.405319 -0.579809 -0.029486
v -0.405372 -0.580078 -0.029182
v -0.405414 -0.580292 -0.028835
v -0.405444 -0.580443 -0.028455
v -0.405461 -0.580527 -0.028055
v -0.405464 -0.580542 -0.027645
v -0.405453 -0.580487 -0.027240
v -0.405428 -0.580363 -0.026850
v -0.405391 -0.580175 -0.026488
v -0.405342 -0.579928 -0.026164
v -0.405283 -0.579630 -0.025890
v -0.405216 -0.579290 -0.025672
v -0.405142 -0.578918 -0.025518
v -0.405064 -0.578525 -0.025432
v -0.404985 -0.578123 -0.025417
v -0.404906 -0.577725 -0.025473
v -0.404831 -0.577343 -0.025599
v -0.404760 -0.576988 -0.025791
v -0.410646 -0.575823 -0.025791
v -0.411204 -0.578644 -0.029486
v -0.411258 -0.578914 -0.029182
v -0.411300 -0.579127 -0.028835
v -0.411330 -0.579279 -0.028455
v -0.411347 -0.579363 -0.028055
v -0.411349 -0.579378 -0.027645
v -0.411339 -0.579322 -0.027240
v -0.411314 -0.579199 -0.026850
v -0.411277 -0.579011 -0.026488
v -0.411228 -0.578764 -0.026164
v -0.411169 -0.578466 -0.025890
v -0.411102 -0.578125 -0.025672
v -0.411028 -0.577753 -0.025518
v -0.410950 -0.577360 -0.025432
v -0.410871 -0.576959 -0.025417
v -0.410792 -0.576561 -0.025473
v -0.410716 -0.576178 -0.025599
v -0.414984 -0.577138 -0.029087
v -0.411060 -0.577914 -0.029087
v -0.410728 -0.576236 -0.026442
v -0.410775 -0.576474 -0.026313
v -0.410826 -0.576730 -0.026229
v -0.410878 -0.576997 -0.026191
v -0.410932 -0.577266 -0.026201
v -0.410984 -0.577530 -0.026259
v -0.411033 -0.577779 -0.026362
v -0.411078 -0.578007 -0.026508
v -0.411118 -0.578207 -0.026692
v -0.411151 -0.578372 -0.026909
v -0.411176 -0.578498 -0.027151
v -0.411192 -0.578581 -0.027413
v -0.411199 -0.578618 -0.027685
v -0.411197 -0.578608 -0.027959
v -0.411186 -0.578552 -0.028227
v -0.411166 -0.578451 -0.028482
v -0.411138 -0.578307 -0.028714
v -0.411102 -0.578127 -0.028918
v -0.414652 -0.575460 -0.026442
v -0.415026 -0.577351 -0.028918
v -0.415062 -0.577531 -0.028714
v -0.415090 -0.577674 -0.028482
v -0.415110 -0.577776 -0.028227
v -0.415121 -0.577832 -0.027959
v -0.415123 -0.577842 -0.027685
v -0.415116 -0.577805 -0.027413
v -0.415099 -0.577722 -0.027151
v -0.415075 -0.577596 -0.026909
v -0.415042 -0.577431 -0.026692
v -0.415002 -0.577231 -0.026508
v -0.414957 -0.577003 -0.026362
v -0.414908 -0.576753 -0.026259
v -0.414856 -0.576490 -0.026201
v -0.414802 -0.576221 -0.026191
v -0.414750 -0.575954 -0.026229
v -0.414699 -0.575698 -0.026313
v -0.414043 -0.592992 -0.065474
v -0.413996 -0.592754 -0.065602
v -0.413945 -0.592497 -0.065687
v -0.413892 -0.592231 -0.065724
v -0.413839 -0.591961 -0.065714
v -0.413787 -0.591698 -0.065657
v -0.413738 -0.591449 -0.065553
v -0.413693 -0.591220 -0.065408
v -0.413653 -0.591021 -0.065223
v -0.413620 -0.590855 -0.065007
v -0.413595 -0.590729 -0.064764
v -0.413579 -0.590646 -0.064503
v -0.413572 -0.590609 -0.064231
v -0.413574 -0.590619 -0.063957
v -0.413585 -0.590676 -0.063688
v -0.413605 -0.590777 -0.063434
v -0.413633 -0.590920 -0.063201
v -0.413669 -0.591101 -0.062998
v -0.413711 -0.591313 -0.062829
v -0.417967 -0.592215 -0.065474
v -0.417635 -0.590537 -0.062829
v -0.417593 -0.590324 -0.062998
v -0.417557 -0.590144 -0.063201
v -0.417529 -0.590001 -0.063434
v -0.417509 -0.589899 -0.063688
v -0.417498 -0.589843 -0.063957
v -0.417496 -0.589833 -0.064231
v -0.417503 -0.589870 -0.064503
v -0.417519 -0.589953 -0.064764
v -0.417544 -0.590079 -0.065007
v -0.417577 -0.590244 -0.065223
v -0.417617 -0.590444 -0.065408
v -0.417662 -0.590672 -0.065553
v -0.417711 -0.590922 -0.065657
v -0.417763 -0.591185 -0.065714
v -0.417816 -0.591454 -0.065724
v -0.417869 -0.591721 -0.065687
v -0.417920 -0.591977 -0.065602
v -0.414125 -0.593405 -0.066124
v -0.414187 -0.593722 -0.065873
v -0.414241 -0.593991 -0.065569
v -0.414283 -0.594205 -0.065222
v -0.414313 -0.594356 -0.064842
v -0.414330 -0.594440 -0.064442
v -0.414333 -0.594455 -0.064032
v -0.414322 -0.594400 -0.063627
v -0.414297 -0.594276 -0.063237
v -0.414260 -0.594088 -0.062875
v -0.414211 -0.593841 -0.062552
v -0.414152 -0.593543 -0.062277
v -0.414085 -0.593203 -0.062059
v -0.414011 -0.592830 -0.061905
v -0.413933 -0.592437 -0.061819
v -0.413854 -0.592036 -0.061804
v -0.413775 -0.591638 -0.061861
v -0.413700 -0.591255 -0.061987
v -0.413629 -0.590900 -0.062178
v -0.413567 -0.590583 -0.062430
v -0.413513 -0.590314 -0.062734
v -0.413471 -0.590100 -0.063081
v -0.413441 -0.589949 -0.063460
v -0.413424 -0.589865 -0.063861
v -0.413421 -0.589850 -0.064270
v -0.413432 -0.589905 -0.064676
v -0.413457 -0.590029 -0.065066
v -0.413494 -0.590217 -0.065428
v -0.413543 -0.590464 -0.065751
v -0.413602 -0.590762 -0.066026
v -0.413669 -0.591102 -0.066243
v -0.413743 -0.591475 -0.066397
v -0.413821 -0.591867 -0.066483
v -0.413900 -0.592269 -0.066498
v -0.413979 -0.592667 -0.066442
v -0.414054 -0.593049 -0.066316
v -0.414043 -0.592992 -0.065474
v -0.413996 -0.592754 -0.065602
v -0.413945 -0.592497 -0.065687
v -0.413892 -0.592231 -0.065724
v -0.413839 -0.591961 -0.065714
v -0.413787 -0.591698 -0.065657
v -0.413738 -0.591449 -0.065553
v -0.413693 -0.591220 -0.065408
v -0.413653 -0.591021 -0.065223
v -0.413620 -0.590855 -0.065007
v -0.413595 -0.590729 -0.064764
v -0.413579 -0.590646 -0.064503
v -0.413572 -0.590609 -0.064231
v -0.413574 -0.590619 -0.063957
v -0.413585 -0.590676 -0.063688
v -0.413605 -0.590777 -0.063434
v -0.413633 -0.590920 -0.063201
v -0.413669 -0.591101 -0.062998
v -0.413711 -0.591313 -0.062829
v -0.413758 -0.591551 -0.062700
v -0.413809 -0.591808 -0.062616
v -0.413862 -0.592074 -0.062578
v -0.413915 -0.592343 -0.062588
v -0.413967 -0.592607 -0.062646
v -0.414016 -0.592856 -0.062749
v -0.414061 -0.593085 -0.062895
v -0.414101 -0.593284 -0.063079
v -0.414134 -0.593450 -0.063296
v -0.414159 -0.593576 -0.063538
v -0.414175 -0.593659 -0.063800
v -0.414182 -0.593696 -0.064072
v -0.414180 -0.593686 -0.064346
v -0.414169 -0.593629 -0.064614
v -0.414149 -0.593528 -0.064869
v -0.414121 -0.593385 -0.065101
v -0.414085 -0.593204 -0.065305
v -0.407743 -0.592065 -0.062178
v -0.407681 -0.591748 -0.062430
v -0.407627 -0.591478 -0.062734
v -0.407585 -0.591265 -0.063081
v -0.407555 -0.591114 -0.063460
v -0.407538 -0.591029 -0.063861
v -0.407536 -0.591015 -0.064270
v -0.407546 -0.591070 -0.064676
v -0.407571 -0.591193 -0.065066
v -0.407608 -0.591381 -0.065428
v -0.407657 -0.591628 -0.065751
v -0.407716 -0.591926 -0.066026
v -0.407783 -0.592267 -0.066243
v -0.407857 -0.592639 -0.066397
v -0.407935 -0.593032 -0.066483
v -0.408014 -0.593434 -0.066498
v -0.408093 -0.593832 -0.066442
v -0.408169 -0.594214 -0.066316
v -0.408239 -0.594569 -0.066124
v -0.414125 -0.593405 -0.066124
v -0.413629 -0.590900 -0.062178
v -0.413567 -0.590583 -0.062430
v -0.413513 -0.590314 -0.062734
v -0.413471 -0.590100 -0.063081
v -0.413441 -0.589949 -0.063460
v -0.413424 -0.589865 -0.063861
v -0.413421 -0.589850 -0.064270
v -0.413432 -0.589905 -0.064676
v -0.413457 -0.590029 -0.065066
v -0.413494 -0.590217 -0.065428
v -0.413543 -0.590464 -0.065751
v -0.413602 -0.590762 -0.066026
v -0.413669 -0.591102 -0.066243
v -0.413743 -0.591475 -0.066397
v -0.413821 -0.591867 -0.066483
v -0.413900 -0.592269 -0.066498
v -0.413979 -0.592667 -0.066442
v -0.414054 -0.593049 -0.066316
v -0.414125 -0.593405 -0.066124
v -0.408239 -0.594569 -0.066124
v -0.408302 -0.594886 -0.065873
v -0.408355 -0.595156 -0.065569
v -0.408397 -0.595369 -0.065222
v -0.408427 -0.595520 -0.064842
v -0.408444 -0.595605 -0.064442
v -0.408447 -0.595619 -0.064032
v -0.408436 -0.595564 -0.063627
v -0.408411 -0.595441 -0.063237
v -0.408374 -0.595253 -0.062875
v -0.408325 -0.595006 -0.062552
v -0.408266 -0.594708 -0.062277
v -0.408199 -0.594367 -0.062059
v -0.408125 -0.593995 -0.061905
v -0.408047 -0.593602 -0.061819
v -0.407968 -0.593200 -0.061804
v -0.407889 -0.592802 -0.061861
v -0.407814 -0.592420 -0.061987
v -0.407743 -0.592065 -0.062178
v -0.413629 -0.590900 -0.062178
v -0.414187 -0.593722 -0.065873
v -0.414241 -0.593991 -0.065569
v -0.414283 -0.594205 -0.065222
v -0.414313 -0.594356 -0.064842
v -0.414330 -0.594440 -0.064442
v -0.414333 -0.594455 -0.064032
v -0.414322 -0.594400 -0.063627
v -0.414297 -0.594276 -0.063237
v -0.414260 -0.594088 -0.062875
v -0.414211 -0.593841 -0.062552
v -0.414152 -0.593543 -0.062277
v -0.414085 -0.593203 -0.062059
v -0.414011 -0.592830 -0.061905
v -0.413933 -0.592437 -0.061819
v -0.413854 -0.592036 -0.061804
v -0.413775 -0.591638 -0.061861
v -0.413700 -0.591255 -0.061987
v -0.417967 -0.592215 -0.065474
v -0.414043 -0.592992 -0.065474
v -0.413711 -0.591313 -0.062829
v -0.413758 -0.591551 -0.062700
v -0.413809 -0.591808 -0.062616
v -0.413862 -0.592074 -0.062578
v -0.413915 -0.592343 -0.062588
v -0.413967 -0.592607 -0.062646
v -0.414016 -0.592856 -0.062749
v -0.414061 -0.593085 -0.062895
v -0.414101 -0.593284 -0.063079
v -0.414134 -0.593450 -0.063296
v -0.414159 -0.593576 -0.063538
v -0.414175 -0.593659 -0.063800
v -0.414182 -0.593696 -0.064072
v -0.414180 -0.593686 -0.064346
v -0.414169 -0.593629 -0.064614
v -0.414149 -0.593528 -0.064869
v -0.414121 -0.593385 -0.065101
v -0.414085 -0.593204 -0.065305
v -0.417635 -0.590537 -0.062829
v -0.418009 -0.592428 -0.065305
v -0.418045 -0.592608 -0.065101
v -0.418073 -0.592752 -0.064869
v -0.418093 -0.592853 -0.064614
v -0.418104 -0.592909 -0.064346
v -0.418106 -0.592919 -0.064072
v -0.418099 -0.592882 -0.063800
v -0.418083 -0.592799 -0.063538
v -0.418058 -0.592673 -0.063296
v -0.418025 -0.592508 -0.063079
v -0.417985 -0.592308 -0.062895
v -0.417940 -0.592080 -0.062749
v -0.417891 -0.591830 -0.062646
v -0.417839 -0.591567 -0.062588
v -0.417785 -0.591298 -0.062578
v -0.417733 -0.591031 -0.062616
v -0.417682 -0.590775 -0.062700
v -0.409418 -0.569617 -0.096978
v -0.409371 -0.569379 -0.097106
v -0.409321 -0.569123 -0.097191
v -0.409268 -0.568856 -0.097228
v -0.409215 -0.568587 -0.097218
v -0.409162 -0.568324 -0.097161
v -0.409113 -0.568074 -0.097057
v -0.409068 -0.567846 -0.096912
v -0.409028 -0.567646 -0.096727
v -0.408996 -0.567481 -0.096511
v -0.408971 -0.567355 -0.096268
v -0.408954 -0.567272 -0.096007
v -0.408947 -0.567235 -0.095735
v -0.408949 -0.567245 -0.095461
v -0.408960 -0.567301 -0.095192
v -0.408980 -0.567403 -0.094938
v -0.409009 -0.567546 -0.094705
v -0.409044 -0.567726 -0.094502
v -0.409086 -0.567939 -0.094333
v -0.413342 -0.568841 -0.096978
v -0.413010 -0.567163 -0.094333
v -0.412968 -0.566950 -0.094502
v -0.412933 -0.566770 -0.094705
v -0.412904 -0.566626 -0.094938
v -0.412884 -0.566525 -0.095192
v -0.412873 -0.566469 -0.095461
v -0.412871 -0.566459 -0.095735
v -0.412878 -0.566496 -0.096007
v -0.412895 -0.566579 -0.096268
v -0.412920 -0.566705 -0.096511
v -0.412952 -0.566870 -0.096727
v -0.412992 -0.567070 -0.096912
v -0.413037 -0.567298 -0.097057
v -0.413086 -0.567547 -0.097161
v -0.413139 -0.567811 -0.097218
v -0.413192 -0.568080 -0.097228
v -0.413245 -0.568347 -0.097191
v -0.413295 -0.568603 -0.097106
v -0.409500 -0.570030 -0.097628
v -0.409563 -0.570347 -0.097377
v -0.409616 -0.570617 -0.097073
v -0.409658 -0.570830 -0.096726
v -0.409688 -0.570982 -0.096346
v -0.409705 -0.571066 -0.095946
v -0.409708 -0.571081 -0.095537
v -0.409697 -0.571025 -0.095131
v -0.409673 -0.570902 -0.094741
v -0.409635 -0.570714 -0.094379
v -0.409586 -0.570467 -0.094056
v -0.409528 -0.570169 -0.093781
v -0.409460 -0.569828 -0.093563
v -0.409386 -0.569456 -0.093409
v -0.409309 -0.569063 -0.093323
v -0.409229 -0.568662 -0.093308
v -0.409151 -0.568264 -0.093365
v -0.409075 -0.567881 -0.093491
v -0.409005 -0.567526 -0.093682
v -0.408942 -0.567209 -0.093934
v -0.408889 -0.566940 -0.094238
v -0.408846 -0.566726 -0.094585
v -0.408816 -0.566575 -0.094964
v -0.408800 -0.566491 -0.095365
v -0.408797 -0.566476 -0.095774
v -0.408808 -0.566531 -0.096180
v -0.408832 -0.566655 -0.096570
v -0.408869 -0.566843 -0.096932
v -0.408918 -0.567089 -0.097255
v -0.408977 -0.567388 -0.097530
v -0.409045 -0.567728 -0.097747
v -0.409118 -0.568100 -0.097901
v -0.409196 -0.568493 -0.097987
v -0.409275 -0.568895 -0.098002
v -0.409354 -0.569293 -0.097946
v -0.409430 -0.569675 -0.097820
v -0.409418 -0.569617 -0.096978
v -0.409371 -0.569379 -0.097106
v -0.409321 -0.569123 -0.097191
v -0.409268 -0.568856 -0.097228
v -0.409215 -0.568587 -0.097218
v -0.409162 -0.568324 -0.097161
v -0.409113 -0.568074 -0.097057
v -0.409068 -0.567846 -0.096912
v -0.409028 -0.567646 -0.096727
v -0.408996 -0.567481 -0.096511
v -0.408971 -0.567355 -0.096268
v -0.408954 -0.567272 -0.096007
v -0.408947 -0.567235 -0.095735
v -0.408949 -0.567245 -0.095461
v -0.408960 -0.567301 -0.095192
v -0.408980 -0.567403 -0.094938
v -0.409009 -0.567546 -0.094705
v -0.409044 -0.567726 -0.094502
v -0.409086 -0.567939 -0.094333
v -0.409133 -0.568177 -0.094204
v -0.409184 -0.568433 -0.094120
v -0.409237 -0.568700 -0.094082
v -0.409290 -0.568969 -0.094092
v -0.409342 -0.569232 -0.094150
v -0.409392 -0.569482 -0.094253
v -0.409437 -0.569710 -0.094399
v -0.409476 -0.569910 -0.094583
v -0.409509 -0.570075 -0.094800
v -0.409534 -0.570201 -0.095043
v -0.409550 -0.570284 -0.095304
v -0.409558 -0.570321 -0.095576
v -0.409556 -0.570311 -0.095850
v -0.409545 -0.570255 -0.096118
v -0.409524 -0.570154 -0.096373
v -0.409496 -0.570010 -0.096605
v -0.409460 -0.569830 -0.096809
v -0.403119 -0.568691 -0.093682
v -0.403056 -0.568373 -0.093934
v -0.403003 -0.568104 -0.094238
v -0.402960 -0.567890 -0.094585
v -0.402931 -0.567739 -0.094964
v -0.402914 -0.567655 -0.095365
v -0.402911 -0.567640 -0.095774
v -0.402922 -0.567696 -0.096180
v -0.402946 -0.567819 -0.096570
v -0.402984 -0.568007 -0.096932
v -0.403032 -0.568254 -0.097255
v -0.403091 -0.568552 -0.097530
v -0.403159 -0.568892 -0.097747
v -0.403232 -0.569265 -0.097901
v -0.403310 -0.569658 -0.097987
v -0.403390 -0.570059 -0.098002
v -0.403468 -0.570457 -0.097946
v -0.403544 -0.570840 -0.097820
v -0.403614 -0.571195 -0.097628
v -0.409500 -0.570030 -0.097628
v -0.409005 -0.567526 -0.093682
v -0.408942 -0.567209 -0.093934
v -0.408889 -0.566940 -0.094238
v -0.408846 -0.566726 -0.094585
v -0.408816 -0.566575 -0.094964
v -0.408800 -0.566491 -0.095365
v -0.408797 -0.566476 -0.095774
v -0.408808 -0.566531 -0.096180
v -0.408832 -0.566655 -0.096570
v -0.408869 -0.566843 -0.096932
v -0.408918 -0.567089 -0.097255
v -0.408977 -0.567388 -0.097530
v -0.409045 -0.567728 -0.097747
v -0.409118 -0.568100 -0.097901
v -0.409196 -0.568493 -0.097987
v -0.409275 -0.568895 -0.098002
v -0.409354 -0.569293 -0.097946
v -0.409430 -0.569675 -0.097820
v -0.409500 -0.570030 -0.097628
v -0.403614 -0.571195 -0.097628
v -0.403677 -0.571512 -0.097377
v -0.403730 -0.571781 -0.097073
v -0.403772 -0.571995 -0.096726
v -0.403802 -0.572146 -0.096346
v -0.403819 -0.572230 -0.095946
v -0.403822 -0.572245 -0.095537
v -0.403811 -0.572190 -0.095131
v -0.403787 -0.572066 -0.094741
v -0.403749 -0.571878 -0.094379
v -0.403701 -0.571631 -0.094056
v -0.403642 -0.571333 -0.093781
v -0.403574 -0.570993 -0.093563
v -0.403501 -0.570621 -0.093409
v -0.403423 -0.570228 -0.093323
v -0.403343 -0.569826 -0.093308
v -0.403265 -0.569428 -0.093365
v -0.403189 -0.569046 -0.093491
v -0.403119 -0.568691 -0.093682
v -0.409005 -0.567526 -0.093682
v -0.409563 -0.570347 -0.097377
v -0.409616 -0.570617 -0.097073
v -0.409658 -0.570830 -0.096726
v -0.409688 -0.570982 -0.096346
v -0.409705 -0.571066 -0.095946
v -0.409708 -0.571081 -0.095537
v -0.409697 -0.571025 -0.095131
v -0.409673 -0.570902 -0.094741
v -0.409635 -0.570714 -0.094379
v -0.409586 -0.570467 -0.094056
v -0.409528 -0.570169 -0.093781
v -0.409460 -0.569828 -0.093563
v -0.409386 -0.569456 -0.093409
v -0.409309 -0.569063 -0.093323
v -0.409229 -0.568662 -0.093308
v -0.409151 -0.568264 -0.093365
v -0.409075 -0.567881 -0.093491
v -0.413342 -0.568841 -0.096978
v -0.409418 -0.569617 -0.096978
v -0.409086 -0.567939 -0.094333
v -0.409133 -0.568177 -0.094204
v -0.409184 -0.568433 -0.094120
v -0.409237 -0.568700 -0.094082
v -0.409290 -0.568969 -0.094092
v -0.409342 -0.569232 -0.094150
v -0.409392 -0.569482 -0.094253
v -0.409437 -0.569710 -0.094399
v -0.409476 -0.569910 -0.094583
v -0.409509 -0.570075 -0.094800
v -0.409534 -0.570201 -0.095043
v -0.409550 -0.570284 -0.095304
v -0.409558 -0.570321 -0.095576
v -0.409556 -0.570311 -0.095850
v -0.409545 -0.570255 -0.096118
v -0.409524 -0.570154 -0.096373
v -0.409496 -0.570010 -0.096605
v -0.409460 -0.569830 -0.096809
v -0.413010 -0.567163 -0.094333
v -0.413384 -0.569054 -0.096809
v -0.413420 -0.569234 -0.096605
v -0.413448 -0.569377 -0.096373
v -0.413468 -0.569479 -0.096118
v -0.413480 -0.569535 -0.095850
v -0.413482 -0.569545 -0.095576
v -0.413474 -0.569508 -0.095304
v -0.413458 -0.569425 -0.095043
v -0.413433 -0.569299 -0.094800
v -0.413400 -0.569134 -0.094583
v -0.413361 -0.568934 -0.094399
v -0.413316 -0.568706 -0.094253
v -0.413266 -0.568456 -0.094150
v -0.413214 -0.568193 -0.094092
v -0.413161 -0.567924 -0.094082
v -0.413108 -0.567657 -0.094120
v -0.413057 -0.567401 -0.094204
v -0.401811 -0.531166 -0.092095
v -0.401764 -0.530928 -0.092223
v -0.401713 -0.530671 -0.092307
v -0.401660 -0.530405 -0.092345
v -0.401607 -0.530136 -0.092335
v -0.401555 -0.529872 -0.092278
v -0.401505 -0.529623 -0.092174
v -0.401460 -0.529395 -0.092028
v -0.401421 -0.529195 -0.091844
v -0.401388 -0.529029 -0.091628
v -0.401363 -0.528903 -0.091385
v -0.401347 -0.528820 -0.091124
v -0.401339 -0.528783 -0.090852
v -0.401341 -0.528793 -0.090577
v -0.401353 -0.528850 -0.090309
v -0.401373 -0.528951 -0.090055
v -0.401401 -0.529094 -0.089822
v -0.401437 -0.529275 -0.089618
v -0.401479 -0.529487 -0.089450
v -0.405735 -0.530389 -0.092095
v -0.405403 -0.528711 -0.089450
v -0.405361 -0.528498 -0.089618
v -0.405325 -0.528318 -0.089822
v -0.405297 -0.528175 -0.090055
v -0.405276 -0.528073 -0.090309
v -0.405265 -0.528017 -0.090577
v -0.405263 -0.528007 -0.090852
v -0.405271 -0.528044 -0.091124
v -0.405287 -0.528127 -0.091385
v -0.405312 -0.528253 -0.091628
v -0.405345 -0.528418 -0.091844
v -0.405384 -0.528618 -0.092028
v -0.405429 -0.528846 -0.092174
v -0.405479 -0.529096 -0.092278
v -0.405531 -0.529359 -0.092335
v -0.405584 -0.529628 -0.092345
v -0.405637 -0.529895 -0.092307
v -0.405688 -0.530151 -0.092223
v -0.401892 -0.531579 -0.092745
v -0.401955 -0.531896 -0.092494
v -0.402008 -0.532165 -0.092190
v -0.402051 -0.532379 -0.091843
v -0.402081 -0.532530 -0.091463
v -0.402097 -0.532614 -0.091063
v -0.402100 -0.532629 -0.090653
v -0.402089 -0.532574 -0.090248
v -0.402065 -0.532450 -0.089858
v -0.402028 -0.532262 -0.089496
v -0.401979 -0.532015 -0.089173
v -0.401920 -0.531717 -0.088898
v -0.401853 -0.531377 -0.088680
v -0.401779 -0.531004 -0.088526
v -0.401701 -0.530612 -0.088440
v -0.401622 -0.530210 -0.088425
v -0.401543 -0.529812 -0.088481
v -0.401467 -0.529430 -0.088607
v -0.401397 -0.529074 -0.088799
v -0.401334 -0.528757 -0.089051
v -0.401281 -0.528488 -0.089355
v -0.401239 -0.528274 -0.089702
v -0.401209 -0.528123 -0.090081
v -0.401192 -0.528039 -0.090482
v -0.401189 -0.528024 -0.090891
v -0.401200 -0.528079 -0.091297
v -0.401225 -0.528203 -0.091687
v -0.401262 -0.528391 -0.092049
v -0.401311 -0.528638 -0.092372
v -0.401370 -0.528936 -0.092646
v -0.401437 -0.529276 -0.092864
v -0.401511 -0.529649 -0.093018
v -0.401588 -0.530042 -0.093104
v -0.401668 -0.530443 -0.093119
v -0.401747 -0.530841 -0.093063
v -0.401822 -0.531224 -0.092937
v -0.401811 -0.531166 -0.092095
v -0.401764 -0.530928 -0.092223
v -0.401713 -0.530671 -0.092307
v -0.401660 -0.530405 -0.092345
v -0.401607 -0.530136 -0.092335
v -0.401555 -0.529872 -0.092278
v -0.401505 -0.529623 -0.092174
v -0.401460 -0.529395 -0.092028
v -0.401421 -0.529195 -0.091844
v -0.401388 -0.529029 -0.091628
v -0.401363 -0.528903 -0.091385
v -0.401347 -0.528820 -0.091124
v -0.401339 -0.528783 -0.090852
v -0.401341 -0.528793 -0.090577
v -0.401353 -0.528850 -0.090309
v -0.401373 -0.528951 -0.090055
v -0.401401 -0.529094 -0.089822
v -0.401437 -0.529275 -0.089618
v -0.401479 -0.529487 -0.089450
v -0.401526 -0.529725 -0.089321
v -0.401576 -0.529982 -0.089237
v -0.401629 -0.530248 -0.089199
v -0.401683 -0.530518 -0.089209
v -0.401735 -0.530781 -0.089267
v -0.401784 -0.531030 -0.089370
v -0.401829 -0.531259 -0.089516
v -0.401869 -0.531458 -0.089700
v -0.401901 -0.531624 -0.089917
v -0.401926 -0.531750 -0.090159
v -0.401943 -0.531833 -0.090421
v -0.401950 -0.531870 -0.090693
v -0.401948 -0.531860 -0.090967
v -0.401937 -0.531803 -0.091235
v -0.401917 -0.531702 -0.091490
v -0.401889 -0.531559 -0.091722
v -0.401853 -0.531378 -0.091926
v -0.395511 -0.530239 -0.088799
v -0.395448 -0.529922 -0.089051
v -0.395395 -0.529652 -0.089355
v -0.395353 -0.529439 -0.089702
v -0.395323 -0.529288 -0.090081
v -0.395306 -0.529203 -0.090482
v -0.395303 -0.529189 -0.090891
v -0.395314 -0.529244 -0.091297
v -0.395339 -0.529367 -0.091687
v -0.395376 -0.529555 -0.092049
v -0.395425 -0.529802 -0.092372
v -0.395484 -0.530100 -0.092646
v -0.395551 -0.530441 -0.092864
v -0.395625 -0.530813 -0.093018
v -0.395702 -0.531206 -0.093104
v -0.395782 -0.531608 -0.093119
v -0.395861 -0.532006 -0.093063
v -0.395936 -0.532388 -0.092937
v -0.396007 -0.532743 -0.092745
v -0.401892 -0.531579 -0.092745
v -0.401397 -0.529074 -0.088799
v -0.401334 -0.528757 -0.089051
v -0.401281 -0.528488 -0.089355
v -0.401239 -0.528274 -0.089702
v -0.401209 -0.528123 -0.090081
v -0.401192 -0.528039 -0.090482
v -0.401189 -0.528024 -0.090891
v -0.401200 -0.528079 -0.091297
v -0.401225 -0.528203 -0.091687
v -0.401262 -0.528391 -0.092049
v -0.401311 -0.528638 -0.092372
v -0.401370 -0.528936 -0.092646
v -0.401437 -0.529276 -0.092864
v -0.401511 -0.529649 -0.093018
v -0.401588 -0.530042 -0.093104
v -0.401668 -0.530443 -0.093119
v -0.401747 -0.530841 -0.093063
v -0.401822 -0.531224 -0.092937
v -0.401892 -0.531579 -0.092745
v -0.396007 -0.532743 -0.092745
v -0.396069 -0.533060 -0.092494
v -0.396123 -0.533330 -0.092190
v -0.396165 -0.533543 -0.091843
v -0.396195 -0.533694 -0.091463
v -0.396211 -0.533779 -0.091063
v -0.396214 -0.533793 -0.090653
v -0.396203 -0.533738 -0.090248
v -0.396179 -0.533615 -0.089858
v -0.396142 -0.533427 -0.089496
v -0.396093 -0.533180 -0.089173
v -0.396034 -0.532882 -0.088898
v -0.395967 -0.532541 -0.088680
v -0.395893 -0.532169 -0.088526
v -0.395815 -0.531776 -0.088440
v -0.395736 -0.531374 -0.088425
v -0.395657 -0.530976 -0.088481
v -0.395581 -0.530594 -0.088607
v -0.395511 -0.530239 -0.088799
v -0.401397 -0.529074 -0.088799
v -0.401955 -0.531896 -0.092494
v -0.402008 -0.532165 -0.092190
v -0.402051 -0.532379 -0.091843
v -0.402081 -0.532530 -0.091463
v -0.402097 -0.532614 -0.091063
v -0.402100 -0.532629 -0.090653
v -0.402089 -0.532574 -0.090248
v -0.402065 -0.532450 -0.089858
v -0.402028 -0.532262 -0.089496
v -0.401979 -0.532015 -0.089173
v -0.401920 -0.531717 -0.088898
v -0.401853 -0.531377 -0.088680
v -0.401779 -0.531004 -0.088526
v -0.401701 -0.530612 -0.088440
v -0.401622 -0.530210 -0.088425
v -0.401543 -0.529812 -0.088481
v -0.401467 -0.529430 -0.088607
v -0.405735 -0.530389 -0.092095
v -0.401811 -0.531166 -0.092095
v -0.401479 -0.529487 -0.089450
v -0.401526 -0.529725 -0.089321
v -0.401576 -0.529982 -0.089237
v -0.401629 -0.530248 -0.089199
v -0.401683 -0.530518 -0.089209
v -0.401735 -0.530781 -0.089267
v -0.401784 -0.531030 -0.089370
v -0.401829 -0.531259 -0.089516
v -0.401869 -0.531458 -0.089700
v -0.401901 -0.531624 -0.089917
v -0.401926 -0.531750 -0.090159
v -0.401943 -0.531833 -0.090421
v -0.401950 -0.531870 -0.090693
v -0.401948 -0.531860 -0.090967
v -0.401937 -0.531803 -0.091235
v -0.401917 -0.531702 -0.091490
v -0.401889 -0.531559 -0.091722
v -0.401853 -0.531378 -0.091926
v -0.405403 -0.528711 -0.089450
v -0.405777 -0.530602 -0.091926
v -0.405812 -0.530782 -0.091722
v -0.405841 -0.530926 -0.091490
v -0.405861 -0.531027 -0.091235
v -0.405872 -0.531083 -0.090967
v -0.405874 -0.531093 -0.090693
v -0.405867 -0.531056 -0.090421
v -0.405850 -0.530973 -0.090159
v -0.405825 -0.530847 -0.089917
v -0.405793 -0.530682 -0.089700
v -0.405753 -0.530482 -0.089516
v -0.405708 -0.530254 -0.089370
v -0.405659 -0.530005 -0.089267
v -0.405606 -0.529741 -0.089209
v -0.405553 -0.529472 -0.089199
v -0.405500 -0.529205 -0.089237
v -0.405450 -0.528949 -0.089321
v -0.398828 -0.516088 -0.055707
v -0.398781 -0.515850 -0.055836
v -0.398730 -0.515594 -0.055920
v -0.398677 -0.515327 -0.055958
v -0.398624 -0.515058 -0.055948
v -0.398572 -0.514795 -0.055890
v -0.398522 -0.514545 -0.055787
v -0.398477 -0.514317 -0.055641
v -0.398438 -0.514117 -0.055457
v -0.398405 -0.513952 -0.055240
v -0.398380 -0.513826 -0.054998
v -0.398364 -0.513743 -0.054737
v -0.398356 -0.513706 -0.054465
v -0.398358 -0.513716 -0.054190
v -0.398369 -0.513772 -0.053922
v -0.398390 -0.513874 -0.053668
v -0.398418 -0.514017 -0.053435
v -0.398454 -0.514197 -0.053231
v -0.398496 -0.514410 -0.053063
v -0.402752 -0.515312 -0.055707
v -0.402420 -0.513634 -0.053063
v -0.402378 -0.513421 -0.053231
v -0.402342 -0.513241 -0.053435
v -0.402313 -0.513097 -0.053668
v -0.402293 -0.512996 -0.053922
v -0.402282 -0.512940 -0.054190
v -0.402280 -0.512930 -0.054465
v -0.402288 -0.512967 -0.054737
v -0.402304 -0.513050 -0.054998
v -0.402329 -0.513176 -0.055240
v -0.402362 -0.513341 -0.055457
v -0.402401 -0.513541 -0.055641
v -0.402446 -0.513769 -0.055787
v -0.402496 -0.514019 -0.055890
v -0.402548 -0.514282 -0.055948
v -0.402601 -0.514551 -0.055958
v -0.402654 -0.514818 -0.055920
v -0.402705 -0.515074 -0.055836
v -0.398909 -0.516501 -0.056358
v -0.398972 -0.516818 -0.056107
v -0.399025 -0.517088 -0.055803
v -0.399068 -0.517301 -0.055456
v -0.399098 -0.517453 -0.055076
v -0.399114 -0.517537 -0.054676
v -0.399117 -0.517552 -0.054266
v -0.399106 -0.517496 -0.053860
v -0.399082 -0.517373 -0.053471
v -0.399045 -0.517185 -0.053109
v -0.398996 -0.516938 -0.052785
v -0.398937 -0.516640 -0.052511
v -0.398869 -0.516299 -0.052293
v -0.398796 -0.515927 -0.052139
v -0.398718 -0.515534 -0.052053
v -0.398639 -0.515133 -0.052038
v -0.398560 -0.514735 -0.052094
v -0.398484 -0.514352 -0.052220
v -0.398414 -0.513997 -0.052412
v -0.398351 -0.513680 -0.052664
v -0.398298 -0.513411 -0.052967
v -0.398256 -0.513197 -0.053314
v -0.398226 -0.513046 -0.053694
v -0.398209 -0.512962 -0.054095
v -0.398206 -0.512947 -0.054504
v -0.398217 -0.513002 -0.054910
v -0.398242 -0.513126 -0.055299
v -0.398279 -0.513314 -0.055661
v -0.398328 -0.513560 -0.055985
v -0.398387 -0.513859 -0.056259
v -0.398454 -0.514199 -0.056477
v -0.398528 -0.514571 -0.056631
v -0.398605 -0.514964 -0.056717
v -0.398685 -0.515366 -0.056732
v -0.398763 -0.515764 -0.056676
v -0.398839 -0.516146 -0.056550
v -0.398828 -0.516088 -0.055707
v -0.398781 -0.515850 -0.055836
v -0.398730 -0.515594 -0.055920
v -0.398677 -0.515327 -0.055958
v -0.398624 -0.515058 -0.055948
v -0.398572 -0.514795 -0.055890
v -0.398522 -0.514545 -0.055787
v -0.398477 -0.514317 -0.055641
v -0.398438 -0.514117 -0.055457
v -0.398405 -0.513952 -0.055240
v -0.398380 -0.513826 -0.054998
v -0.398364 -0.513743 -0.054737
v -0.398356 -0.513706 -0.054465
v -0.398358 -0.513716 -0.054190
v -0.398369 -0.513772 -0.053922
v -0.398390 -0.513874 -0.053668
v -0.398418 -0.514017 -0.053435
v -0.398454 -0.514197 -0.053231
v -0.398496 -0.514410 -0.053063
v -0.398543 -0.514648 -0.052934
v -0.398593 -0.514904 -0.052850
v -0.398646 -0.515171 -0.052812
v -0.398699 -0.515440 -0.052822
v -0.398752 -0.515704 -0.052880
v -0.398801 -0.515953 -0.052983
v -0.398846 -0.516181 -0.053129
v -0.398886 -0.516381 -0.053313
v -0.398918 -0.516546 -0.053530
v -0.398943 -0.516673 -0.053772
v -0.398960 -0.516755 -0.054033
v -0.398967 -0.516792 -0.054305
v -0.398965 -0.516782 -0.054580
v -0.398954 -0.516726 -0.054848
v -0.398934 -0.516625 -0.055103
v -0.398905 -0.516482 -0.055335
v -0.398870 -0.516301 -0.055539
v -0.392528 -0.515162 -0.052412
v -0.392465 -0.514845 -0.052664
v -0.392412 -0.514575 -0.052967
v -0.392370 -0.514362 -0.053314
v -0.392340 -0.514210 -0.053694
v -0.392323 -0.514126 -0.054095
v -0.392320 -0.514111 -0.054504
v -0.392331 -0.514167 -0.054910
v -0.392356 -0.514290 -0.055299
v -0.392393 -0.514478 -0.055661
v -0.392442 -0.514725 -0.055985
v -0.392501 -0.515023 -0.056259
v -0.392568 -0.515364 -0.056477
v -0.392642 -0.515736 -0.056631
v -0.392719 -0.516129 -0.056717
v -0.392799 -0.516530 -0.056732
v -0.392878 -0.516928 -0.056676
v -0.392953 -0.517311 -0.056550
v -0.393024 -0.517666 -0.056358
v -0.398909 -0.516501 -0.056358
v -0.398414 -0.513997 -0.052412
v -0.398351 -0.513680 -0.052664
v -0.398298 -0.513411 -0.052967
v -0.398256 -0.513197 -0.053314
v -0.398226 -0.513046 -0.053694
v -0.398209 -0.512962 -0.054095
v -0.398206 -0.512947 -0.054504
v -0.398217 -0.513002 -0.054910
v -0.398242 -0.513126 -0.055299
v -0.398279 -0.513314 -0.055661
v -0.398328 -0.513560 -0.055985
v -0.398387 -0.513859 -0.056259
v -0.398454 -0.514199 -0.056477
v -0.398528 -0.514571 -0.056631
v -0.398605 -0.514964 -0.056717
v -0.398685 -0.515366 -0.056732
v -0.398763 -0.515764 -0.056676
v -0.398839 -0.516146 -0.056550
v -0.398909 -0.516501 -0.056358
v -0.393024 -0.517666 -0.056358
v -0.393086 -0.517983 -0.056107
v -0.393140 -0.518252 -0.055803
v -0.393182 -0.518466 -0.055456
v -0.393212 -0.518617 -0.055076
v -0.393228 -0.518701 -0.054676
v -0.393231 -0.518716 -0.054266
v -0.393220 -0.518661 -0.053860
v -0.393196 -0.518537 -0.053471
v -0.393159 -0.518349 -0.053109
v -0.393110 -0.518103 -0.052785
v -0.393051 -0.517804 -0.052511
v -0.392984 -0.517464 -0.052293
v -0.392910 -0.517092 -0.052139
v -0.392832 -0.516699 -0.052053
v -0.392753 -0.516297 -0.052038
v -0.392674 -0.515899 -0.052094
v -0.392598 -0.515517 -0.052220
v -0.392528 -0.515162 -0.052412
v -0.398414 -0.513997 -0.052412
v -0.398972 -0.516818 -0.056107
v -0.399025 -0.517088 -0.055803
v -0.399068 -0.517301 -0.055456
v -0.399098 -0.517453 -0.055076
v -0.399114 -0.517537 -0.054676
v -0.399117 -0.517552 -0.054266
v -0.399106 -0.517496 -0.053860
v -0.399082 -0.517373 -0.053471
v -0.399045 -0.517185 -0.053109
v -0.398996 -0.516938 -0.052785
v -0.398937 -0.516640 -0.052511
v -0.398869 -0.516299 -0.052293
v -0.398796 -0.515927 -0.052139
v -0.398718 -0.515534 -0.052053
v -0.398639 -0.515133 -0.052038
v -0.398560 -0.514735 -0.052094
v -0.398484 -0.514352 -0.052220
v -0.402752 -0.515312 -0.055707
v -0.398828 -0.516088 -0.055707
v -0.398496 -0.514410 -0.053063
v -0.398543 -0.514648 -0.052934
v -0.398593 -0.514904 -0.052850
v -0.398646 -0.515171 -0.052812
v -0.398699 -0.515440 -0.052822
v -0.398752 -0.515704 -0.052880
v -0.398801 -0.515953 -0.052983
v -0.398846 -0.516181 -0.053129
v -0.398886 -0.516381 -0.053313
v -0.398918 -0.516546 -0.053530
v -0.398943 -0.516673 -0.053772
v -0.398960 -0.516755 -0.054033
v -0.398967 -0.516792 -0.054305
v -0.398965 -0.516782 -0.054580
v -0.398954 -0.516726 -0.054848
v -0.398934 -0.516625 -0.055103
v -0.398905 -0.516482 -0.055335
v -0.398870 -0.516301 -0.055539
v -0.402420 -0.513634 -0.053063
v -0.402794 -0.515525 -0.055539
v -0.402829 -0.515705 -0.055335
v -0.402858 -0.515848 -0.055103
v -0.402878 -0.515950 -0.054848
v -0.402889 -0.516006 -0.054580
v -0.402891 -0.516016 -0.054305
v -0.402884 -0.515979 -0.054033
v -0.402867 -0.515896 -0.053772
v -0.402842 -0.515770 -0.053530
v -0.402810 -0.515605 -0.053313
v -0.402770 -0.515405 -0.053129
v -0.402725 -0.515177 -0.052983
v -0.402675 -0.514927 -0.052880
v -0.402623 -0.514664 -0.052822
v -0.402570 -0.514395 -0.052812
v -0.402517 -0.514128 -0.052850
v -0.402467 -0.513872 -0.052934
v -0.403452 -0.539463 -0.024203
v -0.403405 -0.539225 -0.024332
v -0.403355 -0.538968 -0.024416
v -0.403302 -0.538702 -0.024454
v -0.403248 -0.538433 -0.024444
v -0.403196 -0.538169 -0.024386
v -0.403147 -0.537920 -0.024283
v -0.403102 -0.537692 -0.024137
v -0.403062 -0.537492 -0.023953
v -0.403030 -0.537326 -0.023736
v -0.403005 -0.537200 -0.023494
v -0.402988 -0.537117 -0.023233
v -0.402981 -0.537080 -0.022961
v -0.402983 -0.537090 -0.022686
v -0.402994 -0.537147 -0.022418
v -0.403014 -0.537248 -0.022163
v -0.403042 -0.537391 -0.021931
v -0.403078 -0.537572 -0.021727
v -0.403120 -0.537784 -0.021559
v -0.407376 -0.538686 -0.024203
v -0.407044 -0.537008 -0.021559
v -0.407002 -0.536795 -0.021727
v -0.406966 -0.536615 -0.021931
v -0.406938 -0.536472 -0.022163
v -0.406918 -0.536370 -0.022418
v -0.406907 -0.536314 -0.022686
v -0.406905 -0.536304 -0.022961
v -0.406912 -0.536341 -0.023233
v -0.406929 -0.536424 -0.023494
v -0.406954 -0.536550 -0.023736
v -0.406986 -0.536715 -0.023953
v -0.407026 -0.536915 -0.024137
v -0.407071 -0.537143 -0.024283
v -0.407120 -0.537393 -0.024386
v -0.407172 -0.537656 -0.024444
v -0.407226 -0.537925 -0.024454
v -0.407278 -0.538192 -0.024416
v -0.407329 -0.538448 -0.024332
v -0.403534 -0.539876 -0.024854
v -0.403597 -0.540193 -0.024603
v -0.403650 -0.540462 -0.024299
v -0.403692 -0.540676 -0.023952
v -0.403722 -0.540827 -0.023572
v -0.403739 -0.540911 -0.023172
v -0.403742 -0.540926 -0.022762
v -0.403731 -0.540871 -0.022356
v -0.403706 -0.540747 -0.021967
v -0.403669 -0.540559 -0.021605
v -0.403620 -0.540312 -0.021281
v -0.403561 -0.540014 -0.021007
v -0.403494 -0.539674 -0.020789
v -0.403420 -0.539301 -0.020635
v -0.403343 -0.538909 -0.020549
v -0.403263 -0.538507 -0.020534
v -0.403184 -0.538109 -0.020590
v -0.403109 -0.537727 -0.020716
v -0.403039 -0.537371 -0.020908
v -0.402976 -0.537054 -0.021159
v -0.402923 -0.536785 -0.021463
v -0.402880 -0.536571 -0.021810
v -0.402850 -0.536420 -0.022190
v -0.402834 -0.536336 -0.022590
v -0.402831 -0.536321 -0.023000
v -0.402842 -0.536376 -0.023406
v -0.402866 -0.536500 -0.023795
v -0.402903 -0.536688 -0.024157
v -0.402952 -0.536935 -0.024481
v -0.403011 -0.537233 -0.024755
v -0.403078 -0.537573 -0.024973
v -0.403152 -0.537946 -0.025127
v -0.403230 -0.538339 -0.025213
v -0.403309 -0.538740 -0.025228
v -0.403388 -0.539138 -0.025172
v -0.403464 -0.539521 -0.025046
v -0.403452 -0.539463 -0.024203
v -0.403405 -0.539225 -0.024332
v -0.403355 -0.538968 -0.024416
v -0.403302 -0.538702 -0.024454
v -0.403248 -0.538433 -0.024444
v -0.403196 -0.538169 -0.024386
v -0.403147 -0.537920 -0.024283
v -0.403102 -0.537692 -0.024137
v -0.403062 -0.537492 -0.023953
v -0.403030 -0.537326 -0.023736
v -0.403005 -0.537200 -0.023494
v -0.402988 -0.537117 -0.023233
v -0.402981 -0.537080 -0.022961
v -0.402983 -0.537090 -0.022686
v -0.402994 -0.537147 -0.022418
v -0.403014 -0.537248 -0.022163
v -0.403042 -0.537391 -0.021931
v -0.403078 -0.537572 -0.021727
v -0.403120 -0.537784 -0.021559
v -0.403167 -0.538022 -0.021430
v -0.403218 -0.538279 -0.021346
v -0.403271 -0.538545 -0.021308
v -0.403324 -0.538815 -0.021318
v -0.403376 -0.539078 -0.021376
v -0.403426 -0.539327 -0.021479
v -0.403471 -0.539556 -0.021625
v -0.403510 -0.539755 -0.021809
v -0.403543 -0.539921 -0.022026
v -0.403568 -0.540047 -0.022268
v -0.403584 -0.540130 -0.022529
v -0.403592 -0.540167 -0.022801
v -0.403590 -0.540157 -0.023076
v -0.403578 -0.540100 -0.023344
v -0.403558 -0.539999 -0.023599
v -0.403530 -0.539856 -0.023831
v -0.403494 -0.539675 -0.024035
v -0.397153 -0.538536 -0.020908
v -0.397090 -0.538219 -0.021159
v -0.397037 -0.537949 -0.021463
v -0.396994 -0.537736 -0.021810
v -0.396964 -0.537585 -0.022190
v -0.396948 -0.537500 -0.022590
v -0.396945 -0.537486 -0.023000
v -0.396956 -0.537541 -0.023406
v -0.396980 -0.537664 -0.023795
v -0.397017 -0.537852 -0.024157
v -0.397066 -0.538099 -0.024481
v -0.397125 -0.538397 -0.024755
v -0.397193 -0.538738 -0.024973
v -0.397266 -0.539110 -0.025127
v -0.397344 -0.539503 -0.025213
v -0.397423 -0.539905 -0.025228
v -0.397502 -0.540303 -0.025172
v -0.397578 -0.540685 -0.025046
v -0.397648 -0.541040 -0.024854
v -0.403534 -0.539876 -0.024854
v -0.403039 -0.537371 -0.020908
v -0.402976 -0.537054 -0.021159
v -0.402923 -0.536785 -0.021463
v -0.402880 -0.536571 -0.021810
v -0.402850 -0.536420 -0.022190
v -0.402834 -0.536336 -0.022590
v -0.402831 -0.536321 -0.023000
v -0.402842 -0.536376 -0.023406
v -0.402866 -0.536500 -0.023795
v -0.402903 -0.536688 -0.024157
v -0.402952 -0.536935 -0.024481
v -0.403011 -0.537233 -0.024755
v -0.403078 -0.537573 -0.024973
v -0.403152 -0.537946 -0.025127
v -0.403230 -0.538339 -0.025213
v -0.403309 -0.538740 -0.025228
v -0.403388 -0.539138 -0.025172
v -0.403464 -0.539521 -0.025046
v -0.403534 -0.539876 -0.024854
v -0.397648 -0.541040 -0.024854
v -0.397711 -0.541357 -0.024603
v -0.397764 -0.541627 -0.024299
v -0.397806 -0.541840 -0.023952
v -0.397836 -0.541991 -0.023572
v -0.397853 -0.542076 -0.023172
v -0.397856 -0.542090 -0.022762
v -0.397845 -0.542035 -0.022356
v -0.397821 -0.541912 -0.021967
v -0.397783 -0.541724 -0.021605
v -0.397735 -0.541477 -0.021281
v -0.397676 -0.541179 -0.021007
v -0.397608 -0.540838 -0.020789
v -0.397535 -0.540466 -0.020635
v -0.397457 -0.540073 -0.020549
v -0.397377 -0.539671 -0.020534
v -0.397299 -0.539273 -0.020590
v -0.397223 -0.538891 -0.020716
v -0.397153 -0.538536 -0.020908
v -0.403039 -0.537371 -0.020908
v -0.403597 -0.540193 -0.024603
v -0.403650 -0.540462 -0.024299
v -0.403692 -0.540676 -0.023952
v -0.403722 -0.540827 -0.023572
v -0.403739 -0.540911 -0.023172
v -0.403742 -0.540926 -0.022762
v -0.403731 -0.540871 -0.022356
v -0.403706 -0.540747 -0.021967
v -0.403669 -0.540559 -0.021605
v -0.403620 -0.540312 -0.021281
v -0.403561 -0.540014 -0.021007
v -0.403494 -0.539674 -0.020789
v -0.403420 -0.539301 -0.020635
v -0.403343 -0.538909 -0.020549
v -0.403263 -0.538507 -0.020534
v -0.403184 -0.538109 -0.020590
v -0.403109 -0.537727 -0.020716
v -0.407376 -0.538686 -0.024203
v -0.403452 -0.539463 -0.024203
v -0.403120 -0.537784 -0.021559
v -0.403167 -0.538022 -0.021430
v -0.403218 -0.538279 -0.021346
v -0.403271 -0.538545 -0.021308
v -0.403324 -0.538815 -0.021318
v -0.403376 -0.539078 -0.021376
v -0.403426 -0.539327 -0.021479
v -0.403471 -0.539556 -0.021625
v -0.403510 -0.539755 -0.021809
v -0.403543 -0.539921 -0.022026
v -0.403568 -0.540047 -0.022268
v -0.403584 -0.540130 -0.022529
v -0.403592 -0.540167 -0.022801
v -0.403590 -0.540157 -0.023076
v -0.403578 -0.540100 -0.023344
v -0.403558 -0.539999 -0.023599
v -0.403530 -0.539856 -0.023831
v -0.403494 -0.539675 -0.024035
v -0.407044 -0.537008 -0.021559
v -0.407418 -0.538899 -0.024035
v -0.407454 -0.539079 -0.023831
v -0.407482 -0.539223 -0.023599
v -0.407502 -0.539324 -0.023344
v -0.407514 -0.539380 -0.023076
v -0.407516 -0.539390 -0.022801
v -0.407508 -0.539353 -0.022529
v -0.407492 -0.539270 -0.022268
v -0.407467 -0.539144 -0.022026
v -0.407434 -0.538979 -0.021809
v -0.407395 -0.538779 -0.021625
v -0.407349 -0.538551 -0.021479
v -0.407300 -0.538302 -0.021376
v -0.407248 -0.538038 -0.021318
v -0.407195 -0.537769 -0.021308
v -0.407142 -0.537502 -0.021346
v -0.407091 -0.537246 -0.021430
v -0.420480 -0.527634 -0.024004
v -0.419359 -0.521967 -0.028501
v -0.418406 -0.517152 -0.033933
v -0.417651 -0.513336 -0.040134
v -0.417117 -0.510634 -0.046918
v -0.416819 -0.509128 -0.054076
v -0.416767 -0.508865 -0.061392
v -0.416962 -0.509852 -0.068644
v -0.417399 -0.512059 -0.075611
v -0.418064 -0.515419 -0.082081
v -0.418936 -0.519831 -0.087858
v -0.419991 -0.525159 -0.092766
v -0.421194 -0.531243 -0.096657
v -0.422511 -0.537897 -0.099411
v -0.423900 -0.544920 -0.100946
v -0.425320 -0.552097 -0.101214
v -0.426728 -0.559210 -0.100208
v -0.428080 -0.566045 -0.097958
v -0.429336 -0.572392 -0.094533
v -0.405766 -0.530546 -0.024004
v -0.404644 -0.524879 -0.028501
v -0.403692 -0.520064 -0.033933
v -0.402937 -0.516247 -0.040134
v -0.402402 -0.513545 -0.046918
v -0.402104 -0.512039 -0.054076
v -0.402052 -0.511776 -0.061392
v -0.402247 -0.512763 -0.068644
v -0.402684 -0.514970 -0.075611
v -0.403349 -0.518331 -0.082081
v -0.404222 -0.522742 -0.087858
v -0.405276 -0.528071 -0.092766
v -0.406480 -0.534155 -0.096657
v -0.407796 -0.540809 -0.099411
v -0.409186 -0.547831 -0.100946
v -0.410605 -0.555008 -0.101214
v -0.412013 -0.562122 -0.100208
v -0.413365 -0.568956 -0.097958
v -0.414621 -0.575303 -0.094533
v -0.415464 -0.579566 -0.101250
v -0.430179 -0.576655 -0.101250
v -0.416494 -0.584769 -0.097298
v -0.417413 -0.589414 -0.092680
v -0.418206 -0.593421 -0.087478
v -0.418858 -0.596720 -0.081782
v -0.409048 -0.598661 -0.081782
v -0.409674 -0.601825 -0.073707
v -0.410019 -0.603569 -0.065194
v -0.410073 -0.603840 -0.056503
v -0.409833 -0.602629 -0.047895
v -0.409308 -0.599973 -0.039631
v -0.408513 -0.595954 -0.031961
v -0.407472 -0.590691 -0.025117
v -0.406216 -0.584345 -0.019306
v -0.404784 -0.577107 -0.014704
v -0.403219 -0.569196 -0.011450
v -0.401568 -0.560852 -0.009642
v -0.399881 -0.552327 -0.009335
v -0.398210 -0.543878 -0.010539
v -0.396604 -0.535762 -0.013216
v -0.395112 -0.528224 -0.017287
v -0.419637 -0.523372 -0.017287
v -0.431514 -0.583401 -0.095896
v -0.432648 -0.589133 -0.089429
v -0.433547 -0.593677 -0.082046
v -0.434183 -0.596894 -0.073971
v -0.434538 -0.598686 -0.065449
v -0.434600 -0.599000 -0.056740
v -0.434368 -0.597825 -0.048107
v -0.433848 -0.595197 -0.039813
v -0.433056 -0.591196 -0.032110
v -0.432017 -0.585945 -0.025233
v -0.430762 -0.579601 -0.019390
v -0.429329 -0.572358 -0.014758
v -0.427762 -0.564437 -0.011479
v -0.426108 -0.556077 -0.009652
v -0.424417 -0.547533 -0.009332
v -0.422742 -0.539064 -0.010530
v -0.421132 -0.530928 -0.013208
v -0.408500 -0.595888 -0.080357
v -0.418310 -0.593947 -0.080357
v -0.409048 -0.598661 -0.081782
v -0.418858 -0.596720 -0.081782
v -0.419601 -0.592746 -0.081514
v -0.418130 -0.593037 -0.081514
v -0.418310 -0.593947 -0.080357
v -0.418279 -0.593791 -0.080699
v -0.418238 -0.593584 -0.081010
v -0.418188 -0.593331 -0.081285
v -0.408500 -0.595888 -0.080357
v -0.408520 -0.595991 -0.079980
v -0.408528 -0.596031 -0.079591
v -0.408523 -0.596007 -0.079201
v -0.408506 -0.595920 -0.078820
v -0.408477 -0.595772 -0.078459
v -0.408436 -0.595568 -0.078128
v -0.408386 -0.595312 -0.077836
v -0.408327 -0.595013 -0.077591
v -0.408260 -0.594678 -0.077401
v -0.408189 -0.594317 -0.077269
v -0.408114 -0.593939 -0.077201
v -0.408038 -0.593555 -0.077197
v -0.407963 -0.593176 -0.077259
v -0.407891 -0.592812 -0.077383
v -0.407824 -0.592474 -0.077568
v -0.419106 -0.590242 -0.077568
v -0.419664 -0.593063 -0.081262
v -0.419717 -0.593333 -0.080958
v -0.419759 -0.593546 -0.080611
v -0.419789 -0.593697 -0.080232
v -0.419806 -0.593782 -0.079831
v -0.419809 -0.593796 -0.079422
v -0.419798 -0.593741 -0.079016
v -0.419773 -0.593618 -0.078626
v -0.419736 -0.593430 -0.078264
v -0.419687 -0.593183 -0.077941
v -0.419628 -0.592885 -0.077667
v -0.419561 -0.592544 -0.077449
v -0.419487 -0.592172 -0.077295
v -0.419410 -0.591779 -0.077209
v -0.419330 -0.591378 -0.077194
v -0.419252 -0.590979 -0.077250
v -0.419176 -0.590597 -0.077376
v -0.419601 -0.592746 -0.081514
v -0.419664 -0.593063 -0.081262
v -0.419717 -0.593333 -0.080958
v -0.419759 -0.593546 -0.080611
v -0.419789 -0.593697 -0.080232
v -0.419806 -0.593782 -0.079831
v -0.419809 -0.593796 -0.079422
v -0.419798 -0.593741 -0.079016
v -0.419773 -0.593618 -0.078626
v -0.419736 -0.593430 -0.078264
v -0.419687 -0.593183 -0.077941
v -0.419628 -0.592885 -0.077667
v -0.419561 -0.592544 -0.077449
v -0.419487 -0.592172 -0.077295
v -0.419410 -0.591779 -0.077209
v -0.419330 -0.591378 -0.077194
v -0.419252 -0.590979 -0.077250
v -0.419176 -0.590597 -0.077376
v -0.419106 -0.590242 -0.077568
v -0.419043 -0.589925 -0.077819
v -0.418990 -0.589655 -0.078123
v -0.418947 -0.589442 -0.078470
v -0.418917 -0.589291 -0.078850
v -0.418901 -0.589206 -0.079250
v -0.418898 -0.589192 -0.079660
v -0.418909 -0.589247 -0.080065
v -0.418933 -0.589370 -0.080455
v -0.418970 -0.589558 -0.080817
v -0.419019 -0.589805 -0.081140
v -0.419078 -0.590103 -0.081415
v -0.419146 -0.590444 -0.081633
v -0.419219 -0.590816 -0.081787
v -0.419297 -0.591209 -0.081873
v -0.419376 -0.591611 -0.081888
v -0.419455 -0.592009 -0.081832
v -0.419531 -0.592391 -0.081706
v -0.407707 -0.591880 -0.080949
v -0.411631 -0.591104 -0.080949
v -0.417517 -0.589939 -0.080949
v -0.418130 -0.593037 -0.081514
v -0.418063 -0.592698 -0.081699
v -0.417990 -0.592334 -0.081823
v -0.417915 -0.591954 -0.081885
v -0.417839 -0.591570 -0.081881
v -0.417764 -0.591191 -0.081811
v -0.417693 -0.590829 -0.081679
v -0.417626 -0.590494 -0.081488
v -0.417567 -0.590194 -0.081242
v -0.419601 -0.592746 -0.081514
v -0.419106 -0.590242 -0.077568
v -0.419043 -0.589925 -0.077819
v -0.418990 -0.589655 -0.078123
v -0.418947 -0.589442 -0.078470
v -0.418917 -0.589291 -0.078850
v -0.418901 -0.589206 -0.079250
v -0.418898 -0.589192 -0.079660
v -0.418909 -0.589247 -0.080065
v -0.418933 -0.589370 -0.080455
v -0.418970 -0.589558 -0.080817
v -0.419019 -0.589805 -0.081140
v -0.419078 -0.590103 -0.081415
v -0.419146 -0.590444 -0.081633
v -0.419219 -0.590816 -0.081787
v -0.419297 -0.591209 -0.081873
v -0.419376 -0.591611 -0.081888
v -0.419455 -0.592009 -0.081832
v -0.419531 -0.592391 -0.081706
v -0.407824 -0.592474 -0.077568
v -0.407765 -0.592175 -0.077802
v -0.407714 -0.591917 -0.078084
v -0.407673 -0.591708 -0.078404
v -0.407642 -0.591554 -0.078755
v -0.407623 -0.591457 -0.079127
v -0.407616 -0.591421 -0.079510
v -0.407621 -0.591447 -0.079893
v -0.407638 -0.591534 -0.080268
v -0.407667 -0.591680 -0.080623
v -0.417517 -0.589939 -0.080949
v -0.411631 -0.591104 -0.080949
v -0.407290 -0.569165 -0.099983
v -0.408598 -0.575778 -0.096744
v -0.409771 -0.581703 -0.092457
v -0.410789 -0.586848 -0.087176
v -0.411236 -0.589108 -0.084160
v -0.413176 -0.568000 -0.099983
v -0.414484 -0.574613 -0.096744
v -0.415657 -0.580539 -0.092458
v -0.416675 -0.585683 -0.087176
v -0.417122 -0.587943 -0.084160
v -0.407290 -0.569165 -0.099983
v -0.403366 -0.569941 -0.099983
v -0.403307 -0.569642 -0.099717
v -0.403240 -0.569303 -0.099508
v -0.403167 -0.568934 -0.099360
v -0.403090 -0.568545 -0.099280
v -0.403012 -0.568149 -0.099268
v -0.402934 -0.567757 -0.099326
v -0.402859 -0.567380 -0.099452
v -0.402790 -0.567030 -0.099641
v -0.414071 -0.564798 -0.099641
v -0.414567 -0.567302 -0.103588
v -0.414630 -0.567619 -0.103336
v -0.414683 -0.567888 -0.103032
v -0.414725 -0.568102 -0.102685
v -0.414755 -0.568253 -0.102305
v -0.414772 -0.568337 -0.101905
v -0.414775 -0.568352 -0.101496
v -0.414764 -0.568297 -0.101090
v -0.414739 -0.568173 -0.100700
v -0.414702 -0.567985 -0.100338
v -0.414653 -0.567738 -0.100015
v -0.414594 -0.567440 -0.099740
v -0.414527 -0.567100 -0.099522
v -0.414453 -0.566728 -0.099368
v -0.414376 -0.566335 -0.099282
v -0.414296 -0.565933 -0.099267
v -0.414217 -0.565535 -0.099324
v -0.414142 -0.565153 -0.099450
v -0.413095 -0.567593 -0.103588
v -0.413176 -0.568000 -0.099983
v -0.413222 -0.568234 -0.100274
v -0.413259 -0.568420 -0.100600
v -0.413285 -0.568552 -0.100951
v -0.413300 -0.568628 -0.101319
v -0.413304 -0.568645 -0.101695
v -0.413295 -0.568603 -0.102069
v -0.413275 -0.568502 -0.102432
v -0.413245 -0.568347 -0.102773
v -0.413204 -0.568139 -0.103085
v -0.413153 -0.567886 -0.103358
v -0.414567 -0.567302 -0.103588
v -0.414630 -0.567619 -0.103336
v -0.414683 -0.567888 -0.103032
v -0.414725 -0.568102 -0.102685
v -0.414755 -0.568253 -0.102305
v -0.414772 -0.568337 -0.101905
v -0.414775 -0.568352 -0.101496
v -0.414764 -0.568297 -0.101090
v -0.414739 -0.568173 -0.100700
v -0.414702 -0.567985 -0.100338
v -0.414653 -0.567738 -0.100015
v -0.414594 -0.567440 -0.099740
v -0.414527 -0.567100 -0.099522
v -0.414453 -0.566728 -0.099368
v -0.414376 -0.566335 -0.099282
v -0.414296 -0.565933 -0.099267
v -0.414217 -0.565535 -0.099324
v -0.414142 -0.565153 -0.099450
v -0.414071 -0.564798 -0.099641
v -0.414009 -0.564480 -0.099893
v -0.413955 -0.564211 -0.100197
v -0.413913 -0.563998 -0.100544
v -0.413883 -0.563846 -0.100923
v -0.413867 -0.563762 -0.101324
v -0.413864 -0.563747 -0.101733
v -0.413875 -0.563803 -0.102139
v -0.413899 -0.563926 -0.102529
v -0.413936 -0.564114 -0.102891
v -0.413985 -0.564361 -0.103214
v -0.414044 -0.564659 -0.103489
v -0.414111 -0.564999 -0.103706
v -0.414185 -0.565372 -0.103861
v -0.414263 -0.565765 -0.103946
v -0.414342 -0.566166 -0.103961
v -0.414421 -0.566564 -0.103905
v -0.414497 -0.566947 -0.103779
v -0.402790 -0.567030 -0.099641
v -0.402728 -0.566715 -0.099890
v -0.402675 -0.566448 -0.100190
v -0.402633 -0.566235 -0.100533
v -0.402603 -0.566083 -0.100908
v -0.402586 -0.565997 -0.101304
v -0.402582 -0.565978 -0.101709
v -0.402592 -0.566028 -0.102111
v -0.402615 -0.566146 -0.102498
v -0.402651 -0.566327 -0.102860
v -0.402698 -0.566566 -0.103184
v -0.402756 -0.566856 -0.103461
v -0.402822 -0.567189 -0.103683
v -0.402894 -0.567554 -0.103844
v -0.402970 -0.567941 -0.103939
v -0.403049 -0.568338 -0.103964
v -0.403127 -0.568733 -0.103919
v -0.403203 -0.569115 -0.103806
v -0.403273 -0.569472 -0.103627
v -0.413083 -0.567531 -0.103627
v -0.413095 -0.567593 -0.103588
v -0.413091 -0.567573 -0.103601
v -0.413087 -0.567552 -0.103614
v -0.414567 -0.567302 -0.103588
v -0.414071 -0.564798 -0.099641
v -0.414009 -0.564480 -0.099893
v -0.413955 -0.564211 -0.100197
v -0.413913 -0.563998 -0.100544
v -0.413883 -0.563846 -0.100923
v -0.413867 -0.563762 -0.101324
v -0.413864 -0.563747 -0.101733
v -0.413875 -0.563803 -0.102139
v -0.413899 -0.563926 -0.102529
v -0.413936 -0.564114 -0.102891
v -0.413985 -0.564361 -0.103214
v -0.414044 -0.564659 -0.103489
v -0.414111 -0.564999 -0.103706
v -0.414185 -0.565372 -0.103861
v -0.414263 -0.565765 -0.103946
v -0.414342 -0.566166 -0.103961
v -0.414421 -0.566564 -0.103905
v -0.414497 -0.566947 -0.103779
v -0.403273 -0.569472 -0.103627
v -0.413083 -0.567531 -0.103627
v -0.403472 -0.570474 -0.106669
v -0.413281 -0.568533 -0.106669
v -0.407290 -0.569165 -0.099983
v -0.408598 -0.575778 -0.096744
v -0.409771 -0.581703 -0.092457
v -0.410789 -0.586848 -0.087176
v -0.411236 -0.589108 -0.084160
v -0.411631 -0.591104 -0.080949
v -0.403366 -0.569941 -0.099983
v -0.404679 -0.576577 -0.096730
v -0.405874 -0.582616 -0.092340
v -0.406891 -0.587759 -0.087011
v -0.407707 -0.591880 -0.080949
v -0.418130 -0.593037 -0.081514
v -0.418063 -0.592698 -0.081699
v -0.417990 -0.592334 -0.081823
v -0.417915 -0.591954 -0.081885
v -0.417839 -0.591570 -0.081881
v -0.417764 -0.591191 -0.081811
v -0.417693 -0.590829 -0.081679
v -0.417626 -0.590494 -0.081488
v -0.417567 -0.590194 -0.081242
v -0.417517 -0.589939 -0.080949
v -0.418310 -0.593947 -0.080357
v -0.418279 -0.593791 -0.080699
v -0.418238 -0.593584 -0.081010
v -0.418188 -0.593331 -0.081285
v -0.418858 -0.596720 -0.081782
v -0.415464 -0.579566 -0.101250
v -0.416494 -0.584769 -0.097298
v -0.417413 -0.589414 -0.092680
v -0.418206 -0.593421 -0.087478
v -0.413281 -0.568533 -0.106669
v -0.414037 -0.572354 -0.105178
v -0.414767 -0.576041 -0.103367
v -0.413083 -0.567531 -0.103627
v -0.413095 -0.567593 -0.103588
v -0.413091 -0.567573 -0.103601
v -0.413087 -0.567552 -0.103614
v -0.413176 -0.568000 -0.099983
v -0.413222 -0.568234 -0.100274
v -0.413259 -0.568420 -0.100600
v -0.413285 -0.568552 -0.100951
v -0.413300 -0.568628 -0.101319
v -0.413304 -0.568645 -0.101695
v -0.413295 -0.568603 -0.102069
v -0.413275 -0.568502 -0.102432
v -0.413245 -0.568347 -0.102773
v -0.413204 -0.568139 -0.103085
v -0.413153 -0.567886 -0.103358
v -0.414484 -0.574613 -0.096744
v -0.415657 -0.580539 -0.092458
v -0.416675 -0.585683 -0.087176
v -0.417122 -0.587943 -0.084160
v -0.413281 -0.568533 -0.106669
v -0.414037 -0.572354 -0.105178
v -0.414767 -0.576041 -0.103367
v -0.415464 -0.579566 -0.101250
v -0.430179 -0.576655 -0.101250
v -0.419637 -0.523372 -0.017287
v -0.418302 -0.516625 -0.022640
v -0.417168 -0.510893 -0.029107
v -0.416269 -0.506349 -0.036490
v -0.415633 -0.503133 -0.044565
v -0.415278 -0.501340 -0.053087
v -0.415216 -0.501027 -0.061797
v -0.415449 -0.502202 -0.070430
v -0.415968 -0.504829 -0.078723
v -0.416760 -0.508830 -0.086426
v -0.417799 -0.514082 -0.093303
v -0.419054 -0.520425 -0.099147
v -0.420487 -0.527668 -0.103778
v -0.422054 -0.535590 -0.107057
v -0.423708 -0.543950 -0.108885
v -0.425399 -0.552494 -0.109204
v -0.427074 -0.560962 -0.108006
v -0.428684 -0.569098 -0.105328
v -0.395112 -0.528224 -0.017287
v -0.393809 -0.521638 -0.022489
v -0.392696 -0.516011 -0.028752
v -0.391804 -0.511504 -0.035897
v -0.391160 -0.508250 -0.043715
v -0.390783 -0.506340 -0.051982
v -0.390682 -0.505830 -0.060460
v -0.390861 -0.506735 -0.068903
v -0.391315 -0.509030 -0.077068
v -0.392030 -0.512646 -0.084720
v -0.392987 -0.517481 -0.091637
v -0.394157 -0.523395 -0.097620
v -0.395507 -0.530217 -0.102496
v -0.396997 -0.537750 -0.106125
v -0.398585 -0.545777 -0.108402
v -0.400225 -0.554066 -0.109262
v -0.401870 -0.562378 -0.108678
v -0.403472 -0.570474 -0.106669
v -0.433293 -0.592393 -0.046914
v -0.433246 -0.592155 -0.047043
v -0.433195 -0.591899 -0.047127
v -0.433142 -0.591632 -0.047165
v -0.433089 -0.591363 -0.047155
v -0.433037 -0.591100 -0.047097
v -0.432988 -0.590850 -0.046994
v -0.432943 -0.590622 -0.046848
v -0.432903 -0.590422 -0.046664
v -0.432870 -0.590257 -0.046447
v -0.432845 -0.590131 -0.046205
v -0.432829 -0.590048 -0.045943
v -0.432822 -0.590011 -0.045671
v -0.432824 -0.590021 -0.045397
v -0.432835 -0.590077 -0.045129
v -0.432855 -0.590179 -0.044874
v -0.432883 -0.590322 -0.044642
v -0.432919 -0.590502 -0.044438
v -0.432961 -0.590715 -0.044269
v -0.419718 -0.593335 -0.044269
v -0.420050 -0.595014 -0.046914
v -0.420003 -0.594776 -0.047043
v -0.419952 -0.594519 -0.047127
v -0.419899 -0.594253 -0.047165
v -0.419846 -0.593983 -0.047155
v -0.419794 -0.593720 -0.047097
v -0.419744 -0.593471 -0.046994
v -0.419699 -0.593242 -0.046848
v -0.419660 -0.593043 -0.046664
v -0.419627 -0.592877 -0.046447
v -0.419602 -0.592751 -0.046205
v -0.419586 -0.592668 -0.045943
v -0.419578 -0.592631 -0.045671
v -0.419580 -0.592641 -0.045397
v -0.419591 -0.592698 -0.045129
v -0.419612 -0.592799 -0.044874
v -0.419640 -0.592942 -0.044642
v -0.419676 -0.593123 -0.044438
v -0.420131 -0.595427 -0.047565
v -0.420194 -0.595744 -0.047313
v -0.420247 -0.596013 -0.047009
v -0.420290 -0.596227 -0.046662
v -0.420320 -0.596378 -0.046283
v -0.420336 -0.596462 -0.045882
v -0.420339 -0.596477 -0.045473
v -0.420328 -0.596422 -0.045067
v -0.420304 -0.596298 -0.044677
v -0.420267 -0.596110 -0.044315
v -0.420218 -0.595863 -0.043992
v -0.420159 -0.595565 -0.043717
v -0.420091 -0.595225 -0.043500
v -0.420018 -0.594852 -0.043346
v -0.419940 -0.594459 -0.043260
v -0.419861 -0.594058 -0.043245
v -0.419782 -0.593660 -0.043301
v -0.419706 -0.593277 -0.043427
v -0.419636 -0.592922 -0.043619
v -0.419573 -0.592605 -0.043870
v -0.419520 -0.592336 -0.044174
v -0.419478 -0.592122 -0.044521
v -0.419448 -0.591971 -0.044901
v -0.419431 -0.591887 -0.045301
v -0.419428 -0.591872 -0.045711
v -0.419439 -0.591927 -0.046116
v -0.419463 -0.592051 -0.046506
v -0.419501 -0.592239 -0.046868
v -0.419550 -0.592486 -0.047191
v -0.419608 -0.592784 -0.047466
v -0.419676 -0.593124 -0.047684
v -0.419750 -0.593496 -0.047838
v -0.419827 -0.593889 -0.047924
v -0.419907 -0.594291 -0.047939
v -0.419985 -0.594689 -0.047882
v -0.420061 -0.595071 -0.047757
v -0.419718 -0.593335 -0.044269
v -0.419765 -0.593573 -0.044141
v -0.419815 -0.593829 -0.044057
v -0.419868 -0.594096 -0.044019
v -0.419921 -0.594365 -0.044029
v -0.419974 -0.594629 -0.044086
v -0.420023 -0.594878 -0.044190
v -0.420068 -0.595106 -0.044336
v -0.420108 -0.595306 -0.044520
v -0.420140 -0.595472 -0.044736
v -0.420165 -0.595598 -0.044979
v -0.420182 -0.595680 -0.045240
v -0.420189 -0.595717 -0.045512
v -0.420187 -0.595708 -0.045786
v -0.420176 -0.595651 -0.046055
v -0.420156 -0.595550 -0.046309
v -0.420127 -0.595407 -0.046542
v -0.420092 -0.595226 -0.046746
v -0.420050 -0.595014 -0.046914
v -0.420003 -0.594776 -0.047043
v -0.419952 -0.594519 -0.047127
v -0.419899 -0.594253 -0.047165
v -0.419846 -0.593983 -0.047155
v -0.419794 -0.593720 -0.047097
v -0.419744 -0.593471 -0.046994
v -0.419699 -0.593242 -0.046848
v -0.419660 -0.593043 -0.046664
v -0.419627 -0.592877 -0.046447
v -0.419602 -0.592751 -0.046205
v -0.419586 -0.592668 -0.045943
v -0.419578 -0.592631 -0.045671
v -0.419580 -0.592641 -0.045397
v -0.419591 -0.592698 -0.045129
v -0.419612 -0.592799 -0.044874
v -0.419640 -0.592942 -0.044642
v -0.419676 -0.593123 -0.044438
v -0.411793 -0.597076 -0.047565
v -0.411723 -0.596721 -0.047757
v -0.411647 -0.596339 -0.047882
v -0.411568 -0.595941 -0.047939
v -0.411489 -0.595539 -0.047924
v -0.411411 -0.595146 -0.047838
v -0.411337 -0.594774 -0.047684
v -0.411270 -0.594434 -0.047466
v -0.411211 -0.594135 -0.047191
v -0.411162 -0.593889 -0.046868
v -0.411125 -0.593700 -0.046506
v -0.411101 -0.593577 -0.046116
v -0.411090 -0.593522 -0.045711
v -0.411093 -0.593537 -0.045301
v -0.411109 -0.593621 -0.044901
v -0.411139 -0.593772 -0.044521
v -0.411181 -0.593985 -0.044174
v -0.411235 -0.594255 -0.043870
v -0.411298 -0.594572 -0.043619
v -0.420131 -0.595427 -0.047565
v -0.419636 -0.592922 -0.043619
v -0.419573 -0.592605 -0.043870
v -0.419520 -0.592336 -0.044174
v -0.419478 -0.592122 -0.044521
v -0.419448 -0.591971 -0.044901
v -0.419431 -0.591887 -0.045301
v -0.419428 -0.591872 -0.045711
v -0.419439 -0.591927 -0.046116
v -0.419463 -0.592051 -0.046506
v -0.419501 -0.592239 -0.046868
v -0.419550 -0.592486 -0.047191
v -0.419608 -0.592784 -0.047466
v -0.419676 -0.593124 -0.047684
v -0.419750 -0.593496 -0.047838
v -0.419827 -0.593889 -0.047924
v -0.419907 -0.594291 -0.047939
v -0.419985 -0.594689 -0.047882
v -0.420061 -0.595071 -0.047757
v -0.411854 -0.597383 -0.048048
v -0.411932 -0.597777 -0.047735
v -0.411998 -0.598113 -0.047356
v -0.412051 -0.598378 -0.046924
v -0.412088 -0.598567 -0.046452
v -0.412109 -0.598671 -0.045953
v -0.412112 -0.598690 -0.045444
v -0.412099 -0.598621 -0.044939
v -0.412068 -0.598467 -0.044454
v -0.412022 -0.598233 -0.044003
v -0.411961 -0.597926 -0.043601
v -0.411888 -0.597555 -0.043259
v -0.411804 -0.597131 -0.042988
v -0.411712 -0.596668 -0.042796
v -0.411615 -0.596179 -0.042689
v -0.411517 -0.595679 -0.042671
v -0.411419 -0.595184 -0.042741
v -0.411324 -0.594708 -0.042897
v -0.411237 -0.594266 -0.043136
v -0.411159 -0.593871 -0.043449
v -0.411092 -0.593536 -0.043827
v -0.411040 -0.593270 -0.044259
v -0.411003 -0.593082 -0.044732
v -0.410982 -0.592977 -0.045230
v -0.410978 -0.592958 -0.045740
v -0.410992 -0.593027 -0.046245
v -0.411022 -0.593181 -0.046730
v -0.411069 -0.593415 -0.047181
v -0.411129 -0.593722 -0.047583
v -0.411203 -0.594093 -0.047925
v -0.411287 -0.594517 -0.048196
v -0.411378 -0.594980 -0.048387
v -0.411475 -0.595469 -0.048494
v -0.411574 -0.595969 -0.048513
v -0.411672 -0.596465 -0.048443
v -0.411766 -0.596941 -0.048286
v -0.411793 -0.597076 -0.047565
v -0.411723 -0.596721 -0.047757
v -0.411647 -0.596339 -0.047882
v -0.411568 -0.595941 -0.047939
v -0.411489 -0.595539 -0.047924
v -0.411411 -0.595146 -0.047838
v -0.411337 -0.594774 -0.047684
v -0.411270 -0.594434 -0.047466
v -0.411211 -0.594135 -0.047191
v -0.411162 -0.593889 -0.046868
v -0.411125 -0.593700 -0.046506
v -0.411101 -0.593577 -0.046116
v -0.411090 -0.593522 -0.045711
v -0.411093 -0.593537 -0.045301
v -0.411109 -0.593621 -0.044901
v -0.411139 -0.593772 -0.044521
v -0.411181 -0.593985 -0.044174
v -0.411235 -0.594255 -0.043870
v -0.411298 -0.594572 -0.043619
v -0.411368 -0.594927 -0.043427
v -0.411443 -0.595310 -0.043301
v -0.411522 -0.595708 -0.043245
v -0.411602 -0.596109 -0.043260
v -0.411679 -0.596502 -0.043346
v -0.411753 -0.596874 -0.043500
v -0.411820 -0.597215 -0.043717
v -0.411879 -0.597513 -0.043992
v -0.411928 -0.597760 -0.044315
v -0.411965 -0.597948 -0.044677
v -0.411990 -0.598071 -0.045067
v -0.412001 -0.598126 -0.045473
v -0.411998 -0.598112 -0.045882
v -0.411981 -0.598028 -0.046283
v -0.411951 -0.597876 -0.046662
v -0.411909 -0.597663 -0.047009
v -0.411856 -0.597393 -0.047313
v -0.408294 -0.594848 -0.043136
v -0.408216 -0.594453 -0.043449
v -0.408150 -0.594118 -0.043827
v -0.408097 -0.593852 -0.044259
v -0.408060 -0.593664 -0.044732
v -0.408039 -0.593559 -0.045230
v -0.408035 -0.593541 -0.045740
v -0.408049 -0.593609 -0.046245
v -0.408079 -0.593763 -0.046730
v -0.408126 -0.593997 -0.047181
v -0.408186 -0.594304 -0.047583
v -0.408260 -0.594676 -0.047925
v -0.408344 -0.595099 -0.048196
v -0.408435 -0.595563 -0.048387
v -0.408532 -0.596052 -0.048494
v -0.408631 -0.596551 -0.048513
v -0.408729 -0.597047 -0.048443
v -0.408823 -0.597523 -0.048286
v -0.408911 -0.597965 -0.048048
v -0.411854 -0.597383 -0.048048
v -0.411237 -0.594266 -0.043136
v -0.411159 -0.593871 -0.043449
v -0.411092 -0.593536 -0.043827
v -0.411040 -0.593270 -0.044259
v -0.411003 -0.593082 -0.044732
v -0.410982 -0.592977 -0.045230
v -0.410978 -0.592958 -0.045740
v -0.410992 -0.593027 -0.046245
v -0.411022 -0.593181 -0.046730
v -0.411069 -0.593415 -0.047181
v -0.411129 -0.593722 -0.047583
v -0.411203 -0.594093 -0.047925
v -0.411287 -0.594517 -0.048196
v -0.411378 -0.594980 -0.048387
v -0.411475 -0.595469 -0.048494
v -0.411574 -0.595969 -0.048513
v -0.411672 -0.596465 -0.048443
v -0.411766 -0.596941 -0.048286
v -0.411854 -0.597383 -0.048048
v -0.408911 -0.597965 -0.048048
v -0.408989 -0.598360 -0.047735
v -0.409055 -0.598695 -0.047356
v -0.409108 -0.598961 -0.046924
v -0.409145 -0.599149 -0.046452
v -0.409166 -0.599254 -0.045953
v -0.409169 -0.599272 -0.045444
v -0.409156 -0.599203 -0.044939
v -0.409125 -0.599050 -0.044454
v -0.409079 -0.598816 -0.044003
v -0.409018 -0.598508 -0.043601
v -0.408945 -0.598137 -0.043259
v -0.408861 -0.597714 -0.042988
v -0.408769 -0.597250 -0.042796
v -0.408672 -0.596761 -0.042689
v -0.408574 -0.596261 -0.042671
v -0.408476 -0.595766 -0.042741
v -0.408381 -0.595290 -0.042897
v -0.408294 -0.594848 -0.043136
v -0.411237 -0.594266 -0.043136
v -0.411932 -0.597777 -0.047735
v -0.411998 -0.598113 -0.047356
v -0.412051 -0.598378 -0.046924
v -0.412088 -0.598567 -0.046452
v -0.412109 -0.598671 -0.045953
v -0.412112 -0.598690 -0.045444
v -0.412099 -0.598621 -0.044939
v -0.412068 -0.598467 -0.044454
v -0.412022 -0.598233 -0.044003
v -0.411961 -0.597926 -0.043601
v -0.411888 -0.597555 -0.043259
v -0.411804 -0.597131 -0.042988
v -0.411712 -0.596668 -0.042796
v -0.411615 -0.596179 -0.042689
v -0.411517 -0.595679 -0.042671
v -0.411419 -0.595184 -0.042741
v -0.411324 -0.594708 -0.042897
v -0.420131 -0.595427 -0.047565
v -0.411793 -0.597076 -0.047565
v -0.411298 -0.594572 -0.043619
v -0.411368 -0.594927 -0.043427
v -0.411443 -0.595310 -0.043301
v -0.411522 -0.595708 -0.043245
v -0.411602 -0.596109 -0.043260
v -0.411679 -0.596502 -0.043346
v -0.411753 -0.596874 -0.043500
v -0.411820 -0.597215 -0.043717
v -0.411879 -0.597513 -0.043992
v -0.411928 -0.597760 -0.044315
v -0.411965 -0.597948 -0.044677
v -0.411990 -0.598071 -0.045067
v -0.412001 -0.598126 -0.045473
v -0.411998 -0.598112 -0.045882
v -0.411981 -0.598028 -0.046283
v -0.411951 -0.597876 -0.046662
v -0.411909 -0.597663 -0.047009
v -0.411856 -0.597393 -0.047313
v -0.419636 -0.592922 -0.043619
v -0.420194 -0.595744 -0.047313
v -0.420247 -0.596013 -0.047009
v -0.420290 -0.596227 -0.046662
v -0.420320 -0.596378 -0.046283
v -0.420336 -0.596462 -0.045882
v -0.420339 -0.596477 -0.045473
v -0.420328 -0.596422 -0.045067
v -0.420304 -0.596298 -0.044677
v -0.420267 -0.596110 -0.044315
v -0.420218 -0.595863 -0.043992
v -0.420159 -0.595565 -0.043717
v -0.420091 -0.595225 -0.043500
v -0.420018 -0.594852 -0.043346
v -0.419940 -0.594459 -0.043260
v -0.419861 -0.594058 -0.043245
v -0.419782 -0.593660 -0.043301
v -0.419706 -0.593277 -0.043427
v -0.419718 -0.593335 -0.044269
v -0.432961 -0.590715 -0.044269
v -0.433008 -0.590953 -0.044141
v -0.433059 -0.591209 -0.044057
v -0.433111 -0.591476 -0.044019
v -0.433165 -0.591745 -0.044029
v -0.433217 -0.592009 -0.044086
v -0.433266 -0.592258 -0.044190
v -0.433311 -0.592486 -0.044336
v -0.433351 -0.592686 -0.044520
v -0.433384 -0.592851 -0.044736
v -0.433409 -0.592977 -0.044979
v -0.433425 -0.593060 -0.045240
v -0.433432 -0.593097 -0.045512
v -0.433430 -0.593087 -0.045786
v -0.433419 -0.593031 -0.046055
v -0.433399 -0.592930 -0.046309
v -0.433371 -0.592786 -0.046542
v -0.433335 -0.592606 -0.046746
v -0.433293 -0.592393 -0.046914
v -0.420050 -0.595014 -0.046914
v -0.419765 -0.593573 -0.044141
v -0.419815 -0.593829 -0.044057
v -0.419868 -0.594096 -0.044019
v -0.419921 -0.594365 -0.044029
v -0.419974 -0.594629 -0.044086
v -0.420023 -0.594878 -0.044190
v -0.420068 -0.595106 -0.044336
v -0.420108 -0.595306 -0.044520
v -0.420140 -0.595472 -0.044736
v -0.420165 -0.595598 -0.044979
v -0.420182 -0.595680 -0.045240
v -0.420189 -0.595717 -0.045512
v -0.420187 -0.595708 -0.045786
v -0.420176 -0.595651 -0.046055
v -0.420156 -0.595550 -0.046309
v -0.420127 -0.595407 -0.046542
v -0.420092 -0.595226 -0.046746
v -0.421139 -0.530965 -0.100205
v -0.421092 -0.530727 -0.100333
v -0.421042 -0.530471 -0.100417
v -0.420989 -0.530204 -0.100455
v -0.420936 -0.529935 -0.100445
v -0.420883 -0.529672 -0.100388
v -0.420834 -0.529422 -0.100284
v -0.420789 -0.529194 -0.100138
v -0.420749 -0.528994 -0.099954
v -0.420717 -0.528829 -0.099738
v -0.420692 -0.528703 -0.099495
v -0.420675 -0.528620 -0.099234
v -0.420668 -0.528583 -0.098962
v -0.420670 -0.528593 -0.098687
v -0.420681 -0.528649 -0.098419
v -0.420701 -0.528751 -0.098165
v -0.420730 -0.528894 -0.097932
v -0.420765 -0.529074 -0.097728
v -0.420807 -0.529287 -0.097560
v -0.407564 -0.531907 -0.097560
v -0.407896 -0.533585 -0.100205
v -0.407849 -0.533347 -0.100333
v -0.407798 -0.533091 -0.100417
v -0.407746 -0.532824 -0.100455
v -0.407692 -0.532555 -0.100445
v -0.407640 -0.532292 -0.100388
v -0.407591 -0.532042 -0.100284
v -0.407546 -0.531814 -0.100138
v -0.407506 -0.531614 -0.099954
v -0.407473 -0.531449 -0.099738
v -0.407448 -0.531323 -0.099495
v -0.407432 -0.531240 -0.099234
v -0.407425 -0.531203 -0.098962
v -0.407427 -0.531213 -0.098687
v -0.407438 -0.531269 -0.098419
v -0.407458 -0.531371 -0.098165
v -0.407486 -0.531514 -0.097932
v -0.407522 -0.531694 -0.097728
v -0.407978 -0.533998 -0.100855
v -0.408041 -0.534315 -0.100604
v -0.408094 -0.534585 -0.100300
v -0.408136 -0.534798 -0.099953
v -0.408166 -0.534950 -0.099573
v -0.408183 -0.535034 -0.099173
v -0.408186 -0.535049 -0.098763
v -0.408175 -0.534993 -0.098358
v -0.408150 -0.534870 -0.097968
v -0.408113 -0.534682 -0.097606
v -0.408064 -0.534435 -0.097283
v -0.408005 -0.534137 -0.097008
v -0.407938 -0.533796 -0.096790
v -0.407864 -0.533424 -0.096636
v -0.407786 -0.533031 -0.096550
v -0.407707 -0.532630 -0.096535
v -0.407628 -0.532232 -0.096591
v -0.407553 -0.531849 -0.096717
v -0.407482 -0.531494 -0.096909
v -0.407420 -0.531177 -0.097161
v -0.407366 -0.530908 -0.097465
v -0.407324 -0.530694 -0.097812
v -0.407294 -0.530543 -0.098191
v -0.407277 -0.530459 -0.098592
v -0.407275 -0.530444 -0.099001
v -0.407285 -0.530499 -0.099407
v -0.407310 -0.530623 -0.099797
v -0.407347 -0.530811 -0.100159
v -0.407396 -0.531057 -0.100482
v -0.407455 -0.531356 -0.100756
v -0.407522 -0.531696 -0.100974
v -0.407596 -0.532068 -0.101128
v -0.407674 -0.532461 -0.101214
v -0.407753 -0.532863 -0.101229
v -0.407832 -0.533261 -0.101173
v -0.407908 -0.533643 -0.101047
v -0.407564 -0.531907 -0.097560
v -0.407611 -0.532145 -0.097431
v -0.407662 -0.532401 -0.097347
v -0.407715 -0.532668 -0.097309
v -0.407768 -0.532937 -0.097319
v -0.407820 -0.533201 -0.097377
v -0.407869 -0.533450 -0.097480
v -0.407914 -0.533678 -0.097626
v -0.407954 -0.533878 -0.097810
v -0.407987 -0.534043 -0.098027
v -0.408012 -0.534170 -0.098269
v -0.408028 -0.534252 -0.098531
v -0.408035 -0.534289 -0.098803
v -0.408033 -0.534279 -0.099077
v -0.408022 -0.534223 -0.099345
v -0.408002 -0.534122 -0.099600
v -0.407974 -0.533979 -0.099832
v -0.407938 -0.533798 -0.100036
v -0.407896 -0.533585 -0.100205
v -0.407849 -0.533347 -0.100333
v -0.407798 -0.533091 -0.100417
v -0.407746 -0.532824 -0.100455
v -0.407692 -0.532555 -0.100445
v -0.407640 -0.532292 -0.100388
v -0.407591 -0.532042 -0.100284
v -0.407546 -0.531814 -0.100138
v -0.407506 -0.531614 -0.099954
v -0.407473 -0.531449 -0.099738
v -0.407448 -0.531323 -0.099495
v -0.407432 -0.531240 -0.099234
v -0.407425 -0.531203 -0.098962
v -0.407427 -0.531213 -0.098687
v -0.407438 -0.531269 -0.098419
v -0.407458 -0.531371 -0.098165
v -0.407486 -0.531514 -0.097932
v -0.407522 -0.531694 -0.097728
v -0.399639 -0.535648 -0.100855
v -0.399569 -0.535293 -0.101047
v -0.399494 -0.534911 -0.101173
v -0.399415 -0.534513 -0.101229
v -0.399335 -0.534111 -0.101214
v -0.399258 -0.533718 -0.101128
v -0.399184 -0.533346 -0.100974
v -0.399117 -0.533005 -0.100756
v -0.399058 -0.532707 -0.100482
v -0.399009 -0.532460 -0.100159
v -0.398972 -0.532272 -0.099797
v -0.398947 -0.532149 -0.099407
v -0.398936 -0.532094 -0.099001
v -0.398939 -0.532108 -0.098592
v -0.398956 -0.532193 -0.098191
v -0.398986 -0.532344 -0.097812
v -0.399028 -0.532557 -0.097465
v -0.399081 -0.532827 -0.097161
v -0.399144 -0.533144 -0.096909
v -0.407978 -0.533998 -0.100855
v -0.407482 -0.531494 -0.096909
v -0.407420 -0.531177 -0.097161
v -0.407366 -0.530908 -0.097465
v -0.407324 -0.530694 -0.097812
v -0.407294 -0.530543 -0.098191
v -0.407277 -0.530459 -0.098592
v -0.407275 -0.530444 -0.099001
v -0.407285 -0.530499 -0.099407
v -0.407310 -0.530623 -0.099797
v -0.407347 -0.530811 -0.100159
v -0.407396 -0.531057 -0.100482
v -0.407455 -0.531356 -0.100756
v -0.407522 -0.531696 -0.100974
v -0.407596 -0.532068 -0.101128
v -0.407674 -0.532461 -0.101214
v -0.407753 -0.532863 -0.101229
v -0.407832 -0.533261 -0.101173
v -0.407908 -0.533643 -0.101047
v -0.399700 -0.535954 -0.101338
v -0.399778 -0.536349 -0.101025
v -0.399844 -0.536684 -0.100647
v -0.399897 -0.536950 -0.100215
v -0.399934 -0.537138 -0.099742
v -0.399955 -0.537243 -0.099244
v -0.399959 -0.537262 -0.098734
v -0.399945 -0.537193 -0.098229
v -0.399915 -0.537039 -0.097744
v -0.399868 -0.536805 -0.097293
v -0.399808 -0.536498 -0.096891
v -0.399734 -0.536127 -0.096549
v -0.399650 -0.535703 -0.096278
v -0.399559 -0.535240 -0.096087
v -0.399462 -0.534751 -0.095980
v -0.399363 -0.534251 -0.095961
v -0.399265 -0.533755 -0.096031
v -0.399171 -0.533279 -0.096188
v -0.399083 -0.532837 -0.096426
v -0.399005 -0.532443 -0.096739
v -0.398939 -0.532107 -0.097118
v -0.398886 -0.531842 -0.097550
v -0.398849 -0.531653 -0.098022
v -0.398828 -0.531549 -0.098521
v -0.398825 -0.531530 -0.099030
v -0.398838 -0.531599 -0.099535
v -0.398869 -0.531753 -0.100020
v -0.398915 -0.531987 -0.100471
v -0.398976 -0.532294 -0.100873
v -0.399049 -0.532665 -0.101215
v -0.399133 -0.533089 -0.101486
v -0.399225 -0.533552 -0.101678
v -0.399322 -0.534041 -0.101785
v -0.399420 -0.534541 -0.101803
v -0.399518 -0.535036 -0.101733
v -0.399613 -0.535512 -0.101577
v -0.399639 -0.535648 -0.100855
v -0.399569 -0.535293 -0.101047
v -0.399494 -0.534911 -0.101173
v -0.399415 -0.534513 -0.101229
v -0.399335 -0.534111 -0.101214
v -0.399258 -0.533718 -0.101128
v -0.399184 -0.533346 -0.100974
v -0.399117 -0.533005 -0.100756
v -0.399058 -0.532707 -0.100482
v -0.399009 -0.532460 -0.100159
v -0.398972 -0.532272 -0.099797
v -0.398947 -0.532149 -0.099407
v -0.398936 -0.532094 -0.099001
v -0.398939 -0.532108 -0.098592
v -0.398956 -0.532193 -0.098191
v -0.398986 -0.532344 -0.097812
v -0.399028 -0.532557 -0.097465
v -0.399081 -0.532827 -0.097161
v -0.399144 -0.533144 -0.096909
v -0.399214 -0.533499 -0.096717
v -0.399290 -0.533881 -0.096591
v -0.399369 -0.534279 -0.096535
v -0.399448 -0.534681 -0.096550
v -0.399526 -0.535074 -0.096636
v -0.399599 -0.535446 -0.096790
v -0.399667 -0.535787 -0.097008
v -0.399726 -0.536085 -0.097283
v -0.399775 -0.536332 -0.097606
v -0.399812 -0.536520 -0.097968
v -0.399836 -0.536643 -0.098358
v -0.399847 -0.536698 -0.098763
v -0.399844 -0.536684 -0.099173
v -0.399828 -0.536599 -0.099573
v -0.399798 -0.536448 -0.099953
v -0.399755 -0.536235 -0.100300
v -0.399702 -0.535965 -0.100604
v -0.396140 -0.533420 -0.096426
v -0.396062 -0.533025 -0.096739
v -0.395996 -0.532690 -0.097118
v -0.395943 -0.532424 -0.097550
v -0.395906 -0.532236 -0.098022
v -0.395885 -0.532131 -0.098521
v -0.395882 -0.532113 -0.099030
v -0.395895 -0.532181 -0.099535
v -0.395926 -0.532335 -0.100020
v -0.395972 -0.532569 -0.100471
v -0.396033 -0.532876 -0.100873
v -0.396106 -0.533247 -0.101215
v -0.396190 -0.533671 -0.101486
v -0.396282 -0.534134 -0.101678
v -0.396379 -0.534624 -0.101785
v -0.396477 -0.535123 -0.101803
v -0.396575 -0.535619 -0.101733
v -0.396670 -0.536095 -0.101577
v -0.396757 -0.536537 -0.101338
v -0.399700 -0.535954 -0.101338
v -0.399083 -0.532837 -0.096426
v -0.399005 -0.532443 -0.096739
v -0.398939 -0.532107 -0.097118
v -0.398886 -0.531842 -0.097550
v -0.398849 -0.531653 -0.098022
v -0.398828 -0.531549 -0.098521
v -0.398825 -0.531530 -0.099030
v -0.398838 -0.531599 -0.099535
v -0.398869 -0.531753 -0.100020
v -0.398915 -0.531987 -0.100471
v -0.398976 -0.532294 -0.100873
v -0.399049 -0.532665 -0.101215
v -0.399133 -0.533089 -0.101486
v -0.399225 -0.533552 -0.101678
v -0.399322 -0.534041 -0.101785
v -0.399420 -0.534541 -0.101803
v -0.399518 -0.535036 -0.101733
v -0.399613 -0.535512 -0.101577
v -0.399700 -0.535954 -0.101338
v -0.396757 -0.536537 -0.101338
v -0.396835 -0.536931 -0.101025
v -0.396902 -0.537267 -0.100647
v -0.396954 -0.537533 -0.100215
v -0.396991 -0.537721 -0.099742
v -0.397012 -0.537826 -0.099244
v -0.397016 -0.537844 -0.098734
v -0.397002 -0.537775 -0.098229
v -0.396972 -0.537621 -0.097744
v -0.396925 -0.537387 -0.097293
v -0.396865 -0.537080 -0.096891
v -0.396791 -0.536709 -0.096549
v -0.396707 -0.536285 -0.096278
v -0.396616 -0.535822 -0.096087
v -0.396519 -0.535333 -0.095980
v -0.396420 -0.534833 -0.095961
v -0.396322 -0.534338 -0.096031
v -0.396228 -0.533862 -0.096188
v -0.396140 -0.533420 -0.096426
v -0.399083 -0.532837 -0.096426
v -0.399778 -0.536349 -0.101025
v -0.399844 -0.536684 -0.100647
v -0.399897 -0.536950 -0.100215
v -0.399934 -0.537138 -0.099742
v -0.399955 -0.537243 -0.099244
v -0.399959 -0.537262 -0.098734
v -0.399945 -0.537193 -0.098229
v -0.399915 -0.537039 -0.097744
v -0.399868 -0.536805 -0.097293
v -0.399808 -0.536498 -0.096891
v -0.399734 -0.536127 -0.096549
v -0.399650 -0.535703 -0.096278
v -0.399559 -0.535240 -0.096087
v -0.399462 -0.534751 -0.095980
v -0.399363 -0.534251 -0.095961
v -0.399265 -0.533755 -0.096031
v -0.399171 -0.533279 -0.096188
v -0.407978 -0.533998 -0.100855
v -0.399639 -0.535648 -0.100855
v -0.399144 -0.533144 -0.096909
v -0.399214 -0.533499 -0.096717
v -0.399290 -0.533881 -0.096591
v -0.399369 -0.534279 -0.096535
v -0.399448 -0.534681 -0.096550
v -0.399526 -0.535074 -0.096636
v -0.399599 -0.535446 -0.096790
v -0.399667 -0.535787 -0.097008
v -0.399726 -0.536085 -0.097283
v -0.399775 -0.536332 -0.097606
v -0.399812 -0.536520 -0.097968
v -0.399836 -0.536643 -0.098358
v -0.399847 -0.536698 -0.098763
v -0.399844 -0.536684 -0.099173
v -0.399828 -0.536599 -0.099573
v -0.399798 -0.536448 -0.099953
v -0.399755 -0.536235 -0.100300
v -0.399702 -0.535965 -0.100604
v -0.407482 -0.531494 -0.096909
v -0.408041 -0.534315 -0.100604
v -0.408094 -0.534585 -0.100300
v -0.408136 -0.534798 -0.099953
v -0.408166 -0.534950 -0.099573
v -0.408183 -0.535034 -0.099173
v -0.408186 -0.535049 -0.098763
v -0.408175 -0.534993 -0.098358
v -0.408150 -0.534870 -0.097968
v -0.408113 -0.534682 -0.097606
v -0.408064 -0.534435 -0.097283
v -0.408005 -0.534137 -0.097008
v -0.407938 -0.533796 -0.096790
v -0.407864 -0.533424 -0.096636
v -0.407786 -0.533031 -0.096550
v -0.407707 -0.532630 -0.096535
v -0.407628 -0.532232 -0.096591
v -0.407553 -0.531849 -0.096717
v -0.407564 -0.531907 -0.097560
v -0.420807 -0.529287 -0.097560
v -0.420854 -0.529525 -0.097431
v -0.420905 -0.529781 -0.097347
v -0.420958 -0.530048 -0.097309
v -0.421011 -0.530317 -0.097319
v -0.421063 -0.530580 -0.097377
v -0.421113 -0.530830 -0.097480
v -0.421158 -0.531058 -0.097626
v -0.421197 -0.531258 -0.097810
v -0.421230 -0.531423 -0.098027
v -0.421255 -0.531549 -0.098269
v -0.421271 -0.531632 -0.098531
v -0.421279 -0.531669 -0.098803
v -0.421277 -0.531659 -0.099077
v -0.421266 -0.531603 -0.099345
v -0.421245 -0.531501 -0.099600
v -0.421217 -0.531358 -0.099832
v -0.421181 -0.531178 -0.100036
v -0.421139 -0.530965 -0.100205
v -0.407896 -0.533585 -0.100205
v -0.407611 -0.532145 -0.097431
v -0.407662 -0.532401 -0.097347
v -0.407715 -0.532668 -0.097309
v -0.407768 -0.532937 -0.097319
v -0.407820 -0.533201 -0.097377
v -0.407869 -0.533450 -0.097480
v -0.407914 -0.533678 -0.097626
v -0.407954 -0.533878 -0.097810
v -0.407987 -0.534043 -0.098027
v -0.408012 -0.534170 -0.098269
v -0.408028 -0.534252 -0.098531
v -0.408035 -0.534289 -0.098803
v -0.408033 -0.534279 -0.099077
v -0.408022 -0.534223 -0.099345
v -0.408002 -0.534122 -0.099600
v -0.407974 -0.533979 -0.099832
v -0.407938 -0.533798 -0.100036
v -0.416855 -0.509311 -0.074267
v -0.416808 -0.509073 -0.074395
v -0.416757 -0.508817 -0.074480
v -0.416705 -0.508550 -0.074518
v -0.416651 -0.508281 -0.074507
v -0.416599 -0.508018 -0.074450
v -0.416550 -0.507768 -0.074347
v -0.416505 -0.507540 -0.074201
v -0.416465 -0.507340 -0.074017
v -0.416432 -0.507175 -0.073800
v -0.416408 -0.507049 -0.073557
v -0.416391 -0.506966 -0.073296
v -0.416384 -0.506929 -0.073024
v -0.416386 -0.506939 -0.072750
v -0.416397 -0.506995 -0.072481
v -0.416417 -0.507097 -0.072227
v -0.416445 -0.507240 -0.071994
v -0.416481 -0.507420 -0.071791
v -0.416523 -0.507633 -0.071622
v -0.403280 -0.510253 -0.071622
v -0.403612 -0.511932 -0.074267
v -0.403565 -0.511694 -0.074395
v -0.403514 -0.511437 -0.074480
v -0.403461 -0.511170 -0.074518
v -0.403408 -0.510901 -0.074507
v -0.403356 -0.510638 -0.074450
v -0.403307 -0.510388 -0.074347
v -0.403261 -0.510160 -0.074201
v -0.403222 -0.509961 -0.074017
v -0.403189 -0.509795 -0.073800
v -0.403164 -0.509669 -0.073557
v -0.403148 -0.509586 -0.073296
v -0.403141 -0.509549 -0.073024
v -0.403143 -0.509559 -0.072750
v -0.403154 -0.509616 -0.072481
v -0.403174 -0.509717 -0.072227
v -0.403202 -0.509860 -0.071994
v -0.403238 -0.510041 -0.071791
v -0.403694 -0.512345 -0.074918
v -0.403756 -0.512662 -0.074666
v -0.403810 -0.512931 -0.074362
v -0.403852 -0.513145 -0.074015
v -0.403882 -0.513296 -0.073636
v -0.403898 -0.513380 -0.073235
v -0.403901 -0.513395 -0.072826
v -0.403890 -0.513339 -0.072420
v -0.403866 -0.513216 -0.072030
v -0.403829 -0.513028 -0.071668
v -0.403780 -0.512781 -0.071345
v -0.403721 -0.512483 -0.071070
v -0.403654 -0.512143 -0.070853
v -0.403580 -0.511770 -0.070698
v -0.403502 -0.511377 -0.070613
v -0.403423 -0.510976 -0.070598
v -0.403344 -0.510578 -0.070654
v -0.403268 -0.510195 -0.070780
v -0.403198 -0.509840 -0.070971
v -0.403135 -0.509523 -0.071223
v -0.403082 -0.509254 -0.071527
v -0.403040 -0.509040 -0.071874
v -0.403010 -0.508889 -0.072254
v -0.402993 -0.508805 -0.072654
v -0.402990 -0.508790 -0.073063
v -0.403001 -0.508845 -0.073469
v -0.403026 -0.508969 -0.073859
v -0.403063 -0.509157 -0.074221
v -0.403112 -0.509404 -0.074544
v -0.403171 -0.509702 -0.074819
v -0.403238 -0.510042 -0.075037
v -0.403312 -0.510414 -0.075191
v -0.403389 -0.510807 -0.075277
v -0.403469 -0.511209 -0.075292
v -0.403548 -0.511607 -0.075235
v -0.403623 -0.511989 -0.075109
v -0.403280 -0.510253 -0.071622
v -0.403327 -0.510491 -0.071494
v -0.403378 -0.510747 -0.071409
v -0.403430 -0.511014 -0.071372
v -0.403484 -0.511283 -0.071382
v -0.403536 -0.511547 -0.071439
v -0.403585 -0.511796 -0.071543
v -0.403630 -0.512024 -0.071688
v -0.403670 -0.512224 -0.071872
v -0.403703 -0.512390 -0.072089
v -0.403727 -0.512516 -0.072332
v -0.403744 -0.512598 -0.072593
v -0.403751 -0.512635 -0.072865
v -0.403749 -0.512626 -0.073139
v -0.403738 -0.512569 -0.073408
v -0.403718 -0.512468 -0.073662
v -0.403690 -0.512325 -0.073895
v -0.403654 -0.512144 -0.074098
v -0.403612 -0.511932 -0.074267
v -0.403565 -0.511694 -0.074395
v -0.403514 -0.511437 -0.074480
v -0.403461 -0.511170 -0.074518
v -0.403408 -0.510901 -0.074507
v -0.403356 -0.510638 -0.074450
v -0.403307 -0.510388 -0.074347
v -0.403261 -0.510160 -0.074201
v -0.403222 -0.509961 -0.074017
v -0.403189 -0.509795 -0.073800
v -0.403164 -0.509669 -0.073557
v -0.403148 -0.509586 -0.073296
v -0.403141 -0.509549 -0.073024
v -0.403143 -0.509559 -0.072750
v -0.403154 -0.509616 -0.072481
v -0.403174 -0.509717 -0.072227
v -0.403202 -0.509860 -0.071994
v -0.403238 -0.510041 -0.071791
v -0.395355 -0.513994 -0.074918
v -0.395285 -0.513639 -0.075109
v -0.395209 -0.513257 -0.075235
v -0.395131 -0.512859 -0.075292
v -0.395051 -0.512457 -0.075277
v -0.394973 -0.512064 -0.075191
v -0.394900 -0.511692 -0.075037
v -0.394832 -0.511351 -0.074819
v -0.394773 -0.511053 -0.074544
v -0.394725 -0.510806 -0.074221
v -0.394687 -0.510618 -0.073859
v -0.394663 -0.510495 -0.073469
v -0.394652 -0.510440 -0.073063
v -0.394655 -0.510454 -0.072654
v -0.394672 -0.510539 -0.072254
v -0.394701 -0.510690 -0.071874
v -0.394744 -0.510903 -0.071527
v -0.394797 -0.511173 -0.071223
v -0.394860 -0.511490 -0.070971
v -0.403694 -0.512345 -0.074918
v -0.403198 -0.509840 -0.070971
v -0.403135 -0.509523 -0.071223
v -0.403082 -0.509254 -0.071527
v -0.403040 -0.509040 -0.071874
v -0.403010 -0.508889 -0.072254
v -0.402993 -0.508805 -0.072654
v -0.402990 -0.508790 -0.073063
v -0.403001 -0.508845 -0.073469
v -0.403026 -0.508969 -0.073859
v -0.403063 -0.509157 -0.074221
v -0.403112 -0.509404 -0.074544
v -0.403171 -0.509702 -0.074819
v -0.403238 -0.510042 -0.075037
v -0.403312 -0.510414 -0.075191
v -0.403389 -0.510807 -0.075277
v -0.403469 -0.511209 -0.075292
v -0.403548 -0.511607 -0.075235
v -0.403623 -0.511989 -0.075109
v -0.395416 -0.514301 -0.075401
v -0.395494 -0.514695 -0.075087
v -0.395560 -0.515031 -0.074709
v -0.395613 -0.515296 -0.074277
v -0.395650 -0.515485 -0.073805
v -0.395671 -0.515589 -0.073306
v -0.395674 -0.515608 -0.072797
v -0.395661 -0.515539 -0.072292
v -0.395630 -0.515385 -0.071806
v -0.395584 -0.515151 -0.071356
v -0.395523 -0.514844 -0.070954
v -0.395450 -0.514473 -0.070612
v -0.395366 -0.514049 -0.070341
v -0.395274 -0.513586 -0.070149
v -0.395178 -0.513097 -0.070042
v -0.395079 -0.512597 -0.070023
v -0.394981 -0.512102 -0.070093
v -0.394887 -0.511626 -0.070250
v -0.394799 -0.511184 -0.070489
v -0.394721 -0.510789 -0.070802
v -0.394655 -0.510454 -0.071180
v -0.394602 -0.510188 -0.071612
v -0.394565 -0.510000 -0.072084
v -0.394544 -0.509895 -0.072583
v -0.394541 -0.509876 -0.073092
v -0.394554 -0.509945 -0.073598
v -0.394585 -0.510099 -0.074083
v -0.394631 -0.510333 -0.074533
v -0.394692 -0.510640 -0.074936
v -0.394765 -0.511011 -0.075277
v -0.394849 -0.511435 -0.075548
v -0.394941 -0.511898 -0.075740
v -0.395037 -0.512387 -0.075847
v -0.395136 -0.512887 -0.075866
v -0.395234 -0.513383 -0.075796
v -0.395328 -0.513859 -0.075639
v -0.395355 -0.513994 -0.074918
v -0.395285 -0.513639 -0.075109
v -0.395209 -0.513257 -0.075235
v -0.395131 -0.512859 -0.075292
v -0.395051 -0.512457 -0.075277
v -0.394973 -0.512064 -0.075191
v -0.394900 -0.511692 -0.075037
v -0.394832 -0.511351 -0.074819
v -0.394773 -0.511053 -0.074544
v -0.394725 -0.510806 -0.074221
v -0.394687 -0.510618 -0.073859
v -0.394663 -0.510495 -0.073469
v -0.394652 -0.510440 -0.073063
v -0.394655 -0.510454 -0.072654
v -0.394672 -0.510539 -0.072254
v -0.394701 -0.510690 -0.071874
v -0.394744 -0.510903 -0.071527
v -0.394797 -0.511173 -0.071223
v -0.394860 -0.511490 -0.070971
v -0.394930 -0.511845 -0.070780
v -0.395006 -0.512227 -0.070654
v -0.395084 -0.512626 -0.070598
v -0.395164 -0.513027 -0.070613
v -0.395242 -0.513420 -0.070698
v -0.395315 -0.513792 -0.070853
v -0.395383 -0.514133 -0.071070
v -0.395442 -0.514431 -0.071345
v -0.395490 -0.514678 -0.071668
v -0.395528 -0.514866 -0.072030
v -0.395552 -0.514989 -0.072420
v -0.395563 -0.515044 -0.072826
v -0.395560 -0.515030 -0.073235
v -0.395543 -0.514945 -0.073636
v -0.395514 -0.514794 -0.074015
v -0.395471 -0.514581 -0.074362
v -0.395418 -0.514311 -0.074666
v -0.391856 -0.511766 -0.070489
v -0.391778 -0.511371 -0.070802
v -0.391712 -0.511036 -0.071180
v -0.391659 -0.510770 -0.071612
v -0.391622 -0.510582 -0.072084
v -0.391601 -0.510477 -0.072583
v -0.391598 -0.510459 -0.073092
v -0.391611 -0.510527 -0.073598
v -0.391642 -0.510681 -0.074083
v -0.391688 -0.510915 -0.074533
v -0.391749 -0.511222 -0.074936
v -0.391822 -0.511593 -0.075277
v -0.391906 -0.512017 -0.075548
v -0.391998 -0.512481 -0.075740
v -0.392094 -0.512970 -0.075847
v -0.392193 -0.513469 -0.075866
v -0.392291 -0.513965 -0.075796
v -0.392385 -0.514441 -0.075639
v -0.392473 -0.514883 -0.075401
v -0.395416 -0.514301 -0.075401
v -0.394799 -0.511184 -0.070489
v -0.394721 -0.510789 -0.070802
v -0.394655 -0.510454 -0.071180
v -0.394602 -0.510188 -0.071612
v -0.394565 -0.510000 -0.072084
v -0.394544 -0.509895 -0.072583
v -0.394541 -0.509876 -0.073092
v -0.394554 -0.509945 -0.073598
v -0.394585 -0.510099 -0.074083
v -0.394631 -0.510333 -0.074533
v -0.394692 -0.510640 -0.074936
v -0.394765 -0.511011 -0.075277
v -0.394849 -0.511435 -0.075548
v -0.394941 -0.511898 -0.075740
v -0.395037 -0.512387 -0.075847
v -0.395136 -0.512887 -0.075866
v -0.395234 -0.513383 -0.075796
v -0.395328 -0.513859 -0.075639
v -0.395416 -0.514301 -0.075401
v -0.392473 -0.514883 -0.075401
v -0.392551 -0.515278 -0.075087
v -0.392617 -0.515613 -0.074709
v -0.392670 -0.515879 -0.074277
v -0.392707 -0.516067 -0.073805
v -0.392728 -0.516172 -0.073306
v -0.392732 -0.516190 -0.072797
v -0.392718 -0.516121 -0.072292
v -0.392688 -0.515968 -0.071806
v -0.392641 -0.515734 -0.071356
v -0.392580 -0.515426 -0.070954
v -0.392507 -0.515055 -0.070612
v -0.392423 -0.514632 -0.070341
v -0.392331 -0.514168 -0.070149
v -0.392235 -0.513679 -0.070042
v -0.392136 -0.513179 -0.070023
v -0.392038 -0.512684 -0.070093
v -0.391944 -0.512208 -0.070250
v -0.391856 -0.511766 -0.070489
v -0.394799 -0.511184 -0.070489
v -0.395494 -0.514695 -0.075087
v -0.395560 -0.515031 -0.074709
v -0.395613 -0.515296 -0.074277
v -0.395650 -0.515485 -0.073805
v -0.395671 -0.515589 -0.073306
v -0.395674 -0.515608 -0.072797
v -0.395661 -0.515539 -0.072292
v -0.395630 -0.515385 -0.071806
v -0.395584 -0.515151 -0.071356
v -0.395523 -0.514844 -0.070954
v -0.395450 -0.514473 -0.070612
v -0.395366 -0.514049 -0.070341
v -0.395274 -0.513586 -0.070149
v -0.395178 -0.513097 -0.070042
v -0.395079 -0.512597 -0.070023
v -0.394981 -0.512102 -0.070093
v -0.394887 -0.511626 -0.070250
v -0.403694 -0.512345 -0.074918
v -0.395355 -0.513994 -0.074918
v -0.394860 -0.511490 -0.070971
v -0.394930 -0.511845 -0.070780
v -0.395006 -0.512227 -0.070654
v -0.395084 -0.512626 -0.070598
v -0.395164 -0.513027 -0.070613
v -0.395242 -0.513420 -0.070698
v -0.395315 -0.513792 -0.070853
v -0.395383 -0.514133 -0.071070
v -0.395442 -0.514431 -0.071345
v -0.395490 -0.514678 -0.071668
v -0.395528 -0.514866 -0.072030
v -0.395552 -0.514989 -0.072420
v -0.395563 -0.515044 -0.072826
v -0.395560 -0.515030 -0.073235
v -0.395543 -0.514945 -0.073636
v -0.395514 -0.514794 -0.074015
v -0.395471 -0.514581 -0.074362
v -0.395418 -0.514311 -0.074666
v -0.403198 -0.509840 -0.070971
v -0.403756 -0.512662 -0.074666
v -0.403810 -0.512931 -0.074362
v -0.403852 -0.513145 -0.074015
v -0.403882 -0.513296 -0.073636
v -0.403898 -0.513380 -0.073235
v -0.403901 -0.513395 -0.072826
v -0.403890 -0.513339 -0.072420
v -0.403866 -0.513216 -0.072030
v -0.403829 -0.513028 -0.071668
v -0.403780 -0.512781 -0.071345
v -0.403721 -0.512483 -0.071070
v -0.403654 -0.512143 -0.070853
v -0.403580 -0.511770 -0.070698
v -0.403502 -0.511377 -0.070613
v -0.403423 -0.510976 -0.070598
v -0.403344 -0.510578 -0.070654
v -0.403268 -0.510195 -0.070780
v -0.403280 -0.510253 -0.071622
v -0.416523 -0.507633 -0.071622
v -0.416570 -0.507871 -0.071494
v -0.416621 -0.508127 -0.071409
v -0.416674 -0.508394 -0.071372
v -0.416727 -0.508663 -0.071382
v -0.416779 -0.508927 -0.071439
v -0.416828 -0.509176 -0.071543
v -0.416874 -0.509404 -0.071688
v -0.416913 -0.509604 -0.071872
v -0.416946 -0.509769 -0.072089
v -0.416971 -0.509895 -0.072332
v -0.416987 -0.509978 -0.072593
v -0.416994 -0.510015 -0.072865
v -0.416992 -0.510005 -0.073139
v -0.416981 -0.509949 -0.073408
v -0.416961 -0.509848 -0.073662
v -0.416933 -0.509704 -0.073895
v -0.416897 -0.509524 -0.074098
v -0.416855 -0.509311 -0.074267
v -0.403612 -0.511932 -0.074267
v -0.403327 -0.510491 -0.071494
v -0.403378 -0.510747 -0.071409
v -0.403430 -0.511014 -0.071372
v -0.403484 -0.511283 -0.071382
v -0.403536 -0.511547 -0.071439
v -0.403585 -0.511796 -0.071543
v -0.403630 -0.512024 -0.071688
v -0.403670 -0.512224 -0.071872
v -0.403703 -0.512390 -0.072089
v -0.403727 -0.512516 -0.072332
v -0.403744 -0.512598 -0.072593
v -0.403751 -0.512635 -0.072865
v -0.403749 -0.512626 -0.073139
v -0.403738 -0.512569 -0.073408
v -0.403718 -0.512468 -0.073662
v -0.403690 -0.512325 -0.073895
v -0.403654 -0.512144 -0.074098
v -0.417385 -0.511992 -0.040318
v -0.417338 -0.511754 -0.040446
v -0.417288 -0.511497 -0.040531
v -0.417235 -0.511231 -0.040569
v -0.417182 -0.510961 -0.040558
v -0.417130 -0.510698 -0.040501
v -0.417080 -0.510449 -0.040398
v -0.417035 -0.510220 -0.040252
v -0.416996 -0.510021 -0.040068
v -0.416963 -0.509855 -0.039851
v -0.416938 -0.509729 -0.039608
v -0.416921 -0.509646 -0.039347
v -0.416914 -0.509609 -0.039075
v -0.416916 -0.509619 -0.038801
v -0.416927 -0.509676 -0.038532
v -0.416947 -0.509777 -0.038278
v -0.416976 -0.509920 -0.038045
v -0.417011 -0.510101 -0.037842
v -0.417053 -0.510313 -0.037673
v -0.403810 -0.512933 -0.037673
v -0.404142 -0.514612 -0.040318
v -0.404095 -0.514374 -0.040446
v -0.404044 -0.514118 -0.040531
v -0.403992 -0.513851 -0.040569
v -0.403938 -0.513582 -0.040558
v -0.403886 -0.513318 -0.040501
v -0.403837 -0.513069 -0.040398
v -0.403792 -0.512841 -0.040252
v -0.403752 -0.512641 -0.040068
v -0.403719 -0.512475 -0.039851
v -0.403695 -0.512349 -0.039608
v -0.403678 -0.512267 -0.039347
v -0.403671 -0.512230 -0.039075
v -0.403673 -0.512239 -0.038801
v -0.403684 -0.512296 -0.038532
v -0.403704 -0.512397 -0.038278
v -0.403732 -0.512540 -0.038045
v -0.403768 -0.512721 -0.037842
v -0.404224 -0.515025 -0.040969
v -0.404287 -0.515342 -0.040717
v -0.404340 -0.515611 -0.040413
v -0.404382 -0.515825 -0.040066
v -0.404412 -0.515976 -0.039687
v -0.404429 -0.516060 -0.039286
v -0.404432 -0.516075 -0.038877
v -0.404421 -0.516020 -0.038471
v -0.404396 -0.515896 -0.038081
v -0.404359 -0.515708 -0.037719
v -0.404310 -0.515461 -0.037396
v -0.404251 -0.515163 -0.037121
v -0.404184 -0.514823 -0.036904
v -0.404110 -0.514451 -0.036749
v -0.404033 -0.514058 -0.036664
v -0.403953 -0.513656 -0.036649
v -0.403874 -0.513258 -0.036705
v -0.403799 -0.512876 -0.036831
v -0.403728 -0.512521 -0.037022
v -0.403666 -0.512203 -0.037274
v -0.403612 -0.511934 -0.037578
v -0.403570 -0.511720 -0.037925
v -0.403540 -0.511569 -0.038304
v -0.403524 -0.511485 -0.038705
v -0.403521 -0.511470 -0.039114
v -0.403532 -0.511526 -0.039520
v -0.403556 -0.511649 -0.039910
v -0.403593 -0.511837 -0.040272
v -0.403642 -0.512084 -0.040595
v -0.403701 -0.512382 -0.040870
v -0.403768 -0.512722 -0.041088
v -0.403842 -0.513095 -0.041242
v -0.403920 -0.513488 -0.041327
v -0.403999 -0.513889 -0.041343
v -0.404078 -0.514287 -0.041286
v -0.404154 -0.514670 -0.041160
v -0.403810 -0.512933 -0.037673
v -0.403857 -0.513171 -0.037545
v -0.403908 -0.513428 -0.037460
v -0.403961 -0.513695 -0.037423
v -0.404014 -0.513964 -0.037433
v -0.404066 -0.514227 -0.037490
v -0.404115 -0.514477 -0.037593
v -0.404161 -0.514705 -0.037739
v -0.404200 -0.514904 -0.037923
v -0.404233 -0.515070 -0.038140
v -0.404258 -0.515196 -0.038383
v -0.404274 -0.515279 -0.038644
v -0.404281 -0.515316 -0.038916
v -0.404279 -0.515306 -0.039190
v -0.404268 -0.515249 -0.039459
v -0.404248 -0.515148 -0.039713
v -0.404220 -0.515005 -0.039946
v -0.404184 -0.514824 -0.040149
v -0.404142 -0.514612 -0.040318
v -0.404095 -0.514374 -0.040446
v -0.404044 -0.514118 -0.040531
v -0.403992 -0.513851 -0.040569
v -0.403938 -0.513582 -0.040558
v -0.403886 -0.513318 -0.040501
v -0.403837 -0.513069 -0.040398
v -0.403792 -0.512841 -0.040252
v -0.403752 -0.512641 -0.040068
v -0.403719 -0.512475 -0.039851
v -0.403695 -0.512349 -0.039608
v -0.403678 -0.512267 -0.039347
v -0.403671 -0.512230 -0.039075
v -0.403673 -0.512239 -0.038801
v -0.403684 -0.512296 -0.038532
v -0.403704 -0.512397 -0.038278
v -0.403732 -0.512540 -0.038045
v -0.403768 -0.512721 -0.037842
v -0.395886 -0.516675 -0.040969
v -0.395815 -0.516319 -0.041160
v -0.395740 -0.515937 -0.041286
v -0.395661 -0.515539 -0.041343
v -0.395581 -0.515137 -0.041327
v -0.395504 -0.514744 -0.041242
v -0.395430 -0.514372 -0.041088
v -0.395363 -0.514032 -0.040870
v -0.395304 -0.513734 -0.040595
v -0.395255 -0.513487 -0.040272
v -0.395218 -0.513299 -0.039910
v -0.395193 -0.513175 -0.039520
v -0.395182 -0.513120 -0.039114
v -0.395185 -0.513135 -0.038705
v -0.395202 -0.513219 -0.038304
v -0.395232 -0.513370 -0.037925
v -0.395274 -0.513584 -0.037578
v -0.395327 -0.513853 -0.037274
v -0.395390 -0.514170 -0.037022
v -0.404224 -0.515025 -0.040969
v -0.403728 -0.512521 -0.037022
v -0.403666 -0.512203 -0.037274
v -0.403612 -0.511934 -0.037578
v -0.403570 -0.511720 -0.037925
v -0.403540 -0.511569 -0.038304
v -0.403524 -0.511485 -0.038705
v -0.403521 -0.511470 -0.039114
v -0.403532 -0.511526 -0.039520
v -0.403556 -0.511649 -0.039910
v -0.403593 -0.511837 -0.040272
v -0.403642 -0.512084 -0.040595
v -0.403701 -0.512382 -0.040870
v -0.403768 -0.512722 -0.041088
v -0.403842 -0.513095 -0.041242
v -0.403920 -0.513488 -0.041327
v -0.403999 -0.513889 -0.041343
v -0.404078 -0.514287 -0.041286
v -0.404154 -0.514670 -0.041160
v -0.395946 -0.516981 -0.041451
v -0.396024 -0.517376 -0.041138
v -0.396091 -0.517711 -0.040760
v -0.396143 -0.517977 -0.040328
v -0.396180 -0.518165 -0.039856
v -0.396201 -0.518270 -0.039357
v -0.396205 -0.518288 -0.038848
v -0.396191 -0.518219 -0.038343
v -0.396161 -0.518066 -0.037857
v -0.396114 -0.517832 -0.037407
v -0.396054 -0.517524 -0.037004
v -0.395980 -0.517153 -0.036663
v -0.395896 -0.516730 -0.036392
v -0.395805 -0.516266 -0.036200
v -0.395708 -0.515777 -0.036093
v -0.395609 -0.515277 -0.036074
v -0.395511 -0.514782 -0.036144
v -0.395417 -0.514306 -0.036301
v -0.395329 -0.513864 -0.036540
v -0.395251 -0.513469 -0.036853
v -0.395185 -0.513134 -0.037231
v -0.395132 -0.512868 -0.037663
v -0.395095 -0.512680 -0.038135
v -0.395074 -0.512575 -0.038634
v -0.395071 -0.512557 -0.039143
v -0.395084 -0.512625 -0.039648
v -0.395115 -0.512779 -0.040134
v -0.395161 -0.513013 -0.040584
v -0.395222 -0.513320 -0.040987
v -0.395295 -0.513692 -0.041328
v -0.395379 -0.514115 -0.041599
v -0.395471 -0.514579 -0.041791
v -0.395568 -0.515068 -0.041898
v -0.395666 -0.515568 -0.041917
v -0.395765 -0.516063 -0.041847
v -0.395859 -0.516539 -0.041690
v -0.395886 -0.516675 -0.040969
v -0.395815 -0.516319 -0.041160
v -0.395740 -0.515937 -0.041286
v -0.395661 -0.515539 -0.041343
v -0.395581 -0.515137 -0.041327
v -0.395504 -0.514744 -0.041242
v -0.395430 -0.514372 -0.041088
v -0.395363 -0.514032 -0.040870
v -0.395304 -0.513734 -0.040595
v -0.395255 -0.513487 -0.040272
v -0.395218 -0.513299 -0.039910
v -0.395193 -0.513175 -0.039520
v -0.395182 -0.513120 -0.039114
v -0.395185 -0.513135 -0.038705
v -0.395202 -0.513219 -0.038304
v -0.395232 -0.513370 -0.037925
v -0.395274 -0.513584 -0.037578
v -0.395327 -0.513853 -0.037274
v -0.395390 -0.514170 -0.037022
v -0.395460 -0.514525 -0.036831
v -0.395536 -0.514908 -0.036705
v -0.395615 -0.515306 -0.036649
v -0.395694 -0.515707 -0.036664
v -0.395772 -0.516100 -0.036749
v -0.395846 -0.516473 -0.036904
v -0.395913 -0.516813 -0.037121
v -0.395972 -0.517111 -0.037396
v -0.396021 -0.517358 -0.037719
v -0.396058 -0.517546 -0.038081
v -0.396082 -0.517670 -0.038471
v -0.396093 -0.517725 -0.038877
v -0.396090 -0.517710 -0.039286
v -0.396074 -0.517626 -0.039687
v -0.396044 -0.517475 -0.040066
v -0.396002 -0.517261 -0.040413
v -0.395948 -0.516992 -0.040717
v -0.392386 -0.514446 -0.036540
v -0.392308 -0.514051 -0.036853
v -0.392242 -0.513716 -0.037231
v -0.392189 -0.513450 -0.037663
v -0.392152 -0.513262 -0.038135
v -0.392131 -0.513157 -0.038634
v -0.392128 -0.513139 -0.039143
v -0.392141 -0.513208 -0.039648
v -0.392172 -0.513361 -0.040134
v -0.392218 -0.513595 -0.040584
v -0.392279 -0.513903 -0.040987
v -0.392352 -0.514274 -0.041328
v -0.392436 -0.514697 -0.041599
v -0.392528 -0.515161 -0.041791
v -0.392625 -0.515650 -0.041898
v -0.392724 -0.516150 -0.041917
v -0.392822 -0.516645 -0.041847
v -0.392916 -0.517121 -0.041690
v -0.393003 -0.517563 -0.041451
v -0.395946 -0.516981 -0.041451
v -0.395329 -0.513864 -0.036540
v -0.395251 -0.513469 -0.036853
v -0.395185 -0.513134 -0.037231
v -0.395132 -0.512868 -0.037663
v -0.395095 -0.512680 -0.038135
v -0.395074 -0.512575 -0.038634
v -0.395071 -0.512557 -0.039143
v -0.395084 -0.512625 -0.039648
v -0.395115 -0.512779 -0.040134
v -0.395161 -0.513013 -0.040584
v -0.395222 -0.513320 -0.040987
v -0.395295 -0.513692 -0.041328
v -0.395379 -0.514115 -0.041599
v -0.395471 -0.514579 -0.041791
v -0.395568 -0.515068 -0.041898
v -0.395666 -0.515568 -0.041917
v -0.395765 -0.516063 -0.041847
v -0.395859 -0.516539 -0.041690
v -0.395946 -0.516981 -0.041451
v -0.393003 -0.517563 -0.041451
v -0.393081 -0.517958 -0.041138
v -0.393148 -0.518293 -0.040760
v -0.393200 -0.518559 -0.040328
v -0.393237 -0.518747 -0.039856
v -0.393258 -0.518852 -0.039357
v -0.393262 -0.518870 -0.038848
v -0.393248 -0.518802 -0.038343
v -0.393218 -0.518648 -0.037857
v -0.393171 -0.518414 -0.037407
v -0.393111 -0.518107 -0.037004
v -0.393037 -0.517736 -0.036663
v -0.392953 -0.517312 -0.036392
v -0.392862 -0.516848 -0.036200
v -0.392765 -0.516359 -0.036093
v -0.392666 -0.515860 -0.036074
v -0.392568 -0.515364 -0.036144
v -0.392474 -0.514888 -0.036301
v -0.392386 -0.514446 -0.036540
v -0.395329 -0.513864 -0.036540
v -0.396024 -0.517376 -0.041138
v -0.396091 -0.517711 -0.040760
v -0.396143 -0.517977 -0.040328
v -0.396180 -0.518165 -0.039856
v -0.396201 -0.518270 -0.039357
v -0.396205 -0.518288 -0.038848
v -0.396191 -0.518219 -0.038343
v -0.396161 -0.518066 -0.037857
v -0.396114 -0.517832 -0.037407
v -0.396054 -0.517524 -0.037004
v -0.395980 -0.517153 -0.036663
v -0.395896 -0.516730 -0.036392
v -0.395805 -0.516266 -0.036200
v -0.395708 -0.515777 -0.036093
v -0.395609 -0.515277 -0.036074
v -0.395511 -0.514782 -0.036144
v -0.395417 -0.514306 -0.036301
v -0.404224 -0.515025 -0.040969
v -0.395886 -0.516675 -0.040969
v -0.395390 -0.514170 -0.037022
v -0.395460 -0.514525 -0.036831
v -0.395536 -0.514908 -0.036705
v -0.395615 -0.515306 -0.036649
v -0.395694 -0.515707 -0.036664
v -0.395772 -0.516100 -0.036749
v -0.395846 -0.516473 -0.036904
v -0.395913 -0.516813 -0.037121
v -0.395972 -0.517111 -0.037396
v -0.396021 -0.517358 -0.037719
v -0.396058 -0.517546 -0.038081
v -0.396082 -0.517670 -0.038471
v -0.396093 -0.517725 -0.038877
v -0.396090 -0.517710 -0.039286
v -0.396074 -0.517626 -0.039687
v -0.396044 -0.517475 -0.040066
v -0.396002 -0.517261 -0.040413
v -0.395948 -0.516992 -0.040717
v -0.403728 -0.512521 -0.037022
v -0.404287 -0.515342 -0.040717
v -0.404340 -0.515611 -0.040413
v -0.404382 -0.515825 -0.040066
v -0.404412 -0.515976 -0.039687
v -0.404429 -0.516060 -0.039286
v -0.404432 -0.516075 -0.038877
v -0.404421 -0.516020 -0.038471
v -0.404396 -0.515896 -0.038081
v -0.404359 -0.515708 -0.037719
v -0.404310 -0.515461 -0.037396
v -0.404251 -0.515163 -0.037121
v -0.404184 -0.514823 -0.036904
v -0.404110 -0.514451 -0.036749
v -0.404033 -0.514058 -0.036664
v -0.403953 -0.513656 -0.036649
v -0.403874 -0.513258 -0.036705
v -0.403799 -0.512876 -0.036831
v -0.403810 -0.512933 -0.037673
v -0.417053 -0.510313 -0.037673
v -0.417100 -0.510551 -0.037545
v -0.417151 -0.510808 -0.037460
v -0.417204 -0.511074 -0.037423
v -0.417257 -0.511343 -0.037433
v -0.417309 -0.511607 -0.037490
v -0.417359 -0.511856 -0.037593
v -0.417404 -0.512084 -0.037739
v -0.417443 -0.512284 -0.037923
v -0.417476 -0.512450 -0.038140
v -0.417501 -0.512576 -0.038383
v -0.417517 -0.512659 -0.038644
v -0.417525 -0.512696 -0.038916
v -0.417523 -0.512686 -0.039190
v -0.417512 -0.512629 -0.039459
v -0.417492 -0.512528 -0.039713
v -0.417463 -0.512385 -0.039946
v -0.417428 -0.512204 -0.040149
v -0.417385 -0.511992 -0.040318
v -0.404142 -0.514612 -0.040318
v -0.403857 -0.513171 -0.037545
v -0.403908 -0.513428 -0.037460
v -0.403961 -0.513695 -0.037423
v -0.404014 -0.513964 -0.037433
v -0.404066 -0.514227 -0.037490
v -0.404115 -0.514477 -0.037593
v -0.404161 -0.514705 -0.037739
v -0.404200 -0.514904 -0.037923
v -0.404233 -0.515070 -0.038140
v -0.404258 -0.515196 -0.038383
v -0.404274 -0.515279 -0.038644
v -0.404281 -0.515316 -0.038916
v -0.404279 -0.515306 -0.039190
v -0.404268 -0.515249 -0.039459
v -0.404248 -0.515148 -0.039713
v -0.404220 -0.515005 -0.039946
v -0.404184 -0.514824 -0.040149
v -0.422420 -0.537436 -0.018244
v -0.422373 -0.537198 -0.018373
v -0.422322 -0.536942 -0.018457
v -0.422269 -0.536675 -0.018495
v -0.422216 -0.536406 -0.018485
v -0.422164 -0.536143 -0.018427
v -0.422114 -0.535893 -0.018324
v -0.422069 -0.535665 -0.018178
v -0.422030 -0.535465 -0.017994
v -0.421997 -0.535300 -0.017777
v -0.421972 -0.535174 -0.017535
v -0.421956 -0.535091 -0.017273
v -0.421948 -0.535054 -0.017002
v -0.421950 -0.535064 -0.016727
v -0.421961 -0.535120 -0.016459
v -0.421981 -0.535221 -0.016204
v -0.422010 -0.535365 -0.015972
v -0.422046 -0.535545 -0.015768
v -0.422088 -0.535758 -0.015599
v -0.408844 -0.538378 -0.015599
v -0.409176 -0.540056 -0.018244
v -0.409129 -0.539818 -0.018373
v -0.409079 -0.539562 -0.018457
v -0.409026 -0.539295 -0.018495
v -0.408973 -0.539026 -0.018485
v -0.408920 -0.538763 -0.018427
v -0.408871 -0.538513 -0.018324
v -0.408826 -0.538285 -0.018178
v -0.408786 -0.538085 -0.017994
v -0.408754 -0.537920 -0.017777
v -0.408729 -0.537794 -0.017535
v -0.408712 -0.537711 -0.017273
v -0.408705 -0.537674 -0.017002
v -0.408707 -0.537684 -0.016727
v -0.408718 -0.537740 -0.016459
v -0.408738 -0.537842 -0.016204
v -0.408767 -0.537985 -0.015972
v -0.408802 -0.538165 -0.015768
v -0.409258 -0.540469 -0.018895
v -0.409321 -0.540786 -0.018643
v -0.409374 -0.541056 -0.018339
v -0.409416 -0.541269 -0.017992
v -0.409446 -0.541420 -0.017613
v -0.409463 -0.541505 -0.017212
v -0.409466 -0.541519 -0.016803
v -0.409455 -0.541464 -0.016397
v -0.409430 -0.541341 -0.016008
v -0.409393 -0.541153 -0.015645
v -0.409344 -0.540906 -0.015322
v -0.409285 -0.540608 -0.015048
v -0.409218 -0.540267 -0.014830
v -0.409144 -0.539895 -0.014676
v -0.409067 -0.539502 -0.014590
v -0.408987 -0.539100 -0.014575
v -0.408909 -0.538702 -0.014631
v -0.408833 -0.538320 -0.014757
v -0.408763 -0.537965 -0.014949
v -0.408700 -0.537648 -0.015200
v -0.408647 -0.537378 -0.015504
v -0.408604 -0.537165 -0.015851
v -0.408574 -0.537014 -0.016231
v -0.408558 -0.536929 -0.016631
v -0.408555 -0.536915 -0.017041
v -0.408566 -0.536970 -0.017446
v -0.408590 -0.537093 -0.017836
v -0.408627 -0.537281 -0.018198
v -0.408676 -0.537528 -0.018522
v -0.408735 -0.537826 -0.018796
v -0.408803 -0.538167 -0.019014
v -0.408876 -0.538539 -0.019168
v -0.408954 -0.538932 -0.019254
v -0.409033 -0.539334 -0.019269
v -0.409112 -0.539732 -0.019213
v -0.409188 -0.540114 -0.019087
v -0.408844 -0.538378 -0.015599
v -0.408891 -0.538616 -0.015471
v -0.408942 -0.538872 -0.015387
v -0.408995 -0.539139 -0.015349
v -0.409048 -0.539408 -0.015359
v -0.409100 -0.539671 -0.015417
v -0.409150 -0.539921 -0.015520
v -0.409195 -0.540149 -0.015666
v -0.409234 -0.540349 -0.015850
v -0.409267 -0.540514 -0.016066
v -0.409292 -0.540640 -0.016309
v -0.409308 -0.540723 -0.016570
v -0.409316 -0.540760 -0.016842
v -0.409314 -0.540750 -0.017117
v -0.409302 -0.540694 -0.017385
v -0.409282 -0.540592 -0.017639
v -0.409254 -0.540449 -0.017872
v -0.409218 -0.540269 -0.018076
v -0.409176 -0.540056 -0.018244
v -0.409129 -0.539818 -0.018373
v -0.409079 -0.539562 -0.018457
v -0.409026 -0.539295 -0.018495
v -0.408973 -0.539026 -0.018485
v -0.408920 -0.538763 -0.018427
v -0.408871 -0.538513 -0.018324
v -0.408826 -0.538285 -0.018178
v -0.408786 -0.538085 -0.017994
v -0.408754 -0.537920 -0.017777
v -0.408729 -0.537794 -0.017535
v -0.408712 -0.537711 -0.017273
v -0.408705 -0.537674 -0.017002
v -0.408707 -0.537684 -0.016727
v -0.408718 -0.537740 -0.016459
v -0.408738 -0.537842 -0.016204
v -0.408767 -0.537985 -0.015972
v -0.408802 -0.538165 -0.015768
v -0.400920 -0.542119 -0.018895
v -0.400849 -0.541764 -0.019087
v -0.400774 -0.541381 -0.019213
v -0.400695 -0.540983 -0.019269
v -0.400616 -0.540582 -0.019254
v -0.400538 -0.540189 -0.019168
v -0.400464 -0.539817 -0.019014
v -0.400397 -0.539476 -0.018796
v -0.400338 -0.539178 -0.018522
v -0.400289 -0.538931 -0.018198
v -0.400252 -0.538743 -0.017836
v -0.400227 -0.538620 -0.017446
v -0.400216 -0.538564 -0.017041
v -0.400219 -0.538579 -0.016631
v -0.400236 -0.538663 -0.016231
v -0.400266 -0.538815 -0.015851
v -0.400308 -0.539028 -0.015504
v -0.400361 -0.539298 -0.015200
v -0.400424 -0.539615 -0.014949
v -0.409258 -0.540469 -0.018895
v -0.408763 -0.537965 -0.014949
v -0.408700 -0.537648 -0.015200
v -0.408647 -0.537378 -0.015504
v -0.408604 -0.537165 -0.015851
v -0.408574 -0.537014 -0.016231
v -0.408558 -0.536929 -0.016631
v -0.408555 -0.536915 -0.017041
v -0.408566 -0.536970 -0.017446
v -0.408590 -0.537093 -0.017836
v -0.408627 -0.537281 -0.018198
v -0.408676 -0.537528 -0.018522
v -0.408735 -0.537826 -0.018796
v -0.408803 -0.538167 -0.019014
v -0.408876 -0.538539 -0.019168
v -0.408954 -0.538932 -0.019254
v -0.409033 -0.539334 -0.019269
v -0.409112 -0.539732 -0.019213
v -0.409188 -0.540114 -0.019087
v -0.400980 -0.542425 -0.019378
v -0.401058 -0.542820 -0.019065
v -0.401125 -0.543155 -0.018686
v -0.401177 -0.543421 -0.018254
v -0.401215 -0.543609 -0.017782
v -0.401235 -0.543714 -0.017284
v -0.401239 -0.543732 -0.016774
v -0.401225 -0.543664 -0.016269
v -0.401195 -0.543510 -0.015784
v -0.401149 -0.543276 -0.015333
v -0.401088 -0.542969 -0.014931
v -0.401014 -0.542598 -0.014589
v -0.400931 -0.542174 -0.014318
v -0.400839 -0.541711 -0.014126
v -0.400742 -0.541222 -0.014019
v -0.400643 -0.540722 -0.014001
v -0.400545 -0.540226 -0.014071
v -0.400451 -0.539750 -0.014227
v -0.400364 -0.539308 -0.014466
v -0.400286 -0.538914 -0.014779
v -0.400219 -0.538578 -0.015157
v -0.400167 -0.538312 -0.015589
v -0.400129 -0.538124 -0.016062
v -0.400109 -0.538019 -0.016560
v -0.400105 -0.538001 -0.017070
v -0.400119 -0.538070 -0.017575
v -0.400149 -0.538224 -0.018060
v -0.400195 -0.538458 -0.018511
v -0.400256 -0.538765 -0.018913
v -0.400329 -0.539136 -0.019255
v -0.400413 -0.539560 -0.019526
v -0.400505 -0.540023 -0.019718
v -0.400602 -0.540512 -0.019824
v -0.400701 -0.541012 -0.019843
v -0.400799 -0.541507 -0.019773
v -0.400893 -0.541983 -0.019616
v -0.400920 -0.542119 -0.018895
v -0.400849 -0.541764 -0.019087
v -0.400774 -0.541381 -0.019213
v -0.400695 -0.540983 -0.019269
v -0.400616 -0.540582 -0.019254
v -0.400538 -0.540189 -0.019168
v -0.400464 -0.539817 -0.019014
v -0.400397 -0.539476 -0.018796
v -0.400338 -0.539178 -0.018522
v -0.400289 -0.538931 -0.018198
v -0.400252 -0.538743 -0.017836
v -0.400227 -0.538620 -0.017446
v -0.400216 -0.538564 -0.017041
v -0.400219 -0.538579 -0.016631
v -0.400236 -0.538663 -0.016231
v -0.400266 -0.538815 -0.015851
v -0.400308 -0.539028 -0.015504
v -0.400361 -0.539298 -0.015200
v -0.400424 -0.539615 -0.014949
v -0.400494 -0.539970 -0.014757
v -0.400570 -0.540352 -0.014631
v -0.400649 -0.540750 -0.014575
v -0.400728 -0.541152 -0.014590
v -0.400806 -0.541545 -0.014676
v -0.400880 -0.541917 -0.014830
v -0.400947 -0.542257 -0.015048
v -0.401006 -0.542556 -0.015322
v -0.401055 -0.542802 -0.015645
v -0.401092 -0.542990 -0.016008
v -0.401117 -0.543114 -0.016397
v -0.401127 -0.543169 -0.016803
v -0.401125 -0.543154 -0.017212
v -0.401108 -0.543070 -0.017613
v -0.401078 -0.542919 -0.017992
v -0.401036 -0.542705 -0.018339
v -0.400982 -0.542436 -0.018643
v -0.397421 -0.539891 -0.014466
v -0.397343 -0.539496 -0.014779
v -0.397276 -0.539161 -0.015157
v -0.397224 -0.538895 -0.015589
v -0.397186 -0.538707 -0.016062
v -0.397166 -0.538602 -0.016560
v -0.397162 -0.538583 -0.017070
v -0.397176 -0.538652 -0.017575
v -0.397206 -0.538806 -0.018060
v -0.397252 -0.539040 -0.018511
v -0.397313 -0.539347 -0.018913
v -0.397387 -0.539718 -0.019255
v -0.397470 -0.540142 -0.019526
v -0.397562 -0.540605 -0.019718
v -0.397659 -0.541094 -0.019824
v -0.397758 -0.541594 -0.019843
v -0.397856 -0.542090 -0.019773
v -0.397950 -0.542566 -0.019616
v -0.398037 -0.543008 -0.019378
v -0.400980 -0.542425 -0.019378
v -0.400364 -0.539308 -0.014466
v -0.400286 -0.538914 -0.014779
v -0.400219 -0.538578 -0.015157
v -0.400167 -0.538312 -0.015589
v -0.400129 -0.538124 -0.016062
v -0.400109 -0.538019 -0.016560
v -0.400105 -0.538001 -0.017070
v -0.400119 -0.538070 -0.017575
v -0.400149 -0.538224 -0.018060
v -0.400195 -0.538458 -0.018511
v -0.400256 -0.538765 -0.018913
v -0.400329 -0.539136 -0.019255
v -0.400413 -0.539560 -0.019526
v -0.400505 -0.540023 -0.019718
v -0.400602 -0.540512 -0.019824
v -0.400701 -0.541012 -0.019843
v -0.400799 -0.541507 -0.019773
v -0.400893 -0.541983 -0.019616
v -0.400980 -0.542425 -0.019378
v -0.398037 -0.543008 -0.019378
v -0.398115 -0.543402 -0.019065
v -0.398182 -0.543738 -0.018686
v -0.398234 -0.544003 -0.018254
v -0.398272 -0.544192 -0.017782
v -0.398292 -0.544296 -0.017284
v -0.398296 -0.544315 -0.016774
v -0.398282 -0.544246 -0.016269
v -0.398252 -0.544092 -0.015784
v -0.398206 -0.543858 -0.015333
v -0.398145 -0.543551 -0.014931
v -0.398071 -0.543180 -0.014589
v -0.397988 -0.542756 -0.014318
v -0.397896 -0.542293 -0.014126
v -0.397799 -0.541804 -0.014019
v -0.397700 -0.541304 -0.014001
v -0.397602 -0.540809 -0.014071
v -0.397508 -0.540333 -0.014227
v -0.397421 -0.539891 -0.014466
v -0.400364 -0.539308 -0.014466
v -0.401058 -0.542820 -0.019065
v -0.401125 -0.543155 -0.018686
v -0.401177 -0.543421 -0.018254
v -0.401215 -0.543609 -0.017782
v -0.401235 -0.543714 -0.017284
v -0.401239 -0.543732 -0.016774
v -0.401225 -0.543664 -0.016269
v -0.401195 -0.543510 -0.015784
v -0.401149 -0.543276 -0.015333
v -0.401088 -0.542969 -0.014931
v -0.401014 -0.542598 -0.014589
v -0.400931 -0.542174 -0.014318
v -0.400839 -0.541711 -0.014126
v -0.400742 -0.541222 -0.014019
v -0.400643 -0.540722 -0.014001
v -0.400545 -0.540226 -0.014071
v -0.400451 -0.539750 -0.014227
v -0.409258 -0.540469 -0.018895
v -0.400920 -0.542119 -0.018895
v -0.400424 -0.539615 -0.014949
v -0.400494 -0.539970 -0.014757
v -0.400570 -0.540352 -0.014631
v -0.400649 -0.540750 -0.014575
v -0.400728 -0.541152 -0.014590
v -0.400806 -0.541545 -0.014676
v -0.400880 -0.541917 -0.014830
v -0.400947 -0.542257 -0.015048
v -0.401006 -0.542556 -0.015322
v -0.401055 -0.542802 -0.015645
v -0.401092 -0.542990 -0.016008
v -0.401117 -0.543114 -0.016397
v -0.401127 -0.543169 -0.016803
v -0.401125 -0.543154 -0.017212
v -0.401108 -0.543070 -0.017613
v -0.401078 -0.542919 -0.017992
v -0.401036 -0.542705 -0.018339
v -0.400982 -0.542436 -0.018643
v -0.408763 -0.537965 -0.014949
v -0.409321 -0.540786 -0.018643
v -0.409374 -0.541056 -0.018339
v -0.409416 -0.541269 -0.017992
v -0.409446 -0.541420 -0.017613
v -0.409463 -0.541505 -0.017212
v -0.409466 -0.541519 -0.016803
v -0.409455 -0.541464 -0.016397
v -0.409430 -0.541341 -0.016008
v -0.409393 -0.541153 -0.015645
v -0.409344 -0.540906 -0.015322
v -0.409285 -0.540608 -0.015048
v -0.409218 -0.540267 -0.014830
v -0.409144 -0.539895 -0.014676
v -0.409067 -0.539502 -0.014590
v -0.408987 -0.539100 -0.014575
v -0.408909 -0.538702 -0.014631
v -0.408833 -0.538320 -0.014757
v -0.408844 -0.538378 -0.015599
v -0.422088 -0.535758 -0.015599
v -0.422135 -0.535996 -0.015471
v -0.422185 -0.536252 -0.015387
v -0.422238 -0.536519 -0.015349
v -0.422291 -0.536788 -0.015359
v -0.422343 -0.537051 -0.015417
v -0.422393 -0.537301 -0.015520
v -0.422438 -0.537529 -0.015666
v -0.422478 -0.537729 -0.015850
v -0.422510 -0.537894 -0.016066
v -0.422535 -0.538020 -0.016309
v -0.422552 -0.538103 -0.016570
v -0.422559 -0.538140 -0.016842
v -0.422557 -0.538130 -0.017117
v -0.422546 -0.538074 -0.017385
v -0.422526 -0.537972 -0.017639
v -0.422497 -0.537829 -0.017872
v -0.422462 -0.537649 -0.018076
v -0.422420 -0.537436 -0.018244
v -0.409176 -0.540056 -0.018244
v -0.408891 -0.538616 -0.015471
v -0.408942 -0.538872 -0.015387
v -0.408995 -0.539139 -0.015349
v -0.409048 -0.539408 -0.015359
v -0.409100 -0.539671 -0.015417
v -0.409150 -0.539921 -0.015520
v -0.409195 -0.540149 -0.015666
v -0.409234 -0.540349 -0.015850
v -0.409267 -0.540514 -0.016066
v -0.409292 -0.540640 -0.016309
v -0.409308 -0.540723 -0.016570
v -0.409316 -0.540760 -0.016842
v -0.409314 -0.540750 -0.017117
v -0.409302 -0.540694 -0.017385
v -0.409282 -0.540592 -0.017639
v -0.409254 -0.540449 -0.017872
v -0.409218 -0.540269 -0.018076
v -0.415433 -0.571681 -0.018332
v -0.428677 -0.569061 -0.018332
v -0.428724 -0.569299 -0.018203
v -0.428774 -0.569555 -0.018119
v -0.428827 -0.569822 -0.018081
v -0.428880 -0.570091 -0.018091
v -0.428933 -0.570355 -0.018149
v -0.428982 -0.570604 -0.018252
v -0.429027 -0.570832 -0.018398
v -0.429067 -0.571032 -0.018582
v -0.429099 -0.571198 -0.018799
v -0.429124 -0.571324 -0.019041
v -0.429141 -0.571406 -0.019303
v -0.429148 -0.571443 -0.019575
v -0.429146 -0.571434 -0.019849
v -0.429135 -0.571377 -0.020117
v -0.429115 -0.571276 -0.020372
v -0.429087 -0.571133 -0.020604
v -0.429051 -0.570952 -0.020808
v -0.429009 -0.570740 -0.020977
v -0.415765 -0.573360 -0.020977
v -0.415480 -0.571919 -0.018203
v -0.415531 -0.572176 -0.018119
v -0.415584 -0.572442 -0.018081
v -0.415637 -0.572712 -0.018091
v -0.415689 -0.572975 -0.018149
v -0.415739 -0.573224 -0.018252
v -0.415784 -0.573453 -0.018398
v -0.415823 -0.573652 -0.018582
v -0.415856 -0.573818 -0.018799
v -0.415881 -0.573944 -0.019041
v -0.415897 -0.574027 -0.019303
v -0.415905 -0.574064 -0.019575
v -0.415903 -0.574054 -0.019849
v -0.415892 -0.573997 -0.020117
v -0.415872 -0.573896 -0.020372
v -0.415843 -0.573753 -0.020604
v -0.415807 -0.573572 -0.020808
v -0.407509 -0.575422 -0.021627
v -0.407439 -0.575067 -0.021819
v -0.407363 -0.574685 -0.021945
v -0.407284 -0.574287 -0.022001
v -0.407205 -0.573885 -0.021986
v -0.407127 -0.573492 -0.021900
v -0.407053 -0.573120 -0.021746
v -0.406986 -0.572780 -0.021528
v -0.406927 -0.572481 -0.021254
v -0.406878 -0.572235 -0.020931
v -0.406841 -0.572047 -0.020569
v -0.406816 -0.571923 -0.020179
v -0.406806 -0.571868 -0.019773
v -0.406808 -0.571883 -0.019364
v -0.406825 -0.571967 -0.018963
v -0.406855 -0.572118 -0.018584
v -0.406897 -0.572332 -0.018237
v -0.406951 -0.572601 -0.017933
v -0.407013 -0.572918 -0.017681
v -0.415847 -0.573773 -0.021627
v -0.415352 -0.571268 -0.017681
v -0.415289 -0.570951 -0.017933
v -0.415236 -0.570682 -0.018237
v -0.415193 -0.570468 -0.018584
v -0.415163 -0.570317 -0.018963
v -0.415147 -0.570233 -0.019364
v -0.415144 -0.570218 -0.019773
v -0.415155 -0.570273 -0.020179
v -0.415179 -0.570397 -0.020569
v -0.415216 -0.570585 -0.020931
v -0.415265 -0.570832 -0.021254
v -0.415324 -0.571130 -0.021528
v -0.415392 -0.571470 -0.021746
v -0.415465 -0.571843 -0.021900
v -0.415543 -0.572236 -0.021986
v -0.415622 -0.572637 -0.022001
v -0.415701 -0.573035 -0.021945
v -0.415777 -0.573418 -0.021819
v -0.403366 -0.569941 -0.099983
v -0.404679 -0.576577 -0.096730
v -0.405874 -0.582616 -0.092340
v -0.406891 -0.587759 -0.087011
v -0.407707 -0.591880 -0.080949
v -0.403307 -0.569642 -0.099717
v -0.403240 -0.569303 -0.099508
v -0.403167 -0.568934 -0.099360
v -0.403090 -0.568545 -0.099280
v -0.403012 -0.568149 -0.099268
v -0.402934 -0.567757 -0.099326
v -0.402859 -0.567380 -0.099452
v -0.402790 -0.567030 -0.099641
v -0.402728 -0.566715 -0.099890
v -0.402675 -0.566448 -0.100190
v -0.402633 -0.566235 -0.100533
v -0.402603 -0.566083 -0.100908
v -0.402586 -0.565997 -0.101304
v -0.402582 -0.565978 -0.101709
v -0.402592 -0.566028 -0.102111
v -0.402615 -0.566146 -0.102498
v -0.402651 -0.566327 -0.102860
v -0.402698 -0.566566 -0.103184
v -0.402756 -0.566856 -0.103461
v -0.402822 -0.567189 -0.103683
v -0.402894 -0.567554 -0.103844
v -0.402970 -0.567941 -0.103939
v -0.403049 -0.568338 -0.103964
v -0.403127 -0.568733 -0.103919
v -0.403203 -0.569115 -0.103806
v -0.403273 -0.569472 -0.103627
v -0.403472 -0.570474 -0.106669
v -0.395112 -0.528224 -0.017287
v -0.393809 -0.521638 -0.022489
v -0.392696 -0.516011 -0.028752
v -0.391804 -0.511504 -0.035897
v -0.391160 -0.508250 -0.043715
v -0.390783 -0.506340 -0.051982
v -0.390682 -0.505830 -0.060460
v -0.390861 -0.506735 -0.068903
v -0.391315 -0.509030 -0.077068
v -0.392030 -0.512646 -0.084720
v -0.392987 -0.517481 -0.091637
v -0.394157 -0.523395 -0.097620
v -0.395507 -0.530217 -0.102496
v -0.396997 -0.537750 -0.106125
v -0.398585 -0.545777 -0.108402
v -0.400225 -0.554066 -0.109262
v -0.401870 -0.562378 -0.108678
v -0.409048 -0.598661 -0.081782
v -0.409674 -0.601825 -0.073707
v -0.410019 -0.603569 -0.065194
v -0.410073 -0.603840 -0.056503
v -0.409833 -0.602629 -0.047895
v -0.409308 -0.599973 -0.039631
v -0.408513 -0.595954 -0.031961
v -0.407472 -0.590691 -0.025117
v -0.406216 -0.584345 -0.019306
v -0.404784 -0.577107 -0.014704
v -0.403219 -0.569196 -0.011450
v -0.401568 -0.560852 -0.009642
v -0.399881 -0.552327 -0.009335
v -0.398210 -0.543878 -0.010539
v -0.396604 -0.535762 -0.013216
v -0.408500 -0.595888 -0.080357
v -0.408520 -0.595991 -0.079980
v -0.408528 -0.596031 -0.079591
v -0.408523 -0.596007 -0.079201
v -0.408506 -0.595920 -0.078820
v -0.408477 -0.595772 -0.078459
v -0.408436 -0.595568 -0.078128
v -0.408386 -0.595312 -0.077836
v -0.408327 -0.595013 -0.077591
v -0.408260 -0.594678 -0.077401
v -0.408189 -0.594317 -0.077269
v -0.408114 -0.593939 -0.077201
v -0.408038 -0.593555 -0.077197
v -0.407963 -0.593176 -0.077259
v -0.407891 -0.592812 -0.077383
v -0.407824 -0.592474 -0.077568
v -0.407765 -0.592175 -0.077802
v -0.407714 -0.591917 -0.078084
v -0.407673 -0.591708 -0.078404
v -0.407642 -0.591554 -0.078755
v -0.407623 -0.591457 -0.079127
v -0.407616 -0.591421 -0.079510
v -0.407621 -0.591447 -0.079893
v -0.407638 -0.591534 -0.080268
v -0.407667 -0.591680 -0.080623
v -0.393003 -0.517563 -0.041451
v -0.393081 -0.517958 -0.041138
v -0.393148 -0.518293 -0.040760
v -0.393200 -0.518559 -0.040328
v -0.393237 -0.518747 -0.039856
v -0.393258 -0.518852 -0.039357
v -0.393262 -0.518870 -0.038848
v -0.393248 -0.518802 -0.038343
v -0.393218 -0.518648 -0.037857
v -0.393171 -0.518414 -0.037407
v -0.393111 -0.518107 -0.037004
v -0.393037 -0.517736 -0.036663
v -0.392953 -0.517312 -0.036392
v -0.392862 -0.516848 -0.036200
v -0.392765 -0.516359 -0.036093
v -0.392666 -0.515860 -0.036074
v -0.392568 -0.515364 -0.036144
v -0.392474 -0.514888 -0.036301
v -0.392386 -0.514446 -0.036540
v -0.392308 -0.514051 -0.036853
v -0.392242 -0.513716 -0.037231
v -0.392189 -0.513450 -0.037663
v -0.392152 -0.513262 -0.038135
v -0.392131 -0.513157 -0.038634
v -0.392128 -0.513139 -0.039143
v -0.392141 -0.513208 -0.039648
v -0.392172 -0.513361 -0.040134
v -0.392218 -0.513595 -0.040584
v -0.392279 -0.513903 -0.040987
v -0.392352 -0.514274 -0.041328
v -0.392436 -0.514697 -0.041599
v -0.392528 -0.515161 -0.041791
v -0.392625 -0.515650 -0.041898
v -0.392724 -0.516150 -0.041917
v -0.392822 -0.516645 -0.041847
v -0.392916 -0.517121 -0.041690
v -0.392473 -0.514883 -0.075401
v -0.392551 -0.515278 -0.075087
v -0.392617 -0.515613 -0.074709
v -0.392670 -0.515879 -0.074277
v -0.392707 -0.516067 -0.073805
v -0.392728 -0.516172 -0.073306
v -0.392732 -0.516190 -0.072797
v -0.392718 -0.516121 -0.072292
v -0.392688 -0.515968 -0.071806
v -0.392641 -0.515734 -0.071356
v -0.392580 -0.515426 -0.070954
v -0.392507 -0.515055 -0.070612
v -0.392423 -0.514632 -0.070341
v -0.392331 -0.514168 -0.070149
v -0.392235 -0.513679 -0.070042
v -0.392136 -0.513179 -0.070023
v -0.392038 -0.512684 -0.070093
v -0.391944 -0.512208 -0.070250
v -0.391856 -0.511766 -0.070489
v -0.391778 -0.511371 -0.070802
v -0.391712 -0.511036 -0.071180
v -0.391659 -0.510770 -0.071612
v -0.391622 -0.510582 -0.072084
v -0.391601 -0.510477 -0.072583
v -0.391598 -0.510459 -0.073092
v -0.391611 -0.510527 -0.073598
v -0.391642 -0.510681 -0.074083
v -0.391688 -0.510915 -0.074533
v -0.391749 -0.511222 -0.074936
v -0.391822 -0.511593 -0.075277
v -0.391906 -0.512017 -0.075548
v -0.391998 -0.512481 -0.075740
v -0.392094 -0.512970 -0.075847
v -0.392193 -0.513469 -0.075866
v -0.392291 -0.513965 -0.075796
v -0.392385 -0.514441 -0.075639
v -0.396757 -0.536537 -0.101338
v -0.396835 -0.536931 -0.101025
v -0.396902 -0.537267 -0.100647
v -0.396954 -0.537533 -0.100215
v -0.396991 -0.537721 -0.099742
v -0.397012 -0.537826 -0.099244
v -0.397016 -0.537844 -0.098734
v -0.397002 -0.537775 -0.098229
v -0.396972 -0.537621 -0.097744
v -0.396925 -0.537387 -0.097293
v -0.396865 -0.537080 -0.096891
v -0.396791 -0.536709 -0.096549
v -0.396707 -0.536285 -0.096278
v -0.396616 -0.535822 -0.096087
v -0.396519 -0.535333 -0.095980
v -0.396420 -0.534833 -0.095961
v -0.396322 -0.534338 -0.096031
v -0.396228 -0.533862 -0.096188
v -0.396140 -0.533420 -0.096426
v -0.396062 -0.533025 -0.096739
v -0.395996 -0.532690 -0.097118
v -0.395943 -0.532424 -0.097550
v -0.395906 -0.532236 -0.098022
v -0.395885 -0.532131 -0.098521
v -0.395882 -0.532113 -0.099030
v -0.395895 -0.532181 -0.099535
v -0.395926 -0.532335 -0.100020
v -0.395972 -0.532569 -0.100471
v -0.396033 -0.532876 -0.100873
v -0.396106 -0.533247 -0.101215
v -0.396190 -0.533671 -0.101486
v -0.396282 -0.534134 -0.101678
v -0.396379 -0.534624 -0.101785
v -0.396477 -0.535123 -0.101803
v -0.396575 -0.535619 -0.101733
v -0.396670 -0.536095 -0.101577
v -0.408911 -0.597965 -0.048048
v -0.408989 -0.598360 -0.047735
v -0.409055 -0.598695 -0.047356
v -0.409108 -0.598961 -0.046924
v -0.409145 -0.599149 -0.046452
v -0.409166 -0.599254 -0.045953
v -0.409169 -0.599272 -0.045444
v -0.409156 -0.599203 -0.044939
v -0.409125 -0.599050 -0.044454
v -0.409079 -0.598816 -0.044003
v -0.409018 -0.598508 -0.043601
v -0.408945 -0.598137 -0.043259
v -0.408861 -0.597714 -0.042988
v -0.408769 -0.597250 -0.042796
v -0.408672 -0.596761 -0.042689
v -0.408574 -0.596261 -0.042671
v -0.408476 -0.595766 -0.042741
v -0.408381 -0.595290 -0.042897
v -0.408294 -0.594848 -0.043136
v -0.408216 -0.594453 -0.043449
v -0.408150 -0.594118 -0.043827
v -0.408097 -0.593852 -0.044259
v -0.408060 -0.593664 -0.044732
v -0.408039 -0.593559 -0.045230
v -0.408035 -0.593541 -0.045740
v -0.408049 -0.593609 -0.046245
v -0.408079 -0.593763 -0.046730
v -0.408126 -0.593997 -0.047181
v -0.408186 -0.594304 -0.047583
v -0.408260 -0.594676 -0.047925
v -0.408344 -0.595099 -0.048196
v -0.408435 -0.595563 -0.048387
v -0.408532 -0.596052 -0.048494
v -0.408631 -0.596551 -0.048513
v -0.408729 -0.597047 -0.048443
v -0.408823 -0.597523 -0.048286
v -0.404626 -0.576311 -0.022110
v -0.404705 -0.576706 -0.021797
v -0.404771 -0.577041 -0.021419
v -0.404823 -0.577307 -0.020987
v -0.404861 -0.577495 -0.020514
v -0.404881 -0.577600 -0.020016
v -0.404885 -0.577618 -0.019506
v -0.404871 -0.577550 -0.019001
v -0.404841 -0.577396 -0.018516
v -0.404795 -0.577162 -0.018065
v -0.404734 -0.576855 -0.017663
v -0.404661 -0.576483 -0.017321
v -0.404577 -0.576060 -0.017050
v -0.404485 -0.575596 -0.016858
v -0.404388 -0.575107 -0.016752
v -0.404289 -0.574607 -0.016733
v -0.404191 -0.574112 -0.016803
v -0.404097 -0.573636 -0.016960
v -0.404010 -0.573194 -0.017198
v -0.403932 -0.572799 -0.017511
v -0.403865 -0.572464 -0.017890
v -0.403813 -0.572198 -0.018322
v -0.403775 -0.572010 -0.018794
v -0.403755 -0.571905 -0.019293
v -0.403751 -0.571887 -0.019802
v -0.403765 -0.571956 -0.020307
v -0.403795 -0.572109 -0.020792
v -0.403841 -0.572343 -0.021243
v -0.403902 -0.572651 -0.021645
v -0.403976 -0.573022 -0.021987
v -0.404059 -0.573445 -0.022258
v -0.404151 -0.573909 -0.022450
v -0.404248 -0.574398 -0.022557
v -0.404347 -0.574898 -0.022575
v -0.404445 -0.575393 -0.022505
v -0.404539 -0.575869 -0.022349
v -0.398037 -0.543008 -0.019378
v -0.398115 -0.543402 -0.019065
v -0.398182 -0.543738 -0.018686
v -0.398234 -0.544003 -0.018254
v -0.398272 -0.544192 -0.017782
v -0.398292 -0.544296 -0.017284
v -0.398296 -0.544315 -0.016774
v -0.398282 -0.544246 -0.016269
v -0.398252 -0.544092 -0.015784
v -0.398206 -0.543858 -0.015333
v -0.398145 -0.543551 -0.014931
v -0.398071 -0.543180 -0.014589
v -0.397988 -0.542756 -0.014318
v -0.397896 -0.542293 -0.014126
v -0.397799 -0.541804 -0.014019
v -0.397700 -0.541304 -0.014001
v -0.397602 -0.540809 -0.014071
v -0.397508 -0.540333 -0.014227
v -0.397421 -0.539891 -0.014466
v -0.397343 -0.539496 -0.014779
v -0.397276 -0.539161 -0.015157
v -0.397224 -0.538895 -0.015589
v -0.397186 -0.538707 -0.016062
v -0.397166 -0.538602 -0.016560
v -0.397162 -0.538583 -0.017070
v -0.397176 -0.538652 -0.017575
v -0.397206 -0.538806 -0.018060
v -0.397252 -0.539040 -0.018511
v -0.397313 -0.539347 -0.018913
v -0.397387 -0.539718 -0.019255
v -0.397470 -0.540142 -0.019526
v -0.397562 -0.540605 -0.019718
v -0.397659 -0.541094 -0.019824
v -0.397758 -0.541594 -0.019843
v -0.397856 -0.542090 -0.019773
v -0.397950 -0.542566 -0.019616
v -0.405256 -0.579492 -0.029737
v -0.405319 -0.579809 -0.029486
v -0.405372 -0.580078 -0.029182
v -0.405414 -0.580292 -0.028835
v -0.405444 -0.580443 -0.028455
v -0.405461 -0.580527 -0.028055
v -0.405464 -0.580542 -0.027645
v -0.405453 -0.580487 -0.027240
v -0.405428 -0.580363 -0.026850
v -0.405391 -0.580175 -0.026488
v -0.405342 -0.579928 -0.026164
v -0.405283 -0.579630 -0.025890
v -0.405216 -0.579290 -0.025672
v -0.405142 -0.578918 -0.025518
v -0.405064 -0.578525 -0.025432
v -0.404985 -0.578123 -0.025417
v -0.404906 -0.577725 -0.025473
v -0.404831 -0.577343 -0.025599
v -0.404760 -0.576988 -0.025791
v -0.404698 -0.576670 -0.026043
v -0.404644 -0.576401 -0.026347
v -0.404602 -0.576188 -0.026694
v -0.404572 -0.576036 -0.027073
v -0.404555 -0.575952 -0.027474
v -0.404553 -0.575937 -0.027883
v -0.404563 -0.575993 -0.028289
v -0.404588 -0.576116 -0.028679
v -0.404625 -0.576304 -0.029041
v -0.404674 -0.576551 -0.029364
v -0.404733 -0.576849 -0.029638
v -0.404800 -0.577189 -0.029856
v -0.404874 -0.577562 -0.030010
v -0.404952 -0.577955 -0.030096
v -0.405031 -0.578356 -0.030111
v -0.405110 -0.578754 -0.030055
v -0.405186 -0.579137 -0.029929
v -0.403614 -0.571195 -0.097628
v -0.403677 -0.571512 -0.097377
v -0.403730 -0.571781 -0.097073
v -0.403772 -0.571995 -0.096726
v -0.403802 -0.572146 -0.096346
v -0.403819 -0.572230 -0.095946
v -0.403822 -0.572245 -0.095537
v -0.403811 -0.572190 -0.095131
v -0.403787 -0.572066 -0.094741
v -0.403749 -0.571878 -0.094379
v -0.403701 -0.571631 -0.094056
v -0.403642 -0.571333 -0.093781
v -0.403574 -0.570993 -0.093563
v -0.403501 -0.570621 -0.093409
v -0.403423 -0.570228 -0.093323
v -0.403343 -0.569826 -0.093308
v -0.403265 -0.569428 -0.093365
v -0.403189 -0.569046 -0.093491
v -0.403119 -0.568691 -0.093682
v -0.403056 -0.568373 -0.093934
v -0.403003 -0.568104 -0.094238
v -0.402960 -0.567890 -0.094585
v -0.402931 -0.567739 -0.094964
v -0.402914 -0.567655 -0.095365
v -0.402911 -0.567640 -0.095774
v -0.402922 -0.567696 -0.096180
v -0.402946 -0.567819 -0.096570
v -0.402984 -0.568007 -0.096932
v -0.403032 -0.568254 -0.097255
v -0.403091 -0.568552 -0.097530
v -0.403159 -0.568892 -0.097747
v -0.403232 -0.569265 -0.097901
v -0.403310 -0.569658 -0.097987
v -0.403390 -0.570059 -0.098002
v -0.403468 -0.570457 -0.097946
v -0.403544 -0.570840 -0.097820
v -0.397648 -0.541040 -0.024854
v -0.397711 -0.541357 -0.024603
v -0.397764 -0.541627 -0.024299
v -0.397806 -0.541840 -0.023952
v -0.397836 -0.541991 -0.023572
v -0.397853 -0.542076 -0.023172
v -0.397856 -0.542090 -0.022762
v -0.397845 -0.542035 -0.022356
v -0.397821 -0.541912 -0.021967
v -0.397783 -0.541724 -0.021605
v -0.397735 -0.541477 -0.021281
v -0.397676 -0.541179 -0.021007
v -0.397608 -0.540838 -0.020789
v -0.397535 -0.540466 -0.020635
v -0.397457 -0.540073 -0.020549
v -0.397377 -0.539671 -0.020534
v -0.397299 -0.539273 -0.020590
v -0.397223 -0.538891 -0.020716
v -0.397153 -0.538536 -0.020908
v -0.397090 -0.538219 -0.021159
v -0.397037 -0.537949 -0.021463
v -0.396994 -0.537736 -0.021810
v -0.396964 -0.537585 -0.022190
v -0.396948 -0.537500 -0.022590
v -0.396945 -0.537486 -0.023000
v -0.396956 -0.537541 -0.023406
v -0.396980 -0.537664 -0.023795
v -0.397017 -0.537852 -0.024157
v -0.397066 -0.538099 -0.024481
v -0.397125 -0.538397 -0.024755
v -0.397193 -0.538738 -0.024973
v -0.397266 -0.539110 -0.025127
v -0.397344 -0.539503 -0.025213
v -0.397423 -0.539905 -0.025228
v -0.397502 -0.540303 -0.025172
v -0.397578 -0.540685 -0.025046
v -0.396007 -0.532743 -0.092745
v -0.396069 -0.533060 -0.092494
v -0.396123 -0.533330 -0.092190
v -0.396165 -0.533543 -0.091843
v -0.396195 -0.533694 -0.091463
v -0.396211 -0.533779 -0.091063
v -0.396214 -0.533793 -0.090653
v -0.396203 -0.533738 -0.090248
v -0.396179 -0.533615 -0.089858
v -0.396142 -0.533427 -0.089496
v -0.396093 -0.533180 -0.089173
v -0.396034 -0.532882 -0.088898
v -0.395967 -0.532541 -0.088680
v -0.395893 -0.532169 -0.088526
v -0.395815 -0.531776 -0.088440
v -0.395736 -0.531374 -0.088425
v -0.395657 -0.530976 -0.088481
v -0.395581 -0.530594 -0.088607
v -0.395511 -0.530239 -0.088799
v -0.395448 -0.529922 -0.089051
v -0.395395 -0.529652 -0.089355
v -0.395353 -0.529439 -0.089702
v -0.395323 -0.529288 -0.090081
v -0.395306 -0.529203 -0.090482
v -0.395303 -0.529189 -0.090891
v -0.395314 -0.529244 -0.091297
v -0.395339 -0.529367 -0.091687
v -0.395376 -0.529555 -0.092049
v -0.395425 -0.529802 -0.092372
v -0.395484 -0.530100 -0.092646
v -0.395551 -0.530441 -0.092864
v -0.395625 -0.530813 -0.093018
v -0.395702 -0.531206 -0.093104
v -0.395782 -0.531608 -0.093119
v -0.395861 -0.532006 -0.093063
v -0.395936 -0.532388 -0.092937
v -0.408239 -0.594569 -0.066124
v -0.408302 -0.594886 -0.065873
v -0.408355 -0.595156 -0.065569
v -0.408397 -0.595369 -0.065222
v -0.408427 -0.595520 -0.064842
v -0.408444 -0.595605 -0.064442
v -0.408447 -0.595619 -0.064032
v -0.408436 -0.595564 -0.063627
v -0.408411 -0.595441 -0.063237
v -0.408374 -0.595253 -0.062875
v -0.408325 -0.595006 -0.062552
v -0.408266 -0.594708 -0.062277
v -0.408199 -0.594367 -0.062059
v -0.408125 -0.593995 -0.061905
v -0.408047 -0.593602 -0.061819
v -0.407968 -0.593200 -0.061804
v -0.407889 -0.592802 -0.061861
v -0.407814 -0.592420 -0.061987
v -0.407743 -0.592065 -0.062178
v -0.407681 -0.591748 -0.062430
v -0.407627 -0.591478 -0.062734
v -0.407585 -0.591265 -0.063081
v -0.407555 -0.591114 -0.063460
v -0.407538 -0.591029 -0.063861
v -0.407536 -0.591015 -0.064270
v -0.407546 -0.591070 -0.064676
v -0.407571 -0.591193 -0.065066
v -0.407608 -0.591381 -0.065428
v -0.407657 -0.591628 -0.065751
v -0.407716 -0.591926 -0.066026
v -0.407783 -0.592267 -0.066243
v -0.407857 -0.592639 -0.066397
v -0.407935 -0.593032 -0.066483
v -0.408014 -0.593434 -0.066498
v -0.408093 -0.593832 -0.066442
v -0.408169 -0.594214 -0.066316
v -0.393024 -0.517666 -0.056358
v -0.393086 -0.517983 -0.056107
v -0.393140 -0.518252 -0.055803
v -0.393182 -0.518466 -0.055456
v -0.393212 -0.518617 -0.055076
v -0.393228 -0.518701 -0.054676
v -0.393231 -0.518716 -0.054266
v -0.393220 -0.518661 -0.053860
v -0.393196 -0.518537 -0.053471
v -0.393159 -0.518349 -0.053109
v -0.393110 -0.518103 -0.052785
v -0.393051 -0.517804 -0.052511
v -0.392984 -0.517464 -0.052293
v -0.392910 -0.517092 -0.052139
v -0.392832 -0.516699 -0.052053
v -0.392753 -0.516297 -0.052038
v -0.392674 -0.515899 -0.052094
v -0.392598 -0.515517 -0.052220
v -0.392528 -0.515162 -0.052412
v -0.392465 -0.514845 -0.052664
v -0.392412 -0.514575 -0.052967
v -0.392370 -0.514362 -0.053314
v -0.392340 -0.514210 -0.053694
v -0.392323 -0.514126 -0.054095
v -0.392320 -0.514111 -0.054504
v -0.392331 -0.514167 -0.054910
v -0.392356 -0.514290 -0.055299
v -0.392393 -0.514478 -0.055661
v -0.392442 -0.514725 -0.055985
v -0.392501 -0.515023 -0.056259
v -0.392568 -0.515364 -0.056477
v -0.392642 -0.515736 -0.056631
v -0.392719 -0.516129 -0.056717
v -0.392799 -0.516530 -0.056732
v -0.392878 -0.516928 -0.056676
v -0.392953 -0.517311 -0.056550
v -0.396905 -0.537282 -0.031560
v -0.396024 -0.532829 -0.035094
v -0.395275 -0.529046 -0.039362
v -0.394682 -0.526047 -0.044235
v -0.394262 -0.523924 -0.049564
v -0.394028 -0.522741 -0.055189
v -0.393987 -0.522534 -0.060937
v -0.394140 -0.523310 -0.066635
v -0.394483 -0.525044 -0.072109
v -0.395006 -0.527684 -0.077192
v -0.395691 -0.531151 -0.081731
v -0.396520 -0.535337 -0.085588
v -0.397466 -0.540118 -0.088645
v -0.398500 -0.545346 -0.090809
v -0.399592 -0.550863 -0.092015
v -0.400707 -0.556502 -0.092226
v -0.401813 -0.562092 -0.091435
v -0.402876 -0.567462 -0.089668
v -0.403862 -0.572449 -0.086976
v -0.404743 -0.576901 -0.083443
v -0.405492 -0.580685 -0.079175
v -0.406085 -0.583683 -0.074302
v -0.406505 -0.585807 -0.068972
v -0.406739 -0.586990 -0.063348
v -0.406780 -0.587196 -0.057599
v -0.406627 -0.586421 -0.051902
v -0.406284 -0.584687 -0.046428
v -0.405761 -0.582046 -0.041344
v -0.405075 -0.578580 -0.036805
v -0.404247 -0.574393 -0.032948
v -0.403301 -0.569613 -0.029891
v -0.402267 -0.564385 -0.027727
v -0.401175 -0.558867 -0.026521
v -0.400060 -0.553228 -0.026310
v -0.398954 -0.547639 -0.027101
v -0.397891 -0.542269 -0.028869
v -0.404010 -0.573194 -0.017198
v -0.403932 -0.572799 -0.017511
v -0.403865 -0.572464 -0.017890
v -0.403813 -0.572198 -0.018322
v -0.403775 -0.572010 -0.018794
v -0.403755 -0.571905 -0.019293
v -0.403751 -0.571887 -0.019802
v -0.403765 -0.571956 -0.020307
v -0.403795 -0.572109 -0.020792
v -0.403841 -0.572343 -0.021243
v -0.403902 -0.572651 -0.021645
v -0.403976 -0.573022 -0.021987
v -0.404059 -0.573445 -0.022258
v -0.404151 -0.573909 -0.022450
v -0.404248 -0.574398 -0.022557
v -0.404347 -0.574898 -0.022575
v -0.404445 -0.575393 -0.022505
v -0.404539 -0.575869 -0.022349
v -0.404626 -0.576311 -0.022110
v -0.407569 -0.575729 -0.022110
v -0.406953 -0.572612 -0.017198
v -0.406875 -0.572217 -0.017511
v -0.406808 -0.571882 -0.017890
v -0.406756 -0.571616 -0.018322
v -0.406718 -0.571428 -0.018794
v -0.406698 -0.571323 -0.019293
v -0.406694 -0.571305 -0.019802
v -0.406708 -0.571373 -0.020307
v -0.406738 -0.571527 -0.020792
v -0.406784 -0.571761 -0.021243
v -0.406845 -0.572068 -0.021645
v -0.406919 -0.572439 -0.021987
v -0.407002 -0.572863 -0.022258
v -0.407094 -0.573326 -0.022450
v -0.407191 -0.573816 -0.022557
v -0.407290 -0.574315 -0.022575
v -0.407388 -0.574811 -0.022505
v -0.407482 -0.575287 -0.022349
f 19 21 20
f 19 38 21
f 18 37 38
f 18 38 19
f 17 36 37
f 17 37 18
f 16 35 36
f 16 36 17
f 15 33 34
f 15 34 35
f 15 35 16
f 14 32 33
f 14 33 15
f 13 32 14
f 12 31 32
f 12 32 13
f 11 29 30
f 11 30 31
f 11 31 12
f 10 29 11
f 9 28 29
f 9 29 10
f 8 27 28
f 8 28 9
f 7 26 27
f 7 27 8
f 6 25 26
f 6 26 7
f 5 23 24
f 5 24 25
f 5 25 6
f 4 23 5
f 3 23 4
f 3 22 23
f 2 22 3
f 2 1 22
f 98 52 51
f 97 53 52
f 97 52 98
f 99 51 50
f 99 98 51
f 96 54 53
f 96 53 97
f 100 50 49
f 100 99 50
f 95 55 54
f 95 54 96
f 101 100 49
f 101 49 48
f 94 55 95
f 94 56 55
f 102 48 47
f 102 101 48
f 93 56 94
f 93 57 56
f 103 102 47
f 92 58 57
f 92 57 93
f 46 103 47
f 104 103 46
f 91 59 58
f 91 58 92
f 45 104 46
f 105 104 45
f 90 60 59
f 90 59 91
f 106 45 44
f 106 105 45
f 89 60 90
f 89 61 60
f 107 106 44
f 88 61 89
f 43 107 44
f 62 61 88
f 108 107 43
f 87 62 88
f 42 108 43
f 63 62 87
f 109 108 42
f 41 109 42
f 64 87 86
f 64 63 87
f 110 109 41
f 40 110 41
f 40 75 110
f 65 86 85
f 65 64 86
f 39 75 40
f 39 76 75
f 66 85 84
f 66 65 85
f 67 84 83
f 67 66 84
f 74 77 76
f 74 76 39
f 68 83 82
f 68 67 83
f 73 78 77
f 73 77 74
f 69 68 82
f 69 82 81
f 72 78 73
f 72 79 78
f 70 69 81
f 70 81 80
f 71 79 72
f 71 70 80
f 71 80 79
f 114 131 113
f 114 148 131
f 115 147 148
f 115 148 114
f 116 146 147
f 116 147 115
f 117 145 146
f 117 146 116
f 118 144 145
f 118 145 117
f 119 143 144
f 119 144 118
f 120 142 143
f 120 143 119
f 121 141 142
f 121 142 120
f 122 140 141
f 122 141 121
f 123 139 140
f 123 140 122
f 124 138 139
f 124 139 123
f 125 137 138
f 125 138 124
f 126 136 137
f 126 137 125
f 127 135 136
f 127 136 126
f 128 135 127
f 128 134 135
f 129 134 128
f 129 133 134
f 130 133 129
f 130 132 133
f 112 132 130
f 112 111 132
f 190 162 161
f 189 163 162
f 189 162 190
f 191 161 160
f 191 190 161
f 188 164 163
f 188 163 189
f 192 191 160
f 192 160 159
f 187 164 188
f 187 165 164
f 193 159 158
f 193 192 159
f 186 166 165
f 186 165 187
f 194 158 157
f 194 193 158
f 185 166 186
f 185 167 166
f 195 157 156
f 195 194 157
f 220 168 167
f 220 167 185
f 196 195 156
f 219 168 220
f 219 169 168
f 155 196 156
f 197 196 155
f 218 170 169
f 218 169 219
f 154 197 155
f 198 197 154
f 217 171 170
f 217 170 218
f 153 198 154
f 153 199 198
f 172 171 217
f 172 217 216
f 152 199 153
f 152 200 199
f 173 172 216
f 173 216 215
f 201 200 152
f 151 201 152
f 151 202 201
f 174 173 215
f 174 215 214
f 150 203 202
f 150 202 151
f 175 214 213
f 175 174 214
f 149 203 150
f 149 204 203
f 176 213 212
f 176 175 213
f 184 205 204
f 184 204 149
f 177 212 211
f 177 176 212
f 183 205 184
f 183 206 205
f 178 177 211
f 178 211 210
f 182 207 206
f 182 206 183
f 179 178 210
f 179 210 209
f 181 207 182
f 181 208 207
f 180 179 209
f 180 208 181
f 180 209 208
f 239 258 240
f 238 257 258
f 238 258 239
f 237 256 257
f 237 257 238
f 236 255 256
f 236 256 237
f 235 254 255
f 235 255 236
f 234 253 254
f 234 254 235
f 233 252 253
f 233 253 234
f 232 251 252
f 232 252 233
f 231 250 251
f 231 251 232
f 230 249 250
f 230 250 231
f 229 248 249
f 229 249 230
f 228 248 229
f 227 246 247
f 227 247 248
f 227 248 228
f 226 245 246
f 226 246 227
f 225 245 226
f 224 245 225
f 224 244 245
f 223 244 224
f 223 242 243
f 223 243 244
f 222 242 223
f 221 242 222
f 221 241 242
f 318 271 317
f 316 317 271
f 319 271 318
f 320 271 319
f 315 316 271
f 321 271 320
f 314 315 271
f 314 271 272
f 313 314 272
f 322 271 321
f 323 271 322
f 312 313 272
f 324 270 271
f 324 271 323
f 311 312 272
f 325 270 324
f 326 270 325
f 327 270 326
f 524 272 273
f 524 311 272
f 524 305 306
f 524 306 307
f 524 307 308
f 524 308 309
f 524 309 310
f 524 310 311
f 524 273 525
f 526 273 274
f 526 525 273
f 523 297 298
f 523 298 299
f 523 299 300
f 523 300 301
f 523 301 302
f 523 302 303
f 523 303 304
f 523 304 305
f 523 305 524
f 354 275 353
f 355 275 354
f 352 353 275
f 356 275 355
f 351 352 275
f 350 275 276
f 350 351 275
f 357 275 356
f 349 350 276
f 358 275 357
f 348 349 276
f 347 348 276
f 346 347 276
f 345 346 276
f 344 345 276
f 343 344 276
f 527 359 360
f 527 275 358
f 527 360 361
f 527 361 362
f 527 362 363
f 527 363 364
f 527 274 275
f 527 526 274
f 527 358 359
f 522 270 327
f 522 295 296
f 522 296 297
f 522 327 328
f 522 328 329
f 522 329 330
f 522 330 295
f 522 297 523
f 365 527 364
f 366 527 365
f 331 527 366
f 332 527 331
f 528 343 276
f 528 527 332
f 528 332 333
f 528 333 334
f 528 334 335
f 528 335 336
f 528 336 337
f 528 337 338
f 528 338 339
f 528 339 340
f 528 340 341
f 528 341 342
f 528 342 343
f 521 269 270
f 521 270 522
f 529 276 277
f 529 528 276
f 520 268 269
f 520 269 521
f 267 268 520
f 530 277 278
f 530 529 277
f 519 267 520
f 498 267 497
f 499 267 498
f 496 267 519
f 496 497 267
f 495 496 519
f 500 267 499
f 501 267 500
f 494 495 519
f 493 494 519
f 502 267 501
f 503 267 502
f 492 493 519
f 491 492 519
f 504 267 503
f 490 491 519
f 489 490 519
f 488 489 519
f 487 488 519
f 486 487 519
f 485 486 519
f 266 504 505
f 266 505 506
f 266 506 507
f 266 507 508
f 266 508 509
f 266 509 510
f 266 510 475
f 266 267 504
f 531 278 279
f 531 530 278
f 518 485 519
f 518 475 476
f 518 476 477
f 518 477 478
f 518 478 479
f 518 479 480
f 518 480 481
f 518 481 482
f 518 482 483
f 518 266 475
f 518 483 484
f 518 484 485
f 390 279 389
f 390 531 279
f 391 531 390
f 388 389 279
f 392 531 391
f 387 388 279
f 280 387 279
f 386 387 280
f 393 531 392
f 385 386 280
f 394 531 393
f 395 531 394
f 384 385 280
f 396 531 395
f 383 384 280
f 382 383 280
f 381 382 280
f 380 381 280
f 379 380 280
f 532 396 397
f 532 397 398
f 532 398 399
f 532 399 400
f 532 531 396
f 517 265 266
f 517 266 518
f 401 532 400
f 378 379 280
f 402 532 401
f 377 378 280
f 367 532 402
f 368 532 367
f 281 374 375
f 281 375 376
f 281 376 377
f 281 377 280
f 533 374 281
f 533 368 369
f 533 369 370
f 533 370 371
f 533 371 372
f 533 372 373
f 533 373 374
f 533 532 368
f 516 264 265
f 516 265 517
f 282 533 281
f 282 534 533
f 263 264 516
f 263 516 515
f 283 534 282
f 283 535 534
f 262 263 515
f 262 515 514
f 426 536 425
f 427 536 426
f 424 425 536
f 423 424 536
f 428 536 427
f 422 423 536
f 429 536 428
f 284 535 283
f 284 536 535
f 261 514 513
f 261 262 514
f 430 536 429
f 421 422 536
f 421 536 284
f 420 421 284
f 431 536 430
f 419 420 284
f 432 536 431
f 418 419 284
f 417 418 284
f 416 417 284
f 415 416 284
f 414 415 284
f 537 403 404
f 537 404 405
f 537 405 406
f 537 432 433
f 537 433 434
f 537 434 435
f 537 435 436
f 537 436 437
f 537 437 438
f 537 438 403
f 537 536 432
f 285 414 284
f 285 537 406
f 285 406 407
f 285 407 408
f 285 408 409
f 285 409 410
f 285 410 411
f 285 411 412
f 285 412 413
f 285 413 414
f 260 513 512
f 260 261 513
f 511 260 512
f 286 537 285
f 286 538 537
f 286 539 538
f 259 260 511
f 287 539 286
f 287 540 539
f 294 259 511
f 294 546 545
f 294 511 546
f 462 541 461
f 460 461 541
f 463 541 462
f 459 541 540
f 459 460 541
f 464 541 463
f 458 459 540
f 465 541 464
f 457 458 540
f 466 541 465
f 467 542 541
f 467 541 466
f 456 457 540
f 455 456 540
f 468 542 467
f 469 542 468
f 454 455 540
f 453 454 540
f 470 542 469
f 471 542 470
f 472 542 471
f 473 542 472
f 288 453 540
f 288 540 287
f 288 450 451
f 288 451 452
f 288 452 453
f 293 294 545
f 293 545 544
f 289 450 288
f 289 440 441
f 289 441 442
f 289 442 443
f 289 443 444
f 289 444 445
f 289 445 446
f 289 446 447
f 289 447 448
f 289 448 449
f 289 449 450
f 292 293 544
f 290 473 474
f 290 474 439
f 290 542 473
f 290 440 289
f 290 439 440
f 290 543 542
f 291 292 544
f 291 543 290
f 291 544 543
f 550 567 549
f 550 568 567
f 550 569 568
f 551 569 550
f 552 570 569
f 552 569 551
f 553 571 570
f 553 572 571
f 553 570 552
f 554 572 553
f 555 573 572
f 555 574 573
f 555 572 554
f 556 574 555
f 557 575 574
f 557 574 556
f 558 576 575
f 558 575 557
f 559 577 576
f 559 576 558
f 560 578 577
f 560 577 559
f 561 579 578
f 561 578 560
f 562 580 579
f 562 579 561
f 563 581 580
f 563 582 581
f 563 580 562
f 564 582 563
f 565 582 564
f 565 583 582
f 565 584 583
f 566 584 565
f 548 584 566
f 548 547 584
f 833 832 596
f 834 833 596
f 834 596 597
f 831 596 832
f 835 834 597
f 830 596 831
f 836 835 597
f 829 596 830
f 828 596 829
f 801 836 597
f 827 596 828
f 802 801 597
f 803 802 597
f 826 596 827
f 804 803 597
f 805 804 597
f 595 596 826
f 595 820 819
f 595 821 820
f 595 822 821
f 595 823 822
f 595 824 823
f 595 825 824
f 595 826 825
f 652 601 602
f 652 602 653
f 651 601 652
f 654 653 602
f 655 654 602
f 650 601 651
f 649 601 650
f 656 655 602
f 648 601 649
f 621 656 602
f 622 621 602
f 647 601 648
f 646 601 647
f 623 622 602
f 850 597 598
f 850 598 599
f 850 599 851
f 624 623 602
f 645 601 646
f 852 599 600
f 852 851 599
f 849 806 805
f 849 807 806
f 849 808 807
f 849 805 597
f 849 597 850
f 853 600 601
f 853 852 600
f 853 643 642
f 853 644 643
f 853 645 644
f 853 601 645
f 848 809 808
f 848 810 809
f 848 811 810
f 848 812 811
f 848 813 812
f 848 814 813
f 848 815 814
f 848 816 815
f 848 808 849
f 603 625 624
f 603 626 625
f 603 627 626
f 603 628 627
f 603 629 628
f 603 630 629
f 603 631 630
f 603 624 602
f 854 635 634
f 854 636 635
f 854 637 636
f 854 638 637
f 854 639 638
f 854 640 639
f 854 641 640
f 854 642 641
f 854 853 642
f 847 817 816
f 847 818 817
f 847 819 818
f 847 595 819
f 847 816 848
f 855 603 604
f 855 632 631
f 855 633 632
f 855 631 603
f 855 634 633
f 855 854 634
f 846 594 595
f 846 595 847
f 856 855 604
f 845 593 594
f 845 594 846
f 857 604 605
f 857 856 604
f 844 592 593
f 844 593 845
f 858 605 606
f 858 857 605
f 843 591 592
f 843 592 844
f 797 796 591
f 798 797 591
f 795 591 796
f 794 591 795
f 799 591 843
f 799 798 591
f 793 591 794
f 800 799 843
f 792 591 793
f 765 800 843
f 766 765 843
f 590 790 789
f 590 791 790
f 590 792 791
f 590 591 792
f 788 590 789
f 787 590 788
f 786 590 787
f 859 606 607
f 859 858 606
f 842 766 843
f 842 767 766
f 842 768 767
f 842 769 768
f 842 770 769
f 842 771 770
f 785 590 786
f 772 771 842
f 773 772 842
f 784 590 785
f 774 773 842
f 689 688 607
f 690 689 607
f 687 859 607
f 687 607 688
f 686 859 687
f 691 690 607
f 692 691 607
f 685 859 686
f 657 692 607
f 684 859 685
f 658 657 607
f 860 859 684
f 860 683 682
f 860 684 683
f 841 774 842
f 841 775 774
f 841 776 775
f 841 777 776
f 681 860 682
f 680 860 681
f 679 860 680
f 608 659 658
f 608 660 659
f 608 661 660
f 608 662 661
f 608 658 607
f 589 590 784
f 589 777 841
f 589 778 777
f 589 779 778
f 589 780 779
f 589 781 780
f 589 782 781
f 589 783 782
f 589 784 783
f 663 662 608
f 678 860 679
f 664 663 608
f 677 860 678
f 665 664 608
f 676 860 677
f 666 665 608
f 861 860 676
f 861 674 673
f 861 675 674
f 861 676 675
f 609 861 673
f 609 666 608
f 609 667 666
f 609 668 667
f 609 669 668
f 609 670 669
f 609 671 670
f 609 672 671
f 609 673 672
f 588 589 841
f 588 841 840
f 862 861 609
f 839 588 840
f 610 862 609
f 587 588 839
f 863 862 610
f 611 863 610
f 586 839 838
f 586 587 839
f 612 863 611
f 612 864 863
f 612 865 864
f 585 838 837
f 585 586 838
f 760 837 872
f 760 872 761
f 759 837 760
f 762 761 872
f 758 837 759
f 763 762 872
f 757 837 758
f 757 585 837
f 764 763 872
f 729 764 872
f 756 585 757
f 730 729 872
f 755 585 756
f 731 730 872
f 754 585 755
f 753 585 754
f 732 731 872
f 732 872 871
f 733 732 871
f 752 585 753
f 734 733 871
f 751 585 752
f 735 734 871
f 750 585 751
f 725 724 866
f 723 866 724
f 726 725 866
f 726 866 865
f 722 866 723
f 727 726 865
f 613 865 612
f 620 585 750
f 620 743 742
f 620 744 743
f 620 745 744
f 620 746 745
f 620 747 746
f 620 748 747
f 620 749 748
f 620 750 749
f 721 866 722
f 728 727 865
f 720 866 721
f 693 865 613
f 693 728 865
f 719 866 720
f 694 693 613
f 718 867 866
f 718 866 719
f 695 694 613
f 696 695 613
f 717 867 718
f 716 867 717
f 697 696 613
f 698 697 613
f 715 867 716
f 699 698 613
f 700 699 613
f 614 701 700
f 614 702 701
f 614 703 702
f 614 700 613
f 614 704 703
f 614 705 704
f 614 706 705
f 614 707 706
f 614 708 707
f 619 735 871
f 619 736 735
f 619 737 736
f 619 738 737
f 619 739 738
f 619 740 739
f 619 741 740
f 619 742 741
f 619 620 742
f 615 867 715
f 615 709 708
f 615 710 709
f 615 711 710
f 615 712 711
f 615 713 712
f 615 714 713
f 615 715 714
f 615 708 614
f 615 868 867
f 618 619 871
f 618 870 869
f 618 871 870
f 616 868 615
f 616 869 868
f 617 869 616
f 617 618 869
f 876 893 875
f 876 894 893
f 877 895 894
f 877 894 876
f 878 896 895
f 878 895 877
f 879 897 896
f 879 896 878
f 880 898 897
f 880 897 879
f 881 899 898
f 881 900 899
f 881 898 880
f 882 900 881
f 883 901 900
f 883 902 901
f 883 900 882
f 884 902 883
f 885 903 902
f 885 904 903
f 885 902 884
f 886 904 885
f 887 905 904
f 887 904 886
f 888 906 905
f 888 905 887
f 889 907 906
f 889 906 888
f 890 907 889
f 890 908 907
f 890 909 908
f 891 909 890
f 892 909 891
f 892 910 909
f 874 910 892
f 874 873 910
f 912 930 911
f 912 931 930
f 913 932 931
f 913 933 932
f 913 931 912
f 914 933 913
f 915 934 933
f 915 933 914
f 916 935 934
f 916 934 915
f 917 936 935
f 917 935 916
f 918 937 936
f 918 936 917
f 919 938 937
f 919 939 938
f 919 937 918
f 920 939 919
f 921 940 939
f 921 939 920
f 922 941 940
f 922 940 921
f 923 942 941
f 923 941 922
f 924 943 942
f 924 942 923
f 925 944 943
f 925 943 924
f 926 944 925
f 926 945 944
f 927 945 926
f 927 946 945
f 928 946 927
f 928 947 946
f 928 948 947
f 929 948 928
f 950 968 949
f 950 986 968
f 951 985 986
f 951 986 950
f 952 984 985
f 952 985 951
f 953 983 984
f 953 984 952
f 954 982 983
f 954 983 953
f 955 981 982
f 955 982 954
f 956 980 981
f 956 981 955
f 957 979 980
f 957 980 956
f 958 978 979
f 958 979 957
f 959 977 978
f 959 978 958
f 960 976 977
f 960 977 959
f 961 975 976
f 961 976 960
f 962 974 975
f 962 975 961
f 963 973 974
f 963 974 962
f 964 973 963
f 964 972 973
f 965 972 964
f 965 971 972
f 966 971 965
f 966 969 970
f 966 970 971
f 967 969 966
f 1046 1000 999
f 1045 1001 1000
f 1045 1000 1046
f 1047 999 998
f 1047 1046 999
f 1044 1002 1001
f 1044 1001 1045
f 1048 1047 998
f 1048 998 997
f 1043 1002 1044
f 1043 1003 1002
f 1049 997 996
f 1049 1048 997
f 1042 1004 1003
f 1042 1003 1043
f 1050 996 995
f 1050 1049 996
f 1041 1005 1004
f 1041 1004 1042
f 1051 995 994
f 1051 1050 995
f 1040 1005 1041
f 1040 1006 1005
f 1052 1051 994
f 1039 1006 1040
f 1039 1007 1006
f 993 1052 994
f 1053 1052 993
f 1038 1008 1007
f 1038 1007 1039
f 992 1053 993
f 1009 1008 1038
f 1054 1053 992
f 1037 1009 1038
f 991 1054 992
f 991 1055 1054
f 1010 1009 1037
f 1010 1037 1036
f 990 1055 991
f 990 1056 1055
f 1011 1036 1035
f 1011 1010 1036
f 1057 1056 990
f 989 1057 990
f 989 1058 1057
f 1012 1035 1034
f 1012 1011 1035
f 988 1058 989
f 988 1023 1058
f 1013 1034 1033
f 1013 1012 1034
f 987 1024 1023
f 987 1023 988
f 1014 1033 1032
f 1014 1013 1033
f 1022 1025 1024
f 1022 1024 987
f 1015 1032 1031
f 1015 1014 1032
f 1021 1025 1022
f 1021 1026 1025
f 1016 1015 1031
f 1016 1031 1030
f 1020 1027 1026
f 1020 1026 1021
f 1017 1016 1030
f 1017 1030 1029
f 1019 1028 1027
f 1019 1027 1020
f 1018 1017 1029
f 1018 1028 1019
f 1018 1029 1028
f 1076 1078 1077
f 1076 1096 1078
f 1075 1095 1096
f 1075 1096 1076
f 1074 1094 1095
f 1074 1095 1075
f 1073 1093 1094
f 1073 1094 1074
f 1072 1092 1093
f 1072 1093 1073
f 1071 1090 1091
f 1071 1091 1092
f 1071 1092 1072
f 1070 1090 1071
f 1069 1089 1090
f 1069 1090 1070
f 1068 1088 1089
f 1068 1089 1069
f 1067 1087 1088
f 1067 1088 1068
f 1066 1086 1087
f 1066 1087 1067
f 1065 1085 1086
f 1065 1086 1066
f 1064 1084 1085
f 1064 1085 1065
f 1063 1083 1084
f 1063 1084 1064
f 1062 1082 1083
f 1062 1083 1063
f 1061 1081 1082
f 1061 1082 1062
f 1060 1081 1061
f 1060 1080 1081
f 1059 1080 1060
f 1059 1079 1080
f 1115 1117 1116
f 1115 1133 1134
f 1115 1134 1117
f 1114 1133 1115
f 1113 1132 1133
f 1113 1133 1114
f 1112 1131 1132
f 1112 1132 1113
f 1111 1129 1130
f 1111 1130 1131
f 1111 1131 1112
f 1110 1129 1111
f 1109 1127 1128
f 1109 1128 1129
f 1109 1129 1110
f 1108 1127 1109
f 1107 1126 1127
f 1107 1127 1108
f 1106 1125 1126
f 1106 1126 1107
f 1105 1124 1125
f 1105 1125 1106
f 1104 1123 1124
f 1104 1124 1105
f 1103 1122 1123
f 1103 1123 1104
f 1102 1121 1122
f 1102 1122 1103
f 1101 1121 1102
f 1101 1120 1121
f 1100 1120 1101
f 1100 1118 1119
f 1100 1119 1120
f 1099 1118 1100
f 1098 1118 1099
f 1098 1097 1118
f 1138 1155 1137
f 1138 1172 1155
f 1139 1171 1172
f 1139 1172 1138
f 1140 1170 1171
f 1140 1171 1139
f 1141 1169 1170
f 1141 1170 1140
f 1142 1168 1169
f 1142 1169 1141
f 1143 1167 1168
f 1143 1168 1142
f 1144 1166 1167
f 1144 1167 1143
f 1145 1165 1166
f 1145 1166 1144
f 1146 1164 1165
f 1146 1165 1145
f 1147 1163 1164
f 1147 1164 1146
f 1148 1162 1163
f 1148 1163 1147
f 1149 1161 1162
f 1149 1162 1148
f 1150 1160 1161
f 1150 1161 1149
f 1151 1159 1160
f 1151 1160 1150
f 1152 1159 1151
f 1152 1158 1159
f 1153 1158 1152
f 1153 1157 1158
f 1154 1157 1153
f 1154 1156 1157
f 1136 1156 1154
f 1136 1135 1156
f 1174 1192 1173
f 1174 1210 1192
f 1175 1209 1210
f 1175 1210 1174
f 1176 1208 1209
f 1176 1209 1175
f 1177 1207 1208
f 1177 1208 1176
f 1178 1206 1207
f 1178 1207 1177
f 1179 1205 1206
f 1179 1206 1178
f 1180 1204 1205
f 1180 1205 1179
f 1181 1203 1204
f 1181 1204 1180
f 1182 1202 1203
f 1182 1203 1181
f 1183 1201 1202
f 1183 1202 1182
f 1184 1200 1201
f 1184 1201 1183
f 1185 1199 1200
f 1185 1200 1184
f 1186 1198 1199
f 1186 1199 1185
f 1187 1197 1198
f 1187 1198 1186
f 1188 1197 1187
f 1188 1196 1197
f 1189 1196 1188
f 1189 1195 1196
f 1190 1195 1189
f 1190 1193 1194
f 1190 1194 1195
f 1191 1193 1190
f 1270 1225 1224
f 1269 1226 1225
f 1269 1225 1270
f 1271 1224 1223
f 1271 1270 1224
f 1268 1226 1269
f 1272 1271 1223
f 1272 1223 1222
f 1267 1227 1226
f 1267 1226 1268
f 1273 1222 1221
f 1273 1272 1222
f 1266 1228 1227
f 1266 1227 1267
f 1274 1273 1221
f 1274 1221 1220
f 1265 1228 1266
f 1265 1229 1228
f 1275 1220 1219
f 1275 1274 1220
f 1264 1230 1229
f 1264 1229 1265
f 1276 1219 1218
f 1276 1275 1219
f 1263 1231 1230
f 1263 1230 1264
f 1277 1218 1217
f 1277 1276 1218
f 1262 1232 1231
f 1262 1231 1263
f 1278 1217 1216
f 1278 1277 1217
f 1261 1233 1232
f 1261 1232 1262
f 1279 1278 1216
f 1260 1233 1261
f 1215 1279 1216
f 1234 1233 1260
f 1280 1279 1215
f 1259 1234 1260
f 1214 1280 1215
f 1235 1234 1259
f 1281 1280 1214
f 1258 1235 1259
f 1213 1281 1214
f 1213 1282 1281
f 1236 1258 1257
f 1236 1235 1258
f 1212 1247 1282
f 1212 1282 1213
f 1237 1257 1256
f 1237 1236 1257
f 1211 1248 1247
f 1211 1247 1212
f 1238 1256 1255
f 1238 1237 1256
f 1246 1249 1248
f 1246 1248 1211
f 1239 1255 1254
f 1239 1238 1255
f 1245 1249 1246
f 1245 1250 1249
f 1240 1239 1254
f 1240 1254 1253
f 1244 1250 1245
f 1241 1240 1253
f 1241 1253 1252
f 1243 1250 1244
f 1243 1251 1250
f 1242 1241 1252
f 1242 1251 1243
f 1242 1252 1251
f 1300 1302 1301
f 1300 1320 1302
f 1299 1319 1320
f 1299 1320 1300
f 1298 1318 1319
f 1298 1319 1299
f 1297 1316 1317
f 1297 1317 1318
f 1297 1318 1298
f 1296 1316 1297
f 1295 1314 1315
f 1295 1315 1316
f 1295 1316 1296
f 1294 1314 1295
f 1293 1313 1314
f 1293 1314 1294
f 1292 1312 1313
f 1292 1313 1293
f 1291 1311 1312
f 1291 1312 1292
f 1290 1309 1310
f 1290 1310 1311
f 1290 1311 1291
f 1289 1309 1290
f 1288 1308 1309
f 1288 1309 1289
f 1287 1307 1308
f 1287 1308 1288
f 1286 1307 1287
f 1286 1305 1306
f 1286 1306 1307
f 1285 1305 1286
f 1284 1305 1285
f 1284 1304 1305
f 1283 1304 1284
f 1283 1303 1304
f 1339 1341 1340
f 1339 1357 1358
f 1339 1358 1341
f 1338 1357 1339
f 1337 1356 1357
f 1337 1357 1338
f 1336 1355 1356
f 1336 1356 1337
f 1335 1353 1354
f 1335 1354 1355
f 1335 1355 1336
f 1334 1353 1335
f 1333 1351 1352
f 1333 1352 1353
f 1333 1353 1334
f 1332 1351 1333
f 1331 1350 1351
f 1331 1351 1332
f 1330 1349 1350
f 1330 1350 1331
f 1329 1348 1349
f 1329 1349 1330
f 1328 1347 1348
f 1328 1348 1329
f 1327 1346 1347
f 1327 1347 1328
f 1326 1345 1346
f 1326 1346 1327
f 1325 1345 1326
f 1325 1344 1345
f 1324 1344 1325
f 1324 1342 1343
f 1324 1343 1344
f 1323 1342 1324
f 1322 1342 1323
f 1322 1321 1342
f 1362 1379 1361
f 1362 1396 1379
f 1363 1395 1396
f 1363 1396 1362
f 1364 1394 1395
f 1364 1395 1363
f 1365 1393 1394
f 1365 1394 1364
f 1366 1392 1393
f 1366 1393 1365
f 1367 1391 1392
f 1367 1392 1366
f 1368 1390 1391
f 1368 1391 1367
f 1369 1389 1390
f 1369 1390 1368
f 1370 1388 1389
f 1370 1389 1369
f 1371 1387 1388
f 1371 1388 1370
f 1372 1386 1387
f 1372 1387 1371
f 1373 1385 1386
f 1373 1386 1372
f 1374 1384 1385
f 1374 1385 1373
f 1375 1383 1384
f 1375 1384 1374
f 1376 1383 1375
f 1376 1382 1383
f 1377 1382 1376
f 1377 1381 1382
f 1378 1381 1377
f 1378 1380 1381
f 1360 1380 1378
f 1360 1359 1380
f 1398 1416 1397
f 1398 1434 1416
f 1399 1433 1434
f 1399 1434 1398
f 1400 1432 1433
f 1400 1433 1399
f 1401 1431 1432
f 1401 1432 1400
f 1402 1430 1431
f 1402 1431 1401
f 1403 1429 1430
f 1403 1430 1402
f 1404 1428 1429
f 1404 1429 1403
f 1405 1427 1428
f 1405 1428 1404
f 1406 1426 1427
f 1406 1427 1405
f 1407 1425 1426
f 1407 1426 1406
f 1408 1424 1425
f 1408 1425 1407
f 1409 1423 1424
f 1409 1424 1408
f 1410 1422 1423
f 1410 1423 1409
f 1411 1421 1422
f 1411 1422 1410
f 1412 1421 1411
f 1412 1420 1421
f 1413 1420 1412
f 1413 1419 1420
f 1414 1419 1413
f 1414 1417 1418
f 1414 1418 1419
f 1415 1417 1414
f 1493 1449 1448
f 1494 1448 1447
f 1494 1493 1448
f 1495 1447 1446
f 1495 1494 1447
f 1492 1450 1449
f 1492 1449 1493
f 1496 1446 1445
f 1496 1495 1446
f 1491 1451 1450
f 1491 1450 1492
f 1497 1496 1445
f 1497 1445 1444
f 1490 1451 1491
f 1490 1452 1451
f 1498 1497 1444
f 1498 1444 1443
f 1489 1453 1452
f 1489 1452 1490
f 1499 1443 1442
f 1499 1498 1443
f 1488 1453 1489
f 1488 1454 1453
f 1500 1499 1442
f 1487 1455 1454
f 1487 1454 1488
f 1501 1442 1441
f 1501 1500 1442
f 1486 1456 1455
f 1486 1455 1487
f 1502 1441 1440
f 1502 1501 1441
f 1485 1456 1486
f 1485 1457 1456
f 1503 1502 1440
f 1484 1457 1485
f 1439 1503 1440
f 1458 1457 1484
f 1504 1503 1439
f 1483 1458 1484
f 1438 1504 1439
f 1459 1458 1483
f 1505 1504 1438
f 1482 1459 1483
f 1437 1505 1438
f 1437 1506 1505
f 1460 1482 1481
f 1460 1459 1482
f 1436 1471 1506
f 1436 1506 1437
f 1461 1460 1481
f 1435 1472 1471
f 1435 1471 1436
f 1462 1481 1480
f 1462 1461 1481
f 1463 1480 1479
f 1463 1462 1480
f 1470 1473 1472
f 1470 1472 1435
f 1464 1463 1479
f 1464 1479 1478
f 1469 1473 1470
f 1469 1474 1473
f 1465 1464 1478
f 1465 1478 1477
f 1468 1475 1474
f 1468 1474 1469
f 1466 1465 1477
f 1466 1477 1476
f 1467 1475 1468
f 1467 1466 1476
f 1467 1476 1475
f 1524 1526 1525
f 1524 1544 1526
f 1523 1543 1544
f 1523 1544 1524
f 1522 1542 1543
f 1522 1543 1523
f 1521 1541 1542
f 1521 1542 1522
f 1520 1540 1541
f 1520 1541 1521
f 1519 1538 1539
f 1519 1539 1540
f 1519 1540 1520
f 1518 1538 1519
f 1517 1537 1538
f 1517 1538 1518
f 1516 1536 1537
f 1516 1537 1517
f 1515 1535 1536
f 1515 1536 1516
f 1514 1534 1535
f 1514 1535 1515
f 1513 1533 1534
f 1513 1534 1514
f 1512 1532 1533
f 1512 1533 1513
f 1511 1531 1532
f 1511 1532 1512
f 1510 1530 1531
f 1510 1531 1511
f 1509 1529 1530
f 1509 1530 1510
f 1508 1529 1509
f 1508 1528 1529
f 1507 1528 1508
f 1507 1527 1528
f 1563 1565 1564
f 1563 1581 1582
f 1563 1582 1565
f 1562 1581 1563
f 1561 1580 1581
f 1561 1581 1562
f 1560 1579 1580
f 1560 1580 1561
f 1559 1577 1578
f 1559 1578 1579
f 1559 1579 1560
f 1558 1577 1559
f 1557 1575 1576
f 1557 1576 1577
f 1557 1577 1558
f 1556 1575 1557
f 1555 1574 1575
f 1555 1575 1556
f 1554 1573 1574
f 1554 1574 1555
f 1553 1572 1573
f 1553 1573 1554
f 1552 1571 1572
f 1552 1572 1553
f 1551 1570 1571
f 1551 1571 1552
f 1550 1569 1570
f 1550 1570 1551
f 1549 1569 1550
f 1549 1568 1569
f 1548 1568 1549
f 1548 1566 1567
f 1548 1567 1568
f 1547 1566 1548
f 1546 1566 1547
f 1546 1545 1566
f 1586 1603 1585
f 1586 1620 1603
f 1587 1619 1620
f 1587 1620 1586
f 1588 1618 1619
f 1588 1619 1587
f 1589 1617 1618
f 1589 1618 1588
f 1590 1616 1617
f 1590 1617 1589
f 1591 1615 1616
f 1591 1616 1590
f 1592 1614 1615
f 1592 1615 1591
f 1593 1613 1614
f 1593 1614 1592
f 1594 1612 1613
f 1594 1613 1593
f 1595 1611 1612
f 1595 1612 1594
f 1596 1610 1611
f 1596 1611 1595
f 1597 1609 1610
f 1597 1610 1596
f 1598 1608 1609
f 1598 1609 1597
f 1599 1607 1608
f 1599 1608 1598
f 1600 1607 1599
f 1600 1606 1607
f 1601 1606 1600
f 1601 1605 1606
f 1602 1605 1601
f 1602 1604 1605
f 1584 1604 1602
f 1584 1583 1604
f 1622 1640 1621
f 1622 1658 1640
f 1623 1657 1658
f 1623 1658 1622
f 1624 1656 1657
f 1624 1657 1623
f 1625 1655 1656
f 1625 1656 1624
f 1626 1654 1655
f 1626 1655 1625
f 1627 1653 1654
f 1627 1654 1626
f 1628 1652 1653
f 1628 1653 1627
f 1629 1651 1652
f 1629 1652 1628
f 1630 1650 1651
f 1630 1651 1629
f 1631 1649 1650
f 1631 1650 1630
f 1632 1648 1649
f 1632 1649 1631
f 1633 1647 1648
f 1633 1648 1632
f 1634 1646 1647
f 1634 1647 1633
f 1635 1645 1646
f 1635 1646 1634
f 1636 1645 1635
f 1636 1644 1645
f 1637 1644 1636
f 1637 1643 1644
f 1638 1643 1637
f 1638 1641 1642
f 1638 1642 1643
f 1639 1641 1638
f 1718 1673 1672
f 1717 1674 1673
f 1717 1673 1718
f 1719 1672 1671
f 1719 1718 1672
f 1716 1675 1674
f 1716 1674 1717
f 1720 1719 1671
f 1720 1671 1670
f 1715 1675 1716
f 1715 1676 1675
f 1721 1670 1669
f 1721 1720 1670
f 1714 1676 1715
f 1714 1677 1676
f 1722 1669 1668
f 1722 1721 1669
f 1713 1677 1714
f 1713 1678 1677
f 1723 1668 1667
f 1723 1722 1668
f 1712 1678 1713
f 1712 1679 1678
f 1724 1667 1666
f 1724 1723 1667
f 1711 1679 1712
f 1680 1679 1711
f 1725 1666 1665
f 1725 1724 1666
f 1710 1680 1711
f 1726 1665 1664
f 1726 1725 1665
f 1709 1681 1680
f 1709 1680 1710
f 1727 1726 1664
f 1708 1681 1709
f 1663 1727 1664
f 1682 1681 1708
f 1728 1727 1663
f 1707 1682 1708
f 1662 1728 1663
f 1683 1682 1707
f 1706 1683 1707
f 1661 1728 1662
f 1661 1729 1728
f 1684 1706 1705
f 1684 1683 1706
f 1660 1730 1729
f 1660 1729 1661
f 1685 1705 1704
f 1685 1684 1705
f 1659 1730 1660
f 1659 1695 1730
f 1686 1704 1703
f 1686 1685 1704
f 1694 1696 1695
f 1694 1695 1659
f 1687 1703 1702
f 1687 1686 1703
f 1693 1696 1694
f 1693 1697 1696
f 1688 1687 1702
f 1688 1702 1701
f 1692 1697 1693
f 1692 1698 1697
f 1689 1688 1701
f 1689 1701 1700
f 1691 1698 1692
f 1691 1699 1698
f 1690 1689 1700
f 1690 1699 1691
f 1690 1700 1699
f 1748 1750 1749
f 1748 1768 1750
f 1747 1767 1768
f 1747 1768 1748
f 1746 1766 1767
f 1746 1767 1747
f 1745 1764 1765
f 1745 1765 1766
f 1745 1766 1746
f 1744 1764 1745
f 1743 1762 1763
f 1743 1763 1764
f 1743 1764 1744
f 1742 1762 1743
f 1741 1761 1762
f 1741 1762 1742
f 1740 1760 1761
f 1740 1761 1741
f 1739 1759 1760
f 1739 1760 1740
f 1738 1757 1758
f 1738 1758 1759
f 1738 1759 1739
f 1737 1757 1738
f 1736 1756 1757
f 1736 1757 1737
f 1735 1755 1756
f 1735 1756 1736
f 1734 1755 1735
f 1734 1753 1754
f 1734 1754 1755
f 1733 1753 1734
f 1732 1753 1733
f 1732 1752 1753
f 1731 1752 1732
f 1731 1751 1752
f 1787 1789 1788
f 1787 1806 1789
f 1786 1805 1806
f 1786 1806 1787
f 1785 1803 1804
f 1785 1804 1805
f 1785 1805 1786
f 1784 1803 1785
f 1783 1802 1803
f 1783 1803 1784
f 1782 1800 1801
f 1782 1801 1802
f 1782 1802 1783
f 1781 1800 1782
f 1780 1799 1800
f 1780 1800 1781
f 1779 1798 1799
f 1779 1799 1780
f 1778 1797 1798
f 1778 1798 1779
f 1777 1796 1797
f 1777 1797 1778
f 1776 1795 1796
f 1776 1796 1777
f 1775 1794 1795
f 1775 1795 1776
f 1774 1792 1793
f 1774 1793 1794
f 1774 1794 1775
f 1773 1792 1774
f 1772 1792 1773
f 1772 1791 1792
f 1771 1791 1772
f 1771 1790 1791
f 1770 1790 1771
f 1770 1769 1790
f 1810 1827 1809
f 1810 1844 1827
f 1811 1843 1844
f 1811 1844 1810
f 1812 1842 1843
f 1812 1843 1811
f 1813 1841 1842
f 1813 1842 1812
f 1814 1840 1841
f 1814 1841 1813
f 1815 1839 1840
f 1815 1840 1814
f 1816 1838 1839
f 1816 1839 1815
f 1817 1837 1838
f 1817 1838 1816
f 1818 1836 1837
f 1818 1837 1817
f 1819 1835 1836
f 1819 1836 1818
f 1820 1834 1835
f 1820 1835 1819
f 1821 1833 1834
f 1821 1834 1820
f 1822 1832 1833
f 1822 1833 1821
f 1823 1831 1832
f 1823 1832 1822
f 1824 1831 1823
f 1824 1830 1831
f 1825 1830 1824
f 1825 1829 1830
f 1826 1829 1825
f 1826 1828 1829
f 1808 1828 1826
f 1808 1807 1828
f 1846 1864 1845
f 1846 1882 1864
f 1847 1881 1882
f 1847 1882 1846
f 1848 1880 1881
f 1848 1881 1847
f 1849 1879 1880
f 1849 1880 1848
f 1850 1878 1879
f 1850 1879 1849
f 1851 1877 1878
f 1851 1878 1850
f 1852 1876 1877
f 1852 1877 1851
f 1853 1875 1876
f 1853 1876 1852
f 1854 1874 1875
f 1854 1875 1853
f 1855 1873 1874
f 1855 1874 1854
f 1856 1872 1873
f 1856 1873 1855
f 1857 1871 1872
f 1857 1872 1856
f 1858 1870 1871
f 1858 1871 1857
f 1859 1869 1870
f 1859 1870 1858
f 1860 1869 1859
f 1860 1868 1869
f 1861 1868 1860
f 1861 1867 1868
f 1862 1867 1861
f 1862 1865 1866
f 1862 1866 1867
f 1863 1865 1862
f 1942 1896 1895
f 1941 1897 1896
f 1941 1898 1897
f 1941 1896 1942
f 1943 1895 1894
f 1943 1942 1895
f 1940 1899 1898
f 1940 1898 1941
f 1944 1943 1894
f 1944 1894 1893
f 1939 1899 1940
f 1939 1900 1899
f 1945 1893 1892
f 1945 1944 1893
f 1938 1900 1939
f 1938 1901 1900
f 1946 1892 1891
f 1946 1945 1892
f 1937 1901 1938
f 1937 1902 1901
f 1947 1891 1890
f 1947 1946 1891
f 1936 1902 1937
f 1936 1903 1902
f 1948 1947 1890
f 1935 1903 1936
f 1889 1948 1890
f 1904 1903 1935
f 1949 1948 1889
f 1934 1904 1935
f 1888 1949 1889
f 1905 1904 1934
f 1950 1949 1888
f 1933 1905 1934
f 1887 1950 1888
f 1887 1951 1950
f 1906 1905 1933
f 1906 1933 1932
f 1886 1951 1887
f 1886 1952 1951
f 1907 1932 1931
f 1907 1906 1932
f 1885 1952 1886
f 1885 1953 1952
f 1908 1931 1930
f 1908 1907 1931
f 1884 1954 1953
f 1884 1953 1885
f 1909 1930 1929
f 1909 1908 1930
f 1883 1954 1884
f 1883 1919 1954
f 1910 1929 1928
f 1910 1909 1929
f 1918 1920 1919
f 1918 1919 1883
f 1911 1928 1927
f 1911 1910 1928
f 1917 1920 1918
f 1917 1921 1920
f 1912 1911 1927
f 1912 1927 1926
f 1916 1922 1921
f 1916 1923 1922
f 1916 1921 1917
f 1913 1912 1926
f 1913 1926 1925
f 1914 1913 1925
f 1914 1925 1924
f 1915 1914 1924
f 1915 1924 1923
f 1915 1923 1916
f 1972 1974 1973
f 1972 1992 1974
f 1971 1991 1992
f 1971 1992 1972
f 1970 1990 1991
f 1970 1991 1971
f 1969 1988 1989
f 1969 1989 1990
f 1969 1990 1970
f 1968 1988 1969
f 1967 1986 1987
f 1967 1987 1988
f 1967 1988 1968
f 1966 1986 1967
f 1965 1985 1986
f 1965 1986 1966
f 1964 1984 1985
f 1964 1985 1965
f 1963 1983 1984
f 1963 1984 1964
f 1962 1981 1982
f 1962 1982 1983
f 1962 1983 1963
f 1961 1981 1962
f 1960 1980 1981
f 1960 1981 1961
f 1959 1979 1980
f 1959 1980 1960
f 1958 1979 1959
f 1958 1977 1978
f 1958 1978 1979
f 1957 1977 1958
f 1956 1977 1957
f 1956 1976 1977
f 1955 1976 1956
f 1955 1975 1976
f 2011 2013 2012
f 2011 2029 2030
f 2011 2030 2013
f 2010 2029 2011
f 2009 2028 2029
f 2009 2029 2010
f 2008 2027 2028
f 2008 2028 2009
f 2007 2025 2026
f 2007 2026 2027
f 2007 2027 2008
f 2006 2025 2007
f 2005 2023 2024
f 2005 2024 2025
f 2005 2025 2006
f 2004 2023 2005
f 2003 2022 2023
f 2003 2023 2004
f 2002 2021 2022
f 2002 2022 2003
f 2001 2020 2021
f 2001 2021 2002
f 2000 2019 2020
f 2000 2020 2001
f 1999 2018 2019
f 1999 2019 2000
f 1998 2017 2018
f 1998 2018 1999
f 1997 2017 1998
f 1997 2016 2017
f 1996 2016 1997
f 1996 2014 2015
f 1996 2015 2016
f 1995 2014 1996
f 1994 2014 1995
f 1994 1993 2014
f 2034 2051 2033
f 2034 2068 2051
f 2035 2067 2068
f 2035 2068 2034
f 2036 2066 2067
f 2036 2067 2035
f 2037 2065 2066
f 2037 2066 2036
f 2038 2064 2065
f 2038 2065 2037
f 2039 2063 2064
f 2039 2064 2038
f 2040 2062 2063
f 2040 2063 2039
f 2041 2061 2062
f 2041 2062 2040
f 2042 2060 2061
f 2042 2061 2041
f 2043 2059 2060
f 2043 2060 2042
f 2044 2058 2059
f 2044 2059 2043
f 2045 2057 2058
f 2045 2058 2044
f 2046 2056 2057
f 2046 2057 2045
f 2047 2055 2056
f 2047 2056 2046
f 2048 2055 2047
f 2048 2054 2055
f 2049 2054 2048
f 2049 2053 2054
f 2050 2053 2049
f 2050 2052 2053
f 2032 2052 2050
f 2032 2031 2052
f 2070 2088 2069
f 2070 2106 2088
f 2071 2105 2106
f 2071 2106 2070
f 2072 2104 2105
f 2072 2105 2071
f 2073 2103 2104
f 2073 2104 2072
f 2074 2102 2103
f 2074 2103 2073
f 2075 2101 2102
f 2075 2102 2074
f 2076 2100 2101
f 2076 2101 2075
f 2077 2099 2100
f 2077 2100 2076
f 2078 2098 2099
f 2078 2099 2077
f 2079 2097 2098
f 2079 2098 2078
f 2080 2096 2097
f 2080 2097 2079
f 2081 2095 2096
f 2081 2096 2080
f 2082 2094 2095
f 2082 2095 2081
f 2083 2093 2094
f 2083 2094 2082
f 2084 2093 2083
f 2084 2092 2093
f 2085 2092 2084
f 2085 2091 2092
f 2086 2091 2085
f 2086 2089 2090
f 2086 2090 2091
f 2087 2089 2086
f 2166 2121 2120
f 2165 2122 2121
f 2165 2121 2166
f 2167 2120 2119
f 2167 2166 2120
f 2164 2123 2122
f 2164 2122 2165
f 2168 2167 2119
f 2168 2119 2118
f 2163 2123 2164
f 2163 2124 2123
f 2169 2168 2118
f 2169 2118 2117
f 2162 2125 2124
f 2162 2124 2163
f 2170 2117 2116
f 2170 2169 2117
f 2161 2125 2162
f 2161 2126 2125
f 2171 2170 2116
f 2171 2116 2115
f 2160 2126 2161
f 2172 2115 2114
f 2172 2171 2115
f 2159 2127 2126
f 2159 2126 2160
f 2113 2172 2114
f 2173 2172 2113
f 2158 2128 2127
f 2158 2127 2159
f 2112 2173 2113
f 2174 2173 2112
f 2157 2129 2128
f 2157 2128 2158
f 2156 2129 2157
f 2111 2174 2112
f 2111 2175 2174
f 2130 2129 2156
f 2155 2130 2156
f 2110 2175 2111
f 2110 2176 2175
f 2131 2130 2155
f 2177 2176 2110
f 2109 2177 2110
f 2109 2178 2177
f 2132 2155 2154
f 2132 2131 2155
f 2108 2178 2109
f 2133 2154 2153
f 2133 2132 2154
f 2107 2143 2178
f 2107 2178 2108
f 2134 2153 2152
f 2134 2133 2153
f 2142 2144 2143
f 2142 2145 2144
f 2142 2143 2107
f 2135 2152 2151
f 2135 2134 2152
f 2141 2146 2145
f 2141 2145 2142
f 2136 2135 2151
f 2136 2151 2150
f 2140 2147 2146
f 2140 2146 2141
f 2137 2136 2150
f 2137 2150 2149
f 2139 2148 2147
f 2139 2147 2140
f 2138 2137 2149
f 2138 2148 2139
f 2138 2149 2148
f 2196 2198 2197
f 2196 2216 2198
f 2195 2215 2216
f 2195 2216 2196
f 2194 2214 2215
f 2194 2215 2195
f 2193 2213 2214
f 2193 2214 2194
f 2192 2212 2213
f 2192 2213 2193
f 2191 2210 2211
f 2191 2211 2212
f 2191 2212 2192
f 2190 2210 2191
f 2189 2209 2210
f 2189 2210 2190
f 2188 2208 2209
f 2188 2209 2189
f 2187 2207 2208
f 2187 2208 2188
f 2186 2206 2207
f 2186 2207 2187
f 2185 2205 2206
f 2185 2206 2186
f 2184 2204 2205
f 2184 2205 2185
f 2183 2203 2204
f 2183 2204 2184
f 2182 2202 2203
f 2182 2203 2183
f 2181 2201 2202
f 2181 2202 2182
f 2180 2201 2181
f 2180 2200 2201
f 2179 2200 2180
f 2179 2199 2200
f 2235 2237 2236
f 2235 2254 2237
f 2234 2253 2254
f 2234 2254 2235
f 2233 2251 2252
f 2233 2252 2253
f 2233 2253 2234
f 2232 2251 2233
f 2231 2250 2251
f 2231 2251 2232
f 2230 2248 2249
f 2230 2249 2250
f 2230 2250 2231
f 2229 2248 2230
f 2228 2247 2248
f 2228 2248 2229
f 2227 2246 2247
f 2227 2247 2228
f 2226 2245 2246
f 2226 2246 2227
f 2225 2244 2245
f 2225 2245 2226
f 2224 2243 2244
f 2224 2244 2225
f 2223 2242 2243
f 2223 2243 2224
f 2222 2240 2241
f 2222 2241 2242
f 2222 2242 2223
f 2221 2240 2222
f 2220 2240 2221
f 2220 2239 2240
f 2219 2239 2220
f 2219 2238 2239
f 2218 2238 2219
f 2218 2217 2238
f 2258 2275 2257
f 2258 2292 2275
f 2259 2291 2292
f 2259 2292 2258
f 2260 2290 2291
f 2260 2291 2259
f 2261 2289 2290
f 2261 2290 2260
f 2262 2288 2289
f 2262 2289 2261
f 2263 2287 2288
f 2263 2288 2262
f 2264 2286 2287
f 2264 2287 2263
f 2265 2285 2286
f 2265 2286 2264
f 2266 2284 2285
f 2266 2285 2265
f 2267 2283 2284
f 2267 2284 2266
f 2268 2282 2283
f 2268 2283 2267
f 2269 2281 2282
f 2269 2282 2268
f 2270 2280 2281
f 2270 2281 2269
f 2271 2279 2280
f 2271 2280 2270
f 2272 2279 2271
f 2272 2278 2279
f 2273 2278 2272
f 2273 2277 2278
f 2274 2277 2273
f 2274 2276 2277
f 2256 2276 2274
f 2256 2255 2276
f 2294 2312 2293
f 2294 2313 2312
f 2295 2314 2313
f 2295 2313 2294
f 2296 2315 2314
f 2296 2314 2295
f 2297 2316 2315
f 2297 2317 2316
f 2297 2315 2296
f 2298 2318 2317
f 2298 2317 2297
f 2299 2319 2318
f 2299 2318 2298
f 2300 2319 2299
f 2301 2320 2319
f 2301 2319 2300
f 2302 2321 2320
f 2302 2320 2301
f 2303 2322 2321
f 2303 2321 2302
f 2304 2323 2322
f 2304 2324 2323
f 2304 2322 2303
f 2305 2324 2304
f 2306 2325 2324
f 2306 2326 2325
f 2306 2324 2305
f 2307 2326 2306
f 2308 2326 2307
f 2308 2327 2326
f 2309 2327 2308
f 2309 2328 2327
f 2309 2329 2328
f 2310 2329 2309
f 2311 2329 2310
f 2311 2330 2329
f 2332 2331 2333
f 2354 2333 2334
f 2354 2332 2333
f 2355 2334 2335
f 2355 2354 2334
f 2338 2336 2337
f 2356 2335 2336
f 2356 2355 2335
f 2357 2336 2338
f 2357 2356 2336
f 2358 2338 2339
f 2358 2357 2338
f 2359 2339 2340
f 2359 2358 2339
f 2360 2340 2341
f 2360 2359 2340
f 2361 2341 2342
f 2361 2360 2341
f 2362 2342 2343
f 2362 2361 2342
f 2363 2343 2344
f 2363 2362 2343
f 2364 2344 2345
f 2364 2363 2344
f 2365 2345 2346
f 2365 2364 2345
f 2366 2346 2347
f 2366 2365 2346
f 2367 2366 2347
f 2367 2347 2348
f 2368 2367 2348
f 2368 2348 2349
f 2369 2368 2349
f 2369 2349 2350
f 2370 2369 2350
f 2370 2350 2351
f 2353 2351 2352
f 2353 2370 2351
f 2374 2372 2371
f 2374 2371 2373
f 2395 2397 2396
f 2395 2414 2397
f 2394 2413 2414
f 2394 2414 2395
f 2393 2412 2413
f 2393 2413 2394
f 2392 2411 2412
f 2392 2412 2393
f 2391 2410 2411
f 2391 2411 2392
f 2390 2409 2410
f 2390 2410 2391
f 2389 2408 2409
f 2389 2409 2390
f 2388 2407 2408
f 2388 2408 2389
f 2387 2406 2407
f 2387 2407 2388
f 2386 2405 2406
f 2386 2406 2387
f 2385 2404 2405
f 2385 2405 2386
f 2384 2403 2404
f 2384 2404 2385
f 2383 2402 2403
f 2383 2403 2384
f 2400 2401 2377
f 2382 2377 2401
f 2382 2401 2402
f 2382 2402 2383
f 2378 2400 2377
f 2399 2400 2378
f 2381 2377 2382
f 2379 2399 2378
f 2398 2399 2379
f 2380 2398 2379
f 2375 2398 2380
f 2376 2375 2380
f 2424 2426 2425
f 2422 2424 2423
f 2421 2427 2426
f 2421 2426 2424
f 2421 2424 2422
f 2419 2421 2420
f 2419 2428 2427
f 2419 2429 2428
f 2419 2427 2421
f 2438 2437 2436
f 2418 2430 2429
f 2418 2429 2419
f 2417 2431 2430
f 2417 2430 2418
f 2416 2432 2431
f 2416 2431 2417
f 2441 2440 2439
f 2415 2433 2432
f 2415 2432 2416
f 2450 2434 2433
f 2450 2433 2415
f 2449 2435 2434
f 2449 2434 2450
f 2444 2442 2441
f 2444 2443 2442
f 2444 2441 2439
f 2448 2436 2435
f 2448 2435 2449
f 2446 2439 2438
f 2446 2445 2444
f 2446 2448 2447
f 2446 2438 2436
f 2446 2436 2448
f 2446 2444 2439
f 2455 2463 2454
f 2455 2481 2463
f 2456 2480 2481
f 2456 2481 2455
f 2457 2479 2480
f 2457 2480 2456
f 2458 2478 2479
f 2458 2479 2457
f 2459 2477 2478
f 2459 2478 2458
f 2460 2476 2477
f 2460 2477 2459
f 2461 2476 2460
f 2475 2476 2461
f 2462 2475 2461
f 2474 2475 2462
f 2453 2474 2462
f 2473 2474 2453
f 2452 2473 2453
f 2472 2473 2452
f 2491 2452 2451
f 2491 2472 2452
f 2490 2471 2472
f 2490 2472 2491
f 2489 2470 2471
f 2489 2471 2490
f 2488 2470 2489
f 2488 2469 2470
f 2487 2469 2488
f 2487 2468 2469
f 2486 2468 2487
f 2486 2467 2468
f 2485 2467 2486
f 2485 2466 2467
f 2484 2465 2466
f 2484 2466 2485
f 2483 2464 2465
f 2483 2465 2484
f 2482 2464 2483
f 2500 2499 2494
f 2495 2500 2494
f 2501 2500 2495
f 2496 2501 2495
f 2502 2501 2496
f 2497 2503 2502
f 2497 2502 2496
f 2498 2492 2503
f 2498 2503 2497
f 2493 2492 2498
f 2512 2514 2513
f 2512 2532 2514
f 2511 2531 2532
f 2511 2532 2512
f 2510 2530 2531
f 2510 2531 2511
f 2509 2529 2530
f 2509 2530 2510
f 2508 2528 2529
f 2508 2529 2509
f 2507 2527 2528
f 2507 2528 2508
f 2534 2525 2526
f 2506 2526 2527
f 2506 2527 2507
f 2535 2524 2525
f 2535 2525 2534
f 2504 2526 2506
f 2504 2534 2526
f 2505 2504 2506
f 2536 2524 2535
f 2523 2524 2536
f 2537 2523 2536
f 2522 2523 2537
f 2538 2522 2537
f 2521 2522 2538
f 2539 2521 2538
f 2520 2521 2539
f 2540 2520 2539
f 2519 2520 2540
f 2541 2519 2540
f 2518 2519 2541
f 2542 2518 2541
f 2517 2518 2542
f 2543 2517 2542
f 2516 2517 2543
f 2544 2516 2543
f 2515 2516 2544
f 2533 2515 2544
f 2554 2556 2555
f 2552 2554 2553
f 2551 2557 2556
f 2551 2556 2554
f 2551 2554 2552
f 2549 2551 2550
f 2549 2558 2557
f 2549 2559 2558
f 2549 2557 2551
f 2568 2567 2566
f 2548 2560 2559
f 2548 2559 2549
f 2547 2561 2560
f 2547 2560 2548
f 2546 2562 2561
f 2546 2561 2547
f 2571 2570 2569
f 2545 2563 2562
f 2545 2562 2546
f 2580 2564 2563
f 2580 2563 2545
f 2579 2565 2564
f 2579 2564 2580
f 2574 2572 2571
f 2574 2573 2572
f 2574 2571 2569
f 2578 2566 2565
f 2578 2565 2579
f 2576 2569 2568
f 2576 2575 2574
f 2576 2578 2577
f 2576 2568 2566
f 2576 2566 2578
f 2576 2574 2569
f 2602 2604 2601
f 2603 2604 2602
f 2600 2604 2603
f 2622 2604 2600
f 2598 2600 2599
f 2598 2621 2622
f 2598 2622 2600
f 2597 2620 2621
f 2597 2621 2598
f 2596 2619 2620
f 2596 2620 2597
f 2595 2618 2619
f 2595 2619 2596
f 2594 2617 2618
f 2594 2618 2595
f 2593 2616 2617
f 2593 2617 2594
f 2592 2615 2616
f 2592 2616 2593
f 2591 2614 2615
f 2591 2615 2592
f 2590 2613 2614
f 2590 2614 2591
f 2589 2612 2613
f 2589 2613 2590
f 2588 2611 2612
f 2588 2612 2589
f 2587 2610 2611
f 2587 2611 2588
f 2586 2610 2587
f 2586 2609 2610
f 2585 2609 2586
f 2585 2608 2609
f 2584 2608 2585
f 2584 2607 2608
f 2583 2607 2584
f 2583 2606 2607
f 2582 2605 2606
f 2582 2606 2583
f 2581 2605 2582
f 2626 2623 2624
f 2626 2625 2623
f 2628 2627 2633
f 2634 2628 2633
f 2629 2628 2634
f 2635 2629 2634
f 2630 2629 2635
f 2636 2631 2630
f 2636 2630 2635
f 2637 2632 2631
f 2637 2631 2636
f 2652 2649 2648
f 2652 2650 2649
f 2651 2650 2652
f 2638 2651 2652
f 2678 2643 2642
f 2678 2644 2643
f 2678 2645 2644
f 2678 2646 2645
f 2678 2647 2646
f 2656 2639 2638
f 2656 2640 2639
f 2656 2641 2640
f 2656 2642 2641
f 2656 2638 2652
f 2656 2678 2642
f 2677 2678 2656
f 2655 2677 2656
f 2676 2677 2655
f 2654 2676 2655
f 2653 2675 2676
f 2653 2676 2654
f 2665 2664 2675
f 2666 2665 2675
f 2667 2666 2675
f 2668 2667 2675
f 2659 2675 2653
f 2659 2668 2675
f 2658 2668 2659
f 2658 2669 2668
f 2658 2670 2669
f 2658 2671 2670
f 2658 2672 2671
f 2658 2673 2672
f 2657 2673 2658
f 2657 2662 2661
f 2657 2663 2662
f 2657 2660 2663
f 2657 2674 2673
f 2657 2661 2674
f 2684 2702 2703
f 2685 2703 2704
f 2685 2684 2703
f 2686 2704 2705
f 2686 2685 2704
f 2687 2705 2706
f 2687 2686 2705
f 2688 2706 2707
f 2688 2687 2706
f 2689 2707 2708
f 2689 2688 2707
f 2690 2708 2709
f 2690 2689 2708
f 2691 2709 2710
f 2691 2690 2709
f 2692 2710 2711
f 2692 2691 2710
f 2693 2711 2712
f 2693 2692 2711
f 2694 2712 2713
f 2694 2693 2712
f 2695 2713 2714
f 2695 2694 2713
f 2696 2714 2715
f 2696 2695 2714
f 2697 2715 2716
f 2697 2696 2715
f 2698 2716 2717
f 2698 2697 2716
f 2699 2698 2717
f 2699 2717 2718
f 2679 2718 2719
f 2700 2699 2718
f 2700 2718 2679
f 2701 2679 2680
f 2701 2680 2681
f 2701 2700 2679
f 2683 2681 2682
f 2683 2701 2681
f 2738 2757 2739
f 2737 2756 2757
f 2737 2757 2738
f 2736 2755 2756
f 2736 2756 2737
f 2735 2754 2755
f 2735 2755 2736
f 2734 2753 2754
f 2734 2754 2735
f 2733 2752 2753
f 2733 2753 2734
f 2732 2751 2752
f 2732 2752 2733
f 2731 2750 2751
f 2731 2751 2732
f 2730 2749 2750
f 2730 2750 2731
f 2729 2748 2749
f 2729 2749 2730
f 2728 2748 2729
f 2727 2746 2747
f 2727 2747 2748
f 2727 2748 2728
f 2726 2746 2727
f 2725 2744 2745
f 2725 2745 2746
f 2725 2746 2726
f 2724 2743 2744
f 2724 2744 2725
f 2723 2743 2724
f 2722 2743 2723
f 2722 2741 2742
f 2722 2742 2743
f 2721 2741 2722
f 2720 2741 2721
f 2720 2740 2741
f 2799 2771 2770
f 2798 2772 2771
f 2798 2773 2772
f 2798 2771 2799
f 2800 2770 2769
f 2800 2799 2770
f 2797 2774 2773
f 2797 2773 2798
f 2801 2800 2769
f 2801 2769 2768
f 2796 2774 2797
f 2796 2775 2774
f 2802 2768 2767
f 2802 2801 2768
f 2795 2776 2775
f 2795 2775 2796
f 2803 2767 2766
f 2803 2802 2767
f 2794 2777 2776
f 2794 2776 2795
f 2804 2766 2765
f 2804 2803 2766
f 2829 2777 2794
f 2829 2778 2777
f 2805 2804 2765
f 2828 2778 2829
f 2764 2805 2765
f 2779 2778 2828
f 2806 2805 2764
f 2827 2779 2828
f 2763 2806 2764
f 2780 2779 2827
f 2807 2806 2763
f 2826 2780 2827
f 2762 2807 2763
f 2762 2808 2807
f 2781 2780 2826
f 2781 2826 2825
f 2761 2809 2808
f 2761 2808 2762
f 2782 2781 2825
f 2782 2825 2824
f 2760 2809 2761
f 2760 2810 2809
f 2783 2782 2824
f 2783 2824 2823
f 2759 2811 2810
f 2759 2810 2760
f 2784 2823 2822
f 2784 2783 2823
f 2758 2812 2811
f 2758 2811 2759
f 2785 2822 2821
f 2785 2784 2822
f 2793 2813 2812
f 2793 2812 2758
f 2786 2821 2820
f 2786 2785 2821
f 2792 2813 2793
f 2792 2814 2813
f 2792 2815 2814
f 2787 2786 2820
f 2787 2820 2819
f 2791 2816 2815
f 2791 2815 2792
f 2788 2787 2819
f 2788 2819 2818
f 2790 2816 2791
f 2790 2817 2816
f 2789 2788 2818
f 2789 2817 2790
f 2789 2818 2817
f 2831 2849 2830
f 2831 2867 2849
f 2832 2866 2867
f 2832 2867 2831
f 2833 2865 2866
f 2833 2866 2832
f 2834 2864 2865
f 2834 2865 2833
f 2835 2863 2864
f 2835 2864 2834
f 2836 2862 2863
f 2836 2863 2835
f 2837 2861 2862
f 2837 2862 2836
f 2838 2860 2861
f 2838 2861 2837
f 2839 2859 2860
f 2839 2860 2838
f 2840 2858 2859
f 2840 2859 2839
f 2841 2857 2858
f 2841 2858 2840
f 2842 2856 2857
f 2842 2857 2841
f 2843 2855 2856
f 2843 2856 2842
f 2844 2854 2855
f 2844 2855 2843
f 2845 2854 2844
f 2845 2853 2854
f 2846 2853 2845
f 2846 2852 2853
f 2847 2852 2846
f 2847 2850 2851
f 2847 2851 2852
f 2848 2850 2847
f 2927 2881 2880
f 2926 2882 2881
f 2926 2881 2927
f 2928 2880 2879
f 2928 2927 2880
f 2925 2883 2882
f 2925 2882 2926
f 2929 2879 2878
f 2929 2928 2879
f 2924 2884 2883
f 2924 2883 2925
f 2930 2878 2877
f 2930 2929 2878
f 2923 2884 2924
f 2923 2885 2884
f 2931 2877 2876
f 2931 2930 2877
f 2922 2885 2923
f 2922 2886 2885
f 2932 2931 2876
f 2921 2887 2886
f 2921 2886 2922
f 2875 2932 2876
f 2933 2932 2875
f 2920 2888 2887
f 2920 2887 2921
f 2874 2933 2875
f 2934 2933 2874
f 2919 2889 2888
f 2919 2888 2920
f 2873 2934 2874
f 2890 2889 2919
f 2935 2934 2873
f 2918 2890 2919
f 2872 2935 2873
f 2872 2936 2935
f 2891 2890 2918
f 2891 2918 2917
f 2871 2936 2872
f 2871 2937 2936
f 2892 2891 2917
f 2892 2917 2916
f 2938 2937 2871
f 2870 2938 2871
f 2893 2916 2915
f 2893 2892 2916
f 2939 2938 2870
f 2869 2939 2870
f 2869 2904 2939
f 2894 2915 2914
f 2894 2893 2915
f 2868 2905 2904
f 2868 2904 2869
f 2895 2914 2913
f 2895 2894 2914
f 2896 2913 2912
f 2896 2895 2913
f 2903 2906 2905
f 2903 2905 2868
f 2897 2912 2911
f 2897 2896 2912
f 2902 2907 2906
f 2902 2906 2903
f 2898 2897 2911
f 2898 2911 2910
f 2901 2907 2902
f 2901 2908 2907
f 2899 2898 2910
f 2899 2910 2909
f 2900 2908 2901
f 2900 2899 2909
f 2900 2909 2908
f 2957 2959 2958
f 2957 2977 2959
f 2956 2976 2977
f 2956 2977 2957
f 2955 2975 2976
f 2955 2976 2956
f 2954 2973 2974
f 2954 2974 2975
f 2954 2975 2955
f 2953 2973 2954
f 2952 2972 2973
f 2952 2973 2953
f 2951 2971 2972
f 2951 2972 2952
f 2950 2970 2971
f 2950 2971 2951
f 2949 2968 2969
f 2949 2969 2970
f 2949 2970 2950
f 2948 2967 2968
f 2948 2968 2949
f 2947 2967 2948
f 2946 2966 2967
f 2946 2967 2947
f 2945 2965 2966
f 2945 2966 2946
f 2944 2964 2965
f 2944 2965 2945
f 2943 2964 2944
f 2943 2962 2963
f 2943 2963 2964
f 2942 2962 2943
f 2941 2962 2942
f 2941 2961 2962
f 2940 2961 2941
f 2940 2960 2961
f 2996 2998 2997
f 2996 3015 2998
f 2995 3014 3015
f 2995 3015 2996
f 2994 3013 3014
f 2994 3014 2995
f 2993 3012 3013
f 2993 3013 2994
f 2992 3011 3012
f 2992 3012 2993
f 2991 3010 3011
f 2991 3011 2992
f 2990 3009 3010
f 2990 3010 2991
f 2989 3007 3008
f 2989 3008 3009
f 2989 3009 2990
f 2988 3007 2989
f 2987 3006 3007
f 2987 3007 2988
f 2986 3005 3006
f 2986 3006 2987
f 2985 3004 3005
f 2985 3005 2986
f 2984 3003 3004
f 2984 3004 2985
f 2983 3002 3003
f 2983 3003 2984
f 2982 3001 3002
f 2982 3002 2983
f 2981 3000 3001
f 2981 3001 2982
f 2980 3000 2981
f 2980 2999 3000
f 2979 2999 2980
f 2979 2978 2999
f 3019 3036 3018
f 3019 3053 3036
f 3020 3052 3053
f 3020 3053 3019
f 3021 3051 3052
f 3021 3052 3020
f 3022 3050 3051
f 3022 3051 3021
f 3023 3049 3050
f 3023 3050 3022
f 3024 3048 3049
f 3024 3049 3023
f 3025 3047 3048
f 3025 3048 3024
f 3026 3046 3047
f 3026 3047 3025
f 3027 3045 3046
f 3027 3046 3026
f 3028 3044 3045
f 3028 3045 3027
f 3029 3043 3044
f 3029 3044 3028
f 3030 3042 3043
f 3030 3043 3029
f 3031 3041 3042
f 3031 3042 3030
f 3032 3040 3041
f 3032 3041 3031
f 3033 3040 3032
f 3033 3039 3040
f 3034 3039 3033
f 3034 3038 3039
f 3035 3038 3034
f 3035 3037 3038
f 3017 3037 3035
f 3017 3016 3037
f 3072 3074 3073
f 3072 3091 3074
f 3071 3090 3091
f 3071 3091 3072
f 3070 3089 3090
f 3070 3090 3071
f 3069 3088 3089
f 3069 3089 3070
f 3068 3087 3088
f 3068 3088 3069
f 3067 3086 3087
f 3067 3087 3068
f 3066 3085 3086
f 3066 3086 3067
f 3065 3084 3085
f 3065 3085 3066
f 3064 3083 3084
f 3064 3084 3065
f 3063 3082 3083
f 3063 3083 3064
f 3062 3081 3082
f 3062 3082 3063
f 3061 3080 3081
f 3061 3081 3062
f 3060 3079 3080
f 3060 3080 3061
f 3059 3078 3079
f 3059 3079 3060
f 3058 3078 3059
f 3058 3077 3078
f 3057 3077 3058
f 3057 3075 3076
f 3057 3076 3077
f 3056 3075 3057
f 3055 3075 3056
f 3055 3054 3075
f 3110 3129 3111
f 3109 3128 3129
f 3109 3129 3110
f 3108 3127 3128
f 3108 3128 3109
f 3107 3126 3127
f 3107 3127 3108
f 3106 3125 3126
f 3106 3126 3107
f 3105 3124 3125
f 3105 3125 3106
f 3104 3123 3124
f 3104 3124 3105
f 3103 3122 3123
f 3103 3123 3104
f 3102 3121 3122
f 3102 3122 3103
f 3101 3121 3102
f 3100 3120 3121
f 3100 3121 3101
f 3099 3119 3120
f 3099 3120 3100
f 3098 3118 3119
f 3098 3119 3099
f 3097 3117 3118
f 3097 3118 3098
f 3096 3116 3117
f 3096 3117 3097
f 3095 3116 3096
f 3095 3115 3116
f 3094 3115 3095
f 3094 3114 3115
f 3093 3114 3094
f 3093 3113 3114
f 3092 3113 3093
f 3092 3112 3113
f 3171 3143 3142
f 3170 3144 3143
f 3170 3143 3171
f 3172 3142 3141
f 3172 3171 3142
f 3169 3145 3144
f 3169 3144 3170
f 3173 3172 3141
f 3173 3141 3140
f 3168 3145 3169
f 3168 3146 3145
f 3174 3140 3139
f 3174 3173 3140
f 3167 3147 3146
f 3167 3146 3168
f 3175 3139 3138
f 3175 3174 3139
f 3166 3147 3167
f 3166 3148 3147
f 3176 3138 3137
f 3176 3175 3138
f 3201 3148 3166
f 3201 3149 3148
f 3177 3176 3137
f 3200 3149 3201
f 3200 3150 3149
f 3136 3177 3137
f 3178 3177 3136
f 3199 3151 3150
f 3199 3150 3200
f 3135 3178 3136
f 3152 3151 3199
f 3179 3178 3135
f 3198 3152 3199
f 3134 3179 3135
f 3134 3180 3179
f 3153 3152 3198
f 3153 3198 3197
f 3133 3181 3180
f 3133 3180 3134
f 3154 3153 3197
f 3154 3197 3196
f 3182 3181 3133
f 3132 3182 3133
f 3132 3183 3182
f 3155 3154 3196
f 3155 3196 3195
f 3131 3184 3183
f 3131 3183 3132
f 3156 3195 3194
f 3156 3155 3195
f 3130 3185 3184
f 3130 3184 3131
f 3157 3194 3193
f 3157 3156 3194
f 3165 3186 3185
f 3165 3185 3130
f 3158 3193 3192
f 3158 3157 3193
f 3164 3186 3165
f 3164 3187 3186
f 3159 3158 3192
f 3159 3192 3191
f 3163 3188 3187
f 3163 3187 3164
f 3160 3159 3191
f 3160 3191 3190
f 3162 3189 3188
f 3162 3188 3163
f 3161 3160 3190
f 3161 3189 3162
f 3161 3190 3189
f 3203 3221 3202
f 3203 3239 3221
f 3204 3238 3239
f 3204 3239 3203
f 3205 3237 3238
f 3205 3238 3204
f 3206 3236 3237
f 3206 3237 3205
f 3207 3235 3236
f 3207 3236 3206
f 3208 3234 3235
f 3208 3235 3207
f 3209 3233 3234
f 3209 3234 3208
f 3210 3232 3233
f 3210 3233 3209
f 3211 3231 3232
f 3211 3232 3210
f 3212 3230 3231
f 3212 3231 3211
f 3213 3229 3230
f 3213 3230 3212
f 3214 3228 3229
f 3214 3229 3213
f 3215 3227 3228
f 3215 3228 3214
f 3216 3226 3227
f 3216 3227 3215
f 3217 3226 3216
f 3217 3225 3226
f 3218 3225 3217
f 3218 3224 3225
f 3219 3224 3218
f 3219 3222 3223
f 3219 3223 3224
f 3220 3222 3219
f 3299 3253 3252
f 3298 3254 3253
f 3298 3253 3299
f 3300 3252 3251
f 3300 3299 3252
f 3297 3255 3254
f 3297 3256 3255
f 3297 3254 3298
f 3301 3251 3250
f 3301 3300 3251
f 3296 3257 3256
f 3296 3256 3297
f 3302 3301 3250
f 3302 3250 3249
f 3295 3258 3257
f 3295 3257 3296
f 3303 3302 3249
f 3303 3249 3248
f 3294 3258 3295
f 3294 3259 3258
f 3304 3303 3248
f 3293 3259 3294
f 3247 3304 3248
f 3260 3259 3293
f 3305 3304 3247
f 3292 3260 3293
f 3246 3305 3247
f 3261 3260 3292
f 3306 3305 3246
f 3291 3261 3292
f 3245 3306 3246
f 3262 3261 3291
f 3307 3306 3245
f 3290 3262 3291
f 3244 3307 3245
f 3244 3308 3307
f 3263 3262 3290
f 3263 3290 3289
f 3243 3308 3244
f 3243 3309 3308
f 3264 3289 3288
f 3264 3263 3289
f 3242 3309 3243
f 3242 3310 3309
f 3265 3288 3287
f 3265 3264 3288
f 3241 3310 3242
f 3241 3311 3310
f 3266 3287 3286
f 3266 3265 3287
f 3240 3311 3241
f 3240 3276 3311
f 3267 3286 3285
f 3267 3266 3286
f 3275 3277 3276
f 3275 3276 3240
f 3268 3285 3284
f 3268 3267 3285
f 3274 3278 3277
f 3274 3277 3275
f 3269 3268 3284
f 3269 3284 3283
f 3273 3279 3278
f 3273 3280 3279
f 3273 3278 3274
f 3270 3283 3282
f 3270 3269 3283
f 3271 3270 3282
f 3271 3282 3281
f 3272 3280 3273
f 3272 3271 3281
f 3272 3281 3280
f 3329 3331 3330
f 3329 3349 3331
f 3328 3348 3349
f 3328 3349 3329
f 3327 3347 3348
f 3327 3348 3328
f 3326 3345 3346
f 3326 3346 3347
f 3326 3347 3327
f 3325 3345 3326
f 3324 3344 3345
f 3324 3345 3325
f 3323 3343 3344
f 3323 3344 3324
f 3322 3341 3342
f 3322 3342 3343
f 3322 3343 3323
f 3321 3341 3322
f 3320 3339 3340
f 3320 3340 3341
f 3320 3341 3321
f 3319 3339 3320
f 3318 3338 3339
f 3318 3339 3319
f 3317 3336 3337
f 3317 3337 3338
f 3317 3338 3318
f 3316 3336 3317
f 3315 3336 3316
f 3315 3335 3336
f 3314 3335 3315
f 3314 3334 3335
f 3313 3334 3314
f 3313 3333 3334
f 3312 3333 3313
f 3312 3332 3333
f 3368 3370 3369
f 3368 3387 3370
f 3367 3386 3387
f 3367 3387 3368
f 3366 3385 3386
f 3366 3386 3367
f 3365 3384 3385
f 3365 3385 3366
f 3364 3382 3383
f 3364 3383 3384
f 3364 3384 3365
f 3363 3381 3382
f 3363 3382 3364
f 3362 3381 3363
f 3361 3379 3380
f 3361 3380 3381
f 3361 3381 3362
f 3360 3379 3361
f 3359 3377 3378
f 3359 3378 3379
f 3359 3379 3360
f 3358 3377 3359
f 3357 3376 3377
f 3357 3377 3358
f 3356 3375 3376
f 3356 3376 3357
f 3355 3373 3374
f 3355 3374 3375
f 3355 3375 3356
f 3354 3373 3355
f 3353 3373 3354
f 3353 3372 3373
f 3352 3372 3353
f 3352 3350 3371
f 3352 3371 3372
f 3351 3350 3352
f 3391 3408 3390
f 3391 3425 3408
f 3392 3424 3425
f 3392 3425 3391
f 3393 3423 3424
f 3393 3424 3392
f 3394 3422 3423
f 3394 3423 3393
f 3395 3421 3422
f 3395 3422 3394
f 3396 3420 3421
f 3396 3421 3395
f 3397 3419 3420
f 3397 3420 3396
f 3398 3418 3419
f 3398 3419 3397
f 3399 3417 3418
f 3399 3418 3398
f 3400 3416 3417
f 3400 3417 3399
f 3401 3415 3416
f 3401 3416 3400
f 3402 3414 3415
f 3402 3415 3401
f 3403 3413 3414
f 3403 3414 3402
f 3404 3412 3413
f 3404 3413 3403
f 3405 3412 3404
f 3405 3411 3412
f 3406 3411 3405
f 3406 3410 3411
f 3407 3410 3406
f 3407 3409 3410
f 3389 3409 3407
f 3389 3388 3409
f 3444 3446 3445
f 3444 3463 3446
f 3443 3462 3463
f 3443 3463 3444
f 3442 3461 3462
f 3442 3462 3443
f 3441 3460 3461
f 3441 3461 3442
f 3440 3459 3460
f 3440 3460 3441
f 3439 3458 3459
f 3439 3459 3440
f 3438 3457 3458
f 3438 3458 3439
f 3437 3456 3457
f 3437 3457 3438
f 3436 3455 3456
f 3436 3456 3437
f 3435 3454 3455
f 3435 3455 3436
f 3434 3452 3453
f 3434 3453 3454
f 3434 3454 3435
f 3433 3452 3434
f 3432 3451 3452
f 3432 3452 3433
f 3431 3450 3451
f 3431 3451 3432
f 3430 3450 3431
f 3430 3449 3450
f 3429 3449 3430
f 3429 3448 3449
f 3428 3448 3429
f 3428 3426 3447
f 3428 3447 3448
f 3427 3426 3428
f 3481 3483 3482
f 3481 3500 3501
f 3481 3501 3483
f 3480 3500 3481
f 3479 3499 3500
f 3479 3500 3480
f 3478 3498 3499
f 3478 3499 3479
f 3477 3497 3498
f 3477 3498 3478
f 3476 3496 3497
f 3476 3497 3477
f 3475 3495 3496
f 3475 3496 3476
f 3474 3494 3495
f 3474 3495 3475
f 3473 3493 3494
f 3473 3494 3474
f 3472 3491 3492
f 3472 3492 3493
f 3472 3493 3473
f 3471 3491 3472
f 3470 3490 3491
f 3470 3491 3471
f 3469 3489 3490
f 3469 3490 3470
f 3468 3487 3488
f 3468 3488 3489
f 3468 3489 3469
f 3467 3487 3468
f 3467 3486 3487
f 3466 3486 3467
f 3465 3486 3466
f 3465 3484 3485
f 3465 3485 3486
f 3464 3484 3465
f 3542 3517 3516
f 3543 3516 3515
f 3543 3542 3516
f 3541 3518 3517
f 3541 3517 3542
f 3544 3515 3514
f 3544 3543 3515
f 3540 3519 3518
f 3540 3518 3541
f 3545 3514 3513
f 3545 3544 3514
f 3539 3519 3540
f 3546 3545 3513
f 3546 3513 3512
f 3538 3520 3519
f 3538 3519 3539
f 3547 3512 3511
f 3547 3546 3512
f 3573 3520 3538
f 3573 3521 3520
f 3548 3547 3511
f 3548 3511 3510
f 3572 3521 3573
f 3572 3522 3521
f 3549 3510 3509
f 3549 3548 3510
f 3571 3523 3522
f 3571 3522 3572
f 3550 3509 3508
f 3550 3549 3509
f 3570 3524 3523
f 3570 3523 3571
f 3551 3508 3507
f 3551 3550 3508
f 3569 3524 3570
f 3552 3551 3507
f 3525 3524 3569
f 3506 3552 3507
f 3568 3525 3569
f 3553 3552 3506
f 3526 3525 3568
f 3505 3553 3506
f 3567 3526 3568
f 3554 3553 3505
f 3527 3567 3566
f 3527 3526 3567
f 3504 3555 3554
f 3504 3554 3505
f 3528 3566 3565
f 3528 3527 3566
f 3503 3556 3555
f 3503 3555 3504
f 3529 3565 3564
f 3529 3528 3565
f 3502 3557 3556
f 3502 3556 3503
f 3530 3564 3563
f 3530 3529 3564
f 3537 3558 3557
f 3537 3557 3502
f 3531 3530 3563
f 3531 3563 3562
f 3536 3558 3537
f 3532 3531 3562
f 3532 3562 3561
f 3535 3558 3536
f 3535 3559 3558
f 3533 3532 3561
f 3533 3561 3560
f 3534 3559 3535
f 3534 3533 3560
f 3534 3560 3559
f 3575 3593 3574
f 3575 3611 3593
f 3576 3610 3611
f 3576 3611 3575
f 3577 3609 3610
f 3577 3610 3576
f 3578 3608 3609
f 3578 3609 3577
f 3579 3607 3608
f 3579 3608 3578
f 3580 3606 3607
f 3580 3607 3579
f 3581 3605 3606
f 3581 3606 3580
f 3582 3604 3605
f 3582 3605 3581
f 3583 3603 3604
f 3583 3604 3582
f 3584 3602 3603
f 3584 3603 3583
f 3585 3601 3602
f 3585 3602 3584
f 3586 3600 3601
f 3586 3601 3585
f 3587 3599 3600
f 3587 3600 3586
f 3588 3598 3599
f 3588 3599 3587
f 3589 3598 3588
f 3589 3597 3598
f 3590 3597 3589
f 3590 3596 3597
f 3591 3596 3590
f 3591 3594 3595
f 3591 3595 3596
f 3592 3594 3591
f 3671 3626 3625
f 3670 3627 3626
f 3670 3626 3671
f 3672 3624 3623
f 3672 3625 3624
f 3672 3671 3625
f 3669 3628 3627
f 3669 3627 3670
f 3673 3623 3622
f 3673 3672 3623
f 3668 3629 3628
f 3668 3628 3669
f 3674 3622 3621
f 3674 3673 3622
f 3667 3629 3668
f 3667 3630 3629
f 3675 3674 3621
f 3675 3621 3620
f 3666 3630 3667
f 3666 3631 3630
f 3676 3675 3620
f 3665 3631 3666
f 3619 3676 3620
f 3632 3631 3665
f 3677 3676 3619
f 3664 3632 3665
f 3618 3677 3619
f 3633 3632 3664
f 3678 3677 3618
f 3663 3633 3664
f 3617 3678 3618
f 3634 3633 3663
f 3679 3678 3617
f 3662 3634 3663
f 3616 3679 3617
f 3616 3680 3679
f 3635 3634 3662
f 3635 3662 3661
f 3615 3680 3616
f 3615 3681 3680
f 3636 3661 3660
f 3636 3635 3661
f 3614 3681 3615
f 3614 3682 3681
f 3637 3660 3659
f 3637 3636 3660
f 3613 3682 3614
f 3613 3683 3682
f 3638 3637 3659
f 3638 3659 3658
f 3612 3648 3683
f 3612 3683 3613
f 3639 3638 3658
f 3639 3658 3657
f 3640 3657 3656
f 3640 3639 3657
f 3647 3649 3648
f 3647 3648 3612
f 3641 3640 3656
f 3641 3656 3655
f 3646 3650 3649
f 3646 3649 3647
f 3642 3641 3655
f 3642 3655 3654
f 3645 3650 3646
f 3645 3651 3650
f 3643 3642 3654
f 3643 3653 3652
f 3643 3654 3653
f 3644 3651 3645
f 3644 3652 3651
f 3644 3643 3652
f 3701 3703 3702
f 3701 3721 3703
f 3700 3720 3721
f 3700 3721 3701
f 3699 3719 3720
f 3699 3720 3700
f 3698 3718 3719
f 3698 3719 3699
f 3697 3717 3718
f 3697 3718 3698
f 3696 3715 3716
f 3696 3716 3717
f 3696 3717 3697
f 3695 3714 3715
f 3695 3715 3696
f 3694 3714 3695
f 3693 3713 3714
f 3693 3714 3694
f 3692 3711 3712
f 3692 3712 3713
f 3692 3713 3693
f 3691 3711 3692
f 3690 3710 3711
f 3690 3711 3691
f 3689 3709 3710
f 3689 3710 3690
f 3688 3707 3708
f 3688 3708 3709
f 3688 3709 3689
f 3687 3707 3688
f 3686 3707 3687
f 3686 3706 3707
f 3685 3706 3686
f 3685 3705 3706
f 3684 3705 3685
f 3684 3704 3705
f 3740 3742 3741
f 3740 3759 3742
f 3739 3758 3759
f 3739 3759 3740
f 3738 3757 3758
f 3738 3758 3739
f 3737 3756 3757
f 3737 3757 3738
f 3736 3755 3756
f 3736 3756 3737
f 3735 3753 3754
f 3735 3754 3755
f 3735 3755 3736
f 3734 3753 3735
f 3733 3752 3753
f 3733 3753 3734
f 3732 3751 3752
f 3732 3752 3733
f 3731 3750 3751
f 3731 3751 3732
f 3730 3749 3750
f 3730 3750 3731
f 3729 3748 3749
f 3729 3749 3730
f 3728 3747 3748
f 3728 3748 3729
f 3727 3746 3747
f 3727 3747 3728
f 3726 3746 3727
f 3726 3745 3746
f 3725 3745 3726
f 3725 3744 3745
f 3724 3744 3725
f 3724 3743 3744
f 3723 3743 3724
f 3723 3722 3743
f 3763 3780 3762
f 3763 3797 3780
f 3764 3796 3797
f 3764 3797 3763
f 3765 3795 3796
f 3765 3796 3764
f 3766 3794 3795
f 3766 3795 3765
f 3767 3793 3794
f 3767 3794 3766
f 3768 3792 3793
f 3768 3793 3767
f 3769 3791 3792
f 3769 3792 3768
f 3770 3790 3791
f 3770 3791 3769
f 3771 3789 3790
f 3771 3790 3770
f 3772 3788 3789
f 3772 3789 3771
f 3773 3787 3788
f 3773 3788 3772
f 3774 3786 3787
f 3774 3787 3773
f 3775 3785 3786
f 3775 3786 3774
f 3776 3784 3785
f 3776 3785 3775
f 3777 3784 3776
f 3777 3783 3784
f 3778 3783 3777
f 3778 3782 3783
f 3779 3782 3778
f 3779 3781 3782
f 3761 3781 3779
f 3761 3760 3781
f 3816 3818 3817
f 3816 3835 3818
f 3815 3834 3835
f 3815 3835 3816
f 3814 3832 3833
f 3814 3833 3834
f 3814 3834 3815
f 3813 3832 3814
f 3812 3831 3832
f 3812 3832 3813
f 3811 3829 3830
f 3811 3830 3831
f 3811 3831 3812
f 3810 3829 3811
f 3809 3828 3829
f 3809 3829 3810
f 3808 3827 3828
f 3808 3828 3809
f 3807 3825 3826
f 3807 3826 3827
f 3807 3827 3808
f 3806 3825 3807
f 3805 3824 3825
f 3805 3825 3806
f 3804 3823 3824
f 3804 3824 3805
f 3803 3822 3823
f 3803 3823 3804
f 3802 3822 3803
f 3802 3820 3821
f 3802 3821 3822
f 3801 3820 3802
f 3800 3819 3820
f 3800 3820 3801
f 3799 3819 3800
f 3799 3798 3819
f 3854 3873 3855
f 3853 3872 3873
f 3853 3873 3854
f 3852 3871 3872
f 3852 3872 3853
f 3851 3870 3871
f 3851 3871 3852
f 3850 3869 3870
f 3850 3870 3851
f 3849 3868 3869
f 3849 3869 3850
f 3848 3867 3868
f 3848 3868 3849
f 3847 3866 3867
f 3847 3867 3848
f 3846 3865 3866
f 3846 3866 3847
f 3845 3864 3865
f 3845 3865 3846
f 3844 3863 3864
f 3844 3864 3845
f 3843 3863 3844
f 3842 3861 3862
f 3842 3862 3863
f 3842 3863 3843
f 3841 3860 3861
f 3841 3861 3842
f 3840 3860 3841
f 3839 3860 3840
f 3839 3859 3860
f 3838 3859 3839
f 3838 3857 3858
f 3838 3858 3859
f 3837 3857 3838
f 3836 3857 3837
f 3836 3856 3857
f 3915 3887 3886
f 3914 3888 3887
f 3914 3889 3888
f 3914 3887 3915
f 3916 3886 3885
f 3916 3915 3886
f 3913 3890 3889
f 3913 3889 3914
f 3917 3916 3885
f 3917 3885 3884
f 3912 3890 3913
f 3912 3891 3890
f 3918 3884 3883
f 3918 3917 3884
f 3911 3891 3912
f 3911 3892 3891
f 3919 3883 3882
f 3919 3918 3883
f 3910 3892 3911
f 3910 3893 3892
f 3920 3882 3881
f 3920 3919 3882
f 3945 3893 3910
f 3945 3894 3893
f 3921 3920 3881
f 3944 3894 3945
f 3880 3921 3881
f 3895 3894 3944
f 3922 3921 3880
f 3943 3895 3944
f 3879 3922 3880
f 3896 3895 3943
f 3923 3922 3879
f 3942 3896 3943
f 3878 3923 3879
f 3878 3924 3923
f 3897 3896 3942
f 3897 3942 3941
f 3877 3925 3924
f 3877 3924 3878
f 3898 3897 3941
f 3898 3941 3940
f 3876 3926 3925
f 3876 3925 3877
f 3899 3898 3940
f 3899 3940 3939
f 3875 3926 3876
f 3875 3927 3926
f 3900 3939 3938
f 3900 3899 3939
f 3874 3928 3927
f 3874 3927 3875
f 3901 3938 3937
f 3901 3900 3938
f 3909 3929 3928
f 3909 3928 3874
f 3902 3937 3936
f 3902 3901 3937
f 3908 3929 3909
f 3908 3930 3929
f 3908 3931 3930
f 3903 3902 3936
f 3903 3936 3935
f 3907 3932 3931
f 3907 3931 3908
f 3904 3903 3935
f 3904 3935 3934
f 3905 3904 3934
f 3905 3934 3933
f 3906 3905 3933
f 3906 3933 3932
f 3906 3932 3907
f 3947 3965 3946
f 3947 3983 3965
f 3948 3982 3983
f 3948 3983 3947
f 3949 3981 3982
f 3949 3982 3948
f 3950 3980 3981
f 3950 3981 3949
f 3951 3979 3980
f 3951 3980 3950
f 3952 3978 3979
f 3952 3979 3951
f 3953 3977 3978
f 3953 3978 3952
f 3954 3976 3977
f 3954 3977 3953
f 3955 3975 3976
f 3955 3976 3954
f 3956 3974 3975
f 3956 3975 3955
f 3957 3973 3974
f 3957 3974 3956
f 3958 3972 3973
f 3958 3973 3957
f 3959 3971 3972
f 3959 3972 3958
f 3960 3970 3971
f 3960 3971 3959
f 3961 3970 3960
f 3961 3969 3970
f 3962 3969 3961
f 3962 3968 3969
f 3963 3968 3962
f 3963 3966 3967
f 3963 3967 3968
f 3964 3966 3963
f 4042 3999 3998
f 4043 3998 3997
f 4043 4042 3998
f 4044 3997 3996
f 4044 4043 3997
f 4041 4000 3999
f 4041 3999 4042
f 4045 3996 3995
f 4045 4044 3996
f 4040 4001 4000
f 4040 4000 4041
f 4046 3994 3993
f 4046 3995 3994
f 4046 4045 3995
f 4039 4001 4040
f 4039 4002 4001
f 4047 4046 3993
f 4047 3993 3992
f 4038 4002 4039
f 4038 4003 4002
f 4048 4047 3992
f 4037 4003 4038
f 4004 4003 4037
f 3991 4048 3992
f 4049 4048 3991
f 4036 4004 4037
f 4005 4004 4036
f 3990 4049 3991
f 4050 4049 3990
f 4035 4005 4036
f 4006 4005 4035
f 3989 4050 3990
f 4051 4050 3989
f 4034 4006 4035
f 4007 4006 4034
f 4007 4034 4033
f 3988 4051 3989
f 3988 4052 4051
f 4008 4007 4033
f 4008 4033 4032
f 3987 4052 3988
f 3987 4053 4052
f 4009 4032 4031
f 4009 4008 4032
f 3986 4053 3987
f 3986 4054 4053
f 4010 4031 4030
f 4010 4009 4031
f 3985 4055 4054
f 3985 4054 3986
f 4011 4030 4029
f 4011 4010 4030
f 3984 4020 4055
f 3984 4055 3985
f 4012 4028 4027
f 4012 4029 4028
f 4012 4011 4029
f 4019 4021 4020
f 4019 4020 3984
f 4013 4027 4026
f 4013 4012 4027
f 4018 4022 4021
f 4018 4021 4019
f 4014 4013 4026
f 4014 4026 4025
f 4017 4023 4022
f 4017 4022 4018
f 4015 4014 4025
f 4015 4025 4024
f 4016 4023 4017
f 4016 4015 4024
f 4016 4024 4023
f 4073 4075 4074
f 4073 4093 4075
f 4072 4092 4093
f 4072 4093 4073
f 4071 4091 4092
f 4071 4092 4072
f 4070 4089 4090
f 4070 4090 4091
f 4070 4091 4071
f 4069 4089 4070
f 4068 4088 4089
f 4068 4089 4069
f 4067 4087 4088
f 4067 4088 4068
f 4066 4085 4086
f 4066 4086 4087
f 4066 4087 4067
f 4065 4085 4066
f 4064 4083 4084
f 4064 4084 4085
f 4064 4085 4065
f 4063 4083 4064
f 4062 4082 4083
f 4062 4083 4063
f 4061 4081 4082
f 4061 4082 4062
f 4060 4080 4081
f 4060 4081 4061
f 4059 4080 4060
f 4059 4079 4080
f 4058 4079 4059
f 4058 4078 4079
f 4057 4078 4058
f 4057 4077 4078
f 4056 4077 4057
f 4056 4076 4077
f 4112 4114 4113
f 4112 4131 4114
f 4111 4130 4131
f 4111 4131 4112
f 4110 4129 4130
f 4110 4130 4111
f 4109 4128 4129
f 4109 4129 4110
f 4108 4127 4128
f 4108 4128 4109
f 4107 4126 4127
f 4107 4127 4108
f 4106 4125 4126
f 4106 4126 4107
f 4105 4123 4124
f 4105 4124 4125
f 4105 4125 4106
f 4104 4123 4105
f 4103 4122 4123
f 4103 4123 4104
f 4102 4121 4122
f 4102 4122 4103
f 4101 4120 4121
f 4101 4121 4102
f 4100 4119 4120
f 4100 4120 4101
f 4099 4118 4119
f 4099 4119 4100
f 4098 4117 4118
f 4098 4118 4099
f 4097 4116 4117
f 4097 4117 4098
f 4096 4116 4097
f 4096 4115 4116
f 4095 4115 4096
f 4095 4094 4115
f 4135 4152 4134
f 4135 4169 4152
f 4136 4168 4169
f 4136 4169 4135
f 4137 4167 4168
f 4137 4168 4136
f 4138 4166 4167
f 4138 4167 4137
f 4139 4165 4166
f 4139 4166 4138
f 4140 4164 4165
f 4140 4165 4139
f 4141 4163 4164
f 4141 4164 4140
f 4142 4162 4163
f 4142 4163 4141
f 4143 4161 4162
f 4143 4162 4142
f 4144 4160 4161
f 4144 4161 4143
f 4145 4159 4160
f 4145 4160 4144
f 4146 4158 4159
f 4146 4159 4145
f 4147 4157 4158
f 4147 4158 4146
f 4148 4156 4157
f 4148 4157 4147
f 4149 4156 4148
f 4149 4155 4156
f 4150 4155 4149
f 4150 4154 4155
f 4151 4154 4150
f 4151 4153 4154
f 4133 4153 4151
f 4133 4132 4153
f 4188 4190 4189
f 4188 4207 4190
f 4187 4206 4207
f 4187 4207 4188
f 4186 4204 4205
f 4186 4205 4206
f 4186 4206 4187
f 4185 4204 4186
f 4184 4203 4204
f 4184 4204 4185
f 4183 4201 4202
f 4183 4202 4203
f 4183 4203 4184
f 4182 4200 4201
f 4182 4201 4183
f 4181 4200 4182
f 4180 4199 4200
f 4180 4200 4181
f 4179 4197 4198
f 4179 4198 4199
f 4179 4199 4180
f 4178 4196 4197
f 4178 4197 4179
f 4177 4196 4178
f 4176 4194 4195
f 4176 4195 4196
f 4176 4196 4177
f 4175 4194 4176
f 4174 4194 4175
f 4174 4193 4194
f 4173 4193 4174
f 4173 4191 4192
f 4173 4192 4193
f 4172 4191 4173
f 4171 4191 4172
f 4171 4170 4191
f 4226 4245 4227
f 4225 4244 4245
f 4225 4245 4226
f 4224 4243 4244
f 4224 4244 4225
f 4223 4242 4243
f 4223 4243 4224
f 4222 4241 4242
f 4222 4242 4223
f 4221 4240 4241
f 4221 4241 4222
f 4220 4239 4240
f 4220 4240 4221
f 4219 4238 4239
f 4219 4239 4220
f 4218 4237 4238
f 4218 4238 4219
f 4217 4236 4237
f 4217 4237 4218
f 4216 4236 4217
f 4215 4234 4235
f 4215 4235 4236
f 4215 4236 4216
f 4214 4234 4215
f 4213 4232 4233
f 4213 4233 4234
f 4213 4234 4214
f 4212 4231 4232
f 4212 4232 4213
f 4211 4231 4212
f 4210 4231 4211
f 4210 4229 4230
f 4210 4230 4231
f 4209 4229 4210
f 4208 4229 4209
f 4208 4228 4229
f 4287 4260 4259
f 4286 4261 4260
f 4286 4260 4287
f 4288 4259 4258
f 4288 4287 4259
f 4285 4262 4261
f 4285 4261 4286
f 4289 4288 4258
f 4289 4258 4257
f 4284 4262 4285
f 4284 4263 4262
f 4290 4289 4257
f 4290 4257 4256
f 4283 4264 4263
f 4283 4263 4284
f 4291 4256 4255
f 4291 4290 4256
f 4282 4264 4283
f 4282 4265 4264
f 4292 4291 4255
f 4292 4255 4254
f 4317 4265 4282
f 4293 4254 4253
f 4293 4292 4254
f 4316 4266 4265
f 4316 4265 4317
f 4252 4293 4253
f 4294 4293 4252
f 4315 4267 4266
f 4315 4266 4316
f 4251 4294 4252
f 4295 4294 4251
f 4314 4268 4267
f 4314 4267 4315
f 4313 4268 4314
f 4250 4295 4251
f 4250 4296 4295
f 4269 4268 4313
f 4312 4269 4313
f 4249 4297 4296
f 4249 4296 4250
f 4270 4269 4312
f 4298 4297 4249
f 4248 4298 4249
f 4248 4299 4298
f 4271 4270 4312
f 4271 4312 4311
f 4247 4300 4299
f 4247 4299 4248
f 4272 4311 4310
f 4272 4271 4311
f 4246 4301 4300
f 4246 4300 4247
f 4273 4310 4309
f 4273 4272 4310
f 4281 4302 4301
f 4281 4301 4246
f 4274 4273 4309
f 4274 4309 4308
f 4280 4302 4281
f 4280 4303 4302
f 4275 4274 4308
f 4275 4308 4307
f 4279 4304 4303
f 4279 4303 4280
f 4276 4275 4307
f 4276 4307 4306
f 4278 4305 4304
f 4278 4304 4279
f 4277 4276 4306
f 4277 4305 4278
f 4277 4306 4305
f 4319 4337 4318
f 4319 4355 4337
f 4320 4354 4355
f 4320 4355 4319
f 4321 4353 4354
f 4321 4354 4320
f 4322 4352 4353
f 4322 4353 4321
f 4323 4351 4352
f 4323 4352 4322
f 4324 4350 4351
f 4324 4351 4323
f 4325 4349 4350
f 4325 4350 4324
f 4326 4348 4349
f 4326 4349 4325
f 4327 4347 4348
f 4327 4348 4326
f 4328 4346 4347
f 4328 4347 4327
f 4329 4345 4346
f 4329 4346 4328
f 4330 4344 4345
f 4330 4345 4329
f 4331 4343 4344
f 4331 4344 4330
f 4332 4342 4343
f 4332 4343 4331
f 4333 4342 4332
f 4333 4341 4342
f 4334 4341 4333
f 4334 4340 4341
f 4335 4340 4334
f 4335 4338 4339
f 4335 4339 4340
f 4336 4338 4335
f 4415 4370 4369
f 4414 4371 4370
f 4414 4370 4415
f 4416 4369 4368
f 4416 4415 4369
f 4413 4372 4371
f 4413 4371 4414
f 4417 4368 4367
f 4417 4416 4368
f 4412 4373 4372
f 4412 4372 4413
f 4418 4367 4366
f 4418 4417 4367
f 4411 4373 4412
f 4411 4374 4373
f 4419 4366 4365
f 4419 4418 4366
f 4410 4374 4411
f 4410 4375 4374
f 4420 4419 4365
f 4420 4365 4364
f 4409 4375 4410
f 4376 4375 4409
f 4421 4364 4363
f 4421 4420 4364
f 4408 4376 4409
f 4377 4376 4408
f 4422 4363 4362
f 4422 4421 4363
f 4407 4377 4408
f 4378 4377 4407
f 4423 4422 4362
f 4423 4362 4361
f 4406 4378 4407
f 4424 4423 4361
f 4360 4424 4361
f 4379 4378 4406
f 4379 4406 4405
f 4425 4424 4360
f 4359 4425 4360
f 4380 4405 4404
f 4380 4379 4405
f 4426 4425 4359
f 4358 4426 4359
f 4381 4404 4403
f 4381 4380 4404
f 4427 4426 4358
f 4357 4427 4358
f 4382 4403 4402
f 4382 4381 4403
f 4356 4393 4392
f 4356 4392 4427
f 4356 4427 4357
f 4383 4402 4401
f 4383 4382 4402
f 4384 4401 4400
f 4384 4383 4401
f 4391 4394 4393
f 4391 4393 4356
f 4385 4400 4399
f 4385 4384 4400
f 4390 4394 4391
f 4389 4395 4394
f 4389 4396 4395
f 4389 4394 4390
f 4386 4385 4399
f 4386 4399 4398
f 4387 4386 4398
f 4387 4398 4397
f 4388 4396 4389
f 4388 4387 4397
f 4388 4397 4396
f 4445 4447 4446
f 4445 4465 4447
f 4444 4464 4465
f 4444 4465 4445
f 4443 4463 4464
f 4443 4464 4444
f 4442 4461 4462
f 4442 4462 4463
f 4442 4463 4443
f 4441 4461 4442
f 4440 4460 4461
f 4440 4461 4441
f 4439 4459 4460
f 4439 4460 4440
f 4438 4457 4458
f 4438 4458 4459
f 4438 4459 4439
f 4437 4457 4438
f 4436 4455 4456
f 4436 4456 4457
f 4436 4457 4437
f 4435 4455 4436
f 4434 4454 4455
f 4434 4455 4435
f 4433 4452 4453
f 4433 4453 4454
f 4433 4454 4434
f 4432 4452 4433
f 4431 4452 4432
f 4431 4451 4452
f 4430 4451 4431
f 4430 4450 4451
f 4429 4450 4430
f 4429 4449 4450
f 4428 4449 4429
f 4428 4448 4449
f 4484 4486 4485
f 4484 4503 4486
f 4483 4502 4503
f 4483 4503 4484
f 4482 4500 4501
f 4482 4501 4502
f 4482 4502 4483
f 4481 4500 4482
f 4480 4499 4500
f 4480 4500 4481
f 4479 4498 4499
f 4479 4499 4480
f 4478 4497 4498
f 4478 4498 4479
f 4477 4495 4496
f 4477 4496 4497
f 4477 4497 4478
f 4476 4495 4477
f 4475 4494 4495
f 4475 4495 4476
f 4474 4493 4494
f 4474 4494 4475
f 4473 4492 4493
f 4473 4493 4474
f 4472 4491 4492
f 4472 4492 4473
f 4471 4490 4491
f 4471 4491 4472
f 4470 4489 4490
f 4470 4490 4471
f 4469 4488 4489
f 4469 4489 4470
f 4468 4488 4469
f 4468 4487 4488
f 4467 4487 4468
f 4467 4466 4487
f 4507 4524 4506
f 4507 4541 4524
f 4508 4540 4541
f 4508 4541 4507
f 4509 4539 4540
f 4509 4540 4508
f 4510 4538 4539
f 4510 4539 4509
f 4511 4537 4538
f 4511 4538 4510
f 4512 4536 4537
f 4512 4537 4511
f 4513 4535 4536
f 4513 4536 4512
f 4514 4534 4535
f 4514 4535 4513
f 4515 4533 4534
f 4515 4534 4514
f 4516 4532 4533
f 4516 4533 4515
f 4517 4531 4532
f 4517 4532 4516
f 4518 4530 4531
f 4518 4531 4517
f 4519 4529 4530
f 4519 4530 4518
f 4520 4528 4529
f 4520 4529 4519
f 4521 4528 4520
f 4521 4527 4528
f 4522 4527 4521
f 4522 4526 4527
f 4523 4526 4522
f 4523 4525 4526
f 4505 4525 4523
f 4505 4504 4525
f 4560 4562 4561
f 4560 4579 4562
f 4559 4578 4579
f 4559 4579 4560
f 4558 4577 4578
f 4558 4578 4559
f 4557 4576 4577
f 4557 4577 4558
f 4556 4575 4576
f 4556 4576 4557
f 4555 4574 4575
f 4555 4575 4556
f 4554 4572 4573
f 4554 4573 4574
f 4554 4574 4555
f 4553 4572 4554
f 4552 4571 4572
f 4552 4572 4553
f 4551 4569 4570
f 4551 4570 4571
f 4551 4571 4552
f 4550 4568 4569
f 4550 4569 4551
f 4549 4567 4568
f 4549 4568 4550
f 4548 4567 4549
f 4547 4567 4548
f 4547 4565 4566
f 4547 4566 4567
f 4546 4565 4547
f 4545 4565 4546
f 4545 4564 4565
f 4544 4564 4545
f 4544 4542 4563
f 4544 4563 4564
f 4543 4542 4544
f 4598 4600 4599
f 4598 4617 4600
f 4597 4616 4617
f 4597 4617 4598
f 4596 4615 4616
f 4596 4616 4597
f 4595 4614 4615
f 4595 4615 4596
f 4594 4613 4614
f 4594 4614 4595
f 4593 4612 4613
f 4593 4613 4594
f 4592 4611 4612
f 4592 4612 4593
f 4591 4610 4611
f 4591 4611 4592
f 4590 4609 4610
f 4590 4610 4591
f 4589 4608 4609
f 4589 4609 4590
f 4588 4607 4608
f 4588 4608 4589
f 4587 4606 4607
f 4587 4607 4588
f 4586 4605 4606
f 4586 4606 4587
f 4585 4604 4605
f 4585 4605 4586
f 4584 4604 4585
f 4584 4603 4604
f 4583 4603 4584
f 4583 4601 4602
f 4583 4602 4603
f 4582 4601 4583
f 4581 4601 4582
f 4581 4580 4601
f 4619 4637 4618
f 4619 4655 4637
f 4620 4654 4655
f 4620 4655 4619
f 4621 4653 4654
f 4621 4654 4620
f 4622 4652 4653
f 4622 4653 4621
f 4623 4651 4652
f 4623 4652 4622
f 4624 4650 4651
f 4624 4651 4623
f 4625 4649 4650
f 4625 4650 4624
f 4626 4648 4649
f 4626 4649 4625
f 4627 4647 4648
f 4627 4648 4626
f 4628 4646 4647
f 4628 4647 4627
f 4629 4645 4646
f 4629 4646 4628
f 4630 4644 4645
f 4630 4645 4629
f 4631 4643 4644
f 4631 4644 4630
f 4632 4642 4643
f 4632 4643 4631
f 4633 4642 4632
f 4633 4641 4642
f 4634 4641 4633
f 4634 4640 4641
f 4635 4640 4634
f 4635 4638 4639
f 4635 4639 4640
f 4636 4638 4635
f 4902 4903 4714
f 4901 4902 4714
f 4904 4714 4903
f 4905 4715 4714
f 4905 4714 4904
f 4900 4901 4714
f 4906 4715 4905
f 4899 4900 4714
f 4898 4899 4714
f 4907 4715 4906
f 4897 4714 4713
f 4897 4898 4714
f 4908 4715 4907
f 4909 4715 4908
f 4896 4897 4713
f 4910 4715 4909
f 4895 4896 4713
f 4911 4715 4910
f 4894 4895 4713
f 4893 4894 4713
f 4912 4716 4715
f 4912 4715 4911
f 4938 4939 4718
f 4940 4718 4939
f 4937 4938 4718
f 4941 4718 4940
f 4936 4937 4718
f 4942 4718 4941
f 4942 4719 4718
f 4935 4936 4718
f 4943 4719 4942
f 4934 4935 4718
f 4934 4718 4717
f 4944 4719 4943
f 4933 4934 4717
f 4945 4719 4944
f 4932 4933 4717
f 4946 4719 4945
f 4931 4932 4717
f 4930 4931 4717
f 4947 4719 4946
f 4948 4719 4947
f 4974 4891 4892
f 4975 4890 4891
f 4975 4891 4974
f 4973 4974 4892
f 4973 4892 4893
f 4973 4893 4713
f 4976 4890 4975
f 4976 4889 4890
f 4977 4889 4976
f 4972 4973 4713
f 4949 4719 4948
f 4971 4972 4713
f 4978 4924 4889
f 4978 4889 4977
f 4970 4971 4713
f 4979 4924 4978
f 4979 4923 4924
f 4980 4923 4979
f 4980 4922 4923
f 4969 4970 4713
f 4969 4713 4712
f 4981 4922 4980
f 4981 4921 4922
f 4968 4969 4712
f 4982 4921 4981
f 4982 4920 4921
f 4967 4968 4712
f 4983 4920 4982
f 4983 4919 4920
f 4966 4967 4712
f 4965 4966 4712
f 4688 4719 4949
f 4688 4949 4950
f 4964 4965 4712
f 4964 4712 4711
f 4963 4964 4711
f 5046 4956 4957
f 5047 4956 5046
f 5047 4955 4956
f 5045 5046 4957
f 5048 4955 5047
f 5048 4954 4955
f 5044 5045 4957
f 5044 4957 4958
f 5049 4954 5048
f 5049 4953 4954
f 5050 4953 5049
f 5050 4952 4953
f 5043 4958 4959
f 5043 5044 4958
f 5042 4959 4960
f 5042 5043 4959
f 5051 4952 5050
f 5052 4951 4952
f 5052 4952 5051
f 5041 4960 4925
f 5041 5042 4960
f 5040 4925 4926
f 5040 5041 4925
f 5053 4951 5052
f 5053 4688 4950
f 5053 4950 4951
f 5054 4688 5053
f 5039 5040 4926
f 5209 4716 4912
f 5208 5209 4912
f 5208 4912 4913
f 5208 4913 4914
f 5208 4914 4915
f 5208 4915 4916
f 5208 4916 4917
f 5055 4688 5054
f 5056 4688 5055
f 5210 4716 5209
f 5210 4930 4717
f 5210 4717 4716
f 5210 4928 4929
f 5210 4929 4930
f 5207 4983 4984
f 5207 5208 4917
f 5207 4984 4985
f 5207 4985 4986
f 5207 4986 4987
f 5207 4919 4983
f 5207 4917 4918
f 5207 4918 4919
f 5057 4688 5056
f 5058 4688 5057
f 5211 4928 5210
f 5211 4926 4927
f 5211 4927 4928
f 5211 5035 5036
f 5211 5036 5037
f 5211 5037 5038
f 5211 5039 4926
f 5211 5038 5039
f 5206 5207 4987
f 5206 4987 4988
f 5206 4988 4989
f 5206 4989 4990
f 5206 4990 4991
f 5206 4991 4992
f 5206 4992 4993
f 4689 4688 5058
f 4689 5058 5059
f 5212 5065 5066
f 5212 5066 5067
f 5212 5067 5068
f 5212 5068 5033
f 5212 5035 5211
f 5212 5033 5034
f 5212 5034 5035
f 5205 4961 4962
f 5205 4962 4963
f 5205 4993 4994
f 5205 4994 4995
f 5205 4995 4996
f 5205 4996 4961
f 5205 5206 4993
f 4866 4867 4710
f 4865 4866 4710
f 4868 4710 4867
f 4869 4711 4710
f 4869 4710 4868
f 4864 4865 4710
f 4870 4711 4869
f 4863 4864 4710
f 4862 4863 4710
f 4871 4711 4870
f 4872 4711 4871
f 4861 4862 4710
f 5204 4872 4873
f 5204 4963 4711
f 5204 5205 4963
f 5204 4711 4872
f 5177 5059 5060
f 5177 5060 5061
f 5177 5061 5062
f 5177 5062 5063
f 5177 5063 5064
f 5177 5064 5065
f 5177 5065 5212
f 4874 5204 4873
f 4709 4857 4858
f 4709 4858 4859
f 4709 4859 4860
f 4709 4860 4861
f 4709 4861 4710
f 4709 4856 4857
f 4855 4856 4709
f 4854 4855 4709
f 4853 4854 4709
f 5178 4689 5059
f 5178 5059 5177
f 5203 5204 4874
f 5203 4874 4875
f 5203 4875 4876
f 5203 4876 4877
f 5203 4877 4878
f 5203 4878 4879
f 4759 4690 4758
f 4757 4758 4690
f 4760 4690 4759
f 4756 4757 4690
f 4761 4690 4760
f 5202 4879 4880
f 5202 5203 4879
f 5202 4880 4881
f 5202 4881 4882
f 5202 4882 4883
f 4755 5178 5179
f 4755 4690 4689
f 4755 4756 4690
f 4755 4689 5178
f 4762 4690 4761
f 4691 4690 4762
f 4754 4755 5179
f 4763 4691 4762
f 4753 4754 5179
f 4764 4691 4763
f 4708 4886 4887
f 4708 4887 4888
f 4708 4888 4853
f 4708 4853 4709
f 4752 4753 5179
f 4765 4691 4764
f 4751 4752 5179
f 4766 4691 4765
f 4750 4751 5179
f 4767 4691 4766
f 4768 4691 4767
f 4769 4691 4768
f 5180 4750 5179
f 5180 4746 4747
f 5180 4747 4748
f 5180 4748 4749
f 5180 4749 4750
f 5201 4883 4884
f 5201 5202 4883
f 5118 4885 4886
f 5119 4884 4885
f 5119 4885 5118
f 5117 4886 4708
f 5117 5118 4886
f 5120 4884 5119
f 5120 5201 4884
f 5116 5117 4708
f 5121 5201 5120
f 5115 5116 4708
f 5122 5201 5121
f 4692 4769 4770
f 4692 4770 4771
f 4692 4771 4772
f 4692 4772 4773
f 4692 4691 4769
f 4692 4773 4774
f 4692 4774 4775
f 4692 4775 4776
f 5114 5115 4708
f 5123 5201 5122
f 5113 5114 4708
f 5124 5201 5123
f 4707 5113 4708
f 5112 5113 4707
f 5125 5201 5124
f 5111 5112 4707
f 5110 5111 4707
f 5109 5110 4707
f 5181 4746 5180
f 5181 4780 4745
f 5181 4745 4746
f 5200 5125 5126
f 5200 5126 5127
f 5200 5127 5128
f 5200 5201 5125
f 5108 5109 4707
f 5129 5200 5128
f 5107 5108 4707
f 5130 5200 5129
f 5131 5200 5130
f 5155 4778 4779
f 5154 4779 4780
f 5154 5155 4779
f 5154 4780 5181
f 5153 5154 5181
f 5156 4777 4778
f 5156 4778 5155
f 5152 5153 5181
f 5157 4776 4777
f 5157 4777 5156
f 5151 5152 5181
f 5158 4692 4776
f 5158 4776 5157
f 5159 4692 5158
f 5150 5151 5181
f 5160 4692 5159
f 5149 5150 5181
f 5182 5149 5181
f 5182 5147 5148
f 5182 5148 5149
f 5199 5200 5131
f 5199 5131 5132
f 5199 5132 5133
f 5199 5133 5134
f 5199 5134 5135
f 5199 5135 5136
f 5146 5147 5182
f 4693 5160 5161
f 4693 5161 5162
f 4693 5162 5163
f 4693 4692 5160
f 5145 5146 5182
f 5164 4693 5163
f 5144 5145 5182
f 5165 4693 5164
f 4706 5105 5106
f 4706 5106 5107
f 4706 5107 4707
f 4706 5140 5105
f 5143 5144 5182
f 5166 4693 5165
f 5183 5174 5175
f 5183 5175 5176
f 5183 5176 5141
f 5183 5143 5182
f 5183 5141 5142
f 5183 5142 5143
f 4730 5140 4706
f 4730 5139 5140
f 4731 5139 4730
f 4731 5138 5139
f 4729 4730 4706
f 4732 5138 4731
f 4732 5137 5138
f 4728 4729 4706
f 4733 5137 4732
f 4733 5136 5137
f 4727 4728 4706
f 4734 5136 4733
f 4734 5199 5136
f 4726 4727 4706
f 4735 5199 4734
f 4725 4726 4706
f 4736 5199 4735
f 4736 5198 5199
f 4724 4725 4706
f 4737 5198 4736
f 4738 5198 4737
f 4739 5198 4738
f 4740 5198 4739
f 4694 5166 5167
f 4694 5167 5168
f 4694 5168 5169
f 4694 5169 5170
f 4694 5170 5171
f 4694 4693 5166
f 4741 5198 4740
f 4705 4724 4706
f 4705 4720 4721
f 4705 4721 4722
f 4705 4722 4723
f 4705 4723 4724
f 5197 5198 4741
f 5197 4741 4742
f 5197 4742 4743
f 4794 5173 5174
f 4794 5174 5183
f 4795 5172 5173
f 4795 5173 4794
f 4793 5183 5184
f 4793 4794 5183
f 4796 5171 5172
f 4796 5172 4795
f 4796 4694 5171
f 4792 4793 5184
f 4797 4694 4796
f 4695 4694 4797
f 4791 4792 5184
f 4798 4695 4797
f 4659 5196 5197
f 4659 5197 4743
f 4659 4743 4744
f 4659 4744 4660
f 4790 4791 5184
f 4799 4695 4798
f 4789 4790 5184
f 4800 4695 4799
f 4788 5184 5185
f 4788 4789 5184
f 4801 4695 4800
f 4787 4788 5185
f 4802 4695 4801
f 4786 4787 5185
f 4803 4695 4802
f 4785 4786 5185
f 4804 4695 4803
f 4784 4785 5185
f 4805 4695 4804
f 5186 4784 5185
f 4783 4784 5186
f 4782 4783 5186
f 4658 5195 5196
f 4658 5196 4659
f 4696 4695 4805
f 4696 4805 4806
f 4696 4806 4807
f 4696 4807 4808
f 4696 4808 4809
f 4696 4809 4810
f 4696 4810 4811
f 4696 4811 4812
f 4696 4812 4813
f 5011 5194 5195
f 5011 5195 5010
f 5009 5010 5195
f 5012 5194 5011
f 5008 5009 5195
f 5013 5194 5012
f 5007 5008 5195
f 5014 5194 5013
f 5006 5007 5195
f 5015 5194 5014
f 5016 5194 5015
f 5017 5193 5194
f 5017 5194 5016
f 5018 5193 5017
f 4657 5003 5004
f 4657 5004 5005
f 4657 5005 5006
f 4657 5195 4658
f 4657 5006 5195
f 5002 5003 4657
f 5019 5193 5018
f 5001 5002 4657
f 5020 5193 5019
f 5000 5001 4657
f 5021 5193 5020
f 4999 5000 4657
f 5022 5193 5021
f 5083 5187 5188
f 5083 5188 5082
f 5081 5082 5188
f 5084 5187 5083
f 5080 5081 5188
f 5085 5187 5084
f 4998 4999 4657
f 5079 5080 5188
f 5086 5187 5085
f 4697 4781 4782
f 4697 4782 5186
f 4697 4813 4814
f 4697 4814 4815
f 4697 4815 4816
f 4697 4816 4781
f 4697 4696 4813
f 5078 5079 5188
f 5087 5187 5086
f 5077 5188 5189
f 5077 5078 5188
f 5088 5187 5087
f 5076 5077 5189
f 5089 5186 5187
f 5089 5187 5088
f 5075 5076 5189
f 5074 5075 5189
f 5073 5074 5189
f 4663 5028 5029
f 4664 5028 4663
f 4664 5027 5028
f 4662 4663 5029
f 4662 5029 5030
f 4665 5026 5027
f 4665 5027 4664
f 4661 5030 5031
f 4661 4662 5030
f 4666 5026 4665
f 4666 5025 5026
f 4656 4998 4657
f 4656 4997 4998
f 4656 5031 5032
f 4656 5032 4997
f 4656 4661 5031
f 4667 5024 5025
f 4667 5025 4666
f 4668 5024 4667
f 4668 5023 5024
f 4669 5022 5023
f 4669 5023 4668
f 4670 5022 4669
f 4670 5193 5022
f 4671 5193 4670
f 4671 5192 5193
f 4672 5192 4671
f 4673 5192 4672
f 4698 4697 5186
f 4698 5089 5090
f 4698 5090 5091
f 4698 5091 5092
f 4698 5092 5093
f 4698 5186 5089
f 4830 5072 5073
f 4831 5071 5072
f 4831 5072 4830
f 4829 4830 5073
f 4829 5073 5189
f 4832 5070 5071
f 4832 5071 4831
f 4828 4829 5189
f 4833 5069 5070
f 4833 5070 4832
f 4827 5189 5190
f 4827 4828 5189
f 4834 5104 5069
f 4834 5069 4833
f 4826 4827 5190
f 4835 5102 5103
f 4835 5103 5104
f 4835 5104 4834
f 4825 4826 5190
f 4836 5101 5102
f 4836 5102 4835
f 4824 4825 5190
f 4837 5100 5101
f 4837 5101 4836
f 4823 4824 5190
f 4838 5099 5100
f 4838 5100 4837
f 4822 5190 5191
f 4822 4823 5190
f 4839 5099 4838
f 4687 4681 4682
f 4687 4682 4683
f 4687 4683 4684
f 4687 4684 4685
f 4687 4685 4686
f 4699 5099 4839
f 4699 5093 5094
f 4699 5094 5095
f 4699 5095 5096
f 4699 5096 5097
f 4699 5097 5098
f 4699 5098 5099
f 4699 4839 4840
f 4699 4840 4841
f 4699 4698 5093
f 4704 4674 4675
f 4704 4675 4676
f 4704 4676 4677
f 4704 4677 4678
f 4704 4678 4679
f 4704 4679 4680
f 4704 4680 4681
f 4704 4681 4687
f 4700 4699 4841
f 4700 4841 4842
f 4700 4842 4843
f 4700 4843 4844
f 4700 4844 4845
f 4700 4845 4846
f 4700 4846 4847
f 4700 4847 4848
f 4703 5192 4673
f 4703 4673 4674
f 4703 5191 5192
f 4703 4674 4704
f 4701 4700 4848
f 4701 4817 4818
f 4701 4818 4819
f 4701 4819 4820
f 4701 4848 4849
f 4701 4849 4850
f 4701 4850 4851
f 4701 4851 4852
f 4701 4852 4817
f 4702 4701 4820
f 4702 4822 5191
f 4702 5191 4703
f 4702 4820 4821
f 4702 4821 4822
f 5230 5232 5231
f 5230 5250 5232
f 5229 5249 5250
f 5229 5250 5230
f 5228 5248 5249
f 5228 5249 5229
f 5227 5246 5247
f 5227 5247 5248
f 5227 5248 5228
f 5226 5246 5227
f 5225 5245 5246
f 5225 5246 5226
f 5224 5244 5245
f 5224 5245 5225
f 5223 5242 5243
f 5223 5243 5244
f 5223 5244 5224
f 5222 5242 5223
f 5221 5240 5241
f 5221 5241 5242
f 5221 5242 5222
f 5220 5240 5221
f 5219 5239 5240
f 5219 5240 5220
f 5218 5237 5238
f 5218 5238 5239
f 5218 5239 5219
f 5217 5237 5218
f 5216 5237 5217
f 5216 5236 5237
f 5215 5236 5216
f 5215 5235 5236
f 5214 5235 5215
f 5214 5234 5235
f 5213 5234 5214
f 5213 5233 5234
