# generated by step_to_parts.py -- 4812 verts, 4666 tris
v -0.471649 -0.508551 -0.043096
v -0.471279 -0.506677 -0.047555
v -0.471030 -0.505417 -0.052234
v -0.470906 -0.504795 -0.057044
v -0.471159 -0.508648 -0.043096
v -0.460662 -0.510724 -0.043096
v -0.460211 -0.508440 -0.048829
v -0.459959 -0.507168 -0.054880
v -0.459915 -0.506945 -0.061063
v -0.460080 -0.507779 -0.067193
v -0.460449 -0.509645 -0.073081
v -0.461011 -0.512485 -0.078550
v -0.461749 -0.516214 -0.083433
v -0.462640 -0.520718 -0.087582
v -0.463657 -0.525861 -0.090870
v -0.464770 -0.531485 -0.093199
v -0.465944 -0.537420 -0.094496
v -0.467144 -0.543487 -0.094723
v -0.468334 -0.549500 -0.093872
v -0.469477 -0.555276 -0.091971
v -0.470538 -0.560641 -0.089075
v -0.471486 -0.565431 -0.085274
v -0.472291 -0.569501 -0.080683
v -0.472930 -0.572727 -0.075441
v -0.483426 -0.570650 -0.075441
v -0.477734 -0.541882 -0.094695
v -0.478907 -0.547806 -0.093780
v -0.480031 -0.553489 -0.091844
v -0.481074 -0.558762 -0.088943
v -0.482006 -0.563470 -0.085164
v -0.482797 -0.567472 -0.080619
v -0.470377 -0.543338 -0.094695
v -0.469452 -0.538665 -0.094681
v -0.468537 -0.534035 -0.094029
v -0.467646 -0.529533 -0.092751
v -0.466796 -0.525240 -0.090870
v -0.474644 -0.523687 -0.090870
v -0.473771 -0.519274 -0.088129
v -0.474053 -0.520700 -0.089117
v -0.474344 -0.522172 -0.090031
v -0.465923 -0.520827 -0.088129
v -0.465040 -0.516362 -0.084250
v -0.464295 -0.512599 -0.079662
v -0.463711 -0.509646 -0.074495
v -0.463303 -0.507585 -0.068895
v -0.463084 -0.506475 -0.063023
v -0.463059 -0.506348 -0.057044
v -0.418431 -0.558493 -0.045470
v -0.418474 -0.558710 -0.045609
v -0.418511 -0.558900 -0.045784
v -0.418542 -0.559058 -0.045991
v -0.418566 -0.559178 -0.046222
v -0.418582 -0.559257 -0.046470
v -0.418589 -0.559292 -0.046729
v -0.418587 -0.559283 -0.046991
v -0.418576 -0.559229 -0.047246
v -0.418557 -0.559132 -0.047489
v -0.418530 -0.558996 -0.047710
v -0.418496 -0.558824 -0.047904
v -0.418456 -0.558622 -0.048065
v -0.418411 -0.558395 -0.048187
v -0.418363 -0.558151 -0.048267
v -0.418313 -0.557897 -0.048303
v -0.418262 -0.557641 -0.048294
v -0.418212 -0.557390 -0.048239
v -0.418165 -0.557152 -0.048141
v -0.421374 -0.557911 -0.045470
v -0.421417 -0.558128 -0.045609
v -0.421454 -0.558318 -0.045784
v -0.421485 -0.558476 -0.045991
v -0.421509 -0.558596 -0.046222
v -0.421525 -0.558675 -0.046470
v -0.421532 -0.558710 -0.046729
v -0.421530 -0.558700 -0.046991
v -0.421519 -0.558647 -0.047246
v -0.421500 -0.558550 -0.047489
v -0.421473 -0.558414 -0.047710
v -0.421439 -0.558242 -0.047904
v -0.421399 -0.558039 -0.048065
v -0.421354 -0.557813 -0.048187
v -0.421306 -0.557569 -0.048267
v -0.421256 -0.557315 -0.048303
v -0.421205 -0.557058 -0.048294
v -0.421155 -0.556808 -0.048239
v -0.421108 -0.556570 -0.048141
v -0.418165 -0.557152 -0.048141
v -0.418122 -0.556935 -0.048002
v -0.418085 -0.556745 -0.047826
v -0.418054 -0.556587 -0.047620
v -0.418030 -0.556467 -0.047389
v -0.418014 -0.556388 -0.047140
v -0.418007 -0.556353 -0.046881
v -0.418009 -0.556362 -0.046620
v -0.418020 -0.556416 -0.046364
v -0.418039 -0.556513 -0.046122
v -0.418066 -0.556649 -0.045901
v -0.418100 -0.556821 -0.045707
v -0.418140 -0.557023 -0.045546
v -0.418185 -0.557250 -0.045424
v -0.418233 -0.557494 -0.045343
v -0.418283 -0.557748 -0.045307
v -0.418334 -0.558004 -0.045317
v -0.418384 -0.558255 -0.045372
v -0.418431 -0.558493 -0.045470
v -0.421108 -0.556570 -0.048141
v -0.421065 -0.556353 -0.048002
v -0.421028 -0.556162 -0.047826
v -0.420997 -0.556005 -0.047620
v -0.420973 -0.555885 -0.047389
v -0.420957 -0.555806 -0.047140
v -0.420950 -0.555771 -0.046881
v -0.420952 -0.555780 -0.046620
v -0.420963 -0.555834 -0.046364
v -0.420982 -0.555930 -0.046122
v -0.421009 -0.556067 -0.045901
v -0.421043 -0.556239 -0.045707
v -0.421083 -0.556441 -0.045546
v -0.421128 -0.556668 -0.045424
v -0.421176 -0.556912 -0.045343
v -0.421226 -0.557166 -0.045307
v -0.421277 -0.557422 -0.045317
v -0.421327 -0.557673 -0.045372
v -0.421374 -0.557911 -0.045470
v -0.421374 -0.557911 -0.045470
v -0.421417 -0.558128 -0.045609
v -0.421454 -0.558318 -0.045784
v -0.421485 -0.558476 -0.045991
v -0.421509 -0.558596 -0.046222
v -0.421525 -0.558675 -0.046470
v -0.421532 -0.558710 -0.046729
v -0.421530 -0.558700 -0.046991
v -0.421519 -0.558647 -0.047246
v -0.421500 -0.558550 -0.047489
v -0.421473 -0.558414 -0.047710
v -0.421439 -0.558242 -0.047904
v -0.421399 -0.558039 -0.048065
v -0.421354 -0.557813 -0.048187
v -0.421306 -0.557569 -0.048267
v -0.421256 -0.557315 -0.048303
v -0.421205 -0.557058 -0.048294
v -0.421155 -0.556808 -0.048239
v -0.421108 -0.556570 -0.048141
v -0.421065 -0.556353 -0.048002
v -0.421028 -0.556162 -0.047826
v -0.420997 -0.556005 -0.047620
v -0.420973 -0.555885 -0.047389
v -0.420957 -0.555806 -0.047140
v -0.420950 -0.555771 -0.046881
v -0.420952 -0.555780 -0.046620
v -0.420963 -0.555834 -0.046364
v -0.420982 -0.555930 -0.046122
v -0.421009 -0.556067 -0.045901
v -0.421043 -0.556239 -0.045707
v -0.421083 -0.556441 -0.045546
v -0.421128 -0.556668 -0.045424
v -0.421176 -0.556912 -0.045343
v -0.421226 -0.557166 -0.045307
v -0.421277 -0.557422 -0.045317
v -0.421327 -0.557673 -0.045372
v -0.418898 -0.545397 -0.070396
v -0.418941 -0.545615 -0.070535
v -0.418979 -0.545805 -0.070710
v -0.419010 -0.545962 -0.070916
v -0.419033 -0.546083 -0.071147
v -0.419049 -0.546161 -0.071396
v -0.419056 -0.546197 -0.071655
v -0.419054 -0.546187 -0.071916
v -0.419043 -0.546133 -0.072172
v -0.419024 -0.546037 -0.072414
v -0.418997 -0.545901 -0.072636
v -0.418963 -0.545729 -0.072830
v -0.418923 -0.545526 -0.072990
v -0.418879 -0.545300 -0.073113
v -0.418830 -0.545055 -0.073193
v -0.418780 -0.544801 -0.073229
v -0.418729 -0.544545 -0.073220
v -0.418680 -0.544294 -0.073165
v -0.418633 -0.544057 -0.073066
v -0.418590 -0.543839 -0.072927
v -0.418552 -0.543649 -0.072752
v -0.418521 -0.543491 -0.072546
v -0.418497 -0.543371 -0.072315
v -0.418481 -0.543293 -0.072066
v -0.418474 -0.543257 -0.071807
v -0.418476 -0.543267 -0.071546
v -0.418487 -0.543321 -0.071290
v -0.418506 -0.543417 -0.071048
v -0.418533 -0.543553 -0.070826
v -0.418567 -0.543725 -0.070632
v -0.418607 -0.543928 -0.070472
v -0.418652 -0.544154 -0.070349
v -0.418700 -0.544399 -0.070269
v -0.418751 -0.544653 -0.070233
v -0.418801 -0.544909 -0.070243
v -0.418851 -0.545160 -0.070297
v -0.415955 -0.545980 -0.070396
v -0.415998 -0.546197 -0.070535
v -0.416036 -0.546387 -0.070710
v -0.416067 -0.546545 -0.070916
v -0.416090 -0.546665 -0.071147
v -0.416106 -0.546744 -0.071396
v -0.416113 -0.546779 -0.071655
v -0.416111 -0.546769 -0.071916
v -0.416101 -0.546716 -0.072172
v -0.416081 -0.546619 -0.072414
v -0.416054 -0.546483 -0.072636
v -0.416020 -0.546311 -0.072830
v -0.415980 -0.546108 -0.072990
v -0.415936 -0.545882 -0.073113
v -0.415887 -0.545638 -0.073193
v -0.415837 -0.545384 -0.073229
v -0.415786 -0.545127 -0.073220
v -0.415737 -0.544877 -0.073165
v -0.415690 -0.544639 -0.073066
v -0.418898 -0.545397 -0.070396
v -0.418941 -0.545615 -0.070535
v -0.418979 -0.545805 -0.070710
v -0.419010 -0.545962 -0.070916
v -0.419033 -0.546083 -0.071147
v -0.419049 -0.546161 -0.071396
v -0.419056 -0.546197 -0.071655
v -0.419054 -0.546187 -0.071916
v -0.419043 -0.546133 -0.072172
v -0.419024 -0.546037 -0.072414
v -0.418997 -0.545901 -0.072636
v -0.418963 -0.545729 -0.072830
v -0.418923 -0.545526 -0.072990
v -0.418879 -0.545300 -0.073113
v -0.418830 -0.545055 -0.073193
v -0.418780 -0.544801 -0.073229
v -0.418729 -0.544545 -0.073220
v -0.418680 -0.544294 -0.073165
v -0.418633 -0.544057 -0.073066
v -0.415690 -0.544639 -0.073066
v -0.415647 -0.544422 -0.072927
v -0.415609 -0.544231 -0.072752
v -0.415578 -0.544074 -0.072546
v -0.415554 -0.543954 -0.072315
v -0.415538 -0.543875 -0.072066
v -0.415532 -0.543840 -0.071807
v -0.415533 -0.543849 -0.071546
v -0.415544 -0.543903 -0.071290
v -0.415563 -0.543999 -0.071048
v -0.415590 -0.544136 -0.070826
v -0.415624 -0.544308 -0.070632
v -0.415664 -0.544510 -0.070472
v -0.415709 -0.544737 -0.070349
v -0.415757 -0.544981 -0.070269
v -0.415808 -0.545235 -0.070233
v -0.415858 -0.545491 -0.070243
v -0.415908 -0.545742 -0.070297
v -0.415955 -0.545980 -0.070396
v -0.418633 -0.544057 -0.073066
v -0.418590 -0.543839 -0.072927
v -0.418552 -0.543649 -0.072752
v -0.418521 -0.543491 -0.072546
v -0.418497 -0.543371 -0.072315
v -0.418481 -0.543293 -0.072066
v -0.418474 -0.543257 -0.071807
v -0.418476 -0.543267 -0.071546
v -0.418487 -0.543321 -0.071290
v -0.418506 -0.543417 -0.071048
v -0.418533 -0.543553 -0.070826
v -0.418567 -0.543725 -0.070632
v -0.418607 -0.543928 -0.070472
v -0.418652 -0.544154 -0.070349
v -0.418700 -0.544399 -0.070269
v -0.418751 -0.544653 -0.070233
v -0.418801 -0.544909 -0.070243
v -0.418851 -0.545160 -0.070297
v -0.418898 -0.545397 -0.070396
v -0.422312 -0.536894 -0.054671
v -0.422375 -0.537210 -0.054802
v -0.422441 -0.537545 -0.054875
v -0.422509 -0.537887 -0.054888
v -0.422576 -0.538225 -0.054840
v -0.422640 -0.538551 -0.054733
v -0.422700 -0.538853 -0.054570
v -0.422753 -0.539123 -0.054355
v -0.422799 -0.539352 -0.054097
v -0.422835 -0.539534 -0.053801
v -0.422860 -0.539663 -0.053478
v -0.422874 -0.539734 -0.053138
v -0.422877 -0.539747 -0.052789
v -0.422868 -0.539700 -0.052444
v -0.422847 -0.539595 -0.052112
v -0.422815 -0.539435 -0.051804
v -0.422774 -0.539225 -0.051529
v -0.422723 -0.538971 -0.051295
v -0.422666 -0.538681 -0.051110
v -0.422603 -0.538364 -0.050979
v -0.422537 -0.538030 -0.050906
v -0.422470 -0.537688 -0.050893
v -0.422402 -0.537349 -0.050941
v -0.422338 -0.537024 -0.051048
v -0.422278 -0.536722 -0.051211
v -0.422225 -0.536452 -0.051425
v -0.422180 -0.536223 -0.051684
v -0.422144 -0.536041 -0.051979
v -0.422118 -0.535912 -0.052302
v -0.422104 -0.535840 -0.052643
v -0.422101 -0.535828 -0.052991
v -0.422111 -0.535875 -0.053337
v -0.422132 -0.535980 -0.053668
v -0.422163 -0.536140 -0.053977
v -0.422205 -0.536350 -0.054252
v -0.422255 -0.536604 -0.054485
v -0.414818 -0.540234 -0.051110
v -0.414875 -0.540524 -0.051295
v -0.414926 -0.540777 -0.051529
v -0.414967 -0.540987 -0.051804
v -0.414999 -0.541147 -0.052112
v -0.415020 -0.541253 -0.052444
v -0.415029 -0.541300 -0.052789
v -0.415026 -0.541287 -0.053138
v -0.415012 -0.541215 -0.053478
v -0.414987 -0.541087 -0.053801
v -0.414951 -0.540905 -0.054097
v -0.414906 -0.540676 -0.054355
v -0.414852 -0.540406 -0.054570
v -0.414792 -0.540103 -0.054733
v -0.414728 -0.539778 -0.054840
v -0.414661 -0.539439 -0.054888
v -0.414593 -0.539097 -0.054875
v -0.414527 -0.538763 -0.054802
v -0.414464 -0.538446 -0.054671
v -0.422666 -0.538681 -0.051110
v -0.422312 -0.536894 -0.054671
v -0.422375 -0.537210 -0.054802
v -0.422441 -0.537545 -0.054875
v -0.422509 -0.537887 -0.054888
v -0.422576 -0.538225 -0.054840
v -0.422640 -0.538551 -0.054733
v -0.422700 -0.538853 -0.054570
v -0.422753 -0.539123 -0.054355
v -0.422799 -0.539352 -0.054097
v -0.422835 -0.539534 -0.053801
v -0.422860 -0.539663 -0.053478
v -0.422874 -0.539734 -0.053138
v -0.422877 -0.539747 -0.052789
v -0.422868 -0.539700 -0.052444
v -0.422847 -0.539595 -0.052112
v -0.422815 -0.539435 -0.051804
v -0.422774 -0.539225 -0.051529
v -0.422723 -0.538971 -0.051295
v -0.414464 -0.538446 -0.054671
v -0.414407 -0.538157 -0.054485
v -0.414357 -0.537903 -0.054252
v -0.414315 -0.537693 -0.053977
v -0.414284 -0.537533 -0.053668
v -0.414263 -0.537428 -0.053337
v -0.414254 -0.537381 -0.052991
v -0.414256 -0.537393 -0.052643
v -0.414270 -0.537465 -0.052302
v -0.414296 -0.537593 -0.051979
v -0.414332 -0.537775 -0.051684
v -0.414377 -0.538005 -0.051425
v -0.414430 -0.538274 -0.051211
v -0.414490 -0.538577 -0.051048
v -0.414555 -0.538902 -0.050941
v -0.414622 -0.539241 -0.050893
v -0.414689 -0.539583 -0.050906
v -0.414755 -0.539917 -0.050979
v -0.414818 -0.540234 -0.051110
v -0.422312 -0.536894 -0.054671
v -0.422666 -0.538681 -0.051110
v -0.422603 -0.538364 -0.050979
v -0.422537 -0.538030 -0.050906
v -0.422470 -0.537688 -0.050893
v -0.422402 -0.537349 -0.050941
v -0.422338 -0.537024 -0.051048
v -0.422278 -0.536722 -0.051211
v -0.422225 -0.536452 -0.051425
v -0.422180 -0.536223 -0.051684
v -0.422144 -0.536041 -0.051979
v -0.422118 -0.535912 -0.052302
v -0.422104 -0.535840 -0.052643
v -0.422101 -0.535828 -0.052991
v -0.422111 -0.535875 -0.053337
v -0.422132 -0.535980 -0.053668
v -0.422163 -0.536140 -0.053977
v -0.422205 -0.536350 -0.054252
v -0.422255 -0.536604 -0.054485
v -0.420546 -0.546000 -0.068615
v -0.420875 -0.547664 -0.069304
v -0.421223 -0.549419 -0.069688
v -0.421578 -0.551213 -0.069755
v -0.421930 -0.552992 -0.069503
v -0.422268 -0.554700 -0.068941
v -0.422581 -0.556287 -0.068084
v -0.422862 -0.557704 -0.066960
v -0.423100 -0.558908 -0.065602
v -0.423289 -0.559862 -0.064052
v -0.423422 -0.560537 -0.062356
v -0.423497 -0.560914 -0.060566
v -0.423510 -0.560980 -0.058737
v -0.423461 -0.560733 -0.056924
v -0.423352 -0.560181 -0.055183
v -0.423186 -0.559341 -0.053565
v -0.422967 -0.558238 -0.052121
v -0.422704 -0.556906 -0.050894
v -0.422403 -0.555385 -0.049921
v -0.422074 -0.553721 -0.049232
v -0.421727 -0.551966 -0.048849
v -0.421372 -0.550172 -0.048782
v -0.421020 -0.548393 -0.049033
v -0.420682 -0.546685 -0.049596
v -0.420368 -0.545098 -0.050452
v -0.420087 -0.543681 -0.051576
v -0.419849 -0.542477 -0.052934
v -0.419660 -0.541523 -0.054485
v -0.419527 -0.540848 -0.056181
v -0.419452 -0.540471 -0.057970
v -0.419439 -0.540405 -0.059799
v -0.419488 -0.540652 -0.061612
v -0.419597 -0.541204 -0.063354
v -0.419763 -0.542044 -0.064971
v -0.419982 -0.543147 -0.066416
v -0.420245 -0.544479 -0.067643
v -0.417989 -0.556258 -0.049921
v -0.418289 -0.557779 -0.050894
v -0.418553 -0.559111 -0.052121
v -0.418771 -0.560214 -0.053565
v -0.418937 -0.561054 -0.055183
v -0.419047 -0.561606 -0.056924
v -0.419095 -0.561853 -0.058737
v -0.419082 -0.561787 -0.060566
v -0.419008 -0.561411 -0.062356
v -0.418874 -0.560735 -0.064052
v -0.418686 -0.559781 -0.065602
v -0.418447 -0.558577 -0.066960
v -0.418167 -0.557161 -0.068084
v -0.417853 -0.555574 -0.068941
v -0.417515 -0.553865 -0.069503
v -0.417163 -0.552087 -0.069755
v -0.416808 -0.550293 -0.069688
v -0.416461 -0.548537 -0.069304
v -0.416132 -0.546873 -0.068615
v -0.422403 -0.555385 -0.049921
v -0.420546 -0.546000 -0.068615
v -0.420875 -0.547664 -0.069304
v -0.421223 -0.549419 -0.069688
v -0.421578 -0.551213 -0.069755
v -0.421930 -0.552992 -0.069503
v -0.422268 -0.554700 -0.068941
v -0.422581 -0.556287 -0.068084
v -0.422862 -0.557704 -0.066960
v -0.423100 -0.558908 -0.065602
v -0.423289 -0.559862 -0.064052
v -0.423422 -0.560537 -0.062356
v -0.423497 -0.560914 -0.060566
v -0.423510 -0.560980 -0.058737
v -0.423461 -0.560733 -0.056924
v -0.423352 -0.560181 -0.055183
v -0.423186 -0.559341 -0.053565
v -0.422967 -0.558238 -0.052121
v -0.422704 -0.556906 -0.050894
v -0.416132 -0.546873 -0.068615
v -0.415831 -0.545352 -0.067643
v -0.415567 -0.544020 -0.066416
v -0.415349 -0.542917 -0.064971
v -0.415183 -0.542077 -0.063354
v -0.415074 -0.541525 -0.061612
v -0.415025 -0.541279 -0.059799
v -0.415038 -0.541345 -0.057970
v -0.415112 -0.541721 -0.056181
v -0.415246 -0.542397 -0.054485
v -0.415435 -0.543351 -0.052934
v -0.415673 -0.544554 -0.051576
v -0.415953 -0.545971 -0.050452
v -0.416267 -0.547558 -0.049596
v -0.416605 -0.549267 -0.049033
v -0.416957 -0.551045 -0.048782
v -0.417312 -0.552839 -0.048849
v -0.417659 -0.554595 -0.049232
v -0.417989 -0.556258 -0.049921
v -0.420546 -0.546000 -0.068615
v -0.422403 -0.555385 -0.049921
v -0.422074 -0.553721 -0.049232
v -0.421727 -0.551966 -0.048849
v -0.421372 -0.550172 -0.048782
v -0.421020 -0.548393 -0.049033
v -0.420682 -0.546685 -0.049596
v -0.420368 -0.545098 -0.050452
v -0.420087 -0.543681 -0.051576
v -0.419849 -0.542477 -0.052934
v -0.419660 -0.541523 -0.054485
v -0.419527 -0.540848 -0.056181
v -0.419452 -0.540471 -0.057970
v -0.419439 -0.540405 -0.059799
v -0.419488 -0.540652 -0.061612
v -0.419597 -0.541204 -0.063354
v -0.419763 -0.542044 -0.064971
v -0.419982 -0.543147 -0.066416
v -0.420245 -0.544479 -0.067643
v -0.422837 -0.539548 -0.068552
v -0.422891 -0.539817 -0.068337
v -0.422936 -0.540047 -0.068079
v -0.422972 -0.540228 -0.067783
v -0.422998 -0.540357 -0.067460
v -0.423012 -0.540429 -0.067120
v -0.423014 -0.540441 -0.066771
v -0.423005 -0.540394 -0.066426
v -0.422984 -0.540289 -0.066094
v -0.422952 -0.540129 -0.065786
v -0.422911 -0.539919 -0.065511
v -0.422861 -0.539665 -0.065277
v -0.422803 -0.539376 -0.065092
v -0.422741 -0.539059 -0.064961
v -0.422675 -0.538724 -0.064888
v -0.422607 -0.538383 -0.064875
v -0.422540 -0.538044 -0.064923
v -0.422476 -0.537718 -0.065030
v -0.422416 -0.537416 -0.065193
v -0.422362 -0.537146 -0.065407
v -0.422317 -0.536917 -0.065666
v -0.422281 -0.536735 -0.065961
v -0.422256 -0.536607 -0.066284
v -0.422241 -0.536535 -0.066625
v -0.422239 -0.536522 -0.066973
v -0.422248 -0.536569 -0.067319
v -0.422269 -0.536675 -0.067651
v -0.422301 -0.536835 -0.067959
v -0.422342 -0.537045 -0.068234
v -0.422392 -0.537298 -0.068467
v -0.422450 -0.537588 -0.068653
v -0.422512 -0.537905 -0.068784
v -0.422579 -0.538239 -0.068857
v -0.422646 -0.538581 -0.068870
v -0.422713 -0.538920 -0.068822
v -0.422778 -0.539245 -0.068715
v -0.414568 -0.538969 -0.065193
v -0.414628 -0.539271 -0.065030
v -0.414692 -0.539597 -0.064923
v -0.414759 -0.539935 -0.064875
v -0.414827 -0.540277 -0.064888
v -0.414893 -0.540612 -0.064961
v -0.414956 -0.540928 -0.065092
v -0.415013 -0.541218 -0.065277
v -0.415063 -0.541472 -0.065511
v -0.415105 -0.541682 -0.065786
v -0.415136 -0.541842 -0.066094
v -0.415157 -0.541947 -0.066426
v -0.415166 -0.541994 -0.066771
v -0.415164 -0.541981 -0.067120
v -0.415150 -0.541910 -0.067460
v -0.415124 -0.541781 -0.067783
v -0.415088 -0.541599 -0.068079
v -0.415043 -0.541370 -0.068337
v -0.414990 -0.541100 -0.068552
v -0.422416 -0.537416 -0.065193
v -0.422837 -0.539548 -0.068552
v -0.422891 -0.539817 -0.068337
v -0.422936 -0.540047 -0.068079
v -0.422972 -0.540228 -0.067783
v -0.422998 -0.540357 -0.067460
v -0.423012 -0.540429 -0.067120
v -0.423014 -0.540441 -0.066771
v -0.423005 -0.540394 -0.066426
v -0.422984 -0.540289 -0.066094
v -0.422952 -0.540129 -0.065786
v -0.422911 -0.539919 -0.065511
v -0.422861 -0.539665 -0.065277
v -0.422803 -0.539376 -0.065092
v -0.422741 -0.539059 -0.064961
v -0.422675 -0.538724 -0.064888
v -0.422607 -0.538383 -0.064875
v -0.422540 -0.538044 -0.064923
v -0.422476 -0.537718 -0.065030
v -0.414990 -0.541100 -0.068552
v -0.414930 -0.540798 -0.068715
v -0.414865 -0.540473 -0.068822
v -0.414798 -0.540134 -0.068870
v -0.414731 -0.539792 -0.068857
v -0.414665 -0.539458 -0.068784
v -0.414602 -0.539141 -0.068653
v -0.414545 -0.538851 -0.068467
v -0.414494 -0.538597 -0.068234
v -0.414453 -0.538387 -0.067959
v -0.414421 -0.538227 -0.067651
v -0.414400 -0.538122 -0.067319
v -0.414391 -0.538075 -0.066973
v -0.414393 -0.538088 -0.066625
v -0.414408 -0.538159 -0.066284
v -0.414433 -0.538288 -0.065961
v -0.414469 -0.538470 -0.065666
v -0.414514 -0.538699 -0.065407
v -0.414568 -0.538969 -0.065193
v -0.422837 -0.539548 -0.068552
v -0.422416 -0.537416 -0.065193
v -0.422362 -0.537146 -0.065407
v -0.422317 -0.536917 -0.065666
v -0.422281 -0.536735 -0.065961
v -0.422256 -0.536607 -0.066284
v -0.422241 -0.536535 -0.066625
v -0.422239 -0.536522 -0.066973
v -0.422248 -0.536569 -0.067319
v -0.422269 -0.536675 -0.067651
v -0.422301 -0.536835 -0.067959
v -0.422342 -0.537045 -0.068234
v -0.422392 -0.537298 -0.068467
v -0.422450 -0.537588 -0.068653
v -0.422512 -0.537905 -0.068784
v -0.422579 -0.538239 -0.068857
v -0.422646 -0.538581 -0.068870
v -0.422713 -0.538920 -0.068822
v -0.422778 -0.539245 -0.068715
v -0.425433 -0.552667 -0.073149
v -0.425424 -0.552620 -0.072804
v -0.425403 -0.552515 -0.072472
v -0.425371 -0.552355 -0.072164
v -0.425330 -0.552145 -0.071889
v -0.425280 -0.551891 -0.071655
v -0.425222 -0.551602 -0.071470
v -0.425160 -0.551285 -0.071339
v -0.425093 -0.550950 -0.071266
v -0.425026 -0.550608 -0.071253
v -0.424959 -0.550270 -0.071301
v -0.424894 -0.549944 -0.071408
v -0.424835 -0.549642 -0.071571
v -0.424781 -0.549372 -0.071785
v -0.424736 -0.549143 -0.072044
v -0.424700 -0.548961 -0.072339
v -0.424674 -0.548832 -0.072662
v -0.424660 -0.548761 -0.073003
v -0.424658 -0.548748 -0.073351
v -0.424667 -0.548795 -0.073697
v -0.424688 -0.548900 -0.074028
v -0.424720 -0.549060 -0.074337
v -0.424761 -0.549270 -0.074612
v -0.424811 -0.549524 -0.074845
v -0.424869 -0.549814 -0.075031
v -0.424931 -0.550131 -0.075162
v -0.424997 -0.550465 -0.075235
v -0.425065 -0.550807 -0.075248
v -0.425132 -0.551146 -0.075200
v -0.425196 -0.551471 -0.075093
v -0.425256 -0.551773 -0.074930
v -0.425310 -0.552043 -0.074715
v -0.425355 -0.552273 -0.074457
v -0.425391 -0.552454 -0.074161
v -0.425416 -0.552583 -0.073838
v -0.425431 -0.552655 -0.073498
v -0.416810 -0.550301 -0.073351
v -0.416812 -0.550313 -0.073003
v -0.416827 -0.550385 -0.072662
v -0.416852 -0.550514 -0.072339
v -0.416888 -0.550696 -0.072044
v -0.416933 -0.550925 -0.071785
v -0.416987 -0.551195 -0.071571
v -0.417047 -0.551497 -0.071408
v -0.417111 -0.551822 -0.071301
v -0.417178 -0.552161 -0.071253
v -0.417246 -0.552503 -0.071266
v -0.417312 -0.552837 -0.071339
v -0.417374 -0.553154 -0.071470
v -0.417432 -0.553444 -0.071655
v -0.417482 -0.553698 -0.071889
v -0.417523 -0.553908 -0.072164
v -0.417555 -0.554068 -0.072472
v -0.417576 -0.554173 -0.072804
v -0.417585 -0.554220 -0.073149
v -0.424658 -0.548748 -0.073351
v -0.425433 -0.552667 -0.073149
v -0.425424 -0.552620 -0.072804
v -0.425403 -0.552515 -0.072472
v -0.425371 -0.552355 -0.072164
v -0.425330 -0.552145 -0.071889
v -0.425280 -0.551891 -0.071655
v -0.425222 -0.551602 -0.071470
v -0.425160 -0.551285 -0.071339
v -0.425093 -0.550950 -0.071266
v -0.425026 -0.550608 -0.071253
v -0.424959 -0.550270 -0.071301
v -0.424894 -0.549944 -0.071408
v -0.424835 -0.549642 -0.071571
v -0.424781 -0.549372 -0.071785
v -0.424736 -0.549143 -0.072044
v -0.424700 -0.548961 -0.072339
v -0.424674 -0.548832 -0.072662
v -0.424660 -0.548761 -0.073003
v -0.417585 -0.554220 -0.073149
v -0.417583 -0.554207 -0.073498
v -0.417569 -0.554136 -0.073838
v -0.417543 -0.554007 -0.074161
v -0.417507 -0.553825 -0.074457
v -0.417462 -0.553596 -0.074715
v -0.417408 -0.553326 -0.074930
v -0.417349 -0.553024 -0.075093
v -0.417284 -0.552698 -0.075200
v -0.417217 -0.552360 -0.075248
v -0.417150 -0.552018 -0.075235
v -0.417083 -0.551683 -0.075162
v -0.417021 -0.551367 -0.075031
v -0.416963 -0.551077 -0.074845
v -0.416913 -0.550823 -0.074612
v -0.416872 -0.550613 -0.074337
v -0.416840 -0.550453 -0.074028
v -0.416819 -0.550348 -0.073697
v -0.416810 -0.550301 -0.073351
v -0.425433 -0.552667 -0.073149
v -0.424658 -0.548748 -0.073351
v -0.424667 -0.548795 -0.073697
v -0.424688 -0.548900 -0.074028
v -0.424720 -0.549060 -0.074337
v -0.424761 -0.549270 -0.074612
v -0.424811 -0.549524 -0.074845
v -0.424869 -0.549814 -0.075031
v -0.424931 -0.550131 -0.075162
v -0.424997 -0.550465 -0.075235
v -0.425065 -0.550807 -0.075248
v -0.425132 -0.551146 -0.075200
v -0.425196 -0.551471 -0.075093
v -0.425256 -0.551773 -0.074930
v -0.425310 -0.552043 -0.074715
v -0.425355 -0.552273 -0.074457
v -0.425391 -0.552454 -0.074161
v -0.425416 -0.552583 -0.073838
v -0.425431 -0.552655 -0.073498
v -0.427504 -0.563133 -0.063866
v -0.427441 -0.562816 -0.063735
v -0.427375 -0.562482 -0.063661
v -0.427307 -0.562140 -0.063649
v -0.427240 -0.561801 -0.063697
v -0.427176 -0.561476 -0.063804
v -0.427116 -0.561173 -0.063967
v -0.427063 -0.560904 -0.064181
v -0.427017 -0.560674 -0.064440
v -0.426981 -0.560492 -0.064735
v -0.426956 -0.560364 -0.065058
v -0.426942 -0.560292 -0.065399
v -0.426939 -0.560280 -0.065747
v -0.426949 -0.560327 -0.066093
v -0.426969 -0.560432 -0.066424
v -0.427001 -0.560592 -0.066732
v -0.427043 -0.560802 -0.067007
v -0.427093 -0.561056 -0.067241
v -0.427150 -0.561345 -0.067426
v -0.427213 -0.561662 -0.067558
v -0.427279 -0.561996 -0.067631
v -0.427347 -0.562338 -0.067644
v -0.427414 -0.562677 -0.067596
v -0.427478 -0.563002 -0.067488
v -0.427538 -0.563305 -0.067325
v -0.427591 -0.563575 -0.067111
v -0.427637 -0.563804 -0.066853
v -0.427672 -0.563986 -0.066557
v -0.427698 -0.564114 -0.066234
v -0.427712 -0.564186 -0.065893
v -0.427715 -0.564198 -0.065545
v -0.427705 -0.564151 -0.065200
v -0.427684 -0.564046 -0.064868
v -0.427653 -0.563886 -0.064560
v -0.427611 -0.563676 -0.064285
v -0.427561 -0.563423 -0.064051
v -0.419302 -0.562898 -0.067426
v -0.419245 -0.562608 -0.067241
v -0.419195 -0.562354 -0.067007
v -0.419153 -0.562144 -0.066732
v -0.419121 -0.561984 -0.066424
v -0.419101 -0.561879 -0.066093
v -0.419091 -0.561832 -0.065747
v -0.419094 -0.561845 -0.065399
v -0.419108 -0.561917 -0.065058
v -0.419133 -0.562045 -0.064735
v -0.419169 -0.562227 -0.064440
v -0.419215 -0.562456 -0.064181
v -0.419268 -0.562726 -0.063967
v -0.419328 -0.563028 -0.063804
v -0.419392 -0.563354 -0.063697
v -0.419459 -0.563693 -0.063649
v -0.419527 -0.564034 -0.063661
v -0.419593 -0.564369 -0.063735
v -0.419656 -0.564686 -0.063866
v -0.427150 -0.561345 -0.067426
v -0.427504 -0.563133 -0.063866
v -0.427441 -0.562816 -0.063735
v -0.427375 -0.562482 -0.063661
v -0.427307 -0.562140 -0.063649
v -0.427240 -0.561801 -0.063697
v -0.427176 -0.561476 -0.063804
v -0.427116 -0.561173 -0.063967
v -0.427063 -0.560904 -0.064181
v -0.427017 -0.560674 -0.064440
v -0.426981 -0.560492 -0.064735
v -0.426956 -0.560364 -0.065058
v -0.426942 -0.560292 -0.065399
v -0.426939 -0.560280 -0.065747
v -0.426949 -0.560327 -0.066093
v -0.426969 -0.560432 -0.066424
v -0.427001 -0.560592 -0.066732
v -0.427043 -0.560802 -0.067007
v -0.427093 -0.561056 -0.067241
v -0.419656 -0.564686 -0.063866
v -0.419713 -0.564975 -0.064051
v -0.419763 -0.565229 -0.064285
v -0.419805 -0.565439 -0.064560
v -0.419837 -0.565599 -0.064868
v -0.419857 -0.565704 -0.065200
v -0.419867 -0.565751 -0.065545
v -0.419864 -0.565739 -0.065893
v -0.419850 -0.565667 -0.066234
v -0.419825 -0.565538 -0.066557
v -0.419789 -0.565357 -0.066853
v -0.419743 -0.565127 -0.067111
v -0.419690 -0.564857 -0.067325
v -0.419630 -0.564555 -0.067488
v -0.419566 -0.564230 -0.067596
v -0.419499 -0.563891 -0.067644
v -0.419431 -0.563549 -0.067631
v -0.419365 -0.563215 -0.067558
v -0.419302 -0.562898 -0.067426
v -0.427504 -0.563133 -0.063866
v -0.427150 -0.561345 -0.067426
v -0.427213 -0.561662 -0.067558
v -0.427279 -0.561996 -0.067631
v -0.427347 -0.562338 -0.067644
v -0.427414 -0.562677 -0.067596
v -0.427478 -0.563002 -0.067488
v -0.427538 -0.563305 -0.067325
v -0.427591 -0.563575 -0.067111
v -0.427637 -0.563804 -0.066853
v -0.427672 -0.563986 -0.066557
v -0.427698 -0.564114 -0.066234
v -0.427712 -0.564186 -0.065893
v -0.427715 -0.564198 -0.065545
v -0.427705 -0.564151 -0.065200
v -0.427684 -0.564046 -0.064868
v -0.427653 -0.563886 -0.064560
v -0.427611 -0.563676 -0.064285
v -0.427561 -0.563423 -0.064051
v -0.426979 -0.560479 -0.049985
v -0.426925 -0.560209 -0.050199
v -0.426880 -0.559980 -0.050458
v -0.426844 -0.559798 -0.050753
v -0.426818 -0.559669 -0.051076
v -0.426804 -0.559598 -0.051417
v -0.426802 -0.559585 -0.051765
v -0.426811 -0.559632 -0.052110
v -0.426832 -0.559737 -0.052442
v -0.426864 -0.559897 -0.052750
v -0.426905 -0.560107 -0.053025
v -0.426955 -0.560361 -0.053259
v -0.427013 -0.560651 -0.053444
v -0.427075 -0.560968 -0.053576
v -0.427142 -0.561302 -0.053649
v -0.427209 -0.561644 -0.053661
v -0.427276 -0.561982 -0.053614
v -0.427341 -0.562308 -0.053506
v -0.427400 -0.562610 -0.053343
v -0.427454 -0.562880 -0.053129
v -0.427499 -0.563109 -0.052870
v -0.427535 -0.563291 -0.052575
v -0.427561 -0.563420 -0.052252
v -0.427575 -0.563491 -0.051911
v -0.427577 -0.563504 -0.051563
v -0.427568 -0.563457 -0.051218
v -0.427547 -0.563352 -0.050886
v -0.427515 -0.563192 -0.050578
v -0.427474 -0.562982 -0.050303
v -0.427424 -0.562728 -0.050069
v -0.427366 -0.562438 -0.049884
v -0.427304 -0.562121 -0.049752
v -0.427237 -0.561787 -0.049679
v -0.427170 -0.561445 -0.049667
v -0.427103 -0.561107 -0.049714
v -0.427038 -0.560781 -0.049822
v -0.419552 -0.564163 -0.053343
v -0.419493 -0.563861 -0.053506
v -0.419428 -0.563535 -0.053614
v -0.419361 -0.563196 -0.053661
v -0.419294 -0.562855 -0.053649
v -0.419227 -0.562520 -0.053576
v -0.419165 -0.562203 -0.053444
v -0.419107 -0.561914 -0.053259
v -0.419057 -0.561660 -0.053025
v -0.419016 -0.561450 -0.052750
v -0.418984 -0.561290 -0.052442
v -0.418963 -0.561185 -0.052110
v -0.418954 -0.561138 -0.051765
v -0.418956 -0.561150 -0.051417
v -0.418971 -0.561222 -0.051076
v -0.418996 -0.561351 -0.050753
v -0.419032 -0.561532 -0.050458
v -0.419077 -0.561762 -0.050199
v -0.419131 -0.562032 -0.049985
v -0.427400 -0.562610 -0.053343
v -0.426979 -0.560479 -0.049985
v -0.426925 -0.560209 -0.050199
v -0.426880 -0.559980 -0.050458
v -0.426844 -0.559798 -0.050753
v -0.426818 -0.559669 -0.051076
v -0.426804 -0.559598 -0.051417
v -0.426802 -0.559585 -0.051765
v -0.426811 -0.559632 -0.052110
v -0.426832 -0.559737 -0.052442
v -0.426864 -0.559897 -0.052750
v -0.426905 -0.560107 -0.053025
v -0.426955 -0.560361 -0.053259
v -0.427013 -0.560651 -0.053444
v -0.427075 -0.560968 -0.053576
v -0.427142 -0.561302 -0.053649
v -0.427209 -0.561644 -0.053661
v -0.427276 -0.561982 -0.053614
v -0.427341 -0.562308 -0.053506
v -0.419131 -0.562032 -0.049985
v -0.419191 -0.562334 -0.049822
v -0.419255 -0.562659 -0.049714
v -0.419322 -0.562998 -0.049667
v -0.419390 -0.563340 -0.049679
v -0.419456 -0.563674 -0.049752
v -0.419518 -0.563991 -0.049884
v -0.419576 -0.564281 -0.050069
v -0.419626 -0.564534 -0.050303
v -0.419668 -0.564745 -0.050578
v -0.419699 -0.564905 -0.050886
v -0.419720 -0.565010 -0.051218
v -0.419729 -0.565057 -0.051563
v -0.419727 -0.565044 -0.051911
v -0.419713 -0.564972 -0.052252
v -0.419687 -0.564844 -0.052575
v -0.419651 -0.564662 -0.052870
v -0.419606 -0.564433 -0.053129
v -0.419552 -0.564163 -0.053343
v -0.426979 -0.560479 -0.049985
v -0.427400 -0.562610 -0.053343
v -0.427454 -0.562880 -0.053129
v -0.427499 -0.563109 -0.052870
v -0.427535 -0.563291 -0.052575
v -0.427561 -0.563420 -0.052252
v -0.427575 -0.563491 -0.051911
v -0.427577 -0.563504 -0.051563
v -0.427568 -0.563457 -0.051218
v -0.427547 -0.563352 -0.050886
v -0.427515 -0.563192 -0.050578
v -0.427474 -0.562982 -0.050303
v -0.427424 -0.562728 -0.050069
v -0.427366 -0.562438 -0.049884
v -0.427304 -0.562121 -0.049752
v -0.427237 -0.561787 -0.049679
v -0.427170 -0.561445 -0.049667
v -0.427103 -0.561107 -0.049714
v -0.427038 -0.560781 -0.049822
v -0.424383 -0.547359 -0.045387
v -0.424392 -0.547406 -0.045733
v -0.424413 -0.547511 -0.046064
v -0.424445 -0.547671 -0.046372
v -0.424486 -0.547881 -0.046647
v -0.424536 -0.548135 -0.046881
v -0.424594 -0.548425 -0.047066
v -0.424656 -0.548742 -0.047198
v -0.424723 -0.549076 -0.047271
v -0.424790 -0.549418 -0.047284
v -0.424857 -0.549757 -0.047236
v -0.424922 -0.550082 -0.047128
v -0.424981 -0.550384 -0.046965
v -0.425035 -0.550654 -0.046751
v -0.425080 -0.550883 -0.046493
v -0.425116 -0.551065 -0.046197
v -0.425142 -0.551194 -0.045874
v -0.425156 -0.551266 -0.045533
v -0.425158 -0.551278 -0.045185
v -0.425149 -0.551231 -0.044840
v -0.425128 -0.551126 -0.044508
v -0.425097 -0.550966 -0.044200
v -0.425055 -0.550756 -0.043925
v -0.425005 -0.550502 -0.043691
v -0.424947 -0.550212 -0.043506
v -0.424885 -0.549896 -0.043375
v -0.424819 -0.549561 -0.043301
v -0.424751 -0.549219 -0.043289
v -0.424684 -0.548881 -0.043337
v -0.424620 -0.548555 -0.043444
v -0.424560 -0.548253 -0.043607
v -0.424506 -0.547983 -0.043821
v -0.424461 -0.547754 -0.044080
v -0.424425 -0.547572 -0.044375
v -0.424400 -0.547443 -0.044698
v -0.424385 -0.547372 -0.045039
v -0.417310 -0.552831 -0.045185
v -0.417308 -0.552818 -0.045533
v -0.417294 -0.552747 -0.045874
v -0.417268 -0.552618 -0.046197
v -0.417232 -0.552436 -0.046493
v -0.417187 -0.552207 -0.046751
v -0.417134 -0.551937 -0.046965
v -0.417074 -0.551635 -0.047128
v -0.417009 -0.551309 -0.047236
v -0.416942 -0.550971 -0.047284
v -0.416875 -0.550629 -0.047271
v -0.416809 -0.550294 -0.047198
v -0.416746 -0.549978 -0.047066
v -0.416689 -0.549688 -0.046881
v -0.416638 -0.549434 -0.046647
v -0.416597 -0.549224 -0.046372
v -0.416565 -0.549064 -0.046064
v -0.416544 -0.548959 -0.045733
v -0.416535 -0.548912 -0.045387
v -0.425158 -0.551278 -0.045185
v -0.424383 -0.547359 -0.045387
v -0.424392 -0.547406 -0.045733
v -0.424413 -0.547511 -0.046064
v -0.424445 -0.547671 -0.046372
v -0.424486 -0.547881 -0.046647
v -0.424536 -0.548135 -0.046881
v -0.424594 -0.548425 -0.047066
v -0.424656 -0.548742 -0.047198
v -0.424723 -0.549076 -0.047271
v -0.424790 -0.549418 -0.047284
v -0.424857 -0.549757 -0.047236
v -0.424922 -0.550082 -0.047128
v -0.424981 -0.550384 -0.046965
v -0.425035 -0.550654 -0.046751
v -0.425080 -0.550883 -0.046493
v -0.425116 -0.551065 -0.046197
v -0.425142 -0.551194 -0.045874
v -0.425156 -0.551266 -0.045533
v -0.416535 -0.548912 -0.045387
v -0.416538 -0.548924 -0.045039
v -0.416552 -0.548996 -0.044698
v -0.416577 -0.549125 -0.044375
v -0.416613 -0.549307 -0.044080
v -0.416659 -0.549536 -0.043821
v -0.416712 -0.549806 -0.043607
v -0.416772 -0.550108 -0.043444
v -0.416836 -0.550433 -0.043337
v -0.416903 -0.550772 -0.043289
v -0.416971 -0.551114 -0.043301
v -0.417037 -0.551448 -0.043375
v -0.417100 -0.551765 -0.043506
v -0.417157 -0.552055 -0.043691
v -0.417207 -0.552309 -0.043925
v -0.417249 -0.552519 -0.044200
v -0.417280 -0.552679 -0.044508
v -0.417301 -0.552784 -0.044840
v -0.417310 -0.552831 -0.045185
v -0.424383 -0.547359 -0.045387
v -0.425158 -0.551278 -0.045185
v -0.425149 -0.551231 -0.044840
v -0.425128 -0.551126 -0.044508
v -0.425097 -0.550966 -0.044200
v -0.425055 -0.550756 -0.043925
v -0.425005 -0.550502 -0.043691
v -0.424947 -0.550212 -0.043506
v -0.424885 -0.549896 -0.043375
v -0.424819 -0.549561 -0.043301
v -0.424751 -0.549219 -0.043289
v -0.424684 -0.548881 -0.043337
v -0.424620 -0.548555 -0.043444
v -0.424560 -0.548253 -0.043607
v -0.424506 -0.547983 -0.043821
v -0.424461 -0.547754 -0.044080
v -0.424425 -0.547572 -0.044375
v -0.424400 -0.547443 -0.044698
v -0.424385 -0.547372 -0.045039
v -0.419997 -0.566412 -0.067013
v -0.420214 -0.567505 -0.064267
v -0.420334 -0.568115 -0.061370
v -0.420355 -0.568221 -0.058408
v -0.420276 -0.567822 -0.055473
v -0.420100 -0.566928 -0.052653
v -0.419831 -0.565568 -0.050035
v -0.419477 -0.563783 -0.047696
v -0.419050 -0.561626 -0.045709
v -0.418563 -0.559163 -0.044135
v -0.418030 -0.556470 -0.043020
v -0.417468 -0.553628 -0.042399
v -0.416893 -0.550723 -0.042290
v -0.416324 -0.547843 -0.042697
v -0.415776 -0.545077 -0.043608
v -0.415268 -0.542508 -0.044994
v -0.414814 -0.540214 -0.046815
v -0.414429 -0.538265 -0.049013
v -0.414123 -0.536720 -0.051524
v -0.413907 -0.535626 -0.054269
v -0.413786 -0.535017 -0.057167
v -0.413765 -0.534910 -0.060128
v -0.413844 -0.535310 -0.063063
v -0.414021 -0.536203 -0.065883
v -0.414290 -0.537564 -0.068502
v -0.414643 -0.539349 -0.070840
v -0.415070 -0.541506 -0.072827
v -0.415557 -0.543969 -0.074402
v -0.416090 -0.546662 -0.075517
v -0.416652 -0.549504 -0.076138
v -0.417227 -0.552409 -0.076246
v -0.417797 -0.555289 -0.075839
v -0.418344 -0.558055 -0.074928
v -0.418852 -0.560624 -0.073542
v -0.419306 -0.562918 -0.071722
v -0.419692 -0.564867 -0.069523
v -0.418431 -0.558493 -0.045470
v -0.418474 -0.558710 -0.045609
v -0.418511 -0.558900 -0.045784
v -0.418542 -0.559058 -0.045991
v -0.418566 -0.559178 -0.046222
v -0.418582 -0.559257 -0.046470
v -0.418589 -0.559292 -0.046729
v -0.418587 -0.559283 -0.046991
v -0.418576 -0.559229 -0.047246
v -0.418557 -0.559132 -0.047489
v -0.418530 -0.558996 -0.047710
v -0.418496 -0.558824 -0.047904
v -0.418456 -0.558622 -0.048065
v -0.418411 -0.558395 -0.048187
v -0.418363 -0.558151 -0.048267
v -0.418313 -0.557897 -0.048303
v -0.418262 -0.557641 -0.048294
v -0.418212 -0.557390 -0.048239
v -0.418165 -0.557152 -0.048141
v -0.418122 -0.556935 -0.048002
v -0.418085 -0.556745 -0.047826
v -0.418054 -0.556587 -0.047620
v -0.418030 -0.556467 -0.047389
v -0.418014 -0.556388 -0.047140
v -0.418007 -0.556353 -0.046881
v -0.418009 -0.556362 -0.046620
v -0.418020 -0.556416 -0.046364
v -0.418039 -0.556513 -0.046122
v -0.418066 -0.556649 -0.045901
v -0.418100 -0.556821 -0.045707
v -0.418140 -0.557023 -0.045546
v -0.418185 -0.557250 -0.045424
v -0.418233 -0.557494 -0.045343
v -0.418283 -0.557748 -0.045307
v -0.418334 -0.558004 -0.045317
v -0.418384 -0.558255 -0.045372
v -0.415955 -0.545980 -0.070396
v -0.415998 -0.546197 -0.070535
v -0.416036 -0.546387 -0.070710
v -0.416067 -0.546545 -0.070916
v -0.416090 -0.546665 -0.071147
v -0.416106 -0.546744 -0.071396
v -0.416113 -0.546779 -0.071655
v -0.416111 -0.546769 -0.071916
v -0.416101 -0.546716 -0.072172
v -0.416081 -0.546619 -0.072414
v -0.416054 -0.546483 -0.072636
v -0.416020 -0.546311 -0.072830
v -0.415980 -0.546108 -0.072990
v -0.415936 -0.545882 -0.073113
v -0.415887 -0.545638 -0.073193
v -0.415837 -0.545384 -0.073229
v -0.415786 -0.545127 -0.073220
v -0.415737 -0.544877 -0.073165
v -0.415690 -0.544639 -0.073066
v -0.415647 -0.544422 -0.072927
v -0.415609 -0.544231 -0.072752
v -0.415578 -0.544074 -0.072546
v -0.415554 -0.543954 -0.072315
v -0.415538 -0.543875 -0.072066
v -0.415532 -0.543840 -0.071807
v -0.415533 -0.543849 -0.071546
v -0.415544 -0.543903 -0.071290
v -0.415563 -0.543999 -0.071048
v -0.415590 -0.544136 -0.070826
v -0.415624 -0.544308 -0.070632
v -0.415664 -0.544510 -0.070472
v -0.415709 -0.544737 -0.070349
v -0.415757 -0.544981 -0.070269
v -0.415808 -0.545235 -0.070233
v -0.415858 -0.545491 -0.070243
v -0.415908 -0.545742 -0.070297
v -0.414818 -0.540234 -0.051110
v -0.414875 -0.540524 -0.051295
v -0.414926 -0.540777 -0.051529
v -0.414967 -0.540987 -0.051804
v -0.414999 -0.541147 -0.052112
v -0.415020 -0.541253 -0.052444
v -0.415029 -0.541300 -0.052789
v -0.415026 -0.541287 -0.053138
v -0.415012 -0.541215 -0.053478
v -0.414987 -0.541087 -0.053801
v -0.414951 -0.540905 -0.054097
v -0.414906 -0.540676 -0.054355
v -0.414852 -0.540406 -0.054570
v -0.414792 -0.540103 -0.054733
v -0.414728 -0.539778 -0.054840
v -0.414661 -0.539439 -0.054888
v -0.414593 -0.539097 -0.054875
v -0.414527 -0.538763 -0.054802
v -0.414464 -0.538446 -0.054671
v -0.414407 -0.538157 -0.054485
v -0.414357 -0.537903 -0.054252
v -0.414315 -0.537693 -0.053977
v -0.414284 -0.537533 -0.053668
v -0.414263 -0.537428 -0.053337
v -0.414254 -0.537381 -0.052991
v -0.414256 -0.537393 -0.052643
v -0.414270 -0.537465 -0.052302
v -0.414296 -0.537593 -0.051979
v -0.414332 -0.537775 -0.051684
v -0.414377 -0.538005 -0.051425
v -0.414430 -0.538274 -0.051211
v -0.414490 -0.538577 -0.051048
v -0.414555 -0.538902 -0.050941
v -0.414622 -0.539241 -0.050893
v -0.414689 -0.539583 -0.050906
v -0.414755 -0.539917 -0.050979
v -0.417989 -0.556258 -0.049921
v -0.418289 -0.557779 -0.050894
v -0.418553 -0.559111 -0.052121
v -0.418771 -0.560214 -0.053565
v -0.418937 -0.561054 -0.055183
v -0.419047 -0.561606 -0.056924
v -0.419095 -0.561853 -0.058737
v -0.419082 -0.561787 -0.060566
v -0.419008 -0.561411 -0.062356
v -0.418874 -0.560735 -0.064052
v -0.418686 -0.559781 -0.065602
v -0.418447 -0.558577 -0.066960
v -0.418167 -0.557161 -0.068084
v -0.417853 -0.555574 -0.068941
v -0.417515 -0.553865 -0.069503
v -0.417163 -0.552087 -0.069755
v -0.416808 -0.550293 -0.069688
v -0.416461 -0.548537 -0.069304
v -0.416132 -0.546873 -0.068615
v -0.415831 -0.545352 -0.067643
v -0.415567 -0.544020 -0.066416
v -0.415349 -0.542917 -0.064971
v -0.415183 -0.542077 -0.063354
v -0.415074 -0.541525 -0.061612
v -0.415025 -0.541279 -0.059799
v -0.415038 -0.541345 -0.057970
v -0.415112 -0.541721 -0.056181
v -0.415246 -0.542397 -0.054485
v -0.415435 -0.543351 -0.052934
v -0.415673 -0.544554 -0.051576
v -0.415953 -0.545971 -0.050452
v -0.416267 -0.547558 -0.049596
v -0.416605 -0.549267 -0.049033
v -0.416957 -0.551045 -0.048782
v -0.417312 -0.552839 -0.048849
v -0.417659 -0.554595 -0.049232
v -0.414568 -0.538969 -0.065193
v -0.414628 -0.539271 -0.065030
v -0.414692 -0.539597 -0.064923
v -0.414759 -0.539935 -0.064875
v -0.414827 -0.540277 -0.064888
v -0.414893 -0.540612 -0.064961
v -0.414956 -0.540928 -0.065092
v -0.415013 -0.541218 -0.065277
v -0.415063 -0.541472 -0.065511
v -0.415105 -0.541682 -0.065786
v -0.415136 -0.541842 -0.066094
v -0.415157 -0.541947 -0.066426
v -0.415166 -0.541994 -0.066771
v -0.415164 -0.541981 -0.067120
v -0.415150 -0.541910 -0.067460
v -0.415124 -0.541781 -0.067783
v -0.415088 -0.541599 -0.068079
v -0.415043 -0.541370 -0.068337
v -0.414990 -0.541100 -0.068552
v -0.414930 -0.540798 -0.068715
v -0.414865 -0.540473 -0.068822
v -0.414798 -0.540134 -0.068870
v -0.414731 -0.539792 -0.068857
v -0.414665 -0.539458 -0.068784
v -0.414602 -0.539141 -0.068653
v -0.414545 -0.538851 -0.068467
v -0.414494 -0.538597 -0.068234
v -0.414453 -0.538387 -0.067959
v -0.414421 -0.538227 -0.067651
v -0.414400 -0.538122 -0.067319
v -0.414391 -0.538075 -0.066973
v -0.414393 -0.538088 -0.066625
v -0.414408 -0.538159 -0.066284
v -0.414433 -0.538288 -0.065961
v -0.414469 -0.538470 -0.065666
v -0.414514 -0.538699 -0.065407
v -0.416810 -0.550301 -0.073351
v -0.416812 -0.550313 -0.073003
v -0.416827 -0.550385 -0.072662
v -0.416852 -0.550514 -0.072339
v -0.416888 -0.550696 -0.072044
v -0.416933 -0.550925 -0.071785
v -0.416987 -0.551195 -0.071571
v -0.417047 -0.551497 -0.071408
v -0.417111 -0.551822 -0.071301
v -0.417178 -0.552161 -0.071253
v -0.417246 -0.552503 -0.071266
v -0.417312 -0.552837 -0.071339
v -0.417374 -0.553154 -0.071470
v -0.417432 -0.553444 -0.071655
v -0.417482 -0.553698 -0.071889
v -0.417523 -0.553908 -0.072164
v -0.417555 -0.554068 -0.072472
v -0.417576 -0.554173 -0.072804
v -0.417585 -0.554220 -0.073149
v -0.417583 -0.554207 -0.073498
v -0.417569 -0.554136 -0.073838
v -0.417543 -0.554007 -0.074161
v -0.417507 -0.553825 -0.074457
v -0.417462 -0.553596 -0.074715
v -0.417408 -0.553326 -0.074930
v -0.417349 -0.553024 -0.075093
v -0.417284 -0.552698 -0.075200
v -0.417217 -0.552360 -0.075248
v -0.417150 -0.552018 -0.075235
v -0.417083 -0.551683 -0.075162
v -0.417021 -0.551367 -0.075031
v -0.416963 -0.551077 -0.074845
v -0.416913 -0.550823 -0.074612
v -0.416872 -0.550613 -0.074337
v -0.416840 -0.550453 -0.074028
v -0.416819 -0.550348 -0.073697
v -0.419302 -0.562898 -0.067426
v -0.419245 -0.562608 -0.067241
v -0.419195 -0.562354 -0.067007
v -0.419153 -0.562144 -0.066732
v -0.419121 -0.561984 -0.066424
v -0.419101 -0.561879 -0.066093
v -0.419091 -0.561832 -0.065747
v -0.419094 -0.561845 -0.065399
v -0.419108 -0.561917 -0.065058
v -0.419133 -0.562045 -0.064735
v -0.419169 -0.562227 -0.064440
v -0.419215 -0.562456 -0.064181
v -0.419268 -0.562726 -0.063967
v -0.419328 -0.563028 -0.063804
v -0.419392 -0.563354 -0.063697
v -0.419459 -0.563693 -0.063649
v -0.419527 -0.564034 -0.063661
v -0.419593 -0.564369 -0.063735
v -0.419656 -0.564686 -0.063866
v -0.419713 -0.564975 -0.064051
v -0.419763 -0.565229 -0.064285
v -0.419805 -0.565439 -0.064560
v -0.419837 -0.565599 -0.064868
v -0.419857 -0.565704 -0.065200
v -0.419867 -0.565751 -0.065545
v -0.419864 -0.565739 -0.065893
v -0.419850 -0.565667 -0.066234
v -0.419825 -0.565538 -0.066557
v -0.419789 -0.565357 -0.066853
v -0.419743 -0.565127 -0.067111
v -0.419690 -0.564857 -0.067325
v -0.419630 -0.564555 -0.067488
v -0.419566 -0.564230 -0.067596
v -0.419499 -0.563891 -0.067644
v -0.419431 -0.563549 -0.067631
v -0.419365 -0.563215 -0.067558
v -0.419552 -0.564163 -0.053343
v -0.419493 -0.563861 -0.053506
v -0.419428 -0.563535 -0.053614
v -0.419361 -0.563196 -0.053661
v -0.419294 -0.562855 -0.053649
v -0.419227 -0.562520 -0.053576
v -0.419165 -0.562203 -0.053444
v -0.419107 -0.561914 -0.053259
v -0.419057 -0.561660 -0.053025
v -0.419016 -0.561450 -0.052750
v -0.418984 -0.561290 -0.052442
v -0.418963 -0.561185 -0.052110
v -0.418954 -0.561138 -0.051765
v -0.418956 -0.561150 -0.051417
v -0.418971 -0.561222 -0.051076
v -0.418996 -0.561351 -0.050753
v -0.419032 -0.561532 -0.050458
v -0.419077 -0.561762 -0.050199
v -0.419131 -0.562032 -0.049985
v -0.419191 -0.562334 -0.049822
v -0.419255 -0.562659 -0.049714
v -0.419322 -0.562998 -0.049667
v -0.419390 -0.563340 -0.049679
v -0.419456 -0.563674 -0.049752
v -0.419518 -0.563991 -0.049884
v -0.419576 -0.564281 -0.050069
v -0.419626 -0.564534 -0.050303
v -0.419668 -0.564745 -0.050578
v -0.419699 -0.564905 -0.050886
v -0.419720 -0.565010 -0.051218
v -0.419729 -0.565057 -0.051563
v -0.419727 -0.565044 -0.051911
v -0.419713 -0.564972 -0.052252
v -0.419687 -0.564844 -0.052575
v -0.419651 -0.564662 -0.052870
v -0.419606 -0.564433 -0.053129
v -0.417310 -0.552831 -0.045185
v -0.417308 -0.552818 -0.045533
v -0.417294 -0.552747 -0.045874
v -0.417268 -0.552618 -0.046197
v -0.417232 -0.552436 -0.046493
v -0.417187 -0.552207 -0.046751
v -0.417134 -0.551937 -0.046965
v -0.417074 -0.551635 -0.047128
v -0.417009 -0.551309 -0.047236
v -0.416942 -0.550971 -0.047284
v -0.416875 -0.550629 -0.047271
v -0.416809 -0.550294 -0.047198
v -0.416746 -0.549978 -0.047066
v -0.416689 -0.549688 -0.046881
v -0.416638 -0.549434 -0.046647
v -0.416597 -0.549224 -0.046372
v -0.416565 -0.549064 -0.046064
v -0.416544 -0.548959 -0.045733
v -0.416535 -0.548912 -0.045387
v -0.416538 -0.548924 -0.045039
v -0.416552 -0.548996 -0.044698
v -0.416577 -0.549125 -0.044375
v -0.416613 -0.549307 -0.044080
v -0.416659 -0.549536 -0.043821
v -0.416712 -0.549806 -0.043607
v -0.416772 -0.550108 -0.043444
v -0.416836 -0.550433 -0.043337
v -0.416903 -0.550772 -0.043289
v -0.416971 -0.551114 -0.043301
v -0.417037 -0.551448 -0.043375
v -0.417100 -0.551765 -0.043506
v -0.417157 -0.552055 -0.043691
v -0.417207 -0.552309 -0.043925
v -0.417249 -0.552519 -0.044200
v -0.417280 -0.552679 -0.044508
v -0.417301 -0.552784 -0.044840
v -0.421099 -0.566829 -0.067332
v -0.420781 -0.565220 -0.069945
v -0.420380 -0.563191 -0.072234
v -0.419907 -0.560803 -0.074130
v -0.419378 -0.558128 -0.075573
v -0.418808 -0.555248 -0.076522
v -0.418215 -0.552250 -0.076946
v -0.417616 -0.549225 -0.076832
v -0.417031 -0.546266 -0.076186
v -0.416476 -0.543462 -0.075025
v -0.415969 -0.540898 -0.073385
v -0.415525 -0.538652 -0.071317
v -0.415157 -0.536793 -0.068882
v -0.414877 -0.535377 -0.066155
v -0.414692 -0.534447 -0.063219
v -0.414610 -0.534031 -0.060163
v -0.414632 -0.534142 -0.057080
v -0.414758 -0.534776 -0.054063
v -0.414983 -0.535915 -0.051205
v -0.428457 -0.565373 -0.067332
v -0.422340 -0.534459 -0.051205
v -0.422115 -0.533320 -0.054063
v -0.421990 -0.532686 -0.057080
v -0.421968 -0.532575 -0.060163
v -0.422050 -0.532991 -0.063219
v -0.422234 -0.533921 -0.066155
v -0.422514 -0.535337 -0.068882
v -0.422882 -0.537196 -0.071317
v -0.423326 -0.539442 -0.073385
v -0.423833 -0.542006 -0.075025
v -0.424388 -0.544810 -0.076186
v -0.424974 -0.547770 -0.076832
v -0.425572 -0.550794 -0.076946
v -0.426165 -0.553792 -0.076522
v -0.426735 -0.556672 -0.075573
v -0.427264 -0.559347 -0.074130
v -0.427737 -0.561735 -0.072234
v -0.428138 -0.563765 -0.069945
v -0.435687 -0.563277 -0.101153
v -0.435668 -0.563177 -0.100913
v -0.435640 -0.563038 -0.100693
v -0.435606 -0.562863 -0.100501
v -0.435565 -0.562659 -0.100344
v -0.435520 -0.562430 -0.100225
v -0.435471 -0.562185 -0.100148
v -0.435421 -0.561931 -0.100115
v -0.435370 -0.561675 -0.100129
v -0.435321 -0.561425 -0.100187
v -0.435274 -0.561188 -0.100289
v -0.435231 -0.560973 -0.100431
v -0.435194 -0.560785 -0.100609
v -0.435164 -0.560630 -0.100817
v -0.435141 -0.560513 -0.101050
v -0.435126 -0.560438 -0.101300
v -0.435119 -0.560406 -0.101559
v -0.435122 -0.560419 -0.101821
v -0.435133 -0.560477 -0.102075
v -0.435153 -0.560576 -0.102316
v -0.435181 -0.560716 -0.102536
v -0.435215 -0.560890 -0.102727
v -0.435256 -0.561095 -0.102885
v -0.435301 -0.561323 -0.103004
v -0.435349 -0.561568 -0.103081
v -0.435400 -0.561823 -0.103113
v -0.435450 -0.562079 -0.103100
v -0.435500 -0.562329 -0.103042
v -0.435547 -0.562565 -0.102940
v -0.435589 -0.562781 -0.102798
v -0.435626 -0.562969 -0.102620
v -0.435657 -0.563123 -0.102412
v -0.435680 -0.563240 -0.102179
v -0.435695 -0.563316 -0.101929
v -0.435701 -0.563347 -0.101669
v -0.435699 -0.563334 -0.101408
v -0.427285 -0.562029 -0.102075
v -0.427274 -0.561972 -0.101821
v -0.427272 -0.561959 -0.101559
v -0.427278 -0.561991 -0.101300
v -0.427293 -0.562066 -0.101050
v -0.427316 -0.562183 -0.100817
v -0.427346 -0.562338 -0.100609
v -0.427384 -0.562526 -0.100431
v -0.427426 -0.562741 -0.100289
v -0.427473 -0.562977 -0.100187
v -0.427522 -0.563227 -0.100129
v -0.427573 -0.563483 -0.100115
v -0.427623 -0.563738 -0.100148
v -0.427672 -0.563983 -0.100225
v -0.427717 -0.564211 -0.100344
v -0.427758 -0.564416 -0.100501
v -0.427792 -0.564591 -0.100693
v -0.427820 -0.564730 -0.100913
v -0.427839 -0.564830 -0.101153
v -0.435133 -0.560477 -0.102075
v -0.435687 -0.563277 -0.101153
v -0.435668 -0.563177 -0.100913
v -0.435640 -0.563038 -0.100693
v -0.435606 -0.562863 -0.100501
v -0.435565 -0.562659 -0.100344
v -0.435520 -0.562430 -0.100225
v -0.435471 -0.562185 -0.100148
v -0.435421 -0.561931 -0.100115
v -0.435370 -0.561675 -0.100129
v -0.435321 -0.561425 -0.100187
v -0.435274 -0.561188 -0.100289
v -0.435231 -0.560973 -0.100431
v -0.435194 -0.560785 -0.100609
v -0.435164 -0.560630 -0.100817
v -0.435141 -0.560513 -0.101050
v -0.435126 -0.560438 -0.101300
v -0.435119 -0.560406 -0.101559
v -0.435122 -0.560419 -0.101821
v -0.427839 -0.564830 -0.101153
v -0.427851 -0.564887 -0.101408
v -0.427853 -0.564900 -0.101669
v -0.427847 -0.564868 -0.101929
v -0.427832 -0.564793 -0.102179
v -0.427809 -0.564676 -0.102412
v -0.427778 -0.564521 -0.102620
v -0.427741 -0.564333 -0.102798
v -0.427699 -0.564118 -0.102940
v -0.427652 -0.563882 -0.103042
v -0.427602 -0.563632 -0.103100
v -0.427552 -0.563376 -0.103113
v -0.427501 -0.563121 -0.103081
v -0.427453 -0.562876 -0.103004
v -0.427408 -0.562648 -0.102885
v -0.427367 -0.562443 -0.102727
v -0.427333 -0.562268 -0.102536
v -0.427305 -0.562129 -0.102316
v -0.427285 -0.562029 -0.102075
v -0.435687 -0.563277 -0.101153
v -0.435133 -0.560477 -0.102075
v -0.435153 -0.560576 -0.102316
v -0.435181 -0.560716 -0.102536
v -0.435215 -0.560890 -0.102727
v -0.435256 -0.561095 -0.102885
v -0.435301 -0.561323 -0.103004
v -0.435349 -0.561568 -0.103081
v -0.435400 -0.561823 -0.103113
v -0.435450 -0.562079 -0.103100
v -0.435500 -0.562329 -0.103042
v -0.435547 -0.562565 -0.102940
v -0.435589 -0.562781 -0.102798
v -0.435626 -0.562969 -0.102620
v -0.435657 -0.563123 -0.102412
v -0.435680 -0.563240 -0.102179
v -0.435695 -0.563316 -0.101929
v -0.435701 -0.563347 -0.101669
v -0.435699 -0.563334 -0.101408
v -0.440577 -0.587992 -0.078206
v -0.440530 -0.587754 -0.078107
v -0.440480 -0.587503 -0.078052
v -0.440430 -0.587247 -0.078043
v -0.440380 -0.586993 -0.078079
v -0.440331 -0.586749 -0.078159
v -0.440286 -0.586522 -0.078281
v -0.440246 -0.586320 -0.078442
v -0.440212 -0.586148 -0.078636
v -0.440185 -0.586011 -0.078857
v -0.440166 -0.585915 -0.079100
v -0.440156 -0.585861 -0.079355
v -0.440154 -0.585852 -0.079617
v -0.440161 -0.585887 -0.079876
v -0.440176 -0.585966 -0.080124
v -0.440200 -0.586086 -0.080356
v -0.440231 -0.586243 -0.080562
v -0.440269 -0.586434 -0.080737
v -0.440312 -0.586651 -0.080876
v -0.440359 -0.586888 -0.080975
v -0.440409 -0.587139 -0.081029
v -0.440459 -0.587396 -0.081039
v -0.440509 -0.587650 -0.081003
v -0.440558 -0.587894 -0.080923
v -0.440603 -0.588120 -0.080800
v -0.440643 -0.588323 -0.080640
v -0.440677 -0.588495 -0.080446
v -0.440704 -0.588631 -0.080224
v -0.440723 -0.588728 -0.079982
v -0.440733 -0.588781 -0.079726
v -0.440735 -0.588791 -0.079465
v -0.440728 -0.588756 -0.079206
v -0.440713 -0.588677 -0.078957
v -0.440689 -0.588557 -0.078726
v -0.440658 -0.588399 -0.078520
v -0.440620 -0.588209 -0.078344
v -0.432464 -0.588204 -0.080876
v -0.432421 -0.587986 -0.080737
v -0.432383 -0.587796 -0.080562
v -0.432352 -0.587638 -0.080356
v -0.432328 -0.587518 -0.080124
v -0.432313 -0.587440 -0.079876
v -0.432306 -0.587404 -0.079617
v -0.432308 -0.587414 -0.079355
v -0.432318 -0.587467 -0.079100
v -0.432337 -0.587564 -0.078857
v -0.432364 -0.587700 -0.078636
v -0.432398 -0.587872 -0.078442
v -0.432438 -0.588075 -0.078281
v -0.432483 -0.588301 -0.078159
v -0.432532 -0.588545 -0.078079
v -0.432582 -0.588799 -0.078043
v -0.432633 -0.589056 -0.078052
v -0.432682 -0.589307 -0.078107
v -0.432729 -0.589544 -0.078206
v -0.440312 -0.586651 -0.080876
v -0.440577 -0.587992 -0.078206
v -0.440530 -0.587754 -0.078107
v -0.440480 -0.587503 -0.078052
v -0.440430 -0.587247 -0.078043
v -0.440380 -0.586993 -0.078079
v -0.440331 -0.586749 -0.078159
v -0.440286 -0.586522 -0.078281
v -0.440246 -0.586320 -0.078442
v -0.440212 -0.586148 -0.078636
v -0.440185 -0.586011 -0.078857
v -0.440166 -0.585915 -0.079100
v -0.440156 -0.585861 -0.079355
v -0.440154 -0.585852 -0.079617
v -0.440161 -0.585887 -0.079876
v -0.440176 -0.585966 -0.080124
v -0.440200 -0.586086 -0.080356
v -0.440231 -0.586243 -0.080562
v -0.440269 -0.586434 -0.080737
v -0.432729 -0.589544 -0.078206
v -0.432772 -0.589762 -0.078344
v -0.432810 -0.589952 -0.078520
v -0.432841 -0.590109 -0.078726
v -0.432865 -0.590229 -0.078957
v -0.432880 -0.590308 -0.079206
v -0.432887 -0.590343 -0.079465
v -0.432886 -0.590334 -0.079726
v -0.432875 -0.590280 -0.079982
v -0.432856 -0.590184 -0.080224
v -0.432829 -0.590048 -0.080446
v -0.432795 -0.589876 -0.080640
v -0.432755 -0.589673 -0.080800
v -0.432710 -0.589446 -0.080923
v -0.432662 -0.589202 -0.081003
v -0.432611 -0.588948 -0.081039
v -0.432561 -0.588692 -0.081029
v -0.432511 -0.588441 -0.080975
v -0.432464 -0.588204 -0.080876
v -0.440577 -0.587992 -0.078206
v -0.440312 -0.586651 -0.080876
v -0.440359 -0.586888 -0.080975
v -0.440409 -0.587139 -0.081029
v -0.440459 -0.587396 -0.081039
v -0.440509 -0.587650 -0.081003
v -0.440558 -0.587894 -0.080923
v -0.440603 -0.588120 -0.080800
v -0.440643 -0.588323 -0.080640
v -0.440677 -0.588495 -0.080446
v -0.440704 -0.588631 -0.080224
v -0.440723 -0.588728 -0.079982
v -0.440733 -0.588781 -0.079726
v -0.440735 -0.588791 -0.079465
v -0.440728 -0.588756 -0.079206
v -0.440713 -0.588677 -0.078957
v -0.440689 -0.588557 -0.078726
v -0.440658 -0.588399 -0.078520
v -0.440620 -0.588209 -0.078344
v -0.440885 -0.589549 -0.044164
v -0.440839 -0.589313 -0.044266
v -0.440796 -0.589098 -0.044408
v -0.440759 -0.588910 -0.044586
v -0.440728 -0.588755 -0.044795
v -0.440705 -0.588638 -0.045027
v -0.440690 -0.588563 -0.045277
v -0.440684 -0.588531 -0.045537
v -0.440686 -0.588544 -0.045798
v -0.440698 -0.588601 -0.046053
v -0.440717 -0.588701 -0.046294
v -0.440745 -0.588840 -0.046513
v -0.440780 -0.589015 -0.046705
v -0.440820 -0.589220 -0.046862
v -0.440865 -0.589448 -0.046982
v -0.440914 -0.589693 -0.047058
v -0.440964 -0.589948 -0.047091
v -0.441015 -0.590204 -0.047078
v -0.441064 -0.590454 -0.047019
v -0.441111 -0.590690 -0.046917
v -0.441154 -0.590905 -0.046775
v -0.441191 -0.591093 -0.046597
v -0.441221 -0.591248 -0.046389
v -0.441245 -0.591365 -0.046156
v -0.441259 -0.591440 -0.045906
v -0.441266 -0.591472 -0.045647
v -0.441263 -0.591459 -0.045386
v -0.441252 -0.591402 -0.045131
v -0.441232 -0.591302 -0.044890
v -0.441205 -0.591163 -0.044670
v -0.441170 -0.590988 -0.044479
v -0.441130 -0.590783 -0.044321
v -0.441084 -0.590555 -0.044202
v -0.441036 -0.590310 -0.044125
v -0.440985 -0.590055 -0.044093
v -0.440935 -0.589799 -0.044106
v -0.433216 -0.592006 -0.047019
v -0.433167 -0.591756 -0.047078
v -0.433116 -0.591500 -0.047091
v -0.433066 -0.591246 -0.047058
v -0.433017 -0.591001 -0.046982
v -0.432972 -0.590772 -0.046862
v -0.432932 -0.590568 -0.046705
v -0.432897 -0.590393 -0.046513
v -0.432870 -0.590254 -0.046294
v -0.432850 -0.590154 -0.046053
v -0.432839 -0.590097 -0.045798
v -0.432836 -0.590084 -0.045537
v -0.432842 -0.590115 -0.045277
v -0.432857 -0.590191 -0.045027
v -0.432880 -0.590308 -0.044795
v -0.432911 -0.590462 -0.044586
v -0.432948 -0.590650 -0.044408
v -0.432991 -0.590866 -0.044266
v -0.433037 -0.591102 -0.044164
v -0.441064 -0.590454 -0.047019
v -0.440885 -0.589549 -0.044164
v -0.440839 -0.589313 -0.044266
v -0.440796 -0.589098 -0.044408
v -0.440759 -0.588910 -0.044586
v -0.440728 -0.588755 -0.044795
v -0.440705 -0.588638 -0.045027
v -0.440690 -0.588563 -0.045277
v -0.440684 -0.588531 -0.045537
v -0.440686 -0.588544 -0.045798
v -0.440698 -0.588601 -0.046053
v -0.440717 -0.588701 -0.046294
v -0.440745 -0.588840 -0.046513
v -0.440780 -0.589015 -0.046705
v -0.440820 -0.589220 -0.046862
v -0.440865 -0.589448 -0.046982
v -0.440914 -0.589693 -0.047058
v -0.440964 -0.589948 -0.047091
v -0.441015 -0.590204 -0.047078
v -0.433037 -0.591102 -0.044164
v -0.433087 -0.591352 -0.044106
v -0.433138 -0.591608 -0.044093
v -0.433188 -0.591863 -0.044125
v -0.433236 -0.592108 -0.044202
v -0.433282 -0.592336 -0.044321
v -0.433322 -0.592541 -0.044479
v -0.433357 -0.592715 -0.044670
v -0.433384 -0.592855 -0.044890
v -0.433404 -0.592954 -0.045131
v -0.433415 -0.593012 -0.045386
v -0.433418 -0.593025 -0.045647
v -0.433412 -0.592993 -0.045906
v -0.433397 -0.592918 -0.046156
v -0.433374 -0.592801 -0.046389
v -0.433343 -0.592646 -0.046597
v -0.433306 -0.592458 -0.046775
v -0.433263 -0.592243 -0.046917
v -0.433216 -0.592006 -0.047019
v -0.440885 -0.589549 -0.044164
v -0.441064 -0.590454 -0.047019
v -0.441111 -0.590690 -0.046917
v -0.441154 -0.590905 -0.046775
v -0.441191 -0.591093 -0.046597
v -0.441221 -0.591248 -0.046389
v -0.441245 -0.591365 -0.046156
v -0.441259 -0.591440 -0.045906
v -0.441266 -0.591472 -0.045647
v -0.441263 -0.591459 -0.045386
v -0.441252 -0.591402 -0.045131
v -0.441232 -0.591302 -0.044890
v -0.441205 -0.591163 -0.044670
v -0.441170 -0.590988 -0.044479
v -0.441130 -0.590783 -0.044321
v -0.441084 -0.590555 -0.044202
v -0.441036 -0.590310 -0.044125
v -0.440985 -0.590055 -0.044093
v -0.440935 -0.589799 -0.044106
v -0.436431 -0.567038 -0.018971
v -0.436412 -0.566941 -0.019213
v -0.436402 -0.566887 -0.019469
v -0.436400 -0.566878 -0.019730
v -0.436407 -0.566913 -0.019989
v -0.436422 -0.566992 -0.020238
v -0.436446 -0.567112 -0.020469
v -0.436477 -0.567270 -0.020675
v -0.436515 -0.567460 -0.020851
v -0.436558 -0.567677 -0.020989
v -0.436605 -0.567915 -0.021088
v -0.436655 -0.568166 -0.021143
v -0.436705 -0.568422 -0.021152
v -0.436756 -0.568676 -0.021116
v -0.436804 -0.568920 -0.021036
v -0.436849 -0.569147 -0.020914
v -0.436889 -0.569349 -0.020753
v -0.436923 -0.569521 -0.020559
v -0.436950 -0.569658 -0.020338
v -0.436969 -0.569754 -0.020095
v -0.436979 -0.569808 -0.019840
v -0.436981 -0.569817 -0.019578
v -0.436974 -0.569782 -0.019319
v -0.436959 -0.569703 -0.019071
v -0.436935 -0.569583 -0.018839
v -0.436904 -0.569426 -0.018633
v -0.436866 -0.569235 -0.018458
v -0.436823 -0.569018 -0.018319
v -0.436776 -0.568780 -0.018220
v -0.436727 -0.568530 -0.018166
v -0.436676 -0.568273 -0.018156
v -0.436626 -0.568019 -0.018192
v -0.436577 -0.567775 -0.018272
v -0.436532 -0.567548 -0.018395
v -0.436492 -0.567346 -0.018555
v -0.436458 -0.567174 -0.018749
v -0.429102 -0.571210 -0.020338
v -0.429075 -0.571074 -0.020559
v -0.429041 -0.570902 -0.020753
v -0.429001 -0.570700 -0.020914
v -0.428956 -0.570473 -0.021036
v -0.428908 -0.570229 -0.021116
v -0.428857 -0.569975 -0.021152
v -0.428807 -0.569718 -0.021143
v -0.428757 -0.569468 -0.021088
v -0.428710 -0.569230 -0.020989
v -0.428667 -0.569013 -0.020851
v -0.428629 -0.568822 -0.020675
v -0.428598 -0.568665 -0.020469
v -0.428575 -0.568545 -0.020238
v -0.428559 -0.568466 -0.019989
v -0.428552 -0.568431 -0.019730
v -0.428554 -0.568440 -0.019469
v -0.428564 -0.568494 -0.019213
v -0.428584 -0.568590 -0.018971
v -0.436950 -0.569658 -0.020338
v -0.436431 -0.567038 -0.018971
v -0.436412 -0.566941 -0.019213
v -0.436402 -0.566887 -0.019469
v -0.436400 -0.566878 -0.019730
v -0.436407 -0.566913 -0.019989
v -0.436422 -0.566992 -0.020238
v -0.436446 -0.567112 -0.020469
v -0.436477 -0.567270 -0.020675
v -0.436515 -0.567460 -0.020851
v -0.436558 -0.567677 -0.020989
v -0.436605 -0.567915 -0.021088
v -0.436655 -0.568166 -0.021143
v -0.436705 -0.568422 -0.021152
v -0.436756 -0.568676 -0.021116
v -0.436804 -0.568920 -0.021036
v -0.436849 -0.569147 -0.020914
v -0.436889 -0.569349 -0.020753
v -0.436923 -0.569521 -0.020559
v -0.428584 -0.568590 -0.018971
v -0.428611 -0.568727 -0.018749
v -0.428645 -0.568899 -0.018555
v -0.428685 -0.569101 -0.018395
v -0.428729 -0.569328 -0.018272
v -0.428778 -0.569572 -0.018192
v -0.428828 -0.569826 -0.018156
v -0.428879 -0.570082 -0.018166
v -0.428928 -0.570333 -0.018220
v -0.428975 -0.570571 -0.018319
v -0.429018 -0.570788 -0.018458
v -0.429056 -0.570978 -0.018633
v -0.429087 -0.571136 -0.018839
v -0.429111 -0.571256 -0.019071
v -0.429126 -0.571335 -0.019319
v -0.429133 -0.571370 -0.019578
v -0.429132 -0.571361 -0.019840
v -0.429121 -0.571307 -0.020095
v -0.429102 -0.571210 -0.020338
v -0.436431 -0.567038 -0.018971
v -0.436950 -0.569658 -0.020338
v -0.436969 -0.569754 -0.020095
v -0.436979 -0.569808 -0.019840
v -0.436981 -0.569817 -0.019578
v -0.436974 -0.569782 -0.019319
v -0.436959 -0.569703 -0.019071
v -0.436935 -0.569583 -0.018839
v -0.436904 -0.569426 -0.018633
v -0.436866 -0.569235 -0.018458
v -0.436823 -0.569018 -0.018319
v -0.436776 -0.568780 -0.018220
v -0.436727 -0.568530 -0.018166
v -0.436676 -0.568273 -0.018156
v -0.436626 -0.568019 -0.018192
v -0.436577 -0.567775 -0.018272
v -0.436532 -0.567548 -0.018395
v -0.436492 -0.567346 -0.018555
v -0.436458 -0.567174 -0.018749
v -0.429824 -0.533644 -0.017383
v -0.429844 -0.533744 -0.017624
v -0.429872 -0.533883 -0.017843
v -0.429906 -0.534058 -0.018035
v -0.429947 -0.534262 -0.018193
v -0.429992 -0.534491 -0.018312
v -0.430040 -0.534736 -0.018389
v -0.430091 -0.534990 -0.018421
v -0.430141 -0.535246 -0.018408
v -0.430191 -0.535496 -0.018349
v -0.430238 -0.535733 -0.018248
v -0.430280 -0.535948 -0.018106
v -0.430317 -0.536136 -0.017928
v -0.430348 -0.536291 -0.017719
v -0.430371 -0.536407 -0.017486
v -0.430386 -0.536483 -0.017236
v -0.430392 -0.536515 -0.016977
v -0.430390 -0.536502 -0.016716
v -0.430379 -0.536444 -0.016461
v -0.430359 -0.536345 -0.016220
v -0.430331 -0.536205 -0.016001
v -0.430297 -0.536031 -0.015809
v -0.430256 -0.535826 -0.015651
v -0.430211 -0.535598 -0.015532
v -0.430163 -0.535353 -0.015455
v -0.430112 -0.535098 -0.015423
v -0.430061 -0.534842 -0.015436
v -0.430012 -0.534592 -0.015495
v -0.429965 -0.534356 -0.015596
v -0.429923 -0.534140 -0.015738
v -0.429885 -0.533952 -0.015916
v -0.429855 -0.533798 -0.016125
v -0.429832 -0.533681 -0.016358
v -0.429817 -0.533605 -0.016607
v -0.429811 -0.533574 -0.016867
v -0.429813 -0.533587 -0.017128
v -0.422531 -0.537997 -0.016461
v -0.422542 -0.538054 -0.016716
v -0.422545 -0.538067 -0.016977
v -0.422538 -0.538036 -0.017236
v -0.422523 -0.537960 -0.017486
v -0.422500 -0.537843 -0.017719
v -0.422470 -0.537689 -0.017928
v -0.422432 -0.537501 -0.018106
v -0.422390 -0.537285 -0.018248
v -0.422343 -0.537049 -0.018349
v -0.422294 -0.536799 -0.018408
v -0.422243 -0.536543 -0.018421
v -0.422193 -0.536288 -0.018389
v -0.422144 -0.536043 -0.018312
v -0.422099 -0.535815 -0.018193
v -0.422058 -0.535610 -0.018035
v -0.422024 -0.535436 -0.017843
v -0.421996 -0.535296 -0.017624
v -0.421977 -0.535197 -0.017383
v -0.430379 -0.536444 -0.016461
v -0.429824 -0.533644 -0.017383
v -0.429844 -0.533744 -0.017624
v -0.429872 -0.533883 -0.017843
v -0.429906 -0.534058 -0.018035
v -0.429947 -0.534262 -0.018193
v -0.429992 -0.534491 -0.018312
v -0.430040 -0.534736 -0.018389
v -0.430091 -0.534990 -0.018421
v -0.430141 -0.535246 -0.018408
v -0.430191 -0.535496 -0.018349
v -0.430238 -0.535733 -0.018248
v -0.430280 -0.535948 -0.018106
v -0.430317 -0.536136 -0.017928
v -0.430348 -0.536291 -0.017719
v -0.430371 -0.536407 -0.017486
v -0.430386 -0.536483 -0.017236
v -0.430392 -0.536515 -0.016977
v -0.430390 -0.536502 -0.016716
v -0.421977 -0.535197 -0.017383
v -0.421965 -0.535139 -0.017128
v -0.421963 -0.535126 -0.016867
v -0.421969 -0.535158 -0.016607
v -0.421984 -0.535233 -0.016358
v -0.422007 -0.535350 -0.016125
v -0.422038 -0.535505 -0.015916
v -0.422075 -0.535693 -0.015738
v -0.422117 -0.535908 -0.015596
v -0.422164 -0.536145 -0.015495
v -0.422214 -0.536395 -0.015436
v -0.422264 -0.536651 -0.015423
v -0.422315 -0.536905 -0.015455
v -0.422363 -0.537150 -0.015532
v -0.422408 -0.537379 -0.015651
v -0.422449 -0.537583 -0.015809
v -0.422483 -0.537758 -0.016001
v -0.422511 -0.537897 -0.016220
v -0.422531 -0.537997 -0.016461
v -0.429824 -0.533644 -0.017383
v -0.430379 -0.536444 -0.016461
v -0.430359 -0.536345 -0.016220
v -0.430331 -0.536205 -0.016001
v -0.430297 -0.536031 -0.015809
v -0.430256 -0.535826 -0.015651
v -0.430211 -0.535598 -0.015532
v -0.430163 -0.535353 -0.015455
v -0.430112 -0.535098 -0.015423
v -0.430061 -0.534842 -0.015436
v -0.430012 -0.534592 -0.015495
v -0.429965 -0.534356 -0.015596
v -0.429923 -0.534140 -0.015738
v -0.429885 -0.533952 -0.015916
v -0.429855 -0.533798 -0.016125
v -0.429832 -0.533681 -0.016358
v -0.429817 -0.533605 -0.016607
v -0.429811 -0.533574 -0.016867
v -0.429813 -0.533587 -0.017128
v -0.424935 -0.508929 -0.040331
v -0.424982 -0.509167 -0.040429
v -0.425031 -0.509418 -0.040484
v -0.425082 -0.509674 -0.040494
v -0.425132 -0.509928 -0.040458
v -0.425181 -0.510172 -0.040377
v -0.425225 -0.510399 -0.040255
v -0.425265 -0.510601 -0.040094
v -0.425300 -0.510773 -0.039900
v -0.425326 -0.510910 -0.039679
v -0.425346 -0.511006 -0.039437
v -0.425356 -0.511060 -0.039181
v -0.425358 -0.511069 -0.038920
v -0.425351 -0.511034 -0.038661
v -0.425335 -0.510955 -0.038412
v -0.425312 -0.510835 -0.038181
v -0.425281 -0.510678 -0.037974
v -0.425243 -0.510487 -0.037799
v -0.425200 -0.510270 -0.037660
v -0.425153 -0.510032 -0.037562
v -0.425103 -0.509782 -0.037507
v -0.425053 -0.509525 -0.037497
v -0.425002 -0.509271 -0.037533
v -0.424954 -0.509027 -0.037614
v -0.424909 -0.508801 -0.037736
v -0.424869 -0.508598 -0.037897
v -0.424835 -0.508426 -0.038091
v -0.424808 -0.508290 -0.038312
v -0.424789 -0.508193 -0.038554
v -0.424778 -0.508140 -0.038810
v -0.424777 -0.508130 -0.039071
v -0.424784 -0.508165 -0.039330
v -0.424799 -0.508244 -0.039579
v -0.424823 -0.508364 -0.039810
v -0.424854 -0.508522 -0.040017
v -0.424892 -0.508712 -0.040192
v -0.417352 -0.511823 -0.037660
v -0.417395 -0.512040 -0.037799
v -0.417433 -0.512230 -0.037974
v -0.417464 -0.512388 -0.038181
v -0.417488 -0.512508 -0.038412
v -0.417503 -0.512587 -0.038661
v -0.417510 -0.512622 -0.038920
v -0.417508 -0.512613 -0.039181
v -0.417498 -0.512559 -0.039437
v -0.417479 -0.512462 -0.039679
v -0.417452 -0.512326 -0.039900
v -0.417418 -0.512154 -0.040094
v -0.417378 -0.511952 -0.040255
v -0.417333 -0.511725 -0.040377
v -0.417284 -0.511481 -0.040458
v -0.417234 -0.511227 -0.040494
v -0.417183 -0.510971 -0.040484
v -0.417134 -0.510720 -0.040429
v -0.417087 -0.510482 -0.040331
v -0.425200 -0.510270 -0.037660
v -0.424935 -0.508929 -0.040331
v -0.424982 -0.509167 -0.040429
v -0.425031 -0.509418 -0.040484
v -0.425082 -0.509674 -0.040494
v -0.425132 -0.509928 -0.040458
v -0.425181 -0.510172 -0.040377
v -0.425225 -0.510399 -0.040255
v -0.425265 -0.510601 -0.040094
v -0.425300 -0.510773 -0.039900
v -0.425326 -0.510910 -0.039679
v -0.425346 -0.511006 -0.039437
v -0.425356 -0.511060 -0.039181
v -0.425358 -0.511069 -0.038920
v -0.425351 -0.511034 -0.038661
v -0.425335 -0.510955 -0.038412
v -0.425312 -0.510835 -0.038181
v -0.425281 -0.510678 -0.037974
v -0.425243 -0.510487 -0.037799
v -0.417087 -0.510482 -0.040331
v -0.417044 -0.510265 -0.040192
v -0.417006 -0.510075 -0.040017
v -0.416975 -0.509917 -0.039810
v -0.416951 -0.509797 -0.039579
v -0.416936 -0.509718 -0.039330
v -0.416929 -0.509683 -0.039071
v -0.416931 -0.509692 -0.038810
v -0.416941 -0.509746 -0.038554
v -0.416960 -0.509843 -0.038312
v -0.416987 -0.509979 -0.038091
v -0.417021 -0.510151 -0.037897
v -0.417061 -0.510353 -0.037736
v -0.417106 -0.510580 -0.037614
v -0.417154 -0.510824 -0.037533
v -0.417205 -0.511078 -0.037497
v -0.417255 -0.511334 -0.037507
v -0.417305 -0.511585 -0.037562
v -0.417352 -0.511823 -0.037660
v -0.424935 -0.508929 -0.040331
v -0.425200 -0.510270 -0.037660
v -0.425153 -0.510032 -0.037562
v -0.425103 -0.509782 -0.037507
v -0.425053 -0.509525 -0.037497
v -0.425002 -0.509271 -0.037533
v -0.424954 -0.509027 -0.037614
v -0.424909 -0.508801 -0.037736
v -0.424869 -0.508598 -0.037897
v -0.424835 -0.508426 -0.038091
v -0.424808 -0.508290 -0.038312
v -0.424789 -0.508193 -0.038554
v -0.424778 -0.508140 -0.038810
v -0.424777 -0.508130 -0.039071
v -0.424784 -0.508165 -0.039330
v -0.424799 -0.508244 -0.039579
v -0.424823 -0.508364 -0.039810
v -0.424854 -0.508522 -0.040017
v -0.424892 -0.508712 -0.040192
v -0.424626 -0.507372 -0.074372
v -0.424673 -0.507608 -0.074270
v -0.424716 -0.507823 -0.074128
v -0.424753 -0.508011 -0.073950
v -0.424784 -0.508166 -0.073742
v -0.424807 -0.508283 -0.073509
v -0.424822 -0.508358 -0.073259
v -0.424828 -0.508390 -0.073000
v -0.424825 -0.508377 -0.072738
v -0.424814 -0.508320 -0.072484
v -0.424794 -0.508220 -0.072243
v -0.424767 -0.508081 -0.072023
v -0.424732 -0.507906 -0.071832
v -0.424692 -0.507701 -0.071674
v -0.424647 -0.507473 -0.071555
v -0.424598 -0.507228 -0.071478
v -0.424548 -0.506973 -0.071446
v -0.424497 -0.506717 -0.071459
v -0.424448 -0.506467 -0.071517
v -0.424401 -0.506231 -0.071619
v -0.424358 -0.506016 -0.071761
v -0.424321 -0.505828 -0.071939
v -0.424290 -0.505673 -0.072147
v -0.424267 -0.505556 -0.072380
v -0.424252 -0.505481 -0.072630
v -0.424246 -0.505449 -0.072890
v -0.424249 -0.505462 -0.073151
v -0.424260 -0.505519 -0.073406
v -0.424280 -0.505619 -0.073646
v -0.424307 -0.505758 -0.073866
v -0.424342 -0.505933 -0.074058
v -0.424382 -0.506138 -0.074215
v -0.424427 -0.506366 -0.074334
v -0.424476 -0.506611 -0.074411
v -0.424526 -0.506866 -0.074444
v -0.424577 -0.507122 -0.074430
v -0.416600 -0.508020 -0.071517
v -0.416649 -0.508270 -0.071459
v -0.416700 -0.508526 -0.071446
v -0.416750 -0.508781 -0.071478
v -0.416799 -0.509026 -0.071555
v -0.416844 -0.509254 -0.071674
v -0.416884 -0.509459 -0.071832
v -0.416919 -0.509633 -0.072023
v -0.416946 -0.509773 -0.072243
v -0.416966 -0.509872 -0.072484
v -0.416978 -0.509930 -0.072738
v -0.416980 -0.509943 -0.073000
v -0.416974 -0.509911 -0.073259
v -0.416959 -0.509836 -0.073509
v -0.416936 -0.509719 -0.073742
v -0.416905 -0.509564 -0.073950
v -0.416868 -0.509376 -0.074128
v -0.416825 -0.509161 -0.074270
v -0.416779 -0.508924 -0.074372
v -0.424448 -0.506467 -0.071517
v -0.424626 -0.507372 -0.074372
v -0.424673 -0.507608 -0.074270
v -0.424716 -0.507823 -0.074128
v -0.424753 -0.508011 -0.073950
v -0.424784 -0.508166 -0.073742
v -0.424807 -0.508283 -0.073509
v -0.424822 -0.508358 -0.073259
v -0.424828 -0.508390 -0.073000
v -0.424825 -0.508377 -0.072738
v -0.424814 -0.508320 -0.072484
v -0.424794 -0.508220 -0.072243
v -0.424767 -0.508081 -0.072023
v -0.424732 -0.507906 -0.071832
v -0.424692 -0.507701 -0.071674
v -0.424647 -0.507473 -0.071555
v -0.424598 -0.507228 -0.071478
v -0.424548 -0.506973 -0.071446
v -0.424497 -0.506717 -0.071459
v -0.416779 -0.508924 -0.074372
v -0.416729 -0.508674 -0.074430
v -0.416678 -0.508418 -0.074444
v -0.416628 -0.508164 -0.074411
v -0.416580 -0.507919 -0.074334
v -0.416534 -0.507690 -0.074215
v -0.416494 -0.507486 -0.074058
v -0.416459 -0.507311 -0.073866
v -0.416432 -0.507172 -0.073646
v -0.416412 -0.507072 -0.073406
v -0.416401 -0.507015 -0.073151
v -0.416398 -0.507002 -0.072890
v -0.416404 -0.507033 -0.072630
v -0.416419 -0.507109 -0.072380
v -0.416443 -0.507226 -0.072147
v -0.416473 -0.507380 -0.071939
v -0.416510 -0.507568 -0.071761
v -0.416553 -0.507784 -0.071619
v -0.416600 -0.508020 -0.071517
v -0.424626 -0.507372 -0.074372
v -0.424448 -0.506467 -0.071517
v -0.424401 -0.506231 -0.071619
v -0.424358 -0.506016 -0.071761
v -0.424321 -0.505828 -0.071939
v -0.424290 -0.505673 -0.072147
v -0.424267 -0.505556 -0.072380
v -0.424252 -0.505481 -0.072630
v -0.424246 -0.505449 -0.072890
v -0.424249 -0.505462 -0.073151
v -0.424260 -0.505519 -0.073406
v -0.424280 -0.505619 -0.073646
v -0.424307 -0.505758 -0.073866
v -0.424342 -0.505933 -0.074058
v -0.424382 -0.506138 -0.074215
v -0.424427 -0.506366 -0.074334
v -0.424476 -0.506611 -0.074411
v -0.424526 -0.506866 -0.074444
v -0.424577 -0.507122 -0.074430
v -0.429080 -0.529883 -0.099566
v -0.429099 -0.529980 -0.099323
v -0.429110 -0.530034 -0.099068
v -0.429112 -0.530043 -0.098806
v -0.429105 -0.530008 -0.098547
v -0.429089 -0.529929 -0.098299
v -0.429066 -0.529809 -0.098067
v -0.429034 -0.529651 -0.097861
v -0.428997 -0.529461 -0.097686
v -0.428954 -0.529244 -0.097547
v -0.428907 -0.529006 -0.097449
v -0.428857 -0.528755 -0.097394
v -0.428807 -0.528499 -0.097384
v -0.428756 -0.528245 -0.097420
v -0.428708 -0.528001 -0.097500
v -0.428663 -0.527774 -0.097623
v -0.428623 -0.527572 -0.097783
v -0.428589 -0.527400 -0.097977
v -0.428562 -0.527263 -0.098199
v -0.428543 -0.527167 -0.098441
v -0.428532 -0.527113 -0.098697
v -0.428530 -0.527104 -0.098958
v -0.428537 -0.527139 -0.099217
v -0.428553 -0.527218 -0.099466
v -0.428577 -0.527338 -0.099697
v -0.428608 -0.527495 -0.099903
v -0.428646 -0.527686 -0.100079
v -0.428689 -0.527903 -0.100217
v -0.428736 -0.528141 -0.100316
v -0.428785 -0.528391 -0.100371
v -0.428836 -0.528648 -0.100380
v -0.428886 -0.528902 -0.100344
v -0.428935 -0.529146 -0.100264
v -0.428979 -0.529373 -0.100142
v -0.429019 -0.529575 -0.099981
v -0.429053 -0.529747 -0.099787
v -0.420714 -0.528816 -0.098199
v -0.420741 -0.528952 -0.097977
v -0.420775 -0.529124 -0.097783
v -0.420815 -0.529327 -0.097623
v -0.420860 -0.529553 -0.097500
v -0.420908 -0.529798 -0.097420
v -0.420959 -0.530052 -0.097384
v -0.421009 -0.530308 -0.097394
v -0.421059 -0.530559 -0.097449
v -0.421106 -0.530796 -0.097547
v -0.421149 -0.531014 -0.097686
v -0.421187 -0.531204 -0.097861
v -0.421218 -0.531362 -0.098067
v -0.421242 -0.531482 -0.098299
v -0.421257 -0.531560 -0.098547
v -0.421264 -0.531596 -0.098806
v -0.421262 -0.531586 -0.099068
v -0.421252 -0.531532 -0.099323
v -0.421233 -0.531436 -0.099566
v -0.428562 -0.527263 -0.098199
v -0.429080 -0.529883 -0.099566
v -0.429099 -0.529980 -0.099323
v -0.429110 -0.530034 -0.099068
v -0.429112 -0.530043 -0.098806
v -0.429105 -0.530008 -0.098547
v -0.429089 -0.529929 -0.098299
v -0.429066 -0.529809 -0.098067
v -0.429034 -0.529651 -0.097861
v -0.428997 -0.529461 -0.097686
v -0.428954 -0.529244 -0.097547
v -0.428907 -0.529006 -0.097449
v -0.428857 -0.528755 -0.097394
v -0.428807 -0.528499 -0.097384
v -0.428756 -0.528245 -0.097420
v -0.428708 -0.528001 -0.097500
v -0.428663 -0.527774 -0.097623
v -0.428623 -0.527572 -0.097783
v -0.428589 -0.527400 -0.097977
v -0.421233 -0.531436 -0.099566
v -0.421206 -0.531300 -0.099787
v -0.421172 -0.531128 -0.099981
v -0.421131 -0.530925 -0.100142
v -0.421087 -0.530699 -0.100264
v -0.421038 -0.530455 -0.100344
v -0.420988 -0.530200 -0.100380
v -0.420937 -0.529944 -0.100371
v -0.420888 -0.529693 -0.100316
v -0.420841 -0.529456 -0.100217
v -0.420798 -0.529238 -0.100079
v -0.420760 -0.529048 -0.099903
v -0.420729 -0.528891 -0.099697
v -0.420705 -0.528771 -0.099466
v -0.420690 -0.528692 -0.099217
v -0.420683 -0.528656 -0.098958
v -0.420684 -0.528666 -0.098697
v -0.420695 -0.528720 -0.098441
v -0.420714 -0.528816 -0.098199
v -0.429080 -0.529883 -0.099566
v -0.428562 -0.527263 -0.098199
v -0.428543 -0.527167 -0.098441
v -0.428532 -0.527113 -0.098697
v -0.428530 -0.527104 -0.098958
v -0.428537 -0.527139 -0.099217
v -0.428553 -0.527218 -0.099466
v -0.428577 -0.527338 -0.099697
v -0.428608 -0.527495 -0.099903
v -0.428646 -0.527686 -0.100079
v -0.428689 -0.527903 -0.100217
v -0.428736 -0.528141 -0.100316
v -0.428785 -0.528391 -0.100371
v -0.428836 -0.528648 -0.100380
v -0.428886 -0.528902 -0.100344
v -0.428935 -0.529146 -0.100264
v -0.428979 -0.529373 -0.100142
v -0.429019 -0.529575 -0.099981
v -0.429053 -0.529747 -0.099787
v -0.454927 -0.502345 -0.055398
v -0.454938 -0.502402 -0.055653
v -0.454941 -0.502415 -0.055914
v -0.454935 -0.502383 -0.056173
v -0.454920 -0.502308 -0.056423
v -0.454897 -0.502191 -0.056656
v -0.454866 -0.502036 -0.056864
v -0.454829 -0.501848 -0.057042
v -0.454786 -0.501633 -0.057184
v -0.454739 -0.501397 -0.057286
v -0.454690 -0.501147 -0.057345
v -0.454639 -0.500891 -0.057358
v -0.454589 -0.500636 -0.057325
v -0.454540 -0.500391 -0.057249
v -0.454495 -0.500163 -0.057129
v -0.454455 -0.499958 -0.056972
v -0.454420 -0.499783 -0.056780
v -0.454393 -0.499644 -0.056561
v -0.454373 -0.499544 -0.056320
v -0.454362 -0.499487 -0.056065
v -0.454359 -0.499474 -0.055804
v -0.454365 -0.499506 -0.055544
v -0.454380 -0.499581 -0.055294
v -0.454403 -0.499698 -0.055062
v -0.454434 -0.499853 -0.054853
v -0.454471 -0.500041 -0.054675
v -0.454514 -0.500256 -0.054533
v -0.454560 -0.500492 -0.054431
v -0.454610 -0.500742 -0.054373
v -0.454661 -0.500998 -0.054360
v -0.454711 -0.501253 -0.054392
v -0.454760 -0.501498 -0.054469
v -0.454805 -0.501727 -0.054588
v -0.454845 -0.501931 -0.054746
v -0.454880 -0.502106 -0.054937
v -0.454907 -0.502245 -0.055157
v -0.458297 -0.498768 -0.056320
v -0.458317 -0.498868 -0.056561
v -0.458344 -0.499007 -0.056780
v -0.458379 -0.499182 -0.056972
v -0.458419 -0.499386 -0.057129
v -0.458464 -0.499615 -0.057249
v -0.458513 -0.499860 -0.057325
v -0.458563 -0.500114 -0.057358
v -0.458614 -0.500370 -0.057345
v -0.458663 -0.500620 -0.057286
v -0.458710 -0.500857 -0.057184
v -0.458753 -0.501072 -0.057042
v -0.458790 -0.501260 -0.056864
v -0.458821 -0.501415 -0.056656
v -0.458844 -0.501532 -0.056423
v -0.458859 -0.501607 -0.056173
v -0.458865 -0.501639 -0.055914
v -0.458862 -0.501626 -0.055653
v -0.458851 -0.501568 -0.055398
v -0.454373 -0.499544 -0.056320
v -0.454927 -0.502345 -0.055398
v -0.454938 -0.502402 -0.055653
v -0.454941 -0.502415 -0.055914
v -0.454935 -0.502383 -0.056173
v -0.454920 -0.502308 -0.056423
v -0.454897 -0.502191 -0.056656
v -0.454866 -0.502036 -0.056864
v -0.454829 -0.501848 -0.057042
v -0.454786 -0.501633 -0.057184
v -0.454739 -0.501397 -0.057286
v -0.454690 -0.501147 -0.057345
v -0.454639 -0.500891 -0.057358
v -0.454589 -0.500636 -0.057325
v -0.454540 -0.500391 -0.057249
v -0.454495 -0.500163 -0.057129
v -0.454455 -0.499958 -0.056972
v -0.454420 -0.499783 -0.056780
v -0.454393 -0.499644 -0.056561
v -0.458851 -0.501568 -0.055398
v -0.458831 -0.501469 -0.055157
v -0.458804 -0.501329 -0.054937
v -0.458769 -0.501155 -0.054746
v -0.458729 -0.500950 -0.054588
v -0.458683 -0.500722 -0.054469
v -0.458635 -0.500477 -0.054392
v -0.458585 -0.500222 -0.054360
v -0.458534 -0.499966 -0.054373
v -0.458484 -0.499716 -0.054431
v -0.458438 -0.499480 -0.054533
v -0.458395 -0.499264 -0.054675
v -0.458358 -0.499076 -0.054853
v -0.458327 -0.498922 -0.055062
v -0.458304 -0.498805 -0.055294
v -0.458289 -0.498729 -0.055544
v -0.458283 -0.498698 -0.055804
v -0.458286 -0.498711 -0.056065
v -0.458297 -0.498768 -0.056320
v -0.454927 -0.502345 -0.055398
v -0.454373 -0.499544 -0.056320
v -0.454362 -0.499487 -0.056065
v -0.454359 -0.499474 -0.055804
v -0.454365 -0.499506 -0.055544
v -0.454380 -0.499581 -0.055294
v -0.454403 -0.499698 -0.055062
v -0.454434 -0.499853 -0.054853
v -0.454471 -0.500041 -0.054675
v -0.454514 -0.500256 -0.054533
v -0.454560 -0.500492 -0.054431
v -0.454610 -0.500742 -0.054373
v -0.454661 -0.500998 -0.054360
v -0.454711 -0.501253 -0.054392
v -0.454760 -0.501498 -0.054469
v -0.454805 -0.501727 -0.054588
v -0.454845 -0.501931 -0.054746
v -0.454880 -0.502106 -0.054937
v -0.454907 -0.502245 -0.055157
v -0.457785 -0.516791 -0.027586
v -0.457758 -0.516655 -0.027807
v -0.457724 -0.516483 -0.028001
v -0.457684 -0.516281 -0.028162
v -0.457639 -0.516054 -0.028284
v -0.457591 -0.515810 -0.028364
v -0.457541 -0.515556 -0.028400
v -0.457490 -0.515299 -0.028391
v -0.457440 -0.515049 -0.028336
v -0.457393 -0.514811 -0.028237
v -0.457350 -0.514594 -0.028099
v -0.457313 -0.514403 -0.027923
v -0.457282 -0.514246 -0.027717
v -0.457258 -0.514126 -0.027486
v -0.457242 -0.514047 -0.027237
v -0.457235 -0.514012 -0.026978
v -0.457237 -0.514021 -0.026717
v -0.457248 -0.514075 -0.026461
v -0.457267 -0.514171 -0.026219
v -0.457294 -0.514308 -0.025997
v -0.457328 -0.514480 -0.025803
v -0.457368 -0.514682 -0.025643
v -0.457413 -0.514909 -0.025520
v -0.457461 -0.515153 -0.025440
v -0.457511 -0.515407 -0.025404
v -0.457562 -0.515663 -0.025414
v -0.457612 -0.515914 -0.025468
v -0.457659 -0.516152 -0.025567
v -0.457702 -0.516369 -0.025706
v -0.457739 -0.516559 -0.025881
v -0.457771 -0.516717 -0.026087
v -0.457794 -0.516837 -0.026319
v -0.457810 -0.516916 -0.026567
v -0.457817 -0.516951 -0.026826
v -0.457815 -0.516942 -0.027088
v -0.457804 -0.516888 -0.027343
v -0.461191 -0.513395 -0.026219
v -0.461172 -0.513299 -0.026461
v -0.461161 -0.513245 -0.026717
v -0.461159 -0.513235 -0.026978
v -0.461166 -0.513271 -0.027237
v -0.461182 -0.513350 -0.027486
v -0.461206 -0.513470 -0.027717
v -0.461237 -0.513627 -0.027923
v -0.461274 -0.513817 -0.028099
v -0.461317 -0.514035 -0.028237
v -0.461364 -0.514272 -0.028336
v -0.461414 -0.514523 -0.028391
v -0.461465 -0.514779 -0.028400
v -0.461515 -0.515034 -0.028364
v -0.461563 -0.515278 -0.028284
v -0.461608 -0.515504 -0.028162
v -0.461648 -0.515707 -0.028001
v -0.461682 -0.515879 -0.027807
v -0.461709 -0.516015 -0.027586
v -0.457267 -0.514171 -0.026219
v -0.457785 -0.516791 -0.027586
v -0.457758 -0.516655 -0.027807
v -0.457724 -0.516483 -0.028001
v -0.457684 -0.516281 -0.028162
v -0.457639 -0.516054 -0.028284
v -0.457591 -0.515810 -0.028364
v -0.457541 -0.515556 -0.028400
v -0.457490 -0.515299 -0.028391
v -0.457440 -0.515049 -0.028336
v -0.457393 -0.514811 -0.028237
v -0.457350 -0.514594 -0.028099
v -0.457313 -0.514403 -0.027923
v -0.457282 -0.514246 -0.027717
v -0.457258 -0.514126 -0.027486
v -0.457242 -0.514047 -0.027237
v -0.457235 -0.514012 -0.026978
v -0.457237 -0.514021 -0.026717
v -0.457248 -0.514075 -0.026461
v -0.461709 -0.516015 -0.027586
v -0.461728 -0.516111 -0.027343
v -0.461739 -0.516165 -0.027088
v -0.461741 -0.516175 -0.026826
v -0.461734 -0.516139 -0.026567
v -0.461718 -0.516061 -0.026319
v -0.461694 -0.515941 -0.026087
v -0.461663 -0.515783 -0.025881
v -0.461626 -0.515593 -0.025706
v -0.461583 -0.515375 -0.025567
v -0.461536 -0.515138 -0.025468
v -0.461486 -0.514887 -0.025414
v -0.461435 -0.514631 -0.025404
v -0.461385 -0.514377 -0.025440
v -0.461337 -0.514133 -0.025520
v -0.461292 -0.513906 -0.025643
v -0.461252 -0.513703 -0.025803
v -0.461218 -0.513531 -0.025997
v -0.461191 -0.513395 -0.026219
v -0.457785 -0.516791 -0.027586
v -0.457267 -0.514171 -0.026219
v -0.457294 -0.514308 -0.025997
v -0.457328 -0.514480 -0.025803
v -0.457368 -0.514682 -0.025643
v -0.457413 -0.514909 -0.025520
v -0.457461 -0.515153 -0.025440
v -0.457511 -0.515407 -0.025404
v -0.457562 -0.515663 -0.025414
v -0.457612 -0.515914 -0.025468
v -0.457659 -0.516152 -0.025567
v -0.457702 -0.516369 -0.025706
v -0.457739 -0.516559 -0.025881
v -0.457771 -0.516717 -0.026087
v -0.457794 -0.516837 -0.026319
v -0.457810 -0.516916 -0.026567
v -0.457817 -0.516951 -0.026826
v -0.457815 -0.516942 -0.027088
v -0.457804 -0.516888 -0.027343
v -0.463623 -0.546299 -0.018333
v -0.463574 -0.546049 -0.018391
v -0.463523 -0.545793 -0.018404
v -0.463473 -0.545538 -0.018372
v -0.463424 -0.545293 -0.018295
v -0.463379 -0.545065 -0.018176
v -0.463339 -0.544860 -0.018018
v -0.463304 -0.544685 -0.017827
v -0.463277 -0.544546 -0.017607
v -0.463257 -0.544446 -0.017366
v -0.463245 -0.544389 -0.017111
v -0.463243 -0.544376 -0.016850
v -0.463249 -0.544408 -0.016591
v -0.463264 -0.544483 -0.016341
v -0.463287 -0.544600 -0.016108
v -0.463318 -0.544755 -0.015899
v -0.463355 -0.544943 -0.015722
v -0.463398 -0.545158 -0.015579
v -0.463444 -0.545394 -0.015478
v -0.463494 -0.545644 -0.015419
v -0.463545 -0.545901 -0.015406
v -0.463595 -0.546155 -0.015438
v -0.463643 -0.546400 -0.015515
v -0.463689 -0.546629 -0.015634
v -0.463729 -0.546833 -0.015792
v -0.463764 -0.547008 -0.015984
v -0.463791 -0.547147 -0.016203
v -0.463811 -0.547247 -0.016444
v -0.463822 -0.547304 -0.016699
v -0.463825 -0.547317 -0.016960
v -0.463819 -0.547285 -0.017220
v -0.463804 -0.547210 -0.017470
v -0.463780 -0.547093 -0.017702
v -0.463750 -0.546938 -0.017911
v -0.463713 -0.546750 -0.018089
v -0.463670 -0.546535 -0.018231
v -0.467368 -0.544618 -0.015478
v -0.467322 -0.544382 -0.015579
v -0.467279 -0.544166 -0.015722
v -0.467242 -0.543978 -0.015899
v -0.467211 -0.543824 -0.016108
v -0.467188 -0.543707 -0.016341
v -0.467173 -0.543631 -0.016591
v -0.467167 -0.543600 -0.016850
v -0.467169 -0.543613 -0.017111
v -0.467181 -0.543670 -0.017366
v -0.467200 -0.543770 -0.017607
v -0.467228 -0.543909 -0.017827
v -0.467263 -0.544084 -0.018018
v -0.467303 -0.544288 -0.018176
v -0.467348 -0.544517 -0.018295
v -0.467397 -0.544762 -0.018372
v -0.467447 -0.545016 -0.018404
v -0.467498 -0.545272 -0.018391
v -0.467547 -0.545522 -0.018333
v -0.463444 -0.545394 -0.015478
v -0.463623 -0.546299 -0.018333
v -0.463574 -0.546049 -0.018391
v -0.463523 -0.545793 -0.018404
v -0.463473 -0.545538 -0.018372
v -0.463424 -0.545293 -0.018295
v -0.463379 -0.545065 -0.018176
v -0.463339 -0.544860 -0.018018
v -0.463304 -0.544685 -0.017827
v -0.463277 -0.544546 -0.017607
v -0.463257 -0.544446 -0.017366
v -0.463245 -0.544389 -0.017111
v -0.463243 -0.544376 -0.016850
v -0.463249 -0.544408 -0.016591
v -0.463264 -0.544483 -0.016341
v -0.463287 -0.544600 -0.016108
v -0.463318 -0.544755 -0.015899
v -0.463355 -0.544943 -0.015722
v -0.463398 -0.545158 -0.015579
v -0.467547 -0.545522 -0.018333
v -0.467594 -0.545759 -0.018231
v -0.467637 -0.545974 -0.018089
v -0.467674 -0.546162 -0.017911
v -0.467704 -0.546317 -0.017702
v -0.467728 -0.546434 -0.017470
v -0.467742 -0.546509 -0.017220
v -0.467749 -0.546541 -0.016960
v -0.467746 -0.546528 -0.016699
v -0.467735 -0.546470 -0.016444
v -0.467715 -0.546371 -0.016203
v -0.467688 -0.546231 -0.015984
v -0.467653 -0.546057 -0.015792
v -0.467612 -0.545852 -0.015634
v -0.467567 -0.545624 -0.015515
v -0.467519 -0.545379 -0.015438
v -0.467468 -0.545124 -0.015406
v -0.467418 -0.544868 -0.015419
v -0.467368 -0.544618 -0.015478
v -0.463623 -0.546299 -0.018333
v -0.463444 -0.545394 -0.015478
v -0.463494 -0.545644 -0.015419
v -0.463545 -0.545901 -0.015406
v -0.463595 -0.546155 -0.015438
v -0.463643 -0.546400 -0.015515
v -0.463689 -0.546629 -0.015634
v -0.463729 -0.546833 -0.015792
v -0.463764 -0.547008 -0.015984
v -0.463791 -0.547147 -0.016203
v -0.463811 -0.547247 -0.016444
v -0.463822 -0.547304 -0.016699
v -0.463825 -0.547317 -0.016960
v -0.463819 -0.547285 -0.017220
v -0.463804 -0.547210 -0.017470
v -0.463780 -0.547093 -0.017702
v -0.463750 -0.546938 -0.017911
v -0.463713 -0.546750 -0.018089
v -0.463670 -0.546535 -0.018231
v -0.469021 -0.573582 -0.033059
v -0.468978 -0.573365 -0.032920
v -0.468941 -0.573175 -0.032745
v -0.468910 -0.573017 -0.032539
v -0.468886 -0.572897 -0.032307
v -0.468870 -0.572818 -0.032059
v -0.468863 -0.572783 -0.031800
v -0.468865 -0.572792 -0.031538
v -0.468876 -0.572846 -0.031283
v -0.468895 -0.572943 -0.031040
v -0.468922 -0.573079 -0.030819
v -0.468956 -0.573251 -0.030625
v -0.468996 -0.573453 -0.030464
v -0.469041 -0.573680 -0.030342
v -0.469089 -0.573924 -0.030262
v -0.469139 -0.574178 -0.030226
v -0.469190 -0.574434 -0.030235
v -0.469240 -0.574685 -0.030290
v -0.469287 -0.574923 -0.030389
v -0.469330 -0.575140 -0.030527
v -0.469367 -0.575330 -0.030703
v -0.469398 -0.575488 -0.030909
v -0.469422 -0.575608 -0.031140
v -0.469438 -0.575687 -0.031389
v -0.469445 -0.575722 -0.031648
v -0.469443 -0.575713 -0.031909
v -0.469432 -0.575659 -0.032165
v -0.469413 -0.575562 -0.032407
v -0.469386 -0.575426 -0.032629
v -0.469352 -0.575254 -0.032823
v -0.469312 -0.575052 -0.032983
v -0.469267 -0.574825 -0.033106
v -0.469219 -0.574581 -0.033186
v -0.469169 -0.574327 -0.033222
v -0.469118 -0.574071 -0.033212
v -0.469068 -0.573820 -0.033157
v -0.473211 -0.574147 -0.030389
v -0.473164 -0.573909 -0.030290
v -0.473114 -0.573658 -0.030235
v -0.473063 -0.573402 -0.030226
v -0.473013 -0.573148 -0.030262
v -0.472965 -0.572904 -0.030342
v -0.472920 -0.572677 -0.030464
v -0.472880 -0.572475 -0.030625
v -0.472846 -0.572303 -0.030819
v -0.472819 -0.572166 -0.031040
v -0.472800 -0.572070 -0.031283
v -0.472789 -0.572016 -0.031538
v -0.472787 -0.572007 -0.031800
v -0.472794 -0.572042 -0.032059
v -0.472810 -0.572121 -0.032307
v -0.472833 -0.572241 -0.032539
v -0.472865 -0.572398 -0.032745
v -0.472902 -0.572589 -0.032920
v -0.472945 -0.572806 -0.033059
v -0.469287 -0.574923 -0.030389
v -0.469021 -0.573582 -0.033059
v -0.468978 -0.573365 -0.032920
v -0.468941 -0.573175 -0.032745
v -0.468910 -0.573017 -0.032539
v -0.468886 -0.572897 -0.032307
v -0.468870 -0.572818 -0.032059
v -0.468863 -0.572783 -0.031800
v -0.468865 -0.572792 -0.031538
v -0.468876 -0.572846 -0.031283
v -0.468895 -0.572943 -0.031040
v -0.468922 -0.573079 -0.030819
v -0.468956 -0.573251 -0.030625
v -0.468996 -0.573453 -0.030464
v -0.469041 -0.573680 -0.030342
v -0.469089 -0.573924 -0.030262
v -0.469139 -0.574178 -0.030226
v -0.469190 -0.574434 -0.030235
v -0.469240 -0.574685 -0.030290
v -0.472945 -0.572806 -0.033059
v -0.472992 -0.573043 -0.033157
v -0.473042 -0.573294 -0.033212
v -0.473093 -0.573551 -0.033222
v -0.473143 -0.573805 -0.033186
v -0.473191 -0.574049 -0.033106
v -0.473236 -0.574275 -0.032983
v -0.473276 -0.574478 -0.032823
v -0.473310 -0.574650 -0.032629
v -0.473337 -0.574786 -0.032407
v -0.473356 -0.574883 -0.032165
v -0.473367 -0.574936 -0.031909
v -0.473369 -0.574946 -0.031648
v -0.473362 -0.574911 -0.031389
v -0.473346 -0.574832 -0.031140
v -0.473322 -0.574712 -0.030909
v -0.473291 -0.574554 -0.030703
v -0.473254 -0.574364 -0.030527
v -0.473211 -0.574147 -0.030389
v -0.469021 -0.573582 -0.033059
v -0.469287 -0.574923 -0.030389
v -0.469330 -0.575140 -0.030527
v -0.469367 -0.575330 -0.030703
v -0.469398 -0.575488 -0.030909
v -0.469422 -0.575608 -0.031140
v -0.469438 -0.575687 -0.031389
v -0.469445 -0.575722 -0.031648
v -0.469443 -0.575713 -0.031909
v -0.469432 -0.575659 -0.032165
v -0.469413 -0.575562 -0.032407
v -0.469386 -0.575426 -0.032629
v -0.469352 -0.575254 -0.032823
v -0.469312 -0.575052 -0.032983
v -0.469267 -0.574825 -0.033106
v -0.469219 -0.574581 -0.033186
v -0.469169 -0.574327 -0.033222
v -0.469118 -0.574071 -0.033212
v -0.469068 -0.573820 -0.033157
v -0.470817 -0.582659 -0.063139
v -0.470806 -0.582602 -0.062884
v -0.470803 -0.582589 -0.062623
v -0.470810 -0.582621 -0.062363
v -0.470825 -0.582696 -0.062113
v -0.470848 -0.582813 -0.061880
v -0.470878 -0.582968 -0.061672
v -0.470915 -0.583156 -0.061494
v -0.470958 -0.583371 -0.061352
v -0.471005 -0.583607 -0.061250
v -0.471054 -0.583857 -0.061192
v -0.471105 -0.584113 -0.061179
v -0.471155 -0.584368 -0.061211
v -0.471204 -0.584613 -0.061288
v -0.471249 -0.584841 -0.061407
v -0.471289 -0.585046 -0.061565
v -0.471324 -0.585221 -0.061756
v -0.471352 -0.585360 -0.061976
v -0.471371 -0.585460 -0.062217
v -0.471383 -0.585517 -0.062471
v -0.471385 -0.585530 -0.062733
v -0.471379 -0.585498 -0.062992
v -0.471364 -0.585423 -0.063242
v -0.471341 -0.585306 -0.063475
v -0.471310 -0.585151 -0.063683
v -0.471273 -0.584963 -0.063861
v -0.471230 -0.584748 -0.064003
v -0.471184 -0.584512 -0.064105
v -0.471134 -0.584262 -0.064163
v -0.471084 -0.584005 -0.064177
v -0.471033 -0.583751 -0.064144
v -0.470985 -0.583506 -0.064067
v -0.470940 -0.583277 -0.063948
v -0.470899 -0.583073 -0.063791
v -0.470865 -0.582898 -0.063599
v -0.470837 -0.582759 -0.063379
v -0.475295 -0.584683 -0.062217
v -0.475275 -0.584584 -0.061976
v -0.475248 -0.584444 -0.061756
v -0.475213 -0.584270 -0.061565
v -0.475173 -0.584065 -0.061407
v -0.475128 -0.583837 -0.061288
v -0.475079 -0.583592 -0.061211
v -0.475029 -0.583337 -0.061179
v -0.474978 -0.583081 -0.061192
v -0.474929 -0.582831 -0.061250
v -0.474882 -0.582595 -0.061352
v -0.474839 -0.582379 -0.061494
v -0.474802 -0.582191 -0.061672
v -0.474772 -0.582037 -0.061880
v -0.474748 -0.581920 -0.062113
v -0.474734 -0.581844 -0.062363
v -0.474727 -0.581813 -0.062623
v -0.474730 -0.581826 -0.062884
v -0.474741 -0.581883 -0.063139
v -0.471371 -0.585460 -0.062217
v -0.470817 -0.582659 -0.063139
v -0.470806 -0.582602 -0.062884
v -0.470803 -0.582589 -0.062623
v -0.470810 -0.582621 -0.062363
v -0.470825 -0.582696 -0.062113
v -0.470848 -0.582813 -0.061880
v -0.470878 -0.582968 -0.061672
v -0.470915 -0.583156 -0.061494
v -0.470958 -0.583371 -0.061352
v -0.471005 -0.583607 -0.061250
v -0.471054 -0.583857 -0.061192
v -0.471105 -0.584113 -0.061179
v -0.471155 -0.584368 -0.061211
v -0.471204 -0.584613 -0.061288
v -0.471249 -0.584841 -0.061407
v -0.471289 -0.585046 -0.061565
v -0.471324 -0.585221 -0.061756
v -0.471352 -0.585360 -0.061976
v -0.474741 -0.581883 -0.063139
v -0.474761 -0.581983 -0.063379
v -0.474788 -0.582122 -0.063599
v -0.474823 -0.582297 -0.063791
v -0.474863 -0.582501 -0.063948
v -0.474909 -0.582729 -0.064067
v -0.474957 -0.582975 -0.064144
v -0.475008 -0.583229 -0.064177
v -0.475058 -0.583485 -0.064163
v -0.475108 -0.583735 -0.064105
v -0.475154 -0.583972 -0.064003
v -0.475197 -0.584187 -0.063861
v -0.475234 -0.584375 -0.063683
v -0.475265 -0.584530 -0.063475
v -0.475288 -0.584646 -0.063242
v -0.475303 -0.584722 -0.062992
v -0.475309 -0.584754 -0.062733
v -0.475307 -0.584741 -0.062471
v -0.475295 -0.584683 -0.062217
v -0.470817 -0.582659 -0.063139
v -0.471371 -0.585460 -0.062217
v -0.471383 -0.585517 -0.062471
v -0.471385 -0.585530 -0.062733
v -0.471379 -0.585498 -0.062992
v -0.471364 -0.585423 -0.063242
v -0.471341 -0.585306 -0.063475
v -0.471310 -0.585151 -0.063683
v -0.471273 -0.584963 -0.063861
v -0.471230 -0.584748 -0.064003
v -0.471184 -0.584512 -0.064105
v -0.471134 -0.584262 -0.064163
v -0.471084 -0.584005 -0.064177
v -0.471033 -0.583751 -0.064144
v -0.470985 -0.583506 -0.064067
v -0.470940 -0.583277 -0.063948
v -0.470899 -0.583073 -0.063791
v -0.470865 -0.582898 -0.063599
v -0.470837 -0.582759 -0.063379
v -0.467959 -0.568213 -0.090951
v -0.467986 -0.568349 -0.090729
v -0.468020 -0.568521 -0.090535
v -0.468060 -0.568723 -0.090375
v -0.468105 -0.568950 -0.090252
v -0.468153 -0.569194 -0.090172
v -0.468203 -0.569448 -0.090136
v -0.468254 -0.569704 -0.090146
v -0.468304 -0.569955 -0.090201
v -0.468351 -0.570193 -0.090299
v -0.468394 -0.570410 -0.090438
v -0.468431 -0.570601 -0.090613
v -0.468463 -0.570758 -0.090819
v -0.468486 -0.570878 -0.091051
v -0.468502 -0.570957 -0.091299
v -0.468509 -0.570992 -0.091558
v -0.468507 -0.570983 -0.091820
v -0.468496 -0.570929 -0.092075
v -0.468477 -0.570832 -0.092318
v -0.468450 -0.570696 -0.092539
v -0.468416 -0.570524 -0.092733
v -0.468376 -0.570322 -0.092894
v -0.468331 -0.570095 -0.093016
v -0.468283 -0.569851 -0.093096
v -0.468233 -0.569597 -0.093132
v -0.468182 -0.569341 -0.093123
v -0.468133 -0.569090 -0.093068
v -0.468086 -0.568852 -0.092969
v -0.468043 -0.568635 -0.092831
v -0.468005 -0.568445 -0.092655
v -0.467974 -0.568287 -0.092449
v -0.467950 -0.568167 -0.092218
v -0.467934 -0.568088 -0.091969
v -0.467927 -0.568053 -0.091710
v -0.467929 -0.568062 -0.091449
v -0.467940 -0.568116 -0.091193
v -0.472401 -0.570056 -0.092318
v -0.472420 -0.570153 -0.092075
v -0.472431 -0.570206 -0.091820
v -0.472433 -0.570216 -0.091558
v -0.472426 -0.570181 -0.091299
v -0.472410 -0.570102 -0.091051
v -0.472387 -0.569982 -0.090819
v -0.472355 -0.569824 -0.090613
v -0.472318 -0.569634 -0.090438
v -0.472275 -0.569417 -0.090299
v -0.472228 -0.569179 -0.090201
v -0.472178 -0.568928 -0.090146
v -0.472127 -0.568672 -0.090136
v -0.472077 -0.568418 -0.090172
v -0.472029 -0.568174 -0.090252
v -0.471984 -0.567947 -0.090375
v -0.471944 -0.567745 -0.090535
v -0.471910 -0.567573 -0.090729
v -0.471883 -0.567436 -0.090951
v -0.468477 -0.570832 -0.092318
v -0.467959 -0.568213 -0.090951
v -0.467986 -0.568349 -0.090729
v -0.468020 -0.568521 -0.090535
v -0.468060 -0.568723 -0.090375
v -0.468105 -0.568950 -0.090252
v -0.468153 -0.569194 -0.090172
v -0.468203 -0.569448 -0.090136
v -0.468254 -0.569704 -0.090146
v -0.468304 -0.569955 -0.090201
v -0.468351 -0.570193 -0.090299
v -0.468394 -0.570410 -0.090438
v -0.468431 -0.570601 -0.090613
v -0.468463 -0.570758 -0.090819
v -0.468486 -0.570878 -0.091051
v -0.468502 -0.570957 -0.091299
v -0.468509 -0.570992 -0.091558
v -0.468507 -0.570983 -0.091820
v -0.468496 -0.570929 -0.092075
v -0.471883 -0.567436 -0.090951
v -0.471864 -0.567340 -0.091193
v -0.471853 -0.567286 -0.091449
v -0.471851 -0.567277 -0.091710
v -0.471858 -0.567312 -0.091969
v -0.471874 -0.567391 -0.092218
v -0.471898 -0.567511 -0.092449
v -0.471929 -0.567668 -0.092655
v -0.471966 -0.567859 -0.092831
v -0.472009 -0.568076 -0.092969
v -0.472056 -0.568314 -0.093068
v -0.472106 -0.568564 -0.093123
v -0.472157 -0.568821 -0.093132
v -0.472207 -0.569075 -0.093096
v -0.472255 -0.569319 -0.093016
v -0.472300 -0.569545 -0.092894
v -0.472340 -0.569748 -0.092733
v -0.472374 -0.569920 -0.092539
v -0.472401 -0.570056 -0.092318
v -0.467959 -0.568213 -0.090951
v -0.468477 -0.570832 -0.092318
v -0.468450 -0.570696 -0.092539
v -0.468416 -0.570524 -0.092733
v -0.468376 -0.570322 -0.092894
v -0.468331 -0.570095 -0.093016
v -0.468283 -0.569851 -0.093096
v -0.468233 -0.569597 -0.093132
v -0.468182 -0.569341 -0.093123
v -0.468133 -0.569090 -0.093068
v -0.468086 -0.568852 -0.092969
v -0.468043 -0.568635 -0.092831
v -0.468005 -0.568445 -0.092655
v -0.467974 -0.568287 -0.092449
v -0.467950 -0.568167 -0.092218
v -0.467934 -0.568088 -0.091969
v -0.467927 -0.568053 -0.091710
v -0.467929 -0.568062 -0.091449
v -0.467940 -0.568116 -0.091193
v -0.462121 -0.538705 -0.100204
v -0.462170 -0.538955 -0.100145
v -0.462221 -0.539211 -0.100132
v -0.462271 -0.539466 -0.100165
v -0.462320 -0.539711 -0.100241
v -0.462365 -0.539939 -0.100361
v -0.462406 -0.540144 -0.100518
v -0.462440 -0.540319 -0.100710
v -0.462468 -0.540458 -0.100929
v -0.462487 -0.540558 -0.101170
v -0.462499 -0.540615 -0.101425
v -0.462501 -0.540628 -0.101686
v -0.462495 -0.540596 -0.101946
v -0.462480 -0.540521 -0.102196
v -0.462457 -0.540404 -0.102428
v -0.462426 -0.540249 -0.102637
v -0.462389 -0.540061 -0.102815
v -0.462347 -0.539846 -0.102957
v -0.462300 -0.539610 -0.103059
v -0.462250 -0.539360 -0.103117
v -0.462200 -0.539103 -0.103130
v -0.462149 -0.538849 -0.103098
v -0.462101 -0.538604 -0.103021
v -0.462056 -0.538375 -0.102902
v -0.462015 -0.538171 -0.102744
v -0.461981 -0.537996 -0.102553
v -0.461953 -0.537857 -0.102333
v -0.461933 -0.537757 -0.102092
v -0.461922 -0.537700 -0.101837
v -0.461919 -0.537687 -0.101576
v -0.461926 -0.537719 -0.101317
v -0.461941 -0.537794 -0.101067
v -0.461964 -0.537911 -0.100834
v -0.461994 -0.538066 -0.100626
v -0.462032 -0.538254 -0.100448
v -0.462074 -0.538469 -0.100306
v -0.466224 -0.538833 -0.103059
v -0.466271 -0.539070 -0.102957
v -0.466313 -0.539285 -0.102815
v -0.466350 -0.539473 -0.102637
v -0.466381 -0.539628 -0.102428
v -0.466404 -0.539744 -0.102196
v -0.466419 -0.539820 -0.101946
v -0.466425 -0.539852 -0.101686
v -0.466423 -0.539839 -0.101425
v -0.466411 -0.539781 -0.101170
v -0.466392 -0.539682 -0.100929
v -0.466364 -0.539542 -0.100710
v -0.466330 -0.539368 -0.100518
v -0.466289 -0.539163 -0.100361
v -0.466244 -0.538935 -0.100241
v -0.466195 -0.538690 -0.100165
v -0.466145 -0.538435 -0.100132
v -0.466094 -0.538179 -0.100145
v -0.466045 -0.537929 -0.100204
v -0.462300 -0.539610 -0.103059
v -0.462121 -0.538705 -0.100204
v -0.462170 -0.538955 -0.100145
v -0.462221 -0.539211 -0.100132
v -0.462271 -0.539466 -0.100165
v -0.462320 -0.539711 -0.100241
v -0.462365 -0.539939 -0.100361
v -0.462406 -0.540144 -0.100518
v -0.462440 -0.540319 -0.100710
v -0.462468 -0.540458 -0.100929
v -0.462487 -0.540558 -0.101170
v -0.462499 -0.540615 -0.101425
v -0.462501 -0.540628 -0.101686
v -0.462495 -0.540596 -0.101946
v -0.462480 -0.540521 -0.102196
v -0.462457 -0.540404 -0.102428
v -0.462426 -0.540249 -0.102637
v -0.462389 -0.540061 -0.102815
v -0.462347 -0.539846 -0.102957
v -0.466045 -0.537929 -0.100204
v -0.465998 -0.537693 -0.100306
v -0.465955 -0.537477 -0.100448
v -0.465918 -0.537289 -0.100626
v -0.465888 -0.537135 -0.100834
v -0.465865 -0.537018 -0.101067
v -0.465850 -0.536942 -0.101317
v -0.465843 -0.536911 -0.101576
v -0.465846 -0.536924 -0.101837
v -0.465857 -0.536981 -0.102092
v -0.465877 -0.537081 -0.102333
v -0.465905 -0.537220 -0.102553
v -0.465939 -0.537395 -0.102744
v -0.465980 -0.537599 -0.102902
v -0.466025 -0.537827 -0.103021
v -0.466073 -0.538073 -0.103098
v -0.466124 -0.538327 -0.103130
v -0.466174 -0.538583 -0.103117
v -0.466224 -0.538833 -0.103059
v -0.462121 -0.538705 -0.100204
v -0.462300 -0.539610 -0.103059
v -0.462250 -0.539360 -0.103117
v -0.462200 -0.539103 -0.103130
v -0.462149 -0.538849 -0.103098
v -0.462101 -0.538604 -0.103021
v -0.462056 -0.538375 -0.102902
v -0.462015 -0.538171 -0.102744
v -0.461981 -0.537996 -0.102553
v -0.461953 -0.537857 -0.102333
v -0.461933 -0.537757 -0.102092
v -0.461922 -0.537700 -0.101837
v -0.461919 -0.537687 -0.101576
v -0.461926 -0.537719 -0.101317
v -0.461941 -0.537794 -0.101067
v -0.461964 -0.537911 -0.100834
v -0.461994 -0.538066 -0.100626
v -0.462032 -0.538254 -0.100448
v -0.462074 -0.538469 -0.100306
v -0.456723 -0.511422 -0.085477
v -0.456766 -0.511639 -0.085616
v -0.456804 -0.511829 -0.085791
v -0.456835 -0.511987 -0.085998
v -0.456858 -0.512107 -0.086229
v -0.456874 -0.512186 -0.086478
v -0.456881 -0.512221 -0.086737
v -0.456879 -0.512212 -0.086998
v -0.456869 -0.512158 -0.087254
v -0.456849 -0.512061 -0.087496
v -0.456822 -0.511925 -0.087717
v -0.456788 -0.511753 -0.087911
v -0.456748 -0.511551 -0.088072
v -0.456704 -0.511324 -0.088194
v -0.456655 -0.511080 -0.088275
v -0.456605 -0.510826 -0.088311
v -0.456554 -0.510570 -0.088301
v -0.456505 -0.510319 -0.088246
v -0.456458 -0.510081 -0.088148
v -0.456415 -0.509864 -0.088009
v -0.456377 -0.509674 -0.087834
v -0.456346 -0.509516 -0.087627
v -0.456322 -0.509396 -0.087396
v -0.456306 -0.509317 -0.087147
v -0.456300 -0.509282 -0.086888
v -0.456301 -0.509291 -0.086627
v -0.456312 -0.509345 -0.086371
v -0.456331 -0.509442 -0.086129
v -0.456358 -0.509578 -0.085908
v -0.456392 -0.509750 -0.085714
v -0.456432 -0.509952 -0.085553
v -0.456477 -0.510179 -0.085431
v -0.456525 -0.510423 -0.085350
v -0.456576 -0.510677 -0.085314
v -0.456626 -0.510933 -0.085324
v -0.456676 -0.511184 -0.085379
v -0.460382 -0.509305 -0.088148
v -0.460429 -0.509542 -0.088246
v -0.460478 -0.509793 -0.088301
v -0.460529 -0.510050 -0.088311
v -0.460579 -0.510304 -0.088275
v -0.460627 -0.510548 -0.088194
v -0.460672 -0.510774 -0.088072
v -0.460712 -0.510977 -0.087911
v -0.460746 -0.511149 -0.087717
v -0.460773 -0.511285 -0.087496
v -0.460792 -0.511382 -0.087254
v -0.460803 -0.511435 -0.086998
v -0.460805 -0.511445 -0.086737
v -0.460798 -0.511409 -0.086478
v -0.460782 -0.511331 -0.086229
v -0.460759 -0.511211 -0.085998
v -0.460727 -0.511053 -0.085791
v -0.460690 -0.510863 -0.085616
v -0.460647 -0.510645 -0.085477
v -0.456458 -0.510081 -0.088148
v -0.456723 -0.511422 -0.085477
v -0.456766 -0.511639 -0.085616
v -0.456804 -0.511829 -0.085791
v -0.456835 -0.511987 -0.085998
v -0.456858 -0.512107 -0.086229
v -0.456874 -0.512186 -0.086478
v -0.456881 -0.512221 -0.086737
v -0.456879 -0.512212 -0.086998
v -0.456869 -0.512158 -0.087254
v -0.456849 -0.512061 -0.087496
v -0.456822 -0.511925 -0.087717
v -0.456788 -0.511753 -0.087911
v -0.456748 -0.511551 -0.088072
v -0.456704 -0.511324 -0.088194
v -0.456655 -0.511080 -0.088275
v -0.456605 -0.510826 -0.088311
v -0.456554 -0.510570 -0.088301
v -0.456505 -0.510319 -0.088246
v -0.460647 -0.510645 -0.085477
v -0.460600 -0.510408 -0.085379
v -0.460550 -0.510157 -0.085324
v -0.460499 -0.509901 -0.085314
v -0.460449 -0.509647 -0.085350
v -0.460401 -0.509403 -0.085431
v -0.460356 -0.509176 -0.085553
v -0.460316 -0.508973 -0.085714
v -0.460282 -0.508801 -0.085908
v -0.460255 -0.508665 -0.086129
v -0.460236 -0.508569 -0.086371
v -0.460225 -0.508515 -0.086627
v -0.460223 -0.508506 -0.086888
v -0.460230 -0.508541 -0.087147
v -0.460246 -0.508620 -0.087396
v -0.460270 -0.508740 -0.087627
v -0.460301 -0.508897 -0.087834
v -0.460339 -0.509087 -0.088009
v -0.460382 -0.509305 -0.088148
v -0.456723 -0.511422 -0.085477
v -0.456458 -0.510081 -0.088148
v -0.456415 -0.509864 -0.088009
v -0.456377 -0.509674 -0.087834
v -0.456346 -0.509516 -0.087627
v -0.456322 -0.509396 -0.087396
v -0.456306 -0.509317 -0.087147
v -0.456300 -0.509282 -0.086888
v -0.456301 -0.509291 -0.086627
v -0.456312 -0.509345 -0.086371
v -0.456331 -0.509442 -0.086129
v -0.456358 -0.509578 -0.085908
v -0.456392 -0.509750 -0.085714
v -0.456432 -0.509952 -0.085553
v -0.456477 -0.510179 -0.085431
v -0.456525 -0.510423 -0.085350
v -0.456576 -0.510677 -0.085314
v -0.456626 -0.510933 -0.085324
v -0.456676 -0.511184 -0.085379
v -0.472930 -0.572727 -0.075441
v -0.473382 -0.575011 -0.069707
v -0.473633 -0.576283 -0.063657
v -0.473677 -0.576506 -0.057473
v -0.473512 -0.575672 -0.051344
v -0.473143 -0.573806 -0.045455
v -0.472581 -0.570966 -0.039986
v -0.471843 -0.567237 -0.035103
v -0.470952 -0.562733 -0.030954
v -0.469935 -0.557591 -0.027666
v -0.468822 -0.551966 -0.025338
v -0.467648 -0.546031 -0.024040
v -0.466448 -0.539965 -0.023814
v -0.465258 -0.533952 -0.024664
v -0.464115 -0.528175 -0.026566
v -0.463054 -0.522810 -0.029461
v -0.462106 -0.518020 -0.033262
v -0.461301 -0.513950 -0.037854
v -0.460662 -0.510724 -0.043096
v -0.471159 -0.508648 -0.043096
v -0.480431 -0.555514 -0.027666
v -0.479319 -0.549890 -0.025338
v -0.478144 -0.543954 -0.024040
v -0.476944 -0.537888 -0.023814
v -0.475755 -0.531875 -0.024664
v -0.474612 -0.526098 -0.026566
v -0.473550 -0.520734 -0.029461
v -0.472602 -0.515943 -0.033262
v -0.471797 -0.511874 -0.037854
v -0.480922 -0.555417 -0.027666
v -0.474644 -0.523687 -0.090870
v -0.475757 -0.529311 -0.093199
v -0.476931 -0.535247 -0.094496
v -0.478132 -0.541313 -0.094723
v -0.479321 -0.547326 -0.093872
v -0.480464 -0.553102 -0.091971
v -0.481525 -0.558467 -0.089075
v -0.482473 -0.563257 -0.085274
v -0.483278 -0.567327 -0.080683
v -0.483917 -0.570553 -0.075441
v -0.484369 -0.572837 -0.069707
v -0.484620 -0.574110 -0.063657
v -0.484664 -0.574332 -0.057473
v -0.484499 -0.573498 -0.051344
v -0.484130 -0.571632 -0.045455
v -0.483568 -0.568792 -0.039986
v -0.482830 -0.565063 -0.035103
v -0.481939 -0.560559 -0.030954
v -0.466796 -0.525240 -0.090870
v -0.470377 -0.543338 -0.094695
v -0.469452 -0.538665 -0.094681
v -0.468537 -0.534035 -0.094029
v -0.467646 -0.529533 -0.092751
v -0.477734 -0.541882 -0.094695
v -0.478907 -0.547806 -0.093780
v -0.480031 -0.553489 -0.091844
v -0.481074 -0.558762 -0.088943
v -0.482006 -0.563470 -0.085164
v -0.482797 -0.567472 -0.080619
v -0.483426 -0.570650 -0.075441
v -0.470906 -0.504795 -0.057044
v -0.473771 -0.519274 -0.088129
v -0.471649 -0.508551 -0.043096
v -0.471279 -0.506677 -0.047555
v -0.471030 -0.505417 -0.052234
v -0.480922 -0.555417 -0.027666
v -0.479809 -0.549793 -0.025338
v -0.478635 -0.543857 -0.024040
v -0.477435 -0.537791 -0.023814
v -0.476245 -0.531778 -0.024664
v -0.475102 -0.526001 -0.026566
v -0.474041 -0.520637 -0.029461
v -0.473093 -0.515846 -0.033262
v -0.472288 -0.511777 -0.037854
v -0.474644 -0.523687 -0.090870
v -0.475757 -0.529311 -0.093199
v -0.476931 -0.535247 -0.094496
v -0.478132 -0.541313 -0.094723
v -0.479321 -0.547326 -0.093872
v -0.480464 -0.553102 -0.091971
v -0.481525 -0.558467 -0.089075
v -0.482473 -0.563257 -0.085274
v -0.483278 -0.567327 -0.080683
v -0.483917 -0.570553 -0.075441
v -0.484369 -0.572837 -0.069707
v -0.484620 -0.574110 -0.063657
v -0.484664 -0.574332 -0.057473
v -0.484499 -0.573498 -0.051344
v -0.484130 -0.571632 -0.045455
v -0.483568 -0.568792 -0.039986
v -0.482830 -0.565063 -0.035103
v -0.481939 -0.560559 -0.030954
v -0.474053 -0.520700 -0.089117
v -0.474344 -0.522172 -0.090031
v -0.473771 -0.519274 -0.088129
v -0.465923 -0.520827 -0.088129
v -0.463059 -0.506348 -0.057044
v -0.470906 -0.504795 -0.057044
v -0.465923 -0.520827 -0.088129
v -0.463059 -0.506348 -0.057044
v -0.465040 -0.516362 -0.084250
v -0.464295 -0.512599 -0.079662
v -0.463711 -0.509646 -0.074495
v -0.463303 -0.507585 -0.068895
v -0.463084 -0.506475 -0.063023
v -0.471649 -0.508551 -0.043096
v -0.471159 -0.508648 -0.043096
v -0.480922 -0.555417 -0.027666
v -0.479809 -0.549793 -0.025338
v -0.478635 -0.543857 -0.024040
v -0.477435 -0.537791 -0.023814
v -0.476245 -0.531778 -0.024664
v -0.475102 -0.526001 -0.026566
v -0.474041 -0.520637 -0.029461
v -0.473093 -0.515846 -0.033262
v -0.472288 -0.511777 -0.037854
v -0.480431 -0.555514 -0.027666
v -0.479319 -0.549890 -0.025338
v -0.478144 -0.543954 -0.024040
v -0.476944 -0.537888 -0.023814
v -0.475755 -0.531875 -0.024664
v -0.474612 -0.526098 -0.026566
v -0.473550 -0.520734 -0.029461
v -0.472602 -0.515943 -0.033262
v -0.471797 -0.511874 -0.037854
v -0.458416 -0.499372 -0.037173
v -0.457839 -0.499032 -0.036945
v -0.474772 -0.584613 -0.081591
v -0.473943 -0.580425 -0.088466
v -0.472906 -0.575184 -0.094545
v -0.471689 -0.569033 -0.099661
v -0.470325 -0.562140 -0.103676
v -0.468852 -0.554693 -0.106479
v -0.467309 -0.546894 -0.107995
v -0.465739 -0.538958 -0.108181
v -0.464184 -0.531099 -0.107033
v -0.462687 -0.523533 -0.104583
v -0.461289 -0.516466 -0.100896
v -0.460027 -0.510090 -0.096073
v -0.458937 -0.504580 -0.090247
v -0.458048 -0.500086 -0.083576
v -0.457384 -0.496730 -0.076242
v -0.456964 -0.494605 -0.068444
v -0.456798 -0.493767 -0.060397
v -0.456891 -0.494240 -0.052318
v -0.457242 -0.496012 -0.044430
v -0.475176 -0.584079 -0.081363
v -0.474304 -0.579672 -0.088525
v -0.473204 -0.574112 -0.094797
v -0.471909 -0.567568 -0.099990
v -0.470459 -0.560238 -0.103946
v -0.468897 -0.552346 -0.106544
v -0.467272 -0.544132 -0.107706
v -0.465632 -0.535844 -0.107396
v -0.464028 -0.527735 -0.105624
v -0.462508 -0.520051 -0.102443
v -0.461118 -0.513026 -0.097950
v -0.459900 -0.506872 -0.092282
v -0.458892 -0.501778 -0.085611
v -0.458125 -0.497897 -0.078140
v -0.457620 -0.495348 -0.070095
v -0.457395 -0.494209 -0.061721
v -0.457455 -0.494513 -0.053272
v -0.457799 -0.496251 -0.045006
v -0.475176 -0.584079 -0.081363
v -0.474304 -0.579672 -0.088525
v -0.473204 -0.574112 -0.094797
v -0.471909 -0.567568 -0.099990
v -0.470459 -0.560238 -0.103946
v -0.468897 -0.552346 -0.106544
v -0.467272 -0.544132 -0.107706
v -0.465632 -0.535844 -0.107396
v -0.464028 -0.527735 -0.105624
v -0.462508 -0.520051 -0.102443
v -0.461118 -0.513026 -0.097950
v -0.459900 -0.506872 -0.092282
v -0.458892 -0.501778 -0.085611
v -0.458125 -0.497897 -0.078140
v -0.457620 -0.495348 -0.070095
v -0.457395 -0.494209 -0.061721
v -0.457455 -0.494513 -0.053272
v -0.457799 -0.496251 -0.045006
v -0.458416 -0.499372 -0.037173
v -0.459288 -0.503779 -0.030012
v -0.460388 -0.509339 -0.023739
v -0.461683 -0.515884 -0.018546
v -0.463133 -0.523213 -0.014590
v -0.464695 -0.531105 -0.011992
v -0.466320 -0.539320 -0.010830
v -0.467960 -0.547607 -0.011140
v -0.469564 -0.555716 -0.012913
v -0.471084 -0.563400 -0.016093
v -0.472474 -0.570426 -0.020586
v -0.473692 -0.576579 -0.026254
v -0.474700 -0.581673 -0.032925
v -0.475467 -0.585554 -0.040397
v -0.475972 -0.588103 -0.048442
v -0.476197 -0.589242 -0.056816
v -0.476137 -0.588938 -0.065264
v -0.475793 -0.587200 -0.073530
v -0.458851 -0.501568 -0.055398
v -0.458831 -0.501469 -0.055157
v -0.458804 -0.501329 -0.054937
v -0.458769 -0.501155 -0.054746
v -0.458729 -0.500950 -0.054588
v -0.458683 -0.500722 -0.054469
v -0.458635 -0.500477 -0.054392
v -0.458585 -0.500222 -0.054360
v -0.458534 -0.499966 -0.054373
v -0.458484 -0.499716 -0.054431
v -0.458438 -0.499480 -0.054533
v -0.458395 -0.499264 -0.054675
v -0.458358 -0.499076 -0.054853
v -0.458327 -0.498922 -0.055062
v -0.458304 -0.498805 -0.055294
v -0.458289 -0.498729 -0.055544
v -0.458283 -0.498698 -0.055804
v -0.458286 -0.498711 -0.056065
v -0.458297 -0.498768 -0.056320
v -0.458317 -0.498868 -0.056561
v -0.458344 -0.499007 -0.056780
v -0.458379 -0.499182 -0.056972
v -0.458419 -0.499386 -0.057129
v -0.458464 -0.499615 -0.057249
v -0.458513 -0.499860 -0.057325
v -0.458563 -0.500114 -0.057358
v -0.458614 -0.500370 -0.057345
v -0.458663 -0.500620 -0.057286
v -0.458710 -0.500857 -0.057184
v -0.458753 -0.501072 -0.057042
v -0.458790 -0.501260 -0.056864
v -0.458821 -0.501415 -0.056656
v -0.458844 -0.501532 -0.056423
v -0.458859 -0.501607 -0.056173
v -0.458865 -0.501639 -0.055914
v -0.458862 -0.501626 -0.055653
v -0.461709 -0.516015 -0.027586
v -0.461728 -0.516111 -0.027343
v -0.461739 -0.516165 -0.027088
v -0.461741 -0.516175 -0.026826
v -0.461734 -0.516139 -0.026567
v -0.461718 -0.516061 -0.026319
v -0.461694 -0.515941 -0.026087
v -0.461663 -0.515783 -0.025881
v -0.461626 -0.515593 -0.025706
v -0.461583 -0.515375 -0.025567
v -0.461536 -0.515138 -0.025468
v -0.461486 -0.514887 -0.025414
v -0.461435 -0.514631 -0.025404
v -0.461385 -0.514377 -0.025440
v -0.461337 -0.514133 -0.025520
v -0.461292 -0.513906 -0.025643
v -0.461252 -0.513703 -0.025803
v -0.461218 -0.513531 -0.025997
v -0.461191 -0.513395 -0.026219
v -0.461172 -0.513299 -0.026461
v -0.461161 -0.513245 -0.026717
v -0.461159 -0.513235 -0.026978
v -0.461166 -0.513271 -0.027237
v -0.461182 -0.513350 -0.027486
v -0.461206 -0.513470 -0.027717
v -0.461237 -0.513627 -0.027923
v -0.461274 -0.513817 -0.028099
v -0.461317 -0.514035 -0.028237
v -0.461364 -0.514272 -0.028336
v -0.461414 -0.514523 -0.028391
v -0.461465 -0.514779 -0.028400
v -0.461515 -0.515034 -0.028364
v -0.461563 -0.515278 -0.028284
v -0.461608 -0.515504 -0.028162
v -0.461648 -0.515707 -0.028001
v -0.461682 -0.515879 -0.027807
v -0.467547 -0.545522 -0.018333
v -0.467594 -0.545759 -0.018231
v -0.467637 -0.545974 -0.018089
v -0.467674 -0.546162 -0.017911
v -0.467704 -0.546317 -0.017702
v -0.467728 -0.546434 -0.017470
v -0.467742 -0.546509 -0.017220
v -0.467749 -0.546541 -0.016960
v -0.467746 -0.546528 -0.016699
v -0.467735 -0.546470 -0.016444
v -0.467715 -0.546371 -0.016203
v -0.467688 -0.546231 -0.015984
v -0.467653 -0.546057 -0.015792
v -0.467612 -0.545852 -0.015634
v -0.467567 -0.545624 -0.015515
v -0.467519 -0.545379 -0.015438
v -0.467468 -0.545124 -0.015406
v -0.467418 -0.544868 -0.015419
v -0.467368 -0.544618 -0.015478
v -0.467322 -0.544382 -0.015579
v -0.467279 -0.544166 -0.015722
v -0.467242 -0.543978 -0.015899
v -0.467211 -0.543824 -0.016108
v -0.467188 -0.543707 -0.016341
v -0.467173 -0.543631 -0.016591
v -0.467167 -0.543600 -0.016850
v -0.467169 -0.543613 -0.017111
v -0.467181 -0.543670 -0.017366
v -0.467200 -0.543770 -0.017607
v -0.467228 -0.543909 -0.017827
v -0.467263 -0.544084 -0.018018
v -0.467303 -0.544288 -0.018176
v -0.467348 -0.544517 -0.018295
v -0.467397 -0.544762 -0.018372
v -0.467447 -0.545016 -0.018404
v -0.467498 -0.545272 -0.018391
v -0.472945 -0.572806 -0.033059
v -0.472992 -0.573043 -0.033157
v -0.473042 -0.573294 -0.033212
v -0.473093 -0.573551 -0.033222
v -0.473143 -0.573805 -0.033186
v -0.473191 -0.574049 -0.033106
v -0.473236 -0.574275 -0.032983
v -0.473276 -0.574478 -0.032823
v -0.473310 -0.574650 -0.032629
v -0.473337 -0.574786 -0.032407
v -0.473356 -0.574883 -0.032165
v -0.473367 -0.574936 -0.031909
v -0.473369 -0.574946 -0.031648
v -0.473362 -0.574911 -0.031389
v -0.473346 -0.574832 -0.031140
v -0.473322 -0.574712 -0.030909
v -0.473291 -0.574554 -0.030703
v -0.473254 -0.574364 -0.030527
v -0.473211 -0.574147 -0.030389
v -0.473164 -0.573909 -0.030290
v -0.473114 -0.573658 -0.030235
v -0.473063 -0.573402 -0.030226
v -0.473013 -0.573148 -0.030262
v -0.472965 -0.572904 -0.030342
v -0.472920 -0.572677 -0.030464
v -0.472880 -0.572475 -0.030625
v -0.472846 -0.572303 -0.030819
v -0.472819 -0.572166 -0.031040
v -0.472800 -0.572070 -0.031283
v -0.472789 -0.572016 -0.031538
v -0.472787 -0.572007 -0.031800
v -0.472794 -0.572042 -0.032059
v -0.472810 -0.572121 -0.032307
v -0.472833 -0.572241 -0.032539
v -0.472865 -0.572398 -0.032745
v -0.472902 -0.572589 -0.032920
v -0.474741 -0.581883 -0.063139
v -0.474761 -0.581983 -0.063379
v -0.474788 -0.582122 -0.063599
v -0.474823 -0.582297 -0.063791
v -0.474863 -0.582501 -0.063948
v -0.474909 -0.582729 -0.064067
v -0.474957 -0.582975 -0.064144
v -0.475008 -0.583229 -0.064177
v -0.475058 -0.583485 -0.064163
v -0.475108 -0.583735 -0.064105
v -0.475154 -0.583972 -0.064003
v -0.475197 -0.584187 -0.063861
v -0.475234 -0.584375 -0.063683
v -0.475265 -0.584530 -0.063475
v -0.475288 -0.584646 -0.063242
v -0.475303 -0.584722 -0.062992
v -0.475309 -0.584754 -0.062733
v -0.475307 -0.584741 -0.062471
v -0.475295 -0.584683 -0.062217
v -0.475275 -0.584584 -0.061976
v -0.475248 -0.584444 -0.061756
v -0.475213 -0.584270 -0.061565
v -0.475173 -0.584065 -0.061407
v -0.475128 -0.583837 -0.061288
v -0.475079 -0.583592 -0.061211
v -0.475029 -0.583337 -0.061179
v -0.474978 -0.583081 -0.061192
v -0.474929 -0.582831 -0.061250
v -0.474882 -0.582595 -0.061352
v -0.474839 -0.582379 -0.061494
v -0.474802 -0.582191 -0.061672
v -0.474772 -0.582037 -0.061880
v -0.474748 -0.581920 -0.062113
v -0.474734 -0.581844 -0.062363
v -0.474727 -0.581813 -0.062623
v -0.474730 -0.581826 -0.062884
v -0.471883 -0.567436 -0.090951
v -0.471864 -0.567340 -0.091193
v -0.471853 -0.567286 -0.091449
v -0.471851 -0.567277 -0.091710
v -0.471858 -0.567312 -0.091969
v -0.471874 -0.567391 -0.092218
v -0.471898 -0.567511 -0.092449
v -0.471929 -0.567668 -0.092655
v -0.471966 -0.567859 -0.092831
v -0.472009 -0.568076 -0.092969
v -0.472056 -0.568314 -0.093068
v -0.472106 -0.568564 -0.093123
v -0.472157 -0.568821 -0.093132
v -0.472207 -0.569075 -0.093096
v -0.472255 -0.569319 -0.093016
v -0.472300 -0.569545 -0.092894
v -0.472340 -0.569748 -0.092733
v -0.472374 -0.569920 -0.092539
v -0.472401 -0.570056 -0.092318
v -0.472420 -0.570153 -0.092075
v -0.472431 -0.570206 -0.091820
v -0.472433 -0.570216 -0.091558
v -0.472426 -0.570181 -0.091299
v -0.472410 -0.570102 -0.091051
v -0.472387 -0.569982 -0.090819
v -0.472355 -0.569824 -0.090613
v -0.472318 -0.569634 -0.090438
v -0.472275 -0.569417 -0.090299
v -0.472228 -0.569179 -0.090201
v -0.472178 -0.568928 -0.090146
v -0.472127 -0.568672 -0.090136
v -0.472077 -0.568418 -0.090172
v -0.472029 -0.568174 -0.090252
v -0.471984 -0.567947 -0.090375
v -0.471944 -0.567745 -0.090535
v -0.471910 -0.567573 -0.090729
v -0.466045 -0.537929 -0.100204
v -0.465998 -0.537693 -0.100306
v -0.465955 -0.537477 -0.100448
v -0.465918 -0.537289 -0.100626
v -0.465888 -0.537135 -0.100834
v -0.465865 -0.537018 -0.101067
v -0.465850 -0.536942 -0.101317
v -0.465843 -0.536911 -0.101576
v -0.465846 -0.536924 -0.101837
v -0.465857 -0.536981 -0.102092
v -0.465877 -0.537081 -0.102333
v -0.465905 -0.537220 -0.102553
v -0.465939 -0.537395 -0.102744
v -0.465980 -0.537599 -0.102902
v -0.466025 -0.537827 -0.103021
v -0.466073 -0.538073 -0.103098
v -0.466124 -0.538327 -0.103130
v -0.466174 -0.538583 -0.103117
v -0.466224 -0.538833 -0.103059
v -0.466271 -0.539070 -0.102957
v -0.466313 -0.539285 -0.102815
v -0.466350 -0.539473 -0.102637
v -0.466381 -0.539628 -0.102428
v -0.466404 -0.539744 -0.102196
v -0.466419 -0.539820 -0.101946
v -0.466425 -0.539852 -0.101686
v -0.466423 -0.539839 -0.101425
v -0.466411 -0.539781 -0.101170
v -0.466392 -0.539682 -0.100929
v -0.466364 -0.539542 -0.100710
v -0.466330 -0.539368 -0.100518
v -0.466289 -0.539163 -0.100361
v -0.466244 -0.538935 -0.100241
v -0.466195 -0.538690 -0.100165
v -0.466145 -0.538435 -0.100132
v -0.466094 -0.538179 -0.100145
v -0.460647 -0.510645 -0.085477
v -0.460600 -0.510408 -0.085379
v -0.460550 -0.510157 -0.085324
v -0.460499 -0.509901 -0.085314
v -0.460449 -0.509647 -0.085350
v -0.460401 -0.509403 -0.085431
v -0.460356 -0.509176 -0.085553
v -0.460316 -0.508973 -0.085714
v -0.460282 -0.508801 -0.085908
v -0.460255 -0.508665 -0.086129
v -0.460236 -0.508569 -0.086371
v -0.460225 -0.508515 -0.086627
v -0.460223 -0.508506 -0.086888
v -0.460230 -0.508541 -0.087147
v -0.460246 -0.508620 -0.087396
v -0.460270 -0.508740 -0.087627
v -0.460301 -0.508897 -0.087834
v -0.460339 -0.509087 -0.088009
v -0.460382 -0.509305 -0.088148
v -0.460429 -0.509542 -0.088246
v -0.460478 -0.509793 -0.088301
v -0.460529 -0.510050 -0.088311
v -0.460579 -0.510304 -0.088275
v -0.460627 -0.510548 -0.088194
v -0.460672 -0.510774 -0.088072
v -0.460712 -0.510977 -0.087911
v -0.460746 -0.511149 -0.087717
v -0.460773 -0.511285 -0.087496
v -0.460792 -0.511382 -0.087254
v -0.460803 -0.511435 -0.086998
v -0.460805 -0.511445 -0.086737
v -0.460798 -0.511409 -0.086478
v -0.460782 -0.511331 -0.086229
v -0.460759 -0.511211 -0.085998
v -0.460727 -0.511053 -0.085791
v -0.460690 -0.510863 -0.085616
v -0.460662 -0.510724 -0.043096
v -0.460211 -0.508440 -0.048829
v -0.459959 -0.507168 -0.054880
v -0.459915 -0.506945 -0.061063
v -0.460080 -0.507779 -0.067193
v -0.460449 -0.509645 -0.073081
v -0.461011 -0.512485 -0.078550
v -0.461749 -0.516214 -0.083433
v -0.462640 -0.520718 -0.087582
v -0.463657 -0.525861 -0.090870
v -0.464770 -0.531485 -0.093199
v -0.465944 -0.537420 -0.094496
v -0.467144 -0.543487 -0.094723
v -0.468334 -0.549500 -0.093872
v -0.469477 -0.555276 -0.091971
v -0.470538 -0.560641 -0.089075
v -0.471486 -0.565431 -0.085274
v -0.472291 -0.569501 -0.080683
v -0.472930 -0.572727 -0.075441
v -0.473382 -0.575011 -0.069707
v -0.473633 -0.576283 -0.063657
v -0.473677 -0.576506 -0.057473
v -0.473512 -0.575672 -0.051344
v -0.473143 -0.573806 -0.045455
v -0.472581 -0.570966 -0.039986
v -0.471843 -0.567237 -0.035103
v -0.470952 -0.562733 -0.030954
v -0.469935 -0.557591 -0.027666
v -0.468822 -0.551966 -0.025338
v -0.467648 -0.546031 -0.024040
v -0.466448 -0.539965 -0.023814
v -0.465258 -0.533952 -0.024664
v -0.464115 -0.528175 -0.026566
v -0.463054 -0.522810 -0.029461
v -0.462106 -0.518020 -0.033262
v -0.461301 -0.513950 -0.037854
v -0.475176 -0.584079 -0.081363
v -0.474772 -0.584613 -0.081591
v -0.457839 -0.499032 -0.036945
v -0.458668 -0.503220 -0.030070
v -0.459705 -0.508461 -0.023992
v -0.460922 -0.514612 -0.018875
v -0.462286 -0.521505 -0.014861
v -0.463759 -0.528953 -0.012057
v -0.465302 -0.536751 -0.010542
v -0.466872 -0.544688 -0.010355
v -0.468427 -0.552546 -0.011503
v -0.469924 -0.560112 -0.013954
v -0.471322 -0.567180 -0.017641
v -0.472584 -0.573555 -0.022463
v -0.473674 -0.579065 -0.028289
v -0.474563 -0.583559 -0.034960
v -0.475227 -0.586915 -0.042295
v -0.475648 -0.589041 -0.050092
v -0.475813 -0.589878 -0.058140
v -0.475720 -0.589405 -0.066218
v -0.475369 -0.587634 -0.074107
v -0.458416 -0.499372 -0.037173
v -0.459288 -0.503779 -0.030012
v -0.460388 -0.509339 -0.023739
v -0.461683 -0.515884 -0.018546
v -0.463133 -0.523213 -0.014590
v -0.464695 -0.531105 -0.011992
v -0.466320 -0.539320 -0.010830
v -0.467960 -0.547607 -0.011140
v -0.469564 -0.555716 -0.012913
v -0.471084 -0.563400 -0.016093
v -0.472474 -0.570426 -0.020586
v -0.473692 -0.576579 -0.026254
v -0.474700 -0.581673 -0.032925
v -0.475467 -0.585554 -0.040397
v -0.475972 -0.588103 -0.048442
v -0.476197 -0.589242 -0.056816
v -0.476137 -0.588938 -0.065264
v -0.475793 -0.587200 -0.073530
v -0.433865 -0.592707 -0.081591
v -0.433288 -0.592367 -0.081363
v -0.433905 -0.595487 -0.073530
v -0.434249 -0.597226 -0.065264
v -0.434309 -0.597530 -0.056816
v -0.434084 -0.596390 -0.048442
v -0.433579 -0.593842 -0.040397
v -0.432812 -0.589961 -0.032925
v -0.431804 -0.584867 -0.026254
v -0.430586 -0.578713 -0.020586
v -0.429196 -0.571688 -0.016093
v -0.427676 -0.564004 -0.012913
v -0.426072 -0.555895 -0.011140
v -0.424432 -0.547607 -0.010830
v -0.422807 -0.539393 -0.011992
v -0.421245 -0.531501 -0.014590
v -0.419795 -0.524171 -0.018546
v -0.418500 -0.517627 -0.023739
v -0.417400 -0.512067 -0.030012
v -0.416528 -0.507659 -0.037173
v -0.416932 -0.507126 -0.036945
v -0.434462 -0.595727 -0.074107
v -0.434813 -0.597498 -0.066218
v -0.434906 -0.597972 -0.058140
v -0.434741 -0.597134 -0.050092
v -0.434320 -0.595008 -0.042295
v -0.433656 -0.591653 -0.034960
v -0.432767 -0.587159 -0.028289
v -0.431677 -0.581649 -0.022463
v -0.430415 -0.575273 -0.017641
v -0.429017 -0.568206 -0.013954
v -0.427520 -0.560640 -0.011503
v -0.425965 -0.552781 -0.010355
v -0.424395 -0.544844 -0.010542
v -0.422852 -0.537046 -0.012057
v -0.421379 -0.529599 -0.014861
v -0.420015 -0.522705 -0.018875
v -0.418798 -0.516555 -0.023992
v -0.417761 -0.511314 -0.030070
v -0.416932 -0.507126 -0.036945
v -0.457839 -0.499032 -0.036945
v -0.458668 -0.503220 -0.030070
v -0.459705 -0.508461 -0.023992
v -0.460922 -0.514612 -0.018875
v -0.462286 -0.521505 -0.014861
v -0.463759 -0.528953 -0.012057
v -0.465302 -0.536751 -0.010542
v -0.466872 -0.544688 -0.010355
v -0.468427 -0.552546 -0.011503
v -0.469924 -0.560112 -0.013954
v -0.471322 -0.567180 -0.017641
v -0.472584 -0.573555 -0.022463
v -0.473674 -0.579065 -0.028289
v -0.474563 -0.583559 -0.034960
v -0.475227 -0.586915 -0.042295
v -0.475648 -0.589041 -0.050092
v -0.475813 -0.589878 -0.058140
v -0.475720 -0.589405 -0.066218
v -0.475369 -0.587634 -0.074107
v -0.474772 -0.584613 -0.081591
v -0.433865 -0.592707 -0.081591
v -0.434462 -0.595727 -0.074107
v -0.434813 -0.597498 -0.066218
v -0.434906 -0.597972 -0.058140
v -0.434741 -0.597134 -0.050092
v -0.434320 -0.595008 -0.042295
v -0.433656 -0.591653 -0.034960
v -0.432767 -0.587159 -0.028289
v -0.431677 -0.581649 -0.022463
v -0.430415 -0.575273 -0.017641
v -0.429017 -0.568206 -0.013954
v -0.427520 -0.560640 -0.011503
v -0.425965 -0.552781 -0.010355
v -0.424395 -0.544844 -0.010542
v -0.422852 -0.537046 -0.012057
v -0.421379 -0.529599 -0.014861
v -0.420015 -0.522705 -0.018875
v -0.418798 -0.516555 -0.023992
v -0.417761 -0.511314 -0.030070
v -0.433865 -0.592707 -0.081591
v -0.474772 -0.584613 -0.081591
v -0.473943 -0.580425 -0.088466
v -0.472906 -0.575184 -0.094545
v -0.471689 -0.569033 -0.099661
v -0.470325 -0.562140 -0.103676
v -0.468852 -0.554693 -0.106479
v -0.467309 -0.546894 -0.107995
v -0.465739 -0.538958 -0.108181
v -0.464184 -0.531099 -0.107033
v -0.462687 -0.523533 -0.104583
v -0.461289 -0.516466 -0.100896
v -0.460027 -0.510090 -0.096073
v -0.458937 -0.504580 -0.090247
v -0.458048 -0.500086 -0.083576
v -0.457384 -0.496730 -0.076242
v -0.456964 -0.494605 -0.068444
v -0.456798 -0.493767 -0.060397
v -0.456891 -0.494240 -0.052318
v -0.457242 -0.496012 -0.044430
v -0.457839 -0.499032 -0.036945
v -0.416932 -0.507126 -0.036945
v -0.416309 -0.503973 -0.044859
v -0.415961 -0.502217 -0.053211
v -0.415900 -0.501909 -0.061746
v -0.416128 -0.503061 -0.070206
v -0.416638 -0.505636 -0.078334
v -0.417413 -0.509557 -0.085883
v -0.418432 -0.514703 -0.092623
v -0.419662 -0.520920 -0.098349
v -0.421066 -0.528018 -0.102888
v -0.422602 -0.535781 -0.106102
v -0.424223 -0.543974 -0.107892
v -0.425879 -0.552347 -0.108205
v -0.427521 -0.560646 -0.107032
v -0.429099 -0.568620 -0.104407
v -0.430564 -0.576025 -0.100410
v -0.431872 -0.582636 -0.095164
v -0.432984 -0.588254 -0.088826
v -0.416932 -0.507126 -0.036945
v -0.416528 -0.507659 -0.037173
v -0.415911 -0.504539 -0.045006
v -0.415567 -0.502800 -0.053272
v -0.415507 -0.502496 -0.061721
v -0.415732 -0.503636 -0.070095
v -0.416237 -0.506185 -0.078140
v -0.417004 -0.510065 -0.085611
v -0.418012 -0.515160 -0.092282
v -0.419230 -0.521313 -0.097950
v -0.420620 -0.528338 -0.102443
v -0.422140 -0.536022 -0.105624
v -0.423744 -0.544131 -0.107396
v -0.425384 -0.552419 -0.107706
v -0.427009 -0.560634 -0.106544
v -0.428571 -0.568526 -0.103946
v -0.430021 -0.575855 -0.099990
v -0.431316 -0.582400 -0.094797
v -0.432416 -0.587960 -0.088525
v -0.433288 -0.592367 -0.081363
v -0.433865 -0.592707 -0.081591
v -0.416309 -0.503973 -0.044859
v -0.415961 -0.502217 -0.053211
v -0.415900 -0.501909 -0.061746
v -0.416128 -0.503061 -0.070206
v -0.416638 -0.505636 -0.078334
v -0.417413 -0.509557 -0.085883
v -0.418432 -0.514703 -0.092623
v -0.419662 -0.520920 -0.098349
v -0.421066 -0.528018 -0.102888
v -0.422602 -0.535781 -0.106102
v -0.424223 -0.543974 -0.107892
v -0.425879 -0.552347 -0.108205
v -0.427521 -0.560646 -0.107032
v -0.429099 -0.568620 -0.104407
v -0.430564 -0.576025 -0.100410
v -0.431872 -0.582636 -0.095164
v -0.432984 -0.588254 -0.088826
v -0.433288 -0.592367 -0.081363
v -0.433905 -0.595487 -0.073530
v -0.434249 -0.597226 -0.065264
v -0.434309 -0.597530 -0.056816
v -0.434084 -0.596390 -0.048442
v -0.433579 -0.593842 -0.040397
v -0.432812 -0.589961 -0.032925
v -0.431804 -0.584867 -0.026254
v -0.430586 -0.578713 -0.020586
v -0.429196 -0.571688 -0.016093
v -0.427676 -0.564004 -0.012913
v -0.426072 -0.555895 -0.011140
v -0.424432 -0.547607 -0.010830
v -0.422807 -0.539393 -0.011992
v -0.421245 -0.531501 -0.014590
v -0.419795 -0.524171 -0.018546
v -0.418500 -0.517627 -0.023739
v -0.417400 -0.512067 -0.030012
v -0.416528 -0.507659 -0.037173
v -0.415911 -0.504539 -0.045006
v -0.415567 -0.502800 -0.053272
v -0.415507 -0.502496 -0.061721
v -0.415732 -0.503636 -0.070095
v -0.416237 -0.506185 -0.078140
v -0.417004 -0.510065 -0.085611
v -0.418012 -0.515160 -0.092282
v -0.419230 -0.521313 -0.097950
v -0.420620 -0.528338 -0.102443
v -0.422140 -0.536022 -0.105624
v -0.423744 -0.544131 -0.107396
v -0.425384 -0.552419 -0.107706
v -0.427009 -0.560634 -0.106544
v -0.428571 -0.568526 -0.103946
v -0.430021 -0.575855 -0.099990
v -0.431316 -0.582400 -0.094797
v -0.432416 -0.587960 -0.088525
v -0.431819 -0.584944 -0.077491
v -0.431100 -0.581309 -0.083397
v -0.430193 -0.576724 -0.088571
v -0.429125 -0.571326 -0.092853
v -0.427929 -0.565281 -0.096116
v -0.426641 -0.558773 -0.098259
v -0.425301 -0.551998 -0.099217
v -0.423948 -0.545162 -0.098961
v -0.422625 -0.538474 -0.097500
v -0.421371 -0.532137 -0.094876
v -0.420225 -0.526343 -0.091171
v -0.419221 -0.521268 -0.086496
v -0.418390 -0.517067 -0.080994
v -0.417756 -0.513866 -0.074832
v -0.417340 -0.511764 -0.068197
v -0.417154 -0.510824 -0.061291
v -0.417204 -0.511075 -0.054323
v -0.417488 -0.512509 -0.047506
v -0.417997 -0.515082 -0.041046
v -0.418716 -0.518717 -0.035139
v -0.419623 -0.523303 -0.029966
v -0.420691 -0.528700 -0.025683
v -0.421887 -0.534745 -0.022420
v -0.423175 -0.541254 -0.020278
v -0.424515 -0.548029 -0.019319
v -0.425868 -0.554864 -0.019575
v -0.427191 -0.561552 -0.021037
v -0.428445 -0.567889 -0.023660
v -0.429591 -0.573683 -0.027365
v -0.430595 -0.578758 -0.032040
v -0.431427 -0.582960 -0.037542
v -0.432060 -0.586160 -0.043704
v -0.432476 -0.588262 -0.050339
v -0.432662 -0.589202 -0.057245
v -0.432612 -0.588952 -0.064213
v -0.432328 -0.587518 -0.071031
v -0.427285 -0.562029 -0.102075
v -0.427274 -0.561972 -0.101821
v -0.427272 -0.561959 -0.101559
v -0.427278 -0.561991 -0.101300
v -0.427293 -0.562066 -0.101050
v -0.427316 -0.562183 -0.100817
v -0.427346 -0.562338 -0.100609
v -0.427384 -0.562526 -0.100431
v -0.427426 -0.562741 -0.100289
v -0.427473 -0.562977 -0.100187
v -0.427522 -0.563227 -0.100129
v -0.427573 -0.563483 -0.100115
v -0.427623 -0.563738 -0.100148
v -0.427672 -0.563983 -0.100225
v -0.427717 -0.564211 -0.100344
v -0.427758 -0.564416 -0.100501
v -0.427792 -0.564591 -0.100693
v -0.427820 -0.564730 -0.100913
v -0.427839 -0.564830 -0.101153
v -0.427851 -0.564887 -0.101408
v -0.427853 -0.564900 -0.101669
v -0.427847 -0.564868 -0.101929
v -0.427832 -0.564793 -0.102179
v -0.427809 -0.564676 -0.102412
v -0.427778 -0.564521 -0.102620
v -0.427741 -0.564333 -0.102798
v -0.427699 -0.564118 -0.102940
v -0.427652 -0.563882 -0.103042
v -0.427602 -0.563632 -0.103100
v -0.427552 -0.563376 -0.103113
v -0.427501 -0.563121 -0.103081
v -0.427453 -0.562876 -0.103004
v -0.427408 -0.562648 -0.102885
v -0.427367 -0.562443 -0.102727
v -0.427333 -0.562268 -0.102536
v -0.427305 -0.562129 -0.102316
v -0.432464 -0.588204 -0.080876
v -0.432421 -0.587986 -0.080737
v -0.432383 -0.587796 -0.080562
v -0.432352 -0.587638 -0.080356
v -0.432328 -0.587518 -0.080124
v -0.432313 -0.587440 -0.079876
v -0.432306 -0.587404 -0.079617
v -0.432308 -0.587414 -0.079355
v -0.432318 -0.587467 -0.079100
v -0.432337 -0.587564 -0.078857
v -0.432364 -0.587700 -0.078636
v -0.432398 -0.587872 -0.078442
v -0.432438 -0.588075 -0.078281
v -0.432483 -0.588301 -0.078159
v -0.432532 -0.588545 -0.078079
v -0.432582 -0.588799 -0.078043
v -0.432633 -0.589056 -0.078052
v -0.432682 -0.589307 -0.078107
v -0.432729 -0.589544 -0.078206
v -0.432772 -0.589762 -0.078344
v -0.432810 -0.589952 -0.078520
v -0.432841 -0.590109 -0.078726
v -0.432865 -0.590229 -0.078957
v -0.432880 -0.590308 -0.079206
v -0.432887 -0.590343 -0.079465
v -0.432886 -0.590334 -0.079726
v -0.432875 -0.590280 -0.079982
v -0.432856 -0.590184 -0.080224
v -0.432829 -0.590048 -0.080446
v -0.432795 -0.589876 -0.080640
v -0.432755 -0.589673 -0.080800
v -0.432710 -0.589446 -0.080923
v -0.432662 -0.589202 -0.081003
v -0.432611 -0.588948 -0.081039
v -0.432561 -0.588692 -0.081029
v -0.432511 -0.588441 -0.080975
v -0.433216 -0.592006 -0.047019
v -0.433167 -0.591756 -0.047078
v -0.433116 -0.591500 -0.047091
v -0.433066 -0.591246 -0.047058
v -0.433017 -0.591001 -0.046982
v -0.432972 -0.590772 -0.046862
v -0.432932 -0.590568 -0.046705
v -0.432897 -0.590393 -0.046513
v -0.432870 -0.590254 -0.046294
v -0.432850 -0.590154 -0.046053
v -0.432839 -0.590097 -0.045798
v -0.432836 -0.590084 -0.045537
v -0.432842 -0.590115 -0.045277
v -0.432857 -0.590191 -0.045027
v -0.432880 -0.590308 -0.044795
v -0.432911 -0.590462 -0.044586
v -0.432948 -0.590650 -0.044408
v -0.432991 -0.590866 -0.044266
v -0.433037 -0.591102 -0.044164
v -0.433087 -0.591352 -0.044106
v -0.433138 -0.591608 -0.044093
v -0.433188 -0.591863 -0.044125
v -0.433236 -0.592108 -0.044202
v -0.433282 -0.592336 -0.044321
v -0.433322 -0.592541 -0.044479
v -0.433357 -0.592715 -0.044670
v -0.433384 -0.592855 -0.044890
v -0.433404 -0.592954 -0.045131
v -0.433415 -0.593012 -0.045386
v -0.433418 -0.593025 -0.045647
v -0.433412 -0.592993 -0.045906
v -0.433397 -0.592918 -0.046156
v -0.433374 -0.592801 -0.046389
v -0.433343 -0.592646 -0.046597
v -0.433306 -0.592458 -0.046775
v -0.433263 -0.592243 -0.046917
v -0.429102 -0.571210 -0.020338
v -0.429075 -0.571074 -0.020559
v -0.429041 -0.570902 -0.020753
v -0.429001 -0.570700 -0.020914
v -0.428956 -0.570473 -0.021036
v -0.428908 -0.570229 -0.021116
v -0.428857 -0.569975 -0.021152
v -0.428807 -0.569718 -0.021143
v -0.428757 -0.569468 -0.021088
v -0.428710 -0.569230 -0.020989
v -0.428667 -0.569013 -0.020851
v -0.428629 -0.568822 -0.020675
v -0.428598 -0.568665 -0.020469
v -0.428575 -0.568545 -0.020238
v -0.428559 -0.568466 -0.019989
v -0.428552 -0.568431 -0.019730
v -0.428554 -0.568440 -0.019469
v -0.428564 -0.568494 -0.019213
v -0.428584 -0.568590 -0.018971
v -0.428611 -0.568727 -0.018749
v -0.428645 -0.568899 -0.018555
v -0.428685 -0.569101 -0.018395
v -0.428729 -0.569328 -0.018272
v -0.428778 -0.569572 -0.018192
v -0.428828 -0.569826 -0.018156
v -0.428879 -0.570082 -0.018166
v -0.428928 -0.570333 -0.018220
v -0.428975 -0.570571 -0.018319
v -0.429018 -0.570788 -0.018458
v -0.429056 -0.570978 -0.018633
v -0.429087 -0.571136 -0.018839
v -0.429111 -0.571256 -0.019071
v -0.429126 -0.571335 -0.019319
v -0.429133 -0.571370 -0.019578
v -0.429132 -0.571361 -0.019840
v -0.429121 -0.571307 -0.020095
v -0.422531 -0.537997 -0.016461
v -0.422542 -0.538054 -0.016716
v -0.422545 -0.538067 -0.016977
v -0.422538 -0.538036 -0.017236
v -0.422523 -0.537960 -0.017486
v -0.422500 -0.537843 -0.017719
v -0.422470 -0.537689 -0.017928
v -0.422432 -0.537501 -0.018106
v -0.422390 -0.537285 -0.018248
v -0.422343 -0.537049 -0.018349
v -0.422294 -0.536799 -0.018408
v -0.422243 -0.536543 -0.018421
v -0.422193 -0.536288 -0.018389
v -0.422144 -0.536043 -0.018312
v -0.422099 -0.535815 -0.018193
v -0.422058 -0.535610 -0.018035
v -0.422024 -0.535436 -0.017843
v -0.421996 -0.535296 -0.017624
v -0.421977 -0.535197 -0.017383
v -0.421965 -0.535139 -0.017128
v -0.421963 -0.535126 -0.016867
v -0.421969 -0.535158 -0.016607
v -0.421984 -0.535233 -0.016358
v -0.422007 -0.535350 -0.016125
v -0.422038 -0.535505 -0.015916
v -0.422075 -0.535693 -0.015738
v -0.422117 -0.535908 -0.015596
v -0.422164 -0.536145 -0.015495
v -0.422214 -0.536395 -0.015436
v -0.422264 -0.536651 -0.015423
v -0.422315 -0.536905 -0.015455
v -0.422363 -0.537150 -0.015532
v -0.422408 -0.537379 -0.015651
v -0.422449 -0.537583 -0.015809
v -0.422483 -0.537758 -0.016001
v -0.422511 -0.537897 -0.016220
v -0.417352 -0.511823 -0.037660
v -0.417395 -0.512040 -0.037799
v -0.417433 -0.512230 -0.037974
v -0.417464 -0.512388 -0.038181
v -0.417488 -0.512508 -0.038412
v -0.417503 -0.512587 -0.038661
v -0.417510 -0.512622 -0.038920
v -0.417508 -0.512613 -0.039181
v -0.417498 -0.512559 -0.039437
v -0.417479 -0.512462 -0.039679
v -0.417452 -0.512326 -0.039900
v -0.417418 -0.512154 -0.040094
v -0.417378 -0.511952 -0.040255
v -0.417333 -0.511725 -0.040377
v -0.417284 -0.511481 -0.040458
v -0.417234 -0.511227 -0.040494
v -0.417183 -0.510971 -0.040484
v -0.417134 -0.510720 -0.040429
v -0.417087 -0.510482 -0.040331
v -0.417044 -0.510265 -0.040192
v -0.417006 -0.510075 -0.040017
v -0.416975 -0.509917 -0.039810
v -0.416951 -0.509797 -0.039579
v -0.416936 -0.509718 -0.039330
v -0.416929 -0.509683 -0.039071
v -0.416931 -0.509692 -0.038810
v -0.416941 -0.509746 -0.038554
v -0.416960 -0.509843 -0.038312
v -0.416987 -0.509979 -0.038091
v -0.417021 -0.510151 -0.037897
v -0.417061 -0.510353 -0.037736
v -0.417106 -0.510580 -0.037614
v -0.417154 -0.510824 -0.037533
v -0.417205 -0.511078 -0.037497
v -0.417255 -0.511334 -0.037507
v -0.417305 -0.511585 -0.037562
v -0.416600 -0.508020 -0.071517
v -0.416649 -0.508270 -0.071459
v -0.416700 -0.508526 -0.071446
v -0.416750 -0.508781 -0.071478
v -0.416799 -0.509026 -0.071555
v -0.416844 -0.509254 -0.071674
v -0.416884 -0.509459 -0.071832
v -0.416919 -0.509633 -0.072023
v -0.416946 -0.509773 -0.072243
v -0.416966 -0.509872 -0.072484
v -0.416978 -0.509930 -0.072738
v -0.416980 -0.509943 -0.073000
v -0.416974 -0.509911 -0.073259
v -0.416959 -0.509836 -0.073509
v -0.416936 -0.509719 -0.073742
v -0.416905 -0.509564 -0.073950
v -0.416868 -0.509376 -0.074128
v -0.416825 -0.509161 -0.074270
v -0.416779 -0.508924 -0.074372
v -0.416729 -0.508674 -0.074430
v -0.416678 -0.508418 -0.074444
v -0.416628 -0.508164 -0.074411
v -0.416580 -0.507919 -0.074334
v -0.416534 -0.507690 -0.074215
v -0.416494 -0.507486 -0.074058
v -0.416459 -0.507311 -0.073866
v -0.416432 -0.507172 -0.073646
v -0.416412 -0.507072 -0.073406
v -0.416401 -0.507015 -0.073151
v -0.416398 -0.507002 -0.072890
v -0.416404 -0.507033 -0.072630
v -0.416419 -0.507109 -0.072380
v -0.416443 -0.507226 -0.072147
v -0.416473 -0.507380 -0.071939
v -0.416510 -0.507568 -0.071761
v -0.416553 -0.507784 -0.071619
v -0.420714 -0.528816 -0.098199
v -0.420741 -0.528952 -0.097977
v -0.420775 -0.529124 -0.097783
v -0.420815 -0.529327 -0.097623
v -0.420860 -0.529553 -0.097500
v -0.420908 -0.529798 -0.097420
v -0.420959 -0.530052 -0.097384
v -0.421009 -0.530308 -0.097394
v -0.421059 -0.530559 -0.097449
v -0.421106 -0.530796 -0.097547
v -0.421149 -0.531014 -0.097686
v -0.421187 -0.531204 -0.097861
v -0.421218 -0.531362 -0.098067
v -0.421242 -0.531482 -0.098299
v -0.421257 -0.531560 -0.098547
v -0.421264 -0.531596 -0.098806
v -0.421262 -0.531586 -0.099068
v -0.421252 -0.531532 -0.099323
v -0.421233 -0.531436 -0.099566
v -0.421206 -0.531300 -0.099787
v -0.421172 -0.531128 -0.099981
v -0.421131 -0.530925 -0.100142
v -0.421087 -0.530699 -0.100264
v -0.421038 -0.530455 -0.100344
v -0.420988 -0.530200 -0.100380
v -0.420937 -0.529944 -0.100371
v -0.420888 -0.529693 -0.100316
v -0.420841 -0.529456 -0.100217
v -0.420798 -0.529238 -0.100079
v -0.420760 -0.529048 -0.099903
v -0.420729 -0.528891 -0.099697
v -0.420705 -0.528771 -0.099466
v -0.420690 -0.528692 -0.099217
v -0.420683 -0.528656 -0.098958
v -0.420684 -0.528666 -0.098697
v -0.420695 -0.528720 -0.098441
v -0.431819 -0.584944 -0.077491
v -0.431100 -0.581309 -0.083397
v -0.430193 -0.576724 -0.088571
v -0.429125 -0.571326 -0.092853
v -0.427929 -0.565281 -0.096116
v -0.426641 -0.558773 -0.098259
v -0.425301 -0.551998 -0.099217
v -0.423948 -0.545162 -0.098961
v -0.422625 -0.538474 -0.097500
v -0.421371 -0.532137 -0.094876
v -0.420225 -0.526343 -0.091171
v -0.419221 -0.521268 -0.086496
v -0.418390 -0.517067 -0.080994
v -0.417756 -0.513866 -0.074832
v -0.417340 -0.511764 -0.068197
v -0.417154 -0.510824 -0.061291
v -0.417204 -0.511075 -0.054323
v -0.417488 -0.512509 -0.047506
v -0.417997 -0.515082 -0.041046
v -0.415054 -0.515664 -0.041046
v -0.414545 -0.513091 -0.047506
v -0.414261 -0.511657 -0.054323
v -0.414211 -0.511406 -0.061291
v -0.414397 -0.512346 -0.068197
v -0.414813 -0.514448 -0.074832
v -0.415447 -0.517649 -0.080994
v -0.416278 -0.521850 -0.086496
v -0.417282 -0.526925 -0.091171
v -0.418428 -0.532719 -0.094876
v -0.419682 -0.539057 -0.097500
v -0.421005 -0.545745 -0.098961
v -0.422358 -0.552580 -0.099217
v -0.423698 -0.559355 -0.098259
v -0.424986 -0.565864 -0.096116
v -0.426182 -0.571909 -0.092853
v -0.427250 -0.577306 -0.088571
v -0.428157 -0.581892 -0.083397
v -0.428876 -0.585526 -0.077491
v -0.428876 -0.585526 -0.077491
v -0.429385 -0.588100 -0.071031
v -0.429669 -0.589534 -0.064213
v -0.429719 -0.589785 -0.057245
v -0.429533 -0.588845 -0.050339
v -0.429117 -0.586743 -0.043704
v -0.428484 -0.583542 -0.037542
v -0.427652 -0.579341 -0.032040
v -0.426648 -0.574266 -0.027365
v -0.425502 -0.568472 -0.023660
v -0.424248 -0.562134 -0.021037
v -0.422925 -0.555446 -0.019575
v -0.421572 -0.548611 -0.019319
v -0.420232 -0.541836 -0.020278
v -0.418944 -0.535327 -0.022420
v -0.417748 -0.529282 -0.025683
v -0.416680 -0.523885 -0.029966
v -0.415773 -0.519299 -0.035139
v -0.415054 -0.515664 -0.041046
v -0.417997 -0.515082 -0.041046
v -0.418716 -0.518717 -0.035139
v -0.419623 -0.523303 -0.029966
v -0.420691 -0.528700 -0.025683
v -0.421887 -0.534745 -0.022420
v -0.423175 -0.541254 -0.020278
v -0.424515 -0.548029 -0.019319
v -0.425868 -0.554864 -0.019575
v -0.427191 -0.561552 -0.021037
v -0.428445 -0.567889 -0.023660
v -0.429591 -0.573683 -0.027365
v -0.430595 -0.578758 -0.032040
v -0.431427 -0.582960 -0.037542
v -0.432060 -0.586160 -0.043704
v -0.432476 -0.588262 -0.050339
v -0.432662 -0.589202 -0.057245
v -0.432612 -0.588952 -0.064213
v -0.432328 -0.587518 -0.071031
v -0.431819 -0.584944 -0.077491
v -0.424261 -0.582810 -0.075669
v -0.424719 -0.585126 -0.069854
v -0.424975 -0.586416 -0.063719
v -0.425019 -0.586642 -0.057448
v -0.424852 -0.585796 -0.051232
v -0.424478 -0.583904 -0.045260
v -0.423908 -0.581024 -0.039715
v -0.423160 -0.577242 -0.034763
v -0.422256 -0.572675 -0.030556
v -0.421224 -0.567460 -0.027221
v -0.420096 -0.561757 -0.024860
v -0.418905 -0.555738 -0.023544
v -0.417688 -0.549586 -0.023314
v -0.416481 -0.543488 -0.024177
v -0.415322 -0.537630 -0.026105
v -0.414246 -0.532190 -0.029041
v -0.413285 -0.527332 -0.032896
v -0.412468 -0.523205 -0.037552
v -0.411821 -0.519934 -0.042868
v -0.415054 -0.515664 -0.041046
v -0.428876 -0.585526 -0.077491
v -0.429385 -0.588100 -0.071031
v -0.429669 -0.589534 -0.064213
v -0.429719 -0.589785 -0.057245
v -0.429533 -0.588845 -0.050339
v -0.429117 -0.586743 -0.043704
v -0.428484 -0.583542 -0.037542
v -0.427652 -0.579341 -0.032040
v -0.426648 -0.574266 -0.027365
v -0.425502 -0.568472 -0.023660
v -0.424248 -0.562134 -0.021037
v -0.422925 -0.555446 -0.019575
v -0.421572 -0.548611 -0.019319
v -0.420232 -0.541836 -0.020278
v -0.418944 -0.535327 -0.022420
v -0.417748 -0.529282 -0.025683
v -0.416680 -0.523885 -0.029966
v -0.415773 -0.519299 -0.035139
v -0.415054 -0.515664 -0.041046
v -0.414545 -0.513091 -0.047506
v -0.414261 -0.511657 -0.054323
v -0.414211 -0.511406 -0.061291
v -0.414397 -0.512346 -0.068197
v -0.414813 -0.514448 -0.074832
v -0.415447 -0.517649 -0.080994
v -0.416278 -0.521850 -0.086496
v -0.417282 -0.526925 -0.091171
v -0.418428 -0.532719 -0.094876
v -0.419682 -0.539057 -0.097500
v -0.421005 -0.545745 -0.098961
v -0.422358 -0.552580 -0.099217
v -0.423698 -0.559355 -0.098259
v -0.424986 -0.565864 -0.096116
v -0.426182 -0.571909 -0.092853
v -0.427250 -0.577306 -0.088571
v -0.428157 -0.581892 -0.083397
v -0.428876 -0.585526 -0.077491
v -0.411821 -0.519934 -0.042868
v -0.411363 -0.517618 -0.048682
v -0.411108 -0.516327 -0.054818
v -0.411063 -0.516102 -0.061089
v -0.411230 -0.516948 -0.067304
v -0.411605 -0.518839 -0.073276
v -0.412174 -0.521720 -0.078822
v -0.412923 -0.525501 -0.083774
v -0.413826 -0.530069 -0.087981
v -0.414858 -0.535283 -0.091315
v -0.415986 -0.540987 -0.093676
v -0.417177 -0.547006 -0.094992
v -0.418394 -0.553158 -0.095222
v -0.419601 -0.559255 -0.094360
v -0.420760 -0.565113 -0.092431
v -0.421836 -0.570554 -0.089495
v -0.422797 -0.575411 -0.085640
v -0.423614 -0.579538 -0.080984
v -0.424261 -0.582810 -0.075669
v -0.424261 -0.582810 -0.075669
v -0.424719 -0.585126 -0.069854
v -0.424975 -0.586416 -0.063719
v -0.425019 -0.586642 -0.057448
v -0.424852 -0.585796 -0.051232
v -0.424478 -0.583904 -0.045260
v -0.423908 -0.581024 -0.039715
v -0.423160 -0.577242 -0.034763
v -0.422256 -0.572675 -0.030556
v -0.421224 -0.567460 -0.027221
v -0.420096 -0.561757 -0.024860
v -0.418905 -0.555738 -0.023544
v -0.417688 -0.549586 -0.023314
v -0.416481 -0.543488 -0.024177
v -0.415322 -0.537630 -0.026105
v -0.414246 -0.532190 -0.029041
v -0.413285 -0.527332 -0.032896
v -0.412468 -0.523205 -0.037552
v -0.411821 -0.519934 -0.042868
v -0.411363 -0.517618 -0.048682
v -0.411108 -0.516327 -0.054818
v -0.411063 -0.516102 -0.061089
v -0.411230 -0.516948 -0.067304
v -0.411605 -0.518839 -0.073276
v -0.412174 -0.521720 -0.078822
v -0.412923 -0.525501 -0.083774
v -0.413826 -0.530069 -0.087981
v -0.414858 -0.535283 -0.091315
v -0.415986 -0.540987 -0.093676
v -0.417177 -0.547006 -0.094992
v -0.418394 -0.553158 -0.095222
v -0.419601 -0.559255 -0.094360
v -0.420760 -0.565113 -0.092431
v -0.421836 -0.570554 -0.089495
v -0.422797 -0.575411 -0.085640
v -0.423614 -0.579538 -0.080984
v -0.421099 -0.566829 -0.067332
v -0.420781 -0.565220 -0.069945
v -0.420380 -0.563191 -0.072234
v -0.419907 -0.560803 -0.074130
v -0.419378 -0.558128 -0.075573
v -0.418808 -0.555248 -0.076522
v -0.418215 -0.552250 -0.076946
v -0.417616 -0.549225 -0.076832
v -0.417031 -0.546266 -0.076186
v -0.416476 -0.543462 -0.075025
v -0.415969 -0.540898 -0.073385
v -0.415525 -0.538652 -0.071317
v -0.415157 -0.536793 -0.068882
v -0.414877 -0.535377 -0.066155
v -0.414692 -0.534447 -0.063219
v -0.414610 -0.534031 -0.060163
v -0.414632 -0.534142 -0.057080
v -0.414758 -0.534776 -0.054063
v -0.414983 -0.535915 -0.051205
v -0.415301 -0.537523 -0.048591
v -0.415703 -0.539552 -0.046302
v -0.416175 -0.541941 -0.044407
v -0.416704 -0.544616 -0.042963
v -0.417274 -0.547496 -0.042015
v -0.417867 -0.550494 -0.041591
v -0.418466 -0.553518 -0.041704
v -0.419051 -0.556478 -0.042351
v -0.419606 -0.559282 -0.043512
v -0.420113 -0.561846 -0.045151
v -0.420558 -0.564092 -0.047220
v -0.420926 -0.565951 -0.049654
v -0.421206 -0.567367 -0.052381
v -0.421390 -0.568297 -0.055317
v -0.421472 -0.568713 -0.058373
v -0.421450 -0.568602 -0.061456
v -0.421325 -0.567968 -0.064473
v -0.414983 -0.535915 -0.051205
v -0.415301 -0.537523 -0.048591
v -0.415703 -0.539552 -0.046302
v -0.416175 -0.541941 -0.044407
v -0.416704 -0.544616 -0.042963
v -0.417274 -0.547496 -0.042015
v -0.417867 -0.550494 -0.041591
v -0.418466 -0.553518 -0.041704
v -0.419051 -0.556478 -0.042351
v -0.419606 -0.559282 -0.043512
v -0.420113 -0.561846 -0.045151
v -0.420558 -0.564092 -0.047220
v -0.420926 -0.565951 -0.049654
v -0.421206 -0.567367 -0.052381
v -0.421390 -0.568297 -0.055317
v -0.421472 -0.568713 -0.058373
v -0.421450 -0.568602 -0.061456
v -0.421325 -0.567968 -0.064473
v -0.421099 -0.566829 -0.067332
v -0.422340 -0.534459 -0.051205
v -0.428457 -0.565373 -0.067332
v -0.428682 -0.566512 -0.064473
v -0.428808 -0.567146 -0.061456
v -0.428829 -0.567257 -0.058373
v -0.428747 -0.566841 -0.055317
v -0.428563 -0.565911 -0.052381
v -0.428283 -0.564495 -0.049654
v -0.427915 -0.562636 -0.047220
v -0.427471 -0.560390 -0.045151
v -0.426964 -0.557826 -0.043512
v -0.426409 -0.555022 -0.042351
v -0.425823 -0.552063 -0.041704
v -0.425225 -0.549038 -0.041591
v -0.424632 -0.546040 -0.042015
v -0.424062 -0.543160 -0.042963
v -0.423533 -0.540485 -0.044407
v -0.423060 -0.538097 -0.046302
v -0.422659 -0.536068 -0.048591
v -0.422340 -0.534459 -0.051205
v -0.422115 -0.533320 -0.054063
v -0.421990 -0.532686 -0.057080
v -0.421968 -0.532575 -0.060163
v -0.422050 -0.532991 -0.063219
v -0.422234 -0.533921 -0.066155
v -0.422514 -0.535337 -0.068882
v -0.422882 -0.537196 -0.071317
v -0.423326 -0.539442 -0.073385
v -0.423833 -0.542006 -0.075025
v -0.424388 -0.544810 -0.076186
v -0.424974 -0.547770 -0.076832
v -0.425572 -0.550794 -0.076946
v -0.426165 -0.553792 -0.076522
v -0.426735 -0.556672 -0.075573
v -0.427264 -0.559347 -0.074130
v -0.427737 -0.561735 -0.072234
v -0.428138 -0.563765 -0.069945
v -0.428457 -0.565373 -0.067332
v -0.428682 -0.566512 -0.064473
v -0.428808 -0.567146 -0.061456
v -0.428829 -0.567257 -0.058373
v -0.428747 -0.566841 -0.055317
v -0.428563 -0.565911 -0.052381
v -0.428283 -0.564495 -0.049654
v -0.427915 -0.562636 -0.047220
v -0.427471 -0.560390 -0.045151
v -0.426964 -0.557826 -0.043512
v -0.426409 -0.555022 -0.042351
v -0.425823 -0.552063 -0.041704
v -0.425225 -0.549038 -0.041591
v -0.424632 -0.546040 -0.042015
v -0.424062 -0.543160 -0.042963
v -0.423533 -0.540485 -0.044407
v -0.423060 -0.538097 -0.046302
v -0.422659 -0.536068 -0.048591
v -0.422375 -0.534634 -0.051296
v -0.422690 -0.536224 -0.048712
v -0.423086 -0.538230 -0.046448
v -0.423554 -0.540592 -0.044575
v -0.424077 -0.543236 -0.043147
v -0.424640 -0.546084 -0.042210
v -0.425227 -0.549048 -0.041791
v -0.425818 -0.552038 -0.041902
v -0.426397 -0.554964 -0.042542
v -0.426946 -0.557737 -0.043690
v -0.427447 -0.560272 -0.045311
v -0.427887 -0.562492 -0.047356
v -0.428250 -0.564330 -0.049763
v -0.428527 -0.565730 -0.052459
v -0.428709 -0.566650 -0.055362
v -0.428791 -0.567061 -0.058383
v -0.428769 -0.566952 -0.061432
v -0.428645 -0.566324 -0.064414
v -0.428422 -0.565198 -0.067241
v -0.428107 -0.563608 -0.069825
v -0.427711 -0.561602 -0.072088
v -0.427243 -0.559241 -0.073962
v -0.426720 -0.556596 -0.075389
v -0.426157 -0.553748 -0.076327
v -0.425570 -0.550784 -0.076746
v -0.424979 -0.547794 -0.076634
v -0.424400 -0.544868 -0.075994
v -0.423851 -0.542095 -0.074847
v -0.423350 -0.539560 -0.073226
v -0.422910 -0.537340 -0.071180
v -0.422547 -0.535502 -0.068773
v -0.422270 -0.534102 -0.066077
v -0.422088 -0.533182 -0.063175
v -0.422006 -0.532771 -0.060153
v -0.422028 -0.532881 -0.057105
v -0.422152 -0.533508 -0.054122
v -0.422375 -0.534634 -0.051296
v -0.414527 -0.536187 -0.051296
v -0.422690 -0.536224 -0.048712
v -0.423086 -0.538230 -0.046448
v -0.423554 -0.540592 -0.044575
v -0.424077 -0.543236 -0.043147
v -0.424640 -0.546084 -0.042210
v -0.425227 -0.549048 -0.041791
v -0.425818 -0.552038 -0.041902
v -0.426397 -0.554964 -0.042542
v -0.426946 -0.557737 -0.043690
v -0.427447 -0.560272 -0.045311
v -0.427887 -0.562492 -0.047356
v -0.428250 -0.564330 -0.049763
v -0.428527 -0.565730 -0.052459
v -0.428709 -0.566650 -0.055362
v -0.428791 -0.567061 -0.058383
v -0.428769 -0.566952 -0.061432
v -0.428645 -0.566324 -0.064414
v -0.428422 -0.565198 -0.067241
v -0.420574 -0.566751 -0.067241
v -0.420797 -0.567877 -0.064414
v -0.420921 -0.568504 -0.061432
v -0.420943 -0.568614 -0.058383
v -0.420861 -0.568203 -0.055362
v -0.420680 -0.567283 -0.052459
v -0.420402 -0.565883 -0.049763
v -0.420039 -0.564045 -0.047356
v -0.419600 -0.561825 -0.045311
v -0.419098 -0.559290 -0.043690
v -0.418549 -0.556517 -0.042542
v -0.417971 -0.553591 -0.041902
v -0.417379 -0.550601 -0.041791
v -0.416792 -0.547637 -0.042210
v -0.416229 -0.544789 -0.043147
v -0.415706 -0.542144 -0.044575
v -0.415239 -0.539783 -0.046448
v -0.414842 -0.537777 -0.048712
v -0.420574 -0.566751 -0.067241
v -0.419997 -0.566412 -0.067013
v -0.420214 -0.567505 -0.064267
v -0.420334 -0.568115 -0.061370
v -0.420355 -0.568221 -0.058408
v -0.420276 -0.567822 -0.055473
v -0.420100 -0.566928 -0.052653
v -0.419831 -0.565568 -0.050035
v -0.419477 -0.563783 -0.047696
v -0.419050 -0.561626 -0.045709
v -0.418563 -0.559163 -0.044135
v -0.418030 -0.556470 -0.043020
v -0.417468 -0.553628 -0.042399
v -0.416893 -0.550723 -0.042290
v -0.416324 -0.547843 -0.042697
v -0.415776 -0.545077 -0.043608
v -0.415268 -0.542508 -0.044994
v -0.414814 -0.540214 -0.046815
v -0.414429 -0.538265 -0.049013
v -0.414123 -0.536720 -0.051524
v -0.414527 -0.536187 -0.051296
v -0.420797 -0.567877 -0.064414
v -0.420921 -0.568504 -0.061432
v -0.420943 -0.568614 -0.058383
v -0.420861 -0.568203 -0.055362
v -0.420680 -0.567283 -0.052459
v -0.420402 -0.565883 -0.049763
v -0.420039 -0.564045 -0.047356
v -0.419600 -0.561825 -0.045311
v -0.419098 -0.559290 -0.043690
v -0.418549 -0.556517 -0.042542
v -0.417971 -0.553591 -0.041902
v -0.417379 -0.550601 -0.041791
v -0.416792 -0.547637 -0.042210
v -0.416229 -0.544789 -0.043147
v -0.415706 -0.542144 -0.044575
v -0.415239 -0.539783 -0.046448
v -0.414842 -0.537777 -0.048712
v -0.414527 -0.536187 -0.051296
v -0.414123 -0.536720 -0.051524
v -0.413907 -0.535626 -0.054269
v -0.413786 -0.535017 -0.057167
v -0.413765 -0.534910 -0.060128
v -0.413844 -0.535310 -0.063063
v -0.414021 -0.536203 -0.065883
v -0.414290 -0.537564 -0.068502
v -0.414643 -0.539349 -0.070840
v -0.415070 -0.541506 -0.072827
v -0.415557 -0.543969 -0.074402
v -0.416090 -0.546662 -0.075517
v -0.416652 -0.549504 -0.076138
v -0.417227 -0.552409 -0.076246
v -0.417797 -0.555289 -0.075839
v -0.418344 -0.558055 -0.074928
v -0.418852 -0.560624 -0.073542
v -0.419306 -0.562918 -0.071722
v -0.419692 -0.564867 -0.069523
v -0.419997 -0.566412 -0.067013
v -0.420574 -0.566751 -0.067241
v -0.414314 -0.535108 -0.053969
v -0.414188 -0.534475 -0.056786
v -0.414155 -0.534306 -0.059671
v -0.414214 -0.534605 -0.062545
v -0.414364 -0.535364 -0.065330
v -0.414602 -0.536563 -0.067950
v -0.414919 -0.538168 -0.070332
v -0.415308 -0.540136 -0.072413
v -0.415759 -0.542413 -0.074135
v -0.416258 -0.544937 -0.075452
v -0.416793 -0.547639 -0.076327
v -0.417348 -0.550446 -0.076737
v -0.417909 -0.553280 -0.076670
v -0.418460 -0.556065 -0.076129
v -0.418986 -0.558725 -0.075128
v -0.419473 -0.561187 -0.073694
v -0.419908 -0.563384 -0.071867
v -0.420278 -0.565255 -0.069696
v -0.420574 -0.566751 -0.067241
v -0.428422 -0.565198 -0.067241
v -0.428107 -0.563608 -0.069825
v -0.427711 -0.561602 -0.072088
v -0.427243 -0.559241 -0.073962
v -0.426720 -0.556596 -0.075389
v -0.426157 -0.553748 -0.076327
v -0.425570 -0.550784 -0.076746
v -0.424979 -0.547794 -0.076634
v -0.424400 -0.544868 -0.075994
v -0.423851 -0.542095 -0.074847
v -0.423350 -0.539560 -0.073226
v -0.422910 -0.537340 -0.071180
v -0.422547 -0.535502 -0.068773
v -0.422270 -0.534102 -0.066077
v -0.422088 -0.533182 -0.063175
v -0.422006 -0.532771 -0.060153
v -0.422028 -0.532881 -0.057105
v -0.422152 -0.533508 -0.054122
v -0.422375 -0.534634 -0.051296
v -0.414527 -0.536187 -0.051296
v -0.414314 -0.535108 -0.053969
v -0.414188 -0.534475 -0.056786
v -0.414155 -0.534306 -0.059671
v -0.414214 -0.534605 -0.062545
v -0.414364 -0.535364 -0.065330
v -0.414602 -0.536563 -0.067950
v -0.414919 -0.538168 -0.070332
v -0.415308 -0.540136 -0.072413
v -0.415759 -0.542413 -0.074135
v -0.416258 -0.544937 -0.075452
v -0.416793 -0.547639 -0.076327
v -0.417348 -0.550446 -0.076737
v -0.417909 -0.553280 -0.076670
v -0.418460 -0.556065 -0.076129
v -0.418986 -0.558725 -0.075128
v -0.419473 -0.561187 -0.073694
v -0.419908 -0.563384 -0.071867
v -0.420278 -0.565255 -0.069696
f 24 25 31
f 23 31 30
f 23 24 31
f 22 30 29
f 22 23 30
f 21 29 28
f 21 22 29
f 20 28 27
f 20 21 28
f 19 20 27
f 32 27 26
f 32 19 27
f 18 19 32
f 33 18 32
f 17 33 34
f 17 18 33
f 16 34 35
f 16 17 34
f 36 40 39
f 36 37 40
f 15 35 36
f 15 16 35
f 41 39 38
f 41 15 36
f 41 36 39
f 14 15 41
f 42 14 41
f 13 14 42
f 43 13 42
f 12 13 43
f 44 12 43
f 11 12 44
f 45 11 44
f 10 11 45
f 46 10 45
f 9 10 46
f 47 4 3
f 47 9 46
f 8 9 47
f 5 2 1
f 7 3 2
f 7 47 3
f 7 8 47
f 6 2 5
f 6 7 2
f 49 67 48
f 49 68 67
f 50 69 68
f 50 68 49
f 51 70 69
f 51 69 50
f 52 71 70
f 52 70 51
f 53 72 71
f 53 71 52
f 54 73 72
f 54 74 73
f 54 72 53
f 55 74 54
f 56 75 74
f 56 74 55
f 57 76 75
f 57 75 56
f 58 77 76
f 58 76 57
f 59 78 77
f 59 79 78
f 59 77 58
f 60 79 59
f 61 80 79
f 61 79 60
f 62 81 80
f 62 80 61
f 63 81 62
f 63 82 81
f 64 82 63
f 64 83 82
f 65 83 64
f 65 84 83
f 65 85 84
f 66 85 65
f 87 105 86
f 87 106 105
f 88 107 106
f 88 106 87
f 89 108 107
f 89 107 88
f 90 109 108
f 90 108 89
f 91 110 109
f 91 109 90
f 92 111 110
f 92 110 91
f 93 112 111
f 93 111 92
f 94 113 112
f 94 112 93
f 95 114 113
f 95 113 94
f 96 115 114
f 96 114 95
f 97 116 115
f 97 115 96
f 98 117 116
f 98 116 97
f 99 118 117
f 99 117 98
f 100 119 118
f 100 118 99
f 101 119 100
f 101 120 119
f 102 120 101
f 102 121 120
f 102 122 121
f 103 122 102
f 104 122 103
f 104 123 122
f 125 126 127
f 125 127 128
f 159 124 125
f 156 157 158
f 156 158 159
f 155 128 129
f 155 125 128
f 155 159 125
f 155 156 159
f 154 129 130
f 154 155 129
f 153 130 131
f 153 154 130
f 140 138 139
f 152 131 132
f 152 153 131
f 141 137 138
f 141 138 140
f 151 132 133
f 151 152 132
f 150 133 134
f 150 151 133
f 143 141 142
f 143 137 141
f 149 134 135
f 149 150 134
f 148 135 136
f 148 149 135
f 147 148 136
f 146 136 137
f 146 143 144
f 146 144 145
f 146 137 143
f 146 147 136
f 161 162 163
f 161 163 164
f 195 160 161
f 192 193 194
f 191 164 165
f 191 194 195
f 191 161 164
f 191 195 161
f 191 192 194
f 190 165 166
f 190 166 167
f 190 191 165
f 175 173 174
f 188 189 190
f 188 190 167
f 177 175 176
f 177 173 175
f 187 167 168
f 187 168 169
f 187 188 167
f 186 169 170
f 186 187 169
f 185 170 171
f 185 171 172
f 185 186 170
f 183 172 173
f 183 184 185
f 183 185 172
f 182 183 173
f 182 177 178
f 182 178 179
f 182 179 180
f 182 180 181
f 182 173 177
f 197 215 196
f 197 216 215
f 198 217 216
f 198 216 197
f 199 218 217
f 199 217 198
f 200 219 218
f 200 218 199
f 201 220 219
f 201 219 200
f 202 221 220
f 202 222 221
f 202 220 201
f 203 222 202
f 204 223 222
f 204 222 203
f 205 224 223
f 205 223 204
f 206 225 224
f 206 224 205
f 207 226 225
f 207 227 226
f 207 225 206
f 208 227 207
f 209 228 227
f 209 227 208
f 210 229 228
f 210 228 209
f 211 229 210
f 211 230 229
f 212 230 211
f 212 231 230
f 213 231 212
f 213 232 231
f 213 233 232
f 214 233 213
f 235 253 234
f 235 254 253
f 236 255 254
f 236 254 235
f 237 256 255
f 237 255 236
f 238 257 256
f 238 256 237
f 239 258 257
f 239 257 238
f 240 259 258
f 240 258 239
f 241 260 259
f 241 259 240
f 242 261 260
f 242 260 241
f 243 262 261
f 243 261 242
f 244 263 262
f 244 262 243
f 245 264 263
f 245 263 244
f 246 265 264
f 246 264 245
f 247 266 265
f 247 265 246
f 248 267 266
f 248 266 247
f 249 267 248
f 249 268 267
f 250 268 249
f 250 269 268
f 250 270 269
f 251 270 250
f 252 270 251
f 252 271 270
f 282 284 283
f 291 287 286
f 291 288 287
f 291 289 288
f 291 290 289
f 278 280 279
f 294 285 284
f 294 286 285
f 294 292 291
f 294 293 292
f 294 291 286
f 296 295 294
f 296 284 282
f 296 294 284
f 298 297 296
f 298 296 282
f 299 282 281
f 299 298 282
f 307 273 272
f 307 274 273
f 301 300 299
f 301 299 281
f 306 275 274
f 306 276 275
f 306 277 276
f 306 274 307
f 302 281 280
f 302 280 278
f 302 301 281
f 304 277 306
f 304 278 277
f 304 303 302
f 304 306 305
f 304 302 278
f 309 327 308
f 309 345 327
f 310 344 345
f 310 345 309
f 311 343 344
f 311 344 310
f 312 342 343
f 312 343 311
f 313 341 342
f 313 342 312
f 314 340 341
f 314 341 313
f 315 339 340
f 315 340 314
f 316 338 339
f 316 339 315
f 317 337 338
f 317 338 316
f 318 336 337
f 318 337 317
f 319 335 336
f 319 336 318
f 320 334 335
f 320 335 319
f 321 333 334
f 321 334 320
f 322 332 333
f 322 333 321
f 323 332 322
f 323 331 332
f 324 331 323
f 324 330 331
f 325 330 324
f 325 329 330
f 326 329 325
f 326 328 329
f 347 365 346
f 347 383 365
f 348 382 383
f 348 383 347
f 349 381 382
f 349 382 348
f 350 380 381
f 350 381 349
f 351 379 380
f 351 380 350
f 352 378 379
f 352 379 351
f 353 377 378
f 353 378 352
f 354 376 377
f 354 377 353
f 355 375 376
f 355 376 354
f 356 374 375
f 356 375 355
f 357 373 374
f 357 374 356
f 358 372 373
f 358 373 357
f 359 371 372
f 359 372 358
f 360 370 371
f 360 371 359
f 361 370 360
f 361 369 370
f 362 369 361
f 362 368 369
f 363 368 362
f 363 367 368
f 364 367 363
f 364 366 367
f 396 398 397
f 401 400 399
f 394 396 395
f 392 394 393
f 392 396 394
f 403 399 398
f 403 402 401
f 403 401 399
f 406 405 404
f 388 390 389
f 387 391 390
f 387 392 391
f 387 390 388
f 408 407 406
f 386 392 387
f 385 398 396
f 385 403 398
f 385 396 392
f 385 392 386
f 411 410 409
f 412 409 408
f 412 411 409
f 419 385 384
f 419 404 403
f 419 403 385
f 414 413 412
f 414 412 408
f 417 419 418
f 416 414 408
f 416 419 417
f 416 408 406
f 416 406 404
f 416 404 419
f 415 414 416
f 421 439 420
f 421 457 439
f 422 456 457
f 422 457 421
f 423 455 456
f 423 456 422
f 424 454 455
f 424 455 423
f 425 453 454
f 425 454 424
f 426 452 453
f 426 453 425
f 427 451 452
f 427 452 426
f 428 450 451
f 428 451 427
f 429 449 450
f 429 450 428
f 430 448 449
f 430 449 429
f 431 447 448
f 431 448 430
f 432 446 447
f 432 447 431
f 433 445 446
f 433 446 432
f 434 444 445
f 434 445 433
f 435 444 434
f 435 443 444
f 436 443 435
f 436 442 443
f 437 442 436
f 437 441 442
f 438 441 437
f 438 440 441
f 459 477 458
f 459 495 477
f 460 494 495
f 460 495 459
f 461 493 494
f 461 494 460
f 462 492 493
f 462 493 461
f 463 491 492
f 463 492 462
f 464 490 491
f 464 491 463
f 465 489 490
f 465 490 464
f 466 488 489
f 466 489 465
f 467 487 488
f 467 488 466
f 468 486 487
f 468 487 467
f 469 485 486
f 469 486 468
f 470 483 484
f 470 484 485
f 470 485 469
f 471 483 470
f 472 483 471
f 472 482 483
f 473 481 482
f 473 482 472
f 474 481 473
f 474 480 481
f 475 480 474
f 475 479 480
f 476 479 475
f 476 478 479
f 506 505 504
f 508 507 506
f 508 506 504
f 510 509 508
f 511 510 508
f 511 508 504
f 513 504 503
f 513 512 511
f 513 511 504
f 514 503 502
f 514 513 503
f 529 531 530
f 515 501 500
f 515 502 501
f 515 514 502
f 516 515 500
f 517 500 499
f 517 516 500
f 526 528 527
f 518 499 498
f 518 517 499
f 519 518 498
f 524 526 525
f 520 497 496
f 520 498 497
f 520 519 498
f 521 520 496
f 522 524 523
f 522 529 528
f 522 496 531
f 522 526 524
f 522 528 526
f 522 531 529
f 522 521 496
f 533 551 532
f 533 569 551
f 534 568 569
f 534 569 533
f 535 567 568
f 535 568 534
f 536 566 567
f 536 567 535
f 537 565 566
f 537 566 536
f 538 564 565
f 538 565 537
f 539 562 563
f 539 563 564
f 539 564 538
f 540 562 539
f 541 561 562
f 541 562 540
f 542 560 561
f 542 561 541
f 543 559 560
f 543 560 542
f 544 558 559
f 544 559 543
f 545 557 558
f 545 558 544
f 546 556 557
f 546 557 545
f 547 556 546
f 547 555 556
f 548 555 547
f 548 554 555
f 549 554 548
f 549 553 554
f 550 553 549
f 550 552 553
f 571 589 570
f 571 607 589
f 572 606 607
f 572 607 571
f 573 605 606
f 573 606 572
f 574 604 605
f 574 605 573
f 575 603 604
f 575 604 574
f 576 602 603
f 576 603 575
f 577 601 602
f 577 602 576
f 578 600 601
f 578 601 577
f 579 599 600
f 579 600 578
f 580 597 598
f 580 598 599
f 580 599 579
f 581 597 580
f 582 596 597
f 582 597 581
f 583 595 596
f 583 596 582
f 584 594 595
f 584 595 583
f 585 594 584
f 585 593 594
f 586 593 585
f 586 592 593
f 587 592 586
f 587 591 592
f 588 591 587
f 588 590 591
f 608 610 609
f 612 611 610
f 642 608 643
f 641 608 642
f 614 613 612
f 640 608 641
f 618 615 614
f 618 616 615
f 618 617 616
f 618 612 610
f 618 614 612
f 620 619 618
f 620 610 608
f 620 618 610
f 634 636 635
f 634 637 636
f 621 620 608
f 622 621 608
f 631 633 632
f 624 623 622
f 624 608 640
f 624 622 608
f 626 625 624
f 626 634 633
f 626 638 637
f 626 639 638
f 626 640 639
f 626 637 634
f 626 633 631
f 626 624 640
f 629 631 630
f 629 626 631
f 628 626 629
f 627 626 628
f 644 681 663
f 645 681 644
f 646 680 681
f 646 681 645
f 647 679 680
f 647 680 646
f 648 678 679
f 648 679 647
f 649 677 678
f 649 678 648
f 650 676 677
f 650 677 649
f 651 675 676
f 651 676 650
f 652 674 675
f 652 675 651
f 653 673 674
f 653 674 652
f 654 672 673
f 654 673 653
f 655 671 672
f 655 672 654
f 656 670 671
f 656 671 655
f 657 669 670
f 657 670 656
f 658 668 669
f 658 669 657
f 659 668 658
f 659 667 668
f 660 667 659
f 660 666 667
f 661 666 660
f 661 665 666
f 662 665 661
f 662 664 665
f 683 701 682
f 683 719 701
f 684 718 719
f 684 719 683
f 685 717 718
f 685 718 684
f 686 716 717
f 686 717 685
f 687 715 716
f 687 716 686
f 688 714 715
f 688 715 687
f 689 713 714
f 689 714 688
f 690 712 713
f 690 713 689
f 691 711 712
f 691 712 690
f 692 710 711
f 692 711 691
f 693 709 710
f 693 710 692
f 694 708 709
f 694 709 693
f 695 707 708
f 695 708 694
f 696 706 707
f 696 707 695
f 697 706 696
f 697 705 706
f 698 705 697
f 698 704 705
f 699 704 698
f 699 703 704
f 700 703 699
f 700 702 703
f 754 753 752
f 748 750 749
f 721 720 755
f 722 755 754
f 722 721 755
f 744 746 745
f 724 723 722
f 724 722 754
f 724 754 752
f 725 752 751
f 725 724 752
f 726 751 750
f 726 725 751
f 741 743 742
f 728 727 726
f 728 750 748
f 728 726 750
f 729 748 747
f 729 728 748
f 738 740 739
f 730 747 746
f 730 729 747
f 736 738 737
f 736 741 740
f 736 743 741
f 736 740 738
f 732 731 730
f 732 744 743
f 732 730 746
f 732 746 744
f 734 743 736
f 734 733 732
f 734 736 735
f 734 732 743
f 757 775 756
f 757 793 775
f 758 792 793
f 758 793 757
f 759 791 792
f 759 792 758
f 760 790 791
f 760 791 759
f 761 789 790
f 761 790 760
f 762 788 789
f 762 789 761
f 763 787 788
f 763 788 762
f 764 786 787
f 764 787 763
f 765 785 786
f 765 786 764
f 766 784 785
f 766 785 765
f 767 783 784
f 767 784 766
f 768 782 783
f 768 783 767
f 769 781 782
f 769 782 768
f 770 780 781
f 770 781 769
f 771 780 770
f 771 779 780
f 772 779 771
f 772 778 779
f 773 778 772
f 773 777 778
f 774 777 773
f 774 776 777
f 795 813 794
f 795 831 813
f 796 830 831
f 796 831 795
f 797 829 830
f 797 830 796
f 798 828 829
f 798 829 797
f 799 827 828
f 799 828 798
f 800 826 827
f 800 827 799
f 801 825 826
f 801 826 800
f 802 824 825
f 802 825 801
f 803 823 824
f 803 824 802
f 804 822 823
f 804 823 803
f 805 821 822
f 805 822 804
f 806 820 821
f 806 821 805
f 807 819 820
f 807 820 806
f 808 818 819
f 808 819 807
f 809 818 808
f 809 817 818
f 810 817 809
f 810 816 817
f 811 816 810
f 811 815 816
f 812 815 811
f 812 814 815
f 856 858 857
f 861 860 859
f 865 859 858
f 865 862 861
f 865 863 862
f 865 864 863
f 865 861 859
f 866 865 858
f 849 851 850
f 867 856 855
f 867 858 856
f 867 866 858
f 847 849 848
f 846 849 847
f 834 833 832
f 834 832 867
f 834 867 855
f 835 855 854
f 835 834 855
f 836 852 851
f 836 853 852
f 836 854 853
f 836 835 854
f 842 844 843
f 842 845 844
f 842 846 845
f 838 837 836
f 838 836 851
f 840 838 851
f 840 839 838
f 840 842 841
f 840 851 849
f 840 849 846
f 840 846 842
f 869 887 868
f 869 905 887
f 870 904 905
f 870 905 869
f 871 903 904
f 871 904 870
f 872 902 903
f 872 903 871
f 873 901 902
f 873 902 872
f 874 900 901
f 874 901 873
f 875 899 900
f 875 900 874
f 876 898 899
f 876 899 875
f 877 897 898
f 877 898 876
f 878 896 897
f 878 897 877
f 879 895 896
f 879 896 878
f 880 893 894
f 880 894 895
f 880 895 879
f 881 893 880
f 882 892 893
f 882 893 881
f 883 892 882
f 883 891 892
f 884 891 883
f 884 890 891
f 885 890 884
f 885 889 890
f 886 889 885
f 886 888 889
f 907 925 906
f 907 943 925
f 908 942 943
f 908 943 907
f 909 941 942
f 909 942 908
f 910 940 941
f 910 941 909
f 911 939 940
f 911 940 910
f 912 937 938
f 912 938 939
f 912 939 911
f 913 937 912
f 914 936 937
f 914 937 913
f 915 935 936
f 915 936 914
f 916 934 935
f 916 935 915
f 917 933 934
f 917 934 916
f 918 931 932
f 918 932 933
f 918 933 917
f 919 931 918
f 920 930 931
f 920 931 919
f 921 930 920
f 921 929 930
f 922 929 921
f 922 928 929
f 923 928 922
f 923 927 928
f 924 927 923
f 924 926 927
f 961 963 962
f 960 963 961
f 959 963 960
f 968 966 965
f 968 967 966
f 969 965 964
f 969 968 965
f 956 958 957
f 971 970 969
f 972 964 963
f 972 969 964
f 972 971 969
f 954 956 955
f 974 973 972
f 974 972 963
f 975 974 963
f 976 975 963
f 950 952 951
f 949 953 952
f 949 952 950
f 978 959 958
f 978 977 976
f 978 963 959
f 978 976 963
f 979 958 956
f 979 956 954
f 979 978 958
f 947 949 948
f 947 954 953
f 947 979 954
f 947 953 949
f 945 947 946
f 945 979 947
f 945 944 979
f 980 1017 999
f 981 1017 980
f 982 1016 1017
f 982 1017 981
f 983 1015 1016
f 983 1016 982
f 984 1014 1015
f 984 1015 983
f 985 1013 1014
f 985 1014 984
f 986 1012 1013
f 986 1013 985
f 987 1011 1012
f 987 1012 986
f 988 1010 1011
f 988 1011 987
f 989 1009 1010
f 989 1010 988
f 990 1008 1009
f 990 1009 989
f 991 1007 1008
f 991 1008 990
f 992 1005 1006
f 992 1006 1007
f 992 1007 991
f 993 1005 992
f 994 1004 1005
f 994 1005 993
f 995 1004 994
f 995 1003 1004
f 996 1003 995
f 996 1002 1003
f 997 1002 996
f 997 1001 1002
f 998 1001 997
f 998 1000 1001
f 1019 1037 1018
f 1019 1055 1037
f 1020 1054 1055
f 1020 1055 1019
f 1021 1053 1054
f 1021 1054 1020
f 1022 1052 1053
f 1022 1053 1021
f 1023 1051 1052
f 1023 1052 1022
f 1024 1050 1051
f 1024 1051 1023
f 1025 1049 1050
f 1025 1050 1024
f 1026 1048 1049
f 1026 1049 1025
f 1027 1047 1048
f 1027 1048 1026
f 1028 1045 1046
f 1028 1046 1047
f 1028 1047 1027
f 1029 1045 1028
f 1030 1044 1045
f 1030 1045 1029
f 1031 1043 1044
f 1031 1044 1030
f 1032 1042 1043
f 1032 1043 1031
f 1033 1042 1032
f 1033 1041 1042
f 1034 1041 1033
f 1034 1040 1041
f 1035 1040 1034
f 1035 1039 1040
f 1036 1039 1035
f 1036 1038 1039
f 1373 1372 1062
f 1371 1062 1372
f 1374 1062 1061
f 1374 1373 1062
f 1370 1062 1371
f 1375 1374 1061
f 1369 1062 1370
f 1376 1375 1061
f 1368 1063 1062
f 1368 1062 1369
f 1377 1376 1061
f 1367 1063 1368
f 1378 1377 1061
f 1366 1063 1367
f 1379 1061 1060
f 1379 1378 1061
f 1365 1063 1366
f 1344 1379 1060
f 1364 1063 1365
f 1345 1344 1060
f 1363 1064 1063
f 1363 1063 1364
f 1331 1330 1057
f 1332 1057 1056
f 1332 1331 1057
f 1329 1057 1330
f 1328 1057 1329
f 1333 1332 1056
f 1327 1058 1057
f 1327 1057 1328
f 1334 1333 1056
f 1096 1064 1097
f 1095 1065 1064
f 1095 1064 1096
f 1098 1097 1064
f 1335 1334 1056
f 1326 1058 1327
f 1099 1098 1064
f 1094 1065 1095
f 1100 1064 1363
f 1100 1363 1362
f 1100 1099 1064
f 1093 1065 1094
f 1336 1335 1056
f 1325 1058 1326
f 1092 1065 1093
f 1101 1362 1361
f 1101 1100 1362
f 1102 1101 1361
f 1127 1065 1092
f 1337 1336 1056
f 1103 1361 1360
f 1103 1102 1361
f 1126 1065 1127
f 1205 1345 1060
f 1205 1346 1345
f 1205 1347 1346
f 1205 1348 1347
f 1204 1348 1205
f 1204 1349 1348
f 1204 1350 1349
f 1204 1351 1350
f 1338 1337 1056
f 1104 1360 1359
f 1104 1103 1360
f 1125 1065 1126
f 1203 1351 1204
f 1203 1352 1351
f 1203 1353 1352
f 1203 1354 1353
f 1203 1355 1354
f 1206 1060 1059
f 1206 1205 1060
f 1066 1065 1125
f 1066 1124 1123
f 1066 1125 1124
f 1091 1338 1056
f 1091 1339 1338
f 1340 1339 1091
f 1207 1206 1059
f 1207 1059 1058
f 1207 1058 1325
f 1207 1323 1322
f 1207 1324 1323
f 1207 1325 1324
f 1202 1355 1203
f 1202 1356 1355
f 1202 1357 1356
f 1202 1358 1357
f 1122 1066 1123
f 1341 1340 1091
f 1121 1066 1122
f 1342 1341 1091
f 1120 1066 1121
f 1343 1342 1091
f 1201 1359 1358
f 1201 1104 1359
f 1201 1105 1104
f 1201 1106 1105
f 1201 1107 1106
f 1201 1108 1107
f 1201 1358 1202
f 1208 1207 1322
f 1208 1320 1319
f 1208 1321 1320
f 1208 1322 1321
f 1209 1208 1319
f 1209 1316 1315
f 1209 1317 1316
f 1209 1318 1317
f 1209 1319 1318
f 1200 1109 1108
f 1200 1110 1109
f 1200 1111 1110
f 1200 1112 1111
f 1200 1108 1201
f 1090 1343 1091
f 1090 1309 1308
f 1090 1308 1343
f 1210 1313 1312
f 1210 1314 1313
f 1210 1315 1314
f 1210 1209 1315
f 1235 1112 1200
f 1235 1113 1112
f 1235 1114 1113
f 1235 1115 1114
f 1235 1116 1115
f 1415 1067 1066
f 1415 1066 1120
f 1414 1067 1415
f 1380 1415 1120
f 1380 1120 1119
f 1413 1067 1414
f 1381 1380 1119
f 1381 1118 1117
f 1381 1119 1118
f 1412 1067 1413
f 1382 1381 1117
f 1382 1117 1116
f 1411 1067 1412
f 1383 1116 1235
f 1383 1382 1116
f 1410 1067 1411
f 1384 1383 1235
f 1211 1210 1312
f 1211 1310 1309
f 1211 1311 1310
f 1211 1312 1311
f 1211 1309 1090
f 1234 1385 1384
f 1234 1384 1235
f 1068 1067 1410
f 1068 1409 1408
f 1068 1410 1409
f 1386 1385 1234
f 1407 1068 1408
f 1387 1386 1234
f 1406 1068 1407
f 1405 1068 1406
f 1404 1068 1405
f 1212 1211 1090
f 1212 1090 1089
f 1233 1388 1387
f 1233 1389 1388
f 1233 1390 1389
f 1233 1387 1234
f 1391 1390 1233
f 1069 1400 1399
f 1069 1401 1400
f 1069 1402 1401
f 1069 1403 1402
f 1069 1404 1403
f 1069 1068 1404
f 1213 1089 1088
f 1213 1212 1089
f 1232 1392 1391
f 1232 1393 1392
f 1232 1394 1393
f 1232 1391 1233
f 1231 1394 1232
f 1231 1395 1394
f 1231 1396 1395
f 1231 1397 1396
f 1070 1069 1399
f 1070 1398 1397
f 1070 1399 1398
f 1070 1397 1231
f 1289 1213 1088
f 1288 1213 1289
f 1290 1289 1088
f 1287 1213 1288
f 1291 1088 1087
f 1291 1290 1088
f 1286 1213 1287
f 1286 1214 1213
f 1292 1291 1087
f 1285 1214 1286
f 1293 1292 1087
f 1284 1214 1285
f 1294 1293 1087
f 1283 1214 1284
f 1215 1214 1283
f 1230 1070 1231
f 1295 1294 1087
f 1282 1215 1283
f 1296 1295 1087
f 1281 1215 1282
f 1280 1215 1281
f 1279 1215 1280
f 1071 1070 1230
f 1086 1297 1296
f 1086 1298 1297
f 1086 1299 1298
f 1086 1296 1087
f 1216 1279 1278
f 1216 1215 1279
f 1300 1299 1086
f 1277 1216 1278
f 1301 1300 1086
f 1276 1216 1277
f 1302 1301 1086
f 1217 1276 1275
f 1217 1216 1276
f 1072 1230 1229
f 1072 1071 1230
f 1085 1303 1302
f 1085 1304 1303
f 1085 1305 1304
f 1085 1306 1305
f 1085 1307 1306
f 1085 1302 1086
f 1168 1229 1228
f 1169 1168 1228
f 1170 1169 1228
f 1167 1229 1168
f 1166 1229 1167
f 1171 1170 1228
f 1171 1228 1227
f 1165 1072 1229
f 1165 1229 1166
f 1172 1171 1227
f 1133 1132 1217
f 1131 1217 1132
f 1134 1275 1274
f 1134 1133 1217
f 1134 1217 1275
f 1164 1072 1165
f 1173 1172 1227
f 1130 1217 1131
f 1130 1218 1217
f 1135 1274 1273
f 1135 1134 1274
f 1129 1218 1130
f 1136 1135 1273
f 1199 1072 1164
f 1174 1173 1227
f 1128 1218 1129
f 1137 1273 1272
f 1137 1136 1273
f 1138 1272 1307
f 1138 1137 1272
f 1163 1218 1128
f 1175 1227 1226
f 1175 1174 1227
f 1162 1218 1163
f 1162 1219 1218
f 1176 1175 1226
f 1161 1219 1162
f 1177 1176 1226
f 1073 1072 1199
f 1073 1197 1196
f 1073 1198 1197
f 1073 1199 1198
f 1084 1138 1307
f 1084 1139 1138
f 1084 1140 1139
f 1084 1307 1085
f 1141 1140 1084
f 1160 1219 1161
f 1142 1141 1084
f 1159 1219 1160
f 1178 1226 1225
f 1178 1177 1226
f 1195 1073 1196
f 1143 1142 1084
f 1158 1219 1159
f 1179 1178 1225
f 1194 1073 1195
f 1180 1179 1225
f 1181 1180 1225
f 1247 1221 1220
f 1247 1246 1221
f 1245 1221 1246
f 1248 1247 1220
f 1244 1221 1245
f 1249 1248 1220
f 1243 1222 1221
f 1243 1221 1244
f 1250 1220 1219
f 1250 1249 1220
f 1074 1073 1194
f 1074 1189 1188
f 1074 1190 1189
f 1074 1191 1190
f 1074 1192 1191
f 1074 1193 1192
f 1074 1194 1193
f 1083 1143 1084
f 1083 1144 1143
f 1083 1145 1144
f 1083 1146 1145
f 1083 1147 1146
f 1083 1148 1147
f 1083 1149 1148
f 1242 1222 1243
f 1251 1219 1158
f 1251 1250 1219
f 1241 1222 1242
f 1252 1158 1157
f 1252 1251 1158
f 1240 1223 1222
f 1240 1222 1241
f 1253 1157 1156
f 1253 1252 1157
f 1253 1156 1155
f 1239 1223 1240
f 1254 1253 1155
f 1254 1155 1154
f 1238 1223 1239
f 1255 1254 1154
f 1237 1223 1238
f 1075 1184 1183
f 1075 1185 1184
f 1075 1186 1185
f 1075 1187 1186
f 1075 1188 1187
f 1075 1074 1188
f 1082 1149 1083
f 1082 1255 1154
f 1082 1150 1149
f 1082 1151 1150
f 1082 1152 1151
f 1082 1153 1152
f 1082 1154 1153
f 1076 1075 1183
f 1076 1182 1181
f 1076 1183 1182
f 1076 1181 1225
f 1076 1225 1224
f 1081 1258 1257
f 1081 1259 1258
f 1081 1260 1259
f 1081 1255 1082
f 1081 1256 1255
f 1081 1257 1256
f 1077 1076 1224
f 1080 1261 1260
f 1080 1262 1261
f 1080 1263 1262
f 1080 1264 1263
f 1080 1265 1264
f 1080 1266 1265
f 1080 1260 1081
f 1079 1267 1266
f 1079 1268 1267
f 1079 1269 1268
f 1079 1270 1269
f 1079 1271 1270
f 1079 1266 1080
f 1078 1236 1271
f 1078 1077 1224
f 1078 1224 1223
f 1078 1271 1079
f 1078 1237 1236
f 1078 1223 1237
f 1417 1435 1416
f 1417 1453 1435
f 1418 1452 1453
f 1418 1453 1417
f 1419 1451 1452
f 1419 1452 1418
f 1420 1450 1451
f 1420 1451 1419
f 1421 1449 1450
f 1421 1450 1420
f 1422 1448 1449
f 1422 1449 1421
f 1423 1447 1448
f 1423 1448 1422
f 1424 1445 1446
f 1424 1446 1447
f 1424 1447 1423
f 1425 1445 1424
f 1426 1444 1445
f 1426 1445 1425
f 1427 1443 1444
f 1427 1444 1426
f 1428 1442 1443
f 1428 1443 1427
f 1429 1441 1442
f 1429 1442 1428
f 1430 1440 1441
f 1430 1441 1429
f 1431 1440 1430
f 1431 1439 1440
f 1432 1439 1431
f 1432 1438 1439
f 1433 1438 1432
f 1433 1437 1438
f 1434 1437 1433
f 1434 1436 1437
f 1488 1454 1489
f 1487 1454 1488
f 1457 1455 1454
f 1457 1456 1455
f 1486 1454 1487
f 1485 1454 1486
f 1460 1458 1457
f 1460 1459 1458
f 1461 1457 1454
f 1461 1460 1457
f 1482 1484 1483
f 1482 1485 1484
f 1464 1462 1461
f 1464 1463 1462
f 1464 1461 1454
f 1466 1465 1464
f 1477 1479 1478
f 1469 1467 1466
f 1469 1468 1467
f 1470 1464 1454
f 1470 1454 1485
f 1470 1466 1464
f 1470 1469 1466
f 1471 1470 1485
f 1471 1482 1481
f 1471 1485 1482
f 1472 1471 1481
f 1472 1474 1473
f 1472 1475 1474
f 1472 1476 1475
f 1472 1477 1476
f 1472 1480 1479
f 1472 1481 1480
f 1472 1479 1477
f 1490 1527 1509
f 1491 1527 1490
f 1492 1526 1527
f 1492 1527 1491
f 1493 1525 1526
f 1493 1526 1492
f 1494 1524 1525
f 1494 1525 1493
f 1495 1523 1524
f 1495 1524 1494
f 1496 1522 1523
f 1496 1523 1495
f 1497 1521 1522
f 1497 1522 1496
f 1498 1520 1521
f 1498 1521 1497
f 1499 1519 1520
f 1499 1520 1498
f 1500 1517 1518
f 1500 1518 1519
f 1500 1519 1499
f 1501 1517 1500
f 1502 1515 1516
f 1502 1516 1517
f 1502 1517 1501
f 1503 1515 1502
f 1504 1514 1515
f 1504 1515 1503
f 1505 1514 1504
f 1505 1513 1514
f 1506 1513 1505
f 1506 1512 1513
f 1507 1512 1506
f 1507 1510 1511
f 1507 1511 1512
f 1508 1510 1507
f 1529 1547 1528
f 1529 1565 1547
f 1530 1564 1565
f 1530 1565 1529
f 1531 1563 1564
f 1531 1564 1530
f 1532 1562 1563
f 1532 1563 1531
f 1533 1561 1562
f 1533 1562 1532
f 1534 1559 1560
f 1534 1560 1561
f 1534 1561 1533
f 1535 1559 1534
f 1536 1558 1559
f 1536 1559 1535
f 1537 1557 1558
f 1537 1558 1536
f 1538 1556 1557
f 1538 1557 1537
f 1539 1555 1556
f 1539 1556 1538
f 1540 1553 1554
f 1540 1554 1555
f 1540 1555 1539
f 1541 1553 1540
f 1542 1552 1553
f 1542 1553 1541
f 1543 1552 1542
f 1543 1551 1552
f 1544 1551 1543
f 1544 1550 1551
f 1545 1550 1544
f 1545 1549 1550
f 1546 1549 1545
f 1546 1548 1549
f 1599 1598 1597
f 1595 1597 1596
f 1601 1600 1599
f 1593 1595 1594
f 1567 1566 1601
f 1568 1567 1601
f 1591 1593 1592
f 1569 1601 1599
f 1569 1568 1601
f 1589 1591 1590
f 1572 1570 1569
f 1572 1571 1570
f 1572 1599 1597
f 1572 1597 1595
f 1572 1569 1599
f 1587 1589 1588
f 1575 1573 1572
f 1575 1574 1573
f 1575 1572 1595
f 1575 1595 1593
f 1583 1585 1584
f 1577 1576 1575
f 1578 1593 1591
f 1578 1591 1589
f 1578 1575 1593
f 1578 1577 1575
f 1580 1578 1589
f 1580 1579 1578
f 1580 1582 1581
f 1580 1583 1582
f 1580 1586 1585
f 1580 1587 1586
f 1580 1589 1587
f 1580 1585 1583
f 1603 1621 1602
f 1603 1639 1621
f 1604 1638 1639
f 1604 1639 1603
f 1605 1637 1638
f 1605 1638 1604
f 1606 1636 1637
f 1606 1637 1605
f 1607 1635 1636
f 1607 1636 1606
f 1608 1633 1634
f 1608 1634 1635
f 1608 1635 1607
f 1609 1633 1608
f 1610 1632 1633
f 1610 1633 1609
f 1611 1631 1632
f 1611 1632 1610
f 1612 1630 1631
f 1612 1631 1611
f 1613 1629 1630
f 1613 1630 1612
f 1614 1628 1629
f 1614 1629 1613
f 1615 1627 1628
f 1615 1628 1614
f 1616 1626 1627
f 1616 1627 1615
f 1617 1626 1616
f 1617 1625 1626
f 1618 1625 1617
f 1618 1624 1625
f 1619 1624 1618
f 1619 1623 1624
f 1620 1623 1619
f 1620 1622 1623
f 1641 1659 1640
f 1641 1677 1659
f 1642 1676 1677
f 1642 1677 1641
f 1643 1675 1676
f 1643 1676 1642
f 1644 1674 1675
f 1644 1675 1643
f 1645 1673 1674
f 1645 1674 1644
f 1646 1672 1673
f 1646 1673 1645
f 1647 1671 1672
f 1647 1672 1646
f 1648 1670 1671
f 1648 1671 1647
f 1649 1669 1670
f 1649 1670 1648
f 1650 1668 1669
f 1650 1669 1649
f 1651 1667 1668
f 1651 1668 1650
f 1652 1666 1667
f 1652 1667 1651
f 1653 1665 1666
f 1653 1666 1652
f 1654 1664 1665
f 1654 1665 1653
f 1655 1664 1654
f 1655 1663 1664
f 1656 1663 1655
f 1656 1662 1663
f 1657 1662 1656
f 1657 1661 1662
f 1658 1661 1657
f 1658 1660 1661
f 1706 1705 1704
f 1702 1704 1703
f 1702 1706 1704
f 1708 1707 1706
f 1699 1701 1700
f 1699 1702 1701
f 1711 1709 1708
f 1711 1710 1709
f 1696 1698 1697
f 1696 1699 1698
f 1696 1706 1702
f 1696 1702 1699
f 1678 1712 1711
f 1678 1713 1712
f 1678 1708 1706
f 1678 1711 1708
f 1678 1706 1696
f 1680 1679 1678
f 1693 1695 1694
f 1692 1696 1695
f 1692 1695 1693
f 1683 1682 1681
f 1690 1692 1691
f 1690 1678 1696
f 1690 1696 1692
f 1684 1681 1680
f 1684 1683 1681
f 1687 1685 1684
f 1687 1686 1685
f 1687 1689 1688
f 1687 1690 1689
f 1687 1680 1678
f 1687 1678 1690
f 1687 1684 1680
f 1714 1751 1733
f 1715 1751 1714
f 1716 1750 1751
f 1716 1751 1715
f 1717 1749 1750
f 1717 1750 1716
f 1718 1748 1749
f 1718 1749 1717
f 1719 1747 1748
f 1719 1748 1718
f 1720 1746 1747
f 1720 1747 1719
f 1721 1745 1746
f 1721 1746 1720
f 1722 1744 1745
f 1722 1745 1721
f 1723 1743 1744
f 1723 1744 1722
f 1724 1741 1742
f 1724 1742 1743
f 1724 1743 1723
f 1725 1741 1724
f 1726 1739 1740
f 1726 1740 1741
f 1726 1741 1725
f 1727 1739 1726
f 1728 1738 1739
f 1728 1739 1727
f 1729 1738 1728
f 1729 1737 1738
f 1730 1737 1729
f 1730 1736 1737
f 1731 1736 1730
f 1731 1734 1735
f 1731 1735 1736
f 1732 1734 1731
f 1753 1771 1752
f 1753 1789 1771
f 1754 1788 1789
f 1754 1789 1753
f 1755 1787 1788
f 1755 1788 1754
f 1756 1786 1787
f 1756 1787 1755
f 1757 1785 1786
f 1757 1786 1756
f 1758 1784 1785
f 1758 1785 1757
f 1759 1783 1784
f 1759 1784 1758
f 1760 1782 1783
f 1760 1783 1759
f 1761 1781 1782
f 1761 1782 1760
f 1762 1780 1781
f 1762 1781 1761
f 1763 1779 1780
f 1763 1780 1762
f 1764 1778 1779
f 1764 1779 1763
f 1765 1777 1778
f 1765 1778 1764
f 1766 1776 1777
f 1766 1777 1765
f 1767 1776 1766
f 1767 1775 1776
f 1768 1775 1767
f 1768 1774 1775
f 1769 1774 1768
f 1769 1773 1774
f 1770 1773 1769
f 1770 1772 1773
f 1815 1813 1812
f 1815 1814 1813
f 1817 1816 1815
f 1819 1818 1817
f 1819 1817 1815
f 1821 1820 1819
f 1822 1815 1812
f 1822 1819 1815
f 1822 1821 1819
f 1823 1812 1811
f 1823 1822 1812
f 1802 1804 1803
f 1802 1805 1804
f 1824 1810 1809
f 1824 1811 1810
f 1824 1823 1811
f 1801 1805 1802
f 1825 1824 1809
f 1790 1825 1809
f 1799 1801 1800
f 1791 1808 1807
f 1791 1809 1808
f 1791 1790 1809
f 1797 1799 1798
f 1793 1792 1791
f 1793 1806 1805
f 1793 1807 1806
f 1793 1791 1807
f 1795 1793 1805
f 1795 1794 1793
f 1795 1797 1796
f 1795 1805 1801
f 1795 1801 1799
f 1795 1799 1797
f 1827 1845 1826
f 1827 1863 1845
f 1828 1862 1863
f 1828 1863 1827
f 1829 1861 1862
f 1829 1862 1828
f 1830 1860 1861
f 1830 1861 1829
f 1831 1859 1860
f 1831 1860 1830
f 1832 1858 1859
f 1832 1859 1831
f 1833 1857 1858
f 1833 1858 1832
f 1834 1855 1856
f 1834 1856 1857
f 1834 1857 1833
f 1835 1855 1834
f 1836 1853 1854
f 1836 1854 1855
f 1836 1855 1835
f 1837 1853 1836
f 1838 1852 1853
f 1838 1853 1837
f 1839 1851 1852
f 1839 1852 1838
f 1840 1850 1851
f 1840 1851 1839
f 1841 1850 1840
f 1841 1849 1850
f 1842 1849 1841
f 1842 1848 1849
f 1843 1848 1842
f 1843 1847 1848
f 1844 1847 1843
f 1844 1846 1847
f 1865 1883 1864
f 1865 1901 1883
f 1866 1900 1901
f 1866 1901 1865
f 1867 1899 1900
f 1867 1900 1866
f 1868 1898 1899
f 1868 1899 1867
f 1869 1897 1898
f 1869 1898 1868
f 1870 1896 1897
f 1870 1897 1869
f 1871 1895 1896
f 1871 1896 1870
f 1872 1894 1895
f 1872 1895 1871
f 1873 1893 1894
f 1873 1894 1872
f 1874 1892 1893
f 1874 1893 1873
f 1875 1891 1892
f 1875 1892 1874
f 1876 1890 1891
f 1876 1891 1875
f 1877 1889 1890
f 1877 1890 1876
f 1878 1888 1889
f 1878 1889 1877
f 1879 1888 1878
f 1879 1887 1888
f 1880 1887 1879
f 1880 1886 1887
f 1881 1886 1880
f 1881 1885 1886
f 1882 1885 1881
f 1882 1884 1885
f 1922 1921 1920
f 1918 1920 1919
f 1924 1923 1922
f 1916 1918 1917
f 1926 1925 1924
f 1926 1922 1920
f 1926 1924 1922
f 1914 1916 1915
f 1928 1927 1926
f 1929 1928 1926
f 1910 1912 1911
f 1910 1913 1912
f 1910 1914 1913
f 1931 1930 1929
f 1931 1920 1918
f 1931 1929 1926
f 1931 1926 1920
f 1933 1932 1931
f 1933 1918 1916
f 1933 1931 1918
f 1907 1909 1908
f 1907 1910 1909
f 1934 1916 1914
f 1934 1933 1916
f 1905 1907 1906
f 1903 1905 1904
f 1903 1914 1910
f 1903 1910 1907
f 1903 1907 1905
f 1902 1914 1903
f 1902 1935 1934
f 1902 1936 1935
f 1902 1937 1936
f 1902 1934 1914
f 1938 1975 1957
f 1939 1975 1938
f 1940 1974 1975
f 1940 1975 1939
f 1941 1973 1974
f 1941 1974 1940
f 1942 1972 1973
f 1942 1973 1941
f 1943 1971 1972
f 1943 1972 1942
f 1944 1970 1971
f 1944 1971 1943
f 1945 1969 1970
f 1945 1970 1944
f 1946 1967 1968
f 1946 1968 1969
f 1946 1969 1945
f 1947 1967 1946
f 1948 1965 1966
f 1948 1966 1967
f 1948 1967 1947
f 1949 1965 1948
f 1950 1964 1965
f 1950 1965 1949
f 1951 1963 1964
f 1951 1964 1950
f 1952 1962 1963
f 1952 1963 1951
f 1953 1962 1952
f 1953 1961 1962
f 1954 1961 1953
f 1954 1960 1961
f 1955 1960 1954
f 1955 1959 1960
f 1956 1959 1955
f 1956 1958 1959
f 1977 1995 1976
f 1977 2013 1995
f 1978 2012 2013
f 1978 2013 1977
f 1979 2011 2012
f 1979 2012 1978
f 1980 2010 2011
f 1980 2011 1979
f 1981 2009 2010
f 1981 2010 1980
f 1982 2007 2008
f 1982 2008 2009
f 1982 2009 1981
f 1983 2007 1982
f 1984 2006 2007
f 1984 2007 1983
f 1985 2005 2006
f 1985 2006 1984
f 1986 2003 2004
f 1986 2004 2005
f 1986 2005 1985
f 1987 2003 1986
f 1988 2001 2002
f 1988 2002 2003
f 1988 2003 1987
f 1989 2001 1988
f 1990 2000 2001
f 1990 2001 1989
f 1991 2000 1990
f 1991 1999 2000
f 1992 1999 1991
f 1992 1998 1999
f 1993 1998 1992
f 1993 1996 1997
f 1993 1997 1998
f 1994 1996 1993
f 2029 2028 2027
f 2025 2027 2026
f 2031 2030 2029
f 2023 2025 2024
f 2023 2029 2027
f 2023 2027 2025
f 2021 2023 2022
f 2035 2033 2032
f 2035 2034 2033
f 2020 2031 2029
f 2020 2029 2023
f 2020 2023 2021
f 2017 2019 2018
f 2017 2020 2019
f 2038 2036 2035
f 2038 2037 2036
f 2038 2035 2032
f 2015 2017 2016
f 2015 2020 2017
f 2014 2032 2031
f 2014 2031 2020
f 2014 2020 2015
f 2041 2039 2038
f 2041 2040 2039
f 2048 2014 2049
f 2044 2042 2041
f 2044 2043 2042
f 2044 2038 2032
f 2044 2032 2014
f 2044 2041 2038
f 2046 2044 2014
f 2046 2048 2047
f 2046 2014 2048
f 2045 2044 2046
f 2051 2069 2050
f 2051 2087 2069
f 2052 2086 2087
f 2052 2087 2051
f 2053 2085 2086
f 2053 2086 2052
f 2054 2084 2085
f 2054 2085 2053
f 2055 2083 2084
f 2055 2084 2054
f 2056 2082 2083
f 2056 2083 2055
f 2057 2081 2082
f 2057 2082 2056
f 2058 2080 2081
f 2058 2081 2057
f 2059 2079 2080
f 2059 2080 2058
f 2060 2078 2079
f 2060 2079 2059
f 2061 2077 2078
f 2061 2078 2060
f 2062 2076 2077
f 2062 2077 2061
f 2063 2075 2076
f 2063 2076 2062
f 2064 2074 2075
f 2064 2075 2063
f 2065 2074 2064
f 2065 2073 2074
f 2066 2073 2065
f 2066 2072 2073
f 2067 2072 2066
f 2067 2071 2072
f 2068 2071 2067
f 2068 2070 2071
f 2089 2107 2088
f 2089 2125 2107
f 2090 2124 2125
f 2090 2125 2089
f 2091 2123 2124
f 2091 2124 2090
f 2092 2122 2123
f 2092 2123 2091
f 2093 2121 2122
f 2093 2122 2092
f 2094 2120 2121
f 2094 2121 2093
f 2095 2119 2120
f 2095 2120 2094
f 2096 2118 2119
f 2096 2119 2095
f 2097 2117 2118
f 2097 2118 2096
f 2098 2115 2116
f 2098 2116 2117
f 2098 2117 2097
f 2099 2115 2098
f 2100 2114 2115
f 2100 2115 2099
f 2101 2112 2113
f 2101 2113 2114
f 2101 2114 2100
f 2102 2112 2101
f 2103 2112 2102
f 2103 2111 2112
f 2104 2111 2103
f 2104 2109 2110
f 2104 2110 2111
f 2105 2109 2104
f 2106 2109 2105
f 2106 2108 2109
f 2137 2135 2134
f 2137 2136 2135
f 2132 2134 2133
f 2130 2132 2131
f 2130 2134 2132
f 2141 2138 2137
f 2141 2139 2138
f 2141 2140 2139
f 2128 2130 2129
f 2144 2143 2142
f 2161 2127 2126
f 2161 2128 2127
f 2161 2137 2134
f 2161 2134 2130
f 2161 2130 2128
f 2145 2142 2141
f 2145 2144 2142
f 2159 2161 2160
f 2148 2147 2146
f 2157 2159 2158
f 2157 2141 2137
f 2157 2137 2161
f 2157 2161 2159
f 2150 2146 2145
f 2150 2149 2148
f 2150 2145 2141
f 2150 2148 2146
f 2150 2141 2157
f 2154 2156 2155
f 2154 2157 2156
f 2152 2157 2154
f 2152 2151 2150
f 2152 2150 2157
f 2153 2152 2154
f 2162 2199 2181
f 2163 2199 2162
f 2164 2198 2199
f 2164 2199 2163
f 2165 2197 2198
f 2165 2198 2164
f 2166 2196 2197
f 2166 2197 2165
f 2167 2195 2196
f 2167 2196 2166
f 2168 2194 2195
f 2168 2195 2167
f 2169 2193 2194
f 2169 2194 2168
f 2170 2192 2193
f 2170 2193 2169
f 2171 2190 2191
f 2171 2191 2192
f 2171 2192 2170
f 2172 2190 2171
f 2173 2189 2190
f 2173 2190 2172
f 2174 2188 2189
f 2174 2189 2173
f 2175 2186 2187
f 2175 2187 2188
f 2175 2188 2174
f 2176 2186 2175
f 2177 2186 2176
f 2177 2185 2186
f 2178 2185 2177
f 2178 2184 2185
f 2179 2184 2178
f 2179 2183 2184
f 2180 2183 2179
f 2180 2182 2183
f 2201 2219 2200
f 2201 2237 2219
f 2202 2236 2237
f 2202 2237 2201
f 2203 2235 2236
f 2203 2236 2202
f 2204 2234 2235
f 2204 2235 2203
f 2205 2233 2234
f 2205 2234 2204
f 2206 2231 2232
f 2206 2232 2233
f 2206 2233 2205
f 2207 2231 2206
f 2208 2230 2231
f 2208 2231 2207
f 2209 2229 2230
f 2209 2230 2208
f 2210 2228 2229
f 2210 2229 2209
f 2211 2227 2228
f 2211 2228 2210
f 2212 2226 2227
f 2212 2227 2211
f 2213 2225 2226
f 2213 2226 2212
f 2214 2223 2224
f 2214 2224 2225
f 2214 2225 2213
f 2215 2223 2214
f 2216 2223 2215
f 2216 2222 2223
f 2217 2222 2216
f 2217 2220 2221
f 2217 2221 2222
f 2218 2220 2217
f 2245 2243 2242
f 2245 2244 2243
f 2247 2246 2245
f 2249 2248 2247
f 2249 2247 2245
f 2272 2238 2273
f 2271 2238 2272
f 2252 2242 2241
f 2252 2250 2249
f 2252 2251 2250
f 2252 2245 2242
f 2252 2249 2245
f 2267 2269 2268
f 2267 2270 2269
f 2255 2241 2240
f 2255 2253 2252
f 2255 2254 2253
f 2255 2252 2241
f 2256 2239 2238
f 2256 2240 2239
f 2256 2255 2240
f 2265 2267 2266
f 2258 2257 2256
f 2263 2265 2264
f 2263 2267 2265
f 2259 2258 2256
f 2259 2256 2238
f 2260 2259 2238
f 2260 2271 2270
f 2260 2238 2271
f 2261 2267 2263
f 2261 2260 2270
f 2261 2263 2262
f 2261 2270 2267
f 2275 2293 2274
f 2275 2311 2293
f 2276 2310 2311
f 2276 2311 2275
f 2277 2309 2310
f 2277 2310 2276
f 2278 2308 2309
f 2278 2309 2277
f 2279 2307 2308
f 2279 2308 2278
f 2280 2306 2307
f 2280 2307 2279
f 2281 2305 2306
f 2281 2306 2280
f 2282 2304 2305
f 2282 2305 2281
f 2283 2303 2304
f 2283 2304 2282
f 2284 2302 2303
f 2284 2303 2283
f 2285 2301 2302
f 2285 2302 2284
f 2286 2300 2301
f 2286 2301 2285
f 2287 2299 2300
f 2287 2300 2286
f 2288 2298 2299
f 2288 2299 2287
f 2289 2298 2288
f 2289 2297 2298
f 2290 2297 2289
f 2290 2296 2297
f 2291 2296 2290
f 2291 2295 2296
f 2292 2295 2291
f 2292 2294 2295
f 2313 2331 2312
f 2313 2349 2331
f 2314 2348 2349
f 2314 2349 2313
f 2315 2347 2348
f 2315 2348 2314
f 2316 2346 2347
f 2316 2347 2315
f 2317 2345 2346
f 2317 2346 2316
f 2318 2343 2344
f 2318 2344 2345
f 2318 2345 2317
f 2319 2343 2318
f 2320 2342 2343
f 2320 2343 2319
f 2321 2341 2342
f 2321 2342 2320
f 2322 2340 2341
f 2322 2341 2321
f 2323 2339 2340
f 2323 2340 2322
f 2324 2337 2338
f 2324 2338 2339
f 2324 2339 2323
f 2325 2337 2324
f 2326 2336 2337
f 2326 2337 2325
f 2327 2336 2326
f 2327 2335 2336
f 2328 2335 2327
f 2328 2334 2335
f 2329 2334 2328
f 2329 2333 2334
f 2330 2333 2329
f 2330 2332 2333
f 2385 2351 2350
f 2352 2351 2385
f 2353 2352 2385
f 2382 2384 2383
f 2356 2354 2353
f 2356 2355 2354
f 2356 2353 2385
f 2380 2382 2381
f 2380 2384 2382
f 2358 2357 2356
f 2358 2356 2385
f 2378 2380 2379
f 2378 2384 2380
f 2361 2359 2358
f 2361 2360 2359
f 2375 2377 2376
f 2363 2362 2361
f 2373 2375 2374
f 2373 2378 2377
f 2373 2377 2375
f 2371 2373 2372
f 2369 2364 2363
f 2369 2365 2364
f 2369 2366 2365
f 2369 2371 2370
f 2369 2385 2384
f 2369 2384 2378
f 2369 2358 2385
f 2369 2361 2358
f 2369 2378 2373
f 2369 2363 2361
f 2369 2373 2371
f 2367 2366 2369
f 2368 2367 2369
f 2386 2423 2405
f 2387 2423 2386
f 2388 2422 2423
f 2388 2423 2387
f 2389 2421 2422
f 2389 2422 2388
f 2390 2420 2421
f 2390 2421 2389
f 2391 2419 2420
f 2391 2420 2390
f 2392 2418 2419
f 2392 2419 2391
f 2393 2417 2418
f 2393 2418 2392
f 2394 2416 2417
f 2394 2417 2393
f 2395 2415 2416
f 2395 2416 2394
f 2396 2413 2414
f 2396 2414 2415
f 2396 2415 2395
f 2397 2413 2396
f 2398 2412 2413
f 2398 2413 2397
f 2399 2411 2412
f 2399 2412 2398
f 2400 2409 2410
f 2400 2410 2411
f 2400 2411 2399
f 2401 2409 2400
f 2402 2409 2401
f 2402 2408 2409
f 2403 2408 2402
f 2403 2407 2408
f 2404 2407 2403
f 2404 2406 2407
f 2425 2443 2424
f 2425 2461 2443
f 2426 2460 2461
f 2426 2461 2425
f 2427 2459 2460
f 2427 2460 2426
f 2428 2458 2459
f 2428 2459 2427
f 2429 2457 2458
f 2429 2458 2428
f 2430 2456 2457
f 2430 2457 2429
f 2431 2455 2456
f 2431 2456 2430
f 2432 2454 2455
f 2432 2455 2431
f 2433 2453 2454
f 2433 2454 2432
f 2434 2452 2453
f 2434 2453 2433
f 2435 2451 2452
f 2435 2452 2434
f 2436 2450 2451
f 2436 2451 2435
f 2437 2449 2450
f 2437 2450 2436
f 2438 2448 2449
f 2438 2449 2437
f 2439 2448 2438
f 2439 2447 2448
f 2440 2447 2439
f 2440 2446 2447
f 2441 2446 2440
f 2441 2445 2446
f 2442 2445 2441
f 2442 2444 2445
f 2496 2495 2494
f 2490 2492 2491
f 2462 2497 2496
f 2464 2463 2462
f 2464 2462 2496
f 2486 2488 2487
f 2466 2465 2464
f 2466 2464 2496
f 2468 2467 2466
f 2468 2493 2492
f 2468 2494 2493
f 2468 2496 2494
f 2468 2466 2496
f 2469 2468 2492
f 2469 2492 2490
f 2482 2484 2483
f 2470 2469 2490
f 2471 2489 2488
f 2471 2490 2489
f 2471 2470 2490
f 2480 2482 2481
f 2472 2471 2488
f 2478 2480 2479
f 2478 2482 2480
f 2474 2473 2472
f 2474 2488 2486
f 2474 2472 2488
f 2476 2482 2478
f 2476 2474 2486
f 2476 2475 2474
f 2476 2478 2477
f 2476 2485 2484
f 2476 2486 2485
f 2476 2484 2482
f 2499 2517 2498
f 2499 2535 2517
f 2500 2534 2535
f 2500 2535 2499
f 2501 2533 2534
f 2501 2534 2500
f 2502 2532 2533
f 2502 2533 2501
f 2503 2531 2532
f 2503 2532 2502
f 2504 2530 2531
f 2504 2531 2503
f 2505 2529 2530
f 2505 2530 2504
f 2506 2528 2529
f 2506 2529 2505
f 2507 2527 2528
f 2507 2528 2506
f 2508 2526 2527
f 2508 2527 2507
f 2509 2525 2526
f 2509 2526 2508
f 2510 2524 2525
f 2510 2525 2509
f 2511 2523 2524
f 2511 2524 2510
f 2512 2522 2523
f 2512 2523 2511
f 2513 2522 2512
f 2513 2521 2522
f 2514 2521 2513
f 2514 2520 2521
f 2515 2520 2514
f 2515 2519 2520
f 2516 2519 2515
f 2516 2518 2519
f 2537 2555 2536
f 2537 2573 2555
f 2538 2572 2573
f 2538 2573 2537
f 2539 2571 2572
f 2539 2572 2538
f 2540 2570 2571
f 2540 2571 2539
f 2541 2569 2570
f 2541 2570 2540
f 2542 2567 2568
f 2542 2568 2569
f 2542 2569 2541
f 2543 2567 2542
f 2544 2566 2567
f 2544 2567 2543
f 2545 2565 2566
f 2545 2566 2544
f 2546 2563 2564
f 2546 2564 2565
f 2546 2565 2545
f 2547 2563 2546
f 2548 2562 2563
f 2548 2563 2547
f 2549 2561 2562
f 2549 2562 2548
f 2550 2560 2561
f 2550 2561 2549
f 2551 2560 2550
f 2551 2559 2560
f 2552 2559 2551
f 2552 2557 2558
f 2552 2558 2559
f 2553 2557 2552
f 2554 2557 2553
f 2554 2556 2557
f 2600 2602 2601
f 2604 2603 2602
f 2598 2600 2599
f 2596 2598 2597
f 2596 2600 2598
f 2594 2596 2595
f 2594 2602 2600
f 2594 2600 2596
f 2574 2609 2608
f 2592 2594 2593
f 2590 2592 2591
f 2577 2575 2574
f 2577 2576 2575
f 2577 2574 2608
f 2588 2590 2589
f 2588 2605 2604
f 2588 2604 2602
f 2588 2602 2594
f 2588 2594 2592
f 2588 2592 2590
f 2587 2606 2605
f 2587 2607 2606
f 2587 2605 2588
f 2580 2579 2578
f 2581 2578 2577
f 2581 2580 2578
f 2581 2577 2608
f 2585 2587 2586
f 2584 2587 2585
f 2584 2607 2587
f 2583 2581 2608
f 2583 2607 2584
f 2583 2582 2581
f 2583 2608 2607
f 2610 2647 2629
f 2611 2647 2610
f 2612 2646 2647
f 2612 2647 2611
f 2613 2645 2646
f 2613 2646 2612
f 2614 2644 2645
f 2614 2645 2613
f 2615 2643 2644
f 2615 2644 2614
f 2616 2642 2643
f 2616 2643 2615
f 2617 2641 2642
f 2617 2642 2616
f 2618 2640 2641
f 2618 2641 2617
f 2619 2639 2640
f 2619 2640 2618
f 2620 2637 2638
f 2620 2638 2639
f 2620 2639 2619
f 2621 2637 2620
f 2622 2636 2637
f 2622 2637 2621
f 2623 2635 2636
f 2623 2636 2622
f 2624 2633 2634
f 2624 2634 2635
f 2624 2635 2623
f 2625 2633 2624
f 2626 2633 2625
f 2626 2632 2633
f 2627 2632 2626
f 2627 2631 2632
f 2628 2631 2627
f 2628 2630 2631
f 2649 2667 2648
f 2649 2685 2667
f 2650 2684 2685
f 2650 2685 2649
f 2651 2683 2684
f 2651 2684 2650
f 2652 2682 2683
f 2652 2683 2651
f 2653 2681 2682
f 2653 2682 2652
f 2654 2680 2681
f 2654 2681 2653
f 2655 2679 2680
f 2655 2680 2654
f 2656 2678 2679
f 2656 2679 2655
f 2657 2677 2678
f 2657 2678 2656
f 2658 2676 2677
f 2658 2677 2657
f 2659 2675 2676
f 2659 2676 2658
f 2660 2674 2675
f 2660 2675 2659
f 2661 2673 2674
f 2661 2674 2660
f 2662 2672 2673
f 2662 2673 2661
f 2663 2672 2662
f 2663 2671 2672
f 2664 2671 2663
f 2664 2670 2671
f 2665 2670 2664
f 2665 2669 2670
f 2666 2669 2665
f 2666 2668 2669
f 2706 2708 2707
f 2706 2709 2708
f 2711 2710 2709
f 2704 2706 2705
f 2704 2709 2706
f 2714 2713 2712
f 2702 2704 2703
f 2701 2704 2702
f 2717 2716 2715
f 2699 2701 2700
f 2699 2709 2704
f 2699 2704 2701
f 2719 2718 2717
f 2696 2698 2697
f 2696 2699 2698
f 2696 2712 2711
f 2696 2711 2709
f 2696 2709 2699
f 2686 2720 2719
f 2686 2721 2720
f 2694 2696 2695
f 2694 2714 2712
f 2694 2712 2696
f 2693 2714 2694
f 2688 2687 2686
f 2689 2688 2686
f 2689 2686 2719
f 2691 2689 2719
f 2691 2693 2692
f 2691 2715 2714
f 2691 2717 2715
f 2691 2719 2717
f 2691 2714 2693
f 2690 2689 2691
f 2723 2741 2722
f 2723 2759 2741
f 2724 2758 2759
f 2724 2759 2723
f 2725 2757 2758
f 2725 2758 2724
f 2726 2756 2757
f 2726 2757 2725
f 2727 2755 2756
f 2727 2756 2726
f 2728 2754 2755
f 2728 2755 2727
f 2729 2753 2754
f 2729 2754 2728
f 2730 2752 2753
f 2730 2753 2729
f 2731 2751 2752
f 2731 2752 2730
f 2732 2749 2750
f 2732 2750 2751
f 2732 2751 2731
f 2733 2749 2732
f 2734 2748 2749
f 2734 2749 2733
f 2735 2747 2748
f 2735 2748 2734
f 2736 2745 2746
f 2736 2746 2747
f 2736 2747 2735
f 2737 2745 2736
f 2738 2745 2737
f 2738 2744 2745
f 2739 2744 2738
f 2739 2743 2744
f 2740 2743 2739
f 2740 2742 2743
f 2761 2779 2760
f 2761 2797 2779
f 2762 2796 2797
f 2762 2797 2761
f 2763 2795 2796
f 2763 2796 2762
f 2764 2794 2795
f 2764 2795 2763
f 2765 2793 2794
f 2765 2794 2764
f 2766 2791 2792
f 2766 2792 2793
f 2766 2793 2765
f 2767 2791 2766
f 2768 2790 2791
f 2768 2791 2767
f 2769 2789 2790
f 2769 2790 2768
f 2770 2787 2788
f 2770 2788 2789
f 2770 2789 2769
f 2771 2787 2770
f 2772 2786 2787
f 2772 2787 2771
f 2773 2785 2786
f 2773 2786 2772
f 2774 2784 2785
f 2774 2785 2773
f 2775 2784 2774
f 2775 2783 2784
f 2776 2783 2775
f 2776 2781 2782
f 2776 2782 2783
f 2777 2781 2776
f 2778 2781 2777
f 2778 2780 2781
f 2818 2817 2816
f 2819 2818 2816
f 2820 2819 2816
f 2812 2814 2813
f 2812 2815 2814
f 2811 2815 2812
f 2822 2821 2820
f 2809 2811 2810
f 2825 2824 2823
f 2807 2809 2808
f 2806 2816 2815
f 2806 2815 2811
f 2806 2809 2807
f 2806 2811 2809
f 2804 2806 2805
f 2804 2816 2806
f 2801 2803 2802
f 2801 2804 2803
f 2801 2822 2820
f 2801 2820 2816
f 2801 2816 2804
f 2800 2822 2801
f 2799 2823 2822
f 2799 2822 2800
f 2798 2826 2825
f 2798 2827 2826
f 2798 2828 2827
f 2798 2829 2828
f 2798 2830 2829
f 2798 2831 2830
f 2798 2832 2831
f 2798 2833 2832
f 2798 2825 2823
f 2798 2823 2799
f 2834 2871 2853
f 2835 2871 2834
f 2836 2870 2871
f 2836 2871 2835
f 2837 2869 2870
f 2837 2870 2836
f 2838 2868 2869
f 2838 2869 2837
f 2839 2867 2868
f 2839 2868 2838
f 2840 2866 2867
f 2840 2867 2839
f 2841 2865 2866
f 2841 2866 2840
f 2842 2864 2865
f 2842 2865 2841
f 2843 2863 2864
f 2843 2864 2842
f 2844 2861 2862
f 2844 2862 2863
f 2844 2863 2843
f 2845 2861 2844
f 2846 2860 2861
f 2846 2861 2845
f 2847 2859 2860
f 2847 2860 2846
f 2848 2857 2858
f 2848 2858 2859
f 2848 2859 2847
f 2849 2857 2848
f 2850 2857 2849
f 2850 2856 2857
f 2851 2856 2850
f 2851 2855 2856
f 2852 2855 2851
f 2852 2854 2855
f 2873 2891 2872
f 2873 2909 2891
f 2874 2908 2909
f 2874 2909 2873
f 2875 2907 2908
f 2875 2908 2874
f 2876 2906 2907
f 2876 2907 2875
f 2877 2905 2906
f 2877 2906 2876
f 2878 2904 2905
f 2878 2905 2877
f 2879 2903 2904
f 2879 2904 2878
f 2880 2902 2903
f 2880 2903 2879
f 2881 2901 2902
f 2881 2902 2880
f 2882 2900 2901
f 2882 2901 2881
f 2883 2899 2900
f 2883 2900 2882
f 2884 2898 2899
f 2884 2899 2883
f 2885 2897 2898
f 2885 2898 2884
f 2886 2896 2897
f 2886 2897 2885
f 2887 2896 2886
f 2887 2895 2896
f 2888 2895 2887
f 2888 2894 2895
f 2889 2894 2888
f 2889 2893 2894
f 2890 2893 2889
f 2890 2892 2893
f 2926 2925 2924
f 2928 2927 2926
f 2930 2929 2928
f 2930 2928 2926
f 2932 2931 2930
f 2932 2926 2924
f 2932 2930 2926
f 2933 2924 2923
f 2933 2932 2924
f 2934 2923 2922
f 2934 2933 2923
f 2936 2921 2920
f 2936 2922 2921
f 2936 2935 2934
f 2936 2934 2922
f 2937 2920 2919
f 2937 2936 2920
f 2910 2912 2911
f 2938 2919 2918
f 2938 2937 2919
f 2944 2913 2912
f 2944 2914 2913
f 2944 2910 2945
f 2944 2912 2910
f 2940 2917 2916
f 2940 2918 2917
f 2940 2939 2938
f 2940 2938 2918
f 2941 2940 2916
f 2942 2915 2914
f 2942 2916 2915
f 2942 2944 2943
f 2942 2941 2916
f 2942 2914 2944
f 2947 2965 2946
f 2947 2983 2965
f 2948 2982 2983
f 2948 2983 2947
f 2949 2981 2982
f 2949 2982 2948
f 2950 2980 2981
f 2950 2981 2949
f 2951 2979 2980
f 2951 2980 2950
f 2952 2978 2979
f 2952 2979 2951
f 2953 2977 2978
f 2953 2978 2952
f 2954 2976 2977
f 2954 2977 2953
f 2955 2975 2976
f 2955 2976 2954
f 2956 2973 2974
f 2956 2974 2975
f 2956 2975 2955
f 2957 2973 2956
f 2958 2972 2973
f 2958 2973 2957
f 2959 2971 2972
f 2959 2972 2958
f 2960 2969 2970
f 2960 2970 2971
f 2960 2971 2959
f 2961 2969 2960
f 2962 2969 2961
f 2962 2968 2969
f 2963 2968 2962
f 2963 2967 2968
f 2964 2967 2963
f 2964 2966 2967
f 2985 3003 2984
f 2985 3021 3003
f 2986 3020 3021
f 2986 3021 2985
f 2987 3019 3020
f 2987 3020 2986
f 2988 3018 3019
f 2988 3019 2987
f 2989 3017 3018
f 2989 3018 2988
f 2990 3016 3017
f 2990 3017 2989
f 2991 3014 3015
f 2991 3015 3016
f 2991 3016 2990
f 2992 3014 2991
f 2993 3013 3014
f 2993 3014 2992
f 2994 3012 3013
f 2994 3013 2993
f 2995 3011 3012
f 2995 3012 2994
f 2996 3010 3011
f 2996 3011 2995
f 2997 3009 3010
f 2997 3010 2996
f 2998 3008 3009
f 2998 3009 2997
f 2999 3008 2998
f 2999 3007 3008
f 3000 3007 2999
f 3000 3006 3007
f 3001 3006 3000
f 3001 3005 3006
f 3002 3005 3001
f 3002 3004 3005
f 3034 3032 3031
f 3034 3033 3032
f 3027 3029 3028
f 3027 3030 3029
f 3027 3031 3030
f 3037 3035 3034
f 3037 3036 3035
f 3038 3037 3034
f 3023 3025 3024
f 3023 3026 3025
f 3023 3027 3026
f 3023 3031 3027
f 3023 3038 3034
f 3023 3034 3031
f 3041 3040 3039
f 3043 3039 3038
f 3043 3042 3041
f 3043 3041 3039
f 3055 3023 3022
f 3055 3057 3056
f 3055 3022 3057
f 3046 3045 3044
f 3052 3054 3053
f 3052 3055 3054
f 3052 3023 3055
f 3047 3044 3043
f 3047 3046 3044
f 3047 3043 3038
f 3049 3048 3047
f 3049 3051 3050
f 3049 3052 3051
f 3049 3038 3023
f 3049 3023 3052
f 3049 3047 3038
f 3058 3095 3077
f 3059 3095 3058
f 3060 3094 3095
f 3060 3095 3059
f 3061 3093 3094
f 3061 3094 3060
f 3062 3092 3093
f 3062 3093 3061
f 3063 3091 3092
f 3063 3092 3062
f 3064 3090 3091
f 3064 3091 3063
f 3065 3089 3090
f 3065 3090 3064
f 3066 3088 3089
f 3066 3089 3065
f 3067 3087 3088
f 3067 3088 3066
f 3068 3085 3086
f 3068 3086 3087
f 3068 3087 3067
f 3069 3085 3068
f 3070 3084 3085
f 3070 3085 3069
f 3071 3083 3084
f 3071 3084 3070
f 3072 3081 3082
f 3072 3082 3083
f 3072 3083 3071
f 3073 3081 3072
f 3074 3081 3073
f 3074 3080 3081
f 3075 3080 3074
f 3075 3079 3080
f 3076 3079 3075
f 3076 3078 3079
f 3097 3115 3096
f 3097 3133 3115
f 3098 3132 3133
f 3098 3133 3097
f 3099 3131 3132
f 3099 3132 3098
f 3100 3130 3131
f 3100 3131 3099
f 3101 3129 3130
f 3101 3130 3100
f 3102 3128 3129
f 3102 3129 3101
f 3103 3127 3128
f 3103 3128 3102
f 3104 3126 3127
f 3104 3127 3103
f 3105 3125 3126
f 3105 3126 3104
f 3106 3124 3125
f 3106 3125 3105
f 3107 3123 3124
f 3107 3124 3106
f 3108 3122 3123
f 3108 3123 3107
f 3109 3121 3122
f 3109 3122 3108
f 3110 3120 3121
f 3110 3121 3109
f 3111 3120 3110
f 3111 3119 3120
f 3112 3119 3111
f 3112 3118 3119
f 3113 3118 3112
f 3113 3117 3118
f 3114 3117 3113
f 3114 3116 3117
f 3140 3139 3138
f 3136 3138 3137
f 3134 3136 3135
f 3134 3138 3136
f 3167 3169 3168
f 3166 3134 3169
f 3166 3169 3167
f 3148 3147 3146
f 3164 3141 3140
f 3164 3166 3165
f 3164 3140 3138
f 3164 3138 3134
f 3164 3134 3166
f 3149 3148 3146
f 3162 3142 3141
f 3162 3164 3163
f 3162 3141 3164
f 3152 3150 3149
f 3152 3151 3150
f 3160 3143 3142
f 3160 3144 3143
f 3160 3162 3161
f 3160 3142 3162
f 3154 3153 3152
f 3158 3145 3144
f 3158 3146 3145
f 3158 3160 3159
f 3158 3152 3149
f 3158 3149 3146
f 3158 3144 3160
f 3155 3154 3152
f 3157 3152 3158
f 3157 3155 3152
f 3156 3155 3157
f 3171 3189 3170
f 3171 3207 3189
f 3172 3206 3207
f 3172 3207 3171
f 3173 3205 3206
f 3173 3206 3172
f 3174 3204 3205
f 3174 3205 3173
f 3175 3203 3204
f 3175 3204 3174
f 3176 3202 3203
f 3176 3203 3175
f 3177 3201 3202
f 3177 3202 3176
f 3178 3200 3201
f 3178 3201 3177
f 3179 3199 3200
f 3179 3200 3178
f 3180 3197 3198
f 3180 3198 3199
f 3180 3199 3179
f 3181 3197 3180
f 3182 3196 3197
f 3182 3197 3181
f 3183 3195 3196
f 3183 3196 3182
f 3184 3193 3194
f 3184 3194 3195
f 3184 3195 3183
f 3185 3193 3184
f 3186 3193 3185
f 3186 3192 3193
f 3187 3192 3186
f 3187 3191 3192
f 3188 3191 3187
f 3188 3190 3191
f 3209 3227 3208
f 3209 3245 3227
f 3210 3244 3245
f 3210 3245 3209
f 3211 3243 3244
f 3211 3244 3210
f 3212 3242 3243
f 3212 3243 3211
f 3213 3241 3242
f 3213 3242 3212
f 3214 3239 3240
f 3214 3240 3241
f 3214 3241 3213
f 3215 3239 3214
f 3216 3238 3239
f 3216 3239 3215
f 3217 3237 3238
f 3217 3238 3216
f 3218 3235 3236
f 3218 3236 3237
f 3218 3237 3217
f 3219 3235 3218
f 3220 3234 3235
f 3220 3235 3219
f 3221 3233 3234
f 3221 3234 3220
f 3222 3232 3233
f 3222 3233 3221
f 3223 3232 3222
f 3223 3231 3232
f 3224 3231 3223
f 3224 3229 3230
f 3224 3230 3231
f 3225 3229 3224
f 3226 3229 3225
f 3226 3228 3229
f 3264 3265 3274
f 3263 3274 3273
f 3263 3264 3274
f 3262 3273 3272
f 3262 3263 3273
f 3261 3272 3271
f 3261 3262 3272
f 3260 3271 3270
f 3260 3261 3271
f 3259 3270 3269
f 3259 3260 3270
f 3258 3259 3269
f 3257 3268 3267
f 3257 3269 3268
f 3257 3258 3269
f 3256 3257 3267
f 3293 3266 3275
f 3255 3256 3267
f 3255 3267 3266
f 3254 3255 3266
f 3254 3266 3293
f 3253 3254 3293
f 3253 3292 3291
f 3253 3293 3292
f 3252 3253 3291
f 3251 3252 3291
f 3251 3290 3289
f 3251 3291 3290
f 3250 3251 3289
f 3249 3250 3289
f 3249 3289 3288
f 3248 3249 3288
f 3248 3288 3287
f 3305 3286 3285
f 3247 3286 3305
f 3247 3248 3287
f 3247 3287 3286
f 3304 3285 3284
f 3304 3305 3285
f 3246 3247 3305
f 3303 3284 3283
f 3303 3304 3284
f 3302 3283 3282
f 3302 3303 3283
f 3301 3282 3281
f 3301 3302 3282
f 3300 3281 3280
f 3300 3301 3281
f 3299 3300 3280
f 3279 3299 3280
f 3296 3279 3278
f 3296 3295 3299
f 3296 3299 3279
f 3297 3278 3277
f 3297 3296 3278
f 3298 3277 3276
f 3298 3297 3277
f 3294 3298 3276
f 3332 3333 3334
f 3331 3332 3334
f 3311 3334 3335
f 3311 3335 3336
f 3311 3336 3337
f 3329 3330 3331
f 3326 3327 3328
f 3315 3311 3312
f 3315 3312 3313
f 3315 3313 3314
f 3316 3334 3311
f 3316 3311 3315
f 3323 3324 3325
f 3323 3325 3326
f 3318 3316 3317
f 3318 3331 3334
f 3318 3334 3316
f 3319 3331 3318
f 3320 3321 3322
f 3320 3322 3323
f 3320 3328 3329
f 3320 3329 3331
f 3320 3326 3328
f 3320 3323 3326
f 3320 3331 3319
f 3309 3319 3308
f 3307 3338 3339
f 3307 3339 3320
f 3307 3320 3319
f 3307 3319 3309
f 3306 3307 3309
f 3306 3309 3310
f 3341 3343 3342
f 3341 3340 3343
f 3347 3346 3344
f 3350 3344 3345
f 3348 3347 3344
f 3349 3344 3350
f 3349 3348 3344
f 3370 3352 3351
f 3370 3351 3361
f 3369 3361 3360
f 3369 3370 3361
f 3368 3360 3359
f 3368 3369 3360
f 3367 3359 3358
f 3367 3368 3359
f 3366 3358 3357
f 3366 3367 3358
f 3365 3357 3356
f 3365 3366 3357
f 3364 3356 3355
f 3364 3365 3356
f 3363 3355 3354
f 3363 3364 3355
f 3362 3354 3353
f 3362 3363 3354
f 3374 3373 3392
f 3374 3392 3393
f 3375 3374 3393
f 3394 3375 3393
f 3376 3375 3394
f 3395 3376 3394
f 3377 3376 3395
f 3396 3377 3395
f 3378 3377 3396
f 3397 3378 3396
f 3379 3378 3397
f 3398 3379 3397
f 3380 3379 3398
f 3399 3380 3398
f 3381 3380 3399
f 3400 3381 3399
f 3382 3381 3400
f 3401 3382 3400
f 3383 3382 3401
f 3402 3383 3401
f 3384 3383 3402
f 3403 3384 3402
f 3385 3384 3403
f 3404 3385 3403
f 3386 3385 3404
f 3405 3386 3404
f 3387 3386 3405
f 3406 3387 3405
f 3388 3387 3406
f 3407 3388 3406
f 3389 3388 3407
f 3408 3389 3407
f 3390 3389 3408
f 3409 3390 3408
f 3391 3390 3409
f 3371 3391 3409
f 3372 3391 3371
f 3608 3444 3443
f 3568 3440 3439
f 3567 3440 3568
f 3609 3608 3443
f 3607 3444 3608
f 3566 3440 3567
f 3569 3568 3439
f 3610 3609 3443
f 3606 3444 3607
f 3565 3440 3566
f 3570 3569 3439
f 3611 3610 3443
f 3605 3444 3606
f 3571 3570 3439
f 3564 3440 3565
f 3604 3444 3605
f 3612 3611 3443
f 3563 3440 3564
f 3572 3571 3439
f 3613 3612 3443
f 3603 3444 3604
f 3573 3572 3439
f 3562 3440 3563
f 3614 3613 3443
f 3602 3444 3603
f 3574 3573 3439
f 3561 3440 3562
f 3615 3614 3443
f 3601 3444 3602
f 3575 3574 3439
f 3560 3440 3561
f 3600 3444 3601
f 3616 3615 3443
f 3576 3575 3439
f 3576 3439 3438
f 3599 3444 3600
f 3599 3445 3444
f 3577 3576 3438
f 3598 3445 3599
f 3578 3577 3438
f 3597 3445 3598
f 3579 3578 3438
f 3596 3445 3597
f 3580 3579 3438
f 3757 3441 3440
f 3756 3442 3441
f 3756 3441 3757
f 3758 3440 3560
f 3758 3555 3554
f 3758 3556 3555
f 3758 3557 3556
f 3758 3558 3557
f 3758 3559 3558
f 3758 3560 3559
f 3758 3757 3440
f 3755 3617 3616
f 3755 3618 3617
f 3755 3619 3618
f 3755 3620 3619
f 3755 3621 3620
f 3755 3622 3621
f 3755 3442 3756
f 3755 3443 3442
f 3755 3616 3443
f 3759 3758 3554
f 3759 3583 3582
f 3759 3584 3583
f 3759 3585 3584
f 3759 3586 3585
f 3759 3587 3586
f 3759 3588 3587
f 3759 3589 3588
f 3759 3554 3589
f 3754 3623 3622
f 3754 3624 3623
f 3754 3625 3624
f 3754 3590 3625
f 3754 3622 3755
f 3754 3591 3590
f 3754 3592 3591
f 3754 3593 3592
f 3760 3438 3437
f 3760 3759 3582
f 3760 3581 3580
f 3760 3580 3438
f 3760 3582 3581
f 3753 3593 3754
f 3753 3445 3596
f 3753 3594 3593
f 3753 3595 3594
f 3753 3596 3595
f 3761 3437 3436
f 3761 3760 3437
f 3752 3410 3445
f 3752 3445 3753
f 3762 3761 3436
f 3751 3411 3410
f 3751 3410 3752
f 3527 3436 3435
f 3648 3412 3411
f 3648 3411 3649
f 3526 3436 3527
f 3528 3527 3435
f 3650 3649 3411
f 3647 3412 3648
f 3525 3436 3526
f 3529 3528 3435
f 3651 3650 3411
f 3646 3412 3647
f 3530 3529 3435
f 3524 3762 3436
f 3524 3436 3525
f 3645 3412 3646
f 3652 3411 3751
f 3652 3651 3411
f 3523 3762 3524
f 3531 3530 3435
f 3653 3652 3751
f 3644 3412 3645
f 3532 3531 3435
f 3522 3762 3523
f 3643 3412 3644
f 3654 3653 3751
f 3533 3532 3435
f 3521 3762 3522
f 3642 3412 3643
f 3534 3533 3435
f 3641 3412 3642
f 3535 3534 3435
f 3640 3412 3641
f 3536 3535 3435
f 3763 3762 3521
f 3763 3519 3518
f 3763 3520 3519
f 3763 3521 3520
f 3763 3551 3550
f 3763 3552 3551
f 3763 3553 3552
f 3763 3518 3553
f 3750 3654 3751
f 3750 3655 3654
f 3750 3656 3655
f 3750 3657 3656
f 3750 3658 3657
f 3750 3659 3658
f 3750 3660 3659
f 3750 3661 3660
f 3750 3626 3661
f 3434 3537 3536
f 3434 3538 3537
f 3434 3536 3435
f 3434 3539 3538
f 3434 3540 3539
f 3434 3541 3540
f 3434 3542 3541
f 3434 3543 3542
f 3434 3544 3543
f 3413 3633 3632
f 3413 3634 3633
f 3413 3635 3634
f 3413 3636 3635
f 3413 3637 3636
f 3413 3412 3640
f 3413 3638 3637
f 3413 3639 3638
f 3413 3640 3639
f 3764 3545 3544
f 3764 3546 3545
f 3764 3547 3546
f 3764 3548 3547
f 3764 3549 3548
f 3764 3550 3549
f 3764 3544 3434
f 3764 3763 3550
f 3749 3627 3626
f 3749 3628 3627
f 3749 3629 3628
f 3749 3630 3629
f 3749 3631 3630
f 3749 3632 3631
f 3749 3626 3750
f 3749 3413 3632
f 3433 3764 3434
f 3765 3764 3433
f 3748 3414 3413
f 3748 3413 3749
f 3747 3414 3748
f 3432 3766 3765
f 3432 3765 3433
f 3415 3414 3747
f 3746 3415 3747
f 3431 3766 3432
f 3431 3767 3766
f 3416 3415 3746
f 3487 3486 3767
f 3688 3416 3746
f 3688 3746 3689
f 3690 3689 3746
f 3485 3767 3486
f 3488 3767 3431
f 3488 3487 3767
f 3691 3690 3746
f 3687 3416 3688
f 3484 3767 3485
f 3489 3488 3431
f 3686 3416 3687
f 3692 3691 3746
f 3483 3767 3484
f 3490 3489 3431
f 3693 3692 3746
f 3685 3416 3686
f 3482 3767 3483
f 3482 3768 3767
f 3491 3490 3431
f 3684 3416 3685
f 3694 3746 3745
f 3694 3693 3746
f 3492 3491 3431
f 3517 3768 3482
f 3683 3416 3684
f 3695 3694 3745
f 3493 3492 3431
f 3516 3768 3517
f 3682 3416 3683
f 3696 3695 3745
f 3494 3493 3431
f 3515 3768 3516
f 3697 3696 3745
f 3681 3416 3682
f 3495 3494 3431
f 3514 3768 3515
f 3662 3697 3745
f 3680 3416 3681
f 3496 3495 3431
f 3513 3768 3514
f 3663 3662 3745
f 3512 3768 3513
f 3664 3663 3745
f 3511 3768 3512
f 3665 3664 3745
f 3510 3768 3511
f 3769 3768 3510
f 3769 3509 3508
f 3769 3510 3509
f 3744 3665 3745
f 3744 3666 3665
f 3744 3667 3666
f 3744 3668 3667
f 3430 3496 3431
f 3430 3497 3496
f 3430 3498 3497
f 3430 3499 3498
f 3430 3500 3499
f 3430 3501 3500
f 3430 3502 3501
f 3430 3503 3502
f 3430 3504 3503
f 3417 3416 3680
f 3417 3672 3671
f 3417 3673 3672
f 3417 3674 3673
f 3417 3675 3674
f 3417 3676 3675
f 3417 3677 3676
f 3417 3678 3677
f 3417 3679 3678
f 3417 3680 3679
f 3429 3769 3508
f 3429 3504 3430
f 3429 3505 3504
f 3429 3506 3505
f 3429 3507 3506
f 3429 3508 3507
f 3418 3668 3744
f 3418 3744 3743
f 3418 3417 3671
f 3418 3669 3668
f 3418 3670 3669
f 3418 3671 3670
f 3428 3734 3769
f 3428 3769 3429
f 3419 3743 3742
f 3419 3418 3743
f 3730 3729 3741
f 3481 3736 3446
f 3447 3446 3736
f 3728 3741 3729
f 3731 3730 3741
f 3480 3736 3481
f 3448 3447 3736
f 3732 3731 3741
f 3727 3741 3728
f 3479 3736 3480
f 3449 3736 3735
f 3449 3448 3736
f 3726 3742 3741
f 3726 3741 3727
f 3733 3732 3741
f 3478 3736 3479
f 3478 3737 3736
f 3450 3449 3735
f 3698 3741 3740
f 3698 3733 3741
f 3725 3742 3726
f 3477 3737 3478
f 3451 3450 3735
f 3699 3698 3740
f 3724 3742 3725
f 3476 3737 3477
f 3452 3451 3735
f 3700 3699 3740
f 3475 3737 3476
f 3701 3700 3740
f 3474 3737 3475
f 3702 3701 3740
f 3473 3737 3474
f 3703 3702 3740
f 3472 3737 3473
f 3704 3703 3740
f 3427 3735 3734
f 3427 3453 3452
f 3427 3454 3453
f 3427 3455 3454
f 3427 3452 3735
f 3427 3734 3428
f 3420 3419 3742
f 3420 3721 3720
f 3420 3722 3721
f 3420 3723 3722
f 3420 3724 3723
f 3420 3742 3724
f 3426 3455 3427
f 3426 3456 3455
f 3426 3457 3456
f 3426 3458 3457
f 3426 3459 3458
f 3426 3460 3459
f 3426 3461 3460
f 3426 3462 3461
f 3426 3463 3462
f 3426 3464 3463
f 3421 3713 3712
f 3421 3714 3713
f 3421 3715 3714
f 3421 3716 3715
f 3421 3717 3716
f 3421 3718 3717
f 3421 3719 3718
f 3421 3720 3719
f 3421 3420 3720
f 3425 3464 3426
f 3425 3465 3464
f 3425 3466 3465
f 3425 3467 3466
f 3425 3468 3467
f 3425 3469 3468
f 3425 3470 3469
f 3425 3471 3470
f 3425 3472 3471
f 3425 3737 3472
f 3422 3740 3739
f 3422 3421 3712
f 3422 3705 3704
f 3422 3704 3740
f 3422 3706 3705
f 3422 3707 3706
f 3422 3708 3707
f 3422 3709 3708
f 3422 3710 3709
f 3422 3711 3710
f 3422 3712 3711
f 3424 3738 3737
f 3424 3737 3425
f 3423 3739 3738
f 3423 3422 3739
f 3423 3738 3424
f 3773 3772 3791
f 3773 3791 3792
f 3774 3773 3792
f 3793 3774 3792
f 3775 3774 3793
f 3794 3775 3793
f 3776 3775 3794
f 3795 3776 3794
f 3777 3776 3795
f 3796 3777 3795
f 3778 3777 3796
f 3797 3778 3796
f 3779 3778 3797
f 3798 3779 3797
f 3780 3779 3798
f 3799 3780 3798
f 3781 3780 3799
f 3800 3781 3799
f 3782 3781 3800
f 3801 3782 3800
f 3783 3782 3801
f 3802 3783 3801
f 3784 3783 3802
f 3803 3784 3802
f 3785 3784 3803
f 3804 3785 3803
f 3786 3785 3804
f 3805 3786 3804
f 3787 3786 3805
f 3806 3787 3805
f 3788 3787 3806
f 3807 3788 3806
f 3789 3788 3807
f 3808 3789 3807
f 3790 3789 3808
f 3770 3790 3808
f 3771 3790 3770
f 3830 3809 3810
f 3830 3810 3811
f 3831 3830 3811
f 3812 3831 3811
f 3832 3831 3812
f 3813 3832 3812
f 3833 3832 3813
f 3814 3833 3813
f 3834 3833 3814
f 3815 3834 3814
f 3835 3834 3815
f 3816 3835 3815
f 3836 3835 3816
f 3817 3836 3816
f 3837 3836 3817
f 3818 3837 3817
f 3838 3837 3818
f 3819 3838 3818
f 3839 3838 3819
f 3820 3839 3819
f 3840 3839 3820
f 3821 3840 3820
f 3841 3840 3821
f 3822 3841 3821
f 3842 3841 3822
f 3823 3842 3822
f 3843 3842 3823
f 3824 3843 3823
f 3844 3843 3824
f 3825 3844 3824
f 3845 3844 3825
f 3826 3845 3825
f 3846 3845 3826
f 3827 3846 3826
f 3847 3846 3827
f 3828 3847 3827
f 3829 3847 3828
f 3887 3848 3849
f 3887 3849 3850
f 3886 3850 3851
f 3886 3887 3850
f 3885 3851 3852
f 3885 3886 3851
f 3884 3852 3853
f 3884 3885 3852
f 3883 3853 3854
f 3883 3854 3855
f 3883 3884 3853
f 3882 3883 3855
f 3881 3855 3856
f 3881 3856 3857
f 3881 3882 3855
f 3880 3857 3858
f 3880 3881 3857
f 3879 3880 3858
f 3878 3858 3859
f 3878 3879 3858
f 3877 3859 3860
f 3877 3878 3859
f 3876 3860 3861
f 3876 3877 3860
f 3875 3861 3862
f 3875 3876 3861
f 3874 3862 3863
f 3874 3875 3862
f 3873 3874 3863
f 3873 3863 3864
f 3872 3873 3864
f 3872 3864 3865
f 3872 3865 3866
f 3871 3872 3866
f 3870 3871 3866
f 3870 3866 3867
f 3870 3867 3868
f 3869 3870 3868
f 3888 3889 3890
f 3926 3890 3891
f 3926 3888 3890
f 3925 3891 3892
f 3925 3926 3891
f 3924 3892 3893
f 3924 3925 3892
f 3923 3893 3894
f 3923 3924 3893
f 3922 3894 3895
f 3922 3923 3894
f 3921 3895 3896
f 3921 3922 3895
f 3920 3896 3897
f 3920 3921 3896
f 3919 3897 3898
f 3919 3920 3897
f 3918 3898 3899
f 3918 3919 3898
f 3917 3899 3900
f 3917 3918 3899
f 3916 3900 3901
f 3916 3917 3900
f 3915 3901 3902
f 3915 3916 3901
f 3914 3902 3903
f 3914 3915 3902
f 3913 3903 3904
f 3913 3914 3903
f 3912 3913 3904
f 3912 3904 3905
f 3911 3912 3905
f 3911 3905 3906
f 3910 3911 3906
f 3910 3906 3907
f 3909 3910 3907
f 3909 3907 3908
f 3948 3927 3928
f 3948 3928 3929
f 3949 3929 3930
f 3949 3948 3929
f 3950 3930 3931
f 3950 3949 3930
f 3951 3931 3932
f 3951 3950 3931
f 3952 3932 3933
f 3952 3951 3932
f 3953 3933 3934
f 3953 3952 3933
f 3954 3934 3935
f 3954 3953 3934
f 3955 3935 3936
f 3955 3954 3935
f 3956 3936 3937
f 3956 3955 3936
f 3957 3937 3938
f 3957 3956 3937
f 3958 3938 3939
f 3958 3957 3938
f 3959 3939 3940
f 3959 3958 3939
f 3960 3940 3941
f 3960 3959 3940
f 3961 3941 3942
f 3961 3960 3941
f 3962 3942 3943
f 3962 3961 3942
f 3963 3962 3943
f 3963 3943 3944
f 3964 3963 3944
f 3964 3944 3945
f 3947 3964 3945
f 3947 3945 3946
f 4136 3970 3969
f 4135 3970 4136
f 4137 4136 3969
f 4138 4137 3969
f 4134 3970 4135
f 4133 3970 4134
f 4139 4138 3969
f 4140 4139 3969
f 4132 3970 4133
f 4131 3970 4132
f 4141 4140 3969
f 4130 3970 4131
f 4142 4141 3969
f 4129 3970 4130
f 4143 4142 3969
f 4128 3970 4129
f 4144 4143 3969
f 4109 4144 3969
f 4127 3970 4128
f 4110 4109 3969
f 4126 3970 4127
f 4032 3970 4126
f 4032 4119 4118
f 4032 4120 4119
f 4032 4121 4120
f 4032 4122 4121
f 4032 4123 4122
f 4032 4124 4123
f 4032 4125 4124
f 4032 4126 4125
f 4033 4110 3969
f 4033 4032 4118
f 4033 4111 4110
f 4033 4112 4111
f 4033 4113 4112
f 4033 4114 4113
f 4033 4115 4114
f 4033 4116 4115
f 4033 4117 4116
f 4033 4118 4117
f 4034 3969 3968
f 4034 4033 3969
f 4031 3971 3970
f 4031 3970 4032
f 4035 3968 3967
f 4035 4034 3968
f 4030 3972 3971
f 4030 3971 4031
f 4095 3966 3965
f 4096 4095 3965
f 4177 3974 3973
f 4177 4176 3974
f 4097 4096 3965
f 4094 3966 4095
f 4178 4177 3973
f 4175 3974 4176
f 4098 4097 3965
f 4093 3966 4094
f 4179 4178 3973
f 4174 3974 4175
f 4036 3967 3966
f 4036 4035 3967
f 4029 3973 3972
f 4029 3972 4030
f 4099 4098 3965
f 4092 3966 4093
f 4180 4179 3973
f 4173 3974 4174
f 4091 3966 4092
f 4100 4099 3965
f 4145 4180 3973
f 4172 3974 4173
f 4090 4036 3966
f 4090 3966 4091
f 4101 4100 3965
f 4146 3973 4029
f 4146 4145 3973
f 4171 3974 4172
f 4102 4101 3965
f 4089 4036 4090
f 4170 3974 4171
f 4147 4146 4029
f 4103 4102 3965
f 4088 4036 4089
f 4148 4147 4029
f 4169 3974 4170
f 4104 4103 3965
f 4087 4036 4088
f 4149 4148 4029
f 4168 3974 4169
f 4105 4104 3965
f 4086 4036 4087
f 4150 4149 4029
f 4167 3974 4168
f 4028 4150 4029
f 4028 4151 4150
f 4028 4152 4151
f 4028 4153 4152
f 4028 4154 4153
f 4028 4155 4154
f 4028 4156 4155
f 4028 4157 4156
f 4028 4158 4157
f 4001 4079 4078
f 4001 4080 4079
f 4001 4081 4080
f 4001 4082 4081
f 4001 4083 4082
f 4001 4084 4083
f 4001 4085 4084
f 4001 4086 4085
f 4001 4036 4086
f 3975 4167 4166
f 3975 3974 4167
f 3975 4163 4162
f 3975 4164 4163
f 3975 4165 4164
f 3975 4166 4165
f 4000 4074 4073
f 4000 4106 4105
f 4000 4107 4106
f 4000 4108 4107
f 4000 4105 3965
f 4000 4073 4108
f 4002 4001 4078
f 4002 4075 4074
f 4002 4076 4075
f 4002 4077 4076
f 4002 4078 4077
f 4002 4074 4000
f 4027 4158 4028
f 4027 3975 4162
f 4027 4159 4158
f 4027 4160 4159
f 4027 4161 4160
f 4027 4162 4161
f 4003 4000 3999
f 4003 4002 4000
f 4026 3976 3975
f 4026 3975 4027
f 4025 3977 3976
f 4025 3976 4026
f 4004 3999 3998
f 4004 4003 3999
f 4024 3978 3977
f 4024 3977 4025
f 4005 4004 3998
f 4005 3998 3997
f 4182 3978 4024
f 4182 4181 3978
f 4216 3978 4181
f 4054 3997 4055
f 4054 4005 3997
f 4056 4055 3997
f 4183 4182 4024
f 4215 3978 4216
f 4057 4056 3997
f 4053 4005 4054
f 4184 4183 4024
f 4214 3978 4215
f 4058 4057 3997
f 4052 4005 4053
f 4185 4184 4024
f 4213 3978 4214
f 4051 4005 4052
f 4059 4058 3997
f 4186 4185 4024
f 4212 3978 4213
f 4060 4059 3997
f 4050 4005 4051
f 4187 4186 4024
f 4211 3978 4212
f 4049 4005 4050
f 4061 4060 3997
f 4188 4187 4024
f 4210 3978 4211
f 4062 4061 3997
f 4048 4005 4049
f 4189 4188 4024
f 4209 3978 4210
f 4047 4005 4048
f 4063 4062 3997
f 4190 4189 4024
f 4208 3978 4209
f 4046 4005 4047
f 4064 4063 3997
f 4023 4191 4190
f 4023 4192 4191
f 4023 4193 4192
f 4023 4194 4193
f 4023 4195 4194
f 4023 4196 4195
f 4023 4197 4196
f 4023 4198 4197
f 4023 4190 4024
f 4006 4039 4038
f 4006 4040 4039
f 4006 4041 4040
f 4006 4042 4041
f 4006 4043 4042
f 4006 4044 4043
f 4006 4045 4044
f 4006 4046 4045
f 4006 4005 4046
f 3979 3978 4208
f 3979 4199 4198
f 3979 4200 4199
f 3979 4201 4200
f 3979 4202 4201
f 3979 4203 4202
f 3979 4204 4203
f 3979 4205 4204
f 3979 4206 4205
f 3979 4207 4206
f 3979 4208 4207
f 3979 4198 4023
f 3996 4066 4065
f 3996 4067 4066
f 3996 4068 4067
f 3996 4069 4068
f 3996 4070 4069
f 3996 4064 3997
f 3996 4071 4070
f 3996 4072 4071
f 3996 4037 4072
f 3996 4038 4037
f 3996 4006 4038
f 3996 4065 4064
f 4007 4006 3996
f 4022 3979 4023
f 3980 3979 4022
f 3995 4007 3996
f 4008 4007 3995
f 3981 3980 4022
f 3981 4022 4021
f 3994 4008 3995
f 3982 3981 4021
f 3982 4021 4020
f 3993 4008 3994
f 3993 4009 4008
f 4222 4221 4020
f 4222 4020 4019
f 4302 4010 4009
f 4303 4302 4009
f 4223 4222 4019
f 4220 4020 4221
f 4304 4303 4009
f 4301 4010 4302
f 4224 4223 4019
f 4300 4010 4301
f 4305 4304 4009
f 4219 4020 4220
f 4225 4224 4019
f 4299 4010 4300
f 4306 4009 3993
f 4306 4305 4009
f 4218 3982 4020
f 4218 4020 4219
f 4226 4225 4019
f 4298 4010 4299
f 4307 4306 3993
f 4217 3982 4218
f 4308 4307 3993
f 4297 4010 4298
f 4227 4226 4019
f 4252 3982 4217
f 4296 4010 4297
f 4309 4308 3993
f 4228 4227 4019
f 4251 3982 4252
f 4295 4010 4296
f 4310 4309 3993
f 4229 4228 4019
f 4250 3982 4251
f 4294 4010 4295
f 4311 4310 3993
f 4230 4229 4019
f 4249 3982 4250
f 4011 4291 4290
f 4011 4292 4291
f 4011 4293 4292
f 4011 4294 4293
f 4011 4010 4294
f 4018 4231 4230
f 4018 4232 4231
f 4018 4233 4232
f 4018 4234 4233
f 4018 4230 4019
f 3992 4312 4311
f 3992 4313 4312
f 3992 4314 4313
f 3992 4315 4314
f 3992 4316 4315
f 3992 4317 4316
f 3992 4318 4317
f 3992 4319 4318
f 3992 4320 4319
f 3992 4321 4320
f 3992 4311 3993
f 3983 4240 4239
f 3983 4241 4240
f 3983 4242 4241
f 3983 4243 4242
f 3983 4244 4243
f 3983 4245 4244
f 3983 4246 4245
f 3983 4247 4246
f 3983 3982 4249
f 3983 4248 4247
f 3983 4249 4248
f 3984 4234 4018
f 3984 4235 4234
f 3984 4236 4235
f 3984 4237 4236
f 3984 4238 4237
f 3984 4239 4238
f 3984 3983 4239
f 3991 4290 4289
f 3991 4011 4290
f 3991 4012 4011
f 3991 4322 4321
f 3991 4323 4322
f 3991 4324 4323
f 3991 4289 4324
f 3991 4321 3992
f 4262 4015 4014
f 4261 4015 4262
f 4263 4262 4014
f 4260 4015 4261
f 4264 4263 4014
f 4259 4015 4260
f 4265 4264 4014
f 4258 4015 4259
f 4266 4265 4014
f 4257 4015 4258
f 4267 4266 4014
f 4268 4267 4014
f 4256 4015 4257
f 3985 4018 4017
f 3985 3984 4018
f 3990 4013 4012
f 3990 4012 3991
f 4255 4015 4256
f 4269 4268 4014
f 4254 4015 4255
f 4270 4269 4014
f 3986 3985 4017
f 3986 4016 4015
f 3986 4017 4016
f 3989 4014 4013
f 3989 4013 3990
f 3987 4281 4280
f 3987 4282 4281
f 3987 4283 4282
f 3987 4015 4254
f 3987 4284 4283
f 3987 4285 4284
f 3987 4286 4285
f 3987 4287 4286
f 3987 4288 4287
f 3987 4253 4288
f 3987 3986 4015
f 3987 4254 4253
f 3988 4271 4270
f 3988 4272 4271
f 3988 4273 4272
f 3988 4274 4273
f 3988 4275 4274
f 3988 4276 4275
f 3988 4277 4276
f 3988 4278 4277
f 3988 4279 4278
f 3988 4280 4279
f 3988 3987 4280
f 3988 4270 4014
f 3988 4014 3989
f 4362 4325 4326
f 4361 4326 4327
f 4361 4362 4326
f 4360 4327 4328
f 4360 4361 4327
f 4359 4328 4329
f 4359 4360 4328
f 4358 4329 4330
f 4358 4359 4329
f 4357 4330 4331
f 4357 4358 4330
f 4356 4331 4332
f 4356 4357 4331
f 4355 4356 4332
f 4354 4332 4333
f 4354 4355 4332
f 4353 4333 4334
f 4353 4354 4333
f 4352 4334 4335
f 4352 4353 4334
f 4351 4335 4336
f 4351 4352 4335
f 4350 4336 4337
f 4350 4351 4336
f 4349 4337 4338
f 4349 4350 4337
f 4348 4338 4339
f 4348 4339 4340
f 4348 4349 4338
f 4347 4348 4340
f 4346 4347 4340
f 4346 4340 4341
f 4346 4341 4342
f 4345 4346 4342
f 4345 4342 4343
f 4344 4345 4343
f 4381 4382 4383
f 4380 4383 4384
f 4380 4381 4383
f 4379 4384 4385
f 4379 4380 4384
f 4378 4385 4386
f 4378 4379 4385
f 4377 4386 4387
f 4377 4378 4386
f 4376 4377 4387
f 4375 4387 4388
f 4375 4376 4387
f 4374 4388 4389
f 4374 4389 4390
f 4374 4375 4388
f 4373 4390 4391
f 4373 4374 4390
f 4372 4373 4391
f 4371 4391 4392
f 4371 4372 4391
f 4370 4392 4393
f 4370 4371 4392
f 4369 4393 4394
f 4369 4370 4393
f 4368 4394 4395
f 4368 4369 4394
f 4367 4395 4396
f 4367 4368 4395
f 4366 4367 4396
f 4366 4396 4397
f 4365 4366 4397
f 4365 4397 4398
f 4364 4365 4398
f 4364 4398 4399
f 4363 4364 4399
f 4363 4399 4400
f 4422 4401 4402
f 4422 4421 4401
f 4423 4402 4403
f 4423 4422 4402
f 4424 4403 4404
f 4424 4423 4403
f 4405 4424 4404
f 4425 4424 4405
f 4426 4405 4406
f 4426 4425 4405
f 4427 4406 4407
f 4427 4426 4406
f 4428 4407 4408
f 4428 4427 4407
f 4429 4408 4409
f 4429 4428 4408
f 4430 4409 4410
f 4430 4429 4409
f 4431 4410 4411
f 4431 4430 4410
f 4432 4411 4412
f 4432 4431 4411
f 4433 4412 4413
f 4433 4432 4412
f 4434 4413 4414
f 4434 4433 4413
f 4415 4434 4414
f 4435 4434 4415
f 4436 4435 4415
f 4436 4415 4416
f 4437 4436 4416
f 4437 4416 4417
f 4418 4437 4417
f 4438 4437 4418
f 4420 4438 4418
f 4420 4418 4419
f 4440 4439 4458
f 4440 4458 4459
f 4441 4459 4460
f 4441 4440 4459
f 4442 4460 4461
f 4442 4441 4460
f 4443 4461 4462
f 4443 4442 4461
f 4444 4462 4463
f 4444 4443 4462
f 4445 4463 4464
f 4445 4444 4463
f 4446 4464 4465
f 4446 4445 4464
f 4466 4446 4465
f 4447 4446 4466
f 4467 4447 4466
f 4448 4447 4467
f 4449 4467 4468
f 4449 4448 4467
f 4450 4468 4469
f 4450 4449 4468
f 4470 4450 4469
f 4451 4450 4470
f 4452 4470 4471
f 4452 4451 4470
f 4453 4471 4472
f 4453 4452 4471
f 4454 4472 4473
f 4454 4453 4472
f 4455 4454 4473
f 4455 4473 4474
f 4475 4455 4474
f 4456 4455 4475
f 4476 4456 4475
f 4457 4456 4476
f 4544 4483 4482
f 4545 4482 4481
f 4545 4544 4482
f 4546 4481 4480
f 4546 4545 4481
f 4543 4483 4544
f 4542 4484 4483
f 4542 4485 4484
f 4542 4483 4543
f 4547 4480 4479
f 4547 4546 4480
f 4541 4485 4542
f 4548 4479 4478
f 4548 4547 4479
f 4540 4486 4485
f 4540 4485 4541
f 4513 4478 4477
f 4513 4548 4478
f 4539 4487 4486
f 4539 4486 4540
f 4514 4513 4477
f 4514 4477 4512
f 4538 4488 4487
f 4538 4489 4488
f 4538 4487 4539
f 4515 4514 4512
f 4515 4512 4511
f 4537 4489 4538
f 4516 4511 4510
f 4516 4515 4511
f 4490 4489 4537
f 4536 4490 4537
f 4517 4510 4509
f 4517 4516 4510
f 4518 4517 4509
f 4491 4490 4536
f 4491 4536 4535
f 4508 4518 4509
f 4519 4518 4508
f 4492 4491 4535
f 4492 4535 4534
f 4507 4519 4508
f 4493 4534 4533
f 4493 4492 4534
f 4506 4520 4519
f 4506 4519 4507
f 4494 4532 4531
f 4494 4533 4532
f 4494 4493 4533
f 4505 4521 4520
f 4505 4520 4506
f 4495 4494 4531
f 4504 4522 4521
f 4504 4521 4505
f 4496 4530 4529
f 4496 4531 4530
f 4496 4495 4531
f 4503 4523 4522
f 4503 4522 4504
f 4497 4496 4529
f 4502 4524 4523
f 4502 4523 4503
f 4498 4497 4529
f 4498 4528 4527
f 4498 4529 4528
f 4501 4524 4502
f 4501 4525 4524
f 4501 4526 4525
f 4499 4498 4527
f 4499 4527 4526
f 4500 4499 4526
f 4500 4526 4501
f 4550 4568 4549
f 4550 4586 4568
f 4551 4585 4586
f 4551 4586 4550
f 4552 4584 4585
f 4552 4585 4551
f 4553 4583 4584
f 4553 4584 4552
f 4554 4582 4583
f 4554 4583 4553
f 4555 4581 4582
f 4555 4582 4554
f 4556 4580 4581
f 4556 4581 4555
f 4557 4579 4580
f 4557 4580 4556
f 4558 4578 4579
f 4558 4579 4557
f 4559 4577 4578
f 4559 4578 4558
f 4560 4576 4577
f 4560 4577 4559
f 4561 4575 4576
f 4561 4576 4560
f 4562 4574 4575
f 4562 4575 4561
f 4563 4573 4574
f 4563 4574 4562
f 4564 4573 4563
f 4564 4572 4573
f 4565 4572 4564
f 4565 4571 4572
f 4566 4571 4565
f 4566 4570 4571
f 4567 4570 4566
f 4567 4569 4570
f 4637 4610 4609
f 4636 4610 4637
f 4611 4610 4636
f 4638 4609 4608
f 4638 4637 4609
f 4635 4611 4636
f 4639 4608 4607
f 4639 4638 4608
f 4634 4612 4611
f 4634 4611 4635
f 4640 4607 4606
f 4640 4639 4607
f 4633 4613 4612
f 4633 4612 4634
f 4614 4613 4633
f 4641 4640 4606
f 4641 4606 4605
f 4632 4614 4633
f 4642 4641 4605
f 4642 4605 4604
f 4631 4614 4632
f 4631 4615 4614
f 4616 4615 4631
f 4643 4642 4604
f 4643 4604 4603
f 4630 4616 4631
f 4644 4643 4603
f 4644 4603 4602
f 4629 4617 4616
f 4629 4616 4630
f 4645 4644 4602
f 4645 4602 4601
f 4628 4618 4617
f 4628 4617 4629
f 4600 4645 4601
f 4600 4646 4645
f 4619 4618 4628
f 4619 4628 4627
f 4599 4646 4600
f 4599 4647 4646
f 4620 4627 4626
f 4620 4619 4627
f 4598 4648 4647
f 4598 4647 4599
f 4621 4626 4625
f 4621 4620 4626
f 4649 4648 4598
f 4622 4625 4624
f 4622 4621 4625
f 4597 4649 4598
f 4596 4650 4649
f 4596 4649 4597
f 4587 4624 4623
f 4587 4622 4624
f 4595 4651 4650
f 4595 4650 4596
f 4588 4623 4658
f 4588 4587 4623
f 4594 4651 4595
f 4594 4652 4651
f 4589 4658 4657
f 4589 4588 4658
f 4653 4652 4594
f 4590 4589 4657
f 4590 4657 4656
f 4593 4653 4594
f 4591 4656 4655
f 4591 4590 4656
f 4592 4591 4655
f 4592 4654 4653
f 4592 4655 4654
f 4592 4653 4593
f 4696 4660 4659
f 4696 4659 4661
f 4695 4661 4662
f 4695 4696 4661
f 4694 4662 4663
f 4694 4695 4662
f 4693 4663 4664
f 4693 4694 4663
f 4692 4664 4665
f 4692 4693 4664
f 4691 4665 4666
f 4691 4692 4665
f 4690 4666 4667
f 4690 4691 4666
f 4689 4667 4668
f 4689 4690 4667
f 4688 4668 4669
f 4688 4689 4668
f 4687 4669 4670
f 4687 4688 4669
f 4686 4670 4671
f 4686 4687 4670
f 4685 4671 4672
f 4685 4686 4671
f 4684 4672 4673
f 4684 4685 4672
f 4683 4673 4674
f 4683 4684 4673
f 4682 4683 4674
f 4682 4674 4675
f 4681 4682 4675
f 4681 4675 4676
f 4680 4681 4676
f 4680 4676 4677
f 4679 4680 4677
f 4679 4677 4678
f 4718 4697 4698
f 4718 4698 4699
f 4719 4699 4700
f 4719 4718 4699
f 4720 4700 4701
f 4720 4719 4700
f 4721 4701 4702
f 4721 4720 4701
f 4722 4702 4703
f 4722 4721 4702
f 4723 4703 4704
f 4723 4722 4703
f 4724 4704 4705
f 4724 4723 4704
f 4725 4705 4706
f 4725 4724 4705
f 4726 4706 4707
f 4726 4725 4706
f 4727 4707 4708
f 4727 4726 4707
f 4728 4708 4709
f 4728 4727 4708
f 4729 4709 4710
f 4729 4728 4709
f 4730 4710 4711
f 4730 4729 4710
f 4731 4711 4712
f 4731 4730 4711
f 4732 4712 4713
f 4732 4731 4712
f 4733 4732 4713
f 4733 4713 4714
f 4734 4733 4714
f 4734 4714 4715
f 4717 4734 4715
f 4717 4715 4716
f 4756 4735 4736
f 4756 4736 4737
f 4757 4737 4738
f 4757 4756 4737
f 4758 4738 4739
f 4758 4757 4738
f 4759 4739 4740
f 4759 4758 4739
f 4760 4759 4740
f 4741 4760 4740
f 4761 4760 4741
f 4742 4761 4741
f 4762 4761 4742
f 4743 4762 4742
f 4763 4762 4743
f 4744 4763 4743
f 4764 4763 4744
f 4745 4764 4744
f 4765 4764 4745
f 4746 4765 4745
f 4766 4765 4746
f 4747 4766 4746
f 4767 4766 4747
f 4748 4767 4747
f 4768 4767 4748
f 4749 4768 4748
f 4769 4768 4749
f 4750 4769 4749
f 4770 4769 4750
f 4751 4770 4750
f 4771 4770 4751
f 4752 4771 4751
f 4772 4771 4752
f 4753 4772 4752
f 4773 4772 4753
f 4754 4773 4753
f 4755 4773 4754
f 4812 4774 4775
f 4812 4775 4776
f 4811 4776 4777
f 4811 4812 4776
f 4810 4777 4778
f 4810 4811 4777
f 4809 4778 4779
f 4809 4810 4778
f 4808 4779 4780
f 4808 4809 4779
f 4807 4780 4781
f 4807 4808 4780
f 4806 4781 4782
f 4806 4807 4781
f 4805 4782 4783
f 4805 4806 4782
f 4804 4783 4784
f 4804 4805 4783
f 4803 4784 4785
f 4803 4804 4784
f 4802 4785 4786
f 4802 4803 4785
f 4801 4786 4787
f 4801 4802 4786
f 4800 4787 4788
f 4800 4801 4787
f 4799 4788 4789
f 4799 4800 4788
f 4798 4799 4789
f 4798 4789 4790
f 4797 4798 4790
f 4797 4790 4791
f 4796 4797 4791
f 4796 4791 4792
f 4795 4796 4792
f 4795 4792 4793
f 4794 4795 4793
