# generated by step_to_parts.py -- 5248 verts, 5142 tris
v 0.216806 -0.586880 -0.024162
v 0.213829 -0.587246 -0.024162
v 0.213444 -0.584117 -0.019234
v 0.213395 -0.583716 -0.019545
v 0.213353 -0.583374 -0.019922
v 0.213320 -0.583103 -0.020352
v 0.213296 -0.582911 -0.020824
v 0.213283 -0.582802 -0.021322
v 0.213280 -0.582781 -0.021831
v 0.213289 -0.582848 -0.022337
v 0.213307 -0.583001 -0.022823
v 0.213336 -0.583235 -0.023274
v 0.213374 -0.583544 -0.023678
v 0.213420 -0.583918 -0.024022
v 0.213472 -0.584345 -0.024295
v 0.213530 -0.584813 -0.024489
v 0.213591 -0.585308 -0.024599
v 0.213653 -0.585813 -0.024620
v 0.213714 -0.586315 -0.024553
v 0.213774 -0.586797 -0.024398
v 0.216422 -0.583751 -0.019234
v 0.216373 -0.583350 -0.019545
v 0.216331 -0.583009 -0.019922
v 0.216298 -0.582738 -0.020352
v 0.216274 -0.582545 -0.020824
v 0.216261 -0.582436 -0.021322
v 0.216258 -0.582415 -0.021831
v 0.216266 -0.582482 -0.022337
v 0.216285 -0.582635 -0.022823
v 0.216314 -0.582870 -0.023274
v 0.216352 -0.583179 -0.023678
v 0.216398 -0.583552 -0.024022
v 0.216450 -0.583980 -0.024295
v 0.216508 -0.584448 -0.024489
v 0.216568 -0.584942 -0.024599
v 0.216630 -0.585448 -0.024620
v 0.216692 -0.585949 -0.024553
v 0.216751 -0.586431 -0.024398
v 0.212671 -0.553198 -0.021258
v 0.209693 -0.553564 -0.021258
v 0.209309 -0.550435 -0.016330
v 0.209260 -0.550034 -0.016641
v 0.209218 -0.549693 -0.017018
v 0.209184 -0.549421 -0.017448
v 0.209161 -0.549229 -0.017920
v 0.209147 -0.549120 -0.018418
v 0.209145 -0.549099 -0.018927
v 0.209153 -0.549166 -0.019432
v 0.209172 -0.549319 -0.019918
v 0.209201 -0.549554 -0.020370
v 0.209239 -0.549862 -0.020774
v 0.209284 -0.550236 -0.021118
v 0.209337 -0.550664 -0.021391
v 0.209394 -0.551131 -0.021585
v 0.209455 -0.551626 -0.021695
v 0.209517 -0.552131 -0.021716
v 0.209579 -0.552633 -0.021648
v 0.209638 -0.553115 -0.021494
v 0.212286 -0.550069 -0.016330
v 0.212237 -0.549668 -0.016641
v 0.212195 -0.549327 -0.017018
v 0.212162 -0.549056 -0.017448
v 0.212138 -0.548863 -0.017920
v 0.212125 -0.548755 -0.018418
v 0.212122 -0.548733 -0.018927
v 0.212131 -0.548800 -0.019432
v 0.212149 -0.548953 -0.019918
v 0.212178 -0.549188 -0.020370
v 0.212216 -0.549497 -0.020774
v 0.212262 -0.549871 -0.021118
v 0.212315 -0.550298 -0.021391
v 0.212372 -0.550766 -0.021585
v 0.212433 -0.551260 -0.021695
v 0.212495 -0.551766 -0.021716
v 0.212556 -0.552267 -0.021648
v 0.212616 -0.552750 -0.021494
v 0.209496 -0.527343 -0.043200
v 0.206518 -0.527709 -0.043200
v 0.206134 -0.524580 -0.038272
v 0.206085 -0.524179 -0.038583
v 0.206043 -0.523838 -0.038959
v 0.206010 -0.523566 -0.039390
v 0.205986 -0.523374 -0.039861
v 0.205973 -0.523265 -0.040359
v 0.205970 -0.523244 -0.040869
v 0.205978 -0.523311 -0.041374
v 0.205997 -0.523464 -0.041860
v 0.206026 -0.523699 -0.042312
v 0.206064 -0.524007 -0.042716
v 0.206110 -0.524381 -0.043060
v 0.206162 -0.524809 -0.043333
v 0.206220 -0.525276 -0.043527
v 0.206280 -0.525771 -0.043636
v 0.206342 -0.526276 -0.043658
v 0.206404 -0.526778 -0.043590
v 0.206463 -0.527260 -0.043436
v 0.209112 -0.524214 -0.038272
v 0.209063 -0.523813 -0.038583
v 0.209021 -0.523472 -0.038959
v 0.208987 -0.523201 -0.039390
v 0.208964 -0.523008 -0.039861
v 0.208950 -0.522900 -0.040359
v 0.208948 -0.522878 -0.040869
v 0.208956 -0.522945 -0.041374
v 0.208975 -0.523098 -0.041860
v 0.209004 -0.523333 -0.042312
v 0.209042 -0.523642 -0.042716
v 0.209087 -0.524016 -0.043060
v 0.209140 -0.524443 -0.043333
v 0.209197 -0.524911 -0.043527
v 0.209258 -0.525405 -0.043636
v 0.209320 -0.525911 -0.043658
v 0.209382 -0.526412 -0.043590
v 0.209441 -0.526895 -0.043436
v 0.209142 -0.524460 -0.077134
v 0.206164 -0.524826 -0.077134
v 0.205780 -0.521697 -0.072206
v 0.205731 -0.521296 -0.072518
v 0.205689 -0.520955 -0.072894
v 0.205656 -0.520684 -0.073325
v 0.205632 -0.520491 -0.073796
v 0.205619 -0.520382 -0.074294
v 0.205616 -0.520361 -0.074804
v 0.205624 -0.520428 -0.075309
v 0.205643 -0.520581 -0.075795
v 0.205672 -0.520816 -0.076247
v 0.205710 -0.521125 -0.076651
v 0.205756 -0.521499 -0.076994
v 0.205808 -0.521926 -0.077267
v 0.205866 -0.522394 -0.077462
v 0.205926 -0.522888 -0.077571
v 0.205989 -0.523394 -0.077592
v 0.206050 -0.523895 -0.077525
v 0.206109 -0.524378 -0.077371
v 0.208758 -0.521331 -0.072206
v 0.208709 -0.520930 -0.072518
v 0.208667 -0.520589 -0.072894
v 0.208633 -0.520318 -0.073325
v 0.208610 -0.520125 -0.073796
v 0.208596 -0.520017 -0.074294
v 0.208594 -0.519996 -0.074804
v 0.208602 -0.520063 -0.075309
v 0.208621 -0.520216 -0.075795
v 0.208650 -0.520450 -0.076247
v 0.208688 -0.520759 -0.076651
v 0.208733 -0.521133 -0.076994
v 0.208786 -0.521560 -0.077267
v 0.208843 -0.522028 -0.077462
v 0.208904 -0.522522 -0.077571
v 0.208966 -0.523028 -0.077592
v 0.209028 -0.523530 -0.077525
v 0.209087 -0.524012 -0.077371
v 0.211816 -0.546239 -0.103184
v 0.208838 -0.546604 -0.103184
v 0.208454 -0.543475 -0.098256
v 0.208405 -0.543074 -0.098567
v 0.208363 -0.542733 -0.098943
v 0.208330 -0.542462 -0.099374
v 0.208306 -0.542269 -0.099845
v 0.208293 -0.542161 -0.100343
v 0.208290 -0.542140 -0.100853
v 0.208298 -0.542207 -0.101358
v 0.208317 -0.542360 -0.101844
v 0.208346 -0.542594 -0.102296
v 0.208384 -0.542903 -0.102700
v 0.208430 -0.543277 -0.103044
v 0.208482 -0.543704 -0.103317
v 0.208540 -0.544172 -0.103511
v 0.208601 -0.544666 -0.103620
v 0.208663 -0.545172 -0.103642
v 0.208724 -0.545674 -0.103574
v 0.208783 -0.546156 -0.103420
v 0.211432 -0.543110 -0.098256
v 0.211383 -0.542709 -0.098567
v 0.211341 -0.542368 -0.098943
v 0.211308 -0.542097 -0.099374
v 0.211284 -0.541904 -0.099845
v 0.211270 -0.541795 -0.100343
v 0.211268 -0.541774 -0.100853
v 0.211276 -0.541841 -0.101358
v 0.211295 -0.541994 -0.101844
v 0.211324 -0.542229 -0.102296
v 0.211362 -0.542537 -0.102700
v 0.211408 -0.542911 -0.103044
v 0.211460 -0.543339 -0.103317
v 0.211517 -0.543806 -0.103511
v 0.211578 -0.544301 -0.103620
v 0.211640 -0.544806 -0.103642
v 0.211702 -0.545308 -0.103574
v 0.211761 -0.545790 -0.103420
v 0.219480 -0.608658 -0.050211
v 0.216503 -0.609024 -0.050211
v 0.216118 -0.605895 -0.045283
v 0.216069 -0.605494 -0.045595
v 0.216027 -0.605153 -0.045971
v 0.215994 -0.604882 -0.046402
v 0.215970 -0.604689 -0.046873
v 0.215957 -0.604580 -0.047371
v 0.215954 -0.604559 -0.047880
v 0.215963 -0.604626 -0.048386
v 0.215981 -0.604779 -0.048872
v 0.216010 -0.605014 -0.049324
v 0.216048 -0.605323 -0.049727
v 0.216094 -0.605696 -0.050071
v 0.216147 -0.606124 -0.050344
v 0.216204 -0.606592 -0.050539
v 0.216265 -0.607086 -0.050648
v 0.216327 -0.607591 -0.050669
v 0.216388 -0.608093 -0.050602
v 0.216448 -0.608575 -0.050448
v 0.219096 -0.605529 -0.045283
v 0.219047 -0.605128 -0.045595
v 0.219005 -0.604787 -0.045971
v 0.218972 -0.604516 -0.046402
v 0.218948 -0.604323 -0.046873
v 0.218935 -0.604215 -0.047371
v 0.218932 -0.604194 -0.047880
v 0.218940 -0.604261 -0.048386
v 0.218959 -0.604414 -0.048872
v 0.218988 -0.604648 -0.049324
v 0.219026 -0.604957 -0.049727
v 0.219072 -0.605331 -0.050071
v 0.219124 -0.605758 -0.050344
v 0.219182 -0.606226 -0.050539
v 0.219242 -0.606720 -0.050648
v 0.219304 -0.607226 -0.050669
v 0.219366 -0.607727 -0.050602
v 0.219425 -0.608210 -0.050448
v 0.220176 -0.589708 -0.031827
v 0.214221 -0.590439 -0.031827
v 0.213909 -0.587898 -0.027825
v 0.213869 -0.587573 -0.028078
v 0.213835 -0.587296 -0.028384
v 0.213808 -0.587075 -0.028733
v 0.213788 -0.586919 -0.029116
v 0.213778 -0.586831 -0.029520
v 0.213776 -0.586814 -0.029934
v 0.213782 -0.586868 -0.030344
v 0.213797 -0.586992 -0.030739
v 0.213821 -0.587183 -0.031106
v 0.213852 -0.587433 -0.031434
v 0.213889 -0.587737 -0.031713
v 0.213932 -0.588084 -0.031935
v 0.213978 -0.588464 -0.032092
v 0.214027 -0.588865 -0.032181
v 0.214078 -0.589276 -0.032199
v 0.214128 -0.589683 -0.032144
v 0.214176 -0.590075 -0.032019
v 0.219864 -0.587167 -0.027825
v 0.219824 -0.586841 -0.028078
v 0.219790 -0.586564 -0.028384
v 0.219763 -0.586344 -0.028733
v 0.219744 -0.586188 -0.029116
v 0.219733 -0.586100 -0.029520
v 0.219731 -0.586082 -0.029934
v 0.219737 -0.586137 -0.030344
v 0.219753 -0.586261 -0.030739
v 0.219776 -0.586452 -0.031106
v 0.219807 -0.586702 -0.031434
v 0.219844 -0.587006 -0.031713
v 0.219887 -0.587353 -0.031935
v 0.219933 -0.587733 -0.032092
v 0.219983 -0.588134 -0.032181
v 0.220033 -0.588545 -0.032199
v 0.220083 -0.588952 -0.032144
v 0.220131 -0.589343 -0.032019
v 0.222027 -0.604779 -0.068291
v 0.216071 -0.605511 -0.068291
v 0.215759 -0.602970 -0.064290
v 0.215719 -0.602644 -0.064543
v 0.215685 -0.602367 -0.064848
v 0.215658 -0.602147 -0.065198
v 0.215639 -0.601991 -0.065581
v 0.215628 -0.601902 -0.065985
v 0.215626 -0.601885 -0.066399
v 0.215633 -0.601940 -0.066809
v 0.215648 -0.602064 -0.067204
v 0.215671 -0.602254 -0.067571
v 0.215702 -0.602505 -0.067898
v 0.215739 -0.602809 -0.068178
v 0.215782 -0.603156 -0.068399
v 0.215829 -0.603536 -0.068557
v 0.215878 -0.603937 -0.068646
v 0.215928 -0.604347 -0.068663
v 0.215978 -0.604755 -0.068608
v 0.216027 -0.605146 -0.068483
v 0.221715 -0.602239 -0.064290
v 0.221675 -0.601913 -0.064543
v 0.221641 -0.601636 -0.064848
v 0.221614 -0.601416 -0.065198
v 0.221594 -0.601259 -0.065581
v 0.221583 -0.601171 -0.065985
v 0.221581 -0.601154 -0.066399
v 0.221588 -0.601209 -0.066809
v 0.221603 -0.601333 -0.067204
v 0.221627 -0.601523 -0.067571
v 0.221658 -0.601774 -0.067898
v 0.221695 -0.602077 -0.068178
v 0.221737 -0.602424 -0.068399
v 0.221784 -0.602804 -0.068557
v 0.221833 -0.603206 -0.068646
v 0.221884 -0.603616 -0.068663
v 0.221934 -0.604024 -0.068608
v 0.221982 -0.604415 -0.068483
v 0.219103 -0.580971 -0.099674
v 0.213148 -0.581702 -0.099674
v 0.212836 -0.579162 -0.095673
v 0.212796 -0.578836 -0.095925
v 0.212762 -0.578559 -0.096231
v 0.212735 -0.578339 -0.096581
v 0.212716 -0.578183 -0.096964
v 0.212705 -0.578094 -0.097368
v 0.212703 -0.578077 -0.097782
v 0.212710 -0.578132 -0.098192
v 0.212725 -0.578256 -0.098586
v 0.212748 -0.578446 -0.098953
v 0.212779 -0.578697 -0.099281
v 0.212816 -0.579001 -0.099560
v 0.212859 -0.579348 -0.099782
v 0.212905 -0.579728 -0.099940
v 0.212955 -0.580129 -0.100029
v 0.213005 -0.580539 -0.100046
v 0.213055 -0.580947 -0.099991
v 0.213103 -0.581338 -0.099866
v 0.218791 -0.578431 -0.095673
v 0.218751 -0.578105 -0.095925
v 0.218717 -0.577828 -0.096231
v 0.218690 -0.577608 -0.096581
v 0.218671 -0.577451 -0.096964
v 0.218660 -0.577363 -0.097368
v 0.218658 -0.577346 -0.097782
v 0.218665 -0.577400 -0.098192
v 0.218680 -0.577525 -0.098586
v 0.218703 -0.577715 -0.098953
v 0.218734 -0.577966 -0.099281
v 0.218772 -0.578269 -0.099560
v 0.218814 -0.578616 -0.099782
v 0.218861 -0.578996 -0.099940
v 0.218910 -0.579398 -0.100029
v 0.218960 -0.579808 -0.100046
v 0.219010 -0.580215 -0.099991
v 0.219059 -0.580607 -0.099866
v 0.214329 -0.542091 -0.094592
v 0.208374 -0.542823 -0.094592
v 0.208062 -0.540282 -0.090591
v 0.208022 -0.539957 -0.090844
v 0.207988 -0.539679 -0.091149
v 0.207961 -0.539459 -0.091499
v 0.207942 -0.539303 -0.091882
v 0.207931 -0.539215 -0.092286
v 0.207929 -0.539198 -0.092700
v 0.207936 -0.539252 -0.093110
v 0.207951 -0.539376 -0.093505
v 0.207974 -0.539567 -0.093872
v 0.208005 -0.539817 -0.094200
v 0.208042 -0.540121 -0.094479
v 0.208085 -0.540468 -0.094700
v 0.208132 -0.540848 -0.094858
v 0.208181 -0.541249 -0.094947
v 0.208231 -0.541660 -0.094964
v 0.208281 -0.542067 -0.094909
v 0.208329 -0.542459 -0.094784
v 0.214017 -0.539551 -0.090591
v 0.213977 -0.539225 -0.090844
v 0.213943 -0.538948 -0.091149
v 0.213916 -0.538728 -0.091499
v 0.213897 -0.538572 -0.091882
v 0.213886 -0.538483 -0.092286
v 0.213884 -0.538466 -0.092700
v 0.213891 -0.538521 -0.093110
v 0.213906 -0.538645 -0.093505
v 0.213930 -0.538835 -0.093872
v 0.213960 -0.539086 -0.094200
v 0.213998 -0.539390 -0.094479
v 0.214040 -0.539737 -0.094700
v 0.214087 -0.540117 -0.094858
v 0.214136 -0.540518 -0.094947
v 0.214187 -0.540928 -0.094964
v 0.214237 -0.541336 -0.094909
v 0.214285 -0.541727 -0.094784
v 0.212479 -0.527020 -0.058128
v 0.206524 -0.527751 -0.058128
v 0.206212 -0.525210 -0.054126
v 0.206172 -0.524885 -0.054379
v 0.206138 -0.524608 -0.054685
v 0.206111 -0.524388 -0.055034
v 0.206091 -0.524231 -0.055417
v 0.206081 -0.524143 -0.055822
v 0.206078 -0.524126 -0.056235
v 0.206085 -0.524180 -0.056645
v 0.206100 -0.524304 -0.057040
v 0.206124 -0.524495 -0.057407
v 0.206155 -0.524746 -0.057735
v 0.206192 -0.525049 -0.058014
v 0.206234 -0.525396 -0.058236
v 0.206281 -0.525776 -0.058393
v 0.206330 -0.526177 -0.058482
v 0.206381 -0.526588 -0.058500
v 0.206431 -0.526995 -0.058445
v 0.206479 -0.527387 -0.058320
v 0.212167 -0.524479 -0.054126
v 0.212127 -0.524154 -0.054379
v 0.212093 -0.523877 -0.054685
v 0.212066 -0.523656 -0.055034
v 0.212047 -0.523500 -0.055417
v 0.212036 -0.523412 -0.055822
v 0.212034 -0.523395 -0.056235
v 0.212040 -0.523449 -0.056645
v 0.212056 -0.523573 -0.057040
v 0.212079 -0.523764 -0.057407
v 0.212110 -0.524014 -0.057735
v 0.212147 -0.524318 -0.058014
v 0.212190 -0.524665 -0.058236
v 0.212236 -0.525045 -0.058393
v 0.212286 -0.525446 -0.058482
v 0.212336 -0.525857 -0.058500
v 0.212386 -0.526264 -0.058445
v 0.212434 -0.526656 -0.058320
v 0.215402 -0.550828 -0.026745
v 0.209447 -0.551559 -0.026745
v 0.209135 -0.549018 -0.022744
v 0.209095 -0.548693 -0.022996
v 0.209061 -0.548416 -0.023302
v 0.209034 -0.548196 -0.023652
v 0.209015 -0.548039 -0.024034
v 0.209004 -0.547951 -0.024439
v 0.209002 -0.547934 -0.024852
v 0.209008 -0.547988 -0.025263
v 0.209024 -0.548113 -0.025657
v 0.209047 -0.548303 -0.026024
v 0.209078 -0.548554 -0.026352
v 0.209115 -0.548857 -0.026631
v 0.209158 -0.549204 -0.026853
v 0.209204 -0.549584 -0.027011
v 0.209254 -0.549985 -0.027100
v 0.209304 -0.550396 -0.027117
v 0.209354 -0.550803 -0.027062
v 0.209402 -0.551195 -0.026937
v 0.215090 -0.548287 -0.022744
v 0.215050 -0.547962 -0.022996
v 0.215016 -0.547685 -0.023302
v 0.214989 -0.547464 -0.023652
v 0.214970 -0.547308 -0.024034
v 0.214959 -0.547220 -0.024439
v 0.214957 -0.547203 -0.024852
v 0.214964 -0.547257 -0.025263
v 0.214979 -0.547381 -0.025657
v 0.215002 -0.547572 -0.026024
v 0.215033 -0.547822 -0.026352
v 0.215070 -0.548126 -0.026631
v 0.215113 -0.548473 -0.026853
v 0.215160 -0.548853 -0.027011
v 0.215209 -0.549254 -0.027100
v 0.215259 -0.549665 -0.027117
v 0.215309 -0.550072 -0.027062
v 0.215357 -0.550464 -0.026937
v 0.208974 -0.547710 -0.033410
v 0.218900 -0.546491 -0.033410
v 0.218344 -0.541968 -0.036921
v 0.217872 -0.538119 -0.041169
v 0.217496 -0.535060 -0.046026
v 0.217229 -0.532885 -0.051345
v 0.217079 -0.531660 -0.056963
v 0.217049 -0.531422 -0.062711
v 0.217142 -0.532178 -0.068412
v 0.217354 -0.533905 -0.073895
v 0.217679 -0.536551 -0.078992
v 0.218107 -0.540035 -0.083549
v 0.218625 -0.544251 -0.087427
v 0.219217 -0.549073 -0.090509
v 0.219865 -0.554351 -0.092700
v 0.220549 -0.559928 -0.093935
v 0.221250 -0.565632 -0.094175
v 0.221945 -0.571291 -0.093413
v 0.222613 -0.576733 -0.091673
v 0.223234 -0.581793 -0.089007
v 0.213309 -0.583011 -0.089007
v 0.208419 -0.543187 -0.036921
v 0.207946 -0.539337 -0.041169
v 0.207571 -0.536279 -0.046026
v 0.207304 -0.534104 -0.051345
v 0.207153 -0.532879 -0.056963
v 0.207124 -0.532640 -0.062711
v 0.207217 -0.533396 -0.068412
v 0.207429 -0.535123 -0.073895
v 0.207754 -0.537769 -0.078992
v 0.208181 -0.541253 -0.083549
v 0.208699 -0.545470 -0.087427
v 0.209291 -0.550291 -0.090509
v 0.209939 -0.555570 -0.092700
v 0.210624 -0.561147 -0.093935
v 0.211324 -0.566851 -0.094175
v 0.212019 -0.572510 -0.093413
v 0.212687 -0.577952 -0.091673
v 0.218309 -0.541677 -0.025829
v 0.233197 -0.539849 -0.025829
v 0.232490 -0.534092 -0.030297
v 0.231888 -0.529193 -0.035704
v 0.231410 -0.525301 -0.041886
v 0.231071 -0.522533 -0.048655
v 0.230879 -0.520973 -0.055805
v 0.230842 -0.520670 -0.063120
v 0.230960 -0.521632 -0.070377
v 0.231230 -0.523830 -0.077355
v 0.231643 -0.527198 -0.083842
v 0.232188 -0.531632 -0.089642
v 0.232847 -0.536999 -0.094578
v 0.233600 -0.543135 -0.098500
v 0.234425 -0.549853 -0.101289
v 0.235297 -0.556951 -0.102860
v 0.236188 -0.564211 -0.103165
v 0.237072 -0.571413 -0.102196
v 0.237923 -0.578339 -0.099981
v 0.238713 -0.584778 -0.096589
v 0.223825 -0.586606 -0.096589
v 0.217602 -0.535920 -0.030297
v 0.217000 -0.531021 -0.035704
v 0.216522 -0.527129 -0.041886
v 0.216182 -0.524361 -0.048655
v 0.215991 -0.522801 -0.055805
v 0.215954 -0.522498 -0.063120
v 0.216072 -0.523460 -0.070377
v 0.216342 -0.525658 -0.077355
v 0.216755 -0.529026 -0.083842
v 0.217300 -0.533460 -0.089642
v 0.217959 -0.538827 -0.094578
v 0.218712 -0.544963 -0.098500
v 0.219537 -0.551681 -0.101289
v 0.220408 -0.558779 -0.102860
v 0.221300 -0.566039 -0.103165
v 0.222184 -0.573241 -0.102196
v 0.223035 -0.580167 -0.099981
v 0.224351 -0.590885 -0.103328
v 0.224999 -0.596170 -0.099403
v 0.225579 -0.600893 -0.094809
v 0.226080 -0.604974 -0.089628
v 0.226494 -0.608339 -0.083949
v 0.239239 -0.589057 -0.103328
v 0.240080 -0.595910 -0.098009
v 0.240796 -0.601743 -0.091572
v 0.241365 -0.606377 -0.084212
v 0.241770 -0.609672 -0.076154
v 0.241998 -0.611529 -0.067642
v 0.242042 -0.611890 -0.058934
v 0.241902 -0.610744 -0.050295
v 0.241580 -0.608127 -0.041987
v 0.241088 -0.604118 -0.034264
v 0.240440 -0.598839 -0.027360
v 0.239655 -0.592450 -0.021484
v 0.238759 -0.585146 -0.016815
v 0.237776 -0.577147 -0.013495
v 0.236739 -0.568698 -0.011624
v 0.235678 -0.560055 -0.011261
v 0.234625 -0.551481 -0.012415
v 0.233613 -0.543236 -0.015051
v 0.232671 -0.535570 -0.019090
v 0.207858 -0.538617 -0.019090
v 0.216568 -0.609558 -0.083949
v 0.216966 -0.612800 -0.075890
v 0.217188 -0.614607 -0.067387
v 0.217227 -0.614925 -0.058697
v 0.217082 -0.613743 -0.050083
v 0.216757 -0.611098 -0.041805
v 0.216263 -0.607070 -0.034115
v 0.215613 -0.601780 -0.027244
v 0.214828 -0.595388 -0.021400
v 0.213932 -0.588088 -0.016760
v 0.212951 -0.580101 -0.013465
v 0.211916 -0.571667 -0.011614
v 0.210857 -0.563043 -0.011263
v 0.209807 -0.554489 -0.012423
v 0.208797 -0.546264 -0.015059
v 0.224947 -0.583437 -0.020371
v 0.238347 -0.581792 -0.020371
v 0.238554 -0.583477 -0.023025
v 0.238524 -0.583235 -0.023152
v 0.238492 -0.582976 -0.023235
v 0.238459 -0.582705 -0.023272
v 0.238425 -0.582433 -0.023260
v 0.238393 -0.582167 -0.023201
v 0.238362 -0.581915 -0.023097
v 0.238334 -0.581685 -0.022949
v 0.238309 -0.581484 -0.022764
v 0.238288 -0.581317 -0.022547
v 0.238273 -0.581191 -0.022304
v 0.238263 -0.581109 -0.022042
v 0.238258 -0.581073 -0.021770
v 0.238260 -0.581084 -0.021496
v 0.238267 -0.581142 -0.021227
v 0.238280 -0.581246 -0.020974
v 0.238298 -0.581392 -0.020742
v 0.238320 -0.581576 -0.020539
v 0.225154 -0.585122 -0.023025
v 0.225125 -0.584880 -0.023152
v 0.225093 -0.584621 -0.023235
v 0.225059 -0.584351 -0.023272
v 0.225026 -0.584078 -0.023260
v 0.224993 -0.583812 -0.023201
v 0.224962 -0.583560 -0.023097
v 0.224934 -0.583330 -0.022949
v 0.224909 -0.583129 -0.022764
v 0.224889 -0.582963 -0.022547
v 0.224874 -0.582836 -0.022304
v 0.224863 -0.582754 -0.022042
v 0.224859 -0.582718 -0.021770
v 0.224860 -0.582729 -0.021496
v 0.224868 -0.582788 -0.021227
v 0.224880 -0.582892 -0.020974
v 0.224898 -0.583038 -0.020742
v 0.224921 -0.583221 -0.020539
v 0.220812 -0.549755 -0.017467
v 0.234211 -0.548110 -0.017467
v 0.234418 -0.549795 -0.020121
v 0.234388 -0.549553 -0.020248
v 0.234356 -0.549294 -0.020331
v 0.234323 -0.549024 -0.020367
v 0.234290 -0.548751 -0.020356
v 0.234257 -0.548485 -0.020297
v 0.234226 -0.548233 -0.020192
v 0.234198 -0.548003 -0.020045
v 0.234173 -0.547802 -0.019860
v 0.234153 -0.547636 -0.019643
v 0.234137 -0.547509 -0.019399
v 0.234127 -0.547427 -0.019138
v 0.234123 -0.547391 -0.018865
v 0.234124 -0.547402 -0.018591
v 0.234131 -0.547461 -0.018323
v 0.234144 -0.547564 -0.018069
v 0.234162 -0.547710 -0.017837
v 0.234185 -0.547894 -0.017635
v 0.221019 -0.551440 -0.020121
v 0.220989 -0.551199 -0.020248
v 0.220957 -0.550939 -0.020331
v 0.220924 -0.550669 -0.020367
v 0.220890 -0.550397 -0.020356
v 0.220858 -0.550130 -0.020297
v 0.220827 -0.549878 -0.020192
v 0.220799 -0.549648 -0.020045
v 0.220774 -0.549447 -0.019860
v 0.220753 -0.549281 -0.019643
v 0.220738 -0.549155 -0.019399
v 0.220728 -0.549072 -0.019138
v 0.220723 -0.549036 -0.018865
v 0.220725 -0.549047 -0.018591
v 0.220732 -0.549106 -0.018323
v 0.220745 -0.549210 -0.018069
v 0.220763 -0.549356 -0.017837
v 0.220785 -0.549539 -0.017635
v 0.217637 -0.523900 -0.039409
v 0.231036 -0.522255 -0.039409
v 0.231243 -0.523940 -0.042062
v 0.231214 -0.523698 -0.042190
v 0.231182 -0.523439 -0.042273
v 0.231149 -0.523169 -0.042309
v 0.231115 -0.522896 -0.042298
v 0.231083 -0.522630 -0.042239
v 0.231052 -0.522378 -0.042134
v 0.231023 -0.522148 -0.041987
v 0.230999 -0.521947 -0.041802
v 0.230978 -0.521781 -0.041584
v 0.230963 -0.521654 -0.041341
v 0.230953 -0.521572 -0.041079
v 0.230948 -0.521536 -0.040807
v 0.230950 -0.521547 -0.040533
v 0.230957 -0.521606 -0.040265
v 0.230970 -0.521709 -0.040011
v 0.230987 -0.521855 -0.039779
v 0.231010 -0.522039 -0.039576
v 0.217844 -0.525585 -0.042062
v 0.217814 -0.525344 -0.042190
v 0.217782 -0.525084 -0.042273
v 0.217749 -0.524814 -0.042309
v 0.217716 -0.524542 -0.042298
v 0.217683 -0.524275 -0.042239
v 0.217652 -0.524023 -0.042134
v 0.217624 -0.523793 -0.041987
v 0.217599 -0.523592 -0.041802
v 0.217579 -0.523426 -0.041584
v 0.217563 -0.523300 -0.041341
v 0.217553 -0.523217 -0.041079
v 0.217549 -0.523181 -0.040807
v 0.217550 -0.523192 -0.040533
v 0.217557 -0.523251 -0.040265
v 0.217570 -0.523355 -0.040011
v 0.217588 -0.523501 -0.039779
v 0.217611 -0.523684 -0.039576
v 0.217283 -0.521018 -0.073344
v 0.230683 -0.519372 -0.073344
v 0.230889 -0.521057 -0.075997
v 0.230860 -0.520816 -0.076124
v 0.230828 -0.520556 -0.076207
v 0.230795 -0.520286 -0.076244
v 0.230761 -0.520014 -0.076232
v 0.230729 -0.519748 -0.076173
v 0.230698 -0.519496 -0.076069
v 0.230669 -0.519265 -0.075922
v 0.230645 -0.519064 -0.075737
v 0.230624 -0.518898 -0.075519
v 0.230609 -0.518772 -0.075276
v 0.230599 -0.518689 -0.075014
v 0.230594 -0.518653 -0.074742
v 0.230596 -0.518665 -0.074468
v 0.230603 -0.518723 -0.074200
v 0.230616 -0.518827 -0.073946
v 0.230633 -0.518973 -0.073714
v 0.230656 -0.519156 -0.073511
v 0.217490 -0.522702 -0.075997
v 0.217460 -0.522461 -0.076124
v 0.217429 -0.522201 -0.076207
v 0.217395 -0.521931 -0.076244
v 0.217362 -0.521659 -0.076232
v 0.217329 -0.521393 -0.076173
v 0.217298 -0.521141 -0.076069
v 0.217270 -0.520911 -0.075922
v 0.217245 -0.520709 -0.075737
v 0.217225 -0.520543 -0.075519
v 0.217209 -0.520417 -0.075276
v 0.217199 -0.520334 -0.075014
v 0.217195 -0.520298 -0.074742
v 0.217196 -0.520310 -0.074468
v 0.217203 -0.520368 -0.074200
v 0.217216 -0.520472 -0.073946
v 0.217234 -0.520618 -0.073714
v 0.217257 -0.520802 -0.073511
v 0.219957 -0.542796 -0.099393
v 0.233357 -0.541151 -0.099393
v 0.233563 -0.542836 -0.102046
v 0.233534 -0.542594 -0.102174
v 0.233502 -0.542334 -0.102257
v 0.233469 -0.542064 -0.102293
v 0.233435 -0.541792 -0.102282
v 0.233403 -0.541526 -0.102223
v 0.233372 -0.541274 -0.102118
v 0.233343 -0.541044 -0.101971
v 0.233319 -0.540843 -0.101786
v 0.233298 -0.540676 -0.101568
v 0.233283 -0.540550 -0.101325
v 0.233273 -0.540468 -0.101063
v 0.233268 -0.540431 -0.100791
v 0.233270 -0.540443 -0.100517
v 0.233277 -0.540501 -0.100249
v 0.233290 -0.540605 -0.099995
v 0.233308 -0.540751 -0.099763
v 0.233330 -0.540935 -0.099560
v 0.220164 -0.544481 -0.102046
v 0.220134 -0.544239 -0.102174
v 0.220103 -0.543980 -0.102257
v 0.220069 -0.543709 -0.102293
v 0.220036 -0.543437 -0.102282
v 0.220003 -0.543171 -0.102223
v 0.219972 -0.542919 -0.102118
v 0.219944 -0.542689 -0.101971
v 0.219919 -0.542488 -0.101786
v 0.219899 -0.542321 -0.101568
v 0.219883 -0.542195 -0.101325
v 0.219873 -0.542113 -0.101063
v 0.219869 -0.542077 -0.100791
v 0.219870 -0.542088 -0.100517
v 0.219877 -0.542147 -0.100249
v 0.219890 -0.542250 -0.099995
v 0.219908 -0.542396 -0.099763
v 0.219931 -0.542580 -0.099560
v 0.227621 -0.605215 -0.046421
v 0.241021 -0.603570 -0.046421
v 0.241228 -0.605255 -0.049074
v 0.241198 -0.605014 -0.049201
v 0.241166 -0.604754 -0.049284
v 0.241133 -0.604484 -0.049321
v 0.241099 -0.604211 -0.049309
v 0.241067 -0.603945 -0.049250
v 0.241036 -0.603693 -0.049146
v 0.241008 -0.603463 -0.048999
v 0.240983 -0.603262 -0.048814
v 0.240962 -0.603096 -0.048596
v 0.240947 -0.602969 -0.048353
v 0.240937 -0.602887 -0.048091
v 0.240932 -0.602851 -0.047819
v 0.240934 -0.602862 -0.047545
v 0.240941 -0.602921 -0.047277
v 0.240954 -0.603025 -0.047023
v 0.240972 -0.603171 -0.046791
v 0.240994 -0.603354 -0.046588
v 0.227828 -0.606900 -0.049074
v 0.227799 -0.606659 -0.049201
v 0.227767 -0.606399 -0.049284
v 0.227734 -0.606129 -0.049321
v 0.227700 -0.605857 -0.049309
v 0.227667 -0.605591 -0.049250
v 0.227636 -0.605339 -0.049146
v 0.227608 -0.605108 -0.048999
v 0.227584 -0.604907 -0.048814
v 0.227563 -0.604741 -0.048596
v 0.227548 -0.604615 -0.048353
v 0.227537 -0.604532 -0.048091
v 0.227533 -0.604496 -0.047819
v 0.227534 -0.604508 -0.047545
v 0.227542 -0.604566 -0.047277
v 0.227554 -0.604670 -0.047023
v 0.227572 -0.604816 -0.046791
v 0.227595 -0.605000 -0.046588
v 0.219320 -0.549912 -0.026071
v 0.215350 -0.550400 -0.026071
v 0.215320 -0.550158 -0.026198
v 0.215288 -0.549899 -0.026281
v 0.215255 -0.549629 -0.026318
v 0.215221 -0.549356 -0.026306
v 0.215189 -0.549090 -0.026247
v 0.215158 -0.548838 -0.026143
v 0.215130 -0.548608 -0.025996
v 0.215105 -0.548407 -0.025810
v 0.215084 -0.548241 -0.025593
v 0.215069 -0.548114 -0.025350
v 0.215059 -0.548032 -0.025088
v 0.215054 -0.547996 -0.024816
v 0.215056 -0.548007 -0.024542
v 0.215063 -0.548066 -0.024273
v 0.215076 -0.548169 -0.024020
v 0.215094 -0.548315 -0.023788
v 0.215116 -0.548499 -0.023585
v 0.215143 -0.548715 -0.023418
v 0.219113 -0.548228 -0.023418
v 0.219086 -0.548012 -0.023585
v 0.219064 -0.547828 -0.023788
v 0.219046 -0.547682 -0.024020
v 0.219033 -0.547578 -0.024273
v 0.219026 -0.547520 -0.024542
v 0.219025 -0.547508 -0.024816
v 0.219029 -0.547544 -0.025088
v 0.219039 -0.547627 -0.025350
v 0.219055 -0.547753 -0.025593
v 0.219075 -0.547919 -0.025810
v 0.219100 -0.548121 -0.025996
v 0.219128 -0.548351 -0.026143
v 0.219159 -0.548603 -0.026247
v 0.219192 -0.548869 -0.026306
v 0.219225 -0.549141 -0.026318
v 0.219258 -0.549411 -0.026281
v 0.219290 -0.549671 -0.026198
v 0.216396 -0.526104 -0.057454
v 0.212426 -0.526592 -0.057454
v 0.212397 -0.526350 -0.057581
v 0.212365 -0.526091 -0.057664
v 0.212332 -0.525821 -0.057700
v 0.212298 -0.525548 -0.057689
v 0.212265 -0.525282 -0.057630
v 0.212235 -0.525030 -0.057525
v 0.212206 -0.524800 -0.057378
v 0.212182 -0.524599 -0.057193
v 0.212161 -0.524433 -0.056976
v 0.212146 -0.524306 -0.056733
v 0.212136 -0.524224 -0.056471
v 0.212131 -0.524188 -0.056199
v 0.212133 -0.524199 -0.055924
v 0.212140 -0.524258 -0.055656
v 0.212152 -0.524361 -0.055402
v 0.212170 -0.524507 -0.055171
v 0.212193 -0.524691 -0.054968
v 0.212219 -0.524907 -0.054800
v 0.216190 -0.524420 -0.054800
v 0.216163 -0.524204 -0.054968
v 0.216141 -0.524020 -0.055171
v 0.216123 -0.523874 -0.055402
v 0.216110 -0.523770 -0.055656
v 0.216103 -0.523712 -0.055924
v 0.216101 -0.523700 -0.056199
v 0.216106 -0.523736 -0.056471
v 0.216116 -0.523819 -0.056733
v 0.216131 -0.523945 -0.056976
v 0.216152 -0.524111 -0.057193
v 0.216176 -0.524313 -0.057378
v 0.216205 -0.524543 -0.057525
v 0.216236 -0.524795 -0.057630
v 0.216268 -0.525061 -0.057689
v 0.216302 -0.525333 -0.057700
v 0.216335 -0.525603 -0.057664
v 0.216367 -0.525863 -0.057581
v 0.218247 -0.541176 -0.093918
v 0.214277 -0.541664 -0.093918
v 0.214247 -0.541422 -0.094046
v 0.214215 -0.541162 -0.094129
v 0.214182 -0.540892 -0.094165
v 0.214149 -0.540620 -0.094154
v 0.214116 -0.540354 -0.094095
v 0.214085 -0.540102 -0.093990
v 0.214057 -0.539872 -0.093843
v 0.214032 -0.539671 -0.093658
v 0.214012 -0.539504 -0.093440
v 0.213996 -0.539378 -0.093197
v 0.213986 -0.539296 -0.092935
v 0.213982 -0.539260 -0.092663
v 0.213983 -0.539271 -0.092389
v 0.213990 -0.539329 -0.092121
v 0.214003 -0.539433 -0.091867
v 0.214021 -0.539579 -0.091635
v 0.214043 -0.539763 -0.091432
v 0.214070 -0.539979 -0.091265
v 0.218040 -0.539491 -0.091265
v 0.218014 -0.539275 -0.091432
v 0.217991 -0.539092 -0.091635
v 0.217973 -0.538946 -0.091867
v 0.217960 -0.538842 -0.092121
v 0.217953 -0.538783 -0.092389
v 0.217952 -0.538772 -0.092663
v 0.217956 -0.538808 -0.092935
v 0.217966 -0.538891 -0.093197
v 0.217982 -0.539017 -0.093440
v 0.218002 -0.539183 -0.093658
v 0.218027 -0.539384 -0.093843
v 0.218055 -0.539614 -0.093990
v 0.218086 -0.539866 -0.094095
v 0.218119 -0.540133 -0.094154
v 0.218152 -0.540405 -0.094165
v 0.218186 -0.540675 -0.094129
v 0.218217 -0.540935 -0.094046
v 0.223021 -0.580056 -0.099000
v 0.219051 -0.580543 -0.099000
v 0.219021 -0.580302 -0.099127
v 0.218989 -0.580042 -0.099211
v 0.218956 -0.579772 -0.099247
v 0.218923 -0.579500 -0.099235
v 0.218890 -0.579234 -0.099176
v 0.218859 -0.578982 -0.099072
v 0.218831 -0.578752 -0.098925
v 0.218806 -0.578550 -0.098740
v 0.218786 -0.578384 -0.098522
v 0.218770 -0.578258 -0.098279
v 0.218760 -0.578175 -0.098017
v 0.218756 -0.578139 -0.097745
v 0.218757 -0.578151 -0.097471
v 0.218764 -0.578209 -0.097203
v 0.218777 -0.578313 -0.096949
v 0.218795 -0.578459 -0.096717
v 0.218817 -0.578643 -0.096514
v 0.218844 -0.578858 -0.096347
v 0.222814 -0.578371 -0.096347
v 0.222788 -0.578155 -0.096514
v 0.222765 -0.577971 -0.096717
v 0.222747 -0.577825 -0.096949
v 0.222734 -0.577722 -0.097203
v 0.222727 -0.577663 -0.097471
v 0.222726 -0.577652 -0.097745
v 0.222730 -0.577688 -0.098017
v 0.222740 -0.577770 -0.098279
v 0.222756 -0.577897 -0.098522
v 0.222776 -0.578063 -0.098740
v 0.222801 -0.578264 -0.098925
v 0.222829 -0.578494 -0.099072
v 0.222860 -0.578746 -0.099176
v 0.222893 -0.579012 -0.099235
v 0.222926 -0.579285 -0.099247
v 0.222959 -0.579555 -0.099211
v 0.222991 -0.579814 -0.099127
v 0.225944 -0.603864 -0.067617
v 0.221974 -0.604351 -0.067617
v 0.221944 -0.604110 -0.067745
v 0.221912 -0.603850 -0.067828
v 0.221879 -0.603580 -0.067864
v 0.221846 -0.603308 -0.067853
v 0.221813 -0.603042 -0.067794
v 0.221782 -0.602790 -0.067689
v 0.221754 -0.602560 -0.067542
v 0.221729 -0.602358 -0.067357
v 0.221709 -0.602192 -0.067139
v 0.221693 -0.602066 -0.066896
v 0.221683 -0.601983 -0.066634
v 0.221679 -0.601947 -0.066362
v 0.221680 -0.601959 -0.066088
v 0.221687 -0.602017 -0.065820
v 0.221700 -0.602121 -0.065566
v 0.221718 -0.602267 -0.065334
v 0.221741 -0.602451 -0.065131
v 0.221767 -0.602667 -0.064964
v 0.225737 -0.602179 -0.064964
v 0.225711 -0.601963 -0.065131
v 0.225688 -0.601779 -0.065334
v 0.225670 -0.601633 -0.065566
v 0.225658 -0.601530 -0.065820
v 0.225650 -0.601471 -0.066088
v 0.225649 -0.601460 -0.066362
v 0.225653 -0.601496 -0.066634
v 0.225664 -0.601578 -0.066896
v 0.225679 -0.601705 -0.067139
v 0.225699 -0.601871 -0.067357
v 0.225724 -0.602072 -0.067542
v 0.225752 -0.602302 -0.067689
v 0.225783 -0.602554 -0.067794
v 0.225816 -0.602820 -0.067853
v 0.225849 -0.603093 -0.067864
v 0.225883 -0.603363 -0.067828
v 0.225915 -0.603622 -0.067745
v 0.224094 -0.588792 -0.031153
v 0.220123 -0.589280 -0.031153
v 0.220094 -0.589038 -0.031280
v 0.220062 -0.588778 -0.031363
v 0.220029 -0.588508 -0.031399
v 0.219995 -0.588236 -0.031388
v 0.219963 -0.587970 -0.031329
v 0.219932 -0.587718 -0.031224
v 0.219903 -0.587488 -0.031077
v 0.219879 -0.587287 -0.030892
v 0.219858 -0.587120 -0.030675
v 0.219843 -0.586994 -0.030432
v 0.219833 -0.586912 -0.030170
v 0.219828 -0.586876 -0.029898
v 0.219830 -0.586887 -0.029623
v 0.219837 -0.586945 -0.029355
v 0.219850 -0.587049 -0.029101
v 0.219867 -0.587195 -0.028870
v 0.219890 -0.587379 -0.028667
v 0.219917 -0.587595 -0.028499
v 0.223887 -0.587107 -0.028499
v 0.223860 -0.586891 -0.028667
v 0.223838 -0.586708 -0.028870
v 0.223820 -0.586562 -0.029101
v 0.223807 -0.586458 -0.029355
v 0.223800 -0.586399 -0.029623
v 0.223798 -0.586388 -0.029898
v 0.223803 -0.586424 -0.030170
v 0.223813 -0.586507 -0.030432
v 0.223828 -0.586633 -0.030675
v 0.223849 -0.586799 -0.030892
v 0.223874 -0.587000 -0.031077
v 0.223902 -0.587231 -0.031224
v 0.223933 -0.587482 -0.031329
v 0.223965 -0.587749 -0.031388
v 0.223999 -0.588021 -0.031399
v 0.224032 -0.588291 -0.031363
v 0.224064 -0.588551 -0.031280
v 0.215801 -0.603306 -0.079681
v 0.215763 -0.602999 -0.079918
v 0.215730 -0.602733 -0.080202
v 0.215704 -0.602518 -0.080525
v 0.215684 -0.602358 -0.080880
v 0.215672 -0.602257 -0.081256
v 0.215667 -0.602220 -0.081644
v 0.215670 -0.602245 -0.082033
v 0.215681 -0.602334 -0.082413
v 0.215699 -0.602482 -0.082773
v 0.215725 -0.602688 -0.083103
v 0.227215 -0.601905 -0.079681
v 0.227175 -0.601579 -0.079934
v 0.227141 -0.601302 -0.080240
v 0.227114 -0.601082 -0.080589
v 0.227095 -0.600926 -0.080972
v 0.227084 -0.600837 -0.081377
v 0.227082 -0.600820 -0.081790
v 0.227088 -0.600875 -0.082200
v 0.227104 -0.600999 -0.082595
v 0.227127 -0.601189 -0.082962
v 0.227158 -0.601440 -0.083290
v 0.227195 -0.601744 -0.083569
v 0.227238 -0.602091 -0.083791
v 0.227284 -0.602471 -0.083948
v 0.227334 -0.602872 -0.084037
v 0.227384 -0.603282 -0.084055
v 0.227434 -0.603690 -0.084000
v 0.227482 -0.604081 -0.083875
v 0.227527 -0.604445 -0.083683
v 0.226038 -0.604628 -0.083683
v 0.225995 -0.604282 -0.083867
v 0.225950 -0.603909 -0.083991
v 0.225902 -0.603522 -0.084051
v 0.225854 -0.603130 -0.084046
v 0.225807 -0.602744 -0.083975
v 0.225761 -0.602375 -0.083841
v 0.225719 -0.602034 -0.083647
v 0.225682 -0.601729 -0.083399
v 0.225650 -0.601469 -0.083103
v 0.219695 -0.602200 -0.083103
v 0.224352 -0.578590 -0.105625
v 0.222863 -0.578773 -0.105625
v 0.222861 -0.578751 -0.105639
v 0.222858 -0.578728 -0.105653
v 0.222855 -0.578705 -0.105667
v 0.212930 -0.579924 -0.105667
v 0.212626 -0.577451 -0.101623
v 0.212586 -0.577129 -0.101873
v 0.212553 -0.576854 -0.102175
v 0.212526 -0.576635 -0.102519
v 0.212506 -0.576477 -0.102897
v 0.212495 -0.576387 -0.103296
v 0.212493 -0.576366 -0.103705
v 0.212499 -0.576415 -0.104112
v 0.212513 -0.576532 -0.104504
v 0.212536 -0.576715 -0.104870
v 0.212565 -0.576957 -0.105199
v 0.212601 -0.577252 -0.105481
v 0.212643 -0.577590 -0.105707
v 0.212689 -0.577962 -0.105872
v 0.212737 -0.578357 -0.105970
v 0.212787 -0.578762 -0.105999
v 0.212837 -0.579167 -0.105956
v 0.212885 -0.579558 -0.105844
v 0.224040 -0.576050 -0.101623
v 0.224000 -0.575724 -0.101876
v 0.223966 -0.575447 -0.102182
v 0.223939 -0.575227 -0.102531
v 0.223920 -0.575071 -0.102914
v 0.223909 -0.574982 -0.103318
v 0.223907 -0.574965 -0.103732
v 0.223914 -0.575020 -0.104142
v 0.223929 -0.575144 -0.104537
v 0.223952 -0.575334 -0.104904
v 0.223983 -0.575585 -0.105232
v 0.224020 -0.575889 -0.105511
v 0.224063 -0.576236 -0.105733
v 0.224110 -0.576616 -0.105890
v 0.224159 -0.577017 -0.105979
v 0.224209 -0.577427 -0.105996
v 0.224259 -0.577835 -0.105942
v 0.224308 -0.578226 -0.105816
v 0.227881 -0.607328 -0.049748
v 0.219444 -0.608364 -0.049748
v 0.219399 -0.608000 -0.049940
v 0.219351 -0.607608 -0.050065
v 0.219301 -0.607201 -0.050120
v 0.219251 -0.606790 -0.050103
v 0.219202 -0.606389 -0.050014
v 0.219155 -0.606009 -0.049856
v 0.219112 -0.605662 -0.049634
v 0.219075 -0.605359 -0.049355
v 0.219044 -0.605108 -0.049027
v 0.219021 -0.604918 -0.048660
v 0.219006 -0.604793 -0.048266
v 0.218999 -0.604739 -0.047855
v 0.219001 -0.604756 -0.047442
v 0.219012 -0.604844 -0.047037
v 0.219031 -0.605001 -0.046655
v 0.219058 -0.605221 -0.046305
v 0.219092 -0.605498 -0.045999
v 0.219132 -0.605823 -0.045747
v 0.227569 -0.604787 -0.045747
v 0.227529 -0.604462 -0.045999
v 0.227495 -0.604185 -0.046305
v 0.227468 -0.603965 -0.046655
v 0.227449 -0.603808 -0.047037
v 0.227438 -0.603720 -0.047442
v 0.227436 -0.603703 -0.047855
v 0.227442 -0.603757 -0.048266
v 0.227458 -0.603882 -0.048660
v 0.227481 -0.604072 -0.049027
v 0.227512 -0.604323 -0.049355
v 0.227549 -0.604626 -0.049634
v 0.227592 -0.604973 -0.049856
v 0.227638 -0.605353 -0.050014
v 0.227688 -0.605755 -0.050103
v 0.227738 -0.606165 -0.050120
v 0.227788 -0.606572 -0.050065
v 0.227836 -0.606964 -0.049940
v 0.220217 -0.544909 -0.102720
v 0.211780 -0.545945 -0.102720
v 0.211735 -0.545580 -0.102912
v 0.211687 -0.545189 -0.103037
v 0.211637 -0.544781 -0.103092
v 0.211587 -0.544371 -0.103075
v 0.211537 -0.543970 -0.102986
v 0.211491 -0.543590 -0.102828
v 0.211448 -0.543243 -0.102607
v 0.211411 -0.542939 -0.102327
v 0.211380 -0.542688 -0.101999
v 0.211357 -0.542498 -0.101633
v 0.211342 -0.542374 -0.101238
v 0.211335 -0.542319 -0.100828
v 0.211337 -0.542336 -0.100414
v 0.211348 -0.542425 -0.100010
v 0.211367 -0.542581 -0.099627
v 0.211394 -0.542801 -0.099277
v 0.211428 -0.543078 -0.098972
v 0.211468 -0.543404 -0.098719
v 0.219905 -0.542368 -0.098719
v 0.219865 -0.542042 -0.098972
v 0.219831 -0.541765 -0.099277
v 0.219804 -0.541545 -0.099627
v 0.219784 -0.541389 -0.100010
v 0.219774 -0.541301 -0.100414
v 0.219772 -0.541283 -0.100828
v 0.219778 -0.541338 -0.101238
v 0.219793 -0.541462 -0.101633
v 0.219817 -0.541653 -0.101999
v 0.219848 -0.541903 -0.102327
v 0.219885 -0.542207 -0.102607
v 0.219927 -0.542554 -0.102828
v 0.219974 -0.542934 -0.102986
v 0.220023 -0.543335 -0.103075
v 0.220074 -0.543746 -0.103092
v 0.220124 -0.544153 -0.103037
v 0.220172 -0.544545 -0.102912
v 0.217543 -0.523130 -0.076671
v 0.209106 -0.524166 -0.076671
v 0.209061 -0.523802 -0.076863
v 0.209013 -0.523410 -0.076988
v 0.208963 -0.523003 -0.077043
v 0.208913 -0.522593 -0.077026
v 0.208863 -0.522191 -0.076937
v 0.208817 -0.521811 -0.076779
v 0.208774 -0.521464 -0.076557
v 0.208737 -0.521161 -0.076278
v 0.208706 -0.520910 -0.075950
v 0.208683 -0.520720 -0.075583
v 0.208668 -0.520595 -0.075189
v 0.208661 -0.520541 -0.074779
v 0.208663 -0.520558 -0.074365
v 0.208674 -0.520646 -0.073961
v 0.208693 -0.520803 -0.073578
v 0.208720 -0.521023 -0.073228
v 0.208754 -0.521300 -0.072922
v 0.208794 -0.521626 -0.072670
v 0.217231 -0.520590 -0.072670
v 0.217191 -0.520264 -0.072922
v 0.217157 -0.519987 -0.073228
v 0.217130 -0.519767 -0.073578
v 0.217110 -0.519610 -0.073961
v 0.217100 -0.519522 -0.074365
v 0.217097 -0.519505 -0.074779
v 0.217104 -0.519560 -0.075189
v 0.217119 -0.519684 -0.075583
v 0.217143 -0.519874 -0.075950
v 0.217174 -0.520125 -0.076278
v 0.217211 -0.520429 -0.076557
v 0.217253 -0.520775 -0.076779
v 0.217300 -0.521155 -0.076937
v 0.217349 -0.521557 -0.077026
v 0.217400 -0.521967 -0.077043
v 0.217450 -0.522375 -0.076988
v 0.217498 -0.522766 -0.076863
v 0.217897 -0.526013 -0.042736
v 0.209460 -0.527049 -0.042736
v 0.209415 -0.526685 -0.042928
v 0.209367 -0.526293 -0.043053
v 0.209317 -0.525886 -0.043108
v 0.209267 -0.525475 -0.043091
v 0.209217 -0.525074 -0.043002
v 0.209171 -0.524694 -0.042844
v 0.209128 -0.524347 -0.042623
v 0.209091 -0.524044 -0.042343
v 0.209060 -0.523793 -0.042016
v 0.209037 -0.523602 -0.041649
v 0.209021 -0.523478 -0.041254
v 0.209015 -0.523424 -0.040844
v 0.209017 -0.523441 -0.040430
v 0.209028 -0.523529 -0.040026
v 0.209047 -0.523686 -0.039643
v 0.209074 -0.523906 -0.039293
v 0.209108 -0.524183 -0.038988
v 0.209148 -0.524508 -0.038735
v 0.217585 -0.523472 -0.038735
v 0.217545 -0.523147 -0.038988
v 0.217511 -0.522870 -0.039293
v 0.217484 -0.522650 -0.039643
v 0.217464 -0.522493 -0.040026
v 0.217454 -0.522405 -0.040430
v 0.217451 -0.522388 -0.040844
v 0.217458 -0.522442 -0.041254
v 0.217473 -0.522567 -0.041649
v 0.217497 -0.522757 -0.042016
v 0.217528 -0.523008 -0.042343
v 0.217565 -0.523311 -0.042623
v 0.217607 -0.523658 -0.042844
v 0.217654 -0.524038 -0.043002
v 0.217703 -0.524439 -0.043091
v 0.217754 -0.524850 -0.043108
v 0.217804 -0.525257 -0.043053
v 0.217852 -0.525649 -0.042928
v 0.221071 -0.551868 -0.020794
v 0.212634 -0.552904 -0.020794
v 0.212590 -0.552540 -0.020986
v 0.212542 -0.552148 -0.021112
v 0.212492 -0.551741 -0.021166
v 0.212441 -0.551330 -0.021149
v 0.212392 -0.550929 -0.021060
v 0.212345 -0.550549 -0.020903
v 0.212303 -0.550202 -0.020681
v 0.212265 -0.549899 -0.020402
v 0.212235 -0.549648 -0.020074
v 0.212211 -0.549457 -0.019707
v 0.212196 -0.549333 -0.019312
v 0.212189 -0.549279 -0.018902
v 0.212191 -0.549296 -0.018488
v 0.212202 -0.549384 -0.018084
v 0.212222 -0.549541 -0.017701
v 0.212249 -0.549761 -0.017352
v 0.212283 -0.550038 -0.017046
v 0.212323 -0.550363 -0.016793
v 0.220759 -0.549327 -0.016793
v 0.220719 -0.549002 -0.017046
v 0.220685 -0.548725 -0.017352
v 0.220658 -0.548505 -0.017701
v 0.220639 -0.548348 -0.018084
v 0.220628 -0.548260 -0.018488
v 0.220626 -0.548243 -0.018902
v 0.220633 -0.548297 -0.019312
v 0.220648 -0.548422 -0.019707
v 0.220671 -0.548612 -0.020074
v 0.220702 -0.548863 -0.020402
v 0.220739 -0.549166 -0.020681
v 0.220782 -0.549513 -0.020903
v 0.220829 -0.549893 -0.021060
v 0.220878 -0.550294 -0.021149
v 0.220928 -0.550705 -0.021166
v 0.220978 -0.551112 -0.021112
v 0.221026 -0.551504 -0.020986
v 0.225207 -0.585550 -0.023699
v 0.216770 -0.586586 -0.023699
v 0.216725 -0.586222 -0.023891
v 0.216677 -0.585830 -0.024016
v 0.216627 -0.585423 -0.024071
v 0.216577 -0.585012 -0.024053
v 0.216528 -0.584611 -0.023965
v 0.216481 -0.584231 -0.023807
v 0.216438 -0.583884 -0.023585
v 0.216401 -0.583580 -0.023306
v 0.216370 -0.583330 -0.022978
v 0.216347 -0.583139 -0.022611
v 0.216332 -0.583015 -0.022217
v 0.216325 -0.582961 -0.021806
v 0.216327 -0.582978 -0.021393
v 0.216338 -0.583066 -0.020988
v 0.216357 -0.583222 -0.020605
v 0.216384 -0.583443 -0.020256
v 0.216418 -0.583720 -0.019950
v 0.216458 -0.584045 -0.019697
v 0.224895 -0.583009 -0.019697
v 0.224855 -0.582684 -0.019950
v 0.224821 -0.582407 -0.020256
v 0.224794 -0.582187 -0.020605
v 0.224775 -0.582030 -0.020988
v 0.224764 -0.581942 -0.021393
v 0.224762 -0.581925 -0.021806
v 0.224768 -0.581979 -0.022217
v 0.224784 -0.582103 -0.022611
v 0.224807 -0.582294 -0.022978
v 0.224838 -0.582545 -0.023306
v 0.224875 -0.582848 -0.023585
v 0.224918 -0.583195 -0.023807
v 0.224964 -0.583575 -0.023965
v 0.225014 -0.583976 -0.024053
v 0.225064 -0.584387 -0.024071
v 0.225114 -0.584794 -0.024016
v 0.225162 -0.585186 -0.023891
v 0.216458 -0.584045 -0.019697
v 0.216503 -0.584409 -0.019506
v 0.216551 -0.584801 -0.019380
v 0.216601 -0.585208 -0.019326
v 0.216651 -0.585619 -0.019343
v 0.216701 -0.586020 -0.019432
v 0.216747 -0.586400 -0.019589
v 0.216790 -0.586747 -0.019811
v 0.216827 -0.587050 -0.020090
v 0.216858 -0.587301 -0.020418
v 0.216881 -0.587492 -0.020785
v 0.216897 -0.587616 -0.021180
v 0.216903 -0.587670 -0.021590
v 0.216901 -0.587653 -0.022004
v 0.216890 -0.587565 -0.022408
v 0.216871 -0.587408 -0.022791
v 0.216844 -0.587188 -0.023140
v 0.216810 -0.586911 -0.023446
v 0.216770 -0.586586 -0.023699
v 0.225207 -0.585550 -0.023699
v 0.225247 -0.585875 -0.023446
v 0.225281 -0.586152 -0.023140
v 0.225308 -0.586373 -0.022791
v 0.225327 -0.586529 -0.022408
v 0.225338 -0.586617 -0.022004
v 0.225340 -0.586634 -0.021590
v 0.225333 -0.586580 -0.021180
v 0.225318 -0.586456 -0.020785
v 0.225295 -0.586265 -0.020418
v 0.225264 -0.586014 -0.020090
v 0.225227 -0.585711 -0.019811
v 0.225184 -0.585364 -0.019589
v 0.225137 -0.584984 -0.019432
v 0.225088 -0.584583 -0.019343
v 0.225038 -0.584172 -0.019326
v 0.224988 -0.583765 -0.019380
v 0.224939 -0.583373 -0.019506
v 0.224895 -0.583009 -0.019697
v 0.212323 -0.550363 -0.016793
v 0.212367 -0.550727 -0.016601
v 0.212415 -0.551119 -0.016476
v 0.212465 -0.551526 -0.016421
v 0.212516 -0.551937 -0.016439
v 0.212565 -0.552338 -0.016527
v 0.212612 -0.552718 -0.016685
v 0.212654 -0.553065 -0.016907
v 0.212692 -0.553369 -0.017186
v 0.212722 -0.553619 -0.017514
v 0.212746 -0.553810 -0.017881
v 0.212761 -0.553934 -0.018275
v 0.212768 -0.553988 -0.018686
v 0.212766 -0.553971 -0.019099
v 0.212755 -0.553883 -0.019504
v 0.212735 -0.553727 -0.019886
v 0.212708 -0.553506 -0.020236
v 0.212674 -0.553229 -0.020542
v 0.212634 -0.552904 -0.020794
v 0.221071 -0.551868 -0.020794
v 0.221111 -0.552194 -0.020542
v 0.221145 -0.552471 -0.020236
v 0.221172 -0.552691 -0.019886
v 0.221191 -0.552847 -0.019504
v 0.221202 -0.552935 -0.019099
v 0.221204 -0.552953 -0.018686
v 0.221198 -0.552898 -0.018275
v 0.221182 -0.552774 -0.017881
v 0.221159 -0.552583 -0.017514
v 0.221128 -0.552333 -0.017186
v 0.221091 -0.552029 -0.016907
v 0.221048 -0.551682 -0.016685
v 0.221002 -0.551302 -0.016527
v 0.220952 -0.550901 -0.016439
v 0.220902 -0.550490 -0.016421
v 0.220852 -0.550083 -0.016476
v 0.220804 -0.549691 -0.016601
v 0.220759 -0.549327 -0.016793
v 0.209148 -0.524508 -0.038735
v 0.209193 -0.524872 -0.038543
v 0.209241 -0.525264 -0.038418
v 0.209291 -0.525671 -0.038363
v 0.209341 -0.526082 -0.038380
v 0.209390 -0.526483 -0.038469
v 0.209437 -0.526863 -0.038627
v 0.209480 -0.527210 -0.038849
v 0.209517 -0.527514 -0.039128
v 0.209548 -0.527764 -0.039456
v 0.209571 -0.527955 -0.039823
v 0.209586 -0.528079 -0.040217
v 0.209593 -0.528133 -0.040628
v 0.209591 -0.528116 -0.041041
v 0.209580 -0.528028 -0.041446
v 0.209561 -0.527872 -0.041828
v 0.209534 -0.527651 -0.042178
v 0.209500 -0.527374 -0.042484
v 0.209460 -0.527049 -0.042736
v 0.217897 -0.526013 -0.042736
v 0.217936 -0.526339 -0.042484
v 0.217971 -0.526616 -0.042178
v 0.217998 -0.526836 -0.041828
v 0.218017 -0.526992 -0.041446
v 0.218028 -0.527080 -0.041041
v 0.218030 -0.527098 -0.040628
v 0.218023 -0.527043 -0.040217
v 0.218008 -0.526919 -0.039823
v 0.217984 -0.526728 -0.039456
v 0.217954 -0.526478 -0.039128
v 0.217916 -0.526174 -0.038849
v 0.217874 -0.525827 -0.038627
v 0.217827 -0.525447 -0.038469
v 0.217778 -0.525046 -0.038380
v 0.217727 -0.524635 -0.038363
v 0.217677 -0.524228 -0.038418
v 0.217629 -0.523836 -0.038543
v 0.217585 -0.523472 -0.038735
v 0.208794 -0.521626 -0.072670
v 0.208839 -0.521990 -0.072478
v 0.208887 -0.522381 -0.072353
v 0.208937 -0.522789 -0.072298
v 0.208987 -0.523199 -0.072315
v 0.209036 -0.523601 -0.072404
v 0.209083 -0.523980 -0.072562
v 0.209126 -0.524327 -0.072783
v 0.209163 -0.524631 -0.073063
v 0.209194 -0.524882 -0.073391
v 0.209217 -0.525072 -0.073757
v 0.209232 -0.525196 -0.074152
v 0.209239 -0.525251 -0.074562
v 0.209237 -0.525234 -0.074976
v 0.209226 -0.525145 -0.075380
v 0.209207 -0.524989 -0.075763
v 0.209180 -0.524769 -0.076113
v 0.209146 -0.524492 -0.076418
v 0.209106 -0.524166 -0.076671
v 0.217543 -0.523130 -0.076671
v 0.217583 -0.523456 -0.076418
v 0.217617 -0.523733 -0.076113
v 0.217644 -0.523953 -0.075763
v 0.217663 -0.524110 -0.075380
v 0.217674 -0.524198 -0.074976
v 0.217676 -0.524215 -0.074562
v 0.217669 -0.524160 -0.074152
v 0.217654 -0.524036 -0.073757
v 0.217630 -0.523846 -0.073391
v 0.217600 -0.523595 -0.073063
v 0.217562 -0.523292 -0.072783
v 0.217520 -0.522945 -0.072562
v 0.217473 -0.522565 -0.072404
v 0.217424 -0.522163 -0.072315
v 0.217373 -0.521753 -0.072298
v 0.217323 -0.521345 -0.072353
v 0.217275 -0.520954 -0.072478
v 0.217231 -0.520590 -0.072670
v 0.211468 -0.543404 -0.098719
v 0.211513 -0.543768 -0.098527
v 0.211561 -0.544160 -0.098402
v 0.211611 -0.544567 -0.098347
v 0.211661 -0.544977 -0.098364
v 0.211711 -0.545379 -0.098453
v 0.211757 -0.545759 -0.098611
v 0.211800 -0.546106 -0.098833
v 0.211837 -0.546409 -0.099112
v 0.211868 -0.546660 -0.099440
v 0.211891 -0.546850 -0.099807
v 0.211906 -0.546975 -0.100201
v 0.211913 -0.547029 -0.100612
v 0.211911 -0.547012 -0.101025
v 0.211900 -0.546924 -0.101429
v 0.211881 -0.546767 -0.101812
v 0.211854 -0.546547 -0.102162
v 0.211820 -0.546270 -0.102468
v 0.211780 -0.545945 -0.102720
v 0.220217 -0.544909 -0.102720
v 0.220257 -0.545234 -0.102468
v 0.220291 -0.545511 -0.102162
v 0.220318 -0.545731 -0.101812
v 0.220337 -0.545888 -0.101429
v 0.220348 -0.545976 -0.101025
v 0.220350 -0.545993 -0.100612
v 0.220343 -0.545939 -0.100201
v 0.220328 -0.545814 -0.099807
v 0.220304 -0.545624 -0.099440
v 0.220274 -0.545373 -0.099112
v 0.220236 -0.545070 -0.098833
v 0.220194 -0.544723 -0.098611
v 0.220147 -0.544343 -0.098453
v 0.220098 -0.543942 -0.098364
v 0.220047 -0.543531 -0.098347
v 0.219997 -0.543124 -0.098402
v 0.219949 -0.542732 -0.098527
v 0.219905 -0.542368 -0.098719
v 0.219132 -0.605823 -0.045747
v 0.219177 -0.606187 -0.045555
v 0.219225 -0.606579 -0.045430
v 0.219275 -0.606986 -0.045375
v 0.219325 -0.607397 -0.045392
v 0.219375 -0.607798 -0.045481
v 0.219421 -0.608178 -0.045639
v 0.219464 -0.608525 -0.045860
v 0.219501 -0.608829 -0.046139
v 0.219532 -0.609079 -0.046467
v 0.219555 -0.609270 -0.046834
v 0.219571 -0.609394 -0.047229
v 0.219577 -0.609449 -0.047639
v 0.219575 -0.609431 -0.048053
v 0.219564 -0.609343 -0.048457
v 0.219545 -0.609187 -0.048840
v 0.219518 -0.608967 -0.049190
v 0.219484 -0.608690 -0.049495
v 0.219444 -0.608364 -0.049748
v 0.227881 -0.607328 -0.049748
v 0.227921 -0.607654 -0.049495
v 0.227955 -0.607931 -0.049190
v 0.227982 -0.608151 -0.048840
v 0.228001 -0.608307 -0.048457
v 0.228012 -0.608396 -0.048053
v 0.228014 -0.608413 -0.047639
v 0.228007 -0.608358 -0.047229
v 0.227992 -0.608234 -0.046834
v 0.227969 -0.608044 -0.046467
v 0.227938 -0.607793 -0.046139
v 0.227901 -0.607489 -0.045860
v 0.227858 -0.607142 -0.045639
v 0.227811 -0.606762 -0.045481
v 0.227762 -0.606361 -0.045392
v 0.227712 -0.605951 -0.045375
v 0.227662 -0.605543 -0.045430
v 0.227614 -0.605152 -0.045555
v 0.227569 -0.604787 -0.045747
v 0.222918 -0.579215 -0.101991
v 0.216962 -0.579946 -0.101991
v 0.222947 -0.579451 -0.102287
v 0.222970 -0.579638 -0.102616
v 0.222986 -0.579770 -0.102972
v 0.222995 -0.579844 -0.103344
v 0.222997 -0.579858 -0.103723
v 0.222991 -0.579812 -0.104100
v 0.222978 -0.579708 -0.104464
v 0.222958 -0.579547 -0.104808
v 0.222932 -0.579333 -0.105120
v 0.222900 -0.579073 -0.105395
v 0.222863 -0.578773 -0.105625
v 0.224352 -0.578590 -0.105625
v 0.224392 -0.578916 -0.105372
v 0.224426 -0.579193 -0.105066
v 0.224453 -0.579413 -0.104717
v 0.224472 -0.579570 -0.104334
v 0.224483 -0.579658 -0.103929
v 0.224485 -0.579675 -0.103516
v 0.224479 -0.579621 -0.103105
v 0.224463 -0.579496 -0.102711
v 0.224440 -0.579306 -0.102344
v 0.224409 -0.579055 -0.102016
v 0.224372 -0.578752 -0.101737
v 0.224329 -0.578405 -0.101515
v 0.224283 -0.578025 -0.101357
v 0.224233 -0.577623 -0.101269
v 0.224183 -0.577213 -0.101251
v 0.224133 -0.576806 -0.101306
v 0.224085 -0.576414 -0.101431
v 0.224040 -0.576050 -0.101623
v 0.212626 -0.577451 -0.101623
v 0.212992 -0.580433 -0.101991
v 0.212955 -0.580129 -0.101719
v 0.212912 -0.579783 -0.101503
v 0.212866 -0.579406 -0.101351
v 0.212817 -0.579008 -0.101266
v 0.212767 -0.578602 -0.101252
v 0.212718 -0.578199 -0.101308
v 0.212670 -0.577811 -0.101433
v 0.216227 -0.606782 -0.082521
v 0.216241 -0.606890 -0.082140
v 0.216246 -0.606933 -0.081747
v 0.216243 -0.606911 -0.081352
v 0.216233 -0.606824 -0.080967
v 0.216214 -0.606675 -0.080601
v 0.216189 -0.606468 -0.080265
v 0.216157 -0.606209 -0.079968
v 0.216119 -0.605904 -0.079719
v 0.216078 -0.605562 -0.079524
v 0.216032 -0.605193 -0.079390
v 0.215985 -0.604807 -0.079318
v 0.215937 -0.604414 -0.079313
v 0.215889 -0.604026 -0.079373
v 0.215843 -0.603653 -0.079497
v 0.215801 -0.603306 -0.079681
v 0.226153 -0.605563 -0.082521
v 0.226133 -0.605402 -0.082864
v 0.226107 -0.605189 -0.083178
v 0.226075 -0.604929 -0.083453
v 0.226038 -0.604628 -0.083683
v 0.227527 -0.604445 -0.083683
v 0.227567 -0.604771 -0.083430
v 0.227601 -0.605048 -0.083124
v 0.227628 -0.605268 -0.082775
v 0.227647 -0.605425 -0.082392
v 0.227658 -0.605513 -0.081988
v 0.227660 -0.605530 -0.081574
v 0.227653 -0.605476 -0.081164
v 0.227638 -0.605351 -0.080769
v 0.227615 -0.605161 -0.080402
v 0.227584 -0.604910 -0.080074
v 0.227547 -0.604607 -0.079795
v 0.227504 -0.604260 -0.079573
v 0.227457 -0.603880 -0.079416
v 0.227408 -0.603478 -0.079327
v 0.227358 -0.603068 -0.079310
v 0.227308 -0.602661 -0.079364
v 0.227260 -0.602269 -0.079490
v 0.227215 -0.601905 -0.079681
v 0.215801 -0.603306 -0.079681
v 0.215763 -0.602999 -0.079918
v 0.215730 -0.602733 -0.080202
v 0.215704 -0.602518 -0.080525
v 0.215684 -0.602358 -0.080880
v 0.215672 -0.602257 -0.081256
v 0.215667 -0.602220 -0.081644
v 0.215670 -0.602245 -0.082033
v 0.215681 -0.602334 -0.082413
v 0.215699 -0.602482 -0.082773
v 0.215725 -0.602688 -0.083103
v 0.216227 -0.606782 -0.082521
v 0.216241 -0.606890 -0.082140
v 0.216246 -0.606933 -0.081747
v 0.216243 -0.606911 -0.081352
v 0.216233 -0.606824 -0.080967
v 0.216214 -0.606675 -0.080601
v 0.216189 -0.606468 -0.080265
v 0.216157 -0.606209 -0.079968
v 0.216119 -0.605904 -0.079719
v 0.216078 -0.605562 -0.079524
v 0.216032 -0.605193 -0.079390
v 0.215985 -0.604807 -0.079318
v 0.215937 -0.604414 -0.079313
v 0.215889 -0.604026 -0.079373
v 0.215843 -0.603653 -0.079497
v 0.216568 -0.609558 -0.083949
v 0.216966 -0.612800 -0.075890
v 0.217188 -0.614607 -0.067387
v 0.217227 -0.614925 -0.058697
v 0.217082 -0.613743 -0.050083
v 0.216757 -0.611098 -0.041805
v 0.216263 -0.607070 -0.034115
v 0.215613 -0.601780 -0.027244
v 0.214828 -0.595388 -0.021400
v 0.213932 -0.588088 -0.016760
v 0.212951 -0.580101 -0.013465
v 0.211916 -0.571667 -0.011614
v 0.210857 -0.563043 -0.011263
v 0.209807 -0.554489 -0.012423
v 0.208797 -0.546264 -0.015059
v 0.207858 -0.538617 -0.019090
v 0.207036 -0.531927 -0.024258
v 0.206333 -0.526202 -0.030493
v 0.205769 -0.521607 -0.037613
v 0.205360 -0.518274 -0.045415
v 0.205118 -0.516300 -0.053672
v 0.205049 -0.515742 -0.062147
v 0.205156 -0.516615 -0.070595
v 0.205436 -0.518895 -0.078772
v 0.205881 -0.522516 -0.086442
v 0.206477 -0.527373 -0.093384
v 0.207208 -0.533327 -0.099397
v 0.208053 -0.540204 -0.104309
v 0.208986 -0.547808 -0.107977
v 0.209982 -0.555918 -0.110295
v 0.211011 -0.564300 -0.111197
v 0.212044 -0.572713 -0.110657
v 0.213051 -0.580914 -0.108690
v 0.212930 -0.579924 -0.105667
v 0.212626 -0.577451 -0.101623
v 0.212586 -0.577129 -0.101873
v 0.212553 -0.576854 -0.102175
v 0.212526 -0.576635 -0.102519
v 0.212506 -0.576477 -0.102897
v 0.212495 -0.576387 -0.103296
v 0.212493 -0.576366 -0.103705
v 0.212499 -0.576415 -0.104112
v 0.212513 -0.576532 -0.104504
v 0.212536 -0.576715 -0.104870
v 0.212565 -0.576957 -0.105199
v 0.212601 -0.577252 -0.105481
v 0.212643 -0.577590 -0.105707
v 0.212689 -0.577962 -0.105872
v 0.212737 -0.578357 -0.105970
v 0.212787 -0.578762 -0.105999
v 0.212837 -0.579167 -0.105956
v 0.212885 -0.579558 -0.105844
v 0.212992 -0.580433 -0.101991
v 0.212955 -0.580129 -0.101719
v 0.212912 -0.579783 -0.101503
v 0.212866 -0.579406 -0.101351
v 0.212817 -0.579008 -0.101266
v 0.212767 -0.578602 -0.101252
v 0.212718 -0.578199 -0.101308
v 0.212670 -0.577811 -0.101433
v 0.213818 -0.587163 -0.098768
v 0.214571 -0.593292 -0.094404
v 0.215211 -0.598501 -0.089120
v 0.206518 -0.527709 -0.043200
v 0.206568 -0.528110 -0.042888
v 0.206609 -0.528451 -0.042512
v 0.206643 -0.528722 -0.042081
v 0.206666 -0.528915 -0.041610
v 0.206680 -0.529023 -0.041112
v 0.206682 -0.529044 -0.040603
v 0.206674 -0.528977 -0.040097
v 0.206655 -0.528824 -0.039611
v 0.206627 -0.528590 -0.039159
v 0.206589 -0.528281 -0.038755
v 0.206543 -0.527907 -0.038412
v 0.206490 -0.527480 -0.038139
v 0.206433 -0.527012 -0.037944
v 0.206372 -0.526518 -0.037835
v 0.206310 -0.526012 -0.037814
v 0.206248 -0.525510 -0.037881
v 0.206189 -0.525028 -0.038035
v 0.206134 -0.524580 -0.038272
v 0.206085 -0.524179 -0.038583
v 0.206043 -0.523838 -0.038959
v 0.206010 -0.523566 -0.039390
v 0.205986 -0.523374 -0.039861
v 0.205973 -0.523265 -0.040359
v 0.205970 -0.523244 -0.040869
v 0.205978 -0.523311 -0.041374
v 0.205997 -0.523464 -0.041860
v 0.206026 -0.523699 -0.042312
v 0.206064 -0.524007 -0.042716
v 0.206110 -0.524381 -0.043060
v 0.206162 -0.524809 -0.043333
v 0.206220 -0.525276 -0.043527
v 0.206280 -0.525771 -0.043636
v 0.206342 -0.526276 -0.043658
v 0.206404 -0.526778 -0.043590
v 0.206463 -0.527260 -0.043436
v 0.206164 -0.524826 -0.077134
v 0.206214 -0.525227 -0.076823
v 0.206256 -0.525568 -0.076447
v 0.206289 -0.525839 -0.076016
v 0.206312 -0.526032 -0.075545
v 0.206326 -0.526141 -0.075047
v 0.206328 -0.526162 -0.074537
v 0.206320 -0.526095 -0.074032
v 0.206301 -0.525942 -0.073546
v 0.206273 -0.525707 -0.073094
v 0.206235 -0.525398 -0.072690
v 0.206189 -0.525025 -0.072347
v 0.206136 -0.524597 -0.072073
v 0.206079 -0.524129 -0.071879
v 0.206018 -0.523635 -0.071770
v 0.205956 -0.523129 -0.071748
v 0.205895 -0.522628 -0.071816
v 0.205835 -0.522145 -0.071970
v 0.205780 -0.521697 -0.072206
v 0.205731 -0.521296 -0.072518
v 0.205689 -0.520955 -0.072894
v 0.205656 -0.520684 -0.073325
v 0.205632 -0.520491 -0.073796
v 0.205619 -0.520382 -0.074294
v 0.205616 -0.520361 -0.074804
v 0.205624 -0.520428 -0.075309
v 0.205643 -0.520581 -0.075795
v 0.205672 -0.520816 -0.076247
v 0.205710 -0.521125 -0.076651
v 0.205756 -0.521499 -0.076994
v 0.205808 -0.521926 -0.077267
v 0.205866 -0.522394 -0.077462
v 0.205926 -0.522888 -0.077571
v 0.205989 -0.523394 -0.077592
v 0.206050 -0.523895 -0.077525
v 0.206109 -0.524378 -0.077371
v 0.208838 -0.546604 -0.103184
v 0.208888 -0.547005 -0.102872
v 0.208930 -0.547346 -0.102496
v 0.208963 -0.547618 -0.102065
v 0.208987 -0.547810 -0.101594
v 0.209000 -0.547919 -0.101096
v 0.209002 -0.547940 -0.100586
v 0.208994 -0.547873 -0.100081
v 0.208975 -0.547720 -0.099595
v 0.208947 -0.547485 -0.099143
v 0.208909 -0.547177 -0.098739
v 0.208863 -0.546803 -0.098396
v 0.208810 -0.546375 -0.098123
v 0.208753 -0.545908 -0.097928
v 0.208692 -0.545413 -0.097819
v 0.208630 -0.544908 -0.097798
v 0.208569 -0.544406 -0.097865
v 0.208509 -0.543924 -0.098019
v 0.208454 -0.543475 -0.098256
v 0.208405 -0.543074 -0.098567
v 0.208363 -0.542733 -0.098943
v 0.208330 -0.542462 -0.099374
v 0.208306 -0.542269 -0.099845
v 0.208293 -0.542161 -0.100343
v 0.208290 -0.542140 -0.100853
v 0.208298 -0.542207 -0.101358
v 0.208317 -0.542360 -0.101844
v 0.208346 -0.542594 -0.102296
v 0.208384 -0.542903 -0.102700
v 0.208430 -0.543277 -0.103044
v 0.208482 -0.543704 -0.103317
v 0.208540 -0.544172 -0.103511
v 0.208601 -0.544666 -0.103620
v 0.208663 -0.545172 -0.103642
v 0.208724 -0.545674 -0.103574
v 0.208783 -0.546156 -0.103420
v 0.216503 -0.609024 -0.050211
v 0.216552 -0.609425 -0.049900
v 0.216594 -0.609766 -0.049524
v 0.216627 -0.610037 -0.049093
v 0.216651 -0.610230 -0.048622
v 0.216664 -0.610338 -0.048124
v 0.216667 -0.610359 -0.047614
v 0.216658 -0.610292 -0.047109
v 0.216640 -0.610139 -0.046623
v 0.216611 -0.609905 -0.046171
v 0.216573 -0.609596 -0.045767
v 0.216527 -0.609222 -0.045423
v 0.216475 -0.608795 -0.045150
v 0.216417 -0.608327 -0.044956
v 0.216356 -0.607833 -0.044847
v 0.216294 -0.607327 -0.044825
v 0.216233 -0.606826 -0.044893
v 0.216173 -0.606343 -0.045047
v 0.216118 -0.605895 -0.045283
v 0.216069 -0.605494 -0.045595
v 0.216027 -0.605153 -0.045971
v 0.215994 -0.604882 -0.046402
v 0.215970 -0.604689 -0.046873
v 0.215957 -0.604580 -0.047371
v 0.215954 -0.604559 -0.047880
v 0.215963 -0.604626 -0.048386
v 0.215981 -0.604779 -0.048872
v 0.216010 -0.605014 -0.049324
v 0.216048 -0.605323 -0.049727
v 0.216094 -0.605696 -0.050071
v 0.216147 -0.606124 -0.050344
v 0.216204 -0.606592 -0.050539
v 0.216265 -0.607086 -0.050648
v 0.216327 -0.607591 -0.050669
v 0.216388 -0.608093 -0.050602
v 0.216448 -0.608575 -0.050448
v 0.213829 -0.587246 -0.024162
v 0.213878 -0.587646 -0.023851
v 0.213920 -0.587988 -0.023474
v 0.213953 -0.588259 -0.023044
v 0.213977 -0.588451 -0.022572
v 0.213990 -0.588560 -0.022074
v 0.213993 -0.588581 -0.021565
v 0.213984 -0.588514 -0.021060
v 0.213966 -0.588361 -0.020574
v 0.213937 -0.588127 -0.020122
v 0.213899 -0.587818 -0.019718
v 0.213853 -0.587444 -0.019374
v 0.213800 -0.587017 -0.019101
v 0.213743 -0.586549 -0.018907
v 0.213682 -0.586055 -0.018797
v 0.213620 -0.585549 -0.018776
v 0.213559 -0.585047 -0.018844
v 0.213499 -0.584565 -0.018998
v 0.213444 -0.584117 -0.019234
v 0.213395 -0.583716 -0.019545
v 0.213353 -0.583374 -0.019922
v 0.213320 -0.583103 -0.020352
v 0.213296 -0.582911 -0.020824
v 0.213283 -0.582802 -0.021322
v 0.213280 -0.582781 -0.021831
v 0.213289 -0.582848 -0.022337
v 0.213307 -0.583001 -0.022823
v 0.213336 -0.583235 -0.023274
v 0.213374 -0.583544 -0.023678
v 0.213420 -0.583918 -0.024022
v 0.213472 -0.584345 -0.024295
v 0.213530 -0.584813 -0.024489
v 0.213591 -0.585308 -0.024599
v 0.213653 -0.585813 -0.024620
v 0.213714 -0.586315 -0.024553
v 0.213774 -0.586797 -0.024398
v 0.209693 -0.553564 -0.021258
v 0.209742 -0.553965 -0.020947
v 0.209784 -0.554306 -0.020570
v 0.209817 -0.554577 -0.020140
v 0.209841 -0.554770 -0.019668
v 0.209854 -0.554878 -0.019170
v 0.209857 -0.554899 -0.018661
v 0.209849 -0.554832 -0.018155
v 0.209830 -0.554679 -0.017669
v 0.209801 -0.554445 -0.017218
v 0.209763 -0.554136 -0.016814
v 0.209717 -0.553762 -0.016470
v 0.209665 -0.553335 -0.016197
v 0.209607 -0.552867 -0.016003
v 0.209547 -0.552373 -0.015893
v 0.209485 -0.551867 -0.015872
v 0.209423 -0.551365 -0.015939
v 0.209364 -0.550883 -0.016094
v 0.209309 -0.550435 -0.016330
v 0.209260 -0.550034 -0.016641
v 0.209218 -0.549693 -0.017018
v 0.209184 -0.549421 -0.017448
v 0.209161 -0.549229 -0.017920
v 0.209147 -0.549120 -0.018418
v 0.209145 -0.549099 -0.018927
v 0.209153 -0.549166 -0.019432
v 0.209172 -0.549319 -0.019918
v 0.209201 -0.549554 -0.020370
v 0.209239 -0.549862 -0.020774
v 0.209284 -0.550236 -0.021118
v 0.209337 -0.550664 -0.021391
v 0.209394 -0.551131 -0.021585
v 0.209455 -0.551626 -0.021695
v 0.209517 -0.552131 -0.021716
v 0.209579 -0.552633 -0.021648
v 0.209638 -0.553115 -0.021494
v 0.214221 -0.590439 -0.031827
v 0.214261 -0.590764 -0.031574
v 0.214295 -0.591041 -0.031268
v 0.214322 -0.591261 -0.030919
v 0.214341 -0.591418 -0.030536
v 0.214352 -0.591506 -0.030132
v 0.214354 -0.591523 -0.029718
v 0.214347 -0.591469 -0.029308
v 0.214332 -0.591345 -0.028913
v 0.214308 -0.591154 -0.028546
v 0.214278 -0.590903 -0.028218
v 0.214240 -0.590600 -0.027939
v 0.214198 -0.590253 -0.027717
v 0.214151 -0.589873 -0.027560
v 0.214102 -0.589472 -0.027471
v 0.214052 -0.589061 -0.027453
v 0.214001 -0.588654 -0.027508
v 0.213953 -0.588262 -0.027634
v 0.213909 -0.587898 -0.027825
v 0.213869 -0.587573 -0.028078
v 0.213835 -0.587296 -0.028384
v 0.213808 -0.587075 -0.028733
v 0.213788 -0.586919 -0.029116
v 0.213778 -0.586831 -0.029520
v 0.213776 -0.586814 -0.029934
v 0.213782 -0.586868 -0.030344
v 0.213797 -0.586992 -0.030739
v 0.213821 -0.587183 -0.031106
v 0.213852 -0.587433 -0.031434
v 0.213889 -0.587737 -0.031713
v 0.213932 -0.588084 -0.031935
v 0.213978 -0.588464 -0.032092
v 0.214027 -0.588865 -0.032181
v 0.214078 -0.589276 -0.032199
v 0.214128 -0.589683 -0.032144
v 0.214176 -0.590075 -0.032019
v 0.213148 -0.581702 -0.099674
v 0.213188 -0.582028 -0.099421
v 0.213222 -0.582305 -0.099116
v 0.213249 -0.582525 -0.098766
v 0.213268 -0.582682 -0.098383
v 0.213279 -0.582770 -0.097979
v 0.213281 -0.582787 -0.097565
v 0.213274 -0.582733 -0.097155
v 0.213259 -0.582608 -0.096760
v 0.213236 -0.582418 -0.096394
v 0.213205 -0.582167 -0.096066
v 0.213168 -0.581864 -0.095787
v 0.213125 -0.581517 -0.095565
v 0.213079 -0.581137 -0.095407
v 0.213029 -0.580735 -0.095318
v 0.212979 -0.580325 -0.095301
v 0.212929 -0.579918 -0.095356
v 0.212881 -0.579526 -0.095481
v 0.212836 -0.579162 -0.095673
v 0.212796 -0.578836 -0.095925
v 0.212762 -0.578559 -0.096231
v 0.212735 -0.578339 -0.096581
v 0.212716 -0.578183 -0.096964
v 0.212705 -0.578094 -0.097368
v 0.212703 -0.578077 -0.097782
v 0.212710 -0.578132 -0.098192
v 0.212725 -0.578256 -0.098586
v 0.212748 -0.578446 -0.098953
v 0.212779 -0.578697 -0.099281
v 0.212816 -0.579001 -0.099560
v 0.212859 -0.579348 -0.099782
v 0.212905 -0.579728 -0.099940
v 0.212955 -0.580129 -0.100029
v 0.213005 -0.580539 -0.100046
v 0.213055 -0.580947 -0.099991
v 0.213103 -0.581338 -0.099866
v 0.209447 -0.551559 -0.026745
v 0.209487 -0.551885 -0.026492
v 0.209521 -0.552162 -0.026186
v 0.209548 -0.552382 -0.025837
v 0.209567 -0.552538 -0.025454
v 0.209578 -0.552626 -0.025050
v 0.209580 -0.552644 -0.024636
v 0.209573 -0.552589 -0.024226
v 0.209558 -0.552465 -0.023831
v 0.209535 -0.552274 -0.023464
v 0.209504 -0.552024 -0.023136
v 0.209467 -0.551720 -0.022857
v 0.209424 -0.551373 -0.022636
v 0.209377 -0.550993 -0.022478
v 0.209328 -0.550592 -0.022389
v 0.209278 -0.550181 -0.022372
v 0.209228 -0.549774 -0.022427
v 0.209180 -0.549382 -0.022552
v 0.209135 -0.549018 -0.022744
v 0.209095 -0.548693 -0.022996
v 0.209061 -0.548416 -0.023302
v 0.209034 -0.548196 -0.023652
v 0.209015 -0.548039 -0.024034
v 0.209004 -0.547951 -0.024439
v 0.209002 -0.547934 -0.024852
v 0.209008 -0.547988 -0.025263
v 0.209024 -0.548113 -0.025657
v 0.209047 -0.548303 -0.026024
v 0.209078 -0.548554 -0.026352
v 0.209115 -0.548857 -0.026631
v 0.209158 -0.549204 -0.026853
v 0.209204 -0.549584 -0.027011
v 0.209254 -0.549985 -0.027100
v 0.209304 -0.550396 -0.027117
v 0.209354 -0.550803 -0.027062
v 0.209402 -0.551195 -0.026937
v 0.208374 -0.542823 -0.094592
v 0.208414 -0.543148 -0.094340
v 0.208448 -0.543425 -0.094034
v 0.208475 -0.543645 -0.093684
v 0.208494 -0.543802 -0.093302
v 0.208505 -0.543890 -0.092897
v 0.208507 -0.543907 -0.092484
v 0.208501 -0.543853 -0.092073
v 0.208485 -0.543729 -0.091679
v 0.208462 -0.543538 -0.091312
v 0.208431 -0.543287 -0.090984
v 0.208394 -0.542984 -0.090705
v 0.208351 -0.542637 -0.090483
v 0.208305 -0.542257 -0.090325
v 0.208255 -0.541856 -0.090236
v 0.208205 -0.541445 -0.090219
v 0.208155 -0.541038 -0.090274
v 0.208107 -0.540646 -0.090399
v 0.208062 -0.540282 -0.090591
v 0.208022 -0.539957 -0.090844
v 0.207988 -0.539679 -0.091149
v 0.207961 -0.539459 -0.091499
v 0.207942 -0.539303 -0.091882
v 0.207931 -0.539215 -0.092286
v 0.207929 -0.539198 -0.092700
v 0.207936 -0.539252 -0.093110
v 0.207951 -0.539376 -0.093505
v 0.207974 -0.539567 -0.093872
v 0.208005 -0.539817 -0.094200
v 0.208042 -0.540121 -0.094479
v 0.208085 -0.540468 -0.094700
v 0.208132 -0.540848 -0.094858
v 0.208181 -0.541249 -0.094947
v 0.208231 -0.541660 -0.094964
v 0.208281 -0.542067 -0.094909
v 0.208329 -0.542459 -0.094784
v 0.216071 -0.605511 -0.068291
v 0.216111 -0.605836 -0.068039
v 0.216145 -0.606113 -0.067733
v 0.216172 -0.606333 -0.067383
v 0.216191 -0.606490 -0.067001
v 0.216202 -0.606578 -0.066596
v 0.216204 -0.606595 -0.066183
v 0.216198 -0.606541 -0.065772
v 0.216182 -0.606416 -0.065378
v 0.216159 -0.606226 -0.065011
v 0.216128 -0.605975 -0.064683
v 0.216091 -0.605672 -0.064404
v 0.216048 -0.605325 -0.064182
v 0.216002 -0.604945 -0.064024
v 0.215952 -0.604543 -0.063935
v 0.215902 -0.604133 -0.063918
v 0.215852 -0.603726 -0.063973
v 0.215804 -0.603334 -0.064098
v 0.215759 -0.602970 -0.064290
v 0.215719 -0.602644 -0.064543
v 0.215685 -0.602367 -0.064848
v 0.215658 -0.602147 -0.065198
v 0.215639 -0.601991 -0.065581
v 0.215628 -0.601902 -0.065985
v 0.215626 -0.601885 -0.066399
v 0.215633 -0.601940 -0.066809
v 0.215648 -0.602064 -0.067204
v 0.215671 -0.602254 -0.067571
v 0.215702 -0.602505 -0.067898
v 0.215739 -0.602809 -0.068178
v 0.215782 -0.603156 -0.068399
v 0.215829 -0.603536 -0.068557
v 0.215878 -0.603937 -0.068646
v 0.215928 -0.604347 -0.068663
v 0.215978 -0.604755 -0.068608
v 0.216027 -0.605146 -0.068483
v 0.206524 -0.527751 -0.058128
v 0.206564 -0.528076 -0.057875
v 0.206598 -0.528354 -0.057569
v 0.206625 -0.528574 -0.057220
v 0.206644 -0.528730 -0.056837
v 0.206655 -0.528818 -0.056433
v 0.206657 -0.528836 -0.056019
v 0.206650 -0.528781 -0.055609
v 0.206635 -0.528657 -0.055214
v 0.206611 -0.528466 -0.054847
v 0.206581 -0.528216 -0.054519
v 0.206543 -0.527912 -0.054240
v 0.206501 -0.527565 -0.054018
v 0.206454 -0.527185 -0.053861
v 0.206405 -0.526784 -0.053772
v 0.206354 -0.526373 -0.053755
v 0.206304 -0.525966 -0.053809
v 0.206256 -0.525574 -0.053935
v 0.206212 -0.525210 -0.054126
v 0.206172 -0.524885 -0.054379
v 0.206138 -0.524608 -0.054685
v 0.206111 -0.524388 -0.055034
v 0.206091 -0.524231 -0.055417
v 0.206081 -0.524143 -0.055822
v 0.206078 -0.524126 -0.056235
v 0.206085 -0.524180 -0.056645
v 0.206100 -0.524304 -0.057040
v 0.206124 -0.524495 -0.057407
v 0.206155 -0.524746 -0.057735
v 0.206192 -0.525049 -0.058014
v 0.206234 -0.525396 -0.058236
v 0.206281 -0.525776 -0.058393
v 0.206330 -0.526177 -0.058482
v 0.206381 -0.526588 -0.058500
v 0.206431 -0.526995 -0.058445
v 0.206479 -0.527387 -0.058320
v 0.208974 -0.547710 -0.033410
v 0.208419 -0.543187 -0.036921
v 0.207946 -0.539337 -0.041169
v 0.207571 -0.536279 -0.046026
v 0.207304 -0.534104 -0.051345
v 0.207153 -0.532879 -0.056963
v 0.207124 -0.532640 -0.062711
v 0.207217 -0.533396 -0.068412
v 0.207429 -0.535123 -0.073895
v 0.207754 -0.537769 -0.078992
v 0.208181 -0.541253 -0.083549
v 0.208699 -0.545470 -0.087427
v 0.209291 -0.550291 -0.090509
v 0.209939 -0.555570 -0.092700
v 0.210624 -0.561147 -0.093935
v 0.211324 -0.566851 -0.094175
v 0.212019 -0.572510 -0.093413
v 0.212687 -0.577952 -0.091673
v 0.213309 -0.583011 -0.089007
v 0.213864 -0.587534 -0.085497
v 0.214337 -0.591384 -0.081248
v 0.214712 -0.594442 -0.076391
v 0.214979 -0.596617 -0.071073
v 0.215130 -0.597842 -0.065454
v 0.215159 -0.598081 -0.059707
v 0.215066 -0.597325 -0.054006
v 0.214854 -0.595597 -0.048523
v 0.214529 -0.592952 -0.043425
v 0.214101 -0.589467 -0.038868
v 0.213584 -0.585251 -0.034990
v 0.212992 -0.580430 -0.031909
v 0.212344 -0.575151 -0.029718
v 0.211659 -0.569574 -0.028483
v 0.210958 -0.563870 -0.028243
v 0.210264 -0.558211 -0.029005
v 0.209595 -0.552769 -0.030745
v 0.219917 -0.587595 -0.028499
v 0.219946 -0.587836 -0.028372
v 0.219978 -0.588096 -0.028289
v 0.220011 -0.588366 -0.028253
v 0.220045 -0.588638 -0.028264
v 0.220077 -0.588904 -0.028323
v 0.220108 -0.589156 -0.028428
v 0.220137 -0.589387 -0.028575
v 0.220161 -0.589588 -0.028760
v 0.220182 -0.589754 -0.028977
v 0.220197 -0.589880 -0.029221
v 0.220207 -0.589963 -0.029482
v 0.220212 -0.589999 -0.029754
v 0.220210 -0.589987 -0.030029
v 0.220203 -0.589929 -0.030297
v 0.220190 -0.589825 -0.030551
v 0.220172 -0.589679 -0.030782
v 0.220150 -0.589496 -0.030985
v 0.220123 -0.589280 -0.031153
v 0.224094 -0.588792 -0.031153
v 0.224120 -0.589008 -0.030985
v 0.224143 -0.589192 -0.030782
v 0.224161 -0.589338 -0.030551
v 0.224173 -0.589442 -0.030297
v 0.224180 -0.589500 -0.030029
v 0.224182 -0.589511 -0.029754
v 0.224177 -0.589475 -0.029482
v 0.224167 -0.589393 -0.029221
v 0.224152 -0.589267 -0.028977
v 0.224131 -0.589100 -0.028760
v 0.224107 -0.588899 -0.028575
v 0.224078 -0.588669 -0.028428
v 0.224048 -0.588417 -0.028323
v 0.224015 -0.588151 -0.028264
v 0.223981 -0.587879 -0.028253
v 0.223948 -0.587609 -0.028289
v 0.223916 -0.587349 -0.028372
v 0.223887 -0.587107 -0.028499
v 0.221767 -0.602667 -0.064964
v 0.221797 -0.602908 -0.064837
v 0.221829 -0.603168 -0.064754
v 0.221862 -0.603438 -0.064717
v 0.221895 -0.603710 -0.064729
v 0.221928 -0.603976 -0.064788
v 0.221959 -0.604228 -0.064892
v 0.221987 -0.604458 -0.065039
v 0.222012 -0.604660 -0.065224
v 0.222032 -0.604826 -0.065442
v 0.222048 -0.604952 -0.065685
v 0.222058 -0.605035 -0.065947
v 0.222062 -0.605071 -0.066219
v 0.222061 -0.605059 -0.066493
v 0.222054 -0.605001 -0.066761
v 0.222041 -0.604897 -0.067015
v 0.222023 -0.604751 -0.067247
v 0.222000 -0.604567 -0.067450
v 0.221974 -0.604351 -0.067617
v 0.225944 -0.603864 -0.067617
v 0.225971 -0.604080 -0.067450
v 0.225993 -0.604263 -0.067247
v 0.226011 -0.604409 -0.067015
v 0.226024 -0.604513 -0.066761
v 0.226031 -0.604572 -0.066493
v 0.226032 -0.604583 -0.066219
v 0.226028 -0.604547 -0.065947
v 0.226018 -0.604465 -0.065685
v 0.226002 -0.604338 -0.065442
v 0.225982 -0.604172 -0.065224
v 0.225957 -0.603971 -0.065039
v 0.225929 -0.603741 -0.064892
v 0.225898 -0.603489 -0.064788
v 0.225865 -0.603223 -0.064729
v 0.225832 -0.602950 -0.064717
v 0.225799 -0.602680 -0.064754
v 0.225767 -0.602421 -0.064837
v 0.225737 -0.602179 -0.064964
v 0.218844 -0.578858 -0.096347
v 0.218873 -0.579100 -0.096220
v 0.218905 -0.579360 -0.096136
v 0.218939 -0.579630 -0.096100
v 0.218972 -0.579902 -0.096112
v 0.219005 -0.580168 -0.096170
v 0.219036 -0.580420 -0.096275
v 0.219064 -0.580650 -0.096422
v 0.219089 -0.580851 -0.096607
v 0.219109 -0.581018 -0.096825
v 0.219124 -0.581144 -0.097068
v 0.219135 -0.581226 -0.097330
v 0.219139 -0.581263 -0.097602
v 0.219138 -0.581251 -0.097876
v 0.219130 -0.581193 -0.098144
v 0.219118 -0.581089 -0.098398
v 0.219100 -0.580943 -0.098630
v 0.219077 -0.580759 -0.098833
v 0.219051 -0.580543 -0.099000
v 0.223021 -0.580056 -0.099000
v 0.223047 -0.580272 -0.098833
v 0.223070 -0.580455 -0.098630
v 0.223088 -0.580601 -0.098398
v 0.223101 -0.580705 -0.098144
v 0.223108 -0.580764 -0.097876
v 0.223109 -0.580775 -0.097602
v 0.223105 -0.580739 -0.097330
v 0.223095 -0.580657 -0.097068
v 0.223079 -0.580530 -0.096825
v 0.223059 -0.580364 -0.096607
v 0.223034 -0.580163 -0.096422
v 0.223006 -0.579933 -0.096275
v 0.222975 -0.579681 -0.096170
v 0.222942 -0.579415 -0.096112
v 0.222909 -0.579142 -0.096100
v 0.222876 -0.578872 -0.096136
v 0.222844 -0.578612 -0.096220
v 0.222814 -0.578371 -0.096347
v 0.214070 -0.539979 -0.091265
v 0.214100 -0.540220 -0.091138
v 0.214132 -0.540480 -0.091055
v 0.214165 -0.540750 -0.091018
v 0.214198 -0.541022 -0.091030
v 0.214231 -0.541288 -0.091089
v 0.214262 -0.541540 -0.091193
v 0.214290 -0.541770 -0.091340
v 0.214315 -0.541972 -0.091525
v 0.214335 -0.542138 -0.091743
v 0.214351 -0.542264 -0.091986
v 0.214361 -0.542347 -0.092248
v 0.214365 -0.542383 -0.092520
v 0.214364 -0.542371 -0.092794
v 0.214357 -0.542313 -0.093062
v 0.214344 -0.542209 -0.093316
v 0.214326 -0.542063 -0.093548
v 0.214303 -0.541879 -0.093751
v 0.214277 -0.541664 -0.093918
v 0.218247 -0.541176 -0.093918
v 0.218274 -0.541392 -0.093751
v 0.218296 -0.541576 -0.093548
v 0.218314 -0.541722 -0.093316
v 0.218327 -0.541825 -0.093062
v 0.218334 -0.541884 -0.092794
v 0.218335 -0.541895 -0.092520
v 0.218331 -0.541859 -0.092248
v 0.218321 -0.541777 -0.091986
v 0.218305 -0.541651 -0.091743
v 0.218285 -0.541484 -0.091525
v 0.218260 -0.541283 -0.091340
v 0.218232 -0.541053 -0.091193
v 0.218201 -0.540801 -0.091089
v 0.218168 -0.540535 -0.091030
v 0.218135 -0.540263 -0.091018
v 0.218102 -0.539992 -0.091055
v 0.218070 -0.539733 -0.091138
v 0.218040 -0.539491 -0.091265
v 0.212219 -0.524907 -0.054800
v 0.212249 -0.525148 -0.054673
v 0.212281 -0.525408 -0.054590
v 0.212314 -0.525678 -0.054554
v 0.212348 -0.525951 -0.054565
v 0.212380 -0.526217 -0.054624
v 0.212411 -0.526469 -0.054729
v 0.212439 -0.526699 -0.054876
v 0.212464 -0.526900 -0.055061
v 0.212485 -0.527066 -0.055278
v 0.212500 -0.527193 -0.055522
v 0.212510 -0.527275 -0.055783
v 0.212515 -0.527311 -0.056055
v 0.212513 -0.527300 -0.056330
v 0.212506 -0.527241 -0.056598
v 0.212493 -0.527137 -0.056852
v 0.212475 -0.526991 -0.057084
v 0.212453 -0.526808 -0.057286
v 0.212426 -0.526592 -0.057454
v 0.216396 -0.526104 -0.057454
v 0.216423 -0.526320 -0.057286
v 0.216446 -0.526504 -0.057084
v 0.216463 -0.526650 -0.056852
v 0.216476 -0.526754 -0.056598
v 0.216483 -0.526812 -0.056330
v 0.216485 -0.526824 -0.056055
v 0.216480 -0.526788 -0.055783
v 0.216470 -0.526705 -0.055522
v 0.216455 -0.526579 -0.055278
v 0.216434 -0.526413 -0.055061
v 0.216410 -0.526211 -0.054876
v 0.216381 -0.525981 -0.054729
v 0.216350 -0.525729 -0.054624
v 0.216318 -0.525463 -0.054565
v 0.216284 -0.525191 -0.054554
v 0.216251 -0.524921 -0.054590
v 0.216219 -0.524661 -0.054673
v 0.216190 -0.524420 -0.054800
v 0.215143 -0.548715 -0.023418
v 0.215172 -0.548957 -0.023290
v 0.215204 -0.549216 -0.023207
v 0.215237 -0.549486 -0.023171
v 0.215271 -0.549759 -0.023182
v 0.215303 -0.550025 -0.023241
v 0.215334 -0.550277 -0.023346
v 0.215363 -0.550507 -0.023493
v 0.215387 -0.550708 -0.023678
v 0.215408 -0.550874 -0.023895
v 0.215423 -0.551001 -0.024139
v 0.215433 -0.551083 -0.024400
v 0.215438 -0.551119 -0.024673
v 0.215436 -0.551108 -0.024947
v 0.215429 -0.551049 -0.025215
v 0.215417 -0.550945 -0.025469
v 0.215399 -0.550799 -0.025701
v 0.215376 -0.550616 -0.025903
v 0.215350 -0.550400 -0.026071
v 0.219320 -0.549912 -0.026071
v 0.219346 -0.550128 -0.025903
v 0.219369 -0.550312 -0.025701
v 0.219387 -0.550458 -0.025469
v 0.219399 -0.550562 -0.025215
v 0.219407 -0.550620 -0.024947
v 0.219408 -0.550632 -0.024673
v 0.219404 -0.550596 -0.024400
v 0.219394 -0.550513 -0.024139
v 0.219378 -0.550387 -0.023895
v 0.219358 -0.550221 -0.023678
v 0.219333 -0.550019 -0.023493
v 0.219305 -0.549789 -0.023346
v 0.219274 -0.549537 -0.023241
v 0.219241 -0.549271 -0.023182
v 0.219208 -0.548999 -0.023171
v 0.219174 -0.548729 -0.023207
v 0.219143 -0.548469 -0.023290
v 0.219113 -0.548228 -0.023418
v 0.241021 -0.603570 -0.046421
v 0.241050 -0.603812 -0.046293
v 0.241082 -0.604071 -0.046210
v 0.241115 -0.604341 -0.046174
v 0.241149 -0.604614 -0.046185
v 0.241182 -0.604880 -0.046244
v 0.241212 -0.605132 -0.046349
v 0.241241 -0.605362 -0.046496
v 0.241265 -0.605563 -0.046681
v 0.241286 -0.605729 -0.046899
v 0.241301 -0.605856 -0.047142
v 0.241311 -0.605938 -0.047404
v 0.241316 -0.605974 -0.047676
v 0.241315 -0.605963 -0.047950
v 0.241307 -0.605904 -0.048218
v 0.241295 -0.605801 -0.048472
v 0.241277 -0.605655 -0.048704
v 0.241254 -0.605471 -0.048906
v 0.241228 -0.605255 -0.049074
v 0.227621 -0.605215 -0.046421
v 0.227651 -0.605457 -0.046293
v 0.227683 -0.605717 -0.046210
v 0.227716 -0.605987 -0.046174
v 0.227749 -0.606259 -0.046185
v 0.227782 -0.606525 -0.046244
v 0.227813 -0.606777 -0.046349
v 0.227841 -0.607007 -0.046496
v 0.227866 -0.607208 -0.046681
v 0.227886 -0.607375 -0.046899
v 0.227902 -0.607501 -0.047142
v 0.227912 -0.607583 -0.047404
v 0.227917 -0.607619 -0.047676
v 0.227915 -0.607608 -0.047950
v 0.227908 -0.607550 -0.048218
v 0.227895 -0.607446 -0.048472
v 0.227877 -0.607300 -0.048704
v 0.227855 -0.607116 -0.048906
v 0.227828 -0.606900 -0.049074
v 0.233357 -0.541151 -0.099393
v 0.233386 -0.541392 -0.099266
v 0.233418 -0.541652 -0.099183
v 0.233451 -0.541922 -0.099146
v 0.233485 -0.542194 -0.099158
v 0.233517 -0.542460 -0.099217
v 0.233548 -0.542712 -0.099321
v 0.233577 -0.542942 -0.099468
v 0.233601 -0.543144 -0.099653
v 0.233622 -0.543310 -0.099871
v 0.233637 -0.543436 -0.100114
v 0.233647 -0.543519 -0.100376
v 0.233652 -0.543555 -0.100648
v 0.233650 -0.543543 -0.100922
v 0.233643 -0.543485 -0.101190
v 0.233630 -0.543381 -0.101444
v 0.233613 -0.543235 -0.101676
v 0.233590 -0.543051 -0.101879
v 0.233563 -0.542836 -0.102046
v 0.219957 -0.542796 -0.099393
v 0.219987 -0.543037 -0.099266
v 0.220019 -0.543297 -0.099183
v 0.220052 -0.543567 -0.099146
v 0.220085 -0.543839 -0.099158
v 0.220118 -0.544106 -0.099217
v 0.220149 -0.544358 -0.099321
v 0.220177 -0.544588 -0.099468
v 0.220202 -0.544789 -0.099653
v 0.220222 -0.544955 -0.099871
v 0.220238 -0.545081 -0.100114
v 0.220248 -0.545164 -0.100376
v 0.220252 -0.545200 -0.100648
v 0.220251 -0.545189 -0.100922
v 0.220244 -0.545130 -0.101190
v 0.220231 -0.545026 -0.101444
v 0.220213 -0.544880 -0.101676
v 0.220191 -0.544697 -0.101879
v 0.220164 -0.544481 -0.102046
v 0.230683 -0.519372 -0.073344
v 0.230712 -0.519614 -0.073216
v 0.230744 -0.519874 -0.073133
v 0.230777 -0.520144 -0.073097
v 0.230811 -0.520416 -0.073109
v 0.230843 -0.520682 -0.073167
v 0.230874 -0.520934 -0.073272
v 0.230903 -0.521164 -0.073419
v 0.230927 -0.521365 -0.073604
v 0.230948 -0.521532 -0.073822
v 0.230963 -0.521658 -0.074065
v 0.230973 -0.521740 -0.074327
v 0.230978 -0.521776 -0.074599
v 0.230976 -0.521765 -0.074873
v 0.230969 -0.521707 -0.075141
v 0.230956 -0.521603 -0.075395
v 0.230938 -0.521457 -0.075627
v 0.230916 -0.521273 -0.075830
v 0.230889 -0.521057 -0.075997
v 0.217283 -0.521018 -0.073344
v 0.217313 -0.521259 -0.073216
v 0.217345 -0.521519 -0.073133
v 0.217378 -0.521789 -0.073097
v 0.217411 -0.522061 -0.073109
v 0.217444 -0.522327 -0.073167
v 0.217475 -0.522579 -0.073272
v 0.217503 -0.522809 -0.073419
v 0.217528 -0.523011 -0.073604
v 0.217548 -0.523177 -0.073822
v 0.217564 -0.523303 -0.074065
v 0.217574 -0.523386 -0.074327
v 0.217578 -0.523422 -0.074599
v 0.217577 -0.523410 -0.074873
v 0.217570 -0.523352 -0.075141
v 0.217557 -0.523248 -0.075395
v 0.217539 -0.523102 -0.075627
v 0.217517 -0.522918 -0.075830
v 0.217490 -0.522702 -0.075997
v 0.231036 -0.522255 -0.039409
v 0.231066 -0.522496 -0.039282
v 0.231098 -0.522756 -0.039199
v 0.231131 -0.523026 -0.039162
v 0.231165 -0.523299 -0.039174
v 0.231197 -0.523565 -0.039233
v 0.231228 -0.523817 -0.039337
v 0.231256 -0.524047 -0.039484
v 0.231281 -0.524248 -0.039669
v 0.231302 -0.524414 -0.039887
v 0.231317 -0.524541 -0.040130
v 0.231327 -0.524623 -0.040392
v 0.231332 -0.524659 -0.040664
v 0.231330 -0.524648 -0.040938
v 0.231323 -0.524589 -0.041206
v 0.231310 -0.524485 -0.041460
v 0.231292 -0.524339 -0.041692
v 0.231270 -0.524156 -0.041895
v 0.231243 -0.523940 -0.042062
v 0.217637 -0.523900 -0.039409
v 0.217667 -0.524142 -0.039282
v 0.217699 -0.524401 -0.039199
v 0.217732 -0.524672 -0.039162
v 0.217765 -0.524944 -0.039174
v 0.217798 -0.525210 -0.039233
v 0.217829 -0.525462 -0.039337
v 0.217857 -0.525692 -0.039484
v 0.217882 -0.525893 -0.039669
v 0.217902 -0.526060 -0.039887
v 0.217918 -0.526186 -0.040130
v 0.217928 -0.526268 -0.040392
v 0.217932 -0.526304 -0.040664
v 0.217931 -0.526293 -0.040938
v 0.217924 -0.526234 -0.041206
v 0.217911 -0.526131 -0.041460
v 0.217893 -0.525985 -0.041692
v 0.217870 -0.525801 -0.041895
v 0.217844 -0.525585 -0.042062
v 0.234211 -0.548110 -0.017467
v 0.234241 -0.548351 -0.017340
v 0.234273 -0.548611 -0.017257
v 0.234306 -0.548881 -0.017220
v 0.234339 -0.549154 -0.017232
v 0.234372 -0.549420 -0.017291
v 0.234403 -0.549672 -0.017395
v 0.234431 -0.549902 -0.017542
v 0.234456 -0.550103 -0.017728
v 0.234476 -0.550269 -0.017945
v 0.234492 -0.550396 -0.018188
v 0.234502 -0.550478 -0.018450
v 0.234506 -0.550514 -0.018722
v 0.234505 -0.550503 -0.018996
v 0.234498 -0.550444 -0.019265
v 0.234485 -0.550340 -0.019518
v 0.234467 -0.550194 -0.019750
v 0.234444 -0.550011 -0.019953
v 0.234418 -0.549795 -0.020121
v 0.220812 -0.549755 -0.017467
v 0.220841 -0.549997 -0.017340
v 0.220873 -0.550256 -0.017257
v 0.220906 -0.550527 -0.017220
v 0.220940 -0.550799 -0.017232
v 0.220973 -0.551065 -0.017291
v 0.221003 -0.551317 -0.017395
v 0.221032 -0.551547 -0.017542
v 0.221056 -0.551748 -0.017728
v 0.221077 -0.551915 -0.017945
v 0.221092 -0.552041 -0.018188
v 0.221102 -0.552123 -0.018450
v 0.221107 -0.552159 -0.018722
v 0.221105 -0.552148 -0.018996
v 0.221098 -0.552089 -0.019265
v 0.221086 -0.551986 -0.019518
v 0.221068 -0.551840 -0.019750
v 0.221045 -0.551656 -0.019953
v 0.221019 -0.551440 -0.020121
v 0.238347 -0.581792 -0.020371
v 0.238376 -0.582033 -0.020244
v 0.238408 -0.582293 -0.020161
v 0.238441 -0.582563 -0.020125
v 0.238475 -0.582835 -0.020136
v 0.238508 -0.583102 -0.020195
v 0.238538 -0.583353 -0.020300
v 0.238567 -0.583584 -0.020447
v 0.238591 -0.583785 -0.020632
v 0.238612 -0.583951 -0.020849
v 0.238627 -0.584077 -0.021093
v 0.238637 -0.584160 -0.021354
v 0.238642 -0.584196 -0.021626
v 0.238640 -0.584185 -0.021901
v 0.238633 -0.584126 -0.022169
v 0.238621 -0.584022 -0.022423
v 0.238603 -0.583876 -0.022655
v 0.238580 -0.583693 -0.022857
v 0.238554 -0.583477 -0.023025
v 0.224947 -0.583437 -0.020371
v 0.224977 -0.583679 -0.020244
v 0.225009 -0.583938 -0.020161
v 0.225042 -0.584208 -0.020125
v 0.225075 -0.584481 -0.020136
v 0.225108 -0.584747 -0.020195
v 0.225139 -0.584999 -0.020300
v 0.225167 -0.585229 -0.020447
v 0.225192 -0.585430 -0.020632
v 0.225212 -0.585596 -0.020849
v 0.225228 -0.585723 -0.021093
v 0.225238 -0.585805 -0.021354
v 0.225243 -0.585841 -0.021626
v 0.225241 -0.585830 -0.021901
v 0.225234 -0.585771 -0.022169
v 0.225221 -0.585668 -0.022423
v 0.225203 -0.585522 -0.022655
v 0.225181 -0.585338 -0.022857
v 0.225154 -0.585122 -0.023025
v 0.222918 -0.579215 -0.101991
v 0.223741 -0.585920 -0.098782
v 0.224479 -0.591935 -0.094522
v 0.225121 -0.597164 -0.089262
v 0.225402 -0.599447 -0.086280
v 0.225650 -0.601469 -0.083103
v 0.222947 -0.579451 -0.102287
v 0.222970 -0.579638 -0.102616
v 0.222986 -0.579770 -0.102972
v 0.222995 -0.579844 -0.103344
v 0.222997 -0.579858 -0.103723
v 0.222991 -0.579812 -0.104100
v 0.222978 -0.579708 -0.104464
v 0.222958 -0.579547 -0.104808
v 0.222932 -0.579333 -0.105120
v 0.222900 -0.579073 -0.105395
v 0.222863 -0.578773 -0.105625
v 0.222861 -0.578751 -0.105639
v 0.222858 -0.578728 -0.105653
v 0.222855 -0.578705 -0.105667
v 0.222977 -0.579696 -0.108690
v 0.223452 -0.583569 -0.107218
v 0.223911 -0.587308 -0.105427
v 0.224351 -0.590885 -0.103328
v 0.224999 -0.596170 -0.099403
v 0.225579 -0.600893 -0.094809
v 0.226080 -0.604974 -0.089628
v 0.226494 -0.608339 -0.083949
v 0.226153 -0.605563 -0.082521
v 0.226133 -0.605402 -0.082864
v 0.226107 -0.605189 -0.083178
v 0.226075 -0.604929 -0.083453
v 0.226038 -0.604628 -0.083683
v 0.225995 -0.604282 -0.083867
v 0.225950 -0.603909 -0.083991
v 0.225902 -0.603522 -0.084051
v 0.225854 -0.603130 -0.084046
v 0.225807 -0.602744 -0.083975
v 0.225761 -0.602375 -0.083841
v 0.225719 -0.602034 -0.083647
v 0.225682 -0.601729 -0.083399
v 0.239239 -0.589057 -0.103328
v 0.240080 -0.595910 -0.098009
v 0.240796 -0.601743 -0.091572
v 0.241365 -0.606377 -0.084212
v 0.241770 -0.609672 -0.076154
v 0.241998 -0.611529 -0.067642
v 0.242042 -0.611890 -0.058934
v 0.241902 -0.610744 -0.050295
v 0.241580 -0.608127 -0.041987
v 0.241088 -0.604118 -0.034264
v 0.240440 -0.598839 -0.027360
v 0.239655 -0.592450 -0.021484
v 0.238759 -0.585146 -0.016815
v 0.237776 -0.577147 -0.013495
v 0.236739 -0.568698 -0.011624
v 0.235678 -0.560055 -0.011261
v 0.234625 -0.551481 -0.012415
v 0.233613 -0.543236 -0.015051
v 0.232671 -0.535570 -0.019090
v 0.231830 -0.528717 -0.024409
v 0.231114 -0.522885 -0.030846
v 0.230545 -0.518251 -0.038205
v 0.230140 -0.514955 -0.046264
v 0.229912 -0.513099 -0.054776
v 0.229868 -0.512738 -0.063484
v 0.230009 -0.513883 -0.072123
v 0.230330 -0.516500 -0.080430
v 0.230822 -0.520509 -0.088153
v 0.231470 -0.525788 -0.095058
v 0.232255 -0.532177 -0.100934
v 0.233152 -0.539482 -0.105603
v 0.234134 -0.547480 -0.108923
v 0.235171 -0.555929 -0.110793
v 0.236232 -0.564572 -0.111157
v 0.237285 -0.573147 -0.110003
v 0.238298 -0.581392 -0.107367
v 0.238554 -0.583477 -0.023025
v 0.238524 -0.583235 -0.023152
v 0.238492 -0.582976 -0.023235
v 0.238459 -0.582705 -0.023272
v 0.238425 -0.582433 -0.023260
v 0.238393 -0.582167 -0.023201
v 0.238362 -0.581915 -0.023097
v 0.238334 -0.581685 -0.022949
v 0.238309 -0.581484 -0.022764
v 0.238288 -0.581317 -0.022547
v 0.238273 -0.581191 -0.022304
v 0.238263 -0.581109 -0.022042
v 0.238258 -0.581073 -0.021770
v 0.238260 -0.581084 -0.021496
v 0.238267 -0.581142 -0.021227
v 0.238280 -0.581246 -0.020974
v 0.238298 -0.581392 -0.020742
v 0.238320 -0.581576 -0.020539
v 0.238347 -0.581792 -0.020371
v 0.238376 -0.582033 -0.020244
v 0.238408 -0.582293 -0.020161
v 0.238441 -0.582563 -0.020125
v 0.238475 -0.582835 -0.020136
v 0.238508 -0.583102 -0.020195
v 0.238538 -0.583353 -0.020300
v 0.238567 -0.583584 -0.020447
v 0.238591 -0.583785 -0.020632
v 0.238612 -0.583951 -0.020849
v 0.238627 -0.584077 -0.021093
v 0.238637 -0.584160 -0.021354
v 0.238642 -0.584196 -0.021626
v 0.238640 -0.584185 -0.021901
v 0.238633 -0.584126 -0.022169
v 0.238621 -0.584022 -0.022423
v 0.238603 -0.583876 -0.022655
v 0.238580 -0.583693 -0.022857
v 0.234418 -0.549795 -0.020121
v 0.234388 -0.549553 -0.020248
v 0.234356 -0.549294 -0.020331
v 0.234323 -0.549024 -0.020367
v 0.234290 -0.548751 -0.020356
v 0.234257 -0.548485 -0.020297
v 0.234226 -0.548233 -0.020192
v 0.234198 -0.548003 -0.020045
v 0.234173 -0.547802 -0.019860
v 0.234153 -0.547636 -0.019643
v 0.234137 -0.547509 -0.019399
v 0.234127 -0.547427 -0.019138
v 0.234123 -0.547391 -0.018865
v 0.234124 -0.547402 -0.018591
v 0.234131 -0.547461 -0.018323
v 0.234144 -0.547564 -0.018069
v 0.234162 -0.547710 -0.017837
v 0.234185 -0.547894 -0.017635
v 0.234211 -0.548110 -0.017467
v 0.234241 -0.548351 -0.017340
v 0.234273 -0.548611 -0.017257
v 0.234306 -0.548881 -0.017220
v 0.234339 -0.549154 -0.017232
v 0.234372 -0.549420 -0.017291
v 0.234403 -0.549672 -0.017395
v 0.234431 -0.549902 -0.017542
v 0.234456 -0.550103 -0.017728
v 0.234476 -0.550269 -0.017945
v 0.234492 -0.550396 -0.018188
v 0.234502 -0.550478 -0.018450
v 0.234506 -0.550514 -0.018722
v 0.234505 -0.550503 -0.018996
v 0.234498 -0.550444 -0.019265
v 0.234485 -0.550340 -0.019518
v 0.234467 -0.550194 -0.019750
v 0.234444 -0.550011 -0.019953
v 0.231243 -0.523940 -0.042062
v 0.231214 -0.523698 -0.042190
v 0.231182 -0.523439 -0.042273
v 0.231149 -0.523169 -0.042309
v 0.231115 -0.522896 -0.042298
v 0.231083 -0.522630 -0.042239
v 0.231052 -0.522378 -0.042134
v 0.231023 -0.522148 -0.041987
v 0.230999 -0.521947 -0.041802
v 0.230978 -0.521781 -0.041584
v 0.230963 -0.521654 -0.041341
v 0.230953 -0.521572 -0.041079
v 0.230948 -0.521536 -0.040807
v 0.230950 -0.521547 -0.040533
v 0.230957 -0.521606 -0.040265
v 0.230970 -0.521709 -0.040011
v 0.230987 -0.521855 -0.039779
v 0.231010 -0.522039 -0.039576
v 0.231036 -0.522255 -0.039409
v 0.231066 -0.522496 -0.039282
v 0.231098 -0.522756 -0.039199
v 0.231131 -0.523026 -0.039162
v 0.231165 -0.523299 -0.039174
v 0.231197 -0.523565 -0.039233
v 0.231228 -0.523817 -0.039337
v 0.231256 -0.524047 -0.039484
v 0.231281 -0.524248 -0.039669
v 0.231302 -0.524414 -0.039887
v 0.231317 -0.524541 -0.040130
v 0.231327 -0.524623 -0.040392
v 0.231332 -0.524659 -0.040664
v 0.231330 -0.524648 -0.040938
v 0.231323 -0.524589 -0.041206
v 0.231310 -0.524485 -0.041460
v 0.231292 -0.524339 -0.041692
v 0.231270 -0.524156 -0.041895
v 0.230889 -0.521057 -0.075997
v 0.230860 -0.520816 -0.076124
v 0.230828 -0.520556 -0.076207
v 0.230795 -0.520286 -0.076244
v 0.230761 -0.520014 -0.076232
v 0.230729 -0.519748 -0.076173
v 0.230698 -0.519496 -0.076069
v 0.230669 -0.519265 -0.075922
v 0.230645 -0.519064 -0.075737
v 0.230624 -0.518898 -0.075519
v 0.230609 -0.518772 -0.075276
v 0.230599 -0.518689 -0.075014
v 0.230594 -0.518653 -0.074742
v 0.230596 -0.518665 -0.074468
v 0.230603 -0.518723 -0.074200
v 0.230616 -0.518827 -0.073946
v 0.230633 -0.518973 -0.073714
v 0.230656 -0.519156 -0.073511
v 0.230683 -0.519372 -0.073344
v 0.230712 -0.519614 -0.073216
v 0.230744 -0.519874 -0.073133
v 0.230777 -0.520144 -0.073097
v 0.230811 -0.520416 -0.073109
v 0.230843 -0.520682 -0.073167
v 0.230874 -0.520934 -0.073272
v 0.230903 -0.521164 -0.073419
v 0.230927 -0.521365 -0.073604
v 0.230948 -0.521532 -0.073822
v 0.230963 -0.521658 -0.074065
v 0.230973 -0.521740 -0.074327
v 0.230978 -0.521776 -0.074599
v 0.230976 -0.521765 -0.074873
v 0.230969 -0.521707 -0.075141
v 0.230956 -0.521603 -0.075395
v 0.230938 -0.521457 -0.075627
v 0.230916 -0.521273 -0.075830
v 0.233563 -0.542836 -0.102046
v 0.233534 -0.542594 -0.102174
v 0.233502 -0.542334 -0.102257
v 0.233469 -0.542064 -0.102293
v 0.233435 -0.541792 -0.102282
v 0.233403 -0.541526 -0.102223
v 0.233372 -0.541274 -0.102118
v 0.233343 -0.541044 -0.101971
v 0.233319 -0.540843 -0.101786
v 0.233298 -0.540676 -0.101568
v 0.233283 -0.540550 -0.101325
v 0.233273 -0.540468 -0.101063
v 0.233268 -0.540431 -0.100791
v 0.233270 -0.540443 -0.100517
v 0.233277 -0.540501 -0.100249
v 0.233290 -0.540605 -0.099995
v 0.233308 -0.540751 -0.099763
v 0.233330 -0.540935 -0.099560
v 0.233357 -0.541151 -0.099393
v 0.233386 -0.541392 -0.099266
v 0.233418 -0.541652 -0.099183
v 0.233451 -0.541922 -0.099146
v 0.233485 -0.542194 -0.099158
v 0.233517 -0.542460 -0.099217
v 0.233548 -0.542712 -0.099321
v 0.233577 -0.542942 -0.099468
v 0.233601 -0.543144 -0.099653
v 0.233622 -0.543310 -0.099871
v 0.233637 -0.543436 -0.100114
v 0.233647 -0.543519 -0.100376
v 0.233652 -0.543555 -0.100648
v 0.233650 -0.543543 -0.100922
v 0.233643 -0.543485 -0.101190
v 0.233630 -0.543381 -0.101444
v 0.233613 -0.543235 -0.101676
v 0.233590 -0.543051 -0.101879
v 0.241228 -0.605255 -0.049074
v 0.241198 -0.605014 -0.049201
v 0.241166 -0.604754 -0.049284
v 0.241133 -0.604484 -0.049321
v 0.241099 -0.604211 -0.049309
v 0.241067 -0.603945 -0.049250
v 0.241036 -0.603693 -0.049146
v 0.241008 -0.603463 -0.048999
v 0.240983 -0.603262 -0.048814
v 0.240962 -0.603096 -0.048596
v 0.240947 -0.602969 -0.048353
v 0.240937 -0.602887 -0.048091
v 0.240932 -0.602851 -0.047819
v 0.240934 -0.602862 -0.047545
v 0.240941 -0.602921 -0.047277
v 0.240954 -0.603025 -0.047023
v 0.240972 -0.603171 -0.046791
v 0.240994 -0.603354 -0.046588
v 0.241021 -0.603570 -0.046421
v 0.241050 -0.603812 -0.046293
v 0.241082 -0.604071 -0.046210
v 0.241115 -0.604341 -0.046174
v 0.241149 -0.604614 -0.046185
v 0.241182 -0.604880 -0.046244
v 0.241212 -0.605132 -0.046349
v 0.241241 -0.605362 -0.046496
v 0.241265 -0.605563 -0.046681
v 0.241286 -0.605729 -0.046899
v 0.241301 -0.605856 -0.047142
v 0.241311 -0.605938 -0.047404
v 0.241316 -0.605974 -0.047676
v 0.241315 -0.605963 -0.047950
v 0.241307 -0.605904 -0.048218
v 0.241295 -0.605801 -0.048472
v 0.241277 -0.605655 -0.048704
v 0.241254 -0.605471 -0.048906
v 0.238713 -0.584778 -0.096589
v 0.239420 -0.590535 -0.092121
v 0.240022 -0.595434 -0.086714
v 0.240500 -0.599327 -0.080532
v 0.240840 -0.602095 -0.073763
v 0.241031 -0.603654 -0.066612
v 0.241068 -0.603957 -0.059298
v 0.240950 -0.602995 -0.052041
v 0.240680 -0.600797 -0.045063
v 0.240267 -0.597430 -0.038575
v 0.239722 -0.592995 -0.032776
v 0.239063 -0.587629 -0.027840
v 0.238310 -0.581493 -0.023918
v 0.237485 -0.574774 -0.021129
v 0.236614 -0.567677 -0.019558
v 0.235722 -0.560417 -0.019252
v 0.234838 -0.553214 -0.020222
v 0.233987 -0.546288 -0.022436
v 0.233197 -0.539849 -0.025829
v 0.232490 -0.534092 -0.030297
v 0.231888 -0.529193 -0.035704
v 0.231410 -0.525301 -0.041886
v 0.231071 -0.522533 -0.048655
v 0.230879 -0.520973 -0.055805
v 0.230842 -0.520670 -0.063120
v 0.230960 -0.521632 -0.070377
v 0.231230 -0.523830 -0.077355
v 0.231643 -0.527198 -0.083842
v 0.232188 -0.531632 -0.089642
v 0.232847 -0.536999 -0.094578
v 0.233600 -0.543135 -0.098500
v 0.234425 -0.549853 -0.101289
v 0.235297 -0.556951 -0.102860
v 0.236188 -0.564211 -0.103165
v 0.237072 -0.571413 -0.102196
v 0.237923 -0.578339 -0.099981
v 0.224351 -0.590885 -0.103328
v 0.239239 -0.589057 -0.103328
v 0.222977 -0.579696 -0.108690
v 0.223452 -0.583569 -0.107218
v 0.223911 -0.587308 -0.105427
v 0.213051 -0.580914 -0.108690
v 0.207858 -0.538617 -0.019090
v 0.207036 -0.531927 -0.024258
v 0.206333 -0.526202 -0.030493
v 0.205769 -0.521607 -0.037613
v 0.205360 -0.518274 -0.045415
v 0.205118 -0.516300 -0.053672
v 0.205049 -0.515742 -0.062147
v 0.205156 -0.516615 -0.070595
v 0.205436 -0.518895 -0.078772
v 0.205881 -0.522516 -0.086442
v 0.206477 -0.527373 -0.093384
v 0.207208 -0.533327 -0.099397
v 0.208053 -0.540204 -0.104309
v 0.208986 -0.547808 -0.107977
v 0.209982 -0.555918 -0.110295
v 0.211011 -0.564300 -0.111197
v 0.212044 -0.572713 -0.110657
v 0.232671 -0.535570 -0.019090
v 0.231830 -0.528717 -0.024409
v 0.231114 -0.522885 -0.030846
v 0.230545 -0.518251 -0.038205
v 0.230140 -0.514955 -0.046264
v 0.229912 -0.513099 -0.054776
v 0.229868 -0.512738 -0.063484
v 0.230009 -0.513883 -0.072123
v 0.230330 -0.516500 -0.080430
v 0.230822 -0.520509 -0.088153
v 0.231470 -0.525788 -0.095058
v 0.232255 -0.532177 -0.100934
v 0.233152 -0.539482 -0.105603
v 0.234134 -0.547480 -0.108923
v 0.235171 -0.555929 -0.110793
v 0.236232 -0.564572 -0.111157
v 0.237285 -0.573147 -0.110003
v 0.238298 -0.581392 -0.107367
v 0.238713 -0.584778 -0.096589
v 0.239420 -0.590535 -0.092121
v 0.240022 -0.595434 -0.086714
v 0.240500 -0.599327 -0.080532
v 0.240840 -0.602095 -0.073763
v 0.241031 -0.603654 -0.066612
v 0.241068 -0.603957 -0.059298
v 0.240950 -0.602995 -0.052041
v 0.240680 -0.600797 -0.045063
v 0.240267 -0.597430 -0.038575
v 0.239722 -0.592995 -0.032776
v 0.239063 -0.587629 -0.027840
v 0.238310 -0.581493 -0.023918
v 0.237485 -0.574774 -0.021129
v 0.236614 -0.567677 -0.019558
v 0.235722 -0.560417 -0.019252
v 0.234838 -0.553214 -0.020222
v 0.233987 -0.546288 -0.022436
v 0.233197 -0.539849 -0.025829
v 0.218309 -0.541677 -0.025829
v 0.223825 -0.586606 -0.096589
v 0.224532 -0.592363 -0.092121
v 0.225134 -0.597262 -0.086714
v 0.225612 -0.601155 -0.080532
v 0.225951 -0.603923 -0.073763
v 0.226143 -0.605482 -0.066612
v 0.226180 -0.605785 -0.059298
v 0.226062 -0.604823 -0.052041
v 0.225792 -0.602625 -0.045063
v 0.225379 -0.599258 -0.038575
v 0.224834 -0.594823 -0.032776
v 0.224175 -0.589457 -0.027840
v 0.223422 -0.583321 -0.023918
v 0.222597 -0.576602 -0.021129
v 0.221725 -0.569505 -0.019558
v 0.220834 -0.562245 -0.019252
v 0.219950 -0.555042 -0.020222
v 0.219099 -0.548116 -0.022436
v 0.223825 -0.586606 -0.096589
v 0.224532 -0.592363 -0.092121
v 0.225134 -0.597262 -0.086714
v 0.225612 -0.601155 -0.080532
v 0.225951 -0.603923 -0.073763
v 0.226143 -0.605482 -0.066612
v 0.226180 -0.605785 -0.059298
v 0.226062 -0.604823 -0.052041
v 0.225792 -0.602625 -0.045063
v 0.225379 -0.599258 -0.038575
v 0.224834 -0.594823 -0.032776
v 0.224175 -0.589457 -0.027840
v 0.223422 -0.583321 -0.023918
v 0.222597 -0.576602 -0.021129
v 0.221725 -0.569505 -0.019558
v 0.220834 -0.562245 -0.019252
v 0.219950 -0.555042 -0.020222
v 0.219099 -0.548116 -0.022436
v 0.218309 -0.541677 -0.025829
v 0.217602 -0.535920 -0.030297
v 0.217000 -0.531021 -0.035704
v 0.216522 -0.527129 -0.041886
v 0.216182 -0.524361 -0.048655
v 0.215991 -0.522801 -0.055805
v 0.215954 -0.522498 -0.063120
v 0.216072 -0.523460 -0.070377
v 0.216342 -0.525658 -0.077355
v 0.216755 -0.529026 -0.083842
v 0.217300 -0.533460 -0.089642
v 0.217959 -0.538827 -0.094578
v 0.218712 -0.544963 -0.098500
v 0.219537 -0.551681 -0.101289
v 0.220408 -0.558779 -0.102860
v 0.221300 -0.566039 -0.103165
v 0.222184 -0.573241 -0.102196
v 0.223035 -0.580167 -0.099981
v 0.219113 -0.548228 -0.023418
v 0.219086 -0.548012 -0.023585
v 0.219064 -0.547828 -0.023788
v 0.219046 -0.547682 -0.024020
v 0.219033 -0.547578 -0.024273
v 0.219026 -0.547520 -0.024542
v 0.219025 -0.547508 -0.024816
v 0.219029 -0.547544 -0.025088
v 0.219039 -0.547627 -0.025350
v 0.219055 -0.547753 -0.025593
v 0.219075 -0.547919 -0.025810
v 0.219100 -0.548121 -0.025996
v 0.219128 -0.548351 -0.026143
v 0.219159 -0.548603 -0.026247
v 0.219192 -0.548869 -0.026306
v 0.219225 -0.549141 -0.026318
v 0.219258 -0.549411 -0.026281
v 0.219290 -0.549671 -0.026198
v 0.219320 -0.549912 -0.026071
v 0.219346 -0.550128 -0.025903
v 0.219369 -0.550312 -0.025701
v 0.219387 -0.550458 -0.025469
v 0.219399 -0.550562 -0.025215
v 0.219407 -0.550620 -0.024947
v 0.219408 -0.550632 -0.024673
v 0.219404 -0.550596 -0.024400
v 0.219394 -0.550513 -0.024139
v 0.219378 -0.550387 -0.023895
v 0.219358 -0.550221 -0.023678
v 0.219333 -0.550019 -0.023493
v 0.219305 -0.549789 -0.023346
v 0.219274 -0.549537 -0.023241
v 0.219241 -0.549271 -0.023182
v 0.219208 -0.548999 -0.023171
v 0.219174 -0.548729 -0.023207
v 0.219143 -0.548469 -0.023290
v 0.216190 -0.524420 -0.054800
v 0.216163 -0.524204 -0.054968
v 0.216141 -0.524020 -0.055171
v 0.216123 -0.523874 -0.055402
v 0.216110 -0.523770 -0.055656
v 0.216103 -0.523712 -0.055924
v 0.216101 -0.523700 -0.056199
v 0.216106 -0.523736 -0.056471
v 0.216116 -0.523819 -0.056733
v 0.216131 -0.523945 -0.056976
v 0.216152 -0.524111 -0.057193
v 0.216176 -0.524313 -0.057378
v 0.216205 -0.524543 -0.057525
v 0.216236 -0.524795 -0.057630
v 0.216268 -0.525061 -0.057689
v 0.216302 -0.525333 -0.057700
v 0.216335 -0.525603 -0.057664
v 0.216367 -0.525863 -0.057581
v 0.216396 -0.526104 -0.057454
v 0.216423 -0.526320 -0.057286
v 0.216446 -0.526504 -0.057084
v 0.216463 -0.526650 -0.056852
v 0.216476 -0.526754 -0.056598
v 0.216483 -0.526812 -0.056330
v 0.216485 -0.526824 -0.056055
v 0.216480 -0.526788 -0.055783
v 0.216470 -0.526705 -0.055522
v 0.216455 -0.526579 -0.055278
v 0.216434 -0.526413 -0.055061
v 0.216410 -0.526211 -0.054876
v 0.216381 -0.525981 -0.054729
v 0.216350 -0.525729 -0.054624
v 0.216318 -0.525463 -0.054565
v 0.216284 -0.525191 -0.054554
v 0.216251 -0.524921 -0.054590
v 0.216219 -0.524661 -0.054673
v 0.218040 -0.539491 -0.091265
v 0.218014 -0.539275 -0.091432
v 0.217991 -0.539092 -0.091635
v 0.217973 -0.538946 -0.091867
v 0.217960 -0.538842 -0.092121
v 0.217953 -0.538783 -0.092389
v 0.217952 -0.538772 -0.092663
v 0.217956 -0.538808 -0.092935
v 0.217966 -0.538891 -0.093197
v 0.217982 -0.539017 -0.093440
v 0.218002 -0.539183 -0.093658
v 0.218027 -0.539384 -0.093843
v 0.218055 -0.539614 -0.093990
v 0.218086 -0.539866 -0.094095
v 0.218119 -0.540133 -0.094154
v 0.218152 -0.540405 -0.094165
v 0.218186 -0.540675 -0.094129
v 0.218217 -0.540935 -0.094046
v 0.218247 -0.541176 -0.093918
v 0.218274 -0.541392 -0.093751
v 0.218296 -0.541576 -0.093548
v 0.218314 -0.541722 -0.093316
v 0.218327 -0.541825 -0.093062
v 0.218334 -0.541884 -0.092794
v 0.218335 -0.541895 -0.092520
v 0.218331 -0.541859 -0.092248
v 0.218321 -0.541777 -0.091986
v 0.218305 -0.541651 -0.091743
v 0.218285 -0.541484 -0.091525
v 0.218260 -0.541283 -0.091340
v 0.218232 -0.541053 -0.091193
v 0.218201 -0.540801 -0.091089
v 0.218168 -0.540535 -0.091030
v 0.218135 -0.540263 -0.091018
v 0.218102 -0.539992 -0.091055
v 0.218070 -0.539733 -0.091138
v 0.222814 -0.578371 -0.096347
v 0.222788 -0.578155 -0.096514
v 0.222765 -0.577971 -0.096717
v 0.222747 -0.577825 -0.096949
v 0.222734 -0.577722 -0.097203
v 0.222727 -0.577663 -0.097471
v 0.222726 -0.577652 -0.097745
v 0.222730 -0.577688 -0.098017
v 0.222740 -0.577770 -0.098279
v 0.222756 -0.577897 -0.098522
v 0.222776 -0.578063 -0.098740
v 0.222801 -0.578264 -0.098925
v 0.222829 -0.578494 -0.099072
v 0.222860 -0.578746 -0.099176
v 0.222893 -0.579012 -0.099235
v 0.222926 -0.579285 -0.099247
v 0.222959 -0.579555 -0.099211
v 0.222991 -0.579814 -0.099127
v 0.223021 -0.580056 -0.099000
v 0.223047 -0.580272 -0.098833
v 0.223070 -0.580455 -0.098630
v 0.223088 -0.580601 -0.098398
v 0.223101 -0.580705 -0.098144
v 0.223108 -0.580764 -0.097876
v 0.223109 -0.580775 -0.097602
v 0.223105 -0.580739 -0.097330
v 0.223095 -0.580657 -0.097068
v 0.223079 -0.580530 -0.096825
v 0.223059 -0.580364 -0.096607
v 0.223034 -0.580163 -0.096422
v 0.223006 -0.579933 -0.096275
v 0.222975 -0.579681 -0.096170
v 0.222942 -0.579415 -0.096112
v 0.222909 -0.579142 -0.096100
v 0.222876 -0.578872 -0.096136
v 0.222844 -0.578612 -0.096220
v 0.225737 -0.602179 -0.064964
v 0.225711 -0.601963 -0.065131
v 0.225688 -0.601779 -0.065334
v 0.225670 -0.601633 -0.065566
v 0.225658 -0.601530 -0.065820
v 0.225650 -0.601471 -0.066088
v 0.225649 -0.601460 -0.066362
v 0.225653 -0.601496 -0.066634
v 0.225664 -0.601578 -0.066896
v 0.225679 -0.601705 -0.067139
v 0.225699 -0.601871 -0.067357
v 0.225724 -0.602072 -0.067542
v 0.225752 -0.602302 -0.067689
v 0.225783 -0.602554 -0.067794
v 0.225816 -0.602820 -0.067853
v 0.225849 -0.603093 -0.067864
v 0.225883 -0.603363 -0.067828
v 0.225915 -0.603622 -0.067745
v 0.225944 -0.603864 -0.067617
v 0.225971 -0.604080 -0.067450
v 0.225993 -0.604263 -0.067247
v 0.226011 -0.604409 -0.067015
v 0.226024 -0.604513 -0.066761
v 0.226031 -0.604572 -0.066493
v 0.226032 -0.604583 -0.066219
v 0.226028 -0.604547 -0.065947
v 0.226018 -0.604465 -0.065685
v 0.226002 -0.604338 -0.065442
v 0.225982 -0.604172 -0.065224
v 0.225957 -0.603971 -0.065039
v 0.225929 -0.603741 -0.064892
v 0.225898 -0.603489 -0.064788
v 0.225865 -0.603223 -0.064729
v 0.225832 -0.602950 -0.064717
v 0.225799 -0.602680 -0.064754
v 0.225767 -0.602421 -0.064837
v 0.223887 -0.587107 -0.028499
v 0.223860 -0.586891 -0.028667
v 0.223838 -0.586708 -0.028870
v 0.223820 -0.586562 -0.029101
v 0.223807 -0.586458 -0.029355
v 0.223800 -0.586399 -0.029623
v 0.223798 -0.586388 -0.029898
v 0.223803 -0.586424 -0.030170
v 0.223813 -0.586507 -0.030432
v 0.223828 -0.586633 -0.030675
v 0.223849 -0.586799 -0.030892
v 0.223874 -0.587000 -0.031077
v 0.223902 -0.587231 -0.031224
v 0.223933 -0.587482 -0.031329
v 0.223965 -0.587749 -0.031388
v 0.223999 -0.588021 -0.031399
v 0.224032 -0.588291 -0.031363
v 0.224064 -0.588551 -0.031280
v 0.224094 -0.588792 -0.031153
v 0.224120 -0.589008 -0.030985
v 0.224143 -0.589192 -0.030782
v 0.224161 -0.589338 -0.030551
v 0.224173 -0.589442 -0.030297
v 0.224180 -0.589500 -0.030029
v 0.224182 -0.589511 -0.029754
v 0.224177 -0.589475 -0.029482
v 0.224167 -0.589393 -0.029221
v 0.224152 -0.589267 -0.028977
v 0.224131 -0.589100 -0.028760
v 0.224107 -0.588899 -0.028575
v 0.224078 -0.588669 -0.028428
v 0.224048 -0.588417 -0.028323
v 0.224015 -0.588151 -0.028264
v 0.223981 -0.587879 -0.028253
v 0.223948 -0.587609 -0.028289
v 0.223916 -0.587349 -0.028372
v 0.223234 -0.581793 -0.089007
v 0.223789 -0.586316 -0.085497
v 0.224262 -0.590165 -0.081248
v 0.224638 -0.593223 -0.076391
v 0.224905 -0.595398 -0.071073
v 0.225055 -0.596624 -0.065454
v 0.225084 -0.596862 -0.059707
v 0.224992 -0.596106 -0.054006
v 0.224780 -0.594379 -0.048523
v 0.224455 -0.591733 -0.043425
v 0.224027 -0.588249 -0.038868
v 0.223509 -0.584032 -0.034990
v 0.222917 -0.579211 -0.031909
v 0.222269 -0.573932 -0.029718
v 0.221584 -0.568356 -0.028483
v 0.220884 -0.562651 -0.028243
v 0.220189 -0.556992 -0.029005
v 0.219521 -0.551550 -0.030745
v 0.218900 -0.546491 -0.033410
v 0.218344 -0.541968 -0.036921
v 0.217872 -0.538119 -0.041169
v 0.217496 -0.535060 -0.046026
v 0.217229 -0.532885 -0.051345
v 0.217079 -0.531660 -0.056963
v 0.217049 -0.531422 -0.062711
v 0.217142 -0.532178 -0.068412
v 0.217354 -0.533905 -0.073895
v 0.217679 -0.536551 -0.078992
v 0.218107 -0.540035 -0.083549
v 0.218625 -0.544251 -0.087427
v 0.219217 -0.549073 -0.090509
v 0.219865 -0.554351 -0.092700
v 0.220549 -0.559928 -0.093935
v 0.221250 -0.565632 -0.094175
v 0.221945 -0.571291 -0.093413
v 0.222613 -0.576733 -0.091673
v 0.223234 -0.581793 -0.089007
v 0.223789 -0.586316 -0.085497
v 0.224262 -0.590165 -0.081248
v 0.224638 -0.593223 -0.076391
v 0.224905 -0.595398 -0.071073
v 0.225055 -0.596624 -0.065454
v 0.225084 -0.596862 -0.059707
v 0.224992 -0.596106 -0.054006
v 0.224780 -0.594379 -0.048523
v 0.224455 -0.591733 -0.043425
v 0.224027 -0.588249 -0.038868
v 0.223509 -0.584032 -0.034990
v 0.222917 -0.579211 -0.031909
v 0.222269 -0.573932 -0.029718
v 0.221584 -0.568356 -0.028483
v 0.220884 -0.562651 -0.028243
v 0.220189 -0.556992 -0.029005
v 0.219521 -0.551550 -0.030745
v 0.218900 -0.546491 -0.033410
v 0.208974 -0.547710 -0.033410
v 0.213309 -0.583011 -0.089007
v 0.213864 -0.587534 -0.085497
v 0.214337 -0.591384 -0.081248
v 0.214712 -0.594442 -0.076391
v 0.214979 -0.596617 -0.071073
v 0.215130 -0.597842 -0.065454
v 0.215159 -0.598081 -0.059707
v 0.215066 -0.597325 -0.054006
v 0.214854 -0.595597 -0.048523
v 0.214529 -0.592952 -0.043425
v 0.214101 -0.589467 -0.038868
v 0.213584 -0.585251 -0.034990
v 0.212992 -0.580430 -0.031909
v 0.212344 -0.575151 -0.029718
v 0.211659 -0.569574 -0.028483
v 0.210958 -0.563870 -0.028243
v 0.210264 -0.558211 -0.029005
v 0.209595 -0.552769 -0.030745
v 0.225207 -0.585550 -0.023699
v 0.225247 -0.585875 -0.023446
v 0.225281 -0.586152 -0.023140
v 0.225308 -0.586373 -0.022791
v 0.225327 -0.586529 -0.022408
v 0.225338 -0.586617 -0.022004
v 0.225340 -0.586634 -0.021590
v 0.225333 -0.586580 -0.021180
v 0.225318 -0.586456 -0.020785
v 0.225295 -0.586265 -0.020418
v 0.225264 -0.586014 -0.020090
v 0.225227 -0.585711 -0.019811
v 0.225184 -0.585364 -0.019589
v 0.225137 -0.584984 -0.019432
v 0.225088 -0.584583 -0.019343
v 0.225038 -0.584172 -0.019326
v 0.224988 -0.583765 -0.019380
v 0.224939 -0.583373 -0.019506
v 0.224895 -0.583009 -0.019697
v 0.224855 -0.582684 -0.019950
v 0.224821 -0.582407 -0.020256
v 0.224794 -0.582187 -0.020605
v 0.224775 -0.582030 -0.020988
v 0.224764 -0.581942 -0.021393
v 0.224762 -0.581925 -0.021806
v 0.224768 -0.581979 -0.022217
v 0.224784 -0.582103 -0.022611
v 0.224807 -0.582294 -0.022978
v 0.224838 -0.582545 -0.023306
v 0.224875 -0.582848 -0.023585
v 0.224918 -0.583195 -0.023807
v 0.224964 -0.583575 -0.023965
v 0.225014 -0.583976 -0.024053
v 0.225064 -0.584387 -0.024071
v 0.225114 -0.584794 -0.024016
v 0.225162 -0.585186 -0.023891
v 0.224947 -0.583437 -0.020371
v 0.224977 -0.583679 -0.020244
v 0.225009 -0.583938 -0.020161
v 0.225042 -0.584208 -0.020125
v 0.225075 -0.584481 -0.020136
v 0.225108 -0.584747 -0.020195
v 0.225139 -0.584999 -0.020300
v 0.225167 -0.585229 -0.020447
v 0.225192 -0.585430 -0.020632
v 0.225212 -0.585596 -0.020849
v 0.225228 -0.585723 -0.021093
v 0.225238 -0.585805 -0.021354
v 0.225243 -0.585841 -0.021626
v 0.225241 -0.585830 -0.021901
v 0.225234 -0.585771 -0.022169
v 0.225221 -0.585668 -0.022423
v 0.225203 -0.585522 -0.022655
v 0.225181 -0.585338 -0.022857
v 0.225154 -0.585122 -0.023025
v 0.225125 -0.584880 -0.023152
v 0.225093 -0.584621 -0.023235
v 0.225059 -0.584351 -0.023272
v 0.225026 -0.584078 -0.023260
v 0.224993 -0.583812 -0.023201
v 0.224962 -0.583560 -0.023097
v 0.224934 -0.583330 -0.022949
v 0.224909 -0.583129 -0.022764
v 0.224889 -0.582963 -0.022547
v 0.224874 -0.582836 -0.022304
v 0.224863 -0.582754 -0.022042
v 0.224859 -0.582718 -0.021770
v 0.224860 -0.582729 -0.021496
v 0.224868 -0.582788 -0.021227
v 0.224880 -0.582892 -0.020974
v 0.224898 -0.583038 -0.020742
v 0.224921 -0.583221 -0.020539
v 0.221071 -0.551868 -0.020794
v 0.221111 -0.552194 -0.020542
v 0.221145 -0.552471 -0.020236
v 0.221172 -0.552691 -0.019886
v 0.221191 -0.552847 -0.019504
v 0.221202 -0.552935 -0.019099
v 0.221204 -0.552953 -0.018686
v 0.221198 -0.552898 -0.018275
v 0.221182 -0.552774 -0.017881
v 0.221159 -0.552583 -0.017514
v 0.221128 -0.552333 -0.017186
v 0.221091 -0.552029 -0.016907
v 0.221048 -0.551682 -0.016685
v 0.221002 -0.551302 -0.016527
v 0.220952 -0.550901 -0.016439
v 0.220902 -0.550490 -0.016421
v 0.220852 -0.550083 -0.016476
v 0.220804 -0.549691 -0.016601
v 0.220759 -0.549327 -0.016793
v 0.220719 -0.549002 -0.017046
v 0.220685 -0.548725 -0.017352
v 0.220658 -0.548505 -0.017701
v 0.220639 -0.548348 -0.018084
v 0.220628 -0.548260 -0.018488
v 0.220626 -0.548243 -0.018902
v 0.220633 -0.548297 -0.019312
v 0.220648 -0.548422 -0.019707
v 0.220671 -0.548612 -0.020074
v 0.220702 -0.548863 -0.020402
v 0.220739 -0.549166 -0.020681
v 0.220782 -0.549513 -0.020903
v 0.220829 -0.549893 -0.021060
v 0.220878 -0.550294 -0.021149
v 0.220928 -0.550705 -0.021166
v 0.220978 -0.551112 -0.021112
v 0.221026 -0.551504 -0.020986
v 0.220812 -0.549755 -0.017467
v 0.220841 -0.549997 -0.017340
v 0.220873 -0.550256 -0.017257
v 0.220906 -0.550527 -0.017220
v 0.220940 -0.550799 -0.017232
v 0.220973 -0.551065 -0.017291
v 0.221003 -0.551317 -0.017395
v 0.221032 -0.551547 -0.017542
v 0.221056 -0.551748 -0.017728
v 0.221077 -0.551915 -0.017945
v 0.221092 -0.552041 -0.018188
v 0.221102 -0.552123 -0.018450
v 0.221107 -0.552159 -0.018722
v 0.221105 -0.552148 -0.018996
v 0.221098 -0.552089 -0.019265
v 0.221086 -0.551986 -0.019518
v 0.221068 -0.551840 -0.019750
v 0.221045 -0.551656 -0.019953
v 0.221019 -0.551440 -0.020121
v 0.220989 -0.551199 -0.020248
v 0.220957 -0.550939 -0.020331
v 0.220924 -0.550669 -0.020367
v 0.220890 -0.550397 -0.020356
v 0.220858 -0.550130 -0.020297
v 0.220827 -0.549878 -0.020192
v 0.220799 -0.549648 -0.020045
v 0.220774 -0.549447 -0.019860
v 0.220753 -0.549281 -0.019643
v 0.220738 -0.549155 -0.019399
v 0.220728 -0.549072 -0.019138
v 0.220723 -0.549036 -0.018865
v 0.220725 -0.549047 -0.018591
v 0.220732 -0.549106 -0.018323
v 0.220745 -0.549210 -0.018069
v 0.220763 -0.549356 -0.017837
v 0.220785 -0.549539 -0.017635
v 0.217897 -0.526013 -0.042736
v 0.217936 -0.526339 -0.042484
v 0.217971 -0.526616 -0.042178
v 0.217998 -0.526836 -0.041828
v 0.218017 -0.526992 -0.041446
v 0.218028 -0.527080 -0.041041
v 0.218030 -0.527098 -0.040628
v 0.218023 -0.527043 -0.040217
v 0.218008 -0.526919 -0.039823
v 0.217984 -0.526728 -0.039456
v 0.217954 -0.526478 -0.039128
v 0.217916 -0.526174 -0.038849
v 0.217874 -0.525827 -0.038627
v 0.217827 -0.525447 -0.038469
v 0.217778 -0.525046 -0.038380
v 0.217727 -0.524635 -0.038363
v 0.217677 -0.524228 -0.038418
v 0.217629 -0.523836 -0.038543
v 0.217585 -0.523472 -0.038735
v 0.217545 -0.523147 -0.038988
v 0.217511 -0.522870 -0.039293
v 0.217484 -0.522650 -0.039643
v 0.217464 -0.522493 -0.040026
v 0.217454 -0.522405 -0.040430
v 0.217451 -0.522388 -0.040844
v 0.217458 -0.522442 -0.041254
v 0.217473 -0.522567 -0.041649
v 0.217497 -0.522757 -0.042016
v 0.217528 -0.523008 -0.042343
v 0.217565 -0.523311 -0.042623
v 0.217607 -0.523658 -0.042844
v 0.217654 -0.524038 -0.043002
v 0.217703 -0.524439 -0.043091
v 0.217754 -0.524850 -0.043108
v 0.217804 -0.525257 -0.043053
v 0.217852 -0.525649 -0.042928
v 0.217637 -0.523900 -0.039409
v 0.217667 -0.524142 -0.039282
v 0.217699 -0.524401 -0.039199
v 0.217732 -0.524672 -0.039162
v 0.217765 -0.524944 -0.039174
v 0.217798 -0.525210 -0.039233
v 0.217829 -0.525462 -0.039337
v 0.217857 -0.525692 -0.039484
v 0.217882 -0.525893 -0.039669
v 0.217902 -0.526060 -0.039887
v 0.217918 -0.526186 -0.040130
v 0.217928 -0.526268 -0.040392
v 0.217932 -0.526304 -0.040664
v 0.217931 -0.526293 -0.040938
v 0.217924 -0.526234 -0.041206
v 0.217911 -0.526131 -0.041460
v 0.217893 -0.525985 -0.041692
v 0.217870 -0.525801 -0.041895
v 0.217844 -0.525585 -0.042062
v 0.217814 -0.525344 -0.042190
v 0.217782 -0.525084 -0.042273
v 0.217749 -0.524814 -0.042309
v 0.217716 -0.524542 -0.042298
v 0.217683 -0.524275 -0.042239
v 0.217652 -0.524023 -0.042134
v 0.217624 -0.523793 -0.041987
v 0.217599 -0.523592 -0.041802
v 0.217579 -0.523426 -0.041584
v 0.217563 -0.523300 -0.041341
v 0.217553 -0.523217 -0.041079
v 0.217549 -0.523181 -0.040807
v 0.217550 -0.523192 -0.040533
v 0.217557 -0.523251 -0.040265
v 0.217570 -0.523355 -0.040011
v 0.217588 -0.523501 -0.039779
v 0.217611 -0.523684 -0.039576
v 0.217543 -0.523130 -0.076671
v 0.217583 -0.523456 -0.076418
v 0.217617 -0.523733 -0.076113
v 0.217644 -0.523953 -0.075763
v 0.217663 -0.524110 -0.075380
v 0.217674 -0.524198 -0.074976
v 0.217676 -0.524215 -0.074562
v 0.217669 -0.524160 -0.074152
v 0.217654 -0.524036 -0.073757
v 0.217630 -0.523846 -0.073391
v 0.217600 -0.523595 -0.073063
v 0.217562 -0.523292 -0.072783
v 0.217520 -0.522945 -0.072562
v 0.217473 -0.522565 -0.072404
v 0.217424 -0.522163 -0.072315
v 0.217373 -0.521753 -0.072298
v 0.217323 -0.521345 -0.072353
v 0.217275 -0.520954 -0.072478
v 0.217231 -0.520590 -0.072670
v 0.217191 -0.520264 -0.072922
v 0.217157 -0.519987 -0.073228
v 0.217130 -0.519767 -0.073578
v 0.217110 -0.519610 -0.073961
v 0.217100 -0.519522 -0.074365
v 0.217097 -0.519505 -0.074779
v 0.217104 -0.519560 -0.075189
v 0.217119 -0.519684 -0.075583
v 0.217143 -0.519874 -0.075950
v 0.217174 -0.520125 -0.076278
v 0.217211 -0.520429 -0.076557
v 0.217253 -0.520775 -0.076779
v 0.217300 -0.521155 -0.076937
v 0.217349 -0.521557 -0.077026
v 0.217400 -0.521967 -0.077043
v 0.217450 -0.522375 -0.076988
v 0.217498 -0.522766 -0.076863
v 0.217283 -0.521018 -0.073344
v 0.217313 -0.521259 -0.073216
v 0.217345 -0.521519 -0.073133
v 0.217378 -0.521789 -0.073097
v 0.217411 -0.522061 -0.073109
v 0.217444 -0.522327 -0.073167
v 0.217475 -0.522579 -0.073272
v 0.217503 -0.522809 -0.073419
v 0.217528 -0.523011 -0.073604
v 0.217548 -0.523177 -0.073822
v 0.217564 -0.523303 -0.074065
v 0.217574 -0.523386 -0.074327
v 0.217578 -0.523422 -0.074599
v 0.217577 -0.523410 -0.074873
v 0.217570 -0.523352 -0.075141
v 0.217557 -0.523248 -0.075395
v 0.217539 -0.523102 -0.075627
v 0.217517 -0.522918 -0.075830
v 0.217490 -0.522702 -0.075997
v 0.217460 -0.522461 -0.076124
v 0.217429 -0.522201 -0.076207
v 0.217395 -0.521931 -0.076244
v 0.217362 -0.521659 -0.076232
v 0.217329 -0.521393 -0.076173
v 0.217298 -0.521141 -0.076069
v 0.217270 -0.520911 -0.075922
v 0.217245 -0.520709 -0.075737
v 0.217225 -0.520543 -0.075519
v 0.217209 -0.520417 -0.075276
v 0.217199 -0.520334 -0.075014
v 0.217195 -0.520298 -0.074742
v 0.217196 -0.520310 -0.074468
v 0.217203 -0.520368 -0.074200
v 0.217216 -0.520472 -0.073946
v 0.217234 -0.520618 -0.073714
v 0.217257 -0.520802 -0.073511
v 0.220217 -0.544909 -0.102720
v 0.220257 -0.545234 -0.102468
v 0.220291 -0.545511 -0.102162
v 0.220318 -0.545731 -0.101812
v 0.220337 -0.545888 -0.101429
v 0.220348 -0.545976 -0.101025
v 0.220350 -0.545993 -0.100612
v 0.220343 -0.545939 -0.100201
v 0.220328 -0.545814 -0.099807
v 0.220304 -0.545624 -0.099440
v 0.220274 -0.545373 -0.099112
v 0.220236 -0.545070 -0.098833
v 0.220194 -0.544723 -0.098611
v 0.220147 -0.544343 -0.098453
v 0.220098 -0.543942 -0.098364
v 0.220047 -0.543531 -0.098347
v 0.219997 -0.543124 -0.098402
v 0.219949 -0.542732 -0.098527
v 0.219905 -0.542368 -0.098719
v 0.219865 -0.542042 -0.098972
v 0.219831 -0.541765 -0.099277
v 0.219804 -0.541545 -0.099627
v 0.219784 -0.541389 -0.100010
v 0.219774 -0.541301 -0.100414
v 0.219772 -0.541283 -0.100828
v 0.219778 -0.541338 -0.101238
v 0.219793 -0.541462 -0.101633
v 0.219817 -0.541653 -0.101999
v 0.219848 -0.541903 -0.102327
v 0.219885 -0.542207 -0.102607
v 0.219927 -0.542554 -0.102828
v 0.219974 -0.542934 -0.102986
v 0.220023 -0.543335 -0.103075
v 0.220074 -0.543746 -0.103092
v 0.220124 -0.544153 -0.103037
v 0.220172 -0.544545 -0.102912
v 0.219957 -0.542796 -0.099393
v 0.219987 -0.543037 -0.099266
v 0.220019 -0.543297 -0.099183
v 0.220052 -0.543567 -0.099146
v 0.220085 -0.543839 -0.099158
v 0.220118 -0.544106 -0.099217
v 0.220149 -0.544358 -0.099321
v 0.220177 -0.544588 -0.099468
v 0.220202 -0.544789 -0.099653
v 0.220222 -0.544955 -0.099871
v 0.220238 -0.545081 -0.100114
v 0.220248 -0.545164 -0.100376
v 0.220252 -0.545200 -0.100648
v 0.220251 -0.545189 -0.100922
v 0.220244 -0.545130 -0.101190
v 0.220231 -0.545026 -0.101444
v 0.220213 -0.544880 -0.101676
v 0.220191 -0.544697 -0.101879
v 0.220164 -0.544481 -0.102046
v 0.220134 -0.544239 -0.102174
v 0.220103 -0.543980 -0.102257
v 0.220069 -0.543709 -0.102293
v 0.220036 -0.543437 -0.102282
v 0.220003 -0.543171 -0.102223
v 0.219972 -0.542919 -0.102118
v 0.219944 -0.542689 -0.101971
v 0.219919 -0.542488 -0.101786
v 0.219899 -0.542321 -0.101568
v 0.219883 -0.542195 -0.101325
v 0.219873 -0.542113 -0.101063
v 0.219869 -0.542077 -0.100791
v 0.219870 -0.542088 -0.100517
v 0.219877 -0.542147 -0.100249
v 0.219890 -0.542250 -0.099995
v 0.219908 -0.542396 -0.099763
v 0.219931 -0.542580 -0.099560
v 0.224352 -0.578590 -0.105625
v 0.224392 -0.578916 -0.105372
v 0.224426 -0.579193 -0.105066
v 0.224453 -0.579413 -0.104717
v 0.224472 -0.579570 -0.104334
v 0.224483 -0.579658 -0.103929
v 0.224485 -0.579675 -0.103516
v 0.224479 -0.579621 -0.103105
v 0.224463 -0.579496 -0.102711
v 0.224440 -0.579306 -0.102344
v 0.224409 -0.579055 -0.102016
v 0.224372 -0.578752 -0.101737
v 0.224329 -0.578405 -0.101515
v 0.224283 -0.578025 -0.101357
v 0.224233 -0.577623 -0.101269
v 0.224183 -0.577213 -0.101251
v 0.224133 -0.576806 -0.101306
v 0.224085 -0.576414 -0.101431
v 0.224040 -0.576050 -0.101623
v 0.224000 -0.575724 -0.101876
v 0.223966 -0.575447 -0.102182
v 0.223939 -0.575227 -0.102531
v 0.223920 -0.575071 -0.102914
v 0.223909 -0.574982 -0.103318
v 0.223907 -0.574965 -0.103732
v 0.223914 -0.575020 -0.104142
v 0.223929 -0.575144 -0.104537
v 0.223952 -0.575334 -0.104904
v 0.223983 -0.575585 -0.105232
v 0.224020 -0.575889 -0.105511
v 0.224063 -0.576236 -0.105733
v 0.224110 -0.576616 -0.105890
v 0.224159 -0.577017 -0.105979
v 0.224209 -0.577427 -0.105996
v 0.224259 -0.577835 -0.105942
v 0.224308 -0.578226 -0.105816
v 0.227527 -0.604445 -0.083683
v 0.227567 -0.604771 -0.083430
v 0.227601 -0.605048 -0.083124
v 0.227628 -0.605268 -0.082775
v 0.227647 -0.605425 -0.082392
v 0.227658 -0.605513 -0.081988
v 0.227660 -0.605530 -0.081574
v 0.227653 -0.605476 -0.081164
v 0.227638 -0.605351 -0.080769
v 0.227615 -0.605161 -0.080402
v 0.227584 -0.604910 -0.080074
v 0.227547 -0.604607 -0.079795
v 0.227504 -0.604260 -0.079573
v 0.227457 -0.603880 -0.079416
v 0.227408 -0.603478 -0.079327
v 0.227358 -0.603068 -0.079310
v 0.227308 -0.602661 -0.079364
v 0.227260 -0.602269 -0.079490
v 0.227215 -0.601905 -0.079681
v 0.227175 -0.601579 -0.079934
v 0.227141 -0.601302 -0.080240
v 0.227114 -0.601082 -0.080589
v 0.227095 -0.600926 -0.080972
v 0.227084 -0.600837 -0.081377
v 0.227082 -0.600820 -0.081790
v 0.227088 -0.600875 -0.082200
v 0.227104 -0.600999 -0.082595
v 0.227127 -0.601189 -0.082962
v 0.227158 -0.601440 -0.083290
v 0.227195 -0.601744 -0.083569
v 0.227238 -0.602091 -0.083791
v 0.227284 -0.602471 -0.083948
v 0.227334 -0.602872 -0.084037
v 0.227384 -0.603282 -0.084055
v 0.227434 -0.603690 -0.084000
v 0.227482 -0.604081 -0.083875
v 0.227881 -0.607328 -0.049748
v 0.227921 -0.607654 -0.049495
v 0.227955 -0.607931 -0.049190
v 0.227982 -0.608151 -0.048840
v 0.228001 -0.608307 -0.048457
v 0.228012 -0.608396 -0.048053
v 0.228014 -0.608413 -0.047639
v 0.228007 -0.608358 -0.047229
v 0.227992 -0.608234 -0.046834
v 0.227969 -0.608044 -0.046467
v 0.227938 -0.607793 -0.046139
v 0.227901 -0.607489 -0.045860
v 0.227858 -0.607142 -0.045639
v 0.227811 -0.606762 -0.045481
v 0.227762 -0.606361 -0.045392
v 0.227712 -0.605951 -0.045375
v 0.227662 -0.605543 -0.045430
v 0.227614 -0.605152 -0.045555
v 0.227569 -0.604787 -0.045747
v 0.227529 -0.604462 -0.045999
v 0.227495 -0.604185 -0.046305
v 0.227468 -0.603965 -0.046655
v 0.227449 -0.603808 -0.047037
v 0.227438 -0.603720 -0.047442
v 0.227436 -0.603703 -0.047855
v 0.227442 -0.603757 -0.048266
v 0.227458 -0.603882 -0.048660
v 0.227481 -0.604072 -0.049027
v 0.227512 -0.604323 -0.049355
v 0.227549 -0.604626 -0.049634
v 0.227592 -0.604973 -0.049856
v 0.227638 -0.605353 -0.050014
v 0.227688 -0.605755 -0.050103
v 0.227738 -0.606165 -0.050120
v 0.227788 -0.606572 -0.050065
v 0.227836 -0.606964 -0.049940
v 0.227621 -0.605215 -0.046421
v 0.227651 -0.605457 -0.046293
v 0.227683 -0.605717 -0.046210
v 0.227716 -0.605987 -0.046174
v 0.227749 -0.606259 -0.046185
v 0.227782 -0.606525 -0.046244
v 0.227813 -0.606777 -0.046349
v 0.227841 -0.607007 -0.046496
v 0.227866 -0.607208 -0.046681
v 0.227886 -0.607375 -0.046899
v 0.227902 -0.607501 -0.047142
v 0.227912 -0.607583 -0.047404
v 0.227917 -0.607619 -0.047676
v 0.227915 -0.607608 -0.047950
v 0.227908 -0.607550 -0.048218
v 0.227895 -0.607446 -0.048472
v 0.227877 -0.607300 -0.048704
v 0.227855 -0.607116 -0.048906
v 0.227828 -0.606900 -0.049074
v 0.227799 -0.606659 -0.049201
v 0.227767 -0.606399 -0.049284
v 0.227734 -0.606129 -0.049321
v 0.227700 -0.605857 -0.049309
v 0.227667 -0.605591 -0.049250
v 0.227636 -0.605339 -0.049146
v 0.227608 -0.605108 -0.048999
v 0.227584 -0.604907 -0.048814
v 0.227563 -0.604741 -0.048596
v 0.227548 -0.604615 -0.048353
v 0.227537 -0.604532 -0.048091
v 0.227533 -0.604496 -0.047819
v 0.227534 -0.604508 -0.047545
v 0.227542 -0.604566 -0.047277
v 0.227554 -0.604670 -0.047023
v 0.227572 -0.604816 -0.046791
v 0.227595 -0.605000 -0.046588
v 0.215402 -0.550828 -0.026745
v 0.215442 -0.551153 -0.026492
v 0.215476 -0.551430 -0.026186
v 0.215503 -0.551650 -0.025837
v 0.215522 -0.551807 -0.025454
v 0.215533 -0.551895 -0.025050
v 0.215535 -0.551912 -0.024636
v 0.215529 -0.551858 -0.024226
v 0.215513 -0.551734 -0.023831
v 0.215490 -0.551543 -0.023464
v 0.215459 -0.551292 -0.023136
v 0.215422 -0.550989 -0.022857
v 0.215379 -0.550642 -0.022636
v 0.215333 -0.550262 -0.022478
v 0.215283 -0.549861 -0.022389
v 0.215233 -0.549450 -0.022372
v 0.215183 -0.549043 -0.022427
v 0.215135 -0.548651 -0.022552
v 0.215090 -0.548287 -0.022744
v 0.215050 -0.547962 -0.022996
v 0.215016 -0.547685 -0.023302
v 0.214989 -0.547464 -0.023652
v 0.214970 -0.547308 -0.024034
v 0.214959 -0.547220 -0.024439
v 0.214957 -0.547203 -0.024852
v 0.214964 -0.547257 -0.025263
v 0.214979 -0.547381 -0.025657
v 0.215002 -0.547572 -0.026024
v 0.215033 -0.547822 -0.026352
v 0.215070 -0.548126 -0.026631
v 0.215113 -0.548473 -0.026853
v 0.215160 -0.548853 -0.027011
v 0.215209 -0.549254 -0.027100
v 0.215259 -0.549665 -0.027117
v 0.215309 -0.550072 -0.027062
v 0.215357 -0.550464 -0.026937
v 0.215350 -0.550400 -0.026071
v 0.215320 -0.550158 -0.026198
v 0.215288 -0.549899 -0.026281
v 0.215255 -0.549629 -0.026318
v 0.215221 -0.549356 -0.026306
v 0.215189 -0.549090 -0.026247
v 0.215158 -0.548838 -0.026143
v 0.215130 -0.548608 -0.025996
v 0.215105 -0.548407 -0.025810
v 0.215084 -0.548241 -0.025593
v 0.215069 -0.548114 -0.025350
v 0.215059 -0.548032 -0.025088
v 0.215054 -0.547996 -0.024816
v 0.215056 -0.548007 -0.024542
v 0.215063 -0.548066 -0.024273
v 0.215076 -0.548169 -0.024020
v 0.215094 -0.548315 -0.023788
v 0.215116 -0.548499 -0.023585
v 0.215143 -0.548715 -0.023418
v 0.215172 -0.548957 -0.023290
v 0.215204 -0.549216 -0.023207
v 0.215237 -0.549486 -0.023171
v 0.215271 -0.549759 -0.023182
v 0.215303 -0.550025 -0.023241
v 0.215334 -0.550277 -0.023346
v 0.215363 -0.550507 -0.023493
v 0.215387 -0.550708 -0.023678
v 0.215408 -0.550874 -0.023895
v 0.215423 -0.551001 -0.024139
v 0.215433 -0.551083 -0.024400
v 0.215438 -0.551119 -0.024673
v 0.215436 -0.551108 -0.024947
v 0.215429 -0.551049 -0.025215
v 0.215417 -0.550945 -0.025469
v 0.215399 -0.550799 -0.025701
v 0.215376 -0.550616 -0.025903
v 0.209447 -0.551559 -0.026745
v 0.209487 -0.551885 -0.026492
v 0.209521 -0.552162 -0.026186
v 0.209548 -0.552382 -0.025837
v 0.209567 -0.552538 -0.025454
v 0.209578 -0.552626 -0.025050
v 0.209580 -0.552644 -0.024636
v 0.209573 -0.552589 -0.024226
v 0.209558 -0.552465 -0.023831
v 0.209535 -0.552274 -0.023464
v 0.209504 -0.552024 -0.023136
v 0.209467 -0.551720 -0.022857
v 0.209424 -0.551373 -0.022636
v 0.209377 -0.550993 -0.022478
v 0.209328 -0.550592 -0.022389
v 0.209278 -0.550181 -0.022372
v 0.209228 -0.549774 -0.022427
v 0.209180 -0.549382 -0.022552
v 0.209135 -0.549018 -0.022744
v 0.215402 -0.550828 -0.026745
v 0.215442 -0.551153 -0.026492
v 0.215476 -0.551430 -0.026186
v 0.215503 -0.551650 -0.025837
v 0.215522 -0.551807 -0.025454
v 0.215533 -0.551895 -0.025050
v 0.215535 -0.551912 -0.024636
v 0.215529 -0.551858 -0.024226
v 0.215513 -0.551734 -0.023831
v 0.215490 -0.551543 -0.023464
v 0.215459 -0.551292 -0.023136
v 0.215422 -0.550989 -0.022857
v 0.215379 -0.550642 -0.022636
v 0.215333 -0.550262 -0.022478
v 0.215283 -0.549861 -0.022389
v 0.215233 -0.549450 -0.022372
v 0.215183 -0.549043 -0.022427
v 0.215135 -0.548651 -0.022552
v 0.215090 -0.548287 -0.022744
v 0.212479 -0.527020 -0.058128
v 0.212519 -0.527345 -0.057875
v 0.212553 -0.527622 -0.057569
v 0.212580 -0.527842 -0.057220
v 0.212599 -0.527999 -0.056837
v 0.212610 -0.528087 -0.056433
v 0.212612 -0.528104 -0.056019
v 0.212605 -0.528050 -0.055609
v 0.212590 -0.527926 -0.055214
v 0.212567 -0.527735 -0.054847
v 0.212536 -0.527484 -0.054519
v 0.212499 -0.527181 -0.054240
v 0.212456 -0.526834 -0.054018
v 0.212409 -0.526454 -0.053861
v 0.212360 -0.526053 -0.053772
v 0.212310 -0.525642 -0.053755
v 0.212260 -0.525235 -0.053809
v 0.212212 -0.524843 -0.053935
v 0.212167 -0.524479 -0.054126
v 0.212127 -0.524154 -0.054379
v 0.212093 -0.523877 -0.054685
v 0.212066 -0.523656 -0.055034
v 0.212047 -0.523500 -0.055417
v 0.212036 -0.523412 -0.055822
v 0.212034 -0.523395 -0.056235
v 0.212040 -0.523449 -0.056645
v 0.212056 -0.523573 -0.057040
v 0.212079 -0.523764 -0.057407
v 0.212110 -0.524014 -0.057735
v 0.212147 -0.524318 -0.058014
v 0.212190 -0.524665 -0.058236
v 0.212236 -0.525045 -0.058393
v 0.212286 -0.525446 -0.058482
v 0.212336 -0.525857 -0.058500
v 0.212386 -0.526264 -0.058445
v 0.212434 -0.526656 -0.058320
v 0.212426 -0.526592 -0.057454
v 0.212397 -0.526350 -0.057581
v 0.212365 -0.526091 -0.057664
v 0.212332 -0.525821 -0.057700
v 0.212298 -0.525548 -0.057689
v 0.212265 -0.525282 -0.057630
v 0.212235 -0.525030 -0.057525
v 0.212206 -0.524800 -0.057378
v 0.212182 -0.524599 -0.057193
v 0.212161 -0.524433 -0.056976
v 0.212146 -0.524306 -0.056733
v 0.212136 -0.524224 -0.056471
v 0.212131 -0.524188 -0.056199
v 0.212133 -0.524199 -0.055924
v 0.212140 -0.524258 -0.055656
v 0.212152 -0.524361 -0.055402
v 0.212170 -0.524507 -0.055171
v 0.212193 -0.524691 -0.054968
v 0.212219 -0.524907 -0.054800
v 0.212249 -0.525148 -0.054673
v 0.212281 -0.525408 -0.054590
v 0.212314 -0.525678 -0.054554
v 0.212348 -0.525951 -0.054565
v 0.212380 -0.526217 -0.054624
v 0.212411 -0.526469 -0.054729
v 0.212439 -0.526699 -0.054876
v 0.212464 -0.526900 -0.055061
v 0.212485 -0.527066 -0.055278
v 0.212500 -0.527193 -0.055522
v 0.212510 -0.527275 -0.055783
v 0.212515 -0.527311 -0.056055
v 0.212513 -0.527300 -0.056330
v 0.212506 -0.527241 -0.056598
v 0.212493 -0.527137 -0.056852
v 0.212475 -0.526991 -0.057084
v 0.212453 -0.526808 -0.057286
v 0.206524 -0.527751 -0.058128
v 0.206564 -0.528076 -0.057875
v 0.206598 -0.528354 -0.057569
v 0.206625 -0.528574 -0.057220
v 0.206644 -0.528730 -0.056837
v 0.206655 -0.528818 -0.056433
v 0.206657 -0.528836 -0.056019
v 0.206650 -0.528781 -0.055609
v 0.206635 -0.528657 -0.055214
v 0.206611 -0.528466 -0.054847
v 0.206581 -0.528216 -0.054519
v 0.206543 -0.527912 -0.054240
v 0.206501 -0.527565 -0.054018
v 0.206454 -0.527185 -0.053861
v 0.206405 -0.526784 -0.053772
v 0.206354 -0.526373 -0.053755
v 0.206304 -0.525966 -0.053809
v 0.206256 -0.525574 -0.053935
v 0.206212 -0.525210 -0.054126
v 0.212479 -0.527020 -0.058128
v 0.212519 -0.527345 -0.057875
v 0.212553 -0.527622 -0.057569
v 0.212580 -0.527842 -0.057220
v 0.212599 -0.527999 -0.056837
v 0.212610 -0.528087 -0.056433
v 0.212612 -0.528104 -0.056019
v 0.212605 -0.528050 -0.055609
v 0.212590 -0.527926 -0.055214
v 0.212567 -0.527735 -0.054847
v 0.212536 -0.527484 -0.054519
v 0.212499 -0.527181 -0.054240
v 0.212456 -0.526834 -0.054018
v 0.212409 -0.526454 -0.053861
v 0.212360 -0.526053 -0.053772
v 0.212310 -0.525642 -0.053755
v 0.212260 -0.525235 -0.053809
v 0.212212 -0.524843 -0.053935
v 0.212167 -0.524479 -0.054126
v 0.214329 -0.542091 -0.094592
v 0.214369 -0.542417 -0.094340
v 0.214403 -0.542694 -0.094034
v 0.214430 -0.542914 -0.093684
v 0.214450 -0.543071 -0.093302
v 0.214460 -0.543159 -0.092897
v 0.214463 -0.543176 -0.092484
v 0.214456 -0.543122 -0.092073
v 0.214441 -0.542997 -0.091679
v 0.214417 -0.542807 -0.091312
v 0.214386 -0.542556 -0.090984
v 0.214349 -0.542253 -0.090705
v 0.214307 -0.541906 -0.090483
v 0.214260 -0.541526 -0.090325
v 0.214211 -0.541124 -0.090236
v 0.214160 -0.540714 -0.090219
v 0.214110 -0.540307 -0.090274
v 0.214062 -0.539915 -0.090399
v 0.214017 -0.539551 -0.090591
v 0.213977 -0.539225 -0.090844
v 0.213943 -0.538948 -0.091149
v 0.213916 -0.538728 -0.091499
v 0.213897 -0.538572 -0.091882
v 0.213886 -0.538483 -0.092286
v 0.213884 -0.538466 -0.092700
v 0.213891 -0.538521 -0.093110
v 0.213906 -0.538645 -0.093505
v 0.213930 -0.538835 -0.093872
v 0.213960 -0.539086 -0.094200
v 0.213998 -0.539390 -0.094479
v 0.214040 -0.539737 -0.094700
v 0.214087 -0.540117 -0.094858
v 0.214136 -0.540518 -0.094947
v 0.214187 -0.540928 -0.094964
v 0.214237 -0.541336 -0.094909
v 0.214285 -0.541727 -0.094784
v 0.214277 -0.541664 -0.093918
v 0.214247 -0.541422 -0.094046
v 0.214215 -0.541162 -0.094129
v 0.214182 -0.540892 -0.094165
v 0.214149 -0.540620 -0.094154
v 0.214116 -0.540354 -0.094095
v 0.214085 -0.540102 -0.093990
v 0.214057 -0.539872 -0.093843
v 0.214032 -0.539671 -0.093658
v 0.214012 -0.539504 -0.093440
v 0.213996 -0.539378 -0.093197
v 0.213986 -0.539296 -0.092935
v 0.213982 -0.539260 -0.092663
v 0.213983 -0.539271 -0.092389
v 0.213990 -0.539329 -0.092121
v 0.214003 -0.539433 -0.091867
v 0.214021 -0.539579 -0.091635
v 0.214043 -0.539763 -0.091432
v 0.214070 -0.539979 -0.091265
v 0.214100 -0.540220 -0.091138
v 0.214132 -0.540480 -0.091055
v 0.214165 -0.540750 -0.091018
v 0.214198 -0.541022 -0.091030
v 0.214231 -0.541288 -0.091089
v 0.214262 -0.541540 -0.091193
v 0.214290 -0.541770 -0.091340
v 0.214315 -0.541972 -0.091525
v 0.214335 -0.542138 -0.091743
v 0.214351 -0.542264 -0.091986
v 0.214361 -0.542347 -0.092248
v 0.214365 -0.542383 -0.092520
v 0.214364 -0.542371 -0.092794
v 0.214357 -0.542313 -0.093062
v 0.214344 -0.542209 -0.093316
v 0.214326 -0.542063 -0.093548
v 0.214303 -0.541879 -0.093751
v 0.208374 -0.542823 -0.094592
v 0.208414 -0.543148 -0.094340
v 0.208448 -0.543425 -0.094034
v 0.208475 -0.543645 -0.093684
v 0.208494 -0.543802 -0.093302
v 0.208505 -0.543890 -0.092897
v 0.208507 -0.543907 -0.092484
v 0.208501 -0.543853 -0.092073
v 0.208485 -0.543729 -0.091679
v 0.208462 -0.543538 -0.091312
v 0.208431 -0.543287 -0.090984
v 0.208394 -0.542984 -0.090705
v 0.208351 -0.542637 -0.090483
v 0.208305 -0.542257 -0.090325
v 0.208255 -0.541856 -0.090236
v 0.208205 -0.541445 -0.090219
v 0.208155 -0.541038 -0.090274
v 0.208107 -0.540646 -0.090399
v 0.208062 -0.540282 -0.090591
v 0.214329 -0.542091 -0.094592
v 0.214369 -0.542417 -0.094340
v 0.214403 -0.542694 -0.094034
v 0.214430 -0.542914 -0.093684
v 0.214450 -0.543071 -0.093302
v 0.214460 -0.543159 -0.092897
v 0.214463 -0.543176 -0.092484
v 0.214456 -0.543122 -0.092073
v 0.214441 -0.542997 -0.091679
v 0.214417 -0.542807 -0.091312
v 0.214386 -0.542556 -0.090984
v 0.214349 -0.542253 -0.090705
v 0.214307 -0.541906 -0.090483
v 0.214260 -0.541526 -0.090325
v 0.214211 -0.541124 -0.090236
v 0.214160 -0.540714 -0.090219
v 0.214110 -0.540307 -0.090274
v 0.214062 -0.539915 -0.090399
v 0.214017 -0.539551 -0.090591
v 0.219103 -0.580971 -0.099674
v 0.219143 -0.581297 -0.099421
v 0.219177 -0.581574 -0.099116
v 0.219204 -0.581794 -0.098766
v 0.219223 -0.581950 -0.098383
v 0.219234 -0.582039 -0.097979
v 0.219236 -0.582056 -0.097565
v 0.219230 -0.582001 -0.097155
v 0.219214 -0.581877 -0.096760
v 0.219191 -0.581687 -0.096394
v 0.219160 -0.581436 -0.096066
v 0.219123 -0.581132 -0.095787
v 0.219080 -0.580785 -0.095565
v 0.219034 -0.580406 -0.095407
v 0.218985 -0.580004 -0.095318
v 0.218934 -0.579594 -0.095301
v 0.218884 -0.579186 -0.095356
v 0.218836 -0.578795 -0.095481
v 0.218791 -0.578431 -0.095673
v 0.218751 -0.578105 -0.095925
v 0.218717 -0.577828 -0.096231
v 0.218690 -0.577608 -0.096581
v 0.218671 -0.577451 -0.096964
v 0.218660 -0.577363 -0.097368
v 0.218658 -0.577346 -0.097782
v 0.218665 -0.577400 -0.098192
v 0.218680 -0.577525 -0.098586
v 0.218703 -0.577715 -0.098953
v 0.218734 -0.577966 -0.099281
v 0.218772 -0.578269 -0.099560
v 0.218814 -0.578616 -0.099782
v 0.218861 -0.578996 -0.099940
v 0.218910 -0.579398 -0.100029
v 0.218960 -0.579808 -0.100046
v 0.219010 -0.580215 -0.099991
v 0.219059 -0.580607 -0.099866
v 0.219051 -0.580543 -0.099000
v 0.219021 -0.580302 -0.099127
v 0.218989 -0.580042 -0.099211
v 0.218956 -0.579772 -0.099247
v 0.218923 -0.579500 -0.099235
v 0.218890 -0.579234 -0.099176
v 0.218859 -0.578982 -0.099072
v 0.218831 -0.578752 -0.098925
v 0.218806 -0.578550 -0.098740
v 0.218786 -0.578384 -0.098522
v 0.218770 -0.578258 -0.098279
v 0.218760 -0.578175 -0.098017
v 0.218756 -0.578139 -0.097745
v 0.218757 -0.578151 -0.097471
v 0.218764 -0.578209 -0.097203
v 0.218777 -0.578313 -0.096949
v 0.218795 -0.578459 -0.096717
v 0.218817 -0.578643 -0.096514
v 0.218844 -0.578858 -0.096347
v 0.218873 -0.579100 -0.096220
v 0.218905 -0.579360 -0.096136
v 0.218939 -0.579630 -0.096100
v 0.218972 -0.579902 -0.096112
v 0.219005 -0.580168 -0.096170
v 0.219036 -0.580420 -0.096275
v 0.219064 -0.580650 -0.096422
v 0.219089 -0.580851 -0.096607
v 0.219109 -0.581018 -0.096825
v 0.219124 -0.581144 -0.097068
v 0.219135 -0.581226 -0.097330
v 0.219139 -0.581263 -0.097602
v 0.219138 -0.581251 -0.097876
v 0.219130 -0.581193 -0.098144
v 0.219118 -0.581089 -0.098398
v 0.219100 -0.580943 -0.098630
v 0.219077 -0.580759 -0.098833
v 0.213148 -0.581702 -0.099674
v 0.213188 -0.582028 -0.099421
v 0.213222 -0.582305 -0.099116
v 0.213249 -0.582525 -0.098766
v 0.213268 -0.582682 -0.098383
v 0.213279 -0.582770 -0.097979
v 0.213281 -0.582787 -0.097565
v 0.213274 -0.582733 -0.097155
v 0.213259 -0.582608 -0.096760
v 0.213236 -0.582418 -0.096394
v 0.213205 -0.582167 -0.096066
v 0.213168 -0.581864 -0.095787
v 0.213125 -0.581517 -0.095565
v 0.213079 -0.581137 -0.095407
v 0.213029 -0.580735 -0.095318
v 0.212979 -0.580325 -0.095301
v 0.212929 -0.579918 -0.095356
v 0.212881 -0.579526 -0.095481
v 0.212836 -0.579162 -0.095673
v 0.219103 -0.580971 -0.099674
v 0.219143 -0.581297 -0.099421
v 0.219177 -0.581574 -0.099116
v 0.219204 -0.581794 -0.098766
v 0.219223 -0.581950 -0.098383
v 0.219234 -0.582039 -0.097979
v 0.219236 -0.582056 -0.097565
v 0.219230 -0.582001 -0.097155
v 0.219214 -0.581877 -0.096760
v 0.219191 -0.581687 -0.096394
v 0.219160 -0.581436 -0.096066
v 0.219123 -0.581132 -0.095787
v 0.219080 -0.580785 -0.095565
v 0.219034 -0.580406 -0.095407
v 0.218985 -0.580004 -0.095318
v 0.218934 -0.579594 -0.095301
v 0.218884 -0.579186 -0.095356
v 0.218836 -0.578795 -0.095481
v 0.218791 -0.578431 -0.095673
v 0.222027 -0.604779 -0.068291
v 0.222066 -0.605105 -0.068039
v 0.222100 -0.605382 -0.067733
v 0.222128 -0.605602 -0.067383
v 0.222147 -0.605758 -0.067001
v 0.222158 -0.605847 -0.066596
v 0.222160 -0.605864 -0.066183
v 0.222153 -0.605809 -0.065772
v 0.222138 -0.605685 -0.065378
v 0.222114 -0.605495 -0.065011
v 0.222084 -0.605244 -0.064683
v 0.222046 -0.604940 -0.064404
v 0.222004 -0.604593 -0.064182
v 0.221957 -0.604214 -0.064024
v 0.221908 -0.603812 -0.063935
v 0.221857 -0.603402 -0.063918
v 0.221807 -0.602994 -0.063973
v 0.221759 -0.602603 -0.064098
v 0.221715 -0.602239 -0.064290
v 0.221675 -0.601913 -0.064543
v 0.221641 -0.601636 -0.064848
v 0.221614 -0.601416 -0.065198
v 0.221594 -0.601259 -0.065581
v 0.221583 -0.601171 -0.065985
v 0.221581 -0.601154 -0.066399
v 0.221588 -0.601209 -0.066809
v 0.221603 -0.601333 -0.067204
v 0.221627 -0.601523 -0.067571
v 0.221658 -0.601774 -0.067898
v 0.221695 -0.602077 -0.068178
v 0.221737 -0.602424 -0.068399
v 0.221784 -0.602804 -0.068557
v 0.221833 -0.603206 -0.068646
v 0.221884 -0.603616 -0.068663
v 0.221934 -0.604024 -0.068608
v 0.221982 -0.604415 -0.068483
v 0.221974 -0.604351 -0.067617
v 0.221944 -0.604110 -0.067745
v 0.221912 -0.603850 -0.067828
v 0.221879 -0.603580 -0.067864
v 0.221846 -0.603308 -0.067853
v 0.221813 -0.603042 -0.067794
v 0.221782 -0.602790 -0.067689
v 0.221754 -0.602560 -0.067542
v 0.221729 -0.602358 -0.067357
v 0.221709 -0.602192 -0.067139
v 0.221693 -0.602066 -0.066896
v 0.221683 -0.601983 -0.066634
v 0.221679 -0.601947 -0.066362
v 0.221680 -0.601959 -0.066088
v 0.221687 -0.602017 -0.065820
v 0.221700 -0.602121 -0.065566
v 0.221718 -0.602267 -0.065334
v 0.221741 -0.602451 -0.065131
v 0.221767 -0.602667 -0.064964
v 0.221797 -0.602908 -0.064837
v 0.221829 -0.603168 -0.064754
v 0.221862 -0.603438 -0.064717
v 0.221895 -0.603710 -0.064729
v 0.221928 -0.603976 -0.064788
v 0.221959 -0.604228 -0.064892
v 0.221987 -0.604458 -0.065039
v 0.222012 -0.604660 -0.065224
v 0.222032 -0.604826 -0.065442
v 0.222048 -0.604952 -0.065685
v 0.222058 -0.605035 -0.065947
v 0.222062 -0.605071 -0.066219
v 0.222061 -0.605059 -0.066493
v 0.222054 -0.605001 -0.066761
v 0.222041 -0.604897 -0.067015
v 0.222023 -0.604751 -0.067247
v 0.222000 -0.604567 -0.067450
v 0.216071 -0.605511 -0.068291
v 0.216111 -0.605836 -0.068039
v 0.216145 -0.606113 -0.067733
v 0.216172 -0.606333 -0.067383
v 0.216191 -0.606490 -0.067001
v 0.216202 -0.606578 -0.066596
v 0.216204 -0.606595 -0.066183
v 0.216198 -0.606541 -0.065772
v 0.216182 -0.606416 -0.065378
v 0.216159 -0.606226 -0.065011
v 0.216128 -0.605975 -0.064683
v 0.216091 -0.605672 -0.064404
v 0.216048 -0.605325 -0.064182
v 0.216002 -0.604945 -0.064024
v 0.215952 -0.604543 -0.063935
v 0.215902 -0.604133 -0.063918
v 0.215852 -0.603726 -0.063973
v 0.215804 -0.603334 -0.064098
v 0.215759 -0.602970 -0.064290
v 0.222027 -0.604779 -0.068291
v 0.222066 -0.605105 -0.068039
v 0.222100 -0.605382 -0.067733
v 0.222128 -0.605602 -0.067383
v 0.222147 -0.605758 -0.067001
v 0.222158 -0.605847 -0.066596
v 0.222160 -0.605864 -0.066183
v 0.222153 -0.605809 -0.065772
v 0.222138 -0.605685 -0.065378
v 0.222114 -0.605495 -0.065011
v 0.222084 -0.605244 -0.064683
v 0.222046 -0.604940 -0.064404
v 0.222004 -0.604593 -0.064182
v 0.221957 -0.604214 -0.064024
v 0.221908 -0.603812 -0.063935
v 0.221857 -0.603402 -0.063918
v 0.221807 -0.602994 -0.063973
v 0.221759 -0.602603 -0.064098
v 0.221715 -0.602239 -0.064290
v 0.220176 -0.589708 -0.031827
v 0.220216 -0.590033 -0.031574
v 0.220250 -0.590310 -0.031268
v 0.220277 -0.590530 -0.030919
v 0.220296 -0.590687 -0.030536
v 0.220307 -0.590775 -0.030132
v 0.220309 -0.590792 -0.029718
v 0.220302 -0.590738 -0.029308
v 0.220287 -0.590613 -0.028913
v 0.220264 -0.590423 -0.028546
v 0.220233 -0.590172 -0.028218
v 0.220196 -0.589869 -0.027939
v 0.220153 -0.589522 -0.027717
v 0.220106 -0.589142 -0.027560
v 0.220057 -0.588741 -0.027471
v 0.220007 -0.588330 -0.027453
v 0.219957 -0.587923 -0.027508
v 0.219909 -0.587531 -0.027634
v 0.219864 -0.587167 -0.027825
v 0.219824 -0.586841 -0.028078
v 0.219790 -0.586564 -0.028384
v 0.219763 -0.586344 -0.028733
v 0.219744 -0.586188 -0.029116
v 0.219733 -0.586100 -0.029520
v 0.219731 -0.586082 -0.029934
v 0.219737 -0.586137 -0.030344
v 0.219753 -0.586261 -0.030739
v 0.219776 -0.586452 -0.031106
v 0.219807 -0.586702 -0.031434
v 0.219844 -0.587006 -0.031713
v 0.219887 -0.587353 -0.031935
v 0.219933 -0.587733 -0.032092
v 0.219983 -0.588134 -0.032181
v 0.220033 -0.588545 -0.032199
v 0.220083 -0.588952 -0.032144
v 0.220131 -0.589343 -0.032019
v 0.220123 -0.589280 -0.031153
v 0.220094 -0.589038 -0.031280
v 0.220062 -0.588778 -0.031363
v 0.220029 -0.588508 -0.031399
v 0.219995 -0.588236 -0.031388
v 0.219963 -0.587970 -0.031329
v 0.219932 -0.587718 -0.031224
v 0.219903 -0.587488 -0.031077
v 0.219879 -0.587287 -0.030892
v 0.219858 -0.587120 -0.030675
v 0.219843 -0.586994 -0.030432
v 0.219833 -0.586912 -0.030170
v 0.219828 -0.586876 -0.029898
v 0.219830 -0.586887 -0.029623
v 0.219837 -0.586945 -0.029355
v 0.219850 -0.587049 -0.029101
v 0.219867 -0.587195 -0.028870
v 0.219890 -0.587379 -0.028667
v 0.219917 -0.587595 -0.028499
v 0.219946 -0.587836 -0.028372
v 0.219978 -0.588096 -0.028289
v 0.220011 -0.588366 -0.028253
v 0.220045 -0.588638 -0.028264
v 0.220077 -0.588904 -0.028323
v 0.220108 -0.589156 -0.028428
v 0.220137 -0.589387 -0.028575
v 0.220161 -0.589588 -0.028760
v 0.220182 -0.589754 -0.028977
v 0.220197 -0.589880 -0.029221
v 0.220207 -0.589963 -0.029482
v 0.220212 -0.589999 -0.029754
v 0.220210 -0.589987 -0.030029
v 0.220203 -0.589929 -0.030297
v 0.220190 -0.589825 -0.030551
v 0.220172 -0.589679 -0.030782
v 0.220150 -0.589496 -0.030985
v 0.214221 -0.590439 -0.031827
v 0.214261 -0.590764 -0.031574
v 0.214295 -0.591041 -0.031268
v 0.214322 -0.591261 -0.030919
v 0.214341 -0.591418 -0.030536
v 0.214352 -0.591506 -0.030132
v 0.214354 -0.591523 -0.029718
v 0.214347 -0.591469 -0.029308
v 0.214332 -0.591345 -0.028913
v 0.214308 -0.591154 -0.028546
v 0.214278 -0.590903 -0.028218
v 0.214240 -0.590600 -0.027939
v 0.214198 -0.590253 -0.027717
v 0.214151 -0.589873 -0.027560
v 0.214102 -0.589472 -0.027471
v 0.214052 -0.589061 -0.027453
v 0.214001 -0.588654 -0.027508
v 0.213953 -0.588262 -0.027634
v 0.213909 -0.587898 -0.027825
v 0.220176 -0.589708 -0.031827
v 0.220216 -0.590033 -0.031574
v 0.220250 -0.590310 -0.031268
v 0.220277 -0.590530 -0.030919
v 0.220296 -0.590687 -0.030536
v 0.220307 -0.590775 -0.030132
v 0.220309 -0.590792 -0.029718
v 0.220302 -0.590738 -0.029308
v 0.220287 -0.590613 -0.028913
v 0.220264 -0.590423 -0.028546
v 0.220233 -0.590172 -0.028218
v 0.220196 -0.589869 -0.027939
v 0.220153 -0.589522 -0.027717
v 0.220106 -0.589142 -0.027560
v 0.220057 -0.588741 -0.027471
v 0.220007 -0.588330 -0.027453
v 0.219957 -0.587923 -0.027508
v 0.219909 -0.587531 -0.027634
v 0.219864 -0.587167 -0.027825
v 0.213051 -0.580914 -0.108690
v 0.222977 -0.579696 -0.108690
v 0.212930 -0.579924 -0.105667
v 0.222855 -0.578705 -0.105667
v 0.216227 -0.606782 -0.082521
v 0.226153 -0.605563 -0.082521
v 0.226494 -0.608339 -0.083949
v 0.216568 -0.609558 -0.083949
v 0.216962 -0.579946 -0.101991
v 0.212992 -0.580433 -0.101991
v 0.213818 -0.587163 -0.098768
v 0.214571 -0.593292 -0.094404
v 0.215211 -0.598501 -0.089120
v 0.215725 -0.602688 -0.083103
v 0.219695 -0.602200 -0.083103
v 0.217789 -0.586675 -0.098768
v 0.218541 -0.592804 -0.094404
v 0.219181 -0.598013 -0.089120
v 0.222918 -0.579215 -0.101991
v 0.216962 -0.579946 -0.101991
v 0.217789 -0.586675 -0.098768
v 0.218541 -0.592804 -0.094404
v 0.219181 -0.598013 -0.089120
v 0.219695 -0.602200 -0.083103
v 0.225650 -0.601469 -0.083103
v 0.223741 -0.585920 -0.098782
v 0.224479 -0.591935 -0.094522
v 0.225121 -0.597164 -0.089262
v 0.225402 -0.599447 -0.086280
v 0.219480 -0.608658 -0.050211
v 0.219529 -0.609059 -0.049900
v 0.219571 -0.609400 -0.049524
v 0.219605 -0.609671 -0.049093
v 0.219628 -0.609864 -0.048622
v 0.219642 -0.609973 -0.048124
v 0.219644 -0.609994 -0.047614
v 0.219636 -0.609927 -0.047109
v 0.219617 -0.609774 -0.046623
v 0.219588 -0.609539 -0.046171
v 0.219551 -0.609230 -0.045767
v 0.219505 -0.608857 -0.045423
v 0.219452 -0.608429 -0.045150
v 0.219395 -0.607961 -0.044956
v 0.219334 -0.607467 -0.044847
v 0.219272 -0.606962 -0.044825
v 0.219210 -0.606460 -0.044893
v 0.219151 -0.605978 -0.045047
v 0.219096 -0.605529 -0.045283
v 0.219047 -0.605128 -0.045595
v 0.219005 -0.604787 -0.045971
v 0.218972 -0.604516 -0.046402
v 0.218948 -0.604323 -0.046873
v 0.218935 -0.604215 -0.047371
v 0.218932 -0.604194 -0.047880
v 0.218940 -0.604261 -0.048386
v 0.218959 -0.604414 -0.048872
v 0.218988 -0.604648 -0.049324
v 0.219026 -0.604957 -0.049727
v 0.219072 -0.605331 -0.050071
v 0.219124 -0.605758 -0.050344
v 0.219182 -0.606226 -0.050539
v 0.219242 -0.606720 -0.050648
v 0.219304 -0.607226 -0.050669
v 0.219366 -0.607727 -0.050602
v 0.219425 -0.608210 -0.050448
v 0.219444 -0.608364 -0.049748
v 0.219399 -0.608000 -0.049940
v 0.219351 -0.607608 -0.050065
v 0.219301 -0.607201 -0.050120
v 0.219251 -0.606790 -0.050103
v 0.219202 -0.606389 -0.050014
v 0.219155 -0.606009 -0.049856
v 0.219112 -0.605662 -0.049634
v 0.219075 -0.605359 -0.049355
v 0.219044 -0.605108 -0.049027
v 0.219021 -0.604918 -0.048660
v 0.219006 -0.604793 -0.048266
v 0.218999 -0.604739 -0.047855
v 0.219001 -0.604756 -0.047442
v 0.219012 -0.604844 -0.047037
v 0.219031 -0.605001 -0.046655
v 0.219058 -0.605221 -0.046305
v 0.219092 -0.605498 -0.045999
v 0.219132 -0.605823 -0.045747
v 0.219177 -0.606187 -0.045555
v 0.219225 -0.606579 -0.045430
v 0.219275 -0.606986 -0.045375
v 0.219325 -0.607397 -0.045392
v 0.219375 -0.607798 -0.045481
v 0.219421 -0.608178 -0.045639
v 0.219464 -0.608525 -0.045860
v 0.219501 -0.608829 -0.046139
v 0.219532 -0.609079 -0.046467
v 0.219555 -0.609270 -0.046834
v 0.219571 -0.609394 -0.047229
v 0.219577 -0.609449 -0.047639
v 0.219575 -0.609431 -0.048053
v 0.219564 -0.609343 -0.048457
v 0.219545 -0.609187 -0.048840
v 0.219518 -0.608967 -0.049190
v 0.219484 -0.608690 -0.049495
v 0.216503 -0.609024 -0.050211
v 0.216552 -0.609425 -0.049900
v 0.216594 -0.609766 -0.049524
v 0.216627 -0.610037 -0.049093
v 0.216651 -0.610230 -0.048622
v 0.216664 -0.610338 -0.048124
v 0.216667 -0.610359 -0.047614
v 0.216658 -0.610292 -0.047109
v 0.216640 -0.610139 -0.046623
v 0.216611 -0.609905 -0.046171
v 0.216573 -0.609596 -0.045767
v 0.216527 -0.609222 -0.045423
v 0.216475 -0.608795 -0.045150
v 0.216417 -0.608327 -0.044956
v 0.216356 -0.607833 -0.044847
v 0.216294 -0.607327 -0.044825
v 0.216233 -0.606826 -0.044893
v 0.216173 -0.606343 -0.045047
v 0.216118 -0.605895 -0.045283
v 0.219480 -0.608658 -0.050211
v 0.219529 -0.609059 -0.049900
v 0.219571 -0.609400 -0.049524
v 0.219605 -0.609671 -0.049093
v 0.219628 -0.609864 -0.048622
v 0.219642 -0.609973 -0.048124
v 0.219644 -0.609994 -0.047614
v 0.219636 -0.609927 -0.047109
v 0.219617 -0.609774 -0.046623
v 0.219588 -0.609539 -0.046171
v 0.219551 -0.609230 -0.045767
v 0.219505 -0.608857 -0.045423
v 0.219452 -0.608429 -0.045150
v 0.219395 -0.607961 -0.044956
v 0.219334 -0.607467 -0.044847
v 0.219272 -0.606962 -0.044825
v 0.219210 -0.606460 -0.044893
v 0.219151 -0.605978 -0.045047
v 0.219096 -0.605529 -0.045283
v 0.211816 -0.546239 -0.103184
v 0.211865 -0.546640 -0.102872
v 0.211907 -0.546981 -0.102496
v 0.211941 -0.547252 -0.102065
v 0.211964 -0.547445 -0.101594
v 0.211978 -0.547553 -0.101096
v 0.211980 -0.547574 -0.100586
v 0.211972 -0.547507 -0.100081
v 0.211953 -0.547354 -0.099595
v 0.211924 -0.547120 -0.099143
v 0.211886 -0.546811 -0.098739
v 0.211840 -0.546437 -0.098396
v 0.211788 -0.546010 -0.098123
v 0.211731 -0.545542 -0.097928
v 0.211670 -0.545048 -0.097819
v 0.211608 -0.544542 -0.097798
v 0.211546 -0.544040 -0.097865
v 0.211487 -0.543558 -0.098019
v 0.211432 -0.543110 -0.098256
v 0.211383 -0.542709 -0.098567
v 0.211341 -0.542368 -0.098943
v 0.211308 -0.542097 -0.099374
v 0.211284 -0.541904 -0.099845
v 0.211270 -0.541795 -0.100343
v 0.211268 -0.541774 -0.100853
v 0.211276 -0.541841 -0.101358
v 0.211295 -0.541994 -0.101844
v 0.211324 -0.542229 -0.102296
v 0.211362 -0.542537 -0.102700
v 0.211408 -0.542911 -0.103044
v 0.211460 -0.543339 -0.103317
v 0.211517 -0.543806 -0.103511
v 0.211578 -0.544301 -0.103620
v 0.211640 -0.544806 -0.103642
v 0.211702 -0.545308 -0.103574
v 0.211761 -0.545790 -0.103420
v 0.211780 -0.545945 -0.102720
v 0.211735 -0.545580 -0.102912
v 0.211687 -0.545189 -0.103037
v 0.211637 -0.544781 -0.103092
v 0.211587 -0.544371 -0.103075
v 0.211537 -0.543970 -0.102986
v 0.211491 -0.543590 -0.102828
v 0.211448 -0.543243 -0.102607
v 0.211411 -0.542939 -0.102327
v 0.211380 -0.542688 -0.101999
v 0.211357 -0.542498 -0.101633
v 0.211342 -0.542374 -0.101238
v 0.211335 -0.542319 -0.100828
v 0.211337 -0.542336 -0.100414
v 0.211348 -0.542425 -0.100010
v 0.211367 -0.542581 -0.099627
v 0.211394 -0.542801 -0.099277
v 0.211428 -0.543078 -0.098972
v 0.211468 -0.543404 -0.098719
v 0.211513 -0.543768 -0.098527
v 0.211561 -0.544160 -0.098402
v 0.211611 -0.544567 -0.098347
v 0.211661 -0.544977 -0.098364
v 0.211711 -0.545379 -0.098453
v 0.211757 -0.545759 -0.098611
v 0.211800 -0.546106 -0.098833
v 0.211837 -0.546409 -0.099112
v 0.211868 -0.546660 -0.099440
v 0.211891 -0.546850 -0.099807
v 0.211906 -0.546975 -0.100201
v 0.211913 -0.547029 -0.100612
v 0.211911 -0.547012 -0.101025
v 0.211900 -0.546924 -0.101429
v 0.211881 -0.546767 -0.101812
v 0.211854 -0.546547 -0.102162
v 0.211820 -0.546270 -0.102468
v 0.208838 -0.546604 -0.103184
v 0.208888 -0.547005 -0.102872
v 0.208930 -0.547346 -0.102496
v 0.208963 -0.547618 -0.102065
v 0.208987 -0.547810 -0.101594
v 0.209000 -0.547919 -0.101096
v 0.209002 -0.547940 -0.100586
v 0.208994 -0.547873 -0.100081
v 0.208975 -0.547720 -0.099595
v 0.208947 -0.547485 -0.099143
v 0.208909 -0.547177 -0.098739
v 0.208863 -0.546803 -0.098396
v 0.208810 -0.546375 -0.098123
v 0.208753 -0.545908 -0.097928
v 0.208692 -0.545413 -0.097819
v 0.208630 -0.544908 -0.097798
v 0.208569 -0.544406 -0.097865
v 0.208509 -0.543924 -0.098019
v 0.208454 -0.543475 -0.098256
v 0.211816 -0.546239 -0.103184
v 0.211865 -0.546640 -0.102872
v 0.211907 -0.546981 -0.102496
v 0.211941 -0.547252 -0.102065
v 0.211964 -0.547445 -0.101594
v 0.211978 -0.547553 -0.101096
v 0.211980 -0.547574 -0.100586
v 0.211972 -0.547507 -0.100081
v 0.211953 -0.547354 -0.099595
v 0.211924 -0.547120 -0.099143
v 0.211886 -0.546811 -0.098739
v 0.211840 -0.546437 -0.098396
v 0.211788 -0.546010 -0.098123
v 0.211731 -0.545542 -0.097928
v 0.211670 -0.545048 -0.097819
v 0.211608 -0.544542 -0.097798
v 0.211546 -0.544040 -0.097865
v 0.211487 -0.543558 -0.098019
v 0.211432 -0.543110 -0.098256
v 0.209142 -0.524460 -0.077134
v 0.209191 -0.524861 -0.076823
v 0.209233 -0.525203 -0.076447
v 0.209266 -0.525474 -0.076016
v 0.209290 -0.525666 -0.075545
v 0.209303 -0.525775 -0.075047
v 0.209306 -0.525796 -0.074537
v 0.209298 -0.525729 -0.074032
v 0.209279 -0.525576 -0.073546
v 0.209250 -0.525341 -0.073094
v 0.209212 -0.525033 -0.072690
v 0.209166 -0.524659 -0.072347
v 0.209114 -0.524232 -0.072073
v 0.209057 -0.523764 -0.071879
v 0.208996 -0.523269 -0.071770
v 0.208934 -0.522764 -0.071748
v 0.208872 -0.522262 -0.071816
v 0.208813 -0.521780 -0.071970
v 0.208758 -0.521331 -0.072206
v 0.208709 -0.520930 -0.072518
v 0.208667 -0.520589 -0.072894
v 0.208633 -0.520318 -0.073325
v 0.208610 -0.520125 -0.073796
v 0.208596 -0.520017 -0.074294
v 0.208594 -0.519996 -0.074804
v 0.208602 -0.520063 -0.075309
v 0.208621 -0.520216 -0.075795
v 0.208650 -0.520450 -0.076247
v 0.208688 -0.520759 -0.076651
v 0.208733 -0.521133 -0.076994
v 0.208786 -0.521560 -0.077267
v 0.208843 -0.522028 -0.077462
v 0.208904 -0.522522 -0.077571
v 0.208966 -0.523028 -0.077592
v 0.209028 -0.523530 -0.077525
v 0.209087 -0.524012 -0.077371
v 0.209106 -0.524166 -0.076671
v 0.209061 -0.523802 -0.076863
v 0.209013 -0.523410 -0.076988
v 0.208963 -0.523003 -0.077043
v 0.208913 -0.522593 -0.077026
v 0.208863 -0.522191 -0.076937
v 0.208817 -0.521811 -0.076779
v 0.208774 -0.521464 -0.076557
v 0.208737 -0.521161 -0.076278
v 0.208706 -0.520910 -0.075950
v 0.208683 -0.520720 -0.075583
v 0.208668 -0.520595 -0.075189
v 0.208661 -0.520541 -0.074779
v 0.208663 -0.520558 -0.074365
v 0.208674 -0.520646 -0.073961
v 0.208693 -0.520803 -0.073578
v 0.208720 -0.521023 -0.073228
v 0.208754 -0.521300 -0.072922
v 0.208794 -0.521626 -0.072670
v 0.208839 -0.521990 -0.072478
v 0.208887 -0.522381 -0.072353
v 0.208937 -0.522789 -0.072298
v 0.208987 -0.523199 -0.072315
v 0.209036 -0.523601 -0.072404
v 0.209083 -0.523980 -0.072562
v 0.209126 -0.524327 -0.072783
v 0.209163 -0.524631 -0.073063
v 0.209194 -0.524882 -0.073391
v 0.209217 -0.525072 -0.073757
v 0.209232 -0.525196 -0.074152
v 0.209239 -0.525251 -0.074562
v 0.209237 -0.525234 -0.074976
v 0.209226 -0.525145 -0.075380
v 0.209207 -0.524989 -0.075763
v 0.209180 -0.524769 -0.076113
v 0.209146 -0.524492 -0.076418
v 0.206164 -0.524826 -0.077134
v 0.206214 -0.525227 -0.076823
v 0.206256 -0.525568 -0.076447
v 0.206289 -0.525839 -0.076016
v 0.206312 -0.526032 -0.075545
v 0.206326 -0.526141 -0.075047
v 0.206328 -0.526162 -0.074537
v 0.206320 -0.526095 -0.074032
v 0.206301 -0.525942 -0.073546
v 0.206273 -0.525707 -0.073094
v 0.206235 -0.525398 -0.072690
v 0.206189 -0.525025 -0.072347
v 0.206136 -0.524597 -0.072073
v 0.206079 -0.524129 -0.071879
v 0.206018 -0.523635 -0.071770
v 0.205956 -0.523129 -0.071748
v 0.205895 -0.522628 -0.071816
v 0.205835 -0.522145 -0.071970
v 0.205780 -0.521697 -0.072206
v 0.209142 -0.524460 -0.077134
v 0.209191 -0.524861 -0.076823
v 0.209233 -0.525203 -0.076447
v 0.209266 -0.525474 -0.076016
v 0.209290 -0.525666 -0.075545
v 0.209303 -0.525775 -0.075047
v 0.209306 -0.525796 -0.074537
v 0.209298 -0.525729 -0.074032
v 0.209279 -0.525576 -0.073546
v 0.209250 -0.525341 -0.073094
v 0.209212 -0.525033 -0.072690
v 0.209166 -0.524659 -0.072347
v 0.209114 -0.524232 -0.072073
v 0.209057 -0.523764 -0.071879
v 0.208996 -0.523269 -0.071770
v 0.208934 -0.522764 -0.071748
v 0.208872 -0.522262 -0.071816
v 0.208813 -0.521780 -0.071970
v 0.208758 -0.521331 -0.072206
v 0.209496 -0.527343 -0.043200
v 0.209545 -0.527744 -0.042888
v 0.209587 -0.528085 -0.042512
v 0.209620 -0.528356 -0.042081
v 0.209644 -0.528549 -0.041610
v 0.209657 -0.528658 -0.041112
v 0.209660 -0.528679 -0.040603
v 0.209652 -0.528612 -0.040097
v 0.209633 -0.528459 -0.039611
v 0.209604 -0.528224 -0.039159
v 0.209566 -0.527915 -0.038755
v 0.209520 -0.527542 -0.038412
v 0.209468 -0.527114 -0.038139
v 0.209410 -0.526646 -0.037944
v 0.209350 -0.526152 -0.037835
v 0.209288 -0.525646 -0.037814
v 0.209226 -0.525145 -0.037881
v 0.209167 -0.524663 -0.038035
v 0.209112 -0.524214 -0.038272
v 0.209063 -0.523813 -0.038583
v 0.209021 -0.523472 -0.038959
v 0.208987 -0.523201 -0.039390
v 0.208964 -0.523008 -0.039861
v 0.208950 -0.522900 -0.040359
v 0.208948 -0.522878 -0.040869
v 0.208956 -0.522945 -0.041374
v 0.208975 -0.523098 -0.041860
v 0.209004 -0.523333 -0.042312
v 0.209042 -0.523642 -0.042716
v 0.209087 -0.524016 -0.043060
v 0.209140 -0.524443 -0.043333
v 0.209197 -0.524911 -0.043527
v 0.209258 -0.525405 -0.043636
v 0.209320 -0.525911 -0.043658
v 0.209382 -0.526412 -0.043590
v 0.209441 -0.526895 -0.043436
v 0.209460 -0.527049 -0.042736
v 0.209415 -0.526685 -0.042928
v 0.209367 -0.526293 -0.043053
v 0.209317 -0.525886 -0.043108
v 0.209267 -0.525475 -0.043091
v 0.209217 -0.525074 -0.043002
v 0.209171 -0.524694 -0.042844
v 0.209128 -0.524347 -0.042623
v 0.209091 -0.524044 -0.042343
v 0.209060 -0.523793 -0.042016
v 0.209037 -0.523602 -0.041649
v 0.209021 -0.523478 -0.041254
v 0.209015 -0.523424 -0.040844
v 0.209017 -0.523441 -0.040430
v 0.209028 -0.523529 -0.040026
v 0.209047 -0.523686 -0.039643
v 0.209074 -0.523906 -0.039293
v 0.209108 -0.524183 -0.038988
v 0.209148 -0.524508 -0.038735
v 0.209193 -0.524872 -0.038543
v 0.209241 -0.525264 -0.038418
v 0.209291 -0.525671 -0.038363
v 0.209341 -0.526082 -0.038380
v 0.209390 -0.526483 -0.038469
v 0.209437 -0.526863 -0.038627
v 0.209480 -0.527210 -0.038849
v 0.209517 -0.527514 -0.039128
v 0.209548 -0.527764 -0.039456
v 0.209571 -0.527955 -0.039823
v 0.209586 -0.528079 -0.040217
v 0.209593 -0.528133 -0.040628
v 0.209591 -0.528116 -0.041041
v 0.209580 -0.528028 -0.041446
v 0.209561 -0.527872 -0.041828
v 0.209534 -0.527651 -0.042178
v 0.209500 -0.527374 -0.042484
v 0.206518 -0.527709 -0.043200
v 0.206568 -0.528110 -0.042888
v 0.206609 -0.528451 -0.042512
v 0.206643 -0.528722 -0.042081
v 0.206666 -0.528915 -0.041610
v 0.206680 -0.529023 -0.041112
v 0.206682 -0.529044 -0.040603
v 0.206674 -0.528977 -0.040097
v 0.206655 -0.528824 -0.039611
v 0.206627 -0.528590 -0.039159
v 0.206589 -0.528281 -0.038755
v 0.206543 -0.527907 -0.038412
v 0.206490 -0.527480 -0.038139
v 0.206433 -0.527012 -0.037944
v 0.206372 -0.526518 -0.037835
v 0.206310 -0.526012 -0.037814
v 0.206248 -0.525510 -0.037881
v 0.206189 -0.525028 -0.038035
v 0.206134 -0.524580 -0.038272
v 0.209496 -0.527343 -0.043200
v 0.209545 -0.527744 -0.042888
v 0.209587 -0.528085 -0.042512
v 0.209620 -0.528356 -0.042081
v 0.209644 -0.528549 -0.041610
v 0.209657 -0.528658 -0.041112
v 0.209660 -0.528679 -0.040603
v 0.209652 -0.528612 -0.040097
v 0.209633 -0.528459 -0.039611
v 0.209604 -0.528224 -0.039159
v 0.209566 -0.527915 -0.038755
v 0.209520 -0.527542 -0.038412
v 0.209468 -0.527114 -0.038139
v 0.209410 -0.526646 -0.037944
v 0.209350 -0.526152 -0.037835
v 0.209288 -0.525646 -0.037814
v 0.209226 -0.525145 -0.037881
v 0.209167 -0.524663 -0.038035
v 0.209112 -0.524214 -0.038272
v 0.212671 -0.553198 -0.021258
v 0.212720 -0.553599 -0.020947
v 0.212762 -0.553940 -0.020570
v 0.212795 -0.554211 -0.020140
v 0.212819 -0.554404 -0.019668
v 0.212832 -0.554513 -0.019170
v 0.212835 -0.554534 -0.018661
v 0.212826 -0.554467 -0.018155
v 0.212808 -0.554314 -0.017669
v 0.212779 -0.554079 -0.017218
v 0.212741 -0.553770 -0.016814
v 0.212695 -0.553397 -0.016470
v 0.212643 -0.552969 -0.016197
v 0.212585 -0.552501 -0.016003
v 0.212524 -0.552007 -0.015893
v 0.212462 -0.551501 -0.015872
v 0.212401 -0.551000 -0.015939
v 0.212341 -0.550518 -0.016094
v 0.212286 -0.550069 -0.016330
v 0.212237 -0.549668 -0.016641
v 0.212195 -0.549327 -0.017018
v 0.212162 -0.549056 -0.017448
v 0.212138 -0.548863 -0.017920
v 0.212125 -0.548755 -0.018418
v 0.212122 -0.548733 -0.018927
v 0.212131 -0.548800 -0.019432
v 0.212149 -0.548953 -0.019918
v 0.212178 -0.549188 -0.020370
v 0.212216 -0.549497 -0.020774
v 0.212262 -0.549871 -0.021118
v 0.212315 -0.550298 -0.021391
v 0.212372 -0.550766 -0.021585
v 0.212433 -0.551260 -0.021695
v 0.212495 -0.551766 -0.021716
v 0.212556 -0.552267 -0.021648
v 0.212616 -0.552750 -0.021494
v 0.212634 -0.552904 -0.020794
v 0.212590 -0.552540 -0.020986
v 0.212542 -0.552148 -0.021112
v 0.212492 -0.551741 -0.021166
v 0.212441 -0.551330 -0.021149
v 0.212392 -0.550929 -0.021060
v 0.212345 -0.550549 -0.020903
v 0.212303 -0.550202 -0.020681
v 0.212265 -0.549899 -0.020402
v 0.212235 -0.549648 -0.020074
v 0.212211 -0.549457 -0.019707
v 0.212196 -0.549333 -0.019312
v 0.212189 -0.549279 -0.018902
v 0.212191 -0.549296 -0.018488
v 0.212202 -0.549384 -0.018084
v 0.212222 -0.549541 -0.017701
v 0.212249 -0.549761 -0.017352
v 0.212283 -0.550038 -0.017046
v 0.212323 -0.550363 -0.016793
v 0.212367 -0.550727 -0.016601
v 0.212415 -0.551119 -0.016476
v 0.212465 -0.551526 -0.016421
v 0.212516 -0.551937 -0.016439
v 0.212565 -0.552338 -0.016527
v 0.212612 -0.552718 -0.016685
v 0.212654 -0.553065 -0.016907
v 0.212692 -0.553369 -0.017186
v 0.212722 -0.553619 -0.017514
v 0.212746 -0.553810 -0.017881
v 0.212761 -0.553934 -0.018275
v 0.212768 -0.553988 -0.018686
v 0.212766 -0.553971 -0.019099
v 0.212755 -0.553883 -0.019504
v 0.212735 -0.553727 -0.019886
v 0.212708 -0.553506 -0.020236
v 0.212674 -0.553229 -0.020542
v 0.209693 -0.553564 -0.021258
v 0.209742 -0.553965 -0.020947
v 0.209784 -0.554306 -0.020570
v 0.209817 -0.554577 -0.020140
v 0.209841 -0.554770 -0.019668
v 0.209854 -0.554878 -0.019170
v 0.209857 -0.554899 -0.018661
v 0.209849 -0.554832 -0.018155
v 0.209830 -0.554679 -0.017669
v 0.209801 -0.554445 -0.017218
v 0.209763 -0.554136 -0.016814
v 0.209717 -0.553762 -0.016470
v 0.209665 -0.553335 -0.016197
v 0.209607 -0.552867 -0.016003
v 0.209547 -0.552373 -0.015893
v 0.209485 -0.551867 -0.015872
v 0.209423 -0.551365 -0.015939
v 0.209364 -0.550883 -0.016094
v 0.209309 -0.550435 -0.016330
v 0.212671 -0.553198 -0.021258
v 0.212720 -0.553599 -0.020947
v 0.212762 -0.553940 -0.020570
v 0.212795 -0.554211 -0.020140
v 0.212819 -0.554404 -0.019668
v 0.212832 -0.554513 -0.019170
v 0.212835 -0.554534 -0.018661
v 0.212826 -0.554467 -0.018155
v 0.212808 -0.554314 -0.017669
v 0.212779 -0.554079 -0.017218
v 0.212741 -0.553770 -0.016814
v 0.212695 -0.553397 -0.016470
v 0.212643 -0.552969 -0.016197
v 0.212585 -0.552501 -0.016003
v 0.212524 -0.552007 -0.015893
v 0.212462 -0.551501 -0.015872
v 0.212401 -0.551000 -0.015939
v 0.212341 -0.550518 -0.016094
v 0.212286 -0.550069 -0.016330
v 0.216806 -0.586880 -0.024162
v 0.216855 -0.587281 -0.023851
v 0.216897 -0.587622 -0.023474
v 0.216931 -0.587893 -0.023044
v 0.216954 -0.588086 -0.022572
v 0.216968 -0.588194 -0.022074
v 0.216970 -0.588216 -0.021565
v 0.216962 -0.588149 -0.021060
v 0.216943 -0.587996 -0.020574
v 0.216914 -0.587761 -0.020122
v 0.216876 -0.587452 -0.019718
v 0.216831 -0.587078 -0.019374
v 0.216778 -0.586651 -0.019101
v 0.216721 -0.586183 -0.018907
v 0.216660 -0.585689 -0.018797
v 0.216598 -0.585183 -0.018776
v 0.216536 -0.584682 -0.018844
v 0.216477 -0.584199 -0.018998
v 0.216422 -0.583751 -0.019234
v 0.216373 -0.583350 -0.019545
v 0.216331 -0.583009 -0.019922
v 0.216298 -0.582738 -0.020352
v 0.216274 -0.582545 -0.020824
v 0.216261 -0.582436 -0.021322
v 0.216258 -0.582415 -0.021831
v 0.216266 -0.582482 -0.022337
v 0.216285 -0.582635 -0.022823
v 0.216314 -0.582870 -0.023274
v 0.216352 -0.583179 -0.023678
v 0.216398 -0.583552 -0.024022
v 0.216450 -0.583980 -0.024295
v 0.216508 -0.584448 -0.024489
v 0.216568 -0.584942 -0.024599
v 0.216630 -0.585448 -0.024620
v 0.216692 -0.585949 -0.024553
v 0.216751 -0.586431 -0.024398
v 0.216770 -0.586586 -0.023699
v 0.216725 -0.586222 -0.023891
v 0.216677 -0.585830 -0.024016
v 0.216627 -0.585423 -0.024071
v 0.216577 -0.585012 -0.024053
v 0.216528 -0.584611 -0.023965
v 0.216481 -0.584231 -0.023807
v 0.216438 -0.583884 -0.023585
v 0.216401 -0.583580 -0.023306
v 0.216370 -0.583330 -0.022978
v 0.216347 -0.583139 -0.022611
v 0.216332 -0.583015 -0.022217
v 0.216325 -0.582961 -0.021806
v 0.216327 -0.582978 -0.021393
v 0.216338 -0.583066 -0.020988
v 0.216357 -0.583222 -0.020605
v 0.216384 -0.583443 -0.020256
v 0.216418 -0.583720 -0.019950
v 0.216458 -0.584045 -0.019697
v 0.216503 -0.584409 -0.019506
v 0.216551 -0.584801 -0.019380
v 0.216601 -0.585208 -0.019326
v 0.216651 -0.585619 -0.019343
v 0.216701 -0.586020 -0.019432
v 0.216747 -0.586400 -0.019589
v 0.216790 -0.586747 -0.019811
v 0.216827 -0.587050 -0.020090
v 0.216858 -0.587301 -0.020418
v 0.216881 -0.587492 -0.020785
v 0.216897 -0.587616 -0.021180
v 0.216903 -0.587670 -0.021590
v 0.216901 -0.587653 -0.022004
v 0.216890 -0.587565 -0.022408
v 0.216871 -0.587408 -0.022791
v 0.216844 -0.587188 -0.023140
v 0.216810 -0.586911 -0.023446
v 0.213829 -0.587246 -0.024162
v 0.213878 -0.587646 -0.023851
v 0.213920 -0.587988 -0.023474
v 0.213953 -0.588259 -0.023044
v 0.213977 -0.588451 -0.022572
v 0.213990 -0.588560 -0.022074
v 0.213993 -0.588581 -0.021565
v 0.213984 -0.588514 -0.021060
v 0.213966 -0.588361 -0.020574
v 0.213937 -0.588127 -0.020122
v 0.213899 -0.587818 -0.019718
v 0.213853 -0.587444 -0.019374
v 0.213800 -0.587017 -0.019101
v 0.213743 -0.586549 -0.018907
v 0.213682 -0.586055 -0.018797
v 0.213620 -0.585549 -0.018776
v 0.213559 -0.585047 -0.018844
v 0.213499 -0.584565 -0.018998
v 0.213444 -0.584117 -0.019234
v 0.216806 -0.586880 -0.024162
v 0.216855 -0.587281 -0.023851
v 0.216897 -0.587622 -0.023474
v 0.216931 -0.587893 -0.023044
v 0.216954 -0.588086 -0.022572
v 0.216968 -0.588194 -0.022074
v 0.216970 -0.588216 -0.021565
v 0.216962 -0.588149 -0.021060
v 0.216943 -0.587996 -0.020574
v 0.216914 -0.587761 -0.020122
v 0.216876 -0.587452 -0.019718
v 0.216831 -0.587078 -0.019374
v 0.216778 -0.586651 -0.019101
v 0.216721 -0.586183 -0.018907
v 0.216660 -0.585689 -0.018797
v 0.216598 -0.585183 -0.018776
v 0.216536 -0.584682 -0.018844
v 0.216477 -0.584199 -0.018998
v 0.216422 -0.583751 -0.019234
f 4 21 3
f 4 22 21
f 5 23 22
f 5 22 4
f 6 24 23
f 6 23 5
f 7 25 24
f 7 24 6
f 8 26 25
f 8 27 26
f 8 25 7
f 9 28 27
f 9 27 8
f 10 28 9
f 11 29 28
f 11 28 10
f 12 30 29
f 12 29 11
f 13 31 30
f 13 32 31
f 13 30 12
f 14 32 13
f 15 33 32
f 15 32 14
f 16 34 33
f 16 33 15
f 17 35 34
f 17 34 16
f 18 35 17
f 18 36 35
f 19 36 18
f 19 37 36
f 20 37 19
f 20 38 37
f 2 38 20
f 2 1 38
f 42 59 41
f 42 60 59
f 43 61 60
f 43 60 42
f 44 62 61
f 44 61 43
f 45 63 62
f 45 62 44
f 46 64 63
f 46 65 64
f 46 63 45
f 47 66 65
f 47 65 46
f 48 66 47
f 49 67 66
f 49 66 48
f 50 68 67
f 50 67 49
f 51 69 68
f 51 70 69
f 51 68 50
f 52 70 51
f 53 71 70
f 53 70 52
f 54 72 71
f 54 71 53
f 55 73 72
f 55 72 54
f 56 73 55
f 56 74 73
f 57 74 56
f 57 75 74
f 58 75 57
f 58 76 75
f 40 76 58
f 40 39 76
f 80 97 79
f 80 98 97
f 81 99 98
f 81 98 80
f 82 100 99
f 82 99 81
f 83 101 100
f 83 100 82
f 84 102 101
f 84 103 102
f 84 101 83
f 85 104 103
f 85 103 84
f 86 104 85
f 87 105 104
f 87 104 86
f 88 106 105
f 88 105 87
f 89 107 106
f 89 108 107
f 89 106 88
f 90 108 89
f 91 109 108
f 91 108 90
f 92 110 109
f 92 109 91
f 93 111 110
f 93 110 92
f 94 111 93
f 94 112 111
f 95 112 94
f 95 113 112
f 96 113 95
f 96 114 113
f 78 114 96
f 78 77 114
f 118 135 117
f 118 136 135
f 119 137 136
f 119 136 118
f 120 138 137
f 120 137 119
f 121 139 138
f 121 138 120
f 122 140 139
f 122 141 140
f 122 139 121
f 123 142 141
f 123 141 122
f 124 142 123
f 125 143 142
f 125 142 124
f 126 144 143
f 126 143 125
f 127 145 144
f 127 146 145
f 127 144 126
f 128 146 127
f 129 147 146
f 129 146 128
f 130 148 147
f 130 147 129
f 131 149 148
f 131 148 130
f 132 149 131
f 132 150 149
f 133 150 132
f 133 151 150
f 134 151 133
f 134 152 151
f 116 152 134
f 116 115 152
f 156 173 155
f 156 174 173
f 157 175 174
f 157 174 156
f 158 176 175
f 158 175 157
f 159 177 176
f 159 176 158
f 160 178 177
f 160 179 178
f 160 177 159
f 161 180 179
f 161 179 160
f 162 180 161
f 163 181 180
f 163 180 162
f 164 182 181
f 164 181 163
f 165 183 182
f 165 184 183
f 165 182 164
f 166 184 165
f 167 185 184
f 167 184 166
f 168 186 185
f 168 185 167
f 169 187 186
f 169 186 168
f 170 187 169
f 170 188 187
f 171 188 170
f 171 189 188
f 172 189 171
f 172 190 189
f 154 190 172
f 154 153 190
f 194 211 193
f 194 212 211
f 195 213 212
f 195 212 194
f 196 214 213
f 196 213 195
f 197 215 214
f 197 214 196
f 198 216 215
f 198 217 216
f 198 215 197
f 199 218 217
f 199 217 198
f 200 218 199
f 201 219 218
f 201 218 200
f 202 220 219
f 202 219 201
f 203 221 220
f 203 222 221
f 203 220 202
f 204 222 203
f 205 223 222
f 205 222 204
f 206 224 223
f 206 223 205
f 207 225 224
f 207 224 206
f 208 225 207
f 208 226 225
f 209 226 208
f 209 227 226
f 210 227 209
f 210 228 227
f 192 228 210
f 192 191 228
f 232 249 231
f 232 250 249
f 233 251 250
f 233 250 232
f 234 252 251
f 234 251 233
f 235 253 252
f 235 254 253
f 235 252 234
f 236 254 235
f 237 255 254
f 237 254 236
f 238 256 255
f 238 255 237
f 239 257 256
f 239 256 238
f 240 258 257
f 240 257 239
f 241 259 258
f 241 258 240
f 242 260 259
f 242 261 260
f 242 259 241
f 243 261 242
f 244 262 261
f 244 261 243
f 245 263 262
f 245 262 244
f 246 263 245
f 246 264 263
f 247 264 246
f 247 265 264
f 248 265 247
f 248 266 265
f 230 266 248
f 230 229 266
f 270 287 269
f 270 288 287
f 271 289 288
f 271 288 270
f 272 290 289
f 272 289 271
f 273 291 290
f 273 292 291
f 273 290 272
f 274 292 273
f 275 293 292
f 275 292 274
f 276 294 293
f 276 293 275
f 277 295 294
f 277 294 276
f 278 296 295
f 278 295 277
f 279 297 296
f 279 296 278
f 280 298 297
f 280 299 298
f 280 297 279
f 281 299 280
f 282 300 299
f 282 299 281
f 283 301 300
f 283 300 282
f 284 301 283
f 284 302 301
f 285 302 284
f 285 303 302
f 286 303 285
f 286 304 303
f 268 304 286
f 268 267 304
f 308 325 307
f 308 326 325
f 309 327 326
f 309 326 308
f 310 328 327
f 310 327 309
f 311 329 328
f 311 330 329
f 311 328 310
f 312 330 311
f 313 331 330
f 313 330 312
f 314 332 331
f 314 331 313
f 315 333 332
f 315 332 314
f 316 334 333
f 316 333 315
f 317 335 334
f 317 334 316
f 318 336 335
f 318 337 336
f 318 335 317
f 319 337 318
f 320 338 337
f 320 337 319
f 321 339 338
f 321 338 320
f 322 339 321
f 322 340 339
f 323 340 322
f 323 341 340
f 324 341 323
f 324 342 341
f 306 342 324
f 306 305 342
f 346 363 345
f 346 364 363
f 347 365 364
f 347 364 346
f 348 366 365
f 348 365 347
f 349 367 366
f 349 368 367
f 349 366 348
f 350 368 349
f 351 369 368
f 351 368 350
f 352 370 369
f 352 369 351
f 353 371 370
f 353 370 352
f 354 372 371
f 354 371 353
f 355 373 372
f 355 372 354
f 356 374 373
f 356 375 374
f 356 373 355
f 357 375 356
f 358 376 375
f 358 375 357
f 359 377 376
f 359 376 358
f 360 377 359
f 360 378 377
f 361 378 360
f 361 379 378
f 362 379 361
f 362 380 379
f 344 380 362
f 344 343 380
f 384 401 383
f 384 402 401
f 385 403 402
f 385 402 384
f 386 404 403
f 386 403 385
f 387 405 404
f 387 406 405
f 387 404 386
f 388 406 387
f 389 407 406
f 389 406 388
f 390 408 407
f 390 407 389
f 391 409 408
f 391 408 390
f 392 410 409
f 392 409 391
f 393 411 410
f 393 410 392
f 394 412 411
f 394 413 412
f 394 411 393
f 395 413 394
f 396 414 413
f 396 413 395
f 397 415 414
f 397 414 396
f 398 415 397
f 398 416 415
f 399 416 398
f 399 417 416
f 400 417 399
f 400 418 417
f 382 418 400
f 382 381 418
f 422 439 421
f 422 440 439
f 423 441 440
f 423 440 422
f 424 442 441
f 424 441 423
f 425 443 442
f 425 444 443
f 425 442 424
f 426 444 425
f 427 445 444
f 427 444 426
f 428 446 445
f 428 445 427
f 429 447 446
f 429 446 428
f 430 448 447
f 430 447 429
f 431 449 448
f 431 448 430
f 432 450 449
f 432 451 450
f 432 449 431
f 433 451 432
f 434 452 451
f 434 451 433
f 435 453 452
f 435 452 434
f 436 453 435
f 436 454 453
f 437 454 436
f 437 455 454
f 438 455 437
f 438 456 455
f 420 456 438
f 420 419 456
f 475 477 476
f 475 494 477
f 474 493 494
f 474 494 475
f 473 491 492
f 473 492 493
f 473 493 474
f 472 491 473
f 471 490 491
f 471 491 472
f 470 488 489
f 470 489 490
f 470 490 471
f 469 488 470
f 468 486 487
f 468 487 488
f 468 488 469
f 467 486 468
f 466 485 486
f 466 486 467
f 465 484 485
f 465 485 466
f 464 483 484
f 464 484 465
f 463 481 482
f 463 482 483
f 463 483 464
f 462 481 463
f 461 481 462
f 461 480 481
f 460 480 461
f 460 479 480
f 459 479 460
f 459 478 479
f 458 478 459
f 458 457 478
f 514 532 515
f 513 532 514
f 512 531 532
f 512 532 513
f 511 529 530
f 511 530 531
f 511 531 512
f 510 529 511
f 509 527 528
f 509 528 529
f 509 529 510
f 508 527 509
f 507 525 526
f 507 526 527
f 507 527 508
f 506 525 507
f 505 524 525
f 505 525 506
f 504 523 524
f 504 524 505
f 503 521 522
f 503 522 523
f 503 523 504
f 502 521 503
f 501 520 521
f 501 521 502
f 500 519 520
f 500 520 501
f 499 519 500
f 499 517 518
f 499 518 519
f 498 517 499
f 497 517 498
f 497 516 517
f 496 516 497
f 496 495 516
f 556 557 572
f 555 572 571
f 555 556 572
f 554 571 570
f 554 555 571
f 553 570 569
f 553 554 570
f 552 569 568
f 552 553 569
f 551 568 567
f 551 552 568
f 550 567 566
f 550 551 567
f 549 566 565
f 549 550 566
f 548 565 564
f 548 549 565
f 547 564 563
f 547 548 564
f 546 563 562
f 546 547 563
f 545 562 561
f 545 546 562
f 544 561 560
f 544 545 561
f 543 560 559
f 543 544 560
f 542 543 559
f 537 542 559
f 537 559 558
f 541 542 537
f 541 537 536
f 540 536 535
f 540 541 536
f 539 535 534
f 539 540 535
f 538 534 533
f 538 539 534
f 576 593 575
f 576 594 593
f 577 595 594
f 577 594 576
f 578 596 595
f 578 595 577
f 579 597 596
f 579 596 578
f 580 598 597
f 580 597 579
f 581 599 598
f 581 598 580
f 582 600 599
f 582 599 581
f 583 601 600
f 583 600 582
f 584 602 601
f 584 601 583
f 585 603 602
f 585 602 584
f 586 604 603
f 586 603 585
f 587 605 604
f 587 604 586
f 588 606 605
f 588 605 587
f 589 607 606
f 589 606 588
f 590 607 589
f 590 608 607
f 591 608 590
f 591 609 608
f 591 610 609
f 592 610 591
f 574 610 592
f 574 573 610
f 614 631 613
f 614 632 631
f 615 633 632
f 615 632 614
f 616 634 633
f 616 633 615
f 617 635 634
f 617 634 616
f 618 636 635
f 618 635 617
f 619 637 636
f 619 636 618
f 620 638 637
f 620 637 619
f 621 639 638
f 621 638 620
f 622 640 639
f 622 639 621
f 623 641 640
f 623 640 622
f 624 642 641
f 624 641 623
f 625 643 642
f 625 642 624
f 626 644 643
f 626 643 625
f 627 645 644
f 627 644 626
f 628 645 627
f 628 646 645
f 629 646 628
f 629 647 646
f 629 648 647
f 630 648 629
f 612 648 630
f 612 611 648
f 652 669 651
f 652 670 669
f 653 671 670
f 653 670 652
f 654 672 671
f 654 671 653
f 655 673 672
f 655 672 654
f 656 674 673
f 656 673 655
f 657 675 674
f 657 674 656
f 658 676 675
f 658 675 657
f 659 677 676
f 659 676 658
f 660 678 677
f 660 677 659
f 661 679 678
f 661 678 660
f 662 680 679
f 662 679 661
f 663 681 680
f 663 680 662
f 664 682 681
f 664 681 663
f 665 683 682
f 665 682 664
f 666 683 665
f 666 684 683
f 667 684 666
f 667 685 684
f 667 686 685
f 668 686 667
f 650 686 668
f 650 649 686
f 690 707 689
f 690 708 707
f 691 709 708
f 691 708 690
f 692 710 709
f 692 709 691
f 693 711 710
f 693 710 692
f 694 712 711
f 694 711 693
f 695 713 712
f 695 712 694
f 696 714 713
f 696 713 695
f 697 715 714
f 697 714 696
f 698 716 715
f 698 715 697
f 699 717 716
f 699 718 717
f 699 716 698
f 700 719 718
f 700 718 699
f 701 720 719
f 701 719 700
f 702 721 720
f 702 720 701
f 703 721 702
f 704 721 703
f 704 722 721
f 705 722 704
f 705 723 722
f 705 724 723
f 706 724 705
f 688 724 706
f 688 687 724
f 728 745 727
f 728 746 745
f 729 747 746
f 729 746 728
f 730 748 747
f 730 747 729
f 731 749 748
f 731 748 730
f 732 750 749
f 732 749 731
f 733 751 750
f 733 750 732
f 734 752 751
f 734 751 733
f 735 753 752
f 735 752 734
f 736 754 753
f 736 753 735
f 737 755 754
f 737 756 755
f 737 754 736
f 738 757 756
f 738 756 737
f 739 758 757
f 739 757 738
f 740 759 758
f 740 758 739
f 741 759 740
f 742 759 741
f 742 760 759
f 743 760 742
f 743 761 760
f 743 762 761
f 744 762 743
f 726 762 744
f 726 725 762
f 766 783 765
f 766 784 783
f 767 785 784
f 767 784 766
f 768 786 785
f 768 785 767
f 769 787 786
f 769 786 768
f 770 788 787
f 770 787 769
f 771 789 788
f 771 788 770
f 772 790 789
f 772 789 771
f 773 791 790
f 773 790 772
f 774 792 791
f 774 791 773
f 775 793 792
f 775 792 774
f 776 794 793
f 776 793 775
f 777 795 794
f 777 794 776
f 778 796 795
f 778 795 777
f 779 797 796
f 779 796 778
f 780 797 779
f 780 798 797
f 781 798 780
f 781 799 798
f 781 800 799
f 782 800 781
f 764 800 782
f 764 763 800
f 820 822 821
f 819 823 822
f 819 822 820
f 818 824 823
f 818 823 819
f 817 825 824
f 817 824 818
f 816 826 825
f 816 825 817
f 815 827 826
f 815 826 816
f 814 828 827
f 814 827 815
f 813 828 814
f 812 829 828
f 812 830 829
f 812 828 813
f 811 831 830
f 811 830 812
f 810 831 811
f 809 832 831
f 809 833 832
f 809 831 810
f 808 834 833
f 808 833 809
f 807 835 834
f 807 834 808
f 806 835 807
f 805 835 806
f 805 836 835
f 805 837 836
f 804 837 805
f 804 838 837
f 803 838 804
f 803 801 838
f 802 801 803
f 858 860 859
f 857 861 860
f 857 860 858
f 856 862 861
f 856 861 857
f 855 863 862
f 855 862 856
f 854 864 863
f 854 863 855
f 853 865 864
f 853 864 854
f 852 866 865
f 852 865 853
f 851 866 852
f 850 867 866
f 850 868 867
f 850 866 851
f 849 869 868
f 849 868 850
f 848 869 849
f 847 870 869
f 847 871 870
f 847 869 848
f 846 872 871
f 846 871 847
f 845 873 872
f 845 872 846
f 844 873 845
f 843 873 844
f 843 874 873
f 843 875 874
f 842 875 843
f 842 876 875
f 841 876 842
f 841 839 876
f 840 839 841
f 896 898 897
f 895 899 898
f 895 898 896
f 894 900 899
f 894 899 895
f 893 901 900
f 893 900 894
f 892 902 901
f 892 901 893
f 891 903 902
f 891 902 892
f 890 904 903
f 890 903 891
f 889 904 890
f 888 905 904
f 888 906 905
f 888 904 889
f 887 907 906
f 887 906 888
f 886 907 887
f 885 908 907
f 885 909 908
f 885 907 886
f 884 910 909
f 884 909 885
f 883 911 910
f 883 910 884
f 882 911 883
f 881 911 882
f 881 912 911
f 881 913 912
f 880 913 881
f 880 914 913
f 879 914 880
f 879 877 914
f 878 877 879
f 934 936 935
f 933 937 936
f 933 936 934
f 932 938 937
f 932 937 933
f 931 939 938
f 931 938 932
f 930 940 939
f 930 939 931
f 929 941 940
f 929 940 930
f 928 942 941
f 928 941 929
f 927 942 928
f 926 943 942
f 926 944 943
f 926 942 927
f 925 945 944
f 925 944 926
f 924 945 925
f 923 946 945
f 923 947 946
f 923 945 924
f 922 948 947
f 922 947 923
f 921 949 948
f 921 948 922
f 920 949 921
f 919 949 920
f 919 950 949
f 919 951 950
f 918 951 919
f 918 952 951
f 917 952 918
f 917 915 952
f 916 915 917
f 972 974 973
f 971 975 974
f 971 974 972
f 970 976 975
f 970 975 971
f 969 977 976
f 969 976 970
f 968 978 977
f 968 977 969
f 967 979 978
f 967 978 968
f 966 980 979
f 966 979 967
f 965 980 966
f 964 981 980
f 964 982 981
f 964 980 965
f 963 983 982
f 963 982 964
f 962 983 963
f 961 984 983
f 961 985 984
f 961 983 962
f 960 986 985
f 960 985 961
f 959 987 986
f 959 986 960
f 958 987 959
f 957 987 958
f 957 988 987
f 957 989 988
f 956 989 957
f 956 990 989
f 955 990 956
f 955 953 990
f 954 953 955
f 1010 1012 1011
f 1009 1013 1012
f 1009 1012 1010
f 1008 1014 1013
f 1008 1013 1009
f 1007 1015 1014
f 1007 1014 1008
f 1006 1016 1015
f 1006 1015 1007
f 1005 1017 1016
f 1005 1016 1006
f 1004 1018 1017
f 1004 1017 1005
f 1003 1018 1004
f 1002 1019 1018
f 1002 1020 1019
f 1002 1018 1003
f 1001 1021 1020
f 1001 1020 1002
f 1000 1021 1001
f 999 1022 1021
f 999 1023 1022
f 999 1021 1000
f 998 1024 1023
f 998 1023 999
f 997 1025 1024
f 997 1024 998
f 996 1025 997
f 995 1025 996
f 995 1026 1025
f 995 1027 1026
f 994 1027 995
f 994 1028 1027
f 993 1028 994
f 993 991 1028
f 992 991 993
f 1030 1040 1029
f 1030 1041 1040
f 1031 1042 1041
f 1031 1041 1030
f 1032 1043 1042
f 1032 1042 1031
f 1033 1044 1043
f 1033 1043 1032
f 1034 1045 1044
f 1034 1044 1033
f 1035 1046 1045
f 1035 1045 1034
f 1036 1047 1046
f 1036 1046 1035
f 1037 1048 1047
f 1037 1047 1036
f 1050 1049 1068
f 1038 1048 1037
f 1067 1050 1068
f 1069 1049 1048
f 1069 1068 1049
f 1069 1048 1038
f 1051 1050 1067
f 1039 1069 1038
f 1066 1051 1067
f 1052 1051 1066
f 1065 1052 1066
f 1053 1052 1065
f 1064 1053 1065
f 1054 1053 1064
f 1063 1054 1064
f 1055 1054 1063
f 1062 1055 1063
f 1056 1055 1062
f 1061 1056 1062
f 1057 1056 1061
f 1060 1057 1061
f 1058 1057 1060
f 1059 1058 1060
f 1077 1094 1076
f 1077 1095 1094
f 1078 1096 1095
f 1078 1095 1077
f 1079 1097 1096
f 1079 1096 1078
f 1080 1098 1097
f 1080 1097 1079
f 1081 1099 1098
f 1081 1098 1080
f 1082 1100 1099
f 1082 1099 1081
f 1083 1101 1100
f 1083 1100 1082
f 1084 1102 1101
f 1084 1101 1083
f 1085 1103 1102
f 1085 1102 1084
f 1086 1104 1103
f 1086 1103 1085
f 1087 1105 1104
f 1087 1104 1086
f 1088 1106 1105
f 1088 1105 1087
f 1089 1107 1106
f 1089 1106 1088
f 1090 1107 1089
f 1090 1108 1107
f 1091 1108 1090
f 1091 1109 1108
f 1092 1109 1091
f 1092 1110 1109
f 1074 1070 1111
f 1073 1070 1074
f 1072 1070 1073
f 1071 1070 1072
f 1093 1110 1092
f 1093 1074 1111
f 1093 1111 1110
f 1075 1074 1093
f 1131 1133 1132
f 1130 1134 1133
f 1130 1133 1131
f 1129 1135 1134
f 1129 1134 1130
f 1128 1136 1135
f 1128 1135 1129
f 1127 1137 1136
f 1127 1136 1128
f 1126 1138 1137
f 1126 1137 1127
f 1125 1139 1138
f 1125 1138 1126
f 1124 1140 1139
f 1124 1139 1125
f 1123 1141 1140
f 1123 1140 1124
f 1122 1142 1141
f 1122 1141 1123
f 1121 1143 1142
f 1121 1142 1122
f 1120 1144 1143
f 1120 1143 1121
f 1119 1145 1144
f 1119 1144 1120
f 1118 1146 1145
f 1118 1145 1119
f 1117 1147 1146
f 1117 1146 1118
f 1116 1147 1117
f 1115 1147 1116
f 1115 1148 1147
f 1115 1149 1148
f 1114 1149 1115
f 1114 1112 1149
f 1113 1112 1114
f 1169 1171 1170
f 1168 1172 1171
f 1168 1171 1169
f 1167 1173 1172
f 1167 1172 1168
f 1166 1174 1173
f 1166 1173 1167
f 1165 1175 1174
f 1165 1174 1166
f 1164 1176 1175
f 1164 1175 1165
f 1163 1177 1176
f 1163 1176 1164
f 1162 1178 1177
f 1162 1177 1163
f 1161 1179 1178
f 1161 1178 1162
f 1160 1180 1179
f 1160 1179 1161
f 1159 1181 1180
f 1159 1180 1160
f 1158 1182 1181
f 1158 1181 1159
f 1157 1183 1182
f 1157 1182 1158
f 1156 1184 1183
f 1156 1183 1157
f 1155 1185 1184
f 1155 1184 1156
f 1154 1185 1155
f 1153 1185 1154
f 1153 1186 1185
f 1153 1187 1186
f 1152 1187 1153
f 1152 1150 1187
f 1151 1150 1152
f 1207 1209 1208
f 1206 1210 1209
f 1206 1209 1207
f 1205 1211 1210
f 1205 1210 1206
f 1204 1212 1211
f 1204 1211 1205
f 1203 1213 1212
f 1203 1212 1204
f 1202 1214 1213
f 1202 1213 1203
f 1201 1215 1214
f 1201 1214 1202
f 1200 1216 1215
f 1200 1215 1201
f 1199 1217 1216
f 1199 1216 1200
f 1198 1218 1217
f 1198 1217 1199
f 1197 1219 1218
f 1197 1218 1198
f 1196 1220 1219
f 1196 1219 1197
f 1195 1221 1220
f 1195 1220 1196
f 1194 1222 1221
f 1194 1221 1195
f 1193 1223 1222
f 1193 1222 1194
f 1192 1223 1193
f 1191 1223 1192
f 1191 1224 1223
f 1191 1225 1224
f 1190 1225 1191
f 1190 1188 1225
f 1189 1188 1190
f 1245 1247 1246
f 1244 1248 1247
f 1244 1247 1245
f 1243 1249 1248
f 1243 1248 1244
f 1242 1250 1249
f 1242 1249 1243
f 1241 1251 1250
f 1241 1250 1242
f 1240 1252 1251
f 1240 1251 1241
f 1239 1253 1252
f 1239 1252 1240
f 1238 1254 1253
f 1238 1253 1239
f 1237 1255 1254
f 1237 1254 1238
f 1236 1256 1255
f 1236 1255 1237
f 1235 1257 1256
f 1235 1256 1236
f 1234 1258 1257
f 1234 1257 1235
f 1233 1259 1258
f 1233 1258 1234
f 1232 1260 1259
f 1232 1259 1233
f 1231 1261 1260
f 1231 1260 1232
f 1230 1261 1231
f 1229 1261 1230
f 1229 1262 1261
f 1229 1263 1262
f 1228 1263 1229
f 1228 1226 1263
f 1227 1226 1228
f 1283 1285 1284
f 1282 1286 1285
f 1282 1285 1283
f 1281 1287 1286
f 1281 1286 1282
f 1280 1288 1287
f 1280 1287 1281
f 1279 1289 1288
f 1279 1288 1280
f 1278 1290 1289
f 1278 1289 1279
f 1277 1291 1290
f 1277 1290 1278
f 1276 1292 1291
f 1276 1291 1277
f 1275 1293 1292
f 1275 1292 1276
f 1274 1294 1293
f 1274 1293 1275
f 1273 1295 1294
f 1273 1294 1274
f 1272 1296 1295
f 1272 1295 1273
f 1271 1297 1296
f 1271 1296 1272
f 1270 1298 1297
f 1270 1297 1271
f 1269 1299 1298
f 1269 1298 1270
f 1268 1299 1269
f 1267 1299 1268
f 1267 1300 1299
f 1267 1301 1300
f 1266 1301 1267
f 1266 1264 1301
f 1265 1264 1266
f 1321 1323 1322
f 1320 1324 1323
f 1320 1323 1321
f 1319 1325 1324
f 1319 1324 1320
f 1318 1326 1325
f 1318 1325 1319
f 1317 1327 1326
f 1317 1326 1318
f 1316 1328 1327
f 1316 1327 1317
f 1315 1329 1328
f 1315 1328 1316
f 1314 1330 1329
f 1314 1329 1315
f 1313 1331 1330
f 1313 1330 1314
f 1312 1332 1331
f 1312 1331 1313
f 1311 1333 1332
f 1311 1332 1312
f 1310 1334 1333
f 1310 1333 1311
f 1309 1335 1334
f 1309 1334 1310
f 1308 1336 1335
f 1308 1335 1309
f 1307 1337 1336
f 1307 1336 1308
f 1306 1337 1307
f 1305 1337 1306
f 1305 1338 1337
f 1305 1339 1338
f 1304 1339 1305
f 1304 1302 1339
f 1303 1302 1304
f 1358 1360 1359
f 1357 1361 1360
f 1357 1360 1358
f 1356 1362 1361
f 1356 1361 1357
f 1355 1363 1362
f 1355 1362 1356
f 1354 1364 1363
f 1354 1363 1355
f 1353 1365 1364
f 1353 1364 1354
f 1352 1366 1365
f 1352 1365 1353
f 1351 1367 1366
f 1351 1366 1352
f 1350 1368 1367
f 1350 1367 1351
f 1349 1369 1368
f 1349 1368 1350
f 1348 1369 1349
f 1347 1370 1369
f 1347 1371 1370
f 1347 1369 1348
f 1346 1372 1371
f 1346 1371 1347
f 1345 1373 1372
f 1345 1372 1346
f 1344 1373 1345
f 1343 1373 1344
f 1343 1374 1373
f 1342 1374 1343
f 1342 1375 1374
f 1341 1375 1342
f 1341 1376 1375
f 1341 1377 1376
f 1340 1377 1341
f 1396 1398 1397
f 1395 1399 1398
f 1395 1398 1396
f 1394 1400 1399
f 1394 1399 1395
f 1393 1401 1400
f 1393 1400 1394
f 1392 1402 1401
f 1392 1401 1393
f 1391 1403 1402
f 1391 1402 1392
f 1390 1404 1403
f 1390 1403 1391
f 1389 1405 1404
f 1389 1404 1390
f 1388 1406 1405
f 1388 1405 1389
f 1387 1406 1388
f 1386 1407 1406
f 1386 1408 1407
f 1386 1406 1387
f 1385 1409 1408
f 1385 1408 1386
f 1384 1410 1409
f 1384 1409 1385
f 1383 1410 1384
f 1382 1411 1410
f 1382 1412 1411
f 1382 1410 1383
f 1381 1412 1382
f 1380 1412 1381
f 1380 1413 1412
f 1379 1413 1380
f 1379 1414 1413
f 1379 1415 1414
f 1378 1415 1379
f 1434 1436 1435
f 1433 1437 1436
f 1433 1436 1434
f 1432 1438 1437
f 1432 1437 1433
f 1431 1439 1438
f 1431 1438 1432
f 1430 1440 1439
f 1430 1439 1431
f 1429 1441 1440
f 1429 1440 1430
f 1428 1442 1441
f 1428 1441 1429
f 1427 1443 1442
f 1427 1442 1428
f 1426 1444 1443
f 1426 1443 1427
f 1425 1444 1426
f 1424 1445 1444
f 1424 1446 1445
f 1424 1444 1425
f 1423 1447 1446
f 1423 1446 1424
f 1422 1448 1447
f 1422 1447 1423
f 1421 1448 1422
f 1420 1449 1448
f 1420 1450 1449
f 1420 1448 1421
f 1419 1450 1420
f 1418 1450 1419
f 1418 1451 1450
f 1417 1451 1418
f 1417 1452 1451
f 1417 1453 1452
f 1416 1453 1417
f 1472 1474 1473
f 1471 1475 1474
f 1471 1474 1472
f 1470 1476 1475
f 1470 1475 1471
f 1469 1477 1476
f 1469 1476 1470
f 1468 1478 1477
f 1468 1477 1469
f 1467 1479 1478
f 1467 1478 1468
f 1466 1480 1479
f 1466 1479 1467
f 1465 1481 1480
f 1465 1480 1466
f 1464 1482 1481
f 1464 1481 1465
f 1463 1482 1464
f 1462 1483 1482
f 1462 1484 1483
f 1462 1482 1463
f 1461 1485 1484
f 1461 1484 1462
f 1460 1486 1485
f 1460 1485 1461
f 1459 1486 1460
f 1458 1487 1486
f 1458 1488 1487
f 1458 1486 1459
f 1457 1488 1458
f 1456 1488 1457
f 1456 1489 1488
f 1455 1489 1456
f 1455 1490 1489
f 1455 1491 1490
f 1454 1491 1455
f 1510 1512 1511
f 1509 1513 1512
f 1509 1512 1510
f 1508 1514 1513
f 1508 1513 1509
f 1507 1515 1514
f 1507 1514 1508
f 1506 1516 1515
f 1506 1515 1507
f 1505 1517 1516
f 1505 1516 1506
f 1504 1518 1517
f 1504 1517 1505
f 1503 1519 1518
f 1503 1518 1504
f 1502 1520 1519
f 1502 1519 1503
f 1501 1521 1520
f 1501 1520 1502
f 1500 1521 1501
f 1499 1522 1521
f 1499 1523 1522
f 1499 1521 1500
f 1498 1524 1523
f 1498 1523 1499
f 1497 1525 1524
f 1497 1524 1498
f 1496 1525 1497
f 1495 1525 1496
f 1495 1526 1525
f 1494 1526 1495
f 1494 1527 1526
f 1493 1527 1494
f 1493 1528 1527
f 1493 1529 1528
f 1492 1529 1493
f 1548 1550 1549
f 1547 1551 1550
f 1547 1550 1548
f 1546 1552 1551
f 1546 1551 1547
f 1545 1553 1552
f 1545 1552 1546
f 1544 1554 1553
f 1544 1553 1545
f 1543 1555 1554
f 1543 1554 1544
f 1542 1556 1555
f 1542 1555 1543
f 1541 1557 1556
f 1541 1556 1542
f 1540 1558 1557
f 1540 1557 1541
f 1539 1558 1540
f 1538 1559 1558
f 1538 1560 1559
f 1538 1558 1539
f 1537 1561 1560
f 1537 1560 1538
f 1536 1562 1561
f 1536 1561 1537
f 1535 1562 1536
f 1534 1563 1562
f 1534 1564 1563
f 1534 1562 1535
f 1533 1564 1534
f 1532 1564 1533
f 1532 1565 1564
f 1531 1565 1532
f 1531 1566 1565
f 1531 1567 1566
f 1530 1567 1531
f 1579 1581 1580
f 1579 1582 1581
f 1578 1583 1582
f 1578 1582 1579
f 1577 1584 1583
f 1577 1583 1578
f 1576 1584 1577
f 1585 1584 1576
f 1575 1585 1576
f 1586 1585 1575
f 1574 1586 1575
f 1587 1586 1574
f 1573 1587 1574
f 1588 1587 1573
f 1572 1588 1573
f 1589 1588 1572
f 1571 1589 1572
f 1590 1589 1571
f 1570 1590 1571
f 1591 1590 1570
f 1568 1591 1570
f 1592 1591 1568
f 1569 1592 1568
f 1602 1593 1592
f 1602 1569 1601
f 1602 1592 1569
f 1603 1594 1593
f 1603 1593 1602
f 1604 1594 1603
f 1604 1595 1594
f 1605 1595 1604
f 1605 1596 1595
f 1606 1596 1605
f 1606 1597 1596
f 1607 1597 1606
f 1607 1598 1597
f 1608 1598 1607
f 1608 1599 1598
f 1600 1599 1608
f 1628 1630 1629
f 1628 1631 1630
f 1627 1632 1631
f 1627 1631 1628
f 1626 1633 1632
f 1626 1632 1627
f 1625 1633 1626
f 1634 1633 1625
f 1610 1625 1609
f 1610 1635 1634
f 1610 1634 1625
f 1611 1636 1635
f 1611 1635 1610
f 1612 1637 1636
f 1612 1636 1611
f 1613 1638 1637
f 1613 1637 1612
f 1614 1639 1638
f 1614 1638 1613
f 1615 1640 1639
f 1615 1639 1614
f 1616 1641 1640
f 1616 1640 1615
f 1617 1642 1641
f 1617 1641 1616
f 1618 1643 1642
f 1618 1642 1617
f 1619 1643 1618
f 1619 1644 1643
f 1620 1644 1619
f 1620 1645 1644
f 1621 1645 1620
f 1621 1646 1645
f 1622 1646 1621
f 1622 1647 1646
f 1623 1647 1622
f 1623 1648 1647
f 1624 1648 1623
f 1760 1693 1761
f 1762 1693 1694
f 1762 1761 1693
f 1759 1693 1760
f 1763 1762 1694
f 1758 1693 1759
f 1764 1763 1694
f 1757 1693 1758
f 1765 1764 1694
f 1756 1693 1757
f 1766 1765 1694
f 1755 1692 1693
f 1755 1693 1756
f 1767 1766 1694
f 1754 1692 1755
f 1768 1767 1694
f 1753 1692 1754
f 1769 1768 1694
f 1752 1692 1753
f 1751 1692 1752
f 1750 1692 1751
f 1749 1692 1750
f 2157 2156 1695
f 2155 1695 2156
f 2158 2157 1695
f 2159 2158 1695
f 2159 1695 1696
f 2154 1695 2155
f 1797 1796 1697
f 1795 1697 1796
f 1798 1797 1697
f 1798 1697 1698
f 1748 1692 1749
f 2160 2159 1696
f 2153 1695 2154
f 2153 1694 1695
f 1799 1798 1698
f 1794 1697 1795
f 2161 2160 1696
f 2152 1694 2153
f 1800 1799 1698
f 1793 1697 1794
f 1691 1692 1748
f 2162 2161 1696
f 2151 1694 2152
f 2151 1769 1694
f 1792 1697 1793
f 1801 1800 1698
f 2163 2162 1696
f 2150 1770 1769
f 2150 1769 2151
f 1802 1801 1698
f 1791 1697 1792
f 2164 2163 1696
f 2149 1771 1770
f 2149 1770 2150
f 1803 1802 1698
f 1790 1696 1697
f 1790 1697 1791
f 2148 1772 1771
f 2148 1771 2149
f 1804 1803 1698
f 1789 2165 2164
f 1789 2164 1696
f 1789 1696 1790
f 2147 1773 1772
f 2147 1772 2148
f 1805 1804 1698
f 1788 2165 1789
f 1788 2166 2165
f 1806 1805 1698
f 1787 2166 1788
f 1787 2167 2166
f 1699 1806 1698
f 1699 1807 1806
f 1699 1808 1807
f 1699 1809 1808
f 1774 1809 1699
f 1775 1774 1699
f 2175 2137 2136
f 2175 2138 2137
f 2175 2139 2138
f 2175 2140 2139
f 2175 2141 2140
f 2175 2142 2141
f 2174 1738 1773
f 2174 2142 2175
f 2174 1773 2147
f 2174 1739 1738
f 2174 2143 2142
f 2174 2144 2143
f 2174 2145 2144
f 2174 2146 2145
f 2174 2147 2146
f 2176 2168 2167
f 2176 2169 2168
f 2176 2134 2169
f 2176 2167 1787
f 2176 1787 1786
f 2176 2135 2134
f 2176 2136 2135
f 2176 2175 2136
f 2173 1739 2174
f 2173 1740 1739
f 2173 1741 1740
f 2173 1742 1741
f 2173 1743 1742
f 2177 2176 1786
f 2177 1782 1781
f 2177 1783 1782
f 2177 1784 1783
f 2177 1785 1784
f 2177 1786 1785
f 2172 1743 2173
f 2172 1744 1743
f 2172 1745 1744
f 2172 1746 1745
f 2172 1747 1746
f 2172 1748 1747
f 2178 1778 1777
f 2178 1779 1778
f 2178 2177 1781
f 2178 1780 1779
f 2178 1781 1780
f 2171 1691 1748
f 2171 1748 2172
f 1941 1940 1689
f 1942 1941 1689
f 1942 1689 1690
f 1939 1689 1940
f 2049 2048 1690
f 2050 2049 1690
f 2047 1690 2048
f 1938 1689 1939
f 1943 1942 1690
f 2051 2050 1690
f 2051 1690 1691
f 2046 1690 2047
f 2046 1943 1690
f 1937 1689 1938
f 1944 1943 2046
f 2052 1691 2171
f 2052 2051 1691
f 2045 1944 2046
f 1945 1944 2045
f 1945 2045 2044
f 1936 1689 1937
f 2043 1945 2044
f 1946 1945 2043
f 1935 1689 1936
f 2042 1946 2043
f 1947 1946 2042
f 2179 1776 1775
f 2179 1777 1776
f 2179 1699 1700
f 2179 2178 1777
f 2179 1775 1699
f 2170 2053 2052
f 2170 2054 2053
f 2170 2055 2054
f 2170 2052 2171
f 2056 2055 2170
f 2041 1947 2042
f 1948 1947 2041
f 2057 2056 2170
f 2040 1948 2041
f 1949 1948 2040
f 2058 2057 2170
f 2039 1949 2040
f 1950 1949 2039
f 1950 2039 2038
f 2037 1950 2038
f 1951 1950 2037
f 2036 1951 2037
f 1688 1689 1935
f 1688 1931 1930
f 1688 1932 1931
f 1688 1933 1932
f 1688 1934 1933
f 1688 1935 1934
f 1952 1951 2036
f 1929 1688 1930
f 2035 1952 2036
f 1953 2035 2034
f 1953 1952 2035
f 1928 1688 1929
f 1927 1688 1928
f 1918 1953 2034
f 1918 2034 2033
f 1919 1918 2033
f 1919 2033 2032
f 2084 1700 2085
f 2083 1700 2084
f 2086 1700 1701
f 2086 2085 1700
f 2205 2059 2058
f 2205 2060 2059
f 2205 2061 2060
f 2205 2026 2061
f 2205 2027 2026
f 2205 2028 2027
f 2205 2058 2170
f 2082 2180 2179
f 2082 1700 2083
f 2082 2179 1700
f 2087 2086 1701
f 2088 2087 1701
f 2081 2180 2082
f 2080 2180 2081
f 2089 2088 1701
f 2090 2089 1701
f 2079 2180 2080
f 2091 2090 1701
f 2078 2180 2079
f 2092 2091 1701
f 2077 2180 2078
f 2076 2180 2077
f 1832 2092 1701
f 1833 1832 1701
f 1831 2093 2092
f 1831 2092 1832
f 1834 1833 1701
f 1834 1701 1702
f 1835 1834 1702
f 1830 2093 1831
f 1830 2094 2093
f 2181 2071 2070
f 2181 2072 2071
f 2181 2073 2072
f 2181 2074 2073
f 2181 2075 2074
f 2181 2076 2075
f 2181 2180 2076
f 2204 1919 2032
f 2204 1920 1919
f 2204 1921 1920
f 2204 2029 2028
f 2204 2030 2029
f 2204 2031 2030
f 2204 2032 2031
f 2204 2028 2205
f 1829 2094 1830
f 1829 2095 2094
f 1836 1835 1702
f 1828 2095 1829
f 1828 2096 2095
f 1828 2097 2096
f 1837 1836 1702
f 1838 1837 1702
f 1827 2097 1828
f 1827 2062 2097
f 1687 1688 1927
f 1687 1924 1923
f 1687 1925 1924
f 1687 1926 1925
f 1687 1927 1926
f 1826 2063 2062
f 1826 2062 1827
f 1839 1838 1702
f 1840 1839 1702
f 1825 2064 2063
f 1825 2063 1826
f 1841 1840 1702
f 1824 2065 2064
f 1824 2064 1825
f 1823 2066 2065
f 1823 2065 1824
f 1822 2066 1823
f 2182 2067 2066
f 2182 2068 2067
f 2182 2069 2068
f 2182 2070 2069
f 2182 2181 2070
f 2182 1821 1820
f 2182 1822 1821
f 2182 2066 1822
f 2203 1687 1923
f 2203 1921 2204
f 2203 1922 1921
f 2203 1923 1922
f 1703 1811 1810
f 1703 1812 1811
f 1703 1813 1812
f 1703 1841 1702
f 1703 1842 1841
f 1703 1843 1842
f 1703 1844 1843
f 1703 1845 1844
f 1703 1810 1845
f 1686 1687 2203
f 2183 2182 1820
f 2183 1816 1815
f 2183 1817 1816
f 2183 1818 1817
f 2183 1819 1818
f 2183 1820 1819
f 2202 1686 2203
f 1704 1814 1813
f 1704 1815 1814
f 1704 1813 1703
f 2184 2183 1815
f 2184 1815 1704
f 1905 1686 2202
f 1905 1685 1686
f 1905 1904 1685
f 1905 2202 2201
f 1906 1905 2201
f 1903 1685 1904
f 1907 1906 2201
f 1902 1685 1903
f 1908 1907 2201
f 1901 1685 1902
f 1900 1685 1901
f 1909 1908 2201
f 1705 2185 2184
f 1705 2184 1704
f 1910 2201 2200
f 1910 1909 2201
f 1899 1685 1900
f 1911 1910 2200
f 1898 1685 1899
f 1912 1911 2200
f 1684 1894 1893
f 1684 1895 1894
f 1684 1896 1895
f 1684 1897 1896
f 1684 1898 1897
f 1684 1685 1898
f 1892 1684 1893
f 1891 1684 1892
f 1890 1684 1891
f 1976 1913 1912
f 1976 1912 2200
f 1977 1976 2200
f 1978 1977 2200
f 1975 1913 1976
f 1975 1914 1913
f 1979 1978 2200
f 1974 1914 1975
f 1974 1915 1914
f 1980 1979 2200
f 1980 2200 2199
f 1973 1916 1915
f 1973 1915 1974
f 1972 1916 1973
f 1972 1917 1916
f 1981 1980 2199
f 1971 1917 1972
f 1971 1882 1917
f 1982 1981 2199
f 1983 1982 2199
f 1970 1882 1971
f 1984 1983 2199
f 1969 1883 1882
f 1969 1882 1970
f 1968 1883 1969
f 1968 1884 1883
f 1985 1984 2199
f 1967 1885 1884
f 1967 1884 1968
f 1986 1985 2199
f 1966 1886 1885
f 1966 1885 1967
f 2198 1955 1954
f 2198 1956 1955
f 2198 1987 1986
f 2198 1988 1987
f 2198 1989 1988
f 2198 1954 1989
f 2198 1986 2199
f 1714 2185 1705
f 1713 2185 1714
f 1715 1705 1706
f 1715 1714 1705
f 1712 2185 1713
f 1712 2186 2185
f 1716 1715 1706
f 1711 2186 1712
f 1717 1716 1706
f 2013 2012 2186
f 2011 2186 2012
f 2014 2013 2186
f 2015 2186 1711
f 2015 2014 2186
f 2015 1711 1710
f 2010 2186 2011
f 2010 2187 2186
f 1718 1717 1706
f 2009 2187 2010
f 2016 2015 1710
f 2016 1710 1709
f 1719 1718 1706
f 2008 2187 2009
f 2017 2016 1709
f 2017 1709 1734
f 1683 1684 1890
f 1683 1963 1962
f 1683 1964 1963
f 1683 1965 1964
f 1683 1966 1965
f 1683 1887 1886
f 1683 1888 1887
f 1683 1889 1888
f 1683 1890 1889
f 1683 1886 1966
f 1720 1719 1706
f 2007 2187 2008
f 2018 2017 1734
f 2018 1734 1733
f 1721 1720 1706
f 2019 2018 1733
f 2019 1733 1732
f 2006 2187 2007
f 1722 1721 1706
f 2020 2019 1732
f 2020 1732 1731
f 2005 2187 2006
f 2021 2020 1731
f 2021 1731 1730
f 2004 2187 2005
f 2022 2021 1730
f 2022 1730 1729
f 2023 2022 1729
f 2023 1729 1728
f 2188 2003 2002
f 2188 2004 2003
f 2188 2187 2004
f 2197 1956 2198
f 2001 2188 2002
f 2024 1728 1727
f 2024 2023 1728
f 2000 2188 2001
f 2025 2024 1727
f 1990 2025 1727
f 1999 2188 2000
f 1991 1990 1727
f 1707 1722 1706
f 1707 1723 1722
f 1707 1724 1723
f 1707 1725 1724
f 1707 1726 1725
f 1707 1708 1726
f 1682 1958 1957
f 1682 1959 1958
f 1682 1960 1959
f 1682 1961 1960
f 1682 1962 1961
f 1682 1683 1962
f 1735 1991 1727
f 1735 1992 1991
f 1735 1993 1992
f 1735 1994 1993
f 1735 1995 1994
f 1735 1996 1995
f 1735 1997 1996
f 1735 1998 1997
f 1735 1999 1998
f 1735 2188 1999
f 1736 2189 2188
f 1736 2188 1735
f 1681 1957 1956
f 1681 1682 1957
f 1681 1956 2197
f 1869 1868 2196
f 1867 2197 2196
f 1867 2196 1868
f 1870 1869 2196
f 1866 2197 1867
f 1871 1870 2196
f 1865 1681 2197
f 1865 2197 1866
f 1872 2196 2195
f 1872 1871 2196
f 1864 1681 1865
f 1873 1872 2195
f 1863 1681 1864
f 1874 1873 2195
f 2121 2120 2193
f 2122 2121 2193
f 2119 2193 2120
f 2118 2194 2193
f 2118 2193 2119
f 2123 2122 2193
f 1875 1874 2195
f 1862 1681 1863
f 2117 2194 2118
f 2124 2123 2193
f 2124 2193 2192
f 2125 2124 2192
f 2116 2194 2117
f 1876 2195 2194
f 1876 1875 2195
f 2126 2125 2192
f 2115 2194 2116
f 1877 1876 2194
f 2127 2126 2192
f 2114 2194 2115
f 1737 2189 1736
f 1737 2190 2189
f 2113 1877 2194
f 2113 2194 2114
f 2128 2127 2192
f 2112 1877 2113
f 2112 1878 1877
f 2129 2128 2192
f 2111 1878 2112
f 2111 1879 1878
f 2110 1879 2111
f 1653 2191 1654
f 1655 2191 2190
f 1655 1654 2191
f 1652 2191 1653
f 1656 1655 2190
f 1680 1856 1855
f 1680 1857 1856
f 1680 1858 1857
f 1680 1859 1858
f 1680 1860 1859
f 1680 1861 1860
f 1680 1862 1861
f 1680 1681 1862
f 1651 2191 1652
f 1657 2190 1737
f 1657 1656 2190
f 1854 1680 1855
f 1650 2192 2191
f 1650 2191 1651
f 1658 1657 1737
f 1649 2192 1650
f 1659 1658 1737
f 1674 2129 2192
f 1674 2192 1649
f 1673 2129 1674
f 1673 2130 2129
f 1672 2131 2130
f 1672 2130 1673
f 1671 2131 1672
f 1671 2132 2131
f 1670 2132 1671
f 1670 2133 2132
f 1679 1851 1850
f 1679 1852 1851
f 1679 1853 1852
f 1679 1854 1853
f 1679 1680 1854
f 1679 1847 1846
f 1679 1848 1847
f 1679 1849 1848
f 1679 1850 1849
f 1678 1679 1846
f 1678 1880 1879
f 1678 1881 1880
f 1678 1846 1881
f 1678 1879 2110
f 1678 2107 2106
f 1678 2108 2107
f 1678 2109 2108
f 1678 2110 2109
f 1675 1661 1660
f 1675 1662 1661
f 1675 1663 1662
f 1675 1664 1663
f 1677 2101 2100
f 1677 2102 2101
f 1677 2103 2102
f 1677 1678 2106
f 1677 2104 2103
f 1677 2105 2104
f 1677 2106 2105
f 1676 1664 1675
f 1676 1665 1664
f 1676 1666 1665
f 1676 1667 1666
f 1676 1668 1667
f 1676 1669 1668
f 1676 1670 1669
f 1676 1677 2100
f 1676 2133 1670
f 1676 2099 2098
f 1676 2100 2099
f 1676 2098 2133
f 2224 2226 2225
f 2223 2227 2226
f 2223 2226 2224
f 2222 2228 2227
f 2222 2227 2223
f 2221 2229 2228
f 2221 2228 2222
f 2220 2230 2229
f 2220 2229 2221
f 2219 2231 2230
f 2219 2230 2220
f 2218 2232 2231
f 2218 2231 2219
f 2217 2233 2232
f 2217 2232 2218
f 2216 2234 2233
f 2216 2233 2217
f 2215 2234 2216
f 2214 2235 2234
f 2214 2236 2235
f 2214 2234 2215
f 2213 2236 2214
f 2212 2237 2236
f 2212 2238 2237
f 2212 2236 2213
f 2211 2238 2212
f 2210 2239 2238
f 2210 2240 2239
f 2210 2238 2211
f 2209 2240 2210
f 2208 2240 2209
f 2208 2241 2240
f 2207 2241 2208
f 2207 2242 2241
f 2206 2242 2207
f 2206 2243 2242
f 2262 2264 2263
f 2261 2265 2264
f 2261 2264 2262
f 2260 2266 2265
f 2260 2265 2261
f 2259 2267 2266
f 2259 2266 2260
f 2258 2268 2267
f 2258 2267 2259
f 2257 2269 2268
f 2257 2268 2258
f 2256 2270 2269
f 2256 2269 2257
f 2255 2271 2270
f 2255 2270 2256
f 2254 2272 2271
f 2254 2271 2255
f 2253 2272 2254
f 2252 2273 2272
f 2252 2274 2273
f 2252 2272 2253
f 2251 2274 2252
f 2250 2275 2274
f 2250 2276 2275
f 2250 2274 2251
f 2249 2276 2250
f 2248 2277 2276
f 2248 2278 2277
f 2248 2276 2249
f 2247 2278 2248
f 2246 2278 2247
f 2246 2279 2278
f 2245 2279 2246
f 2245 2280 2279
f 2244 2280 2245
f 2244 2281 2280
f 2300 2302 2301
f 2299 2303 2302
f 2299 2302 2300
f 2298 2304 2303
f 2298 2303 2299
f 2297 2305 2304
f 2297 2304 2298
f 2296 2306 2305
f 2296 2305 2297
f 2295 2307 2306
f 2295 2306 2296
f 2294 2308 2307
f 2294 2307 2295
f 2293 2309 2308
f 2293 2308 2294
f 2292 2310 2309
f 2292 2309 2293
f 2291 2310 2292
f 2290 2311 2310
f 2290 2312 2311
f 2290 2310 2291
f 2289 2312 2290
f 2288 2313 2312
f 2288 2314 2313
f 2288 2312 2289
f 2287 2314 2288
f 2286 2315 2314
f 2286 2316 2315
f 2286 2314 2287
f 2285 2316 2286
f 2284 2316 2285
f 2284 2317 2316
f 2283 2317 2284
f 2283 2318 2317
f 2282 2318 2283
f 2282 2319 2318
f 2338 2340 2339
f 2337 2341 2340
f 2337 2340 2338
f 2336 2342 2341
f 2336 2341 2337
f 2335 2343 2342
f 2335 2342 2336
f 2334 2344 2343
f 2334 2343 2335
f 2333 2345 2344
f 2333 2344 2334
f 2332 2346 2345
f 2332 2345 2333
f 2331 2347 2346
f 2331 2346 2332
f 2330 2348 2347
f 2330 2347 2331
f 2329 2348 2330
f 2328 2349 2348
f 2328 2350 2349
f 2328 2348 2329
f 2327 2350 2328
f 2326 2351 2350
f 2326 2352 2351
f 2326 2350 2327
f 2325 2352 2326
f 2324 2353 2352
f 2324 2354 2353
f 2324 2352 2325
f 2323 2354 2324
f 2322 2354 2323
f 2322 2355 2354
f 2321 2355 2322
f 2321 2356 2355
f 2320 2356 2321
f 2320 2357 2356
f 2376 2378 2377
f 2375 2379 2378
f 2375 2378 2376
f 2374 2380 2379
f 2374 2379 2375
f 2373 2381 2380
f 2373 2380 2374
f 2372 2382 2381
f 2372 2381 2373
f 2371 2383 2382
f 2371 2382 2372
f 2370 2384 2383
f 2370 2383 2371
f 2369 2385 2384
f 2369 2384 2370
f 2368 2386 2385
f 2368 2385 2369
f 2367 2386 2368
f 2366 2387 2386
f 2366 2388 2387
f 2366 2386 2367
f 2365 2388 2366
f 2364 2389 2388
f 2364 2390 2389
f 2364 2388 2365
f 2363 2390 2364
f 2362 2391 2390
f 2362 2392 2391
f 2362 2390 2363
f 2361 2392 2362
f 2360 2392 2361
f 2360 2393 2392
f 2359 2393 2360
f 2359 2394 2393
f 2358 2394 2359
f 2358 2395 2394
f 2414 2416 2415
f 2413 2417 2416
f 2413 2416 2414
f 2412 2418 2417
f 2412 2417 2413
f 2411 2419 2418
f 2411 2418 2412
f 2410 2420 2419
f 2410 2419 2411
f 2409 2421 2420
f 2409 2420 2410
f 2408 2422 2421
f 2408 2421 2409
f 2407 2423 2422
f 2407 2422 2408
f 2406 2424 2423
f 2406 2423 2407
f 2405 2424 2406
f 2404 2425 2424
f 2404 2426 2425
f 2404 2424 2405
f 2403 2426 2404
f 2402 2427 2426
f 2402 2428 2427
f 2402 2426 2403
f 2401 2428 2402
f 2400 2429 2428
f 2400 2430 2429
f 2400 2428 2401
f 2399 2430 2400
f 2398 2430 2399
f 2398 2431 2430
f 2397 2431 2398
f 2397 2432 2431
f 2396 2432 2397
f 2396 2433 2432
f 2434 2454 2453
f 2435 2455 2454
f 2435 2454 2434
f 2436 2456 2455
f 2436 2455 2435
f 2437 2457 2456
f 2437 2456 2436
f 2438 2458 2457
f 2438 2457 2437
f 2439 2458 2438
f 2440 2459 2458
f 2440 2460 2459
f 2440 2458 2439
f 2441 2461 2460
f 2441 2460 2440
f 2442 2462 2461
f 2442 2461 2441
f 2443 2463 2462
f 2443 2462 2442
f 2444 2464 2463
f 2444 2463 2443
f 2445 2464 2444
f 2446 2465 2464
f 2446 2466 2465
f 2446 2464 2445
f 2447 2467 2466
f 2447 2466 2446
f 2448 2467 2447
f 2449 2467 2448
f 2449 2468 2467
f 2449 2469 2468
f 2450 2469 2449
f 2450 2470 2469
f 2451 2470 2450
f 2452 2470 2451
f 2452 2471 2470
f 2473 2491 2472
f 2473 2492 2491
f 2473 2493 2492
f 2474 2493 2473
f 2475 2494 2493
f 2475 2495 2494
f 2475 2493 2474
f 2476 2496 2495
f 2476 2495 2475
f 2477 2496 2476
f 2478 2497 2496
f 2478 2498 2497
f 2478 2496 2477
f 2479 2498 2478
f 2480 2499 2498
f 2480 2498 2479
f 2481 2500 2499
f 2481 2501 2500
f 2481 2499 2480
f 2482 2502 2501
f 2482 2501 2481
f 2483 2502 2482
f 2484 2503 2502
f 2484 2504 2503
f 2484 2502 2483
f 2485 2505 2504
f 2485 2504 2484
f 2486 2505 2485
f 2487 2505 2486
f 2487 2506 2505
f 2487 2507 2506
f 2488 2508 2507
f 2488 2507 2487
f 2489 2508 2488
f 2490 2508 2489
f 2490 2509 2508
f 2511 2529 2510
f 2511 2530 2529
f 2511 2531 2530
f 2512 2531 2511
f 2513 2532 2531
f 2513 2533 2532
f 2513 2531 2512
f 2514 2534 2533
f 2514 2533 2513
f 2515 2534 2514
f 2516 2535 2534
f 2516 2536 2535
f 2516 2534 2515
f 2517 2536 2516
f 2518 2537 2536
f 2518 2536 2517
f 2519 2538 2537
f 2519 2539 2538
f 2519 2537 2518
f 2520 2540 2539
f 2520 2539 2519
f 2521 2540 2520
f 2522 2541 2540
f 2522 2542 2541
f 2522 2540 2521
f 2523 2543 2542
f 2523 2542 2522
f 2524 2543 2523
f 2525 2543 2524
f 2525 2544 2543
f 2525 2545 2544
f 2526 2546 2545
f 2526 2545 2525
f 2527 2546 2526
f 2528 2546 2527
f 2528 2547 2546
f 2549 2567 2548
f 2549 2568 2567
f 2549 2569 2568
f 2550 2569 2549
f 2551 2570 2569
f 2551 2571 2570
f 2551 2569 2550
f 2552 2572 2571
f 2552 2571 2551
f 2553 2572 2552
f 2554 2573 2572
f 2554 2574 2573
f 2554 2572 2553
f 2555 2574 2554
f 2556 2575 2574
f 2556 2574 2555
f 2557 2576 2575
f 2557 2577 2576
f 2557 2575 2556
f 2558 2578 2577
f 2558 2577 2557
f 2559 2578 2558
f 2560 2579 2578
f 2560 2580 2579
f 2560 2578 2559
f 2561 2581 2580
f 2561 2580 2560
f 2562 2581 2561
f 2563 2581 2562
f 2563 2582 2581
f 2563 2583 2582
f 2564 2584 2583
f 2564 2583 2563
f 2565 2584 2564
f 2566 2584 2565
f 2566 2585 2584
f 2586 2606 2605
f 2587 2607 2606
f 2587 2606 2586
f 2588 2608 2607
f 2588 2607 2587
f 2589 2609 2608
f 2589 2608 2588
f 2590 2610 2609
f 2590 2609 2589
f 2591 2610 2590
f 2592 2611 2610
f 2592 2612 2611
f 2592 2610 2591
f 2593 2612 2592
f 2594 2613 2612
f 2594 2612 2593
f 2595 2614 2613
f 2595 2613 2594
f 2596 2615 2614
f 2596 2616 2615
f 2596 2614 2595
f 2597 2616 2596
f 2598 2617 2616
f 2598 2618 2617
f 2598 2616 2597
f 2599 2619 2618
f 2599 2618 2598
f 2600 2619 2599
f 2601 2619 2600
f 2601 2620 2619
f 2601 2621 2620
f 2602 2621 2601
f 2602 2622 2621
f 2603 2622 2602
f 2604 2622 2603
f 2604 2623 2622
f 2624 2644 2643
f 2625 2645 2644
f 2625 2644 2624
f 2626 2646 2645
f 2626 2645 2625
f 2627 2647 2646
f 2627 2646 2626
f 2628 2648 2647
f 2628 2647 2627
f 2629 2648 2628
f 2630 2649 2648
f 2630 2650 2649
f 2630 2648 2629
f 2631 2651 2650
f 2631 2650 2630
f 2632 2652 2651
f 2632 2651 2631
f 2633 2653 2652
f 2633 2652 2632
f 2634 2654 2653
f 2634 2653 2633
f 2635 2654 2634
f 2636 2655 2654
f 2636 2656 2655
f 2636 2654 2635
f 2637 2657 2656
f 2637 2656 2636
f 2638 2657 2637
f 2639 2657 2638
f 2639 2658 2657
f 2639 2659 2658
f 2640 2659 2639
f 2640 2660 2659
f 2641 2660 2640
f 2642 2660 2641
f 2642 2661 2660
f 2682 2676 2677
f 2682 2677 2678
f 2682 2678 2679
f 2682 2679 2680
f 2682 2680 2681
f 2683 2671 2672
f 2683 2672 2673
f 2683 2673 2674
f 2683 2674 2675
f 2683 2675 2676
f 2683 2676 2682
f 2663 2662 2668
f 2663 2668 2669
f 2663 2669 2670
f 2663 2670 2671
f 2684 2663 2671
f 2684 2671 2683
f 2685 2664 2663
f 2685 2663 2684
f 2686 2664 2685
f 2702 2667 2666
f 2701 2702 2666
f 2700 2701 2666
f 2699 2700 2666
f 2698 2699 2666
f 2687 2665 2664
f 2687 2664 2686
f 2688 2665 2687
f 2688 2666 2665
f 2688 2694 2695
f 2688 2695 2696
f 2688 2696 2697
f 2688 2697 2698
f 2688 2698 2666
f 2689 2694 2688
f 2689 2690 2691
f 2689 2691 2692
f 2689 2692 2693
f 2689 2693 2694
f 2825 2824 2724
f 2826 2825 2724
f 2823 2724 2824
f 2827 2826 2724
f 2822 2724 2823
f 2828 2827 2724
f 2821 2724 2822
f 2821 2725 2724
f 2829 2828 2724
f 2820 2725 2821
f 2830 2829 2724
f 2819 2725 2820
f 2831 2724 2723
f 2831 2830 2724
f 2818 2725 2819
f 2832 2831 2723
f 2833 2832 2723
f 2834 2833 2723
f 2978 2727 2726
f 2977 2813 2812
f 2977 2814 2813
f 2977 2815 2814
f 2977 2816 2815
f 2977 2817 2816
f 2977 2818 2817
f 2977 2726 2725
f 2977 2725 2818
f 2977 2978 2726
f 2979 2727 2978
f 2976 2812 2811
f 2976 2841 2840
f 2976 2842 2841
f 2976 2843 2842
f 2976 2844 2843
f 2976 2845 2844
f 2976 2846 2845
f 2976 2811 2846
f 2976 2977 2812
f 2860 2728 2861
f 2862 2861 2728
f 2859 2728 2860
f 2858 2728 2859
f 2863 2862 2728
f 2864 2863 2728
f 2857 2729 2728
f 2857 2728 2858
f 2856 2729 2857
f 2865 2864 2728
f 2855 2729 2856
f 2854 2729 2855
f 2853 2729 2854
f 2852 2729 2853
f 2851 2729 2852
f 2850 2729 2851
f 2980 2865 2728
f 2980 2728 2727
f 2980 2866 2865
f 2980 2867 2866
f 2980 2868 2867
f 2980 2869 2868
f 2980 2870 2869
f 2980 2871 2870
f 2980 2727 2979
f 2975 2835 2834
f 2975 2836 2835
f 2975 2837 2836
f 2975 2834 2723
f 2975 2838 2837
f 2975 2839 2838
f 2975 2840 2839
f 2975 2976 2840
f 2872 2871 2980
f 2873 2872 2980
f 2874 2873 2980
f 2875 2874 2980
f 2981 2729 2850
f 2981 2875 2980
f 2981 2848 2847
f 2981 2849 2848
f 2981 2850 2849
f 2981 2876 2875
f 2981 2877 2876
f 2981 2878 2877
f 2981 2879 2878
f 2981 2880 2879
f 2981 2881 2880
f 2981 2882 2881
f 2981 2847 2882
f 2974 2975 2723
f 2974 2722 2721
f 2974 2723 2722
f 2982 2730 2729
f 2982 2729 2981
f 2973 2974 2721
f 2983 2731 2730
f 2983 2730 2982
f 2972 2721 2720
f 2972 2973 2721
f 2789 2788 2720
f 2787 2972 2720
f 2787 2720 2788
f 2790 2789 2720
f 2786 2972 2787
f 2791 2790 2720
f 2792 2791 2720
f 2785 2972 2786
f 2793 2792 2720
f 2784 2972 2785
f 2783 2972 2784
f 2794 2793 2720
f 2782 2972 2783
f 2781 2972 2782
f 2780 2972 2781
f 2779 2972 2780
f 2778 2972 2779
f 2777 2972 2778
f 2776 2972 2777
f 2719 2794 2720
f 2719 2795 2794
f 2719 2796 2795
f 2719 2797 2796
f 2719 2798 2797
f 2719 2799 2798
f 2719 2800 2799
f 2719 2801 2800
f 2719 2802 2801
f 2984 2732 2731
f 2984 2731 2983
f 2971 2804 2803
f 2971 2805 2804
f 2971 2806 2805
f 2971 2807 2806
f 2971 2808 2807
f 2971 2809 2808
f 2971 2810 2809
f 2971 2775 2810
f 2971 2802 2719
f 2971 2972 2776
f 2971 2776 2775
f 2971 2803 2802
f 2897 2732 2984
f 2896 2732 2897
f 2895 2732 2896
f 2898 2897 2984
f 2894 2732 2895
f 2899 2898 2984
f 2733 2732 2894
f 2718 2971 2719
f 2900 2899 2984
f 2893 2733 2894
f 2892 2733 2893
f 2901 2900 2984
f 2891 2733 2892
f 2902 2901 2984
f 2903 2902 2984
f 2890 2733 2891
f 2889 2733 2890
f 2888 2733 2889
f 2887 2733 2888
f 2886 2733 2887
f 2985 2905 2904
f 2985 2906 2905
f 2985 2907 2906
f 2985 2903 2984
f 2985 2904 2903
f 2970 2971 2718
f 2908 2907 2985
f 2885 2733 2886
f 2909 2908 2985
f 2884 2733 2885
f 2910 2909 2985
f 2911 2910 2985
f 2734 2918 2917
f 2734 2883 2918
f 2734 2733 2884
f 2734 2884 2883
f 2986 2912 2911
f 2986 2913 2912
f 2986 2914 2913
f 2986 2915 2914
f 2986 2916 2915
f 2986 2917 2916
f 2986 2911 2985
f 2986 2734 2917
f 2969 2970 2718
f 2969 2718 2717
f 2968 2969 2717
f 2735 2986 2987
f 2735 2734 2986
f 2716 2968 2717
f 2752 2968 2753
f 2751 2968 2752
f 2754 2753 2968
f 2755 2968 2716
f 2755 2754 2968
f 2750 2968 2751
f 2756 2755 2716
f 2749 2968 2750
f 2757 2756 2716
f 2758 2757 2716
f 2988 2735 2987
f 2967 2747 2746
f 2967 2748 2747
f 2967 2749 2748
f 2967 2968 2749
f 2745 2967 2746
f 2744 2967 2745
f 2743 2967 2744
f 2742 2967 2743
f 2741 2967 2742
f 2736 2735 2988
f 2715 2759 2758
f 2715 2760 2759
f 2715 2761 2760
f 2715 2762 2761
f 2715 2763 2762
f 2715 2764 2763
f 2715 2765 2764
f 2715 2766 2765
f 2715 2767 2766
f 2715 2758 2716
f 2768 2767 2715
f 2966 2967 2741
f 2966 2740 2739
f 2966 2741 2740
f 2966 2772 2771
f 2966 2773 2772
f 2966 2774 2773
f 2966 2739 2774
f 2737 2736 2988
f 2737 2988 2989
f 2714 2768 2715
f 2714 2966 2771
f 2714 2769 2768
f 2714 2770 2769
f 2714 2771 2770
f 2738 2989 2990
f 2738 2737 2989
f 2713 2966 2714
f 2713 2965 2966
f 2712 2965 2713
f 2712 2964 2965
f 2703 2738 2990
f 2703 2990 2955
f 2933 2932 2963
f 2931 2963 2932
f 2934 2933 2963
f 2930 2963 2931
f 2935 2934 2963
f 2929 2963 2930
f 2936 2935 2963
f 2937 2936 2963
f 2938 2937 2963
f 2939 2938 2963
f 2962 2927 2926
f 2962 2928 2927
f 2962 2929 2928
f 2962 2963 2929
f 2925 2962 2926
f 2940 2939 2963
f 2924 2962 2925
f 2923 2962 2924
f 2922 2962 2923
f 2921 2962 2922
f 2920 2962 2921
f 2919 2962 2920
f 2711 2941 2940
f 2711 2942 2941
f 2711 2943 2942
f 2711 2944 2943
f 2711 2945 2944
f 2711 2946 2945
f 2711 2947 2946
f 2711 2963 2964
f 2711 2964 2712
f 2711 2940 2963
f 2704 2955 2956
f 2704 2956 2957
f 2704 2703 2955
f 2710 2947 2711
f 2710 2962 2919
f 2710 2948 2947
f 2710 2949 2948
f 2710 2950 2949
f 2710 2951 2950
f 2710 2952 2951
f 2710 2953 2952
f 2710 2954 2953
f 2710 2919 2954
f 2705 2704 2957
f 2706 2705 2957
f 2706 2957 2958
f 2709 2962 2710
f 2709 2960 2961
f 2709 2961 2962
f 2707 2706 2958
f 2707 2958 2959
f 2708 2960 2709
f 2708 2959 2960
f 2708 2707 2959
f 2992 2991 2995
f 3013 2993 2996
f 3031 2994 2993
f 3031 2995 2994
f 3031 2992 2995
f 3030 2993 3013
f 3030 3031 2993
f 3029 3013 3012
f 3029 3030 3013
f 3028 3012 3011
f 3028 3029 3012
f 3027 3011 3010
f 3027 3028 3011
f 3026 3010 3009
f 3026 3027 3010
f 3025 3009 3008
f 3025 3026 3009
f 3024 3008 3007
f 3024 3025 3008
f 3023 3007 3006
f 3023 3024 3007
f 3022 3006 3005
f 3022 3023 3006
f 3021 3005 3004
f 3021 3022 3005
f 3020 3004 3003
f 3020 3021 3004
f 3019 3020 3003
f 3019 3003 3002
f 3018 3019 3002
f 3018 3002 3001
f 3017 3001 3000
f 3017 3018 3001
f 3016 3000 2999
f 3016 3017 3000
f 3015 2999 2998
f 3015 3016 2999
f 3014 2998 2997
f 3014 3015 2998
f 3049 3051 3050
f 3049 3069 3051
f 3048 3068 3069
f 3048 3069 3049
f 3047 3066 3067
f 3047 3067 3068
f 3047 3068 3048
f 3046 3066 3047
f 3045 3064 3065
f 3045 3065 3066
f 3045 3066 3046
f 3044 3063 3064
f 3044 3064 3045
f 3043 3063 3044
f 3042 3062 3063
f 3042 3063 3043
f 3041 3060 3061
f 3041 3061 3062
f 3041 3062 3042
f 3040 3060 3041
f 3039 3059 3060
f 3039 3060 3040
f 3038 3058 3059
f 3038 3059 3039
f 3037 3057 3058
f 3037 3058 3038
f 3036 3056 3057
f 3036 3057 3037
f 3035 3056 3036
f 3035 3055 3056
f 3034 3055 3035
f 3034 3054 3055
f 3033 3054 3034
f 3033 3053 3054
f 3032 3053 3033
f 3032 3052 3053
f 3146 3147 3093
f 3148 3093 3147
f 3145 3146 3093
f 3149 3093 3148
f 3144 3145 3093
f 3150 3093 3149
f 3143 3144 3093
f 3143 3093 3092
f 3142 3143 3092
f 3151 3093 3150
f 3151 3094 3093
f 3152 3094 3151
f 3177 3142 3092
f 3153 3094 3152
f 3176 3177 3092
f 3154 3094 3153
f 3175 3176 3092
f 3155 3094 3154
f 3174 3175 3092
f 3156 3094 3155
f 3173 3174 3092
f 3172 3173 3092
f 3157 3094 3156
f 3158 3094 3157
f 3345 3161 3162
f 3345 3162 3163
f 3345 3163 3164
f 3345 3164 3165
f 3345 3165 3166
f 3345 3166 3167
f 3345 3167 3168
f 3345 3168 3169
f 3344 3170 3171
f 3344 3171 3172
f 3344 3172 3092
f 3344 3345 3169
f 3344 3169 3170
f 3346 3161 3345
f 3346 3094 3158
f 3346 3158 3159
f 3346 3159 3160
f 3346 3160 3161
f 3343 3092 3091
f 3343 3344 3092
f 3347 3095 3094
f 3347 3094 3346
f 3342 3091 3090
f 3342 3343 3091
f 3348 3096 3095
f 3348 3095 3347
f 3341 3089 3088
f 3341 3090 3089
f 3341 3342 3090
f 3111 3088 3110
f 3109 3110 3088
f 3112 3088 3111
f 3087 3109 3088
f 3108 3109 3087
f 3113 3088 3112
f 3107 3108 3087
f 3114 3088 3113
f 3106 3107 3087
f 3115 3088 3114
f 3141 3106 3087
f 3116 3088 3115
f 3349 3097 3096
f 3349 3096 3348
f 3340 3088 3116
f 3340 3341 3088
f 3117 3340 3116
f 3140 3141 3087
f 3118 3340 3117
f 3139 3140 3087
f 3119 3340 3118
f 3138 3139 3087
f 3137 3138 3087
f 3350 3098 3097
f 3350 3097 3349
f 3339 3340 3119
f 3339 3119 3120
f 3339 3120 3121
f 3339 3121 3122
f 3339 3122 3123
f 3339 3123 3124
f 3339 3124 3125
f 3339 3125 3126
f 3339 3126 3127
f 3182 3183 3098
f 3181 3182 3098
f 3184 3098 3183
f 3180 3181 3098
f 3185 3098 3184
f 3179 3180 3098
f 3178 3098 3350
f 3178 3179 3098
f 3099 3185 3186
f 3099 3186 3187
f 3099 3098 3185
f 3086 3137 3087
f 3086 3130 3131
f 3086 3131 3132
f 3086 3132 3133
f 3086 3133 3134
f 3086 3134 3135
f 3086 3135 3136
f 3086 3136 3137
f 3188 3099 3187
f 3213 3178 3350
f 3189 3099 3188
f 3212 3213 3350
f 3190 3099 3189
f 3211 3212 3350
f 3191 3099 3190
f 3192 3099 3191
f 3193 3099 3192
f 3351 3211 3350
f 3351 3203 3204
f 3351 3204 3205
f 3351 3205 3206
f 3351 3206 3207
f 3351 3207 3208
f 3351 3208 3209
f 3351 3209 3210
f 3351 3210 3211
f 3338 3339 3127
f 3338 3127 3128
f 3338 3128 3129
f 3338 3129 3130
f 3338 3130 3086
f 3100 3099 3193
f 3100 3193 3194
f 3100 3194 3195
f 3100 3195 3196
f 3100 3196 3197
f 3100 3197 3198
f 3100 3198 3199
f 3100 3199 3200
f 3085 3338 3086
f 3352 3203 3351
f 3352 3200 3201
f 3352 3100 3200
f 3352 3201 3202
f 3352 3202 3203
f 3337 3338 3085
f 3353 3100 3352
f 3353 3101 3100
f 3336 3085 3084
f 3336 3337 3085
f 3354 3101 3353
f 3335 3336 3084
f 3102 3101 3354
f 3083 3335 3084
f 3334 3335 3083
f 3103 3102 3354
f 3103 3354 3355
f 3082 3334 3083
f 3290 3334 3082
f 3291 3334 3290
f 3289 3290 3082
f 3292 3334 3291
f 3293 3334 3292
f 3293 3333 3334
f 3288 3289 3082
f 3294 3333 3293
f 3287 3288 3082
f 3295 3333 3294
f 3286 3287 3082
f 3296 3333 3295
f 3321 3286 3082
f 3297 3333 3296
f 3320 3321 3082
f 3298 3333 3297
f 3319 3320 3082
f 3299 3333 3298
f 3300 3333 3299
f 3301 3333 3300
f 3104 3103 3355
f 3104 3355 3356
f 3081 3319 3082
f 3081 3314 3315
f 3081 3315 3316
f 3081 3316 3317
f 3081 3317 3318
f 3081 3318 3319
f 3313 3314 3081
f 3312 3313 3081
f 3311 3312 3081
f 3332 3333 3301
f 3332 3301 3302
f 3332 3302 3303
f 3332 3303 3304
f 3219 3356 3218
f 3217 3218 3356
f 3217 3356 3357
f 3220 3356 3219
f 3220 3104 3356
f 3216 3217 3357
f 3221 3104 3220
f 3215 3216 3357
f 3222 3104 3221
f 3214 3215 3357
f 3223 3104 3222
f 3224 3104 3223
f 3249 3214 3357
f 3225 3104 3224
f 3248 3249 3357
f 3226 3104 3225
f 3247 3248 3357
f 3227 3104 3226
f 3246 3247 3357
f 3245 3246 3357
f 3322 3245 3357
f 3322 3243 3244
f 3322 3244 3245
f 3242 3243 3322
f 3105 3104 3227
f 3105 3227 3228
f 3105 3228 3229
f 3105 3229 3230
f 3105 3230 3231
f 3105 3231 3232
f 3105 3232 3233
f 3105 3233 3234
f 3080 3304 3305
f 3080 3305 3306
f 3080 3306 3307
f 3080 3307 3308
f 3080 3308 3309
f 3080 3309 3310
f 3080 3310 3311
f 3080 3311 3081
f 3080 3332 3304
f 3235 3105 3234
f 3079 3332 3080
f 3079 3330 3331
f 3079 3331 3332
f 3070 3242 3322
f 3070 3105 3235
f 3070 3235 3236
f 3070 3236 3237
f 3070 3237 3238
f 3070 3238 3239
f 3070 3239 3240
f 3070 3240 3241
f 3070 3241 3242
f 3071 3322 3323
f 3071 3070 3322
f 3078 3330 3079
f 3255 3327 3254
f 3256 3327 3255
f 3253 3254 3327
f 3252 3253 3327
f 3257 3327 3256
f 3251 3327 3328
f 3251 3252 3327
f 3258 3327 3257
f 3077 3328 3329
f 3077 3329 3330
f 3077 3330 3078
f 3072 3071 3323
f 3072 3323 3324
f 3250 3251 3328
f 3259 3326 3327
f 3259 3327 3258
f 3260 3326 3259
f 3285 3250 3328
f 3261 3326 3260
f 3284 3285 3328
f 3262 3326 3261
f 3073 3324 3325
f 3073 3325 3326
f 3073 3072 3324
f 3076 3284 3328
f 3076 3277 3278
f 3076 3278 3279
f 3076 3279 3280
f 3076 3280 3281
f 3076 3281 3282
f 3076 3282 3283
f 3076 3283 3284
f 3076 3328 3077
f 3074 3326 3262
f 3074 3073 3326
f 3074 3262 3263
f 3074 3263 3264
f 3074 3264 3265
f 3074 3265 3266
f 3074 3266 3267
f 3074 3267 3268
f 3074 3268 3269
f 3075 3271 3272
f 3075 3272 3273
f 3075 3273 3274
f 3075 3274 3275
f 3075 3275 3276
f 3075 3276 3277
f 3075 3277 3076
f 3075 3074 3269
f 3075 3269 3270
f 3075 3270 3271
f 3375 3377 3376
f 3375 3395 3377
f 3374 3394 3395
f 3374 3395 3375
f 3373 3392 3393
f 3373 3393 3394
f 3373 3394 3374
f 3372 3392 3373
f 3371 3391 3392
f 3371 3392 3372
f 3370 3390 3391
f 3370 3391 3371
f 3369 3389 3390
f 3369 3390 3370
f 3368 3388 3389
f 3368 3389 3369
f 3367 3387 3388
f 3367 3388 3368
f 3366 3386 3387
f 3366 3387 3367
f 3365 3385 3386
f 3365 3386 3366
f 3364 3384 3385
f 3364 3385 3365
f 3363 3383 3384
f 3363 3384 3364
f 3362 3382 3383
f 3362 3383 3363
f 3361 3382 3362
f 3361 3381 3382
f 3360 3381 3361
f 3360 3380 3381
f 3359 3380 3360
f 3359 3379 3380
f 3358 3379 3359
f 3358 3378 3379
f 3464 3418 3419
f 3463 3419 3420
f 3463 3464 3419
f 3465 3416 3417
f 3465 3417 3418
f 3465 3418 3464
f 3462 3420 3421
f 3462 3463 3420
f 3466 3415 3416
f 3466 3416 3465
f 3461 3421 3422
f 3461 3462 3421
f 3467 3414 3415
f 3467 3415 3466
f 3460 3461 3422
f 3460 3422 3423
f 3432 3413 3414
f 3432 3414 3467
f 3459 3460 3423
f 3459 3423 3424
f 3433 3413 3432
f 3433 3412 3413
f 3458 3459 3424
f 3458 3424 3425
f 3434 3412 3433
f 3457 3458 3425
f 3411 3412 3434
f 3426 3457 3425
f 3435 3411 3434
f 3456 3457 3426
f 3410 3411 3435
f 3427 3456 3426
f 3436 3410 3435
f 3455 3456 3427
f 3409 3410 3436
f 3409 3436 3437
f 3428 3455 3427
f 3428 3454 3455
f 3408 3437 3438
f 3408 3409 3437
f 3429 3454 3428
f 3429 3453 3454
f 3407 3438 3439
f 3407 3408 3438
f 3430 3452 3453
f 3430 3453 3429
f 3406 3439 3440
f 3406 3407 3439
f 3431 3451 3452
f 3431 3452 3430
f 3405 3406 3440
f 3405 3440 3441
f 3396 3450 3451
f 3396 3451 3431
f 3404 3441 3442
f 3404 3405 3441
f 3397 3449 3450
f 3397 3450 3396
f 3403 3442 3443
f 3403 3404 3442
f 3398 3448 3449
f 3398 3449 3397
f 3402 3443 3444
f 3402 3403 3443
f 3399 3448 3398
f 3399 3447 3448
f 3401 3444 3445
f 3401 3402 3444
f 3400 3447 3399
f 3400 3401 3445
f 3400 3445 3446
f 3400 3446 3447
f 3536 3490 3491
f 3535 3491 3492
f 3535 3536 3491
f 3537 3489 3490
f 3537 3490 3536
f 3534 3492 3493
f 3534 3535 3492
f 3538 3489 3537
f 3538 3488 3489
f 3533 3493 3494
f 3533 3534 3493
f 3539 3487 3488
f 3539 3488 3538
f 3532 3494 3495
f 3532 3533 3494
f 3504 3487 3539
f 3504 3486 3487
f 3531 3532 3495
f 3505 3486 3504
f 3505 3485 3486
f 3530 3531 3495
f 3530 3495 3496
f 3506 3485 3505
f 3506 3484 3485
f 3529 3530 3496
f 3529 3496 3497
f 3507 3483 3484
f 3507 3484 3506
f 3528 3529 3497
f 3528 3497 3498
f 3482 3483 3507
f 3508 3482 3507
f 3527 3498 3499
f 3527 3528 3498
f 3481 3482 3508
f 3481 3508 3509
f 3500 3527 3499
f 3500 3526 3527
f 3480 3509 3510
f 3480 3481 3509
f 3501 3526 3500
f 3501 3525 3526
f 3479 3510 3511
f 3479 3511 3512
f 3479 3480 3510
f 3502 3523 3524
f 3502 3524 3525
f 3502 3525 3501
f 3478 3512 3513
f 3478 3479 3512
f 3503 3523 3502
f 3477 3478 3513
f 3468 3522 3523
f 3468 3523 3503
f 3476 3513 3514
f 3476 3514 3515
f 3476 3477 3513
f 3469 3521 3522
f 3469 3522 3468
f 3475 3515 3516
f 3475 3476 3515
f 3470 3520 3521
f 3470 3521 3469
f 3474 3475 3516
f 3471 3520 3470
f 3471 3519 3520
f 3473 3474 3516
f 3473 3516 3517
f 3472 3519 3471
f 3472 3473 3517
f 3472 3517 3518
f 3472 3518 3519
f 3608 3562 3563
f 3607 3563 3564
f 3607 3608 3563
f 3609 3561 3562
f 3609 3562 3608
f 3606 3564 3565
f 3606 3607 3564
f 3605 3565 3566
f 3605 3606 3565
f 3610 3561 3609
f 3610 3560 3561
f 3611 3559 3560
f 3611 3560 3610
f 3604 3566 3567
f 3604 3605 3566
f 3603 3604 3567
f 3603 3567 3568
f 3576 3558 3559
f 3576 3559 3611
f 3602 3603 3568
f 3602 3568 3569
f 3577 3557 3558
f 3577 3558 3576
f 3601 3602 3569
f 3578 3556 3557
f 3578 3557 3577
f 3570 3601 3569
f 3579 3556 3578
f 3579 3555 3556
f 3600 3601 3570
f 3571 3600 3570
f 3580 3554 3555
f 3580 3555 3579
f 3599 3600 3571
f 3572 3599 3571
f 3572 3598 3599
f 3553 3554 3580
f 3553 3580 3581
f 3573 3598 3572
f 3573 3597 3598
f 3552 3581 3582
f 3552 3553 3581
f 3574 3595 3596
f 3574 3596 3597
f 3574 3597 3573
f 3551 3582 3583
f 3551 3552 3582
f 3575 3595 3574
f 3575 3594 3595
f 3550 3583 3584
f 3550 3551 3583
f 3540 3593 3594
f 3540 3594 3575
f 3549 3584 3585
f 3549 3550 3584
f 3541 3592 3593
f 3541 3593 3540
f 3548 3585 3586
f 3548 3549 3585
f 3542 3591 3592
f 3542 3592 3541
f 3547 3586 3587
f 3547 3548 3586
f 3543 3590 3591
f 3543 3591 3542
f 3546 3547 3587
f 3546 3587 3588
f 3544 3590 3543
f 3544 3589 3590
f 3545 3589 3544
f 3545 3546 3588
f 3545 3588 3589
f 3680 3633 3634
f 3679 3634 3635
f 3679 3680 3634
f 3681 3632 3633
f 3681 3633 3680
f 3678 3635 3636
f 3678 3679 3635
f 3682 3632 3681
f 3682 3631 3632
f 3677 3636 3637
f 3677 3678 3636
f 3683 3631 3682
f 3676 3637 3638
f 3676 3677 3637
f 3648 3631 3683
f 3648 3630 3631
f 3675 3676 3638
f 3675 3638 3639
f 3649 3630 3648
f 3649 3629 3630
f 3674 3639 3640
f 3674 3675 3639
f 3650 3628 3629
f 3650 3629 3649
f 3673 3674 3640
f 3673 3640 3641
f 3651 3627 3628
f 3651 3628 3650
f 3672 3673 3641
f 3672 3641 3642
f 3652 3626 3627
f 3652 3627 3651
f 3671 3642 3643
f 3671 3672 3642
f 3653 3626 3652
f 3670 3671 3643
f 3644 3670 3643
f 3625 3626 3653
f 3654 3625 3653
f 3669 3670 3644
f 3645 3669 3644
f 3624 3625 3654
f 3655 3624 3654
f 3668 3669 3645
f 3646 3668 3645
f 3646 3667 3668
f 3623 3655 3656
f 3623 3624 3655
f 3647 3666 3667
f 3647 3667 3646
f 3622 3656 3657
f 3622 3623 3656
f 3621 3657 3658
f 3621 3622 3657
f 3612 3666 3647
f 3620 3658 3659
f 3620 3621 3658
f 3613 3665 3666
f 3613 3666 3612
f 3619 3659 3660
f 3619 3620 3659
f 3614 3664 3665
f 3614 3665 3613
f 3618 3660 3661
f 3618 3619 3660
f 3615 3664 3614
f 3615 3663 3664
f 3616 3663 3615
f 3616 3662 3663
f 3617 3618 3661
f 3617 3662 3616
f 3617 3661 3662
f 3752 3706 3707
f 3751 3707 3708
f 3751 3752 3707
f 3753 3704 3705
f 3753 3705 3706
f 3753 3706 3752
f 3750 3708 3709
f 3750 3751 3708
f 3754 3703 3704
f 3754 3704 3753
f 3749 3709 3710
f 3749 3750 3709
f 3755 3702 3703
f 3755 3703 3754
f 3748 3749 3710
f 3748 3710 3711
f 3720 3701 3702
f 3720 3702 3755
f 3747 3748 3711
f 3747 3711 3712
f 3721 3701 3720
f 3721 3700 3701
f 3746 3747 3712
f 3746 3712 3713
f 3722 3700 3721
f 3745 3746 3713
f 3699 3700 3722
f 3714 3745 3713
f 3723 3699 3722
f 3744 3745 3714
f 3698 3699 3723
f 3715 3744 3714
f 3724 3698 3723
f 3743 3744 3715
f 3697 3698 3724
f 3697 3724 3725
f 3716 3743 3715
f 3716 3742 3743
f 3696 3725 3726
f 3696 3697 3725
f 3717 3742 3716
f 3717 3741 3742
f 3695 3726 3727
f 3695 3696 3726
f 3718 3740 3741
f 3718 3741 3717
f 3694 3695 3727
f 3694 3727 3728
f 3719 3739 3740
f 3719 3740 3718
f 3693 3728 3729
f 3693 3694 3728
f 3684 3738 3739
f 3684 3739 3719
f 3692 3729 3730
f 3692 3693 3729
f 3685 3737 3738
f 3685 3738 3684
f 3691 3730 3731
f 3691 3692 3730
f 3686 3736 3737
f 3686 3737 3685
f 3690 3731 3732
f 3690 3691 3731
f 3687 3736 3686
f 3687 3735 3736
f 3689 3690 3732
f 3689 3732 3733
f 3688 3735 3687
f 3688 3689 3733
f 3688 3733 3734
f 3688 3734 3735
f 3776 3777 3778
f 3776 3778 3779
f 3776 3779 3780
f 3782 3780 3781
f 3773 3774 3775
f 3773 3775 3776
f 3773 3776 3780
f 3773 3780 3782
f 3787 3784 3785
f 3787 3785 3786
f 3770 3771 3772
f 3788 3782 3783
f 3788 3783 3784
f 3788 3784 3787
f 3769 3772 3773
f 3769 3773 3782
f 3769 3770 3772
f 3766 3767 3768
f 3765 3768 3769
f 3765 3766 3768
f 3763 3764 3765
f 3763 3765 3769
f 3758 3756 3757
f 3760 3758 3759
f 3761 3762 3763
f 3761 3788 3789
f 3761 3789 3790
f 3761 3790 3791
f 3761 3791 3756
f 3761 3769 3782
f 3761 3782 3788
f 3761 3763 3769
f 3761 3758 3760
f 3761 3756 3758
f 3812 3813 3814
f 3809 3810 3811
f 3808 3809 3811
f 3805 3806 3807
f 3805 3807 3808
f 3805 3811 3812
f 3805 3814 3815
f 3805 3815 3816
f 3805 3812 3814
f 3805 3808 3811
f 3802 3803 3804
f 3802 3804 3805
f 3802 3816 3817
f 3802 3817 3818
f 3802 3805 3816
f 3801 3802 3818
f 3792 3824 3825
f 3792 3825 3826
f 3792 3826 3827
f 3800 3818 3819
f 3800 3819 3820
f 3800 3801 3818
f 3793 3824 3792
f 3799 3820 3821
f 3799 3821 3822
f 3799 3800 3820
f 3797 3798 3799
f 3797 3799 3822
f 3796 3793 3794
f 3796 3794 3795
f 3796 3822 3823
f 3796 3823 3824
f 3796 3797 3822
f 3796 3824 3793
f 3896 3850 3851
f 3895 3851 3852
f 3895 3896 3851
f 3897 3849 3850
f 3897 3850 3896
f 3894 3852 3853
f 3894 3895 3852
f 3898 3849 3897
f 3898 3848 3849
f 3893 3853 3854
f 3893 3894 3853
f 3899 3847 3848
f 3899 3848 3898
f 3892 3854 3855
f 3892 3893 3854
f 3864 3847 3899
f 3864 3845 3846
f 3864 3846 3847
f 3891 3892 3855
f 3891 3855 3856
f 3865 3844 3845
f 3865 3845 3864
f 3890 3891 3856
f 3890 3856 3857
f 3866 3844 3865
f 3889 3890 3857
f 3843 3844 3866
f 3858 3889 3857
f 3867 3843 3866
f 3888 3889 3858
f 3842 3843 3867
f 3859 3888 3858
f 3868 3842 3867
f 3887 3888 3859
f 3841 3842 3868
f 3841 3868 3869
f 3860 3887 3859
f 3860 3886 3887
f 3840 3841 3869
f 3840 3869 3870
f 3861 3886 3860
f 3861 3885 3886
f 3839 3870 3871
f 3839 3840 3870
f 3862 3884 3885
f 3862 3885 3861
f 3838 3871 3872
f 3838 3839 3871
f 3863 3883 3884
f 3863 3884 3862
f 3837 3838 3872
f 3837 3872 3873
f 3828 3882 3883
f 3828 3883 3863
f 3836 3873 3874
f 3836 3837 3873
f 3829 3880 3881
f 3829 3881 3882
f 3829 3882 3828
f 3835 3874 3875
f 3835 3836 3874
f 3830 3879 3880
f 3830 3880 3829
f 3834 3875 3876
f 3834 3835 3875
f 3831 3879 3830
f 3831 3878 3879
f 3833 3834 3876
f 3833 3876 3877
f 3832 3878 3831
f 3832 3833 3877
f 3832 3877 3878
f 3950 3922 3923
f 3949 3923 3924
f 3949 3950 3923
f 3951 3921 3922
f 3951 3922 3950
f 3948 3924 3925
f 3948 3949 3924
f 3947 3925 3926
f 3947 3948 3925
f 3952 3921 3951
f 3952 3920 3921
f 3953 3919 3920
f 3953 3920 3952
f 3946 3947 3926
f 3946 3926 3927
f 3945 3946 3927
f 3945 3927 3928
f 3954 3919 3953
f 3954 3918 3919
f 3944 3945 3928
f 3944 3928 3929
f 3955 3917 3918
f 3955 3918 3954
f 3943 3944 3929
f 3956 3916 3917
f 3956 3917 3955
f 3930 3943 3929
f 3957 3915 3916
f 3957 3916 3956
f 3942 3943 3930
f 3931 3942 3930
f 3941 3942 3931
f 3958 3914 3915
f 3958 3915 3957
f 3959 3914 3958
f 3932 3940 3941
f 3932 3941 3931
f 3913 3914 3959
f 3933 3939 3940
f 3933 3940 3932
f 3912 3913 3959
f 3912 3959 3960
f 3961 3912 3960
f 3934 3938 3939
f 3934 3939 3933
f 3911 3961 3962
f 3911 3912 3961
f 3935 3938 3934
f 3935 3937 3938
f 3910 3911 3962
f 3900 3936 3937
f 3900 3937 3935
f 3909 3962 3963
f 3909 3963 3964
f 3909 3910 3962
f 3901 3971 3936
f 3901 3936 3900
f 3908 3909 3964
f 3907 3908 3964
f 3907 3964 3965
f 3902 3970 3971
f 3902 3971 3901
f 3903 3970 3902
f 3903 3969 3970
f 3906 3965 3966
f 3906 3907 3965
f 3904 3969 3903
f 3904 3968 3969
f 3905 3906 3966
f 3905 3968 3904
f 3905 3966 3967
f 3905 3967 3968
f 3973 3991 3972
f 3973 3992 3991
f 3974 3993 3992
f 3974 3992 3973
f 3975 3994 3993
f 3975 3993 3974
f 3976 3995 3994
f 3976 3994 3975
f 3977 3996 3995
f 3977 3997 3996
f 3977 3995 3976
f 3978 3997 3977
f 3979 3998 3997
f 3979 3997 3978
f 3980 3999 3998
f 3980 3998 3979
f 3981 4000 3999
f 3981 3999 3980
f 3982 4001 4000
f 3982 4000 3981
f 3983 4002 4001
f 3983 4001 3982
f 3984 4003 4002
f 3984 4002 3983
f 3985 4004 4003
f 3985 4003 3984
f 3986 4005 4004
f 3986 4004 3985
f 3987 4005 3986
f 3987 4006 4005
f 3988 4006 3987
f 3988 4007 4006
f 3989 4007 3988
f 3989 4008 4007
f 3990 4008 3989
f 3990 4009 4008
f 4059 4033 4034
f 4060 4032 4033
f 4060 4033 4059
f 4061 4031 4032
f 4061 4032 4060
f 4058 4034 4035
f 4058 4059 4034
f 4062 4030 4031
f 4062 4031 4061
f 4057 4035 4036
f 4057 4058 4035
f 4063 4029 4030
f 4063 4030 4062
f 4056 4036 4037
f 4056 4057 4036
f 4064 4028 4029
f 4064 4029 4063
f 4055 4056 4037
f 4055 4037 4038
f 4065 4028 4064
f 4065 4027 4028
f 4054 4055 4038
f 4054 4038 4039
f 4066 4027 4065
f 4066 4026 4027
f 4053 4054 4039
f 4040 4053 4039
f 4067 4025 4026
f 4067 4026 4066
f 4052 4053 4040
f 4041 4052 4040
f 4068 4025 4067
f 4068 4024 4025
f 4051 4052 4041
f 4042 4051 4041
f 4042 4050 4051
f 4023 4024 4068
f 4023 4068 4069
f 4043 4049 4050
f 4043 4050 4042
f 4022 4023 4069
f 4022 4069 4070
f 4048 4049 4043
f 4044 4047 4048
f 4044 4048 4043
f 4021 4070 4071
f 4021 4022 4070
f 4045 4046 4047
f 4045 4047 4044
f 4020 4071 4072
f 4020 4021 4071
f 4019 4072 4073
f 4019 4020 4072
f 4010 4081 4046
f 4010 4046 4045
f 4018 4073 4074
f 4018 4019 4073
f 4011 4080 4081
f 4011 4081 4010
f 4017 4074 4075
f 4017 4018 4074
f 4012 4079 4080
f 4012 4080 4011
f 4016 4075 4076
f 4016 4017 4075
f 4013 4079 4012
f 4013 4078 4079
f 4014 4078 4013
f 4014 4077 4078
f 4015 4016 4076
f 4015 4077 4014
f 4015 4076 4077
f 4083 4101 4082
f 4083 4102 4101
f 4084 4103 4102
f 4084 4102 4083
f 4085 4104 4103
f 4085 4103 4084
f 4086 4105 4104
f 4086 4104 4085
f 4087 4106 4105
f 4087 4107 4106
f 4087 4105 4086
f 4088 4107 4087
f 4089 4108 4107
f 4089 4107 4088
f 4090 4109 4108
f 4090 4108 4089
f 4091 4110 4109
f 4091 4109 4090
f 4092 4111 4110
f 4092 4110 4091
f 4093 4112 4111
f 4093 4111 4092
f 4094 4113 4112
f 4094 4112 4093
f 4095 4114 4113
f 4095 4113 4094
f 4096 4115 4114
f 4096 4114 4095
f 4097 4115 4096
f 4097 4116 4115
f 4098 4116 4097
f 4098 4117 4116
f 4099 4117 4098
f 4099 4118 4117
f 4100 4118 4099
f 4100 4119 4118
f 4170 4141 4142
f 4169 4142 4143
f 4169 4170 4142
f 4171 4140 4141
f 4171 4141 4170
f 4168 4143 4144
f 4168 4169 4143
f 4172 4140 4171
f 4172 4139 4140
f 4167 4144 4145
f 4167 4168 4144
f 4173 4138 4139
f 4173 4139 4172
f 4166 4145 4146
f 4166 4167 4145
f 4174 4138 4173
f 4174 4137 4138
f 4165 4146 4147
f 4165 4166 4146
f 4175 4137 4174
f 4175 4136 4137
f 4164 4165 4147
f 4164 4147 4148
f 4176 4136 4175
f 4163 4164 4148
f 4163 4148 4149
f 4135 4136 4176
f 4177 4135 4176
f 4162 4163 4149
f 4162 4149 4150
f 4178 4134 4135
f 4178 4135 4177
f 4161 4150 4151
f 4161 4162 4150
f 4179 4134 4178
f 4160 4161 4151
f 4133 4134 4179
f 4152 4160 4151
f 4180 4133 4179
f 4132 4133 4180
f 4153 4159 4160
f 4153 4160 4152
f 4181 4132 4180
f 4131 4181 4182
f 4131 4132 4181
f 4154 4158 4159
f 4154 4159 4153
f 4130 4182 4183
f 4130 4131 4182
f 4155 4157 4158
f 4155 4158 4154
f 4129 4183 4184
f 4129 4130 4183
f 4120 4156 4157
f 4120 4157 4155
f 4128 4184 4185
f 4128 4129 4184
f 4121 4191 4156
f 4121 4156 4120
f 4127 4185 4186
f 4127 4128 4185
f 4122 4190 4191
f 4122 4191 4121
f 4126 4186 4187
f 4126 4127 4186
f 4123 4190 4122
f 4123 4189 4190
f 4125 4126 4187
f 4125 4187 4188
f 4124 4189 4123
f 4124 4125 4188
f 4124 4188 4189
f 4193 4211 4192
f 4193 4212 4211
f 4194 4213 4212
f 4194 4212 4193
f 4195 4214 4213
f 4195 4213 4194
f 4196 4215 4214
f 4196 4214 4195
f 4197 4216 4215
f 4197 4217 4216
f 4197 4215 4196
f 4198 4217 4197
f 4199 4218 4217
f 4199 4217 4198
f 4200 4219 4218
f 4200 4218 4199
f 4201 4220 4219
f 4201 4219 4200
f 4202 4221 4220
f 4202 4220 4201
f 4203 4222 4221
f 4203 4221 4202
f 4204 4223 4222
f 4204 4222 4203
f 4205 4224 4223
f 4205 4223 4204
f 4206 4225 4224
f 4206 4224 4205
f 4207 4225 4206
f 4207 4226 4225
f 4208 4226 4207
f 4208 4227 4226
f 4209 4227 4208
f 4209 4228 4227
f 4210 4228 4209
f 4210 4229 4228
f 4280 4251 4252
f 4279 4252 4253
f 4279 4280 4252
f 4278 4253 4254
f 4278 4279 4253
f 4281 4250 4251
f 4281 4251 4280
f 4282 4249 4250
f 4282 4250 4281
f 4277 4254 4255
f 4277 4278 4254
f 4283 4249 4282
f 4283 4248 4249
f 4276 4255 4256
f 4276 4256 4257
f 4276 4277 4255
f 4284 4248 4283
f 4284 4247 4248
f 4275 4257 4258
f 4275 4276 4257
f 4285 4246 4247
f 4285 4247 4284
f 4274 4275 4258
f 4274 4258 4259
f 4286 4246 4285
f 4273 4274 4259
f 4260 4273 4259
f 4245 4246 4286
f 4287 4245 4286
f 4272 4273 4260
f 4261 4272 4260
f 4244 4245 4287
f 4288 4244 4287
f 4271 4272 4261
f 4243 4244 4288
f 4243 4288 4289
f 4262 4271 4261
f 4262 4270 4271
f 4263 4269 4270
f 4263 4270 4262
f 4242 4243 4289
f 4242 4289 4290
f 4264 4268 4269
f 4264 4269 4263
f 4241 4290 4291
f 4241 4242 4290
f 4265 4267 4268
f 4265 4268 4264
f 4240 4291 4292
f 4240 4241 4291
f 4239 4292 4293
f 4239 4240 4292
f 4230 4266 4267
f 4230 4267 4265
f 4238 4293 4294
f 4238 4294 4295
f 4238 4239 4293
f 4231 4301 4266
f 4231 4266 4230
f 4237 4295 4296
f 4237 4238 4295
f 4232 4300 4301
f 4232 4301 4231
f 4236 4296 4297
f 4236 4237 4296
f 4233 4300 4232
f 4233 4299 4300
f 4234 4299 4233
f 4234 4298 4299
f 4235 4236 4297
f 4235 4298 4234
f 4235 4297 4298
f 4303 4321 4302
f 4303 4322 4321
f 4304 4323 4322
f 4304 4322 4303
f 4305 4324 4323
f 4305 4323 4304
f 4306 4325 4324
f 4306 4324 4305
f 4307 4326 4325
f 4307 4327 4326
f 4307 4325 4306
f 4308 4327 4307
f 4309 4328 4327
f 4309 4327 4308
f 4310 4329 4328
f 4310 4328 4309
f 4311 4330 4329
f 4311 4329 4310
f 4312 4331 4330
f 4312 4330 4311
f 4313 4332 4331
f 4313 4331 4312
f 4314 4333 4332
f 4314 4332 4313
f 4315 4334 4333
f 4315 4333 4314
f 4316 4335 4334
f 4316 4334 4315
f 4317 4335 4316
f 4317 4336 4335
f 4318 4336 4317
f 4318 4337 4336
f 4319 4337 4318
f 4319 4338 4337
f 4320 4338 4319
f 4320 4339 4338
f 4389 4362 4363
f 4390 4361 4362
f 4390 4362 4389
f 4391 4360 4361
f 4391 4361 4390
f 4388 4363 4364
f 4388 4389 4363
f 4392 4359 4360
f 4392 4360 4391
f 4387 4364 4365
f 4387 4388 4364
f 4393 4358 4359
f 4393 4359 4392
f 4386 4365 4366
f 4386 4387 4365
f 4394 4358 4393
f 4394 4357 4358
f 4385 4386 4366
f 4385 4366 4367
f 4395 4357 4394
f 4395 4356 4357
f 4384 4385 4367
f 4384 4367 4368
f 4396 4356 4395
f 4383 4384 4368
f 4383 4368 4369
f 4355 4356 4396
f 4397 4355 4396
f 4382 4369 4370
f 4382 4383 4369
f 4398 4354 4355
f 4398 4355 4397
f 4381 4382 4370
f 4381 4370 4371
f 4399 4354 4398
f 4380 4381 4371
f 4372 4380 4371
f 4353 4354 4399
f 4400 4353 4399
f 4379 4380 4372
f 4373 4379 4372
f 4352 4353 4400
f 4401 4352 4400
f 4374 4378 4379
f 4374 4379 4373
f 4351 4401 4402
f 4351 4352 4401
f 4375 4377 4378
f 4375 4378 4374
f 4350 4402 4403
f 4350 4351 4402
f 4349 4403 4404
f 4349 4350 4403
f 4340 4376 4377
f 4340 4377 4375
f 4348 4404 4405
f 4348 4349 4404
f 4341 4411 4376
f 4341 4376 4340
f 4347 4405 4406
f 4347 4348 4405
f 4342 4410 4411
f 4342 4411 4341
f 4343 4410 4342
f 4343 4409 4410
f 4346 4406 4407
f 4346 4347 4406
f 4344 4409 4343
f 4344 4408 4409
f 4345 4346 4407
f 4345 4408 4344
f 4345 4407 4408
f 4413 4431 4412
f 4413 4432 4431
f 4414 4433 4432
f 4414 4432 4413
f 4415 4434 4433
f 4415 4433 4414
f 4416 4435 4434
f 4416 4434 4415
f 4417 4436 4435
f 4417 4437 4436
f 4417 4435 4416
f 4418 4437 4417
f 4419 4438 4437
f 4419 4437 4418
f 4420 4439 4438
f 4420 4438 4419
f 4421 4440 4439
f 4421 4439 4420
f 4422 4441 4440
f 4422 4440 4421
f 4423 4442 4441
f 4423 4441 4422
f 4424 4443 4442
f 4424 4442 4423
f 4425 4444 4443
f 4425 4443 4424
f 4426 4445 4444
f 4426 4444 4425
f 4427 4445 4426
f 4427 4446 4445
f 4428 4446 4427
f 4428 4447 4446
f 4429 4447 4428
f 4429 4448 4447
f 4430 4448 4429
f 4430 4449 4448
f 4500 4472 4473
f 4499 4473 4474
f 4499 4500 4473
f 4501 4470 4471
f 4501 4471 4472
f 4501 4472 4500
f 4498 4474 4475
f 4498 4499 4474
f 4502 4469 4470
f 4502 4470 4501
f 4497 4475 4476
f 4497 4498 4475
f 4503 4468 4469
f 4503 4469 4502
f 4496 4497 4476
f 4496 4476 4477
f 4504 4468 4503
f 4504 4467 4468
f 4495 4496 4477
f 4495 4477 4478
f 4505 4467 4504
f 4505 4466 4467
f 4494 4495 4478
f 4494 4478 4479
f 4506 4466 4505
f 4493 4494 4479
f 4465 4466 4506
f 4480 4493 4479
f 4507 4465 4506
f 4492 4493 4480
f 4464 4465 4507
f 4481 4492 4480
f 4508 4464 4507
f 4491 4492 4481
f 4463 4464 4508
f 4463 4508 4509
f 4482 4490 4491
f 4482 4491 4481
f 4462 4463 4509
f 4462 4509 4510
f 4483 4489 4490
f 4483 4490 4482
f 4461 4462 4510
f 4461 4510 4511
f 4484 4488 4489
f 4484 4489 4483
f 4460 4511 4512
f 4460 4461 4511
f 4485 4487 4488
f 4485 4488 4484
f 4459 4512 4513
f 4459 4460 4512
f 4450 4486 4487
f 4450 4487 4485
f 4458 4513 4514
f 4458 4459 4513
f 4451 4521 4486
f 4451 4486 4450
f 4457 4514 4515
f 4457 4458 4514
f 4452 4520 4521
f 4452 4521 4451
f 4456 4515 4516
f 4456 4457 4515
f 4453 4520 4452
f 4453 4518 4519
f 4453 4519 4520
f 4454 4518 4453
f 4454 4517 4518
f 4455 4456 4516
f 4455 4517 4454
f 4455 4516 4517
f 4523 4541 4522
f 4523 4542 4541
f 4524 4543 4542
f 4524 4542 4523
f 4525 4544 4543
f 4525 4543 4524
f 4526 4545 4544
f 4526 4544 4525
f 4527 4546 4545
f 4527 4547 4546
f 4527 4545 4526
f 4528 4547 4527
f 4529 4548 4547
f 4529 4547 4528
f 4530 4549 4548
f 4530 4548 4529
f 4531 4550 4549
f 4531 4549 4530
f 4532 4551 4550
f 4532 4550 4531
f 4533 4552 4551
f 4533 4551 4532
f 4534 4553 4552
f 4534 4552 4533
f 4535 4554 4553
f 4535 4553 4534
f 4536 4555 4554
f 4536 4554 4535
f 4537 4555 4536
f 4537 4556 4555
f 4538 4556 4537
f 4538 4557 4556
f 4539 4557 4538
f 4539 4558 4557
f 4540 4558 4539
f 4540 4559 4558
f 4562 4561 4563
f 4560 4561 4562
f 4564 4565 4566
f 4567 4564 4566
f 4570 4569 4568
f 4570 4568 4575
f 4571 4575 4576
f 4571 4570 4575
f 4572 4576 4577
f 4572 4571 4576
f 4573 4577 4574
f 4573 4572 4577
f 4583 4588 4584
f 4582 4587 4588
f 4582 4588 4583
f 4581 4586 4587
f 4581 4587 4582
f 4580 4585 4586
f 4580 4586 4581
f 4579 4578 4585
f 4579 4585 4580
f 4639 4610 4611
f 4638 4611 4612
f 4638 4639 4611
f 4640 4609 4610
f 4640 4610 4639
f 4637 4612 4613
f 4637 4638 4612
f 4641 4608 4609
f 4641 4609 4640
f 4636 4613 4614
f 4636 4637 4613
f 4642 4608 4641
f 4635 4614 4615
f 4635 4636 4614
f 4643 4608 4642
f 4643 4607 4608
f 4634 4635 4615
f 4634 4615 4616
f 4644 4607 4643
f 4644 4606 4607
f 4633 4634 4616
f 4633 4616 4617
f 4645 4605 4606
f 4645 4606 4644
f 4632 4633 4617
f 4632 4617 4618
f 4646 4604 4605
f 4646 4605 4645
f 4631 4632 4618
f 4631 4618 4619
f 4647 4603 4604
f 4647 4604 4646
f 4630 4631 4619
f 4630 4619 4620
f 4648 4603 4647
f 4629 4630 4620
f 4621 4629 4620
f 4602 4603 4648
f 4649 4602 4648
f 4628 4629 4621
f 4622 4628 4621
f 4601 4602 4649
f 4650 4601 4649
f 4627 4628 4622
f 4623 4627 4622
f 4600 4601 4650
f 4651 4600 4650
f 4626 4627 4623
f 4624 4626 4623
f 4599 4600 4651
f 4652 4599 4651
f 4625 4626 4624
f 4598 4599 4652
f 4598 4652 4653
f 4589 4625 4624
f 4597 4653 4654
f 4597 4598 4653
f 4590 4660 4625
f 4590 4625 4589
f 4596 4597 4654
f 4596 4654 4655
f 4591 4659 4660
f 4591 4660 4590
f 4595 4596 4655
f 4595 4655 4656
f 4592 4659 4591
f 4592 4658 4659
f 4593 4658 4592
f 4593 4657 4658
f 4594 4595 4656
f 4594 4657 4593
f 4594 4656 4657
f 4662 4680 4661
f 4662 4681 4680
f 4663 4682 4681
f 4663 4681 4662
f 4664 4683 4682
f 4664 4682 4663
f 4665 4684 4683
f 4665 4683 4664
f 4666 4685 4684
f 4666 4684 4665
f 4667 4686 4685
f 4667 4687 4686
f 4667 4685 4666
f 4668 4687 4667
f 4669 4688 4687
f 4669 4689 4688
f 4669 4687 4668
f 4670 4689 4669
f 4671 4690 4689
f 4671 4691 4690
f 4671 4689 4670
f 4672 4691 4671
f 4673 4692 4691
f 4673 4691 4672
f 4674 4693 4692
f 4674 4692 4673
f 4675 4694 4693
f 4675 4693 4674
f 4676 4694 4675
f 4676 4695 4694
f 4677 4695 4676
f 4677 4696 4695
f 4678 4696 4677
f 4678 4697 4696
f 4679 4697 4678
f 4679 4698 4697
f 4749 4721 4722
f 4748 4722 4723
f 4748 4749 4722
f 4750 4719 4720
f 4750 4720 4721
f 4750 4721 4749
f 4747 4723 4724
f 4747 4748 4723
f 4751 4718 4719
f 4751 4719 4750
f 4746 4724 4725
f 4746 4747 4724
f 4752 4717 4718
f 4752 4718 4751
f 4745 4746 4725
f 4745 4725 4726
f 4753 4717 4752
f 4744 4745 4726
f 4727 4744 4726
f 4716 4717 4753
f 4754 4716 4753
f 4743 4744 4727
f 4728 4743 4727
f 4715 4716 4754
f 4755 4715 4754
f 4742 4743 4728
f 4729 4742 4728
f 4714 4715 4755
f 4756 4714 4755
f 4741 4742 4729
f 4730 4741 4729
f 4713 4714 4756
f 4757 4713 4756
f 4740 4741 4730
f 4731 4740 4730
f 4731 4739 4740
f 4712 4713 4757
f 4712 4757 4758
f 4732 4738 4739
f 4732 4739 4731
f 4711 4712 4758
f 4711 4758 4759
f 4733 4737 4738
f 4733 4738 4732
f 4710 4711 4759
f 4710 4759 4760
f 4734 4736 4737
f 4734 4737 4733
f 4709 4710 4760
f 4709 4760 4761
f 4708 4761 4762
f 4708 4709 4761
f 4699 4735 4736
f 4699 4736 4734
f 4707 4762 4763
f 4707 4708 4762
f 4700 4770 4735
f 4700 4735 4699
f 4706 4763 4764
f 4706 4707 4763
f 4701 4769 4770
f 4701 4770 4700
f 4702 4769 4701
f 4702 4767 4768
f 4702 4768 4769
f 4705 4706 4764
f 4705 4764 4765
f 4703 4767 4702
f 4703 4766 4767
f 4704 4705 4765
f 4704 4766 4703
f 4704 4765 4766
f 4772 4790 4771
f 4772 4791 4790
f 4773 4792 4791
f 4773 4791 4772
f 4774 4793 4792
f 4774 4792 4773
f 4775 4794 4793
f 4775 4793 4774
f 4776 4795 4794
f 4776 4794 4775
f 4777 4796 4795
f 4777 4797 4796
f 4777 4795 4776
f 4778 4797 4777
f 4779 4798 4797
f 4779 4799 4798
f 4779 4797 4778
f 4780 4799 4779
f 4781 4800 4799
f 4781 4801 4800
f 4781 4799 4780
f 4782 4801 4781
f 4783 4802 4801
f 4783 4801 4782
f 4784 4803 4802
f 4784 4802 4783
f 4785 4804 4803
f 4785 4803 4784
f 4786 4804 4785
f 4786 4805 4804
f 4787 4805 4786
f 4787 4806 4805
f 4788 4806 4787
f 4788 4807 4806
f 4789 4807 4788
f 4789 4808 4807
f 4859 4831 4832
f 4858 4832 4833
f 4858 4859 4832
f 4860 4830 4831
f 4860 4831 4859
f 4857 4833 4834
f 4857 4858 4833
f 4861 4829 4830
f 4861 4830 4860
f 4856 4834 4835
f 4856 4857 4834
f 4862 4828 4829
f 4862 4829 4861
f 4855 4835 4836
f 4855 4856 4835
f 4863 4828 4862
f 4863 4827 4828
f 4854 4855 4836
f 4837 4854 4836
f 4864 4827 4863
f 4864 4826 4827
f 4853 4854 4837
f 4838 4853 4837
f 4865 4825 4826
f 4865 4826 4864
f 4852 4853 4838
f 4839 4852 4838
f 4824 4825 4865
f 4866 4824 4865
f 4851 4852 4839
f 4840 4851 4839
f 4823 4824 4866
f 4867 4823 4866
f 4850 4851 4840
f 4841 4850 4840
f 4841 4849 4850
f 4822 4823 4867
f 4822 4867 4868
f 4842 4848 4849
f 4842 4849 4841
f 4821 4822 4868
f 4821 4868 4869
f 4843 4847 4848
f 4843 4848 4842
f 4820 4869 4870
f 4820 4821 4869
f 4846 4847 4843
f 4844 4846 4843
f 4819 4870 4871
f 4819 4820 4870
f 4845 4846 4844
f 4818 4819 4871
f 4818 4871 4872
f 4809 4845 4844
f 4809 4880 4845
f 4817 4818 4872
f 4817 4872 4873
f 4810 4879 4880
f 4810 4880 4809
f 4816 4873 4874
f 4816 4817 4873
f 4811 4878 4879
f 4811 4879 4810
f 4812 4878 4811
f 4812 4877 4878
f 4815 4816 4874
f 4815 4874 4875
f 4813 4877 4812
f 4813 4876 4877
f 4814 4815 4875
f 4814 4876 4813
f 4814 4875 4876
f 4882 4900 4881
f 4882 4901 4900
f 4883 4902 4901
f 4883 4901 4882
f 4884 4903 4902
f 4884 4902 4883
f 4885 4904 4903
f 4885 4903 4884
f 4886 4905 4904
f 4886 4904 4885
f 4887 4906 4905
f 4887 4905 4886
f 4888 4907 4906
f 4888 4906 4887
f 4889 4908 4907
f 4889 4909 4908
f 4889 4907 4888
f 4890 4909 4889
f 4891 4910 4909
f 4891 4909 4890
f 4892 4911 4910
f 4892 4910 4891
f 4893 4912 4911
f 4893 4911 4892
f 4894 4913 4912
f 4894 4912 4893
f 4895 4914 4913
f 4895 4913 4894
f 4896 4914 4895
f 4896 4915 4914
f 4897 4915 4896
f 4897 4916 4915
f 4898 4916 4897
f 4898 4917 4916
f 4899 4917 4898
f 4899 4918 4917
f 4969 4941 4942
f 4968 4942 4943
f 4968 4969 4942
f 4970 4940 4941
f 4970 4941 4969
f 4967 4943 4944
f 4967 4968 4943
f 4971 4939 4940
f 4971 4940 4970
f 4966 4944 4945
f 4966 4967 4944
f 4972 4938 4939
f 4972 4939 4971
f 4965 4945 4946
f 4965 4966 4945
f 4973 4937 4938
f 4973 4938 4972
f 4964 4965 4946
f 4947 4964 4946
f 4974 4937 4973
f 4974 4936 4937
f 4963 4964 4947
f 4948 4963 4947
f 4975 4936 4974
f 4975 4935 4936
f 4962 4963 4948
f 4949 4962 4948
f 4976 4935 4975
f 4976 4934 4935
f 4961 4962 4949
f 4977 4933 4934
f 4977 4934 4976
f 4960 4949 4950
f 4960 4961 4949
f 4978 4933 4977
f 4959 4960 4950
f 4951 4959 4950
f 4932 4933 4978
f 4979 4932 4978
f 4958 4959 4951
f 4952 4958 4951
f 4931 4932 4979
f 4957 4958 4952
f 4953 4957 4952
f 4930 4979 4980
f 4930 4931 4979
f 4956 4957 4953
f 4954 4956 4953
f 4929 4930 4980
f 4929 4980 4981
f 4955 4956 4954
f 4928 4981 4982
f 4928 4929 4981
f 4919 4990 4955
f 4919 4955 4954
f 4927 4928 4982
f 4927 4982 4983
f 4920 4989 4990
f 4920 4990 4919
f 4926 4983 4984
f 4926 4927 4983
f 4921 4988 4989
f 4921 4989 4920
f 4925 4926 4984
f 4925 4984 4985
f 4922 4988 4921
f 4922 4987 4988
f 4923 4987 4922
f 4923 4986 4987
f 4924 4985 4986
f 4924 4925 4985
f 4924 4986 4923
f 4992 5010 4991
f 4992 5011 5010
f 4993 5012 5011
f 4993 5011 4992
f 4994 5013 5012
f 4994 5012 4993
f 4995 5014 5013
f 4995 5013 4994
f 4996 5015 5014
f 4996 5014 4995
f 4997 5016 5015
f 4997 5017 5016
f 4997 5015 4996
f 4998 5017 4997
f 4999 5018 5017
f 4999 5019 5018
f 4999 5017 4998
f 5000 5019 4999
f 5001 5020 5019
f 5001 5021 5020
f 5001 5019 5000
f 5002 5021 5001
f 5003 5022 5021
f 5003 5021 5002
f 5004 5023 5022
f 5004 5022 5003
f 5005 5024 5023
f 5005 5023 5004
f 5006 5024 5005
f 5006 5025 5024
f 5007 5025 5006
f 5007 5026 5025
f 5008 5026 5007
f 5008 5027 5026
f 5009 5027 5008
f 5009 5028 5027
f 5079 5051 5052
f 5078 5052 5053
f 5078 5079 5052
f 5080 5050 5051
f 5080 5051 5079
f 5077 5053 5054
f 5077 5078 5053
f 5081 5049 5050
f 5081 5050 5080
f 5076 5054 5055
f 5076 5077 5054
f 5082 5048 5049
f 5082 5049 5081
f 5075 5055 5056
f 5075 5076 5055
f 5083 5047 5048
f 5083 5048 5082
f 5074 5075 5056
f 5057 5074 5056
f 5084 5047 5083
f 5084 5046 5047
f 5073 5074 5057
f 5058 5073 5057
f 5085 5046 5084
f 5085 5045 5046
f 5072 5073 5058
f 5086 5045 5085
f 5086 5044 5045
f 5071 5072 5058
f 5071 5058 5059
f 5060 5071 5059
f 5087 5044 5086
f 5087 5043 5044
f 5070 5071 5060
f 5088 5043 5087
f 5061 5070 5060
f 5061 5069 5070
f 5042 5043 5088
f 5089 5042 5088
f 5062 5068 5069
f 5062 5069 5061
f 5041 5042 5089
f 5090 5041 5089
f 5063 5067 5068
f 5063 5068 5062
f 5040 5041 5090
f 5064 5066 5067
f 5064 5067 5063
f 5039 5090 5091
f 5039 5040 5090
f 5092 5039 5091
f 5038 5092 5093
f 5038 5039 5092
f 5029 5065 5066
f 5029 5066 5064
f 5037 5093 5094
f 5037 5038 5093
f 5030 5100 5065
f 5030 5065 5029
f 5036 5037 5094
f 5031 5099 5100
f 5031 5100 5030
f 5032 5097 5098
f 5032 5098 5099
f 5032 5099 5031
f 5035 5094 5095
f 5035 5036 5094
f 5033 5097 5032
f 5034 5035 5095
f 5034 5097 5033
f 5034 5095 5096
f 5034 5096 5097
f 5102 5120 5101
f 5102 5121 5120
f 5103 5122 5121
f 5103 5121 5102
f 5104 5123 5122
f 5104 5122 5103
f 5105 5124 5123
f 5105 5123 5104
f 5106 5125 5124
f 5106 5124 5105
f 5107 5126 5125
f 5107 5127 5126
f 5107 5125 5106
f 5108 5127 5107
f 5109 5128 5127
f 5109 5129 5128
f 5109 5127 5108
f 5110 5129 5109
f 5111 5130 5129
f 5111 5131 5130
f 5111 5129 5110
f 5112 5131 5111
f 5113 5132 5131
f 5113 5131 5112
f 5114 5133 5132
f 5114 5132 5113
f 5115 5134 5133
f 5115 5133 5114
f 5116 5134 5115
f 5116 5135 5134
f 5117 5135 5116
f 5117 5136 5135
f 5118 5136 5117
f 5118 5137 5136
f 5119 5137 5118
f 5119 5138 5137
f 5189 5160 5161
f 5188 5161 5162
f 5188 5189 5161
f 5190 5159 5160
f 5190 5160 5189
f 5187 5162 5163
f 5187 5188 5162
f 5191 5158 5159
f 5191 5159 5190
f 5186 5163 5164
f 5186 5187 5163
f 5192 5157 5158
f 5192 5158 5191
f 5185 5164 5165
f 5185 5186 5164
f 5193 5157 5192
f 5184 5185 5165
f 5184 5165 5166
f 5156 5157 5193
f 5194 5156 5193
f 5183 5184 5166
f 5183 5166 5167
f 5155 5156 5194
f 5195 5155 5194
f 5182 5183 5167
f 5182 5167 5168
f 5154 5155 5195
f 5196 5154 5195
f 5181 5182 5168
f 5181 5168 5169
f 5197 5153 5154
f 5197 5154 5196
f 5180 5169 5170
f 5180 5181 5169
f 5198 5153 5197
f 5171 5179 5180
f 5171 5180 5170
f 5152 5153 5198
f 5199 5152 5198
f 5172 5178 5179
f 5172 5179 5171
f 5151 5152 5199
f 5200 5151 5199
f 5173 5177 5178
f 5173 5178 5172
f 5150 5151 5200
f 5201 5150 5200
f 5174 5176 5177
f 5174 5177 5173
f 5149 5150 5201
f 5202 5149 5201
f 5148 5202 5203
f 5148 5149 5202
f 5139 5175 5176
f 5139 5176 5174
f 5147 5203 5204
f 5147 5148 5203
f 5140 5210 5175
f 5140 5175 5139
f 5146 5147 5204
f 5146 5204 5205
f 5141 5210 5140
f 5141 5209 5210
f 5145 5146 5205
f 5145 5205 5206
f 5142 5209 5141
f 5142 5208 5209
f 5143 5208 5142
f 5143 5207 5208
f 5144 5145 5206
f 5144 5207 5143
f 5144 5206 5207
f 5212 5230 5211
f 5212 5231 5230
f 5213 5232 5231
f 5213 5231 5212
f 5214 5233 5232
f 5214 5232 5213
f 5215 5234 5233
f 5215 5233 5214
f 5216 5235 5234
f 5216 5234 5215
f 5217 5236 5235
f 5217 5235 5216
f 5218 5237 5236
f 5218 5236 5217
f 5219 5238 5237
f 5219 5239 5238
f 5219 5237 5218
f 5220 5239 5219
f 5221 5240 5239
f 5221 5239 5220
f 5222 5241 5240
f 5222 5240 5221
f 5223 5242 5241
f 5223 5241 5222
f 5224 5243 5242
f 5224 5242 5223
f 5225 5244 5243
f 5225 5243 5224
f 5226 5244 5225
f 5226 5245 5244
f 5227 5245 5226
f 5227 5246 5245
f 5228 5246 5227
f 5228 5247 5246
f 5229 5247 5228
f 5229 5248 5247
