# generated by step_to_parts.py -- 4808 verts, 4884 tris
v 0.197989 -0.583998 -0.087620
v 0.198455 -0.587792 -0.084741
v 0.198862 -0.591106 -0.081315
v 0.199200 -0.593865 -0.077420
v 0.199463 -0.596003 -0.073148
v 0.199643 -0.597471 -0.068597
v 0.198409 -0.584162 -0.087954
v 0.200084 -0.597806 -0.068691
v 0.199901 -0.596319 -0.073299
v 0.199636 -0.594154 -0.077625
v 0.199293 -0.591360 -0.081569
v 0.198880 -0.588004 -0.085039
v 0.197989 -0.583998 -0.087620
v 0.198409 -0.584162 -0.087954
v 0.193871 -0.550458 -0.034798
v 0.193343 -0.546161 -0.038133
v 0.192894 -0.542504 -0.042169
v 0.192537 -0.539598 -0.046784
v 0.192283 -0.537531 -0.051837
v 0.192140 -0.536367 -0.057175
v 0.192113 -0.536141 -0.062636
v 0.192201 -0.536859 -0.068053
v 0.192402 -0.538500 -0.073262
v 0.192711 -0.541014 -0.078105
v 0.193117 -0.544324 -0.082434
v 0.193609 -0.548331 -0.086119
v 0.194172 -0.552911 -0.089047
v 0.194788 -0.557926 -0.091129
v 0.195438 -0.563225 -0.092301
v 0.196104 -0.568644 -0.092530
v 0.196764 -0.574021 -0.091806
v 0.197399 -0.579191 -0.090153
v 0.194238 -0.550198 -0.034463
v 0.197811 -0.579294 -0.090519
v 0.197168 -0.574059 -0.092193
v 0.196500 -0.568614 -0.092926
v 0.195826 -0.563126 -0.092695
v 0.195167 -0.557760 -0.091507
v 0.194543 -0.552681 -0.089399
v 0.193974 -0.548043 -0.086434
v 0.193476 -0.543986 -0.082703
v 0.193064 -0.540634 -0.078319
v 0.192752 -0.538088 -0.073414
v 0.192548 -0.536426 -0.068139
v 0.192458 -0.535699 -0.062654
v 0.192486 -0.535928 -0.057124
v 0.192631 -0.537107 -0.051719
v 0.192888 -0.539200 -0.046602
v 0.193249 -0.542142 -0.041928
v 0.193704 -0.545846 -0.037841
v 0.198661 -0.549870 -0.034798
v 0.199174 -0.554054 -0.032534
v 0.199724 -0.558531 -0.030939
v 0.200297 -0.563198 -0.030048
v 0.200880 -0.567944 -0.029883
v 0.201459 -0.572660 -0.030448
v 0.198241 -0.549706 -0.034463
v 0.201074 -0.572784 -0.030059
v 0.200488 -0.568009 -0.029487
v 0.199898 -0.563202 -0.029654
v 0.199318 -0.558477 -0.030556
v 0.198761 -0.553943 -0.032171
v 0.198661 -0.549870 -0.034798
v 0.198241 -0.549706 -0.034463
v 0.202779 -0.583410 -0.087620
v 0.202189 -0.578603 -0.090153
v 0.201554 -0.573433 -0.091806
v 0.200894 -0.568056 -0.092530
v 0.200228 -0.562636 -0.092301
v 0.199578 -0.557338 -0.091129
v 0.198962 -0.552323 -0.089047
v 0.198399 -0.547742 -0.086119
v 0.197907 -0.543736 -0.082434
v 0.197501 -0.540426 -0.078105
v 0.197192 -0.537912 -0.073262
v 0.196991 -0.536271 -0.068053
v 0.196903 -0.535553 -0.062636
v 0.196930 -0.535779 -0.057175
v 0.197073 -0.536943 -0.051837
v 0.197327 -0.539010 -0.046784
v 0.197684 -0.541916 -0.042169
v 0.198133 -0.545573 -0.038133
v 0.202411 -0.583671 -0.087954
v 0.197706 -0.545354 -0.037841
v 0.197252 -0.541651 -0.041928
v 0.196890 -0.538708 -0.046602
v 0.196633 -0.536616 -0.051719
v 0.196489 -0.535437 -0.057124
v 0.196460 -0.535208 -0.062654
v 0.196550 -0.535935 -0.068139
v 0.196754 -0.537597 -0.073414
v 0.197066 -0.540142 -0.078319
v 0.197478 -0.543495 -0.082703
v 0.197976 -0.547552 -0.086434
v 0.198546 -0.552190 -0.089399
v 0.199169 -0.557269 -0.091507
v 0.199828 -0.562634 -0.092695
v 0.200502 -0.568122 -0.092926
v 0.201170 -0.573567 -0.092193
v 0.201813 -0.578803 -0.090519
v 0.199525 -0.557828 -0.047310
v 0.195156 -0.560924 -0.051281
v 0.193945 -0.551067 -0.035757
v 0.193790 -0.549805 -0.036737
v 0.193658 -0.548730 -0.037924
v 0.193553 -0.547876 -0.039280
v 0.193479 -0.547269 -0.040765
v 0.193437 -0.546926 -0.042334
v 0.193429 -0.546860 -0.043938
v 0.193455 -0.547071 -0.045530
v 0.193514 -0.547553 -0.047061
v 0.193605 -0.548292 -0.048484
v 0.193724 -0.549265 -0.049757
v 0.193869 -0.550442 -0.050840
v 0.194034 -0.551788 -0.051700
v 0.194215 -0.553262 -0.052312
v 0.194406 -0.554819 -0.052656
v 0.194602 -0.556412 -0.052723
v 0.194796 -0.557992 -0.052511
v 0.194982 -0.559512 -0.052025
v 0.198934 -0.553014 -0.039728
v 0.198858 -0.552398 -0.040207
v 0.198794 -0.551873 -0.040786
v 0.198742 -0.551456 -0.041449
v 0.198706 -0.551159 -0.042174
v 0.198686 -0.550992 -0.042940
v 0.198682 -0.550959 -0.043724
v 0.198694 -0.551063 -0.044501
v 0.198723 -0.551298 -0.045249
v 0.198767 -0.551659 -0.045944
v 0.198826 -0.552134 -0.046565
v 0.198896 -0.552709 -0.047094
v 0.198977 -0.553366 -0.047514
v 0.199065 -0.554086 -0.047813
v 0.199159 -0.554847 -0.047982
v 0.199254 -0.555625 -0.048014
v 0.199349 -0.556396 -0.047910
v 0.199440 -0.557138 -0.047673
v 0.197098 -0.550956 -0.039666
v 0.196981 -0.550002 -0.041305
v 0.195390 -0.549942 -0.038669
v 0.196931 -0.549597 -0.043160
v 0.195243 -0.548741 -0.040731
v 0.196954 -0.549782 -0.045050
v 0.195180 -0.548232 -0.043067
v 0.197046 -0.550537 -0.046791
v 0.195209 -0.548464 -0.045447
v 0.197200 -0.551789 -0.048211
v 0.195326 -0.549414 -0.047638
v 0.197400 -0.553415 -0.049172
v 0.195519 -0.550990 -0.049425
v 0.197626 -0.555256 -0.049580
v 0.195770 -0.553037 -0.050635
v 0.197856 -0.557133 -0.049394
v 0.196055 -0.555356 -0.051148
v 0.196345 -0.557717 -0.050915
v 0.199636 -0.557815 -0.047310
v 0.199525 -0.557828 -0.047310
v 0.198934 -0.553014 -0.039728
v 0.198858 -0.552398 -0.040207
v 0.198794 -0.551873 -0.040786
v 0.198742 -0.551456 -0.041449
v 0.198706 -0.551159 -0.042174
v 0.198686 -0.550992 -0.042940
v 0.198682 -0.550959 -0.043724
v 0.198694 -0.551063 -0.044501
v 0.198723 -0.551298 -0.045249
v 0.198767 -0.551659 -0.045944
v 0.198826 -0.552134 -0.046565
v 0.198896 -0.552709 -0.047094
v 0.198977 -0.553366 -0.047514
v 0.199065 -0.554086 -0.047813
v 0.199159 -0.554847 -0.047982
v 0.199254 -0.555625 -0.048014
v 0.199349 -0.556396 -0.047910
v 0.199440 -0.557138 -0.047673
v 0.199045 -0.553001 -0.039728
v 0.198969 -0.552384 -0.040207
v 0.198905 -0.551859 -0.040786
v 0.198854 -0.551442 -0.041449
v 0.198817 -0.551145 -0.042174
v 0.198797 -0.550978 -0.042940
v 0.198793 -0.550946 -0.043724
v 0.198805 -0.551049 -0.044501
v 0.198834 -0.551284 -0.045249
v 0.198879 -0.551645 -0.045944
v 0.198937 -0.552120 -0.046565
v 0.199007 -0.552695 -0.047094
v 0.199088 -0.553353 -0.047514
v 0.199177 -0.554073 -0.047813
v 0.199270 -0.554833 -0.047982
v 0.199365 -0.555611 -0.048014
v 0.199460 -0.556383 -0.047910
v 0.199551 -0.557125 -0.047673
v 0.203060 -0.586619 -0.053683
v 0.198691 -0.589715 -0.057654
v 0.197480 -0.579858 -0.042130
v 0.197325 -0.578595 -0.043111
v 0.197193 -0.577520 -0.044297
v 0.197089 -0.576666 -0.045653
v 0.197014 -0.576059 -0.047138
v 0.196972 -0.575717 -0.048707
v 0.196964 -0.575650 -0.050311
v 0.196990 -0.575861 -0.051903
v 0.197049 -0.576344 -0.053434
v 0.197140 -0.577082 -0.054857
v 0.197259 -0.578055 -0.056130
v 0.197404 -0.579233 -0.057213
v 0.197569 -0.580579 -0.058073
v 0.197750 -0.582053 -0.058685
v 0.197941 -0.583610 -0.059030
v 0.198137 -0.585202 -0.059097
v 0.198331 -0.586782 -0.058884
v 0.198517 -0.588302 -0.058398
v 0.202469 -0.581805 -0.046101
v 0.202393 -0.581188 -0.046580
v 0.202329 -0.580663 -0.047159
v 0.202277 -0.580246 -0.047822
v 0.202241 -0.579949 -0.048547
v 0.202221 -0.579782 -0.049313
v 0.202217 -0.579750 -0.050097
v 0.202229 -0.579853 -0.050874
v 0.202258 -0.580088 -0.051622
v 0.202302 -0.580449 -0.052317
v 0.202361 -0.580924 -0.052939
v 0.202431 -0.581499 -0.053467
v 0.202512 -0.582157 -0.053888
v 0.202600 -0.582877 -0.054186
v 0.202694 -0.583637 -0.054355
v 0.202789 -0.584415 -0.054387
v 0.202884 -0.585187 -0.054284
v 0.202975 -0.585929 -0.054046
v 0.200633 -0.579746 -0.046039
v 0.200516 -0.578792 -0.047678
v 0.198925 -0.578732 -0.045042
v 0.200466 -0.578388 -0.049533
v 0.198778 -0.577532 -0.047105
v 0.200489 -0.578572 -0.051423
v 0.198715 -0.577022 -0.049440
v 0.200581 -0.579327 -0.053164
v 0.198744 -0.577254 -0.051820
v 0.200735 -0.580579 -0.054584
v 0.198861 -0.578205 -0.054011
v 0.200935 -0.582205 -0.055545
v 0.199054 -0.579781 -0.055799
v 0.201161 -0.584047 -0.055953
v 0.199305 -0.581828 -0.057008
v 0.201391 -0.585923 -0.055767
v 0.199590 -0.584146 -0.057521
v 0.199880 -0.586508 -0.057288
v 0.203171 -0.586605 -0.053683
v 0.203060 -0.586619 -0.053683
v 0.202469 -0.581805 -0.046101
v 0.202393 -0.581188 -0.046580
v 0.202329 -0.580663 -0.047159
v 0.202277 -0.580246 -0.047822
v 0.202241 -0.579949 -0.048547
v 0.202221 -0.579782 -0.049313
v 0.202217 -0.579750 -0.050097
v 0.202229 -0.579853 -0.050874
v 0.202258 -0.580088 -0.051622
v 0.202302 -0.580449 -0.052317
v 0.202361 -0.580924 -0.052939
v 0.202431 -0.581499 -0.053467
v 0.202512 -0.582157 -0.053888
v 0.202600 -0.582877 -0.054186
v 0.202694 -0.583637 -0.054355
v 0.202789 -0.584415 -0.054387
v 0.202884 -0.585187 -0.054284
v 0.202975 -0.585929 -0.054046
v 0.202580 -0.581791 -0.046101
v 0.202504 -0.581174 -0.046580
v 0.202440 -0.580649 -0.047159
v 0.202389 -0.580232 -0.047822
v 0.202352 -0.579936 -0.048547
v 0.202332 -0.579769 -0.049313
v 0.202328 -0.579736 -0.050097
v 0.202340 -0.579839 -0.050874
v 0.202369 -0.580075 -0.051622
v 0.202414 -0.580436 -0.052317
v 0.202472 -0.580911 -0.052939
v 0.202543 -0.581486 -0.053467
v 0.202623 -0.582143 -0.053888
v 0.202712 -0.582863 -0.054186
v 0.202805 -0.583623 -0.054355
v 0.202900 -0.584401 -0.054387
v 0.202995 -0.585173 -0.054284
v 0.203086 -0.585915 -0.054046
v 0.202283 -0.580293 -0.082689
v 0.197914 -0.583389 -0.086660
v 0.196704 -0.573532 -0.071137
v 0.196549 -0.572269 -0.072117
v 0.196417 -0.571195 -0.073303
v 0.196312 -0.570341 -0.074660
v 0.196237 -0.569733 -0.076145
v 0.196195 -0.569391 -0.077713
v 0.196187 -0.569325 -0.079318
v 0.196213 -0.569536 -0.080910
v 0.196272 -0.570018 -0.082441
v 0.196363 -0.570757 -0.083864
v 0.196482 -0.571730 -0.085136
v 0.196627 -0.572907 -0.086219
v 0.196792 -0.574253 -0.087080
v 0.196973 -0.575727 -0.087692
v 0.197164 -0.577284 -0.088036
v 0.197360 -0.578877 -0.088103
v 0.197554 -0.580457 -0.087891
v 0.197740 -0.581976 -0.087405
v 0.201692 -0.575479 -0.075108
v 0.201616 -0.574862 -0.075587
v 0.201552 -0.574337 -0.076166
v 0.201501 -0.573920 -0.076828
v 0.201464 -0.573624 -0.077554
v 0.201444 -0.573457 -0.078320
v 0.201440 -0.573424 -0.079104
v 0.201452 -0.573527 -0.079881
v 0.201481 -0.573763 -0.080629
v 0.201526 -0.574124 -0.081324
v 0.201584 -0.574599 -0.081945
v 0.201655 -0.575174 -0.082474
v 0.201735 -0.575831 -0.082894
v 0.201824 -0.576551 -0.083193
v 0.201917 -0.577311 -0.083361
v 0.202013 -0.578089 -0.083394
v 0.202107 -0.578861 -0.083290
v 0.202199 -0.579603 -0.083053
v 0.199856 -0.573420 -0.075046
v 0.199739 -0.572467 -0.076684
v 0.198149 -0.572407 -0.074049
v 0.199689 -0.572062 -0.078540
v 0.198001 -0.571206 -0.076111
v 0.199712 -0.572246 -0.080430
v 0.197939 -0.570697 -0.078447
v 0.199805 -0.573001 -0.082171
v 0.197967 -0.570929 -0.080826
v 0.199959 -0.574253 -0.083591
v 0.198084 -0.571879 -0.083017
v 0.200158 -0.575880 -0.084552
v 0.198277 -0.573455 -0.084805
v 0.200384 -0.577721 -0.084959
v 0.198529 -0.575502 -0.086015
v 0.200615 -0.579597 -0.084774
v 0.198813 -0.577820 -0.086528
v 0.199103 -0.580182 -0.086294
v 0.202394 -0.580279 -0.082689
v 0.202283 -0.580293 -0.082689
v 0.201692 -0.575479 -0.075108
v 0.201616 -0.574862 -0.075587
v 0.201552 -0.574337 -0.076166
v 0.201501 -0.573920 -0.076828
v 0.201464 -0.573624 -0.077554
v 0.201444 -0.573457 -0.078320
v 0.201440 -0.573424 -0.079104
v 0.201452 -0.573527 -0.079881
v 0.201481 -0.573763 -0.080629
v 0.201526 -0.574124 -0.081324
v 0.201584 -0.574599 -0.081945
v 0.201655 -0.575174 -0.082474
v 0.201735 -0.575831 -0.082894
v 0.201824 -0.576551 -0.083193
v 0.201917 -0.577311 -0.083361
v 0.202013 -0.578089 -0.083394
v 0.202107 -0.578861 -0.083290
v 0.202199 -0.579603 -0.083053
v 0.201803 -0.575465 -0.075108
v 0.201728 -0.574849 -0.075587
v 0.201663 -0.574324 -0.076166
v 0.201612 -0.573907 -0.076828
v 0.201576 -0.573610 -0.077554
v 0.201555 -0.573443 -0.078320
v 0.201551 -0.573411 -0.079104
v 0.201564 -0.573514 -0.079881
v 0.201593 -0.573749 -0.080629
v 0.201637 -0.574110 -0.081324
v 0.201695 -0.574585 -0.081945
v 0.201766 -0.575160 -0.082474
v 0.201847 -0.575818 -0.082894
v 0.201935 -0.576537 -0.083193
v 0.202028 -0.577298 -0.083361
v 0.202124 -0.578076 -0.083394
v 0.202219 -0.578847 -0.083290
v 0.202310 -0.579589 -0.083053
v 0.198748 -0.551503 -0.076316
v 0.194379 -0.554599 -0.080287
v 0.193169 -0.544742 -0.064764
v 0.193014 -0.543479 -0.065744
v 0.192882 -0.542404 -0.066930
v 0.192777 -0.541550 -0.068286
v 0.192702 -0.540943 -0.069771
v 0.192660 -0.540601 -0.071340
v 0.192652 -0.540534 -0.072945
v 0.192678 -0.540745 -0.074537
v 0.192737 -0.541228 -0.076068
v 0.192828 -0.541966 -0.077491
v 0.192947 -0.542939 -0.078763
v 0.193092 -0.544117 -0.079846
v 0.193257 -0.545463 -0.080707
v 0.193438 -0.546937 -0.081318
v 0.193629 -0.548494 -0.081663
v 0.193825 -0.550086 -0.081730
v 0.194019 -0.551666 -0.081517
v 0.194205 -0.553186 -0.081032
v 0.198157 -0.546689 -0.068735
v 0.198081 -0.546072 -0.069214
v 0.198017 -0.545547 -0.069793
v 0.197966 -0.545130 -0.070455
v 0.197929 -0.544833 -0.071181
v 0.197909 -0.544666 -0.071947
v 0.197905 -0.544634 -0.072730
v 0.197917 -0.544737 -0.073508
v 0.197946 -0.544972 -0.074256
v 0.197991 -0.545333 -0.074951
v 0.198049 -0.545808 -0.075572
v 0.198120 -0.546383 -0.076101
v 0.198200 -0.547041 -0.076521
v 0.198289 -0.547761 -0.076820
v 0.198382 -0.548521 -0.076988
v 0.198478 -0.549299 -0.077021
v 0.198572 -0.550071 -0.076917
v 0.198663 -0.550813 -0.076680
v 0.196321 -0.544630 -0.068673
v 0.196204 -0.543676 -0.070311
v 0.194614 -0.543616 -0.067675
v 0.196154 -0.543272 -0.072166
v 0.194466 -0.542416 -0.069738
v 0.196177 -0.543456 -0.074057
v 0.194404 -0.541906 -0.072073
v 0.196270 -0.544211 -0.075797
v 0.194432 -0.542138 -0.074453
v 0.196423 -0.545463 -0.077218
v 0.194549 -0.543089 -0.076644
v 0.196623 -0.547089 -0.078179
v 0.194742 -0.544665 -0.078432
v 0.196849 -0.548931 -0.078586
v 0.194994 -0.546712 -0.079642
v 0.197080 -0.550807 -0.078401
v 0.195278 -0.549030 -0.080155
v 0.195568 -0.551392 -0.079921
v 0.198859 -0.551489 -0.076316
v 0.198748 -0.551503 -0.076316
v 0.198157 -0.546689 -0.068735
v 0.198081 -0.546072 -0.069214
v 0.198017 -0.545547 -0.069793
v 0.197966 -0.545130 -0.070455
v 0.197929 -0.544833 -0.071181
v 0.197909 -0.544666 -0.071947
v 0.197905 -0.544634 -0.072730
v 0.197917 -0.544737 -0.073508
v 0.197946 -0.544972 -0.074256
v 0.197991 -0.545333 -0.074951
v 0.198049 -0.545808 -0.075572
v 0.198120 -0.546383 -0.076101
v 0.198200 -0.547041 -0.076521
v 0.198289 -0.547761 -0.076820
v 0.198382 -0.548521 -0.076988
v 0.198478 -0.549299 -0.077021
v 0.198572 -0.550071 -0.076917
v 0.198663 -0.550813 -0.076680
v 0.198268 -0.546675 -0.068735
v 0.198193 -0.546058 -0.069214
v 0.198128 -0.545533 -0.069793
v 0.198077 -0.545116 -0.070455
v 0.198040 -0.544820 -0.071181
v 0.198020 -0.544653 -0.071947
v 0.198016 -0.544620 -0.072730
v 0.198029 -0.544723 -0.073508
v 0.198058 -0.544959 -0.074256
v 0.198102 -0.545320 -0.074951
v 0.198160 -0.545795 -0.075572
v 0.198231 -0.546370 -0.076101
v 0.198312 -0.547027 -0.076521
v 0.198400 -0.547747 -0.076820
v 0.198493 -0.548507 -0.076988
v 0.198589 -0.549285 -0.077021
v 0.198684 -0.550057 -0.076917
v 0.198775 -0.550799 -0.076680
v 0.230820 -0.811787 0.094747
v 0.226030 -0.812376 0.094747
v 0.225803 -0.810528 0.097656
v 0.225774 -0.810291 0.097473
v 0.225749 -0.810090 0.097250
v 0.225730 -0.809930 0.096996
v 0.225716 -0.809816 0.096718
v 0.225708 -0.809752 0.096424
v 0.225706 -0.809739 0.096123
v 0.225711 -0.809779 0.095824
v 0.225722 -0.809869 0.095538
v 0.225739 -0.810008 0.095271
v 0.225762 -0.810190 0.095032
v 0.225789 -0.810411 0.094829
v 0.225820 -0.810663 0.094668
v 0.225854 -0.810939 0.094553
v 0.225889 -0.811231 0.094489
v 0.225926 -0.811530 0.094476
v 0.225962 -0.811826 0.094516
v 0.225997 -0.812111 0.094607
v 0.230593 -0.809940 0.097656
v 0.230564 -0.809703 0.097473
v 0.230539 -0.809502 0.097250
v 0.230520 -0.809342 0.096996
v 0.230506 -0.809228 0.096718
v 0.230498 -0.809164 0.096424
v 0.230496 -0.809151 0.096123
v 0.230501 -0.809191 0.095824
v 0.230512 -0.809281 0.095538
v 0.230529 -0.809420 0.095271
v 0.230552 -0.809602 0.095032
v 0.230579 -0.809823 0.094829
v 0.230610 -0.810075 0.094668
v 0.230644 -0.810351 0.094553
v 0.230679 -0.810643 0.094489
v 0.230716 -0.810942 0.094476
v 0.230753 -0.811238 0.094516
v 0.230787 -0.811523 0.094607
v 0.232124 -0.822406 0.101590
v 0.227334 -0.822994 0.101590
v 0.227107 -0.821146 0.104500
v 0.227078 -0.820910 0.104317
v 0.227053 -0.820708 0.104094
v 0.227033 -0.820548 0.103840
v 0.227019 -0.820434 0.103562
v 0.227012 -0.820370 0.103268
v 0.227010 -0.820358 0.102967
v 0.227015 -0.820397 0.102668
v 0.227026 -0.820488 0.102381
v 0.227043 -0.820626 0.102115
v 0.227065 -0.820808 0.101876
v 0.227093 -0.821029 0.101673
v 0.227123 -0.821282 0.101512
v 0.227157 -0.821558 0.101397
v 0.227193 -0.821850 0.101333
v 0.227230 -0.822148 0.101320
v 0.227266 -0.822444 0.101360
v 0.227301 -0.822729 0.101451
v 0.231897 -0.820558 0.104500
v 0.231868 -0.820322 0.104317
v 0.231843 -0.820120 0.104094
v 0.231823 -0.819960 0.103840
v 0.231809 -0.819846 0.103562
v 0.231802 -0.819782 0.103268
v 0.231800 -0.819770 0.102967
v 0.231805 -0.819809 0.102668
v 0.231816 -0.819899 0.102381
v 0.231833 -0.820038 0.102115
v 0.231855 -0.820220 0.101876
v 0.231883 -0.820441 0.101673
v 0.231914 -0.820693 0.101512
v 0.231947 -0.820970 0.101397
v 0.231983 -0.821262 0.101333
v 0.232020 -0.821560 0.101320
v 0.232056 -0.821856 0.101360
v 0.232091 -0.822141 0.101451
v 0.200084 -0.597806 -0.068691
v 0.199901 -0.596319 -0.073299
v 0.199636 -0.594154 -0.077625
v 0.199293 -0.591360 -0.081569
v 0.198880 -0.588004 -0.085039
v 0.198409 -0.584162 -0.087954
v 0.202411 -0.583671 -0.087954
v 0.202883 -0.587512 -0.085039
v 0.203295 -0.590869 -0.081569
v 0.203638 -0.593662 -0.077625
v 0.203904 -0.595828 -0.073299
v 0.204086 -0.597314 -0.068691
v 0.198409 -0.584162 -0.087954
v 0.202411 -0.583671 -0.087954
v 0.197811 -0.579294 -0.090519
v 0.197168 -0.574059 -0.092193
v 0.196500 -0.568614 -0.092926
v 0.195826 -0.563126 -0.092695
v 0.195167 -0.557760 -0.091507
v 0.194543 -0.552681 -0.089399
v 0.193974 -0.548043 -0.086434
v 0.193476 -0.543986 -0.082703
v 0.193064 -0.540634 -0.078319
v 0.192752 -0.538088 -0.073414
v 0.192548 -0.536426 -0.068139
v 0.192458 -0.535699 -0.062654
v 0.192486 -0.535928 -0.057124
v 0.192631 -0.537107 -0.051719
v 0.192888 -0.539200 -0.046602
v 0.193249 -0.542142 -0.041928
v 0.193704 -0.545846 -0.037841
v 0.194238 -0.550198 -0.034463
v 0.198241 -0.549706 -0.034463
v 0.197706 -0.545354 -0.037841
v 0.197252 -0.541651 -0.041928
v 0.196890 -0.538708 -0.046602
v 0.196633 -0.536616 -0.051719
v 0.196489 -0.535437 -0.057124
v 0.196460 -0.535208 -0.062654
v 0.196550 -0.535935 -0.068139
v 0.196754 -0.537597 -0.073414
v 0.197066 -0.540142 -0.078319
v 0.197478 -0.543495 -0.082703
v 0.197976 -0.547552 -0.086434
v 0.198546 -0.552190 -0.089399
v 0.199169 -0.557269 -0.091507
v 0.199828 -0.562634 -0.092695
v 0.200502 -0.568122 -0.092926
v 0.201170 -0.573567 -0.092193
v 0.201813 -0.578803 -0.090519
v 0.229516 -0.801169 0.087903
v 0.224726 -0.801757 0.087903
v 0.224499 -0.799910 0.090813
v 0.224470 -0.799673 0.090629
v 0.224446 -0.799471 0.090406
v 0.224426 -0.799311 0.090152
v 0.224412 -0.799197 0.089874
v 0.224404 -0.799133 0.089580
v 0.224402 -0.799121 0.089279
v 0.224407 -0.799160 0.088981
v 0.224418 -0.799251 0.088694
v 0.224435 -0.799389 0.088427
v 0.224458 -0.799572 0.088188
v 0.224485 -0.799792 0.087985
v 0.224516 -0.800045 0.087824
v 0.224550 -0.800321 0.087709
v 0.224586 -0.800613 0.087645
v 0.224622 -0.800911 0.087632
v 0.224659 -0.801208 0.087672
v 0.224694 -0.801492 0.087763
v 0.229289 -0.799321 0.090813
v 0.229260 -0.799085 0.090629
v 0.229236 -0.798883 0.090406
v 0.229216 -0.798723 0.090152
v 0.229202 -0.798609 0.089874
v 0.229194 -0.798545 0.089580
v 0.229193 -0.798533 0.089279
v 0.229197 -0.798572 0.088981
v 0.229208 -0.798663 0.088694
v 0.229225 -0.798801 0.088427
v 0.229248 -0.798983 0.088188
v 0.229275 -0.799204 0.087985
v 0.229306 -0.799457 0.087824
v 0.229340 -0.799733 0.087709
v 0.229376 -0.800025 0.087645
v 0.229412 -0.800323 0.087632
v 0.229449 -0.800619 0.087672
v 0.229484 -0.800904 0.087763
v 0.228212 -0.790551 0.081059
v 0.223422 -0.791139 0.081059
v 0.223196 -0.789291 0.083969
v 0.223166 -0.789054 0.083785
v 0.223142 -0.788853 0.083562
v 0.223122 -0.788693 0.083308
v 0.223108 -0.788579 0.083030
v 0.223100 -0.788515 0.082736
v 0.223099 -0.788502 0.082435
v 0.223104 -0.788542 0.082137
v 0.223115 -0.788632 0.081850
v 0.223132 -0.788771 0.081583
v 0.223154 -0.788953 0.081344
v 0.223181 -0.789174 0.081141
v 0.223212 -0.789426 0.080980
v 0.223246 -0.789703 0.080865
v 0.223282 -0.789994 0.080801
v 0.223319 -0.790293 0.080788
v 0.223355 -0.790589 0.080828
v 0.223390 -0.790874 0.080919
v 0.227986 -0.788703 0.083969
v 0.227957 -0.788466 0.083785
v 0.227932 -0.788265 0.083562
v 0.227912 -0.788105 0.083308
v 0.227898 -0.787991 0.083030
v 0.227890 -0.787927 0.082736
v 0.227889 -0.787914 0.082435
v 0.227894 -0.787954 0.082137
v 0.227905 -0.788044 0.081850
v 0.227922 -0.788183 0.081583
v 0.227944 -0.788365 0.081344
v 0.227971 -0.788586 0.081141
v 0.228002 -0.788838 0.080980
v 0.228036 -0.789114 0.080865
v 0.228072 -0.789406 0.080801
v 0.228109 -0.789705 0.080788
v 0.228145 -0.790001 0.080828
v 0.228180 -0.790286 0.080919
v 0.226909 -0.779932 0.074215
v 0.222119 -0.780520 0.074215
v 0.221892 -0.778673 0.077125
v 0.221863 -0.778436 0.076941
v 0.221838 -0.778235 0.076719
v 0.221818 -0.778074 0.076464
v 0.221804 -0.777961 0.076186
v 0.221796 -0.777896 0.075892
v 0.221795 -0.777884 0.075591
v 0.221800 -0.777924 0.075293
v 0.221811 -0.778014 0.075006
v 0.221828 -0.778152 0.074739
v 0.221850 -0.778335 0.074500
v 0.221877 -0.778556 0.074297
v 0.221908 -0.778808 0.074136
v 0.221942 -0.779084 0.074021
v 0.221978 -0.779376 0.073957
v 0.222015 -0.779675 0.073944
v 0.222051 -0.779971 0.073984
v 0.222086 -0.780256 0.074075
v 0.226682 -0.778085 0.077125
v 0.226653 -0.777848 0.076941
v 0.226628 -0.777646 0.076719
v 0.226608 -0.777486 0.076464
v 0.226594 -0.777372 0.076186
v 0.226586 -0.777308 0.075892
v 0.226585 -0.777296 0.075591
v 0.226590 -0.777335 0.075293
v 0.226601 -0.777426 0.075006
v 0.226618 -0.777564 0.074739
v 0.226640 -0.777747 0.074500
v 0.226667 -0.777967 0.074297
v 0.226698 -0.778220 0.074136
v 0.226732 -0.778496 0.074021
v 0.226768 -0.778788 0.073957
v 0.226805 -0.779086 0.073944
v 0.226841 -0.779383 0.073984
v 0.226876 -0.779667 0.074075
v 0.225605 -0.769314 0.067371
v 0.220815 -0.769902 0.067371
v 0.220588 -0.768054 0.070281
v 0.220559 -0.767818 0.070097
v 0.220534 -0.767616 0.069875
v 0.220515 -0.767456 0.069620
v 0.220501 -0.767342 0.069342
v 0.220493 -0.767278 0.069048
v 0.220491 -0.767266 0.068747
v 0.220496 -0.767305 0.068449
v 0.220507 -0.767396 0.068162
v 0.220524 -0.767534 0.067895
v 0.220547 -0.767716 0.067656
v 0.220574 -0.767937 0.067454
v 0.220605 -0.768189 0.067292
v 0.220639 -0.768466 0.067178
v 0.220674 -0.768758 0.067113
v 0.220711 -0.769056 0.067100
v 0.220747 -0.769352 0.067140
v 0.220782 -0.769637 0.067231
v 0.225378 -0.767466 0.070281
v 0.225349 -0.767229 0.070097
v 0.225324 -0.767028 0.069875
v 0.225305 -0.766868 0.069620
v 0.225291 -0.766754 0.069342
v 0.225283 -0.766690 0.069048
v 0.225281 -0.766677 0.068747
v 0.225286 -0.766717 0.068449
v 0.225297 -0.766807 0.068162
v 0.225314 -0.766946 0.067895
v 0.225337 -0.767128 0.067656
v 0.225364 -0.767349 0.067454
v 0.225395 -0.767601 0.067292
v 0.225429 -0.767878 0.067178
v 0.225464 -0.768169 0.067113
v 0.225501 -0.768468 0.067100
v 0.225537 -0.768764 0.067140
v 0.225572 -0.769049 0.067231
v 0.224301 -0.758695 0.060527
v 0.219511 -0.759284 0.060527
v 0.219284 -0.757436 0.063437
v 0.219255 -0.757199 0.063253
v 0.219230 -0.756998 0.063031
v 0.219211 -0.756838 0.062776
v 0.219197 -0.756724 0.062498
v 0.219189 -0.756660 0.062204
v 0.219187 -0.756647 0.061903
v 0.219192 -0.756687 0.061605
v 0.219203 -0.756777 0.061318
v 0.219220 -0.756916 0.061051
v 0.219243 -0.757098 0.060813
v 0.219270 -0.757319 0.060610
v 0.219301 -0.757571 0.060448
v 0.219335 -0.757847 0.060334
v 0.219371 -0.758139 0.060269
v 0.219407 -0.758438 0.060256
v 0.219444 -0.758734 0.060296
v 0.219479 -0.759019 0.060387
v 0.224074 -0.756848 0.063437
v 0.224045 -0.756611 0.063253
v 0.224020 -0.756410 0.063031
v 0.224001 -0.756249 0.062776
v 0.223987 -0.756136 0.062498
v 0.223979 -0.756071 0.062204
v 0.223977 -0.756059 0.061903
v 0.223982 -0.756099 0.061605
v 0.223993 -0.756189 0.061318
v 0.224010 -0.756327 0.061051
v 0.224033 -0.756510 0.060813
v 0.224060 -0.756731 0.060610
v 0.224091 -0.756983 0.060448
v 0.224125 -0.757259 0.060334
v 0.224161 -0.757551 0.060269
v 0.224197 -0.757850 0.060256
v 0.224234 -0.758146 0.060296
v 0.224269 -0.758431 0.060387
v 0.222997 -0.748077 0.053683
v 0.218207 -0.748665 0.053683
v 0.217980 -0.746817 0.056593
v 0.217951 -0.746581 0.056409
v 0.217927 -0.746379 0.056187
v 0.217907 -0.746219 0.055933
v 0.217893 -0.746105 0.055654
v 0.217885 -0.746041 0.055360
v 0.217884 -0.746029 0.055059
v 0.217888 -0.746068 0.054761
v 0.217900 -0.746159 0.054474
v 0.217917 -0.746297 0.054207
v 0.217939 -0.746480 0.053969
v 0.217966 -0.746700 0.053766
v 0.217997 -0.746953 0.053604
v 0.218031 -0.747229 0.053490
v 0.218067 -0.747521 0.053425
v 0.218103 -0.747819 0.053413
v 0.218140 -0.748115 0.053452
v 0.218175 -0.748400 0.053543
v 0.222770 -0.746229 0.056593
v 0.222741 -0.745993 0.056409
v 0.222717 -0.745791 0.056187
v 0.222697 -0.745631 0.055933
v 0.222683 -0.745517 0.055654
v 0.222675 -0.745453 0.055360
v 0.222674 -0.745441 0.055059
v 0.222678 -0.745480 0.054761
v 0.222690 -0.745571 0.054474
v 0.222707 -0.745709 0.054207
v 0.222729 -0.745891 0.053969
v 0.222756 -0.746112 0.053766
v 0.222787 -0.746364 0.053604
v 0.222821 -0.746641 0.053490
v 0.222857 -0.746933 0.053425
v 0.222893 -0.747231 0.053413
v 0.222930 -0.747527 0.053452
v 0.222965 -0.747812 0.053543
v 0.221694 -0.737459 0.046839
v 0.216904 -0.738047 0.046839
v 0.216677 -0.736199 0.049749
v 0.216648 -0.735962 0.049565
v 0.216623 -0.735761 0.049343
v 0.216603 -0.735601 0.049089
v 0.216589 -0.735487 0.048810
v 0.216581 -0.735423 0.048516
v 0.216580 -0.735410 0.048215
v 0.216585 -0.735450 0.047917
v 0.216596 -0.735540 0.047630
v 0.216613 -0.735679 0.047363
v 0.216635 -0.735861 0.047125
v 0.216662 -0.736082 0.046922
v 0.216693 -0.736334 0.046760
v 0.216727 -0.736610 0.046646
v 0.216763 -0.736902 0.046581
v 0.216800 -0.737201 0.046569
v 0.216836 -0.737497 0.046608
v 0.216871 -0.737782 0.046700
v 0.221467 -0.735611 0.049749
v 0.221438 -0.735374 0.049565
v 0.221413 -0.735173 0.049343
v 0.221393 -0.735013 0.049089
v 0.221379 -0.734899 0.048810
v 0.221371 -0.734835 0.048516
v 0.221370 -0.734822 0.048215
v 0.221375 -0.734862 0.047917
v 0.221386 -0.734952 0.047630
v 0.221403 -0.735091 0.047363
v 0.221425 -0.735273 0.047125
v 0.221452 -0.735494 0.046922
v 0.221483 -0.735746 0.046760
v 0.221517 -0.736022 0.046646
v 0.221553 -0.736314 0.046581
v 0.221590 -0.736613 0.046569
v 0.221626 -0.736909 0.046608
v 0.221661 -0.737194 0.046700
v 0.220390 -0.726840 0.039995
v 0.215600 -0.727428 0.039995
v 0.215373 -0.725581 0.042905
v 0.215344 -0.725344 0.042721
v 0.215319 -0.725142 0.042499
v 0.215299 -0.724982 0.042245
v 0.215285 -0.724869 0.041966
v 0.215278 -0.724804 0.041672
v 0.215276 -0.724792 0.041371
v 0.215281 -0.724831 0.041073
v 0.215292 -0.724922 0.040786
v 0.215309 -0.725060 0.040519
v 0.215331 -0.725243 0.040281
v 0.215359 -0.725463 0.040078
v 0.215389 -0.725716 0.039917
v 0.215423 -0.725992 0.039802
v 0.215459 -0.726284 0.039737
v 0.215496 -0.726582 0.039725
v 0.215532 -0.726879 0.039765
v 0.215567 -0.727163 0.039856
v 0.220163 -0.724992 0.042905
v 0.220134 -0.724756 0.042721
v 0.220109 -0.724554 0.042499
v 0.220089 -0.724394 0.042245
v 0.220075 -0.724280 0.041966
v 0.220068 -0.724216 0.041672
v 0.220066 -0.724204 0.041371
v 0.220071 -0.724243 0.041073
v 0.220082 -0.724334 0.040786
v 0.220099 -0.724472 0.040519
v 0.220121 -0.724655 0.040281
v 0.220149 -0.724875 0.040078
v 0.220180 -0.725128 0.039917
v 0.220213 -0.725404 0.039802
v 0.220249 -0.725696 0.039737
v 0.220286 -0.725994 0.039725
v 0.220322 -0.726291 0.039765
v 0.220357 -0.726575 0.039856
v 0.219086 -0.716222 0.033151
v 0.214296 -0.716810 0.033151
v 0.214069 -0.714962 0.036061
v 0.214040 -0.714725 0.035877
v 0.214015 -0.714524 0.035655
v 0.213996 -0.714364 0.035401
v 0.213982 -0.714250 0.035122
v 0.213974 -0.714186 0.034828
v 0.213972 -0.714173 0.034528
v 0.213977 -0.714213 0.034229
v 0.213988 -0.714303 0.033942
v 0.214005 -0.714442 0.033675
v 0.214028 -0.714624 0.033437
v 0.214055 -0.714845 0.033234
v 0.214086 -0.715097 0.033073
v 0.214120 -0.715374 0.032958
v 0.214155 -0.715665 0.032893
v 0.214192 -0.715964 0.032881
v 0.214228 -0.716260 0.032921
v 0.214263 -0.716545 0.033012
v 0.218859 -0.714374 0.036061
v 0.218830 -0.714137 0.035877
v 0.218805 -0.713936 0.035655
v 0.218786 -0.713776 0.035401
v 0.218772 -0.713662 0.035122
v 0.218764 -0.713598 0.034828
v 0.218762 -0.713585 0.034528
v 0.218767 -0.713625 0.034229
v 0.218778 -0.713715 0.033942
v 0.218795 -0.713854 0.033675
v 0.218818 -0.714036 0.033437
v 0.218845 -0.714257 0.033234
v 0.218876 -0.714509 0.033073
v 0.218910 -0.714785 0.032958
v 0.218945 -0.715077 0.032893
v 0.218982 -0.715376 0.032881
v 0.219019 -0.715672 0.032921
v 0.219053 -0.715957 0.033012
v 0.217782 -0.705603 0.026307
v 0.212992 -0.706191 0.026307
v 0.212765 -0.704344 0.029217
v 0.212736 -0.704107 0.029033
v 0.212712 -0.703906 0.028811
v 0.212692 -0.703745 0.028557
v 0.212678 -0.703632 0.028278
v 0.212670 -0.703568 0.027984
v 0.212668 -0.703555 0.027684
v 0.212673 -0.703595 0.027385
v 0.212684 -0.703685 0.027098
v 0.212701 -0.703824 0.026831
v 0.212724 -0.704006 0.026593
v 0.212751 -0.704227 0.026390
v 0.212782 -0.704479 0.026229
v 0.212816 -0.704755 0.026114
v 0.212852 -0.705047 0.026049
v 0.212888 -0.705346 0.026037
v 0.212925 -0.705642 0.026077
v 0.212960 -0.705927 0.026168
v 0.217555 -0.703756 0.029217
v 0.217526 -0.703519 0.029033
v 0.217502 -0.703317 0.028811
v 0.217482 -0.703157 0.028557
v 0.217468 -0.703044 0.028278
v 0.217460 -0.702979 0.027984
v 0.217459 -0.702967 0.027684
v 0.217463 -0.703006 0.027385
v 0.217474 -0.703097 0.027098
v 0.217491 -0.703235 0.026831
v 0.217514 -0.703418 0.026593
v 0.217541 -0.703638 0.026390
v 0.217572 -0.703891 0.026229
v 0.217606 -0.704167 0.026114
v 0.217642 -0.704459 0.026049
v 0.217678 -0.704757 0.026037
v 0.217715 -0.705054 0.026077
v 0.217750 -0.705339 0.026168
v 0.216478 -0.694985 0.019463
v 0.211688 -0.695573 0.019463
v 0.211462 -0.693725 0.022373
v 0.211432 -0.693489 0.022189
v 0.211408 -0.693287 0.021967
v 0.211388 -0.693127 0.021713
v 0.211374 -0.693013 0.021435
v 0.211366 -0.692949 0.021140
v 0.211365 -0.692937 0.020840
v 0.211370 -0.692976 0.020541
v 0.211381 -0.693067 0.020254
v 0.211398 -0.693205 0.019988
v 0.211420 -0.693387 0.019749
v 0.211447 -0.693608 0.019546
v 0.211478 -0.693860 0.019385
v 0.211512 -0.694137 0.019270
v 0.211548 -0.694429 0.019205
v 0.211585 -0.694727 0.019193
v 0.211621 -0.695023 0.019233
v 0.211656 -0.695308 0.019324
v 0.216252 -0.693137 0.022373
v 0.216223 -0.692900 0.022189
v 0.216198 -0.692699 0.021967
v 0.216178 -0.692539 0.021713
v 0.216164 -0.692425 0.021435
v 0.216156 -0.692361 0.021140
v 0.216155 -0.692349 0.020840
v 0.216160 -0.692388 0.020541
v 0.216171 -0.692478 0.020254
v 0.216188 -0.692617 0.019988
v 0.216210 -0.692799 0.019749
v 0.216237 -0.693020 0.019546
v 0.216268 -0.693272 0.019385
v 0.216302 -0.693549 0.019270
v 0.216338 -0.693841 0.019205
v 0.216375 -0.694139 0.019193
v 0.216411 -0.694435 0.019233
v 0.216446 -0.694720 0.019324
v 0.215175 -0.684366 0.012619
v 0.210385 -0.684955 0.012619
v 0.210158 -0.683107 0.015529
v 0.210129 -0.682870 0.015346
v 0.210104 -0.682669 0.015123
v 0.210084 -0.682509 0.014869
v 0.210070 -0.682395 0.014591
v 0.210062 -0.682331 0.014297
v 0.210061 -0.682318 0.013996
v 0.210066 -0.682358 0.013697
v 0.210077 -0.682448 0.013410
v 0.210094 -0.682587 0.013144
v 0.210116 -0.682769 0.012905
v 0.210143 -0.682990 0.012702
v 0.210174 -0.683242 0.012541
v 0.210208 -0.683518 0.012426
v 0.210244 -0.683810 0.012361
v 0.210281 -0.684109 0.012349
v 0.210317 -0.684405 0.012389
v 0.210352 -0.684690 0.012480
v 0.214948 -0.682519 0.015529
v 0.214919 -0.682282 0.015346
v 0.214894 -0.682081 0.015123
v 0.214874 -0.681921 0.014869
v 0.214860 -0.681807 0.014591
v 0.214852 -0.681743 0.014297
v 0.214851 -0.681730 0.013996
v 0.214856 -0.681770 0.013697
v 0.214867 -0.681860 0.013410
v 0.214884 -0.681999 0.013144
v 0.214906 -0.682181 0.012905
v 0.214933 -0.682402 0.012702
v 0.214964 -0.682654 0.012541
v 0.214998 -0.682930 0.012426
v 0.215034 -0.683222 0.012361
v 0.215071 -0.683521 0.012349
v 0.215107 -0.683817 0.012389
v 0.215142 -0.684102 0.012480
v 0.213871 -0.673748 0.005775
v 0.209081 -0.674336 0.005775
v 0.208854 -0.672489 0.008685
v 0.208825 -0.672252 0.008502
v 0.208800 -0.672050 0.008279
v 0.208781 -0.671890 0.008025
v 0.208767 -0.671776 0.007747
v 0.208759 -0.671712 0.007453
v 0.208757 -0.671700 0.007152
v 0.208762 -0.671739 0.006853
v 0.208773 -0.671830 0.006566
v 0.208790 -0.671968 0.006300
v 0.208813 -0.672151 0.006061
v 0.208840 -0.672371 0.005858
v 0.208871 -0.672624 0.005697
v 0.208905 -0.672900 0.005582
v 0.208940 -0.673192 0.005518
v 0.208977 -0.673490 0.005505
v 0.209013 -0.673787 0.005545
v 0.209048 -0.674071 0.005636
v 0.213644 -0.671900 0.008685
v 0.213615 -0.671664 0.008502
v 0.213590 -0.671462 0.008279
v 0.213571 -0.671302 0.008025
v 0.213557 -0.671188 0.007747
v 0.213549 -0.671124 0.007453
v 0.213547 -0.671112 0.007152
v 0.213552 -0.671151 0.006853
v 0.213563 -0.671242 0.006566
v 0.213580 -0.671380 0.006300
v 0.213603 -0.671562 0.006061
v 0.213630 -0.671783 0.005858
v 0.213661 -0.672036 0.005697
v 0.213695 -0.672312 0.005582
v 0.213730 -0.672604 0.005518
v 0.213767 -0.672902 0.005505
v 0.213803 -0.673198 0.005545
v 0.213838 -0.673483 0.005636
v 0.212567 -0.663130 -0.001068
v 0.207777 -0.663718 -0.001068
v 0.207550 -0.661870 0.001841
v 0.207521 -0.661633 0.001658
v 0.207496 -0.661432 0.001435
v 0.207477 -0.661272 0.001181
v 0.207463 -0.661158 0.000903
v 0.207455 -0.661094 0.000609
v 0.207453 -0.661081 0.000308
v 0.207458 -0.661121 0.000009
v 0.207469 -0.661211 -0.000277
v 0.207486 -0.661350 -0.000544
v 0.207509 -0.661532 -0.000783
v 0.207536 -0.661753 -0.000986
v 0.207567 -0.662005 -0.001147
v 0.207601 -0.662282 -0.001262
v 0.207637 -0.662573 -0.001326
v 0.207673 -0.662872 -0.001339
v 0.207710 -0.663168 -0.001299
v 0.207745 -0.663453 -0.001208
v 0.212340 -0.661282 0.001841
v 0.212311 -0.661045 0.001658
v 0.212286 -0.660844 0.001435
v 0.212267 -0.660684 0.001181
v 0.212253 -0.660570 0.000903
v 0.212245 -0.660506 0.000609
v 0.212243 -0.660493 0.000308
v 0.212248 -0.660533 0.000009
v 0.212259 -0.660623 -0.000277
v 0.212276 -0.660762 -0.000544
v 0.212299 -0.660944 -0.000783
v 0.212326 -0.661165 -0.000986
v 0.212357 -0.661417 -0.001147
v 0.212391 -0.661693 -0.001262
v 0.212427 -0.661985 -0.001326
v 0.212463 -0.662284 -0.001339
v 0.212500 -0.662580 -0.001299
v 0.212535 -0.662865 -0.001208
v 0.211263 -0.652511 -0.007912
v 0.206473 -0.653099 -0.007912
v 0.206246 -0.651252 -0.005002
v 0.206217 -0.651015 -0.005186
v 0.206193 -0.650813 -0.005409
v 0.206173 -0.650653 -0.005663
v 0.206159 -0.650540 -0.005941
v 0.206151 -0.650475 -0.006235
v 0.206150 -0.650463 -0.006536
v 0.206154 -0.650503 -0.006834
v 0.206166 -0.650593 -0.007121
v 0.206183 -0.650731 -0.007388
v 0.206205 -0.650914 -0.007627
v 0.206232 -0.651134 -0.007830
v 0.206263 -0.651387 -0.007991
v 0.206297 -0.651663 -0.008106
v 0.206333 -0.651955 -0.008170
v 0.206369 -0.652254 -0.008183
v 0.206406 -0.652550 -0.008143
v 0.206441 -0.652835 -0.008052
v 0.211036 -0.650664 -0.005002
v 0.211007 -0.650427 -0.005186
v 0.210983 -0.650225 -0.005409
v 0.210963 -0.650065 -0.005663
v 0.210949 -0.649951 -0.005941
v 0.210941 -0.649887 -0.006235
v 0.210940 -0.649875 -0.006536
v 0.210944 -0.649914 -0.006834
v 0.210956 -0.650005 -0.007121
v 0.210973 -0.650143 -0.007388
v 0.210995 -0.650326 -0.007627
v 0.211022 -0.650546 -0.007830
v 0.211053 -0.650799 -0.007991
v 0.211087 -0.651075 -0.008106
v 0.211123 -0.651367 -0.008170
v 0.211159 -0.651665 -0.008183
v 0.211196 -0.651962 -0.008143
v 0.211231 -0.652246 -0.008052
v 0.209960 -0.641893 -0.014756
v 0.205170 -0.642481 -0.014756
v 0.204943 -0.640633 -0.011846
v 0.204914 -0.640397 -0.012030
v 0.204889 -0.640195 -0.012253
v 0.204869 -0.640035 -0.012507
v 0.204855 -0.639921 -0.012785
v 0.204847 -0.639857 -0.013079
v 0.204846 -0.639845 -0.013380
v 0.204851 -0.639884 -0.013678
v 0.204862 -0.639975 -0.013965
v 0.204879 -0.640113 -0.014232
v 0.204901 -0.640295 -0.014471
v 0.204928 -0.640516 -0.014674
v 0.204959 -0.640768 -0.014835
v 0.204993 -0.641045 -0.014950
v 0.205029 -0.641337 -0.015014
v 0.205066 -0.641635 -0.015027
v 0.205102 -0.641931 -0.014987
v 0.205137 -0.642216 -0.014896
v 0.209733 -0.640045 -0.011846
v 0.209704 -0.639808 -0.012030
v 0.209679 -0.639607 -0.012253
v 0.209659 -0.639447 -0.012507
v 0.209645 -0.639333 -0.012785
v 0.209637 -0.639269 -0.013079
v 0.209636 -0.639256 -0.013380
v 0.209641 -0.639296 -0.013678
v 0.209652 -0.639386 -0.013965
v 0.209669 -0.639525 -0.014232
v 0.209691 -0.639707 -0.014471
v 0.209718 -0.639928 -0.014674
v 0.209749 -0.640180 -0.014835
v 0.209783 -0.640457 -0.014950
v 0.209819 -0.640748 -0.015014
v 0.209856 -0.641047 -0.015027
v 0.209892 -0.641343 -0.014987
v 0.209927 -0.641628 -0.014896
v 0.208656 -0.631274 -0.021600
v 0.203866 -0.631863 -0.021600
v 0.203639 -0.630015 -0.018690
v 0.203610 -0.629778 -0.018874
v 0.203585 -0.629577 -0.019096
v 0.203565 -0.629417 -0.019351
v 0.203551 -0.629303 -0.019629
v 0.203544 -0.629239 -0.019923
v 0.203542 -0.629226 -0.020224
v 0.203547 -0.629266 -0.020522
v 0.203558 -0.629356 -0.020809
v 0.203575 -0.629495 -0.021076
v 0.203597 -0.629677 -0.021315
v 0.203625 -0.629898 -0.021518
v 0.203655 -0.630150 -0.021679
v 0.203689 -0.630426 -0.021794
v 0.203725 -0.630718 -0.021858
v 0.203762 -0.631017 -0.021871
v 0.203798 -0.631313 -0.021831
v 0.203833 -0.631598 -0.021740
v 0.208429 -0.629427 -0.018690
v 0.208400 -0.629190 -0.018874
v 0.208375 -0.628989 -0.019096
v 0.208355 -0.628828 -0.019351
v 0.208341 -0.628715 -0.019629
v 0.208334 -0.628650 -0.019923
v 0.208332 -0.628638 -0.020224
v 0.208337 -0.628678 -0.020522
v 0.208348 -0.628768 -0.020809
v 0.208365 -0.628906 -0.021076
v 0.208387 -0.629089 -0.021315
v 0.208415 -0.629310 -0.021518
v 0.208446 -0.629562 -0.021679
v 0.208479 -0.629838 -0.021794
v 0.208515 -0.630130 -0.021858
v 0.208552 -0.630429 -0.021871
v 0.208588 -0.630725 -0.021831
v 0.208623 -0.631010 -0.021740
v 0.207352 -0.620656 -0.028444
v 0.202562 -0.621244 -0.028444
v 0.202335 -0.619396 -0.025534
v 0.202306 -0.619160 -0.025718
v 0.202281 -0.618958 -0.025940
v 0.202262 -0.618798 -0.026195
v 0.202248 -0.618684 -0.026473
v 0.202240 -0.618620 -0.026767
v 0.202238 -0.618608 -0.027068
v 0.202243 -0.618647 -0.027366
v 0.202254 -0.618738 -0.027653
v 0.202271 -0.618876 -0.027920
v 0.202294 -0.619059 -0.028159
v 0.202321 -0.619279 -0.028361
v 0.202352 -0.619532 -0.028523
v 0.202386 -0.619808 -0.028637
v 0.202421 -0.620100 -0.028702
v 0.202458 -0.620398 -0.028715
v 0.202494 -0.620694 -0.028675
v 0.202529 -0.620979 -0.028584
v 0.207125 -0.618808 -0.025534
v 0.207096 -0.618572 -0.025718
v 0.207071 -0.618370 -0.025940
v 0.207052 -0.618210 -0.026195
v 0.207038 -0.618096 -0.026473
v 0.207030 -0.618032 -0.026767
v 0.207028 -0.618020 -0.027068
v 0.207033 -0.618059 -0.027366
v 0.207044 -0.618150 -0.027653
v 0.207061 -0.618288 -0.027920
v 0.207084 -0.618470 -0.028159
v 0.207111 -0.618691 -0.028361
v 0.207142 -0.618943 -0.028523
v 0.207176 -0.619220 -0.028637
v 0.207211 -0.619512 -0.028702
v 0.207248 -0.619810 -0.028715
v 0.207285 -0.620106 -0.028675
v 0.207319 -0.620391 -0.028584
v 0.206048 -0.610038 -0.035288
v 0.201258 -0.610626 -0.035288
v 0.201031 -0.608778 -0.032378
v 0.201002 -0.608541 -0.032562
v 0.200978 -0.608340 -0.032784
v 0.200958 -0.608180 -0.033039
v 0.200944 -0.608066 -0.033317
v 0.200936 -0.608002 -0.033611
v 0.200934 -0.607989 -0.033912
v 0.200939 -0.608029 -0.034210
v 0.200950 -0.608119 -0.034497
v 0.200967 -0.608258 -0.034764
v 0.200990 -0.608440 -0.035002
v 0.201017 -0.608661 -0.035205
v 0.201048 -0.608913 -0.035367
v 0.201082 -0.609189 -0.035481
v 0.201118 -0.609481 -0.035546
v 0.201154 -0.609780 -0.035559
v 0.201191 -0.610076 -0.035519
v 0.201226 -0.610361 -0.035428
v 0.205821 -0.608190 -0.032378
v 0.205792 -0.607953 -0.032562
v 0.205768 -0.607752 -0.032784
v 0.205748 -0.607592 -0.033039
v 0.205734 -0.607478 -0.033317
v 0.205726 -0.607414 -0.033611
v 0.205725 -0.607401 -0.033912
v 0.205729 -0.607441 -0.034210
v 0.205740 -0.607531 -0.034497
v 0.205757 -0.607670 -0.034764
v 0.205780 -0.607852 -0.035002
v 0.205807 -0.608073 -0.035205
v 0.205838 -0.608325 -0.035367
v 0.205872 -0.608601 -0.035481
v 0.205908 -0.608893 -0.035546
v 0.205944 -0.609192 -0.035559
v 0.205981 -0.609488 -0.035519
v 0.206016 -0.609773 -0.035428
v 0.204744 -0.599419 -0.042132
v 0.199954 -0.600007 -0.042132
v 0.199728 -0.598160 -0.039222
v 0.199698 -0.597923 -0.039406
v 0.199674 -0.597721 -0.039628
v 0.199654 -0.597561 -0.039882
v 0.199640 -0.597447 -0.040161
v 0.199632 -0.597383 -0.040455
v 0.199631 -0.597371 -0.040756
v 0.199636 -0.597410 -0.041054
v 0.199647 -0.597501 -0.041341
v 0.199664 -0.597639 -0.041608
v 0.199686 -0.597822 -0.041846
v 0.199713 -0.598042 -0.042049
v 0.199744 -0.598295 -0.042211
v 0.199778 -0.598571 -0.042325
v 0.199814 -0.598863 -0.042390
v 0.199851 -0.599161 -0.042402
v 0.199887 -0.599458 -0.042363
v 0.199922 -0.599742 -0.042272
v 0.204518 -0.597571 -0.039222
v 0.204489 -0.597335 -0.039406
v 0.204464 -0.597133 -0.039628
v 0.204444 -0.596973 -0.039882
v 0.204430 -0.596859 -0.040161
v 0.204422 -0.596795 -0.040455
v 0.204421 -0.596783 -0.040756
v 0.204426 -0.596822 -0.041054
v 0.204437 -0.596913 -0.041341
v 0.204454 -0.597051 -0.041608
v 0.204476 -0.597234 -0.041846
v 0.204503 -0.597454 -0.042049
v 0.204534 -0.597707 -0.042211
v 0.204568 -0.597983 -0.042325
v 0.204604 -0.598275 -0.042390
v 0.204641 -0.598573 -0.042402
v 0.204677 -0.598869 -0.042363
v 0.204712 -0.599154 -0.042272
v 0.199954 -0.600007 -0.042132
v 0.199983 -0.600244 -0.041948
v 0.200008 -0.600445 -0.041726
v 0.200028 -0.600606 -0.041472
v 0.200042 -0.600719 -0.041193
v 0.200050 -0.600784 -0.040899
v 0.200051 -0.600796 -0.040598
v 0.200046 -0.600756 -0.040300
v 0.200035 -0.600666 -0.040013
v 0.200018 -0.600528 -0.039746
v 0.199996 -0.600345 -0.039508
v 0.199969 -0.600124 -0.039305
v 0.199938 -0.599872 -0.039144
v 0.199904 -0.599596 -0.039029
v 0.199868 -0.599304 -0.038964
v 0.199831 -0.599005 -0.038952
v 0.199795 -0.598709 -0.038992
v 0.199760 -0.598424 -0.039083
v 0.199728 -0.598160 -0.039222
v 0.204744 -0.599419 -0.042132
v 0.204774 -0.599656 -0.041948
v 0.204798 -0.599857 -0.041726
v 0.204818 -0.600017 -0.041472
v 0.204832 -0.600131 -0.041193
v 0.204840 -0.600195 -0.040899
v 0.204841 -0.600208 -0.040598
v 0.204836 -0.600168 -0.040300
v 0.204825 -0.600078 -0.040013
v 0.204808 -0.599939 -0.039746
v 0.204786 -0.599757 -0.039508
v 0.204759 -0.599536 -0.039305
v 0.204728 -0.599284 -0.039144
v 0.204694 -0.599008 -0.039029
v 0.204658 -0.598716 -0.038964
v 0.204621 -0.598417 -0.038952
v 0.204585 -0.598121 -0.038992
v 0.204550 -0.597836 -0.039083
v 0.204518 -0.597571 -0.039222
v 0.201258 -0.610626 -0.035288
v 0.201287 -0.610862 -0.035104
v 0.201312 -0.611064 -0.034882
v 0.201332 -0.611224 -0.034628
v 0.201346 -0.611338 -0.034349
v 0.201354 -0.611402 -0.034055
v 0.201355 -0.611414 -0.033755
v 0.201350 -0.611375 -0.033456
v 0.201339 -0.611284 -0.033169
v 0.201322 -0.611146 -0.032902
v 0.201300 -0.610964 -0.032664
v 0.201273 -0.610743 -0.032461
v 0.201242 -0.610491 -0.032300
v 0.201208 -0.610214 -0.032185
v 0.201172 -0.609922 -0.032120
v 0.201135 -0.609624 -0.032108
v 0.201099 -0.609328 -0.032148
v 0.201064 -0.609043 -0.032239
v 0.201031 -0.608778 -0.032378
v 0.206048 -0.610038 -0.035288
v 0.206077 -0.610274 -0.035104
v 0.206102 -0.610476 -0.034882
v 0.206122 -0.610636 -0.034628
v 0.206136 -0.610750 -0.034349
v 0.206144 -0.610814 -0.034055
v 0.206145 -0.610826 -0.033755
v 0.206140 -0.610787 -0.033456
v 0.206129 -0.610696 -0.033169
v 0.206112 -0.610558 -0.032902
v 0.206090 -0.610375 -0.032664
v 0.206063 -0.610155 -0.032461
v 0.206032 -0.609902 -0.032300
v 0.205998 -0.609626 -0.032185
v 0.205962 -0.609334 -0.032120
v 0.205925 -0.609036 -0.032108
v 0.205889 -0.608739 -0.032148
v 0.205854 -0.608455 -0.032239
v 0.205821 -0.608190 -0.032378
v 0.202562 -0.621244 -0.028444
v 0.202591 -0.621481 -0.028260
v 0.202616 -0.621682 -0.028038
v 0.202635 -0.621842 -0.027784
v 0.202649 -0.621956 -0.027505
v 0.202657 -0.622020 -0.027211
v 0.202659 -0.622033 -0.026911
v 0.202654 -0.621993 -0.026612
v 0.202643 -0.621903 -0.026325
v 0.202626 -0.621764 -0.026058
v 0.202603 -0.621582 -0.025820
v 0.202576 -0.621361 -0.025617
v 0.202545 -0.621109 -0.025456
v 0.202511 -0.620833 -0.025341
v 0.202476 -0.620541 -0.025276
v 0.202439 -0.620242 -0.025264
v 0.202403 -0.619946 -0.025304
v 0.202368 -0.619661 -0.025395
v 0.202335 -0.619396 -0.025534
v 0.207352 -0.620656 -0.028444
v 0.207381 -0.620893 -0.028260
v 0.207406 -0.621094 -0.028038
v 0.207425 -0.621254 -0.027784
v 0.207439 -0.621368 -0.027505
v 0.207447 -0.621432 -0.027211
v 0.207449 -0.621445 -0.026911
v 0.207444 -0.621405 -0.026612
v 0.207433 -0.621315 -0.026325
v 0.207416 -0.621176 -0.026058
v 0.207393 -0.620994 -0.025820
v 0.207366 -0.620773 -0.025617
v 0.207335 -0.620521 -0.025456
v 0.207301 -0.620245 -0.025341
v 0.207266 -0.619953 -0.025276
v 0.207229 -0.619654 -0.025264
v 0.207193 -0.619358 -0.025304
v 0.207158 -0.619073 -0.025395
v 0.207125 -0.618808 -0.025534
v 0.203866 -0.631863 -0.021600
v 0.203895 -0.632099 -0.021417
v 0.203920 -0.632301 -0.021194
v 0.203939 -0.632461 -0.020940
v 0.203953 -0.632575 -0.020662
v 0.203961 -0.632639 -0.020368
v 0.203963 -0.632651 -0.020067
v 0.203958 -0.632612 -0.019768
v 0.203947 -0.632521 -0.019481
v 0.203930 -0.632383 -0.019215
v 0.203907 -0.632200 -0.018976
v 0.203880 -0.631980 -0.018773
v 0.203849 -0.631727 -0.018612
v 0.203815 -0.631451 -0.018497
v 0.203779 -0.631159 -0.018432
v 0.203743 -0.630861 -0.018420
v 0.203706 -0.630564 -0.018460
v 0.203671 -0.630280 -0.018551
v 0.203639 -0.630015 -0.018690
v 0.208656 -0.631274 -0.021600
v 0.208685 -0.631511 -0.021417
v 0.208710 -0.631713 -0.021194
v 0.208729 -0.631873 -0.020940
v 0.208743 -0.631986 -0.020662
v 0.208751 -0.632051 -0.020368
v 0.208753 -0.632063 -0.020067
v 0.208748 -0.632024 -0.019768
v 0.208737 -0.631933 -0.019481
v 0.208720 -0.631795 -0.019215
v 0.208697 -0.631612 -0.018976
v 0.208670 -0.631392 -0.018773
v 0.208639 -0.631139 -0.018612
v 0.208605 -0.630863 -0.018497
v 0.208569 -0.630571 -0.018432
v 0.208533 -0.630273 -0.018420
v 0.208496 -0.629976 -0.018460
v 0.208461 -0.629692 -0.018551
v 0.208429 -0.629427 -0.018690
v 0.205170 -0.642481 -0.014756
v 0.205199 -0.642718 -0.014573
v 0.205223 -0.642919 -0.014350
v 0.205243 -0.643079 -0.014096
v 0.205257 -0.643193 -0.013818
v 0.205265 -0.643257 -0.013524
v 0.205266 -0.643270 -0.013223
v 0.205262 -0.643230 -0.012924
v 0.205250 -0.643140 -0.012637
v 0.205233 -0.643001 -0.012371
v 0.205211 -0.642819 -0.012132
v 0.205184 -0.642598 -0.011929
v 0.205153 -0.642346 -0.011768
v 0.205119 -0.642070 -0.011653
v 0.205083 -0.641778 -0.011589
v 0.205047 -0.641479 -0.011576
v 0.205010 -0.641183 -0.011616
v 0.204975 -0.640898 -0.011707
v 0.204943 -0.640633 -0.011846
v 0.209960 -0.641893 -0.014756
v 0.209989 -0.642130 -0.014573
v 0.210013 -0.642331 -0.014350
v 0.210033 -0.642491 -0.014096
v 0.210047 -0.642605 -0.013818
v 0.210055 -0.642669 -0.013524
v 0.210056 -0.642682 -0.013223
v 0.210052 -0.642642 -0.012924
v 0.210040 -0.642552 -0.012637
v 0.210023 -0.642413 -0.012371
v 0.210001 -0.642231 -0.012132
v 0.209974 -0.642010 -0.011929
v 0.209943 -0.641758 -0.011768
v 0.209909 -0.641481 -0.011653
v 0.209873 -0.641190 -0.011589
v 0.209837 -0.640891 -0.011576
v 0.209800 -0.640595 -0.011616
v 0.209765 -0.640310 -0.011707
v 0.209733 -0.640045 -0.011846
v 0.206473 -0.653099 -0.007912
v 0.206502 -0.653336 -0.007729
v 0.206527 -0.653538 -0.007506
v 0.206547 -0.653698 -0.007252
v 0.206561 -0.653811 -0.006974
v 0.206569 -0.653876 -0.006680
v 0.206570 -0.653888 -0.006379
v 0.206565 -0.653849 -0.006080
v 0.206554 -0.653758 -0.005793
v 0.206537 -0.653620 -0.005527
v 0.206515 -0.653437 -0.005288
v 0.206488 -0.653217 -0.005085
v 0.206457 -0.652964 -0.004924
v 0.206423 -0.652688 -0.004809
v 0.206387 -0.652396 -0.004745
v 0.206350 -0.652098 -0.004732
v 0.206314 -0.651801 -0.004772
v 0.206279 -0.651516 -0.004863
v 0.206246 -0.651252 -0.005002
v 0.211263 -0.652511 -0.007912
v 0.211292 -0.652748 -0.007729
v 0.211317 -0.652949 -0.007506
v 0.211337 -0.653110 -0.007252
v 0.211351 -0.653223 -0.006974
v 0.211359 -0.653287 -0.006680
v 0.211360 -0.653300 -0.006379
v 0.211355 -0.653260 -0.006080
v 0.211344 -0.653170 -0.005793
v 0.211327 -0.653031 -0.005527
v 0.211305 -0.652849 -0.005288
v 0.211278 -0.652628 -0.005085
v 0.211247 -0.652376 -0.004924
v 0.211213 -0.652100 -0.004809
v 0.211177 -0.651808 -0.004745
v 0.211140 -0.651509 -0.004732
v 0.211104 -0.651213 -0.004772
v 0.211069 -0.650928 -0.004863
v 0.211036 -0.650664 -0.005002
v 0.207777 -0.663718 -0.001068
v 0.207806 -0.663955 -0.000885
v 0.207831 -0.664156 -0.000662
v 0.207851 -0.664316 -0.000408
v 0.207865 -0.664430 -0.000130
v 0.207872 -0.664494 0.000164
v 0.207874 -0.664506 0.000465
v 0.207869 -0.664467 0.000764
v 0.207858 -0.664377 0.001050
v 0.207841 -0.664238 0.001317
v 0.207819 -0.664056 0.001556
v 0.207791 -0.663835 0.001759
v 0.207760 -0.663583 0.001920
v 0.207727 -0.663306 0.002035
v 0.207691 -0.663014 0.002099
v 0.207654 -0.662716 0.002112
v 0.207618 -0.662420 0.002072
v 0.207583 -0.662135 0.001981
v 0.207550 -0.661870 0.001841
v 0.212567 -0.663130 -0.001068
v 0.212596 -0.663366 -0.000885
v 0.212621 -0.663568 -0.000662
v 0.212641 -0.663728 -0.000408
v 0.212655 -0.663842 -0.000130
v 0.212662 -0.663906 0.000164
v 0.212664 -0.663918 0.000465
v 0.212659 -0.663879 0.000764
v 0.212648 -0.663788 0.001050
v 0.212631 -0.663650 0.001317
v 0.212609 -0.663468 0.001556
v 0.212582 -0.663247 0.001759
v 0.212551 -0.662995 0.001920
v 0.212517 -0.662718 0.002035
v 0.212481 -0.662426 0.002099
v 0.212444 -0.662128 0.002112
v 0.212408 -0.661832 0.002072
v 0.212373 -0.661547 0.001981
v 0.212340 -0.661282 0.001841
v 0.209081 -0.674336 0.005775
v 0.209110 -0.674573 0.005959
v 0.209135 -0.674774 0.006182
v 0.209154 -0.674934 0.006436
v 0.209168 -0.675048 0.006714
v 0.209176 -0.675112 0.007008
v 0.209178 -0.675125 0.007309
v 0.209173 -0.675085 0.007607
v 0.209162 -0.674995 0.007894
v 0.209145 -0.674856 0.008161
v 0.209122 -0.674674 0.008400
v 0.209095 -0.674453 0.008603
v 0.209064 -0.674201 0.008764
v 0.209030 -0.673925 0.008879
v 0.208995 -0.673633 0.008943
v 0.208958 -0.673334 0.008956
v 0.208921 -0.673038 0.008916
v 0.208887 -0.672753 0.008825
v 0.208854 -0.672489 0.008685
v 0.213871 -0.673748 0.005775
v 0.213900 -0.673985 0.005959
v 0.213925 -0.674186 0.006182
v 0.213944 -0.674346 0.006436
v 0.213958 -0.674460 0.006714
v 0.213966 -0.674524 0.007008
v 0.213968 -0.674537 0.007309
v 0.213963 -0.674497 0.007607
v 0.213952 -0.674407 0.007894
v 0.213935 -0.674268 0.008161
v 0.213912 -0.674086 0.008400
v 0.213885 -0.673865 0.008603
v 0.213854 -0.673613 0.008764
v 0.213820 -0.673337 0.008879
v 0.213785 -0.673045 0.008943
v 0.213748 -0.672746 0.008956
v 0.213712 -0.672450 0.008916
v 0.213677 -0.672165 0.008825
v 0.213644 -0.671900 0.008685
v 0.210385 -0.684955 0.012619
v 0.210414 -0.685191 0.012803
v 0.210438 -0.685393 0.013025
v 0.210458 -0.685553 0.013280
v 0.210472 -0.685667 0.013558
v 0.210480 -0.685731 0.013852
v 0.210481 -0.685743 0.014153
v 0.210477 -0.685704 0.014451
v 0.210466 -0.685613 0.014738
v 0.210449 -0.685475 0.015005
v 0.210426 -0.685293 0.015244
v 0.210399 -0.685072 0.015447
v 0.210368 -0.684819 0.015608
v 0.210334 -0.684543 0.015723
v 0.210298 -0.684251 0.015787
v 0.210262 -0.683953 0.015800
v 0.210225 -0.683657 0.015760
v 0.210190 -0.683372 0.015669
v 0.210158 -0.683107 0.015529
v 0.215175 -0.684366 0.012619
v 0.215204 -0.684603 0.012803
v 0.215228 -0.684805 0.013025
v 0.215248 -0.684965 0.013280
v 0.215262 -0.685079 0.013558
v 0.215270 -0.685143 0.013852
v 0.215272 -0.685155 0.014153
v 0.215267 -0.685116 0.014451
v 0.215256 -0.685025 0.014738
v 0.215239 -0.684887 0.015005
v 0.215216 -0.684704 0.015244
v 0.215189 -0.684484 0.015447
v 0.215158 -0.684231 0.015608
v 0.215124 -0.683955 0.015723
v 0.215088 -0.683663 0.015787
v 0.215052 -0.683365 0.015800
v 0.215015 -0.683068 0.015760
v 0.214980 -0.682784 0.015669
v 0.214948 -0.682519 0.015529
v 0.211688 -0.695573 0.019463
v 0.211717 -0.695810 0.019647
v 0.211742 -0.696011 0.019869
v 0.211762 -0.696171 0.020124
v 0.211776 -0.696285 0.020402
v 0.211784 -0.696349 0.020696
v 0.211785 -0.696362 0.020997
v 0.211780 -0.696322 0.021295
v 0.211769 -0.696232 0.021582
v 0.211752 -0.696093 0.021849
v 0.211730 -0.695911 0.022088
v 0.211703 -0.695690 0.022291
v 0.211672 -0.695438 0.022452
v 0.211638 -0.695162 0.022567
v 0.211602 -0.694870 0.022631
v 0.211565 -0.694571 0.022644
v 0.211529 -0.694275 0.022604
v 0.211494 -0.693990 0.022513
v 0.211462 -0.693725 0.022373
v 0.216478 -0.694985 0.019463
v 0.216508 -0.695222 0.019647
v 0.216532 -0.695423 0.019869
v 0.216552 -0.695583 0.020124
v 0.216566 -0.695697 0.020402
v 0.216574 -0.695761 0.020696
v 0.216575 -0.695774 0.020997
v 0.216570 -0.695734 0.021295
v 0.216559 -0.695644 0.021582
v 0.216542 -0.695505 0.021849
v 0.216520 -0.695323 0.022088
v 0.216493 -0.695102 0.022291
v 0.216462 -0.694850 0.022452
v 0.216428 -0.694573 0.022567
v 0.216392 -0.694282 0.022631
v 0.216355 -0.693983 0.022644
v 0.216319 -0.693687 0.022604
v 0.216284 -0.693402 0.022513
v 0.216252 -0.693137 0.022373
v 0.212992 -0.706191 0.026307
v 0.213021 -0.706428 0.026491
v 0.213046 -0.706630 0.026713
v 0.213066 -0.706790 0.026968
v 0.213080 -0.706904 0.027246
v 0.213088 -0.706968 0.027540
v 0.213089 -0.706980 0.027841
v 0.213084 -0.706941 0.028139
v 0.213073 -0.706850 0.028426
v 0.213056 -0.706712 0.028693
v 0.213034 -0.706529 0.028931
v 0.213007 -0.706309 0.029134
v 0.212976 -0.706056 0.029296
v 0.212942 -0.705780 0.029410
v 0.212906 -0.705488 0.029475
v 0.212869 -0.705190 0.029488
v 0.212833 -0.704893 0.029448
v 0.212798 -0.704609 0.029357
v 0.212765 -0.704344 0.029217
v 0.217782 -0.705603 0.026307
v 0.217811 -0.705840 0.026491
v 0.217836 -0.706042 0.026713
v 0.217856 -0.706202 0.026968
v 0.217870 -0.706315 0.027246
v 0.217878 -0.706380 0.027540
v 0.217879 -0.706392 0.027841
v 0.217874 -0.706352 0.028139
v 0.217863 -0.706262 0.028426
v 0.217846 -0.706124 0.028693
v 0.217824 -0.705941 0.028931
v 0.217797 -0.705721 0.029134
v 0.217766 -0.705468 0.029296
v 0.217732 -0.705192 0.029410
v 0.217696 -0.704900 0.029475
v 0.217659 -0.704601 0.029488
v 0.217623 -0.704305 0.029448
v 0.217588 -0.704020 0.029357
v 0.217555 -0.703756 0.029217
v 0.214296 -0.716810 0.033151
v 0.214325 -0.717047 0.033335
v 0.214350 -0.717248 0.033557
v 0.214369 -0.717408 0.033811
v 0.214383 -0.717522 0.034090
v 0.214391 -0.717586 0.034384
v 0.214393 -0.717599 0.034685
v 0.214388 -0.717559 0.034983
v 0.214377 -0.717469 0.035270
v 0.214360 -0.717330 0.035537
v 0.214337 -0.717148 0.035775
v 0.214310 -0.716927 0.035978
v 0.214279 -0.716675 0.036140
v 0.214245 -0.716398 0.036254
v 0.214210 -0.716107 0.036319
v 0.214173 -0.715808 0.036332
v 0.214137 -0.715512 0.036292
v 0.214102 -0.715227 0.036201
v 0.214069 -0.714962 0.036061
v 0.219086 -0.716222 0.033151
v 0.219115 -0.716458 0.033335
v 0.219140 -0.716660 0.033557
v 0.219159 -0.716820 0.033811
v 0.219173 -0.716934 0.034090
v 0.219181 -0.716998 0.034384
v 0.219183 -0.717010 0.034685
v 0.219178 -0.716971 0.034983
v 0.219167 -0.716880 0.035270
v 0.219150 -0.716742 0.035537
v 0.219127 -0.716560 0.035775
v 0.219100 -0.716339 0.035978
v 0.219069 -0.716087 0.036140
v 0.219035 -0.715810 0.036254
v 0.219000 -0.715518 0.036319
v 0.218963 -0.715220 0.036332
v 0.218927 -0.714924 0.036292
v 0.218892 -0.714639 0.036201
v 0.218859 -0.714374 0.036061
v 0.215600 -0.727428 0.039995
v 0.215629 -0.727665 0.040179
v 0.215654 -0.727866 0.040401
v 0.215673 -0.728027 0.040655
v 0.215687 -0.728140 0.040934
v 0.215695 -0.728205 0.041228
v 0.215697 -0.728217 0.041529
v 0.215692 -0.728177 0.041827
v 0.215681 -0.728087 0.042114
v 0.215664 -0.727949 0.042381
v 0.215641 -0.727766 0.042619
v 0.215614 -0.727545 0.042822
v 0.215583 -0.727293 0.042984
v 0.215549 -0.727017 0.043098
v 0.215513 -0.726725 0.043163
v 0.215477 -0.726426 0.043175
v 0.215440 -0.726130 0.043136
v 0.215405 -0.725845 0.043045
v 0.215373 -0.725581 0.042905
v 0.220390 -0.726840 0.039995
v 0.220419 -0.727077 0.040179
v 0.220444 -0.727278 0.040401
v 0.220463 -0.727438 0.040655
v 0.220477 -0.727552 0.040934
v 0.220485 -0.727616 0.041228
v 0.220487 -0.727629 0.041529
v 0.220482 -0.727589 0.041827
v 0.220471 -0.727499 0.042114
v 0.220454 -0.727360 0.042381
v 0.220431 -0.727178 0.042619
v 0.220404 -0.726957 0.042822
v 0.220373 -0.726705 0.042984
v 0.220339 -0.726429 0.043098
v 0.220303 -0.726137 0.043163
v 0.220267 -0.725838 0.043175
v 0.220230 -0.725542 0.043136
v 0.220195 -0.725257 0.043045
v 0.220163 -0.724992 0.042905
v 0.216904 -0.738047 0.046839
v 0.216933 -0.738283 0.047023
v 0.216957 -0.738485 0.047245
v 0.216977 -0.738645 0.047499
v 0.216991 -0.738759 0.047778
v 0.216999 -0.738823 0.048072
v 0.217000 -0.738835 0.048373
v 0.216996 -0.738796 0.048671
v 0.216984 -0.738705 0.048958
v 0.216967 -0.738567 0.049225
v 0.216945 -0.738385 0.049463
v 0.216918 -0.738164 0.049666
v 0.216887 -0.737912 0.049828
v 0.216853 -0.737635 0.049942
v 0.216817 -0.737343 0.050007
v 0.216781 -0.737045 0.050019
v 0.216744 -0.736749 0.049980
v 0.216709 -0.736464 0.049888
v 0.216677 -0.736199 0.049749
v 0.221694 -0.737459 0.046839
v 0.221723 -0.737695 0.047023
v 0.221747 -0.737897 0.047245
v 0.221767 -0.738057 0.047499
v 0.221781 -0.738171 0.047778
v 0.221789 -0.738235 0.048072
v 0.221790 -0.738247 0.048373
v 0.221786 -0.738208 0.048671
v 0.221774 -0.738117 0.048958
v 0.221757 -0.737979 0.049225
v 0.221735 -0.737796 0.049463
v 0.221708 -0.737576 0.049666
v 0.221677 -0.737323 0.049828
v 0.221643 -0.737047 0.049942
v 0.221607 -0.736755 0.050007
v 0.221571 -0.736457 0.050019
v 0.221534 -0.736161 0.049980
v 0.221499 -0.735876 0.049888
v 0.221467 -0.735611 0.049749
v 0.218207 -0.748665 0.053683
v 0.218236 -0.748902 0.053867
v 0.218261 -0.749103 0.054089
v 0.218281 -0.749263 0.054343
v 0.218295 -0.749377 0.054622
v 0.218303 -0.749441 0.054916
v 0.218304 -0.749454 0.055217
v 0.218299 -0.749414 0.055515
v 0.218288 -0.749324 0.055802
v 0.218271 -0.749185 0.056069
v 0.218249 -0.749003 0.056307
v 0.218222 -0.748782 0.056510
v 0.218191 -0.748530 0.056671
v 0.218157 -0.748254 0.056786
v 0.218121 -0.747962 0.056851
v 0.218084 -0.747663 0.056863
v 0.218048 -0.747367 0.056823
v 0.218013 -0.747082 0.056732
v 0.217980 -0.746817 0.056593
v 0.222997 -0.748077 0.053683
v 0.223026 -0.748314 0.053867
v 0.223051 -0.748515 0.054089
v 0.223071 -0.748675 0.054343
v 0.223085 -0.748789 0.054622
v 0.223093 -0.748853 0.054916
v 0.223094 -0.748866 0.055217
v 0.223089 -0.748826 0.055515
v 0.223078 -0.748736 0.055802
v 0.223061 -0.748597 0.056069
v 0.223039 -0.748415 0.056307
v 0.223012 -0.748194 0.056510
v 0.222981 -0.747942 0.056671
v 0.222947 -0.747666 0.056786
v 0.222911 -0.747374 0.056851
v 0.222874 -0.747075 0.056863
v 0.222838 -0.746779 0.056823
v 0.222803 -0.746494 0.056732
v 0.222770 -0.746229 0.056593
v 0.219511 -0.759284 0.060527
v 0.219540 -0.759520 0.060711
v 0.219565 -0.759722 0.060933
v 0.219585 -0.759882 0.061187
v 0.219599 -0.759996 0.061466
v 0.219606 -0.760060 0.061760
v 0.219608 -0.760072 0.062060
v 0.219603 -0.760033 0.062359
v 0.219592 -0.759942 0.062646
v 0.219575 -0.759804 0.062913
v 0.219553 -0.759621 0.063151
v 0.219525 -0.759401 0.063354
v 0.219495 -0.759148 0.063515
v 0.219461 -0.758872 0.063630
v 0.219425 -0.758580 0.063695
v 0.219388 -0.758282 0.063707
v 0.219352 -0.757985 0.063667
v 0.219317 -0.757701 0.063576
v 0.219284 -0.757436 0.063437
v 0.224301 -0.758695 0.060527
v 0.224330 -0.758932 0.060711
v 0.224355 -0.759134 0.060933
v 0.224375 -0.759294 0.061187
v 0.224389 -0.759408 0.061466
v 0.224396 -0.759472 0.061760
v 0.224398 -0.759484 0.062060
v 0.224393 -0.759445 0.062359
v 0.224382 -0.759354 0.062646
v 0.224365 -0.759216 0.062913
v 0.224343 -0.759033 0.063151
v 0.224316 -0.758813 0.063354
v 0.224285 -0.758560 0.063515
v 0.224251 -0.758284 0.063630
v 0.224215 -0.757992 0.063695
v 0.224178 -0.757694 0.063707
v 0.224142 -0.757397 0.063667
v 0.224107 -0.757113 0.063576
v 0.224074 -0.756848 0.063437
v 0.220815 -0.769902 0.067371
v 0.220844 -0.770139 0.067555
v 0.220869 -0.770340 0.067777
v 0.220888 -0.770500 0.068031
v 0.220902 -0.770614 0.068310
v 0.220910 -0.770678 0.068604
v 0.220912 -0.770691 0.068904
v 0.220907 -0.770651 0.069203
v 0.220896 -0.770561 0.069490
v 0.220879 -0.770422 0.069757
v 0.220856 -0.770240 0.069995
v 0.220829 -0.770019 0.070198
v 0.220798 -0.769767 0.070359
v 0.220764 -0.769491 0.070474
v 0.220729 -0.769199 0.070539
v 0.220692 -0.768900 0.070551
v 0.220655 -0.768604 0.070511
v 0.220621 -0.768319 0.070420
v 0.220588 -0.768054 0.070281
v 0.225605 -0.769314 0.067371
v 0.225634 -0.769551 0.067555
v 0.225659 -0.769752 0.067777
v 0.225678 -0.769912 0.068031
v 0.225692 -0.770026 0.068310
v 0.225700 -0.770090 0.068604
v 0.225702 -0.770103 0.068904
v 0.225697 -0.770063 0.069203
v 0.225686 -0.769973 0.069490
v 0.225669 -0.769834 0.069757
v 0.225646 -0.769652 0.069995
v 0.225619 -0.769431 0.070198
v 0.225588 -0.769179 0.070359
v 0.225554 -0.768902 0.070474
v 0.225519 -0.768611 0.070539
v 0.225482 -0.768312 0.070551
v 0.225446 -0.768016 0.070511
v 0.225411 -0.767731 0.070420
v 0.225378 -0.767466 0.070281
v 0.222119 -0.780520 0.074215
v 0.222148 -0.780757 0.074398
v 0.222172 -0.780959 0.074621
v 0.222192 -0.781119 0.074875
v 0.222206 -0.781232 0.075153
v 0.222214 -0.781297 0.075447
v 0.222215 -0.781309 0.075748
v 0.222211 -0.781270 0.076047
v 0.222200 -0.781179 0.076334
v 0.222183 -0.781041 0.076600
v 0.222160 -0.780858 0.076839
v 0.222133 -0.780638 0.077042
v 0.222102 -0.780385 0.077203
v 0.222068 -0.780109 0.077318
v 0.222032 -0.779817 0.077383
v 0.221996 -0.779519 0.077395
v 0.221959 -0.779222 0.077355
v 0.221924 -0.778938 0.077264
v 0.221892 -0.778673 0.077125
v 0.226909 -0.779932 0.074215
v 0.226938 -0.780169 0.074398
v 0.226962 -0.780370 0.074621
v 0.226982 -0.780531 0.074875
v 0.226996 -0.780644 0.075153
v 0.227004 -0.780708 0.075447
v 0.227006 -0.780721 0.075748
v 0.227001 -0.780681 0.076047
v 0.226990 -0.780591 0.076334
v 0.226973 -0.780453 0.076600
v 0.226950 -0.780270 0.076839
v 0.226923 -0.780049 0.077042
v 0.226892 -0.779797 0.077203
v 0.226858 -0.779521 0.077318
v 0.226822 -0.779229 0.077383
v 0.226786 -0.778930 0.077395
v 0.226749 -0.778634 0.077355
v 0.226714 -0.778349 0.077264
v 0.226682 -0.778085 0.077125
v 0.223422 -0.791139 0.081059
v 0.223451 -0.791376 0.081242
v 0.223476 -0.791577 0.081465
v 0.223496 -0.791737 0.081719
v 0.223510 -0.791851 0.081997
v 0.223518 -0.791915 0.082291
v 0.223519 -0.791928 0.082592
v 0.223514 -0.791888 0.082891
v 0.223503 -0.791798 0.083178
v 0.223486 -0.791659 0.083444
v 0.223464 -0.791477 0.083683
v 0.223437 -0.791256 0.083886
v 0.223406 -0.791004 0.084047
v 0.223372 -0.790727 0.084162
v 0.223336 -0.790436 0.084226
v 0.223299 -0.790137 0.084239
v 0.223263 -0.789841 0.084199
v 0.223228 -0.789556 0.084108
v 0.223196 -0.789291 0.083969
v 0.228212 -0.790551 0.081059
v 0.228242 -0.790787 0.081242
v 0.228266 -0.790989 0.081465
v 0.228286 -0.791149 0.081719
v 0.228300 -0.791263 0.081997
v 0.228308 -0.791327 0.082291
v 0.228309 -0.791339 0.082592
v 0.228304 -0.791300 0.082891
v 0.228293 -0.791209 0.083178
v 0.228276 -0.791071 0.083444
v 0.228254 -0.790889 0.083683
v 0.228227 -0.790668 0.083886
v 0.228196 -0.790416 0.084047
v 0.228162 -0.790139 0.084162
v 0.228126 -0.789847 0.084226
v 0.228089 -0.789549 0.084239
v 0.228053 -0.789253 0.084199
v 0.228018 -0.788968 0.084108
v 0.227986 -0.788703 0.083969
v 0.224726 -0.801757 0.087903
v 0.224755 -0.801994 0.088086
v 0.224780 -0.802195 0.088309
v 0.224800 -0.802355 0.088563
v 0.224814 -0.802469 0.088841
v 0.224822 -0.802533 0.089135
v 0.224823 -0.802546 0.089436
v 0.224818 -0.802506 0.089735
v 0.224807 -0.802416 0.090022
v 0.224790 -0.802277 0.090288
v 0.224768 -0.802095 0.090527
v 0.224741 -0.801874 0.090730
v 0.224710 -0.801622 0.090891
v 0.224676 -0.801346 0.091006
v 0.224640 -0.801054 0.091070
v 0.224603 -0.800755 0.091083
v 0.224567 -0.800459 0.091043
v 0.224532 -0.800174 0.090952
v 0.224499 -0.799910 0.090813
v 0.229516 -0.801169 0.087903
v 0.229545 -0.801406 0.088086
v 0.229570 -0.801607 0.088309
v 0.229590 -0.801767 0.088563
v 0.229604 -0.801881 0.088841
v 0.229612 -0.801945 0.089135
v 0.229613 -0.801958 0.089436
v 0.229608 -0.801918 0.089735
v 0.229597 -0.801828 0.090022
v 0.229580 -0.801689 0.090288
v 0.229558 -0.801507 0.090527
v 0.229531 -0.801286 0.090730
v 0.229500 -0.801034 0.090891
v 0.229466 -0.800758 0.091006
v 0.229430 -0.800466 0.091070
v 0.229393 -0.800167 0.091083
v 0.229357 -0.799871 0.091043
v 0.229322 -0.799586 0.090952
v 0.229289 -0.799321 0.090813
v 0.194238 -0.550198 -0.034463
v 0.198241 -0.549706 -0.034463
v 0.194759 -0.554435 -0.032171
v 0.195315 -0.558969 -0.030556
v 0.195896 -0.563694 -0.029654
v 0.196486 -0.568500 -0.029487
v 0.197072 -0.573276 -0.030059
v 0.201074 -0.572784 -0.030059
v 0.200488 -0.568009 -0.029487
v 0.199898 -0.563202 -0.029654
v 0.199318 -0.558477 -0.030556
v 0.198761 -0.553943 -0.032171
v 0.228657 -0.830513 0.089673
v 0.201424 -0.608721 -0.053280
v 0.232659 -0.830022 0.089673
v 0.205426 -0.608229 -0.053280
v 0.228657 -0.830513 0.089673
v 0.232659 -0.830022 0.089673
v 0.232926 -0.832197 0.091361
v 0.233154 -0.834049 0.093405
v 0.233334 -0.835521 0.095742
v 0.233463 -0.836567 0.098300
v 0.233535 -0.837156 0.101003
v 0.233549 -0.837271 0.103768
v 0.233504 -0.836907 0.106511
v 0.233402 -0.836076 0.109148
v 0.233246 -0.834803 0.111600
v 0.233040 -0.833127 0.113793
v 0.232791 -0.831099 0.115658
v 0.232507 -0.828780 0.117141
v 0.232195 -0.826240 0.118195
v 0.231865 -0.823558 0.118788
v 0.231528 -0.820813 0.118904
v 0.231194 -0.818091 0.118538
v 0.230873 -0.815473 0.117700
v 0.230574 -0.813039 0.116418
v 0.226572 -0.813531 0.116418
v 0.226870 -0.815965 0.117700
v 0.227192 -0.818582 0.118538
v 0.227526 -0.821305 0.118904
v 0.227863 -0.824049 0.118788
v 0.228193 -0.826732 0.118195
v 0.228504 -0.829271 0.117141
v 0.228789 -0.831590 0.115658
v 0.229038 -0.833619 0.113793
v 0.229244 -0.835295 0.111600
v 0.229400 -0.836568 0.109148
v 0.229502 -0.837399 0.106511
v 0.229547 -0.837762 0.103768
v 0.229533 -0.837648 0.101003
v 0.229460 -0.837058 0.098300
v 0.229332 -0.836012 0.095742
v 0.229151 -0.834541 0.093405
v 0.228924 -0.832689 0.091361
v 0.199339 -0.591738 -0.026535
v 0.226572 -0.813531 0.116418
v 0.203341 -0.591247 -0.026535
v 0.230574 -0.813039 0.116418
v 0.228237 -0.830349 0.090007
v 0.228497 -0.832471 0.091654
v 0.228719 -0.834276 0.093646
v 0.228895 -0.835711 0.095924
v 0.229020 -0.836731 0.098419
v 0.229091 -0.837305 0.101054
v 0.229105 -0.837417 0.103750
v 0.229061 -0.837063 0.106424
v 0.228962 -0.836252 0.108996
v 0.228809 -0.835011 0.111386
v 0.228609 -0.833377 0.113524
v 0.228366 -0.831399 0.115343
v 0.228088 -0.829138 0.116788
v 0.227784 -0.826662 0.117816
v 0.227463 -0.824047 0.118395
v 0.227134 -0.821371 0.118508
v 0.226809 -0.818717 0.118150
v 0.226495 -0.816164 0.117334
v 0.226204 -0.813791 0.116084
v 0.198971 -0.591999 -0.026869
v 0.198548 -0.588556 -0.028731
v 0.198096 -0.584872 -0.030044
v 0.197625 -0.581033 -0.030777
v 0.197145 -0.577128 -0.030913
v 0.196669 -0.573248 -0.030448
v 0.196090 -0.568532 -0.029883
v 0.195507 -0.563786 -0.030048
v 0.194934 -0.559120 -0.030939
v 0.194384 -0.554642 -0.032534
v 0.193871 -0.550458 -0.034798
v 0.193343 -0.546161 -0.038133
v 0.192894 -0.542504 -0.042169
v 0.192537 -0.539598 -0.046784
v 0.192283 -0.537531 -0.051837
v 0.192140 -0.536367 -0.057175
v 0.192113 -0.536141 -0.062636
v 0.192201 -0.536859 -0.068053
v 0.192402 -0.538500 -0.073262
v 0.192711 -0.541014 -0.078105
v 0.193117 -0.544324 -0.082434
v 0.193609 -0.548331 -0.086119
v 0.194172 -0.552911 -0.089047
v 0.194788 -0.557926 -0.091129
v 0.195438 -0.563225 -0.092301
v 0.196104 -0.568644 -0.092530
v 0.196764 -0.574021 -0.091806
v 0.197399 -0.579191 -0.090153
v 0.197989 -0.583998 -0.087620
v 0.198455 -0.587792 -0.084741
v 0.198862 -0.591106 -0.081315
v 0.199200 -0.593865 -0.077420
v 0.199463 -0.596003 -0.073148
v 0.199643 -0.597471 -0.068597
v 0.199791 -0.598679 -0.064853
v 0.200007 -0.600438 -0.061338
v 0.200286 -0.602708 -0.058133
v 0.200621 -0.605435 -0.055314
v 0.201004 -0.608557 -0.052946
v 0.195156 -0.560924 -0.051281
v 0.195311 -0.562187 -0.050300
v 0.195443 -0.563262 -0.049114
v 0.195548 -0.564116 -0.047758
v 0.195622 -0.564723 -0.046273
v 0.195664 -0.565065 -0.044704
v 0.195672 -0.565132 -0.043100
v 0.195646 -0.564921 -0.041508
v 0.195587 -0.564438 -0.039977
v 0.195496 -0.563700 -0.038554
v 0.195377 -0.562727 -0.037281
v 0.195232 -0.561549 -0.036198
v 0.195067 -0.560203 -0.035338
v 0.194886 -0.558729 -0.034726
v 0.194695 -0.557172 -0.034382
v 0.194499 -0.555580 -0.034315
v 0.194305 -0.554000 -0.034527
v 0.194119 -0.552480 -0.035013
v 0.193945 -0.551067 -0.035757
v 0.193790 -0.549805 -0.036737
v 0.193658 -0.548730 -0.037924
v 0.193553 -0.547876 -0.039280
v 0.193479 -0.547269 -0.040765
v 0.193437 -0.546926 -0.042334
v 0.193429 -0.546860 -0.043938
v 0.193455 -0.547071 -0.045530
v 0.193514 -0.547553 -0.047061
v 0.193605 -0.548292 -0.048484
v 0.193724 -0.549265 -0.049757
v 0.193869 -0.550442 -0.050840
v 0.194034 -0.551788 -0.051700
v 0.194215 -0.553262 -0.052312
v 0.194406 -0.554819 -0.052656
v 0.194602 -0.556412 -0.052723
v 0.194796 -0.557992 -0.052511
v 0.194982 -0.559512 -0.052025
v 0.198691 -0.589715 -0.057654
v 0.198846 -0.590977 -0.056674
v 0.198978 -0.592052 -0.055487
v 0.199083 -0.592906 -0.054131
v 0.199157 -0.593513 -0.052646
v 0.199199 -0.593856 -0.051078
v 0.199207 -0.593922 -0.049473
v 0.199181 -0.593711 -0.047881
v 0.199122 -0.593229 -0.046350
v 0.199031 -0.592490 -0.044927
v 0.198912 -0.591517 -0.043654
v 0.198767 -0.590340 -0.042572
v 0.198602 -0.588994 -0.041711
v 0.198421 -0.587520 -0.041099
v 0.198230 -0.585963 -0.040755
v 0.198034 -0.584370 -0.040688
v 0.197840 -0.582790 -0.040900
v 0.197654 -0.581270 -0.041386
v 0.197480 -0.579858 -0.042130
v 0.197325 -0.578595 -0.043111
v 0.197193 -0.577520 -0.044297
v 0.197089 -0.576666 -0.045653
v 0.197014 -0.576059 -0.047138
v 0.196972 -0.575717 -0.048707
v 0.196964 -0.575650 -0.050311
v 0.196990 -0.575861 -0.051903
v 0.197049 -0.576344 -0.053434
v 0.197140 -0.577082 -0.054857
v 0.197259 -0.578055 -0.056130
v 0.197404 -0.579233 -0.057213
v 0.197569 -0.580579 -0.058073
v 0.197750 -0.582053 -0.058685
v 0.197941 -0.583610 -0.059030
v 0.198137 -0.585202 -0.059097
v 0.198331 -0.586782 -0.058884
v 0.198517 -0.588302 -0.058398
v 0.197914 -0.583389 -0.086660
v 0.198069 -0.584652 -0.085680
v 0.198201 -0.585727 -0.084494
v 0.198306 -0.586581 -0.083138
v 0.198380 -0.587188 -0.081653
v 0.198422 -0.587530 -0.080084
v 0.198431 -0.587596 -0.078479
v 0.198405 -0.587385 -0.076887
v 0.198345 -0.586903 -0.075357
v 0.198255 -0.586164 -0.073933
v 0.198135 -0.585192 -0.072661
v 0.197991 -0.584014 -0.071578
v 0.197825 -0.582668 -0.070718
v 0.197644 -0.581194 -0.070106
v 0.197453 -0.579637 -0.069761
v 0.197258 -0.578044 -0.069694
v 0.197064 -0.576464 -0.069907
v 0.196877 -0.574945 -0.070393
v 0.196704 -0.573532 -0.071137
v 0.196549 -0.572269 -0.072117
v 0.196417 -0.571195 -0.073303
v 0.196312 -0.570341 -0.074660
v 0.196237 -0.569733 -0.076145
v 0.196195 -0.569391 -0.077713
v 0.196187 -0.569325 -0.079318
v 0.196213 -0.569536 -0.080910
v 0.196272 -0.570018 -0.082441
v 0.196363 -0.570757 -0.083864
v 0.196482 -0.571730 -0.085136
v 0.196627 -0.572907 -0.086219
v 0.196792 -0.574253 -0.087080
v 0.196973 -0.575727 -0.087692
v 0.197164 -0.577284 -0.088036
v 0.197360 -0.578877 -0.088103
v 0.197554 -0.580457 -0.087891
v 0.197740 -0.581976 -0.087405
v 0.194379 -0.554599 -0.080287
v 0.194534 -0.555861 -0.079307
v 0.194666 -0.556936 -0.078121
v 0.194771 -0.557790 -0.076765
v 0.194845 -0.558397 -0.075280
v 0.194887 -0.558739 -0.073711
v 0.194896 -0.558806 -0.072106
v 0.194870 -0.558595 -0.070514
v 0.194810 -0.558113 -0.068983
v 0.194720 -0.557374 -0.067560
v 0.194600 -0.556401 -0.066288
v 0.194456 -0.555224 -0.065205
v 0.194290 -0.553878 -0.064345
v 0.194109 -0.552404 -0.063733
v 0.193918 -0.550847 -0.063388
v 0.193723 -0.549254 -0.063321
v 0.193529 -0.547674 -0.063534
v 0.193342 -0.546154 -0.064020
v 0.193169 -0.544742 -0.064764
v 0.193014 -0.543479 -0.065744
v 0.192882 -0.542404 -0.066930
v 0.192777 -0.541550 -0.068286
v 0.192702 -0.540943 -0.069771
v 0.192660 -0.540601 -0.071340
v 0.192652 -0.540534 -0.072945
v 0.192678 -0.540745 -0.074537
v 0.192737 -0.541228 -0.076068
v 0.192828 -0.541966 -0.077491
v 0.192947 -0.542939 -0.078763
v 0.193092 -0.544117 -0.079846
v 0.193257 -0.545463 -0.080707
v 0.193438 -0.546937 -0.081318
v 0.193629 -0.548494 -0.081663
v 0.193825 -0.550086 -0.081730
v 0.194019 -0.551666 -0.081517
v 0.194205 -0.553186 -0.081032
v 0.226030 -0.812376 0.094747
v 0.226059 -0.812612 0.094930
v 0.226084 -0.812814 0.095153
v 0.226103 -0.812974 0.095407
v 0.226117 -0.813088 0.095685
v 0.226125 -0.813152 0.095979
v 0.226127 -0.813164 0.096280
v 0.226122 -0.813125 0.096579
v 0.226111 -0.813034 0.096865
v 0.226094 -0.812896 0.097132
v 0.226071 -0.812714 0.097371
v 0.226044 -0.812493 0.097574
v 0.226013 -0.812241 0.097735
v 0.225979 -0.811964 0.097850
v 0.225944 -0.811672 0.097914
v 0.225907 -0.811374 0.097927
v 0.225871 -0.811078 0.097887
v 0.225836 -0.810793 0.097796
v 0.225803 -0.810528 0.097656
v 0.225774 -0.810291 0.097473
v 0.225749 -0.810090 0.097250
v 0.225730 -0.809930 0.096996
v 0.225716 -0.809816 0.096718
v 0.225708 -0.809752 0.096424
v 0.225706 -0.809739 0.096123
v 0.225711 -0.809779 0.095824
v 0.225722 -0.809869 0.095538
v 0.225739 -0.810008 0.095271
v 0.225762 -0.810190 0.095032
v 0.225789 -0.810411 0.094829
v 0.225820 -0.810663 0.094668
v 0.225854 -0.810939 0.094553
v 0.225889 -0.811231 0.094489
v 0.225926 -0.811530 0.094476
v 0.225962 -0.811826 0.094516
v 0.225997 -0.812111 0.094607
v 0.227334 -0.822994 0.101590
v 0.227363 -0.823231 0.101774
v 0.227388 -0.823432 0.101997
v 0.227407 -0.823592 0.102251
v 0.227421 -0.823706 0.102529
v 0.227429 -0.823770 0.102823
v 0.227431 -0.823783 0.103124
v 0.227426 -0.823743 0.103422
v 0.227415 -0.823653 0.103709
v 0.227398 -0.823514 0.103976
v 0.227375 -0.823332 0.104215
v 0.227348 -0.823111 0.104418
v 0.227317 -0.822859 0.104579
v 0.227283 -0.822583 0.104694
v 0.227247 -0.822291 0.104758
v 0.227211 -0.821992 0.104771
v 0.227174 -0.821696 0.104731
v 0.227139 -0.821411 0.104640
v 0.227107 -0.821146 0.104500
v 0.227078 -0.820910 0.104317
v 0.227053 -0.820708 0.104094
v 0.227033 -0.820548 0.103840
v 0.227019 -0.820434 0.103562
v 0.227012 -0.820370 0.103268
v 0.227010 -0.820358 0.102967
v 0.227015 -0.820397 0.102668
v 0.227026 -0.820488 0.102381
v 0.227043 -0.820626 0.102115
v 0.227065 -0.820808 0.101876
v 0.227093 -0.821029 0.101673
v 0.227123 -0.821282 0.101512
v 0.227157 -0.821558 0.101397
v 0.227193 -0.821850 0.101333
v 0.227230 -0.822148 0.101320
v 0.227266 -0.822444 0.101360
v 0.227301 -0.822729 0.101451
v 0.224726 -0.801757 0.087903
v 0.224755 -0.801994 0.088086
v 0.224780 -0.802195 0.088309
v 0.224800 -0.802355 0.088563
v 0.224814 -0.802469 0.088841
v 0.224822 -0.802533 0.089135
v 0.224823 -0.802546 0.089436
v 0.224818 -0.802506 0.089735
v 0.224807 -0.802416 0.090022
v 0.224790 -0.802277 0.090288
v 0.224768 -0.802095 0.090527
v 0.224741 -0.801874 0.090730
v 0.224710 -0.801622 0.090891
v 0.224676 -0.801346 0.091006
v 0.224640 -0.801054 0.091070
v 0.224603 -0.800755 0.091083
v 0.224567 -0.800459 0.091043
v 0.224532 -0.800174 0.090952
v 0.224499 -0.799910 0.090813
v 0.224470 -0.799673 0.090629
v 0.224446 -0.799471 0.090406
v 0.224426 -0.799311 0.090152
v 0.224412 -0.799197 0.089874
v 0.224404 -0.799133 0.089580
v 0.224402 -0.799121 0.089279
v 0.224407 -0.799160 0.088981
v 0.224418 -0.799251 0.088694
v 0.224435 -0.799389 0.088427
v 0.224458 -0.799572 0.088188
v 0.224485 -0.799792 0.087985
v 0.224516 -0.800045 0.087824
v 0.224550 -0.800321 0.087709
v 0.224586 -0.800613 0.087645
v 0.224622 -0.800911 0.087632
v 0.224659 -0.801208 0.087672
v 0.224694 -0.801492 0.087763
v 0.223422 -0.791139 0.081059
v 0.223451 -0.791376 0.081242
v 0.223476 -0.791577 0.081465
v 0.223496 -0.791737 0.081719
v 0.223510 -0.791851 0.081997
v 0.223518 -0.791915 0.082291
v 0.223519 -0.791928 0.082592
v 0.223514 -0.791888 0.082891
v 0.223503 -0.791798 0.083178
v 0.223486 -0.791659 0.083444
v 0.223464 -0.791477 0.083683
v 0.223437 -0.791256 0.083886
v 0.223406 -0.791004 0.084047
v 0.223372 -0.790727 0.084162
v 0.223336 -0.790436 0.084226
v 0.223299 -0.790137 0.084239
v 0.223263 -0.789841 0.084199
v 0.223228 -0.789556 0.084108
v 0.223196 -0.789291 0.083969
v 0.223166 -0.789054 0.083785
v 0.223142 -0.788853 0.083562
v 0.223122 -0.788693 0.083308
v 0.223108 -0.788579 0.083030
v 0.223100 -0.788515 0.082736
v 0.223099 -0.788502 0.082435
v 0.223104 -0.788542 0.082137
v 0.223115 -0.788632 0.081850
v 0.223132 -0.788771 0.081583
v 0.223154 -0.788953 0.081344
v 0.223181 -0.789174 0.081141
v 0.223212 -0.789426 0.080980
v 0.223246 -0.789703 0.080865
v 0.223282 -0.789994 0.080801
v 0.223319 -0.790293 0.080788
v 0.223355 -0.790589 0.080828
v 0.223390 -0.790874 0.080919
v 0.222119 -0.780520 0.074215
v 0.222148 -0.780757 0.074398
v 0.222172 -0.780959 0.074621
v 0.222192 -0.781119 0.074875
v 0.222206 -0.781232 0.075153
v 0.222214 -0.781297 0.075447
v 0.222215 -0.781309 0.075748
v 0.222211 -0.781270 0.076047
v 0.222200 -0.781179 0.076334
v 0.222183 -0.781041 0.076600
v 0.222160 -0.780858 0.076839
v 0.222133 -0.780638 0.077042
v 0.222102 -0.780385 0.077203
v 0.222068 -0.780109 0.077318
v 0.222032 -0.779817 0.077383
v 0.221996 -0.779519 0.077395
v 0.221959 -0.779222 0.077355
v 0.221924 -0.778938 0.077264
v 0.221892 -0.778673 0.077125
v 0.221863 -0.778436 0.076941
v 0.221838 -0.778235 0.076719
v 0.221818 -0.778074 0.076464
v 0.221804 -0.777961 0.076186
v 0.221796 -0.777896 0.075892
v 0.221795 -0.777884 0.075591
v 0.221800 -0.777924 0.075293
v 0.221811 -0.778014 0.075006
v 0.221828 -0.778152 0.074739
v 0.221850 -0.778335 0.074500
v 0.221877 -0.778556 0.074297
v 0.221908 -0.778808 0.074136
v 0.221942 -0.779084 0.074021
v 0.221978 -0.779376 0.073957
v 0.222015 -0.779675 0.073944
v 0.222051 -0.779971 0.073984
v 0.222086 -0.780256 0.074075
v 0.220815 -0.769902 0.067371
v 0.220844 -0.770139 0.067555
v 0.220869 -0.770340 0.067777
v 0.220888 -0.770500 0.068031
v 0.220902 -0.770614 0.068310
v 0.220910 -0.770678 0.068604
v 0.220912 -0.770691 0.068904
v 0.220907 -0.770651 0.069203
v 0.220896 -0.770561 0.069490
v 0.220879 -0.770422 0.069757
v 0.220856 -0.770240 0.069995
v 0.220829 -0.770019 0.070198
v 0.220798 -0.769767 0.070359
v 0.220764 -0.769491 0.070474
v 0.220729 -0.769199 0.070539
v 0.220692 -0.768900 0.070551
v 0.220655 -0.768604 0.070511
v 0.220621 -0.768319 0.070420
v 0.220588 -0.768054 0.070281
v 0.220559 -0.767818 0.070097
v 0.220534 -0.767616 0.069875
v 0.220515 -0.767456 0.069620
v 0.220501 -0.767342 0.069342
v 0.220493 -0.767278 0.069048
v 0.220491 -0.767266 0.068747
v 0.220496 -0.767305 0.068449
v 0.220507 -0.767396 0.068162
v 0.220524 -0.767534 0.067895
v 0.220547 -0.767716 0.067656
v 0.220574 -0.767937 0.067454
v 0.220605 -0.768189 0.067292
v 0.220639 -0.768466 0.067178
v 0.220674 -0.768758 0.067113
v 0.220711 -0.769056 0.067100
v 0.220747 -0.769352 0.067140
v 0.220782 -0.769637 0.067231
v 0.219511 -0.759284 0.060527
v 0.219540 -0.759520 0.060711
v 0.219565 -0.759722 0.060933
v 0.219585 -0.759882 0.061187
v 0.219599 -0.759996 0.061466
v 0.219606 -0.760060 0.061760
v 0.219608 -0.760072 0.062060
v 0.219603 -0.760033 0.062359
v 0.219592 -0.759942 0.062646
v 0.219575 -0.759804 0.062913
v 0.219553 -0.759621 0.063151
v 0.219525 -0.759401 0.063354
v 0.219495 -0.759148 0.063515
v 0.219461 -0.758872 0.063630
v 0.219425 -0.758580 0.063695
v 0.219388 -0.758282 0.063707
v 0.219352 -0.757985 0.063667
v 0.219317 -0.757701 0.063576
v 0.219284 -0.757436 0.063437
v 0.219255 -0.757199 0.063253
v 0.219230 -0.756998 0.063031
v 0.219211 -0.756838 0.062776
v 0.219197 -0.756724 0.062498
v 0.219189 -0.756660 0.062204
v 0.219187 -0.756647 0.061903
v 0.219192 -0.756687 0.061605
v 0.219203 -0.756777 0.061318
v 0.219220 -0.756916 0.061051
v 0.219243 -0.757098 0.060813
v 0.219270 -0.757319 0.060610
v 0.219301 -0.757571 0.060448
v 0.219335 -0.757847 0.060334
v 0.219371 -0.758139 0.060269
v 0.219407 -0.758438 0.060256
v 0.219444 -0.758734 0.060296
v 0.219479 -0.759019 0.060387
v 0.218207 -0.748665 0.053683
v 0.218236 -0.748902 0.053867
v 0.218261 -0.749103 0.054089
v 0.218281 -0.749263 0.054343
v 0.218295 -0.749377 0.054622
v 0.218303 -0.749441 0.054916
v 0.218304 -0.749454 0.055217
v 0.218299 -0.749414 0.055515
v 0.218288 -0.749324 0.055802
v 0.218271 -0.749185 0.056069
v 0.218249 -0.749003 0.056307
v 0.218222 -0.748782 0.056510
v 0.218191 -0.748530 0.056671
v 0.218157 -0.748254 0.056786
v 0.218121 -0.747962 0.056851
v 0.218084 -0.747663 0.056863
v 0.218048 -0.747367 0.056823
v 0.218013 -0.747082 0.056732
v 0.217980 -0.746817 0.056593
v 0.217951 -0.746581 0.056409
v 0.217927 -0.746379 0.056187
v 0.217907 -0.746219 0.055933
v 0.217893 -0.746105 0.055654
v 0.217885 -0.746041 0.055360
v 0.217884 -0.746029 0.055059
v 0.217888 -0.746068 0.054761
v 0.217900 -0.746159 0.054474
v 0.217917 -0.746297 0.054207
v 0.217939 -0.746480 0.053969
v 0.217966 -0.746700 0.053766
v 0.217997 -0.746953 0.053604
v 0.218031 -0.747229 0.053490
v 0.218067 -0.747521 0.053425
v 0.218103 -0.747819 0.053413
v 0.218140 -0.748115 0.053452
v 0.218175 -0.748400 0.053543
v 0.216904 -0.738047 0.046839
v 0.216933 -0.738283 0.047023
v 0.216957 -0.738485 0.047245
v 0.216977 -0.738645 0.047499
v 0.216991 -0.738759 0.047778
v 0.216999 -0.738823 0.048072
v 0.217000 -0.738835 0.048373
v 0.216996 -0.738796 0.048671
v 0.216984 -0.738705 0.048958
v 0.216967 -0.738567 0.049225
v 0.216945 -0.738385 0.049463
v 0.216918 -0.738164 0.049666
v 0.216887 -0.737912 0.049828
v 0.216853 -0.737635 0.049942
v 0.216817 -0.737343 0.050007
v 0.216781 -0.737045 0.050019
v 0.216744 -0.736749 0.049980
v 0.216709 -0.736464 0.049888
v 0.216677 -0.736199 0.049749
v 0.216648 -0.735962 0.049565
v 0.216623 -0.735761 0.049343
v 0.216603 -0.735601 0.049089
v 0.216589 -0.735487 0.048810
v 0.216581 -0.735423 0.048516
v 0.216580 -0.735410 0.048215
v 0.216585 -0.735450 0.047917
v 0.216596 -0.735540 0.047630
v 0.216613 -0.735679 0.047363
v 0.216635 -0.735861 0.047125
v 0.216662 -0.736082 0.046922
v 0.216693 -0.736334 0.046760
v 0.216727 -0.736610 0.046646
v 0.216763 -0.736902 0.046581
v 0.216800 -0.737201 0.046569
v 0.216836 -0.737497 0.046608
v 0.216871 -0.737782 0.046700
v 0.215600 -0.727428 0.039995
v 0.215629 -0.727665 0.040179
v 0.215654 -0.727866 0.040401
v 0.215673 -0.728027 0.040655
v 0.215687 -0.728140 0.040934
v 0.215695 -0.728205 0.041228
v 0.215697 -0.728217 0.041529
v 0.215692 -0.728177 0.041827
v 0.215681 -0.728087 0.042114
v 0.215664 -0.727949 0.042381
v 0.215641 -0.727766 0.042619
v 0.215614 -0.727545 0.042822
v 0.215583 -0.727293 0.042984
v 0.215549 -0.727017 0.043098
v 0.215513 -0.726725 0.043163
v 0.215477 -0.726426 0.043175
v 0.215440 -0.726130 0.043136
v 0.215405 -0.725845 0.043045
v 0.215373 -0.725581 0.042905
v 0.215344 -0.725344 0.042721
v 0.215319 -0.725142 0.042499
v 0.215299 -0.724982 0.042245
v 0.215285 -0.724869 0.041966
v 0.215278 -0.724804 0.041672
v 0.215276 -0.724792 0.041371
v 0.215281 -0.724831 0.041073
v 0.215292 -0.724922 0.040786
v 0.215309 -0.725060 0.040519
v 0.215331 -0.725243 0.040281
v 0.215359 -0.725463 0.040078
v 0.215389 -0.725716 0.039917
v 0.215423 -0.725992 0.039802
v 0.215459 -0.726284 0.039737
v 0.215496 -0.726582 0.039725
v 0.215532 -0.726879 0.039765
v 0.215567 -0.727163 0.039856
v 0.214296 -0.716810 0.033151
v 0.214325 -0.717047 0.033335
v 0.214350 -0.717248 0.033557
v 0.214369 -0.717408 0.033811
v 0.214383 -0.717522 0.034090
v 0.214391 -0.717586 0.034384
v 0.214393 -0.717599 0.034685
v 0.214388 -0.717559 0.034983
v 0.214377 -0.717469 0.035270
v 0.214360 -0.717330 0.035537
v 0.214337 -0.717148 0.035775
v 0.214310 -0.716927 0.035978
v 0.214279 -0.716675 0.036140
v 0.214245 -0.716398 0.036254
v 0.214210 -0.716107 0.036319
v 0.214173 -0.715808 0.036332
v 0.214137 -0.715512 0.036292
v 0.214102 -0.715227 0.036201
v 0.214069 -0.714962 0.036061
v 0.214040 -0.714725 0.035877
v 0.214015 -0.714524 0.035655
v 0.213996 -0.714364 0.035401
v 0.213982 -0.714250 0.035122
v 0.213974 -0.714186 0.034828
v 0.213972 -0.714173 0.034528
v 0.213977 -0.714213 0.034229
v 0.213988 -0.714303 0.033942
v 0.214005 -0.714442 0.033675
v 0.214028 -0.714624 0.033437
v 0.214055 -0.714845 0.033234
v 0.214086 -0.715097 0.033073
v 0.214120 -0.715374 0.032958
v 0.214155 -0.715665 0.032893
v 0.214192 -0.715964 0.032881
v 0.214228 -0.716260 0.032921
v 0.214263 -0.716545 0.033012
v 0.212992 -0.706191 0.026307
v 0.213021 -0.706428 0.026491
v 0.213046 -0.706630 0.026713
v 0.213066 -0.706790 0.026968
v 0.213080 -0.706904 0.027246
v 0.213088 -0.706968 0.027540
v 0.213089 -0.706980 0.027841
v 0.213084 -0.706941 0.028139
v 0.213073 -0.706850 0.028426
v 0.213056 -0.706712 0.028693
v 0.213034 -0.706529 0.028931
v 0.213007 -0.706309 0.029134
v 0.212976 -0.706056 0.029296
v 0.212942 -0.705780 0.029410
v 0.212906 -0.705488 0.029475
v 0.212869 -0.705190 0.029488
v 0.212833 -0.704893 0.029448
v 0.212798 -0.704609 0.029357
v 0.212765 -0.704344 0.029217
v 0.212736 -0.704107 0.029033
v 0.212712 -0.703906 0.028811
v 0.212692 -0.703745 0.028557
v 0.212678 -0.703632 0.028278
v 0.212670 -0.703568 0.027984
v 0.212668 -0.703555 0.027684
v 0.212673 -0.703595 0.027385
v 0.212684 -0.703685 0.027098
v 0.212701 -0.703824 0.026831
v 0.212724 -0.704006 0.026593
v 0.212751 -0.704227 0.026390
v 0.212782 -0.704479 0.026229
v 0.212816 -0.704755 0.026114
v 0.212852 -0.705047 0.026049
v 0.212888 -0.705346 0.026037
v 0.212925 -0.705642 0.026077
v 0.212960 -0.705927 0.026168
v 0.211688 -0.695573 0.019463
v 0.211717 -0.695810 0.019647
v 0.211742 -0.696011 0.019869
v 0.211762 -0.696171 0.020124
v 0.211776 -0.696285 0.020402
v 0.211784 -0.696349 0.020696
v 0.211785 -0.696362 0.020997
v 0.211780 -0.696322 0.021295
v 0.211769 -0.696232 0.021582
v 0.211752 -0.696093 0.021849
v 0.211730 -0.695911 0.022088
v 0.211703 -0.695690 0.022291
v 0.211672 -0.695438 0.022452
v 0.211638 -0.695162 0.022567
v 0.211602 -0.694870 0.022631
v 0.211565 -0.694571 0.022644
v 0.211529 -0.694275 0.022604
v 0.211494 -0.693990 0.022513
v 0.211462 -0.693725 0.022373
v 0.211432 -0.693489 0.022189
v 0.211408 -0.693287 0.021967
v 0.211388 -0.693127 0.021713
v 0.211374 -0.693013 0.021435
v 0.211366 -0.692949 0.021140
v 0.211365 -0.692937 0.020840
v 0.211370 -0.692976 0.020541
v 0.211381 -0.693067 0.020254
v 0.211398 -0.693205 0.019988
v 0.211420 -0.693387 0.019749
v 0.211447 -0.693608 0.019546
v 0.211478 -0.693860 0.019385
v 0.211512 -0.694137 0.019270
v 0.211548 -0.694429 0.019205
v 0.211585 -0.694727 0.019193
v 0.211621 -0.695023 0.019233
v 0.211656 -0.695308 0.019324
v 0.210385 -0.684955 0.012619
v 0.210414 -0.685191 0.012803
v 0.210438 -0.685393 0.013025
v 0.210458 -0.685553 0.013280
v 0.210472 -0.685667 0.013558
v 0.210480 -0.685731 0.013852
v 0.210481 -0.685743 0.014153
v 0.210477 -0.685704 0.014451
v 0.210466 -0.685613 0.014738
v 0.210449 -0.685475 0.015005
v 0.210426 -0.685293 0.015244
v 0.210399 -0.685072 0.015447
v 0.210368 -0.684819 0.015608
v 0.210334 -0.684543 0.015723
v 0.210298 -0.684251 0.015787
v 0.210262 -0.683953 0.015800
v 0.210225 -0.683657 0.015760
v 0.210190 -0.683372 0.015669
v 0.210158 -0.683107 0.015529
v 0.210129 -0.682870 0.015346
v 0.210104 -0.682669 0.015123
v 0.210084 -0.682509 0.014869
v 0.210070 -0.682395 0.014591
v 0.210062 -0.682331 0.014297
v 0.210061 -0.682318 0.013996
v 0.210066 -0.682358 0.013697
v 0.210077 -0.682448 0.013410
v 0.210094 -0.682587 0.013144
v 0.210116 -0.682769 0.012905
v 0.210143 -0.682990 0.012702
v 0.210174 -0.683242 0.012541
v 0.210208 -0.683518 0.012426
v 0.210244 -0.683810 0.012361
v 0.210281 -0.684109 0.012349
v 0.210317 -0.684405 0.012389
v 0.210352 -0.684690 0.012480
v 0.209081 -0.674336 0.005775
v 0.209110 -0.674573 0.005959
v 0.209135 -0.674774 0.006182
v 0.209154 -0.674934 0.006436
v 0.209168 -0.675048 0.006714
v 0.209176 -0.675112 0.007008
v 0.209178 -0.675125 0.007309
v 0.209173 -0.675085 0.007607
v 0.209162 -0.674995 0.007894
v 0.209145 -0.674856 0.008161
v 0.209122 -0.674674 0.008400
v 0.209095 -0.674453 0.008603
v 0.209064 -0.674201 0.008764
v 0.209030 -0.673925 0.008879
v 0.208995 -0.673633 0.008943
v 0.208958 -0.673334 0.008956
v 0.208921 -0.673038 0.008916
v 0.208887 -0.672753 0.008825
v 0.208854 -0.672489 0.008685
v 0.208825 -0.672252 0.008502
v 0.208800 -0.672050 0.008279
v 0.208781 -0.671890 0.008025
v 0.208767 -0.671776 0.007747
v 0.208759 -0.671712 0.007453
v 0.208757 -0.671700 0.007152
v 0.208762 -0.671739 0.006853
v 0.208773 -0.671830 0.006566
v 0.208790 -0.671968 0.006300
v 0.208813 -0.672151 0.006061
v 0.208840 -0.672371 0.005858
v 0.208871 -0.672624 0.005697
v 0.208905 -0.672900 0.005582
v 0.208940 -0.673192 0.005518
v 0.208977 -0.673490 0.005505
v 0.209013 -0.673787 0.005545
v 0.209048 -0.674071 0.005636
v 0.207777 -0.663718 -0.001068
v 0.207806 -0.663955 -0.000885
v 0.207831 -0.664156 -0.000662
v 0.207851 -0.664316 -0.000408
v 0.207865 -0.664430 -0.000130
v 0.207872 -0.664494 0.000164
v 0.207874 -0.664506 0.000465
v 0.207869 -0.664467 0.000764
v 0.207858 -0.664377 0.001050
v 0.207841 -0.664238 0.001317
v 0.207819 -0.664056 0.001556
v 0.207791 -0.663835 0.001759
v 0.207760 -0.663583 0.001920
v 0.207727 -0.663306 0.002035
v 0.207691 -0.663014 0.002099
v 0.207654 -0.662716 0.002112
v 0.207618 -0.662420 0.002072
v 0.207583 -0.662135 0.001981
v 0.207550 -0.661870 0.001841
v 0.207521 -0.661633 0.001658
v 0.207496 -0.661432 0.001435
v 0.207477 -0.661272 0.001181
v 0.207463 -0.661158 0.000903
v 0.207455 -0.661094 0.000609
v 0.207453 -0.661081 0.000308
v 0.207458 -0.661121 0.000009
v 0.207469 -0.661211 -0.000277
v 0.207486 -0.661350 -0.000544
v 0.207509 -0.661532 -0.000783
v 0.207536 -0.661753 -0.000986
v 0.207567 -0.662005 -0.001147
v 0.207601 -0.662282 -0.001262
v 0.207637 -0.662573 -0.001326
v 0.207673 -0.662872 -0.001339
v 0.207710 -0.663168 -0.001299
v 0.207745 -0.663453 -0.001208
v 0.206473 -0.653099 -0.007912
v 0.206502 -0.653336 -0.007729
v 0.206527 -0.653538 -0.007506
v 0.206547 -0.653698 -0.007252
v 0.206561 -0.653811 -0.006974
v 0.206569 -0.653876 -0.006680
v 0.206570 -0.653888 -0.006379
v 0.206565 -0.653849 -0.006080
v 0.206554 -0.653758 -0.005793
v 0.206537 -0.653620 -0.005527
v 0.206515 -0.653437 -0.005288
v 0.206488 -0.653217 -0.005085
v 0.206457 -0.652964 -0.004924
v 0.206423 -0.652688 -0.004809
v 0.206387 -0.652396 -0.004745
v 0.206350 -0.652098 -0.004732
v 0.206314 -0.651801 -0.004772
v 0.206279 -0.651516 -0.004863
v 0.206246 -0.651252 -0.005002
v 0.206217 -0.651015 -0.005186
v 0.206193 -0.650813 -0.005409
v 0.206173 -0.650653 -0.005663
v 0.206159 -0.650540 -0.005941
v 0.206151 -0.650475 -0.006235
v 0.206150 -0.650463 -0.006536
v 0.206154 -0.650503 -0.006834
v 0.206166 -0.650593 -0.007121
v 0.206183 -0.650731 -0.007388
v 0.206205 -0.650914 -0.007627
v 0.206232 -0.651134 -0.007830
v 0.206263 -0.651387 -0.007991
v 0.206297 -0.651663 -0.008106
v 0.206333 -0.651955 -0.008170
v 0.206369 -0.652254 -0.008183
v 0.206406 -0.652550 -0.008143
v 0.206441 -0.652835 -0.008052
v 0.205170 -0.642481 -0.014756
v 0.205199 -0.642718 -0.014573
v 0.205223 -0.642919 -0.014350
v 0.205243 -0.643079 -0.014096
v 0.205257 -0.643193 -0.013818
v 0.205265 -0.643257 -0.013524
v 0.205266 -0.643270 -0.013223
v 0.205262 -0.643230 -0.012924
v 0.205250 -0.643140 -0.012637
v 0.205233 -0.643001 -0.012371
v 0.205211 -0.642819 -0.012132
v 0.205184 -0.642598 -0.011929
v 0.205153 -0.642346 -0.011768
v 0.205119 -0.642070 -0.011653
v 0.205083 -0.641778 -0.011589
v 0.205047 -0.641479 -0.011576
v 0.205010 -0.641183 -0.011616
v 0.204975 -0.640898 -0.011707
v 0.204943 -0.640633 -0.011846
v 0.204914 -0.640397 -0.012030
v 0.204889 -0.640195 -0.012253
v 0.204869 -0.640035 -0.012507
v 0.204855 -0.639921 -0.012785
v 0.204847 -0.639857 -0.013079
v 0.204846 -0.639845 -0.013380
v 0.204851 -0.639884 -0.013678
v 0.204862 -0.639975 -0.013965
v 0.204879 -0.640113 -0.014232
v 0.204901 -0.640295 -0.014471
v 0.204928 -0.640516 -0.014674
v 0.204959 -0.640768 -0.014835
v 0.204993 -0.641045 -0.014950
v 0.205029 -0.641337 -0.015014
v 0.205066 -0.641635 -0.015027
v 0.205102 -0.641931 -0.014987
v 0.205137 -0.642216 -0.014896
v 0.203866 -0.631863 -0.021600
v 0.203895 -0.632099 -0.021417
v 0.203920 -0.632301 -0.021194
v 0.203939 -0.632461 -0.020940
v 0.203953 -0.632575 -0.020662
v 0.203961 -0.632639 -0.020368
v 0.203963 -0.632651 -0.020067
v 0.203958 -0.632612 -0.019768
v 0.203947 -0.632521 -0.019481
v 0.203930 -0.632383 -0.019215
v 0.203907 -0.632200 -0.018976
v 0.203880 -0.631980 -0.018773
v 0.203849 -0.631727 -0.018612
v 0.203815 -0.631451 -0.018497
v 0.203779 -0.631159 -0.018432
v 0.203743 -0.630861 -0.018420
v 0.203706 -0.630564 -0.018460
v 0.203671 -0.630280 -0.018551
v 0.203639 -0.630015 -0.018690
v 0.203610 -0.629778 -0.018874
v 0.203585 -0.629577 -0.019096
v 0.203565 -0.629417 -0.019351
v 0.203551 -0.629303 -0.019629
v 0.203544 -0.629239 -0.019923
v 0.203542 -0.629226 -0.020224
v 0.203547 -0.629266 -0.020522
v 0.203558 -0.629356 -0.020809
v 0.203575 -0.629495 -0.021076
v 0.203597 -0.629677 -0.021315
v 0.203625 -0.629898 -0.021518
v 0.203655 -0.630150 -0.021679
v 0.203689 -0.630426 -0.021794
v 0.203725 -0.630718 -0.021858
v 0.203762 -0.631017 -0.021871
v 0.203798 -0.631313 -0.021831
v 0.203833 -0.631598 -0.021740
v 0.202562 -0.621244 -0.028444
v 0.202591 -0.621481 -0.028260
v 0.202616 -0.621682 -0.028038
v 0.202635 -0.621842 -0.027784
v 0.202649 -0.621956 -0.027505
v 0.202657 -0.622020 -0.027211
v 0.202659 -0.622033 -0.026911
v 0.202654 -0.621993 -0.026612
v 0.202643 -0.621903 -0.026325
v 0.202626 -0.621764 -0.026058
v 0.202603 -0.621582 -0.025820
v 0.202576 -0.621361 -0.025617
v 0.202545 -0.621109 -0.025456
v 0.202511 -0.620833 -0.025341
v 0.202476 -0.620541 -0.025276
v 0.202439 -0.620242 -0.025264
v 0.202403 -0.619946 -0.025304
v 0.202368 -0.619661 -0.025395
v 0.202335 -0.619396 -0.025534
v 0.202306 -0.619160 -0.025718
v 0.202281 -0.618958 -0.025940
v 0.202262 -0.618798 -0.026195
v 0.202248 -0.618684 -0.026473
v 0.202240 -0.618620 -0.026767
v 0.202238 -0.618608 -0.027068
v 0.202243 -0.618647 -0.027366
v 0.202254 -0.618738 -0.027653
v 0.202271 -0.618876 -0.027920
v 0.202294 -0.619059 -0.028159
v 0.202321 -0.619279 -0.028361
v 0.202352 -0.619532 -0.028523
v 0.202386 -0.619808 -0.028637
v 0.202421 -0.620100 -0.028702
v 0.202458 -0.620398 -0.028715
v 0.202494 -0.620694 -0.028675
v 0.202529 -0.620979 -0.028584
v 0.201258 -0.610626 -0.035288
v 0.201287 -0.610862 -0.035104
v 0.201312 -0.611064 -0.034882
v 0.201332 -0.611224 -0.034628
v 0.201346 -0.611338 -0.034349
v 0.201354 -0.611402 -0.034055
v 0.201355 -0.611414 -0.033755
v 0.201350 -0.611375 -0.033456
v 0.201339 -0.611284 -0.033169
v 0.201322 -0.611146 -0.032902
v 0.201300 -0.610964 -0.032664
v 0.201273 -0.610743 -0.032461
v 0.201242 -0.610491 -0.032300
v 0.201208 -0.610214 -0.032185
v 0.201172 -0.609922 -0.032120
v 0.201135 -0.609624 -0.032108
v 0.201099 -0.609328 -0.032148
v 0.201064 -0.609043 -0.032239
v 0.201031 -0.608778 -0.032378
v 0.201002 -0.608541 -0.032562
v 0.200978 -0.608340 -0.032784
v 0.200958 -0.608180 -0.033039
v 0.200944 -0.608066 -0.033317
v 0.200936 -0.608002 -0.033611
v 0.200934 -0.607989 -0.033912
v 0.200939 -0.608029 -0.034210
v 0.200950 -0.608119 -0.034497
v 0.200967 -0.608258 -0.034764
v 0.200990 -0.608440 -0.035002
v 0.201017 -0.608661 -0.035205
v 0.201048 -0.608913 -0.035367
v 0.201082 -0.609189 -0.035481
v 0.201118 -0.609481 -0.035546
v 0.201154 -0.609780 -0.035559
v 0.201191 -0.610076 -0.035519
v 0.201226 -0.610361 -0.035428
v 0.199954 -0.600007 -0.042132
v 0.199983 -0.600244 -0.041948
v 0.200008 -0.600445 -0.041726
v 0.200028 -0.600606 -0.041472
v 0.200042 -0.600719 -0.041193
v 0.200050 -0.600784 -0.040899
v 0.200051 -0.600796 -0.040598
v 0.200046 -0.600756 -0.040300
v 0.200035 -0.600666 -0.040013
v 0.200018 -0.600528 -0.039746
v 0.199996 -0.600345 -0.039508
v 0.199969 -0.600124 -0.039305
v 0.199938 -0.599872 -0.039144
v 0.199904 -0.599596 -0.039029
v 0.199868 -0.599304 -0.038964
v 0.199831 -0.599005 -0.038952
v 0.199795 -0.598709 -0.038992
v 0.199760 -0.598424 -0.039083
v 0.199728 -0.598160 -0.039222
v 0.199698 -0.597923 -0.039406
v 0.199674 -0.597721 -0.039628
v 0.199654 -0.597561 -0.039882
v 0.199640 -0.597447 -0.040161
v 0.199632 -0.597383 -0.040455
v 0.199631 -0.597371 -0.040756
v 0.199636 -0.597410 -0.041054
v 0.199647 -0.597501 -0.041341
v 0.199664 -0.597639 -0.041608
v 0.199686 -0.597822 -0.041846
v 0.199713 -0.598042 -0.042049
v 0.199744 -0.598295 -0.042211
v 0.199778 -0.598571 -0.042325
v 0.199814 -0.598863 -0.042390
v 0.199851 -0.599161 -0.042402
v 0.199887 -0.599458 -0.042363
v 0.199922 -0.599742 -0.042272
v 0.198661 -0.549870 -0.034798
v 0.199174 -0.554054 -0.032534
v 0.199724 -0.558531 -0.030939
v 0.200297 -0.563198 -0.030048
v 0.200880 -0.567944 -0.029883
v 0.201459 -0.572660 -0.030448
v 0.202779 -0.583410 -0.087620
v 0.202189 -0.578603 -0.090153
v 0.201554 -0.573433 -0.091806
v 0.200894 -0.568056 -0.092530
v 0.200228 -0.562636 -0.092301
v 0.199578 -0.557338 -0.091129
v 0.198962 -0.552323 -0.089047
v 0.198399 -0.547742 -0.086119
v 0.197907 -0.543736 -0.082434
v 0.197501 -0.540426 -0.078105
v 0.197192 -0.537912 -0.073262
v 0.196991 -0.536271 -0.068053
v 0.196903 -0.535553 -0.062636
v 0.196930 -0.535779 -0.057175
v 0.197073 -0.536943 -0.051837
v 0.197327 -0.539010 -0.046784
v 0.197684 -0.541916 -0.042169
v 0.198133 -0.545573 -0.038133
v 0.204433 -0.596883 -0.068597
v 0.204253 -0.595415 -0.073148
v 0.203990 -0.593277 -0.077420
v 0.203652 -0.590518 -0.081315
v 0.203245 -0.587204 -0.084741
v 0.205794 -0.607968 -0.052946
v 0.205411 -0.604847 -0.055314
v 0.205076 -0.602120 -0.058133
v 0.204797 -0.599850 -0.061338
v 0.204581 -0.598091 -0.064853
v 0.233027 -0.829761 0.090007
v 0.230994 -0.813203 0.116084
v 0.231285 -0.815576 0.117334
v 0.231599 -0.818129 0.118150
v 0.231925 -0.820783 0.118508
v 0.232253 -0.823459 0.118395
v 0.232574 -0.826074 0.117816
v 0.232878 -0.828550 0.116788
v 0.233156 -0.830811 0.115343
v 0.233399 -0.832789 0.113524
v 0.233599 -0.834423 0.111386
v 0.233752 -0.835664 0.108996
v 0.233851 -0.836474 0.106424
v 0.233895 -0.836829 0.103750
v 0.233881 -0.836717 0.101054
v 0.233810 -0.836142 0.098419
v 0.233685 -0.835122 0.095924
v 0.233509 -0.833688 0.093646
v 0.233287 -0.831882 0.091654
v 0.203761 -0.591411 -0.026869
v 0.201935 -0.576540 -0.030913
v 0.202415 -0.580445 -0.030777
v 0.202886 -0.584284 -0.030044
v 0.203338 -0.587968 -0.028731
v 0.199045 -0.553001 -0.039728
v 0.198969 -0.552384 -0.040207
v 0.198905 -0.551859 -0.040786
v 0.198854 -0.551442 -0.041449
v 0.198817 -0.551145 -0.042174
v 0.198797 -0.550978 -0.042940
v 0.198793 -0.550946 -0.043724
v 0.198805 -0.551049 -0.044501
v 0.198834 -0.551284 -0.045249
v 0.198879 -0.551645 -0.045944
v 0.198937 -0.552120 -0.046565
v 0.199007 -0.552695 -0.047094
v 0.199088 -0.553353 -0.047514
v 0.199177 -0.554073 -0.047813
v 0.199270 -0.554833 -0.047982
v 0.199365 -0.555611 -0.048014
v 0.199460 -0.556383 -0.047910
v 0.199551 -0.557125 -0.047673
v 0.199636 -0.557815 -0.047310
v 0.199712 -0.558431 -0.046831
v 0.199776 -0.558956 -0.046252
v 0.199827 -0.559373 -0.045589
v 0.199864 -0.559670 -0.044864
v 0.199884 -0.559837 -0.044098
v 0.199888 -0.559869 -0.043314
v 0.199876 -0.559766 -0.042537
v 0.199847 -0.559531 -0.041789
v 0.199802 -0.559170 -0.041094
v 0.199744 -0.558695 -0.040473
v 0.199674 -0.558120 -0.039944
v 0.199593 -0.557463 -0.039524
v 0.199504 -0.556743 -0.039225
v 0.199411 -0.555982 -0.039056
v 0.199316 -0.555204 -0.039024
v 0.199221 -0.554433 -0.039128
v 0.199130 -0.553691 -0.039365
v 0.202580 -0.581791 -0.046101
v 0.202504 -0.581174 -0.046580
v 0.202440 -0.580649 -0.047159
v 0.202389 -0.580232 -0.047822
v 0.202352 -0.579936 -0.048547
v 0.202332 -0.579769 -0.049313
v 0.202328 -0.579736 -0.050097
v 0.202340 -0.579839 -0.050874
v 0.202369 -0.580075 -0.051622
v 0.202414 -0.580436 -0.052317
v 0.202472 -0.580911 -0.052939
v 0.202543 -0.581486 -0.053467
v 0.202623 -0.582143 -0.053888
v 0.202712 -0.582863 -0.054186
v 0.202805 -0.583623 -0.054355
v 0.202900 -0.584401 -0.054387
v 0.202995 -0.585173 -0.054284
v 0.203086 -0.585915 -0.054046
v 0.203171 -0.586605 -0.053683
v 0.203247 -0.587222 -0.053204
v 0.203311 -0.587747 -0.052625
v 0.203362 -0.588164 -0.051962
v 0.203399 -0.588460 -0.051237
v 0.203419 -0.588627 -0.050471
v 0.203423 -0.588660 -0.049687
v 0.203411 -0.588557 -0.048910
v 0.203382 -0.588321 -0.048162
v 0.203338 -0.587960 -0.047467
v 0.203279 -0.587485 -0.046846
v 0.203209 -0.586910 -0.046317
v 0.203128 -0.586253 -0.045897
v 0.203039 -0.585533 -0.045598
v 0.202946 -0.584773 -0.045430
v 0.202851 -0.583995 -0.045397
v 0.202756 -0.583223 -0.045501
v 0.202665 -0.582481 -0.045738
v 0.201803 -0.575465 -0.075108
v 0.201728 -0.574849 -0.075587
v 0.201663 -0.574324 -0.076166
v 0.201612 -0.573907 -0.076828
v 0.201576 -0.573610 -0.077554
v 0.201555 -0.573443 -0.078320
v 0.201551 -0.573411 -0.079104
v 0.201564 -0.573514 -0.079881
v 0.201593 -0.573749 -0.080629
v 0.201637 -0.574110 -0.081324
v 0.201695 -0.574585 -0.081945
v 0.201766 -0.575160 -0.082474
v 0.201847 -0.575818 -0.082894
v 0.201935 -0.576537 -0.083193
v 0.202028 -0.577298 -0.083361
v 0.202124 -0.578076 -0.083394
v 0.202219 -0.578847 -0.083290
v 0.202310 -0.579589 -0.083053
v 0.202394 -0.580279 -0.082689
v 0.202470 -0.580896 -0.082211
v 0.202535 -0.581421 -0.081631
v 0.202586 -0.581838 -0.080969
v 0.202622 -0.582135 -0.080244
v 0.202643 -0.582302 -0.079478
v 0.202647 -0.582334 -0.078694
v 0.202634 -0.582231 -0.077916
v 0.202605 -0.581996 -0.077169
v 0.202561 -0.581635 -0.076474
v 0.202502 -0.581160 -0.075852
v 0.202432 -0.580585 -0.075323
v 0.202351 -0.579927 -0.074903
v 0.202263 -0.579207 -0.074604
v 0.202169 -0.578447 -0.074436
v 0.202074 -0.577669 -0.074403
v 0.201979 -0.576897 -0.074507
v 0.201888 -0.576155 -0.074745
v 0.198268 -0.546675 -0.068735
v 0.198193 -0.546058 -0.069214
v 0.198128 -0.545533 -0.069793
v 0.198077 -0.545116 -0.070455
v 0.198040 -0.544820 -0.071181
v 0.198020 -0.544653 -0.071947
v 0.198016 -0.544620 -0.072730
v 0.198029 -0.544723 -0.073508
v 0.198058 -0.544959 -0.074256
v 0.198102 -0.545320 -0.074951
v 0.198160 -0.545795 -0.075572
v 0.198231 -0.546370 -0.076101
v 0.198312 -0.547027 -0.076521
v 0.198400 -0.547747 -0.076820
v 0.198493 -0.548507 -0.076988
v 0.198589 -0.549285 -0.077021
v 0.198684 -0.550057 -0.076917
v 0.198775 -0.550799 -0.076680
v 0.198859 -0.551489 -0.076316
v 0.198935 -0.552106 -0.075838
v 0.199000 -0.552631 -0.075258
v 0.199051 -0.553048 -0.074596
v 0.199087 -0.553344 -0.073871
v 0.199108 -0.553511 -0.073105
v 0.199112 -0.553544 -0.072321
v 0.199099 -0.553441 -0.071543
v 0.199070 -0.553205 -0.070796
v 0.199026 -0.552844 -0.070101
v 0.198967 -0.552369 -0.069479
v 0.198897 -0.551794 -0.068950
v 0.198816 -0.551137 -0.068530
v 0.198728 -0.550417 -0.068231
v 0.198634 -0.549657 -0.068063
v 0.198539 -0.548879 -0.068030
v 0.198444 -0.548107 -0.068134
v 0.198353 -0.547365 -0.068371
v 0.230593 -0.809940 0.097656
v 0.230564 -0.809703 0.097473
v 0.230539 -0.809502 0.097250
v 0.230520 -0.809342 0.096996
v 0.230506 -0.809228 0.096718
v 0.230498 -0.809164 0.096424
v 0.230496 -0.809151 0.096123
v 0.230501 -0.809191 0.095824
v 0.230512 -0.809281 0.095538
v 0.230529 -0.809420 0.095271
v 0.230552 -0.809602 0.095032
v 0.230579 -0.809823 0.094829
v 0.230610 -0.810075 0.094668
v 0.230644 -0.810351 0.094553
v 0.230679 -0.810643 0.094489
v 0.230716 -0.810942 0.094476
v 0.230753 -0.811238 0.094516
v 0.230787 -0.811523 0.094607
v 0.230820 -0.811787 0.094747
v 0.230849 -0.812024 0.094930
v 0.230874 -0.812226 0.095153
v 0.230893 -0.812386 0.095407
v 0.230907 -0.812500 0.095685
v 0.230915 -0.812564 0.095979
v 0.230917 -0.812576 0.096280
v 0.230912 -0.812537 0.096579
v 0.230901 -0.812446 0.096865
v 0.230884 -0.812308 0.097132
v 0.230861 -0.812125 0.097371
v 0.230834 -0.811905 0.097574
v 0.230803 -0.811652 0.097735
v 0.230769 -0.811376 0.097850
v 0.230734 -0.811084 0.097914
v 0.230697 -0.810786 0.097927
v 0.230661 -0.810489 0.097887
v 0.230626 -0.810205 0.097796
v 0.231897 -0.820558 0.104500
v 0.231868 -0.820322 0.104317
v 0.231843 -0.820120 0.104094
v 0.231823 -0.819960 0.103840
v 0.231809 -0.819846 0.103562
v 0.231802 -0.819782 0.103268
v 0.231800 -0.819770 0.102967
v 0.231805 -0.819809 0.102668
v 0.231816 -0.819899 0.102381
v 0.231833 -0.820038 0.102115
v 0.231855 -0.820220 0.101876
v 0.231883 -0.820441 0.101673
v 0.231914 -0.820693 0.101512
v 0.231947 -0.820970 0.101397
v 0.231983 -0.821262 0.101333
v 0.232020 -0.821560 0.101320
v 0.232056 -0.821856 0.101360
v 0.232091 -0.822141 0.101451
v 0.232124 -0.822406 0.101590
v 0.232153 -0.822643 0.101774
v 0.232178 -0.822844 0.101997
v 0.232197 -0.823004 0.102251
v 0.232211 -0.823118 0.102529
v 0.232219 -0.823182 0.102823
v 0.232221 -0.823195 0.103124
v 0.232216 -0.823155 0.103422
v 0.232205 -0.823065 0.103709
v 0.232188 -0.822926 0.103976
v 0.232165 -0.822744 0.104215
v 0.232138 -0.822523 0.104418
v 0.232107 -0.822271 0.104579
v 0.232073 -0.821994 0.104694
v 0.232037 -0.821703 0.104758
v 0.232001 -0.821404 0.104771
v 0.231964 -0.821108 0.104731
v 0.231929 -0.820823 0.104640
v 0.229289 -0.799321 0.090813
v 0.229260 -0.799085 0.090629
v 0.229236 -0.798883 0.090406
v 0.229216 -0.798723 0.090152
v 0.229202 -0.798609 0.089874
v 0.229194 -0.798545 0.089580
v 0.229193 -0.798533 0.089279
v 0.229197 -0.798572 0.088981
v 0.229208 -0.798663 0.088694
v 0.229225 -0.798801 0.088427
v 0.229248 -0.798983 0.088188
v 0.229275 -0.799204 0.087985
v 0.229306 -0.799457 0.087824
v 0.229340 -0.799733 0.087709
v 0.229376 -0.800025 0.087645
v 0.229412 -0.800323 0.087632
v 0.229449 -0.800619 0.087672
v 0.229484 -0.800904 0.087763
v 0.229516 -0.801169 0.087903
v 0.229545 -0.801406 0.088086
v 0.229570 -0.801607 0.088309
v 0.229590 -0.801767 0.088563
v 0.229604 -0.801881 0.088841
v 0.229612 -0.801945 0.089135
v 0.229613 -0.801958 0.089436
v 0.229608 -0.801918 0.089735
v 0.229597 -0.801828 0.090022
v 0.229580 -0.801689 0.090288
v 0.229558 -0.801507 0.090527
v 0.229531 -0.801286 0.090730
v 0.229500 -0.801034 0.090891
v 0.229466 -0.800758 0.091006
v 0.229430 -0.800466 0.091070
v 0.229393 -0.800167 0.091083
v 0.229357 -0.799871 0.091043
v 0.229322 -0.799586 0.090952
v 0.227986 -0.788703 0.083969
v 0.227957 -0.788466 0.083785
v 0.227932 -0.788265 0.083562
v 0.227912 -0.788105 0.083308
v 0.227898 -0.787991 0.083030
v 0.227890 -0.787927 0.082736
v 0.227889 -0.787914 0.082435
v 0.227894 -0.787954 0.082137
v 0.227905 -0.788044 0.081850
v 0.227922 -0.788183 0.081583
v 0.227944 -0.788365 0.081344
v 0.227971 -0.788586 0.081141
v 0.228002 -0.788838 0.080980
v 0.228036 -0.789114 0.080865
v 0.228072 -0.789406 0.080801
v 0.228109 -0.789705 0.080788
v 0.228145 -0.790001 0.080828
v 0.228180 -0.790286 0.080919
v 0.228212 -0.790551 0.081059
v 0.228242 -0.790787 0.081242
v 0.228266 -0.790989 0.081465
v 0.228286 -0.791149 0.081719
v 0.228300 -0.791263 0.081997
v 0.228308 -0.791327 0.082291
v 0.228309 -0.791339 0.082592
v 0.228304 -0.791300 0.082891
v 0.228293 -0.791209 0.083178
v 0.228276 -0.791071 0.083444
v 0.228254 -0.790889 0.083683
v 0.228227 -0.790668 0.083886
v 0.228196 -0.790416 0.084047
v 0.228162 -0.790139 0.084162
v 0.228126 -0.789847 0.084226
v 0.228089 -0.789549 0.084239
v 0.228053 -0.789253 0.084199
v 0.228018 -0.788968 0.084108
v 0.226682 -0.778085 0.077125
v 0.226653 -0.777848 0.076941
v 0.226628 -0.777646 0.076719
v 0.226608 -0.777486 0.076464
v 0.226594 -0.777372 0.076186
v 0.226586 -0.777308 0.075892
v 0.226585 -0.777296 0.075591
v 0.226590 -0.777335 0.075293
v 0.226601 -0.777426 0.075006
v 0.226618 -0.777564 0.074739
v 0.226640 -0.777747 0.074500
v 0.226667 -0.777967 0.074297
v 0.226698 -0.778220 0.074136
v 0.226732 -0.778496 0.074021
v 0.226768 -0.778788 0.073957
v 0.226805 -0.779086 0.073944
v 0.226841 -0.779383 0.073984
v 0.226876 -0.779667 0.074075
v 0.226909 -0.779932 0.074215
v 0.226938 -0.780169 0.074398
v 0.226962 -0.780370 0.074621
v 0.226982 -0.780531 0.074875
v 0.226996 -0.780644 0.075153
v 0.227004 -0.780708 0.075447
v 0.227006 -0.780721 0.075748
v 0.227001 -0.780681 0.076047
v 0.226990 -0.780591 0.076334
v 0.226973 -0.780453 0.076600
v 0.226950 -0.780270 0.076839
v 0.226923 -0.780049 0.077042
v 0.226892 -0.779797 0.077203
v 0.226858 -0.779521 0.077318
v 0.226822 -0.779229 0.077383
v 0.226786 -0.778930 0.077395
v 0.226749 -0.778634 0.077355
v 0.226714 -0.778349 0.077264
v 0.225378 -0.767466 0.070281
v 0.225349 -0.767229 0.070097
v 0.225324 -0.767028 0.069875
v 0.225305 -0.766868 0.069620
v 0.225291 -0.766754 0.069342
v 0.225283 -0.766690 0.069048
v 0.225281 -0.766677 0.068747
v 0.225286 -0.766717 0.068449
v 0.225297 -0.766807 0.068162
v 0.225314 -0.766946 0.067895
v 0.225337 -0.767128 0.067656
v 0.225364 -0.767349 0.067454
v 0.225395 -0.767601 0.067292
v 0.225429 -0.767878 0.067178
v 0.225464 -0.768169 0.067113
v 0.225501 -0.768468 0.067100
v 0.225537 -0.768764 0.067140
v 0.225572 -0.769049 0.067231
v 0.225605 -0.769314 0.067371
v 0.225634 -0.769551 0.067555
v 0.225659 -0.769752 0.067777
v 0.225678 -0.769912 0.068031
v 0.225692 -0.770026 0.068310
v 0.225700 -0.770090 0.068604
v 0.225702 -0.770103 0.068904
v 0.225697 -0.770063 0.069203
v 0.225686 -0.769973 0.069490
v 0.225669 -0.769834 0.069757
v 0.225646 -0.769652 0.069995
v 0.225619 -0.769431 0.070198
v 0.225588 -0.769179 0.070359
v 0.225554 -0.768902 0.070474
v 0.225519 -0.768611 0.070539
v 0.225482 -0.768312 0.070551
v 0.225446 -0.768016 0.070511
v 0.225411 -0.767731 0.070420
v 0.224074 -0.756848 0.063437
v 0.224045 -0.756611 0.063253
v 0.224020 -0.756410 0.063031
v 0.224001 -0.756249 0.062776
v 0.223987 -0.756136 0.062498
v 0.223979 -0.756071 0.062204
v 0.223977 -0.756059 0.061903
v 0.223982 -0.756099 0.061605
v 0.223993 -0.756189 0.061318
v 0.224010 -0.756327 0.061051
v 0.224033 -0.756510 0.060813
v 0.224060 -0.756731 0.060610
v 0.224091 -0.756983 0.060448
v 0.224125 -0.757259 0.060334
v 0.224161 -0.757551 0.060269
v 0.224197 -0.757850 0.060256
v 0.224234 -0.758146 0.060296
v 0.224269 -0.758431 0.060387
v 0.224301 -0.758695 0.060527
v 0.224330 -0.758932 0.060711
v 0.224355 -0.759134 0.060933
v 0.224375 -0.759294 0.061187
v 0.224389 -0.759408 0.061466
v 0.224396 -0.759472 0.061760
v 0.224398 -0.759484 0.062060
v 0.224393 -0.759445 0.062359
v 0.224382 -0.759354 0.062646
v 0.224365 -0.759216 0.062913
v 0.224343 -0.759033 0.063151
v 0.224316 -0.758813 0.063354
v 0.224285 -0.758560 0.063515
v 0.224251 -0.758284 0.063630
v 0.224215 -0.757992 0.063695
v 0.224178 -0.757694 0.063707
v 0.224142 -0.757397 0.063667
v 0.224107 -0.757113 0.063576
v 0.222770 -0.746229 0.056593
v 0.222741 -0.745993 0.056409
v 0.222717 -0.745791 0.056187
v 0.222697 -0.745631 0.055933
v 0.222683 -0.745517 0.055654
v 0.222675 -0.745453 0.055360
v 0.222674 -0.745441 0.055059
v 0.222678 -0.745480 0.054761
v 0.222690 -0.745571 0.054474
v 0.222707 -0.745709 0.054207
v 0.222729 -0.745891 0.053969
v 0.222756 -0.746112 0.053766
v 0.222787 -0.746364 0.053604
v 0.222821 -0.746641 0.053490
v 0.222857 -0.746933 0.053425
v 0.222893 -0.747231 0.053413
v 0.222930 -0.747527 0.053452
v 0.222965 -0.747812 0.053543
v 0.222997 -0.748077 0.053683
v 0.223026 -0.748314 0.053867
v 0.223051 -0.748515 0.054089
v 0.223071 -0.748675 0.054343
v 0.223085 -0.748789 0.054622
v 0.223093 -0.748853 0.054916
v 0.223094 -0.748866 0.055217
v 0.223089 -0.748826 0.055515
v 0.223078 -0.748736 0.055802
v 0.223061 -0.748597 0.056069
v 0.223039 -0.748415 0.056307
v 0.223012 -0.748194 0.056510
v 0.222981 -0.747942 0.056671
v 0.222947 -0.747666 0.056786
v 0.222911 -0.747374 0.056851
v 0.222874 -0.747075 0.056863
v 0.222838 -0.746779 0.056823
v 0.222803 -0.746494 0.056732
v 0.221467 -0.735611 0.049749
v 0.221438 -0.735374 0.049565
v 0.221413 -0.735173 0.049343
v 0.221393 -0.735013 0.049089
v 0.221379 -0.734899 0.048810
v 0.221371 -0.734835 0.048516
v 0.221370 -0.734822 0.048215
v 0.221375 -0.734862 0.047917
v 0.221386 -0.734952 0.047630
v 0.221403 -0.735091 0.047363
v 0.221425 -0.735273 0.047125
v 0.221452 -0.735494 0.046922
v 0.221483 -0.735746 0.046760
v 0.221517 -0.736022 0.046646
v 0.221553 -0.736314 0.046581
v 0.221590 -0.736613 0.046569
v 0.221626 -0.736909 0.046608
v 0.221661 -0.737194 0.046700
v 0.221694 -0.737459 0.046839
v 0.221723 -0.737695 0.047023
v 0.221747 -0.737897 0.047245
v 0.221767 -0.738057 0.047499
v 0.221781 -0.738171 0.047778
v 0.221789 -0.738235 0.048072
v 0.221790 -0.738247 0.048373
v 0.221786 -0.738208 0.048671
v 0.221774 -0.738117 0.048958
v 0.221757 -0.737979 0.049225
v 0.221735 -0.737796 0.049463
v 0.221708 -0.737576 0.049666
v 0.221677 -0.737323 0.049828
v 0.221643 -0.737047 0.049942
v 0.221607 -0.736755 0.050007
v 0.221571 -0.736457 0.050019
v 0.221534 -0.736161 0.049980
v 0.221499 -0.735876 0.049888
v 0.220163 -0.724992 0.042905
v 0.220134 -0.724756 0.042721
v 0.220109 -0.724554 0.042499
v 0.220089 -0.724394 0.042245
v 0.220075 -0.724280 0.041966
v 0.220068 -0.724216 0.041672
v 0.220066 -0.724204 0.041371
v 0.220071 -0.724243 0.041073
v 0.220082 -0.724334 0.040786
v 0.220099 -0.724472 0.040519
v 0.220121 -0.724655 0.040281
v 0.220149 -0.724875 0.040078
v 0.220180 -0.725128 0.039917
v 0.220213 -0.725404 0.039802
v 0.220249 -0.725696 0.039737
v 0.220286 -0.725994 0.039725
v 0.220322 -0.726291 0.039765
v 0.220357 -0.726575 0.039856
v 0.220390 -0.726840 0.039995
v 0.220419 -0.727077 0.040179
v 0.220444 -0.727278 0.040401
v 0.220463 -0.727438 0.040655
v 0.220477 -0.727552 0.040934
v 0.220485 -0.727616 0.041228
v 0.220487 -0.727629 0.041529
v 0.220482 -0.727589 0.041827
v 0.220471 -0.727499 0.042114
v 0.220454 -0.727360 0.042381
v 0.220431 -0.727178 0.042619
v 0.220404 -0.726957 0.042822
v 0.220373 -0.726705 0.042984
v 0.220339 -0.726429 0.043098
v 0.220303 -0.726137 0.043163
v 0.220267 -0.725838 0.043175
v 0.220230 -0.725542 0.043136
v 0.220195 -0.725257 0.043045
v 0.218859 -0.714374 0.036061
v 0.218830 -0.714137 0.035877
v 0.218805 -0.713936 0.035655
v 0.218786 -0.713776 0.035401
v 0.218772 -0.713662 0.035122
v 0.218764 -0.713598 0.034828
v 0.218762 -0.713585 0.034528
v 0.218767 -0.713625 0.034229
v 0.218778 -0.713715 0.033942
v 0.218795 -0.713854 0.033675
v 0.218818 -0.714036 0.033437
v 0.218845 -0.714257 0.033234
v 0.218876 -0.714509 0.033073
v 0.218910 -0.714785 0.032958
v 0.218945 -0.715077 0.032893
v 0.218982 -0.715376 0.032881
v 0.219019 -0.715672 0.032921
v 0.219053 -0.715957 0.033012
v 0.219086 -0.716222 0.033151
v 0.219115 -0.716458 0.033335
v 0.219140 -0.716660 0.033557
v 0.219159 -0.716820 0.033811
v 0.219173 -0.716934 0.034090
v 0.219181 -0.716998 0.034384
v 0.219183 -0.717010 0.034685
v 0.219178 -0.716971 0.034983
v 0.219167 -0.716880 0.035270
v 0.219150 -0.716742 0.035537
v 0.219127 -0.716560 0.035775
v 0.219100 -0.716339 0.035978
v 0.219069 -0.716087 0.036140
v 0.219035 -0.715810 0.036254
v 0.219000 -0.715518 0.036319
v 0.218963 -0.715220 0.036332
v 0.218927 -0.714924 0.036292
v 0.218892 -0.714639 0.036201
v 0.217555 -0.703756 0.029217
v 0.217526 -0.703519 0.029033
v 0.217502 -0.703317 0.028811
v 0.217482 -0.703157 0.028557
v 0.217468 -0.703044 0.028278
v 0.217460 -0.702979 0.027984
v 0.217459 -0.702967 0.027684
v 0.217463 -0.703006 0.027385
v 0.217474 -0.703097 0.027098
v 0.217491 -0.703235 0.026831
v 0.217514 -0.703418 0.026593
v 0.217541 -0.703638 0.026390
v 0.217572 -0.703891 0.026229
v 0.217606 -0.704167 0.026114
v 0.217642 -0.704459 0.026049
v 0.217678 -0.704757 0.026037
v 0.217715 -0.705054 0.026077
v 0.217750 -0.705339 0.026168
v 0.217782 -0.705603 0.026307
v 0.217811 -0.705840 0.026491
v 0.217836 -0.706042 0.026713
v 0.217856 -0.706202 0.026968
v 0.217870 -0.706315 0.027246
v 0.217878 -0.706380 0.027540
v 0.217879 -0.706392 0.027841
v 0.217874 -0.706352 0.028139
v 0.217863 -0.706262 0.028426
v 0.217846 -0.706124 0.028693
v 0.217824 -0.705941 0.028931
v 0.217797 -0.705721 0.029134
v 0.217766 -0.705468 0.029296
v 0.217732 -0.705192 0.029410
v 0.217696 -0.704900 0.029475
v 0.217659 -0.704601 0.029488
v 0.217623 -0.704305 0.029448
v 0.217588 -0.704020 0.029357
v 0.216252 -0.693137 0.022373
v 0.216223 -0.692900 0.022189
v 0.216198 -0.692699 0.021967
v 0.216178 -0.692539 0.021713
v 0.216164 -0.692425 0.021435
v 0.216156 -0.692361 0.021140
v 0.216155 -0.692349 0.020840
v 0.216160 -0.692388 0.020541
v 0.216171 -0.692478 0.020254
v 0.216188 -0.692617 0.019988
v 0.216210 -0.692799 0.019749
v 0.216237 -0.693020 0.019546
v 0.216268 -0.693272 0.019385
v 0.216302 -0.693549 0.019270
v 0.216338 -0.693841 0.019205
v 0.216375 -0.694139 0.019193
v 0.216411 -0.694435 0.019233
v 0.216446 -0.694720 0.019324
v 0.216478 -0.694985 0.019463
v 0.216508 -0.695222 0.019647
v 0.216532 -0.695423 0.019869
v 0.216552 -0.695583 0.020124
v 0.216566 -0.695697 0.020402
v 0.216574 -0.695761 0.020696
v 0.216575 -0.695774 0.020997
v 0.216570 -0.695734 0.021295
v 0.216559 -0.695644 0.021582
v 0.216542 -0.695505 0.021849
v 0.216520 -0.695323 0.022088
v 0.216493 -0.695102 0.022291
v 0.216462 -0.694850 0.022452
v 0.216428 -0.694573 0.022567
v 0.216392 -0.694282 0.022631
v 0.216355 -0.693983 0.022644
v 0.216319 -0.693687 0.022604
v 0.216284 -0.693402 0.022513
v 0.214948 -0.682519 0.015529
v 0.214919 -0.682282 0.015346
v 0.214894 -0.682081 0.015123
v 0.214874 -0.681921 0.014869
v 0.214860 -0.681807 0.014591
v 0.214852 -0.681743 0.014297
v 0.214851 -0.681730 0.013996
v 0.214856 -0.681770 0.013697
v 0.214867 -0.681860 0.013410
v 0.214884 -0.681999 0.013144
v 0.214906 -0.682181 0.012905
v 0.214933 -0.682402 0.012702
v 0.214964 -0.682654 0.012541
v 0.214998 -0.682930 0.012426
v 0.215034 -0.683222 0.012361
v 0.215071 -0.683521 0.012349
v 0.215107 -0.683817 0.012389
v 0.215142 -0.684102 0.012480
v 0.215175 -0.684366 0.012619
v 0.215204 -0.684603 0.012803
v 0.215228 -0.684805 0.013025
v 0.215248 -0.684965 0.013280
v 0.215262 -0.685079 0.013558
v 0.215270 -0.685143 0.013852
v 0.215272 -0.685155 0.014153
v 0.215267 -0.685116 0.014451
v 0.215256 -0.685025 0.014738
v 0.215239 -0.684887 0.015005
v 0.215216 -0.684704 0.015244
v 0.215189 -0.684484 0.015447
v 0.215158 -0.684231 0.015608
v 0.215124 -0.683955 0.015723
v 0.215088 -0.683663 0.015787
v 0.215052 -0.683365 0.015800
v 0.215015 -0.683068 0.015760
v 0.214980 -0.682784 0.015669
v 0.213644 -0.671900 0.008685
v 0.213615 -0.671664 0.008502
v 0.213590 -0.671462 0.008279
v 0.213571 -0.671302 0.008025
v 0.213557 -0.671188 0.007747
v 0.213549 -0.671124 0.007453
v 0.213547 -0.671112 0.007152
v 0.213552 -0.671151 0.006853
v 0.213563 -0.671242 0.006566
v 0.213580 -0.671380 0.006300
v 0.213603 -0.671562 0.006061
v 0.213630 -0.671783 0.005858
v 0.213661 -0.672036 0.005697
v 0.213695 -0.672312 0.005582
v 0.213730 -0.672604 0.005518
v 0.213767 -0.672902 0.005505
v 0.213803 -0.673198 0.005545
v 0.213838 -0.673483 0.005636
v 0.213871 -0.673748 0.005775
v 0.213900 -0.673985 0.005959
v 0.213925 -0.674186 0.006182
v 0.213944 -0.674346 0.006436
v 0.213958 -0.674460 0.006714
v 0.213966 -0.674524 0.007008
v 0.213968 -0.674537 0.007309
v 0.213963 -0.674497 0.007607
v 0.213952 -0.674407 0.007894
v 0.213935 -0.674268 0.008161
v 0.213912 -0.674086 0.008400
v 0.213885 -0.673865 0.008603
v 0.213854 -0.673613 0.008764
v 0.213820 -0.673337 0.008879
v 0.213785 -0.673045 0.008943
v 0.213748 -0.672746 0.008956
v 0.213712 -0.672450 0.008916
v 0.213677 -0.672165 0.008825
v 0.212340 -0.661282 0.001841
v 0.212311 -0.661045 0.001658
v 0.212286 -0.660844 0.001435
v 0.212267 -0.660684 0.001181
v 0.212253 -0.660570 0.000903
v 0.212245 -0.660506 0.000609
v 0.212243 -0.660493 0.000308
v 0.212248 -0.660533 0.000009
v 0.212259 -0.660623 -0.000277
v 0.212276 -0.660762 -0.000544
v 0.212299 -0.660944 -0.000783
v 0.212326 -0.661165 -0.000986
v 0.212357 -0.661417 -0.001147
v 0.212391 -0.661693 -0.001262
v 0.212427 -0.661985 -0.001326
v 0.212463 -0.662284 -0.001339
v 0.212500 -0.662580 -0.001299
v 0.212535 -0.662865 -0.001208
v 0.212567 -0.663130 -0.001068
v 0.212596 -0.663366 -0.000885
v 0.212621 -0.663568 -0.000662
v 0.212641 -0.663728 -0.000408
v 0.212655 -0.663842 -0.000130
v 0.212662 -0.663906 0.000164
v 0.212664 -0.663918 0.000465
v 0.212659 -0.663879 0.000764
v 0.212648 -0.663788 0.001050
v 0.212631 -0.663650 0.001317
v 0.212609 -0.663468 0.001556
v 0.212582 -0.663247 0.001759
v 0.212551 -0.662995 0.001920
v 0.212517 -0.662718 0.002035
v 0.212481 -0.662426 0.002099
v 0.212444 -0.662128 0.002112
v 0.212408 -0.661832 0.002072
v 0.212373 -0.661547 0.001981
v 0.211036 -0.650664 -0.005002
v 0.211007 -0.650427 -0.005186
v 0.210983 -0.650225 -0.005409
v 0.210963 -0.650065 -0.005663
v 0.210949 -0.649951 -0.005941
v 0.210941 -0.649887 -0.006235
v 0.210940 -0.649875 -0.006536
v 0.210944 -0.649914 -0.006834
v 0.210956 -0.650005 -0.007121
v 0.210973 -0.650143 -0.007388
v 0.210995 -0.650326 -0.007627
v 0.211022 -0.650546 -0.007830
v 0.211053 -0.650799 -0.007991
v 0.211087 -0.651075 -0.008106
v 0.211123 -0.651367 -0.008170
v 0.211159 -0.651665 -0.008183
v 0.211196 -0.651962 -0.008143
v 0.211231 -0.652246 -0.008052
v 0.211263 -0.652511 -0.007912
v 0.211292 -0.652748 -0.007729
v 0.211317 -0.652949 -0.007506
v 0.211337 -0.653110 -0.007252
v 0.211351 -0.653223 -0.006974
v 0.211359 -0.653287 -0.006680
v 0.211360 -0.653300 -0.006379
v 0.211355 -0.653260 -0.006080
v 0.211344 -0.653170 -0.005793
v 0.211327 -0.653031 -0.005527
v 0.211305 -0.652849 -0.005288
v 0.211278 -0.652628 -0.005085
v 0.211247 -0.652376 -0.004924
v 0.211213 -0.652100 -0.004809
v 0.211177 -0.651808 -0.004745
v 0.211140 -0.651509 -0.004732
v 0.211104 -0.651213 -0.004772
v 0.211069 -0.650928 -0.004863
v 0.209733 -0.640045 -0.011846
v 0.209704 -0.639808 -0.012030
v 0.209679 -0.639607 -0.012253
v 0.209659 -0.639447 -0.012507
v 0.209645 -0.639333 -0.012785
v 0.209637 -0.639269 -0.013079
v 0.209636 -0.639256 -0.013380
v 0.209641 -0.639296 -0.013678
v 0.209652 -0.639386 -0.013965
v 0.209669 -0.639525 -0.014232
v 0.209691 -0.639707 -0.014471
v 0.209718 -0.639928 -0.014674
v 0.209749 -0.640180 -0.014835
v 0.209783 -0.640457 -0.014950
v 0.209819 -0.640748 -0.015014
v 0.209856 -0.641047 -0.015027
v 0.209892 -0.641343 -0.014987
v 0.209927 -0.641628 -0.014896
v 0.209960 -0.641893 -0.014756
v 0.209989 -0.642130 -0.014573
v 0.210013 -0.642331 -0.014350
v 0.210033 -0.642491 -0.014096
v 0.210047 -0.642605 -0.013818
v 0.210055 -0.642669 -0.013524
v 0.210056 -0.642682 -0.013223
v 0.210052 -0.642642 -0.012924
v 0.210040 -0.642552 -0.012637
v 0.210023 -0.642413 -0.012371
v 0.210001 -0.642231 -0.012132
v 0.209974 -0.642010 -0.011929
v 0.209943 -0.641758 -0.011768
v 0.209909 -0.641481 -0.011653
v 0.209873 -0.641190 -0.011589
v 0.209837 -0.640891 -0.011576
v 0.209800 -0.640595 -0.011616
v 0.209765 -0.640310 -0.011707
v 0.208429 -0.629427 -0.018690
v 0.208400 -0.629190 -0.018874
v 0.208375 -0.628989 -0.019096
v 0.208355 -0.628828 -0.019351
v 0.208341 -0.628715 -0.019629
v 0.208334 -0.628650 -0.019923
v 0.208332 -0.628638 -0.020224
v 0.208337 -0.628678 -0.020522
v 0.208348 -0.628768 -0.020809
v 0.208365 -0.628906 -0.021076
v 0.208387 -0.629089 -0.021315
v 0.208415 -0.629310 -0.021518
v 0.208446 -0.629562 -0.021679
v 0.208479 -0.629838 -0.021794
v 0.208515 -0.630130 -0.021858
v 0.208552 -0.630429 -0.021871
v 0.208588 -0.630725 -0.021831
v 0.208623 -0.631010 -0.021740
v 0.208656 -0.631274 -0.021600
v 0.208685 -0.631511 -0.021417
v 0.208710 -0.631713 -0.021194
v 0.208729 -0.631873 -0.020940
v 0.208743 -0.631986 -0.020662
v 0.208751 -0.632051 -0.020368
v 0.208753 -0.632063 -0.020067
v 0.208748 -0.632024 -0.019768
v 0.208737 -0.631933 -0.019481
v 0.208720 -0.631795 -0.019215
v 0.208697 -0.631612 -0.018976
v 0.208670 -0.631392 -0.018773
v 0.208639 -0.631139 -0.018612
v 0.208605 -0.630863 -0.018497
v 0.208569 -0.630571 -0.018432
v 0.208533 -0.630273 -0.018420
v 0.208496 -0.629976 -0.018460
v 0.208461 -0.629692 -0.018551
v 0.207125 -0.618808 -0.025534
v 0.207096 -0.618572 -0.025718
v 0.207071 -0.618370 -0.025940
v 0.207052 -0.618210 -0.026195
v 0.207038 -0.618096 -0.026473
v 0.207030 -0.618032 -0.026767
v 0.207028 -0.618020 -0.027068
v 0.207033 -0.618059 -0.027366
v 0.207044 -0.618150 -0.027653
v 0.207061 -0.618288 -0.027920
v 0.207084 -0.618470 -0.028159
v 0.207111 -0.618691 -0.028361
v 0.207142 -0.618943 -0.028523
v 0.207176 -0.619220 -0.028637
v 0.207211 -0.619512 -0.028702
v 0.207248 -0.619810 -0.028715
v 0.207285 -0.620106 -0.028675
v 0.207319 -0.620391 -0.028584
v 0.207352 -0.620656 -0.028444
v 0.207381 -0.620893 -0.028260
v 0.207406 -0.621094 -0.028038
v 0.207425 -0.621254 -0.027784
v 0.207439 -0.621368 -0.027505
v 0.207447 -0.621432 -0.027211
v 0.207449 -0.621445 -0.026911
v 0.207444 -0.621405 -0.026612
v 0.207433 -0.621315 -0.026325
v 0.207416 -0.621176 -0.026058
v 0.207393 -0.620994 -0.025820
v 0.207366 -0.620773 -0.025617
v 0.207335 -0.620521 -0.025456
v 0.207301 -0.620245 -0.025341
v 0.207266 -0.619953 -0.025276
v 0.207229 -0.619654 -0.025264
v 0.207193 -0.619358 -0.025304
v 0.207158 -0.619073 -0.025395
v 0.205821 -0.608190 -0.032378
v 0.205792 -0.607953 -0.032562
v 0.205768 -0.607752 -0.032784
v 0.205748 -0.607592 -0.033039
v 0.205734 -0.607478 -0.033317
v 0.205726 -0.607414 -0.033611
v 0.205725 -0.607401 -0.033912
v 0.205729 -0.607441 -0.034210
v 0.205740 -0.607531 -0.034497
v 0.205757 -0.607670 -0.034764
v 0.205780 -0.607852 -0.035002
v 0.205807 -0.608073 -0.035205
v 0.205838 -0.608325 -0.035367
v 0.205872 -0.608601 -0.035481
v 0.205908 -0.608893 -0.035546
v 0.205944 -0.609192 -0.035559
v 0.205981 -0.609488 -0.035519
v 0.206016 -0.609773 -0.035428
v 0.206048 -0.610038 -0.035288
v 0.206077 -0.610274 -0.035104
v 0.206102 -0.610476 -0.034882
v 0.206122 -0.610636 -0.034628
v 0.206136 -0.610750 -0.034349
v 0.206144 -0.610814 -0.034055
v 0.206145 -0.610826 -0.033755
v 0.206140 -0.610787 -0.033456
v 0.206129 -0.610696 -0.033169
v 0.206112 -0.610558 -0.032902
v 0.206090 -0.610375 -0.032664
v 0.206063 -0.610155 -0.032461
v 0.206032 -0.609902 -0.032300
v 0.205998 -0.609626 -0.032185
v 0.205962 -0.609334 -0.032120
v 0.205925 -0.609036 -0.032108
v 0.205889 -0.608739 -0.032148
v 0.205854 -0.608455 -0.032239
v 0.204518 -0.597571 -0.039222
v 0.204489 -0.597335 -0.039406
v 0.204464 -0.597133 -0.039628
v 0.204444 -0.596973 -0.039882
v 0.204430 -0.596859 -0.040161
v 0.204422 -0.596795 -0.040455
v 0.204421 -0.596783 -0.040756
v 0.204426 -0.596822 -0.041054
v 0.204437 -0.596913 -0.041341
v 0.204454 -0.597051 -0.041608
v 0.204476 -0.597234 -0.041846
v 0.204503 -0.597454 -0.042049
v 0.204534 -0.597707 -0.042211
v 0.204568 -0.597983 -0.042325
v 0.204604 -0.598275 -0.042390
v 0.204641 -0.598573 -0.042402
v 0.204677 -0.598869 -0.042363
v 0.204712 -0.599154 -0.042272
v 0.204744 -0.599419 -0.042132
v 0.204774 -0.599656 -0.041948
v 0.204798 -0.599857 -0.041726
v 0.204818 -0.600017 -0.041472
v 0.204832 -0.600131 -0.041193
v 0.204840 -0.600195 -0.040899
v 0.204841 -0.600208 -0.040598
v 0.204836 -0.600168 -0.040300
v 0.204825 -0.600078 -0.040013
v 0.204808 -0.599939 -0.039746
v 0.204786 -0.599757 -0.039508
v 0.204759 -0.599536 -0.039305
v 0.204728 -0.599284 -0.039144
v 0.204694 -0.599008 -0.039029
v 0.204658 -0.598716 -0.038964
v 0.204621 -0.598417 -0.038952
v 0.204585 -0.598121 -0.038992
v 0.204550 -0.597836 -0.039083
v 0.197072 -0.573276 -0.030059
v 0.197541 -0.577096 -0.030516
v 0.198013 -0.580941 -0.030382
v 0.198477 -0.584721 -0.029661
v 0.198923 -0.588349 -0.028368
v 0.199339 -0.591738 -0.026535
v 0.201074 -0.572784 -0.030059
v 0.203341 -0.591247 -0.026535
v 0.202925 -0.587857 -0.028368
v 0.202480 -0.584230 -0.029661
v 0.202015 -0.580450 -0.030382
v 0.201543 -0.576605 -0.030516
v 0.201424 -0.608721 -0.053280
v 0.201047 -0.605647 -0.055612
v 0.200717 -0.602962 -0.058388
v 0.200443 -0.600727 -0.061543
v 0.200230 -0.598995 -0.065004
v 0.200084 -0.597806 -0.068691
v 0.205426 -0.608229 -0.053280
v 0.204086 -0.597314 -0.068691
v 0.204232 -0.598504 -0.065004
v 0.204445 -0.600236 -0.061543
v 0.204719 -0.602471 -0.058388
v 0.205049 -0.605156 -0.055612
v 0.227334 -0.822994 0.101590
v 0.227363 -0.823231 0.101774
v 0.227388 -0.823432 0.101997
v 0.227407 -0.823592 0.102251
v 0.227421 -0.823706 0.102529
v 0.227429 -0.823770 0.102823
v 0.227431 -0.823783 0.103124
v 0.227426 -0.823743 0.103422
v 0.227415 -0.823653 0.103709
v 0.227398 -0.823514 0.103976
v 0.227375 -0.823332 0.104215
v 0.227348 -0.823111 0.104418
v 0.227317 -0.822859 0.104579
v 0.227283 -0.822583 0.104694
v 0.227247 -0.822291 0.104758
v 0.227211 -0.821992 0.104771
v 0.227174 -0.821696 0.104731
v 0.227139 -0.821411 0.104640
v 0.227107 -0.821146 0.104500
v 0.232124 -0.822406 0.101590
v 0.232153 -0.822643 0.101774
v 0.232178 -0.822844 0.101997
v 0.232197 -0.823004 0.102251
v 0.232211 -0.823118 0.102529
v 0.232219 -0.823182 0.102823
v 0.232221 -0.823195 0.103124
v 0.232216 -0.823155 0.103422
v 0.232205 -0.823065 0.103709
v 0.232188 -0.822926 0.103976
v 0.232165 -0.822744 0.104215
v 0.232138 -0.822523 0.104418
v 0.232107 -0.822271 0.104579
v 0.232073 -0.821994 0.104694
v 0.232037 -0.821703 0.104758
v 0.232001 -0.821404 0.104771
v 0.231964 -0.821108 0.104731
v 0.231929 -0.820823 0.104640
v 0.231897 -0.820558 0.104500
v 0.226030 -0.812376 0.094747
v 0.226059 -0.812612 0.094930
v 0.226084 -0.812814 0.095153
v 0.226103 -0.812974 0.095407
v 0.226117 -0.813088 0.095685
v 0.226125 -0.813152 0.095979
v 0.226127 -0.813164 0.096280
v 0.226122 -0.813125 0.096579
v 0.226111 -0.813034 0.096865
v 0.226094 -0.812896 0.097132
v 0.226071 -0.812714 0.097371
v 0.226044 -0.812493 0.097574
v 0.226013 -0.812241 0.097735
v 0.225979 -0.811964 0.097850
v 0.225944 -0.811672 0.097914
v 0.225907 -0.811374 0.097927
v 0.225871 -0.811078 0.097887
v 0.225836 -0.810793 0.097796
v 0.225803 -0.810528 0.097656
v 0.230820 -0.811787 0.094747
v 0.230849 -0.812024 0.094930
v 0.230874 -0.812226 0.095153
v 0.230893 -0.812386 0.095407
v 0.230907 -0.812500 0.095685
v 0.230915 -0.812564 0.095979
v 0.230917 -0.812576 0.096280
v 0.230912 -0.812537 0.096579
v 0.230901 -0.812446 0.096865
v 0.230884 -0.812308 0.097132
v 0.230861 -0.812125 0.097371
v 0.230834 -0.811905 0.097574
v 0.230803 -0.811652 0.097735
v 0.230769 -0.811376 0.097850
v 0.230734 -0.811084 0.097914
v 0.230697 -0.810786 0.097927
v 0.230661 -0.810489 0.097887
v 0.230626 -0.810205 0.097796
v 0.230593 -0.809940 0.097656
v 0.198748 -0.551503 -0.076316
v 0.198824 -0.552119 -0.075838
v 0.198888 -0.552644 -0.075258
v 0.198940 -0.553061 -0.074596
v 0.198976 -0.553358 -0.073871
v 0.198997 -0.553525 -0.073105
v 0.199001 -0.553558 -0.072321
v 0.198988 -0.553454 -0.071543
v 0.198959 -0.553219 -0.070796
v 0.198915 -0.552858 -0.070101
v 0.198856 -0.552383 -0.069479
v 0.198786 -0.551808 -0.068950
v 0.198705 -0.551151 -0.068530
v 0.198617 -0.550431 -0.068231
v 0.198523 -0.549670 -0.068063
v 0.198428 -0.548892 -0.068030
v 0.198333 -0.548121 -0.068134
v 0.198242 -0.547379 -0.068371
v 0.198157 -0.546689 -0.068735
v 0.198859 -0.551489 -0.076316
v 0.198935 -0.552106 -0.075838
v 0.199000 -0.552631 -0.075258
v 0.199051 -0.553048 -0.074596
v 0.199087 -0.553344 -0.073871
v 0.199108 -0.553511 -0.073105
v 0.199112 -0.553544 -0.072321
v 0.199099 -0.553441 -0.071543
v 0.199070 -0.553205 -0.070796
v 0.199026 -0.552844 -0.070101
v 0.198967 -0.552369 -0.069479
v 0.198897 -0.551794 -0.068950
v 0.198816 -0.551137 -0.068530
v 0.198728 -0.550417 -0.068231
v 0.198634 -0.549657 -0.068063
v 0.198539 -0.548879 -0.068030
v 0.198444 -0.548107 -0.068134
v 0.198353 -0.547365 -0.068371
v 0.198268 -0.546675 -0.068735
v 0.194379 -0.554599 -0.080287
v 0.194534 -0.555861 -0.079307
v 0.194666 -0.556936 -0.078121
v 0.194771 -0.557790 -0.076765
v 0.194845 -0.558397 -0.075280
v 0.194887 -0.558739 -0.073711
v 0.194896 -0.558806 -0.072106
v 0.194870 -0.558595 -0.070514
v 0.194810 -0.558113 -0.068983
v 0.194720 -0.557374 -0.067560
v 0.194600 -0.556401 -0.066288
v 0.194456 -0.555224 -0.065205
v 0.194290 -0.553878 -0.064345
v 0.194109 -0.552404 -0.063733
v 0.193918 -0.550847 -0.063388
v 0.193723 -0.549254 -0.063321
v 0.193529 -0.547674 -0.063534
v 0.193342 -0.546154 -0.064020
v 0.193169 -0.544742 -0.064764
v 0.198748 -0.551503 -0.076316
v 0.198824 -0.552119 -0.075838
v 0.198888 -0.552644 -0.075258
v 0.198940 -0.553061 -0.074596
v 0.198976 -0.553358 -0.073871
v 0.198997 -0.553525 -0.073105
v 0.199001 -0.553558 -0.072321
v 0.198988 -0.553454 -0.071543
v 0.198959 -0.553219 -0.070796
v 0.198915 -0.552858 -0.070101
v 0.198856 -0.552383 -0.069479
v 0.198786 -0.551808 -0.068950
v 0.198705 -0.551151 -0.068530
v 0.198617 -0.550431 -0.068231
v 0.198523 -0.549670 -0.068063
v 0.198428 -0.548892 -0.068030
v 0.198333 -0.548121 -0.068134
v 0.198242 -0.547379 -0.068371
v 0.198157 -0.546689 -0.068735
v 0.197465 -0.553944 -0.076379
v 0.197582 -0.554898 -0.074740
v 0.196053 -0.555341 -0.077376
v 0.197632 -0.555303 -0.072885
v 0.196201 -0.556542 -0.075313
v 0.197609 -0.555118 -0.070994
v 0.196263 -0.557051 -0.072978
v 0.197516 -0.554363 -0.069254
v 0.196235 -0.556819 -0.070598
v 0.197363 -0.553111 -0.067834
v 0.196118 -0.555869 -0.068407
v 0.197163 -0.551485 -0.066873
v 0.195925 -0.554293 -0.066619
v 0.196937 -0.549644 -0.066465
v 0.195673 -0.552245 -0.065409
v 0.196706 -0.547767 -0.066651
v 0.195389 -0.549927 -0.064896
v 0.195099 -0.547565 -0.065130
v 0.202283 -0.580293 -0.082689
v 0.202359 -0.580910 -0.082211
v 0.202423 -0.581435 -0.081631
v 0.202475 -0.581852 -0.080969
v 0.202511 -0.582148 -0.080244
v 0.202532 -0.582315 -0.079478
v 0.202536 -0.582348 -0.078694
v 0.202523 -0.582245 -0.077916
v 0.202494 -0.582009 -0.077169
v 0.202450 -0.581648 -0.076474
v 0.202391 -0.581173 -0.075852
v 0.202321 -0.580598 -0.075323
v 0.202240 -0.579941 -0.074903
v 0.202152 -0.579221 -0.074604
v 0.202058 -0.578461 -0.074436
v 0.201963 -0.577683 -0.074403
v 0.201868 -0.576911 -0.074507
v 0.201777 -0.576169 -0.074745
v 0.201692 -0.575479 -0.075108
v 0.202394 -0.580279 -0.082689
v 0.202470 -0.580896 -0.082211
v 0.202535 -0.581421 -0.081631
v 0.202586 -0.581838 -0.080969
v 0.202622 -0.582135 -0.080244
v 0.202643 -0.582302 -0.079478
v 0.202647 -0.582334 -0.078694
v 0.202634 -0.582231 -0.077916
v 0.202605 -0.581996 -0.077169
v 0.202561 -0.581635 -0.076474
v 0.202502 -0.581160 -0.075852
v 0.202432 -0.580585 -0.075323
v 0.202351 -0.579927 -0.074903
v 0.202263 -0.579207 -0.074604
v 0.202169 -0.578447 -0.074436
v 0.202074 -0.577669 -0.074403
v 0.201979 -0.576897 -0.074507
v 0.201888 -0.576155 -0.074745
v 0.201803 -0.575465 -0.075108
v 0.197914 -0.583389 -0.086660
v 0.198069 -0.584652 -0.085680
v 0.198201 -0.585727 -0.084494
v 0.198306 -0.586581 -0.083138
v 0.198380 -0.587188 -0.081653
v 0.198422 -0.587530 -0.080084
v 0.198431 -0.587596 -0.078479
v 0.198405 -0.587385 -0.076887
v 0.198345 -0.586903 -0.075357
v 0.198255 -0.586164 -0.073933
v 0.198135 -0.585192 -0.072661
v 0.197991 -0.584014 -0.071578
v 0.197825 -0.582668 -0.070718
v 0.197644 -0.581194 -0.070106
v 0.197453 -0.579637 -0.069761
v 0.197258 -0.578044 -0.069694
v 0.197064 -0.576464 -0.069907
v 0.196877 -0.574945 -0.070393
v 0.196704 -0.573532 -0.071137
v 0.202283 -0.580293 -0.082689
v 0.202359 -0.580910 -0.082211
v 0.202423 -0.581435 -0.081631
v 0.202475 -0.581852 -0.080969
v 0.202511 -0.582148 -0.080244
v 0.202532 -0.582315 -0.079478
v 0.202536 -0.582348 -0.078694
v 0.202523 -0.582245 -0.077916
v 0.202494 -0.582009 -0.077169
v 0.202450 -0.581648 -0.076474
v 0.202391 -0.581173 -0.075852
v 0.202321 -0.580598 -0.075323
v 0.202240 -0.579941 -0.074903
v 0.202152 -0.579221 -0.074604
v 0.202058 -0.578461 -0.074436
v 0.201963 -0.577683 -0.074403
v 0.201868 -0.576911 -0.074507
v 0.201777 -0.576169 -0.074745
v 0.201692 -0.575479 -0.075108
v 0.201000 -0.582735 -0.082752
v 0.201117 -0.583688 -0.081113
v 0.199588 -0.584131 -0.083749
v 0.201167 -0.584093 -0.079258
v 0.199736 -0.585332 -0.081686
v 0.201144 -0.583909 -0.077367
v 0.199798 -0.585841 -0.079351
v 0.201051 -0.583154 -0.075627
v 0.199770 -0.585610 -0.076971
v 0.200898 -0.581902 -0.074207
v 0.199653 -0.584659 -0.074780
v 0.200698 -0.580276 -0.073246
v 0.199460 -0.583083 -0.072992
v 0.200472 -0.578434 -0.072838
v 0.199208 -0.581036 -0.071783
v 0.200241 -0.576558 -0.073024
v 0.198924 -0.578718 -0.071269
v 0.198634 -0.576356 -0.071503
v 0.203060 -0.586619 -0.053683
v 0.203136 -0.587235 -0.053204
v 0.203200 -0.587760 -0.052625
v 0.203251 -0.588177 -0.051962
v 0.203288 -0.588474 -0.051237
v 0.203308 -0.588641 -0.050471
v 0.203312 -0.588674 -0.049687
v 0.203300 -0.588570 -0.048910
v 0.203271 -0.588335 -0.048162
v 0.203226 -0.587974 -0.047467
v 0.203168 -0.587499 -0.046846
v 0.203097 -0.586924 -0.046317
v 0.203017 -0.586267 -0.045897
v 0.202928 -0.585547 -0.045598
v 0.202835 -0.584786 -0.045430
v 0.202739 -0.584008 -0.045397
v 0.202645 -0.583237 -0.045501
v 0.202554 -0.582495 -0.045738
v 0.202469 -0.581805 -0.046101
v 0.203171 -0.586605 -0.053683
v 0.203247 -0.587222 -0.053204
v 0.203311 -0.587747 -0.052625
v 0.203362 -0.588164 -0.051962
v 0.203399 -0.588460 -0.051237
v 0.203419 -0.588627 -0.050471
v 0.203423 -0.588660 -0.049687
v 0.203411 -0.588557 -0.048910
v 0.203382 -0.588321 -0.048162
v 0.203338 -0.587960 -0.047467
v 0.203279 -0.587485 -0.046846
v 0.203209 -0.586910 -0.046317
v 0.203128 -0.586253 -0.045897
v 0.203039 -0.585533 -0.045598
v 0.202946 -0.584773 -0.045430
v 0.202851 -0.583995 -0.045397
v 0.202756 -0.583223 -0.045501
v 0.202665 -0.582481 -0.045738
v 0.202580 -0.581791 -0.046101
v 0.198691 -0.589715 -0.057654
v 0.198846 -0.590977 -0.056674
v 0.198978 -0.592052 -0.055487
v 0.199083 -0.592906 -0.054131
v 0.199157 -0.593513 -0.052646
v 0.199199 -0.593856 -0.051078
v 0.199207 -0.593922 -0.049473
v 0.199181 -0.593711 -0.047881
v 0.199122 -0.593229 -0.046350
v 0.199031 -0.592490 -0.044927
v 0.198912 -0.591517 -0.043654
v 0.198767 -0.590340 -0.042572
v 0.198602 -0.588994 -0.041711
v 0.198421 -0.587520 -0.041099
v 0.198230 -0.585963 -0.040755
v 0.198034 -0.584370 -0.040688
v 0.197840 -0.582790 -0.040900
v 0.197654 -0.581270 -0.041386
v 0.197480 -0.579858 -0.042130
v 0.203060 -0.586619 -0.053683
v 0.203136 -0.587235 -0.053204
v 0.203200 -0.587760 -0.052625
v 0.203251 -0.588177 -0.051962
v 0.203288 -0.588474 -0.051237
v 0.203308 -0.588641 -0.050471
v 0.203312 -0.588674 -0.049687
v 0.203300 -0.588570 -0.048910
v 0.203271 -0.588335 -0.048162
v 0.203226 -0.587974 -0.047467
v 0.203168 -0.587499 -0.046846
v 0.203097 -0.586924 -0.046317
v 0.203017 -0.586267 -0.045897
v 0.202928 -0.585547 -0.045598
v 0.202835 -0.584786 -0.045430
v 0.202739 -0.584008 -0.045397
v 0.202645 -0.583237 -0.045501
v 0.202554 -0.582495 -0.045738
v 0.202469 -0.581805 -0.046101
v 0.201777 -0.589060 -0.053745
v 0.201894 -0.590014 -0.052107
v 0.200365 -0.590457 -0.054742
v 0.201943 -0.590419 -0.050251
v 0.200512 -0.591658 -0.052680
v 0.201921 -0.590234 -0.048361
v 0.200575 -0.592167 -0.050344
v 0.201828 -0.589479 -0.046620
v 0.200546 -0.591935 -0.047965
v 0.201674 -0.588227 -0.045200
v 0.200430 -0.590985 -0.045774
v 0.201475 -0.586601 -0.044239
v 0.200236 -0.589409 -0.043986
v 0.201249 -0.584760 -0.043831
v 0.199985 -0.587362 -0.042776
v 0.201018 -0.582883 -0.044017
v 0.199700 -0.585043 -0.042263
v 0.199410 -0.582682 -0.042497
v 0.199525 -0.557828 -0.047310
v 0.199601 -0.558445 -0.046831
v 0.199665 -0.558970 -0.046252
v 0.199716 -0.559387 -0.045589
v 0.199753 -0.559684 -0.044864
v 0.199773 -0.559851 -0.044098
v 0.199777 -0.559883 -0.043314
v 0.199765 -0.559780 -0.042537
v 0.199736 -0.559545 -0.041789
v 0.199691 -0.559184 -0.041094
v 0.199633 -0.558709 -0.040473
v 0.199562 -0.558134 -0.039944
v 0.199482 -0.557476 -0.039524
v 0.199393 -0.556756 -0.039225
v 0.199300 -0.555996 -0.039056
v 0.199204 -0.555218 -0.039024
v 0.199110 -0.554446 -0.039128
v 0.199019 -0.553704 -0.039365
v 0.198934 -0.553014 -0.039728
v 0.199636 -0.557815 -0.047310
v 0.199712 -0.558431 -0.046831
v 0.199776 -0.558956 -0.046252
v 0.199827 -0.559373 -0.045589
v 0.199864 -0.559670 -0.044864
v 0.199884 -0.559837 -0.044098
v 0.199888 -0.559869 -0.043314
v 0.199876 -0.559766 -0.042537
v 0.199847 -0.559531 -0.041789
v 0.199802 -0.559170 -0.041094
v 0.199744 -0.558695 -0.040473
v 0.199674 -0.558120 -0.039944
v 0.199593 -0.557463 -0.039524
v 0.199504 -0.556743 -0.039225
v 0.199411 -0.555982 -0.039056
v 0.199316 -0.555204 -0.039024
v 0.199221 -0.554433 -0.039128
v 0.199130 -0.553691 -0.039365
v 0.199045 -0.553001 -0.039728
v 0.195156 -0.560924 -0.051281
v 0.195311 -0.562187 -0.050300
v 0.195443 -0.563262 -0.049114
v 0.195548 -0.564116 -0.047758
v 0.195622 -0.564723 -0.046273
v 0.195664 -0.565065 -0.044704
v 0.195672 -0.565132 -0.043100
v 0.195646 -0.564921 -0.041508
v 0.195587 -0.564438 -0.039977
v 0.195496 -0.563700 -0.038554
v 0.195377 -0.562727 -0.037281
v 0.195232 -0.561549 -0.036198
v 0.195067 -0.560203 -0.035338
v 0.194886 -0.558729 -0.034726
v 0.194695 -0.557172 -0.034382
v 0.194499 -0.555580 -0.034315
v 0.194305 -0.554000 -0.034527
v 0.194119 -0.552480 -0.035013
v 0.193945 -0.551067 -0.035757
v 0.199525 -0.557828 -0.047310
v 0.199601 -0.558445 -0.046831
v 0.199665 -0.558970 -0.046252
v 0.199716 -0.559387 -0.045589
v 0.199753 -0.559684 -0.044864
v 0.199773 -0.559851 -0.044098
v 0.199777 -0.559883 -0.043314
v 0.199765 -0.559780 -0.042537
v 0.199736 -0.559545 -0.041789
v 0.199691 -0.559184 -0.041094
v 0.199633 -0.558709 -0.040473
v 0.199562 -0.558134 -0.039944
v 0.199482 -0.557476 -0.039524
v 0.199393 -0.556756 -0.039225
v 0.199300 -0.555996 -0.039056
v 0.199204 -0.555218 -0.039024
v 0.199110 -0.554446 -0.039128
v 0.199019 -0.553704 -0.039365
v 0.198934 -0.553014 -0.039728
v 0.198242 -0.560270 -0.047372
v 0.198359 -0.561224 -0.045733
v 0.196830 -0.561667 -0.048369
v 0.198408 -0.561628 -0.043878
v 0.196977 -0.562867 -0.046307
v 0.198386 -0.561444 -0.041988
v 0.197040 -0.563377 -0.043971
v 0.198293 -0.560689 -0.040247
v 0.197011 -0.563145 -0.041591
v 0.198139 -0.559437 -0.038827
v 0.196895 -0.562194 -0.039400
v 0.197940 -0.557811 -0.037866
v 0.196701 -0.560618 -0.037613
v 0.197714 -0.555969 -0.037458
v 0.196450 -0.558571 -0.036403
v 0.197483 -0.554093 -0.037644
v 0.196165 -0.556253 -0.035890
v 0.195875 -0.553891 -0.036123
v 0.204086 -0.597314 -0.068691
v 0.204232 -0.598504 -0.065004
v 0.204445 -0.600236 -0.061543
v 0.204719 -0.602471 -0.058388
v 0.205049 -0.605156 -0.055612
v 0.205426 -0.608229 -0.053280
v 0.205794 -0.607968 -0.052946
v 0.205411 -0.604847 -0.055314
v 0.205076 -0.602120 -0.058133
v 0.204797 -0.599850 -0.061338
v 0.204581 -0.598091 -0.064853
v 0.204433 -0.596883 -0.068597
v 0.205426 -0.608229 -0.053280
v 0.232659 -0.830022 0.089673
v 0.233027 -0.829761 0.090007
v 0.205794 -0.607968 -0.052946
v 0.202779 -0.583410 -0.087620
v 0.202411 -0.583671 -0.087954
v 0.204433 -0.596883 -0.068597
v 0.204253 -0.595415 -0.073148
v 0.203990 -0.593277 -0.077420
v 0.203652 -0.590518 -0.081315
v 0.203245 -0.587204 -0.084741
v 0.204086 -0.597314 -0.068691
v 0.202883 -0.587512 -0.085039
v 0.203295 -0.590869 -0.081569
v 0.203638 -0.593662 -0.077625
v 0.203904 -0.595828 -0.073299
v 0.232659 -0.830022 0.089673
v 0.233027 -0.829761 0.090007
v 0.230994 -0.813203 0.116084
v 0.231285 -0.815576 0.117334
v 0.231599 -0.818129 0.118150
v 0.231925 -0.820783 0.118508
v 0.232253 -0.823459 0.118395
v 0.232574 -0.826074 0.117816
v 0.232878 -0.828550 0.116788
v 0.233156 -0.830811 0.115343
v 0.233399 -0.832789 0.113524
v 0.233599 -0.834423 0.111386
v 0.233752 -0.835664 0.108996
v 0.233851 -0.836474 0.106424
v 0.233895 -0.836829 0.103750
v 0.233881 -0.836717 0.101054
v 0.233810 -0.836142 0.098419
v 0.233685 -0.835122 0.095924
v 0.233509 -0.833688 0.093646
v 0.233287 -0.831882 0.091654
v 0.230574 -0.813039 0.116418
v 0.232926 -0.832197 0.091361
v 0.233154 -0.834049 0.093405
v 0.233334 -0.835521 0.095742
v 0.233463 -0.836567 0.098300
v 0.233535 -0.837156 0.101003
v 0.233549 -0.837271 0.103768
v 0.233504 -0.836907 0.106511
v 0.233402 -0.836076 0.109148
v 0.233246 -0.834803 0.111600
v 0.233040 -0.833127 0.113793
v 0.232791 -0.831099 0.115658
v 0.232507 -0.828780 0.117141
v 0.232195 -0.826240 0.118195
v 0.231865 -0.823558 0.118788
v 0.231528 -0.820813 0.118904
v 0.231194 -0.818091 0.118538
v 0.230873 -0.815473 0.117700
v 0.201459 -0.572660 -0.030448
v 0.201935 -0.576540 -0.030913
v 0.202415 -0.580445 -0.030777
v 0.202886 -0.584284 -0.030044
v 0.203338 -0.587968 -0.028731
v 0.203761 -0.591411 -0.026869
v 0.203341 -0.591247 -0.026535
v 0.202925 -0.587857 -0.028368
v 0.202480 -0.584230 -0.029661
v 0.202015 -0.580450 -0.030382
v 0.201543 -0.576605 -0.030516
v 0.201074 -0.572784 -0.030059
v 0.230574 -0.813039 0.116418
v 0.203341 -0.591247 -0.026535
v 0.203761 -0.591411 -0.026869
v 0.230994 -0.813203 0.116084
v 0.199643 -0.597471 -0.068597
v 0.199791 -0.598679 -0.064853
v 0.200007 -0.600438 -0.061338
v 0.200286 -0.602708 -0.058133
v 0.200621 -0.605435 -0.055314
v 0.201004 -0.608557 -0.052946
v 0.201424 -0.608721 -0.053280
v 0.201047 -0.605647 -0.055612
v 0.200717 -0.602962 -0.058388
v 0.200443 -0.600727 -0.061543
v 0.200230 -0.598995 -0.065004
v 0.200084 -0.597806 -0.068691
v 0.201004 -0.608557 -0.052946
v 0.201424 -0.608721 -0.053280
v 0.228657 -0.830513 0.089673
v 0.228237 -0.830349 0.090007
v 0.193871 -0.550458 -0.034798
v 0.194238 -0.550198 -0.034463
v 0.196669 -0.573248 -0.030448
v 0.196090 -0.568532 -0.029883
v 0.195507 -0.563786 -0.030048
v 0.194934 -0.559120 -0.030939
v 0.194384 -0.554642 -0.032534
v 0.197072 -0.573276 -0.030059
v 0.194759 -0.554435 -0.032171
v 0.195315 -0.558969 -0.030556
v 0.195896 -0.563694 -0.029654
v 0.196486 -0.568500 -0.029487
v 0.228237 -0.830349 0.090007
v 0.228657 -0.830513 0.089673
v 0.226572 -0.813531 0.116418
v 0.226870 -0.815965 0.117700
v 0.227192 -0.818582 0.118538
v 0.227526 -0.821305 0.118904
v 0.227863 -0.824049 0.118788
v 0.228193 -0.826732 0.118195
v 0.228504 -0.829271 0.117141
v 0.228789 -0.831590 0.115658
v 0.229038 -0.833619 0.113793
v 0.229244 -0.835295 0.111600
v 0.229400 -0.836568 0.109148
v 0.229502 -0.837399 0.106511
v 0.229547 -0.837762 0.103768
v 0.229533 -0.837648 0.101003
v 0.229460 -0.837058 0.098300
v 0.229332 -0.836012 0.095742
v 0.229151 -0.834541 0.093405
v 0.228924 -0.832689 0.091361
v 0.226204 -0.813791 0.116084
v 0.228497 -0.832471 0.091654
v 0.228719 -0.834276 0.093646
v 0.228895 -0.835711 0.095924
v 0.229020 -0.836731 0.098419
v 0.229091 -0.837305 0.101054
v 0.229105 -0.837417 0.103750
v 0.229061 -0.837063 0.106424
v 0.228962 -0.836252 0.108996
v 0.228809 -0.835011 0.111386
v 0.228609 -0.833377 0.113524
v 0.228366 -0.831399 0.115343
v 0.228088 -0.829138 0.116788
v 0.227784 -0.826662 0.117816
v 0.227463 -0.824047 0.118395
v 0.227134 -0.821371 0.118508
v 0.226809 -0.818717 0.118150
v 0.226495 -0.816164 0.117334
v 0.197072 -0.573276 -0.030059
v 0.197541 -0.577096 -0.030516
v 0.198013 -0.580941 -0.030382
v 0.198477 -0.584721 -0.029661
v 0.198923 -0.588349 -0.028368
v 0.199339 -0.591738 -0.026535
v 0.198971 -0.591999 -0.026869
v 0.198548 -0.588556 -0.028731
v 0.198096 -0.584872 -0.030044
v 0.197625 -0.581033 -0.030777
v 0.197145 -0.577128 -0.030913
v 0.196669 -0.573248 -0.030448
v 0.226204 -0.813791 0.116084
v 0.226572 -0.813531 0.116418
v 0.199339 -0.591738 -0.026535
v 0.198971 -0.591999 -0.026869
f 5 8 6
f 9 8 5
f 4 9 5
f 10 9 4
f 3 10 4
f 11 10 3
f 2 11 3
f 12 11 2
f 1 12 2
f 7 12 1
f 34 14 13
f 34 13 32
f 35 32 31
f 35 34 32
f 36 31 30
f 36 35 31
f 37 30 29
f 37 36 30
f 38 29 28
f 38 37 29
f 39 28 27
f 39 38 28
f 40 27 26
f 40 39 27
f 41 26 25
f 41 40 26
f 42 25 24
f 42 41 25
f 43 24 23
f 43 42 24
f 44 23 22
f 44 43 23
f 45 22 21
f 45 44 22
f 46 21 20
f 46 45 21
f 47 20 19
f 47 46 20
f 48 19 18
f 48 47 19
f 49 48 18
f 49 18 17
f 50 17 16
f 50 49 17
f 33 16 15
f 33 50 16
f 59 56 55
f 59 58 56
f 60 55 54
f 60 59 55
f 61 54 53
f 61 60 54
f 62 53 52
f 62 61 53
f 57 52 51
f 57 62 52
f 84 64 63
f 84 63 82
f 85 82 81
f 85 84 82
f 86 81 80
f 86 85 81
f 87 80 79
f 87 86 80
f 88 79 78
f 88 87 79
f 89 78 77
f 89 88 78
f 90 77 76
f 90 89 77
f 91 76 75
f 91 90 76
f 92 75 74
f 92 91 75
f 93 74 73
f 93 92 74
f 94 73 72
f 94 93 73
f 95 72 71
f 95 94 72
f 96 71 70
f 96 95 71
f 97 70 69
f 97 96 70
f 98 69 68
f 98 97 69
f 99 98 68
f 99 68 67
f 100 67 66
f 100 99 67
f 83 66 65
f 83 100 66
f 139 122 121
f 139 123 122
f 139 124 123
f 140 125 124
f 140 126 125
f 140 124 139
f 141 103 104
f 141 104 105
f 141 105 106
f 141 121 103
f 141 139 121
f 142 126 140
f 142 127 126
f 143 106 107
f 143 140 139
f 143 141 106
f 143 139 141
f 144 127 142
f 144 128 127
f 144 129 128
f 145 107 108
f 145 108 109
f 145 143 107
f 145 140 143
f 145 142 140
f 146 130 129
f 146 131 130
f 146 129 144
f 147 109 110
f 147 110 111
f 147 144 142
f 147 142 145
f 147 145 109
f 148 132 131
f 148 133 132
f 148 131 146
f 149 111 112
f 149 112 113
f 149 146 144
f 149 144 147
f 149 147 111
f 150 134 133
f 150 135 134
f 150 133 148
f 151 113 114
f 151 114 115
f 151 149 113
f 151 146 149
f 151 148 146
f 152 136 135
f 152 135 150
f 153 150 148
f 153 151 115
f 153 148 151
f 153 115 116
f 153 116 117
f 154 137 136
f 154 138 137
f 154 101 138
f 154 136 152
f 155 152 150
f 155 150 153
f 155 117 118
f 155 153 117
f 156 102 101
f 156 118 119
f 156 119 120
f 156 120 102
f 156 154 152
f 156 101 154
f 156 155 118
f 156 152 155
f 160 177 159
f 160 178 177
f 161 179 178
f 161 178 160
f 162 180 179
f 162 179 161
f 163 181 180
f 163 180 162
f 164 182 181
f 164 181 163
f 165 183 182
f 165 182 164
f 166 184 183
f 166 183 165
f 167 185 184
f 167 184 166
f 168 186 185
f 168 185 167
f 169 187 186
f 169 186 168
f 170 188 187
f 170 187 169
f 171 189 188
f 171 190 189
f 171 188 170
f 172 190 171
f 173 191 190
f 173 192 191
f 173 190 172
f 174 192 173
f 175 192 174
f 175 193 192
f 176 193 175
f 176 194 193
f 158 194 176
f 158 157 194
f 233 216 215
f 233 217 216
f 233 218 217
f 234 219 218
f 234 220 219
f 234 218 233
f 235 197 198
f 235 198 199
f 235 199 200
f 235 215 197
f 235 233 215
f 236 220 234
f 236 221 220
f 237 200 201
f 237 201 202
f 237 234 233
f 237 235 200
f 237 233 235
f 237 236 234
f 238 222 221
f 238 223 222
f 238 221 236
f 239 202 203
f 239 237 202
f 239 236 237
f 240 224 223
f 240 225 224
f 240 223 238
f 241 203 204
f 241 204 205
f 241 238 236
f 241 236 239
f 241 239 203
f 242 226 225
f 242 227 226
f 242 225 240
f 243 241 205
f 243 205 206
f 243 206 207
f 243 238 241
f 243 240 238
f 244 228 227
f 244 227 242
f 245 207 208
f 245 208 209
f 245 240 243
f 245 243 207
f 245 242 240
f 246 229 228
f 246 230 229
f 246 228 244
f 247 209 210
f 247 210 211
f 247 242 245
f 247 244 242
f 247 245 209
f 248 231 230
f 248 232 231
f 248 195 232
f 248 230 246
f 249 244 247
f 249 246 244
f 249 211 212
f 249 247 211
f 250 196 195
f 250 249 212
f 250 212 213
f 250 213 214
f 250 214 196
f 250 248 246
f 250 195 248
f 250 246 249
f 254 271 253
f 254 272 271
f 255 273 272
f 255 272 254
f 256 274 273
f 256 273 255
f 257 275 274
f 257 274 256
f 258 276 275
f 258 275 257
f 259 277 276
f 259 276 258
f 260 278 277
f 260 277 259
f 261 279 278
f 261 278 260
f 262 280 279
f 262 279 261
f 263 281 280
f 263 280 262
f 264 282 281
f 264 281 263
f 265 283 282
f 265 284 283
f 265 282 264
f 266 284 265
f 267 285 284
f 267 284 266
f 268 285 267
f 268 286 285
f 269 286 268
f 269 287 286
f 270 287 269
f 270 288 287
f 252 288 270
f 252 251 288
f 327 309 291
f 327 310 309
f 327 311 310
f 327 312 311
f 328 313 312
f 328 314 313
f 328 312 327
f 329 291 292
f 329 292 293
f 329 293 294
f 329 327 291
f 330 314 328
f 330 315 314
f 331 294 295
f 331 295 296
f 331 328 327
f 331 329 294
f 331 327 329
f 332 316 315
f 332 317 316
f 332 315 330
f 333 296 297
f 333 331 296
f 333 328 331
f 333 330 328
f 334 318 317
f 334 319 318
f 334 317 332
f 335 297 298
f 335 298 299
f 335 333 297
f 335 332 330
f 335 330 333
f 336 320 319
f 336 321 320
f 336 319 334
f 337 334 332
f 337 332 335
f 337 299 300
f 337 300 301
f 337 335 299
f 338 322 321
f 338 323 322
f 338 321 336
f 339 301 302
f 339 302 303
f 339 337 301
f 339 336 334
f 339 334 337
f 340 324 323
f 340 323 338
f 341 336 339
f 341 303 304
f 341 304 305
f 341 338 336
f 341 339 303
f 342 325 324
f 342 326 325
f 342 289 326
f 342 324 340
f 343 338 341
f 343 340 338
f 343 305 306
f 343 341 305
f 344 290 289
f 344 306 307
f 344 307 308
f 344 308 290
f 344 342 340
f 344 340 343
f 344 343 306
f 344 289 342
f 348 365 347
f 348 366 365
f 349 367 366
f 349 366 348
f 350 368 367
f 350 367 349
f 351 369 368
f 351 368 350
f 352 370 369
f 352 369 351
f 353 371 370
f 353 370 352
f 354 372 371
f 354 371 353
f 355 373 372
f 355 372 354
f 356 374 373
f 356 373 355
f 357 375 374
f 357 374 356
f 358 376 375
f 358 375 357
f 359 377 376
f 359 378 377
f 359 376 358
f 360 378 359
f 361 379 378
f 361 380 379
f 361 378 360
f 362 380 361
f 363 380 362
f 363 381 380
f 364 381 363
f 364 382 381
f 346 382 364
f 346 345 382
f 421 404 403
f 421 405 404
f 421 406 405
f 422 407 406
f 422 408 407
f 422 406 421
f 423 385 386
f 423 386 387
f 423 387 388
f 423 403 385
f 423 421 403
f 424 408 422
f 424 409 408
f 425 388 389
f 425 389 390
f 425 422 421
f 425 423 388
f 425 421 423
f 426 410 409
f 426 411 410
f 426 409 424
f 427 390 391
f 427 425 390
f 427 422 425
f 427 424 422
f 428 412 411
f 428 413 412
f 428 411 426
f 429 391 392
f 429 392 393
f 429 424 427
f 429 426 424
f 429 427 391
f 430 414 413
f 430 415 414
f 430 413 428
f 431 428 426
f 431 426 429
f 431 393 394
f 431 394 395
f 431 429 393
f 432 416 415
f 432 417 416
f 432 415 430
f 433 395 396
f 433 396 397
f 433 430 428
f 433 431 395
f 433 428 431
f 434 418 417
f 434 417 432
f 435 430 433
f 435 397 398
f 435 398 399
f 435 432 430
f 435 433 397
f 436 419 418
f 436 420 419
f 436 383 420
f 436 418 434
f 437 432 435
f 437 434 432
f 437 399 400
f 437 435 399
f 438 384 383
f 438 400 401
f 438 401 402
f 438 402 384
f 438 436 434
f 438 437 400
f 438 383 436
f 438 434 437
f 442 459 441
f 442 460 459
f 443 461 460
f 443 460 442
f 444 462 461
f 444 461 443
f 445 463 462
f 445 462 444
f 446 464 463
f 446 463 445
f 447 465 464
f 447 464 446
f 448 466 465
f 448 465 447
f 449 467 466
f 449 466 448
f 450 468 467
f 450 467 449
f 451 469 468
f 451 468 450
f 452 470 469
f 452 469 451
f 453 471 470
f 453 472 471
f 453 470 452
f 454 472 453
f 455 473 472
f 455 474 473
f 455 472 454
f 456 474 455
f 457 474 456
f 457 475 474
f 458 475 457
f 458 476 475
f 440 476 458
f 440 439 476
f 480 497 479
f 480 498 497
f 481 499 498
f 481 500 499
f 481 498 480
f 482 500 481
f 483 501 500
f 483 502 501
f 483 500 482
f 484 503 502
f 484 502 483
f 485 503 484
f 486 504 503
f 486 505 504
f 486 503 485
f 487 505 486
f 488 506 505
f 488 505 487
f 489 507 506
f 489 506 488
f 490 508 507
f 490 507 489
f 491 509 508
f 491 508 490
f 492 510 509
f 492 509 491
f 493 511 510
f 493 510 492
f 494 511 493
f 494 512 511
f 494 513 512
f 495 513 494
f 496 513 495
f 496 514 513
f 478 514 496
f 478 477 514
f 518 535 517
f 518 536 535
f 519 537 536
f 519 538 537
f 519 536 518
f 520 538 519
f 521 539 538
f 521 540 539
f 521 538 520
f 522 541 540
f 522 540 521
f 523 541 522
f 524 542 541
f 524 543 542
f 524 541 523
f 525 543 524
f 526 544 543
f 526 543 525
f 527 545 544
f 527 544 526
f 528 546 545
f 528 545 527
f 529 547 546
f 529 546 528
f 530 548 547
f 530 547 529
f 531 549 548
f 531 548 530
f 532 549 531
f 532 550 549
f 532 551 550
f 533 551 532
f 534 551 533
f 534 552 551
f 516 552 534
f 516 515 552
f 563 553 554
f 563 564 553
f 562 554 555
f 562 563 554
f 561 555 556
f 561 562 555
f 560 556 557
f 560 561 556
f 559 557 558
f 559 560 557
f 566 565 567
f 602 567 568
f 602 566 567
f 601 568 569
f 601 602 568
f 600 569 570
f 600 601 569
f 599 570 571
f 599 600 570
f 598 571 572
f 598 599 571
f 597 572 573
f 597 598 572
f 596 573 574
f 596 597 573
f 595 574 575
f 595 596 574
f 594 575 576
f 594 595 575
f 593 576 577
f 593 594 576
f 592 577 578
f 592 593 577
f 591 592 578
f 590 578 579
f 590 591 578
f 589 579 580
f 589 590 579
f 588 589 580
f 588 580 581
f 587 588 581
f 587 581 582
f 587 582 583
f 586 583 584
f 586 587 583
f 585 586 584
f 606 623 605
f 606 624 623
f 607 625 624
f 607 626 625
f 607 624 606
f 608 626 607
f 609 627 626
f 609 628 627
f 609 626 608
f 610 629 628
f 610 628 609
f 611 629 610
f 612 630 629
f 612 631 630
f 612 629 611
f 613 631 612
f 614 632 631
f 614 631 613
f 615 633 632
f 615 632 614
f 616 634 633
f 616 633 615
f 617 635 634
f 617 634 616
f 618 636 635
f 618 635 617
f 619 637 636
f 619 636 618
f 620 637 619
f 620 638 637
f 620 639 638
f 621 639 620
f 622 639 621
f 622 640 639
f 604 640 622
f 604 603 640
f 644 661 643
f 644 662 661
f 645 663 662
f 645 664 663
f 645 662 644
f 646 664 645
f 647 665 664
f 647 666 665
f 647 664 646
f 648 667 666
f 648 666 647
f 649 667 648
f 650 668 667
f 650 669 668
f 650 667 649
f 651 669 650
f 652 670 669
f 652 669 651
f 653 671 670
f 653 670 652
f 654 672 671
f 654 671 653
f 655 673 672
f 655 672 654
f 656 674 673
f 656 673 655
f 657 675 674
f 657 674 656
f 658 675 657
f 658 676 675
f 658 677 676
f 659 677 658
f 660 677 659
f 660 678 677
f 642 678 660
f 642 641 678
f 682 699 681
f 682 700 699
f 683 701 700
f 683 702 701
f 683 700 682
f 684 702 683
f 685 703 702
f 685 704 703
f 685 702 684
f 686 705 704
f 686 704 685
f 687 705 686
f 688 706 705
f 688 707 706
f 688 705 687
f 689 707 688
f 690 708 707
f 690 707 689
f 691 709 708
f 691 708 690
f 692 710 709
f 692 709 691
f 693 711 710
f 693 710 692
f 694 712 711
f 694 711 693
f 695 713 712
f 695 712 694
f 696 713 695
f 696 714 713
f 696 715 714
f 697 715 696
f 698 715 697
f 698 716 715
f 680 716 698
f 680 679 716
f 720 737 719
f 720 738 737
f 721 739 738
f 721 740 739
f 721 738 720
f 722 740 721
f 723 741 740
f 723 742 741
f 723 740 722
f 724 743 742
f 724 742 723
f 725 743 724
f 726 744 743
f 726 745 744
f 726 743 725
f 727 745 726
f 728 746 745
f 728 745 727
f 729 747 746
f 729 746 728
f 730 748 747
f 730 747 729
f 731 749 748
f 731 748 730
f 732 750 749
f 732 749 731
f 733 751 750
f 733 750 732
f 734 751 733
f 734 752 751
f 734 753 752
f 735 753 734
f 736 753 735
f 736 754 753
f 718 754 736
f 718 717 754
f 758 775 757
f 758 776 775
f 759 777 776
f 759 778 777
f 759 776 758
f 760 778 759
f 761 779 778
f 761 780 779
f 761 778 760
f 762 781 780
f 762 780 761
f 763 781 762
f 764 782 781
f 764 783 782
f 764 781 763
f 765 783 764
f 766 784 783
f 766 783 765
f 767 785 784
f 767 784 766
f 768 786 785
f 768 785 767
f 769 787 786
f 769 786 768
f 770 788 787
f 770 787 769
f 771 789 788
f 771 788 770
f 772 789 771
f 772 790 789
f 772 791 790
f 773 791 772
f 774 791 773
f 774 792 791
f 756 792 774
f 756 755 792
f 796 813 795
f 796 814 813
f 797 815 814
f 797 816 815
f 797 814 796
f 798 816 797
f 799 817 816
f 799 818 817
f 799 816 798
f 800 819 818
f 800 818 799
f 801 819 800
f 802 820 819
f 802 821 820
f 802 819 801
f 803 821 802
f 804 822 821
f 804 821 803
f 805 823 822
f 805 822 804
f 806 824 823
f 806 823 805
f 807 825 824
f 807 824 806
f 808 826 825
f 808 825 807
f 809 827 826
f 809 826 808
f 810 827 809
f 810 828 827
f 810 829 828
f 811 829 810
f 812 829 811
f 812 830 829
f 794 830 812
f 794 793 830
f 834 851 833
f 834 852 851
f 835 853 852
f 835 854 853
f 835 852 834
f 836 854 835
f 837 855 854
f 837 856 855
f 837 854 836
f 838 857 856
f 838 856 837
f 839 857 838
f 840 858 857
f 840 859 858
f 840 857 839
f 841 859 840
f 842 860 859
f 842 859 841
f 843 861 860
f 843 860 842
f 844 862 861
f 844 861 843
f 845 863 862
f 845 862 844
f 846 864 863
f 846 863 845
f 847 865 864
f 847 864 846
f 848 865 847
f 848 866 865
f 848 867 866
f 849 867 848
f 850 867 849
f 850 868 867
f 832 868 850
f 832 831 868
f 872 889 871
f 872 890 889
f 873 891 890
f 873 892 891
f 873 890 872
f 874 892 873
f 875 893 892
f 875 894 893
f 875 892 874
f 876 895 894
f 876 894 875
f 877 895 876
f 878 896 895
f 878 897 896
f 878 895 877
f 879 897 878
f 880 898 897
f 880 897 879
f 881 899 898
f 881 898 880
f 882 900 899
f 882 899 881
f 883 901 900
f 883 900 882
f 884 902 901
f 884 901 883
f 885 903 902
f 885 902 884
f 886 903 885
f 886 904 903
f 886 905 904
f 887 905 886
f 888 905 887
f 888 906 905
f 870 906 888
f 870 869 906
f 910 927 909
f 910 928 927
f 911 929 928
f 911 930 929
f 911 928 910
f 912 930 911
f 913 931 930
f 913 932 931
f 913 930 912
f 914 933 932
f 914 932 913
f 915 933 914
f 916 934 933
f 916 935 934
f 916 933 915
f 917 935 916
f 918 936 935
f 918 935 917
f 919 937 936
f 919 936 918
f 920 938 937
f 920 937 919
f 921 939 938
f 921 938 920
f 922 940 939
f 922 939 921
f 923 941 940
f 923 940 922
f 924 941 923
f 924 942 941
f 924 943 942
f 925 943 924
f 926 943 925
f 926 944 943
f 908 944 926
f 908 907 944
f 948 965 947
f 948 966 965
f 949 967 966
f 949 968 967
f 949 966 948
f 950 968 949
f 951 969 968
f 951 970 969
f 951 968 950
f 952 971 970
f 952 970 951
f 953 971 952
f 954 972 971
f 954 973 972
f 954 971 953
f 955 973 954
f 956 974 973
f 956 973 955
f 957 975 974
f 957 974 956
f 958 976 975
f 958 975 957
f 959 977 976
f 959 976 958
f 960 978 977
f 960 977 959
f 961 979 978
f 961 978 960
f 962 979 961
f 962 980 979
f 962 981 980
f 963 981 962
f 964 981 963
f 964 982 981
f 946 982 964
f 946 945 982
f 986 1003 985
f 986 1004 1003
f 987 1005 1004
f 987 1006 1005
f 987 1004 986
f 988 1006 987
f 989 1007 1006
f 989 1008 1007
f 989 1006 988
f 990 1009 1008
f 990 1008 989
f 991 1009 990
f 992 1010 1009
f 992 1011 1010
f 992 1009 991
f 993 1011 992
f 994 1012 1011
f 994 1011 993
f 995 1013 1012
f 995 1012 994
f 996 1014 1013
f 996 1013 995
f 997 1015 1014
f 997 1014 996
f 998 1016 1015
f 998 1015 997
f 999 1017 1016
f 999 1016 998
f 1000 1017 999
f 1000 1018 1017
f 1000 1019 1018
f 1001 1019 1000
f 1002 1019 1001
f 1002 1020 1019
f 984 1020 1002
f 984 983 1020
f 1024 1041 1023
f 1024 1042 1041
f 1025 1043 1042
f 1025 1044 1043
f 1025 1042 1024
f 1026 1044 1025
f 1027 1045 1044
f 1027 1046 1045
f 1027 1044 1026
f 1028 1047 1046
f 1028 1046 1027
f 1029 1047 1028
f 1030 1048 1047
f 1030 1049 1048
f 1030 1047 1029
f 1031 1049 1030
f 1032 1050 1049
f 1032 1049 1031
f 1033 1051 1050
f 1033 1050 1032
f 1034 1052 1051
f 1034 1051 1033
f 1035 1053 1052
f 1035 1052 1034
f 1036 1054 1053
f 1036 1053 1035
f 1037 1055 1054
f 1037 1054 1036
f 1038 1055 1037
f 1038 1056 1055
f 1038 1057 1056
f 1039 1057 1038
f 1040 1057 1039
f 1040 1058 1057
f 1022 1058 1040
f 1022 1021 1058
f 1062 1079 1061
f 1062 1080 1079
f 1063 1081 1080
f 1063 1082 1081
f 1063 1080 1062
f 1064 1082 1063
f 1065 1083 1082
f 1065 1084 1083
f 1065 1082 1064
f 1066 1085 1084
f 1066 1084 1065
f 1067 1085 1066
f 1068 1086 1085
f 1068 1087 1086
f 1068 1085 1067
f 1069 1087 1068
f 1070 1088 1087
f 1070 1087 1069
f 1071 1089 1088
f 1071 1088 1070
f 1072 1090 1089
f 1072 1089 1071
f 1073 1091 1090
f 1073 1090 1072
f 1074 1092 1091
f 1074 1091 1073
f 1075 1093 1092
f 1075 1092 1074
f 1076 1093 1075
f 1076 1094 1093
f 1076 1095 1094
f 1077 1095 1076
f 1078 1095 1077
f 1078 1096 1095
f 1060 1096 1078
f 1060 1059 1096
f 1100 1117 1099
f 1100 1118 1117
f 1101 1119 1118
f 1101 1120 1119
f 1101 1118 1100
f 1102 1120 1101
f 1103 1121 1120
f 1103 1122 1121
f 1103 1120 1102
f 1104 1123 1122
f 1104 1122 1103
f 1105 1123 1104
f 1106 1124 1123
f 1106 1125 1124
f 1106 1123 1105
f 1107 1125 1106
f 1108 1126 1125
f 1108 1125 1107
f 1109 1127 1126
f 1109 1126 1108
f 1110 1128 1127
f 1110 1127 1109
f 1111 1129 1128
f 1111 1128 1110
f 1112 1130 1129
f 1112 1129 1111
f 1113 1131 1130
f 1113 1130 1112
f 1114 1131 1113
f 1114 1132 1131
f 1114 1133 1132
f 1115 1133 1114
f 1116 1133 1115
f 1116 1134 1133
f 1098 1134 1116
f 1098 1097 1134
f 1138 1155 1137
f 1138 1156 1155
f 1139 1157 1156
f 1139 1158 1157
f 1139 1156 1138
f 1140 1158 1139
f 1141 1159 1158
f 1141 1160 1159
f 1141 1158 1140
f 1142 1161 1160
f 1142 1160 1141
f 1143 1161 1142
f 1144 1162 1161
f 1144 1163 1162
f 1144 1161 1143
f 1145 1163 1144
f 1146 1164 1163
f 1146 1163 1145
f 1147 1165 1164
f 1147 1164 1146
f 1148 1166 1165
f 1148 1165 1147
f 1149 1167 1166
f 1149 1166 1148
f 1150 1168 1167
f 1150 1167 1149
f 1151 1169 1168
f 1151 1168 1150
f 1152 1169 1151
f 1152 1170 1169
f 1152 1171 1170
f 1153 1171 1152
f 1154 1171 1153
f 1154 1172 1171
f 1136 1172 1154
f 1136 1135 1172
f 1176 1193 1175
f 1176 1194 1193
f 1177 1195 1194
f 1177 1196 1195
f 1177 1194 1176
f 1178 1196 1177
f 1179 1197 1196
f 1179 1198 1197
f 1179 1196 1178
f 1180 1199 1198
f 1180 1198 1179
f 1181 1199 1180
f 1182 1200 1199
f 1182 1201 1200
f 1182 1199 1181
f 1183 1201 1182
f 1184 1202 1201
f 1184 1201 1183
f 1185 1203 1202
f 1185 1202 1184
f 1186 1204 1203
f 1186 1203 1185
f 1187 1205 1204
f 1187 1204 1186
f 1188 1206 1205
f 1188 1205 1187
f 1189 1207 1206
f 1189 1206 1188
f 1190 1207 1189
f 1190 1208 1207
f 1190 1209 1208
f 1191 1209 1190
f 1192 1209 1191
f 1192 1210 1209
f 1174 1210 1192
f 1174 1173 1210
f 1214 1231 1213
f 1214 1232 1231
f 1215 1233 1232
f 1215 1234 1233
f 1215 1232 1214
f 1216 1234 1215
f 1217 1235 1234
f 1217 1236 1235
f 1217 1234 1216
f 1218 1237 1236
f 1218 1236 1217
f 1219 1237 1218
f 1220 1238 1237
f 1220 1239 1238
f 1220 1237 1219
f 1221 1239 1220
f 1222 1240 1239
f 1222 1239 1221
f 1223 1241 1240
f 1223 1240 1222
f 1224 1242 1241
f 1224 1241 1223
f 1225 1243 1242
f 1225 1242 1224
f 1226 1244 1243
f 1226 1243 1225
f 1227 1245 1244
f 1227 1244 1226
f 1228 1245 1227
f 1228 1246 1245
f 1228 1247 1246
f 1229 1247 1228
f 1230 1247 1229
f 1230 1248 1247
f 1212 1248 1230
f 1212 1211 1248
f 1252 1269 1251
f 1252 1270 1269
f 1253 1271 1270
f 1253 1272 1271
f 1253 1270 1252
f 1254 1272 1253
f 1255 1273 1272
f 1255 1274 1273
f 1255 1272 1254
f 1256 1275 1274
f 1256 1274 1255
f 1257 1275 1256
f 1258 1276 1275
f 1258 1277 1276
f 1258 1275 1257
f 1259 1277 1258
f 1260 1278 1277
f 1260 1277 1259
f 1261 1279 1278
f 1261 1278 1260
f 1262 1280 1279
f 1262 1279 1261
f 1263 1281 1280
f 1263 1280 1262
f 1264 1282 1281
f 1264 1281 1263
f 1265 1283 1282
f 1265 1282 1264
f 1266 1283 1265
f 1266 1284 1283
f 1266 1285 1284
f 1267 1285 1266
f 1268 1285 1267
f 1268 1286 1285
f 1250 1286 1268
f 1250 1249 1286
f 1290 1307 1289
f 1290 1308 1307
f 1291 1309 1308
f 1291 1310 1309
f 1291 1308 1290
f 1292 1310 1291
f 1293 1311 1310
f 1293 1312 1311
f 1293 1310 1292
f 1294 1313 1312
f 1294 1312 1293
f 1295 1313 1294
f 1296 1314 1313
f 1296 1315 1314
f 1296 1313 1295
f 1297 1315 1296
f 1298 1316 1315
f 1298 1315 1297
f 1299 1317 1316
f 1299 1316 1298
f 1300 1318 1317
f 1300 1317 1299
f 1301 1319 1318
f 1301 1318 1300
f 1302 1320 1319
f 1302 1319 1301
f 1303 1321 1320
f 1303 1320 1302
f 1304 1321 1303
f 1304 1322 1321
f 1304 1323 1322
f 1305 1323 1304
f 1306 1323 1305
f 1306 1324 1323
f 1288 1324 1306
f 1288 1287 1324
f 1328 1345 1327
f 1328 1346 1345
f 1329 1347 1346
f 1329 1348 1347
f 1329 1346 1328
f 1330 1348 1329
f 1331 1349 1348
f 1331 1350 1349
f 1331 1348 1330
f 1332 1351 1350
f 1332 1350 1331
f 1333 1351 1332
f 1334 1352 1351
f 1334 1353 1352
f 1334 1351 1333
f 1335 1353 1334
f 1336 1354 1353
f 1336 1353 1335
f 1337 1355 1354
f 1337 1354 1336
f 1338 1356 1355
f 1338 1355 1337
f 1339 1357 1356
f 1339 1356 1338
f 1340 1358 1357
f 1340 1357 1339
f 1341 1359 1358
f 1341 1358 1340
f 1342 1359 1341
f 1342 1360 1359
f 1342 1361 1360
f 1343 1361 1342
f 1344 1361 1343
f 1344 1362 1361
f 1326 1362 1344
f 1326 1325 1362
f 1364 1382 1363
f 1364 1383 1382
f 1364 1384 1383
f 1365 1384 1364
f 1366 1385 1384
f 1366 1384 1365
f 1367 1386 1385
f 1367 1385 1366
f 1368 1387 1386
f 1368 1386 1367
f 1369 1388 1387
f 1369 1387 1368
f 1370 1389 1388
f 1370 1390 1389
f 1370 1388 1369
f 1371 1390 1370
f 1372 1391 1390
f 1372 1392 1391
f 1372 1390 1371
f 1373 1392 1372
f 1374 1393 1392
f 1374 1392 1373
f 1375 1394 1393
f 1375 1395 1394
f 1375 1393 1374
f 1376 1395 1375
f 1377 1396 1395
f 1377 1397 1396
f 1377 1395 1376
f 1378 1397 1377
f 1379 1397 1378
f 1379 1398 1397
f 1380 1398 1379
f 1380 1399 1398
f 1380 1400 1399
f 1381 1400 1380
f 1402 1420 1401
f 1402 1421 1420
f 1402 1422 1421
f 1403 1422 1402
f 1404 1423 1422
f 1404 1422 1403
f 1405 1424 1423
f 1405 1423 1404
f 1406 1425 1424
f 1406 1424 1405
f 1407 1426 1425
f 1407 1425 1406
f 1408 1427 1426
f 1408 1428 1427
f 1408 1426 1407
f 1409 1428 1408
f 1410 1429 1428
f 1410 1430 1429
f 1410 1428 1409
f 1411 1430 1410
f 1412 1431 1430
f 1412 1430 1411
f 1413 1432 1431
f 1413 1433 1432
f 1413 1431 1412
f 1414 1433 1413
f 1415 1434 1433
f 1415 1435 1434
f 1415 1433 1414
f 1416 1435 1415
f 1417 1435 1416
f 1417 1436 1435
f 1418 1436 1417
f 1418 1437 1436
f 1418 1438 1437
f 1419 1438 1418
f 1440 1458 1439
f 1440 1459 1458
f 1440 1460 1459
f 1441 1460 1440
f 1442 1461 1460
f 1442 1460 1441
f 1443 1462 1461
f 1443 1461 1442
f 1444 1463 1462
f 1444 1462 1443
f 1445 1464 1463
f 1445 1463 1444
f 1446 1465 1464
f 1446 1466 1465
f 1446 1464 1445
f 1447 1466 1446
f 1448 1467 1466
f 1448 1468 1467
f 1448 1466 1447
f 1449 1468 1448
f 1450 1469 1468
f 1450 1468 1449
f 1451 1470 1469
f 1451 1471 1470
f 1451 1469 1450
f 1452 1471 1451
f 1453 1472 1471
f 1453 1473 1472
f 1453 1471 1452
f 1454 1473 1453
f 1455 1473 1454
f 1455 1474 1473
f 1456 1474 1455
f 1456 1475 1474
f 1456 1476 1475
f 1457 1476 1456
f 1478 1496 1477
f 1478 1497 1496
f 1478 1498 1497
f 1479 1498 1478
f 1480 1499 1498
f 1480 1498 1479
f 1481 1500 1499
f 1481 1499 1480
f 1482 1501 1500
f 1482 1500 1481
f 1483 1502 1501
f 1483 1501 1482
f 1484 1503 1502
f 1484 1504 1503
f 1484 1502 1483
f 1485 1504 1484
f 1486 1505 1504
f 1486 1506 1505
f 1486 1504 1485
f 1487 1506 1486
f 1488 1507 1506
f 1488 1506 1487
f 1489 1508 1507
f 1489 1509 1508
f 1489 1507 1488
f 1490 1509 1489
f 1491 1510 1509
f 1491 1511 1510
f 1491 1509 1490
f 1492 1511 1491
f 1493 1511 1492
f 1493 1512 1511
f 1494 1512 1493
f 1494 1513 1512
f 1494 1514 1513
f 1495 1514 1494
f 1516 1534 1515
f 1516 1535 1534
f 1516 1536 1535
f 1517 1536 1516
f 1518 1537 1536
f 1518 1536 1517
f 1519 1538 1537
f 1519 1537 1518
f 1520 1539 1538
f 1520 1538 1519
f 1521 1540 1539
f 1521 1539 1520
f 1522 1541 1540
f 1522 1542 1541
f 1522 1540 1521
f 1523 1542 1522
f 1524 1543 1542
f 1524 1544 1543
f 1524 1542 1523
f 1525 1544 1524
f 1526 1545 1544
f 1526 1544 1525
f 1527 1546 1545
f 1527 1547 1546
f 1527 1545 1526
f 1528 1547 1527
f 1529 1548 1547
f 1529 1549 1548
f 1529 1547 1528
f 1530 1549 1529
f 1531 1549 1530
f 1531 1550 1549
f 1532 1550 1531
f 1532 1551 1550
f 1532 1552 1551
f 1533 1552 1532
f 1554 1572 1553
f 1554 1573 1572
f 1554 1574 1573
f 1555 1574 1554
f 1556 1575 1574
f 1556 1574 1555
f 1557 1576 1575
f 1557 1575 1556
f 1558 1577 1576
f 1558 1576 1557
f 1559 1578 1577
f 1559 1577 1558
f 1560 1579 1578
f 1560 1580 1579
f 1560 1578 1559
f 1561 1580 1560
f 1562 1581 1580
f 1562 1582 1581
f 1562 1580 1561
f 1563 1582 1562
f 1564 1583 1582
f 1564 1582 1563
f 1565 1584 1583
f 1565 1585 1584
f 1565 1583 1564
f 1566 1585 1565
f 1567 1586 1585
f 1567 1587 1586
f 1567 1585 1566
f 1568 1587 1567
f 1569 1587 1568
f 1569 1588 1587
f 1570 1588 1569
f 1570 1589 1588
f 1570 1590 1589
f 1571 1590 1570
f 1592 1610 1591
f 1592 1611 1610
f 1592 1612 1611
f 1593 1612 1592
f 1594 1613 1612
f 1594 1612 1593
f 1595 1614 1613
f 1595 1613 1594
f 1596 1615 1614
f 1596 1614 1595
f 1597 1616 1615
f 1597 1615 1596
f 1598 1617 1616
f 1598 1618 1617
f 1598 1616 1597
f 1599 1618 1598
f 1600 1619 1618
f 1600 1620 1619
f 1600 1618 1599
f 1601 1620 1600
f 1602 1621 1620
f 1602 1620 1601
f 1603 1622 1621
f 1603 1623 1622
f 1603 1621 1602
f 1604 1623 1603
f 1605 1624 1623
f 1605 1625 1624
f 1605 1623 1604
f 1606 1625 1605
f 1607 1625 1606
f 1607 1626 1625
f 1608 1626 1607
f 1608 1627 1626
f 1608 1628 1627
f 1609 1628 1608
f 1630 1648 1629
f 1630 1649 1648
f 1630 1650 1649
f 1631 1650 1630
f 1632 1651 1650
f 1632 1650 1631
f 1633 1652 1651
f 1633 1651 1632
f 1634 1653 1652
f 1634 1652 1633
f 1635 1654 1653
f 1635 1653 1634
f 1636 1655 1654
f 1636 1656 1655
f 1636 1654 1635
f 1637 1656 1636
f 1638 1657 1656
f 1638 1658 1657
f 1638 1656 1637
f 1639 1658 1638
f 1640 1659 1658
f 1640 1658 1639
f 1641 1660 1659
f 1641 1661 1660
f 1641 1659 1640
f 1642 1661 1641
f 1643 1662 1661
f 1643 1663 1662
f 1643 1661 1642
f 1644 1663 1643
f 1645 1663 1644
f 1645 1664 1663
f 1646 1664 1645
f 1646 1665 1664
f 1646 1666 1665
f 1647 1666 1646
f 1668 1686 1667
f 1668 1687 1686
f 1668 1688 1687
f 1669 1688 1668
f 1670 1689 1688
f 1670 1688 1669
f 1671 1690 1689
f 1671 1689 1670
f 1672 1691 1690
f 1672 1690 1671
f 1673 1692 1691
f 1673 1691 1672
f 1674 1693 1692
f 1674 1694 1693
f 1674 1692 1673
f 1675 1694 1674
f 1676 1695 1694
f 1676 1696 1695
f 1676 1694 1675
f 1677 1696 1676
f 1678 1697 1696
f 1678 1696 1677
f 1679 1698 1697
f 1679 1699 1698
f 1679 1697 1678
f 1680 1699 1679
f 1681 1700 1699
f 1681 1701 1700
f 1681 1699 1680
f 1682 1701 1681
f 1683 1701 1682
f 1683 1702 1701
f 1684 1702 1683
f 1684 1703 1702
f 1684 1704 1703
f 1685 1704 1684
f 1706 1724 1705
f 1706 1725 1724
f 1706 1726 1725
f 1707 1726 1706
f 1708 1727 1726
f 1708 1726 1707
f 1709 1728 1727
f 1709 1727 1708
f 1710 1729 1728
f 1710 1728 1709
f 1711 1730 1729
f 1711 1729 1710
f 1712 1731 1730
f 1712 1732 1731
f 1712 1730 1711
f 1713 1732 1712
f 1714 1733 1732
f 1714 1734 1733
f 1714 1732 1713
f 1715 1734 1714
f 1716 1735 1734
f 1716 1734 1715
f 1717 1736 1735
f 1717 1737 1736
f 1717 1735 1716
f 1718 1737 1717
f 1719 1738 1737
f 1719 1739 1738
f 1719 1737 1718
f 1720 1739 1719
f 1721 1739 1720
f 1721 1740 1739
f 1722 1740 1721
f 1722 1741 1740
f 1722 1742 1741
f 1723 1742 1722
f 1744 1762 1743
f 1744 1763 1762
f 1744 1764 1763
f 1745 1764 1744
f 1746 1765 1764
f 1746 1764 1745
f 1747 1766 1765
f 1747 1765 1746
f 1748 1767 1766
f 1748 1766 1747
f 1749 1768 1767
f 1749 1767 1748
f 1750 1769 1768
f 1750 1770 1769
f 1750 1768 1749
f 1751 1770 1750
f 1752 1771 1770
f 1752 1772 1771
f 1752 1770 1751
f 1753 1772 1752
f 1754 1773 1772
f 1754 1772 1753
f 1755 1774 1773
f 1755 1775 1774
f 1755 1773 1754
f 1756 1775 1755
f 1757 1776 1775
f 1757 1777 1776
f 1757 1775 1756
f 1758 1777 1757
f 1759 1777 1758
f 1759 1778 1777
f 1760 1778 1759
f 1760 1779 1778
f 1760 1780 1779
f 1761 1780 1760
f 1782 1800 1781
f 1782 1801 1800
f 1782 1802 1801
f 1783 1802 1782
f 1784 1803 1802
f 1784 1802 1783
f 1785 1804 1803
f 1785 1803 1784
f 1786 1805 1804
f 1786 1804 1785
f 1787 1806 1805
f 1787 1805 1786
f 1788 1807 1806
f 1788 1808 1807
f 1788 1806 1787
f 1789 1808 1788
f 1790 1809 1808
f 1790 1810 1809
f 1790 1808 1789
f 1791 1810 1790
f 1792 1811 1810
f 1792 1810 1791
f 1793 1812 1811
f 1793 1813 1812
f 1793 1811 1792
f 1794 1813 1793
f 1795 1814 1813
f 1795 1815 1814
f 1795 1813 1794
f 1796 1815 1795
f 1797 1815 1796
f 1797 1816 1815
f 1798 1816 1797
f 1798 1817 1816
f 1798 1818 1817
f 1799 1818 1798
f 1820 1838 1819
f 1820 1839 1838
f 1820 1840 1839
f 1821 1840 1820
f 1822 1841 1840
f 1822 1840 1821
f 1823 1842 1841
f 1823 1841 1822
f 1824 1843 1842
f 1824 1842 1823
f 1825 1844 1843
f 1825 1843 1824
f 1826 1845 1844
f 1826 1846 1845
f 1826 1844 1825
f 1827 1846 1826
f 1828 1847 1846
f 1828 1848 1847
f 1828 1846 1827
f 1829 1848 1828
f 1830 1849 1848
f 1830 1848 1829
f 1831 1850 1849
f 1831 1851 1850
f 1831 1849 1830
f 1832 1851 1831
f 1833 1852 1851
f 1833 1853 1852
f 1833 1851 1832
f 1834 1853 1833
f 1835 1853 1834
f 1835 1854 1853
f 1836 1854 1835
f 1836 1855 1854
f 1836 1856 1855
f 1837 1856 1836
f 1858 1876 1857
f 1858 1877 1876
f 1858 1878 1877
f 1859 1878 1858
f 1860 1879 1878
f 1860 1878 1859
f 1861 1880 1879
f 1861 1879 1860
f 1862 1881 1880
f 1862 1880 1861
f 1863 1882 1881
f 1863 1881 1862
f 1864 1883 1882
f 1864 1884 1883
f 1864 1882 1863
f 1865 1884 1864
f 1866 1885 1884
f 1866 1886 1885
f 1866 1884 1865
f 1867 1886 1866
f 1868 1887 1886
f 1868 1886 1867
f 1869 1888 1887
f 1869 1889 1888
f 1869 1887 1868
f 1870 1889 1869
f 1871 1890 1889
f 1871 1891 1890
f 1871 1889 1870
f 1872 1891 1871
f 1873 1891 1872
f 1873 1892 1891
f 1874 1892 1873
f 1874 1893 1892
f 1874 1894 1893
f 1875 1894 1874
f 1896 1914 1895
f 1896 1915 1914
f 1896 1916 1915
f 1897 1916 1896
f 1898 1917 1916
f 1898 1916 1897
f 1899 1918 1917
f 1899 1917 1898
f 1900 1919 1918
f 1900 1918 1899
f 1901 1920 1919
f 1901 1919 1900
f 1902 1921 1920
f 1902 1922 1921
f 1902 1920 1901
f 1903 1922 1902
f 1904 1923 1922
f 1904 1924 1923
f 1904 1922 1903
f 1905 1924 1904
f 1906 1925 1924
f 1906 1924 1905
f 1907 1926 1925
f 1907 1927 1926
f 1907 1925 1906
f 1908 1927 1907
f 1909 1928 1927
f 1909 1929 1928
f 1909 1927 1908
f 1910 1929 1909
f 1911 1929 1910
f 1911 1930 1929
f 1912 1930 1911
f 1912 1931 1930
f 1912 1932 1931
f 1913 1932 1912
f 1934 1952 1933
f 1934 1953 1952
f 1934 1954 1953
f 1935 1954 1934
f 1936 1955 1954
f 1936 1954 1935
f 1937 1956 1955
f 1937 1955 1936
f 1938 1957 1956
f 1938 1956 1937
f 1939 1958 1957
f 1939 1957 1938
f 1940 1959 1958
f 1940 1960 1959
f 1940 1958 1939
f 1941 1960 1940
f 1942 1961 1960
f 1942 1962 1961
f 1942 1960 1941
f 1943 1962 1942
f 1944 1963 1962
f 1944 1962 1943
f 1945 1964 1963
f 1945 1965 1964
f 1945 1963 1944
f 1946 1965 1945
f 1947 1966 1965
f 1947 1967 1966
f 1947 1965 1946
f 1948 1967 1947
f 1949 1967 1948
f 1949 1968 1967
f 1950 1968 1949
f 1950 1969 1968
f 1950 1970 1969
f 1951 1970 1950
f 1972 1990 1971
f 1972 1991 1990
f 1972 1992 1991
f 1973 1992 1972
f 1974 1993 1992
f 1974 1992 1973
f 1975 1994 1993
f 1975 1993 1974
f 1976 1995 1994
f 1976 1994 1975
f 1977 1996 1995
f 1977 1995 1976
f 1978 1997 1996
f 1978 1998 1997
f 1978 1996 1977
f 1979 1998 1978
f 1980 1999 1998
f 1980 2000 1999
f 1980 1998 1979
f 1981 2000 1980
f 1982 2001 2000
f 1982 2000 1981
f 1983 2002 2001
f 1983 2003 2002
f 1983 2001 1982
f 1984 2003 1983
f 1985 2004 2003
f 1985 2005 2004
f 1985 2003 1984
f 1986 2005 1985
f 1987 2005 1986
f 1987 2006 2005
f 1988 2006 1987
f 1988 2007 2006
f 1988 2008 2007
f 1989 2008 1988
f 2010 2028 2009
f 2010 2029 2028
f 2010 2030 2029
f 2011 2030 2010
f 2012 2031 2030
f 2012 2030 2011
f 2013 2032 2031
f 2013 2031 2012
f 2014 2033 2032
f 2014 2032 2013
f 2015 2034 2033
f 2015 2033 2014
f 2016 2035 2034
f 2016 2036 2035
f 2016 2034 2015
f 2017 2036 2016
f 2018 2037 2036
f 2018 2038 2037
f 2018 2036 2017
f 2019 2038 2018
f 2020 2039 2038
f 2020 2038 2019
f 2021 2040 2039
f 2021 2041 2040
f 2021 2039 2020
f 2022 2041 2021
f 2023 2042 2041
f 2023 2043 2042
f 2023 2041 2022
f 2024 2043 2023
f 2025 2043 2024
f 2025 2044 2043
f 2026 2044 2025
f 2026 2045 2044
f 2026 2046 2045
f 2027 2046 2026
f 2048 2066 2047
f 2048 2067 2066
f 2048 2068 2067
f 2049 2068 2048
f 2050 2069 2068
f 2050 2068 2049
f 2051 2070 2069
f 2051 2069 2050
f 2052 2071 2070
f 2052 2070 2051
f 2053 2072 2071
f 2053 2071 2052
f 2054 2073 2072
f 2054 2074 2073
f 2054 2072 2053
f 2055 2074 2054
f 2056 2075 2074
f 2056 2076 2075
f 2056 2074 2055
f 2057 2076 2056
f 2058 2077 2076
f 2058 2076 2057
f 2059 2078 2077
f 2059 2079 2078
f 2059 2077 2058
f 2060 2079 2059
f 2061 2080 2079
f 2061 2081 2080
f 2061 2079 2060
f 2062 2081 2061
f 2063 2081 2062
f 2063 2082 2081
f 2064 2082 2063
f 2064 2083 2082
f 2064 2084 2083
f 2065 2084 2064
f 2086 2104 2085
f 2086 2105 2104
f 2086 2106 2105
f 2087 2106 2086
f 2088 2107 2106
f 2088 2106 2087
f 2089 2108 2107
f 2089 2107 2088
f 2090 2109 2108
f 2090 2108 2089
f 2091 2110 2109
f 2091 2109 2090
f 2092 2111 2110
f 2092 2112 2111
f 2092 2110 2091
f 2093 2112 2092
f 2094 2113 2112
f 2094 2114 2113
f 2094 2112 2093
f 2095 2114 2094
f 2096 2115 2114
f 2096 2114 2095
f 2097 2116 2115
f 2097 2117 2116
f 2097 2115 2096
f 2098 2117 2097
f 2099 2118 2117
f 2099 2119 2118
f 2099 2117 2098
f 2100 2119 2099
f 2101 2119 2100
f 2101 2120 2119
f 2102 2120 2101
f 2102 2121 2120
f 2102 2122 2121
f 2103 2122 2102
f 2124 2123 2125
f 2134 2125 2126
f 2134 2124 2125
f 2133 2126 2127
f 2133 2134 2126
f 2132 2127 2128
f 2132 2133 2127
f 2131 2128 2129
f 2131 2132 2128
f 2130 2131 2129
f 2137 2136 2138
f 2135 2136 2137
f 2158 2159 2160
f 2157 2160 2161
f 2157 2158 2160
f 2156 2161 2162
f 2156 2157 2161
f 2155 2162 2163
f 2155 2156 2162
f 2154 2163 2164
f 2154 2155 2163
f 2153 2164 2165
f 2153 2154 2164
f 2152 2165 2166
f 2152 2153 2165
f 2151 2166 2167
f 2151 2152 2166
f 2150 2151 2167
f 2149 2167 2168
f 2149 2168 2169
f 2149 2150 2167
f 2148 2169 2170
f 2148 2149 2169
f 2147 2170 2171
f 2147 2148 2170
f 2146 2171 2172
f 2146 2147 2171
f 2145 2172 2173
f 2145 2146 2172
f 2144 2173 2174
f 2144 2145 2173
f 2143 2144 2174
f 2143 2174 2175
f 2142 2143 2175
f 2141 2142 2175
f 2141 2175 2176
f 2141 2176 2139
f 2140 2141 2139
f 2180 2179 2177
f 2178 2180 2177
f 2261 2211 2212
f 2261 2212 2262
f 2370 2217 2218
f 2369 2217 2370
f 2263 2262 2212
f 2260 2211 2261
f 2371 2370 2218
f 2368 2217 2369
f 2264 2212 2213
f 2264 2263 2212
f 2259 2211 2260
f 2372 2371 2218
f 2367 2217 2368
f 2367 2216 2217
f 2265 2264 2213
f 2258 2211 2259
f 2373 2372 2218
f 2366 2216 2367
f 2219 2373 2218
f 2210 2211 2258
f 2266 2213 2214
f 2266 2265 2213
f 2257 2210 2258
f 2374 2373 2219
f 2365 2215 2216
f 2365 2216 2366
f 2267 2266 2214
f 2267 2214 2215
f 2256 2210 2257
f 2375 2374 2219
f 2364 2267 2215
f 2364 2215 2365
f 2268 2267 2364
f 2363 2268 2364
f 2209 2210 2256
f 2209 2256 2255
f 2220 2375 2219
f 2220 2376 2375
f 2269 2268 2363
f 2254 2209 2255
f 2377 2376 2220
f 2362 2269 2363
f 2270 2269 2362
f 2253 2209 2254
f 2378 2377 2220
f 2361 2270 2362
f 2208 2209 2253
f 2271 2270 2361
f 2252 2208 2253
f 2360 2271 2361
f 2221 2378 2220
f 2221 2379 2378
f 2251 2208 2252
f 2380 2379 2221
f 2359 2271 2360
f 2359 2272 2271
f 2273 2272 2359
f 2381 2380 2221
f 2358 2273 2359
f 2207 2208 2251
f 2207 2251 2250
f 2274 2273 2358
f 2249 2207 2250
f 2357 2274 2358
f 2239 2274 2357
f 2356 2239 2357
f 2222 2347 2382
f 2222 2381 2221
f 2222 2382 2381
f 2206 2207 2249
f 2206 2248 2247
f 2206 2249 2248
f 2223 2347 2222
f 2223 2348 2347
f 2205 2206 2247
f 2205 2247 2246
f 2224 2348 2223
f 2297 2243 2298
f 2297 2244 2243
f 2334 2351 2350
f 2333 2352 2351
f 2333 2351 2334
f 2299 2298 2243
f 2299 2243 2242
f 2296 2244 2297
f 2296 2245 2244
f 2335 2334 2350
f 2335 2350 2349
f 2332 2352 2333
f 2332 2353 2352
f 2295 2205 2246
f 2295 2246 2245
f 2295 2245 2296
f 2300 2299 2242
f 2300 2242 2241
f 2336 2335 2349
f 2331 2354 2353
f 2331 2353 2332
f 2301 2241 2240
f 2301 2300 2241
f 2294 2204 2205
f 2294 2205 2295
f 2337 2349 2348
f 2337 2348 2224
f 2337 2336 2349
f 2330 2355 2354
f 2330 2356 2355
f 2330 2354 2331
f 2302 2240 2239
f 2302 2301 2240
f 2293 2204 2294
f 2329 2239 2356
f 2329 2302 2239
f 2329 2356 2330
f 2338 2337 2224
f 2338 2224 2225
f 2292 2203 2204
f 2292 2204 2293
f 2339 2338 2225
f 2328 2302 2329
f 2328 2303 2302
f 2304 2303 2328
f 2291 2203 2292
f 2340 2339 2225
f 2327 2304 2328
f 2290 2203 2291
f 2290 2202 2203
f 2326 2305 2304
f 2326 2304 2327
f 2226 2340 2225
f 2226 2341 2340
f 2289 2202 2290
f 2342 2341 2226
f 2325 2306 2305
f 2325 2305 2326
f 2288 2201 2202
f 2288 2202 2289
f 2343 2342 2226
f 2324 2307 2306
f 2324 2306 2325
f 2287 2201 2288
f 2323 2308 2307
f 2323 2307 2324
f 2227 2343 2226
f 2227 2344 2343
f 2345 2344 2227
f 2322 2309 2308
f 2322 2308 2323
f 2346 2345 2227
f 2228 2346 2227
f 2228 2311 2346
f 2312 2311 2228
f 3162 2286 2285
f 3162 3161 2286
f 3160 2287 2286
f 3160 2286 3161
f 3163 3162 2285
f 2229 2312 2228
f 2229 2313 2312
f 2229 2314 2313
f 2229 2315 2314
f 3164 3163 2285
f 3159 2287 3160
f 3159 2201 2287
f 3165 2285 2284
f 3165 3164 2285
f 3158 2200 2201
f 3158 2201 3159
f 3157 2200 3158
f 3166 3165 2284
f 3167 2284 2283
f 3167 3166 2284
f 3156 2200 3157
f 3168 3167 2283
f 3155 2200 3156
f 3169 3168 2283
f 3154 2200 3155
f 3170 2283 2282
f 3170 3169 2283
f 3153 2200 3154
f 3171 3170 2282
f 3172 2282 2281
f 3172 3171 2282
f 3173 3172 2281
f 2230 2315 2229
f 2230 2316 2315
f 2230 2317 2316
f 2231 2317 2230
f 2231 2318 2317
f 2231 2319 2318
f 2232 2320 2319
f 2232 2321 2320
f 2232 2319 2231
f 2233 2321 2232
f 2233 2310 2309
f 2233 2322 2321
f 2233 2309 2322
f 2234 2275 2310
f 2234 2310 2233
f 2234 2276 2275
f 2235 2276 2234
f 2235 2277 2276
f 2235 2278 2277
f 3125 3153 3152
f 3125 2200 3153
f 3125 3152 3126
f 3127 3152 3151
f 3127 3126 3152
f 3124 2200 3125
f 2236 2278 2235
f 2236 2279 2278
f 2236 2280 2279
f 3128 3127 3151
f 3128 3150 3149
f 3128 3151 3150
f 3123 2200 3124
f 3122 2200 3123
f 3129 3149 3148
f 3129 3128 3149
f 3130 3148 3147
f 3130 3129 3148
f 3121 2200 3122
f 3131 3130 3147
f 3120 2200 3121
f 3132 3146 3145
f 3132 3147 3146
f 3132 3131 3147
f 3119 2200 3120
f 3133 3132 3145
f 3134 3145 3144
f 3134 3133 3145
f 3135 3134 3144
f 3135 3144 3143
f 2237 2280 2236
f 2237 3173 2281
f 2237 3174 3173
f 2237 2281 2280
f 2238 3104 3103
f 2238 3105 3104
f 2238 3135 3143
f 2238 3136 3135
f 2238 3137 3136
f 2238 3138 3137
f 2238 3103 3138
f 2238 3140 3139
f 2238 3141 3140
f 2238 3142 3141
f 2238 3143 3142
f 2238 3174 2237
f 2238 3139 3174
f 3089 3118 3117
f 3090 3117 3116
f 3090 3089 3117
f 3091 3116 3115
f 3091 3090 3116
f 3088 3118 3089
f 3087 3119 3118
f 3087 2200 3119
f 3087 3118 3088
f 3092 3115 3114
f 3092 3091 3115
f 3086 2200 3087
f 3093 3113 3112
f 3093 3114 3113
f 3093 3092 3114
f 3094 3112 3111
f 3094 3093 3112
f 3085 2200 3086
f 3084 2200 3085
f 3095 3094 3111
f 3095 3111 3110
f 3096 3095 3110
f 3097 3110 3109
f 3097 3096 3110
f 3098 3109 3108
f 3098 3097 3109
f 3099 3098 3108
f 3099 3108 3107
f 3100 3107 3106
f 3100 3099 3107
f 3101 3106 3105
f 3101 3100 3106
f 3101 3105 2238
f 3102 3101 2238
f 3067 3102 2238
f 3068 3067 2238
f 3053 3082 3081
f 3054 3053 3081
f 3054 3081 3080
f 3052 3082 3053
f 3055 3054 3080
f 3055 3080 3079
f 3051 3082 3052
f 3051 3083 3082
f 3051 3084 3083
f 3056 3055 3079
f 3056 3078 3077
f 3056 3079 3078
f 3050 2200 3084
f 3050 3084 3051
f 3057 3056 3077
f 3049 2200 3050
f 3058 3057 3077
f 3058 3076 3075
f 3058 3077 3076
f 3059 3058 3075
f 3060 3059 3075
f 3060 3074 3073
f 3060 3075 3074
f 3061 3060 3073
f 3062 3061 3073
f 3062 3072 3071
f 3062 3073 3072
f 3063 3071 3070
f 3063 3062 3071
f 3064 3070 3069
f 3064 3063 3070
f 3065 3064 3069
f 3065 3069 3068
f 3066 3068 2238
f 3066 3065 3068
f 3031 3066 2238
f 3018 3045 3044
f 3018 3017 3045
f 3019 3018 3044
f 3019 3044 3043
f 3016 3046 3045
f 3016 3045 3017
f 3020 3019 3043
f 3020 3042 3041
f 3020 3043 3042
f 3015 3047 3046
f 3015 3048 3047
f 3015 3046 3016
f 3021 3020 3041
f 3021 3041 3040
f 3014 3048 3015
f 3014 3049 3048
f 3022 3021 3040
f 3013 3049 3014
f 3013 2200 3049
f 3023 3040 3039
f 3023 3022 3040
f 3024 3039 3038
f 3024 3023 3039
f 3025 3024 3038
f 3025 3038 3037
f 3026 3025 3037
f 3026 3036 3035
f 3026 3037 3036
f 3027 3026 3035
f 3028 3027 3035
f 3028 3035 3034
f 3029 3033 3032
f 3029 3034 3033
f 3029 3028 3034
f 3030 3029 3032
f 2995 3031 2238
f 2995 3030 3032
f 2995 3032 3031
f 2981 3009 3008
f 2981 3008 2982
f 2980 3010 3009
f 2980 3009 2981
f 2983 3008 3007
f 2983 2982 3008
f 2984 3007 3006
f 2984 2983 3007
f 2979 3011 3010
f 2979 3012 3011
f 2979 3010 2980
f 2985 2984 3006
f 2985 3005 3004
f 2985 3006 3005
f 2978 3012 2979
f 2978 3013 3012
f 2977 3013 2978
f 2977 2200 3013
f 2986 2985 3004
f 2987 3004 3003
f 2987 2986 3004
f 2988 3003 3002
f 2988 2987 3003
f 2989 3001 3000
f 2989 3002 3001
f 2989 2988 3002
f 2990 2989 3000
f 2991 2999 2998
f 2991 3000 2999
f 2991 2990 3000
f 2992 2998 2997
f 2992 2991 2998
f 2993 2997 2996
f 2993 2992 2997
f 2994 2993 2996
f 2959 2996 2995
f 2959 2994 2996
f 2959 2995 2238
f 2946 2972 2971
f 2946 2973 2972
f 2946 2945 2973
f 2947 2946 2971
f 2944 2974 2973
f 2944 2973 2945
f 2943 2974 2944
f 2943 2975 2974
f 2943 2976 2975
f 2948 2947 2971
f 2948 2970 2969
f 2948 2971 2970
f 2942 2977 2976
f 2942 2976 2943
f 2949 2948 2969
f 2941 2200 2977
f 2941 2977 2942
f 2950 2949 2969
f 2950 2968 2967
f 2950 2969 2968
f 2951 2950 2967
f 2952 2966 2965
f 2952 2967 2966
f 2952 2951 2967
f 2953 2952 2965
f 2954 2953 2965
f 2954 2964 2963
f 2954 2965 2964
f 2955 2954 2963
f 2956 2963 2962
f 2956 2955 2963
f 2957 2956 2962
f 2957 2961 2960
f 2957 2962 2961
f 2958 2957 2960
f 2958 2960 2959
f 2923 2958 2959
f 2923 2959 2238
f 2910 2937 2936
f 2909 2937 2910
f 2909 2938 2937
f 2908 2938 2909
f 2911 2910 2936
f 2911 2936 2935
f 2907 2939 2938
f 2907 2940 2939
f 2907 2938 2908
f 2912 2935 2934
f 2912 2911 2935
f 2906 2940 2907
f 2913 2912 2934
f 2913 2934 2933
f 2905 2941 2940
f 2905 2940 2906
f 2914 2933 2932
f 2914 2913 2933
f 2915 2931 2930
f 2915 2932 2931
f 2915 2914 2932
f 2916 2915 2930
f 2917 2930 2929
f 2917 2916 2930
f 2918 2929 2928
f 2918 2917 2929
f 2919 2918 2928
f 2919 2928 2927
f 2920 2927 2926
f 2920 2919 2927
f 2921 2920 2926
f 2921 2925 2924
f 2921 2926 2925
f 2922 2924 2923
f 2922 2921 2924
f 2887 2922 2923
f 2874 2900 2899
f 2873 2901 2900
f 2873 2902 2901
f 2873 2900 2874
f 2872 2902 2873
f 2875 2874 2899
f 2871 2903 2902
f 2871 2904 2903
f 2871 2902 2872
f 2876 2875 2899
f 2876 2899 2898
f 2870 2904 2871
f 2877 2898 2897
f 2877 2876 2898
f 2878 2896 2895
f 2878 2897 2896
f 2878 2877 2897
f 2869 2905 2904
f 2869 2904 2870
f 2879 2878 2895
f 2880 2894 2893
f 2880 2895 2894
f 2880 2879 2895
f 2881 2880 2893
f 2882 2893 2892
f 2882 2881 2893
f 2883 2891 2890
f 2883 2892 2891
f 2883 2882 2892
f 2884 2883 2890
f 2885 2890 2889
f 2885 2884 2890
f 2886 2889 2888
f 2886 2885 2889
f 2851 2888 2887
f 2851 2886 2888
f 2838 2837 2865
f 2838 2865 2864
f 2836 2865 2837
f 2836 2866 2865
f 2839 2838 2864
f 2839 2864 2863
f 2835 2867 2866
f 2835 2868 2867
f 2835 2866 2836
f 2840 2863 2862
f 2840 2839 2863
f 2834 2868 2835
f 2841 2862 2861
f 2841 2840 2862
f 2833 2869 2868
f 2833 2868 2834
f 2842 2841 2861
f 2842 2861 2860
f 2843 2842 2860
f 2843 2860 2859
f 2844 2843 2859
f 2844 2859 2858
f 2845 2844 2858
f 2845 2857 2856
f 2845 2858 2857
f 2846 2845 2856
f 2847 2846 2856
f 2847 2855 2854
f 2847 2856 2855
f 2848 2847 2854
f 2849 2848 2854
f 2849 2854 2853
f 2850 2849 2853
f 2850 2852 2851
f 2850 2853 2852
f 2815 2850 2851
f 2801 2830 2829
f 2802 2801 2829
f 2802 2829 2828
f 2800 2830 2801
f 2800 2831 2830
f 2803 2828 2827
f 2803 2802 2828
f 2804 2803 2827
f 2804 2827 2826
f 2799 2831 2800
f 2798 2832 2831
f 2798 2833 2832
f 2798 2831 2799
f 2805 2825 2824
f 2805 2826 2825
f 2805 2804 2826
f 2797 2833 2798
f 2806 2805 2824
f 2807 2824 2823
f 2807 2806 2824
f 2808 2822 2821
f 2808 2823 2822
f 2808 2807 2823
f 2809 2821 2820
f 2809 2808 2821
f 2810 2820 2819
f 2810 2809 2820
f 2811 2819 2818
f 2811 2810 2819
f 2812 2818 2817
f 2812 2811 2818
f 2813 2812 2817
f 2814 2813 2817
f 2814 2816 2815
f 2814 2817 2816
f 2779 2814 2815
f 2765 2794 2793
f 2766 2793 2792
f 2766 2765 2793
f 2764 2795 2794
f 2764 2794 2765
f 2767 2792 2791
f 2767 2766 2792
f 2763 2795 2764
f 2768 2791 2790
f 2768 2767 2791
f 2762 2796 2795
f 2762 2795 2763
f 2769 2789 2788
f 2769 2790 2789
f 2769 2768 2790
f 2770 2769 2788
f 2761 2797 2796
f 2761 2796 2762
f 2771 2788 2787
f 2771 2770 2788
f 2772 2787 2786
f 2772 2771 2787
f 2772 2786 2785
f 2773 2772 2785
f 2774 2773 2785
f 2774 2784 2783
f 2774 2785 2784
f 2775 2774 2783
f 2776 2775 2783
f 2776 2783 2782
f 2777 2776 2782
f 2777 2782 2781
f 2778 2777 2781
f 2778 2780 2779
f 2778 2781 2780
f 2743 2778 2779
f 2729 2758 2757
f 2730 2729 2757
f 2730 2757 2756
f 2728 2758 2729
f 2731 2730 2756
f 2731 2756 2755
f 2727 2759 2758
f 2727 2760 2759
f 2727 2758 2728
f 2732 2755 2754
f 2732 2731 2755
f 2726 2760 2727
f 2726 2761 2760
f 2733 2732 2754
f 2733 2753 2752
f 2733 2754 2753
f 2734 2733 2752
f 2725 2761 2726
f 2735 2734 2752
f 2735 2752 2751
f 2736 2735 2751
f 2736 2750 2749
f 2736 2751 2750
f 2737 2736 2749
f 2738 2749 2748
f 2738 2737 2749
f 2739 2747 2746
f 2739 2748 2747
f 2739 2738 2748
f 2740 2739 2746
f 2741 2740 2746
f 2741 2746 2745
f 2742 2741 2745
f 2742 2745 2744
f 2707 2742 2744
f 2707 2744 2743
f 2693 2721 2720
f 2693 2722 2721
f 2694 2693 2720
f 2692 2722 2693
f 2695 2720 2719
f 2695 2694 2720
f 2696 2719 2718
f 2696 2695 2719
f 2691 2723 2722
f 2691 2722 2692
f 2697 2718 2717
f 2697 2696 2718
f 2690 2724 2723
f 2690 2723 2691
f 2698 2716 2715
f 2698 2717 2716
f 2698 2697 2717
f 2689 2725 2724
f 2689 2724 2690
f 2699 2698 2715
f 2700 2715 2714
f 2700 2699 2715
f 2701 2714 2713
f 2701 2700 2714
f 2702 2713 2712
f 2702 2701 2713
f 2703 2711 2710
f 2703 2712 2711
f 2703 2702 2712
f 2704 2703 2710
f 2705 2704 2710
f 2705 2709 2708
f 2705 2710 2709
f 2706 2705 2708
f 2671 2708 2707
f 2671 2706 2708
f 2658 2657 2685
f 2658 2685 2684
f 2656 2686 2685
f 2656 2685 2657
f 2659 2658 2684
f 2659 2684 2683
f 2655 2687 2686
f 2655 2686 2656
f 2660 2659 2683
f 2660 2683 2682
f 2654 2688 2687
f 2654 2687 2655
f 2661 2660 2682
f 2661 2682 2681
f 2662 2661 2681
f 2662 2681 2680
f 2653 2689 2688
f 2653 2688 2654
f 2663 2662 2680
f 2663 2680 2679
f 2664 2663 2679
f 2664 2679 2678
f 2665 2664 2678
f 2665 2678 2677
f 2666 2665 2677
f 2666 2677 2676
f 2667 2666 2676
f 2667 2676 2675
f 2668 2667 2675
f 2668 2675 2674
f 2669 2674 2673
f 2669 2668 2674
f 2670 2669 2673
f 2670 2672 2671
f 2670 2673 2672
f 2635 2670 2671
f 2621 2649 2648
f 2622 2621 2648
f 2620 2650 2649
f 2620 2649 2621
f 2623 2622 2648
f 2623 2647 2646
f 2623 2648 2647
f 2619 2650 2620
f 2619 2651 2650
f 2619 2652 2651
f 2624 2623 2646
f 2618 2653 2652
f 2618 2652 2619
f 2625 2624 2646
f 2625 2645 2644
f 2625 2646 2645
f 2617 2653 2618
f 2626 2625 2644
f 2627 2626 2644
f 2627 2644 2643
f 2628 2627 2643
f 2628 2642 2641
f 2628 2643 2642
f 2629 2628 2641
f 2630 2640 2639
f 2630 2641 2640
f 2630 2629 2641
f 2631 2630 2639
f 2631 2639 2638
f 2632 2631 2638
f 2633 2638 2637
f 2633 2632 2638
f 2634 2633 2637
f 2634 2637 2636
f 2599 2636 2635
f 2599 2634 2636
f 2586 2613 2612
f 2586 2585 2613
f 2584 2614 2613
f 2584 2613 2585
f 2587 2611 2610
f 2587 2612 2611
f 2587 2586 2612
f 2583 2615 2614
f 2583 2616 2615
f 2583 2614 2584
f 2588 2587 2610
f 2582 2616 2583
f 2589 2610 2609
f 2589 2588 2610
f 2581 2617 2616
f 2581 2616 2582
f 2590 2609 2608
f 2590 2589 2609
f 2591 2608 2607
f 2591 2590 2608
f 2592 2607 2606
f 2592 2591 2607
f 2593 2592 2606
f 2593 2605 2604
f 2593 2606 2605
f 2594 2593 2604
f 2595 2604 2603
f 2595 2594 2604
f 2596 2602 2601
f 2596 2603 2602
f 2596 2595 2603
f 2597 2601 2600
f 2597 2596 2601
f 2598 2600 2599
f 2598 2597 2600
f 2563 2598 2599
f 2550 2549 2577
f 2550 2577 2576
f 2548 2577 2549
f 2548 2578 2577
f 2548 2579 2578
f 2551 2550 2576
f 2551 2576 2575
f 2547 2579 2548
f 2547 2580 2579
f 2552 2551 2575
f 2552 2575 2574
f 2546 2580 2547
f 2553 2552 2574
f 2553 2574 2573
f 2545 2580 2546
f 2545 2581 2580
f 2554 2553 2573
f 2554 2572 2571
f 2554 2573 2572
f 2555 2554 2571
f 2555 2571 2570
f 2556 2555 2570
f 2557 2569 2568
f 2557 2570 2569
f 2557 2556 2570
f 2558 2557 2568
f 2559 2568 2567
f 2559 2558 2568
f 2560 2559 2567
f 2560 2566 2565
f 2560 2567 2566
f 2561 2560 2565
f 2562 2565 2564
f 2562 2561 2565
f 2527 2562 2564
f 2527 2564 2563
f 2514 2541 2540
f 2514 2513 2541
f 2512 2542 2541
f 2512 2541 2513
f 2515 2514 2540
f 2515 2540 2539
f 2511 2542 2512
f 2511 2543 2542
f 2516 2515 2539
f 2516 2538 2537
f 2516 2539 2538
f 2510 2544 2543
f 2510 2545 2544
f 2510 2543 2511
f 2517 2516 2537
f 2509 2545 2510
f 2518 2517 2537
f 2518 2536 2535
f 2518 2537 2536
f 2519 2518 2535
f 2520 2519 2535
f 2520 2534 2533
f 2520 2535 2534
f 2521 2520 2533
f 2521 2533 2532
f 2522 2521 2532
f 2523 2532 2531
f 2523 2522 2532
f 2524 2523 2531
f 2524 2531 2530
f 2525 2524 2530
f 2525 2530 2529
f 2526 2528 2527
f 2526 2529 2528
f 2526 2525 2529
f 2491 2526 2527
f 2478 2505 2504
f 2478 2477 2505
f 2476 2506 2505
f 2476 2507 2506
f 2476 2505 2477
f 2479 2504 2503
f 2479 2478 2504
f 2480 2479 2503
f 2480 2503 2502
f 2475 2508 2507
f 2475 2507 2476
f 2474 2508 2475
f 2481 2480 2502
f 2481 2502 2501
f 2482 2500 2499
f 2482 2501 2500
f 2482 2481 2501
f 2483 2482 2499
f 2484 2499 2498
f 2484 2483 2499
f 2485 2484 2498
f 2485 2498 2497
f 2486 2497 2496
f 2486 2485 2497
f 2487 2496 2495
f 2487 2486 2496
f 2488 2494 2493
f 2488 2495 2494
f 2488 2487 2495
f 2489 2493 2492
f 2489 2488 2493
f 2490 2489 2492
f 2199 2617 2581
f 2199 2509 2508
f 2199 2653 2617
f 2199 2545 2509
f 2199 2508 2474
f 2199 2581 2545
f 2199 2472 2471
f 2199 2473 2472
f 2199 2474 2473
f 2406 2405 2469
f 2406 2469 2468
f 2407 2468 2467
f 2407 2406 2468
f 2404 2469 2405
f 2404 2470 2469
f 2403 2199 2471
f 2403 2471 2470
f 2403 2470 2404
f 2408 2467 2466
f 2408 2407 2467
f 2402 2199 2403
f 2409 2466 2465
f 2409 2408 2466
f 2401 2199 2402
f 2410 2464 2463
f 2410 2465 2464
f 2410 2409 2465
f 2411 2410 2463
f 2400 2199 2401
f 2399 2199 2400
f 2412 2411 2463
f 2412 2463 2462
f 2398 2199 2399
f 2413 2412 2462
f 2413 2462 2461
f 2397 2199 2398
f 2414 2413 2461
f 2414 2461 2460
f 2415 2414 2460
f 2415 2460 2459
f 2416 2415 2459
f 2416 2459 2458
f 2417 2416 2458
f 2417 2458 2457
f 2441 2199 2397
f 2442 2397 2396
f 2442 2441 2397
f 2440 2199 2441
f 2443 2396 2395
f 2443 2442 2396
f 2439 2199 2440
f 2444 2395 2394
f 2444 2443 2395
f 2438 2199 2439
f 2445 2394 2393
f 2445 2444 2394
f 2446 2392 2391
f 2446 2393 2392
f 2446 2445 2393
f 2437 2199 2438
f 2447 2446 2391
f 2436 2198 2199
f 2436 2199 2437
f 2448 2391 2390
f 2448 2447 2391
f 2435 2197 2198
f 2435 2198 2436
f 2434 2196 2197
f 2434 2197 2435
f 2449 2389 2388
f 2449 2390 2389
f 2449 2448 2390
f 2450 2449 2388
f 2433 2195 2196
f 2433 2196 2434
f 2451 2388 2387
f 2451 2450 2388
f 2432 2195 2433
f 2194 2195 2432
f 2193 2194 2432
f 2193 2432 2431
f 2192 2193 2431
f 2192 2431 2430
f 2191 2192 2430
f 2191 2430 2429
f 2190 2191 2429
f 2190 2428 2427
f 2190 2429 2428
f 2181 2384 2383
f 2181 2385 2384
f 2181 2386 2385
f 2181 2387 2386
f 2181 2455 2490
f 2181 2492 2491
f 2181 2527 2563
f 2181 2563 2599
f 2181 2417 2457
f 2181 2418 2417
f 2181 2383 2418
f 2181 2420 2419
f 2181 2490 2492
f 2181 2599 2635
f 2181 2452 2451
f 2181 2453 2452
f 2181 2454 2453
f 2181 2419 2454
f 2181 2456 2455
f 2181 2457 2456
f 2181 2491 2527
f 2181 2451 2387
f 2182 2420 2181
f 2189 2190 2427
f 2183 2421 2420
f 2183 2420 2182
f 2188 2189 2427
f 2188 2426 2425
f 2188 2427 2426
f 2187 2188 2425
f 2184 2422 2421
f 2184 2421 2183
f 2185 2423 2422
f 2185 2422 2184
f 2186 2424 2423
f 2186 2425 2424
f 2186 2187 2425
f 2186 2423 2185
f 2199 2200 2689
f 2689 2200 2725
f 2725 2200 2761
f 2761 2200 2797
f 2797 2200 2833
f 2833 2200 2869
f 2869 2200 2905
f 2905 2200 2941
f 2199 2689 2653
f 2238 2181 2707
f 2707 2181 2671
f 2671 2181 2635
f 2238 2707 2743
f 2238 2743 2779
f 2238 2779 2815
f 2238 2815 2851
f 2238 2851 2887
f 2238 2887 2923
f 3238 3198 3237
f 3238 3197 3198
f 3345 3346 3191
f 3345 3191 3192
f 3236 3237 3198
f 3239 3197 3238
f 3347 3191 3346
f 3344 3345 3192
f 3240 3197 3239
f 3235 3236 3198
f 3235 3198 3175
f 3343 3344 3192
f 3348 3190 3191
f 3348 3191 3347
f 3241 3197 3240
f 3241 3196 3197
f 3234 3235 3175
f 3349 3190 3348
f 3342 3192 3193
f 3342 3343 3192
f 3242 3196 3241
f 3233 3234 3175
f 3350 3190 3349
f 3341 3342 3193
f 3243 3195 3196
f 3243 3196 3242
f 3268 3233 3175
f 3351 3190 3350
f 3376 3193 3194
f 3376 3341 3193
f 3244 3195 3243
f 3267 3175 3176
f 3267 3268 3175
f 3352 3189 3190
f 3352 3190 3351
f 3375 3376 3194
f 3245 3194 3195
f 3245 3195 3244
f 3266 3267 3176
f 3353 3189 3352
f 3374 3375 3194
f 3374 3194 3245
f 3246 3374 3245
f 3265 3266 3176
f 3354 3189 3353
f 3373 3374 3246
f 3264 3176 3177
f 3264 3265 3176
f 3355 3189 3354
f 3372 3246 3247
f 3372 3373 3246
f 3248 3372 3247
f 3263 3264 3177
f 3371 3372 3248
f 3188 3189 3355
f 3188 3355 3356
f 3249 3371 3248
f 3262 3263 3177
f 3357 3188 3356
f 3370 3371 3249
f 3250 3370 3249
f 3358 3188 3357
f 3369 3370 3250
f 3251 3369 3250
f 3368 3369 3251
f 3178 3260 3261
f 3178 3261 3262
f 3178 3262 3177
f 3187 3188 3358
f 3187 3358 3359
f 3187 3359 3360
f 3179 3260 3178
f 3179 3258 3259
f 3179 3259 3260
f 3186 3187 3360
f 3186 3360 3361
f 3186 3361 3362
f 3180 3258 3179
f 3180 3257 3258
f 3185 3186 3362
f 3274 3256 3273
f 3274 3255 3256
f 3309 3310 3363
f 3309 3363 3364
f 3309 3364 3365
f 3275 3255 3274
f 3275 3254 3255
f 3272 3273 3256
f 3272 3257 3180
f 3272 3256 3257
f 3308 3309 3365
f 3308 3365 3366
f 3311 3185 3362
f 3311 3363 3310
f 3311 3362 3363
f 3271 3272 3180
f 3271 3180 3229
f 3276 3253 3254
f 3276 3254 3275
f 3312 3185 3311
f 3307 3308 3366
f 3270 3271 3229
f 3277 3252 3253
f 3277 3253 3276
f 3313 3184 3185
f 3313 3185 3312
f 3306 3307 3366
f 3306 3366 3367
f 3306 3367 3368
f 3278 3251 3252
f 3278 3252 3277
f 3278 3368 3251
f 3269 3270 3229
f 3314 3184 3313
f 3305 3306 3368
f 3305 3368 3278
f 3304 3269 3229
f 3304 3229 3230
f 3315 3184 3314
f 3340 3278 3279
f 3340 3305 3278
f 3303 3304 3230
f 3339 3340 3279
f 3339 3279 3280
f 3183 3184 3315
f 3183 3315 3316
f 3302 3230 3231
f 3302 3303 3230
f 3317 3183 3316
f 3338 3280 3281
f 3338 3339 3280
f 3301 3302 3231
f 3318 3183 3317
f 3337 3281 3282
f 3337 3338 3281
f 3300 3301 3231
f 3336 3282 3283
f 3336 3337 3282
f 3335 3283 3284
f 3335 3336 3283
f 3182 3318 3319
f 3182 3319 3320
f 3182 3320 3321
f 3182 3183 3318
f 3181 3321 3322
f 3181 3322 3323
f 3181 3323 3324
f 3181 3324 3325
f 3181 3182 3321
f 4137 3299 3300
f 4137 3231 3232
f 4137 3300 3231
f 4137 4138 3299
f 4136 4137 3232
f 4139 3298 3299
f 4139 3299 4138
f 3203 3325 3326
f 3203 3326 3327
f 3203 3327 3328
f 3203 3181 3325
f 4140 3298 4139
f 4140 3297 3298
f 4135 4136 3232
f 4141 3296 3297
f 4141 3297 4140
f 4134 4135 3232
f 4134 3232 3228
f 4142 3296 4141
f 4133 4134 3228
f 4168 4133 3228
f 4143 3295 3296
f 4143 3296 4142
f 4167 4168 3228
f 4144 3294 3295
f 4144 3295 4143
f 4145 3293 3294
f 4145 3294 4144
f 4166 4167 3228
f 4165 4166 3228
f 4146 3293 4145
f 4147 3292 3293
f 4147 3293 4146
f 3202 3203 3328
f 3202 3328 3329
f 3202 3329 3330
f 3201 3330 3331
f 3201 3331 3332
f 3201 3202 3330
f 3200 3332 3333
f 3200 3333 3334
f 3200 3201 3332
f 3199 3284 3285
f 3199 3334 3335
f 3199 3200 3334
f 3199 3335 3284
f 3208 3199 3285
f 3208 3285 3286
f 3208 3286 3287
f 3208 3287 3288
f 3207 3288 3289
f 3207 3289 3290
f 3207 3208 3288
f 4102 4164 4165
f 4101 4102 4165
f 4101 4165 3228
f 4103 4164 4102
f 4103 4163 4164
f 4100 4101 3228
f 3206 3290 3291
f 3206 3291 3292
f 3206 3292 4147
f 3206 3207 3290
f 4099 4100 3228
f 4104 4163 4103
f 4104 4162 4163
f 4098 4099 3228
f 4105 4162 4104
f 4105 4161 4162
f 4097 4098 3228
f 4106 4161 4105
f 4106 4159 4160
f 4106 4160 4161
f 4107 4159 4106
f 4107 4158 4159
f 4132 4097 3228
f 4131 4132 3228
f 4108 4158 4107
f 4109 4158 4108
f 4109 4157 4158
f 4110 4157 4109
f 4110 4155 4156
f 4110 4156 4157
f 4111 4155 4110
f 3205 4147 4148
f 3205 4148 4149
f 3205 4149 4150
f 3205 3206 4147
f 3204 3205 4150
f 3204 4111 4112
f 3204 4112 4113
f 3204 4113 4114
f 3204 4114 4115
f 3204 4115 4116
f 3204 4116 4117
f 3204 4155 4111
f 3204 4150 4151
f 3204 4151 4152
f 3204 4152 4153
f 3204 4153 4154
f 3204 4154 4155
f 4065 4129 4130
f 4066 4127 4128
f 4066 4128 4129
f 4066 4129 4065
f 4064 4065 4130
f 4067 4127 4066
f 4063 4131 3228
f 4063 4130 4131
f 4063 4064 4130
f 4068 4125 4126
f 4068 4126 4127
f 4068 4127 4067
f 4069 4125 4068
f 4062 4063 3228
f 4070 4125 4069
f 4070 4123 4124
f 4070 4124 4125
f 4061 4062 3228
f 4071 4123 4070
f 4096 4061 3228
f 4072 4122 4123
f 4072 4123 4071
f 4073 4122 4072
f 4073 4121 4122
f 4074 4121 4073
f 4074 4119 4120
f 4074 4120 4121
f 4075 4119 4074
f 4076 4119 4075
f 4076 4118 4119
f 4077 3204 4117
f 4077 4117 4118
f 4077 4118 4076
f 4078 3204 4077
f 4079 3204 4078
f 4080 3204 4079
f 4029 4092 4093
f 4029 4093 4094
f 4029 4030 4092
f 4031 4090 4091
f 4031 4091 4092
f 4031 4092 4030
f 4028 4094 4095
f 4028 4029 4094
f 4032 4090 4031
f 4027 4028 4095
f 4033 4089 4090
f 4033 4090 4032
f 4026 4095 4096
f 4026 4027 4095
f 4026 4096 3228
f 4034 4087 4088
f 4034 4088 4089
f 4034 4089 4033
f 4025 4026 3228
f 4035 4087 4034
f 4036 4085 4086
f 4036 4086 4087
f 4036 4087 4035
f 4037 4085 4036
f 4038 4083 4084
f 4038 4084 4085
f 4038 4085 4037
f 4039 4083 4038
f 4039 4082 4083
f 4040 4082 4039
f 4041 4082 4040
f 4041 4081 4082
f 4042 4081 4041
f 4042 3204 4080
f 4042 4080 4081
f 4043 3204 4042
f 3993 4057 4058
f 3994 4056 4057
f 3994 4057 3993
f 3995 4055 4056
f 3995 4056 3994
f 3992 3993 4058
f 3991 3992 4058
f 3991 4058 4059
f 3991 4059 4060
f 3996 4055 3995
f 3996 4053 4054
f 3996 4054 4055
f 3997 4053 3996
f 3997 4052 4053
f 3990 3991 4060
f 3990 4060 4025
f 3989 3990 4025
f 3989 4025 3228
f 3998 4052 3997
f 3998 4051 4052
f 3999 4051 3998
f 4000 4050 4051
f 4000 4051 3999
f 4001 4050 4000
f 4001 4049 4050
f 4002 4047 4048
f 4002 4048 4049
f 4002 4049 4001
f 4003 4047 4002
f 4003 4046 4047
f 4004 4045 4046
f 4004 4046 4003
f 4005 4045 4004
f 4005 4044 4045
f 4006 4043 4044
f 4006 4044 4005
f 4007 3204 4043
f 4007 4043 4006
f 3958 4020 4021
f 3958 4021 3957
f 3956 4021 4022
f 3956 3957 4021
f 3959 4018 4019
f 3959 4019 4020
f 3959 4020 3958
f 3955 4022 4023
f 3955 4023 4024
f 3955 3956 4022
f 3960 4018 3959
f 3961 4017 4018
f 3961 4018 3960
f 3954 4024 3989
f 3954 3955 4024
f 3953 3954 3989
f 3953 3989 3228
f 3962 4017 3961
f 3962 4016 4017
f 3963 4016 3962
f 3963 4015 4016
f 3964 4014 4015
f 3964 4015 3963
f 3965 4013 4014
f 3965 4014 3964
f 3966 4011 4012
f 3966 4012 4013
f 3966 4013 3965
f 3967 4010 4011
f 3967 4011 3966
f 3968 4010 3967
f 3968 4009 4010
f 3969 4008 4009
f 3969 4009 3968
f 3970 4007 4008
f 3970 4008 3969
f 3971 4007 3970
f 3971 3204 4007
f 3921 3984 3985
f 3921 3922 3984
f 3923 3983 3984
f 3923 3984 3922
f 3920 3985 3986
f 3920 3921 3985
f 3919 3986 3987
f 3919 3987 3988
f 3919 3920 3986
f 3924 3982 3983
f 3924 3983 3923
f 3924 3981 3982
f 3925 3981 3924
f 3918 3919 3988
f 3926 3981 3925
f 3926 3980 3981
f 3917 3988 3953
f 3917 3953 3228
f 3917 3918 3988
f 3927 3979 3980
f 3927 3980 3926
f 3928 3978 3979
f 3928 3979 3927
f 3929 3978 3928
f 3929 3977 3978
f 3930 3977 3929
f 3930 3976 3977
f 3931 3976 3930
f 3931 3975 3976
f 3932 3975 3931
f 3932 3974 3975
f 3933 3974 3932
f 3933 3973 3974
f 3934 3973 3933
f 3934 3972 3973
f 3935 3972 3934
f 3935 3204 3971
f 3935 3971 3972
f 3886 3949 3885
f 3886 3948 3949
f 3884 3885 3949
f 3884 3949 3950
f 3884 3950 3951
f 3887 3948 3886
f 3887 3947 3948
f 3883 3884 3951
f 3883 3951 3952
f 3888 3947 3887
f 3888 3946 3947
f 3889 3946 3888
f 3889 3945 3946
f 3882 3883 3952
f 3881 3882 3952
f 3881 3952 3917
f 3890 3943 3944
f 3890 3944 3945
f 3890 3945 3889
f 3891 3943 3890
f 3892 3943 3891
f 3892 3941 3942
f 3892 3942 3943
f 3893 3941 3892
f 3894 3939 3940
f 3894 3940 3941
f 3894 3941 3893
f 3895 3939 3894
f 3896 3938 3939
f 3896 3939 3895
f 3897 3938 3896
f 3897 3936 3937
f 3897 3937 3938
f 3898 3936 3897
f 3899 3936 3898
f 3899 3935 3936
f 3849 3912 3913
f 3850 3912 3849
f 3848 3913 3914
f 3848 3849 3913
f 3851 3911 3912
f 3851 3912 3850
f 3847 3848 3914
f 3847 3914 3915
f 3852 3911 3851
f 3852 3910 3911
f 3846 3847 3915
f 3846 3915 3916
f 3846 3916 3881
f 3853 3910 3852
f 3853 3909 3910
f 3854 3909 3853
f 3854 3908 3909
f 3845 3846 3881
f 3855 3908 3854
f 3855 3907 3908
f 3856 3905 3906
f 3856 3906 3907
f 3856 3907 3855
f 3857 3905 3856
f 3858 3905 3857
f 3858 3903 3904
f 3858 3904 3905
f 3859 3903 3858
f 3860 3902 3903
f 3860 3903 3859
f 3861 3900 3901
f 3861 3901 3902
f 3861 3902 3860
f 3862 3899 3900
f 3862 3900 3861
f 3863 3899 3862
f 3813 3814 3876
f 3813 3876 3877
f 3812 3813 3877
f 3812 3877 3878
f 3812 3878 3879
f 3815 3876 3814
f 3815 3875 3876
f 3816 3875 3815
f 3816 3874 3875
f 3811 3812 3879
f 3811 3879 3880
f 3810 3811 3880
f 3810 3880 3845
f 3817 3874 3816
f 3817 3873 3874
f 3818 3873 3817
f 3818 3872 3873
f 3809 3810 3845
f 3819 3872 3818
f 3819 3871 3872
f 3820 3871 3819
f 3820 3870 3871
f 3821 3870 3820
f 3821 3868 3869
f 3821 3869 3870
f 3822 3868 3821
f 3822 3867 3868
f 3823 3867 3822
f 3823 3866 3867
f 3824 3866 3823
f 3825 3866 3824
f 3825 3865 3866
f 3826 3865 3825
f 3826 3863 3864
f 3826 3864 3865
f 3827 3863 3826
f 3778 3841 3777
f 3778 3839 3840
f 3778 3840 3841
f 3776 3777 3841
f 3776 3841 3842
f 3776 3842 3843
f 3779 3839 3778
f 3780 3838 3839
f 3780 3839 3779
f 3775 3776 3843
f 3774 3843 3844
f 3774 3844 3809
f 3774 3775 3843
f 3781 3837 3838
f 3781 3838 3780
f 3782 3837 3781
f 3782 3835 3836
f 3782 3836 3837
f 3773 3774 3809
f 3783 3835 3782
f 3784 3833 3834
f 3784 3834 3835
f 3784 3835 3783
f 3785 3833 3784
f 3786 3832 3833
f 3786 3833 3785
f 3787 3831 3832
f 3787 3832 3786
f 3788 3831 3787
f 3788 3829 3830
f 3788 3830 3831
f 3789 3829 3788
f 3790 3829 3789
f 3790 3827 3828
f 3790 3828 3829
f 3791 3827 3790
f 3741 3804 3805
f 3742 3804 3741
f 3740 3805 3806
f 3740 3741 3805
f 3743 3802 3803
f 3743 3803 3804
f 3743 3804 3742
f 3739 3806 3807
f 3739 3807 3808
f 3739 3740 3806
f 3744 3802 3743
f 3738 3739 3808
f 3745 3802 3744
f 3745 3800 3801
f 3745 3801 3802
f 3746 3800 3745
f 3737 3808 3773
f 3737 3738 3808
f 3747 3800 3746
f 3747 3799 3800
f 3748 3798 3799
f 3748 3799 3747
f 3749 3797 3798
f 3749 3798 3748
f 3750 3796 3797
f 3750 3797 3749
f 3751 3794 3795
f 3751 3795 3796
f 3751 3796 3750
f 3752 3793 3794
f 3752 3794 3751
f 3753 3792 3793
f 3753 3793 3752
f 3754 3791 3792
f 3754 3792 3753
f 3755 3791 3754
f 3705 3769 3770
f 3706 3769 3705
f 3706 3768 3769
f 3704 3705 3770
f 3707 3768 3706
f 3707 3766 3767
f 3707 3767 3768
f 3703 3704 3770
f 3703 3770 3771
f 3708 3766 3707
f 3702 3703 3771
f 3702 3771 3772
f 3709 3765 3766
f 3709 3766 3708
f 3710 3765 3709
f 3710 3764 3765
f 3701 3702 3772
f 3701 3772 3737
f 3711 3764 3710
f 3711 3762 3763
f 3711 3763 3764
f 3712 3762 3711
f 3713 3762 3712
f 3713 3761 3762
f 3714 3761 3713
f 3714 3759 3760
f 3714 3760 3761
f 3715 3759 3714
f 3715 3758 3759
f 3716 3758 3715
f 3717 3758 3716
f 3717 3757 3758
f 3718 3757 3717
f 3718 3755 3756
f 3718 3756 3757
f 3719 3755 3718
f 3669 3733 3734
f 3670 3733 3669
f 3670 3732 3733
f 3668 3669 3734
f 3671 3732 3670
f 3671 3731 3732
f 3672 3730 3731
f 3672 3731 3671
f 3667 3668 3734
f 3667 3734 3735
f 3667 3735 3736
f 3666 3667 3736
f 3673 3729 3730
f 3673 3730 3672
f 3665 3736 3701
f 3665 3666 3736
f 3674 3729 3673
f 3674 3728 3729
f 3675 3726 3727
f 3675 3727 3728
f 3675 3728 3674
f 3676 3726 3675
f 3677 3725 3726
f 3677 3726 3676
f 3678 3725 3677
f 3678 3724 3725
f 3679 3722 3723
f 3679 3723 3724
f 3679 3724 3678
f 3680 3722 3679
f 3681 3722 3680
f 3681 3720 3721
f 3681 3721 3722
f 3682 3720 3681
f 3682 3719 3720
f 3683 3719 3682
f 3633 3696 3697
f 3633 3697 3698
f 3634 3696 3633
f 3632 3633 3698
f 3635 3695 3696
f 3635 3696 3634
f 3636 3694 3695
f 3636 3695 3635
f 3631 3698 3699
f 3631 3699 3700
f 3631 3632 3698
f 3630 3631 3700
f 3637 3692 3693
f 3637 3693 3694
f 3637 3694 3636
f 3629 3700 3665
f 3629 3630 3700
f 3638 3692 3637
f 3639 3692 3638
f 3639 3690 3691
f 3639 3691 3692
f 3640 3690 3639
f 3641 3689 3690
f 3641 3690 3640
f 3642 3688 3689
f 3642 3689 3641
f 3643 3686 3687
f 3643 3687 3688
f 3643 3688 3642
f 3644 3685 3686
f 3644 3686 3643
f 3645 3685 3644
f 3646 3684 3685
f 3646 3685 3645
f 3647 3683 3684
f 3647 3684 3646
f 3597 3661 3662
f 3598 3661 3597
f 3598 3659 3660
f 3598 3660 3661
f 3596 3597 3662
f 3599 3659 3598
f 3600 3659 3599
f 3600 3658 3659
f 3595 3596 3662
f 3595 3662 3663
f 3594 3595 3663
f 3594 3663 3664
f 3601 3658 3600
f 3601 3657 3658
f 3593 3594 3664
f 3593 3664 3629
f 3602 3657 3601
f 3602 3656 3657
f 3603 3656 3602
f 3603 3655 3656
f 3604 3655 3603
f 3604 3654 3655
f 3605 3654 3604
f 3605 3653 3654
f 3606 3653 3605
f 3606 3651 3652
f 3606 3652 3653
f 3607 3651 3606
f 3607 3650 3651
f 3608 3650 3607
f 3609 3650 3608
f 3609 3649 3650
f 3610 3649 3609
f 3610 3647 3648
f 3610 3648 3649
f 3611 3647 3610
f 3561 3625 3626
f 3562 3624 3625
f 3562 3625 3561
f 3560 3561 3626
f 3563 3623 3624
f 3563 3624 3562
f 3559 3626 3627
f 3559 3627 3628
f 3559 3560 3626
f 3564 3622 3623
f 3564 3623 3563
f 3558 3559 3628
f 3565 3621 3622
f 3565 3622 3564
f 3557 3628 3593
f 3557 3558 3628
f 3566 3619 3620
f 3566 3620 3621
f 3566 3621 3565
f 3567 3618 3619
f 3567 3619 3566
f 3568 3618 3567
f 3569 3618 3568
f 3569 3617 3618
f 3570 3617 3569
f 3570 3615 3616
f 3570 3616 3617
f 3571 3615 3570
f 3572 3615 3571
f 3572 3613 3614
f 3572 3614 3615
f 3573 3613 3572
f 3574 3612 3613
f 3574 3613 3573
f 3575 3611 3612
f 3575 3612 3574
f 3526 3588 3589
f 3526 3589 3525
f 3524 3589 3590
f 3524 3590 3591
f 3524 3525 3589
f 3527 3587 3588
f 3527 3588 3526
f 3523 3524 3591
f 3528 3586 3587
f 3528 3587 3527
f 3522 3591 3592
f 3522 3523 3591
f 3529 3585 3586
f 3529 3586 3528
f 3521 3592 3557
f 3521 3522 3592
f 3530 3583 3584
f 3530 3584 3585
f 3530 3585 3529
f 3531 3583 3530
f 3532 3582 3583
f 3532 3583 3531
f 3533 3581 3582
f 3533 3582 3532
f 3534 3579 3580
f 3534 3580 3581
f 3534 3581 3533
f 3535 3579 3534
f 3536 3578 3579
f 3536 3579 3535
f 3536 3577 3578
f 3537 3577 3536
f 3538 3577 3537
f 3538 3576 3577
f 3539 3576 3538
f 3539 3575 3576
f 3490 3552 3553
f 3490 3553 3489
f 3491 3552 3490
f 3491 3551 3552
f 3488 3553 3554
f 3488 3554 3555
f 3488 3489 3553
f 3487 3488 3555
f 3492 3551 3491
f 3492 3550 3551
f 3486 3487 3555
f 3486 3555 3556
f 3493 3550 3492
f 3493 3549 3550
f 3485 3486 3556
f 3485 3556 3521
f 3494 3549 3493
f 3494 3547 3548
f 3494 3548 3549
f 3495 3547 3494
f 3495 3546 3547
f 3496 3546 3495
f 3497 3546 3496
f 3497 3544 3545
f 3497 3545 3546
f 3498 3543 3544
f 3498 3544 3497
f 3499 3543 3498
f 3500 3541 3542
f 3500 3542 3543
f 3500 3543 3499
f 3501 3541 3500
f 3501 3540 3541
f 3502 3540 3501
f 3503 3539 3540
f 3503 3540 3502
f 3454 3516 3517
f 3454 3517 3453
f 3452 3517 3518
f 3452 3518 3519
f 3452 3453 3517
f 3455 3515 3516
f 3455 3516 3454
f 3451 3519 3520
f 3451 3452 3519
f 3456 3515 3455
f 3456 3514 3515
f 3450 3451 3520
f 3457 3514 3456
f 3457 3513 3514
f 3458 3513 3457
f 3458 3511 3512
f 3458 3512 3513
f 3459 3511 3458
f 3460 3510 3511
f 3460 3511 3459
f 3461 3509 3510
f 3461 3510 3460
f 3462 3509 3461
f 3462 3508 3509
f 3463 3507 3508
f 3463 3508 3462
f 3464 3505 3506
f 3464 3506 3507
f 3464 3507 3463
f 3465 3505 3464
f 3466 3504 3505
f 3466 3505 3465
f 3210 3483 3484
f 3210 3484 3449
f 3210 3557 3593
f 3210 3450 3520
f 3210 3593 3629
f 3210 3520 3485
f 3210 3485 3521
f 3210 3449 3450
f 3210 3521 3557
f 3381 3481 3482
f 3382 3480 3481
f 3382 3481 3381
f 3380 3381 3482
f 3383 3479 3480
f 3383 3480 3382
f 3379 3482 3483
f 3379 3380 3482
f 3379 3483 3210
f 3384 3478 3479
f 3384 3479 3383
f 3378 3379 3210
f 3385 3477 3478
f 3385 3478 3384
f 3386 3477 3385
f 3386 3475 3476
f 3386 3476 3477
f 3377 3378 3210
f 3387 3475 3386
f 3412 3377 3210
f 3388 3475 3387
f 3388 3474 3475
f 3411 3412 3210
f 3410 3411 3210
f 3389 3474 3388
f 3389 3473 3474
f 3390 3473 3389
f 3390 3472 3473
f 3409 3410 3210
f 3391 3472 3390
f 3391 3470 3471
f 3391 3471 3472
f 3392 3470 3391
f 3393 3470 3392
f 3393 3469 3470
f 3417 3409 3210
f 3418 3408 3409
f 3418 3409 3417
f 3419 3408 3418
f 3419 3407 3408
f 3416 3417 3210
f 3415 3416 3210
f 3420 3407 3419
f 3420 3406 3407
f 3414 3415 3210
f 3421 3405 3406
f 3421 3406 3420
f 3413 3210 3211
f 3413 3414 3210
f 3422 3403 3404
f 3422 3404 3405
f 3422 3405 3421
f 3423 3403 3422
f 3448 3413 3211
f 3447 3211 3212
f 3447 3448 3211
f 3424 3402 3403
f 3424 3403 3423
f 3446 3212 3213
f 3446 3447 3212
f 3425 3401 3402
f 3425 3402 3424
f 3445 3213 3214
f 3445 3446 3213
f 3426 3399 3400
f 3426 3400 3401
f 3426 3401 3425
f 3427 3399 3426
f 3215 3444 3445
f 3215 3445 3214
f 3216 3444 3215
f 3216 3442 3443
f 3216 3443 3444
f 3217 3442 3216
f 3217 3441 3442
f 3218 3441 3217
f 3209 3575 3539
f 3209 3393 3394
f 3209 3394 3395
f 3209 3395 3396
f 3209 3396 3397
f 3209 3397 3398
f 3209 3398 3399
f 3209 3503 3504
f 3209 3469 3393
f 3209 3611 3575
f 3209 3504 3466
f 3209 3427 3428
f 3209 3428 3429
f 3209 3429 3430
f 3209 3430 3431
f 3209 3431 3432
f 3209 3647 3611
f 3209 3539 3503
f 3209 3466 3467
f 3209 3467 3468
f 3209 3468 3469
f 3209 3399 3427
f 3219 3441 3218
f 3219 3439 3440
f 3219 3440 3441
f 3220 3439 3219
f 3227 3432 3433
f 3227 3209 3432
f 3221 3439 3220
f 3221 3437 3438
f 3221 3438 3439
f 3226 3433 3434
f 3226 3227 3433
f 3222 3437 3221
f 3225 3226 3434
f 3223 3437 3222
f 3223 3435 3436
f 3223 3436 3437
f 3224 3225 3434
f 3224 3435 3223
f 3224 3434 3435
f 3204 3827 3209
f 3827 3791 3209
f 3791 3755 3209
f 3755 3719 3209
f 3719 3683 3209
f 3683 3647 3209
f 3204 3863 3827
f 3204 3899 3863
f 3204 3935 3899
f 3210 3845 3228
f 3845 3881 3228
f 3881 3917 3228
f 3210 3809 3845
f 3210 3773 3809
f 3210 3737 3773
f 3210 3701 3737
f 3210 3665 3701
f 3210 3629 3665
f 4177 4173 4174
f 4177 4174 4176
f 4178 4172 4173
f 4178 4173 4177
f 4179 4171 4172
f 4179 4172 4178
f 4180 4169 4170
f 4180 4170 4171
f 4180 4171 4179
f 4175 4169 4180
f 4189 4185 4186
f 4189 4186 4188
f 4190 4184 4185
f 4190 4185 4189
f 4191 4183 4184
f 4191 4184 4190
f 4192 4182 4183
f 4192 4183 4191
f 4187 4181 4182
f 4187 4182 4192
f 4194 4212 4193
f 4194 4213 4212
f 4194 4214 4213
f 4195 4214 4194
f 4196 4215 4214
f 4196 4214 4195
f 4197 4216 4215
f 4197 4215 4196
f 4198 4217 4216
f 4198 4216 4197
f 4199 4218 4217
f 4199 4217 4198
f 4200 4219 4218
f 4200 4220 4219
f 4200 4218 4199
f 4201 4220 4200
f 4202 4221 4220
f 4202 4222 4221
f 4202 4220 4201
f 4203 4222 4202
f 4204 4223 4222
f 4204 4222 4203
f 4205 4224 4223
f 4205 4225 4224
f 4205 4223 4204
f 4206 4225 4205
f 4207 4226 4225
f 4207 4227 4226
f 4207 4225 4206
f 4208 4227 4207
f 4209 4227 4208
f 4209 4228 4227
f 4210 4228 4209
f 4210 4229 4228
f 4210 4230 4229
f 4211 4230 4210
f 4232 4250 4231
f 4232 4251 4250
f 4232 4252 4251
f 4233 4252 4232
f 4234 4253 4252
f 4234 4252 4233
f 4235 4254 4253
f 4235 4253 4234
f 4236 4255 4254
f 4236 4254 4235
f 4237 4256 4255
f 4237 4255 4236
f 4238 4257 4256
f 4238 4258 4257
f 4238 4256 4237
f 4239 4258 4238
f 4240 4259 4258
f 4240 4260 4259
f 4240 4258 4239
f 4241 4260 4240
f 4242 4261 4260
f 4242 4260 4241
f 4243 4262 4261
f 4243 4263 4262
f 4243 4261 4242
f 4244 4263 4243
f 4245 4264 4263
f 4245 4265 4264
f 4245 4263 4244
f 4246 4265 4245
f 4247 4265 4246
f 4247 4266 4265
f 4248 4266 4247
f 4248 4267 4266
f 4248 4268 4267
f 4249 4268 4248
f 4270 4288 4269
f 4270 4289 4288
f 4271 4290 4289
f 4271 4289 4270
f 4272 4291 4290
f 4272 4290 4271
f 4273 4292 4291
f 4273 4291 4272
f 4274 4293 4292
f 4274 4292 4273
f 4275 4294 4293
f 4275 4293 4274
f 4276 4295 4294
f 4276 4294 4275
f 4277 4296 4295
f 4277 4295 4276
f 4278 4297 4296
f 4278 4296 4277
f 4279 4298 4297
f 4279 4297 4278
f 4280 4299 4298
f 4280 4298 4279
f 4281 4300 4299
f 4281 4299 4280
f 4282 4301 4300
f 4282 4300 4281
f 4283 4302 4301
f 4283 4301 4282
f 4284 4302 4283
f 4284 4303 4302
f 4285 4303 4284
f 4285 4304 4303
f 4286 4304 4285
f 4286 4305 4304
f 4287 4305 4286
f 4287 4306 4305
f 4345 4327 4326
f 4345 4328 4327
f 4345 4329 4328
f 4346 4330 4329
f 4346 4331 4330
f 4346 4329 4345
f 4347 4307 4308
f 4347 4308 4309
f 4347 4309 4310
f 4347 4326 4307
f 4347 4345 4326
f 4348 4331 4346
f 4348 4332 4331
f 4349 4310 4311
f 4349 4346 4345
f 4349 4347 4310
f 4349 4345 4347
f 4350 4332 4348
f 4350 4333 4332
f 4350 4334 4333
f 4351 4311 4312
f 4351 4312 4313
f 4351 4349 4311
f 4351 4346 4349
f 4351 4348 4346
f 4352 4335 4334
f 4352 4336 4335
f 4352 4334 4350
f 4353 4313 4314
f 4353 4314 4315
f 4353 4350 4348
f 4353 4348 4351
f 4353 4351 4313
f 4354 4337 4336
f 4354 4338 4337
f 4354 4336 4352
f 4355 4315 4316
f 4355 4352 4350
f 4355 4316 4317
f 4355 4353 4315
f 4355 4350 4353
f 4356 4339 4338
f 4356 4338 4354
f 4357 4356 4354
f 4357 4355 4317
f 4357 4317 4318
f 4357 4318 4319
f 4357 4352 4355
f 4357 4354 4352
f 4358 4339 4356
f 4358 4340 4339
f 4358 4341 4340
f 4359 4357 4319
f 4359 4319 4320
f 4359 4356 4357
f 4360 4341 4358
f 4360 4342 4341
f 4360 4343 4342
f 4360 4344 4343
f 4361 4320 4321
f 4361 4321 4322
f 4361 4358 4356
f 4361 4359 4320
f 4361 4356 4359
f 4362 4322 4323
f 4362 4323 4324
f 4362 4324 4325
f 4362 4344 4360
f 4362 4358 4361
f 4362 4325 4344
f 4362 4361 4322
f 4362 4360 4358
f 4364 4382 4363
f 4364 4383 4382
f 4365 4384 4383
f 4365 4383 4364
f 4366 4385 4384
f 4366 4384 4365
f 4367 4386 4385
f 4367 4385 4366
f 4368 4387 4386
f 4368 4386 4367
f 4369 4388 4387
f 4369 4387 4368
f 4370 4389 4388
f 4370 4388 4369
f 4371 4390 4389
f 4371 4389 4370
f 4372 4391 4390
f 4372 4390 4371
f 4373 4392 4391
f 4373 4391 4372
f 4374 4393 4392
f 4374 4392 4373
f 4375 4394 4393
f 4375 4393 4374
f 4376 4395 4394
f 4376 4394 4375
f 4377 4396 4395
f 4377 4395 4376
f 4378 4396 4377
f 4378 4397 4396
f 4379 4397 4378
f 4379 4398 4397
f 4380 4398 4379
f 4380 4399 4398
f 4381 4399 4380
f 4381 4400 4399
f 4439 4421 4420
f 4439 4422 4421
f 4439 4423 4422
f 4440 4424 4423
f 4440 4423 4439
f 4441 4401 4402
f 4441 4402 4403
f 4441 4403 4404
f 4441 4420 4401
f 4441 4439 4420
f 4442 4424 4440
f 4442 4425 4424
f 4442 4426 4425
f 4443 4404 4405
f 4443 4440 4439
f 4443 4441 4404
f 4443 4439 4441
f 4444 4426 4442
f 4444 4427 4426
f 4444 4428 4427
f 4445 4405 4406
f 4445 4406 4407
f 4445 4443 4405
f 4445 4440 4443
f 4445 4442 4440
f 4446 4429 4428
f 4446 4430 4429
f 4446 4428 4444
f 4447 4407 4408
f 4447 4408 4409
f 4447 4444 4442
f 4447 4442 4445
f 4447 4445 4407
f 4448 4431 4430
f 4448 4432 4431
f 4448 4430 4446
f 4449 4409 4410
f 4449 4410 4411
f 4449 4446 4444
f 4449 4444 4447
f 4449 4447 4409
f 4450 4433 4432
f 4450 4432 4448
f 4451 4450 4448
f 4451 4411 4412
f 4451 4412 4413
f 4451 4449 4411
f 4451 4446 4449
f 4451 4448 4446
f 4452 4433 4450
f 4452 4434 4433
f 4452 4435 4434
f 4453 4451 4413
f 4453 4413 4414
f 4453 4414 4415
f 4453 4450 4451
f 4454 4435 4452
f 4454 4436 4435
f 4454 4437 4436
f 4454 4438 4437
f 4455 4450 4453
f 4455 4415 4416
f 4455 4454 4452
f 4455 4453 4415
f 4455 4452 4450
f 4456 4416 4417
f 4456 4417 4418
f 4456 4418 4419
f 4456 4438 4454
f 4456 4454 4455
f 4456 4419 4438
f 4456 4455 4416
f 4458 4476 4457
f 4458 4477 4476
f 4459 4478 4477
f 4459 4477 4458
f 4460 4479 4478
f 4460 4478 4459
f 4461 4480 4479
f 4461 4479 4460
f 4462 4481 4480
f 4462 4480 4461
f 4463 4482 4481
f 4463 4481 4462
f 4464 4483 4482
f 4464 4482 4463
f 4465 4484 4483
f 4465 4483 4464
f 4466 4485 4484
f 4466 4484 4465
f 4467 4486 4485
f 4467 4485 4466
f 4468 4487 4486
f 4468 4486 4467
f 4469 4488 4487
f 4469 4487 4468
f 4470 4489 4488
f 4470 4488 4469
f 4471 4490 4489
f 4471 4489 4470
f 4472 4490 4471
f 4472 4491 4490
f 4473 4491 4472
f 4473 4492 4491
f 4474 4492 4473
f 4474 4493 4492
f 4475 4493 4474
f 4475 4494 4493
f 4533 4515 4514
f 4533 4516 4515
f 4533 4517 4516
f 4534 4518 4517
f 4534 4519 4518
f 4534 4517 4533
f 4535 4495 4496
f 4535 4496 4497
f 4535 4497 4498
f 4535 4514 4495
f 4535 4533 4514
f 4536 4519 4534
f 4536 4520 4519
f 4537 4498 4499
f 4537 4534 4533
f 4537 4535 4498
f 4537 4533 4535
f 4538 4520 4536
f 4538 4521 4520
f 4538 4522 4521
f 4539 4499 4500
f 4539 4500 4501
f 4539 4537 4499
f 4539 4534 4537
f 4539 4538 4536
f 4539 4536 4534
f 4540 4523 4522
f 4540 4524 4523
f 4540 4522 4538
f 4541 4501 4502
f 4541 4502 4503
f 4541 4538 4539
f 4541 4539 4501
f 4542 4525 4524
f 4542 4526 4525
f 4542 4524 4540
f 4543 4503 4504
f 4543 4540 4538
f 4543 4504 4505
f 4543 4541 4503
f 4543 4538 4541
f 4544 4527 4526
f 4544 4528 4527
f 4544 4526 4542
f 4545 4505 4506
f 4545 4506 4507
f 4545 4542 4540
f 4545 4543 4505
f 4545 4540 4543
f 4546 4529 4528
f 4546 4528 4544
f 4547 4544 4542
f 4547 4545 4507
f 4547 4507 4508
f 4547 4508 4509
f 4547 4542 4545
f 4548 4530 4529
f 4548 4531 4530
f 4548 4532 4531
f 4548 4529 4546
f 4549 4546 4544
f 4549 4544 4547
f 4549 4509 4510
f 4549 4547 4509
f 4549 4548 4546
f 4550 4549 4510
f 4550 4510 4511
f 4550 4511 4512
f 4550 4512 4513
f 4550 4532 4548
f 4550 4548 4549
f 4550 4513 4532
f 4552 4570 4551
f 4552 4571 4570
f 4553 4572 4571
f 4553 4571 4552
f 4554 4573 4572
f 4554 4572 4553
f 4555 4574 4573
f 4555 4573 4554
f 4556 4575 4574
f 4556 4574 4555
f 4557 4576 4575
f 4557 4575 4556
f 4558 4577 4576
f 4558 4576 4557
f 4559 4578 4577
f 4559 4577 4558
f 4560 4579 4578
f 4560 4578 4559
f 4561 4580 4579
f 4561 4579 4560
f 4562 4581 4580
f 4562 4580 4561
f 4563 4582 4581
f 4563 4581 4562
f 4564 4583 4582
f 4564 4582 4563
f 4565 4584 4583
f 4565 4583 4564
f 4566 4584 4565
f 4566 4585 4584
f 4567 4585 4566
f 4567 4586 4585
f 4568 4586 4567
f 4568 4587 4586
f 4569 4587 4568
f 4569 4588 4587
f 4627 4608 4589
f 4627 4609 4608
f 4627 4610 4609
f 4627 4611 4610
f 4628 4612 4611
f 4628 4613 4612
f 4628 4611 4627
f 4629 4589 4590
f 4629 4590 4591
f 4629 4591 4592
f 4629 4627 4589
f 4630 4613 4628
f 4630 4614 4613
f 4631 4592 4593
f 4631 4628 4627
f 4631 4629 4592
f 4631 4627 4629
f 4631 4630 4628
f 4632 4615 4614
f 4632 4616 4615
f 4632 4614 4630
f 4633 4593 4594
f 4633 4594 4595
f 4633 4631 4593
f 4633 4630 4631
f 4634 4617 4616
f 4634 4618 4617
f 4634 4616 4632
f 4635 4595 4596
f 4635 4596 4597
f 4635 4633 4595
f 4635 4634 4632
f 4635 4632 4630
f 4635 4630 4633
f 4636 4619 4618
f 4636 4620 4619
f 4636 4618 4634
f 4637 4597 4598
f 4637 4598 4599
f 4637 4634 4635
f 4637 4635 4597
f 4638 4621 4620
f 4638 4620 4636
f 4639 4634 4637
f 4639 4599 4600
f 4639 4600 4601
f 4639 4637 4599
f 4639 4636 4634
f 4640 4621 4638
f 4640 4622 4621
f 4640 4623 4622
f 4641 4639 4601
f 4641 4601 4602
f 4641 4638 4636
f 4641 4636 4639
f 4642 4623 4640
f 4642 4624 4623
f 4642 4625 4624
f 4642 4626 4625
f 4643 4638 4641
f 4643 4602 4603
f 4643 4603 4604
f 4643 4640 4638
f 4643 4641 4602
f 4644 4604 4605
f 4644 4605 4606
f 4644 4606 4607
f 4644 4626 4642
f 4644 4640 4643
f 4644 4607 4626
f 4644 4642 4640
f 4644 4643 4604
f 4646 4645 4656
f 4655 4646 4656
f 4647 4646 4655
f 4654 4647 4655
f 4648 4647 4654
f 4653 4648 4654
f 4649 4648 4653
f 4652 4649 4653
f 4650 4649 4652
f 4651 4650 4652
f 4659 4658 4657
f 4659 4657 4660
f 4667 4662 4661
f 4669 4662 4667
f 4666 4669 4667
f 4670 4669 4666
f 4665 4670 4666
f 4671 4670 4665
f 4664 4671 4665
f 4672 4671 4664
f 4663 4672 4664
f 4668 4672 4663
f 4694 4673 4674
f 4694 4674 4692
f 4695 4692 4691
f 4695 4694 4692
f 4696 4691 4690
f 4696 4695 4691
f 4697 4690 4689
f 4697 4696 4690
f 4698 4689 4688
f 4698 4697 4689
f 4699 4688 4687
f 4699 4698 4688
f 4700 4687 4686
f 4700 4699 4687
f 4701 4686 4685
f 4701 4700 4686
f 4702 4685 4684
f 4702 4701 4685
f 4703 4684 4683
f 4703 4702 4684
f 4704 4683 4682
f 4704 4703 4683
f 4705 4682 4681
f 4705 4704 4682
f 4706 4681 4680
f 4706 4705 4681
f 4707 4680 4679
f 4707 4706 4680
f 4708 4679 4678
f 4708 4707 4679
f 4709 4708 4678
f 4709 4678 4677
f 4710 4677 4676
f 4710 4709 4677
f 4693 4676 4675
f 4693 4710 4676
f 4715 4717 4716
f 4715 4718 4717
f 4714 4719 4718
f 4714 4718 4715
f 4713 4720 4719
f 4713 4719 4714
f 4712 4721 4720
f 4712 4720 4713
f 4711 4722 4721
f 4711 4721 4712
f 4725 4724 4723
f 4725 4723 4726
f 4734 4733 4732
f 4731 4734 4732
f 4735 4734 4731
f 4730 4735 4731
f 4736 4735 4730
f 4729 4736 4730
f 4737 4736 4729
f 4728 4737 4729
f 4727 4738 4737
f 4727 4737 4728
f 4739 4741 4742
f 4740 4741 4739
f 4751 4744 4743
f 4751 4743 4749
f 4752 4749 4748
f 4752 4751 4749
f 4753 4748 4747
f 4753 4752 4748
f 4754 4747 4746
f 4754 4753 4747
f 4750 4746 4745
f 4750 4754 4746
f 4758 4757 4775
f 4758 4775 4792
f 4759 4792 4791
f 4759 4758 4792
f 4760 4791 4790
f 4760 4759 4791
f 4761 4790 4789
f 4761 4760 4790
f 4762 4789 4788
f 4762 4761 4789
f 4763 4788 4787
f 4763 4762 4788
f 4764 4787 4786
f 4764 4763 4787
f 4765 4786 4785
f 4765 4764 4786
f 4766 4785 4784
f 4766 4765 4785
f 4767 4784 4783
f 4767 4766 4784
f 4768 4783 4782
f 4768 4767 4783
f 4769 4782 4781
f 4769 4768 4782
f 4770 4781 4780
f 4770 4769 4781
f 4771 4780 4779
f 4771 4770 4780
f 4772 4779 4778
f 4772 4771 4779
f 4773 4772 4778
f 4773 4778 4777
f 4774 4773 4777
f 4774 4777 4776
f 4756 4774 4776
f 4756 4776 4755
f 4803 4794 4793
f 4803 4793 4804
f 4802 4795 4794
f 4802 4794 4803
f 4796 4795 4802
f 4801 4796 4802
f 4797 4796 4801
f 4800 4797 4801
f 4798 4797 4800
f 4799 4798 4800
f 4805 4807 4808
f 4806 4807 4805
