# generated by step_to_parts.py -- 4781 verts, 4844 tris
v 0.206679 -0.541528 -0.094228
v 0.208168 -0.541147 -0.095740
v 0.208268 -0.541958 -0.089443
v 0.208334 -0.542494 -0.089562
v 0.208396 -0.543002 -0.089773
v 0.208453 -0.543466 -0.090069
v 0.208503 -0.543872 -0.090442
v 0.208544 -0.544207 -0.090881
v 0.208575 -0.544462 -0.091371
v 0.208596 -0.544628 -0.091899
v 0.208605 -0.544700 -0.092447
v 0.208602 -0.544678 -0.093000
v 0.208587 -0.544560 -0.093541
v 0.208562 -0.544350 -0.094052
v 0.208526 -0.544056 -0.094520
v 0.208480 -0.543686 -0.094928
v 0.208427 -0.543251 -0.095266
v 0.208367 -0.542764 -0.095523
v 0.208303 -0.542240 -0.095690
v 0.208236 -0.541696 -0.095763
v 0.206730 -0.541949 -0.090955
v 0.206765 -0.542228 -0.091017
v 0.206797 -0.542492 -0.091127
v 0.206827 -0.542733 -0.091281
v 0.206853 -0.542944 -0.091475
v 0.206874 -0.543118 -0.091703
v 0.206890 -0.543250 -0.091957
v 0.206901 -0.543336 -0.092232
v 0.206905 -0.543374 -0.092517
v 0.206904 -0.543362 -0.092804
v 0.206896 -0.543301 -0.093085
v 0.206883 -0.543192 -0.093351
v 0.206864 -0.543039 -0.093594
v 0.206841 -0.542847 -0.093806
v 0.206813 -0.542621 -0.093982
v 0.206782 -0.542368 -0.094115
v 0.206748 -0.542096 -0.094202
v 0.206714 -0.541813 -0.094240
v 0.207587 -0.542672 -0.090412
v 0.207663 -0.543290 -0.090839
v 0.207719 -0.543747 -0.091437
v 0.207750 -0.543999 -0.092148
v 0.207753 -0.544020 -0.092902
v 0.207727 -0.543808 -0.093626
v 0.207675 -0.543385 -0.094249
v 0.207602 -0.542792 -0.094710
v 0.207515 -0.542086 -0.094963
v 0.203402 -0.541930 -0.094228
v 0.206679 -0.541528 -0.094228
v 0.206730 -0.541949 -0.090955
v 0.206765 -0.542228 -0.091017
v 0.206797 -0.542492 -0.091127
v 0.206827 -0.542733 -0.091281
v 0.206853 -0.542944 -0.091475
v 0.206874 -0.543118 -0.091703
v 0.206890 -0.543250 -0.091957
v 0.206901 -0.543336 -0.092232
v 0.206905 -0.543374 -0.092517
v 0.206904 -0.543362 -0.092804
v 0.206896 -0.543301 -0.093085
v 0.206883 -0.543192 -0.093351
v 0.206864 -0.543039 -0.093594
v 0.206841 -0.542847 -0.093806
v 0.206813 -0.542621 -0.093982
v 0.206782 -0.542368 -0.094115
v 0.206748 -0.542096 -0.094202
v 0.206714 -0.541813 -0.094240
v 0.203454 -0.542351 -0.090955
v 0.203488 -0.542630 -0.091017
v 0.203521 -0.542894 -0.091127
v 0.203550 -0.543135 -0.091281
v 0.203576 -0.543346 -0.091475
v 0.203598 -0.543520 -0.091703
v 0.203614 -0.543652 -0.091957
v 0.203624 -0.543739 -0.092232
v 0.203629 -0.543777 -0.092517
v 0.203628 -0.543765 -0.092804
v 0.203620 -0.543703 -0.093085
v 0.203607 -0.543595 -0.093351
v 0.203588 -0.543442 -0.093594
v 0.203564 -0.543249 -0.093806
v 0.203536 -0.543023 -0.093982
v 0.203505 -0.542770 -0.094115
v 0.203472 -0.542498 -0.094202
v 0.203437 -0.542215 -0.094240
v 0.211452 -0.580407 -0.099310
v 0.212942 -0.580027 -0.100822
v 0.213042 -0.580838 -0.094525
v 0.213108 -0.581374 -0.094644
v 0.213170 -0.581882 -0.094854
v 0.213227 -0.582346 -0.095151
v 0.213277 -0.582752 -0.095524
v 0.213318 -0.583087 -0.095962
v 0.213349 -0.583341 -0.096453
v 0.213370 -0.583507 -0.096980
v 0.213379 -0.583580 -0.097529
v 0.213376 -0.583557 -0.098082
v 0.213361 -0.583439 -0.098623
v 0.213336 -0.583230 -0.099134
v 0.213299 -0.582936 -0.099602
v 0.213254 -0.582566 -0.100010
v 0.213201 -0.582130 -0.100348
v 0.213141 -0.581644 -0.100604
v 0.213076 -0.581120 -0.100772
v 0.213010 -0.580576 -0.100845
v 0.211504 -0.580829 -0.096037
v 0.211538 -0.581108 -0.096099
v 0.211571 -0.581371 -0.096208
v 0.211600 -0.581613 -0.096363
v 0.211626 -0.581823 -0.096556
v 0.211648 -0.581998 -0.096784
v 0.211664 -0.582130 -0.097039
v 0.211675 -0.582216 -0.097313
v 0.211679 -0.582254 -0.097598
v 0.211678 -0.582242 -0.097886
v 0.211670 -0.582181 -0.098167
v 0.211657 -0.582072 -0.098433
v 0.211638 -0.581919 -0.098675
v 0.211614 -0.581727 -0.098888
v 0.211587 -0.581501 -0.099063
v 0.211556 -0.581248 -0.099197
v 0.211522 -0.580975 -0.099284
v 0.211488 -0.580693 -0.099322
v 0.212361 -0.581552 -0.095494
v 0.212437 -0.582170 -0.095920
v 0.212493 -0.582627 -0.096518
v 0.212524 -0.582879 -0.097229
v 0.212527 -0.582900 -0.097984
v 0.212501 -0.582688 -0.098708
v 0.212449 -0.582265 -0.099331
v 0.212376 -0.581672 -0.099791
v 0.212289 -0.580966 -0.100045
v 0.208176 -0.580810 -0.099310
v 0.211452 -0.580407 -0.099310
v 0.211504 -0.580829 -0.096037
v 0.211538 -0.581108 -0.096099
v 0.211571 -0.581371 -0.096208
v 0.211600 -0.581613 -0.096363
v 0.211626 -0.581823 -0.096556
v 0.211648 -0.581998 -0.096784
v 0.211664 -0.582130 -0.097039
v 0.211675 -0.582216 -0.097313
v 0.211679 -0.582254 -0.097598
v 0.211678 -0.582242 -0.097886
v 0.211670 -0.582181 -0.098167
v 0.211657 -0.582072 -0.098433
v 0.211638 -0.581919 -0.098675
v 0.211614 -0.581727 -0.098888
v 0.211587 -0.581501 -0.099063
v 0.211556 -0.581248 -0.099197
v 0.211522 -0.580975 -0.099284
v 0.211488 -0.580693 -0.099322
v 0.208228 -0.581231 -0.096037
v 0.208262 -0.581510 -0.096099
v 0.208294 -0.581774 -0.096208
v 0.208324 -0.582015 -0.096363
v 0.208350 -0.582226 -0.096556
v 0.208371 -0.582400 -0.096784
v 0.208388 -0.582532 -0.097039
v 0.208398 -0.582618 -0.097313
v 0.208403 -0.582656 -0.097598
v 0.208401 -0.582644 -0.097886
v 0.208394 -0.582583 -0.098167
v 0.208381 -0.582474 -0.098433
v 0.208362 -0.582321 -0.098675
v 0.208338 -0.582129 -0.098888
v 0.208310 -0.581903 -0.099063
v 0.208279 -0.581650 -0.099197
v 0.208246 -0.581378 -0.099284
v 0.208211 -0.581095 -0.099322
v 0.214376 -0.604215 -0.067927
v 0.215865 -0.603835 -0.069439
v 0.215965 -0.604646 -0.063142
v 0.216031 -0.605182 -0.063261
v 0.216093 -0.605690 -0.063472
v 0.216150 -0.606154 -0.063768
v 0.216200 -0.606560 -0.064141
v 0.216241 -0.606895 -0.064580
v 0.216272 -0.607149 -0.065070
v 0.216293 -0.607316 -0.065598
v 0.216302 -0.607388 -0.066146
v 0.216299 -0.607365 -0.066699
v 0.216285 -0.607247 -0.067240
v 0.216259 -0.607038 -0.067751
v 0.216223 -0.606744 -0.068219
v 0.216177 -0.606374 -0.068627
v 0.216124 -0.605938 -0.068965
v 0.216064 -0.605452 -0.069222
v 0.216000 -0.604928 -0.069389
v 0.215933 -0.604384 -0.069462
v 0.214427 -0.604637 -0.064654
v 0.214462 -0.604916 -0.064716
v 0.214494 -0.605179 -0.064826
v 0.214524 -0.605421 -0.064980
v 0.214550 -0.605631 -0.065174
v 0.214571 -0.605806 -0.065401
v 0.214587 -0.605938 -0.065656
v 0.214598 -0.606024 -0.065930
v 0.214602 -0.606062 -0.066216
v 0.214601 -0.606050 -0.066503
v 0.214594 -0.605989 -0.066784
v 0.214580 -0.605880 -0.067050
v 0.214561 -0.605727 -0.067293
v 0.214538 -0.605535 -0.067505
v 0.214510 -0.605309 -0.067681
v 0.214479 -0.605056 -0.067814
v 0.214446 -0.604784 -0.067901
v 0.214411 -0.604501 -0.067939
v 0.215285 -0.605360 -0.064111
v 0.215360 -0.605978 -0.064538
v 0.215417 -0.606435 -0.065136
v 0.215447 -0.606687 -0.065847
v 0.215450 -0.606708 -0.066601
v 0.215424 -0.606496 -0.067325
v 0.215372 -0.606073 -0.067948
v 0.215299 -0.605480 -0.068409
v 0.215213 -0.604774 -0.068662
v 0.211099 -0.604618 -0.067927
v 0.214376 -0.604215 -0.067927
v 0.214427 -0.604637 -0.064654
v 0.214462 -0.604916 -0.064716
v 0.214494 -0.605179 -0.064826
v 0.214524 -0.605421 -0.064980
v 0.214550 -0.605631 -0.065174
v 0.214571 -0.605806 -0.065401
v 0.214587 -0.605938 -0.065656
v 0.214598 -0.606024 -0.065930
v 0.214602 -0.606062 -0.066216
v 0.214601 -0.606050 -0.066503
v 0.214594 -0.605989 -0.066784
v 0.214580 -0.605880 -0.067050
v 0.214561 -0.605727 -0.067293
v 0.214538 -0.605535 -0.067505
v 0.214510 -0.605309 -0.067681
v 0.214479 -0.605056 -0.067814
v 0.214446 -0.604784 -0.067901
v 0.214411 -0.604501 -0.067939
v 0.211151 -0.605039 -0.064654
v 0.211185 -0.605318 -0.064716
v 0.211218 -0.605582 -0.064826
v 0.211247 -0.605823 -0.064980
v 0.211273 -0.606034 -0.065174
v 0.211295 -0.606208 -0.065401
v 0.211311 -0.606340 -0.065656
v 0.211321 -0.606427 -0.065930
v 0.211326 -0.606464 -0.066216
v 0.211325 -0.606452 -0.066503
v 0.211317 -0.606391 -0.066784
v 0.211304 -0.606282 -0.067050
v 0.211285 -0.606129 -0.067293
v 0.211261 -0.605937 -0.067505
v 0.211234 -0.605711 -0.067681
v 0.211203 -0.605458 -0.067814
v 0.211169 -0.605186 -0.067901
v 0.211134 -0.604903 -0.067939
v 0.212525 -0.589144 -0.031462
v 0.214015 -0.588763 -0.032975
v 0.214114 -0.589574 -0.026677
v 0.214180 -0.590110 -0.026796
v 0.214243 -0.590618 -0.027007
v 0.214300 -0.591082 -0.027303
v 0.214349 -0.591488 -0.027677
v 0.214391 -0.591823 -0.028115
v 0.214422 -0.592078 -0.028605
v 0.214442 -0.592244 -0.029133
v 0.214451 -0.592317 -0.029682
v 0.214448 -0.592294 -0.030235
v 0.214434 -0.592176 -0.030775
v 0.214408 -0.591966 -0.031287
v 0.214372 -0.591672 -0.031754
v 0.214327 -0.591302 -0.032163
v 0.214273 -0.590867 -0.032501
v 0.214213 -0.590380 -0.032757
v 0.214149 -0.589856 -0.032924
v 0.214082 -0.589312 -0.032998
v 0.212577 -0.589565 -0.028190
v 0.212611 -0.589844 -0.028251
v 0.212644 -0.590108 -0.028361
v 0.212673 -0.590349 -0.028515
v 0.212699 -0.590560 -0.028709
v 0.212720 -0.590734 -0.028937
v 0.212737 -0.590866 -0.029192
v 0.212747 -0.590953 -0.029466
v 0.212752 -0.590990 -0.029751
v 0.212750 -0.590978 -0.030038
v 0.212743 -0.590917 -0.030319
v 0.212730 -0.590808 -0.030585
v 0.212711 -0.590655 -0.030828
v 0.212687 -0.590463 -0.031040
v 0.212659 -0.590237 -0.031216
v 0.212628 -0.589984 -0.031349
v 0.212595 -0.589712 -0.031436
v 0.212560 -0.589429 -0.031474
v 0.213434 -0.590288 -0.027647
v 0.213510 -0.590906 -0.028073
v 0.213566 -0.591364 -0.028671
v 0.213597 -0.591615 -0.029382
v 0.213599 -0.591636 -0.030136
v 0.213573 -0.591425 -0.030861
v 0.213522 -0.591001 -0.031483
v 0.213449 -0.590408 -0.031944
v 0.213362 -0.589702 -0.032197
v 0.209249 -0.589546 -0.031462
v 0.212525 -0.589144 -0.031462
v 0.212577 -0.589565 -0.028190
v 0.212611 -0.589844 -0.028251
v 0.212644 -0.590108 -0.028361
v 0.212673 -0.590349 -0.028515
v 0.212699 -0.590560 -0.028709
v 0.212720 -0.590734 -0.028937
v 0.212737 -0.590866 -0.029192
v 0.212747 -0.590953 -0.029466
v 0.212752 -0.590990 -0.029751
v 0.212750 -0.590978 -0.030038
v 0.212743 -0.590917 -0.030319
v 0.212730 -0.590808 -0.030585
v 0.212711 -0.590655 -0.030828
v 0.212687 -0.590463 -0.031040
v 0.212659 -0.590237 -0.031216
v 0.212628 -0.589984 -0.031349
v 0.212595 -0.589712 -0.031436
v 0.212560 -0.589429 -0.031474
v 0.209301 -0.589967 -0.028190
v 0.209335 -0.590246 -0.028251
v 0.209367 -0.590510 -0.028361
v 0.209397 -0.590751 -0.028515
v 0.209423 -0.590962 -0.028709
v 0.209444 -0.591136 -0.028937
v 0.209460 -0.591268 -0.029192
v 0.209471 -0.591355 -0.029466
v 0.209476 -0.591393 -0.029751
v 0.209474 -0.591381 -0.030038
v 0.209467 -0.591319 -0.030319
v 0.209453 -0.591211 -0.030585
v 0.209434 -0.591058 -0.030828
v 0.209411 -0.590865 -0.031040
v 0.209383 -0.590639 -0.031216
v 0.209352 -0.590386 -0.031349
v 0.209319 -0.590114 -0.031436
v 0.209284 -0.589831 -0.031474
v 0.207751 -0.550264 -0.026381
v 0.209241 -0.549883 -0.027893
v 0.209341 -0.550694 -0.021596
v 0.209407 -0.551231 -0.021714
v 0.209469 -0.551739 -0.021925
v 0.209526 -0.552202 -0.022222
v 0.209576 -0.552608 -0.022595
v 0.209617 -0.552943 -0.023033
v 0.209648 -0.553198 -0.023524
v 0.209668 -0.553364 -0.024051
v 0.209677 -0.553437 -0.024600
v 0.209675 -0.553414 -0.025153
v 0.209660 -0.553296 -0.025693
v 0.209634 -0.553087 -0.026205
v 0.209598 -0.552792 -0.026672
v 0.209553 -0.552422 -0.027081
v 0.209499 -0.551987 -0.027419
v 0.209440 -0.551500 -0.027675
v 0.209375 -0.550977 -0.027843
v 0.209308 -0.550432 -0.027916
v 0.207803 -0.550685 -0.023108
v 0.207837 -0.550964 -0.023170
v 0.207870 -0.551228 -0.023279
v 0.207899 -0.551469 -0.023433
v 0.207925 -0.551680 -0.023627
v 0.207947 -0.551854 -0.023855
v 0.207963 -0.551986 -0.024110
v 0.207973 -0.552073 -0.024384
v 0.207978 -0.552111 -0.024669
v 0.207977 -0.552099 -0.024957
v 0.207969 -0.552037 -0.025237
v 0.207956 -0.551929 -0.025503
v 0.207937 -0.551776 -0.025746
v 0.207913 -0.551583 -0.025959
v 0.207886 -0.551357 -0.026134
v 0.207855 -0.551104 -0.026267
v 0.207821 -0.550832 -0.026354
v 0.207786 -0.550549 -0.026393
v 0.208660 -0.551408 -0.022565
v 0.208736 -0.552027 -0.022991
v 0.208792 -0.552484 -0.023589
v 0.208823 -0.552735 -0.024300
v 0.208826 -0.552756 -0.025055
v 0.208800 -0.552545 -0.025779
v 0.208748 -0.552122 -0.026402
v 0.208675 -0.551528 -0.026862
v 0.208588 -0.550822 -0.027116
v 0.204475 -0.550666 -0.026381
v 0.207751 -0.550264 -0.026381
v 0.207803 -0.550685 -0.023108
v 0.207837 -0.550964 -0.023170
v 0.207870 -0.551228 -0.023279
v 0.207899 -0.551469 -0.023433
v 0.207925 -0.551680 -0.023627
v 0.207947 -0.551854 -0.023855
v 0.207963 -0.551986 -0.024110
v 0.207973 -0.552073 -0.024384
v 0.207978 -0.552111 -0.024669
v 0.207977 -0.552099 -0.024957
v 0.207969 -0.552037 -0.025237
v 0.207956 -0.551929 -0.025503
v 0.207937 -0.551776 -0.025746
v 0.207913 -0.551583 -0.025959
v 0.207886 -0.551357 -0.026134
v 0.207855 -0.551104 -0.026267
v 0.207821 -0.550832 -0.026354
v 0.207786 -0.550549 -0.026393
v 0.204527 -0.551088 -0.023108
v 0.204561 -0.551366 -0.023170
v 0.204593 -0.551630 -0.023279
v 0.204623 -0.551871 -0.023433
v 0.204649 -0.552082 -0.023627
v 0.204670 -0.552256 -0.023855
v 0.204686 -0.552389 -0.024110
v 0.204697 -0.552475 -0.024384
v 0.204702 -0.552513 -0.024669
v 0.204700 -0.552501 -0.024957
v 0.204693 -0.552440 -0.025237
v 0.204679 -0.552331 -0.025503
v 0.204661 -0.552178 -0.025746
v 0.204637 -0.551986 -0.025959
v 0.204609 -0.551759 -0.026134
v 0.204578 -0.551506 -0.026267
v 0.204545 -0.551234 -0.026354
v 0.204510 -0.550951 -0.026393
v 0.204828 -0.526456 -0.057763
v 0.206318 -0.526075 -0.059276
v 0.206417 -0.526886 -0.052978
v 0.206483 -0.527423 -0.053097
v 0.206546 -0.527930 -0.053308
v 0.206603 -0.528394 -0.053605
v 0.206652 -0.528800 -0.053978
v 0.206694 -0.529135 -0.054416
v 0.206725 -0.529390 -0.054907
v 0.206745 -0.529556 -0.055434
v 0.206754 -0.529629 -0.055983
v 0.206751 -0.529606 -0.056536
v 0.206737 -0.529488 -0.057076
v 0.206711 -0.529279 -0.057588
v 0.206675 -0.528984 -0.058055
v 0.206630 -0.528614 -0.058464
v 0.206576 -0.528179 -0.058802
v 0.206516 -0.527692 -0.059058
v 0.206452 -0.527169 -0.059226
v 0.206385 -0.526624 -0.059299
v 0.204880 -0.526877 -0.054491
v 0.204914 -0.527156 -0.054553
v 0.204946 -0.527420 -0.054662
v 0.204976 -0.527661 -0.054816
v 0.205002 -0.527872 -0.055010
v 0.205023 -0.528046 -0.055238
v 0.205040 -0.528178 -0.055493
v 0.205050 -0.528265 -0.055767
v 0.205055 -0.528303 -0.056052
v 0.205053 -0.528291 -0.056339
v 0.205046 -0.528229 -0.056620
v 0.205032 -0.528121 -0.056886
v 0.205014 -0.527968 -0.057129
v 0.204990 -0.527775 -0.057341
v 0.204962 -0.527549 -0.057517
v 0.204931 -0.527296 -0.057650
v 0.204898 -0.527024 -0.057737
v 0.204863 -0.526741 -0.057775
v 0.205737 -0.527600 -0.053948
v 0.205813 -0.528219 -0.054374
v 0.205869 -0.528676 -0.054972
v 0.205900 -0.528927 -0.055683
v 0.205902 -0.528948 -0.056437
v 0.205876 -0.528737 -0.057162
v 0.205824 -0.528314 -0.057784
v 0.205752 -0.527720 -0.058245
v 0.205665 -0.527014 -0.058498
v 0.201552 -0.526858 -0.057763
v 0.204828 -0.526456 -0.057763
v 0.204880 -0.526877 -0.054491
v 0.204914 -0.527156 -0.054553
v 0.204946 -0.527420 -0.054662
v 0.204976 -0.527661 -0.054816
v 0.205002 -0.527872 -0.055010
v 0.205023 -0.528046 -0.055238
v 0.205040 -0.528178 -0.055493
v 0.205050 -0.528265 -0.055767
v 0.205055 -0.528303 -0.056052
v 0.205053 -0.528291 -0.056339
v 0.205046 -0.528229 -0.056620
v 0.205032 -0.528121 -0.056886
v 0.205014 -0.527968 -0.057129
v 0.204990 -0.527775 -0.057341
v 0.204962 -0.527549 -0.057517
v 0.204931 -0.527296 -0.057650
v 0.204898 -0.527024 -0.057737
v 0.204863 -0.526741 -0.057775
v 0.201603 -0.527279 -0.054491
v 0.201638 -0.527558 -0.054553
v 0.201670 -0.527822 -0.054662
v 0.201700 -0.528063 -0.054816
v 0.201726 -0.528274 -0.055010
v 0.201747 -0.528448 -0.055238
v 0.201763 -0.528581 -0.055493
v 0.201774 -0.528667 -0.055767
v 0.201778 -0.528705 -0.056052
v 0.201777 -0.528693 -0.056339
v 0.201769 -0.528632 -0.056620
v 0.201756 -0.528523 -0.056886
v 0.201737 -0.528370 -0.057129
v 0.201714 -0.528177 -0.057341
v 0.201686 -0.527951 -0.057517
v 0.201655 -0.527698 -0.057650
v 0.201621 -0.527426 -0.057737
v 0.201587 -0.527143 -0.057775
v 0.178744 -0.301506 -0.024980
v 0.173954 -0.302094 -0.024980
v 0.173900 -0.301653 -0.028406
v 0.173937 -0.301952 -0.028418
v 0.173973 -0.302248 -0.028378
v 0.174008 -0.302533 -0.028287
v 0.174041 -0.302798 -0.028148
v 0.174070 -0.303034 -0.027964
v 0.174094 -0.303236 -0.027742
v 0.174114 -0.303396 -0.027488
v 0.174128 -0.303510 -0.027209
v 0.174136 -0.303574 -0.026915
v 0.174137 -0.303586 -0.026614
v 0.174133 -0.303547 -0.026316
v 0.174121 -0.303456 -0.026029
v 0.174104 -0.303318 -0.025762
v 0.174082 -0.303136 -0.025524
v 0.174055 -0.302915 -0.025321
v 0.174024 -0.302662 -0.025159
v 0.173990 -0.302386 -0.025045
v 0.178690 -0.301065 -0.028406
v 0.178727 -0.301364 -0.028418
v 0.178763 -0.301660 -0.028378
v 0.178798 -0.301945 -0.028287
v 0.178831 -0.302209 -0.028148
v 0.178860 -0.302446 -0.027964
v 0.178884 -0.302648 -0.027742
v 0.178904 -0.302808 -0.027488
v 0.178918 -0.302922 -0.027209
v 0.178926 -0.302986 -0.026915
v 0.178927 -0.302998 -0.026614
v 0.178923 -0.302959 -0.026316
v 0.178911 -0.302868 -0.026029
v 0.178894 -0.302730 -0.025762
v 0.178872 -0.302547 -0.025524
v 0.178845 -0.302327 -0.025321
v 0.178814 -0.302074 -0.025159
v 0.178780 -0.301798 -0.025045
v 0.177209 -0.289006 -0.023346
v 0.172419 -0.289594 -0.023346
v 0.172365 -0.289153 -0.026772
v 0.172402 -0.289451 -0.026784
v 0.172438 -0.289747 -0.026745
v 0.172473 -0.290032 -0.026653
v 0.172506 -0.290297 -0.026514
v 0.172535 -0.290534 -0.026330
v 0.172559 -0.290735 -0.026108
v 0.172579 -0.290895 -0.025854
v 0.172593 -0.291009 -0.025575
v 0.172601 -0.291073 -0.025281
v 0.172602 -0.291086 -0.024980
v 0.172598 -0.291046 -0.024682
v 0.172587 -0.290956 -0.024395
v 0.172570 -0.290817 -0.024128
v 0.172547 -0.290635 -0.023890
v 0.172520 -0.290414 -0.023687
v 0.172489 -0.290162 -0.023525
v 0.172455 -0.289886 -0.023411
v 0.177155 -0.288564 -0.026772
v 0.177192 -0.288863 -0.026784
v 0.177228 -0.289159 -0.026745
v 0.177263 -0.289444 -0.026653
v 0.177296 -0.289709 -0.026514
v 0.177325 -0.289946 -0.026330
v 0.177349 -0.290147 -0.026108
v 0.177369 -0.290307 -0.025854
v 0.177383 -0.290421 -0.025575
v 0.177391 -0.290485 -0.025281
v 0.177393 -0.290498 -0.024980
v 0.177388 -0.290458 -0.024682
v 0.177377 -0.290368 -0.024395
v 0.177360 -0.290229 -0.024128
v 0.177337 -0.290047 -0.023890
v 0.177310 -0.289826 -0.023687
v 0.177279 -0.289574 -0.023525
v 0.177245 -0.289297 -0.023411
v 0.211664 -0.569617 -0.028148
v 0.206874 -0.570206 -0.028148
v 0.205829 -0.561692 -0.094269
v 0.206536 -0.567454 -0.094512
v 0.207238 -0.573171 -0.093742
v 0.207913 -0.578669 -0.091985
v 0.208541 -0.583780 -0.089292
v 0.209102 -0.588349 -0.085745
v 0.209579 -0.592238 -0.081453
v 0.209959 -0.595328 -0.076547
v 0.210228 -0.597525 -0.071174
v 0.210380 -0.598763 -0.065498
v 0.210410 -0.599003 -0.059692
v 0.210316 -0.598240 -0.053932
v 0.210102 -0.596495 -0.048393
v 0.209774 -0.593822 -0.043244
v 0.209342 -0.590302 -0.038640
v 0.208819 -0.586042 -0.034722
v 0.208221 -0.581172 -0.031609
v 0.207566 -0.575839 -0.029395
v 0.210619 -0.561103 -0.094269
v 0.211326 -0.566866 -0.094512
v 0.212028 -0.572583 -0.093742
v 0.212703 -0.578081 -0.091985
v 0.213331 -0.583192 -0.089292
v 0.213892 -0.587761 -0.085745
v 0.214369 -0.591650 -0.081453
v 0.214749 -0.594740 -0.076547
v 0.215019 -0.596937 -0.071174
v 0.215170 -0.598174 -0.065498
v 0.215200 -0.598415 -0.059692
v 0.215106 -0.597651 -0.053932
v 0.214892 -0.595907 -0.048393
v 0.214564 -0.593234 -0.043244
v 0.214132 -0.589714 -0.038640
v 0.213609 -0.585454 -0.034722
v 0.213011 -0.580584 -0.031609
v 0.212356 -0.575251 -0.029395
v 0.180279 -0.314007 -0.026614
v 0.175489 -0.314595 -0.026614
v 0.175435 -0.314154 -0.030040
v 0.175472 -0.314452 -0.030052
v 0.175508 -0.314749 -0.030012
v 0.175543 -0.315033 -0.029921
v 0.175575 -0.315298 -0.029782
v 0.175604 -0.315535 -0.029598
v 0.175629 -0.315736 -0.029376
v 0.175649 -0.315896 -0.029121
v 0.175663 -0.316010 -0.028843
v 0.175671 -0.316074 -0.028549
v 0.175672 -0.316087 -0.028248
v 0.175667 -0.316047 -0.027950
v 0.175656 -0.315957 -0.027663
v 0.175639 -0.315818 -0.027396
v 0.175617 -0.315636 -0.027158
v 0.175590 -0.315415 -0.026955
v 0.175559 -0.315163 -0.026793
v 0.175525 -0.314887 -0.026679
v 0.180225 -0.313566 -0.030040
v 0.180262 -0.313864 -0.030052
v 0.180298 -0.314160 -0.030012
v 0.180333 -0.314445 -0.029921
v 0.180365 -0.314710 -0.029782
v 0.180394 -0.314947 -0.029598
v 0.180419 -0.315148 -0.029376
v 0.180439 -0.315308 -0.029121
v 0.180453 -0.315422 -0.028843
v 0.180461 -0.315486 -0.028549
v 0.180462 -0.315499 -0.028248
v 0.180457 -0.315459 -0.027950
v 0.180446 -0.315369 -0.027663
v 0.180429 -0.315230 -0.027396
v 0.180407 -0.315048 -0.027158
v 0.180380 -0.314827 -0.026955
v 0.180349 -0.314575 -0.026793
v 0.180315 -0.314299 -0.026679
v 0.181814 -0.326507 -0.028248
v 0.177024 -0.327095 -0.028248
v 0.176970 -0.326654 -0.031674
v 0.177006 -0.326953 -0.031686
v 0.177043 -0.327249 -0.031646
v 0.177078 -0.327534 -0.031555
v 0.177110 -0.327799 -0.031416
v 0.177139 -0.328035 -0.031232
v 0.177164 -0.328237 -0.031010
v 0.177184 -0.328397 -0.030755
v 0.177198 -0.328511 -0.030477
v 0.177206 -0.328575 -0.030183
v 0.177207 -0.328587 -0.029882
v 0.177202 -0.328548 -0.029584
v 0.177191 -0.328458 -0.029297
v 0.177174 -0.328319 -0.029030
v 0.177152 -0.328137 -0.028791
v 0.177125 -0.327916 -0.028588
v 0.177094 -0.327664 -0.028427
v 0.177060 -0.327387 -0.028312
v 0.181760 -0.326066 -0.031674
v 0.181796 -0.326365 -0.031686
v 0.181833 -0.326661 -0.031646
v 0.181868 -0.326946 -0.031555
v 0.181900 -0.327211 -0.031416
v 0.181929 -0.327447 -0.031232
v 0.181954 -0.327649 -0.031010
v 0.181974 -0.327809 -0.030755
v 0.181988 -0.327923 -0.030477
v 0.181996 -0.327987 -0.030183
v 0.181997 -0.327999 -0.029882
v 0.181992 -0.327960 -0.029584
v 0.181981 -0.327869 -0.029297
v 0.181964 -0.327731 -0.029030
v 0.181942 -0.327549 -0.028791
v 0.181915 -0.327328 -0.028588
v 0.181884 -0.327075 -0.028427
v 0.181850 -0.326799 -0.028312
v 0.183349 -0.339008 -0.029882
v 0.178559 -0.339596 -0.029882
v 0.178505 -0.339155 -0.033307
v 0.178541 -0.339454 -0.033320
v 0.178578 -0.339750 -0.033280
v 0.178613 -0.340035 -0.033189
v 0.178645 -0.340299 -0.033050
v 0.178674 -0.340536 -0.032866
v 0.178699 -0.340738 -0.032643
v 0.178719 -0.340898 -0.032389
v 0.178733 -0.341011 -0.032111
v 0.178740 -0.341076 -0.031817
v 0.178742 -0.341088 -0.031516
v 0.178737 -0.341048 -0.031218
v 0.178726 -0.340958 -0.030931
v 0.178709 -0.340820 -0.030664
v 0.178687 -0.340637 -0.030425
v 0.178660 -0.340417 -0.030222
v 0.178629 -0.340164 -0.030061
v 0.178595 -0.339888 -0.029946
v 0.183295 -0.338567 -0.033307
v 0.183331 -0.338865 -0.033320
v 0.183368 -0.339162 -0.033280
v 0.183403 -0.339446 -0.033189
v 0.183435 -0.339711 -0.033050
v 0.183464 -0.339948 -0.032866
v 0.183489 -0.340149 -0.032643
v 0.183509 -0.340309 -0.032389
v 0.183523 -0.340423 -0.032111
v 0.183530 -0.340487 -0.031817
v 0.183532 -0.340500 -0.031516
v 0.183527 -0.340460 -0.031218
v 0.183516 -0.340370 -0.030931
v 0.183499 -0.340231 -0.030664
v 0.183477 -0.340049 -0.030425
v 0.183450 -0.339828 -0.030222
v 0.183419 -0.339576 -0.030061
v 0.183385 -0.339300 -0.029946
v 0.184884 -0.351509 -0.031516
v 0.180094 -0.352097 -0.031516
v 0.180040 -0.351656 -0.034941
v 0.180076 -0.351954 -0.034954
v 0.180113 -0.352250 -0.034914
v 0.180148 -0.352535 -0.034823
v 0.180180 -0.352800 -0.034683
v 0.180209 -0.353037 -0.034500
v 0.180234 -0.353238 -0.034277
v 0.180253 -0.353398 -0.034023
v 0.180267 -0.353512 -0.033745
v 0.180275 -0.353576 -0.033451
v 0.180277 -0.353589 -0.033150
v 0.180272 -0.353549 -0.032851
v 0.180261 -0.353459 -0.032564
v 0.180244 -0.353320 -0.032298
v 0.180222 -0.353138 -0.032059
v 0.180194 -0.352917 -0.031856
v 0.180163 -0.352665 -0.031695
v 0.180130 -0.352389 -0.031580
v 0.184830 -0.351067 -0.034941
v 0.184866 -0.351366 -0.034954
v 0.184903 -0.351662 -0.034914
v 0.184938 -0.351947 -0.034823
v 0.184970 -0.352212 -0.034683
v 0.184999 -0.352449 -0.034500
v 0.185024 -0.352650 -0.034277
v 0.185044 -0.352810 -0.034023
v 0.185057 -0.352924 -0.033745
v 0.185065 -0.352988 -0.033451
v 0.185067 -0.353000 -0.033150
v 0.185062 -0.352961 -0.032851
v 0.185051 -0.352871 -0.032564
v 0.185034 -0.352732 -0.032298
v 0.185012 -0.352550 -0.032059
v 0.184984 -0.352329 -0.031856
v 0.184953 -0.352077 -0.031695
v 0.184920 -0.351800 -0.031580
v 0.186419 -0.364009 -0.033150
v 0.181629 -0.364597 -0.033150
v 0.181574 -0.364156 -0.036575
v 0.181611 -0.364455 -0.036588
v 0.181647 -0.364751 -0.036548
v 0.181682 -0.365036 -0.036457
v 0.181715 -0.365301 -0.036317
v 0.181744 -0.365537 -0.036134
v 0.181769 -0.365739 -0.035911
v 0.181788 -0.365899 -0.035657
v 0.181802 -0.366013 -0.035379
v 0.181810 -0.366077 -0.035085
v 0.181812 -0.366089 -0.034784
v 0.181807 -0.366050 -0.034485
v 0.181796 -0.365959 -0.034198
v 0.181779 -0.365821 -0.033932
v 0.181756 -0.365638 -0.033693
v 0.181729 -0.365418 -0.033490
v 0.181698 -0.365165 -0.033329
v 0.181664 -0.364889 -0.033214
v 0.186364 -0.363568 -0.036575
v 0.186401 -0.363867 -0.036588
v 0.186437 -0.364163 -0.036548
v 0.186472 -0.364448 -0.036457
v 0.186505 -0.364712 -0.036317
v 0.186534 -0.364949 -0.036134
v 0.186559 -0.365151 -0.035911
v 0.186578 -0.365311 -0.035657
v 0.186592 -0.365424 -0.035379
v 0.186600 -0.365489 -0.035085
v 0.186602 -0.365501 -0.034784
v 0.186597 -0.365462 -0.034485
v 0.186586 -0.365371 -0.034198
v 0.186569 -0.365233 -0.033932
v 0.186546 -0.365050 -0.033693
v 0.186519 -0.364830 -0.033490
v 0.186488 -0.364577 -0.033329
v 0.186454 -0.364301 -0.033214
v 0.187953 -0.376510 -0.034783
v 0.183163 -0.377098 -0.034783
v 0.183109 -0.376657 -0.038209
v 0.183146 -0.376955 -0.038222
v 0.183182 -0.377251 -0.038182
v 0.183217 -0.377536 -0.038091
v 0.183250 -0.377801 -0.037951
v 0.183279 -0.378038 -0.037767
v 0.183304 -0.378239 -0.037545
v 0.183323 -0.378399 -0.037291
v 0.183337 -0.378513 -0.037013
v 0.183345 -0.378577 -0.036718
v 0.183347 -0.378590 -0.036418
v 0.183342 -0.378550 -0.036119
v 0.183331 -0.378460 -0.035832
v 0.183314 -0.378321 -0.035565
v 0.183291 -0.378139 -0.035327
v 0.183264 -0.377918 -0.035124
v 0.183233 -0.377666 -0.034963
v 0.183199 -0.377390 -0.034848
v 0.187899 -0.376069 -0.038209
v 0.187936 -0.376367 -0.038222
v 0.187972 -0.376663 -0.038182
v 0.188007 -0.376948 -0.038091
v 0.188040 -0.377213 -0.037951
v 0.188069 -0.377450 -0.037767
v 0.188094 -0.377651 -0.037545
v 0.188113 -0.377811 -0.037291
v 0.188127 -0.377925 -0.037013
v 0.188135 -0.377989 -0.036718
v 0.188137 -0.378002 -0.036418
v 0.188132 -0.377962 -0.036119
v 0.188121 -0.377872 -0.035832
v 0.188104 -0.377733 -0.035565
v 0.188081 -0.377551 -0.035327
v 0.188054 -0.377330 -0.035124
v 0.188023 -0.377078 -0.034963
v 0.187989 -0.376802 -0.034848
v 0.189488 -0.389010 -0.036417
v 0.184698 -0.389598 -0.036417
v 0.184644 -0.389157 -0.039843
v 0.184681 -0.389456 -0.039856
v 0.184717 -0.389752 -0.039816
v 0.184752 -0.390037 -0.039725
v 0.184785 -0.390302 -0.039585
v 0.184814 -0.390538 -0.039401
v 0.184838 -0.390740 -0.039179
v 0.184858 -0.390900 -0.038925
v 0.184872 -0.391014 -0.038646
v 0.184880 -0.391078 -0.038352
v 0.184882 -0.391090 -0.038052
v 0.184877 -0.391051 -0.037753
v 0.184866 -0.390960 -0.037466
v 0.184849 -0.390822 -0.037199
v 0.184826 -0.390640 -0.036961
v 0.184799 -0.390419 -0.036758
v 0.184768 -0.390167 -0.036597
v 0.184734 -0.389890 -0.036482
v 0.189434 -0.388569 -0.039843
v 0.189471 -0.388868 -0.039856
v 0.189507 -0.389164 -0.039816
v 0.189542 -0.389449 -0.039725
v 0.189575 -0.389714 -0.039585
v 0.189604 -0.389950 -0.039401
v 0.189628 -0.390152 -0.039179
v 0.189648 -0.390312 -0.038925
v 0.189662 -0.390426 -0.038646
v 0.189670 -0.390490 -0.038352
v 0.189672 -0.390502 -0.038052
v 0.189667 -0.390463 -0.037753
v 0.189656 -0.390372 -0.037466
v 0.189639 -0.390234 -0.037199
v 0.189616 -0.390051 -0.036961
v 0.189589 -0.389831 -0.036758
v 0.189558 -0.389578 -0.036597
v 0.189524 -0.389302 -0.036482
v 0.191023 -0.401511 -0.038051
v 0.186233 -0.402099 -0.038051
v 0.186179 -0.401658 -0.041477
v 0.186216 -0.401956 -0.041489
v 0.186252 -0.402253 -0.041450
v 0.186287 -0.402537 -0.041359
v 0.186320 -0.402802 -0.041219
v 0.186349 -0.403039 -0.041035
v 0.186373 -0.403240 -0.040813
v 0.186393 -0.403401 -0.040559
v 0.186407 -0.403514 -0.040280
v 0.186415 -0.403578 -0.039986
v 0.186416 -0.403591 -0.039685
v 0.186412 -0.403551 -0.039387
v 0.186400 -0.403461 -0.039100
v 0.186383 -0.403323 -0.038833
v 0.186361 -0.403140 -0.038595
v 0.186334 -0.402919 -0.038392
v 0.186303 -0.402667 -0.038230
v 0.186269 -0.402391 -0.038116
v 0.190969 -0.401070 -0.041477
v 0.191006 -0.401368 -0.041489
v 0.191042 -0.401664 -0.041450
v 0.191077 -0.401949 -0.041359
v 0.191110 -0.402214 -0.041219
v 0.191139 -0.402451 -0.041035
v 0.191163 -0.402652 -0.040813
v 0.191183 -0.402812 -0.040559
v 0.191197 -0.402926 -0.040280
v 0.191205 -0.402990 -0.039986
v 0.191206 -0.403003 -0.039685
v 0.191202 -0.402963 -0.039387
v 0.191190 -0.402873 -0.039100
v 0.191173 -0.402734 -0.038833
v 0.191151 -0.402552 -0.038595
v 0.191124 -0.402331 -0.038392
v 0.191093 -0.402079 -0.038230
v 0.191059 -0.401803 -0.038116
v 0.192558 -0.414011 -0.039685
v 0.187768 -0.414600 -0.039685
v 0.187714 -0.414158 -0.043111
v 0.187751 -0.414457 -0.043123
v 0.187787 -0.414753 -0.043083
v 0.187822 -0.415038 -0.042992
v 0.187854 -0.415303 -0.042853
v 0.187883 -0.415540 -0.042669
v 0.187908 -0.415741 -0.042447
v 0.187928 -0.415901 -0.042193
v 0.187942 -0.416015 -0.041914
v 0.187950 -0.416079 -0.041620
v 0.187951 -0.416092 -0.041319
v 0.187946 -0.416052 -0.041021
v 0.187935 -0.415962 -0.040734
v 0.187918 -0.415823 -0.040467
v 0.187896 -0.415641 -0.040229
v 0.187869 -0.415420 -0.040026
v 0.187838 -0.415168 -0.039864
v 0.187804 -0.414891 -0.039750
v 0.192504 -0.413570 -0.043111
v 0.192541 -0.413869 -0.043123
v 0.192577 -0.414165 -0.043083
v 0.192612 -0.414450 -0.042992
v 0.192644 -0.414715 -0.042853
v 0.192674 -0.414951 -0.042669
v 0.192698 -0.415153 -0.042447
v 0.192718 -0.415313 -0.042193
v 0.192732 -0.415427 -0.041914
v 0.192740 -0.415491 -0.041620
v 0.192741 -0.415503 -0.041319
v 0.192736 -0.415464 -0.041021
v 0.192725 -0.415373 -0.040734
v 0.192708 -0.415235 -0.040467
v 0.192686 -0.415053 -0.040229
v 0.192659 -0.414832 -0.040026
v 0.192628 -0.414580 -0.039864
v 0.192594 -0.414303 -0.039750
v 0.194093 -0.426512 -0.041319
v 0.189303 -0.427100 -0.041319
v 0.189249 -0.426659 -0.044745
v 0.189285 -0.426958 -0.044757
v 0.189322 -0.427254 -0.044717
v 0.189357 -0.427539 -0.044626
v 0.189389 -0.427803 -0.044487
v 0.189418 -0.428040 -0.044303
v 0.189443 -0.428242 -0.044081
v 0.189463 -0.428402 -0.043826
v 0.189477 -0.428516 -0.043548
v 0.189485 -0.428580 -0.043254
v 0.189486 -0.428592 -0.042953
v 0.189481 -0.428553 -0.042655
v 0.189470 -0.428462 -0.042368
v 0.189453 -0.428324 -0.042101
v 0.189431 -0.428141 -0.041863
v 0.189404 -0.427921 -0.041660
v 0.189373 -0.427668 -0.041498
v 0.189339 -0.427392 -0.041384
v 0.194039 -0.426071 -0.044745
v 0.194075 -0.426369 -0.044757
v 0.194112 -0.426666 -0.044717
v 0.194147 -0.426950 -0.044626
v 0.194179 -0.427215 -0.044487
v 0.194208 -0.427452 -0.044303
v 0.194233 -0.427653 -0.044081
v 0.194253 -0.427814 -0.043826
v 0.194267 -0.427927 -0.043548
v 0.194275 -0.427992 -0.043254
v 0.194276 -0.428004 -0.042953
v 0.194271 -0.427964 -0.042655
v 0.194260 -0.427874 -0.042368
v 0.194243 -0.427736 -0.042101
v 0.194221 -0.427553 -0.041863
v 0.194194 -0.427332 -0.041660
v 0.194163 -0.427080 -0.041498
v 0.194129 -0.426804 -0.041384
v 0.195628 -0.439013 -0.042953
v 0.190838 -0.439601 -0.042953
v 0.190784 -0.439160 -0.046379
v 0.190820 -0.439458 -0.046391
v 0.190857 -0.439754 -0.046351
v 0.190892 -0.440039 -0.046260
v 0.190924 -0.440304 -0.046121
v 0.190953 -0.440541 -0.045937
v 0.190978 -0.440742 -0.045715
v 0.190998 -0.440902 -0.045460
v 0.191012 -0.441016 -0.045182
v 0.191019 -0.441080 -0.044888
v 0.191021 -0.441093 -0.044587
v 0.191016 -0.441053 -0.044289
v 0.191005 -0.440963 -0.044002
v 0.190988 -0.440824 -0.043735
v 0.190966 -0.440642 -0.043496
v 0.190939 -0.440421 -0.043293
v 0.190908 -0.440169 -0.043132
v 0.190874 -0.439893 -0.043017
v 0.195574 -0.438571 -0.046379
v 0.195610 -0.438870 -0.046391
v 0.195647 -0.439166 -0.046351
v 0.195682 -0.439451 -0.046260
v 0.195714 -0.439716 -0.046121
v 0.195743 -0.439953 -0.045937
v 0.195768 -0.440154 -0.045715
v 0.195788 -0.440314 -0.045460
v 0.195802 -0.440428 -0.045182
v 0.195810 -0.440492 -0.044888
v 0.195811 -0.440505 -0.044587
v 0.195806 -0.440465 -0.044289
v 0.195795 -0.440375 -0.044002
v 0.195778 -0.440236 -0.043735
v 0.195756 -0.440054 -0.043496
v 0.195729 -0.439833 -0.043293
v 0.195698 -0.439581 -0.043132
v 0.195664 -0.439304 -0.043017
v 0.197163 -0.451513 -0.044587
v 0.192373 -0.452101 -0.044587
v 0.192319 -0.451660 -0.048012
v 0.192355 -0.451959 -0.048025
v 0.192392 -0.452255 -0.047985
v 0.192427 -0.452540 -0.047894
v 0.192459 -0.452805 -0.047755
v 0.192488 -0.453041 -0.047571
v 0.192513 -0.453243 -0.047348
v 0.192533 -0.453403 -0.047094
v 0.192546 -0.453517 -0.046816
v 0.192554 -0.453581 -0.046522
v 0.192556 -0.453593 -0.046221
v 0.192551 -0.453554 -0.045923
v 0.192540 -0.453463 -0.045636
v 0.192523 -0.453325 -0.045369
v 0.192501 -0.453142 -0.045130
v 0.192473 -0.452922 -0.044927
v 0.192442 -0.452669 -0.044766
v 0.192409 -0.452393 -0.044651
v 0.197109 -0.451072 -0.048012
v 0.197145 -0.451371 -0.048025
v 0.197182 -0.451667 -0.047985
v 0.197217 -0.451952 -0.047894
v 0.197249 -0.452216 -0.047755
v 0.197278 -0.452453 -0.047571
v 0.197303 -0.452655 -0.047348
v 0.197323 -0.452815 -0.047094
v 0.197337 -0.452929 -0.046816
v 0.197344 -0.452993 -0.046522
v 0.197346 -0.453005 -0.046221
v 0.197341 -0.452966 -0.045923
v 0.197330 -0.452875 -0.045636
v 0.197313 -0.452737 -0.045369
v 0.197291 -0.452554 -0.045130
v 0.197263 -0.452334 -0.044927
v 0.197232 -0.452081 -0.044766
v 0.197199 -0.451805 -0.044651
v 0.198698 -0.464014 -0.046221
v 0.193908 -0.464602 -0.046221
v 0.193853 -0.464161 -0.049646
v 0.193890 -0.464459 -0.049659
v 0.193926 -0.464756 -0.049619
v 0.193961 -0.465040 -0.049528
v 0.193994 -0.465305 -0.049388
v 0.194023 -0.465542 -0.049205
v 0.194048 -0.465743 -0.048982
v 0.194067 -0.465903 -0.048728
v 0.194081 -0.466017 -0.048450
v 0.194089 -0.466081 -0.048156
v 0.194091 -0.466094 -0.047855
v 0.194086 -0.466054 -0.047556
v 0.194075 -0.465964 -0.047270
v 0.194058 -0.465825 -0.047003
v 0.194035 -0.465643 -0.046764
v 0.194008 -0.465422 -0.046561
v 0.193977 -0.465170 -0.046400
v 0.193943 -0.464894 -0.046285
v 0.198643 -0.463573 -0.049646
v 0.198680 -0.463871 -0.049659
v 0.198716 -0.464167 -0.049619
v 0.198751 -0.464452 -0.049528
v 0.198784 -0.464717 -0.049388
v 0.198813 -0.464954 -0.049205
v 0.198838 -0.465155 -0.048982
v 0.198857 -0.465315 -0.048728
v 0.198871 -0.465429 -0.048450
v 0.198879 -0.465493 -0.048156
v 0.198881 -0.465506 -0.047855
v 0.198876 -0.465466 -0.047556
v 0.198865 -0.465376 -0.047270
v 0.198848 -0.465237 -0.047003
v 0.198825 -0.465055 -0.046764
v 0.198798 -0.464834 -0.046561
v 0.198767 -0.464582 -0.046400
v 0.198733 -0.464306 -0.046285
v 0.200232 -0.476514 -0.047855
v 0.195442 -0.477102 -0.047855
v 0.195388 -0.476661 -0.051280
v 0.195425 -0.476960 -0.051293
v 0.195461 -0.477256 -0.051253
v 0.195496 -0.477541 -0.051162
v 0.195529 -0.477806 -0.051022
v 0.195558 -0.478042 -0.050839
v 0.195583 -0.478244 -0.050616
v 0.195602 -0.478404 -0.050362
v 0.195616 -0.478518 -0.050084
v 0.195624 -0.478582 -0.049790
v 0.195626 -0.478594 -0.049489
v 0.195621 -0.478555 -0.049190
v 0.195610 -0.478464 -0.048903
v 0.195593 -0.478326 -0.048637
v 0.195570 -0.478144 -0.048398
v 0.195543 -0.477923 -0.048195
v 0.195512 -0.477671 -0.048034
v 0.195478 -0.477394 -0.047919
v 0.200178 -0.476073 -0.051280
v 0.200215 -0.476372 -0.051293
v 0.200251 -0.476668 -0.051253
v 0.200286 -0.476953 -0.051162
v 0.200319 -0.477218 -0.051022
v 0.200348 -0.477454 -0.050839
v 0.200373 -0.477656 -0.050616
v 0.200392 -0.477816 -0.050362
v 0.200406 -0.477930 -0.050084
v 0.200414 -0.477994 -0.049790
v 0.200416 -0.478006 -0.049489
v 0.200411 -0.477967 -0.049190
v 0.200400 -0.477876 -0.048903
v 0.200383 -0.477738 -0.048637
v 0.200360 -0.477556 -0.048398
v 0.200333 -0.477335 -0.048195
v 0.200302 -0.477082 -0.048034
v 0.200268 -0.476806 -0.047919
v 0.201767 -0.489015 -0.049488
v 0.196977 -0.489603 -0.049488
v 0.196923 -0.489162 -0.052914
v 0.196960 -0.489461 -0.052927
v 0.196996 -0.489757 -0.052887
v 0.197031 -0.490042 -0.052796
v 0.197064 -0.490306 -0.052656
v 0.197093 -0.490543 -0.052472
v 0.197117 -0.490745 -0.052250
v 0.197137 -0.490905 -0.051996
v 0.197151 -0.491018 -0.051718
v 0.197159 -0.491083 -0.051423
v 0.197161 -0.491095 -0.051123
v 0.197156 -0.491055 -0.050824
v 0.197145 -0.490965 -0.050537
v 0.197128 -0.490827 -0.050270
v 0.197105 -0.490644 -0.050032
v 0.197078 -0.490424 -0.049829
v 0.197047 -0.490171 -0.049668
v 0.197013 -0.489895 -0.049553
v 0.201713 -0.488574 -0.052914
v 0.201750 -0.488872 -0.052927
v 0.201786 -0.489169 -0.052887
v 0.201821 -0.489453 -0.052796
v 0.201854 -0.489718 -0.052656
v 0.201883 -0.489955 -0.052472
v 0.201908 -0.490156 -0.052250
v 0.201927 -0.490316 -0.051996
v 0.201941 -0.490430 -0.051718
v 0.201949 -0.490494 -0.051423
v 0.201951 -0.490507 -0.051123
v 0.201946 -0.490467 -0.050824
v 0.201935 -0.490377 -0.050537
v 0.201918 -0.490238 -0.050270
v 0.201895 -0.490056 -0.050032
v 0.201868 -0.489835 -0.049829
v 0.201837 -0.489583 -0.049668
v 0.201803 -0.489307 -0.049553
v 0.203302 -0.501515 -0.051122
v 0.198512 -0.502104 -0.051122
v 0.198458 -0.501663 -0.054548
v 0.198495 -0.501961 -0.054561
v 0.198531 -0.502257 -0.054521
v 0.198566 -0.502542 -0.054430
v 0.198599 -0.502807 -0.054290
v 0.198628 -0.503044 -0.054106
v 0.198652 -0.503245 -0.053884
v 0.198672 -0.503405 -0.053630
v 0.198686 -0.503519 -0.053351
v 0.198694 -0.503583 -0.053057
v 0.198695 -0.503596 -0.052757
v 0.198691 -0.503556 -0.052458
v 0.198679 -0.503466 -0.052171
v 0.198662 -0.503327 -0.051904
v 0.198640 -0.503145 -0.051666
v 0.198613 -0.502924 -0.051463
v 0.198582 -0.502672 -0.051302
v 0.198548 -0.502395 -0.051187
v 0.203248 -0.501074 -0.054548
v 0.203285 -0.501373 -0.054561
v 0.203321 -0.501669 -0.054521
v 0.203356 -0.501954 -0.054430
v 0.203389 -0.502219 -0.054290
v 0.203418 -0.502455 -0.054106
v 0.203442 -0.502657 -0.053884
v 0.203462 -0.502817 -0.053630
v 0.203476 -0.502931 -0.053351
v 0.203484 -0.502995 -0.053057
v 0.203485 -0.503007 -0.052757
v 0.203481 -0.502968 -0.052458
v 0.203469 -0.502878 -0.052171
v 0.203452 -0.502739 -0.051904
v 0.203430 -0.502557 -0.051666
v 0.203403 -0.502336 -0.051463
v 0.203372 -0.502084 -0.051302
v 0.203338 -0.501807 -0.051187
v 0.204837 -0.514016 -0.052756
v 0.200047 -0.514604 -0.052756
v 0.199993 -0.514163 -0.056182
v 0.200030 -0.514462 -0.056194
v 0.200066 -0.514758 -0.056155
v 0.200101 -0.515043 -0.056064
v 0.200133 -0.515307 -0.055924
v 0.200163 -0.515544 -0.055740
v 0.200187 -0.515746 -0.055518
v 0.200207 -0.515906 -0.055264
v 0.200221 -0.516020 -0.054985
v 0.200229 -0.516084 -0.054691
v 0.200230 -0.516096 -0.054390
v 0.200225 -0.516057 -0.054092
v 0.200214 -0.515966 -0.053805
v 0.200197 -0.515828 -0.053538
v 0.200175 -0.515645 -0.053300
v 0.200148 -0.515425 -0.053097
v 0.200117 -0.515172 -0.052936
v 0.200083 -0.514896 -0.052821
v 0.204783 -0.513575 -0.056182
v 0.204820 -0.513874 -0.056194
v 0.204856 -0.514170 -0.056155
v 0.204891 -0.514455 -0.056064
v 0.204923 -0.514719 -0.055924
v 0.204953 -0.514956 -0.055740
v 0.204977 -0.515158 -0.055518
v 0.204997 -0.515318 -0.055264
v 0.205011 -0.515431 -0.054985
v 0.205019 -0.515496 -0.054691
v 0.205020 -0.515508 -0.054390
v 0.205015 -0.515468 -0.054092
v 0.205004 -0.515378 -0.053805
v 0.204987 -0.515240 -0.053538
v 0.204965 -0.515057 -0.053300
v 0.204938 -0.514837 -0.053097
v 0.204907 -0.514584 -0.052936
v 0.204873 -0.514308 -0.052821
v 0.205630 -0.560070 -0.106864
v 0.206520 -0.567319 -0.107226
v 0.207405 -0.574533 -0.106427
v 0.208265 -0.581531 -0.104487
v 0.210420 -0.559482 -0.106864
v 0.211310 -0.566731 -0.107226
v 0.212195 -0.573945 -0.106427
v 0.213055 -0.580943 -0.104487
v 0.215898 -0.604098 -0.085626
v 0.216341 -0.607707 -0.078506
v 0.216627 -0.610038 -0.070865
v 0.216748 -0.611023 -0.062933
v 0.216700 -0.610630 -0.054949
v 0.216484 -0.608873 -0.047153
v 0.216107 -0.605804 -0.039782
v 0.215581 -0.601515 -0.033056
v 0.214920 -0.596136 -0.027179
v 0.214146 -0.589830 -0.022329
v 0.213281 -0.582785 -0.018650
v 0.212351 -0.575215 -0.016255
v 0.211386 -0.567348 -0.015215
v 0.210412 -0.559421 -0.015562
v 0.209461 -0.551673 -0.017285
v 0.208560 -0.544338 -0.020333
v 0.207737 -0.537637 -0.024613
v 0.207017 -0.531771 -0.029996
v 0.204344 -0.509996 -0.037964
v 0.204835 -0.513999 -0.038164
v 0.205324 -0.517982 -0.037722
v 0.205799 -0.521846 -0.036650
v 0.206246 -0.525492 -0.034974
v 0.206656 -0.528829 -0.032737
v 0.177431 -0.290812 -0.009316
v 0.177094 -0.288068 -0.009200
v 0.176760 -0.285346 -0.009567
v 0.176438 -0.282728 -0.010404
v 0.176140 -0.280294 -0.011686
v 0.175872 -0.278118 -0.013375
v 0.175645 -0.276266 -0.015419
v 0.175464 -0.274795 -0.017755
v 0.175336 -0.273749 -0.020314
v 0.175264 -0.273159 -0.023017
v 0.175250 -0.273045 -0.025781
v 0.175294 -0.273408 -0.028524
v 0.175396 -0.274239 -0.031162
v 0.175553 -0.275512 -0.033614
v 0.175758 -0.277188 -0.035806
v 0.176007 -0.279217 -0.037672
v 0.176292 -0.281536 -0.039154
v 0.176604 -0.284075 -0.040208
v 0.176933 -0.286758 -0.040802
v 0.203846 -0.505942 -0.069451
v 0.206183 -0.524978 -0.082753
v 0.205919 -0.522827 -0.079346
v 0.205592 -0.520168 -0.076326
v 0.205212 -0.517067 -0.073768
v 0.204786 -0.513602 -0.071738
v 0.204327 -0.509863 -0.070287
v 0.206662 -0.528877 -0.088928
v 0.207254 -0.533698 -0.094402
v 0.207944 -0.539318 -0.099038
v 0.208715 -0.545597 -0.102718
v 0.209547 -0.552375 -0.105348
v 0.210420 -0.559482 -0.106864
v 0.211310 -0.566731 -0.107226
v 0.212195 -0.573945 -0.106427
v 0.213055 -0.580943 -0.104487
v 0.212972 -0.580266 -0.102607
v 0.213780 -0.586848 -0.099557
v 0.214516 -0.592840 -0.095455
v 0.215159 -0.598077 -0.090411
v 0.215691 -0.602416 -0.084565
v 0.208268 -0.541958 -0.089443
v 0.208334 -0.542494 -0.089562
v 0.208396 -0.543002 -0.089773
v 0.208453 -0.543466 -0.090069
v 0.208503 -0.543872 -0.090442
v 0.208544 -0.544207 -0.090881
v 0.208575 -0.544462 -0.091371
v 0.208596 -0.544628 -0.091899
v 0.208605 -0.544700 -0.092447
v 0.208602 -0.544678 -0.093000
v 0.208587 -0.544560 -0.093541
v 0.208562 -0.544350 -0.094052
v 0.208526 -0.544056 -0.094520
v 0.208480 -0.543686 -0.094928
v 0.208427 -0.543251 -0.095266
v 0.208367 -0.542764 -0.095523
v 0.208303 -0.542240 -0.095690
v 0.208236 -0.541696 -0.095763
v 0.208168 -0.541147 -0.095740
v 0.208103 -0.540610 -0.095622
v 0.208040 -0.540103 -0.095411
v 0.207983 -0.539639 -0.095114
v 0.207933 -0.539233 -0.094741
v 0.207892 -0.538898 -0.094303
v 0.207861 -0.538643 -0.093812
v 0.207841 -0.538477 -0.093285
v 0.207832 -0.538404 -0.092736
v 0.207834 -0.538427 -0.092183
v 0.207849 -0.538545 -0.091643
v 0.207875 -0.538754 -0.091131
v 0.207911 -0.539049 -0.090664
v 0.207956 -0.539419 -0.090255
v 0.208010 -0.539854 -0.089917
v 0.208069 -0.540341 -0.089661
v 0.208134 -0.540864 -0.089493
v 0.208201 -0.541409 -0.089420
v 0.213042 -0.580838 -0.094525
v 0.213108 -0.581374 -0.094644
v 0.213170 -0.581882 -0.094854
v 0.213227 -0.582346 -0.095151
v 0.213277 -0.582752 -0.095524
v 0.213318 -0.583087 -0.095962
v 0.213349 -0.583341 -0.096453
v 0.213370 -0.583507 -0.096980
v 0.213379 -0.583580 -0.097529
v 0.213376 -0.583557 -0.098082
v 0.213361 -0.583439 -0.098623
v 0.213336 -0.583230 -0.099134
v 0.213299 -0.582936 -0.099602
v 0.213254 -0.582566 -0.100010
v 0.213201 -0.582130 -0.100348
v 0.213141 -0.581644 -0.100604
v 0.213076 -0.581120 -0.100772
v 0.213010 -0.580576 -0.100845
v 0.212942 -0.580027 -0.100822
v 0.212876 -0.579490 -0.100703
v 0.212814 -0.578982 -0.100493
v 0.212757 -0.578518 -0.100196
v 0.212707 -0.578113 -0.099823
v 0.212666 -0.577778 -0.099384
v 0.212635 -0.577523 -0.098894
v 0.212614 -0.577357 -0.098367
v 0.212605 -0.577284 -0.097818
v 0.212608 -0.577307 -0.097265
v 0.212623 -0.577425 -0.096724
v 0.212648 -0.577634 -0.096213
v 0.212685 -0.577928 -0.095745
v 0.212730 -0.578299 -0.095337
v 0.212783 -0.578734 -0.094999
v 0.212843 -0.579221 -0.094742
v 0.212908 -0.579744 -0.094575
v 0.212974 -0.580289 -0.094502
v 0.215965 -0.604646 -0.063142
v 0.216031 -0.605182 -0.063261
v 0.216093 -0.605690 -0.063472
v 0.216150 -0.606154 -0.063768
v 0.216200 -0.606560 -0.064141
v 0.216241 -0.606895 -0.064580
v 0.216272 -0.607149 -0.065070
v 0.216293 -0.607316 -0.065598
v 0.216302 -0.607388 -0.066146
v 0.216299 -0.607365 -0.066699
v 0.216285 -0.607247 -0.067240
v 0.216259 -0.607038 -0.067751
v 0.216223 -0.606744 -0.068219
v 0.216177 -0.606374 -0.068627
v 0.216124 -0.605938 -0.068965
v 0.216064 -0.605452 -0.069222
v 0.216000 -0.604928 -0.069389
v 0.215933 -0.604384 -0.069462
v 0.215865 -0.603835 -0.069439
v 0.215800 -0.603298 -0.069321
v 0.215737 -0.602790 -0.069110
v 0.215680 -0.602326 -0.068813
v 0.215630 -0.601921 -0.068440
v 0.215589 -0.601586 -0.068002
v 0.215558 -0.601331 -0.067511
v 0.215538 -0.601165 -0.066984
v 0.215529 -0.601092 -0.066435
v 0.215532 -0.601115 -0.065882
v 0.215546 -0.601233 -0.065342
v 0.215572 -0.601442 -0.064830
v 0.215608 -0.601736 -0.064363
v 0.215653 -0.602107 -0.063954
v 0.215707 -0.602542 -0.063616
v 0.215767 -0.603029 -0.063360
v 0.215831 -0.603552 -0.063192
v 0.215898 -0.604097 -0.063119
v 0.214114 -0.589574 -0.026677
v 0.214180 -0.590110 -0.026796
v 0.214243 -0.590618 -0.027007
v 0.214300 -0.591082 -0.027303
v 0.214349 -0.591488 -0.027677
v 0.214391 -0.591823 -0.028115
v 0.214422 -0.592078 -0.028605
v 0.214442 -0.592244 -0.029133
v 0.214451 -0.592317 -0.029682
v 0.214448 -0.592294 -0.030235
v 0.214434 -0.592176 -0.030775
v 0.214408 -0.591966 -0.031287
v 0.214372 -0.591672 -0.031754
v 0.214327 -0.591302 -0.032163
v 0.214273 -0.590867 -0.032501
v 0.214213 -0.590380 -0.032757
v 0.214149 -0.589856 -0.032924
v 0.214082 -0.589312 -0.032998
v 0.214015 -0.588763 -0.032975
v 0.213949 -0.588227 -0.032856
v 0.213887 -0.587719 -0.032645
v 0.213830 -0.587255 -0.032349
v 0.213780 -0.586849 -0.031975
v 0.213739 -0.586514 -0.031537
v 0.213707 -0.586259 -0.031047
v 0.213687 -0.586093 -0.030519
v 0.213678 -0.586020 -0.029971
v 0.213681 -0.586043 -0.029418
v 0.213695 -0.586161 -0.028877
v 0.213721 -0.586370 -0.028365
v 0.213757 -0.586665 -0.027898
v 0.213803 -0.587035 -0.027489
v 0.213856 -0.587470 -0.027151
v 0.213916 -0.587957 -0.026895
v 0.213980 -0.588481 -0.026728
v 0.214047 -0.589025 -0.026654
v 0.204783 -0.513575 -0.056182
v 0.204820 -0.513874 -0.056194
v 0.204856 -0.514170 -0.056155
v 0.204891 -0.514455 -0.056064
v 0.204923 -0.514719 -0.055924
v 0.204953 -0.514956 -0.055740
v 0.204977 -0.515158 -0.055518
v 0.204997 -0.515318 -0.055264
v 0.205011 -0.515431 -0.054985
v 0.205019 -0.515496 -0.054691
v 0.205020 -0.515508 -0.054390
v 0.205015 -0.515468 -0.054092
v 0.205004 -0.515378 -0.053805
v 0.204987 -0.515240 -0.053538
v 0.204965 -0.515057 -0.053300
v 0.204938 -0.514837 -0.053097
v 0.204907 -0.514584 -0.052936
v 0.204873 -0.514308 -0.052821
v 0.204837 -0.514016 -0.052756
v 0.204800 -0.513717 -0.052744
v 0.204764 -0.513421 -0.052784
v 0.204729 -0.513136 -0.052875
v 0.204697 -0.512872 -0.053014
v 0.204668 -0.512635 -0.053198
v 0.204643 -0.512433 -0.053420
v 0.204623 -0.512273 -0.053674
v 0.204609 -0.512160 -0.053953
v 0.204601 -0.512095 -0.054247
v 0.204600 -0.512083 -0.054548
v 0.204605 -0.512123 -0.054846
v 0.204616 -0.512213 -0.055133
v 0.204633 -0.512351 -0.055400
v 0.204655 -0.512534 -0.055638
v 0.204682 -0.512754 -0.055841
v 0.204713 -0.513007 -0.056003
v 0.204747 -0.513283 -0.056117
v 0.203248 -0.501074 -0.054548
v 0.203285 -0.501373 -0.054561
v 0.203321 -0.501669 -0.054521
v 0.203356 -0.501954 -0.054430
v 0.203389 -0.502219 -0.054290
v 0.203418 -0.502455 -0.054106
v 0.203442 -0.502657 -0.053884
v 0.203462 -0.502817 -0.053630
v 0.203476 -0.502931 -0.053351
v 0.203484 -0.502995 -0.053057
v 0.203485 -0.503007 -0.052757
v 0.203481 -0.502968 -0.052458
v 0.203469 -0.502878 -0.052171
v 0.203452 -0.502739 -0.051904
v 0.203430 -0.502557 -0.051666
v 0.203403 -0.502336 -0.051463
v 0.203372 -0.502084 -0.051302
v 0.203338 -0.501807 -0.051187
v 0.203302 -0.501515 -0.051122
v 0.203266 -0.501217 -0.051110
v 0.203229 -0.500921 -0.051150
v 0.203194 -0.500636 -0.051241
v 0.203162 -0.500371 -0.051380
v 0.203133 -0.500134 -0.051564
v 0.203108 -0.499933 -0.051786
v 0.203088 -0.499773 -0.052041
v 0.203074 -0.499659 -0.052319
v 0.203066 -0.499595 -0.052613
v 0.203065 -0.499582 -0.052914
v 0.203070 -0.499622 -0.053212
v 0.203081 -0.499712 -0.053499
v 0.203098 -0.499851 -0.053766
v 0.203120 -0.500033 -0.054004
v 0.203147 -0.500254 -0.054207
v 0.203178 -0.500506 -0.054369
v 0.203212 -0.500783 -0.054483
v 0.201713 -0.488574 -0.052914
v 0.201750 -0.488872 -0.052927
v 0.201786 -0.489169 -0.052887
v 0.201821 -0.489453 -0.052796
v 0.201854 -0.489718 -0.052656
v 0.201883 -0.489955 -0.052472
v 0.201908 -0.490156 -0.052250
v 0.201927 -0.490316 -0.051996
v 0.201941 -0.490430 -0.051718
v 0.201949 -0.490494 -0.051423
v 0.201951 -0.490507 -0.051123
v 0.201946 -0.490467 -0.050824
v 0.201935 -0.490377 -0.050537
v 0.201918 -0.490238 -0.050270
v 0.201895 -0.490056 -0.050032
v 0.201868 -0.489835 -0.049829
v 0.201837 -0.489583 -0.049668
v 0.201803 -0.489307 -0.049553
v 0.201767 -0.489015 -0.049488
v 0.201731 -0.488716 -0.049476
v 0.201694 -0.488420 -0.049516
v 0.201659 -0.488135 -0.049607
v 0.201627 -0.487871 -0.049746
v 0.201598 -0.487634 -0.049930
v 0.201573 -0.487432 -0.050152
v 0.201553 -0.487272 -0.050407
v 0.201539 -0.487158 -0.050685
v 0.201532 -0.487094 -0.050979
v 0.201530 -0.487082 -0.051280
v 0.201535 -0.487121 -0.051578
v 0.201546 -0.487212 -0.051865
v 0.201563 -0.487350 -0.052132
v 0.201585 -0.487533 -0.052371
v 0.201612 -0.487753 -0.052574
v 0.201643 -0.488006 -0.052735
v 0.201677 -0.488282 -0.052850
v 0.200178 -0.476073 -0.051280
v 0.200215 -0.476372 -0.051293
v 0.200251 -0.476668 -0.051253
v 0.200286 -0.476953 -0.051162
v 0.200319 -0.477218 -0.051022
v 0.200348 -0.477454 -0.050839
v 0.200373 -0.477656 -0.050616
v 0.200392 -0.477816 -0.050362
v 0.200406 -0.477930 -0.050084
v 0.200414 -0.477994 -0.049790
v 0.200416 -0.478006 -0.049489
v 0.200411 -0.477967 -0.049190
v 0.200400 -0.477876 -0.048903
v 0.200383 -0.477738 -0.048637
v 0.200360 -0.477556 -0.048398
v 0.200333 -0.477335 -0.048195
v 0.200302 -0.477082 -0.048034
v 0.200268 -0.476806 -0.047919
v 0.200232 -0.476514 -0.047855
v 0.200196 -0.476216 -0.047842
v 0.200159 -0.475920 -0.047882
v 0.200124 -0.475635 -0.047973
v 0.200092 -0.475370 -0.048112
v 0.200063 -0.475133 -0.048296
v 0.200038 -0.474932 -0.048519
v 0.200019 -0.474772 -0.048773
v 0.200005 -0.474658 -0.049051
v 0.199997 -0.474594 -0.049345
v 0.199995 -0.474581 -0.049646
v 0.200000 -0.474621 -0.049944
v 0.200011 -0.474711 -0.050231
v 0.200028 -0.474850 -0.050498
v 0.200050 -0.475032 -0.050737
v 0.200078 -0.475253 -0.050940
v 0.200109 -0.475505 -0.051101
v 0.200142 -0.475781 -0.051216
v 0.198643 -0.463573 -0.049646
v 0.198680 -0.463871 -0.049659
v 0.198716 -0.464167 -0.049619
v 0.198751 -0.464452 -0.049528
v 0.198784 -0.464717 -0.049388
v 0.198813 -0.464954 -0.049205
v 0.198838 -0.465155 -0.048982
v 0.198857 -0.465315 -0.048728
v 0.198871 -0.465429 -0.048450
v 0.198879 -0.465493 -0.048156
v 0.198881 -0.465506 -0.047855
v 0.198876 -0.465466 -0.047556
v 0.198865 -0.465376 -0.047270
v 0.198848 -0.465237 -0.047003
v 0.198825 -0.465055 -0.046764
v 0.198798 -0.464834 -0.046561
v 0.198767 -0.464582 -0.046400
v 0.198733 -0.464306 -0.046285
v 0.198698 -0.464014 -0.046221
v 0.198661 -0.463715 -0.046208
v 0.198625 -0.463419 -0.046248
v 0.198590 -0.463134 -0.046339
v 0.198557 -0.462869 -0.046479
v 0.198528 -0.462633 -0.046662
v 0.198503 -0.462431 -0.046885
v 0.198484 -0.462271 -0.047139
v 0.198470 -0.462157 -0.047417
v 0.198462 -0.462093 -0.047711
v 0.198460 -0.462081 -0.048012
v 0.198465 -0.462120 -0.048311
v 0.198476 -0.462211 -0.048597
v 0.198493 -0.462349 -0.048864
v 0.198516 -0.462531 -0.049103
v 0.198543 -0.462752 -0.049306
v 0.198574 -0.463004 -0.049467
v 0.198608 -0.463281 -0.049582
v 0.197109 -0.451072 -0.048012
v 0.197145 -0.451371 -0.048025
v 0.197182 -0.451667 -0.047985
v 0.197217 -0.451952 -0.047894
v 0.197249 -0.452216 -0.047755
v 0.197278 -0.452453 -0.047571
v 0.197303 -0.452655 -0.047348
v 0.197323 -0.452815 -0.047094
v 0.197337 -0.452929 -0.046816
v 0.197344 -0.452993 -0.046522
v 0.197346 -0.453005 -0.046221
v 0.197341 -0.452966 -0.045923
v 0.197330 -0.452875 -0.045636
v 0.197313 -0.452737 -0.045369
v 0.197291 -0.452554 -0.045130
v 0.197263 -0.452334 -0.044927
v 0.197232 -0.452081 -0.044766
v 0.197199 -0.451805 -0.044651
v 0.197163 -0.451513 -0.044587
v 0.197126 -0.451215 -0.044574
v 0.197090 -0.450918 -0.044614
v 0.197055 -0.450634 -0.044705
v 0.197022 -0.450369 -0.044845
v 0.196993 -0.450132 -0.045028
v 0.196968 -0.449931 -0.045251
v 0.196949 -0.449770 -0.045505
v 0.196935 -0.449657 -0.045783
v 0.196927 -0.449593 -0.046077
v 0.196925 -0.449580 -0.046378
v 0.196930 -0.449620 -0.046677
v 0.196941 -0.449710 -0.046964
v 0.196958 -0.449848 -0.047230
v 0.196981 -0.450031 -0.047469
v 0.197008 -0.450252 -0.047672
v 0.197039 -0.450504 -0.047833
v 0.197073 -0.450780 -0.047948
v 0.195574 -0.438571 -0.046379
v 0.195610 -0.438870 -0.046391
v 0.195647 -0.439166 -0.046351
v 0.195682 -0.439451 -0.046260
v 0.195714 -0.439716 -0.046121
v 0.195743 -0.439953 -0.045937
v 0.195768 -0.440154 -0.045715
v 0.195788 -0.440314 -0.045460
v 0.195802 -0.440428 -0.045182
v 0.195810 -0.440492 -0.044888
v 0.195811 -0.440505 -0.044587
v 0.195806 -0.440465 -0.044289
v 0.195795 -0.440375 -0.044002
v 0.195778 -0.440236 -0.043735
v 0.195756 -0.440054 -0.043496
v 0.195729 -0.439833 -0.043293
v 0.195698 -0.439581 -0.043132
v 0.195664 -0.439304 -0.043017
v 0.195628 -0.439013 -0.042953
v 0.195591 -0.438714 -0.042940
v 0.195555 -0.438418 -0.042980
v 0.195520 -0.438133 -0.043071
v 0.195487 -0.437868 -0.043211
v 0.195458 -0.437631 -0.043394
v 0.195434 -0.437430 -0.043617
v 0.195414 -0.437270 -0.043871
v 0.195400 -0.437156 -0.044149
v 0.195392 -0.437092 -0.044443
v 0.195391 -0.437079 -0.044744
v 0.195395 -0.437119 -0.045043
v 0.195406 -0.437209 -0.045330
v 0.195423 -0.437348 -0.045596
v 0.195446 -0.437530 -0.045835
v 0.195473 -0.437751 -0.046038
v 0.195504 -0.438003 -0.046199
v 0.195538 -0.438280 -0.046314
v 0.194039 -0.426071 -0.044745
v 0.194075 -0.426369 -0.044757
v 0.194112 -0.426666 -0.044717
v 0.194147 -0.426950 -0.044626
v 0.194179 -0.427215 -0.044487
v 0.194208 -0.427452 -0.044303
v 0.194233 -0.427653 -0.044081
v 0.194253 -0.427814 -0.043826
v 0.194267 -0.427927 -0.043548
v 0.194275 -0.427992 -0.043254
v 0.194276 -0.428004 -0.042953
v 0.194271 -0.427964 -0.042655
v 0.194260 -0.427874 -0.042368
v 0.194243 -0.427736 -0.042101
v 0.194221 -0.427553 -0.041863
v 0.194194 -0.427332 -0.041660
v 0.194163 -0.427080 -0.041498
v 0.194129 -0.426804 -0.041384
v 0.194093 -0.426512 -0.041319
v 0.194056 -0.426213 -0.041306
v 0.194020 -0.425917 -0.041346
v 0.193985 -0.425632 -0.041437
v 0.193952 -0.425368 -0.041577
v 0.193923 -0.425131 -0.041761
v 0.193899 -0.424929 -0.041983
v 0.193879 -0.424769 -0.042237
v 0.193865 -0.424655 -0.042516
v 0.193857 -0.424591 -0.042810
v 0.193856 -0.424579 -0.043110
v 0.193860 -0.424618 -0.043409
v 0.193872 -0.424709 -0.043696
v 0.193889 -0.424847 -0.043963
v 0.193911 -0.425030 -0.044201
v 0.193938 -0.425250 -0.044404
v 0.193969 -0.425503 -0.044565
v 0.194003 -0.425779 -0.044680
v 0.192504 -0.413570 -0.043111
v 0.192541 -0.413869 -0.043123
v 0.192577 -0.414165 -0.043083
v 0.192612 -0.414450 -0.042992
v 0.192644 -0.414715 -0.042853
v 0.192674 -0.414951 -0.042669
v 0.192698 -0.415153 -0.042447
v 0.192718 -0.415313 -0.042193
v 0.192732 -0.415427 -0.041914
v 0.192740 -0.415491 -0.041620
v 0.192741 -0.415503 -0.041319
v 0.192736 -0.415464 -0.041021
v 0.192725 -0.415373 -0.040734
v 0.192708 -0.415235 -0.040467
v 0.192686 -0.415053 -0.040229
v 0.192659 -0.414832 -0.040026
v 0.192628 -0.414580 -0.039864
v 0.192594 -0.414303 -0.039750
v 0.192558 -0.414011 -0.039685
v 0.192521 -0.413713 -0.039673
v 0.192485 -0.413417 -0.039712
v 0.192450 -0.413132 -0.039803
v 0.192418 -0.412867 -0.039943
v 0.192389 -0.412630 -0.040127
v 0.192364 -0.412429 -0.040349
v 0.192344 -0.412269 -0.040603
v 0.192330 -0.412155 -0.040882
v 0.192322 -0.412091 -0.041176
v 0.192321 -0.412078 -0.041477
v 0.192326 -0.412118 -0.041775
v 0.192337 -0.412208 -0.042062
v 0.192354 -0.412347 -0.042329
v 0.192376 -0.412529 -0.042567
v 0.192403 -0.412750 -0.042770
v 0.192434 -0.413002 -0.042931
v 0.192468 -0.413278 -0.043046
v 0.190969 -0.401070 -0.041477
v 0.191006 -0.401368 -0.041489
v 0.191042 -0.401664 -0.041450
v 0.191077 -0.401949 -0.041359
v 0.191110 -0.402214 -0.041219
v 0.191139 -0.402451 -0.041035
v 0.191163 -0.402652 -0.040813
v 0.191183 -0.402812 -0.040559
v 0.191197 -0.402926 -0.040280
v 0.191205 -0.402990 -0.039986
v 0.191206 -0.403003 -0.039685
v 0.191202 -0.402963 -0.039387
v 0.191190 -0.402873 -0.039100
v 0.191173 -0.402734 -0.038833
v 0.191151 -0.402552 -0.038595
v 0.191124 -0.402331 -0.038392
v 0.191093 -0.402079 -0.038230
v 0.191059 -0.401803 -0.038116
v 0.191023 -0.401511 -0.038051
v 0.190987 -0.401212 -0.038039
v 0.190950 -0.400916 -0.038078
v 0.190915 -0.400631 -0.038170
v 0.190883 -0.400366 -0.038309
v 0.190854 -0.400130 -0.038493
v 0.190829 -0.399928 -0.038715
v 0.190809 -0.399768 -0.038969
v 0.190795 -0.399654 -0.039248
v 0.190787 -0.399590 -0.039542
v 0.190786 -0.399578 -0.039843
v 0.190791 -0.399617 -0.040141
v 0.190802 -0.399708 -0.040428
v 0.190819 -0.399846 -0.040695
v 0.190841 -0.400029 -0.040933
v 0.190868 -0.400249 -0.041136
v 0.190899 -0.400502 -0.041298
v 0.190933 -0.400778 -0.041412
v 0.189434 -0.388569 -0.039843
v 0.189471 -0.388868 -0.039856
v 0.189507 -0.389164 -0.039816
v 0.189542 -0.389449 -0.039725
v 0.189575 -0.389714 -0.039585
v 0.189604 -0.389950 -0.039401
v 0.189628 -0.390152 -0.039179
v 0.189648 -0.390312 -0.038925
v 0.189662 -0.390426 -0.038646
v 0.189670 -0.390490 -0.038352
v 0.189672 -0.390502 -0.038052
v 0.189667 -0.390463 -0.037753
v 0.189656 -0.390372 -0.037466
v 0.189639 -0.390234 -0.037199
v 0.189616 -0.390051 -0.036961
v 0.189589 -0.389831 -0.036758
v 0.189558 -0.389578 -0.036597
v 0.189524 -0.389302 -0.036482
v 0.189488 -0.389010 -0.036417
v 0.189452 -0.388712 -0.036405
v 0.189415 -0.388415 -0.036445
v 0.189380 -0.388131 -0.036536
v 0.189348 -0.387866 -0.036675
v 0.189319 -0.387629 -0.036859
v 0.189294 -0.387428 -0.037081
v 0.189274 -0.387268 -0.037336
v 0.189260 -0.387154 -0.037614
v 0.189253 -0.387090 -0.037908
v 0.189251 -0.387077 -0.038209
v 0.189256 -0.387117 -0.038507
v 0.189267 -0.387207 -0.038794
v 0.189284 -0.387346 -0.039061
v 0.189306 -0.387528 -0.039299
v 0.189333 -0.387749 -0.039502
v 0.189364 -0.388001 -0.039664
v 0.189398 -0.388277 -0.039778
v 0.187899 -0.376069 -0.038209
v 0.187936 -0.376367 -0.038222
v 0.187972 -0.376663 -0.038182
v 0.188007 -0.376948 -0.038091
v 0.188040 -0.377213 -0.037951
v 0.188069 -0.377450 -0.037767
v 0.188094 -0.377651 -0.037545
v 0.188113 -0.377811 -0.037291
v 0.188127 -0.377925 -0.037013
v 0.188135 -0.377989 -0.036718
v 0.188137 -0.378002 -0.036418
v 0.188132 -0.377962 -0.036119
v 0.188121 -0.377872 -0.035832
v 0.188104 -0.377733 -0.035565
v 0.188081 -0.377551 -0.035327
v 0.188054 -0.377330 -0.035124
v 0.188023 -0.377078 -0.034963
v 0.187989 -0.376802 -0.034848
v 0.187953 -0.376510 -0.034783
v 0.187917 -0.376211 -0.034771
v 0.187880 -0.375915 -0.034811
v 0.187845 -0.375630 -0.034902
v 0.187813 -0.375365 -0.035041
v 0.187784 -0.375129 -0.035225
v 0.187759 -0.374927 -0.035447
v 0.187739 -0.374767 -0.035702
v 0.187726 -0.374653 -0.035980
v 0.187718 -0.374589 -0.036274
v 0.187716 -0.374577 -0.036575
v 0.187721 -0.374616 -0.036873
v 0.187732 -0.374707 -0.037160
v 0.187749 -0.374845 -0.037427
v 0.187771 -0.375027 -0.037666
v 0.187799 -0.375248 -0.037869
v 0.187830 -0.375500 -0.038030
v 0.187863 -0.375777 -0.038144
v 0.186364 -0.363568 -0.036575
v 0.186401 -0.363867 -0.036588
v 0.186437 -0.364163 -0.036548
v 0.186472 -0.364448 -0.036457
v 0.186505 -0.364712 -0.036317
v 0.186534 -0.364949 -0.036134
v 0.186559 -0.365151 -0.035911
v 0.186578 -0.365311 -0.035657
v 0.186592 -0.365424 -0.035379
v 0.186600 -0.365489 -0.035085
v 0.186602 -0.365501 -0.034784
v 0.186597 -0.365462 -0.034485
v 0.186586 -0.365371 -0.034198
v 0.186569 -0.365233 -0.033932
v 0.186546 -0.365050 -0.033693
v 0.186519 -0.364830 -0.033490
v 0.186488 -0.364577 -0.033329
v 0.186454 -0.364301 -0.033214
v 0.186419 -0.364009 -0.033150
v 0.186382 -0.363711 -0.033137
v 0.186346 -0.363414 -0.033177
v 0.186311 -0.363129 -0.033268
v 0.186278 -0.362865 -0.033407
v 0.186249 -0.362628 -0.033591
v 0.186224 -0.362426 -0.033813
v 0.186205 -0.362266 -0.034068
v 0.186191 -0.362153 -0.034346
v 0.186183 -0.362088 -0.034640
v 0.186181 -0.362076 -0.034941
v 0.186186 -0.362116 -0.035239
v 0.186197 -0.362206 -0.035526
v 0.186214 -0.362344 -0.035793
v 0.186237 -0.362527 -0.036032
v 0.186264 -0.362747 -0.036235
v 0.186295 -0.363000 -0.036396
v 0.186329 -0.363276 -0.036511
v 0.184830 -0.351067 -0.034941
v 0.184866 -0.351366 -0.034954
v 0.184903 -0.351662 -0.034914
v 0.184938 -0.351947 -0.034823
v 0.184970 -0.352212 -0.034683
v 0.184999 -0.352449 -0.034500
v 0.185024 -0.352650 -0.034277
v 0.185044 -0.352810 -0.034023
v 0.185057 -0.352924 -0.033745
v 0.185065 -0.352988 -0.033451
v 0.185067 -0.353000 -0.033150
v 0.185062 -0.352961 -0.032851
v 0.185051 -0.352871 -0.032564
v 0.185034 -0.352732 -0.032298
v 0.185012 -0.352550 -0.032059
v 0.184984 -0.352329 -0.031856
v 0.184953 -0.352077 -0.031695
v 0.184920 -0.351800 -0.031580
v 0.184884 -0.351509 -0.031516
v 0.184847 -0.351210 -0.031503
v 0.184811 -0.350914 -0.031543
v 0.184776 -0.350629 -0.031634
v 0.184743 -0.350364 -0.031774
v 0.184714 -0.350127 -0.031957
v 0.184689 -0.349926 -0.032180
v 0.184670 -0.349766 -0.032434
v 0.184656 -0.349652 -0.032712
v 0.184648 -0.349588 -0.033006
v 0.184646 -0.349575 -0.033307
v 0.184651 -0.349615 -0.033605
v 0.184662 -0.349705 -0.033892
v 0.184679 -0.349844 -0.034159
v 0.184702 -0.350026 -0.034398
v 0.184729 -0.350247 -0.034601
v 0.184760 -0.350499 -0.034762
v 0.184794 -0.350776 -0.034877
v 0.183295 -0.338567 -0.033307
v 0.183331 -0.338865 -0.033320
v 0.183368 -0.339162 -0.033280
v 0.183403 -0.339446 -0.033189
v 0.183435 -0.339711 -0.033050
v 0.183464 -0.339948 -0.032866
v 0.183489 -0.340149 -0.032643
v 0.183509 -0.340309 -0.032389
v 0.183523 -0.340423 -0.032111
v 0.183530 -0.340487 -0.031817
v 0.183532 -0.340500 -0.031516
v 0.183527 -0.340460 -0.031218
v 0.183516 -0.340370 -0.030931
v 0.183499 -0.340231 -0.030664
v 0.183477 -0.340049 -0.030425
v 0.183450 -0.339828 -0.030222
v 0.183419 -0.339576 -0.030061
v 0.183385 -0.339300 -0.029946
v 0.183349 -0.339008 -0.029882
v 0.183312 -0.338709 -0.029869
v 0.183276 -0.338413 -0.029909
v 0.183241 -0.338128 -0.030000
v 0.183208 -0.337864 -0.030140
v 0.183179 -0.337627 -0.030323
v 0.183155 -0.337425 -0.030546
v 0.183135 -0.337265 -0.030800
v 0.183121 -0.337151 -0.031078
v 0.183113 -0.337087 -0.031372
v 0.183111 -0.337075 -0.031673
v 0.183116 -0.337114 -0.031972
v 0.183127 -0.337205 -0.032259
v 0.183144 -0.337343 -0.032525
v 0.183167 -0.337526 -0.032764
v 0.183194 -0.337746 -0.032967
v 0.183225 -0.337999 -0.033128
v 0.183259 -0.338275 -0.033243
v 0.181760 -0.326066 -0.031674
v 0.181796 -0.326365 -0.031686
v 0.181833 -0.326661 -0.031646
v 0.181868 -0.326946 -0.031555
v 0.181900 -0.327211 -0.031416
v 0.181929 -0.327447 -0.031232
v 0.181954 -0.327649 -0.031010
v 0.181974 -0.327809 -0.030755
v 0.181988 -0.327923 -0.030477
v 0.181996 -0.327987 -0.030183
v 0.181997 -0.327999 -0.029882
v 0.181992 -0.327960 -0.029584
v 0.181981 -0.327869 -0.029297
v 0.181964 -0.327731 -0.029030
v 0.181942 -0.327549 -0.028791
v 0.181915 -0.327328 -0.028588
v 0.181884 -0.327075 -0.028427
v 0.181850 -0.326799 -0.028312
v 0.181814 -0.326507 -0.028248
v 0.181777 -0.326209 -0.028235
v 0.181741 -0.325913 -0.028275
v 0.181706 -0.325628 -0.028366
v 0.181673 -0.325363 -0.028506
v 0.181644 -0.325126 -0.028689
v 0.181620 -0.324925 -0.028912
v 0.181600 -0.324765 -0.029166
v 0.181586 -0.324651 -0.029444
v 0.181578 -0.324587 -0.029738
v 0.181577 -0.324574 -0.030039
v 0.181581 -0.324614 -0.030338
v 0.181593 -0.324704 -0.030625
v 0.181610 -0.324843 -0.030891
v 0.181632 -0.325025 -0.031130
v 0.181659 -0.325246 -0.031333
v 0.181690 -0.325498 -0.031494
v 0.181724 -0.325774 -0.031609
v 0.180225 -0.313566 -0.030040
v 0.180262 -0.313864 -0.030052
v 0.180298 -0.314160 -0.030012
v 0.180333 -0.314445 -0.029921
v 0.180365 -0.314710 -0.029782
v 0.180394 -0.314947 -0.029598
v 0.180419 -0.315148 -0.029376
v 0.180439 -0.315308 -0.029121
v 0.180453 -0.315422 -0.028843
v 0.180461 -0.315486 -0.028549
v 0.180462 -0.315499 -0.028248
v 0.180457 -0.315459 -0.027950
v 0.180446 -0.315369 -0.027663
v 0.180429 -0.315230 -0.027396
v 0.180407 -0.315048 -0.027158
v 0.180380 -0.314827 -0.026955
v 0.180349 -0.314575 -0.026793
v 0.180315 -0.314299 -0.026679
v 0.180279 -0.314007 -0.026614
v 0.180242 -0.313708 -0.026601
v 0.180206 -0.313412 -0.026641
v 0.180171 -0.313127 -0.026732
v 0.180139 -0.312862 -0.026872
v 0.180109 -0.312626 -0.027056
v 0.180085 -0.312424 -0.027278
v 0.180065 -0.312264 -0.027532
v 0.180051 -0.312150 -0.027811
v 0.180043 -0.312086 -0.028105
v 0.180042 -0.312074 -0.028405
v 0.180047 -0.312113 -0.028704
v 0.180058 -0.312204 -0.028991
v 0.180075 -0.312342 -0.029258
v 0.180097 -0.312524 -0.029496
v 0.180124 -0.312745 -0.029699
v 0.180155 -0.312997 -0.029860
v 0.180189 -0.313274 -0.029975
v 0.210619 -0.561103 -0.094269
v 0.211326 -0.566866 -0.094512
v 0.212028 -0.572583 -0.093742
v 0.212703 -0.578081 -0.091985
v 0.213331 -0.583192 -0.089292
v 0.213892 -0.587761 -0.085745
v 0.214369 -0.591650 -0.081453
v 0.214749 -0.594740 -0.076547
v 0.215019 -0.596937 -0.071174
v 0.215170 -0.598174 -0.065498
v 0.215200 -0.598415 -0.059692
v 0.215106 -0.597651 -0.053932
v 0.214892 -0.595907 -0.048393
v 0.214564 -0.593234 -0.043244
v 0.214132 -0.589714 -0.038640
v 0.213609 -0.585454 -0.034722
v 0.213011 -0.580584 -0.031609
v 0.212356 -0.575251 -0.029395
v 0.211664 -0.569617 -0.028148
v 0.210957 -0.563855 -0.027906
v 0.210255 -0.558138 -0.028675
v 0.209580 -0.552640 -0.030433
v 0.208952 -0.547529 -0.033126
v 0.208391 -0.542960 -0.036672
v 0.207914 -0.539071 -0.040964
v 0.207534 -0.535981 -0.045871
v 0.207264 -0.533784 -0.051244
v 0.207112 -0.532546 -0.056920
v 0.207083 -0.532306 -0.062726
v 0.207177 -0.533069 -0.068486
v 0.207391 -0.534814 -0.074025
v 0.207719 -0.537487 -0.079174
v 0.208151 -0.541007 -0.083778
v 0.208674 -0.545267 -0.087696
v 0.209272 -0.550137 -0.090809
v 0.209927 -0.555470 -0.093022
v 0.177155 -0.288564 -0.026772
v 0.177192 -0.288863 -0.026784
v 0.177228 -0.289159 -0.026745
v 0.177263 -0.289444 -0.026653
v 0.177296 -0.289709 -0.026514
v 0.177325 -0.289946 -0.026330
v 0.177349 -0.290147 -0.026108
v 0.177369 -0.290307 -0.025854
v 0.177383 -0.290421 -0.025575
v 0.177391 -0.290485 -0.025281
v 0.177393 -0.290498 -0.024980
v 0.177388 -0.290458 -0.024682
v 0.177377 -0.290368 -0.024395
v 0.177360 -0.290229 -0.024128
v 0.177337 -0.290047 -0.023890
v 0.177310 -0.289826 -0.023687
v 0.177279 -0.289574 -0.023525
v 0.177245 -0.289297 -0.023411
v 0.177209 -0.289006 -0.023346
v 0.177173 -0.288707 -0.023334
v 0.177136 -0.288411 -0.023373
v 0.177101 -0.288126 -0.023465
v 0.177069 -0.287861 -0.023604
v 0.177040 -0.287624 -0.023788
v 0.177015 -0.287423 -0.024010
v 0.176995 -0.287263 -0.024264
v 0.176981 -0.287149 -0.024543
v 0.176973 -0.287085 -0.024837
v 0.176972 -0.287072 -0.025138
v 0.176977 -0.287112 -0.025436
v 0.176988 -0.287202 -0.025723
v 0.177005 -0.287341 -0.025990
v 0.177027 -0.287523 -0.026228
v 0.177054 -0.287744 -0.026431
v 0.177085 -0.287996 -0.026593
v 0.177119 -0.288273 -0.026707
v 0.178690 -0.301065 -0.028406
v 0.178727 -0.301364 -0.028418
v 0.178763 -0.301660 -0.028378
v 0.178798 -0.301945 -0.028287
v 0.178831 -0.302209 -0.028148
v 0.178860 -0.302446 -0.027964
v 0.178884 -0.302648 -0.027742
v 0.178904 -0.302808 -0.027488
v 0.178918 -0.302922 -0.027209
v 0.178926 -0.302986 -0.026915
v 0.178927 -0.302998 -0.026614
v 0.178923 -0.302959 -0.026316
v 0.178911 -0.302868 -0.026029
v 0.178894 -0.302730 -0.025762
v 0.178872 -0.302547 -0.025524
v 0.178845 -0.302327 -0.025321
v 0.178814 -0.302074 -0.025159
v 0.178780 -0.301798 -0.025045
v 0.178744 -0.301506 -0.024980
v 0.178708 -0.301208 -0.024967
v 0.178671 -0.300911 -0.025007
v 0.178636 -0.300627 -0.025098
v 0.178604 -0.300362 -0.025238
v 0.178575 -0.300125 -0.025422
v 0.178550 -0.299924 -0.025644
v 0.178530 -0.299764 -0.025898
v 0.178516 -0.299650 -0.026177
v 0.178508 -0.299586 -0.026471
v 0.178507 -0.299573 -0.026771
v 0.178512 -0.299613 -0.027070
v 0.178523 -0.299703 -0.027357
v 0.178540 -0.299842 -0.027624
v 0.178562 -0.300024 -0.027862
v 0.178589 -0.300245 -0.028065
v 0.178620 -0.300497 -0.028226
v 0.178654 -0.300773 -0.028341
v 0.206417 -0.526886 -0.052978
v 0.206483 -0.527423 -0.053097
v 0.206546 -0.527930 -0.053308
v 0.206603 -0.528394 -0.053605
v 0.206652 -0.528800 -0.053978
v 0.206694 -0.529135 -0.054416
v 0.206725 -0.529390 -0.054907
v 0.206745 -0.529556 -0.055434
v 0.206754 -0.529629 -0.055983
v 0.206751 -0.529606 -0.056536
v 0.206737 -0.529488 -0.057076
v 0.206711 -0.529279 -0.057588
v 0.206675 -0.528984 -0.058055
v 0.206630 -0.528614 -0.058464
v 0.206576 -0.528179 -0.058802
v 0.206516 -0.527692 -0.059058
v 0.206452 -0.527169 -0.059226
v 0.206385 -0.526624 -0.059299
v 0.206318 -0.526075 -0.059276
v 0.206252 -0.525539 -0.059157
v 0.206190 -0.525031 -0.058946
v 0.206133 -0.524567 -0.058650
v 0.206083 -0.524161 -0.058276
v 0.206042 -0.523826 -0.057838
v 0.206010 -0.523571 -0.057348
v 0.205990 -0.523405 -0.056820
v 0.205981 -0.523333 -0.056272
v 0.205984 -0.523356 -0.055719
v 0.205998 -0.523473 -0.055178
v 0.206024 -0.523683 -0.054666
v 0.206060 -0.523977 -0.054199
v 0.206106 -0.524347 -0.053790
v 0.206159 -0.524782 -0.053453
v 0.206219 -0.525269 -0.053196
v 0.206283 -0.525793 -0.053029
v 0.206350 -0.526337 -0.052955
v 0.209341 -0.550694 -0.021596
v 0.209407 -0.551231 -0.021714
v 0.209469 -0.551739 -0.021925
v 0.209526 -0.552202 -0.022222
v 0.209576 -0.552608 -0.022595
v 0.209617 -0.552943 -0.023033
v 0.209648 -0.553198 -0.023524
v 0.209668 -0.553364 -0.024051
v 0.209677 -0.553437 -0.024600
v 0.209675 -0.553414 -0.025153
v 0.209660 -0.553296 -0.025693
v 0.209634 -0.553087 -0.026205
v 0.209598 -0.552792 -0.026672
v 0.209553 -0.552422 -0.027081
v 0.209499 -0.551987 -0.027419
v 0.209440 -0.551500 -0.027675
v 0.209375 -0.550977 -0.027843
v 0.209308 -0.550432 -0.027916
v 0.209241 -0.549883 -0.027893
v 0.209175 -0.549347 -0.027774
v 0.209113 -0.548839 -0.027563
v 0.209056 -0.548375 -0.027267
v 0.209006 -0.547969 -0.026894
v 0.208965 -0.547634 -0.026455
v 0.208934 -0.547380 -0.025965
v 0.208913 -0.547213 -0.025437
v 0.208904 -0.547141 -0.024889
v 0.208907 -0.547164 -0.024336
v 0.208922 -0.547281 -0.023795
v 0.208947 -0.547491 -0.023284
v 0.208983 -0.547785 -0.022816
v 0.209029 -0.548155 -0.022407
v 0.209082 -0.548590 -0.022070
v 0.209142 -0.549077 -0.021813
v 0.209206 -0.549601 -0.021646
v 0.209273 -0.550145 -0.021573
v 0.205630 -0.560070 -0.106864
v 0.210420 -0.559482 -0.106864
v 0.201393 -0.525566 -0.082753
v 0.201872 -0.529465 -0.088928
v 0.202464 -0.534286 -0.094402
v 0.203154 -0.539906 -0.099038
v 0.203925 -0.546185 -0.102718
v 0.204757 -0.552964 -0.105348
v 0.206183 -0.524978 -0.082753
v 0.206662 -0.528877 -0.088928
v 0.207254 -0.533698 -0.094402
v 0.207944 -0.539318 -0.099038
v 0.208715 -0.545597 -0.102718
v 0.209547 -0.552375 -0.105348
v 0.172143 -0.287346 -0.040802
v 0.199056 -0.506530 -0.069451
v 0.199537 -0.510451 -0.070287
v 0.199996 -0.514191 -0.071738
v 0.200422 -0.517655 -0.073768
v 0.200802 -0.520756 -0.076326
v 0.201129 -0.523415 -0.079346
v 0.201393 -0.525566 -0.082753
v 0.201872 -0.529465 -0.088928
v 0.202464 -0.534286 -0.094402
v 0.203154 -0.539906 -0.099038
v 0.203925 -0.546185 -0.102718
v 0.204757 -0.552964 -0.105348
v 0.205630 -0.560070 -0.106864
v 0.206520 -0.567319 -0.107226
v 0.207405 -0.574533 -0.106427
v 0.208265 -0.581531 -0.104487
v 0.209110 -0.588412 -0.101299
v 0.209879 -0.594676 -0.097010
v 0.210551 -0.600151 -0.091737
v 0.211108 -0.604687 -0.085626
v 0.211551 -0.608295 -0.078506
v 0.211837 -0.610626 -0.070865
v 0.211958 -0.611611 -0.062933
v 0.211910 -0.611218 -0.054949
v 0.211694 -0.609461 -0.047153
v 0.211317 -0.606392 -0.039782
v 0.210791 -0.602103 -0.033056
v 0.210130 -0.596724 -0.027179
v 0.209356 -0.590418 -0.022329
v 0.208491 -0.583373 -0.018650
v 0.207561 -0.575803 -0.016255
v 0.206595 -0.567936 -0.015215
v 0.205622 -0.560009 -0.015562
v 0.204671 -0.552262 -0.017285
v 0.203770 -0.544926 -0.020333
v 0.202947 -0.538225 -0.024613
v 0.202227 -0.532360 -0.029996
v 0.201866 -0.529417 -0.032737
v 0.201456 -0.526080 -0.034974
v 0.201009 -0.522434 -0.036650
v 0.200534 -0.518571 -0.037722
v 0.200045 -0.514587 -0.038164
v 0.199554 -0.510584 -0.037964
v 0.172641 -0.291400 -0.009316
v 0.172304 -0.288656 -0.009200
v 0.171970 -0.285934 -0.009567
v 0.171648 -0.283316 -0.010404
v 0.171350 -0.280882 -0.011686
v 0.171082 -0.278706 -0.013375
v 0.170855 -0.276854 -0.015419
v 0.170674 -0.275383 -0.017755
v 0.170546 -0.274337 -0.020314
v 0.170474 -0.273747 -0.023017
v 0.170460 -0.273633 -0.025781
v 0.170504 -0.273996 -0.028524
v 0.170606 -0.274827 -0.031162
v 0.170762 -0.276100 -0.033614
v 0.170968 -0.277776 -0.035806
v 0.171217 -0.279805 -0.037672
v 0.171502 -0.282124 -0.039154
v 0.171814 -0.284663 -0.040208
v 0.211099 -0.604618 -0.067927
v 0.211065 -0.604339 -0.067865
v 0.211033 -0.604075 -0.067756
v 0.211003 -0.603834 -0.067602
v 0.210977 -0.603623 -0.067408
v 0.210956 -0.603449 -0.067180
v 0.210940 -0.603316 -0.066925
v 0.210929 -0.603230 -0.066651
v 0.210924 -0.603192 -0.066366
v 0.210926 -0.603204 -0.066078
v 0.210933 -0.603265 -0.065797
v 0.210947 -0.603374 -0.065532
v 0.210965 -0.603527 -0.065289
v 0.210989 -0.603720 -0.065076
v 0.211017 -0.603946 -0.064901
v 0.211048 -0.604199 -0.064767
v 0.211081 -0.604471 -0.064680
v 0.211116 -0.604754 -0.064642
v 0.211151 -0.605039 -0.064654
v 0.211185 -0.605318 -0.064716
v 0.211218 -0.605582 -0.064826
v 0.211247 -0.605823 -0.064980
v 0.211273 -0.606034 -0.065174
v 0.211295 -0.606208 -0.065401
v 0.211311 -0.606340 -0.065656
v 0.211321 -0.606427 -0.065930
v 0.211326 -0.606464 -0.066216
v 0.211325 -0.606452 -0.066503
v 0.211317 -0.606391 -0.066784
v 0.211304 -0.606282 -0.067050
v 0.211285 -0.606129 -0.067293
v 0.211261 -0.605937 -0.067505
v 0.211234 -0.605711 -0.067681
v 0.211203 -0.605458 -0.067814
v 0.211169 -0.605186 -0.067901
v 0.211134 -0.604903 -0.067939
v 0.200047 -0.514604 -0.052756
v 0.200010 -0.514306 -0.052744
v 0.199974 -0.514009 -0.052784
v 0.199939 -0.513725 -0.052875
v 0.199907 -0.513460 -0.053014
v 0.199878 -0.513223 -0.053198
v 0.199853 -0.513022 -0.053420
v 0.199833 -0.512862 -0.053674
v 0.199819 -0.512748 -0.053953
v 0.199811 -0.512684 -0.054247
v 0.199810 -0.512671 -0.054548
v 0.199815 -0.512711 -0.054846
v 0.199826 -0.512801 -0.055133
v 0.199843 -0.512940 -0.055400
v 0.199865 -0.513122 -0.055638
v 0.199892 -0.513343 -0.055841
v 0.199923 -0.513595 -0.056003
v 0.199957 -0.513871 -0.056117
v 0.199993 -0.514163 -0.056182
v 0.200030 -0.514462 -0.056194
v 0.200066 -0.514758 -0.056155
v 0.200101 -0.515043 -0.056064
v 0.200133 -0.515307 -0.055924
v 0.200163 -0.515544 -0.055740
v 0.200187 -0.515746 -0.055518
v 0.200207 -0.515906 -0.055264
v 0.200221 -0.516020 -0.054985
v 0.200229 -0.516084 -0.054691
v 0.200230 -0.516096 -0.054390
v 0.200225 -0.516057 -0.054092
v 0.200214 -0.515966 -0.053805
v 0.200197 -0.515828 -0.053538
v 0.200175 -0.515645 -0.053300
v 0.200148 -0.515425 -0.053097
v 0.200117 -0.515172 -0.052936
v 0.200083 -0.514896 -0.052821
v 0.198512 -0.502104 -0.051122
v 0.198476 -0.501805 -0.051110
v 0.198439 -0.501509 -0.051150
v 0.198404 -0.501224 -0.051241
v 0.198372 -0.500959 -0.051380
v 0.198343 -0.500723 -0.051564
v 0.198318 -0.500521 -0.051786
v 0.198298 -0.500361 -0.052041
v 0.198284 -0.500247 -0.052319
v 0.198276 -0.500183 -0.052613
v 0.198275 -0.500171 -0.052914
v 0.198280 -0.500210 -0.053212
v 0.198291 -0.500300 -0.053499
v 0.198308 -0.500439 -0.053766
v 0.198330 -0.500621 -0.054004
v 0.198357 -0.500842 -0.054207
v 0.198388 -0.501094 -0.054369
v 0.198422 -0.501371 -0.054483
v 0.198458 -0.501663 -0.054548
v 0.198495 -0.501961 -0.054561
v 0.198531 -0.502257 -0.054521
v 0.198566 -0.502542 -0.054430
v 0.198599 -0.502807 -0.054290
v 0.198628 -0.503044 -0.054106
v 0.198652 -0.503245 -0.053884
v 0.198672 -0.503405 -0.053630
v 0.198686 -0.503519 -0.053351
v 0.198694 -0.503583 -0.053057
v 0.198695 -0.503596 -0.052757
v 0.198691 -0.503556 -0.052458
v 0.198679 -0.503466 -0.052171
v 0.198662 -0.503327 -0.051904
v 0.198640 -0.503145 -0.051666
v 0.198613 -0.502924 -0.051463
v 0.198582 -0.502672 -0.051302
v 0.198548 -0.502395 -0.051187
v 0.196977 -0.489603 -0.049488
v 0.196941 -0.489304 -0.049476
v 0.196904 -0.489008 -0.049516
v 0.196869 -0.488723 -0.049607
v 0.196837 -0.488459 -0.049746
v 0.196808 -0.488222 -0.049930
v 0.196783 -0.488020 -0.050152
v 0.196763 -0.487860 -0.050407
v 0.196749 -0.487747 -0.050685
v 0.196742 -0.487682 -0.050979
v 0.196740 -0.487670 -0.051280
v 0.196745 -0.487710 -0.051578
v 0.196756 -0.487800 -0.051865
v 0.196773 -0.487938 -0.052132
v 0.196795 -0.488121 -0.052371
v 0.196822 -0.488341 -0.052574
v 0.196853 -0.488594 -0.052735
v 0.196887 -0.488870 -0.052850
v 0.196923 -0.489162 -0.052914
v 0.196960 -0.489461 -0.052927
v 0.196996 -0.489757 -0.052887
v 0.197031 -0.490042 -0.052796
v 0.197064 -0.490306 -0.052656
v 0.197093 -0.490543 -0.052472
v 0.197117 -0.490745 -0.052250
v 0.197137 -0.490905 -0.051996
v 0.197151 -0.491018 -0.051718
v 0.197159 -0.491083 -0.051423
v 0.197161 -0.491095 -0.051123
v 0.197156 -0.491055 -0.050824
v 0.197145 -0.490965 -0.050537
v 0.197128 -0.490827 -0.050270
v 0.197105 -0.490644 -0.050032
v 0.197078 -0.490424 -0.049829
v 0.197047 -0.490171 -0.049668
v 0.197013 -0.489895 -0.049553
v 0.195442 -0.477102 -0.047855
v 0.195406 -0.476804 -0.047842
v 0.195369 -0.476508 -0.047882
v 0.195334 -0.476223 -0.047973
v 0.195302 -0.475958 -0.048112
v 0.195273 -0.475721 -0.048296
v 0.195248 -0.475520 -0.048519
v 0.195228 -0.475360 -0.048773
v 0.195215 -0.475246 -0.049051
v 0.195207 -0.475182 -0.049345
v 0.195205 -0.475169 -0.049646
v 0.195210 -0.475209 -0.049944
v 0.195221 -0.475299 -0.050231
v 0.195238 -0.475438 -0.050498
v 0.195260 -0.475620 -0.050737
v 0.195288 -0.475841 -0.050940
v 0.195319 -0.476093 -0.051101
v 0.195352 -0.476369 -0.051216
v 0.195388 -0.476661 -0.051280
v 0.195425 -0.476960 -0.051293
v 0.195461 -0.477256 -0.051253
v 0.195496 -0.477541 -0.051162
v 0.195529 -0.477806 -0.051022
v 0.195558 -0.478042 -0.050839
v 0.195583 -0.478244 -0.050616
v 0.195602 -0.478404 -0.050362
v 0.195616 -0.478518 -0.050084
v 0.195624 -0.478582 -0.049790
v 0.195626 -0.478594 -0.049489
v 0.195621 -0.478555 -0.049190
v 0.195610 -0.478464 -0.048903
v 0.195593 -0.478326 -0.048637
v 0.195570 -0.478144 -0.048398
v 0.195543 -0.477923 -0.048195
v 0.195512 -0.477671 -0.048034
v 0.195478 -0.477394 -0.047919
v 0.193908 -0.464602 -0.046221
v 0.193871 -0.464303 -0.046208
v 0.193835 -0.464007 -0.046248
v 0.193800 -0.463722 -0.046339
v 0.193767 -0.463457 -0.046479
v 0.193738 -0.463221 -0.046662
v 0.193713 -0.463019 -0.046885
v 0.193694 -0.462859 -0.047139
v 0.193680 -0.462745 -0.047417
v 0.193672 -0.462681 -0.047711
v 0.193670 -0.462669 -0.048012
v 0.193675 -0.462708 -0.048311
v 0.193686 -0.462799 -0.048597
v 0.193703 -0.462937 -0.048864
v 0.193726 -0.463120 -0.049103
v 0.193753 -0.463340 -0.049306
v 0.193784 -0.463593 -0.049467
v 0.193818 -0.463869 -0.049582
v 0.193853 -0.464161 -0.049646
v 0.193890 -0.464459 -0.049659
v 0.193926 -0.464756 -0.049619
v 0.193961 -0.465040 -0.049528
v 0.193994 -0.465305 -0.049388
v 0.194023 -0.465542 -0.049205
v 0.194048 -0.465743 -0.048982
v 0.194067 -0.465903 -0.048728
v 0.194081 -0.466017 -0.048450
v 0.194089 -0.466081 -0.048156
v 0.194091 -0.466094 -0.047855
v 0.194086 -0.466054 -0.047556
v 0.194075 -0.465964 -0.047270
v 0.194058 -0.465825 -0.047003
v 0.194035 -0.465643 -0.046764
v 0.194008 -0.465422 -0.046561
v 0.193977 -0.465170 -0.046400
v 0.193943 -0.464894 -0.046285
v 0.192373 -0.452101 -0.044587
v 0.192336 -0.451803 -0.044574
v 0.192300 -0.451507 -0.044614
v 0.192265 -0.451222 -0.044705
v 0.192232 -0.450957 -0.044845
v 0.192203 -0.450720 -0.045028
v 0.192178 -0.450519 -0.045251
v 0.192159 -0.450359 -0.045505
v 0.192145 -0.450245 -0.045783
v 0.192137 -0.450181 -0.046077
v 0.192135 -0.450168 -0.046378
v 0.192140 -0.450208 -0.046677
v 0.192151 -0.450298 -0.046964
v 0.192168 -0.450437 -0.047230
v 0.192191 -0.450619 -0.047469
v 0.192218 -0.450840 -0.047672
v 0.192249 -0.451092 -0.047833
v 0.192283 -0.451368 -0.047948
v 0.192319 -0.451660 -0.048012
v 0.192355 -0.451959 -0.048025
v 0.192392 -0.452255 -0.047985
v 0.192427 -0.452540 -0.047894
v 0.192459 -0.452805 -0.047755
v 0.192488 -0.453041 -0.047571
v 0.192513 -0.453243 -0.047348
v 0.192533 -0.453403 -0.047094
v 0.192546 -0.453517 -0.046816
v 0.192554 -0.453581 -0.046522
v 0.192556 -0.453593 -0.046221
v 0.192551 -0.453554 -0.045923
v 0.192540 -0.453463 -0.045636
v 0.192523 -0.453325 -0.045369
v 0.192501 -0.453142 -0.045130
v 0.192473 -0.452922 -0.044927
v 0.192442 -0.452669 -0.044766
v 0.192409 -0.452393 -0.044651
v 0.190838 -0.439601 -0.042953
v 0.190801 -0.439302 -0.042940
v 0.190765 -0.439006 -0.042980
v 0.190730 -0.438721 -0.043071
v 0.190697 -0.438456 -0.043211
v 0.190668 -0.438220 -0.043394
v 0.190644 -0.438018 -0.043617
v 0.190624 -0.437858 -0.043871
v 0.190610 -0.437744 -0.044149
v 0.190602 -0.437680 -0.044443
v 0.190600 -0.437668 -0.044744
v 0.190605 -0.437707 -0.045043
v 0.190616 -0.437798 -0.045330
v 0.190633 -0.437936 -0.045596
v 0.190656 -0.438118 -0.045835
v 0.190683 -0.438339 -0.046038
v 0.190714 -0.438591 -0.046199
v 0.190748 -0.438868 -0.046314
v 0.190784 -0.439160 -0.046379
v 0.190820 -0.439458 -0.046391
v 0.190857 -0.439754 -0.046351
v 0.190892 -0.440039 -0.046260
v 0.190924 -0.440304 -0.046121
v 0.190953 -0.440541 -0.045937
v 0.190978 -0.440742 -0.045715
v 0.190998 -0.440902 -0.045460
v 0.191012 -0.441016 -0.045182
v 0.191019 -0.441080 -0.044888
v 0.191021 -0.441093 -0.044587
v 0.191016 -0.441053 -0.044289
v 0.191005 -0.440963 -0.044002
v 0.190988 -0.440824 -0.043735
v 0.190966 -0.440642 -0.043496
v 0.190939 -0.440421 -0.043293
v 0.190908 -0.440169 -0.043132
v 0.190874 -0.439893 -0.043017
v 0.189303 -0.427100 -0.041319
v 0.189266 -0.426802 -0.041306
v 0.189230 -0.426505 -0.041346
v 0.189195 -0.426221 -0.041437
v 0.189162 -0.425956 -0.041577
v 0.189133 -0.425719 -0.041761
v 0.189109 -0.425518 -0.041983
v 0.189089 -0.425357 -0.042237
v 0.189075 -0.425244 -0.042516
v 0.189067 -0.425180 -0.042810
v 0.189066 -0.425167 -0.043110
v 0.189070 -0.425207 -0.043409
v 0.189082 -0.425297 -0.043696
v 0.189099 -0.425435 -0.043963
v 0.189121 -0.425618 -0.044201
v 0.189148 -0.425839 -0.044404
v 0.189179 -0.426091 -0.044565
v 0.189213 -0.426367 -0.044680
v 0.189249 -0.426659 -0.044745
v 0.189285 -0.426958 -0.044757
v 0.189322 -0.427254 -0.044717
v 0.189357 -0.427539 -0.044626
v 0.189389 -0.427803 -0.044487
v 0.189418 -0.428040 -0.044303
v 0.189443 -0.428242 -0.044081
v 0.189463 -0.428402 -0.043826
v 0.189477 -0.428516 -0.043548
v 0.189485 -0.428580 -0.043254
v 0.189486 -0.428592 -0.042953
v 0.189481 -0.428553 -0.042655
v 0.189470 -0.428462 -0.042368
v 0.189453 -0.428324 -0.042101
v 0.189431 -0.428141 -0.041863
v 0.189404 -0.427921 -0.041660
v 0.189373 -0.427668 -0.041498
v 0.189339 -0.427392 -0.041384
v 0.187768 -0.414600 -0.039685
v 0.187731 -0.414301 -0.039673
v 0.187695 -0.414005 -0.039712
v 0.187660 -0.413720 -0.039803
v 0.187628 -0.413455 -0.039943
v 0.187598 -0.413218 -0.040127
v 0.187574 -0.413017 -0.040349
v 0.187554 -0.412857 -0.040603
v 0.187540 -0.412743 -0.040882
v 0.187532 -0.412679 -0.041176
v 0.187531 -0.412666 -0.041477
v 0.187536 -0.412706 -0.041775
v 0.187547 -0.412796 -0.042062
v 0.187564 -0.412935 -0.042329
v 0.187586 -0.413117 -0.042567
v 0.187613 -0.413338 -0.042770
v 0.187644 -0.413590 -0.042931
v 0.187678 -0.413867 -0.043046
v 0.187714 -0.414158 -0.043111
v 0.187751 -0.414457 -0.043123
v 0.187787 -0.414753 -0.043083
v 0.187822 -0.415038 -0.042992
v 0.187854 -0.415303 -0.042853
v 0.187883 -0.415540 -0.042669
v 0.187908 -0.415741 -0.042447
v 0.187928 -0.415901 -0.042193
v 0.187942 -0.416015 -0.041914
v 0.187950 -0.416079 -0.041620
v 0.187951 -0.416092 -0.041319
v 0.187946 -0.416052 -0.041021
v 0.187935 -0.415962 -0.040734
v 0.187918 -0.415823 -0.040467
v 0.187896 -0.415641 -0.040229
v 0.187869 -0.415420 -0.040026
v 0.187838 -0.415168 -0.039864
v 0.187804 -0.414891 -0.039750
v 0.186233 -0.402099 -0.038051
v 0.186197 -0.401800 -0.038039
v 0.186160 -0.401504 -0.038078
v 0.186125 -0.401219 -0.038170
v 0.186093 -0.400955 -0.038309
v 0.186064 -0.400718 -0.038493
v 0.186039 -0.400516 -0.038715
v 0.186019 -0.400356 -0.038969
v 0.186005 -0.400242 -0.039248
v 0.185997 -0.400178 -0.039542
v 0.185996 -0.400166 -0.039843
v 0.186001 -0.400205 -0.040141
v 0.186012 -0.400296 -0.040428
v 0.186029 -0.400434 -0.040695
v 0.186051 -0.400617 -0.040933
v 0.186078 -0.400837 -0.041136
v 0.186109 -0.401090 -0.041298
v 0.186143 -0.401366 -0.041412
v 0.186179 -0.401658 -0.041477
v 0.186216 -0.401956 -0.041489
v 0.186252 -0.402253 -0.041450
v 0.186287 -0.402537 -0.041359
v 0.186320 -0.402802 -0.041219
v 0.186349 -0.403039 -0.041035
v 0.186373 -0.403240 -0.040813
v 0.186393 -0.403401 -0.040559
v 0.186407 -0.403514 -0.040280
v 0.186415 -0.403578 -0.039986
v 0.186416 -0.403591 -0.039685
v 0.186412 -0.403551 -0.039387
v 0.186400 -0.403461 -0.039100
v 0.186383 -0.403323 -0.038833
v 0.186361 -0.403140 -0.038595
v 0.186334 -0.402919 -0.038392
v 0.186303 -0.402667 -0.038230
v 0.186269 -0.402391 -0.038116
v 0.184698 -0.389598 -0.036417
v 0.184662 -0.389300 -0.036405
v 0.184625 -0.389004 -0.036445
v 0.184590 -0.388719 -0.036536
v 0.184558 -0.388454 -0.036675
v 0.184529 -0.388217 -0.036859
v 0.184504 -0.388016 -0.037081
v 0.184484 -0.387856 -0.037336
v 0.184470 -0.387742 -0.037614
v 0.184462 -0.387678 -0.037908
v 0.184461 -0.387665 -0.038209
v 0.184466 -0.387705 -0.038507
v 0.184477 -0.387795 -0.038794
v 0.184494 -0.387934 -0.039061
v 0.184516 -0.388116 -0.039299
v 0.184543 -0.388337 -0.039502
v 0.184574 -0.388589 -0.039664
v 0.184608 -0.388865 -0.039778
v 0.184644 -0.389157 -0.039843
v 0.184681 -0.389456 -0.039856
v 0.184717 -0.389752 -0.039816
v 0.184752 -0.390037 -0.039725
v 0.184785 -0.390302 -0.039585
v 0.184814 -0.390538 -0.039401
v 0.184838 -0.390740 -0.039179
v 0.184858 -0.390900 -0.038925
v 0.184872 -0.391014 -0.038646
v 0.184880 -0.391078 -0.038352
v 0.184882 -0.391090 -0.038052
v 0.184877 -0.391051 -0.037753
v 0.184866 -0.390960 -0.037466
v 0.184849 -0.390822 -0.037199
v 0.184826 -0.390640 -0.036961
v 0.184799 -0.390419 -0.036758
v 0.184768 -0.390167 -0.036597
v 0.184734 -0.389890 -0.036482
v 0.183163 -0.377098 -0.034783
v 0.183127 -0.376799 -0.034771
v 0.183090 -0.376503 -0.034811
v 0.183055 -0.376218 -0.034902
v 0.183023 -0.375953 -0.035041
v 0.182994 -0.375717 -0.035225
v 0.182969 -0.375515 -0.035447
v 0.182949 -0.375355 -0.035702
v 0.182935 -0.375241 -0.035980
v 0.182928 -0.375177 -0.036274
v 0.182926 -0.375165 -0.036575
v 0.182931 -0.375204 -0.036873
v 0.182942 -0.375295 -0.037160
v 0.182959 -0.375433 -0.037427
v 0.182981 -0.375616 -0.037666
v 0.183009 -0.375836 -0.037869
v 0.183040 -0.376089 -0.038030
v 0.183073 -0.376365 -0.038144
v 0.183109 -0.376657 -0.038209
v 0.183146 -0.376955 -0.038222
v 0.183182 -0.377251 -0.038182
v 0.183217 -0.377536 -0.038091
v 0.183250 -0.377801 -0.037951
v 0.183279 -0.378038 -0.037767
v 0.183304 -0.378239 -0.037545
v 0.183323 -0.378399 -0.037291
v 0.183337 -0.378513 -0.037013
v 0.183345 -0.378577 -0.036718
v 0.183347 -0.378590 -0.036418
v 0.183342 -0.378550 -0.036119
v 0.183331 -0.378460 -0.035832
v 0.183314 -0.378321 -0.035565
v 0.183291 -0.378139 -0.035327
v 0.183264 -0.377918 -0.035124
v 0.183233 -0.377666 -0.034963
v 0.183199 -0.377390 -0.034848
v 0.181629 -0.364597 -0.033150
v 0.181592 -0.364299 -0.033137
v 0.181556 -0.364002 -0.033177
v 0.181521 -0.363718 -0.033268
v 0.181488 -0.363453 -0.033407
v 0.181459 -0.363216 -0.033591
v 0.181434 -0.363015 -0.033813
v 0.181415 -0.362855 -0.034068
v 0.181401 -0.362741 -0.034346
v 0.181393 -0.362677 -0.034640
v 0.181391 -0.362664 -0.034941
v 0.181396 -0.362704 -0.035239
v 0.181407 -0.362794 -0.035526
v 0.181424 -0.362933 -0.035793
v 0.181447 -0.363115 -0.036032
v 0.181474 -0.363336 -0.036235
v 0.181505 -0.363588 -0.036396
v 0.181539 -0.363864 -0.036511
v 0.181574 -0.364156 -0.036575
v 0.181611 -0.364455 -0.036588
v 0.181647 -0.364751 -0.036548
v 0.181682 -0.365036 -0.036457
v 0.181715 -0.365301 -0.036317
v 0.181744 -0.365537 -0.036134
v 0.181769 -0.365739 -0.035911
v 0.181788 -0.365899 -0.035657
v 0.181802 -0.366013 -0.035379
v 0.181810 -0.366077 -0.035085
v 0.181812 -0.366089 -0.034784
v 0.181807 -0.366050 -0.034485
v 0.181796 -0.365959 -0.034198
v 0.181779 -0.365821 -0.033932
v 0.181756 -0.365638 -0.033693
v 0.181729 -0.365418 -0.033490
v 0.181698 -0.365165 -0.033329
v 0.181664 -0.364889 -0.033214
v 0.180094 -0.352097 -0.031516
v 0.180057 -0.351798 -0.031503
v 0.180021 -0.351502 -0.031543
v 0.179986 -0.351217 -0.031634
v 0.179953 -0.350952 -0.031774
v 0.179924 -0.350716 -0.031957
v 0.179899 -0.350514 -0.032180
v 0.179880 -0.350354 -0.032434
v 0.179866 -0.350240 -0.032712
v 0.179858 -0.350176 -0.033006
v 0.179856 -0.350164 -0.033307
v 0.179861 -0.350203 -0.033605
v 0.179872 -0.350294 -0.033892
v 0.179889 -0.350432 -0.034159
v 0.179912 -0.350614 -0.034398
v 0.179939 -0.350835 -0.034601
v 0.179970 -0.351087 -0.034762
v 0.180004 -0.351364 -0.034877
v 0.180040 -0.351656 -0.034941
v 0.180076 -0.351954 -0.034954
v 0.180113 -0.352250 -0.034914
v 0.180148 -0.352535 -0.034823
v 0.180180 -0.352800 -0.034683
v 0.180209 -0.353037 -0.034500
v 0.180234 -0.353238 -0.034277
v 0.180253 -0.353398 -0.034023
v 0.180267 -0.353512 -0.033745
v 0.180275 -0.353576 -0.033451
v 0.180277 -0.353589 -0.033150
v 0.180272 -0.353549 -0.032851
v 0.180261 -0.353459 -0.032564
v 0.180244 -0.353320 -0.032298
v 0.180222 -0.353138 -0.032059
v 0.180194 -0.352917 -0.031856
v 0.180163 -0.352665 -0.031695
v 0.180130 -0.352389 -0.031580
v 0.178559 -0.339596 -0.029882
v 0.178522 -0.339297 -0.029869
v 0.178486 -0.339001 -0.029909
v 0.178451 -0.338716 -0.030000
v 0.178418 -0.338452 -0.030140
v 0.178389 -0.338215 -0.030323
v 0.178364 -0.338013 -0.030546
v 0.178345 -0.337853 -0.030800
v 0.178331 -0.337740 -0.031078
v 0.178323 -0.337675 -0.031372
v 0.178321 -0.337663 -0.031673
v 0.178326 -0.337703 -0.031972
v 0.178337 -0.337793 -0.032259
v 0.178354 -0.337931 -0.032525
v 0.178377 -0.338114 -0.032764
v 0.178404 -0.338334 -0.032967
v 0.178435 -0.338587 -0.033128
v 0.178469 -0.338863 -0.033243
v 0.178505 -0.339155 -0.033307
v 0.178541 -0.339454 -0.033320
v 0.178578 -0.339750 -0.033280
v 0.178613 -0.340035 -0.033189
v 0.178645 -0.340299 -0.033050
v 0.178674 -0.340536 -0.032866
v 0.178699 -0.340738 -0.032643
v 0.178719 -0.340898 -0.032389
v 0.178733 -0.341011 -0.032111
v 0.178740 -0.341076 -0.031817
v 0.178742 -0.341088 -0.031516
v 0.178737 -0.341048 -0.031218
v 0.178726 -0.340958 -0.030931
v 0.178709 -0.340820 -0.030664
v 0.178687 -0.340637 -0.030425
v 0.178660 -0.340417 -0.030222
v 0.178629 -0.340164 -0.030061
v 0.178595 -0.339888 -0.029946
v 0.177024 -0.327095 -0.028248
v 0.176987 -0.326797 -0.028235
v 0.176951 -0.326501 -0.028275
v 0.176916 -0.326216 -0.028366
v 0.176883 -0.325951 -0.028506
v 0.176854 -0.325714 -0.028689
v 0.176830 -0.325513 -0.028912
v 0.176810 -0.325353 -0.029166
v 0.176796 -0.325239 -0.029444
v 0.176788 -0.325175 -0.029738
v 0.176787 -0.325162 -0.030039
v 0.176791 -0.325202 -0.030338
v 0.176803 -0.325292 -0.030625
v 0.176820 -0.325431 -0.030891
v 0.176842 -0.325613 -0.031130
v 0.176869 -0.325834 -0.031333
v 0.176900 -0.326086 -0.031494
v 0.176934 -0.326363 -0.031609
v 0.176970 -0.326654 -0.031674
v 0.177006 -0.326953 -0.031686
v 0.177043 -0.327249 -0.031646
v 0.177078 -0.327534 -0.031555
v 0.177110 -0.327799 -0.031416
v 0.177139 -0.328035 -0.031232
v 0.177164 -0.328237 -0.031010
v 0.177184 -0.328397 -0.030755
v 0.177198 -0.328511 -0.030477
v 0.177206 -0.328575 -0.030183
v 0.177207 -0.328587 -0.029882
v 0.177202 -0.328548 -0.029584
v 0.177191 -0.328458 -0.029297
v 0.177174 -0.328319 -0.029030
v 0.177152 -0.328137 -0.028791
v 0.177125 -0.327916 -0.028588
v 0.177094 -0.327664 -0.028427
v 0.177060 -0.327387 -0.028312
v 0.175489 -0.314595 -0.026614
v 0.175452 -0.314296 -0.026601
v 0.175416 -0.314000 -0.026641
v 0.175381 -0.313715 -0.026732
v 0.175349 -0.313451 -0.026872
v 0.175319 -0.313214 -0.027056
v 0.175295 -0.313012 -0.027278
v 0.175275 -0.312852 -0.027532
v 0.175261 -0.312738 -0.027811
v 0.175253 -0.312674 -0.028105
v 0.175252 -0.312662 -0.028405
v 0.175257 -0.312701 -0.028704
v 0.175268 -0.312792 -0.028991
v 0.175285 -0.312930 -0.029258
v 0.175307 -0.313113 -0.029496
v 0.175334 -0.313333 -0.029699
v 0.175365 -0.313586 -0.029860
v 0.175399 -0.313862 -0.029975
v 0.175435 -0.314154 -0.030040
v 0.175472 -0.314452 -0.030052
v 0.175508 -0.314749 -0.030012
v 0.175543 -0.315033 -0.029921
v 0.175575 -0.315298 -0.029782
v 0.175604 -0.315535 -0.029598
v 0.175629 -0.315736 -0.029376
v 0.175649 -0.315896 -0.029121
v 0.175663 -0.316010 -0.028843
v 0.175671 -0.316074 -0.028549
v 0.175672 -0.316087 -0.028248
v 0.175667 -0.316047 -0.027950
v 0.175656 -0.315957 -0.027663
v 0.175639 -0.315818 -0.027396
v 0.175617 -0.315636 -0.027158
v 0.175590 -0.315415 -0.026955
v 0.175559 -0.315163 -0.026793
v 0.175525 -0.314887 -0.026679
v 0.206874 -0.570206 -0.028148
v 0.206167 -0.564443 -0.027906
v 0.205465 -0.558726 -0.028675
v 0.204790 -0.553228 -0.030433
v 0.204162 -0.548117 -0.033126
v 0.203601 -0.543548 -0.036672
v 0.203123 -0.539659 -0.040964
v 0.202744 -0.536569 -0.045871
v 0.202474 -0.534372 -0.051244
v 0.202322 -0.533135 -0.056920
v 0.202293 -0.532894 -0.062726
v 0.202387 -0.533657 -0.068486
v 0.202601 -0.535402 -0.074025
v 0.202929 -0.538075 -0.079174
v 0.203361 -0.541595 -0.083778
v 0.203884 -0.545855 -0.087696
v 0.204482 -0.550725 -0.090809
v 0.205137 -0.556058 -0.093022
v 0.205829 -0.561692 -0.094269
v 0.206536 -0.567454 -0.094512
v 0.207238 -0.573171 -0.093742
v 0.207913 -0.578669 -0.091985
v 0.208541 -0.583780 -0.089292
v 0.209102 -0.588349 -0.085745
v 0.209579 -0.592238 -0.081453
v 0.209959 -0.595328 -0.076547
v 0.210228 -0.597525 -0.071174
v 0.210380 -0.598763 -0.065498
v 0.210410 -0.599003 -0.059692
v 0.210316 -0.598240 -0.053932
v 0.210102 -0.596495 -0.048393
v 0.209774 -0.593822 -0.043244
v 0.209342 -0.590302 -0.038640
v 0.208819 -0.586042 -0.034722
v 0.208221 -0.581172 -0.031609
v 0.207566 -0.575839 -0.029395
v 0.172419 -0.289594 -0.023346
v 0.172383 -0.289295 -0.023334
v 0.172346 -0.288999 -0.023373
v 0.172311 -0.288714 -0.023465
v 0.172279 -0.288449 -0.023604
v 0.172250 -0.288213 -0.023788
v 0.172225 -0.288011 -0.024010
v 0.172205 -0.287851 -0.024264
v 0.172191 -0.287737 -0.024543
v 0.172183 -0.287673 -0.024837
v 0.172182 -0.287661 -0.025138
v 0.172187 -0.287700 -0.025436
v 0.172198 -0.287791 -0.025723
v 0.172215 -0.287929 -0.025990
v 0.172237 -0.288111 -0.026228
v 0.172264 -0.288332 -0.026431
v 0.172295 -0.288584 -0.026593
v 0.172329 -0.288861 -0.026707
v 0.172365 -0.289153 -0.026772
v 0.172402 -0.289451 -0.026784
v 0.172438 -0.289747 -0.026745
v 0.172473 -0.290032 -0.026653
v 0.172506 -0.290297 -0.026514
v 0.172535 -0.290534 -0.026330
v 0.172559 -0.290735 -0.026108
v 0.172579 -0.290895 -0.025854
v 0.172593 -0.291009 -0.025575
v 0.172601 -0.291073 -0.025281
v 0.172602 -0.291086 -0.024980
v 0.172598 -0.291046 -0.024682
v 0.172587 -0.290956 -0.024395
v 0.172570 -0.290817 -0.024128
v 0.172547 -0.290635 -0.023890
v 0.172520 -0.290414 -0.023687
v 0.172489 -0.290162 -0.023525
v 0.172455 -0.289886 -0.023411
v 0.173954 -0.302094 -0.024980
v 0.173918 -0.301796 -0.024967
v 0.173881 -0.301500 -0.025007
v 0.173846 -0.301215 -0.025098
v 0.173814 -0.300950 -0.025238
v 0.173785 -0.300713 -0.025422
v 0.173760 -0.300512 -0.025644
v 0.173740 -0.300352 -0.025898
v 0.173726 -0.300238 -0.026177
v 0.173718 -0.300174 -0.026471
v 0.173717 -0.300161 -0.026771
v 0.173722 -0.300201 -0.027070
v 0.173733 -0.300291 -0.027357
v 0.173750 -0.300430 -0.027624
v 0.173772 -0.300612 -0.027862
v 0.173799 -0.300833 -0.028065
v 0.173830 -0.301085 -0.028226
v 0.173864 -0.301361 -0.028341
v 0.173900 -0.301653 -0.028406
v 0.173937 -0.301952 -0.028418
v 0.173973 -0.302248 -0.028378
v 0.174008 -0.302533 -0.028287
v 0.174041 -0.302798 -0.028148
v 0.174070 -0.303034 -0.027964
v 0.174094 -0.303236 -0.027742
v 0.174114 -0.303396 -0.027488
v 0.174128 -0.303510 -0.027209
v 0.174136 -0.303574 -0.026915
v 0.174137 -0.303586 -0.026614
v 0.174133 -0.303547 -0.026316
v 0.174121 -0.303456 -0.026029
v 0.174104 -0.303318 -0.025762
v 0.174082 -0.303136 -0.025524
v 0.174055 -0.302915 -0.025321
v 0.174024 -0.302662 -0.025159
v 0.173990 -0.302386 -0.025045
v 0.201552 -0.526858 -0.057763
v 0.201517 -0.526579 -0.057702
v 0.201485 -0.526315 -0.057592
v 0.201455 -0.526074 -0.057438
v 0.201430 -0.525863 -0.057244
v 0.201408 -0.525689 -0.057016
v 0.201392 -0.525557 -0.056761
v 0.201381 -0.525471 -0.056487
v 0.201377 -0.525433 -0.056202
v 0.201378 -0.525445 -0.055915
v 0.201386 -0.525506 -0.055634
v 0.201399 -0.525615 -0.055368
v 0.201418 -0.525768 -0.055125
v 0.201441 -0.525960 -0.054913
v 0.201469 -0.526186 -0.054737
v 0.201500 -0.526439 -0.054604
v 0.201534 -0.526711 -0.054517
v 0.201568 -0.526994 -0.054479
v 0.201603 -0.527279 -0.054491
v 0.201638 -0.527558 -0.054553
v 0.201670 -0.527822 -0.054662
v 0.201700 -0.528063 -0.054816
v 0.201726 -0.528274 -0.055010
v 0.201747 -0.528448 -0.055238
v 0.201763 -0.528581 -0.055493
v 0.201774 -0.528667 -0.055767
v 0.201778 -0.528705 -0.056052
v 0.201777 -0.528693 -0.056339
v 0.201769 -0.528632 -0.056620
v 0.201756 -0.528523 -0.056886
v 0.201737 -0.528370 -0.057129
v 0.201714 -0.528177 -0.057341
v 0.201686 -0.527951 -0.057517
v 0.201655 -0.527698 -0.057650
v 0.201621 -0.527426 -0.057737
v 0.201587 -0.527143 -0.057775
v 0.204475 -0.550666 -0.026381
v 0.204441 -0.550387 -0.026319
v 0.204408 -0.550123 -0.026209
v 0.204379 -0.549882 -0.026055
v 0.204353 -0.549671 -0.025861
v 0.204331 -0.549497 -0.025633
v 0.204315 -0.549365 -0.025379
v 0.204305 -0.549279 -0.025104
v 0.204300 -0.549241 -0.024819
v 0.204301 -0.549253 -0.024532
v 0.204309 -0.549314 -0.024251
v 0.204322 -0.549423 -0.023985
v 0.204341 -0.549576 -0.023742
v 0.204365 -0.549768 -0.023530
v 0.204392 -0.549994 -0.023354
v 0.204424 -0.550247 -0.023221
v 0.204457 -0.550519 -0.023134
v 0.204492 -0.550802 -0.023096
v 0.204527 -0.551088 -0.023108
v 0.204561 -0.551366 -0.023170
v 0.204593 -0.551630 -0.023279
v 0.204623 -0.551871 -0.023433
v 0.204649 -0.552082 -0.023627
v 0.204670 -0.552256 -0.023855
v 0.204686 -0.552389 -0.024110
v 0.204697 -0.552475 -0.024384
v 0.204702 -0.552513 -0.024669
v 0.204700 -0.552501 -0.024957
v 0.204693 -0.552440 -0.025237
v 0.204679 -0.552331 -0.025503
v 0.204661 -0.552178 -0.025746
v 0.204637 -0.551986 -0.025959
v 0.204609 -0.551759 -0.026134
v 0.204578 -0.551506 -0.026267
v 0.204545 -0.551234 -0.026354
v 0.204510 -0.550951 -0.026393
v 0.209249 -0.589546 -0.031462
v 0.209215 -0.589267 -0.031401
v 0.209182 -0.589003 -0.031291
v 0.209153 -0.588762 -0.031137
v 0.209127 -0.588551 -0.030943
v 0.209105 -0.588377 -0.030715
v 0.209089 -0.588245 -0.030460
v 0.209078 -0.588158 -0.030186
v 0.209074 -0.588121 -0.029901
v 0.209075 -0.588132 -0.029614
v 0.209083 -0.588194 -0.029333
v 0.209096 -0.588303 -0.029067
v 0.209115 -0.588455 -0.028824
v 0.209139 -0.588648 -0.028612
v 0.209166 -0.588874 -0.028436
v 0.209197 -0.589127 -0.028303
v 0.209231 -0.589399 -0.028216
v 0.209266 -0.589682 -0.028178
v 0.209301 -0.589967 -0.028190
v 0.209335 -0.590246 -0.028251
v 0.209367 -0.590510 -0.028361
v 0.209397 -0.590751 -0.028515
v 0.209423 -0.590962 -0.028709
v 0.209444 -0.591136 -0.028937
v 0.209460 -0.591268 -0.029192
v 0.209471 -0.591355 -0.029466
v 0.209476 -0.591393 -0.029751
v 0.209474 -0.591381 -0.030038
v 0.209467 -0.591319 -0.030319
v 0.209453 -0.591211 -0.030585
v 0.209434 -0.591058 -0.030828
v 0.209411 -0.590865 -0.031040
v 0.209383 -0.590639 -0.031216
v 0.209352 -0.590386 -0.031349
v 0.209319 -0.590114 -0.031436
v 0.209284 -0.589831 -0.031474
v 0.208176 -0.580810 -0.099310
v 0.208142 -0.580531 -0.099248
v 0.208109 -0.580267 -0.099138
v 0.208080 -0.580026 -0.098984
v 0.208054 -0.579815 -0.098791
v 0.208033 -0.579641 -0.098563
v 0.208016 -0.579508 -0.098308
v 0.208006 -0.579422 -0.098034
v 0.208001 -0.579384 -0.097749
v 0.208003 -0.579396 -0.097461
v 0.208010 -0.579457 -0.097180
v 0.208023 -0.579566 -0.096914
v 0.208042 -0.579719 -0.096672
v 0.208066 -0.579912 -0.096459
v 0.208094 -0.580138 -0.096284
v 0.208125 -0.580391 -0.096150
v 0.208158 -0.580663 -0.096063
v 0.208193 -0.580946 -0.096025
v 0.208228 -0.581231 -0.096037
v 0.208262 -0.581510 -0.096099
v 0.208294 -0.581774 -0.096208
v 0.208324 -0.582015 -0.096363
v 0.208350 -0.582226 -0.096556
v 0.208371 -0.582400 -0.096784
v 0.208388 -0.582532 -0.097039
v 0.208398 -0.582618 -0.097313
v 0.208403 -0.582656 -0.097598
v 0.208401 -0.582644 -0.097886
v 0.208394 -0.582583 -0.098167
v 0.208381 -0.582474 -0.098433
v 0.208362 -0.582321 -0.098675
v 0.208338 -0.582129 -0.098888
v 0.208310 -0.581903 -0.099063
v 0.208279 -0.581650 -0.099197
v 0.208246 -0.581378 -0.099284
v 0.208211 -0.581095 -0.099322
v 0.203402 -0.541930 -0.094228
v 0.203368 -0.541651 -0.094166
v 0.203336 -0.541387 -0.094057
v 0.203306 -0.541146 -0.093903
v 0.203280 -0.540935 -0.093709
v 0.203259 -0.540761 -0.093481
v 0.203243 -0.540629 -0.093226
v 0.203232 -0.540542 -0.092952
v 0.203227 -0.540505 -0.092667
v 0.203229 -0.540516 -0.092379
v 0.203236 -0.540578 -0.092099
v 0.203250 -0.540686 -0.091833
v 0.203268 -0.540839 -0.091590
v 0.203292 -0.541032 -0.091377
v 0.203320 -0.541258 -0.091202
v 0.203351 -0.541511 -0.091068
v 0.203384 -0.541783 -0.090981
v 0.203419 -0.542066 -0.090943
v 0.203454 -0.542351 -0.090955
v 0.203488 -0.542630 -0.091017
v 0.203521 -0.542894 -0.091127
v 0.203550 -0.543135 -0.091281
v 0.203576 -0.543346 -0.091475
v 0.203598 -0.543520 -0.091703
v 0.203614 -0.543652 -0.091957
v 0.203624 -0.543739 -0.092232
v 0.203629 -0.543777 -0.092517
v 0.203628 -0.543765 -0.092804
v 0.203620 -0.543703 -0.093085
v 0.203607 -0.543595 -0.093351
v 0.203588 -0.543442 -0.093594
v 0.203564 -0.543249 -0.093806
v 0.203536 -0.543023 -0.093982
v 0.203505 -0.542770 -0.094115
v 0.203472 -0.542498 -0.094202
v 0.203437 -0.542215 -0.094240
v 0.200047 -0.514604 -0.052756
v 0.200010 -0.514306 -0.052744
v 0.199974 -0.514009 -0.052784
v 0.199939 -0.513725 -0.052875
v 0.199907 -0.513460 -0.053014
v 0.199878 -0.513223 -0.053198
v 0.199853 -0.513022 -0.053420
v 0.199833 -0.512862 -0.053674
v 0.199819 -0.512748 -0.053953
v 0.199811 -0.512684 -0.054247
v 0.199810 -0.512671 -0.054548
v 0.199815 -0.512711 -0.054846
v 0.199826 -0.512801 -0.055133
v 0.199843 -0.512940 -0.055400
v 0.199865 -0.513122 -0.055638
v 0.199892 -0.513343 -0.055841
v 0.199923 -0.513595 -0.056003
v 0.199957 -0.513871 -0.056117
v 0.199993 -0.514163 -0.056182
v 0.204837 -0.514016 -0.052756
v 0.204800 -0.513717 -0.052744
v 0.204764 -0.513421 -0.052784
v 0.204729 -0.513136 -0.052875
v 0.204697 -0.512872 -0.053014
v 0.204668 -0.512635 -0.053198
v 0.204643 -0.512433 -0.053420
v 0.204623 -0.512273 -0.053674
v 0.204609 -0.512160 -0.053953
v 0.204601 -0.512095 -0.054247
v 0.204600 -0.512083 -0.054548
v 0.204605 -0.512123 -0.054846
v 0.204616 -0.512213 -0.055133
v 0.204633 -0.512351 -0.055400
v 0.204655 -0.512534 -0.055638
v 0.204682 -0.512754 -0.055841
v 0.204713 -0.513007 -0.056003
v 0.204747 -0.513283 -0.056117
v 0.204783 -0.513575 -0.056182
v 0.198512 -0.502104 -0.051122
v 0.198476 -0.501805 -0.051110
v 0.198439 -0.501509 -0.051150
v 0.198404 -0.501224 -0.051241
v 0.198372 -0.500959 -0.051380
v 0.198343 -0.500723 -0.051564
v 0.198318 -0.500521 -0.051786
v 0.198298 -0.500361 -0.052041
v 0.198284 -0.500247 -0.052319
v 0.198276 -0.500183 -0.052613
v 0.198275 -0.500171 -0.052914
v 0.198280 -0.500210 -0.053212
v 0.198291 -0.500300 -0.053499
v 0.198308 -0.500439 -0.053766
v 0.198330 -0.500621 -0.054004
v 0.198357 -0.500842 -0.054207
v 0.198388 -0.501094 -0.054369
v 0.198422 -0.501371 -0.054483
v 0.198458 -0.501663 -0.054548
v 0.203302 -0.501515 -0.051122
v 0.203266 -0.501217 -0.051110
v 0.203229 -0.500921 -0.051150
v 0.203194 -0.500636 -0.051241
v 0.203162 -0.500371 -0.051380
v 0.203133 -0.500134 -0.051564
v 0.203108 -0.499933 -0.051786
v 0.203088 -0.499773 -0.052041
v 0.203074 -0.499659 -0.052319
v 0.203066 -0.499595 -0.052613
v 0.203065 -0.499582 -0.052914
v 0.203070 -0.499622 -0.053212
v 0.203081 -0.499712 -0.053499
v 0.203098 -0.499851 -0.053766
v 0.203120 -0.500033 -0.054004
v 0.203147 -0.500254 -0.054207
v 0.203178 -0.500506 -0.054369
v 0.203212 -0.500783 -0.054483
v 0.203248 -0.501074 -0.054548
v 0.196977 -0.489603 -0.049488
v 0.196941 -0.489304 -0.049476
v 0.196904 -0.489008 -0.049516
v 0.196869 -0.488723 -0.049607
v 0.196837 -0.488459 -0.049746
v 0.196808 -0.488222 -0.049930
v 0.196783 -0.488020 -0.050152
v 0.196763 -0.487860 -0.050407
v 0.196749 -0.487747 -0.050685
v 0.196742 -0.487682 -0.050979
v 0.196740 -0.487670 -0.051280
v 0.196745 -0.487710 -0.051578
v 0.196756 -0.487800 -0.051865
v 0.196773 -0.487938 -0.052132
v 0.196795 -0.488121 -0.052371
v 0.196822 -0.488341 -0.052574
v 0.196853 -0.488594 -0.052735
v 0.196887 -0.488870 -0.052850
v 0.196923 -0.489162 -0.052914
v 0.201767 -0.489015 -0.049488
v 0.201731 -0.488716 -0.049476
v 0.201694 -0.488420 -0.049516
v 0.201659 -0.488135 -0.049607
v 0.201627 -0.487871 -0.049746
v 0.201598 -0.487634 -0.049930
v 0.201573 -0.487432 -0.050152
v 0.201553 -0.487272 -0.050407
v 0.201539 -0.487158 -0.050685
v 0.201532 -0.487094 -0.050979
v 0.201530 -0.487082 -0.051280
v 0.201535 -0.487121 -0.051578
v 0.201546 -0.487212 -0.051865
v 0.201563 -0.487350 -0.052132
v 0.201585 -0.487533 -0.052371
v 0.201612 -0.487753 -0.052574
v 0.201643 -0.488006 -0.052735
v 0.201677 -0.488282 -0.052850
v 0.201713 -0.488574 -0.052914
v 0.195442 -0.477102 -0.047855
v 0.195406 -0.476804 -0.047842
v 0.195369 -0.476508 -0.047882
v 0.195334 -0.476223 -0.047973
v 0.195302 -0.475958 -0.048112
v 0.195273 -0.475721 -0.048296
v 0.195248 -0.475520 -0.048519
v 0.195228 -0.475360 -0.048773
v 0.195215 -0.475246 -0.049051
v 0.195207 -0.475182 -0.049345
v 0.195205 -0.475169 -0.049646
v 0.195210 -0.475209 -0.049944
v 0.195221 -0.475299 -0.050231
v 0.195238 -0.475438 -0.050498
v 0.195260 -0.475620 -0.050737
v 0.195288 -0.475841 -0.050940
v 0.195319 -0.476093 -0.051101
v 0.195352 -0.476369 -0.051216
v 0.195388 -0.476661 -0.051280
v 0.200232 -0.476514 -0.047855
v 0.200196 -0.476216 -0.047842
v 0.200159 -0.475920 -0.047882
v 0.200124 -0.475635 -0.047973
v 0.200092 -0.475370 -0.048112
v 0.200063 -0.475133 -0.048296
v 0.200038 -0.474932 -0.048519
v 0.200019 -0.474772 -0.048773
v 0.200005 -0.474658 -0.049051
v 0.199997 -0.474594 -0.049345
v 0.199995 -0.474581 -0.049646
v 0.200000 -0.474621 -0.049944
v 0.200011 -0.474711 -0.050231
v 0.200028 -0.474850 -0.050498
v 0.200050 -0.475032 -0.050737
v 0.200078 -0.475253 -0.050940
v 0.200109 -0.475505 -0.051101
v 0.200142 -0.475781 -0.051216
v 0.200178 -0.476073 -0.051280
v 0.193908 -0.464602 -0.046221
v 0.193871 -0.464303 -0.046208
v 0.193835 -0.464007 -0.046248
v 0.193800 -0.463722 -0.046339
v 0.193767 -0.463457 -0.046479
v 0.193738 -0.463221 -0.046662
v 0.193713 -0.463019 -0.046885
v 0.193694 -0.462859 -0.047139
v 0.193680 -0.462745 -0.047417
v 0.193672 -0.462681 -0.047711
v 0.193670 -0.462669 -0.048012
v 0.193675 -0.462708 -0.048311
v 0.193686 -0.462799 -0.048597
v 0.193703 -0.462937 -0.048864
v 0.193726 -0.463120 -0.049103
v 0.193753 -0.463340 -0.049306
v 0.193784 -0.463593 -0.049467
v 0.193818 -0.463869 -0.049582
v 0.193853 -0.464161 -0.049646
v 0.198698 -0.464014 -0.046221
v 0.198661 -0.463715 -0.046208
v 0.198625 -0.463419 -0.046248
v 0.198590 -0.463134 -0.046339
v 0.198557 -0.462869 -0.046479
v 0.198528 -0.462633 -0.046662
v 0.198503 -0.462431 -0.046885
v 0.198484 -0.462271 -0.047139
v 0.198470 -0.462157 -0.047417
v 0.198462 -0.462093 -0.047711
v 0.198460 -0.462081 -0.048012
v 0.198465 -0.462120 -0.048311
v 0.198476 -0.462211 -0.048597
v 0.198493 -0.462349 -0.048864
v 0.198516 -0.462531 -0.049103
v 0.198543 -0.462752 -0.049306
v 0.198574 -0.463004 -0.049467
v 0.198608 -0.463281 -0.049582
v 0.198643 -0.463573 -0.049646
v 0.192373 -0.452101 -0.044587
v 0.192336 -0.451803 -0.044574
v 0.192300 -0.451507 -0.044614
v 0.192265 -0.451222 -0.044705
v 0.192232 -0.450957 -0.044845
v 0.192203 -0.450720 -0.045028
v 0.192178 -0.450519 -0.045251
v 0.192159 -0.450359 -0.045505
v 0.192145 -0.450245 -0.045783
v 0.192137 -0.450181 -0.046077
v 0.192135 -0.450168 -0.046378
v 0.192140 -0.450208 -0.046677
v 0.192151 -0.450298 -0.046964
v 0.192168 -0.450437 -0.047230
v 0.192191 -0.450619 -0.047469
v 0.192218 -0.450840 -0.047672
v 0.192249 -0.451092 -0.047833
v 0.192283 -0.451368 -0.047948
v 0.192319 -0.451660 -0.048012
v 0.197163 -0.451513 -0.044587
v 0.197126 -0.451215 -0.044574
v 0.197090 -0.450918 -0.044614
v 0.197055 -0.450634 -0.044705
v 0.197022 -0.450369 -0.044845
v 0.196993 -0.450132 -0.045028
v 0.196968 -0.449931 -0.045251
v 0.196949 -0.449770 -0.045505
v 0.196935 -0.449657 -0.045783
v 0.196927 -0.449593 -0.046077
v 0.196925 -0.449580 -0.046378
v 0.196930 -0.449620 -0.046677
v 0.196941 -0.449710 -0.046964
v 0.196958 -0.449848 -0.047230
v 0.196981 -0.450031 -0.047469
v 0.197008 -0.450252 -0.047672
v 0.197039 -0.450504 -0.047833
v 0.197073 -0.450780 -0.047948
v 0.197109 -0.451072 -0.048012
v 0.190838 -0.439601 -0.042953
v 0.190801 -0.439302 -0.042940
v 0.190765 -0.439006 -0.042980
v 0.190730 -0.438721 -0.043071
v 0.190697 -0.438456 -0.043211
v 0.190668 -0.438220 -0.043394
v 0.190644 -0.438018 -0.043617
v 0.190624 -0.437858 -0.043871
v 0.190610 -0.437744 -0.044149
v 0.190602 -0.437680 -0.044443
v 0.190600 -0.437668 -0.044744
v 0.190605 -0.437707 -0.045043
v 0.190616 -0.437798 -0.045330
v 0.190633 -0.437936 -0.045596
v 0.190656 -0.438118 -0.045835
v 0.190683 -0.438339 -0.046038
v 0.190714 -0.438591 -0.046199
v 0.190748 -0.438868 -0.046314
v 0.190784 -0.439160 -0.046379
v 0.195628 -0.439013 -0.042953
v 0.195591 -0.438714 -0.042940
v 0.195555 -0.438418 -0.042980
v 0.195520 -0.438133 -0.043071
v 0.195487 -0.437868 -0.043211
v 0.195458 -0.437631 -0.043394
v 0.195434 -0.437430 -0.043617
v 0.195414 -0.437270 -0.043871
v 0.195400 -0.437156 -0.044149
v 0.195392 -0.437092 -0.044443
v 0.195391 -0.437079 -0.044744
v 0.195395 -0.437119 -0.045043
v 0.195406 -0.437209 -0.045330
v 0.195423 -0.437348 -0.045596
v 0.195446 -0.437530 -0.045835
v 0.195473 -0.437751 -0.046038
v 0.195504 -0.438003 -0.046199
v 0.195538 -0.438280 -0.046314
v 0.195574 -0.438571 -0.046379
v 0.189303 -0.427100 -0.041319
v 0.189266 -0.426802 -0.041306
v 0.189230 -0.426505 -0.041346
v 0.189195 -0.426221 -0.041437
v 0.189162 -0.425956 -0.041577
v 0.189133 -0.425719 -0.041761
v 0.189109 -0.425518 -0.041983
v 0.189089 -0.425357 -0.042237
v 0.189075 -0.425244 -0.042516
v 0.189067 -0.425180 -0.042810
v 0.189066 -0.425167 -0.043110
v 0.189070 -0.425207 -0.043409
v 0.189082 -0.425297 -0.043696
v 0.189099 -0.425435 -0.043963
v 0.189121 -0.425618 -0.044201
v 0.189148 -0.425839 -0.044404
v 0.189179 -0.426091 -0.044565
v 0.189213 -0.426367 -0.044680
v 0.189249 -0.426659 -0.044745
v 0.194093 -0.426512 -0.041319
v 0.194056 -0.426213 -0.041306
v 0.194020 -0.425917 -0.041346
v 0.193985 -0.425632 -0.041437
v 0.193952 -0.425368 -0.041577
v 0.193923 -0.425131 -0.041761
v 0.193899 -0.424929 -0.041983
v 0.193879 -0.424769 -0.042237
v 0.193865 -0.424655 -0.042516
v 0.193857 -0.424591 -0.042810
v 0.193856 -0.424579 -0.043110
v 0.193860 -0.424618 -0.043409
v 0.193872 -0.424709 -0.043696
v 0.193889 -0.424847 -0.043963
v 0.193911 -0.425030 -0.044201
v 0.193938 -0.425250 -0.044404
v 0.193969 -0.425503 -0.044565
v 0.194003 -0.425779 -0.044680
v 0.194039 -0.426071 -0.044745
v 0.187768 -0.414600 -0.039685
v 0.187731 -0.414301 -0.039673
v 0.187695 -0.414005 -0.039712
v 0.187660 -0.413720 -0.039803
v 0.187628 -0.413455 -0.039943
v 0.187598 -0.413218 -0.040127
v 0.187574 -0.413017 -0.040349
v 0.187554 -0.412857 -0.040603
v 0.187540 -0.412743 -0.040882
v 0.187532 -0.412679 -0.041176
v 0.187531 -0.412666 -0.041477
v 0.187536 -0.412706 -0.041775
v 0.187547 -0.412796 -0.042062
v 0.187564 -0.412935 -0.042329
v 0.187586 -0.413117 -0.042567
v 0.187613 -0.413338 -0.042770
v 0.187644 -0.413590 -0.042931
v 0.187678 -0.413867 -0.043046
v 0.187714 -0.414158 -0.043111
v 0.192558 -0.414011 -0.039685
v 0.192521 -0.413713 -0.039673
v 0.192485 -0.413417 -0.039712
v 0.192450 -0.413132 -0.039803
v 0.192418 -0.412867 -0.039943
v 0.192389 -0.412630 -0.040127
v 0.192364 -0.412429 -0.040349
v 0.192344 -0.412269 -0.040603
v 0.192330 -0.412155 -0.040882
v 0.192322 -0.412091 -0.041176
v 0.192321 -0.412078 -0.041477
v 0.192326 -0.412118 -0.041775
v 0.192337 -0.412208 -0.042062
v 0.192354 -0.412347 -0.042329
v 0.192376 -0.412529 -0.042567
v 0.192403 -0.412750 -0.042770
v 0.192434 -0.413002 -0.042931
v 0.192468 -0.413278 -0.043046
v 0.192504 -0.413570 -0.043111
v 0.186233 -0.402099 -0.038051
v 0.186197 -0.401800 -0.038039
v 0.186160 -0.401504 -0.038078
v 0.186125 -0.401219 -0.038170
v 0.186093 -0.400955 -0.038309
v 0.186064 -0.400718 -0.038493
v 0.186039 -0.400516 -0.038715
v 0.186019 -0.400356 -0.038969
v 0.186005 -0.400242 -0.039248
v 0.185997 -0.400178 -0.039542
v 0.185996 -0.400166 -0.039843
v 0.186001 -0.400205 -0.040141
v 0.186012 -0.400296 -0.040428
v 0.186029 -0.400434 -0.040695
v 0.186051 -0.400617 -0.040933
v 0.186078 -0.400837 -0.041136
v 0.186109 -0.401090 -0.041298
v 0.186143 -0.401366 -0.041412
v 0.186179 -0.401658 -0.041477
v 0.191023 -0.401511 -0.038051
v 0.190987 -0.401212 -0.038039
v 0.190950 -0.400916 -0.038078
v 0.190915 -0.400631 -0.038170
v 0.190883 -0.400366 -0.038309
v 0.190854 -0.400130 -0.038493
v 0.190829 -0.399928 -0.038715
v 0.190809 -0.399768 -0.038969
v 0.190795 -0.399654 -0.039248
v 0.190787 -0.399590 -0.039542
v 0.190786 -0.399578 -0.039843
v 0.190791 -0.399617 -0.040141
v 0.190802 -0.399708 -0.040428
v 0.190819 -0.399846 -0.040695
v 0.190841 -0.400029 -0.040933
v 0.190868 -0.400249 -0.041136
v 0.190899 -0.400502 -0.041298
v 0.190933 -0.400778 -0.041412
v 0.190969 -0.401070 -0.041477
v 0.184698 -0.389598 -0.036417
v 0.184662 -0.389300 -0.036405
v 0.184625 -0.389004 -0.036445
v 0.184590 -0.388719 -0.036536
v 0.184558 -0.388454 -0.036675
v 0.184529 -0.388217 -0.036859
v 0.184504 -0.388016 -0.037081
v 0.184484 -0.387856 -0.037336
v 0.184470 -0.387742 -0.037614
v 0.184462 -0.387678 -0.037908
v 0.184461 -0.387665 -0.038209
v 0.184466 -0.387705 -0.038507
v 0.184477 -0.387795 -0.038794
v 0.184494 -0.387934 -0.039061
v 0.184516 -0.388116 -0.039299
v 0.184543 -0.388337 -0.039502
v 0.184574 -0.388589 -0.039664
v 0.184608 -0.388865 -0.039778
v 0.184644 -0.389157 -0.039843
v 0.189488 -0.389010 -0.036417
v 0.189452 -0.388712 -0.036405
v 0.189415 -0.388415 -0.036445
v 0.189380 -0.388131 -0.036536
v 0.189348 -0.387866 -0.036675
v 0.189319 -0.387629 -0.036859
v 0.189294 -0.387428 -0.037081
v 0.189274 -0.387268 -0.037336
v 0.189260 -0.387154 -0.037614
v 0.189253 -0.387090 -0.037908
v 0.189251 -0.387077 -0.038209
v 0.189256 -0.387117 -0.038507
v 0.189267 -0.387207 -0.038794
v 0.189284 -0.387346 -0.039061
v 0.189306 -0.387528 -0.039299
v 0.189333 -0.387749 -0.039502
v 0.189364 -0.388001 -0.039664
v 0.189398 -0.388277 -0.039778
v 0.189434 -0.388569 -0.039843
v 0.183163 -0.377098 -0.034783
v 0.183127 -0.376799 -0.034771
v 0.183090 -0.376503 -0.034811
v 0.183055 -0.376218 -0.034902
v 0.183023 -0.375953 -0.035041
v 0.182994 -0.375717 -0.035225
v 0.182969 -0.375515 -0.035447
v 0.182949 -0.375355 -0.035702
v 0.182935 -0.375241 -0.035980
v 0.182928 -0.375177 -0.036274
v 0.182926 -0.375165 -0.036575
v 0.182931 -0.375204 -0.036873
v 0.182942 -0.375295 -0.037160
v 0.182959 -0.375433 -0.037427
v 0.182981 -0.375616 -0.037666
v 0.183009 -0.375836 -0.037869
v 0.183040 -0.376089 -0.038030
v 0.183073 -0.376365 -0.038144
v 0.183109 -0.376657 -0.038209
v 0.187953 -0.376510 -0.034783
v 0.187917 -0.376211 -0.034771
v 0.187880 -0.375915 -0.034811
v 0.187845 -0.375630 -0.034902
v 0.187813 -0.375365 -0.035041
v 0.187784 -0.375129 -0.035225
v 0.187759 -0.374927 -0.035447
v 0.187739 -0.374767 -0.035702
v 0.187726 -0.374653 -0.035980
v 0.187718 -0.374589 -0.036274
v 0.187716 -0.374577 -0.036575
v 0.187721 -0.374616 -0.036873
v 0.187732 -0.374707 -0.037160
v 0.187749 -0.374845 -0.037427
v 0.187771 -0.375027 -0.037666
v 0.187799 -0.375248 -0.037869
v 0.187830 -0.375500 -0.038030
v 0.187863 -0.375777 -0.038144
v 0.187899 -0.376069 -0.038209
v 0.181629 -0.364597 -0.033150
v 0.181592 -0.364299 -0.033137
v 0.181556 -0.364002 -0.033177
v 0.181521 -0.363718 -0.033268
v 0.181488 -0.363453 -0.033407
v 0.181459 -0.363216 -0.033591
v 0.181434 -0.363015 -0.033813
v 0.181415 -0.362855 -0.034068
v 0.181401 -0.362741 -0.034346
v 0.181393 -0.362677 -0.034640
v 0.181391 -0.362664 -0.034941
v 0.181396 -0.362704 -0.035239
v 0.181407 -0.362794 -0.035526
v 0.181424 -0.362933 -0.035793
v 0.181447 -0.363115 -0.036032
v 0.181474 -0.363336 -0.036235
v 0.181505 -0.363588 -0.036396
v 0.181539 -0.363864 -0.036511
v 0.181574 -0.364156 -0.036575
v 0.186419 -0.364009 -0.033150
v 0.186382 -0.363711 -0.033137
v 0.186346 -0.363414 -0.033177
v 0.186311 -0.363129 -0.033268
v 0.186278 -0.362865 -0.033407
v 0.186249 -0.362628 -0.033591
v 0.186224 -0.362426 -0.033813
v 0.186205 -0.362266 -0.034068
v 0.186191 -0.362153 -0.034346
v 0.186183 -0.362088 -0.034640
v 0.186181 -0.362076 -0.034941
v 0.186186 -0.362116 -0.035239
v 0.186197 -0.362206 -0.035526
v 0.186214 -0.362344 -0.035793
v 0.186237 -0.362527 -0.036032
v 0.186264 -0.362747 -0.036235
v 0.186295 -0.363000 -0.036396
v 0.186329 -0.363276 -0.036511
v 0.186364 -0.363568 -0.036575
v 0.180094 -0.352097 -0.031516
v 0.180057 -0.351798 -0.031503
v 0.180021 -0.351502 -0.031543
v 0.179986 -0.351217 -0.031634
v 0.179953 -0.350952 -0.031774
v 0.179924 -0.350716 -0.031957
v 0.179899 -0.350514 -0.032180
v 0.179880 -0.350354 -0.032434
v 0.179866 -0.350240 -0.032712
v 0.179858 -0.350176 -0.033006
v 0.179856 -0.350164 -0.033307
v 0.179861 -0.350203 -0.033605
v 0.179872 -0.350294 -0.033892
v 0.179889 -0.350432 -0.034159
v 0.179912 -0.350614 -0.034398
v 0.179939 -0.350835 -0.034601
v 0.179970 -0.351087 -0.034762
v 0.180004 -0.351364 -0.034877
v 0.180040 -0.351656 -0.034941
v 0.184884 -0.351509 -0.031516
v 0.184847 -0.351210 -0.031503
v 0.184811 -0.350914 -0.031543
v 0.184776 -0.350629 -0.031634
v 0.184743 -0.350364 -0.031774
v 0.184714 -0.350127 -0.031957
v 0.184689 -0.349926 -0.032180
v 0.184670 -0.349766 -0.032434
v 0.184656 -0.349652 -0.032712
v 0.184648 -0.349588 -0.033006
v 0.184646 -0.349575 -0.033307
v 0.184651 -0.349615 -0.033605
v 0.184662 -0.349705 -0.033892
v 0.184679 -0.349844 -0.034159
v 0.184702 -0.350026 -0.034398
v 0.184729 -0.350247 -0.034601
v 0.184760 -0.350499 -0.034762
v 0.184794 -0.350776 -0.034877
v 0.184830 -0.351067 -0.034941
v 0.178559 -0.339596 -0.029882
v 0.178522 -0.339297 -0.029869
v 0.178486 -0.339001 -0.029909
v 0.178451 -0.338716 -0.030000
v 0.178418 -0.338452 -0.030140
v 0.178389 -0.338215 -0.030323
v 0.178364 -0.338013 -0.030546
v 0.178345 -0.337853 -0.030800
v 0.178331 -0.337740 -0.031078
v 0.178323 -0.337675 -0.031372
v 0.178321 -0.337663 -0.031673
v 0.178326 -0.337703 -0.031972
v 0.178337 -0.337793 -0.032259
v 0.178354 -0.337931 -0.032525
v 0.178377 -0.338114 -0.032764
v 0.178404 -0.338334 -0.032967
v 0.178435 -0.338587 -0.033128
v 0.178469 -0.338863 -0.033243
v 0.178505 -0.339155 -0.033307
v 0.183349 -0.339008 -0.029882
v 0.183312 -0.338709 -0.029869
v 0.183276 -0.338413 -0.029909
v 0.183241 -0.338128 -0.030000
v 0.183208 -0.337864 -0.030140
v 0.183179 -0.337627 -0.030323
v 0.183155 -0.337425 -0.030546
v 0.183135 -0.337265 -0.030800
v 0.183121 -0.337151 -0.031078
v 0.183113 -0.337087 -0.031372
v 0.183111 -0.337075 -0.031673
v 0.183116 -0.337114 -0.031972
v 0.183127 -0.337205 -0.032259
v 0.183144 -0.337343 -0.032525
v 0.183167 -0.337526 -0.032764
v 0.183194 -0.337746 -0.032967
v 0.183225 -0.337999 -0.033128
v 0.183259 -0.338275 -0.033243
v 0.183295 -0.338567 -0.033307
v 0.177024 -0.327095 -0.028248
v 0.176987 -0.326797 -0.028235
v 0.176951 -0.326501 -0.028275
v 0.176916 -0.326216 -0.028366
v 0.176883 -0.325951 -0.028506
v 0.176854 -0.325714 -0.028689
v 0.176830 -0.325513 -0.028912
v 0.176810 -0.325353 -0.029166
v 0.176796 -0.325239 -0.029444
v 0.176788 -0.325175 -0.029738
v 0.176787 -0.325162 -0.030039
v 0.176791 -0.325202 -0.030338
v 0.176803 -0.325292 -0.030625
v 0.176820 -0.325431 -0.030891
v 0.176842 -0.325613 -0.031130
v 0.176869 -0.325834 -0.031333
v 0.176900 -0.326086 -0.031494
v 0.176934 -0.326363 -0.031609
v 0.176970 -0.326654 -0.031674
v 0.181814 -0.326507 -0.028248
v 0.181777 -0.326209 -0.028235
v 0.181741 -0.325913 -0.028275
v 0.181706 -0.325628 -0.028366
v 0.181673 -0.325363 -0.028506
v 0.181644 -0.325126 -0.028689
v 0.181620 -0.324925 -0.028912
v 0.181600 -0.324765 -0.029166
v 0.181586 -0.324651 -0.029444
v 0.181578 -0.324587 -0.029738
v 0.181577 -0.324574 -0.030039
v 0.181581 -0.324614 -0.030338
v 0.181593 -0.324704 -0.030625
v 0.181610 -0.324843 -0.030891
v 0.181632 -0.325025 -0.031130
v 0.181659 -0.325246 -0.031333
v 0.181690 -0.325498 -0.031494
v 0.181724 -0.325774 -0.031609
v 0.181760 -0.326066 -0.031674
v 0.175489 -0.314595 -0.026614
v 0.175452 -0.314296 -0.026601
v 0.175416 -0.314000 -0.026641
v 0.175381 -0.313715 -0.026732
v 0.175349 -0.313451 -0.026872
v 0.175319 -0.313214 -0.027056
v 0.175295 -0.313012 -0.027278
v 0.175275 -0.312852 -0.027532
v 0.175261 -0.312738 -0.027811
v 0.175253 -0.312674 -0.028105
v 0.175252 -0.312662 -0.028405
v 0.175257 -0.312701 -0.028704
v 0.175268 -0.312792 -0.028991
v 0.175285 -0.312930 -0.029258
v 0.175307 -0.313113 -0.029496
v 0.175334 -0.313333 -0.029699
v 0.175365 -0.313586 -0.029860
v 0.175399 -0.313862 -0.029975
v 0.175435 -0.314154 -0.030040
v 0.180279 -0.314007 -0.026614
v 0.180242 -0.313708 -0.026601
v 0.180206 -0.313412 -0.026641
v 0.180171 -0.313127 -0.026732
v 0.180139 -0.312862 -0.026872
v 0.180109 -0.312626 -0.027056
v 0.180085 -0.312424 -0.027278
v 0.180065 -0.312264 -0.027532
v 0.180051 -0.312150 -0.027811
v 0.180043 -0.312086 -0.028105
v 0.180042 -0.312074 -0.028405
v 0.180047 -0.312113 -0.028704
v 0.180058 -0.312204 -0.028991
v 0.180075 -0.312342 -0.029258
v 0.180097 -0.312524 -0.029496
v 0.180124 -0.312745 -0.029699
v 0.180155 -0.312997 -0.029860
v 0.180189 -0.313274 -0.029975
v 0.180225 -0.313566 -0.030040
v 0.211108 -0.604687 -0.085626
v 0.211551 -0.608295 -0.078506
v 0.211837 -0.610626 -0.070865
v 0.211958 -0.611611 -0.062933
v 0.211910 -0.611218 -0.054949
v 0.211694 -0.609461 -0.047153
v 0.211317 -0.606392 -0.039782
v 0.210791 -0.602103 -0.033056
v 0.210130 -0.596724 -0.027179
v 0.209356 -0.590418 -0.022329
v 0.208491 -0.583373 -0.018650
v 0.207561 -0.575803 -0.016255
v 0.206595 -0.567936 -0.015215
v 0.205622 -0.560009 -0.015562
v 0.204671 -0.552262 -0.017285
v 0.203770 -0.544926 -0.020333
v 0.202947 -0.538225 -0.024613
v 0.202227 -0.532360 -0.029996
v 0.215898 -0.604098 -0.085626
v 0.216341 -0.607707 -0.078506
v 0.216627 -0.610038 -0.070865
v 0.216748 -0.611023 -0.062933
v 0.216700 -0.610630 -0.054949
v 0.216484 -0.608873 -0.047153
v 0.216107 -0.605804 -0.039782
v 0.215581 -0.601515 -0.033056
v 0.214920 -0.596136 -0.027179
v 0.214146 -0.589830 -0.022329
v 0.213281 -0.582785 -0.018650
v 0.212351 -0.575215 -0.016255
v 0.211386 -0.567348 -0.015215
v 0.210412 -0.559421 -0.015562
v 0.209461 -0.551673 -0.017285
v 0.208560 -0.544338 -0.020333
v 0.207737 -0.537637 -0.024613
v 0.207017 -0.531771 -0.029996
v 0.172641 -0.291400 -0.009316
v 0.177431 -0.290812 -0.009316
v 0.204344 -0.509996 -0.037964
v 0.199554 -0.510584 -0.037964
v 0.177431 -0.290812 -0.009316
v 0.177094 -0.288068 -0.009200
v 0.176760 -0.285346 -0.009567
v 0.176438 -0.282728 -0.010404
v 0.176140 -0.280294 -0.011686
v 0.175872 -0.278118 -0.013375
v 0.175645 -0.276266 -0.015419
v 0.175464 -0.274795 -0.017755
v 0.175336 -0.273749 -0.020314
v 0.175264 -0.273159 -0.023017
v 0.175250 -0.273045 -0.025781
v 0.175294 -0.273408 -0.028524
v 0.175396 -0.274239 -0.031162
v 0.175553 -0.275512 -0.033614
v 0.175758 -0.277188 -0.035806
v 0.176007 -0.279217 -0.037672
v 0.176292 -0.281536 -0.039154
v 0.176604 -0.284075 -0.040208
v 0.176933 -0.286758 -0.040802
v 0.172143 -0.287346 -0.040802
v 0.172641 -0.291400 -0.009316
v 0.172304 -0.288656 -0.009200
v 0.171970 -0.285934 -0.009567
v 0.171648 -0.283316 -0.010404
v 0.171350 -0.280882 -0.011686
v 0.171082 -0.278706 -0.013375
v 0.170855 -0.276854 -0.015419
v 0.170674 -0.275383 -0.017755
v 0.170546 -0.274337 -0.020314
v 0.170474 -0.273747 -0.023017
v 0.170460 -0.273633 -0.025781
v 0.170504 -0.273996 -0.028524
v 0.170606 -0.274827 -0.031162
v 0.170762 -0.276100 -0.033614
v 0.170968 -0.277776 -0.035806
v 0.171217 -0.279805 -0.037672
v 0.171502 -0.282124 -0.039154
v 0.171814 -0.284663 -0.040208
v 0.172143 -0.287346 -0.040802
v 0.176933 -0.286758 -0.040802
v 0.199056 -0.506530 -0.069451
v 0.203846 -0.505942 -0.069451
v 0.206874 -0.570206 -0.028148
v 0.206167 -0.564443 -0.027906
v 0.205465 -0.558726 -0.028675
v 0.204790 -0.553228 -0.030433
v 0.204162 -0.548117 -0.033126
v 0.203601 -0.543548 -0.036672
v 0.203123 -0.539659 -0.040964
v 0.202744 -0.536569 -0.045871
v 0.202474 -0.534372 -0.051244
v 0.202322 -0.533135 -0.056920
v 0.202293 -0.532894 -0.062726
v 0.202387 -0.533657 -0.068486
v 0.202601 -0.535402 -0.074025
v 0.202929 -0.538075 -0.079174
v 0.203361 -0.541595 -0.083778
v 0.203884 -0.545855 -0.087696
v 0.204482 -0.550725 -0.090809
v 0.205137 -0.556058 -0.093022
v 0.205829 -0.561692 -0.094269
v 0.211664 -0.569617 -0.028148
v 0.210957 -0.563855 -0.027906
v 0.210255 -0.558138 -0.028675
v 0.209580 -0.552640 -0.030433
v 0.208952 -0.547529 -0.033126
v 0.208391 -0.542960 -0.036672
v 0.207914 -0.539071 -0.040964
v 0.207534 -0.535981 -0.045871
v 0.207264 -0.533784 -0.051244
v 0.207112 -0.532546 -0.056920
v 0.207083 -0.532306 -0.062726
v 0.207177 -0.533069 -0.068486
v 0.207391 -0.534814 -0.074025
v 0.207719 -0.537487 -0.079174
v 0.208151 -0.541007 -0.083778
v 0.208674 -0.545267 -0.087696
v 0.209272 -0.550137 -0.090809
v 0.209927 -0.555470 -0.093022
v 0.210619 -0.561103 -0.094269
v 0.199554 -0.510584 -0.037964
v 0.204344 -0.509996 -0.037964
v 0.204835 -0.513999 -0.038164
v 0.205324 -0.517982 -0.037722
v 0.205799 -0.521846 -0.036650
v 0.206246 -0.525492 -0.034974
v 0.206656 -0.528829 -0.032737
v 0.207017 -0.531771 -0.029996
v 0.202227 -0.532360 -0.029996
v 0.201866 -0.529417 -0.032737
v 0.201456 -0.526080 -0.034974
v 0.201009 -0.522434 -0.036650
v 0.200534 -0.518571 -0.037722
v 0.200045 -0.514587 -0.038164
v 0.201393 -0.525566 -0.082753
v 0.206183 -0.524978 -0.082753
v 0.205919 -0.522827 -0.079346
v 0.205592 -0.520168 -0.076326
v 0.205212 -0.517067 -0.073768
v 0.204786 -0.513602 -0.071738
v 0.204327 -0.509863 -0.070287
v 0.203846 -0.505942 -0.069451
v 0.199056 -0.506530 -0.069451
v 0.199537 -0.510451 -0.070287
v 0.199996 -0.514191 -0.071738
v 0.200422 -0.517655 -0.073768
v 0.200802 -0.520756 -0.076326
v 0.201129 -0.523415 -0.079346
v 0.172419 -0.289594 -0.023346
v 0.172383 -0.289295 -0.023334
v 0.172346 -0.288999 -0.023373
v 0.172311 -0.288714 -0.023465
v 0.172279 -0.288449 -0.023604
v 0.172250 -0.288213 -0.023788
v 0.172225 -0.288011 -0.024010
v 0.172205 -0.287851 -0.024264
v 0.172191 -0.287737 -0.024543
v 0.172183 -0.287673 -0.024837
v 0.172182 -0.287661 -0.025138
v 0.172187 -0.287700 -0.025436
v 0.172198 -0.287791 -0.025723
v 0.172215 -0.287929 -0.025990
v 0.172237 -0.288111 -0.026228
v 0.172264 -0.288332 -0.026431
v 0.172295 -0.288584 -0.026593
v 0.172329 -0.288861 -0.026707
v 0.172365 -0.289153 -0.026772
v 0.177209 -0.289006 -0.023346
v 0.177173 -0.288707 -0.023334
v 0.177136 -0.288411 -0.023373
v 0.177101 -0.288126 -0.023465
v 0.177069 -0.287861 -0.023604
v 0.177040 -0.287624 -0.023788
v 0.177015 -0.287423 -0.024010
v 0.176995 -0.287263 -0.024264
v 0.176981 -0.287149 -0.024543
v 0.176973 -0.287085 -0.024837
v 0.176972 -0.287072 -0.025138
v 0.176977 -0.287112 -0.025436
v 0.176988 -0.287202 -0.025723
v 0.177005 -0.287341 -0.025990
v 0.177027 -0.287523 -0.026228
v 0.177054 -0.287744 -0.026431
v 0.177085 -0.287996 -0.026593
v 0.177119 -0.288273 -0.026707
v 0.177155 -0.288564 -0.026772
v 0.173954 -0.302094 -0.024980
v 0.173918 -0.301796 -0.024967
v 0.173881 -0.301500 -0.025007
v 0.173846 -0.301215 -0.025098
v 0.173814 -0.300950 -0.025238
v 0.173785 -0.300713 -0.025422
v 0.173760 -0.300512 -0.025644
v 0.173740 -0.300352 -0.025898
v 0.173726 -0.300238 -0.026177
v 0.173718 -0.300174 -0.026471
v 0.173717 -0.300161 -0.026771
v 0.173722 -0.300201 -0.027070
v 0.173733 -0.300291 -0.027357
v 0.173750 -0.300430 -0.027624
v 0.173772 -0.300612 -0.027862
v 0.173799 -0.300833 -0.028065
v 0.173830 -0.301085 -0.028226
v 0.173864 -0.301361 -0.028341
v 0.173900 -0.301653 -0.028406
v 0.178744 -0.301506 -0.024980
v 0.178708 -0.301208 -0.024967
v 0.178671 -0.300911 -0.025007
v 0.178636 -0.300627 -0.025098
v 0.178604 -0.300362 -0.025238
v 0.178575 -0.300125 -0.025422
v 0.178550 -0.299924 -0.025644
v 0.178530 -0.299764 -0.025898
v 0.178516 -0.299650 -0.026177
v 0.178508 -0.299586 -0.026471
v 0.178507 -0.299573 -0.026771
v 0.178512 -0.299613 -0.027070
v 0.178523 -0.299703 -0.027357
v 0.178540 -0.299842 -0.027624
v 0.178562 -0.300024 -0.027862
v 0.178589 -0.300245 -0.028065
v 0.178620 -0.300497 -0.028226
v 0.178654 -0.300773 -0.028341
v 0.178690 -0.301065 -0.028406
v 0.204828 -0.526456 -0.057763
v 0.204794 -0.526177 -0.057702
v 0.204761 -0.525913 -0.057592
v 0.204732 -0.525672 -0.057438
v 0.204706 -0.525461 -0.057244
v 0.204685 -0.525287 -0.057016
v 0.204668 -0.525155 -0.056761
v 0.204658 -0.525068 -0.056487
v 0.204653 -0.525030 -0.056202
v 0.204655 -0.525042 -0.055915
v 0.204662 -0.525104 -0.055634
v 0.204675 -0.525212 -0.055368
v 0.204694 -0.525365 -0.055125
v 0.204718 -0.525558 -0.054913
v 0.204746 -0.525784 -0.054737
v 0.204777 -0.526037 -0.054604
v 0.204810 -0.526309 -0.054517
v 0.204845 -0.526592 -0.054479
v 0.204880 -0.526877 -0.054491
v 0.201552 -0.526858 -0.057763
v 0.201517 -0.526579 -0.057702
v 0.201485 -0.526315 -0.057592
v 0.201455 -0.526074 -0.057438
v 0.201430 -0.525863 -0.057244
v 0.201408 -0.525689 -0.057016
v 0.201392 -0.525557 -0.056761
v 0.201381 -0.525471 -0.056487
v 0.201377 -0.525433 -0.056202
v 0.201378 -0.525445 -0.055915
v 0.201386 -0.525506 -0.055634
v 0.201399 -0.525615 -0.055368
v 0.201418 -0.525768 -0.055125
v 0.201441 -0.525960 -0.054913
v 0.201469 -0.526186 -0.054737
v 0.201500 -0.526439 -0.054604
v 0.201534 -0.526711 -0.054517
v 0.201568 -0.526994 -0.054479
v 0.201603 -0.527279 -0.054491
v 0.206318 -0.526075 -0.059276
v 0.206252 -0.525539 -0.059157
v 0.206190 -0.525031 -0.058946
v 0.206133 -0.524567 -0.058650
v 0.206083 -0.524161 -0.058276
v 0.206042 -0.523826 -0.057838
v 0.206010 -0.523571 -0.057348
v 0.205990 -0.523405 -0.056820
v 0.205981 -0.523333 -0.056272
v 0.205984 -0.523356 -0.055719
v 0.205998 -0.523473 -0.055178
v 0.206024 -0.523683 -0.054666
v 0.206060 -0.523977 -0.054199
v 0.206106 -0.524347 -0.053790
v 0.206159 -0.524782 -0.053453
v 0.206219 -0.525269 -0.053196
v 0.206283 -0.525793 -0.053029
v 0.206350 -0.526337 -0.052955
v 0.206417 -0.526886 -0.052978
v 0.204828 -0.526456 -0.057763
v 0.204794 -0.526177 -0.057702
v 0.204761 -0.525913 -0.057592
v 0.204732 -0.525672 -0.057438
v 0.204706 -0.525461 -0.057244
v 0.204685 -0.525287 -0.057016
v 0.204668 -0.525155 -0.056761
v 0.204658 -0.525068 -0.056487
v 0.204653 -0.525030 -0.056202
v 0.204655 -0.525042 -0.055915
v 0.204662 -0.525104 -0.055634
v 0.204675 -0.525212 -0.055368
v 0.204694 -0.525365 -0.055125
v 0.204718 -0.525558 -0.054913
v 0.204746 -0.525784 -0.054737
v 0.204777 -0.526037 -0.054604
v 0.204810 -0.526309 -0.054517
v 0.204845 -0.526592 -0.054479
v 0.204880 -0.526877 -0.054491
v 0.205485 -0.525547 -0.058307
v 0.205409 -0.524929 -0.057880
v 0.205353 -0.524471 -0.057282
v 0.205322 -0.524220 -0.056571
v 0.205319 -0.524199 -0.055817
v 0.205345 -0.524410 -0.055093
v 0.205397 -0.524834 -0.054470
v 0.205470 -0.525427 -0.054009
v 0.205557 -0.526133 -0.053756
v 0.207751 -0.550264 -0.026381
v 0.207717 -0.549985 -0.026319
v 0.207685 -0.549721 -0.026209
v 0.207655 -0.549480 -0.026055
v 0.207629 -0.549269 -0.025861
v 0.207608 -0.549095 -0.025633
v 0.207592 -0.548963 -0.025379
v 0.207581 -0.548876 -0.025104
v 0.207576 -0.548839 -0.024819
v 0.207578 -0.548850 -0.024532
v 0.207585 -0.548912 -0.024251
v 0.207599 -0.549020 -0.023985
v 0.207617 -0.549173 -0.023742
v 0.207641 -0.549366 -0.023530
v 0.207669 -0.549592 -0.023354
v 0.207700 -0.549845 -0.023221
v 0.207733 -0.550117 -0.023134
v 0.207768 -0.550400 -0.023096
v 0.207803 -0.550685 -0.023108
v 0.204475 -0.550666 -0.026381
v 0.204441 -0.550387 -0.026319
v 0.204408 -0.550123 -0.026209
v 0.204379 -0.549882 -0.026055
v 0.204353 -0.549671 -0.025861
v 0.204331 -0.549497 -0.025633
v 0.204315 -0.549365 -0.025379
v 0.204305 -0.549279 -0.025104
v 0.204300 -0.549241 -0.024819
v 0.204301 -0.549253 -0.024532
v 0.204309 -0.549314 -0.024251
v 0.204322 -0.549423 -0.023985
v 0.204341 -0.549576 -0.023742
v 0.204365 -0.549768 -0.023530
v 0.204392 -0.549994 -0.023354
v 0.204424 -0.550247 -0.023221
v 0.204457 -0.550519 -0.023134
v 0.204492 -0.550802 -0.023096
v 0.204527 -0.551088 -0.023108
v 0.209241 -0.549883 -0.027893
v 0.209175 -0.549347 -0.027774
v 0.209113 -0.548839 -0.027563
v 0.209056 -0.548375 -0.027267
v 0.209006 -0.547969 -0.026894
v 0.208965 -0.547634 -0.026455
v 0.208934 -0.547380 -0.025965
v 0.208913 -0.547213 -0.025437
v 0.208904 -0.547141 -0.024889
v 0.208907 -0.547164 -0.024336
v 0.208922 -0.547281 -0.023795
v 0.208947 -0.547491 -0.023284
v 0.208983 -0.547785 -0.022816
v 0.209029 -0.548155 -0.022407
v 0.209082 -0.548590 -0.022070
v 0.209142 -0.549077 -0.021813
v 0.209206 -0.549601 -0.021646
v 0.209273 -0.550145 -0.021573
v 0.209341 -0.550694 -0.021596
v 0.207751 -0.550264 -0.026381
v 0.207717 -0.549985 -0.026319
v 0.207685 -0.549721 -0.026209
v 0.207655 -0.549480 -0.026055
v 0.207629 -0.549269 -0.025861
v 0.207608 -0.549095 -0.025633
v 0.207592 -0.548963 -0.025379
v 0.207581 -0.548876 -0.025104
v 0.207576 -0.548839 -0.024819
v 0.207578 -0.548850 -0.024532
v 0.207585 -0.548912 -0.024251
v 0.207599 -0.549020 -0.023985
v 0.207617 -0.549173 -0.023742
v 0.207641 -0.549366 -0.023530
v 0.207669 -0.549592 -0.023354
v 0.207700 -0.549845 -0.023221
v 0.207733 -0.550117 -0.023134
v 0.207768 -0.550400 -0.023096
v 0.207803 -0.550685 -0.023108
v 0.208408 -0.549355 -0.026924
v 0.208332 -0.548737 -0.026497
v 0.208276 -0.548279 -0.025899
v 0.208245 -0.548028 -0.025188
v 0.208242 -0.548007 -0.024434
v 0.208268 -0.548218 -0.023710
v 0.208320 -0.548642 -0.023087
v 0.208393 -0.549235 -0.022626
v 0.208480 -0.549941 -0.022373
v 0.212525 -0.589144 -0.031462
v 0.212491 -0.588865 -0.031401
v 0.212459 -0.588601 -0.031291
v 0.212429 -0.588360 -0.031137
v 0.212403 -0.588149 -0.030943
v 0.212382 -0.587975 -0.030715
v 0.212365 -0.587842 -0.030460
v 0.212355 -0.587756 -0.030186
v 0.212350 -0.587718 -0.029901
v 0.212352 -0.587730 -0.029614
v 0.212359 -0.587791 -0.029333
v 0.212373 -0.587900 -0.029067
v 0.212391 -0.588053 -0.028824
v 0.212415 -0.588246 -0.028612
v 0.212443 -0.588472 -0.028436
v 0.212474 -0.588725 -0.028303
v 0.212507 -0.588997 -0.028216
v 0.212542 -0.589280 -0.028178
v 0.212577 -0.589565 -0.028190
v 0.209249 -0.589546 -0.031462
v 0.209215 -0.589267 -0.031401
v 0.209182 -0.589003 -0.031291
v 0.209153 -0.588762 -0.031137
v 0.209127 -0.588551 -0.030943
v 0.209105 -0.588377 -0.030715
v 0.209089 -0.588245 -0.030460
v 0.209078 -0.588158 -0.030186
v 0.209074 -0.588121 -0.029901
v 0.209075 -0.588132 -0.029614
v 0.209083 -0.588194 -0.029333
v 0.209096 -0.588303 -0.029067
v 0.209115 -0.588455 -0.028824
v 0.209139 -0.588648 -0.028612
v 0.209166 -0.588874 -0.028436
v 0.209197 -0.589127 -0.028303
v 0.209231 -0.589399 -0.028216
v 0.209266 -0.589682 -0.028178
v 0.209301 -0.589967 -0.028190
v 0.214015 -0.588763 -0.032975
v 0.213949 -0.588227 -0.032856
v 0.213887 -0.587719 -0.032645
v 0.213830 -0.587255 -0.032349
v 0.213780 -0.586849 -0.031975
v 0.213739 -0.586514 -0.031537
v 0.213707 -0.586259 -0.031047
v 0.213687 -0.586093 -0.030519
v 0.213678 -0.586020 -0.029971
v 0.213681 -0.586043 -0.029418
v 0.213695 -0.586161 -0.028877
v 0.213721 -0.586370 -0.028365
v 0.213757 -0.586665 -0.027898
v 0.213803 -0.587035 -0.027489
v 0.213856 -0.587470 -0.027151
v 0.213916 -0.587957 -0.026895
v 0.213980 -0.588481 -0.026728
v 0.214047 -0.589025 -0.026654
v 0.214114 -0.589574 -0.026677
v 0.212525 -0.589144 -0.031462
v 0.212491 -0.588865 -0.031401
v 0.212459 -0.588601 -0.031291
v 0.212429 -0.588360 -0.031137
v 0.212403 -0.588149 -0.030943
v 0.212382 -0.587975 -0.030715
v 0.212365 -0.587842 -0.030460
v 0.212355 -0.587756 -0.030186
v 0.212350 -0.587718 -0.029901
v 0.212352 -0.587730 -0.029614
v 0.212359 -0.587791 -0.029333
v 0.212373 -0.587900 -0.029067
v 0.212391 -0.588053 -0.028824
v 0.212415 -0.588246 -0.028612
v 0.212443 -0.588472 -0.028436
v 0.212474 -0.588725 -0.028303
v 0.212507 -0.588997 -0.028216
v 0.212542 -0.589280 -0.028178
v 0.212577 -0.589565 -0.028190
v 0.213182 -0.588235 -0.032005
v 0.213106 -0.587616 -0.031579
v 0.213050 -0.587159 -0.030981
v 0.213019 -0.586908 -0.030270
v 0.213016 -0.586887 -0.029516
v 0.213042 -0.587098 -0.028792
v 0.213094 -0.587521 -0.028169
v 0.213167 -0.588115 -0.027708
v 0.213254 -0.588821 -0.027455
v 0.214376 -0.604215 -0.067927
v 0.214342 -0.603937 -0.067865
v 0.214309 -0.603673 -0.067756
v 0.214280 -0.603432 -0.067602
v 0.214254 -0.603221 -0.067408
v 0.214232 -0.603046 -0.067180
v 0.214216 -0.602914 -0.066925
v 0.214205 -0.602828 -0.066651
v 0.214201 -0.602790 -0.066366
v 0.214202 -0.602802 -0.066078
v 0.214210 -0.602863 -0.065797
v 0.214223 -0.602972 -0.065532
v 0.214242 -0.603125 -0.065289
v 0.214265 -0.603317 -0.065076
v 0.214293 -0.603543 -0.064901
v 0.214324 -0.603796 -0.064767
v 0.214358 -0.604069 -0.064680
v 0.214392 -0.604351 -0.064642
v 0.214427 -0.604637 -0.064654
v 0.211099 -0.604618 -0.067927
v 0.211065 -0.604339 -0.067865
v 0.211033 -0.604075 -0.067756
v 0.211003 -0.603834 -0.067602
v 0.210977 -0.603623 -0.067408
v 0.210956 -0.603449 -0.067180
v 0.210940 -0.603316 -0.066925
v 0.210929 -0.603230 -0.066651
v 0.210924 -0.603192 -0.066366
v 0.210926 -0.603204 -0.066078
v 0.210933 -0.603265 -0.065797
v 0.210947 -0.603374 -0.065532
v 0.210965 -0.603527 -0.065289
v 0.210989 -0.603720 -0.065076
v 0.211017 -0.603946 -0.064901
v 0.211048 -0.604199 -0.064767
v 0.211081 -0.604471 -0.064680
v 0.211116 -0.604754 -0.064642
v 0.211151 -0.605039 -0.064654
v 0.215865 -0.603835 -0.069439
v 0.215800 -0.603298 -0.069321
v 0.215737 -0.602790 -0.069110
v 0.215680 -0.602326 -0.068813
v 0.215630 -0.601921 -0.068440
v 0.215589 -0.601586 -0.068002
v 0.215558 -0.601331 -0.067511
v 0.215538 -0.601165 -0.066984
v 0.215529 -0.601092 -0.066435
v 0.215532 -0.601115 -0.065882
v 0.215546 -0.601233 -0.065342
v 0.215572 -0.601442 -0.064830
v 0.215608 -0.601736 -0.064363
v 0.215653 -0.602107 -0.063954
v 0.215707 -0.602542 -0.063616
v 0.215767 -0.603029 -0.063360
v 0.215831 -0.603552 -0.063192
v 0.215898 -0.604097 -0.063119
v 0.215965 -0.604646 -0.063142
v 0.214376 -0.604215 -0.067927
v 0.214342 -0.603937 -0.067865
v 0.214309 -0.603673 -0.067756
v 0.214280 -0.603432 -0.067602
v 0.214254 -0.603221 -0.067408
v 0.214232 -0.603046 -0.067180
v 0.214216 -0.602914 -0.066925
v 0.214205 -0.602828 -0.066651
v 0.214201 -0.602790 -0.066366
v 0.214202 -0.602802 -0.066078
v 0.214210 -0.602863 -0.065797
v 0.214223 -0.602972 -0.065532
v 0.214242 -0.603125 -0.065289
v 0.214265 -0.603317 -0.065076
v 0.214293 -0.603543 -0.064901
v 0.214324 -0.603796 -0.064767
v 0.214358 -0.604069 -0.064680
v 0.214392 -0.604351 -0.064642
v 0.214427 -0.604637 -0.064654
v 0.215032 -0.603306 -0.068470
v 0.214956 -0.602688 -0.068044
v 0.214900 -0.602231 -0.067446
v 0.214869 -0.601980 -0.066735
v 0.214867 -0.601958 -0.065980
v 0.214893 -0.602170 -0.065256
v 0.214945 -0.602593 -0.064633
v 0.215018 -0.603187 -0.064173
v 0.215104 -0.603892 -0.063919
v 0.211452 -0.580407 -0.099310
v 0.211418 -0.580128 -0.099248
v 0.211386 -0.579865 -0.099138
v 0.211356 -0.579623 -0.098984
v 0.211330 -0.579413 -0.098791
v 0.211309 -0.579238 -0.098563
v 0.211293 -0.579106 -0.098308
v 0.211282 -0.579020 -0.098034
v 0.211277 -0.578982 -0.097749
v 0.211279 -0.578994 -0.097461
v 0.211286 -0.579055 -0.097180
v 0.211300 -0.579164 -0.096914
v 0.211319 -0.579317 -0.096672
v 0.211342 -0.579509 -0.096459
v 0.211370 -0.579735 -0.096284
v 0.211401 -0.579988 -0.096150
v 0.211434 -0.580261 -0.096063
v 0.211469 -0.580543 -0.096025
v 0.211504 -0.580829 -0.096037
v 0.208176 -0.580810 -0.099310
v 0.208142 -0.580531 -0.099248
v 0.208109 -0.580267 -0.099138
v 0.208080 -0.580026 -0.098984
v 0.208054 -0.579815 -0.098791
v 0.208033 -0.579641 -0.098563
v 0.208016 -0.579508 -0.098308
v 0.208006 -0.579422 -0.098034
v 0.208001 -0.579384 -0.097749
v 0.208003 -0.579396 -0.097461
v 0.208010 -0.579457 -0.097180
v 0.208023 -0.579566 -0.096914
v 0.208042 -0.579719 -0.096672
v 0.208066 -0.579912 -0.096459
v 0.208094 -0.580138 -0.096284
v 0.208125 -0.580391 -0.096150
v 0.208158 -0.580663 -0.096063
v 0.208193 -0.580946 -0.096025
v 0.208228 -0.581231 -0.096037
v 0.212942 -0.580027 -0.100822
v 0.212876 -0.579490 -0.100703
v 0.212814 -0.578982 -0.100493
v 0.212757 -0.578518 -0.100196
v 0.212707 -0.578113 -0.099823
v 0.212666 -0.577778 -0.099384
v 0.212635 -0.577523 -0.098894
v 0.212614 -0.577357 -0.098367
v 0.212605 -0.577284 -0.097818
v 0.212608 -0.577307 -0.097265
v 0.212623 -0.577425 -0.096724
v 0.212648 -0.577634 -0.096213
v 0.212685 -0.577928 -0.095745
v 0.212730 -0.578299 -0.095337
v 0.212783 -0.578734 -0.094999
v 0.212843 -0.579221 -0.094742
v 0.212908 -0.579744 -0.094575
v 0.212974 -0.580289 -0.094502
v 0.213042 -0.580838 -0.094525
v 0.211452 -0.580407 -0.099310
v 0.211418 -0.580128 -0.099248
v 0.211386 -0.579865 -0.099138
v 0.211356 -0.579623 -0.098984
v 0.211330 -0.579413 -0.098791
v 0.211309 -0.579238 -0.098563
v 0.211293 -0.579106 -0.098308
v 0.211282 -0.579020 -0.098034
v 0.211277 -0.578982 -0.097749
v 0.211279 -0.578994 -0.097461
v 0.211286 -0.579055 -0.097180
v 0.211300 -0.579164 -0.096914
v 0.211319 -0.579317 -0.096672
v 0.211342 -0.579509 -0.096459
v 0.211370 -0.579735 -0.096284
v 0.211401 -0.579988 -0.096150
v 0.211434 -0.580261 -0.096063
v 0.211469 -0.580543 -0.096025
v 0.211504 -0.580829 -0.096037
v 0.212109 -0.579498 -0.099853
v 0.212033 -0.578880 -0.099427
v 0.211977 -0.578423 -0.098829
v 0.211946 -0.578171 -0.098118
v 0.211944 -0.578150 -0.097363
v 0.211970 -0.578362 -0.096639
v 0.212022 -0.578785 -0.096016
v 0.212094 -0.579379 -0.095556
v 0.212181 -0.580084 -0.095302
v 0.206679 -0.541528 -0.094228
v 0.206644 -0.541249 -0.094166
v 0.206612 -0.540985 -0.094057
v 0.206582 -0.540744 -0.093903
v 0.206557 -0.540533 -0.093709
v 0.206535 -0.540359 -0.093481
v 0.206519 -0.540226 -0.093226
v 0.206508 -0.540140 -0.092952
v 0.206504 -0.540102 -0.092667
v 0.206505 -0.540114 -0.092379
v 0.206513 -0.540175 -0.092099
v 0.206526 -0.540284 -0.091833
v 0.206545 -0.540437 -0.091590
v 0.206568 -0.540630 -0.091377
v 0.206596 -0.540856 -0.091202
v 0.206627 -0.541109 -0.091068
v 0.206661 -0.541381 -0.090981
v 0.206695 -0.541664 -0.090943
v 0.206730 -0.541949 -0.090955
v 0.203402 -0.541930 -0.094228
v 0.203368 -0.541651 -0.094166
v 0.203336 -0.541387 -0.094057
v 0.203306 -0.541146 -0.093903
v 0.203280 -0.540935 -0.093709
v 0.203259 -0.540761 -0.093481
v 0.203243 -0.540629 -0.093226
v 0.203232 -0.540542 -0.092952
v 0.203227 -0.540505 -0.092667
v 0.203229 -0.540516 -0.092379
v 0.203236 -0.540578 -0.092099
v 0.203250 -0.540686 -0.091833
v 0.203268 -0.540839 -0.091590
v 0.203292 -0.541032 -0.091377
v 0.203320 -0.541258 -0.091202
v 0.203351 -0.541511 -0.091068
v 0.203384 -0.541783 -0.090981
v 0.203419 -0.542066 -0.090943
v 0.203454 -0.542351 -0.090955
v 0.208168 -0.541147 -0.095740
v 0.208103 -0.540610 -0.095622
v 0.208040 -0.540103 -0.095411
v 0.207983 -0.539639 -0.095114
v 0.207933 -0.539233 -0.094741
v 0.207892 -0.538898 -0.094303
v 0.207861 -0.538643 -0.093812
v 0.207841 -0.538477 -0.093285
v 0.207832 -0.538404 -0.092736
v 0.207834 -0.538427 -0.092183
v 0.207849 -0.538545 -0.091643
v 0.207875 -0.538754 -0.091131
v 0.207911 -0.539049 -0.090664
v 0.207956 -0.539419 -0.090255
v 0.208010 -0.539854 -0.089917
v 0.208069 -0.540341 -0.089661
v 0.208134 -0.540864 -0.089493
v 0.208201 -0.541409 -0.089420
v 0.208268 -0.541958 -0.089443
v 0.206679 -0.541528 -0.094228
v 0.206644 -0.541249 -0.094166
v 0.206612 -0.540985 -0.094057
v 0.206582 -0.540744 -0.093903
v 0.206557 -0.540533 -0.093709
v 0.206535 -0.540359 -0.093481
v 0.206519 -0.540226 -0.093226
v 0.206508 -0.540140 -0.092952
v 0.206504 -0.540102 -0.092667
v 0.206505 -0.540114 -0.092379
v 0.206513 -0.540175 -0.092099
v 0.206526 -0.540284 -0.091833
v 0.206545 -0.540437 -0.091590
v 0.206568 -0.540630 -0.091377
v 0.206596 -0.540856 -0.091202
v 0.206627 -0.541109 -0.091068
v 0.206661 -0.541381 -0.090981
v 0.206695 -0.541664 -0.090943
v 0.206730 -0.541949 -0.090955
v 0.207335 -0.540619 -0.094771
v 0.207259 -0.540000 -0.094345
v 0.207203 -0.539543 -0.093747
v 0.207172 -0.539292 -0.093036
v 0.207170 -0.539271 -0.092281
v 0.207196 -0.539482 -0.091557
v 0.207248 -0.539905 -0.090934
v 0.207321 -0.540499 -0.090474
v 0.207407 -0.541204 -0.090220
v 0.222846 -0.603245 -0.085626
v 0.222289 -0.598710 -0.091737
v 0.221617 -0.593235 -0.097010
v 0.220847 -0.586971 -0.101299
v 0.220003 -0.580090 -0.104487
v 0.219372 -0.603672 -0.085626
v 0.216529 -0.580516 -0.104487
v 0.217374 -0.587398 -0.101299
v 0.218143 -0.593662 -0.097010
v 0.218815 -0.599137 -0.091737
v 0.207893 -0.582607 -0.107307
v 0.220127 -0.581105 -0.107307
v 0.221027 -0.588435 -0.103912
v 0.221846 -0.595107 -0.099343
v 0.222562 -0.600939 -0.093727
v 0.223156 -0.605770 -0.087217
v 0.210922 -0.607272 -0.087217
v 0.208793 -0.589937 -0.103912
v 0.209612 -0.596609 -0.099343
v 0.210328 -0.602441 -0.093727
v 0.210922 -0.607272 -0.087217
v 0.223156 -0.605770 -0.087217
v 0.222846 -0.603245 -0.085626
v 0.219372 -0.603672 -0.085626
v 0.218671 -0.603706 -0.085594
v 0.217979 -0.603637 -0.085498
v 0.217316 -0.603467 -0.085342
v 0.216702 -0.603201 -0.085130
v 0.216155 -0.602847 -0.084868
v 0.215691 -0.602416 -0.084565
v 0.215898 -0.604098 -0.085626
v 0.211108 -0.604687 -0.085626
v 0.210612 -0.604748 -0.085626
v 0.210612 -0.604748 -0.085626
v 0.211108 -0.604687 -0.085626
v 0.210055 -0.600212 -0.091737
v 0.209382 -0.594737 -0.097010
v 0.208613 -0.588473 -0.101299
v 0.207768 -0.581592 -0.104487
v 0.208265 -0.581531 -0.104487
v 0.209110 -0.588412 -0.101299
v 0.209879 -0.594676 -0.097010
v 0.210551 -0.600151 -0.091737
v 0.207768 -0.581592 -0.104487
v 0.207893 -0.582607 -0.107307
v 0.220127 -0.581105 -0.107307
v 0.220003 -0.580090 -0.104487
v 0.216529 -0.580516 -0.104487
v 0.215832 -0.580581 -0.104430
v 0.215151 -0.580603 -0.104260
v 0.214506 -0.580581 -0.103984
v 0.213916 -0.580516 -0.103608
v 0.213400 -0.580410 -0.103144
v 0.212972 -0.580266 -0.102607
v 0.213055 -0.580943 -0.104487
v 0.208265 -0.581531 -0.104487
v 0.207768 -0.581592 -0.104487
v 0.207893 -0.582607 -0.107307
v 0.210612 -0.604748 -0.085626
v 0.210055 -0.600212 -0.091737
v 0.209382 -0.594737 -0.097010
v 0.208613 -0.588473 -0.101299
v 0.210922 -0.607272 -0.087217
v 0.208793 -0.589937 -0.103912
v 0.209612 -0.596609 -0.099343
v 0.210328 -0.602441 -0.093727
v 0.220127 -0.581105 -0.107307
v 0.221027 -0.588435 -0.103912
v 0.221846 -0.595107 -0.099343
v 0.222562 -0.600939 -0.093727
v 0.223156 -0.605770 -0.087217
v 0.220003 -0.580090 -0.104487
v 0.222846 -0.603245 -0.085626
v 0.222289 -0.598710 -0.091737
v 0.221617 -0.593235 -0.097010
v 0.220847 -0.586971 -0.101299
v 0.216529 -0.580516 -0.104487
v 0.215832 -0.580581 -0.104430
v 0.215151 -0.580603 -0.104260
v 0.214506 -0.580581 -0.103984
v 0.213916 -0.580516 -0.103608
v 0.213400 -0.580410 -0.103144
v 0.212972 -0.580266 -0.102607
v 0.217374 -0.587398 -0.101299
v 0.218143 -0.593662 -0.097010
v 0.218815 -0.599137 -0.091737
v 0.219372 -0.603672 -0.085626
v 0.218671 -0.603706 -0.085594
v 0.217979 -0.603637 -0.085498
v 0.217316 -0.603467 -0.085342
v 0.216702 -0.603201 -0.085130
v 0.216155 -0.602847 -0.084868
v 0.215691 -0.602416 -0.084565
v 0.213780 -0.586848 -0.099557
v 0.214516 -0.592840 -0.095455
v 0.215159 -0.598077 -0.090411
v 0.216676 -0.587453 -0.101246
v 0.215991 -0.587448 -0.101089
v 0.215341 -0.587382 -0.100833
v 0.214744 -0.587257 -0.100485
v 0.214218 -0.587078 -0.100055
v 0.217444 -0.593709 -0.096963
v 0.216756 -0.593679 -0.096823
v 0.216101 -0.593573 -0.096594
v 0.215498 -0.593394 -0.096283
v 0.214964 -0.593147 -0.095899
v 0.218115 -0.599177 -0.091697
v 0.217425 -0.599126 -0.091578
v 0.216766 -0.598985 -0.091382
v 0.216156 -0.598758 -0.091117
v 0.215615 -0.598453 -0.090790
f 39 3 4
f 39 4 5
f 39 5 6
f 39 21 3
f 39 22 21
f 39 23 22
f 39 24 23
f 40 6 7
f 40 25 24
f 40 26 25
f 40 39 6
f 40 24 39
f 41 7 8
f 41 8 9
f 41 26 40
f 41 27 26
f 41 40 7
f 42 9 10
f 42 10 11
f 42 28 27
f 42 29 28
f 42 41 9
f 42 27 41
f 43 11 12
f 43 12 13
f 43 29 42
f 43 30 29
f 43 31 30
f 43 42 11
f 44 13 14
f 44 14 15
f 44 32 31
f 44 33 32
f 44 43 13
f 44 31 43
f 45 33 44
f 45 15 16
f 45 34 33
f 45 35 34
f 45 44 15
f 46 16 17
f 46 17 18
f 46 36 35
f 46 45 16
f 46 35 45
f 47 2 1
f 47 18 19
f 47 19 20
f 47 20 2
f 47 37 36
f 47 38 37
f 47 1 38
f 47 46 18
f 47 36 46
f 51 68 50
f 51 69 68
f 52 70 69
f 52 69 51
f 53 71 70
f 53 70 52
f 54 72 71
f 54 73 72
f 54 71 53
f 55 73 54
f 56 74 73
f 56 75 74
f 56 73 55
f 57 75 56
f 58 76 75
f 58 77 76
f 58 75 57
f 59 78 77
f 59 77 58
f 60 78 59
f 61 79 78
f 61 78 60
f 62 80 79
f 62 79 61
f 63 81 80
f 63 80 62
f 64 82 81
f 64 81 63
f 65 82 64
f 65 83 82
f 66 83 65
f 66 84 83
f 67 84 66
f 67 85 84
f 49 85 67
f 49 48 85
f 124 88 89
f 124 89 90
f 124 90 91
f 124 106 88
f 124 107 106
f 124 108 107
f 124 109 108
f 125 91 92
f 125 92 93
f 125 110 109
f 125 111 110
f 125 124 91
f 125 109 124
f 126 125 93
f 126 93 94
f 126 111 125
f 126 112 111
f 127 94 95
f 127 95 96
f 127 113 112
f 127 114 113
f 127 126 94
f 127 112 126
f 128 114 127
f 128 96 97
f 128 97 98
f 128 115 114
f 128 116 115
f 128 127 96
f 129 98 99
f 129 99 100
f 129 117 116
f 129 118 117
f 129 128 98
f 129 116 128
f 130 100 101
f 130 101 102
f 130 119 118
f 130 120 119
f 130 118 129
f 130 129 100
f 131 102 103
f 131 121 120
f 131 120 130
f 131 130 102
f 132 87 86
f 132 103 104
f 132 104 105
f 132 105 87
f 132 122 121
f 132 123 122
f 132 86 123
f 132 131 103
f 132 121 131
f 136 153 135
f 136 154 153
f 137 155 154
f 137 154 136
f 138 156 155
f 138 155 137
f 139 157 156
f 139 158 157
f 139 156 138
f 140 158 139
f 141 159 158
f 141 160 159
f 141 158 140
f 142 160 141
f 143 161 160
f 143 162 161
f 143 160 142
f 144 163 162
f 144 162 143
f 145 163 144
f 146 164 163
f 146 163 145
f 147 165 164
f 147 164 146
f 148 166 165
f 148 165 147
f 149 167 166
f 149 166 148
f 150 167 149
f 150 168 167
f 151 168 150
f 151 169 168
f 152 169 151
f 152 170 169
f 134 170 152
f 134 133 170
f 209 173 174
f 209 174 175
f 209 175 176
f 209 191 173
f 209 192 191
f 209 193 192
f 209 194 193
f 210 176 177
f 210 177 178
f 210 195 194
f 210 196 195
f 210 209 176
f 210 194 209
f 211 210 178
f 211 178 179
f 211 196 210
f 211 197 196
f 212 179 180
f 212 180 181
f 212 198 197
f 212 199 198
f 212 211 179
f 212 197 211
f 213 199 212
f 213 181 182
f 213 182 183
f 213 200 199
f 213 201 200
f 213 212 181
f 214 183 184
f 214 184 185
f 214 202 201
f 214 203 202
f 214 213 183
f 214 201 213
f 215 185 186
f 215 186 187
f 215 204 203
f 215 205 204
f 215 203 214
f 215 214 185
f 216 187 188
f 216 206 205
f 216 205 215
f 216 215 187
f 217 172 171
f 217 188 189
f 217 189 190
f 217 190 172
f 217 207 206
f 217 208 207
f 217 171 208
f 217 206 216
f 217 216 188
f 221 238 220
f 221 239 238
f 222 240 239
f 222 239 221
f 223 241 240
f 223 240 222
f 224 242 241
f 224 243 242
f 224 241 223
f 225 243 224
f 226 244 243
f 226 245 244
f 226 243 225
f 227 245 226
f 228 246 245
f 228 247 246
f 228 245 227
f 229 248 247
f 229 247 228
f 230 248 229
f 231 249 248
f 231 248 230
f 232 250 249
f 232 249 231
f 233 251 250
f 233 250 232
f 234 252 251
f 234 251 233
f 235 252 234
f 235 253 252
f 236 253 235
f 236 254 253
f 237 254 236
f 237 255 254
f 219 255 237
f 219 218 255
f 294 258 259
f 294 259 260
f 294 260 261
f 294 276 258
f 294 277 276
f 294 278 277
f 294 279 278
f 295 261 262
f 295 262 263
f 295 280 279
f 295 281 280
f 295 294 261
f 295 279 294
f 296 295 263
f 296 263 264
f 296 281 295
f 296 282 281
f 297 264 265
f 297 265 266
f 297 283 282
f 297 284 283
f 297 296 264
f 297 282 296
f 298 284 297
f 298 266 267
f 298 267 268
f 298 285 284
f 298 286 285
f 298 297 266
f 299 268 269
f 299 269 270
f 299 287 286
f 299 288 287
f 299 298 268
f 299 286 298
f 300 270 271
f 300 271 272
f 300 289 288
f 300 290 289
f 300 288 299
f 300 299 270
f 301 272 273
f 301 291 290
f 301 290 300
f 301 300 272
f 302 257 256
f 302 273 274
f 302 274 275
f 302 275 257
f 302 292 291
f 302 293 292
f 302 256 293
f 302 291 301
f 302 301 273
f 306 323 305
f 306 324 323
f 307 325 324
f 307 324 306
f 308 326 325
f 308 325 307
f 309 327 326
f 309 328 327
f 309 326 308
f 310 328 309
f 311 329 328
f 311 330 329
f 311 328 310
f 312 330 311
f 313 331 330
f 313 332 331
f 313 330 312
f 314 333 332
f 314 332 313
f 315 333 314
f 316 334 333
f 316 333 315
f 317 335 334
f 317 334 316
f 318 336 335
f 318 335 317
f 319 337 336
f 319 336 318
f 320 337 319
f 320 338 337
f 321 338 320
f 321 339 338
f 322 339 321
f 322 340 339
f 304 340 322
f 304 303 340
f 379 343 344
f 379 344 345
f 379 345 346
f 379 361 343
f 379 362 361
f 379 363 362
f 379 364 363
f 380 346 347
f 380 347 348
f 380 365 364
f 380 366 365
f 380 379 346
f 380 364 379
f 381 380 348
f 381 348 349
f 381 366 380
f 381 367 366
f 382 349 350
f 382 350 351
f 382 368 367
f 382 369 368
f 382 381 349
f 382 367 381
f 383 369 382
f 383 351 352
f 383 352 353
f 383 370 369
f 383 371 370
f 383 382 351
f 384 353 354
f 384 354 355
f 384 372 371
f 384 373 372
f 384 383 353
f 384 371 383
f 385 355 356
f 385 374 373
f 385 373 384
f 385 384 355
f 386 356 357
f 386 357 358
f 386 375 374
f 386 376 375
f 386 374 385
f 386 385 356
f 387 342 341
f 387 386 358
f 387 358 359
f 387 359 360
f 387 360 342
f 387 377 376
f 387 378 377
f 387 341 378
f 387 376 386
f 391 408 390
f 391 409 408
f 392 410 409
f 392 409 391
f 393 411 410
f 393 410 392
f 394 412 411
f 394 413 412
f 394 411 393
f 395 413 394
f 396 414 413
f 396 415 414
f 396 413 395
f 397 415 396
f 398 416 415
f 398 417 416
f 398 415 397
f 399 418 417
f 399 417 398
f 400 418 399
f 401 419 418
f 401 418 400
f 402 420 419
f 402 419 401
f 403 421 420
f 403 420 402
f 404 422 421
f 404 421 403
f 405 422 404
f 405 423 422
f 406 423 405
f 406 424 423
f 407 424 406
f 407 425 424
f 389 425 407
f 389 388 425
f 464 428 429
f 464 429 430
f 464 430 431
f 464 446 428
f 464 447 446
f 464 448 447
f 464 449 448
f 465 431 432
f 465 450 449
f 465 451 450
f 465 464 431
f 465 449 464
f 466 432 433
f 466 433 434
f 466 451 465
f 466 452 451
f 466 465 432
f 467 434 435
f 467 435 436
f 467 453 452
f 467 454 453
f 467 466 434
f 467 452 466
f 468 436 437
f 468 437 438
f 468 454 467
f 468 455 454
f 468 456 455
f 468 467 436
f 469 438 439
f 469 439 440
f 469 457 456
f 469 458 457
f 469 468 438
f 469 456 468
f 470 458 469
f 470 440 441
f 470 441 442
f 470 459 458
f 470 469 440
f 471 442 443
f 471 460 459
f 471 461 460
f 471 459 470
f 471 470 442
f 472 427 426
f 472 443 444
f 472 444 445
f 472 445 427
f 472 462 461
f 472 463 462
f 472 426 463
f 472 461 471
f 472 471 443
f 476 493 475
f 476 494 493
f 477 495 494
f 477 494 476
f 478 496 495
f 478 495 477
f 479 497 496
f 479 498 497
f 479 496 478
f 480 498 479
f 481 499 498
f 481 500 499
f 481 498 480
f 482 500 481
f 483 501 500
f 483 502 501
f 483 500 482
f 484 503 502
f 484 502 483
f 485 503 484
f 486 504 503
f 486 503 485
f 487 505 504
f 487 504 486
f 488 506 505
f 488 505 487
f 489 507 506
f 489 506 488
f 490 507 489
f 490 508 507
f 491 508 490
f 491 509 508
f 492 509 491
f 492 510 509
f 474 510 492
f 474 473 510
f 514 531 513
f 514 532 531
f 515 533 532
f 515 532 514
f 516 534 533
f 516 533 515
f 517 535 534
f 517 534 516
f 518 536 535
f 518 535 517
f 519 537 536
f 519 536 518
f 520 538 537
f 520 537 519
f 521 539 538
f 521 540 539
f 521 538 520
f 522 540 521
f 523 541 540
f 523 542 541
f 523 540 522
f 524 542 523
f 525 543 542
f 525 542 524
f 526 544 543
f 526 545 544
f 526 543 525
f 527 546 545
f 527 545 526
f 528 546 527
f 529 546 528
f 529 547 546
f 529 548 547
f 530 548 529
f 512 548 530
f 512 511 548
f 552 569 551
f 552 570 569
f 553 571 570
f 553 570 552
f 554 572 571
f 554 571 553
f 555 573 572
f 555 572 554
f 556 574 573
f 556 573 555
f 557 575 574
f 557 574 556
f 558 576 575
f 558 575 557
f 559 577 576
f 559 578 577
f 559 576 558
f 560 578 559
f 561 579 578
f 561 580 579
f 561 578 560
f 562 580 561
f 563 581 580
f 563 580 562
f 564 582 581
f 564 583 582
f 564 581 563
f 565 584 583
f 565 583 564
f 566 584 565
f 567 584 566
f 567 585 584
f 567 586 585
f 568 586 567
f 550 586 568
f 550 549 586
f 590 607 589
f 590 608 607
f 591 609 608
f 591 608 590
f 592 610 609
f 592 611 610
f 592 609 591
f 593 612 611
f 593 611 592
f 594 612 593
f 595 613 612
f 595 614 613
f 595 612 594
f 596 614 595
f 597 615 614
f 597 616 615
f 597 614 596
f 598 617 616
f 598 616 597
f 599 617 598
f 600 618 617
f 600 617 599
f 601 619 618
f 601 618 600
f 602 620 619
f 602 621 620
f 602 619 601
f 603 622 621
f 603 621 602
f 604 622 603
f 605 622 604
f 605 623 622
f 605 624 623
f 606 624 605
f 588 624 606
f 588 587 624
f 628 645 627
f 628 646 645
f 629 647 646
f 629 646 628
f 630 648 647
f 630 647 629
f 631 649 648
f 631 648 630
f 632 650 649
f 632 649 631
f 633 651 650
f 633 650 632
f 634 652 651
f 634 651 633
f 635 653 652
f 635 654 653
f 635 652 634
f 636 654 635
f 637 655 654
f 637 656 655
f 637 654 636
f 638 656 637
f 639 657 656
f 639 656 638
f 640 658 657
f 640 659 658
f 640 657 639
f 641 660 659
f 641 659 640
f 642 660 641
f 643 660 642
f 643 661 660
f 643 662 661
f 644 662 643
f 626 662 644
f 626 625 662
f 666 683 665
f 666 684 683
f 667 685 684
f 667 684 666
f 668 686 685
f 668 685 667
f 669 687 686
f 669 686 668
f 670 688 687
f 670 687 669
f 671 689 688
f 671 688 670
f 672 690 689
f 672 689 671
f 673 691 690
f 673 692 691
f 673 690 672
f 674 692 673
f 675 693 692
f 675 694 693
f 675 692 674
f 676 694 675
f 677 695 694
f 677 694 676
f 678 696 695
f 678 697 696
f 678 695 677
f 679 698 697
f 679 697 678
f 680 698 679
f 681 698 680
f 681 699 698
f 681 700 699
f 682 700 681
f 664 700 682
f 664 663 700
f 704 721 703
f 704 722 721
f 705 723 722
f 705 722 704
f 706 724 723
f 706 723 705
f 707 725 724
f 707 724 706
f 708 726 725
f 708 725 707
f 709 727 726
f 709 726 708
f 710 728 727
f 710 727 709
f 711 729 728
f 711 730 729
f 711 728 710
f 712 730 711
f 713 731 730
f 713 732 731
f 713 730 712
f 714 732 713
f 715 733 732
f 715 732 714
f 716 734 733
f 716 735 734
f 716 733 715
f 717 736 735
f 717 735 716
f 718 736 717
f 719 736 718
f 719 737 736
f 719 738 737
f 720 738 719
f 702 738 720
f 702 701 738
f 742 759 741
f 742 760 759
f 743 761 760
f 743 760 742
f 744 762 761
f 744 761 743
f 745 763 762
f 745 762 744
f 746 764 763
f 746 763 745
f 747 765 764
f 747 764 746
f 748 766 765
f 748 765 747
f 749 767 766
f 749 768 767
f 749 766 748
f 750 768 749
f 751 769 768
f 751 770 769
f 751 768 750
f 752 770 751
f 753 771 770
f 753 770 752
f 754 772 771
f 754 773 772
f 754 771 753
f 755 774 773
f 755 773 754
f 756 774 755
f 757 774 756
f 757 775 774
f 757 776 775
f 758 776 757
f 740 776 758
f 740 739 776
f 780 797 779
f 780 798 797
f 781 799 798
f 781 798 780
f 782 800 799
f 782 799 781
f 783 801 800
f 783 800 782
f 784 802 801
f 784 801 783
f 785 803 802
f 785 802 784
f 786 804 803
f 786 803 785
f 787 805 804
f 787 806 805
f 787 804 786
f 788 806 787
f 789 807 806
f 789 808 807
f 789 806 788
f 790 808 789
f 791 809 808
f 791 808 790
f 792 810 809
f 792 811 810
f 792 809 791
f 793 812 811
f 793 811 792
f 794 812 793
f 795 812 794
f 795 813 812
f 795 814 813
f 796 814 795
f 778 814 796
f 778 777 814
f 818 835 817
f 818 836 835
f 819 837 836
f 819 836 818
f 820 838 837
f 820 837 819
f 821 839 838
f 821 838 820
f 822 840 839
f 822 839 821
f 823 841 840
f 823 840 822
f 824 842 841
f 824 841 823
f 825 843 842
f 825 844 843
f 825 842 824
f 826 844 825
f 827 845 844
f 827 846 845
f 827 844 826
f 828 846 827
f 829 847 846
f 829 846 828
f 830 848 847
f 830 849 848
f 830 847 829
f 831 850 849
f 831 849 830
f 832 850 831
f 833 850 832
f 833 851 850
f 833 852 851
f 834 852 833
f 816 852 834
f 816 815 852
f 856 873 855
f 856 874 873
f 857 875 874
f 857 874 856
f 858 876 875
f 858 875 857
f 859 877 876
f 859 876 858
f 860 878 877
f 860 877 859
f 861 879 878
f 861 878 860
f 862 880 879
f 862 879 861
f 863 881 880
f 863 882 881
f 863 880 862
f 864 882 863
f 865 883 882
f 865 884 883
f 865 882 864
f 866 884 865
f 867 885 884
f 867 884 866
f 868 886 885
f 868 887 886
f 868 885 867
f 869 888 887
f 869 887 868
f 870 888 869
f 871 888 870
f 871 889 888
f 871 890 889
f 872 890 871
f 854 890 872
f 854 853 890
f 894 911 893
f 894 912 911
f 895 913 912
f 895 912 894
f 896 914 913
f 896 913 895
f 897 915 914
f 897 914 896
f 898 916 915
f 898 915 897
f 899 917 916
f 899 916 898
f 900 918 917
f 900 917 899
f 901 919 918
f 901 920 919
f 901 918 900
f 902 920 901
f 903 921 920
f 903 922 921
f 903 920 902
f 904 922 903
f 905 923 922
f 905 922 904
f 906 924 923
f 906 925 924
f 906 923 905
f 907 926 925
f 907 925 906
f 908 926 907
f 909 926 908
f 909 927 926
f 909 928 927
f 910 928 909
f 892 928 910
f 892 891 928
f 932 949 931
f 932 950 949
f 933 951 950
f 933 950 932
f 934 952 951
f 934 951 933
f 935 953 952
f 935 952 934
f 936 954 953
f 936 953 935
f 937 955 954
f 937 954 936
f 938 956 955
f 938 955 937
f 939 957 956
f 939 958 957
f 939 956 938
f 940 958 939
f 941 959 958
f 941 960 959
f 941 958 940
f 942 960 941
f 943 961 960
f 943 960 942
f 944 962 961
f 944 963 962
f 944 961 943
f 945 964 963
f 945 963 944
f 946 964 945
f 947 964 946
f 947 965 964
f 947 966 965
f 948 966 947
f 930 966 948
f 930 929 966
f 970 987 969
f 970 988 987
f 971 989 988
f 971 988 970
f 972 990 989
f 972 989 971
f 973 991 990
f 973 990 972
f 974 992 991
f 974 991 973
f 975 993 992
f 975 992 974
f 976 994 993
f 976 993 975
f 977 995 994
f 977 996 995
f 977 994 976
f 978 996 977
f 979 997 996
f 979 998 997
f 979 996 978
f 980 998 979
f 981 999 998
f 981 998 980
f 982 1000 999
f 982 1001 1000
f 982 999 981
f 983 1002 1001
f 983 1001 982
f 984 1002 983
f 985 1002 984
f 985 1003 1002
f 985 1004 1003
f 986 1004 985
f 968 1004 986
f 968 967 1004
f 1008 1025 1007
f 1008 1026 1025
f 1009 1027 1026
f 1009 1026 1008
f 1010 1028 1027
f 1010 1027 1009
f 1011 1029 1028
f 1011 1028 1010
f 1012 1030 1029
f 1012 1029 1011
f 1013 1031 1030
f 1013 1030 1012
f 1014 1032 1031
f 1014 1031 1013
f 1015 1033 1032
f 1015 1034 1033
f 1015 1032 1014
f 1016 1034 1015
f 1017 1035 1034
f 1017 1036 1035
f 1017 1034 1016
f 1018 1036 1017
f 1019 1037 1036
f 1019 1036 1018
f 1020 1038 1037
f 1020 1039 1038
f 1020 1037 1019
f 1021 1040 1039
f 1021 1039 1020
f 1022 1040 1021
f 1023 1040 1022
f 1023 1041 1040
f 1023 1042 1041
f 1024 1042 1023
f 1006 1042 1024
f 1006 1005 1042
f 1046 1063 1045
f 1046 1064 1063
f 1047 1065 1064
f 1047 1064 1046
f 1048 1066 1065
f 1048 1065 1047
f 1049 1067 1066
f 1049 1066 1048
f 1050 1068 1067
f 1050 1067 1049
f 1051 1069 1068
f 1051 1068 1050
f 1052 1070 1069
f 1052 1069 1051
f 1053 1071 1070
f 1053 1072 1071
f 1053 1070 1052
f 1054 1072 1053
f 1055 1073 1072
f 1055 1074 1073
f 1055 1072 1054
f 1056 1074 1055
f 1057 1075 1074
f 1057 1074 1056
f 1058 1076 1075
f 1058 1077 1076
f 1058 1075 1057
f 1059 1078 1077
f 1059 1077 1058
f 1060 1078 1059
f 1061 1078 1060
f 1061 1079 1078
f 1061 1080 1079
f 1062 1080 1061
f 1044 1080 1062
f 1044 1043 1080
f 1084 1101 1083
f 1084 1102 1101
f 1085 1103 1102
f 1085 1102 1084
f 1086 1104 1103
f 1086 1103 1085
f 1087 1105 1104
f 1087 1104 1086
f 1088 1106 1105
f 1088 1105 1087
f 1089 1107 1106
f 1089 1106 1088
f 1090 1108 1107
f 1090 1107 1089
f 1091 1109 1108
f 1091 1110 1109
f 1091 1108 1090
f 1092 1110 1091
f 1093 1111 1110
f 1093 1112 1111
f 1093 1110 1092
f 1094 1112 1093
f 1095 1113 1112
f 1095 1112 1094
f 1096 1114 1113
f 1096 1115 1114
f 1096 1113 1095
f 1097 1116 1115
f 1097 1115 1096
f 1098 1116 1097
f 1099 1116 1098
f 1099 1117 1116
f 1099 1118 1117
f 1100 1118 1099
f 1082 1118 1100
f 1082 1081 1118
f 1122 1139 1121
f 1122 1140 1139
f 1123 1141 1140
f 1123 1140 1122
f 1124 1142 1141
f 1124 1141 1123
f 1125 1143 1142
f 1125 1142 1124
f 1126 1144 1143
f 1126 1143 1125
f 1127 1145 1144
f 1127 1144 1126
f 1128 1146 1145
f 1128 1145 1127
f 1129 1147 1146
f 1129 1148 1147
f 1129 1146 1128
f 1130 1148 1129
f 1131 1149 1148
f 1131 1150 1149
f 1131 1148 1130
f 1132 1150 1131
f 1133 1151 1150
f 1133 1150 1132
f 1134 1152 1151
f 1134 1153 1152
f 1134 1151 1133
f 1135 1154 1153
f 1135 1153 1134
f 1136 1154 1135
f 1137 1154 1136
f 1137 1155 1154
f 1137 1156 1155
f 1138 1156 1137
f 1120 1156 1138
f 1120 1119 1156
f 1160 1177 1159
f 1160 1178 1177
f 1161 1179 1178
f 1161 1178 1160
f 1162 1180 1179
f 1162 1179 1161
f 1163 1181 1180
f 1163 1180 1162
f 1164 1182 1181
f 1164 1181 1163
f 1165 1183 1182
f 1165 1182 1164
f 1166 1184 1183
f 1166 1183 1165
f 1167 1185 1184
f 1167 1186 1185
f 1167 1184 1166
f 1168 1186 1167
f 1169 1187 1186
f 1169 1188 1187
f 1169 1186 1168
f 1170 1188 1169
f 1171 1189 1188
f 1171 1188 1170
f 1172 1190 1189
f 1172 1191 1190
f 1172 1189 1171
f 1173 1192 1191
f 1173 1191 1172
f 1174 1192 1173
f 1175 1192 1174
f 1175 1193 1192
f 1175 1194 1193
f 1176 1194 1175
f 1158 1194 1176
f 1158 1157 1194
f 1198 1215 1197
f 1198 1216 1215
f 1199 1217 1216
f 1199 1216 1198
f 1200 1218 1217
f 1200 1217 1199
f 1201 1219 1218
f 1201 1218 1200
f 1202 1220 1219
f 1202 1219 1201
f 1203 1221 1220
f 1203 1220 1202
f 1204 1222 1221
f 1204 1221 1203
f 1205 1223 1222
f 1205 1224 1223
f 1205 1222 1204
f 1206 1224 1205
f 1207 1225 1224
f 1207 1226 1225
f 1207 1224 1206
f 1208 1226 1207
f 1209 1227 1226
f 1209 1226 1208
f 1210 1228 1227
f 1210 1229 1228
f 1210 1227 1209
f 1211 1230 1229
f 1211 1229 1210
f 1212 1230 1211
f 1213 1230 1212
f 1213 1231 1230
f 1213 1232 1231
f 1214 1232 1213
f 1196 1232 1214
f 1196 1195 1232
f 1236 1253 1235
f 1236 1254 1253
f 1237 1255 1254
f 1237 1256 1255
f 1237 1254 1236
f 1238 1256 1237
f 1239 1257 1256
f 1239 1258 1257
f 1239 1256 1238
f 1240 1259 1258
f 1240 1258 1239
f 1241 1259 1240
f 1242 1260 1259
f 1242 1261 1260
f 1242 1259 1241
f 1243 1261 1242
f 1244 1262 1261
f 1244 1261 1243
f 1245 1263 1262
f 1245 1262 1244
f 1246 1264 1263
f 1246 1263 1245
f 1247 1265 1264
f 1247 1264 1246
f 1248 1266 1265
f 1248 1265 1247
f 1249 1267 1266
f 1249 1266 1248
f 1250 1267 1249
f 1250 1268 1267
f 1250 1269 1268
f 1251 1269 1250
f 1252 1269 1251
f 1252 1270 1269
f 1234 1270 1252
f 1234 1233 1270
f 1277 1274 1273
f 1277 1278 1274
f 1276 1273 1272
f 1276 1277 1273
f 1275 1272 1271
f 1275 1276 1272
f 1391 1339 1392
f 1336 1338 1337
f 1395 1394 1338
f 1390 1339 1391
f 1396 1395 1338
f 1389 1339 1390
f 1397 1396 1338
f 1388 1339 1389
f 1387 1339 1388
f 1398 1397 1338
f 1280 1279 1342
f 1386 1339 1387
f 1399 1398 1338
f 1385 1339 1386
f 1385 1340 1339
f 1400 1399 1338
f 1400 1338 1336
f 1401 1400 1336
f 1384 1340 1385
f 1402 1401 1336
f 1403 1402 1336
f 1404 1403 1336
f 2104 1341 1340
f 2103 1380 1379
f 2103 1381 1380
f 2103 1382 1381
f 2103 1383 1382
f 2103 1384 1383
f 2103 1340 1384
f 2103 2104 1340
f 2105 1342 1341
f 2105 1341 2104
f 2102 1410 1409
f 2102 1411 1410
f 2102 1412 1411
f 2102 1413 1412
f 2102 1414 1413
f 2102 1379 1414
f 2102 2103 1379
f 1428 1281 1429
f 1430 1429 1281
f 1427 1281 1428
f 1431 1430 1281
f 1431 1281 1280
f 1426 1281 1427
f 1432 1431 1280
f 1425 1281 1426
f 2106 1280 1342
f 2106 1342 2105
f 2101 1405 1404
f 2101 1406 1405
f 2101 1407 1406
f 2101 1408 1407
f 2101 1409 1408
f 2101 1404 1336
f 2101 2102 1409
f 1433 1432 1280
f 1424 1281 1425
f 1434 1433 1280
f 1282 1424 1423
f 1282 1281 1424
f 1422 1282 1423
f 1421 1282 1422
f 1420 1282 1421
f 1419 1282 1420
f 2107 1434 1280
f 2107 1280 2106
f 2107 1435 1434
f 2107 1436 1435
f 2107 1437 1436
f 2107 1438 1437
f 2100 1336 1335
f 2100 2101 1336
f 1418 1282 1419
f 1439 1438 2107
f 1417 1282 1418
f 2108 1439 2107
f 2108 1440 1439
f 2108 1441 1440
f 2108 1442 1441
f 2108 1443 1442
f 2108 1444 1443
f 2108 1445 1444
f 2099 2100 1335
f 2099 1334 1333
f 2099 1335 1334
f 1283 1416 1415
f 1283 1417 1416
f 1283 1282 1417
f 1283 1415 1450
f 2109 1445 2108
f 2109 1446 1445
f 2109 1447 1446
f 2109 1448 1447
f 2109 1449 1448
f 2109 1450 1449
f 2109 1283 1450
f 2134 1333 1332
f 2134 2099 1333
f 2110 1284 1283
f 2110 1283 2109
f 2133 2134 1332
f 1356 1332 1357
f 1355 1332 1356
f 1358 1357 1332
f 1354 1332 1355
f 1354 2133 1332
f 1359 1358 1332
f 1359 1332 1331
f 1353 2133 1354
f 1360 1359 1331
f 1361 1360 1331
f 1352 2133 1353
f 1362 1361 1331
f 1351 2133 1352
f 1350 2133 1351
f 1363 1362 1331
f 1349 2133 1350
f 1364 1363 1331
f 1365 1364 1331
f 2111 1284 2110
f 2132 2133 1349
f 2132 1346 1345
f 2132 1347 1346
f 2132 1348 1347
f 2132 1349 1348
f 1344 2132 1345
f 1343 2132 1344
f 1285 1284 2111
f 1330 1365 1331
f 1330 1366 1365
f 1330 1367 1366
f 1330 1368 1367
f 1330 1369 1368
f 1330 1370 1369
f 1330 1371 1370
f 1330 1372 1371
f 2112 1285 2111
f 2131 2132 1343
f 2131 1375 1374
f 2131 1376 1375
f 2131 1377 1376
f 2131 1378 1377
f 2131 1343 1378
f 1286 1285 2112
f 1329 1372 1330
f 1329 2131 1374
f 1329 1373 1372
f 1329 1374 1373
f 2113 1286 2112
f 2130 2131 1329
f 1464 1286 2113
f 1464 2113 1465
f 1466 1465 2113
f 1463 1286 1464
f 1467 1466 2113
f 1462 1286 1463
f 1468 1467 2113
f 1461 1286 1462
f 1323 2130 1329
f 1469 1468 2113
f 1287 1286 1461
f 1287 1461 1460
f 1459 1287 1460
f 2114 1469 2113
f 2114 1470 1469
f 2129 2130 1323
f 1471 1470 2114
f 1458 1287 1459
f 1457 1287 1458
f 1472 1471 2114
f 1473 1472 2114
f 1456 1287 1457
f 1474 1473 2114
f 1455 1287 1456
f 1475 1474 2114
f 1454 1287 1455
f 1324 2129 1323
f 2115 1475 2114
f 2115 1476 1475
f 2115 1477 1476
f 2115 1478 1477
f 2115 1479 1478
f 2115 1480 1479
f 2128 2129 1324
f 1288 1484 1483
f 1288 1485 1484
f 1288 1486 1485
f 1288 1451 1486
f 1288 1287 1454
f 1288 1452 1451
f 1288 1453 1452
f 1288 1454 1453
f 1325 2128 1324
f 1326 2128 1325
f 1289 1481 1480
f 1289 1482 1481
f 1289 1483 1482
f 1289 2115 2116
f 1289 1480 2115
f 1289 1288 1483
f 2220 2127 2221
f 2222 2221 2127
f 2219 2126 2127
f 2219 2127 2220
f 2223 2222 2127
f 2218 2126 2219
f 2224 2127 2128
f 2224 2223 2127
f 2217 2126 2218
f 2216 2126 2217
f 2225 2128 1326
f 2225 2224 2128
f 2215 2126 2216
f 2226 2225 1326
f 2227 2226 1326
f 2214 2126 2215
f 2228 2227 1326
f 2228 1326 1327
f 2213 2126 2214
f 2125 2126 2213
f 2229 2228 1327
f 2212 2125 2213
f 2211 2125 2212
f 2210 2125 2211
f 2209 2125 2210
f 1290 2116 2117
f 1290 1289 2116
f 2208 2125 2209
f 2124 2208 2207
f 2124 2125 2208
f 2257 2256 2120
f 2258 2257 2120
f 2255 2119 2120
f 2255 2120 2256
f 1291 1290 2117
f 1291 2117 2118
f 2259 2258 2120
f 2254 2119 2255
f 1491 2230 2229
f 1492 2231 2230
f 1492 2230 1491
f 1490 2229 1327
f 1490 1491 2229
f 1493 2231 1492
f 1493 2232 2231
f 1489 1490 1327
f 1494 2233 2232
f 1494 2232 1493
f 2260 2259 2120
f 2253 2119 2254
f 1495 2234 2233
f 1495 2233 1494
f 1488 1327 1328
f 1488 1489 1327
f 1487 1488 1328
f 1496 2234 1495
f 2261 2260 2120
f 2261 2120 2121
f 2252 2119 2253
f 1497 2234 1496
f 1497 2235 2234
f 1522 1487 1328
f 1498 2236 2235
f 1498 2235 1497
f 1521 1522 1328
f 1521 1328 1322
f 2251 2119 2252
f 2262 2261 2121
f 1499 2236 1498
f 1499 2237 2236
f 1520 1521 1322
f 2263 2262 2121
f 2250 2119 2251
f 1500 2238 2237
f 1500 2237 1499
f 1519 1520 1322
f 1501 2239 2238
f 1501 2238 1500
f 2264 2263 2121
f 1502 2239 1501
f 2265 2264 2121
f 2266 2265 2121
f 1292 2118 2119
f 1292 2119 2250
f 1292 2248 2247
f 1292 2249 2248
f 1292 2250 2249
f 1292 1291 2118
f 1293 1292 2247
f 1293 2244 2243
f 1293 2245 2244
f 1293 2246 2245
f 1293 2247 2246
f 1293 2277 2276
f 1293 2278 2277
f 1293 2243 2278
f 1527 1519 1322
f 1528 1518 1519
f 1528 1519 1527
f 1526 1527 1322
f 1529 1516 1517
f 1529 1517 1518
f 1529 1518 1528
f 1525 1526 1322
f 1530 1515 1516
f 1530 1516 1529
f 1524 1525 1322
f 1531 1515 1530
f 1523 1524 1322
f 1532 1513 1514
f 1532 1514 1515
f 1532 1515 1531
f 1302 2123 2124
f 1558 1523 1322
f 1533 1513 1532
f 1534 1512 1513
f 1534 1513 1533
f 1557 1558 1322
f 1301 1302 2124
f 1294 1293 2276
f 1294 2270 2269
f 1294 2271 2270
f 1294 2272 2271
f 1294 2273 2272
f 1294 2274 2273
f 1294 2275 2274
f 1294 2276 2275
f 1296 2122 2123
f 1296 2123 1302
f 1535 1511 1512
f 1535 1512 1534
f 1536 1510 1511
f 1536 1511 1535
f 1295 2122 1296
f 1295 2121 2122
f 1295 1294 2269
f 1295 2266 2121
f 1295 2267 2266
f 1295 2268 2267
f 1295 2269 2268
f 1537 1509 1510
f 1537 1510 1536
f 1300 2241 2240
f 1300 2242 2241
f 1300 2207 2242
f 1300 2124 2207
f 1300 1301 2124
f 1299 1502 1503
f 1299 1503 1504
f 1299 2240 2239
f 1299 2239 1502
f 1299 1300 2240
f 1298 1504 1505
f 1298 1505 1506
f 1298 1506 1507
f 1298 1299 1504
f 1297 1507 1508
f 1297 1508 1509
f 1297 1537 1538
f 1297 1538 1539
f 1297 1539 1540
f 1297 1540 1541
f 1297 1541 1542
f 1297 1542 1543
f 1297 1298 1507
f 1297 1509 1537
f 1564 1555 1563
f 1564 1554 1555
f 1562 1563 1555
f 1562 1555 1556
f 1562 1556 1557
f 1565 1554 1564
f 1565 1553 1554
f 1561 1562 1557
f 1561 1557 1322
f 1566 1553 1565
f 1566 1552 1553
f 1560 1561 1322
f 1567 1552 1566
f 1567 1551 1552
f 1568 1551 1567
f 1568 1549 1550
f 1568 1550 1551
f 1559 1560 1322
f 1569 1549 1568
f 1569 1548 1549
f 1594 1559 1322
f 1570 1548 1569
f 1571 1548 1570
f 1571 1547 1548
f 1572 1547 1571
f 1572 1545 1546
f 1572 1546 1547
f 1573 1545 1572
f 1574 1544 1545
f 1574 1545 1573
f 1575 1297 1543
f 1575 1544 1574
f 1575 1543 1544
f 1576 1297 1575
f 1577 1297 1576
f 1578 1297 1577
f 1599 1591 1592
f 1600 1590 1591
f 1600 1591 1599
f 1601 1588 1589
f 1601 1589 1590
f 1601 1590 1600
f 1598 1592 1593
f 1598 1599 1592
f 1597 1598 1593
f 1602 1588 1601
f 1603 1588 1602
f 1603 1587 1588
f 1596 1593 1594
f 1596 1594 1322
f 1596 1597 1593
f 1595 1596 1322
f 1604 1586 1587
f 1604 1587 1603
f 1605 1585 1586
f 1605 1586 1604
f 1630 1595 1322
f 1606 1584 1585
f 1606 1585 1605
f 1607 1583 1584
f 1607 1584 1606
f 1608 1582 1583
f 1608 1583 1607
f 1609 1581 1582
f 1609 1582 1608
f 1610 1581 1609
f 1610 1579 1580
f 1610 1580 1581
f 1611 1579 1610
f 1612 1579 1611
f 1612 1297 1578
f 1612 1578 1579
f 1613 1297 1612
f 1614 1297 1613
f 1635 1627 1628
f 1636 1627 1635
f 1636 1626 1627
f 1634 1635 1628
f 1637 1626 1636
f 1637 1625 1626
f 1633 1628 1629
f 1633 1629 1630
f 1633 1634 1628
f 1638 1623 1624
f 1638 1624 1625
f 1638 1625 1637
f 1639 1623 1638
f 1632 1630 1322
f 1632 1633 1630
f 1631 1632 1322
f 1640 1621 1622
f 1640 1622 1623
f 1640 1623 1639
f 1641 1621 1640
f 1642 1620 1621
f 1642 1621 1641
f 1643 1619 1620
f 1643 1620 1642
f 1644 1617 1618
f 1644 1618 1619
f 1644 1619 1643
f 1645 1616 1617
f 1645 1617 1644
f 1646 1616 1645
f 1647 1616 1646
f 1647 1614 1615
f 1647 1615 1616
f 1648 1614 1647
f 1648 1297 1614
f 1649 1297 1648
f 1671 1662 1663
f 1672 1662 1671
f 1673 1662 1672
f 1673 1660 1661
f 1673 1661 1662
f 1670 1663 1664
f 1670 1671 1663
f 1669 1670 1664
f 1669 1664 1665
f 1669 1665 1666
f 1674 1660 1673
f 1674 1659 1660
f 1675 1659 1674
f 1668 1669 1666
f 1668 1666 1631
f 1667 1668 1631
f 1667 1631 1322
f 1676 1659 1675
f 1676 1657 1658
f 1676 1658 1659
f 1677 1657 1676
f 1678 1657 1677
f 1678 1656 1657
f 1679 1656 1678
f 1679 1655 1656
f 1680 1655 1679
f 1680 1654 1655
f 1681 1654 1680
f 1681 1652 1653
f 1681 1653 1654
f 1682 1652 1681
f 1683 1652 1682
f 1683 1650 1651
f 1683 1651 1652
f 1684 1649 1650
f 1684 1650 1683
f 1685 1297 1649
f 1685 1649 1684
f 1707 1698 1699
f 1707 1699 1700
f 1708 1698 1707
f 1706 1707 1700
f 1709 1698 1708
f 1709 1697 1698
f 1705 1700 1701
f 1705 1706 1700
f 1710 1695 1696
f 1710 1696 1697
f 1710 1697 1709
f 1704 1705 1701
f 1704 1701 1702
f 1704 1702 1667
f 1711 1695 1710
f 1703 1704 1667
f 1712 1694 1695
f 1712 1695 1711
f 1713 1693 1694
f 1713 1694 1712
f 1714 1692 1693
f 1714 1693 1713
f 1715 1691 1692
f 1715 1692 1714
f 1716 1690 1691
f 1716 1691 1715
f 1717 1689 1690
f 1717 1690 1716
f 1718 1688 1689
f 1718 1689 1717
f 1719 1687 1688
f 1719 1688 1718
f 1720 1685 1686
f 1720 1686 1687
f 1720 1687 1719
f 1721 1685 1720
f 1743 1735 1736
f 1744 1735 1743
f 1744 1734 1735
f 1742 1743 1736
f 1742 1736 1737
f 1745 1734 1744
f 1745 1732 1733
f 1745 1733 1734
f 1741 1742 1737
f 1741 1737 1738
f 1746 1731 1732
f 1746 1732 1745
f 1740 1741 1738
f 1740 1738 1703
f 1747 1731 1746
f 1739 1740 1703
f 1748 1729 1730
f 1748 1730 1731
f 1748 1731 1747
f 1749 1729 1748
f 1750 1729 1749
f 1750 1728 1729
f 1751 1728 1750
f 1751 1727 1728
f 1752 1727 1751
f 1752 1725 1726
f 1752 1726 1727
f 1753 1724 1725
f 1753 1725 1752
f 1754 1724 1753
f 1755 1724 1754
f 1755 1723 1724
f 1756 1723 1755
f 1756 1722 1723
f 1757 1721 1722
f 1757 1722 1756
f 1779 1770 1771
f 1780 1770 1779
f 1778 1779 1771
f 1778 1771 1772
f 1778 1772 1773
f 1781 1770 1780
f 1781 1768 1769
f 1781 1769 1770
f 1777 1778 1773
f 1777 1773 1774
f 1782 1768 1781
f 1776 1777 1774
f 1783 1768 1782
f 1783 1766 1767
f 1783 1767 1768
f 1775 1776 1774
f 1775 1774 1739
f 1784 1766 1783
f 1785 1766 1784
f 1785 1765 1766
f 1786 1765 1785
f 1786 1763 1764
f 1786 1764 1765
f 1787 1763 1786
f 1788 1763 1787
f 1788 1762 1763
f 1789 1761 1762
f 1789 1762 1788
f 1790 1760 1761
f 1790 1761 1789
f 1791 1760 1790
f 1791 1759 1760
f 1792 1759 1791
f 1792 1758 1759
f 1793 1758 1792
f 1793 1757 1758
f 1816 1805 1806
f 1816 1806 1807
f 1816 1807 1815
f 1817 1805 1816
f 1814 1807 1808
f 1814 1808 1809
f 1814 1815 1807
f 1813 1809 1810
f 1813 1814 1809
f 1818 1805 1817
f 1818 1804 1805
f 1812 1810 1775
f 1812 1813 1810
f 1819 1804 1818
f 1819 1803 1804
f 1811 1812 1775
f 1820 1801 1802
f 1820 1802 1803
f 1820 1803 1819
f 1821 1801 1820
f 1822 1799 1800
f 1822 1800 1801
f 1822 1801 1821
f 1823 1799 1822
f 1824 1797 1798
f 1824 1798 1799
f 1824 1799 1823
f 1825 1797 1824
f 1826 1796 1797
f 1826 1797 1825
f 1827 1794 1795
f 1827 1795 1796
f 1827 1796 1826
f 1828 1793 1794
f 1828 1794 1827
f 1829 1793 1828
f 1851 1842 1843
f 1852 1842 1851
f 1850 1851 1843
f 1850 1843 1844
f 1853 1840 1841
f 1853 1841 1842
f 1853 1842 1852
f 1849 1850 1844
f 1849 1844 1845
f 1854 1840 1853
f 1848 1845 1846
f 1848 1846 1811
f 1848 1849 1845
f 1855 1838 1839
f 1855 1839 1840
f 1855 1840 1854
f 1847 1848 1811
f 1856 1837 1838
f 1856 1838 1855
f 1857 1837 1856
f 1858 1837 1857
f 1858 1835 1836
f 1858 1836 1837
f 1859 1835 1858
f 1860 1835 1859
f 1860 1833 1834
f 1860 1834 1835
f 1861 1832 1833
f 1861 1833 1860
f 1862 1832 1861
f 1863 1832 1862
f 1863 1831 1832
f 1864 1831 1863
f 1864 1830 1831
f 1865 1829 1830
f 1865 1830 1864
f 1888 1879 1887
f 1888 1878 1879
f 1886 1887 1879
f 1886 1879 1880
f 1886 1880 1881
f 1889 1878 1888
f 1889 1876 1877
f 1889 1877 1878
f 1885 1886 1881
f 1885 1881 1882
f 1890 1876 1889
f 1884 1885 1882
f 1884 1882 1847
f 1891 1876 1890
f 1891 1875 1876
f 1883 1884 1847
f 1892 1875 1891
f 1892 1874 1875
f 1893 1874 1892
f 1893 1873 1874
f 1894 1871 1872
f 1894 1872 1873
f 1894 1873 1893
f 1895 1871 1894
f 1896 1869 1870
f 1896 1870 1871
f 1896 1871 1895
f 1897 1869 1896
f 1898 1868 1869
f 1898 1869 1897
f 1899 1868 1898
f 1899 1867 1868
f 1900 1867 1899
f 1900 1865 1866
f 1900 1866 1867
f 1901 1865 1900
f 1923 1914 1915
f 1923 1915 1916
f 1924 1914 1923
f 1922 1916 1917
f 1922 1923 1916
f 1925 1913 1914
f 1925 1914 1924
f 1921 1922 1917
f 1926 1911 1912
f 1926 1912 1913
f 1926 1913 1925
f 1920 1921 1917
f 1920 1917 1918
f 1920 1918 1883
f 1927 1911 1926
f 1927 1910 1911
f 1919 1920 1883
f 1928 1910 1927
f 1929 1909 1910
f 1929 1910 1928
f 1930 1909 1929
f 1930 1907 1908
f 1930 1908 1909
f 1931 1907 1930
f 1932 1906 1907
f 1932 1907 1931
f 1933 1904 1905
f 1933 1905 1906
f 1933 1906 1932
f 1934 1904 1933
f 1935 1902 1903
f 1935 1903 1904
f 1935 1904 1934
f 1936 1902 1935
f 1937 1901 1902
f 1937 1902 1936
f 1959 1950 1951
f 1959 1951 1952
f 1960 1950 1959
f 1958 1959 1952
f 1961 1950 1960
f 1961 1949 1950
f 1957 1958 1952
f 1957 1952 1953
f 1962 1949 1961
f 1962 1948 1949
f 1956 1957 1953
f 1956 1953 1954
f 1956 1954 1919
f 1963 1948 1962
f 1963 1947 1948
f 1955 1956 1919
f 1964 1947 1963
f 1964 1945 1946
f 1964 1946 1947
f 1965 1945 1964
f 1966 1945 1965
f 1966 1944 1945
f 1967 1944 1966
f 1967 1942 1943
f 1967 1943 1944
f 1968 1942 1967
f 1969 1942 1968
f 1969 1940 1941
f 1969 1941 1942
f 1970 1940 1969
f 1971 1940 1970
f 1971 1939 1940
f 1972 1939 1971
f 1972 1938 1939
f 1973 1937 1938
f 1973 1938 1972
f 1995 1986 1987
f 1996 1986 1995
f 1994 1987 1988
f 1994 1995 1987
f 1997 1985 1986
f 1997 1986 1996
f 1993 1988 1989
f 1993 1994 1988
f 1998 1985 1997
f 1998 1984 1985
f 1992 1989 1990
f 1992 1990 1955
f 1992 1993 1989
f 1999 1984 1998
f 1999 1982 1983
f 1999 1983 1984
f 1991 1992 1955
f 2000 1982 1999
f 2001 1982 2000
f 2001 1981 1982
f 2002 1981 2001
f 2002 1980 1981
f 2003 1980 2002
f 2003 1979 1980
f 2004 1979 2003
f 2004 1977 1978
f 2004 1978 1979
f 2005 1977 2004
f 2005 1976 1977
f 2006 1976 2005
f 2007 1976 2006
f 2007 1975 1976
f 2008 1975 2007
f 2008 1974 1975
f 2009 1974 2008
f 2009 1973 1974
f 2032 2022 2023
f 2032 2023 2031
f 2030 2023 2024
f 2030 2031 2023
f 2033 2021 2022
f 2033 2022 2032
f 2029 2024 2025
f 2029 2030 2024
f 2034 2019 2020
f 2034 2020 2021
f 2034 2021 2033
f 2028 2025 2026
f 2028 2029 2025
f 2035 2019 2034
f 2035 2018 2019
f 2027 2026 1991
f 2027 2028 2026
f 2036 2018 2035
f 2037 2017 2018
f 2037 2018 2036
f 2038 2016 2017
f 2038 2017 2037
f 2039 2015 2016
f 2039 2016 2038
f 2040 2013 2014
f 2040 2014 2015
f 2040 2015 2039
f 2041 2013 2040
f 2042 2011 2012
f 2042 2012 2013
f 2042 2013 2041
f 2043 2011 2042
f 2044 2010 2011
f 2044 2011 2043
f 2045 2009 2010
f 2045 2010 2044
f 2068 2057 2058
f 2068 2058 2059
f 2068 2059 2067
f 2066 2059 2060
f 2066 2067 2059
f 2069 2057 2068
f 2065 2060 2061
f 2065 2061 2062
f 2065 2066 2060
f 2070 2055 2056
f 2070 2056 2057
f 2070 2057 2069
f 2064 2065 2062
f 2071 2055 2070
f 2072 2054 2055
f 2072 2055 2071
f 2073 2054 2072
f 2073 2053 2054
f 2074 2053 2073
f 2074 2051 2052
f 2074 2052 2053
f 2075 2051 2074
f 2076 2051 2075
f 2076 2049 2050
f 2076 2050 2051
f 2077 2049 2076
f 2077 2048 2049
f 2078 2048 2077
f 2079 2048 2078
f 2079 2046 2047
f 2079 2047 2048
f 2080 2046 2079
f 1321 2097 2098
f 1321 2098 2063
f 1321 1955 1919
f 1321 2064 2062
f 1321 1919 1883
f 1321 1991 1955
f 1321 2027 1991
f 1321 1883 1847
f 1321 2062 2027
f 1321 2063 2064
f 2175 2094 2095
f 2175 2095 2096
f 2176 2094 2175
f 2174 2175 2096
f 2177 2093 2094
f 2177 2094 2176
f 2173 2096 2097
f 2173 2097 1321
f 2173 2174 2096
f 2178 2093 2177
f 2178 2091 2092
f 2178 2092 2093
f 2172 2173 1321
f 2179 2091 2178
f 2171 2172 1321
f 2180 2090 2091
f 2180 2091 2179
f 2181 2089 2090
f 2181 2090 2180
f 2206 2171 1321
f 2205 2206 1321
f 2182 2088 2089
f 2182 2089 2181
f 2183 2087 2088
f 2183 2088 2182
f 2204 2205 1321
f 2184 2086 2087
f 2184 2087 2183
f 2203 2204 1321
f 2185 2086 2184
f 2185 2084 2085
f 2185 2085 2086
f 2186 2084 2185
f 2187 2084 2186
f 2187 2083 2084
f 2139 2202 2203
f 2139 2203 1321
f 2140 2202 2139
f 2138 2139 1321
f 2141 2200 2201
f 2141 2201 2202
f 2141 2202 2140
f 2137 2138 1321
f 2142 2199 2200
f 2142 2200 2141
f 2136 2137 1321
f 2143 2199 2142
f 2135 2136 1321
f 2144 2198 2199
f 2144 2199 2143
f 2145 2197 2198
f 2145 2198 2144
f 2170 1321 1320
f 2170 2135 1321
f 2169 1320 1319
f 2169 2170 1320
f 2146 2196 2197
f 2146 2197 2145
f 2147 2195 2196
f 2147 2196 2146
f 2168 2169 1319
f 2168 1318 1317
f 2168 1319 1318
f 2148 2193 2194
f 2148 2194 2195
f 2148 2195 2147
f 2167 2168 1317
f 2149 2193 2148
f 2166 2167 1317
f 1316 2166 1317
f 1315 2166 1316
f 1315 2165 2166
f 1314 2165 1315
f 1314 2164 2165
f 1313 2164 1314
f 1313 2163 2164
f 1312 2163 1313
f 1312 2162 2163
f 1303 2187 2188
f 1303 2188 2189
f 1303 2189 2190
f 1303 2190 2191
f 1303 2191 2192
f 1303 2192 2193
f 1303 1865 1901
f 1303 2193 2149
f 1303 1973 2009
f 1303 2083 2187
f 1303 2045 2046
f 1303 1937 1973
f 1303 2149 2150
f 1303 2150 2151
f 1303 2151 2152
f 1303 2152 2153
f 1303 2046 2080
f 1303 1901 1937
f 1303 2009 2045
f 1303 2080 2081
f 1303 2081 2082
f 1303 2082 2083
f 1311 2162 1312
f 1311 2160 2161
f 1311 2161 2162
f 1304 1303 2153
f 1304 2153 2154
f 1310 2160 1311
f 1305 1304 2154
f 1305 2154 2155
f 1306 1305 2155
f 1306 2155 2156
f 1309 2160 1310
f 1309 2158 2159
f 1309 2159 2160
f 1307 2156 2157
f 1307 1306 2156
f 1307 2157 2158
f 1308 2158 1309
f 1308 1307 2158
f 1297 1721 1303
f 1721 1757 1303
f 1757 1793 1303
f 1793 1829 1303
f 1829 1865 1303
f 1297 1685 1721
f 1321 1667 1322
f 1321 1703 1667
f 1321 1739 1703
f 1321 1775 1739
f 1321 1811 1775
f 1321 1847 1811
f 1338 1394 1339
f 1394 1393 1339
f 1393 1392 1339
f 2292 2280 2279
f 2292 2279 2286
f 2291 2286 2285
f 2291 2292 2286
f 2290 2285 2284
f 2290 2291 2285
f 2289 2284 2283
f 2289 2290 2284
f 2288 2283 2282
f 2288 2289 2283
f 2287 2282 2281
f 2287 2288 2282
f 3250 2309 2310
f 3250 3251 2309
f 3252 2309 3251
f 3249 3250 2310
f 3253 2309 3252
f 3248 3249 2310
f 3254 2309 3253
f 3247 3248 2310
f 3219 2309 3254
f 3246 3247 2310
f 3245 3246 2310
f 3220 2309 3219
f 3221 2309 3220
f 3244 3245 2310
f 3243 2310 2311
f 3243 3244 2310
f 3222 2308 2309
f 3222 2309 3221
f 3223 2308 3222
f 3224 2308 3223
f 3225 2308 3224
f 3026 2311 2312
f 3025 3243 2311
f 3025 3238 3239
f 3025 3239 3240
f 3025 3240 3241
f 3025 3241 3242
f 3025 3242 3243
f 3025 2311 3026
f 3027 2312 2313
f 3027 3026 2312
f 3024 3238 3025
f 3024 3230 3231
f 3024 3231 3232
f 3024 3232 3233
f 3024 3233 3234
f 3024 3234 3235
f 3024 3235 3236
f 3024 3236 3237
f 3024 3237 3238
f 3028 2313 2314
f 3028 3027 2313
f 3023 3225 3226
f 3023 3226 3227
f 3023 3227 3228
f 3023 3228 3229
f 3023 3229 3230
f 3023 2308 3225
f 3023 3230 3024
f 2386 2387 2315
f 2388 2315 2387
f 2385 2386 2315
f 2389 2315 2388
f 2384 2385 2315
f 2390 2315 2389
f 2390 2314 2315
f 2383 2384 2315
f 2382 2383 2315
f 2382 2315 2316
f 2355 2314 2390
f 2381 2382 2316
f 2380 2381 2316
f 2379 2380 2316
f 2378 2379 2316
f 2377 2378 2316
f 2376 2377 2316
f 3029 2314 2355
f 3029 2355 2356
f 3029 2356 2357
f 3029 2357 2358
f 3029 2358 2359
f 3029 2359 2360
f 3029 3028 2314
f 3022 2307 2308
f 3022 2308 3023
f 2375 2376 2316
f 2374 2375 2316
f 3030 3029 2360
f 3030 2360 2361
f 3030 2361 2362
f 3030 2362 2363
f 3030 2363 2364
f 3030 2364 2365
f 3030 2365 2366
f 3030 2366 2367
f 3030 2367 2368
f 3021 2305 2306
f 3021 2306 2307
f 3021 2307 3022
f 2317 2374 2316
f 2317 2373 2374
f 3031 3030 2368
f 3031 2368 2369
f 3031 2369 2370
f 3031 2370 2371
f 3031 2371 2372
f 3031 2372 2373
f 3031 2373 2317
f 3020 2304 2305
f 3020 2305 3021
f 3032 2317 2318
f 3032 3031 2317
f 3019 2304 3020
f 3287 2304 3286
f 3285 3286 2304
f 3285 2304 3019
f 3288 2303 2304
f 3288 2304 3287
f 3289 2303 3288
f 3284 3285 3019
f 3290 2303 3289
f 3283 3284 3019
f 3282 3283 3019
f 3255 2303 3290
f 3281 3282 3019
f 3256 2303 3255
f 3280 3281 3019
f 3257 2303 3256
f 3258 2303 3257
f 3259 2303 3258
f 3260 2303 3259
f 3033 3032 2318
f 3018 3272 3273
f 3018 3273 3274
f 3018 3274 3275
f 3018 3275 3276
f 3018 3276 3277
f 3018 3277 3278
f 3018 3278 3279
f 3018 3279 3280
f 3018 3280 3019
f 2319 3033 2318
f 2302 2303 3260
f 2302 3260 3261
f 2302 3261 3262
f 2302 3262 3263
f 2302 3263 3264
f 2302 3264 3265
f 2302 3265 3266
f 2302 3266 3267
f 3034 3033 2319
f 3017 3272 3018
f 3017 3267 3268
f 3017 3268 3269
f 3017 3269 3270
f 3017 3270 3271
f 3017 3271 3272
f 2320 3034 2319
f 2301 2302 3267
f 2301 3267 3017
f 3035 3034 2320
f 3016 2301 3017
f 2300 2301 3016
f 3215 3035 3214
f 3015 2300 3016
f 3213 3035 2320
f 3213 3214 3035
f 3216 3035 3215
f 3212 2320 2321
f 3212 3213 2320
f 3217 3035 3216
f 3218 3036 3035
f 3218 3035 3217
f 3211 3212 2321
f 3210 3211 2321
f 3183 3036 3218
f 3209 3210 2321
f 3184 3036 3183
f 3208 3209 2321
f 3185 3036 3184
f 3186 3036 3185
f 3207 3208 2321
f 3187 3036 3186
f 3206 3207 2321
f 3205 3206 2321
f 3188 3036 3187
f 3189 3036 3188
f 3204 3205 2321
f 3190 3036 3189
f 2299 2300 3015
f 3037 3036 3190
f 3037 3190 3191
f 3037 3191 3192
f 3037 3192 3193
f 3037 3193 3194
f 3037 3194 3195
f 3014 2299 3015
f 2322 3201 3202
f 2322 3202 3203
f 2322 3203 3204
f 2322 3204 2321
f 2322 3196 3197
f 2322 3197 3198
f 2322 3198 3199
f 2322 3199 3200
f 2322 3200 3201
f 2298 2299 3014
f 2297 2298 3014
f 2323 3038 3037
f 2323 3196 2322
f 2323 3195 3196
f 2323 3037 3195
f 3142 3013 3012
f 3143 3013 3142
f 3141 3142 3012
f 3144 3013 3143
f 3145 3013 3144
f 3140 3141 3012
f 3139 3140 3012
f 3146 3013 3145
f 3111 3013 3146
f 3138 3139 3012
f 3137 3138 3012
f 3112 3014 3013
f 3112 2297 3014
f 3112 3013 3111
f 3113 2297 3112
f 3136 3137 3012
f 3135 3136 3012
f 3114 2296 2297
f 3114 2297 3113
f 3134 3012 3011
f 3134 3135 3012
f 3115 2296 3114
f 3133 3134 3011
f 3132 3133 3011
f 3131 3132 3011
f 3130 3131 3011
f 3129 3130 3011
f 3128 3129 3011
f 2324 3003 3038
f 2324 3038 2323
f 3010 3128 3011
f 2325 3004 3003
f 2325 3003 2324
f 2413 2296 3115
f 2414 3115 3116
f 2414 2413 3115
f 2412 2296 2413
f 2415 3116 3117
f 2415 2414 3116
f 2411 2296 2412
f 2416 3117 3118
f 2416 2415 3117
f 2410 2295 2296
f 2410 2296 2411
f 2417 3118 3119
f 2417 2416 3118
f 2409 2295 2410
f 2418 3119 3120
f 2418 3120 3121
f 2418 2417 3119
f 2408 2295 2409
f 2419 3121 3122
f 2419 2418 3121
f 2420 2419 3122
f 2420 3122 3123
f 2407 2294 2295
f 2407 2295 2408
f 3179 3006 3178
f 3177 3178 3006
f 3180 3006 3179
f 2421 3123 3124
f 2421 2420 3123
f 2406 2294 2407
f 3181 3006 3180
f 3176 3006 3005
f 3176 3177 3006
f 3182 3006 3181
f 3175 3176 3005
f 2422 2421 3124
f 2422 3124 3125
f 2405 2294 2406
f 3174 3175 3005
f 3147 3006 3182
f 2423 2422 3125
f 3173 3174 3005
f 3148 3007 3006
f 3148 3006 3147
f 3172 3173 3005
f 3149 3007 3148
f 3150 3007 3149
f 3171 3172 3005
f 3151 3007 3150
f 3152 3007 3151
f 3153 3007 3152
f 2326 3005 3004
f 2326 3171 3005
f 2326 3004 2325
f 2326 3170 3171
f 2327 3170 2326
f 2327 3162 3163
f 2327 3163 3164
f 2327 3164 3165
f 2327 3165 3166
f 2327 3166 3167
f 2327 3167 3168
f 2327 3168 3169
f 2327 3169 3170
f 2449 2405 2404
f 2449 2294 2405
f 2450 2449 2404
f 2448 2294 2449
f 2451 2403 2402
f 2451 2404 2403
f 2451 2450 2404
f 2447 2294 2448
f 2452 2402 2401
f 2452 2451 2402
f 2453 2452 2401
f 2446 2294 2447
f 2445 2294 2446
f 2454 2401 2400
f 2454 2453 2401
f 2331 3010 3009
f 2455 2399 2398
f 2455 2400 2399
f 2455 2454 2400
f 2444 2294 2445
f 2443 2294 2444
f 2456 2455 2398
f 2332 3010 2331
f 2328 3162 2327
f 2328 3154 3155
f 2328 3155 3156
f 2328 3156 3157
f 2328 3157 3158
f 2328 3158 3159
f 2328 3159 3160
f 2328 3160 3161
f 2328 3161 3162
f 2330 2331 3009
f 2330 3009 3008
f 2457 2397 2396
f 2457 2398 2397
f 2457 2456 2398
f 2458 2457 2396
f 2329 3008 3007
f 2329 2330 3008
f 2329 3154 2328
f 2329 3153 3154
f 2329 3007 3153
f 2459 2396 2395
f 2459 2458 2396
f 2333 3010 2332
f 2333 3126 3127
f 2333 3127 3128
f 2333 3128 3010
f 2334 2423 3125
f 2334 3125 3126
f 2334 2424 2423
f 2334 2425 2424
f 2334 2426 2425
f 2334 3126 2333
f 2335 2391 2426
f 2335 2426 2334
f 2335 2392 2391
f 2335 2393 2392
f 2336 2394 2393
f 2336 2395 2394
f 2336 2393 2335
f 2336 2428 2427
f 2336 2429 2428
f 2336 2459 2395
f 2336 2460 2459
f 2336 2461 2460
f 2336 2462 2461
f 2336 2427 2462
f 2486 2485 2441
f 2486 2441 2440
f 2484 2441 2485
f 2484 2442 2441
f 2487 2486 2440
f 2487 2440 2439
f 2483 2442 2484
f 2483 2294 2443
f 2483 2443 2442
f 2488 2487 2439
f 2488 2439 2438
f 2482 2294 2483
f 2489 2488 2438
f 2489 2438 2437
f 2481 2294 2482
f 2490 2489 2437
f 2490 2436 2435
f 2490 2437 2436
f 2491 2490 2435
f 2491 2435 2434
f 2480 2294 2481
f 2492 2491 2434
f 2493 2434 2433
f 2493 2492 2434
f 2494 2432 2431
f 2494 2433 2432
f 2494 2493 2433
f 2495 2494 2431
f 2496 2430 2429
f 2496 2431 2430
f 2496 2495 2431
f 2497 2429 2336
f 2497 2496 2429
f 2498 2497 2336
f 2463 2498 2336
f 2464 2463 2336
f 2521 2478 2477
f 2522 2521 2477
f 2522 2476 2475
f 2522 2477 2476
f 2520 2478 2521
f 2523 2522 2475
f 2519 2479 2478
f 2519 2480 2479
f 2519 2478 2520
f 2524 2474 2473
f 2524 2475 2474
f 2524 2523 2475
f 2518 2294 2480
f 2518 2480 2519
f 2525 2524 2473
f 2517 2294 2518
f 2526 2525 2473
f 2526 2473 2472
f 2516 2294 2517
f 2527 2526 2472
f 2527 2472 2471
f 2528 2527 2471
f 2528 2471 2470
f 2529 2528 2470
f 2529 2469 2468
f 2529 2470 2469
f 2530 2529 2468
f 2531 2468 2467
f 2531 2530 2468
f 2532 2531 2467
f 2532 2467 2466
f 2533 2532 2466
f 2533 2466 2465
f 2534 2465 2464
f 2534 2464 2336
f 2534 2533 2465
f 2499 2534 2336
f 2500 2499 2336
f 2557 2513 2512
f 2557 2514 2513
f 2558 2557 2512
f 2556 2515 2514
f 2556 2514 2557
f 2559 2512 2511
f 2559 2558 2512
f 2555 2515 2556
f 2560 2511 2510
f 2560 2559 2511
f 2561 2509 2508
f 2561 2510 2509
f 2561 2560 2510
f 2554 2294 2516
f 2554 2515 2555
f 2554 2516 2515
f 2553 2294 2554
f 2562 2561 2508
f 2563 2508 2507
f 2563 2562 2508
f 2564 2507 2506
f 2564 2563 2507
f 2565 2506 2505
f 2565 2564 2506
f 2566 2505 2504
f 2566 2565 2505
f 2567 2503 2502
f 2567 2504 2503
f 2567 2566 2504
f 2568 2567 2502
f 2569 2568 2502
f 2569 2502 2501
f 2570 2501 2500
f 2570 2500 2336
f 2570 2569 2501
f 2535 2570 2336
f 2594 2548 2547
f 2594 2549 2548
f 2594 2593 2549
f 2595 2594 2547
f 2592 2550 2549
f 2592 2549 2593
f 2591 2551 2550
f 2591 2552 2551
f 2591 2550 2592
f 2596 2595 2547
f 2596 2547 2546
f 2597 2596 2546
f 2597 2546 2545
f 2590 2552 2591
f 2590 2553 2552
f 2589 2294 2553
f 2589 2553 2590
f 2598 2597 2545
f 2598 2545 2544
f 2599 2598 2544
f 2599 2543 2542
f 2599 2544 2543
f 2600 2599 2542
f 2601 2542 2541
f 2601 2600 2542
f 2602 2601 2541
f 2602 2541 2540
f 2603 2602 2540
f 2603 2539 2538
f 2603 2540 2539
f 2604 2603 2538
f 2605 2537 2536
f 2605 2538 2537
f 2605 2604 2538
f 2606 2536 2535
f 2606 2605 2536
f 2571 2606 2535
f 2571 2535 2336
f 2630 2629 2585
f 2630 2585 2584
f 2628 2585 2629
f 2628 2586 2585
f 2628 2587 2586
f 2631 2630 2584
f 2631 2583 2582
f 2631 2584 2583
f 2627 2587 2628
f 2632 2631 2582
f 2626 2587 2627
f 2626 2588 2587
f 2633 2582 2581
f 2633 2632 2582
f 2625 2588 2626
f 2625 2589 2588
f 2634 2633 2581
f 2634 2581 2580
f 2635 2634 2580
f 2635 2580 2579
f 2636 2635 2579
f 2636 2579 2578
f 2637 2636 2578
f 2637 2577 2576
f 2637 2578 2577
f 2638 2637 2576
f 2639 2575 2574
f 2639 2576 2575
f 2639 2638 2576
f 2640 2639 2574
f 2641 2640 2574
f 2641 2574 2573
f 2642 2641 2573
f 2642 2573 2572
f 2607 2642 2572
f 2607 2572 2571
f 2666 2620 2619
f 2666 2621 2620
f 2666 2665 2621
f 2664 2622 2621
f 2664 2621 2665
f 2664 2623 2622
f 2667 2619 2618
f 2667 2666 2619
f 2663 2623 2664
f 2668 2667 2618
f 2662 2624 2623
f 2662 2625 2624
f 2662 2623 2663
f 2669 2618 2617
f 2669 2668 2618
f 2661 2625 2662
f 2670 2617 2616
f 2670 2669 2617
f 2671 2616 2615
f 2671 2670 2616
f 2672 2615 2614
f 2672 2671 2615
f 2673 2614 2613
f 2673 2672 2614
f 2674 2673 2613
f 2674 2612 2611
f 2674 2613 2612
f 2675 2674 2611
f 2676 2675 2611
f 2676 2611 2610
f 2677 2676 2610
f 2677 2609 2608
f 2677 2610 2609
f 2678 2608 2607
f 2678 2677 2608
f 2643 2678 2607
f 2702 2657 2656
f 2702 2701 2657
f 2700 2658 2657
f 2700 2657 2701
f 2703 2702 2656
f 2703 2656 2655
f 2699 2658 2700
f 2699 2659 2658
f 2704 2703 2655
f 2704 2655 2654
f 2698 2659 2699
f 2698 2660 2659
f 2705 2654 2653
f 2705 2704 2654
f 2697 2660 2698
f 2697 2661 2660
f 2706 2653 2652
f 2706 2705 2653
f 2707 2652 2651
f 2707 2706 2652
f 2708 2707 2651
f 2708 2651 2650
f 2709 2708 2650
f 2709 2650 2649
f 2710 2709 2649
f 2710 2649 2648
f 2711 2710 2648
f 2711 2648 2647
f 2712 2711 2647
f 2712 2647 2646
f 2713 2646 2645
f 2713 2712 2646
f 2714 2713 2645
f 2714 2644 2643
f 2714 2645 2644
f 2679 2714 2643
f 2737 2693 2692
f 2738 2737 2692
f 2738 2692 2691
f 2736 2693 2737
f 2736 2694 2693
f 2736 2695 2694
f 2739 2738 2691
f 2735 2695 2736
f 2740 2739 2691
f 2740 2691 2690
f 2734 2697 2696
f 2734 2695 2735
f 2734 2696 2695
f 2741 2740 2690
f 2741 2690 2689
f 2733 2697 2734
f 2742 2741 2689
f 2742 2689 2688
f 2743 2742 2688
f 2743 2688 2687
f 2744 2743 2687
f 2744 2686 2685
f 2744 2687 2686
f 2745 2744 2685
f 2746 2745 2685
f 2746 2685 2684
f 2747 2746 2684
f 2747 2684 2683
f 2748 2747 2683
f 2748 2683 2682
f 2749 2748 2682
f 2749 2681 2680
f 2749 2682 2681
f 2750 2749 2680
f 2750 2680 2679
f 2715 2750 2679
f 2773 2729 2728
f 2774 2773 2728
f 2772 2730 2729
f 2772 2729 2773
f 2775 2728 2727
f 2775 2774 2728
f 2771 2731 2730
f 2771 2730 2772
f 2776 2726 2725
f 2776 2727 2726
f 2776 2775 2727
f 2770 2732 2731
f 2770 2733 2732
f 2770 2731 2771
f 2777 2776 2725
f 2769 2733 2770
f 2778 2724 2723
f 2778 2725 2724
f 2778 2777 2725
f 2779 2778 2723
f 2780 2779 2723
f 2780 2723 2722
f 2781 2780 2722
f 2781 2722 2721
f 2782 2720 2719
f 2782 2721 2720
f 2782 2781 2721
f 2783 2782 2719
f 2783 2719 2718
f 2784 2783 2718
f 2785 2717 2716
f 2785 2718 2717
f 2785 2784 2718
f 2786 2716 2715
f 2786 2785 2716
f 2751 2786 2715
f 2809 2765 2764
f 2809 2766 2765
f 2810 2809 2764
f 2811 2810 2764
f 2811 2763 2762
f 2811 2764 2763
f 2808 2766 2809
f 2808 2767 2766
f 2807 2767 2808
f 2812 2811 2762
f 2806 2767 2807
f 2806 2768 2767
f 2806 2769 2768
f 2813 2761 2760
f 2813 2762 2761
f 2813 2812 2762
f 2805 2769 2806
f 2814 2813 2760
f 2815 2760 2759
f 2815 2814 2760
f 2816 2815 2759
f 2816 2758 2757
f 2816 2759 2758
f 2817 2816 2757
f 2818 2817 2757
f 2818 2756 2755
f 2818 2757 2756
f 2819 2818 2755
f 2820 2755 2754
f 2820 2819 2755
f 2821 2753 2752
f 2821 2754 2753
f 2821 2820 2754
f 2822 2821 2752
f 2787 2822 2752
f 2787 2752 2751
f 2845 2801 2800
f 2845 2802 2801
f 2846 2845 2800
f 2844 2803 2802
f 2844 2802 2845
f 2847 2800 2799
f 2847 2846 2800
f 2843 2803 2844
f 2848 2799 2798
f 2848 2847 2799
f 2842 2804 2803
f 2842 2805 2804
f 2842 2803 2843
f 2849 2798 2797
f 2849 2848 2798
f 2849 2797 2796
f 2841 2805 2842
f 2850 2849 2796
f 2850 2796 2795
f 2851 2850 2795
f 2852 2851 2795
f 2852 2794 2793
f 2852 2795 2794
f 2853 2852 2793
f 2854 2853 2793
f 2854 2792 2791
f 2854 2793 2792
f 2855 2854 2791
f 2856 2855 2791
f 2856 2791 2790
f 2857 2856 2790
f 2857 2790 2789
f 2858 2857 2789
f 2858 2788 2787
f 2858 2789 2788
f 2823 2858 2787
f 2881 2838 2837
f 2882 2837 2836
f 2882 2881 2837
f 2880 2838 2881
f 2883 2835 2834
f 2883 2836 2835
f 2883 2882 2836
f 2879 2839 2838
f 2879 2838 2880
f 2884 2883 2834
f 2878 2839 2879
f 2878 2840 2839
f 2878 2841 2840
f 2885 2884 2834
f 2885 2834 2833
f 2877 2841 2878
f 2886 2885 2833
f 2886 2832 2831
f 2886 2833 2832
f 2887 2886 2831
f 2888 2831 2830
f 2888 2887 2831
f 2889 2888 2830
f 2889 2830 2829
f 2890 2889 2829
f 2890 2829 2828
f 2891 2827 2826
f 2891 2828 2827
f 2891 2890 2828
f 2892 2891 2826
f 2893 2826 2825
f 2893 2892 2826
f 2894 2824 2823
f 2894 2825 2824
f 2894 2893 2825
f 2859 2894 2823
f 2918 2917 2873
f 2918 2872 2871
f 2918 2873 2872
f 2916 2873 2917
f 2916 2874 2873
f 2919 2918 2871
f 2915 2874 2916
f 2915 2875 2874
f 2920 2919 2871
f 2920 2871 2870
f 2914 2876 2875
f 2914 2877 2876
f 2914 2875 2915
f 2921 2869 2868
f 2921 2870 2869
f 2921 2920 2870
f 2913 2877 2914
f 2922 2921 2868
f 2923 2868 2867
f 2923 2922 2868
f 2924 2923 2867
f 2924 2867 2866
f 2925 2924 2866
f 2925 2865 2864
f 2925 2866 2865
f 2926 2925 2864
f 2927 2864 2863
f 2927 2926 2864
f 2928 2927 2863
f 2928 2863 2862
f 2929 2928 2862
f 2929 2862 2861
f 2930 2929 2861
f 2930 2860 2859
f 2930 2861 2860
f 2895 2930 2859
f 2954 2908 2907
f 2954 2909 2908
f 2954 2953 2909
f 2952 2910 2909
f 2952 2911 2910
f 2952 2909 2953
f 2955 2954 2907
f 2951 2911 2952
f 2956 2907 2906
f 2956 2955 2907
f 2950 2912 2911
f 2950 2913 2912
f 2950 2911 2951
f 2957 2905 2904
f 2957 2906 2905
f 2957 2956 2906
f 2949 2913 2950
f 2958 2957 2904
f 2959 2904 2903
f 2959 2958 2904
f 2960 2903 2902
f 2960 2959 2903
f 2961 2902 2901
f 2961 2960 2902
f 2962 2901 2900
f 2962 2961 2901
f 2963 2899 2898
f 2963 2900 2899
f 2963 2962 2900
f 2964 2963 2898
f 2965 2964 2898
f 2965 2898 2897
f 2966 2965 2897
f 2966 2896 2895
f 2966 2897 2896
f 2931 2966 2895
f 2989 2946 2945
f 2990 2945 2944
f 2990 2989 2945
f 2988 2946 2989
f 2991 2990 2944
f 2991 2944 2943
f 2987 2946 2988
f 2987 2947 2946
f 2992 2991 2943
f 2992 2943 2942
f 2986 2948 2947
f 2986 2947 2987
f 2993 2992 2942
f 2993 2941 2940
f 2993 2942 2941
f 2994 2993 2940
f 2995 2994 2940
f 2995 2940 2939
f 2996 2995 2939
f 2996 2938 2937
f 2996 2939 2938
f 2997 2996 2937
f 2998 2936 2935
f 2998 2937 2936
f 2998 2997 2937
f 2999 2998 2935
f 3000 2935 2934
f 3000 2999 2935
f 3001 2934 2933
f 3001 3000 2934
f 3002 2933 2932
f 3002 3001 2933
f 2293 2841 2877
f 2293 2948 2986
f 2293 2805 2841
f 2293 2769 2805
f 2293 2949 2948
f 2293 2913 2949
f 2293 2984 2983
f 2293 2985 2984
f 2293 2986 2985
f 2293 2877 2913
f 3098 2980 2979
f 3098 2981 2980
f 3098 3097 2981
f 3096 2982 2981
f 3096 2981 3097
f 3099 3098 2979
f 3095 2983 2982
f 3095 2293 2983
f 3095 2982 3096
f 3100 2979 2978
f 3100 3099 2979
f 3094 2293 3095
f 3101 3100 2978
f 3101 2978 2977
f 3093 2293 3094
f 3102 3101 2977
f 3102 2977 2976
f 3103 3102 2976
f 3103 2976 2975
f 3092 2293 3093
f 3091 2293 3092
f 3104 3103 2975
f 3104 2975 2974
f 3090 2293 3091
f 3105 3104 2974
f 3105 2974 2973
f 3106 2973 2972
f 3106 3105 2973
f 3089 2293 3090
f 3107 3106 2972
f 3107 2972 2971
f 3108 3107 2971
f 3108 2971 2970
f 3109 3108 2970
f 3109 2970 2969
f 3061 2293 3089
f 3062 3061 3089
f 3062 3088 3087
f 3062 3089 3088
f 3060 2293 3061
f 3063 3062 3087
f 3059 2293 3060
f 3064 3063 3087
f 3064 3087 3086
f 3058 2293 3059
f 3065 3064 3086
f 3065 3086 3085
f 3057 2293 3058
f 3066 3085 3084
f 3066 3065 3085
f 3067 3084 3083
f 3067 3066 3084
f 3056 2354 2293
f 3056 2293 3057
f 3055 2354 3056
f 3055 2353 2354
f 3068 3067 3083
f 3068 3083 3082
f 3054 2352 2353
f 3054 2353 3055
f 3069 3082 3081
f 3069 3068 3082
f 3070 3069 3081
f 3070 3081 3080
f 3053 2351 2352
f 3053 2352 3054
f 3071 3070 3080
f 3071 3080 3079
f 3052 2351 3053
f 2350 2351 3052
f 2349 2350 3052
f 2349 3052 3051
f 2348 2349 3051
f 2348 3051 3050
f 2347 2348 3050
f 2347 3050 3049
f 2337 2967 3002
f 2337 3071 3079
f 2337 3110 3109
f 2337 3075 3110
f 2337 2787 2751
f 2337 2895 2859
f 2337 2932 2931
f 2337 2859 2823
f 2337 3109 2969
f 2337 3002 2932
f 2337 2968 2967
f 2337 2969 2968
f 2337 3072 3071
f 2337 3073 3072
f 2337 3074 3073
f 2337 3039 3074
f 2337 3076 3075
f 2337 3077 3076
f 2337 3078 3077
f 2337 3079 3078
f 2337 2823 2787
f 2337 2931 2895
f 2346 3049 3048
f 2346 2347 3049
f 2338 3040 3039
f 2338 3039 2337
f 2345 3047 3046
f 2345 3048 3047
f 2345 2346 3048
f 2339 3041 3040
f 2339 3040 2338
f 2344 3046 3045
f 2344 2345 3046
f 2340 3042 3041
f 2340 3041 2339
f 2343 2344 3045
f 2341 3043 3042
f 2341 3044 3043
f 2341 3042 2340
f 2342 3045 3044
f 2342 3044 2341
f 2342 2343 3045
f 2293 2294 2733
f 2733 2294 2697
f 2697 2294 2661
f 2661 2294 2625
f 2625 2294 2589
f 2293 2733 2769
f 2336 2337 2751
f 2336 2751 2715
f 2336 2715 2679
f 2336 2679 2643
f 2336 2643 2607
f 2336 2607 2571
f 3292 3310 3291
f 3292 3311 3310
f 3293 3312 3311
f 3293 3311 3292
f 3294 3313 3312
f 3294 3314 3313
f 3294 3312 3293
f 3295 3315 3314
f 3295 3314 3294
f 3296 3315 3295
f 3297 3316 3315
f 3297 3317 3316
f 3297 3315 3296
f 3298 3317 3297
f 3299 3318 3317
f 3299 3317 3298
f 3300 3319 3318
f 3300 3318 3299
f 3301 3320 3319
f 3301 3319 3300
f 3302 3321 3320
f 3302 3320 3301
f 3303 3322 3321
f 3303 3321 3302
f 3304 3323 3322
f 3304 3324 3323
f 3304 3322 3303
f 3305 3324 3304
f 3306 3324 3305
f 3306 3325 3324
f 3306 3326 3325
f 3307 3326 3306
f 3308 3326 3307
f 3308 3327 3326
f 3309 3327 3308
f 3309 3328 3327
f 3330 3348 3329
f 3330 3349 3348
f 3331 3350 3349
f 3331 3349 3330
f 3332 3351 3350
f 3332 3352 3351
f 3332 3350 3331
f 3333 3353 3352
f 3333 3352 3332
f 3334 3353 3333
f 3335 3354 3353
f 3335 3355 3354
f 3335 3353 3334
f 3336 3355 3335
f 3337 3356 3355
f 3337 3355 3336
f 3338 3357 3356
f 3338 3356 3337
f 3339 3358 3357
f 3339 3357 3338
f 3340 3359 3358
f 3340 3358 3339
f 3341 3360 3359
f 3341 3359 3340
f 3342 3361 3360
f 3342 3362 3361
f 3342 3360 3341
f 3343 3362 3342
f 3344 3362 3343
f 3344 3363 3362
f 3344 3364 3363
f 3345 3364 3344
f 3346 3364 3345
f 3346 3365 3364
f 3347 3365 3346
f 3347 3366 3365
f 3368 3386 3367
f 3368 3387 3386
f 3369 3388 3387
f 3369 3387 3368
f 3370 3389 3388
f 3370 3390 3389
f 3370 3388 3369
f 3371 3391 3390
f 3371 3390 3370
f 3372 3391 3371
f 3373 3392 3391
f 3373 3393 3392
f 3373 3391 3372
f 3374 3393 3373
f 3375 3394 3393
f 3375 3393 3374
f 3376 3395 3394
f 3376 3394 3375
f 3377 3396 3395
f 3377 3395 3376
f 3378 3397 3396
f 3378 3396 3377
f 3379 3398 3397
f 3379 3397 3378
f 3380 3399 3398
f 3380 3400 3399
f 3380 3398 3379
f 3381 3400 3380
f 3382 3400 3381
f 3382 3401 3400
f 3382 3402 3401
f 3383 3402 3382
f 3384 3402 3383
f 3384 3403 3402
f 3385 3403 3384
f 3385 3404 3403
f 3406 3424 3405
f 3406 3425 3424
f 3407 3426 3425
f 3407 3425 3406
f 3408 3427 3426
f 3408 3428 3427
f 3408 3426 3407
f 3409 3429 3428
f 3409 3428 3408
f 3410 3429 3409
f 3411 3430 3429
f 3411 3431 3430
f 3411 3429 3410
f 3412 3431 3411
f 3413 3432 3431
f 3413 3431 3412
f 3414 3433 3432
f 3414 3432 3413
f 3415 3434 3433
f 3415 3433 3414
f 3416 3435 3434
f 3416 3434 3415
f 3417 3436 3435
f 3417 3435 3416
f 3418 3437 3436
f 3418 3438 3437
f 3418 3436 3417
f 3419 3438 3418
f 3420 3438 3419
f 3420 3439 3438
f 3420 3440 3439
f 3421 3440 3420
f 3422 3440 3421
f 3422 3441 3440
f 3423 3441 3422
f 3423 3442 3441
f 3444 3462 3443
f 3444 3463 3462
f 3445 3464 3463
f 3445 3463 3444
f 3446 3465 3464
f 3446 3466 3465
f 3446 3464 3445
f 3447 3467 3466
f 3447 3466 3446
f 3448 3467 3447
f 3449 3468 3467
f 3449 3469 3468
f 3449 3467 3448
f 3450 3469 3449
f 3451 3470 3469
f 3451 3469 3450
f 3452 3471 3470
f 3452 3470 3451
f 3453 3472 3471
f 3453 3471 3452
f 3454 3473 3472
f 3454 3472 3453
f 3455 3474 3473
f 3455 3473 3454
f 3456 3475 3474
f 3456 3476 3475
f 3456 3474 3455
f 3457 3476 3456
f 3458 3476 3457
f 3458 3477 3476
f 3458 3478 3477
f 3459 3478 3458
f 3460 3478 3459
f 3460 3479 3478
f 3461 3479 3460
f 3461 3480 3479
f 3482 3500 3481
f 3482 3501 3500
f 3483 3502 3501
f 3483 3501 3482
f 3484 3503 3502
f 3484 3504 3503
f 3484 3502 3483
f 3485 3505 3504
f 3485 3504 3484
f 3486 3505 3485
f 3487 3506 3505
f 3487 3507 3506
f 3487 3505 3486
f 3488 3507 3487
f 3489 3508 3507
f 3489 3507 3488
f 3490 3509 3508
f 3490 3508 3489
f 3491 3510 3509
f 3491 3509 3490
f 3492 3511 3510
f 3492 3510 3491
f 3493 3512 3511
f 3493 3511 3492
f 3494 3513 3512
f 3494 3514 3513
f 3494 3512 3493
f 3495 3514 3494
f 3496 3514 3495
f 3496 3515 3514
f 3496 3516 3515
f 3497 3516 3496
f 3498 3516 3497
f 3498 3517 3516
f 3499 3517 3498
f 3499 3518 3517
f 3520 3538 3519
f 3520 3539 3538
f 3521 3540 3539
f 3521 3539 3520
f 3522 3541 3540
f 3522 3542 3541
f 3522 3540 3521
f 3523 3543 3542
f 3523 3542 3522
f 3524 3543 3523
f 3525 3544 3543
f 3525 3545 3544
f 3525 3543 3524
f 3526 3545 3525
f 3527 3546 3545
f 3527 3545 3526
f 3528 3547 3546
f 3528 3546 3527
f 3529 3548 3547
f 3529 3547 3528
f 3530 3549 3548
f 3530 3548 3529
f 3531 3550 3549
f 3531 3549 3530
f 3532 3551 3550
f 3532 3552 3551
f 3532 3550 3531
f 3533 3552 3532
f 3534 3552 3533
f 3534 3553 3552
f 3534 3554 3553
f 3535 3554 3534
f 3536 3554 3535
f 3536 3555 3554
f 3537 3555 3536
f 3537 3556 3555
f 3558 3576 3557
f 3558 3577 3576
f 3559 3578 3577
f 3559 3577 3558
f 3560 3579 3578
f 3560 3580 3579
f 3560 3578 3559
f 3561 3581 3580
f 3561 3580 3560
f 3562 3581 3561
f 3563 3582 3581
f 3563 3583 3582
f 3563 3581 3562
f 3564 3583 3563
f 3565 3584 3583
f 3565 3583 3564
f 3566 3585 3584
f 3566 3584 3565
f 3567 3586 3585
f 3567 3585 3566
f 3568 3587 3586
f 3568 3586 3567
f 3569 3588 3587
f 3569 3587 3568
f 3570 3589 3588
f 3570 3590 3589
f 3570 3588 3569
f 3571 3590 3570
f 3572 3590 3571
f 3572 3591 3590
f 3572 3592 3591
f 3573 3592 3572
f 3574 3592 3573
f 3574 3593 3592
f 3575 3593 3574
f 3575 3594 3593
f 3596 3614 3595
f 3596 3615 3614
f 3597 3616 3615
f 3597 3615 3596
f 3598 3617 3616
f 3598 3618 3617
f 3598 3616 3597
f 3599 3619 3618
f 3599 3618 3598
f 3600 3619 3599
f 3601 3620 3619
f 3601 3621 3620
f 3601 3619 3600
f 3602 3621 3601
f 3603 3622 3621
f 3603 3621 3602
f 3604 3623 3622
f 3604 3622 3603
f 3605 3624 3623
f 3605 3623 3604
f 3606 3625 3624
f 3606 3624 3605
f 3607 3626 3625
f 3607 3625 3606
f 3608 3627 3626
f 3608 3628 3627
f 3608 3626 3607
f 3609 3628 3608
f 3610 3628 3609
f 3610 3629 3628
f 3610 3630 3629
f 3611 3630 3610
f 3612 3630 3611
f 3612 3631 3630
f 3613 3631 3612
f 3613 3632 3631
f 3634 3652 3633
f 3634 3653 3652
f 3635 3654 3653
f 3635 3653 3634
f 3636 3655 3654
f 3636 3656 3655
f 3636 3654 3635
f 3637 3657 3656
f 3637 3656 3636
f 3638 3657 3637
f 3639 3658 3657
f 3639 3659 3658
f 3639 3657 3638
f 3640 3659 3639
f 3641 3660 3659
f 3641 3659 3640
f 3642 3661 3660
f 3642 3660 3641
f 3643 3662 3661
f 3643 3661 3642
f 3644 3663 3662
f 3644 3662 3643
f 3645 3664 3663
f 3645 3663 3644
f 3646 3665 3664
f 3646 3666 3665
f 3646 3664 3645
f 3647 3666 3646
f 3648 3666 3647
f 3648 3667 3666
f 3648 3668 3667
f 3649 3668 3648
f 3650 3668 3649
f 3650 3669 3668
f 3651 3669 3650
f 3651 3670 3669
f 3672 3690 3671
f 3672 3691 3690
f 3673 3692 3691
f 3673 3691 3672
f 3674 3693 3692
f 3674 3694 3693
f 3674 3692 3673
f 3675 3695 3694
f 3675 3694 3674
f 3676 3695 3675
f 3677 3696 3695
f 3677 3697 3696
f 3677 3695 3676
f 3678 3697 3677
f 3679 3698 3697
f 3679 3697 3678
f 3680 3699 3698
f 3680 3698 3679
f 3681 3700 3699
f 3681 3699 3680
f 3682 3701 3700
f 3682 3700 3681
f 3683 3702 3701
f 3683 3701 3682
f 3684 3703 3702
f 3684 3704 3703
f 3684 3702 3683
f 3685 3704 3684
f 3686 3704 3685
f 3686 3705 3704
f 3686 3706 3705
f 3687 3706 3686
f 3688 3706 3687
f 3688 3707 3706
f 3689 3707 3688
f 3689 3708 3707
f 3710 3728 3709
f 3710 3729 3728
f 3711 3730 3729
f 3711 3729 3710
f 3712 3731 3730
f 3712 3732 3731
f 3712 3730 3711
f 3713 3733 3732
f 3713 3732 3712
f 3714 3733 3713
f 3715 3734 3733
f 3715 3735 3734
f 3715 3733 3714
f 3716 3735 3715
f 3717 3736 3735
f 3717 3735 3716
f 3718 3737 3736
f 3718 3736 3717
f 3719 3738 3737
f 3719 3737 3718
f 3720 3739 3738
f 3720 3738 3719
f 3721 3740 3739
f 3721 3739 3720
f 3722 3741 3740
f 3722 3742 3741
f 3722 3740 3721
f 3723 3742 3722
f 3724 3742 3723
f 3724 3743 3742
f 3724 3744 3743
f 3725 3744 3724
f 3726 3744 3725
f 3726 3745 3744
f 3727 3745 3726
f 3727 3746 3745
f 3748 3766 3747
f 3748 3767 3766
f 3749 3768 3767
f 3749 3767 3748
f 3750 3769 3768
f 3750 3770 3769
f 3750 3768 3749
f 3751 3771 3770
f 3751 3770 3750
f 3752 3771 3751
f 3753 3772 3771
f 3753 3773 3772
f 3753 3771 3752
f 3754 3773 3753
f 3755 3774 3773
f 3755 3773 3754
f 3756 3775 3774
f 3756 3774 3755
f 3757 3776 3775
f 3757 3775 3756
f 3758 3777 3776
f 3758 3776 3757
f 3759 3778 3777
f 3759 3777 3758
f 3760 3779 3778
f 3760 3780 3779
f 3760 3778 3759
f 3761 3780 3760
f 3762 3780 3761
f 3762 3781 3780
f 3762 3782 3781
f 3763 3782 3762
f 3764 3782 3763
f 3764 3783 3782
f 3765 3783 3764
f 3765 3784 3783
f 3786 3804 3785
f 3786 3805 3804
f 3787 3806 3805
f 3787 3805 3786
f 3788 3807 3806
f 3788 3808 3807
f 3788 3806 3787
f 3789 3809 3808
f 3789 3808 3788
f 3790 3809 3789
f 3791 3810 3809
f 3791 3811 3810
f 3791 3809 3790
f 3792 3811 3791
f 3793 3812 3811
f 3793 3811 3792
f 3794 3813 3812
f 3794 3812 3793
f 3795 3814 3813
f 3795 3813 3794
f 3796 3815 3814
f 3796 3814 3795
f 3797 3816 3815
f 3797 3815 3796
f 3798 3817 3816
f 3798 3818 3817
f 3798 3816 3797
f 3799 3818 3798
f 3800 3818 3799
f 3800 3819 3818
f 3800 3820 3819
f 3801 3820 3800
f 3802 3820 3801
f 3802 3821 3820
f 3803 3821 3802
f 3803 3822 3821
f 3824 3842 3823
f 3824 3843 3842
f 3825 3844 3843
f 3825 3843 3824
f 3826 3845 3844
f 3826 3846 3845
f 3826 3844 3825
f 3827 3847 3846
f 3827 3846 3826
f 3828 3847 3827
f 3829 3848 3847
f 3829 3849 3848
f 3829 3847 3828
f 3830 3849 3829
f 3831 3850 3849
f 3831 3849 3830
f 3832 3851 3850
f 3832 3850 3831
f 3833 3852 3851
f 3833 3851 3832
f 3834 3853 3852
f 3834 3852 3833
f 3835 3854 3853
f 3835 3853 3834
f 3836 3855 3854
f 3836 3856 3855
f 3836 3854 3835
f 3837 3856 3836
f 3838 3856 3837
f 3838 3857 3856
f 3838 3858 3857
f 3839 3858 3838
f 3840 3858 3839
f 3840 3859 3858
f 3841 3859 3840
f 3841 3860 3859
f 3862 3880 3861
f 3862 3881 3880
f 3863 3882 3881
f 3863 3881 3862
f 3864 3883 3882
f 3864 3884 3883
f 3864 3882 3863
f 3865 3885 3884
f 3865 3884 3864
f 3866 3885 3865
f 3867 3886 3885
f 3867 3887 3886
f 3867 3885 3866
f 3868 3887 3867
f 3869 3888 3887
f 3869 3887 3868
f 3870 3889 3888
f 3870 3888 3869
f 3871 3890 3889
f 3871 3889 3870
f 3872 3891 3890
f 3872 3890 3871
f 3873 3892 3891
f 3873 3891 3872
f 3874 3893 3892
f 3874 3894 3893
f 3874 3892 3873
f 3875 3894 3874
f 3876 3894 3875
f 3876 3895 3894
f 3876 3896 3895
f 3877 3896 3876
f 3878 3896 3877
f 3878 3897 3896
f 3879 3897 3878
f 3879 3898 3897
f 3900 3918 3899
f 3900 3919 3918
f 3901 3920 3919
f 3901 3919 3900
f 3902 3921 3920
f 3902 3922 3921
f 3902 3920 3901
f 3903 3923 3922
f 3903 3922 3902
f 3904 3923 3903
f 3905 3924 3923
f 3905 3925 3924
f 3905 3923 3904
f 3906 3925 3905
f 3907 3926 3925
f 3907 3925 3906
f 3908 3927 3926
f 3908 3926 3907
f 3909 3928 3927
f 3909 3927 3908
f 3910 3929 3928
f 3910 3928 3909
f 3911 3930 3929
f 3911 3929 3910
f 3912 3931 3930
f 3912 3932 3931
f 3912 3930 3911
f 3913 3932 3912
f 3914 3932 3913
f 3914 3933 3932
f 3914 3934 3933
f 3915 3934 3914
f 3916 3934 3915
f 3916 3935 3934
f 3917 3935 3916
f 3917 3936 3935
f 3971 3954 3953
f 3971 3972 3954
f 3970 3953 3952
f 3970 3971 3953
f 3969 3951 3950
f 3969 3952 3951
f 3969 3970 3952
f 3968 3969 3950
f 3967 3950 3949
f 3967 3968 3950
f 3966 3949 3948
f 3966 3967 3949
f 3965 3948 3947
f 3965 3966 3948
f 3964 3946 3945
f 3964 3947 3946
f 3964 3965 3947
f 3963 3964 3945
f 3962 3945 3944
f 3962 3963 3945
f 3961 3943 3942
f 3961 3944 3943
f 3961 3962 3944
f 3960 3942 3941
f 3960 3961 3942
f 3959 3960 3941
f 3958 3941 3940
f 3958 3959 3941
f 3957 3939 3938
f 3957 3940 3939
f 3957 3958 3940
f 3956 3957 3938
f 3955 3938 3937
f 3955 3956 3938
f 3973 3975 3974
f 3973 3976 3975
f 3994 3995 3996
f 3994 3996 4014
f 3993 4013 4012
f 3993 4014 4013
f 3993 3994 4014
f 3992 3993 4012
f 3991 4012 4011
f 3991 3992 4012
f 3990 4010 4009
f 3990 4011 4010
f 3990 3991 4011
f 3989 3990 4009
f 3988 4009 4008
f 3988 3989 4009
f 3987 4007 4006
f 3987 4008 4007
f 3987 3988 4008
f 3986 3987 4006
f 3985 4006 4005
f 3985 3986 4006
f 3984 4004 4003
f 3984 4005 4004
f 3984 3985 4005
f 3983 4003 4002
f 3983 3984 4003
f 3982 3983 4002
f 3981 4001 4000
f 3981 4002 4001
f 3981 3982 4002
f 3980 3981 4000
f 3979 3980 4000
f 3979 3999 3998
f 3979 4000 3999
f 3978 3979 3998
f 3977 3978 3998
f 3977 3998 3997
f 4015 4018 4017
f 4016 4018 4015
f 4020 4038 4019
f 4020 4039 4038
f 4021 4040 4039
f 4021 4039 4020
f 4022 4041 4040
f 4022 4042 4041
f 4022 4040 4021
f 4023 4042 4022
f 4024 4043 4042
f 4024 4042 4023
f 4025 4044 4043
f 4025 4043 4024
f 4026 4045 4044
f 4026 4046 4045
f 4026 4044 4025
f 4027 4046 4026
f 4028 4047 4046
f 4028 4048 4047
f 4028 4046 4027
f 4029 4049 4048
f 4029 4048 4028
f 4030 4049 4029
f 4031 4050 4049
f 4031 4049 4030
f 4032 4051 4050
f 4032 4052 4051
f 4032 4050 4031
f 4033 4053 4052
f 4033 4052 4032
f 4034 4053 4033
f 4035 4053 4034
f 4035 4054 4053
f 4035 4055 4054
f 4036 4055 4035
f 4037 4055 4036
f 4037 4056 4055
f 4063 4065 4064
f 4063 4066 4065
f 4062 4067 4066
f 4062 4068 4067
f 4062 4066 4063
f 4061 4069 4068
f 4061 4068 4062
f 4060 4070 4069
f 4060 4069 4061
f 4059 4057 4070
f 4059 4070 4060
f 4058 4057 4059
f 4077 4079 4078
f 4077 4080 4079
f 4076 4081 4080
f 4076 4080 4077
f 4075 4082 4081
f 4075 4081 4076
f 4074 4083 4082
f 4074 4082 4075
f 4073 4084 4083
f 4073 4071 4084
f 4073 4083 4074
f 4072 4071 4073
f 4086 4104 4085
f 4086 4105 4104
f 4087 4106 4105
f 4087 4105 4086
f 4088 4107 4106
f 4088 4108 4107
f 4088 4106 4087
f 4089 4109 4108
f 4089 4108 4088
f 4090 4109 4089
f 4091 4110 4109
f 4091 4111 4110
f 4091 4109 4090
f 4092 4111 4091
f 4093 4112 4111
f 4093 4111 4092
f 4094 4113 4112
f 4094 4112 4093
f 4095 4114 4113
f 4095 4113 4094
f 4096 4115 4114
f 4096 4114 4095
f 4097 4116 4115
f 4097 4115 4096
f 4098 4117 4116
f 4098 4118 4117
f 4098 4116 4097
f 4099 4118 4098
f 4100 4118 4099
f 4100 4119 4118
f 4100 4120 4119
f 4101 4120 4100
f 4102 4120 4101
f 4102 4121 4120
f 4103 4121 4102
f 4103 4122 4121
f 4124 4142 4123
f 4124 4143 4142
f 4125 4144 4143
f 4125 4143 4124
f 4126 4145 4144
f 4126 4146 4145
f 4126 4144 4125
f 4127 4147 4146
f 4127 4146 4126
f 4128 4147 4127
f 4129 4148 4147
f 4129 4149 4148
f 4129 4147 4128
f 4130 4149 4129
f 4131 4150 4149
f 4131 4149 4130
f 4132 4151 4150
f 4132 4150 4131
f 4133 4152 4151
f 4133 4151 4132
f 4134 4153 4152
f 4134 4152 4133
f 4135 4154 4153
f 4135 4153 4134
f 4136 4155 4154
f 4136 4156 4155
f 4136 4154 4135
f 4137 4156 4136
f 4138 4156 4137
f 4138 4157 4156
f 4138 4158 4157
f 4139 4158 4138
f 4140 4158 4139
f 4140 4159 4158
f 4141 4159 4140
f 4141 4160 4159
f 4162 4180 4161
f 4162 4181 4180
f 4163 4182 4181
f 4163 4181 4162
f 4164 4183 4182
f 4164 4182 4163
f 4165 4184 4183
f 4165 4185 4184
f 4165 4183 4164
f 4166 4185 4165
f 4167 4186 4185
f 4167 4187 4186
f 4167 4185 4166
f 4168 4187 4167
f 4169 4188 4187
f 4169 4187 4168
f 4170 4189 4188
f 4170 4190 4189
f 4170 4188 4169
f 4171 4190 4170
f 4172 4191 4190
f 4172 4190 4171
f 4173 4192 4191
f 4173 4193 4192
f 4173 4191 4172
f 4174 4193 4173
f 4175 4194 4193
f 4175 4193 4174
f 4176 4194 4175
f 4176 4195 4194
f 4177 4195 4176
f 4177 4196 4195
f 4177 4197 4196
f 4178 4197 4177
f 4179 4197 4178
f 4179 4198 4197
f 4237 4199 4200
f 4237 4200 4201
f 4237 4201 4202
f 4237 4218 4199
f 4237 4219 4218
f 4237 4220 4219
f 4237 4221 4220
f 4238 4202 4203
f 4238 4203 4204
f 4238 4222 4221
f 4238 4237 4202
f 4238 4221 4237
f 4239 4238 4204
f 4239 4204 4205
f 4239 4222 4238
f 4239 4223 4222
f 4239 4224 4223
f 4240 4205 4206
f 4240 4206 4207
f 4240 4225 4224
f 4240 4226 4225
f 4240 4239 4205
f 4240 4224 4239
f 4241 4207 4208
f 4241 4208 4209
f 4241 4226 4240
f 4241 4227 4226
f 4241 4228 4227
f 4241 4240 4207
f 4242 4209 4210
f 4242 4210 4211
f 4242 4229 4228
f 4242 4230 4229
f 4242 4241 4209
f 4242 4228 4241
f 4243 4211 4212
f 4243 4212 4213
f 4243 4230 4242
f 4243 4231 4230
f 4243 4242 4211
f 4244 4213 4214
f 4244 4232 4231
f 4244 4233 4232
f 4244 4231 4243
f 4244 4243 4213
f 4245 4214 4215
f 4245 4215 4216
f 4245 4216 4217
f 4245 4234 4233
f 4245 4235 4234
f 4245 4236 4235
f 4245 4217 4236
f 4245 4244 4214
f 4245 4233 4244
f 4247 4265 4246
f 4247 4266 4265
f 4248 4267 4266
f 4248 4266 4247
f 4249 4268 4267
f 4249 4267 4248
f 4250 4269 4268
f 4250 4270 4269
f 4250 4268 4249
f 4251 4270 4250
f 4252 4271 4270
f 4252 4272 4271
f 4252 4270 4251
f 4253 4272 4252
f 4254 4273 4272
f 4254 4272 4253
f 4255 4274 4273
f 4255 4275 4274
f 4255 4273 4254
f 4256 4275 4255
f 4257 4276 4275
f 4257 4275 4256
f 4258 4277 4276
f 4258 4278 4277
f 4258 4276 4257
f 4259 4278 4258
f 4260 4279 4278
f 4260 4278 4259
f 4261 4279 4260
f 4261 4280 4279
f 4262 4280 4261
f 4262 4281 4280
f 4262 4282 4281
f 4263 4282 4262
f 4264 4282 4263
f 4264 4283 4282
f 4322 4284 4285
f 4322 4285 4286
f 4322 4286 4287
f 4322 4303 4284
f 4322 4304 4303
f 4322 4305 4304
f 4322 4306 4305
f 4323 4287 4288
f 4323 4288 4289
f 4323 4307 4306
f 4323 4322 4287
f 4323 4306 4322
f 4324 4323 4289
f 4324 4289 4290
f 4324 4307 4323
f 4324 4308 4307
f 4324 4309 4308
f 4325 4290 4291
f 4325 4291 4292
f 4325 4310 4309
f 4325 4311 4310
f 4325 4324 4290
f 4325 4309 4324
f 4326 4292 4293
f 4326 4293 4294
f 4326 4311 4325
f 4326 4312 4311
f 4326 4313 4312
f 4326 4325 4292
f 4327 4294 4295
f 4327 4295 4296
f 4327 4314 4313
f 4327 4315 4314
f 4327 4326 4294
f 4327 4313 4326
f 4328 4296 4297
f 4328 4315 4327
f 4328 4316 4315
f 4328 4327 4296
f 4329 4297 4298
f 4329 4298 4299
f 4329 4317 4316
f 4329 4318 4317
f 4329 4316 4328
f 4329 4328 4297
f 4330 4299 4300
f 4330 4300 4301
f 4330 4301 4302
f 4330 4319 4318
f 4330 4320 4319
f 4330 4321 4320
f 4330 4302 4321
f 4330 4329 4299
f 4330 4318 4329
f 4332 4350 4331
f 4332 4351 4350
f 4333 4352 4351
f 4333 4351 4332
f 4334 4353 4352
f 4334 4352 4333
f 4335 4354 4353
f 4335 4355 4354
f 4335 4353 4334
f 4336 4355 4335
f 4337 4356 4355
f 4337 4357 4356
f 4337 4355 4336
f 4338 4357 4337
f 4339 4358 4357
f 4339 4357 4338
f 4340 4359 4358
f 4340 4360 4359
f 4340 4358 4339
f 4341 4360 4340
f 4342 4361 4360
f 4342 4360 4341
f 4343 4362 4361
f 4343 4363 4362
f 4343 4361 4342
f 4344 4363 4343
f 4345 4364 4363
f 4345 4363 4344
f 4346 4364 4345
f 4346 4365 4364
f 4347 4365 4346
f 4347 4366 4365
f 4347 4367 4366
f 4348 4367 4347
f 4349 4367 4348
f 4349 4368 4367
f 4407 4369 4370
f 4407 4370 4371
f 4407 4371 4372
f 4407 4388 4369
f 4407 4389 4388
f 4407 4390 4389
f 4407 4391 4390
f 4408 4372 4373
f 4408 4373 4374
f 4408 4392 4391
f 4408 4407 4372
f 4408 4391 4407
f 4409 4408 4374
f 4409 4374 4375
f 4409 4392 4408
f 4409 4393 4392
f 4409 4394 4393
f 4410 4375 4376
f 4410 4376 4377
f 4410 4395 4394
f 4410 4396 4395
f 4410 4409 4375
f 4410 4394 4409
f 4411 4377 4378
f 4411 4378 4379
f 4411 4396 4410
f 4411 4397 4396
f 4411 4398 4397
f 4411 4410 4377
f 4412 4379 4380
f 4412 4380 4381
f 4412 4399 4398
f 4412 4400 4399
f 4412 4411 4379
f 4412 4398 4411
f 4413 4381 4382
f 4413 4400 4412
f 4413 4401 4400
f 4413 4412 4381
f 4414 4382 4383
f 4414 4383 4384
f 4414 4402 4401
f 4414 4403 4402
f 4414 4401 4413
f 4414 4413 4382
f 4415 4384 4385
f 4415 4385 4386
f 4415 4386 4387
f 4415 4404 4403
f 4415 4405 4404
f 4415 4406 4405
f 4415 4387 4406
f 4415 4414 4384
f 4415 4403 4414
f 4417 4435 4416
f 4417 4436 4435
f 4418 4437 4436
f 4418 4436 4417
f 4419 4438 4437
f 4419 4437 4418
f 4420 4439 4438
f 4420 4440 4439
f 4420 4438 4419
f 4421 4440 4420
f 4422 4441 4440
f 4422 4442 4441
f 4422 4440 4421
f 4423 4442 4422
f 4424 4443 4442
f 4424 4442 4423
f 4425 4444 4443
f 4425 4445 4444
f 4425 4443 4424
f 4426 4445 4425
f 4427 4446 4445
f 4427 4445 4426
f 4428 4447 4446
f 4428 4448 4447
f 4428 4446 4427
f 4429 4448 4428
f 4430 4449 4448
f 4430 4448 4429
f 4431 4449 4430
f 4431 4450 4449
f 4432 4450 4431
f 4432 4451 4450
f 4432 4452 4451
f 4433 4452 4432
f 4434 4452 4433
f 4434 4453 4452
f 4492 4454 4455
f 4492 4455 4456
f 4492 4456 4457
f 4492 4473 4454
f 4492 4474 4473
f 4492 4475 4474
f 4492 4476 4475
f 4493 4457 4458
f 4493 4477 4476
f 4493 4478 4477
f 4493 4492 4457
f 4493 4476 4492
f 4494 4458 4459
f 4494 4459 4460
f 4494 4478 4493
f 4494 4479 4478
f 4494 4493 4458
f 4495 4460 4461
f 4495 4461 4462
f 4495 4480 4479
f 4495 4481 4480
f 4495 4494 4460
f 4495 4479 4494
f 4496 4462 4463
f 4496 4463 4464
f 4496 4481 4495
f 4496 4482 4481
f 4496 4483 4482
f 4496 4495 4462
f 4497 4464 4465
f 4497 4465 4466
f 4497 4484 4483
f 4497 4485 4484
f 4497 4496 4464
f 4497 4483 4496
f 4498 4485 4497
f 4498 4466 4467
f 4498 4486 4485
f 4498 4497 4466
f 4499 4467 4468
f 4499 4468 4469
f 4499 4487 4486
f 4499 4488 4487
f 4499 4486 4498
f 4499 4498 4467
f 4500 4469 4470
f 4500 4470 4471
f 4500 4471 4472
f 4500 4489 4488
f 4500 4490 4489
f 4500 4491 4490
f 4500 4472 4491
f 4500 4499 4469
f 4500 4488 4499
f 4502 4520 4501
f 4502 4521 4520
f 4503 4522 4521
f 4503 4521 4502
f 4504 4523 4522
f 4504 4522 4503
f 4505 4524 4523
f 4505 4525 4524
f 4505 4523 4504
f 4506 4525 4505
f 4507 4526 4525
f 4507 4527 4526
f 4507 4525 4506
f 4508 4527 4507
f 4509 4528 4527
f 4509 4527 4508
f 4510 4529 4528
f 4510 4530 4529
f 4510 4528 4509
f 4511 4530 4510
f 4512 4531 4530
f 4512 4530 4511
f 4513 4532 4531
f 4513 4533 4532
f 4513 4531 4512
f 4514 4533 4513
f 4515 4534 4533
f 4515 4533 4514
f 4516 4534 4515
f 4516 4535 4534
f 4517 4535 4516
f 4517 4536 4535
f 4517 4537 4536
f 4518 4537 4517
f 4519 4537 4518
f 4519 4538 4537
f 4577 4539 4540
f 4577 4540 4541
f 4577 4541 4542
f 4577 4558 4539
f 4577 4559 4558
f 4577 4560 4559
f 4577 4561 4560
f 4578 4542 4543
f 4578 4562 4561
f 4578 4577 4542
f 4578 4561 4577
f 4579 4543 4544
f 4579 4544 4545
f 4579 4562 4578
f 4579 4563 4562
f 4579 4564 4563
f 4579 4578 4543
f 4580 4545 4546
f 4580 4546 4547
f 4580 4565 4564
f 4580 4566 4565
f 4580 4579 4545
f 4580 4564 4579
f 4581 4547 4548
f 4581 4548 4549
f 4581 4567 4566
f 4581 4568 4567
f 4581 4566 4580
f 4581 4580 4547
f 4582 4549 4550
f 4582 4550 4551
f 4582 4569 4568
f 4582 4570 4569
f 4582 4568 4581
f 4582 4581 4549
f 4583 4570 4582
f 4583 4551 4552
f 4583 4571 4570
f 4583 4582 4551
f 4584 4552 4553
f 4584 4553 4554
f 4584 4572 4571
f 4584 4573 4572
f 4584 4571 4583
f 4584 4583 4552
f 4585 4554 4555
f 4585 4555 4556
f 4585 4556 4557
f 4585 4574 4573
f 4585 4575 4574
f 4585 4576 4575
f 4585 4557 4576
f 4585 4584 4554
f 4585 4573 4584
f 4587 4605 4586
f 4587 4606 4605
f 4588 4607 4606
f 4588 4606 4587
f 4589 4608 4607
f 4589 4607 4588
f 4590 4609 4608
f 4590 4610 4609
f 4590 4608 4589
f 4591 4610 4590
f 4592 4611 4610
f 4592 4612 4611
f 4592 4610 4591
f 4593 4612 4592
f 4594 4613 4612
f 4594 4612 4593
f 4595 4614 4613
f 4595 4615 4614
f 4595 4613 4594
f 4596 4615 4595
f 4597 4616 4615
f 4597 4615 4596
f 4598 4617 4616
f 4598 4618 4617
f 4598 4616 4597
f 4599 4618 4598
f 4600 4619 4618
f 4600 4618 4599
f 4601 4619 4600
f 4601 4620 4619
f 4602 4620 4601
f 4602 4621 4620
f 4602 4622 4621
f 4603 4622 4602
f 4604 4622 4603
f 4604 4623 4622
f 4662 4624 4625
f 4662 4625 4626
f 4662 4626 4627
f 4662 4643 4624
f 4662 4644 4643
f 4662 4645 4644
f 4662 4646 4645
f 4663 4627 4628
f 4663 4647 4646
f 4663 4662 4627
f 4663 4646 4662
f 4664 4628 4629
f 4664 4629 4630
f 4664 4647 4663
f 4664 4648 4647
f 4664 4649 4648
f 4664 4663 4628
f 4665 4630 4631
f 4665 4631 4632
f 4665 4650 4649
f 4665 4651 4650
f 4665 4664 4630
f 4665 4649 4664
f 4666 4632 4633
f 4666 4633 4634
f 4666 4652 4651
f 4666 4653 4652
f 4666 4651 4665
f 4666 4665 4632
f 4667 4634 4635
f 4667 4635 4636
f 4667 4654 4653
f 4667 4655 4654
f 4667 4653 4666
f 4667 4666 4634
f 4668 4655 4667
f 4668 4636 4637
f 4668 4637 4638
f 4668 4656 4655
f 4668 4667 4636
f 4669 4638 4639
f 4669 4657 4656
f 4669 4658 4657
f 4669 4656 4668
f 4669 4668 4638
f 4670 4639 4640
f 4670 4640 4641
f 4670 4641 4642
f 4670 4659 4658
f 4670 4660 4659
f 4670 4661 4660
f 4670 4642 4661
f 4670 4658 4669
f 4670 4669 4639
f 4671 4680 4676
f 4672 4679 4680
f 4672 4680 4671
f 4673 4678 4679
f 4673 4679 4672
f 4674 4677 4678
f 4674 4678 4673
f 4675 4677 4674
f 4685 4686 4687
f 4685 4687 4690
f 4684 4690 4689
f 4684 4685 4690
f 4683 4689 4688
f 4683 4684 4689
f 4682 4688 4681
f 4682 4683 4688
f 4694 4692 4693
f 4695 4692 4694
f 4701 4695 4696
f 4701 4696 4697
f 4701 4692 4695
f 4698 4701 4697
f 4699 4701 4698
f 4700 4701 4699
f 4691 4692 4701
f 4702 4691 4701
f 4703 4691 4702
f 4713 4704 4705
f 4713 4706 4704
f 4712 4707 4706
f 4712 4706 4713
f 4711 4708 4707
f 4711 4709 4708
f 4711 4707 4712
f 4710 4709 4711
f 4718 4717 4716
f 4719 4718 4716
f 4725 4720 4719
f 4725 4721 4720
f 4725 4719 4716
f 4722 4721 4725
f 4723 4722 4725
f 4724 4723 4725
f 4715 4725 4716
f 4726 4725 4715
f 4714 4726 4715
f 4736 4733 4729
f 4730 4736 4729
f 4735 4736 4730
f 4731 4735 4730
f 4734 4731 4732
f 4734 4735 4731
f 4727 4734 4732
f 4728 4734 4727
f 4740 4743 4741
f 4744 4743 4740
f 4739 4744 4740
f 4745 4744 4739
f 4738 4746 4745
f 4738 4745 4739
f 4742 4746 4738
f 4737 4742 4738
f 4758 4757 4756
f 4763 4762 4766
f 4767 4747 4748
f 4767 4754 4747
f 4768 4748 4749
f 4768 4767 4748
f 4769 4749 4750
f 4769 4750 4751
f 4769 4768 4749
f 4770 4751 4752
f 4770 4769 4751
f 4771 4752 4753
f 4771 4753 4764
f 4771 4770 4752
f 4772 4755 4754
f 4772 4754 4767
f 4773 4767 4768
f 4773 4772 4767
f 4774 4773 4768
f 4774 4768 4769
f 4775 4769 4770
f 4775 4774 4769
f 4776 4764 4765
f 4776 4765 4766
f 4776 4770 4771
f 4776 4775 4770
f 4776 4771 4764
f 4777 4756 4755
f 4777 4755 4772
f 4777 4772 4773
f 4777 4758 4756
f 4778 4759 4758
f 4778 4773 4774
f 4778 4758 4777
f 4778 4777 4773
f 4779 4760 4759
f 4779 4761 4760
f 4779 4778 4774
f 4779 4759 4778
f 4780 4774 4775
f 4780 4779 4774
f 4780 4761 4779
f 4780 4775 4776
f 4781 4762 4761
f 4781 4776 4766
f 4781 4766 4762
f 4781 4761 4780
f 4781 4780 4776
