# generated by step_to_parts.py -- 4781 verts, 4844 tris
v -0.394223 -0.531587 -0.092410
v -0.395683 -0.531106 -0.093923
v -0.395578 -0.530575 -0.093807
v -0.395478 -0.530072 -0.093599
v -0.395387 -0.529612 -0.093304
v -0.395307 -0.529209 -0.092933
v -0.395241 -0.528876 -0.092497
v -0.395191 -0.528622 -0.092008
v -0.395158 -0.528455 -0.091481
v -0.395143 -0.528380 -0.090933
v -0.395147 -0.528400 -0.090380
v -0.395170 -0.528514 -0.089839
v -0.395210 -0.528718 -0.089326
v -0.395267 -0.529007 -0.088857
v -0.395339 -0.529371 -0.088446
v -0.395424 -0.529799 -0.088106
v -0.395519 -0.530279 -0.087847
v -0.395621 -0.530796 -0.087677
v -0.395728 -0.531334 -0.087601
v -0.395835 -0.531876 -0.087622
v -0.394302 -0.531987 -0.089135
v -0.394169 -0.531311 -0.092349
v -0.394117 -0.531050 -0.092241
v -0.394070 -0.530811 -0.092088
v -0.394028 -0.530601 -0.091895
v -0.393994 -0.530428 -0.091668
v -0.393968 -0.530296 -0.091414
v -0.393951 -0.530209 -0.091141
v -0.393943 -0.530170 -0.090856
v -0.393945 -0.530181 -0.090568
v -0.393957 -0.530240 -0.090287
v -0.393978 -0.530346 -0.090021
v -0.394007 -0.530496 -0.089777
v -0.394045 -0.530685 -0.089563
v -0.394089 -0.530908 -0.089387
v -0.394138 -0.531157 -0.089252
v -0.394191 -0.531426 -0.089164
v -0.394247 -0.531705 -0.089124
v -0.394922 -0.531192 -0.088403
v -0.394785 -0.530495 -0.088660
v -0.394669 -0.529911 -0.089124
v -0.394587 -0.529496 -0.089749
v -0.394546 -0.529291 -0.090474
v -0.394551 -0.529315 -0.091228
v -0.394601 -0.529567 -0.091938
v -0.394691 -0.530022 -0.092534
v -0.394812 -0.530635 -0.092957
v -0.390985 -0.532228 -0.092410
v -0.394223 -0.531587 -0.092410
v -0.394169 -0.531311 -0.092349
v -0.394117 -0.531050 -0.092241
v -0.394070 -0.530811 -0.092088
v -0.394028 -0.530601 -0.091895
v -0.393994 -0.530428 -0.091668
v -0.393968 -0.530296 -0.091414
v -0.393951 -0.530209 -0.091141
v -0.393943 -0.530170 -0.090856
v -0.393945 -0.530181 -0.090568
v -0.393957 -0.530240 -0.090287
v -0.393978 -0.530346 -0.090021
v -0.394007 -0.530496 -0.089777
v -0.394045 -0.530685 -0.089563
v -0.394089 -0.530908 -0.089387
v -0.394138 -0.531157 -0.089252
v -0.394191 -0.531426 -0.089164
v -0.394247 -0.531705 -0.089124
v -0.394302 -0.531987 -0.089135
v -0.391064 -0.532628 -0.089135
v -0.390930 -0.531952 -0.092349
v -0.390879 -0.531690 -0.092241
v -0.390831 -0.531451 -0.092088
v -0.390790 -0.531242 -0.091895
v -0.390756 -0.531069 -0.091668
v -0.390730 -0.530937 -0.091414
v -0.390712 -0.530850 -0.091141
v -0.390705 -0.530811 -0.090856
v -0.390707 -0.530822 -0.090568
v -0.390718 -0.530881 -0.090287
v -0.390739 -0.530987 -0.090021
v -0.390769 -0.531137 -0.089777
v -0.390807 -0.531326 -0.089563
v -0.390851 -0.531549 -0.089387
v -0.390900 -0.531798 -0.089252
v -0.390953 -0.532066 -0.089164
v -0.391008 -0.532346 -0.089124
v -0.401831 -0.570039 -0.097293
v -0.403290 -0.569558 -0.098806
v -0.403185 -0.569027 -0.098690
v -0.403086 -0.568524 -0.098482
v -0.402995 -0.568064 -0.098188
v -0.402915 -0.567661 -0.097817
v -0.402849 -0.567328 -0.097380
v -0.402799 -0.567074 -0.096891
v -0.402766 -0.566907 -0.096364
v -0.402751 -0.566832 -0.095816
v -0.402755 -0.566852 -0.095263
v -0.402777 -0.566966 -0.094722
v -0.402818 -0.567170 -0.094209
v -0.402875 -0.567459 -0.093740
v -0.402947 -0.567823 -0.093329
v -0.403032 -0.568251 -0.092990
v -0.403127 -0.568731 -0.092731
v -0.403229 -0.569247 -0.092560
v -0.403335 -0.569785 -0.092484
v -0.403443 -0.570328 -0.092505
v -0.401910 -0.570439 -0.094018
v -0.401776 -0.569763 -0.097232
v -0.401725 -0.569501 -0.097124
v -0.401677 -0.569262 -0.096971
v -0.401636 -0.569053 -0.096779
v -0.401602 -0.568880 -0.096552
v -0.401575 -0.568748 -0.096297
v -0.401558 -0.568661 -0.096024
v -0.401551 -0.568622 -0.095739
v -0.401553 -0.568632 -0.095451
v -0.401564 -0.568692 -0.095170
v -0.401585 -0.568798 -0.094904
v -0.401615 -0.568948 -0.094660
v -0.401652 -0.569137 -0.094447
v -0.401697 -0.569360 -0.094270
v -0.401746 -0.569609 -0.094135
v -0.401799 -0.569877 -0.094047
v -0.401854 -0.570157 -0.094007
v -0.402530 -0.569643 -0.093286
v -0.402392 -0.568947 -0.093543
v -0.402277 -0.568363 -0.094007
v -0.402194 -0.567948 -0.094632
v -0.402154 -0.567742 -0.095357
v -0.402159 -0.567767 -0.096111
v -0.402209 -0.568019 -0.096821
v -0.402299 -0.568474 -0.097417
v -0.402420 -0.569087 -0.097840
v -0.398593 -0.570679 -0.097293
v -0.401831 -0.570039 -0.097293
v -0.401776 -0.569763 -0.097232
v -0.401725 -0.569501 -0.097124
v -0.401677 -0.569262 -0.096971
v -0.401636 -0.569053 -0.096779
v -0.401602 -0.568880 -0.096552
v -0.401575 -0.568748 -0.096297
v -0.401558 -0.568661 -0.096024
v -0.401551 -0.568622 -0.095739
v -0.401553 -0.568632 -0.095451
v -0.401564 -0.568692 -0.095170
v -0.401585 -0.568798 -0.094904
v -0.401615 -0.568948 -0.094660
v -0.401652 -0.569137 -0.094447
v -0.401697 -0.569360 -0.094270
v -0.401746 -0.569609 -0.094135
v -0.401799 -0.569877 -0.094047
v -0.401854 -0.570157 -0.094007
v -0.401910 -0.570439 -0.094018
v -0.398672 -0.571079 -0.094018
v -0.398538 -0.570403 -0.097232
v -0.398486 -0.570142 -0.097124
v -0.398439 -0.569903 -0.096971
v -0.398398 -0.569694 -0.096779
v -0.398363 -0.569520 -0.096552
v -0.398337 -0.569388 -0.096297
v -0.398320 -0.569302 -0.096024
v -0.398312 -0.569263 -0.095739
v -0.398314 -0.569273 -0.095451
v -0.398326 -0.569332 -0.095170
v -0.398347 -0.569438 -0.094904
v -0.398377 -0.569588 -0.094660
v -0.398414 -0.569778 -0.094447
v -0.398458 -0.570000 -0.094270
v -0.398508 -0.570250 -0.094135
v -0.398561 -0.570518 -0.094047
v -0.398616 -0.570797 -0.094007
v -0.406455 -0.593413 -0.065789
v -0.407915 -0.592932 -0.067302
v -0.407810 -0.592401 -0.067186
v -0.407710 -0.591898 -0.066978
v -0.407619 -0.591438 -0.066684
v -0.407540 -0.591035 -0.066313
v -0.407474 -0.590702 -0.065876
v -0.407423 -0.590448 -0.065387
v -0.407390 -0.590281 -0.064860
v -0.407376 -0.590206 -0.064312
v -0.407380 -0.590226 -0.063759
v -0.407402 -0.590340 -0.063218
v -0.407443 -0.590544 -0.062705
v -0.407500 -0.590833 -0.062236
v -0.407572 -0.591197 -0.061825
v -0.407656 -0.591625 -0.061485
v -0.407751 -0.592105 -0.061227
v -0.407854 -0.592622 -0.061056
v -0.407960 -0.593160 -0.060980
v -0.408067 -0.593702 -0.061001
v -0.406535 -0.593813 -0.062514
v -0.406401 -0.593137 -0.065728
v -0.406349 -0.592876 -0.065620
v -0.406302 -0.592637 -0.065467
v -0.406260 -0.592427 -0.065274
v -0.406226 -0.592254 -0.065048
v -0.406200 -0.592122 -0.064793
v -0.406183 -0.592035 -0.064520
v -0.406175 -0.591996 -0.064235
v -0.406177 -0.592007 -0.063947
v -0.406189 -0.592066 -0.063666
v -0.406210 -0.592172 -0.063400
v -0.406240 -0.592322 -0.063156
v -0.406277 -0.592511 -0.062943
v -0.406321 -0.592734 -0.062766
v -0.406370 -0.592983 -0.062631
v -0.406424 -0.593252 -0.062543
v -0.406479 -0.593531 -0.062503
v -0.407155 -0.593018 -0.061782
v -0.407017 -0.592321 -0.062039
v -0.406901 -0.591737 -0.062503
v -0.406819 -0.591322 -0.063128
v -0.406778 -0.591117 -0.063853
v -0.406783 -0.591141 -0.064607
v -0.406833 -0.591393 -0.065317
v -0.406923 -0.591848 -0.065913
v -0.407044 -0.592461 -0.066336
v -0.403217 -0.594054 -0.065789
v -0.406455 -0.593413 -0.065789
v -0.406401 -0.593137 -0.065728
v -0.406349 -0.592876 -0.065620
v -0.406302 -0.592637 -0.065467
v -0.406260 -0.592427 -0.065274
v -0.406226 -0.592254 -0.065048
v -0.406200 -0.592122 -0.064793
v -0.406183 -0.592035 -0.064520
v -0.406175 -0.591996 -0.064235
v -0.406177 -0.592007 -0.063947
v -0.406189 -0.592066 -0.063666
v -0.406210 -0.592172 -0.063400
v -0.406240 -0.592322 -0.063156
v -0.406277 -0.592511 -0.062943
v -0.406321 -0.592734 -0.062766
v -0.406370 -0.592983 -0.062631
v -0.406424 -0.593252 -0.062543
v -0.406479 -0.593531 -0.062503
v -0.406535 -0.593813 -0.062514
v -0.403296 -0.594454 -0.062514
v -0.403163 -0.593778 -0.065728
v -0.403111 -0.593516 -0.065620
v -0.403064 -0.593277 -0.065467
v -0.403022 -0.593068 -0.065274
v -0.402988 -0.592895 -0.065048
v -0.402962 -0.592763 -0.064793
v -0.402945 -0.592676 -0.064520
v -0.402937 -0.592637 -0.064235
v -0.402939 -0.592647 -0.063947
v -0.402951 -0.592707 -0.063666
v -0.402972 -0.592813 -0.063400
v -0.403001 -0.592963 -0.063156
v -0.403039 -0.593152 -0.062943
v -0.403083 -0.593375 -0.062766
v -0.403132 -0.593624 -0.062631
v -0.403185 -0.593892 -0.062543
v -0.403241 -0.594172 -0.062503
v -0.403472 -0.578336 -0.029401
v -0.404932 -0.577855 -0.030915
v -0.404827 -0.577324 -0.030799
v -0.404727 -0.576821 -0.030591
v -0.404636 -0.576361 -0.030296
v -0.404557 -0.575958 -0.029925
v -0.404491 -0.575625 -0.029489
v -0.404440 -0.575371 -0.029000
v -0.404407 -0.575204 -0.028473
v -0.404393 -0.575129 -0.027925
v -0.404397 -0.575149 -0.027372
v -0.404419 -0.575263 -0.026831
v -0.404459 -0.575467 -0.026318
v -0.404517 -0.575756 -0.025849
v -0.404589 -0.576120 -0.025438
v -0.404673 -0.576548 -0.025098
v -0.404768 -0.577028 -0.024839
v -0.404870 -0.577544 -0.024669
v -0.404977 -0.578082 -0.024593
v -0.405084 -0.578625 -0.024614
v -0.403552 -0.578736 -0.026127
v -0.403418 -0.578060 -0.029341
v -0.403366 -0.577798 -0.029233
v -0.403319 -0.577559 -0.029080
v -0.403277 -0.577350 -0.028887
v -0.403243 -0.577177 -0.028660
v -0.403217 -0.577045 -0.028406
v -0.403200 -0.576958 -0.028132
v -0.403192 -0.576919 -0.027848
v -0.403194 -0.576929 -0.027560
v -0.403206 -0.576989 -0.027279
v -0.403227 -0.577095 -0.027012
v -0.403257 -0.577245 -0.026769
v -0.403294 -0.577434 -0.026555
v -0.403338 -0.577657 -0.026379
v -0.403387 -0.577906 -0.026244
v -0.403441 -0.578174 -0.026156
v -0.403496 -0.578454 -0.026116
v -0.404172 -0.577940 -0.025395
v -0.404034 -0.577244 -0.025652
v -0.403918 -0.576660 -0.026116
v -0.403836 -0.576245 -0.026741
v -0.403795 -0.576039 -0.027466
v -0.403800 -0.576064 -0.028220
v -0.403850 -0.576316 -0.028930
v -0.403940 -0.576771 -0.029526
v -0.404061 -0.577384 -0.029949
v -0.400234 -0.578976 -0.029401
v -0.403472 -0.578336 -0.029401
v -0.403418 -0.578060 -0.029341
v -0.403366 -0.577798 -0.029233
v -0.403319 -0.577559 -0.029080
v -0.403277 -0.577350 -0.028887
v -0.403243 -0.577177 -0.028660
v -0.403217 -0.577045 -0.028406
v -0.403200 -0.576958 -0.028132
v -0.403192 -0.576919 -0.027848
v -0.403194 -0.576929 -0.027560
v -0.403206 -0.576989 -0.027279
v -0.403227 -0.577095 -0.027012
v -0.403257 -0.577245 -0.026769
v -0.403294 -0.577434 -0.026555
v -0.403338 -0.577657 -0.026379
v -0.403387 -0.577906 -0.026244
v -0.403441 -0.578174 -0.026156
v -0.403496 -0.578454 -0.026116
v -0.403552 -0.578736 -0.026127
v -0.400313 -0.579376 -0.026127
v -0.400180 -0.578700 -0.029341
v -0.400128 -0.578439 -0.029233
v -0.400081 -0.578200 -0.029080
v -0.400039 -0.577991 -0.028887
v -0.400005 -0.577817 -0.028660
v -0.399979 -0.577685 -0.028406
v -0.399962 -0.577599 -0.028132
v -0.399954 -0.577560 -0.027848
v -0.399956 -0.577570 -0.027560
v -0.399968 -0.577629 -0.027279
v -0.399989 -0.577735 -0.027012
v -0.400018 -0.577885 -0.026769
v -0.400056 -0.578075 -0.026555
v -0.400100 -0.578297 -0.026379
v -0.400149 -0.578547 -0.026244
v -0.400202 -0.578815 -0.026156
v -0.400258 -0.579095 -0.026116
v -0.395865 -0.539884 -0.024518
v -0.397324 -0.539403 -0.026032
v -0.397219 -0.538872 -0.025916
v -0.397120 -0.538369 -0.025707
v -0.397029 -0.537909 -0.025413
v -0.396949 -0.537506 -0.025042
v -0.396883 -0.537173 -0.024606
v -0.396833 -0.536919 -0.024116
v -0.396800 -0.536752 -0.023590
v -0.396785 -0.536677 -0.023042
v -0.396789 -0.536697 -0.022488
v -0.396811 -0.536811 -0.021947
v -0.396852 -0.537015 -0.021435
v -0.396909 -0.537304 -0.020966
v -0.396981 -0.537668 -0.020555
v -0.397066 -0.538096 -0.020215
v -0.397161 -0.538576 -0.019956
v -0.397263 -0.539093 -0.019786
v -0.397369 -0.539631 -0.019710
v -0.397477 -0.540173 -0.019730
v -0.395944 -0.540284 -0.021244
v -0.395810 -0.539608 -0.024458
v -0.395758 -0.539347 -0.024350
v -0.395711 -0.539108 -0.024197
v -0.395670 -0.538898 -0.024004
v -0.395635 -0.538725 -0.023777
v -0.395609 -0.538593 -0.023523
v -0.395592 -0.538506 -0.023249
v -0.395585 -0.538468 -0.022964
v -0.395587 -0.538478 -0.022677
v -0.395598 -0.538537 -0.022396
v -0.395619 -0.538643 -0.022129
v -0.395649 -0.538793 -0.021886
v -0.395686 -0.538982 -0.021672
v -0.395730 -0.539205 -0.021496
v -0.395780 -0.539454 -0.021361
v -0.395833 -0.539723 -0.021273
v -0.395888 -0.540002 -0.021233
v -0.396564 -0.539489 -0.020512
v -0.396426 -0.538792 -0.020769
v -0.396310 -0.538208 -0.021233
v -0.396228 -0.537793 -0.021858
v -0.396188 -0.537588 -0.022583
v -0.396193 -0.537612 -0.023337
v -0.396242 -0.537864 -0.024047
v -0.396332 -0.538319 -0.024642
v -0.396454 -0.538932 -0.025066
v -0.392627 -0.540525 -0.024518
v -0.395865 -0.539884 -0.024518
v -0.395810 -0.539608 -0.024458
v -0.395758 -0.539347 -0.024350
v -0.395711 -0.539108 -0.024197
v -0.395670 -0.538898 -0.024004
v -0.395635 -0.538725 -0.023777
v -0.395609 -0.538593 -0.023523
v -0.395592 -0.538506 -0.023249
v -0.395585 -0.538468 -0.022964
v -0.395587 -0.538478 -0.022677
v -0.395598 -0.538537 -0.022396
v -0.395619 -0.538643 -0.022129
v -0.395649 -0.538793 -0.021886
v -0.395686 -0.538982 -0.021672
v -0.395730 -0.539205 -0.021496
v -0.395780 -0.539454 -0.021361
v -0.395833 -0.539723 -0.021273
v -0.395888 -0.540002 -0.021233
v -0.395944 -0.540284 -0.021244
v -0.392706 -0.540925 -0.021244
v -0.392572 -0.540249 -0.024458
v -0.392520 -0.539987 -0.024350
v -0.392473 -0.539748 -0.024197
v -0.392432 -0.539539 -0.024004
v -0.392397 -0.539366 -0.023777
v -0.392371 -0.539234 -0.023523
v -0.392354 -0.539147 -0.023249
v -0.392346 -0.539108 -0.022964
v -0.392348 -0.539119 -0.022677
v -0.392360 -0.539178 -0.022396
v -0.392381 -0.539284 -0.022129
v -0.392411 -0.539434 -0.021886
v -0.392448 -0.539623 -0.021672
v -0.392492 -0.539846 -0.021496
v -0.392542 -0.540095 -0.021361
v -0.392595 -0.540363 -0.021273
v -0.392650 -0.540643 -0.021233
v -0.391240 -0.516510 -0.056022
v -0.392700 -0.516029 -0.057536
v -0.392595 -0.515498 -0.057420
v -0.392495 -0.514995 -0.057211
v -0.392404 -0.514535 -0.056917
v -0.392324 -0.514132 -0.056546
v -0.392258 -0.513799 -0.056110
v -0.392208 -0.513545 -0.055620
v -0.392175 -0.513378 -0.055094
v -0.392160 -0.513303 -0.054546
v -0.392164 -0.513323 -0.053993
v -0.392187 -0.513437 -0.053451
v -0.392227 -0.513641 -0.052939
v -0.392284 -0.513930 -0.052470
v -0.392356 -0.514294 -0.052059
v -0.392441 -0.514722 -0.051719
v -0.392536 -0.515202 -0.051460
v -0.392638 -0.515718 -0.051290
v -0.392745 -0.516256 -0.051214
v -0.392852 -0.516799 -0.051234
v -0.391319 -0.516910 -0.052748
v -0.391186 -0.516234 -0.055962
v -0.391134 -0.515972 -0.055854
v -0.391087 -0.515733 -0.055701
v -0.391045 -0.515524 -0.055508
v -0.391011 -0.515351 -0.055281
v -0.390985 -0.515219 -0.055027
v -0.390968 -0.515132 -0.054753
v -0.390960 -0.515093 -0.054468
v -0.390962 -0.515104 -0.054181
v -0.390974 -0.515163 -0.053900
v -0.390995 -0.515269 -0.053633
v -0.391024 -0.515419 -0.053390
v -0.391062 -0.515608 -0.053176
v -0.391106 -0.515831 -0.053000
v -0.391155 -0.516080 -0.052865
v -0.391208 -0.516348 -0.052777
v -0.391264 -0.516628 -0.052737
v -0.391939 -0.516114 -0.052016
v -0.391801 -0.515418 -0.052273
v -0.391686 -0.514834 -0.052737
v -0.391604 -0.514419 -0.053362
v -0.391563 -0.514213 -0.054087
v -0.391568 -0.514238 -0.054841
v -0.391618 -0.514490 -0.055551
v -0.391708 -0.514945 -0.056147
v -0.391829 -0.515558 -0.056570
v -0.388002 -0.517150 -0.056022
v -0.391240 -0.516510 -0.056022
v -0.391186 -0.516234 -0.055962
v -0.391134 -0.515972 -0.055854
v -0.391087 -0.515733 -0.055701
v -0.391045 -0.515524 -0.055508
v -0.391011 -0.515351 -0.055281
v -0.390985 -0.515219 -0.055027
v -0.390968 -0.515132 -0.054753
v -0.390960 -0.515093 -0.054468
v -0.390962 -0.515104 -0.054181
v -0.390974 -0.515163 -0.053900
v -0.390995 -0.515269 -0.053633
v -0.391024 -0.515419 -0.053390
v -0.391062 -0.515608 -0.053176
v -0.391106 -0.515831 -0.053000
v -0.391155 -0.516080 -0.052865
v -0.391208 -0.516348 -0.052777
v -0.391264 -0.516628 -0.052737
v -0.391319 -0.516910 -0.052748
v -0.388081 -0.517551 -0.052748
v -0.387947 -0.516874 -0.055962
v -0.387896 -0.516613 -0.055854
v -0.387848 -0.516374 -0.055701
v -0.387807 -0.516165 -0.055508
v -0.387773 -0.515991 -0.055281
v -0.387747 -0.515859 -0.055027
v -0.387729 -0.515773 -0.054753
v -0.387722 -0.515734 -0.054468
v -0.387724 -0.515744 -0.054181
v -0.387735 -0.515803 -0.053900
v -0.387756 -0.515910 -0.053633
v -0.387786 -0.516059 -0.053390
v -0.387824 -0.516249 -0.053176
v -0.387868 -0.516471 -0.053000
v -0.387917 -0.516721 -0.052865
v -0.387970 -0.516989 -0.052777
v -0.388025 -0.517269 -0.052737
v -0.348753 -0.293908 -0.024387
v -0.344019 -0.294845 -0.024387
v -0.343960 -0.294549 -0.024376
v -0.343902 -0.294257 -0.024418
v -0.343847 -0.293976 -0.024510
v -0.343795 -0.293715 -0.024651
v -0.343749 -0.293482 -0.024836
v -0.343710 -0.293284 -0.025059
v -0.343679 -0.293127 -0.025315
v -0.343657 -0.293016 -0.025593
v -0.343645 -0.292954 -0.025888
v -0.343643 -0.292943 -0.026189
v -0.343651 -0.292984 -0.026487
v -0.343668 -0.293074 -0.026773
v -0.343696 -0.293212 -0.027040
v -0.343732 -0.293394 -0.027277
v -0.343775 -0.293613 -0.027479
v -0.343825 -0.293863 -0.027639
v -0.343879 -0.294137 -0.027752
v -0.343936 -0.294426 -0.027815
v -0.348670 -0.293489 -0.027815
v -0.348695 -0.293613 -0.024376
v -0.348637 -0.293320 -0.024418
v -0.348581 -0.293039 -0.024510
v -0.348529 -0.292778 -0.024651
v -0.348483 -0.292545 -0.024836
v -0.348444 -0.292347 -0.025059
v -0.348413 -0.292190 -0.025315
v -0.348391 -0.292079 -0.025593
v -0.348379 -0.292017 -0.025888
v -0.348377 -0.292006 -0.026189
v -0.348385 -0.292047 -0.026487
v -0.348403 -0.292138 -0.026773
v -0.348430 -0.292276 -0.027040
v -0.348466 -0.292457 -0.027277
v -0.348509 -0.292676 -0.027479
v -0.348559 -0.292927 -0.027639
v -0.348613 -0.293200 -0.027752
v -0.346307 -0.281545 -0.022817
v -0.341573 -0.282482 -0.022817
v -0.341514 -0.282187 -0.022806
v -0.341456 -0.281894 -0.022848
v -0.341401 -0.281613 -0.022940
v -0.341349 -0.281352 -0.023081
v -0.341303 -0.281119 -0.023266
v -0.341264 -0.280921 -0.023489
v -0.341233 -0.280764 -0.023745
v -0.341211 -0.280653 -0.024023
v -0.341199 -0.280591 -0.024318
v -0.341197 -0.280580 -0.024619
v -0.341205 -0.280621 -0.024917
v -0.341222 -0.280711 -0.025203
v -0.341250 -0.280850 -0.025469
v -0.341286 -0.281031 -0.025707
v -0.341329 -0.281250 -0.025909
v -0.341379 -0.281500 -0.026069
v -0.341433 -0.281774 -0.026182
v -0.341490 -0.282063 -0.026245
v -0.346224 -0.281126 -0.026245
v -0.346249 -0.281250 -0.022806
v -0.346191 -0.280957 -0.022848
v -0.346135 -0.280676 -0.022940
v -0.346083 -0.280415 -0.023081
v -0.346037 -0.280182 -0.023266
v -0.345998 -0.279984 -0.023489
v -0.345967 -0.279827 -0.023745
v -0.345945 -0.279716 -0.024023
v -0.345933 -0.279654 -0.024318
v -0.345931 -0.279643 -0.024619
v -0.345939 -0.279684 -0.024917
v -0.345957 -0.279775 -0.025203
v -0.345984 -0.279913 -0.025469
v -0.346020 -0.280094 -0.025707
v -0.346063 -0.280313 -0.025909
v -0.346113 -0.280564 -0.026069
v -0.346167 -0.280837 -0.026182
v -0.401183 -0.558908 -0.026186
v -0.396449 -0.559845 -0.026186
v -0.395322 -0.554148 -0.025973
v -0.394205 -0.548502 -0.026772
v -0.393132 -0.543077 -0.028558
v -0.392135 -0.538039 -0.031277
v -0.391245 -0.533541 -0.034847
v -0.390489 -0.529719 -0.039158
v -0.389889 -0.526689 -0.044081
v -0.389465 -0.524544 -0.049465
v -0.389228 -0.523349 -0.055147
v -0.389187 -0.523140 -0.060954
v -0.389342 -0.523924 -0.066710
v -0.389689 -0.525676 -0.072240
v -0.390216 -0.528343 -0.077376
v -0.390909 -0.531845 -0.081961
v -0.391746 -0.536074 -0.085857
v -0.392702 -0.540903 -0.088945
v -0.393746 -0.546185 -0.091132
v -0.394849 -0.551759 -0.092350
v -0.399584 -0.550822 -0.092350
v -0.400056 -0.553212 -0.025973
v -0.398939 -0.547565 -0.026772
v -0.397866 -0.542140 -0.028558
v -0.396869 -0.537102 -0.031277
v -0.395979 -0.532604 -0.034847
v -0.395223 -0.528782 -0.039158
v -0.394623 -0.525753 -0.044081
v -0.394199 -0.523608 -0.049465
v -0.393963 -0.522413 -0.055147
v -0.393921 -0.522204 -0.060954
v -0.394076 -0.522987 -0.066710
v -0.394423 -0.524739 -0.072240
v -0.394951 -0.527406 -0.077376
v -0.395643 -0.530908 -0.081961
v -0.396480 -0.535138 -0.085857
v -0.397436 -0.539967 -0.088945
v -0.398481 -0.545249 -0.091132
v -0.351199 -0.306271 -0.025957
v -0.346465 -0.307208 -0.025957
v -0.346406 -0.306912 -0.025946
v -0.346348 -0.306620 -0.025988
v -0.346293 -0.306339 -0.026080
v -0.346241 -0.306078 -0.026221
v -0.346195 -0.305845 -0.026406
v -0.346156 -0.305647 -0.026630
v -0.346125 -0.305490 -0.026885
v -0.346103 -0.305379 -0.027164
v -0.346091 -0.305317 -0.027458
v -0.346089 -0.305306 -0.027759
v -0.346097 -0.305346 -0.028057
v -0.346115 -0.305437 -0.028343
v -0.346142 -0.305575 -0.028610
v -0.346178 -0.305757 -0.028847
v -0.346221 -0.305976 -0.029049
v -0.346271 -0.306226 -0.029209
v -0.346325 -0.306500 -0.029322
v -0.346382 -0.306789 -0.029385
v -0.351116 -0.305852 -0.029385
v -0.351141 -0.305976 -0.025946
v -0.351083 -0.305683 -0.025988
v -0.351027 -0.305402 -0.026080
v -0.350975 -0.305141 -0.026221
v -0.350929 -0.304908 -0.026406
v -0.350890 -0.304710 -0.026630
v -0.350859 -0.304553 -0.026885
v -0.350837 -0.304442 -0.027164
v -0.350825 -0.304380 -0.027458
v -0.350823 -0.304369 -0.027759
v -0.350831 -0.304410 -0.028057
v -0.350849 -0.304501 -0.028343
v -0.350876 -0.304639 -0.028610
v -0.350912 -0.304820 -0.028847
v -0.350955 -0.305039 -0.029049
v -0.351005 -0.305289 -0.029209
v -0.351059 -0.305563 -0.029322
v -0.353645 -0.318634 -0.027527
v -0.348911 -0.319570 -0.027527
v -0.348852 -0.319275 -0.027516
v -0.348794 -0.318983 -0.027558
v -0.348739 -0.318702 -0.027650
v -0.348687 -0.318441 -0.027791
v -0.348641 -0.318208 -0.027976
v -0.348602 -0.318010 -0.028200
v -0.348571 -0.317853 -0.028455
v -0.348549 -0.317742 -0.028734
v -0.348537 -0.317680 -0.029028
v -0.348535 -0.317669 -0.029329
v -0.348543 -0.317709 -0.029627
v -0.348561 -0.317800 -0.029913
v -0.348588 -0.317938 -0.030180
v -0.348624 -0.318120 -0.030417
v -0.348667 -0.318339 -0.030619
v -0.348717 -0.318589 -0.030779
v -0.348771 -0.318863 -0.030892
v -0.348828 -0.319152 -0.030955
v -0.353562 -0.318215 -0.030955
v -0.353587 -0.318339 -0.027516
v -0.353529 -0.318046 -0.027558
v -0.353473 -0.317765 -0.027650
v -0.353421 -0.317504 -0.027791
v -0.353375 -0.317271 -0.027976
v -0.353336 -0.317073 -0.028200
v -0.353305 -0.316916 -0.028455
v -0.353283 -0.316805 -0.028734
v -0.353271 -0.316743 -0.029028
v -0.353269 -0.316732 -0.029329
v -0.353277 -0.316773 -0.029627
v -0.353295 -0.316863 -0.029913
v -0.353322 -0.317002 -0.030180
v -0.353358 -0.317183 -0.030417
v -0.353401 -0.317402 -0.030619
v -0.353451 -0.317652 -0.030779
v -0.353505 -0.317926 -0.030892
v -0.356091 -0.330997 -0.029098
v -0.351357 -0.331933 -0.029098
v -0.351298 -0.331638 -0.029086
v -0.351240 -0.331346 -0.029128
v -0.351185 -0.331065 -0.029220
v -0.351133 -0.330804 -0.029361
v -0.351087 -0.330571 -0.029546
v -0.351048 -0.330373 -0.029770
v -0.351017 -0.330216 -0.030025
v -0.350995 -0.330104 -0.030304
v -0.350983 -0.330043 -0.030598
v -0.350981 -0.330032 -0.030899
v -0.350989 -0.330072 -0.031197
v -0.351007 -0.330163 -0.031484
v -0.351034 -0.330301 -0.031750
v -0.351070 -0.330483 -0.031987
v -0.351113 -0.330702 -0.032189
v -0.351163 -0.330952 -0.032349
v -0.351217 -0.331226 -0.032462
v -0.351274 -0.331514 -0.032525
v -0.356008 -0.330578 -0.032525
v -0.356033 -0.330702 -0.029086
v -0.355975 -0.330409 -0.029128
v -0.355919 -0.330128 -0.029220
v -0.355867 -0.329867 -0.029361
v -0.355821 -0.329634 -0.029546
v -0.355782 -0.329436 -0.029770
v -0.355751 -0.329279 -0.030025
v -0.355729 -0.329168 -0.030304
v -0.355717 -0.329106 -0.030598
v -0.355715 -0.329095 -0.030899
v -0.355723 -0.329136 -0.031197
v -0.355741 -0.329226 -0.031484
v -0.355768 -0.329365 -0.031750
v -0.355804 -0.329546 -0.031987
v -0.355847 -0.329765 -0.032189
v -0.355897 -0.330015 -0.032349
v -0.355951 -0.330289 -0.032462
v -0.358537 -0.343360 -0.030668
v -0.353803 -0.344296 -0.030668
v -0.353744 -0.344001 -0.030656
v -0.353687 -0.343709 -0.030698
v -0.353631 -0.343428 -0.030790
v -0.353579 -0.343167 -0.030931
v -0.353533 -0.342933 -0.031116
v -0.353494 -0.342735 -0.031340
v -0.353463 -0.342579 -0.031595
v -0.353441 -0.342467 -0.031874
v -0.353429 -0.342405 -0.032168
v -0.353427 -0.342395 -0.032469
v -0.353435 -0.342435 -0.032767
v -0.353453 -0.342526 -0.033054
v -0.353480 -0.342664 -0.033320
v -0.353516 -0.342846 -0.033557
v -0.353559 -0.343065 -0.033759
v -0.353609 -0.343315 -0.033919
v -0.353663 -0.343589 -0.034032
v -0.353720 -0.343877 -0.034095
v -0.358454 -0.342941 -0.034095
v -0.358479 -0.343064 -0.030656
v -0.358421 -0.342772 -0.030698
v -0.358365 -0.342491 -0.030790
v -0.358313 -0.342230 -0.030931
v -0.358267 -0.341997 -0.031116
v -0.358228 -0.341799 -0.031340
v -0.358197 -0.341642 -0.031595
v -0.358175 -0.341531 -0.031874
v -0.358163 -0.341469 -0.032168
v -0.358161 -0.341458 -0.032469
v -0.358169 -0.341499 -0.032767
v -0.358187 -0.341589 -0.033054
v -0.358214 -0.341728 -0.033320
v -0.358250 -0.341909 -0.033557
v -0.358293 -0.342128 -0.033759
v -0.358343 -0.342378 -0.033919
v -0.358397 -0.342652 -0.034032
v -0.360983 -0.355723 -0.032238
v -0.356249 -0.356659 -0.032238
v -0.356190 -0.356364 -0.032227
v -0.356133 -0.356072 -0.032268
v -0.356077 -0.355791 -0.032360
v -0.356025 -0.355529 -0.032501
v -0.355979 -0.355296 -0.032686
v -0.355940 -0.355098 -0.032910
v -0.355909 -0.354941 -0.033165
v -0.355887 -0.354830 -0.033444
v -0.355875 -0.354768 -0.033738
v -0.355873 -0.354758 -0.034039
v -0.355881 -0.354798 -0.034337
v -0.355899 -0.354889 -0.034624
v -0.355926 -0.355027 -0.034890
v -0.355962 -0.355209 -0.035127
v -0.356005 -0.355428 -0.035329
v -0.356055 -0.355678 -0.035489
v -0.356109 -0.355952 -0.035602
v -0.356166 -0.356240 -0.035665
v -0.360900 -0.355304 -0.035665
v -0.360925 -0.355427 -0.032227
v -0.360867 -0.355135 -0.032268
v -0.360811 -0.354854 -0.032360
v -0.360759 -0.354593 -0.032501
v -0.360713 -0.354360 -0.032686
v -0.360674 -0.354162 -0.032910
v -0.360643 -0.354005 -0.033165
v -0.360621 -0.353894 -0.033444
v -0.360609 -0.353832 -0.033738
v -0.360607 -0.353821 -0.034039
v -0.360615 -0.353862 -0.034337
v -0.360633 -0.353952 -0.034624
v -0.360660 -0.354090 -0.034890
v -0.360696 -0.354272 -0.035127
v -0.360739 -0.354491 -0.035329
v -0.360789 -0.354741 -0.035489
v -0.360843 -0.355015 -0.035602
v -0.363429 -0.368086 -0.033808
v -0.358695 -0.369022 -0.033808
v -0.358636 -0.368727 -0.033797
v -0.358579 -0.368434 -0.033838
v -0.358523 -0.368153 -0.033930
v -0.358471 -0.367892 -0.034071
v -0.358425 -0.367659 -0.034256
v -0.358386 -0.367461 -0.034480
v -0.358355 -0.367304 -0.034735
v -0.358333 -0.367193 -0.035014
v -0.358321 -0.367131 -0.035308
v -0.358319 -0.367121 -0.035609
v -0.358327 -0.367161 -0.035907
v -0.358345 -0.367252 -0.036194
v -0.358372 -0.367390 -0.036460
v -0.358408 -0.367571 -0.036697
v -0.358451 -0.367791 -0.036899
v -0.358501 -0.368041 -0.037059
v -0.358555 -0.368314 -0.037172
v -0.358612 -0.368603 -0.037235
v -0.363346 -0.367667 -0.037235
v -0.363371 -0.367790 -0.033797
v -0.363313 -0.367498 -0.033838
v -0.363257 -0.367217 -0.033930
v -0.363205 -0.366956 -0.034071
v -0.363159 -0.366723 -0.034256
v -0.363120 -0.366525 -0.034480
v -0.363089 -0.366368 -0.034735
v -0.363067 -0.366257 -0.035014
v -0.363055 -0.366195 -0.035308
v -0.363053 -0.366184 -0.035609
v -0.363061 -0.366224 -0.035907
v -0.363079 -0.366315 -0.036194
v -0.363106 -0.366453 -0.036460
v -0.363142 -0.366635 -0.036697
v -0.363185 -0.366854 -0.036899
v -0.363235 -0.367104 -0.037059
v -0.363289 -0.367378 -0.037172
v -0.365875 -0.380448 -0.035378
v -0.361141 -0.381385 -0.035378
v -0.361082 -0.381090 -0.035367
v -0.361025 -0.380797 -0.035408
v -0.360969 -0.380516 -0.035500
v -0.360917 -0.380255 -0.035641
v -0.360871 -0.380022 -0.035826
v -0.360832 -0.379824 -0.036050
v -0.360801 -0.379667 -0.036305
v -0.360779 -0.379556 -0.036584
v -0.360767 -0.379494 -0.036878
v -0.360765 -0.379483 -0.037179
v -0.360773 -0.379524 -0.037477
v -0.360791 -0.379615 -0.037764
v -0.360818 -0.379753 -0.038030
v -0.360854 -0.379934 -0.038267
v -0.360897 -0.380154 -0.038469
v -0.360947 -0.380404 -0.038629
v -0.361001 -0.380677 -0.038742
v -0.361058 -0.380966 -0.038806
v -0.365792 -0.380030 -0.038806
v -0.365817 -0.380153 -0.035367
v -0.365759 -0.379861 -0.035408
v -0.365703 -0.379580 -0.035500
v -0.365652 -0.379319 -0.035641
v -0.365605 -0.379086 -0.035826
v -0.365566 -0.378888 -0.036050
v -0.365535 -0.378731 -0.036305
v -0.365513 -0.378620 -0.036584
v -0.365501 -0.378558 -0.036878
v -0.365499 -0.378547 -0.037179
v -0.365507 -0.378587 -0.037477
v -0.365525 -0.378678 -0.037764
v -0.365552 -0.378816 -0.038030
v -0.365588 -0.378998 -0.038267
v -0.365631 -0.379217 -0.038469
v -0.365681 -0.379467 -0.038629
v -0.365735 -0.379741 -0.038742
v -0.368321 -0.392811 -0.036948
v -0.363587 -0.393748 -0.036948
v -0.363528 -0.393453 -0.036937
v -0.363471 -0.393160 -0.036978
v -0.363415 -0.392879 -0.037070
v -0.363363 -0.392618 -0.037211
v -0.363317 -0.392385 -0.037396
v -0.363278 -0.392187 -0.037620
v -0.363247 -0.392030 -0.037875
v -0.363225 -0.391919 -0.038154
v -0.363213 -0.391857 -0.038448
v -0.363211 -0.391846 -0.038749
v -0.363219 -0.391887 -0.039047
v -0.363237 -0.391978 -0.039334
v -0.363264 -0.392116 -0.039600
v -0.363300 -0.392297 -0.039837
v -0.363343 -0.392516 -0.040039
v -0.363393 -0.392767 -0.040199
v -0.363447 -0.393040 -0.040312
v -0.363504 -0.393329 -0.040376
v -0.368238 -0.392392 -0.040376
v -0.368263 -0.392516 -0.036937
v -0.368205 -0.392224 -0.036978
v -0.368149 -0.391943 -0.037070
v -0.368098 -0.391682 -0.037211
v -0.368051 -0.391449 -0.037396
v -0.368012 -0.391251 -0.037620
v -0.367981 -0.391094 -0.037875
v -0.367959 -0.390982 -0.038154
v -0.367947 -0.390921 -0.038448
v -0.367945 -0.390910 -0.038749
v -0.367953 -0.390950 -0.039047
v -0.367971 -0.391041 -0.039334
v -0.367998 -0.391179 -0.039600
v -0.368034 -0.391361 -0.039837
v -0.368077 -0.391580 -0.040039
v -0.368127 -0.391830 -0.040199
v -0.368181 -0.392104 -0.040312
v -0.370767 -0.405174 -0.038518
v -0.366033 -0.406111 -0.038518
v -0.365974 -0.405816 -0.038507
v -0.365917 -0.405523 -0.038548
v -0.365861 -0.405242 -0.038641
v -0.365809 -0.404981 -0.038781
v -0.365763 -0.404748 -0.038966
v -0.365724 -0.404550 -0.039190
v -0.365693 -0.404393 -0.039445
v -0.365671 -0.404282 -0.039724
v -0.365659 -0.404220 -0.040018
v -0.365657 -0.404209 -0.040319
v -0.365665 -0.404250 -0.040617
v -0.365683 -0.404341 -0.040904
v -0.365710 -0.404479 -0.041170
v -0.365746 -0.404660 -0.041407
v -0.365789 -0.404879 -0.041609
v -0.365839 -0.405130 -0.041769
v -0.365893 -0.405403 -0.041882
v -0.365950 -0.405692 -0.041946
v -0.370684 -0.404755 -0.041946
v -0.370709 -0.404879 -0.038507
v -0.370651 -0.404587 -0.038548
v -0.370595 -0.404306 -0.038641
v -0.370544 -0.404045 -0.038781
v -0.370497 -0.403811 -0.038966
v -0.370458 -0.403613 -0.039190
v -0.370427 -0.403457 -0.039445
v -0.370405 -0.403345 -0.039724
v -0.370393 -0.403283 -0.040018
v -0.370391 -0.403273 -0.040319
v -0.370399 -0.403313 -0.040617
v -0.370417 -0.403404 -0.040904
v -0.370444 -0.403542 -0.041170
v -0.370480 -0.403724 -0.041407
v -0.370523 -0.403943 -0.041609
v -0.370573 -0.404193 -0.041769
v -0.370627 -0.404467 -0.041882
v -0.373213 -0.417537 -0.040088
v -0.368479 -0.418474 -0.040088
v -0.368420 -0.418179 -0.040077
v -0.368363 -0.417886 -0.040118
v -0.368307 -0.417605 -0.040211
v -0.368255 -0.417344 -0.040351
v -0.368209 -0.417111 -0.040536
v -0.368170 -0.416913 -0.040760
v -0.368139 -0.416756 -0.041015
v -0.368117 -0.416645 -0.041294
v -0.368105 -0.416583 -0.041588
v -0.368103 -0.416572 -0.041889
v -0.368111 -0.416613 -0.042187
v -0.368129 -0.416704 -0.042474
v -0.368156 -0.416842 -0.042740
v -0.368192 -0.417023 -0.042977
v -0.368235 -0.417242 -0.043179
v -0.368285 -0.417493 -0.043339
v -0.368339 -0.417766 -0.043452
v -0.368396 -0.418055 -0.043516
v -0.373130 -0.417118 -0.043516
v -0.373155 -0.417242 -0.040077
v -0.373097 -0.416950 -0.040118
v -0.373041 -0.416668 -0.040211
v -0.372990 -0.416407 -0.040351
v -0.372943 -0.416174 -0.040536
v -0.372904 -0.415976 -0.040760
v -0.372873 -0.415819 -0.041015
v -0.372851 -0.415708 -0.041294
v -0.372839 -0.415646 -0.041588
v -0.372837 -0.415636 -0.041889
v -0.372845 -0.415676 -0.042187
v -0.372863 -0.415767 -0.042474
v -0.372890 -0.415905 -0.042740
v -0.372926 -0.416087 -0.042977
v -0.372969 -0.416306 -0.043179
v -0.373019 -0.416556 -0.043339
v -0.373073 -0.416830 -0.043452
v -0.375659 -0.429900 -0.041658
v -0.370925 -0.430837 -0.041658
v -0.370866 -0.430542 -0.041647
v -0.370809 -0.430249 -0.041688
v -0.370753 -0.429968 -0.041781
v -0.370701 -0.429707 -0.041921
v -0.370655 -0.429474 -0.042106
v -0.370616 -0.429276 -0.042330
v -0.370585 -0.429119 -0.042585
v -0.370563 -0.429008 -0.042864
v -0.370551 -0.428946 -0.043158
v -0.370549 -0.428935 -0.043459
v -0.370557 -0.428976 -0.043757
v -0.370575 -0.429067 -0.044044
v -0.370602 -0.429205 -0.044310
v -0.370638 -0.429386 -0.044547
v -0.370681 -0.429605 -0.044749
v -0.370731 -0.429855 -0.044909
v -0.370785 -0.430129 -0.045022
v -0.370842 -0.430418 -0.045086
v -0.375576 -0.429481 -0.045086
v -0.375601 -0.429605 -0.041647
v -0.375543 -0.429312 -0.041688
v -0.375487 -0.429031 -0.041781
v -0.375436 -0.428770 -0.041921
v -0.375389 -0.428537 -0.042106
v -0.375350 -0.428339 -0.042330
v -0.375319 -0.428182 -0.042585
v -0.375297 -0.428071 -0.042864
v -0.375285 -0.428009 -0.043158
v -0.375283 -0.427999 -0.043459
v -0.375291 -0.428039 -0.043757
v -0.375309 -0.428130 -0.044044
v -0.375336 -0.428268 -0.044310
v -0.375372 -0.428449 -0.044547
v -0.375415 -0.428669 -0.044749
v -0.375465 -0.428919 -0.044909
v -0.375519 -0.429192 -0.045022
v -0.378105 -0.442263 -0.043228
v -0.373371 -0.443200 -0.043228
v -0.373312 -0.442905 -0.043217
v -0.373255 -0.442612 -0.043258
v -0.373199 -0.442331 -0.043351
v -0.373147 -0.442070 -0.043491
v -0.373101 -0.441837 -0.043676
v -0.373062 -0.441639 -0.043900
v -0.373031 -0.441482 -0.044155
v -0.373009 -0.441371 -0.044434
v -0.372997 -0.441309 -0.044728
v -0.372995 -0.441298 -0.045029
v -0.373003 -0.441339 -0.045327
v -0.373021 -0.441429 -0.045614
v -0.373048 -0.441568 -0.045880
v -0.373084 -0.441749 -0.046117
v -0.373127 -0.441968 -0.046319
v -0.373177 -0.442218 -0.046479
v -0.373231 -0.442492 -0.046593
v -0.373288 -0.442781 -0.046656
v -0.378022 -0.441844 -0.046656
v -0.378047 -0.441968 -0.043217
v -0.377989 -0.441675 -0.043258
v -0.377933 -0.441394 -0.043351
v -0.377882 -0.441133 -0.043491
v -0.377835 -0.440900 -0.043676
v -0.377796 -0.440702 -0.043900
v -0.377765 -0.440545 -0.044155
v -0.377743 -0.440434 -0.044434
v -0.377731 -0.440372 -0.044728
v -0.377729 -0.440361 -0.045029
v -0.377737 -0.440402 -0.045327
v -0.377755 -0.440493 -0.045614
v -0.377782 -0.440631 -0.045880
v -0.377818 -0.440812 -0.046117
v -0.377861 -0.441032 -0.046319
v -0.377911 -0.441282 -0.046479
v -0.377965 -0.441555 -0.046593
v -0.380551 -0.454626 -0.044798
v -0.375817 -0.455563 -0.044798
v -0.375758 -0.455268 -0.044787
v -0.375701 -0.454975 -0.044828
v -0.375645 -0.454694 -0.044921
v -0.375593 -0.454433 -0.045062
v -0.375547 -0.454200 -0.045246
v -0.375508 -0.454002 -0.045470
v -0.375477 -0.453845 -0.045725
v -0.375455 -0.453734 -0.046004
v -0.375443 -0.453672 -0.046298
v -0.375441 -0.453661 -0.046599
v -0.375449 -0.453702 -0.046897
v -0.375467 -0.453792 -0.047184
v -0.375494 -0.453931 -0.047450
v -0.375530 -0.454112 -0.047687
v -0.375573 -0.454331 -0.047889
v -0.375623 -0.454581 -0.048049
v -0.375677 -0.454855 -0.048163
v -0.375734 -0.455144 -0.048226
v -0.380468 -0.454207 -0.048226
v -0.380493 -0.454331 -0.044787
v -0.380435 -0.454038 -0.044828
v -0.380379 -0.453757 -0.044921
v -0.380328 -0.453496 -0.045062
v -0.380281 -0.453263 -0.045246
v -0.380242 -0.453065 -0.045470
v -0.380211 -0.452908 -0.045725
v -0.380189 -0.452797 -0.046004
v -0.380177 -0.452735 -0.046298
v -0.380175 -0.452724 -0.046599
v -0.380183 -0.452765 -0.046897
v -0.380201 -0.452856 -0.047184
v -0.380228 -0.452994 -0.047450
v -0.380264 -0.453175 -0.047687
v -0.380307 -0.453394 -0.047889
v -0.380357 -0.453645 -0.048049
v -0.380411 -0.453918 -0.048163
v -0.382997 -0.466989 -0.046368
v -0.378263 -0.467926 -0.046368
v -0.378204 -0.467630 -0.046357
v -0.378147 -0.467338 -0.046398
v -0.378091 -0.467057 -0.046491
v -0.378039 -0.466796 -0.046632
v -0.377993 -0.466563 -0.046816
v -0.377954 -0.466365 -0.047040
v -0.377923 -0.466208 -0.047295
v -0.377901 -0.466097 -0.047574
v -0.377889 -0.466035 -0.047868
v -0.377887 -0.466024 -0.048169
v -0.377895 -0.466065 -0.048467
v -0.377913 -0.466155 -0.048754
v -0.377940 -0.466294 -0.049020
v -0.377976 -0.466475 -0.049257
v -0.378019 -0.466694 -0.049459
v -0.378069 -0.466944 -0.049619
v -0.378123 -0.467218 -0.049733
v -0.378180 -0.467507 -0.049796
v -0.382914 -0.466570 -0.049796
v -0.382939 -0.466694 -0.046357
v -0.382881 -0.466401 -0.046398
v -0.382825 -0.466120 -0.046491
v -0.382774 -0.465859 -0.046632
v -0.382727 -0.465626 -0.046816
v -0.382688 -0.465428 -0.047040
v -0.382657 -0.465271 -0.047295
v -0.382635 -0.465160 -0.047574
v -0.382623 -0.465098 -0.047868
v -0.382621 -0.465087 -0.048169
v -0.382629 -0.465128 -0.048467
v -0.382647 -0.465219 -0.048754
v -0.382674 -0.465357 -0.049020
v -0.382710 -0.465538 -0.049257
v -0.382753 -0.465757 -0.049459
v -0.382803 -0.466008 -0.049619
v -0.382857 -0.466281 -0.049733
v -0.385443 -0.479352 -0.047938
v -0.380709 -0.480289 -0.047938
v -0.380650 -0.479993 -0.047927
v -0.380593 -0.479701 -0.047968
v -0.380537 -0.479420 -0.048061
v -0.380485 -0.479159 -0.048202
v -0.380439 -0.478926 -0.048386
v -0.380400 -0.478728 -0.048610
v -0.380369 -0.478571 -0.048865
v -0.380347 -0.478460 -0.049144
v -0.380335 -0.478398 -0.049438
v -0.380333 -0.478387 -0.049739
v -0.380341 -0.478427 -0.050037
v -0.380359 -0.478518 -0.050324
v -0.380386 -0.478656 -0.050590
v -0.380422 -0.478838 -0.050827
v -0.380465 -0.479057 -0.051029
v -0.380515 -0.479307 -0.051189
v -0.380569 -0.479581 -0.051303
v -0.380626 -0.479870 -0.051366
v -0.385360 -0.478933 -0.051366
v -0.385385 -0.479057 -0.047927
v -0.385327 -0.478764 -0.047968
v -0.385271 -0.478483 -0.048061
v -0.385220 -0.478222 -0.048202
v -0.385173 -0.477989 -0.048386
v -0.385134 -0.477791 -0.048610
v -0.385103 -0.477634 -0.048865
v -0.385081 -0.477523 -0.049144
v -0.385069 -0.477461 -0.049438
v -0.385067 -0.477450 -0.049739
v -0.385075 -0.477491 -0.050037
v -0.385093 -0.477582 -0.050324
v -0.385120 -0.477720 -0.050590
v -0.385156 -0.477901 -0.050827
v -0.385199 -0.478120 -0.051029
v -0.385249 -0.478371 -0.051189
v -0.385303 -0.478644 -0.051303
v -0.387889 -0.491715 -0.049508
v -0.383155 -0.492651 -0.049508
v -0.383096 -0.492356 -0.049497
v -0.383039 -0.492064 -0.049538
v -0.382983 -0.491783 -0.049631
v -0.382931 -0.491522 -0.049772
v -0.382885 -0.491289 -0.049957
v -0.382846 -0.491091 -0.050180
v -0.382815 -0.490934 -0.050435
v -0.382793 -0.490823 -0.050714
v -0.382781 -0.490761 -0.051008
v -0.382779 -0.490750 -0.051309
v -0.382787 -0.490790 -0.051607
v -0.382805 -0.490881 -0.051894
v -0.382832 -0.491019 -0.052160
v -0.382868 -0.491201 -0.052398
v -0.382911 -0.491420 -0.052599
v -0.382961 -0.491670 -0.052759
v -0.383015 -0.491944 -0.052873
v -0.383072 -0.492233 -0.052936
v -0.387806 -0.491296 -0.052936
v -0.387831 -0.491420 -0.049497
v -0.387773 -0.491127 -0.049538
v -0.387717 -0.490846 -0.049631
v -0.387666 -0.490585 -0.049772
v -0.387619 -0.490352 -0.049957
v -0.387580 -0.490154 -0.050180
v -0.387549 -0.489997 -0.050435
v -0.387527 -0.489886 -0.050714
v -0.387515 -0.489824 -0.051008
v -0.387513 -0.489813 -0.051309
v -0.387521 -0.489854 -0.051607
v -0.387539 -0.489945 -0.051894
v -0.387566 -0.490083 -0.052160
v -0.387602 -0.490264 -0.052398
v -0.387645 -0.490483 -0.052599
v -0.387695 -0.490733 -0.052759
v -0.387749 -0.491007 -0.052873
v -0.390335 -0.504078 -0.051078
v -0.385601 -0.505014 -0.051078
v -0.385542 -0.504719 -0.051067
v -0.385485 -0.504427 -0.051108
v -0.385429 -0.504146 -0.051201
v -0.385377 -0.503885 -0.051342
v -0.385331 -0.503652 -0.051527
v -0.385292 -0.503454 -0.051750
v -0.385261 -0.503297 -0.052005
v -0.385239 -0.503186 -0.052284
v -0.385227 -0.503124 -0.052578
v -0.385225 -0.503113 -0.052879
v -0.385233 -0.503153 -0.053177
v -0.385251 -0.503244 -0.053464
v -0.385278 -0.503382 -0.053730
v -0.385314 -0.503564 -0.053968
v -0.385357 -0.503783 -0.054169
v -0.385407 -0.504033 -0.054329
v -0.385461 -0.504307 -0.054443
v -0.385518 -0.504595 -0.054506
v -0.390252 -0.503659 -0.054506
v -0.390277 -0.503783 -0.051067
v -0.390219 -0.503490 -0.051108
v -0.390163 -0.503209 -0.051201
v -0.390112 -0.502948 -0.051342
v -0.390065 -0.502715 -0.051527
v -0.390026 -0.502517 -0.051750
v -0.389995 -0.502360 -0.052005
v -0.389973 -0.502249 -0.052284
v -0.389961 -0.502187 -0.052578
v -0.389959 -0.502176 -0.052879
v -0.389967 -0.502217 -0.053177
v -0.389985 -0.502307 -0.053464
v -0.390012 -0.502446 -0.053730
v -0.390048 -0.502627 -0.053968
v -0.390091 -0.502846 -0.054169
v -0.390141 -0.503096 -0.054329
v -0.390195 -0.503370 -0.054443
v -0.387774 -0.515998 -0.081018
v -0.388542 -0.519882 -0.087173
v -0.389490 -0.524674 -0.092623
v -0.390594 -0.530252 -0.097230
v -0.391825 -0.536476 -0.100877
v -0.393153 -0.543188 -0.103473
v -0.394545 -0.550219 -0.104953
v -0.399279 -0.549282 -0.104953
v -0.392508 -0.515061 -0.081018
v -0.393277 -0.518945 -0.087173
v -0.394225 -0.523737 -0.092623
v -0.395328 -0.529315 -0.097230
v -0.396560 -0.535539 -0.100877
v -0.397888 -0.542251 -0.103473
v -0.403339 -0.569803 -0.100589
v -0.404623 -0.576293 -0.097507
v -0.405791 -0.582195 -0.093373
v -0.406810 -0.587346 -0.088303
v -0.407652 -0.591605 -0.082435
v -0.403473 -0.570481 -0.102466
v -0.399279 -0.549282 -0.104953
v -0.400697 -0.556448 -0.105277
v -0.402107 -0.563575 -0.104442
v -0.392508 -0.515061 -0.081018
v -0.393277 -0.518945 -0.087173
v -0.394225 -0.523737 -0.092623
v -0.395328 -0.529315 -0.097230
v -0.396560 -0.535539 -0.100877
v -0.397888 -0.542251 -0.103473
v -0.392084 -0.512918 -0.077623
v -0.391561 -0.510275 -0.074616
v -0.390952 -0.507197 -0.072074
v -0.390273 -0.503763 -0.070062
v -0.389540 -0.500060 -0.068629
v -0.388773 -0.496181 -0.067813
v -0.345885 -0.279410 -0.040285
v -0.346646 -0.283261 -0.008778
v -0.346110 -0.280548 -0.008677
v -0.345578 -0.277859 -0.009057
v -0.345067 -0.275276 -0.009907
v -0.344592 -0.272877 -0.011202
v -0.344168 -0.270735 -0.012902
v -0.343808 -0.268915 -0.014955
v -0.343523 -0.267472 -0.017299
v -0.343321 -0.266451 -0.019863
v -0.343208 -0.265882 -0.022569
v -0.343188 -0.265782 -0.025334
v -0.343262 -0.266155 -0.028075
v -0.343427 -0.266990 -0.030708
v -0.343679 -0.268260 -0.033154
v -0.344008 -0.269927 -0.035338
v -0.344407 -0.271941 -0.037193
v -0.344862 -0.274241 -0.038663
v -0.345359 -0.276756 -0.039704
v -0.389534 -0.500031 -0.036307
v -0.390317 -0.503988 -0.036486
v -0.391096 -0.507923 -0.036024
v -0.391850 -0.511736 -0.034931
v -0.392562 -0.515332 -0.033237
v -0.393212 -0.518618 -0.030984
v -0.393785 -0.521513 -0.028228
v -0.407982 -0.593273 -0.083487
v -0.408681 -0.596804 -0.076349
v -0.409129 -0.599070 -0.068696
v -0.409314 -0.600004 -0.060759
v -0.409229 -0.599576 -0.052777
v -0.408878 -0.597801 -0.044991
v -0.408271 -0.594731 -0.037635
v -0.407426 -0.590458 -0.030931
v -0.406368 -0.585113 -0.025082
v -0.405130 -0.578856 -0.020263
v -0.403749 -0.571875 -0.016621
v -0.402266 -0.564382 -0.014264
v -0.400727 -0.556601 -0.013265
v -0.399177 -0.548769 -0.013652
v -0.397664 -0.541120 -0.015415
v -0.396232 -0.533885 -0.018500
v -0.394926 -0.527283 -0.022814
v -0.395835 -0.531876 -0.087622
v -0.395940 -0.532407 -0.087738
v -0.396040 -0.532910 -0.087946
v -0.396131 -0.533370 -0.088240
v -0.396210 -0.533773 -0.088611
v -0.396276 -0.534106 -0.089048
v -0.396326 -0.534360 -0.089537
v -0.396359 -0.534527 -0.090063
v -0.396374 -0.534602 -0.090612
v -0.396370 -0.534582 -0.091165
v -0.396348 -0.534468 -0.091706
v -0.396307 -0.534264 -0.092219
v -0.396250 -0.533975 -0.092687
v -0.396178 -0.533611 -0.093098
v -0.396094 -0.533183 -0.093438
v -0.395999 -0.532703 -0.093697
v -0.395896 -0.532186 -0.093867
v -0.395790 -0.531649 -0.093943
v -0.395683 -0.531106 -0.093923
v -0.395578 -0.530575 -0.093807
v -0.395478 -0.530072 -0.093599
v -0.395387 -0.529612 -0.093304
v -0.395307 -0.529209 -0.092933
v -0.395241 -0.528876 -0.092497
v -0.395191 -0.528622 -0.092008
v -0.395158 -0.528455 -0.091481
v -0.395143 -0.528380 -0.090933
v -0.395147 -0.528400 -0.090380
v -0.395170 -0.528514 -0.089839
v -0.395210 -0.528718 -0.089326
v -0.395267 -0.529007 -0.088857
v -0.395339 -0.529371 -0.088446
v -0.395424 -0.529799 -0.088106
v -0.395519 -0.530279 -0.087847
v -0.395621 -0.530796 -0.087677
v -0.395728 -0.531334 -0.087601
v -0.403443 -0.570328 -0.092505
v -0.403548 -0.570859 -0.092621
v -0.403647 -0.571362 -0.092829
v -0.403738 -0.571822 -0.093123
v -0.403818 -0.572224 -0.093494
v -0.403884 -0.572558 -0.093931
v -0.403934 -0.572812 -0.094420
v -0.403967 -0.572979 -0.094947
v -0.403982 -0.573053 -0.095495
v -0.403978 -0.573033 -0.096048
v -0.403955 -0.572920 -0.096589
v -0.403915 -0.572715 -0.097102
v -0.403858 -0.572427 -0.097571
v -0.403786 -0.572063 -0.097981
v -0.403701 -0.571634 -0.098321
v -0.403606 -0.571155 -0.098580
v -0.403504 -0.570638 -0.098750
v -0.403398 -0.570100 -0.098826
v -0.403290 -0.569558 -0.098806
v -0.403185 -0.569027 -0.098690
v -0.403086 -0.568524 -0.098482
v -0.402995 -0.568064 -0.098188
v -0.402915 -0.567661 -0.097817
v -0.402849 -0.567328 -0.097380
v -0.402799 -0.567074 -0.096891
v -0.402766 -0.566907 -0.096364
v -0.402751 -0.566832 -0.095816
v -0.402755 -0.566852 -0.095263
v -0.402777 -0.566966 -0.094722
v -0.402818 -0.567170 -0.094209
v -0.402875 -0.567459 -0.093740
v -0.402947 -0.567823 -0.093329
v -0.403032 -0.568251 -0.092990
v -0.403127 -0.568731 -0.092731
v -0.403229 -0.569247 -0.092560
v -0.403335 -0.569785 -0.092484
v -0.408067 -0.593702 -0.061001
v -0.408172 -0.594233 -0.061117
v -0.408272 -0.594736 -0.061325
v -0.408363 -0.595196 -0.061619
v -0.408443 -0.595599 -0.061990
v -0.408508 -0.595932 -0.062427
v -0.408559 -0.596186 -0.062916
v -0.408592 -0.596353 -0.063443
v -0.408607 -0.596428 -0.063991
v -0.408603 -0.596408 -0.064544
v -0.408580 -0.596294 -0.065085
v -0.408540 -0.596090 -0.065598
v -0.408483 -0.595801 -0.066067
v -0.408411 -0.595437 -0.066477
v -0.408326 -0.595009 -0.066817
v -0.408231 -0.594529 -0.067076
v -0.408129 -0.594012 -0.067246
v -0.408022 -0.593475 -0.067322
v -0.407915 -0.592932 -0.067302
v -0.407810 -0.592401 -0.067186
v -0.407710 -0.591898 -0.066978
v -0.407619 -0.591438 -0.066684
v -0.407540 -0.591035 -0.066313
v -0.407474 -0.590702 -0.065876
v -0.407423 -0.590448 -0.065387
v -0.407390 -0.590281 -0.064860
v -0.407376 -0.590206 -0.064312
v -0.407380 -0.590226 -0.063759
v -0.407402 -0.590340 -0.063218
v -0.407443 -0.590544 -0.062705
v -0.407500 -0.590833 -0.062236
v -0.407572 -0.591197 -0.061825
v -0.407656 -0.591625 -0.061485
v -0.407751 -0.592105 -0.061227
v -0.407854 -0.592622 -0.061056
v -0.407960 -0.593160 -0.060980
v -0.405084 -0.578625 -0.024614
v -0.405189 -0.579156 -0.024730
v -0.405289 -0.579659 -0.024938
v -0.405380 -0.580119 -0.025232
v -0.405459 -0.580521 -0.025603
v -0.405525 -0.580855 -0.026040
v -0.405576 -0.581109 -0.026529
v -0.405609 -0.581276 -0.027055
v -0.405623 -0.581350 -0.027604
v -0.405620 -0.581330 -0.028157
v -0.405597 -0.581217 -0.028698
v -0.405557 -0.581012 -0.029211
v -0.405500 -0.580724 -0.029679
v -0.405428 -0.580360 -0.030090
v -0.405343 -0.579931 -0.030430
v -0.405248 -0.579452 -0.030689
v -0.405146 -0.578935 -0.030859
v -0.405039 -0.578397 -0.030935
v -0.404932 -0.577855 -0.030915
v -0.404827 -0.577324 -0.030799
v -0.404727 -0.576821 -0.030591
v -0.404636 -0.576361 -0.030296
v -0.404557 -0.575958 -0.029925
v -0.404491 -0.575625 -0.029489
v -0.404440 -0.575371 -0.029000
v -0.404407 -0.575204 -0.028473
v -0.404393 -0.575129 -0.027925
v -0.404397 -0.575149 -0.027372
v -0.404419 -0.575263 -0.026831
v -0.404459 -0.575467 -0.026318
v -0.404517 -0.575756 -0.025849
v -0.404589 -0.576120 -0.025438
v -0.404673 -0.576548 -0.025098
v -0.404768 -0.577028 -0.024839
v -0.404870 -0.577544 -0.024669
v -0.404977 -0.578082 -0.024593
v -0.390252 -0.503659 -0.054506
v -0.390311 -0.503954 -0.054517
v -0.390368 -0.504247 -0.054475
v -0.390424 -0.504528 -0.054383
v -0.390476 -0.504789 -0.054242
v -0.390522 -0.505022 -0.054057
v -0.390561 -0.505220 -0.053834
v -0.390592 -0.505377 -0.053579
v -0.390614 -0.505488 -0.053300
v -0.390626 -0.505550 -0.053005
v -0.390628 -0.505560 -0.052704
v -0.390620 -0.505520 -0.052406
v -0.390602 -0.505429 -0.052120
v -0.390575 -0.505291 -0.051854
v -0.390539 -0.505110 -0.051616
v -0.390496 -0.504890 -0.051414
v -0.390446 -0.504640 -0.051254
v -0.390392 -0.504367 -0.051141
v -0.390335 -0.504078 -0.051078
v -0.390277 -0.503783 -0.051067
v -0.390219 -0.503490 -0.051108
v -0.390163 -0.503209 -0.051201
v -0.390112 -0.502948 -0.051342
v -0.390065 -0.502715 -0.051527
v -0.390026 -0.502517 -0.051750
v -0.389995 -0.502360 -0.052005
v -0.389973 -0.502249 -0.052284
v -0.389961 -0.502187 -0.052578
v -0.389959 -0.502176 -0.052879
v -0.389967 -0.502217 -0.053177
v -0.389985 -0.502307 -0.053464
v -0.390012 -0.502446 -0.053730
v -0.390048 -0.502627 -0.053968
v -0.390091 -0.502846 -0.054169
v -0.390141 -0.503096 -0.054329
v -0.390195 -0.503370 -0.054443
v -0.387806 -0.491296 -0.052936
v -0.387865 -0.491591 -0.052947
v -0.387922 -0.491884 -0.052905
v -0.387978 -0.492165 -0.052813
v -0.388030 -0.492426 -0.052672
v -0.388076 -0.492659 -0.052487
v -0.388115 -0.492857 -0.052264
v -0.388146 -0.493014 -0.052009
v -0.388168 -0.493125 -0.051730
v -0.388180 -0.493187 -0.051435
v -0.388182 -0.493198 -0.051134
v -0.388174 -0.493157 -0.050836
v -0.388156 -0.493066 -0.050550
v -0.388129 -0.492928 -0.050284
v -0.388093 -0.492747 -0.050046
v -0.388050 -0.492527 -0.049844
v -0.388000 -0.492277 -0.049684
v -0.387946 -0.492004 -0.049571
v -0.387889 -0.491715 -0.049508
v -0.387831 -0.491420 -0.049497
v -0.387773 -0.491127 -0.049538
v -0.387717 -0.490846 -0.049631
v -0.387666 -0.490585 -0.049772
v -0.387619 -0.490352 -0.049957
v -0.387580 -0.490154 -0.050180
v -0.387549 -0.489997 -0.050435
v -0.387527 -0.489886 -0.050714
v -0.387515 -0.489824 -0.051008
v -0.387513 -0.489813 -0.051309
v -0.387521 -0.489854 -0.051607
v -0.387539 -0.489945 -0.051894
v -0.387566 -0.490083 -0.052160
v -0.387602 -0.490264 -0.052398
v -0.387645 -0.490483 -0.052599
v -0.387695 -0.490733 -0.052759
v -0.387749 -0.491007 -0.052873
v -0.385360 -0.478933 -0.051366
v -0.385419 -0.479228 -0.051377
v -0.385476 -0.479521 -0.051335
v -0.385532 -0.479802 -0.051243
v -0.385584 -0.480063 -0.051102
v -0.385630 -0.480296 -0.050917
v -0.385669 -0.480494 -0.050694
v -0.385700 -0.480651 -0.050439
v -0.385722 -0.480762 -0.050160
v -0.385734 -0.480824 -0.049865
v -0.385736 -0.480835 -0.049564
v -0.385728 -0.480794 -0.049266
v -0.385710 -0.480703 -0.048980
v -0.385683 -0.480565 -0.048714
v -0.385647 -0.480384 -0.048476
v -0.385604 -0.480165 -0.048274
v -0.385554 -0.479914 -0.048114
v -0.385500 -0.479641 -0.048001
v -0.385443 -0.479352 -0.047938
v -0.385385 -0.479057 -0.047927
v -0.385327 -0.478764 -0.047968
v -0.385271 -0.478483 -0.048061
v -0.385220 -0.478222 -0.048202
v -0.385173 -0.477989 -0.048386
v -0.385134 -0.477791 -0.048610
v -0.385103 -0.477634 -0.048865
v -0.385081 -0.477523 -0.049144
v -0.385069 -0.477461 -0.049438
v -0.385067 -0.477450 -0.049739
v -0.385075 -0.477491 -0.050037
v -0.385093 -0.477582 -0.050324
v -0.385120 -0.477720 -0.050590
v -0.385156 -0.477901 -0.050827
v -0.385199 -0.478120 -0.051029
v -0.385249 -0.478371 -0.051189
v -0.385303 -0.478644 -0.051303
v -0.382914 -0.466570 -0.049796
v -0.382973 -0.466865 -0.049807
v -0.383030 -0.467158 -0.049765
v -0.383086 -0.467439 -0.049673
v -0.383138 -0.467700 -0.049532
v -0.383184 -0.467933 -0.049347
v -0.383223 -0.468131 -0.049124
v -0.383254 -0.468288 -0.048869
v -0.383276 -0.468399 -0.048590
v -0.383288 -0.468461 -0.048295
v -0.383290 -0.468472 -0.047994
v -0.383282 -0.468431 -0.047696
v -0.383264 -0.468340 -0.047410
v -0.383237 -0.468202 -0.047144
v -0.383201 -0.468021 -0.046906
v -0.383158 -0.467802 -0.046704
v -0.383108 -0.467551 -0.046544
v -0.383054 -0.467278 -0.046431
v -0.382997 -0.466989 -0.046368
v -0.382939 -0.466694 -0.046357
v -0.382881 -0.466401 -0.046398
v -0.382825 -0.466120 -0.046491
v -0.382774 -0.465859 -0.046632
v -0.382727 -0.465626 -0.046816
v -0.382688 -0.465428 -0.047040
v -0.382657 -0.465271 -0.047295
v -0.382635 -0.465160 -0.047574
v -0.382623 -0.465098 -0.047868
v -0.382621 -0.465087 -0.048169
v -0.382629 -0.465128 -0.048467
v -0.382647 -0.465219 -0.048754
v -0.382674 -0.465357 -0.049020
v -0.382710 -0.465538 -0.049257
v -0.382753 -0.465757 -0.049459
v -0.382803 -0.466008 -0.049619
v -0.382857 -0.466281 -0.049733
v -0.380468 -0.454207 -0.048226
v -0.380527 -0.454502 -0.048237
v -0.380584 -0.454795 -0.048195
v -0.380640 -0.455076 -0.048103
v -0.380692 -0.455337 -0.047962
v -0.380738 -0.455570 -0.047777
v -0.380777 -0.455768 -0.047554
v -0.380808 -0.455925 -0.047299
v -0.380830 -0.456036 -0.047020
v -0.380842 -0.456098 -0.046725
v -0.380844 -0.456109 -0.046424
v -0.380836 -0.456068 -0.046126
v -0.380818 -0.455977 -0.045840
v -0.380791 -0.455839 -0.045574
v -0.380755 -0.455658 -0.045336
v -0.380712 -0.455439 -0.045134
v -0.380662 -0.455188 -0.044974
v -0.380608 -0.454915 -0.044861
v -0.380551 -0.454626 -0.044798
v -0.380493 -0.454331 -0.044787
v -0.380435 -0.454038 -0.044828
v -0.380379 -0.453757 -0.044921
v -0.380328 -0.453496 -0.045062
v -0.380281 -0.453263 -0.045246
v -0.380242 -0.453065 -0.045470
v -0.380211 -0.452908 -0.045725
v -0.380189 -0.452797 -0.046004
v -0.380177 -0.452735 -0.046298
v -0.380175 -0.452724 -0.046599
v -0.380183 -0.452765 -0.046897
v -0.380201 -0.452856 -0.047184
v -0.380228 -0.452994 -0.047450
v -0.380264 -0.453175 -0.047687
v -0.380307 -0.453394 -0.047889
v -0.380357 -0.453645 -0.048049
v -0.380411 -0.453918 -0.048163
v -0.378022 -0.441844 -0.046656
v -0.378081 -0.442139 -0.046667
v -0.378138 -0.442432 -0.046625
v -0.378194 -0.442713 -0.046533
v -0.378246 -0.442974 -0.046392
v -0.378292 -0.443207 -0.046207
v -0.378331 -0.443405 -0.045984
v -0.378362 -0.443562 -0.045729
v -0.378384 -0.443673 -0.045450
v -0.378396 -0.443735 -0.045155
v -0.378398 -0.443746 -0.044854
v -0.378390 -0.443705 -0.044556
v -0.378372 -0.443614 -0.044270
v -0.378345 -0.443476 -0.044004
v -0.378309 -0.443295 -0.043766
v -0.378266 -0.443076 -0.043564
v -0.378216 -0.442826 -0.043404
v -0.378162 -0.442552 -0.043291
v -0.378105 -0.442263 -0.043228
v -0.378047 -0.441968 -0.043217
v -0.377989 -0.441675 -0.043258
v -0.377933 -0.441394 -0.043351
v -0.377882 -0.441133 -0.043491
v -0.377835 -0.440900 -0.043676
v -0.377796 -0.440702 -0.043900
v -0.377765 -0.440545 -0.044155
v -0.377743 -0.440434 -0.044434
v -0.377731 -0.440372 -0.044728
v -0.377729 -0.440361 -0.045029
v -0.377737 -0.440402 -0.045327
v -0.377755 -0.440493 -0.045614
v -0.377782 -0.440631 -0.045880
v -0.377818 -0.440812 -0.046117
v -0.377861 -0.441032 -0.046319
v -0.377911 -0.441282 -0.046479
v -0.377965 -0.441555 -0.046593
v -0.375576 -0.429481 -0.045086
v -0.375635 -0.429776 -0.045097
v -0.375692 -0.430069 -0.045055
v -0.375748 -0.430350 -0.044963
v -0.375800 -0.430611 -0.044822
v -0.375846 -0.430844 -0.044637
v -0.375885 -0.431042 -0.044414
v -0.375916 -0.431199 -0.044159
v -0.375938 -0.431310 -0.043880
v -0.375950 -0.431372 -0.043585
v -0.375952 -0.431383 -0.043284
v -0.375944 -0.431342 -0.042986
v -0.375926 -0.431252 -0.042700
v -0.375899 -0.431113 -0.042434
v -0.375863 -0.430932 -0.042196
v -0.375820 -0.430713 -0.041994
v -0.375770 -0.430463 -0.041834
v -0.375716 -0.430189 -0.041721
v -0.375659 -0.429900 -0.041658
v -0.375601 -0.429605 -0.041647
v -0.375543 -0.429312 -0.041688
v -0.375487 -0.429031 -0.041781
v -0.375436 -0.428770 -0.041921
v -0.375389 -0.428537 -0.042106
v -0.375350 -0.428339 -0.042330
v -0.375319 -0.428182 -0.042585
v -0.375297 -0.428071 -0.042864
v -0.375285 -0.428009 -0.043158
v -0.375283 -0.427999 -0.043459
v -0.375291 -0.428039 -0.043757
v -0.375309 -0.428130 -0.044044
v -0.375336 -0.428268 -0.044310
v -0.375372 -0.428449 -0.044547
v -0.375415 -0.428669 -0.044749
v -0.375465 -0.428919 -0.044909
v -0.375519 -0.429192 -0.045022
v -0.373130 -0.417118 -0.043516
v -0.373189 -0.417413 -0.043527
v -0.373246 -0.417706 -0.043485
v -0.373302 -0.417987 -0.043393
v -0.373354 -0.418248 -0.043252
v -0.373400 -0.418481 -0.043067
v -0.373439 -0.418679 -0.042844
v -0.373470 -0.418836 -0.042588
v -0.373492 -0.418947 -0.042310
v -0.373504 -0.419009 -0.042015
v -0.373506 -0.419020 -0.041714
v -0.373498 -0.418979 -0.041416
v -0.373480 -0.418889 -0.041130
v -0.373453 -0.418750 -0.040863
v -0.373417 -0.418569 -0.040626
v -0.373374 -0.418350 -0.040424
v -0.373324 -0.418100 -0.040264
v -0.373270 -0.417826 -0.040151
v -0.373213 -0.417537 -0.040088
v -0.373155 -0.417242 -0.040077
v -0.373097 -0.416950 -0.040118
v -0.373041 -0.416668 -0.040211
v -0.372990 -0.416407 -0.040351
v -0.372943 -0.416174 -0.040536
v -0.372904 -0.415976 -0.040760
v -0.372873 -0.415819 -0.041015
v -0.372851 -0.415708 -0.041294
v -0.372839 -0.415646 -0.041588
v -0.372837 -0.415636 -0.041889
v -0.372845 -0.415676 -0.042187
v -0.372863 -0.415767 -0.042474
v -0.372890 -0.415905 -0.042740
v -0.372926 -0.416087 -0.042977
v -0.372969 -0.416306 -0.043179
v -0.373019 -0.416556 -0.043339
v -0.373073 -0.416830 -0.043452
v -0.370684 -0.404755 -0.041946
v -0.370743 -0.405051 -0.041957
v -0.370800 -0.405343 -0.041915
v -0.370856 -0.405624 -0.041823
v -0.370908 -0.405885 -0.041682
v -0.370954 -0.406118 -0.041497
v -0.370993 -0.406316 -0.041274
v -0.371024 -0.406473 -0.041018
v -0.371046 -0.406584 -0.040740
v -0.371058 -0.406646 -0.040445
v -0.371060 -0.406657 -0.040144
v -0.371052 -0.406616 -0.039846
v -0.371034 -0.406526 -0.039560
v -0.371007 -0.406387 -0.039293
v -0.370971 -0.406206 -0.039056
v -0.370928 -0.405987 -0.038854
v -0.370878 -0.405737 -0.038694
v -0.370824 -0.405463 -0.038581
v -0.370767 -0.405174 -0.038518
v -0.370709 -0.404879 -0.038507
v -0.370651 -0.404587 -0.038548
v -0.370595 -0.404306 -0.038641
v -0.370544 -0.404045 -0.038781
v -0.370497 -0.403811 -0.038966
v -0.370458 -0.403613 -0.039190
v -0.370427 -0.403457 -0.039445
v -0.370405 -0.403345 -0.039724
v -0.370393 -0.403283 -0.040018
v -0.370391 -0.403273 -0.040319
v -0.370399 -0.403313 -0.040617
v -0.370417 -0.403404 -0.040904
v -0.370444 -0.403542 -0.041170
v -0.370480 -0.403724 -0.041407
v -0.370523 -0.403943 -0.041609
v -0.370573 -0.404193 -0.041769
v -0.370627 -0.404467 -0.041882
v -0.368238 -0.392392 -0.040376
v -0.368297 -0.392688 -0.040387
v -0.368354 -0.392980 -0.040345
v -0.368410 -0.393261 -0.040253
v -0.368462 -0.393522 -0.040112
v -0.368508 -0.393755 -0.039927
v -0.368547 -0.393953 -0.039703
v -0.368578 -0.394110 -0.039448
v -0.368600 -0.394221 -0.039169
v -0.368612 -0.394283 -0.038875
v -0.368614 -0.394294 -0.038574
v -0.368606 -0.394254 -0.038276
v -0.368588 -0.394163 -0.037990
v -0.368561 -0.394025 -0.037723
v -0.368525 -0.393843 -0.037486
v -0.368482 -0.393624 -0.037284
v -0.368432 -0.393374 -0.037124
v -0.368378 -0.393100 -0.037011
v -0.368321 -0.392811 -0.036948
v -0.368263 -0.392516 -0.036937
v -0.368205 -0.392224 -0.036978
v -0.368149 -0.391943 -0.037070
v -0.368098 -0.391682 -0.037211
v -0.368051 -0.391449 -0.037396
v -0.368012 -0.391251 -0.037620
v -0.367981 -0.391094 -0.037875
v -0.367959 -0.390982 -0.038154
v -0.367947 -0.390921 -0.038448
v -0.367945 -0.390910 -0.038749
v -0.367953 -0.390950 -0.039047
v -0.367971 -0.391041 -0.039334
v -0.367998 -0.391179 -0.039600
v -0.368034 -0.391361 -0.039837
v -0.368077 -0.391580 -0.040039
v -0.368127 -0.391830 -0.040199
v -0.368181 -0.392104 -0.040312
v -0.365792 -0.380030 -0.038806
v -0.365851 -0.380325 -0.038817
v -0.365908 -0.380617 -0.038775
v -0.365964 -0.380898 -0.038683
v -0.366016 -0.381159 -0.038542
v -0.366062 -0.381392 -0.038357
v -0.366101 -0.381590 -0.038133
v -0.366132 -0.381747 -0.037878
v -0.366154 -0.381858 -0.037599
v -0.366166 -0.381920 -0.037305
v -0.366168 -0.381931 -0.037004
v -0.366160 -0.381891 -0.036706
v -0.366142 -0.381800 -0.036420
v -0.366115 -0.381662 -0.036153
v -0.366079 -0.381480 -0.035916
v -0.366036 -0.381261 -0.035714
v -0.365986 -0.381011 -0.035554
v -0.365932 -0.380737 -0.035441
v -0.365875 -0.380448 -0.035378
v -0.365817 -0.380153 -0.035367
v -0.365759 -0.379861 -0.035408
v -0.365703 -0.379580 -0.035500
v -0.365652 -0.379319 -0.035641
v -0.365605 -0.379086 -0.035826
v -0.365566 -0.378888 -0.036050
v -0.365535 -0.378731 -0.036305
v -0.365513 -0.378620 -0.036584
v -0.365501 -0.378558 -0.036878
v -0.365499 -0.378547 -0.037179
v -0.365507 -0.378587 -0.037477
v -0.365525 -0.378678 -0.037764
v -0.365552 -0.378816 -0.038030
v -0.365588 -0.378998 -0.038267
v -0.365631 -0.379217 -0.038469
v -0.365681 -0.379467 -0.038629
v -0.365735 -0.379741 -0.038742
v -0.363346 -0.367667 -0.037235
v -0.363405 -0.367962 -0.037247
v -0.363462 -0.368254 -0.037205
v -0.363518 -0.368535 -0.037113
v -0.363570 -0.368796 -0.036972
v -0.363616 -0.369029 -0.036787
v -0.363655 -0.369227 -0.036563
v -0.363686 -0.369384 -0.036308
v -0.363708 -0.369495 -0.036029
v -0.363720 -0.369557 -0.035735
v -0.363722 -0.369568 -0.035434
v -0.363714 -0.369528 -0.035136
v -0.363696 -0.369437 -0.034849
v -0.363669 -0.369299 -0.034583
v -0.363633 -0.369117 -0.034346
v -0.363590 -0.368898 -0.034144
v -0.363540 -0.368648 -0.033984
v -0.363486 -0.368374 -0.033871
v -0.363429 -0.368086 -0.033808
v -0.363371 -0.367790 -0.033797
v -0.363313 -0.367498 -0.033838
v -0.363257 -0.367217 -0.033930
v -0.363205 -0.366956 -0.034071
v -0.363159 -0.366723 -0.034256
v -0.363120 -0.366525 -0.034480
v -0.363089 -0.366368 -0.034735
v -0.363067 -0.366257 -0.035014
v -0.363055 -0.366195 -0.035308
v -0.363053 -0.366184 -0.035609
v -0.363061 -0.366224 -0.035907
v -0.363079 -0.366315 -0.036194
v -0.363106 -0.366453 -0.036460
v -0.363142 -0.366635 -0.036697
v -0.363185 -0.366854 -0.036899
v -0.363235 -0.367104 -0.037059
v -0.363289 -0.367378 -0.037172
v -0.360900 -0.355304 -0.035665
v -0.360959 -0.355599 -0.035676
v -0.361016 -0.355891 -0.035635
v -0.361072 -0.356172 -0.035543
v -0.361124 -0.356433 -0.035402
v -0.361170 -0.356666 -0.035217
v -0.361209 -0.356864 -0.034993
v -0.361240 -0.357021 -0.034738
v -0.361262 -0.357133 -0.034459
v -0.361274 -0.357194 -0.034165
v -0.361276 -0.357205 -0.033864
v -0.361268 -0.357165 -0.033566
v -0.361250 -0.357074 -0.033279
v -0.361223 -0.356936 -0.033013
v -0.361187 -0.356754 -0.032776
v -0.361144 -0.356535 -0.032574
v -0.361094 -0.356285 -0.032414
v -0.361040 -0.356011 -0.032301
v -0.360983 -0.355723 -0.032238
v -0.360925 -0.355427 -0.032227
v -0.360867 -0.355135 -0.032268
v -0.360811 -0.354854 -0.032360
v -0.360759 -0.354593 -0.032501
v -0.360713 -0.354360 -0.032686
v -0.360674 -0.354162 -0.032910
v -0.360643 -0.354005 -0.033165
v -0.360621 -0.353894 -0.033444
v -0.360609 -0.353832 -0.033738
v -0.360607 -0.353821 -0.034039
v -0.360615 -0.353862 -0.034337
v -0.360633 -0.353952 -0.034624
v -0.360660 -0.354090 -0.034890
v -0.360696 -0.354272 -0.035127
v -0.360739 -0.354491 -0.035329
v -0.360789 -0.354741 -0.035489
v -0.360843 -0.355015 -0.035602
v -0.358454 -0.342941 -0.034095
v -0.358513 -0.343236 -0.034106
v -0.358570 -0.343528 -0.034065
v -0.358626 -0.343809 -0.033973
v -0.358678 -0.344070 -0.033832
v -0.358724 -0.344304 -0.033647
v -0.358763 -0.344502 -0.033423
v -0.358794 -0.344659 -0.033168
v -0.358816 -0.344770 -0.032889
v -0.358828 -0.344832 -0.032595
v -0.358830 -0.344842 -0.032294
v -0.358822 -0.344802 -0.031996
v -0.358804 -0.344711 -0.031709
v -0.358777 -0.344573 -0.031443
v -0.358741 -0.344391 -0.031206
v -0.358698 -0.344172 -0.031004
v -0.358648 -0.343922 -0.030844
v -0.358594 -0.343648 -0.030731
v -0.358537 -0.343360 -0.030668
v -0.358479 -0.343064 -0.030656
v -0.358421 -0.342772 -0.030698
v -0.358365 -0.342491 -0.030790
v -0.358313 -0.342230 -0.030931
v -0.358267 -0.341997 -0.031116
v -0.358228 -0.341799 -0.031340
v -0.358197 -0.341642 -0.031595
v -0.358175 -0.341531 -0.031874
v -0.358163 -0.341469 -0.032168
v -0.358161 -0.341458 -0.032469
v -0.358169 -0.341499 -0.032767
v -0.358187 -0.341589 -0.033054
v -0.358214 -0.341728 -0.033320
v -0.358250 -0.341909 -0.033557
v -0.358293 -0.342128 -0.033759
v -0.358343 -0.342378 -0.033919
v -0.358397 -0.342652 -0.034032
v -0.356008 -0.330578 -0.032525
v -0.356067 -0.330873 -0.032536
v -0.356124 -0.331165 -0.032495
v -0.356180 -0.331447 -0.032403
v -0.356232 -0.331708 -0.032262
v -0.356278 -0.331941 -0.032077
v -0.356317 -0.332139 -0.031853
v -0.356348 -0.332296 -0.031598
v -0.356370 -0.332407 -0.031319
v -0.356382 -0.332469 -0.031025
v -0.356384 -0.332479 -0.030724
v -0.356376 -0.332439 -0.030426
v -0.356358 -0.332348 -0.030139
v -0.356331 -0.332210 -0.029873
v -0.356295 -0.332028 -0.029636
v -0.356252 -0.331809 -0.029434
v -0.356202 -0.331559 -0.029274
v -0.356148 -0.331285 -0.029161
v -0.356091 -0.330997 -0.029098
v -0.356033 -0.330702 -0.029086
v -0.355975 -0.330409 -0.029128
v -0.355919 -0.330128 -0.029220
v -0.355867 -0.329867 -0.029361
v -0.355821 -0.329634 -0.029546
v -0.355782 -0.329436 -0.029770
v -0.355751 -0.329279 -0.030025
v -0.355729 -0.329168 -0.030304
v -0.355717 -0.329106 -0.030598
v -0.355715 -0.329095 -0.030899
v -0.355723 -0.329136 -0.031197
v -0.355741 -0.329226 -0.031484
v -0.355768 -0.329365 -0.031750
v -0.355804 -0.329546 -0.031987
v -0.355847 -0.329765 -0.032189
v -0.355897 -0.330015 -0.032349
v -0.355951 -0.330289 -0.032462
v -0.353562 -0.318215 -0.030955
v -0.353621 -0.318510 -0.030966
v -0.353678 -0.318803 -0.030925
v -0.353734 -0.319084 -0.030833
v -0.353786 -0.319345 -0.030692
v -0.353832 -0.319578 -0.030507
v -0.353871 -0.319776 -0.030283
v -0.353902 -0.319933 -0.030028
v -0.353924 -0.320044 -0.029749
v -0.353936 -0.320106 -0.029455
v -0.353938 -0.320117 -0.029154
v -0.353930 -0.320076 -0.028856
v -0.353912 -0.319985 -0.028569
v -0.353885 -0.319847 -0.028303
v -0.353849 -0.319666 -0.028066
v -0.353806 -0.319446 -0.027864
v -0.353756 -0.319196 -0.027704
v -0.353702 -0.318923 -0.027591
v -0.353645 -0.318634 -0.027527
v -0.353587 -0.318339 -0.027516
v -0.353529 -0.318046 -0.027558
v -0.353473 -0.317765 -0.027650
v -0.353421 -0.317504 -0.027791
v -0.353375 -0.317271 -0.027976
v -0.353336 -0.317073 -0.028200
v -0.353305 -0.316916 -0.028455
v -0.353283 -0.316805 -0.028734
v -0.353271 -0.316743 -0.029028
v -0.353269 -0.316732 -0.029329
v -0.353277 -0.316773 -0.029627
v -0.353295 -0.316863 -0.029913
v -0.353322 -0.317002 -0.030180
v -0.353358 -0.317183 -0.030417
v -0.353401 -0.317402 -0.030619
v -0.353451 -0.317652 -0.030779
v -0.353505 -0.317926 -0.030892
v -0.351116 -0.305852 -0.029385
v -0.351174 -0.306147 -0.029396
v -0.351232 -0.306440 -0.029355
v -0.351288 -0.306721 -0.029262
v -0.351340 -0.306982 -0.029122
v -0.351386 -0.307215 -0.028937
v -0.351425 -0.307413 -0.028713
v -0.351456 -0.307570 -0.028458
v -0.351478 -0.307681 -0.028179
v -0.351490 -0.307743 -0.027885
v -0.351492 -0.307754 -0.027584
v -0.351484 -0.307713 -0.027286
v -0.351466 -0.307622 -0.026999
v -0.351439 -0.307484 -0.026733
v -0.351403 -0.307303 -0.026496
v -0.351360 -0.307083 -0.026294
v -0.351310 -0.306833 -0.026134
v -0.351256 -0.306560 -0.026021
v -0.351199 -0.306271 -0.025957
v -0.351141 -0.305976 -0.025946
v -0.351083 -0.305683 -0.025988
v -0.351027 -0.305402 -0.026080
v -0.350975 -0.305141 -0.026221
v -0.350929 -0.304908 -0.026406
v -0.350890 -0.304710 -0.026630
v -0.350859 -0.304553 -0.026885
v -0.350837 -0.304442 -0.027164
v -0.350825 -0.304380 -0.027458
v -0.350823 -0.304369 -0.027759
v -0.350831 -0.304410 -0.028057
v -0.350849 -0.304501 -0.028343
v -0.350876 -0.304639 -0.028610
v -0.350912 -0.304820 -0.028847
v -0.350955 -0.305039 -0.029049
v -0.351005 -0.305289 -0.029209
v -0.351059 -0.305563 -0.029322
v -0.399584 -0.550822 -0.092350
v -0.400711 -0.556519 -0.092563
v -0.401828 -0.562166 -0.091764
v -0.402901 -0.567590 -0.089978
v -0.403898 -0.572628 -0.087259
v -0.404788 -0.577127 -0.083690
v -0.405544 -0.580949 -0.079378
v -0.406143 -0.583978 -0.074456
v -0.406568 -0.586123 -0.069071
v -0.406804 -0.587318 -0.063389
v -0.406846 -0.587527 -0.057582
v -0.406691 -0.586744 -0.051826
v -0.406344 -0.584992 -0.046296
v -0.405816 -0.582324 -0.041161
v -0.405123 -0.578823 -0.036575
v -0.404287 -0.574593 -0.032679
v -0.403331 -0.569764 -0.029591
v -0.402286 -0.564482 -0.027405
v -0.401183 -0.558908 -0.026186
v -0.400056 -0.553212 -0.025973
v -0.398939 -0.547565 -0.026772
v -0.397866 -0.542140 -0.028558
v -0.396869 -0.537102 -0.031277
v -0.395979 -0.532604 -0.034847
v -0.395223 -0.528782 -0.039158
v -0.394623 -0.525753 -0.044081
v -0.394199 -0.523608 -0.049465
v -0.393963 -0.522413 -0.055147
v -0.393921 -0.522204 -0.060954
v -0.394076 -0.522987 -0.066710
v -0.394423 -0.524739 -0.072240
v -0.394951 -0.527406 -0.077376
v -0.395643 -0.530908 -0.081961
v -0.396480 -0.535138 -0.085857
v -0.397436 -0.539967 -0.088945
v -0.398481 -0.545249 -0.091132
v -0.346224 -0.281126 -0.026245
v -0.346282 -0.281421 -0.026256
v -0.346340 -0.281714 -0.026215
v -0.346396 -0.281995 -0.026122
v -0.346448 -0.282256 -0.025982
v -0.346494 -0.282489 -0.025797
v -0.346533 -0.282687 -0.025573
v -0.346564 -0.282844 -0.025318
v -0.346586 -0.282955 -0.025039
v -0.346598 -0.283017 -0.024745
v -0.346600 -0.283028 -0.024444
v -0.346592 -0.282987 -0.024146
v -0.346574 -0.282896 -0.023859
v -0.346547 -0.282758 -0.023593
v -0.346511 -0.282577 -0.023356
v -0.346468 -0.282358 -0.023154
v -0.346418 -0.282107 -0.022994
v -0.346364 -0.281834 -0.022881
v -0.346307 -0.281545 -0.022817
v -0.346249 -0.281250 -0.022806
v -0.346191 -0.280957 -0.022848
v -0.346135 -0.280676 -0.022940
v -0.346083 -0.280415 -0.023081
v -0.346037 -0.280182 -0.023266
v -0.345998 -0.279984 -0.023489
v -0.345967 -0.279827 -0.023745
v -0.345945 -0.279716 -0.024023
v -0.345933 -0.279654 -0.024318
v -0.345931 -0.279643 -0.024619
v -0.345939 -0.279684 -0.024917
v -0.345957 -0.279775 -0.025203
v -0.345984 -0.279913 -0.025469
v -0.346020 -0.280094 -0.025707
v -0.346063 -0.280313 -0.025909
v -0.346113 -0.280564 -0.026069
v -0.346167 -0.280837 -0.026182
v -0.348670 -0.293489 -0.027815
v -0.348728 -0.293784 -0.027826
v -0.348786 -0.294077 -0.027785
v -0.348842 -0.294358 -0.027692
v -0.348894 -0.294619 -0.027552
v -0.348940 -0.294852 -0.027367
v -0.348979 -0.295050 -0.027143
v -0.349010 -0.295207 -0.026888
v -0.349032 -0.295318 -0.026609
v -0.349044 -0.295380 -0.026315
v -0.349046 -0.295391 -0.026014
v -0.349038 -0.295350 -0.025716
v -0.349020 -0.295259 -0.025429
v -0.348993 -0.295121 -0.025163
v -0.348957 -0.294940 -0.024926
v -0.348914 -0.294721 -0.024724
v -0.348864 -0.294470 -0.024564
v -0.348810 -0.294197 -0.024451
v -0.348753 -0.293908 -0.024387
v -0.348695 -0.293613 -0.024376
v -0.348637 -0.293320 -0.024418
v -0.348581 -0.293039 -0.024510
v -0.348529 -0.292778 -0.024651
v -0.348483 -0.292545 -0.024836
v -0.348444 -0.292347 -0.025059
v -0.348413 -0.292190 -0.025315
v -0.348391 -0.292079 -0.025593
v -0.348379 -0.292017 -0.025888
v -0.348377 -0.292006 -0.026189
v -0.348385 -0.292047 -0.026487
v -0.348403 -0.292138 -0.026773
v -0.348430 -0.292276 -0.027040
v -0.348466 -0.292457 -0.027277
v -0.348509 -0.292676 -0.027479
v -0.348559 -0.292927 -0.027639
v -0.348613 -0.293200 -0.027752
v -0.392852 -0.516799 -0.051234
v -0.392957 -0.517330 -0.051350
v -0.393056 -0.517833 -0.051559
v -0.393147 -0.518293 -0.051853
v -0.393227 -0.518695 -0.052224
v -0.393293 -0.519029 -0.052661
v -0.393343 -0.519283 -0.053150
v -0.393376 -0.519450 -0.053676
v -0.393391 -0.519524 -0.054224
v -0.393387 -0.519504 -0.054778
v -0.393365 -0.519391 -0.055319
v -0.393324 -0.519186 -0.055831
v -0.393267 -0.518898 -0.056300
v -0.393195 -0.518534 -0.056711
v -0.393110 -0.518105 -0.057051
v -0.393016 -0.517626 -0.057310
v -0.392913 -0.517109 -0.057480
v -0.392807 -0.516571 -0.057556
v -0.392700 -0.516029 -0.057536
v -0.392595 -0.515498 -0.057420
v -0.392495 -0.514995 -0.057211
v -0.392404 -0.514535 -0.056917
v -0.392324 -0.514132 -0.056546
v -0.392258 -0.513799 -0.056110
v -0.392208 -0.513545 -0.055620
v -0.392175 -0.513378 -0.055094
v -0.392160 -0.513303 -0.054546
v -0.392164 -0.513323 -0.053993
v -0.392187 -0.513437 -0.053451
v -0.392227 -0.513641 -0.052939
v -0.392284 -0.513930 -0.052470
v -0.392356 -0.514294 -0.052059
v -0.392441 -0.514722 -0.051719
v -0.392536 -0.515202 -0.051460
v -0.392638 -0.515718 -0.051290
v -0.392745 -0.516256 -0.051214
v -0.397477 -0.540173 -0.019730
v -0.397582 -0.540704 -0.019846
v -0.397681 -0.541207 -0.020055
v -0.397772 -0.541667 -0.020349
v -0.397852 -0.542070 -0.020720
v -0.397918 -0.542403 -0.021156
v -0.397968 -0.542657 -0.021646
v -0.398001 -0.542824 -0.022172
v -0.398016 -0.542899 -0.022720
v -0.398012 -0.542879 -0.023274
v -0.397989 -0.542765 -0.023815
v -0.397949 -0.542561 -0.024327
v -0.397892 -0.542272 -0.024796
v -0.397820 -0.541908 -0.025207
v -0.397735 -0.541480 -0.025547
v -0.397640 -0.541000 -0.025806
v -0.397538 -0.540483 -0.025976
v -0.397432 -0.539946 -0.026052
v -0.397324 -0.539403 -0.026032
v -0.397219 -0.538872 -0.025916
v -0.397120 -0.538369 -0.025707
v -0.397029 -0.537909 -0.025413
v -0.396949 -0.537506 -0.025042
v -0.396883 -0.537173 -0.024606
v -0.396833 -0.536919 -0.024116
v -0.396800 -0.536752 -0.023590
v -0.396785 -0.536677 -0.023042
v -0.396789 -0.536697 -0.022488
v -0.396811 -0.536811 -0.021947
v -0.396852 -0.537015 -0.021435
v -0.396909 -0.537304 -0.020966
v -0.396981 -0.537668 -0.020555
v -0.397066 -0.538096 -0.020215
v -0.397161 -0.538576 -0.019956
v -0.397263 -0.539093 -0.019786
v -0.397369 -0.539631 -0.019710
v -0.394545 -0.550219 -0.104953
v -0.399279 -0.549282 -0.104953
v -0.395962 -0.557385 -0.105277
v -0.397372 -0.564511 -0.104442
v -0.398739 -0.571418 -0.102466
v -0.403473 -0.570481 -0.102466
v -0.400697 -0.556448 -0.105277
v -0.402107 -0.563575 -0.104442
v -0.341150 -0.280347 -0.040285
v -0.384038 -0.497117 -0.067813
v -0.341912 -0.284197 -0.008778
v -0.341375 -0.281485 -0.008677
v -0.340844 -0.278796 -0.009057
v -0.340332 -0.276213 -0.009907
v -0.339858 -0.273814 -0.011202
v -0.339434 -0.271672 -0.012902
v -0.339074 -0.269852 -0.014955
v -0.338788 -0.268409 -0.017299
v -0.338586 -0.267388 -0.019863
v -0.338474 -0.266819 -0.022569
v -0.338454 -0.266719 -0.025334
v -0.338528 -0.267092 -0.028075
v -0.338693 -0.267926 -0.030708
v -0.338944 -0.269196 -0.033154
v -0.339274 -0.270864 -0.035338
v -0.339673 -0.272878 -0.037193
v -0.340128 -0.275178 -0.038663
v -0.340625 -0.277693 -0.039704
v -0.384800 -0.500968 -0.036307
v -0.389050 -0.522450 -0.028228
v -0.388478 -0.519555 -0.030984
v -0.387827 -0.516268 -0.033237
v -0.387116 -0.512673 -0.034931
v -0.386362 -0.508860 -0.036024
v -0.385583 -0.504925 -0.036486
v -0.403248 -0.594210 -0.083487
v -0.403947 -0.597741 -0.076349
v -0.404395 -0.600007 -0.068696
v -0.404580 -0.600940 -0.060759
v -0.404495 -0.600513 -0.052777
v -0.404144 -0.598737 -0.044991
v -0.403537 -0.595667 -0.037635
v -0.402691 -0.591395 -0.030931
v -0.401634 -0.586050 -0.025082
v -0.400396 -0.579793 -0.020263
v -0.399015 -0.572812 -0.016621
v -0.397532 -0.565318 -0.014264
v -0.395993 -0.557538 -0.013265
v -0.394443 -0.549705 -0.013652
v -0.392930 -0.542056 -0.015415
v -0.391498 -0.534822 -0.018500
v -0.390192 -0.528220 -0.022814
v -0.398739 -0.571418 -0.102466
v -0.400081 -0.578203 -0.099243
v -0.401302 -0.584373 -0.094922
v -0.402367 -0.589758 -0.089622
v -0.394545 -0.550219 -0.104953
v -0.395962 -0.557385 -0.105277
v -0.397372 -0.564511 -0.104442
v -0.387774 -0.515998 -0.081018
v -0.388542 -0.519882 -0.087173
v -0.389490 -0.524674 -0.092623
v -0.390594 -0.530252 -0.097230
v -0.391825 -0.536476 -0.100877
v -0.393153 -0.543188 -0.103473
v -0.384806 -0.500997 -0.068629
v -0.385539 -0.504700 -0.070062
v -0.386218 -0.508134 -0.072074
v -0.386827 -0.511211 -0.074616
v -0.387350 -0.513855 -0.077623
v -0.403217 -0.594054 -0.065789
v -0.403163 -0.593778 -0.065728
v -0.403111 -0.593516 -0.065620
v -0.403064 -0.593277 -0.065467
v -0.403022 -0.593068 -0.065274
v -0.402988 -0.592895 -0.065048
v -0.402962 -0.592763 -0.064793
v -0.402945 -0.592676 -0.064520
v -0.402937 -0.592637 -0.064235
v -0.402939 -0.592647 -0.063947
v -0.402951 -0.592707 -0.063666
v -0.402972 -0.592813 -0.063400
v -0.403001 -0.592963 -0.063156
v -0.403039 -0.593152 -0.062943
v -0.403083 -0.593375 -0.062766
v -0.403132 -0.593624 -0.062631
v -0.403185 -0.593892 -0.062543
v -0.403241 -0.594172 -0.062503
v -0.403296 -0.594454 -0.062514
v -0.403351 -0.594730 -0.062574
v -0.403403 -0.594991 -0.062682
v -0.403450 -0.595230 -0.062835
v -0.403491 -0.595439 -0.063028
v -0.403526 -0.595613 -0.063255
v -0.403552 -0.595745 -0.063509
v -0.403569 -0.595831 -0.063783
v -0.403577 -0.595870 -0.064068
v -0.403575 -0.595860 -0.064355
v -0.403563 -0.595801 -0.064637
v -0.403542 -0.595695 -0.064903
v -0.403512 -0.595545 -0.065147
v -0.403475 -0.595355 -0.065360
v -0.403431 -0.595133 -0.065537
v -0.403381 -0.594883 -0.065671
v -0.403328 -0.594615 -0.065760
v -0.403273 -0.594336 -0.065799
v -0.385601 -0.505014 -0.051078
v -0.385542 -0.504719 -0.051067
v -0.385485 -0.504427 -0.051108
v -0.385429 -0.504146 -0.051201
v -0.385377 -0.503885 -0.051342
v -0.385331 -0.503652 -0.051527
v -0.385292 -0.503454 -0.051750
v -0.385261 -0.503297 -0.052005
v -0.385239 -0.503186 -0.052284
v -0.385227 -0.503124 -0.052578
v -0.385225 -0.503113 -0.052879
v -0.385233 -0.503153 -0.053177
v -0.385251 -0.503244 -0.053464
v -0.385278 -0.503382 -0.053730
v -0.385314 -0.503564 -0.053968
v -0.385357 -0.503783 -0.054169
v -0.385407 -0.504033 -0.054329
v -0.385461 -0.504307 -0.054443
v -0.385518 -0.504595 -0.054506
v -0.385576 -0.504891 -0.054517
v -0.385634 -0.505183 -0.054475
v -0.385690 -0.505464 -0.054383
v -0.385741 -0.505725 -0.054242
v -0.385788 -0.505958 -0.054057
v -0.385827 -0.506156 -0.053834
v -0.385858 -0.506313 -0.053579
v -0.385880 -0.506424 -0.053300
v -0.385892 -0.506486 -0.053005
v -0.385894 -0.506497 -0.052704
v -0.385886 -0.506457 -0.052406
v -0.385868 -0.506366 -0.052120
v -0.385841 -0.506228 -0.051854
v -0.385805 -0.506046 -0.051616
v -0.385762 -0.505827 -0.051414
v -0.385712 -0.505577 -0.051254
v -0.385658 -0.505303 -0.051141
v -0.383155 -0.492651 -0.049508
v -0.383096 -0.492356 -0.049497
v -0.383039 -0.492064 -0.049538
v -0.382983 -0.491783 -0.049631
v -0.382931 -0.491522 -0.049772
v -0.382885 -0.491289 -0.049957
v -0.382846 -0.491091 -0.050180
v -0.382815 -0.490934 -0.050435
v -0.382793 -0.490823 -0.050714
v -0.382781 -0.490761 -0.051008
v -0.382779 -0.490750 -0.051309
v -0.382787 -0.490790 -0.051607
v -0.382805 -0.490881 -0.051894
v -0.382832 -0.491019 -0.052160
v -0.382868 -0.491201 -0.052398
v -0.382911 -0.491420 -0.052599
v -0.382961 -0.491670 -0.052759
v -0.383015 -0.491944 -0.052873
v -0.383072 -0.492233 -0.052936
v -0.383130 -0.492528 -0.052947
v -0.383188 -0.492820 -0.052905
v -0.383244 -0.493101 -0.052813
v -0.383295 -0.493362 -0.052672
v -0.383342 -0.493595 -0.052487
v -0.383381 -0.493793 -0.052264
v -0.383412 -0.493950 -0.052009
v -0.383434 -0.494061 -0.051730
v -0.383446 -0.494123 -0.051435
v -0.383448 -0.494134 -0.051134
v -0.383440 -0.494094 -0.050836
v -0.383422 -0.494003 -0.050550
v -0.383395 -0.493865 -0.050284
v -0.383359 -0.493683 -0.050046
v -0.383316 -0.493464 -0.049844
v -0.383266 -0.493214 -0.049684
v -0.383212 -0.492940 -0.049571
v -0.380709 -0.480289 -0.047938
v -0.380650 -0.479993 -0.047927
v -0.380593 -0.479701 -0.047968
v -0.380537 -0.479420 -0.048061
v -0.380485 -0.479159 -0.048202
v -0.380439 -0.478926 -0.048386
v -0.380400 -0.478728 -0.048610
v -0.380369 -0.478571 -0.048865
v -0.380347 -0.478460 -0.049144
v -0.380335 -0.478398 -0.049438
v -0.380333 -0.478387 -0.049739
v -0.380341 -0.478427 -0.050037
v -0.380359 -0.478518 -0.050324
v -0.380386 -0.478656 -0.050590
v -0.380422 -0.478838 -0.050827
v -0.380465 -0.479057 -0.051029
v -0.380515 -0.479307 -0.051189
v -0.380569 -0.479581 -0.051303
v -0.380626 -0.479870 -0.051366
v -0.380684 -0.480165 -0.051377
v -0.380742 -0.480457 -0.051335
v -0.380798 -0.480738 -0.051243
v -0.380849 -0.480999 -0.051102
v -0.380896 -0.481232 -0.050917
v -0.380935 -0.481430 -0.050694
v -0.380966 -0.481587 -0.050439
v -0.380988 -0.481699 -0.050160
v -0.381000 -0.481760 -0.049865
v -0.381002 -0.481771 -0.049564
v -0.380994 -0.481731 -0.049266
v -0.380976 -0.481640 -0.048980
v -0.380949 -0.481502 -0.048714
v -0.380913 -0.481320 -0.048476
v -0.380870 -0.481101 -0.048274
v -0.380820 -0.480851 -0.048114
v -0.380766 -0.480577 -0.048001
v -0.378263 -0.467926 -0.046368
v -0.378204 -0.467630 -0.046357
v -0.378147 -0.467338 -0.046398
v -0.378091 -0.467057 -0.046491
v -0.378039 -0.466796 -0.046632
v -0.377993 -0.466563 -0.046816
v -0.377954 -0.466365 -0.047040
v -0.377923 -0.466208 -0.047295
v -0.377901 -0.466097 -0.047574
v -0.377889 -0.466035 -0.047868
v -0.377887 -0.466024 -0.048169
v -0.377895 -0.466065 -0.048467
v -0.377913 -0.466155 -0.048754
v -0.377940 -0.466294 -0.049020
v -0.377976 -0.466475 -0.049257
v -0.378019 -0.466694 -0.049459
v -0.378069 -0.466944 -0.049619
v -0.378123 -0.467218 -0.049733
v -0.378180 -0.467507 -0.049796
v -0.378238 -0.467802 -0.049807
v -0.378296 -0.468094 -0.049765
v -0.378352 -0.468375 -0.049673
v -0.378403 -0.468636 -0.049532
v -0.378450 -0.468870 -0.049347
v -0.378489 -0.469068 -0.049124
v -0.378520 -0.469224 -0.048869
v -0.378542 -0.469336 -0.048590
v -0.378554 -0.469398 -0.048295
v -0.378556 -0.469408 -0.047994
v -0.378548 -0.469368 -0.047696
v -0.378530 -0.469277 -0.047410
v -0.378503 -0.469139 -0.047144
v -0.378467 -0.468957 -0.046906
v -0.378424 -0.468738 -0.046704
v -0.378374 -0.468488 -0.046544
v -0.378320 -0.468214 -0.046431
v -0.375817 -0.455563 -0.044798
v -0.375758 -0.455268 -0.044787
v -0.375701 -0.454975 -0.044828
v -0.375645 -0.454694 -0.044921
v -0.375593 -0.454433 -0.045062
v -0.375547 -0.454200 -0.045246
v -0.375508 -0.454002 -0.045470
v -0.375477 -0.453845 -0.045725
v -0.375455 -0.453734 -0.046004
v -0.375443 -0.453672 -0.046298
v -0.375441 -0.453661 -0.046599
v -0.375449 -0.453702 -0.046897
v -0.375467 -0.453792 -0.047184
v -0.375494 -0.453931 -0.047450
v -0.375530 -0.454112 -0.047687
v -0.375573 -0.454331 -0.047889
v -0.375623 -0.454581 -0.048049
v -0.375677 -0.454855 -0.048163
v -0.375734 -0.455144 -0.048226
v -0.375792 -0.455439 -0.048237
v -0.375850 -0.455731 -0.048195
v -0.375906 -0.456013 -0.048103
v -0.375957 -0.456274 -0.047962
v -0.376004 -0.456507 -0.047777
v -0.376043 -0.456705 -0.047554
v -0.376074 -0.456862 -0.047299
v -0.376096 -0.456973 -0.047020
v -0.376108 -0.457035 -0.046725
v -0.376110 -0.457045 -0.046424
v -0.376102 -0.457005 -0.046126
v -0.376084 -0.456914 -0.045840
v -0.376057 -0.456776 -0.045574
v -0.376021 -0.456594 -0.045336
v -0.375978 -0.456375 -0.045134
v -0.375928 -0.456125 -0.044974
v -0.375874 -0.455851 -0.044861
v -0.373371 -0.443200 -0.043228
v -0.373312 -0.442905 -0.043217
v -0.373255 -0.442612 -0.043258
v -0.373199 -0.442331 -0.043351
v -0.373147 -0.442070 -0.043491
v -0.373101 -0.441837 -0.043676
v -0.373062 -0.441639 -0.043900
v -0.373031 -0.441482 -0.044155
v -0.373009 -0.441371 -0.044434
v -0.372997 -0.441309 -0.044728
v -0.372995 -0.441298 -0.045029
v -0.373003 -0.441339 -0.045327
v -0.373021 -0.441429 -0.045614
v -0.373048 -0.441568 -0.045880
v -0.373084 -0.441749 -0.046117
v -0.373127 -0.441968 -0.046319
v -0.373177 -0.442218 -0.046479
v -0.373231 -0.442492 -0.046593
v -0.373288 -0.442781 -0.046656
v -0.373346 -0.443076 -0.046667
v -0.373404 -0.443369 -0.046625
v -0.373460 -0.443650 -0.046533
v -0.373511 -0.443911 -0.046392
v -0.373558 -0.444144 -0.046207
v -0.373597 -0.444342 -0.045984
v -0.373628 -0.444499 -0.045729
v -0.373650 -0.444610 -0.045450
v -0.373662 -0.444672 -0.045155
v -0.373664 -0.444682 -0.044854
v -0.373656 -0.444642 -0.044556
v -0.373638 -0.444551 -0.044270
v -0.373611 -0.444413 -0.044004
v -0.373575 -0.444232 -0.043766
v -0.373532 -0.444012 -0.043564
v -0.373482 -0.443762 -0.043404
v -0.373428 -0.443489 -0.043291
v -0.370925 -0.430837 -0.041658
v -0.370866 -0.430542 -0.041647
v -0.370809 -0.430249 -0.041688
v -0.370753 -0.429968 -0.041781
v -0.370701 -0.429707 -0.041921
v -0.370655 -0.429474 -0.042106
v -0.370616 -0.429276 -0.042330
v -0.370585 -0.429119 -0.042585
v -0.370563 -0.429008 -0.042864
v -0.370551 -0.428946 -0.043158
v -0.370549 -0.428935 -0.043459
v -0.370557 -0.428976 -0.043757
v -0.370575 -0.429067 -0.044044
v -0.370602 -0.429205 -0.044310
v -0.370638 -0.429386 -0.044547
v -0.370681 -0.429605 -0.044749
v -0.370731 -0.429855 -0.044909
v -0.370785 -0.430129 -0.045022
v -0.370842 -0.430418 -0.045086
v -0.370900 -0.430713 -0.045097
v -0.370958 -0.431006 -0.045055
v -0.371014 -0.431287 -0.044963
v -0.371065 -0.431548 -0.044822
v -0.371112 -0.431781 -0.044637
v -0.371151 -0.431979 -0.044414
v -0.371182 -0.432136 -0.044159
v -0.371204 -0.432247 -0.043880
v -0.371216 -0.432309 -0.043585
v -0.371218 -0.432320 -0.043284
v -0.371210 -0.432279 -0.042986
v -0.371192 -0.432188 -0.042700
v -0.371165 -0.432050 -0.042434
v -0.371129 -0.431869 -0.042196
v -0.371086 -0.431649 -0.041994
v -0.371036 -0.431399 -0.041834
v -0.370982 -0.431126 -0.041721
v -0.368479 -0.418474 -0.040088
v -0.368420 -0.418179 -0.040077
v -0.368363 -0.417886 -0.040118
v -0.368307 -0.417605 -0.040211
v -0.368255 -0.417344 -0.040351
v -0.368209 -0.417111 -0.040536
v -0.368170 -0.416913 -0.040760
v -0.368139 -0.416756 -0.041015
v -0.368117 -0.416645 -0.041294
v -0.368105 -0.416583 -0.041588
v -0.368103 -0.416572 -0.041889
v -0.368111 -0.416613 -0.042187
v -0.368129 -0.416704 -0.042474
v -0.368156 -0.416842 -0.042740
v -0.368192 -0.417023 -0.042977
v -0.368235 -0.417242 -0.043179
v -0.368285 -0.417493 -0.043339
v -0.368339 -0.417766 -0.043452
v -0.368396 -0.418055 -0.043516
v -0.368454 -0.418350 -0.043527
v -0.368512 -0.418643 -0.043485
v -0.368568 -0.418924 -0.043393
v -0.368619 -0.419185 -0.043252
v -0.368666 -0.419418 -0.043067
v -0.368705 -0.419616 -0.042844
v -0.368736 -0.419773 -0.042588
v -0.368758 -0.419884 -0.042310
v -0.368770 -0.419946 -0.042015
v -0.368772 -0.419957 -0.041714
v -0.368764 -0.419916 -0.041416
v -0.368746 -0.419825 -0.041130
v -0.368719 -0.419687 -0.040863
v -0.368683 -0.419506 -0.040626
v -0.368640 -0.419287 -0.040424
v -0.368590 -0.419036 -0.040264
v -0.368536 -0.418763 -0.040151
v -0.366033 -0.406111 -0.038518
v -0.365974 -0.405816 -0.038507
v -0.365917 -0.405523 -0.038548
v -0.365861 -0.405242 -0.038641
v -0.365809 -0.404981 -0.038781
v -0.365763 -0.404748 -0.038966
v -0.365724 -0.404550 -0.039190
v -0.365693 -0.404393 -0.039445
v -0.365671 -0.404282 -0.039724
v -0.365659 -0.404220 -0.040018
v -0.365657 -0.404209 -0.040319
v -0.365665 -0.404250 -0.040617
v -0.365683 -0.404341 -0.040904
v -0.365710 -0.404479 -0.041170
v -0.365746 -0.404660 -0.041407
v -0.365789 -0.404879 -0.041609
v -0.365839 -0.405130 -0.041769
v -0.365893 -0.405403 -0.041882
v -0.365950 -0.405692 -0.041946
v -0.366008 -0.405987 -0.041957
v -0.366066 -0.406280 -0.041915
v -0.366122 -0.406561 -0.041823
v -0.366173 -0.406822 -0.041682
v -0.366220 -0.407055 -0.041497
v -0.366259 -0.407253 -0.041274
v -0.366290 -0.407410 -0.041018
v -0.366312 -0.407521 -0.040740
v -0.366324 -0.407583 -0.040445
v -0.366326 -0.407594 -0.040144
v -0.366318 -0.407553 -0.039846
v -0.366300 -0.407462 -0.039560
v -0.366273 -0.407324 -0.039293
v -0.366237 -0.407143 -0.039056
v -0.366194 -0.406924 -0.038854
v -0.366144 -0.406673 -0.038694
v -0.366090 -0.406400 -0.038581
v -0.363587 -0.393748 -0.036948
v -0.363528 -0.393453 -0.036937
v -0.363471 -0.393160 -0.036978
v -0.363415 -0.392879 -0.037070
v -0.363363 -0.392618 -0.037211
v -0.363317 -0.392385 -0.037396
v -0.363278 -0.392187 -0.037620
v -0.363247 -0.392030 -0.037875
v -0.363225 -0.391919 -0.038154
v -0.363213 -0.391857 -0.038448
v -0.363211 -0.391846 -0.038749
v -0.363219 -0.391887 -0.039047
v -0.363237 -0.391978 -0.039334
v -0.363264 -0.392116 -0.039600
v -0.363300 -0.392297 -0.039837
v -0.363343 -0.392516 -0.040039
v -0.363393 -0.392767 -0.040199
v -0.363447 -0.393040 -0.040312
v -0.363504 -0.393329 -0.040376
v -0.363562 -0.393624 -0.040387
v -0.363620 -0.393917 -0.040345
v -0.363676 -0.394198 -0.040253
v -0.363727 -0.394459 -0.040112
v -0.363774 -0.394692 -0.039927
v -0.363813 -0.394890 -0.039703
v -0.363844 -0.395047 -0.039448
v -0.363866 -0.395158 -0.039169
v -0.363878 -0.395220 -0.038875
v -0.363880 -0.395231 -0.038574
v -0.363872 -0.395190 -0.038276
v -0.363854 -0.395099 -0.037990
v -0.363827 -0.394961 -0.037723
v -0.363791 -0.394780 -0.037486
v -0.363748 -0.394561 -0.037284
v -0.363698 -0.394310 -0.037124
v -0.363644 -0.394037 -0.037011
v -0.361141 -0.381385 -0.035378
v -0.361082 -0.381090 -0.035367
v -0.361025 -0.380797 -0.035408
v -0.360969 -0.380516 -0.035500
v -0.360917 -0.380255 -0.035641
v -0.360871 -0.380022 -0.035826
v -0.360832 -0.379824 -0.036050
v -0.360801 -0.379667 -0.036305
v -0.360779 -0.379556 -0.036584
v -0.360767 -0.379494 -0.036878
v -0.360765 -0.379483 -0.037179
v -0.360773 -0.379524 -0.037477
v -0.360791 -0.379615 -0.037764
v -0.360818 -0.379753 -0.038030
v -0.360854 -0.379934 -0.038267
v -0.360897 -0.380154 -0.038469
v -0.360947 -0.380404 -0.038629
v -0.361001 -0.380677 -0.038742
v -0.361058 -0.380966 -0.038806
v -0.361116 -0.381261 -0.038817
v -0.361174 -0.381554 -0.038775
v -0.361230 -0.381835 -0.038683
v -0.361281 -0.382096 -0.038542
v -0.361328 -0.382329 -0.038357
v -0.361367 -0.382527 -0.038133
v -0.361398 -0.382684 -0.037878
v -0.361420 -0.382795 -0.037599
v -0.361432 -0.382857 -0.037305
v -0.361434 -0.382868 -0.037004
v -0.361426 -0.382827 -0.036706
v -0.361408 -0.382736 -0.036420
v -0.361381 -0.382598 -0.036153
v -0.361345 -0.382417 -0.035916
v -0.361302 -0.382198 -0.035714
v -0.361252 -0.381948 -0.035554
v -0.361198 -0.381674 -0.035441
v -0.358695 -0.369022 -0.033808
v -0.358636 -0.368727 -0.033797
v -0.358579 -0.368434 -0.033838
v -0.358523 -0.368153 -0.033930
v -0.358471 -0.367892 -0.034071
v -0.358425 -0.367659 -0.034256
v -0.358386 -0.367461 -0.034480
v -0.358355 -0.367304 -0.034735
v -0.358333 -0.367193 -0.035014
v -0.358321 -0.367131 -0.035308
v -0.358319 -0.367121 -0.035609
v -0.358327 -0.367161 -0.035907
v -0.358345 -0.367252 -0.036194
v -0.358372 -0.367390 -0.036460
v -0.358408 -0.367571 -0.036697
v -0.358451 -0.367791 -0.036899
v -0.358501 -0.368041 -0.037059
v -0.358555 -0.368314 -0.037172
v -0.358612 -0.368603 -0.037235
v -0.358670 -0.368898 -0.037247
v -0.358728 -0.369191 -0.037205
v -0.358784 -0.369472 -0.037113
v -0.358835 -0.369733 -0.036972
v -0.358882 -0.369966 -0.036787
v -0.358921 -0.370164 -0.036563
v -0.358952 -0.370321 -0.036308
v -0.358974 -0.370432 -0.036029
v -0.358986 -0.370494 -0.035735
v -0.358988 -0.370505 -0.035434
v -0.358980 -0.370464 -0.035136
v -0.358962 -0.370374 -0.034849
v -0.358935 -0.370235 -0.034583
v -0.358899 -0.370054 -0.034346
v -0.358856 -0.369835 -0.034144
v -0.358806 -0.369585 -0.033984
v -0.358752 -0.369311 -0.033871
v -0.356249 -0.356659 -0.032238
v -0.356190 -0.356364 -0.032227
v -0.356133 -0.356072 -0.032268
v -0.356077 -0.355791 -0.032360
v -0.356025 -0.355529 -0.032501
v -0.355979 -0.355296 -0.032686
v -0.355940 -0.355098 -0.032910
v -0.355909 -0.354941 -0.033165
v -0.355887 -0.354830 -0.033444
v -0.355875 -0.354768 -0.033738
v -0.355873 -0.354758 -0.034039
v -0.355881 -0.354798 -0.034337
v -0.355899 -0.354889 -0.034624
v -0.355926 -0.355027 -0.034890
v -0.355962 -0.355209 -0.035127
v -0.356005 -0.355428 -0.035329
v -0.356055 -0.355678 -0.035489
v -0.356109 -0.355952 -0.035602
v -0.356166 -0.356240 -0.035665
v -0.356224 -0.356535 -0.035676
v -0.356282 -0.356828 -0.035635
v -0.356338 -0.357109 -0.035543
v -0.356389 -0.357370 -0.035402
v -0.356436 -0.357603 -0.035217
v -0.356475 -0.357801 -0.034993
v -0.356506 -0.357958 -0.034738
v -0.356528 -0.358069 -0.034459
v -0.356540 -0.358131 -0.034165
v -0.356542 -0.358142 -0.033864
v -0.356534 -0.358101 -0.033566
v -0.356516 -0.358011 -0.033279
v -0.356489 -0.357872 -0.033013
v -0.356453 -0.357691 -0.032776
v -0.356410 -0.357472 -0.032574
v -0.356360 -0.357222 -0.032414
v -0.356306 -0.356948 -0.032301
v -0.353803 -0.344296 -0.030668
v -0.353744 -0.344001 -0.030656
v -0.353687 -0.343709 -0.030698
v -0.353631 -0.343428 -0.030790
v -0.353579 -0.343167 -0.030931
v -0.353533 -0.342933 -0.031116
v -0.353494 -0.342735 -0.031340
v -0.353463 -0.342579 -0.031595
v -0.353441 -0.342467 -0.031874
v -0.353429 -0.342405 -0.032168
v -0.353427 -0.342395 -0.032469
v -0.353435 -0.342435 -0.032767
v -0.353453 -0.342526 -0.033054
v -0.353480 -0.342664 -0.033320
v -0.353516 -0.342846 -0.033557
v -0.353559 -0.343065 -0.033759
v -0.353609 -0.343315 -0.033919
v -0.353663 -0.343589 -0.034032
v -0.353720 -0.343877 -0.034095
v -0.353778 -0.344173 -0.034106
v -0.353836 -0.344465 -0.034065
v -0.353892 -0.344746 -0.033973
v -0.353943 -0.345007 -0.033832
v -0.353990 -0.345240 -0.033647
v -0.354029 -0.345438 -0.033423
v -0.354060 -0.345595 -0.033168
v -0.354082 -0.345706 -0.032889
v -0.354094 -0.345768 -0.032595
v -0.354096 -0.345779 -0.032294
v -0.354088 -0.345738 -0.031996
v -0.354070 -0.345648 -0.031709
v -0.354043 -0.345509 -0.031443
v -0.354007 -0.345328 -0.031206
v -0.353964 -0.345109 -0.031004
v -0.353914 -0.344859 -0.030844
v -0.353860 -0.344585 -0.030731
v -0.351357 -0.331933 -0.029098
v -0.351298 -0.331638 -0.029086
v -0.351240 -0.331346 -0.029128
v -0.351185 -0.331065 -0.029220
v -0.351133 -0.330804 -0.029361
v -0.351087 -0.330571 -0.029546
v -0.351048 -0.330373 -0.029770
v -0.351017 -0.330216 -0.030025
v -0.350995 -0.330104 -0.030304
v -0.350983 -0.330043 -0.030598
v -0.350981 -0.330032 -0.030899
v -0.350989 -0.330072 -0.031197
v -0.351007 -0.330163 -0.031484
v -0.351034 -0.330301 -0.031750
v -0.351070 -0.330483 -0.031987
v -0.351113 -0.330702 -0.032189
v -0.351163 -0.330952 -0.032349
v -0.351217 -0.331226 -0.032462
v -0.351274 -0.331514 -0.032525
v -0.351332 -0.331810 -0.032536
v -0.351390 -0.332102 -0.032495
v -0.351446 -0.332383 -0.032403
v -0.351497 -0.332644 -0.032262
v -0.351544 -0.332877 -0.032077
v -0.351583 -0.333075 -0.031853
v -0.351614 -0.333232 -0.031598
v -0.351636 -0.333343 -0.031319
v -0.351648 -0.333405 -0.031025
v -0.351650 -0.333416 -0.030724
v -0.351642 -0.333376 -0.030426
v -0.351624 -0.333285 -0.030139
v -0.351597 -0.333147 -0.029873
v -0.351561 -0.332965 -0.029636
v -0.351518 -0.332746 -0.029434
v -0.351468 -0.332496 -0.029274
v -0.351414 -0.332222 -0.029161
v -0.348911 -0.319570 -0.027527
v -0.348852 -0.319275 -0.027516
v -0.348794 -0.318983 -0.027558
v -0.348739 -0.318702 -0.027650
v -0.348687 -0.318441 -0.027791
v -0.348641 -0.318208 -0.027976
v -0.348602 -0.318010 -0.028200
v -0.348571 -0.317853 -0.028455
v -0.348549 -0.317742 -0.028734
v -0.348537 -0.317680 -0.029028
v -0.348535 -0.317669 -0.029329
v -0.348543 -0.317709 -0.029627
v -0.348561 -0.317800 -0.029913
v -0.348588 -0.317938 -0.030180
v -0.348624 -0.318120 -0.030417
v -0.348667 -0.318339 -0.030619
v -0.348717 -0.318589 -0.030779
v -0.348771 -0.318863 -0.030892
v -0.348828 -0.319152 -0.030955
v -0.348886 -0.319447 -0.030966
v -0.348944 -0.319739 -0.030925
v -0.349000 -0.320020 -0.030833
v -0.349051 -0.320281 -0.030692
v -0.349098 -0.320514 -0.030507
v -0.349137 -0.320712 -0.030283
v -0.349168 -0.320869 -0.030028
v -0.349190 -0.320980 -0.029749
v -0.349202 -0.321042 -0.029455
v -0.349204 -0.321053 -0.029154
v -0.349196 -0.321013 -0.028856
v -0.349178 -0.320922 -0.028569
v -0.349151 -0.320784 -0.028303
v -0.349115 -0.320602 -0.028066
v -0.349072 -0.320383 -0.027864
v -0.349022 -0.320133 -0.027704
v -0.348968 -0.319859 -0.027591
v -0.346465 -0.307208 -0.025957
v -0.346406 -0.306912 -0.025946
v -0.346348 -0.306620 -0.025988
v -0.346293 -0.306339 -0.026080
v -0.346241 -0.306078 -0.026221
v -0.346195 -0.305845 -0.026406
v -0.346156 -0.305647 -0.026630
v -0.346125 -0.305490 -0.026885
v -0.346103 -0.305379 -0.027164
v -0.346091 -0.305317 -0.027458
v -0.346089 -0.305306 -0.027759
v -0.346097 -0.305346 -0.028057
v -0.346115 -0.305437 -0.028343
v -0.346142 -0.305575 -0.028610
v -0.346178 -0.305757 -0.028847
v -0.346221 -0.305976 -0.029049
v -0.346271 -0.306226 -0.029209
v -0.346325 -0.306500 -0.029322
v -0.346382 -0.306789 -0.029385
v -0.346440 -0.307084 -0.029396
v -0.346498 -0.307376 -0.029355
v -0.346554 -0.307657 -0.029262
v -0.346605 -0.307918 -0.029122
v -0.346652 -0.308151 -0.028937
v -0.346691 -0.308349 -0.028713
v -0.346722 -0.308506 -0.028458
v -0.346744 -0.308617 -0.028179
v -0.346756 -0.308679 -0.027885
v -0.346758 -0.308690 -0.027584
v -0.346750 -0.308650 -0.027286
v -0.346732 -0.308559 -0.026999
v -0.346705 -0.308421 -0.026733
v -0.346669 -0.308239 -0.026496
v -0.346626 -0.308020 -0.026294
v -0.346576 -0.307770 -0.026134
v -0.346522 -0.307496 -0.026021
v -0.396449 -0.559845 -0.026186
v -0.395322 -0.554148 -0.025973
v -0.394205 -0.548502 -0.026772
v -0.393132 -0.543077 -0.028558
v -0.392135 -0.538039 -0.031277
v -0.391245 -0.533541 -0.034847
v -0.390489 -0.529719 -0.039158
v -0.389889 -0.526689 -0.044081
v -0.389465 -0.524544 -0.049465
v -0.389228 -0.523349 -0.055147
v -0.389187 -0.523140 -0.060954
v -0.389342 -0.523924 -0.066710
v -0.389689 -0.525676 -0.072240
v -0.390216 -0.528343 -0.077376
v -0.390909 -0.531845 -0.081961
v -0.391746 -0.536074 -0.085857
v -0.392702 -0.540903 -0.088945
v -0.393746 -0.546185 -0.091132
v -0.394849 -0.551759 -0.092350
v -0.395976 -0.557456 -0.092563
v -0.397094 -0.563102 -0.091764
v -0.398167 -0.568527 -0.089978
v -0.399164 -0.573565 -0.087259
v -0.400054 -0.578063 -0.083690
v -0.400810 -0.581885 -0.079378
v -0.401409 -0.584915 -0.074456
v -0.401834 -0.587060 -0.069071
v -0.402070 -0.588255 -0.063389
v -0.402111 -0.588464 -0.057582
v -0.401956 -0.587680 -0.051826
v -0.401610 -0.585928 -0.046296
v -0.401082 -0.583261 -0.041161
v -0.400389 -0.579759 -0.036575
v -0.399552 -0.575530 -0.032679
v -0.398597 -0.570701 -0.029591
v -0.397552 -0.565419 -0.027405
v -0.341573 -0.282482 -0.022817
v -0.341514 -0.282187 -0.022806
v -0.341456 -0.281894 -0.022848
v -0.341401 -0.281613 -0.022940
v -0.341349 -0.281352 -0.023081
v -0.341303 -0.281119 -0.023266
v -0.341264 -0.280921 -0.023489
v -0.341233 -0.280764 -0.023745
v -0.341211 -0.280653 -0.024023
v -0.341199 -0.280591 -0.024318
v -0.341197 -0.280580 -0.024619
v -0.341205 -0.280621 -0.024917
v -0.341222 -0.280711 -0.025203
v -0.341250 -0.280850 -0.025469
v -0.341286 -0.281031 -0.025707
v -0.341329 -0.281250 -0.025909
v -0.341379 -0.281500 -0.026069
v -0.341433 -0.281774 -0.026182
v -0.341490 -0.282063 -0.026245
v -0.341548 -0.282358 -0.026256
v -0.341606 -0.282650 -0.026215
v -0.341662 -0.282931 -0.026122
v -0.341713 -0.283192 -0.025982
v -0.341759 -0.283426 -0.025797
v -0.341799 -0.283624 -0.025573
v -0.341830 -0.283781 -0.025318
v -0.341852 -0.283892 -0.025039
v -0.341864 -0.283954 -0.024745
v -0.341866 -0.283964 -0.024444
v -0.341858 -0.283924 -0.024146
v -0.341840 -0.283833 -0.023859
v -0.341813 -0.283695 -0.023593
v -0.341777 -0.283513 -0.023356
v -0.341734 -0.283294 -0.023154
v -0.341684 -0.283044 -0.022994
v -0.341630 -0.282770 -0.022881
v -0.344019 -0.294845 -0.024387
v -0.343960 -0.294549 -0.024376
v -0.343902 -0.294257 -0.024418
v -0.343847 -0.293976 -0.024510
v -0.343795 -0.293715 -0.024651
v -0.343749 -0.293482 -0.024836
v -0.343710 -0.293284 -0.025059
v -0.343679 -0.293127 -0.025315
v -0.343657 -0.293016 -0.025593
v -0.343645 -0.292954 -0.025888
v -0.343643 -0.292943 -0.026189
v -0.343651 -0.292984 -0.026487
v -0.343668 -0.293074 -0.026773
v -0.343696 -0.293212 -0.027040
v -0.343732 -0.293394 -0.027277
v -0.343775 -0.293613 -0.027479
v -0.343825 -0.293863 -0.027639
v -0.343879 -0.294137 -0.027752
v -0.343936 -0.294426 -0.027815
v -0.343994 -0.294721 -0.027826
v -0.344052 -0.295013 -0.027785
v -0.344108 -0.295294 -0.027692
v -0.344159 -0.295555 -0.027552
v -0.344205 -0.295788 -0.027367
v -0.344245 -0.295986 -0.027143
v -0.344276 -0.296143 -0.026888
v -0.344298 -0.296255 -0.026609
v -0.344310 -0.296316 -0.026315
v -0.344312 -0.296327 -0.026014
v -0.344304 -0.296287 -0.025716
v -0.344286 -0.296196 -0.025429
v -0.344259 -0.296058 -0.025163
v -0.344223 -0.295876 -0.024926
v -0.344180 -0.295657 -0.024724
v -0.344130 -0.295407 -0.024564
v -0.344076 -0.295133 -0.024451
v -0.388002 -0.517150 -0.056022
v -0.387947 -0.516874 -0.055962
v -0.387896 -0.516613 -0.055854
v -0.387848 -0.516374 -0.055701
v -0.387807 -0.516165 -0.055508
v -0.387773 -0.515991 -0.055281
v -0.387747 -0.515859 -0.055027
v -0.387729 -0.515773 -0.054753
v -0.387722 -0.515734 -0.054468
v -0.387724 -0.515744 -0.054181
v -0.387735 -0.515803 -0.053900
v -0.387756 -0.515910 -0.053633
v -0.387786 -0.516059 -0.053390
v -0.387824 -0.516249 -0.053176
v -0.387868 -0.516471 -0.053000
v -0.387917 -0.516721 -0.052865
v -0.387970 -0.516989 -0.052777
v -0.388025 -0.517269 -0.052737
v -0.388081 -0.517551 -0.052748
v -0.388136 -0.517826 -0.052808
v -0.388187 -0.518088 -0.052916
v -0.388235 -0.518327 -0.053069
v -0.388276 -0.518536 -0.053262
v -0.388310 -0.518709 -0.053489
v -0.388337 -0.518841 -0.053743
v -0.388354 -0.518928 -0.054017
v -0.388361 -0.518967 -0.054302
v -0.388359 -0.518957 -0.054589
v -0.388348 -0.518897 -0.054870
v -0.388327 -0.518791 -0.055137
v -0.388297 -0.518641 -0.055380
v -0.388260 -0.518452 -0.055594
v -0.388215 -0.518230 -0.055770
v -0.388166 -0.517980 -0.055905
v -0.388113 -0.517712 -0.055993
v -0.388058 -0.517432 -0.056033
v -0.392627 -0.540525 -0.024518
v -0.392572 -0.540249 -0.024458
v -0.392520 -0.539987 -0.024350
v -0.392473 -0.539748 -0.024197
v -0.392432 -0.539539 -0.024004
v -0.392397 -0.539366 -0.023777
v -0.392371 -0.539234 -0.023523
v -0.392354 -0.539147 -0.023249
v -0.392346 -0.539108 -0.022964
v -0.392348 -0.539119 -0.022677
v -0.392360 -0.539178 -0.022396
v -0.392381 -0.539284 -0.022129
v -0.392411 -0.539434 -0.021886
v -0.392448 -0.539623 -0.021672
v -0.392492 -0.539846 -0.021496
v -0.392542 -0.540095 -0.021361
v -0.392595 -0.540363 -0.021273
v -0.392650 -0.540643 -0.021233
v -0.392706 -0.540925 -0.021244
v -0.392760 -0.541201 -0.021304
v -0.392812 -0.541462 -0.021412
v -0.392859 -0.541701 -0.021565
v -0.392901 -0.541910 -0.021758
v -0.392935 -0.542084 -0.021985
v -0.392961 -0.542216 -0.022239
v -0.392978 -0.542303 -0.022513
v -0.392986 -0.542341 -0.022798
v -0.392984 -0.542331 -0.023085
v -0.392972 -0.542272 -0.023366
v -0.392951 -0.542166 -0.023633
v -0.392922 -0.542016 -0.023876
v -0.392884 -0.541827 -0.024090
v -0.392840 -0.541604 -0.024266
v -0.392791 -0.541355 -0.024401
v -0.392738 -0.541086 -0.024489
v -0.392682 -0.540807 -0.024529
v -0.400234 -0.578976 -0.029401
v -0.400180 -0.578700 -0.029341
v -0.400128 -0.578439 -0.029233
v -0.400081 -0.578200 -0.029080
v -0.400039 -0.577991 -0.028887
v -0.400005 -0.577817 -0.028660
v -0.399979 -0.577685 -0.028406
v -0.399962 -0.577599 -0.028132
v -0.399954 -0.577560 -0.027848
v -0.399956 -0.577570 -0.027560
v -0.399968 -0.577629 -0.027279
v -0.399989 -0.577735 -0.027012
v -0.400018 -0.577885 -0.026769
v -0.400056 -0.578075 -0.026555
v -0.400100 -0.578297 -0.026379
v -0.400149 -0.578547 -0.026244
v -0.400202 -0.578815 -0.026156
v -0.400258 -0.579095 -0.026116
v -0.400313 -0.579376 -0.026127
v -0.400368 -0.579652 -0.026187
v -0.400420 -0.579914 -0.026295
v -0.400467 -0.580153 -0.026448
v -0.400508 -0.580362 -0.026641
v -0.400543 -0.580535 -0.026868
v -0.400569 -0.580667 -0.027122
v -0.400586 -0.580754 -0.027396
v -0.400594 -0.580793 -0.027681
v -0.400592 -0.580783 -0.027968
v -0.400580 -0.580723 -0.028249
v -0.400559 -0.580617 -0.028516
v -0.400529 -0.580467 -0.028759
v -0.400492 -0.580278 -0.028973
v -0.400448 -0.580056 -0.029150
v -0.400398 -0.579806 -0.029284
v -0.400345 -0.579538 -0.029373
v -0.400290 -0.579258 -0.029412
v -0.398593 -0.570679 -0.097293
v -0.398538 -0.570403 -0.097232
v -0.398486 -0.570142 -0.097124
v -0.398439 -0.569903 -0.096971
v -0.398398 -0.569694 -0.096779
v -0.398363 -0.569520 -0.096552
v -0.398337 -0.569388 -0.096297
v -0.398320 -0.569302 -0.096024
v -0.398312 -0.569263 -0.095739
v -0.398314 -0.569273 -0.095451
v -0.398326 -0.569332 -0.095170
v -0.398347 -0.569438 -0.094904
v -0.398377 -0.569588 -0.094660
v -0.398414 -0.569778 -0.094447
v -0.398458 -0.570000 -0.094270
v -0.398508 -0.570250 -0.094135
v -0.398561 -0.570518 -0.094047
v -0.398616 -0.570797 -0.094007
v -0.398672 -0.571079 -0.094018
v -0.398726 -0.571355 -0.094078
v -0.398778 -0.571617 -0.094187
v -0.398825 -0.571856 -0.094339
v -0.398867 -0.572065 -0.094532
v -0.398901 -0.572238 -0.094759
v -0.398927 -0.572370 -0.095013
v -0.398944 -0.572457 -0.095287
v -0.398952 -0.572496 -0.095572
v -0.398950 -0.572486 -0.095859
v -0.398938 -0.572426 -0.096141
v -0.398917 -0.572320 -0.096407
v -0.398888 -0.572170 -0.096651
v -0.398850 -0.571981 -0.096864
v -0.398806 -0.571759 -0.097041
v -0.398757 -0.571509 -0.097175
v -0.398704 -0.571241 -0.097264
v -0.398648 -0.570961 -0.097303
v -0.390985 -0.532228 -0.092410
v -0.390930 -0.531952 -0.092349
v -0.390879 -0.531690 -0.092241
v -0.390831 -0.531451 -0.092088
v -0.390790 -0.531242 -0.091895
v -0.390756 -0.531069 -0.091668
v -0.390730 -0.530937 -0.091414
v -0.390712 -0.530850 -0.091141
v -0.390705 -0.530811 -0.090856
v -0.390707 -0.530822 -0.090568
v -0.390718 -0.530881 -0.090287
v -0.390739 -0.530987 -0.090021
v -0.390769 -0.531137 -0.089777
v -0.390807 -0.531326 -0.089563
v -0.390851 -0.531549 -0.089387
v -0.390900 -0.531798 -0.089252
v -0.390953 -0.532066 -0.089164
v -0.391008 -0.532346 -0.089124
v -0.391064 -0.532628 -0.089135
v -0.391119 -0.532904 -0.089195
v -0.391170 -0.533165 -0.089303
v -0.391218 -0.533404 -0.089456
v -0.391259 -0.533613 -0.089649
v -0.391293 -0.533787 -0.089876
v -0.391320 -0.533919 -0.090130
v -0.391337 -0.534005 -0.090404
v -0.391344 -0.534044 -0.090689
v -0.391342 -0.534034 -0.090976
v -0.391331 -0.533975 -0.091257
v -0.391310 -0.533869 -0.091524
v -0.391280 -0.533719 -0.091768
v -0.391243 -0.533530 -0.091981
v -0.391199 -0.533307 -0.092158
v -0.391149 -0.533058 -0.092292
v -0.391096 -0.532789 -0.092381
v -0.391041 -0.532510 -0.092420
v -0.385518 -0.504595 -0.054506
v -0.385576 -0.504891 -0.054517
v -0.385634 -0.505183 -0.054475
v -0.385690 -0.505464 -0.054383
v -0.385741 -0.505725 -0.054242
v -0.385788 -0.505958 -0.054057
v -0.385827 -0.506156 -0.053834
v -0.385858 -0.506313 -0.053579
v -0.385880 -0.506424 -0.053300
v -0.385892 -0.506486 -0.053005
v -0.385894 -0.506497 -0.052704
v -0.385886 -0.506457 -0.052406
v -0.385868 -0.506366 -0.052120
v -0.385841 -0.506228 -0.051854
v -0.385805 -0.506046 -0.051616
v -0.385762 -0.505827 -0.051414
v -0.385712 -0.505577 -0.051254
v -0.385658 -0.505303 -0.051141
v -0.385601 -0.505014 -0.051078
v -0.390335 -0.504078 -0.051078
v -0.390252 -0.503659 -0.054506
v -0.390311 -0.503954 -0.054517
v -0.390368 -0.504247 -0.054475
v -0.390424 -0.504528 -0.054383
v -0.390476 -0.504789 -0.054242
v -0.390522 -0.505022 -0.054057
v -0.390561 -0.505220 -0.053834
v -0.390592 -0.505377 -0.053579
v -0.390614 -0.505488 -0.053300
v -0.390626 -0.505550 -0.053005
v -0.390628 -0.505560 -0.052704
v -0.390620 -0.505520 -0.052406
v -0.390602 -0.505429 -0.052120
v -0.390575 -0.505291 -0.051854
v -0.390539 -0.505110 -0.051616
v -0.390496 -0.504890 -0.051414
v -0.390446 -0.504640 -0.051254
v -0.390392 -0.504367 -0.051141
v -0.383072 -0.492233 -0.052936
v -0.383130 -0.492528 -0.052947
v -0.383188 -0.492820 -0.052905
v -0.383244 -0.493101 -0.052813
v -0.383295 -0.493362 -0.052672
v -0.383342 -0.493595 -0.052487
v -0.383381 -0.493793 -0.052264
v -0.383412 -0.493950 -0.052009
v -0.383434 -0.494061 -0.051730
v -0.383446 -0.494123 -0.051435
v -0.383448 -0.494134 -0.051134
v -0.383440 -0.494094 -0.050836
v -0.383422 -0.494003 -0.050550
v -0.383395 -0.493865 -0.050284
v -0.383359 -0.493683 -0.050046
v -0.383316 -0.493464 -0.049844
v -0.383266 -0.493214 -0.049684
v -0.383212 -0.492940 -0.049571
v -0.383155 -0.492651 -0.049508
v -0.387889 -0.491715 -0.049508
v -0.387806 -0.491296 -0.052936
v -0.387865 -0.491591 -0.052947
v -0.387922 -0.491884 -0.052905
v -0.387978 -0.492165 -0.052813
v -0.388030 -0.492426 -0.052672
v -0.388076 -0.492659 -0.052487
v -0.388115 -0.492857 -0.052264
v -0.388146 -0.493014 -0.052009
v -0.388168 -0.493125 -0.051730
v -0.388180 -0.493187 -0.051435
v -0.388182 -0.493198 -0.051134
v -0.388174 -0.493157 -0.050836
v -0.388156 -0.493066 -0.050550
v -0.388129 -0.492928 -0.050284
v -0.388093 -0.492747 -0.050046
v -0.388050 -0.492527 -0.049844
v -0.388000 -0.492277 -0.049684
v -0.387946 -0.492004 -0.049571
v -0.380626 -0.479870 -0.051366
v -0.380684 -0.480165 -0.051377
v -0.380742 -0.480457 -0.051335
v -0.380798 -0.480738 -0.051243
v -0.380849 -0.480999 -0.051102
v -0.380896 -0.481232 -0.050917
v -0.380935 -0.481430 -0.050694
v -0.380966 -0.481587 -0.050439
v -0.380988 -0.481699 -0.050160
v -0.381000 -0.481760 -0.049865
v -0.381002 -0.481771 -0.049564
v -0.380994 -0.481731 -0.049266
v -0.380976 -0.481640 -0.048980
v -0.380949 -0.481502 -0.048714
v -0.380913 -0.481320 -0.048476
v -0.380870 -0.481101 -0.048274
v -0.380820 -0.480851 -0.048114
v -0.380766 -0.480577 -0.048001
v -0.380709 -0.480289 -0.047938
v -0.385443 -0.479352 -0.047938
v -0.385360 -0.478933 -0.051366
v -0.385419 -0.479228 -0.051377
v -0.385476 -0.479521 -0.051335
v -0.385532 -0.479802 -0.051243
v -0.385584 -0.480063 -0.051102
v -0.385630 -0.480296 -0.050917
v -0.385669 -0.480494 -0.050694
v -0.385700 -0.480651 -0.050439
v -0.385722 -0.480762 -0.050160
v -0.385734 -0.480824 -0.049865
v -0.385736 -0.480835 -0.049564
v -0.385728 -0.480794 -0.049266
v -0.385710 -0.480703 -0.048980
v -0.385683 -0.480565 -0.048714
v -0.385647 -0.480384 -0.048476
v -0.385604 -0.480165 -0.048274
v -0.385554 -0.479914 -0.048114
v -0.385500 -0.479641 -0.048001
v -0.378180 -0.467507 -0.049796
v -0.378238 -0.467802 -0.049807
v -0.378296 -0.468094 -0.049765
v -0.378352 -0.468375 -0.049673
v -0.378403 -0.468636 -0.049532
v -0.378450 -0.468870 -0.049347
v -0.378489 -0.469068 -0.049124
v -0.378520 -0.469224 -0.048869
v -0.378542 -0.469336 -0.048590
v -0.378554 -0.469398 -0.048295
v -0.378556 -0.469408 -0.047994
v -0.378548 -0.469368 -0.047696
v -0.378530 -0.469277 -0.047410
v -0.378503 -0.469139 -0.047144
v -0.378467 -0.468957 -0.046906
v -0.378424 -0.468738 -0.046704
v -0.378374 -0.468488 -0.046544
v -0.378320 -0.468214 -0.046431
v -0.378263 -0.467926 -0.046368
v -0.382997 -0.466989 -0.046368
v -0.382914 -0.466570 -0.049796
v -0.382973 -0.466865 -0.049807
v -0.383030 -0.467158 -0.049765
v -0.383086 -0.467439 -0.049673
v -0.383138 -0.467700 -0.049532
v -0.383184 -0.467933 -0.049347
v -0.383223 -0.468131 -0.049124
v -0.383254 -0.468288 -0.048869
v -0.383276 -0.468399 -0.048590
v -0.383288 -0.468461 -0.048295
v -0.383290 -0.468472 -0.047994
v -0.383282 -0.468431 -0.047696
v -0.383264 -0.468340 -0.047410
v -0.383237 -0.468202 -0.047144
v -0.383201 -0.468021 -0.046906
v -0.383158 -0.467802 -0.046704
v -0.383108 -0.467551 -0.046544
v -0.383054 -0.467278 -0.046431
v -0.375734 -0.455144 -0.048226
v -0.375792 -0.455439 -0.048237
v -0.375850 -0.455731 -0.048195
v -0.375906 -0.456013 -0.048103
v -0.375957 -0.456274 -0.047962
v -0.376004 -0.456507 -0.047777
v -0.376043 -0.456705 -0.047554
v -0.376074 -0.456862 -0.047299
v -0.376096 -0.456973 -0.047020
v -0.376108 -0.457035 -0.046725
v -0.376110 -0.457045 -0.046424
v -0.376102 -0.457005 -0.046126
v -0.376084 -0.456914 -0.045840
v -0.376057 -0.456776 -0.045574
v -0.376021 -0.456594 -0.045336
v -0.375978 -0.456375 -0.045134
v -0.375928 -0.456125 -0.044974
v -0.375874 -0.455851 -0.044861
v -0.375817 -0.455563 -0.044798
v -0.380551 -0.454626 -0.044798
v -0.380468 -0.454207 -0.048226
v -0.380527 -0.454502 -0.048237
v -0.380584 -0.454795 -0.048195
v -0.380640 -0.455076 -0.048103
v -0.380692 -0.455337 -0.047962
v -0.380738 -0.455570 -0.047777
v -0.380777 -0.455768 -0.047554
v -0.380808 -0.455925 -0.047299
v -0.380830 -0.456036 -0.047020
v -0.380842 -0.456098 -0.046725
v -0.380844 -0.456109 -0.046424
v -0.380836 -0.456068 -0.046126
v -0.380818 -0.455977 -0.045840
v -0.380791 -0.455839 -0.045574
v -0.380755 -0.455658 -0.045336
v -0.380712 -0.455439 -0.045134
v -0.380662 -0.455188 -0.044974
v -0.380608 -0.454915 -0.044861
v -0.373288 -0.442781 -0.046656
v -0.373346 -0.443076 -0.046667
v -0.373404 -0.443369 -0.046625
v -0.373460 -0.443650 -0.046533
v -0.373511 -0.443911 -0.046392
v -0.373558 -0.444144 -0.046207
v -0.373597 -0.444342 -0.045984
v -0.373628 -0.444499 -0.045729
v -0.373650 -0.444610 -0.045450
v -0.373662 -0.444672 -0.045155
v -0.373664 -0.444682 -0.044854
v -0.373656 -0.444642 -0.044556
v -0.373638 -0.444551 -0.044270
v -0.373611 -0.444413 -0.044004
v -0.373575 -0.444232 -0.043766
v -0.373532 -0.444012 -0.043564
v -0.373482 -0.443762 -0.043404
v -0.373428 -0.443489 -0.043291
v -0.373371 -0.443200 -0.043228
v -0.378105 -0.442263 -0.043228
v -0.378022 -0.441844 -0.046656
v -0.378081 -0.442139 -0.046667
v -0.378138 -0.442432 -0.046625
v -0.378194 -0.442713 -0.046533
v -0.378246 -0.442974 -0.046392
v -0.378292 -0.443207 -0.046207
v -0.378331 -0.443405 -0.045984
v -0.378362 -0.443562 -0.045729
v -0.378384 -0.443673 -0.045450
v -0.378396 -0.443735 -0.045155
v -0.378398 -0.443746 -0.044854
v -0.378390 -0.443705 -0.044556
v -0.378372 -0.443614 -0.044270
v -0.378345 -0.443476 -0.044004
v -0.378309 -0.443295 -0.043766
v -0.378266 -0.443076 -0.043564
v -0.378216 -0.442826 -0.043404
v -0.378162 -0.442552 -0.043291
v -0.370842 -0.430418 -0.045086
v -0.370900 -0.430713 -0.045097
v -0.370958 -0.431006 -0.045055
v -0.371014 -0.431287 -0.044963
v -0.371065 -0.431548 -0.044822
v -0.371112 -0.431781 -0.044637
v -0.371151 -0.431979 -0.044414
v -0.371182 -0.432136 -0.044159
v -0.371204 -0.432247 -0.043880
v -0.371216 -0.432309 -0.043585
v -0.371218 -0.432320 -0.043284
v -0.371210 -0.432279 -0.042986
v -0.371192 -0.432188 -0.042700
v -0.371165 -0.432050 -0.042434
v -0.371129 -0.431869 -0.042196
v -0.371086 -0.431649 -0.041994
v -0.371036 -0.431399 -0.041834
v -0.370982 -0.431126 -0.041721
v -0.370925 -0.430837 -0.041658
v -0.375659 -0.429900 -0.041658
v -0.375576 -0.429481 -0.045086
v -0.375635 -0.429776 -0.045097
v -0.375692 -0.430069 -0.045055
v -0.375748 -0.430350 -0.044963
v -0.375800 -0.430611 -0.044822
v -0.375846 -0.430844 -0.044637
v -0.375885 -0.431042 -0.044414
v -0.375916 -0.431199 -0.044159
v -0.375938 -0.431310 -0.043880
v -0.375950 -0.431372 -0.043585
v -0.375952 -0.431383 -0.043284
v -0.375944 -0.431342 -0.042986
v -0.375926 -0.431252 -0.042700
v -0.375899 -0.431113 -0.042434
v -0.375863 -0.430932 -0.042196
v -0.375820 -0.430713 -0.041994
v -0.375770 -0.430463 -0.041834
v -0.375716 -0.430189 -0.041721
v -0.368396 -0.418055 -0.043516
v -0.368454 -0.418350 -0.043527
v -0.368512 -0.418643 -0.043485
v -0.368568 -0.418924 -0.043393
v -0.368619 -0.419185 -0.043252
v -0.368666 -0.419418 -0.043067
v -0.368705 -0.419616 -0.042844
v -0.368736 -0.419773 -0.042588
v -0.368758 -0.419884 -0.042310
v -0.368770 -0.419946 -0.042015
v -0.368772 -0.419957 -0.041714
v -0.368764 -0.419916 -0.041416
v -0.368746 -0.419825 -0.041130
v -0.368719 -0.419687 -0.040863
v -0.368683 -0.419506 -0.040626
v -0.368640 -0.419287 -0.040424
v -0.368590 -0.419036 -0.040264
v -0.368536 -0.418763 -0.040151
v -0.368479 -0.418474 -0.040088
v -0.373213 -0.417537 -0.040088
v -0.373130 -0.417118 -0.043516
v -0.373189 -0.417413 -0.043527
v -0.373246 -0.417706 -0.043485
v -0.373302 -0.417987 -0.043393
v -0.373354 -0.418248 -0.043252
v -0.373400 -0.418481 -0.043067
v -0.373439 -0.418679 -0.042844
v -0.373470 -0.418836 -0.042588
v -0.373492 -0.418947 -0.042310
v -0.373504 -0.419009 -0.042015
v -0.373506 -0.419020 -0.041714
v -0.373498 -0.418979 -0.041416
v -0.373480 -0.418889 -0.041130
v -0.373453 -0.418750 -0.040863
v -0.373417 -0.418569 -0.040626
v -0.373374 -0.418350 -0.040424
v -0.373324 -0.418100 -0.040264
v -0.373270 -0.417826 -0.040151
v -0.365950 -0.405692 -0.041946
v -0.366008 -0.405987 -0.041957
v -0.366066 -0.406280 -0.041915
v -0.366122 -0.406561 -0.041823
v -0.366173 -0.406822 -0.041682
v -0.366220 -0.407055 -0.041497
v -0.366259 -0.407253 -0.041274
v -0.366290 -0.407410 -0.041018
v -0.366312 -0.407521 -0.040740
v -0.366324 -0.407583 -0.040445
v -0.366326 -0.407594 -0.040144
v -0.366318 -0.407553 -0.039846
v -0.366300 -0.407462 -0.039560
v -0.366273 -0.407324 -0.039293
v -0.366237 -0.407143 -0.039056
v -0.366194 -0.406924 -0.038854
v -0.366144 -0.406673 -0.038694
v -0.366090 -0.406400 -0.038581
v -0.366033 -0.406111 -0.038518
v -0.370767 -0.405174 -0.038518
v -0.370684 -0.404755 -0.041946
v -0.370743 -0.405051 -0.041957
v -0.370800 -0.405343 -0.041915
v -0.370856 -0.405624 -0.041823
v -0.370908 -0.405885 -0.041682
v -0.370954 -0.406118 -0.041497
v -0.370993 -0.406316 -0.041274
v -0.371024 -0.406473 -0.041018
v -0.371046 -0.406584 -0.040740
v -0.371058 -0.406646 -0.040445
v -0.371060 -0.406657 -0.040144
v -0.371052 -0.406616 -0.039846
v -0.371034 -0.406526 -0.039560
v -0.371007 -0.406387 -0.039293
v -0.370971 -0.406206 -0.039056
v -0.370928 -0.405987 -0.038854
v -0.370878 -0.405737 -0.038694
v -0.370824 -0.405463 -0.038581
v -0.363504 -0.393329 -0.040376
v -0.363562 -0.393624 -0.040387
v -0.363620 -0.393917 -0.040345
v -0.363676 -0.394198 -0.040253
v -0.363727 -0.394459 -0.040112
v -0.363774 -0.394692 -0.039927
v -0.363813 -0.394890 -0.039703
v -0.363844 -0.395047 -0.039448
v -0.363866 -0.395158 -0.039169
v -0.363878 -0.395220 -0.038875
v -0.363880 -0.395231 -0.038574
v -0.363872 -0.395190 -0.038276
v -0.363854 -0.395099 -0.037990
v -0.363827 -0.394961 -0.037723
v -0.363791 -0.394780 -0.037486
v -0.363748 -0.394561 -0.037284
v -0.363698 -0.394310 -0.037124
v -0.363644 -0.394037 -0.037011
v -0.363587 -0.393748 -0.036948
v -0.368321 -0.392811 -0.036948
v -0.368238 -0.392392 -0.040376
v -0.368297 -0.392688 -0.040387
v -0.368354 -0.392980 -0.040345
v -0.368410 -0.393261 -0.040253
v -0.368462 -0.393522 -0.040112
v -0.368508 -0.393755 -0.039927
v -0.368547 -0.393953 -0.039703
v -0.368578 -0.394110 -0.039448
v -0.368600 -0.394221 -0.039169
v -0.368612 -0.394283 -0.038875
v -0.368614 -0.394294 -0.038574
v -0.368606 -0.394254 -0.038276
v -0.368588 -0.394163 -0.037990
v -0.368561 -0.394025 -0.037723
v -0.368525 -0.393843 -0.037486
v -0.368482 -0.393624 -0.037284
v -0.368432 -0.393374 -0.037124
v -0.368378 -0.393100 -0.037011
v -0.361058 -0.380966 -0.038806
v -0.361116 -0.381261 -0.038817
v -0.361174 -0.381554 -0.038775
v -0.361230 -0.381835 -0.038683
v -0.361281 -0.382096 -0.038542
v -0.361328 -0.382329 -0.038357
v -0.361367 -0.382527 -0.038133
v -0.361398 -0.382684 -0.037878
v -0.361420 -0.382795 -0.037599
v -0.361432 -0.382857 -0.037305
v -0.361434 -0.382868 -0.037004
v -0.361426 -0.382827 -0.036706
v -0.361408 -0.382736 -0.036420
v -0.361381 -0.382598 -0.036153
v -0.361345 -0.382417 -0.035916
v -0.361302 -0.382198 -0.035714
v -0.361252 -0.381948 -0.035554
v -0.361198 -0.381674 -0.035441
v -0.361141 -0.381385 -0.035378
v -0.365875 -0.380448 -0.035378
v -0.365792 -0.380030 -0.038806
v -0.365851 -0.380325 -0.038817
v -0.365908 -0.380617 -0.038775
v -0.365964 -0.380898 -0.038683
v -0.366016 -0.381159 -0.038542
v -0.366062 -0.381392 -0.038357
v -0.366101 -0.381590 -0.038133
v -0.366132 -0.381747 -0.037878
v -0.366154 -0.381858 -0.037599
v -0.366166 -0.381920 -0.037305
v -0.366168 -0.381931 -0.037004
v -0.366160 -0.381891 -0.036706
v -0.366142 -0.381800 -0.036420
v -0.366115 -0.381662 -0.036153
v -0.366079 -0.381480 -0.035916
v -0.366036 -0.381261 -0.035714
v -0.365986 -0.381011 -0.035554
v -0.365932 -0.380737 -0.035441
v -0.358612 -0.368603 -0.037235
v -0.358670 -0.368898 -0.037247
v -0.358728 -0.369191 -0.037205
v -0.358784 -0.369472 -0.037113
v -0.358835 -0.369733 -0.036972
v -0.358882 -0.369966 -0.036787
v -0.358921 -0.370164 -0.036563
v -0.358952 -0.370321 -0.036308
v -0.358974 -0.370432 -0.036029
v -0.358986 -0.370494 -0.035735
v -0.358988 -0.370505 -0.035434
v -0.358980 -0.370464 -0.035136
v -0.358962 -0.370374 -0.034849
v -0.358935 -0.370235 -0.034583
v -0.358899 -0.370054 -0.034346
v -0.358856 -0.369835 -0.034144
v -0.358806 -0.369585 -0.033984
v -0.358752 -0.369311 -0.033871
v -0.358695 -0.369022 -0.033808
v -0.363429 -0.368086 -0.033808
v -0.363346 -0.367667 -0.037235
v -0.363405 -0.367962 -0.037247
v -0.363462 -0.368254 -0.037205
v -0.363518 -0.368535 -0.037113
v -0.363570 -0.368796 -0.036972
v -0.363616 -0.369029 -0.036787
v -0.363655 -0.369227 -0.036563
v -0.363686 -0.369384 -0.036308
v -0.363708 -0.369495 -0.036029
v -0.363720 -0.369557 -0.035735
v -0.363722 -0.369568 -0.035434
v -0.363714 -0.369528 -0.035136
v -0.363696 -0.369437 -0.034849
v -0.363669 -0.369299 -0.034583
v -0.363633 -0.369117 -0.034346
v -0.363590 -0.368898 -0.034144
v -0.363540 -0.368648 -0.033984
v -0.363486 -0.368374 -0.033871
v -0.356166 -0.356240 -0.035665
v -0.356224 -0.356535 -0.035676
v -0.356282 -0.356828 -0.035635
v -0.356338 -0.357109 -0.035543
v -0.356389 -0.357370 -0.035402
v -0.356436 -0.357603 -0.035217
v -0.356475 -0.357801 -0.034993
v -0.356506 -0.357958 -0.034738
v -0.356528 -0.358069 -0.034459
v -0.356540 -0.358131 -0.034165
v -0.356542 -0.358142 -0.033864
v -0.356534 -0.358101 -0.033566
v -0.356516 -0.358011 -0.033279
v -0.356489 -0.357872 -0.033013
v -0.356453 -0.357691 -0.032776
v -0.356410 -0.357472 -0.032574
v -0.356360 -0.357222 -0.032414
v -0.356306 -0.356948 -0.032301
v -0.356249 -0.356659 -0.032238
v -0.360983 -0.355723 -0.032238
v -0.360900 -0.355304 -0.035665
v -0.360959 -0.355599 -0.035676
v -0.361016 -0.355891 -0.035635
v -0.361072 -0.356172 -0.035543
v -0.361124 -0.356433 -0.035402
v -0.361170 -0.356666 -0.035217
v -0.361209 -0.356864 -0.034993
v -0.361240 -0.357021 -0.034738
v -0.361262 -0.357133 -0.034459
v -0.361274 -0.357194 -0.034165
v -0.361276 -0.357205 -0.033864
v -0.361268 -0.357165 -0.033566
v -0.361250 -0.357074 -0.033279
v -0.361223 -0.356936 -0.033013
v -0.361187 -0.356754 -0.032776
v -0.361144 -0.356535 -0.032574
v -0.361094 -0.356285 -0.032414
v -0.361040 -0.356011 -0.032301
v -0.353720 -0.343877 -0.034095
v -0.353778 -0.344173 -0.034106
v -0.353836 -0.344465 -0.034065
v -0.353892 -0.344746 -0.033973
v -0.353943 -0.345007 -0.033832
v -0.353990 -0.345240 -0.033647
v -0.354029 -0.345438 -0.033423
v -0.354060 -0.345595 -0.033168
v -0.354082 -0.345706 -0.032889
v -0.354094 -0.345768 -0.032595
v -0.354096 -0.345779 -0.032294
v -0.354088 -0.345738 -0.031996
v -0.354070 -0.345648 -0.031709
v -0.354043 -0.345509 -0.031443
v -0.354007 -0.345328 -0.031206
v -0.353964 -0.345109 -0.031004
v -0.353914 -0.344859 -0.030844
v -0.353860 -0.344585 -0.030731
v -0.353803 -0.344296 -0.030668
v -0.358537 -0.343360 -0.030668
v -0.358454 -0.342941 -0.034095
v -0.358513 -0.343236 -0.034106
v -0.358570 -0.343528 -0.034065
v -0.358626 -0.343809 -0.033973
v -0.358678 -0.344070 -0.033832
v -0.358724 -0.344304 -0.033647
v -0.358763 -0.344502 -0.033423
v -0.358794 -0.344659 -0.033168
v -0.358816 -0.344770 -0.032889
v -0.358828 -0.344832 -0.032595
v -0.358830 -0.344842 -0.032294
v -0.358822 -0.344802 -0.031996
v -0.358804 -0.344711 -0.031709
v -0.358777 -0.344573 -0.031443
v -0.358741 -0.344391 -0.031206
v -0.358698 -0.344172 -0.031004
v -0.358648 -0.343922 -0.030844
v -0.358594 -0.343648 -0.030731
v -0.351274 -0.331514 -0.032525
v -0.351332 -0.331810 -0.032536
v -0.351390 -0.332102 -0.032495
v -0.351446 -0.332383 -0.032403
v -0.351497 -0.332644 -0.032262
v -0.351544 -0.332877 -0.032077
v -0.351583 -0.333075 -0.031853
v -0.351614 -0.333232 -0.031598
v -0.351636 -0.333343 -0.031319
v -0.351648 -0.333405 -0.031025
v -0.351650 -0.333416 -0.030724
v -0.351642 -0.333376 -0.030426
v -0.351624 -0.333285 -0.030139
v -0.351597 -0.333147 -0.029873
v -0.351561 -0.332965 -0.029636
v -0.351518 -0.332746 -0.029434
v -0.351468 -0.332496 -0.029274
v -0.351414 -0.332222 -0.029161
v -0.351357 -0.331933 -0.029098
v -0.356091 -0.330997 -0.029098
v -0.356008 -0.330578 -0.032525
v -0.356067 -0.330873 -0.032536
v -0.356124 -0.331165 -0.032495
v -0.356180 -0.331447 -0.032403
v -0.356232 -0.331708 -0.032262
v -0.356278 -0.331941 -0.032077
v -0.356317 -0.332139 -0.031853
v -0.356348 -0.332296 -0.031598
v -0.356370 -0.332407 -0.031319
v -0.356382 -0.332469 -0.031025
v -0.356384 -0.332479 -0.030724
v -0.356376 -0.332439 -0.030426
v -0.356358 -0.332348 -0.030139
v -0.356331 -0.332210 -0.029873
v -0.356295 -0.332028 -0.029636
v -0.356252 -0.331809 -0.029434
v -0.356202 -0.331559 -0.029274
v -0.356148 -0.331285 -0.029161
v -0.348828 -0.319152 -0.030955
v -0.348886 -0.319447 -0.030966
v -0.348944 -0.319739 -0.030925
v -0.349000 -0.320020 -0.030833
v -0.349051 -0.320281 -0.030692
v -0.349098 -0.320514 -0.030507
v -0.349137 -0.320712 -0.030283
v -0.349168 -0.320869 -0.030028
v -0.349190 -0.320980 -0.029749
v -0.349202 -0.321042 -0.029455
v -0.349204 -0.321053 -0.029154
v -0.349196 -0.321013 -0.028856
v -0.349178 -0.320922 -0.028569
v -0.349151 -0.320784 -0.028303
v -0.349115 -0.320602 -0.028066
v -0.349072 -0.320383 -0.027864
v -0.349022 -0.320133 -0.027704
v -0.348968 -0.319859 -0.027591
v -0.348911 -0.319570 -0.027527
v -0.353645 -0.318634 -0.027527
v -0.353562 -0.318215 -0.030955
v -0.353621 -0.318510 -0.030966
v -0.353678 -0.318803 -0.030925
v -0.353734 -0.319084 -0.030833
v -0.353786 -0.319345 -0.030692
v -0.353832 -0.319578 -0.030507
v -0.353871 -0.319776 -0.030283
v -0.353902 -0.319933 -0.030028
v -0.353924 -0.320044 -0.029749
v -0.353936 -0.320106 -0.029455
v -0.353938 -0.320117 -0.029154
v -0.353930 -0.320076 -0.028856
v -0.353912 -0.319985 -0.028569
v -0.353885 -0.319847 -0.028303
v -0.353849 -0.319666 -0.028066
v -0.353806 -0.319446 -0.027864
v -0.353756 -0.319196 -0.027704
v -0.353702 -0.318923 -0.027591
v -0.346382 -0.306789 -0.029385
v -0.346440 -0.307084 -0.029396
v -0.346498 -0.307376 -0.029355
v -0.346554 -0.307657 -0.029262
v -0.346605 -0.307918 -0.029122
v -0.346652 -0.308151 -0.028937
v -0.346691 -0.308349 -0.028713
v -0.346722 -0.308506 -0.028458
v -0.346744 -0.308617 -0.028179
v -0.346756 -0.308679 -0.027885
v -0.346758 -0.308690 -0.027584
v -0.346750 -0.308650 -0.027286
v -0.346732 -0.308559 -0.026999
v -0.346705 -0.308421 -0.026733
v -0.346669 -0.308239 -0.026496
v -0.346626 -0.308020 -0.026294
v -0.346576 -0.307770 -0.026134
v -0.346522 -0.307496 -0.026021
v -0.346465 -0.307208 -0.025957
v -0.351199 -0.306271 -0.025957
v -0.351116 -0.305852 -0.029385
v -0.351174 -0.306147 -0.029396
v -0.351232 -0.306440 -0.029355
v -0.351288 -0.306721 -0.029262
v -0.351340 -0.306982 -0.029122
v -0.351386 -0.307215 -0.028937
v -0.351425 -0.307413 -0.028713
v -0.351456 -0.307570 -0.028458
v -0.351478 -0.307681 -0.028179
v -0.351490 -0.307743 -0.027885
v -0.351492 -0.307754 -0.027584
v -0.351484 -0.307713 -0.027286
v -0.351466 -0.307622 -0.026999
v -0.351439 -0.307484 -0.026733
v -0.351403 -0.307303 -0.026496
v -0.351360 -0.307083 -0.026294
v -0.351310 -0.306833 -0.026134
v -0.351256 -0.306560 -0.026021
v -0.403248 -0.594210 -0.083487
v -0.403947 -0.597741 -0.076349
v -0.404395 -0.600007 -0.068696
v -0.404580 -0.600940 -0.060759
v -0.404495 -0.600513 -0.052777
v -0.404144 -0.598737 -0.044991
v -0.403537 -0.595667 -0.037635
v -0.402691 -0.591395 -0.030931
v -0.401634 -0.586050 -0.025082
v -0.400396 -0.579793 -0.020263
v -0.399015 -0.572812 -0.016621
v -0.397532 -0.565318 -0.014264
v -0.395993 -0.557538 -0.013265
v -0.394443 -0.549705 -0.013652
v -0.392930 -0.542056 -0.015415
v -0.391498 -0.534822 -0.018500
v -0.390192 -0.528220 -0.022814
v -0.389050 -0.522450 -0.028228
v -0.393785 -0.521513 -0.028228
v -0.407982 -0.593273 -0.083487
v -0.408681 -0.596804 -0.076349
v -0.409129 -0.599070 -0.068696
v -0.409314 -0.600004 -0.060759
v -0.409229 -0.599576 -0.052777
v -0.408878 -0.597801 -0.044991
v -0.408271 -0.594731 -0.037635
v -0.407426 -0.590458 -0.030931
v -0.406368 -0.585113 -0.025082
v -0.405130 -0.578856 -0.020263
v -0.403749 -0.571875 -0.016621
v -0.402266 -0.564382 -0.014264
v -0.400727 -0.556601 -0.013265
v -0.399177 -0.548769 -0.013652
v -0.397664 -0.541120 -0.015415
v -0.396232 -0.533885 -0.018500
v -0.394926 -0.527283 -0.022814
v -0.384800 -0.500968 -0.036307
v -0.389534 -0.500031 -0.036307
v -0.346646 -0.283261 -0.008778
v -0.341912 -0.284197 -0.008778
v -0.346646 -0.283261 -0.008778
v -0.346110 -0.280548 -0.008677
v -0.345578 -0.277859 -0.009057
v -0.345067 -0.275276 -0.009907
v -0.344592 -0.272877 -0.011202
v -0.344168 -0.270735 -0.012902
v -0.343808 -0.268915 -0.014955
v -0.343523 -0.267472 -0.017299
v -0.343321 -0.266451 -0.019863
v -0.343208 -0.265882 -0.022569
v -0.343188 -0.265782 -0.025334
v -0.343262 -0.266155 -0.028075
v -0.343427 -0.266990 -0.030708
v -0.343679 -0.268260 -0.033154
v -0.344008 -0.269927 -0.035338
v -0.344407 -0.271941 -0.037193
v -0.344862 -0.274241 -0.038663
v -0.345359 -0.276756 -0.039704
v -0.345885 -0.279410 -0.040285
v -0.341912 -0.284197 -0.008778
v -0.341375 -0.281485 -0.008677
v -0.340844 -0.278796 -0.009057
v -0.340332 -0.276213 -0.009907
v -0.339858 -0.273814 -0.011202
v -0.339434 -0.271672 -0.012902
v -0.339074 -0.269852 -0.014955
v -0.338788 -0.268409 -0.017299
v -0.338586 -0.267388 -0.019863
v -0.338474 -0.266819 -0.022569
v -0.338454 -0.266719 -0.025334
v -0.338528 -0.267092 -0.028075
v -0.338693 -0.267926 -0.030708
v -0.338944 -0.269196 -0.033154
v -0.339274 -0.270864 -0.035338
v -0.339673 -0.272878 -0.037193
v -0.340128 -0.275178 -0.038663
v -0.340625 -0.277693 -0.039704
v -0.341150 -0.280347 -0.040285
v -0.388773 -0.496181 -0.067813
v -0.384038 -0.497117 -0.067813
v -0.341150 -0.280347 -0.040285
v -0.345885 -0.279410 -0.040285
v -0.394849 -0.551759 -0.092350
v -0.395976 -0.557456 -0.092563
v -0.397094 -0.563102 -0.091764
v -0.398167 -0.568527 -0.089978
v -0.399164 -0.573565 -0.087259
v -0.400054 -0.578063 -0.083690
v -0.400810 -0.581885 -0.079378
v -0.401409 -0.584915 -0.074456
v -0.401834 -0.587060 -0.069071
v -0.402070 -0.588255 -0.063389
v -0.402111 -0.588464 -0.057582
v -0.401956 -0.587680 -0.051826
v -0.401610 -0.585928 -0.046296
v -0.401082 -0.583261 -0.041161
v -0.400389 -0.579759 -0.036575
v -0.399552 -0.575530 -0.032679
v -0.398597 -0.570701 -0.029591
v -0.397552 -0.565419 -0.027405
v -0.396449 -0.559845 -0.026186
v -0.401183 -0.558908 -0.026186
v -0.399584 -0.550822 -0.092350
v -0.400711 -0.556519 -0.092563
v -0.401828 -0.562166 -0.091764
v -0.402901 -0.567590 -0.089978
v -0.403898 -0.572628 -0.087259
v -0.404788 -0.577127 -0.083690
v -0.405544 -0.580949 -0.079378
v -0.406143 -0.583978 -0.074456
v -0.406568 -0.586123 -0.069071
v -0.406804 -0.587318 -0.063389
v -0.406846 -0.587527 -0.057582
v -0.406691 -0.586744 -0.051826
v -0.406344 -0.584992 -0.046296
v -0.405816 -0.582324 -0.041161
v -0.405123 -0.578823 -0.036575
v -0.404287 -0.574593 -0.032679
v -0.403331 -0.569764 -0.029591
v -0.402286 -0.564482 -0.027405
v -0.393785 -0.521513 -0.028228
v -0.389050 -0.522450 -0.028228
v -0.389534 -0.500031 -0.036307
v -0.390317 -0.503988 -0.036486
v -0.391096 -0.507923 -0.036024
v -0.391850 -0.511736 -0.034931
v -0.392562 -0.515332 -0.033237
v -0.393212 -0.518618 -0.030984
v -0.384800 -0.500968 -0.036307
v -0.388478 -0.519555 -0.030984
v -0.387827 -0.516268 -0.033237
v -0.387116 -0.512673 -0.034931
v -0.386362 -0.508860 -0.036024
v -0.385583 -0.504925 -0.036486
v -0.388773 -0.496181 -0.067813
v -0.384038 -0.497117 -0.067813
v -0.392508 -0.515061 -0.081018
v -0.392084 -0.512918 -0.077623
v -0.391561 -0.510275 -0.074616
v -0.390952 -0.507197 -0.072074
v -0.390273 -0.503763 -0.070062
v -0.389540 -0.500060 -0.068629
v -0.387774 -0.515998 -0.081018
v -0.384806 -0.500997 -0.068629
v -0.385539 -0.504700 -0.070062
v -0.386218 -0.508134 -0.072074
v -0.386827 -0.511211 -0.074616
v -0.387350 -0.513855 -0.077623
v -0.341490 -0.282063 -0.026245
v -0.341548 -0.282358 -0.026256
v -0.341606 -0.282650 -0.026215
v -0.341662 -0.282931 -0.026122
v -0.341713 -0.283192 -0.025982
v -0.341759 -0.283426 -0.025797
v -0.341799 -0.283624 -0.025573
v -0.341830 -0.283781 -0.025318
v -0.341852 -0.283892 -0.025039
v -0.341864 -0.283954 -0.024745
v -0.341866 -0.283964 -0.024444
v -0.341858 -0.283924 -0.024146
v -0.341840 -0.283833 -0.023859
v -0.341813 -0.283695 -0.023593
v -0.341777 -0.283513 -0.023356
v -0.341734 -0.283294 -0.023154
v -0.341684 -0.283044 -0.022994
v -0.341630 -0.282770 -0.022881
v -0.341573 -0.282482 -0.022817
v -0.346307 -0.281545 -0.022817
v -0.346224 -0.281126 -0.026245
v -0.346282 -0.281421 -0.026256
v -0.346340 -0.281714 -0.026215
v -0.346396 -0.281995 -0.026122
v -0.346448 -0.282256 -0.025982
v -0.346494 -0.282489 -0.025797
v -0.346533 -0.282687 -0.025573
v -0.346564 -0.282844 -0.025318
v -0.346586 -0.282955 -0.025039
v -0.346598 -0.283017 -0.024745
v -0.346600 -0.283028 -0.024444
v -0.346592 -0.282987 -0.024146
v -0.346574 -0.282896 -0.023859
v -0.346547 -0.282758 -0.023593
v -0.346511 -0.282577 -0.023356
v -0.346468 -0.282358 -0.023154
v -0.346418 -0.282107 -0.022994
v -0.346364 -0.281834 -0.022881
v -0.343936 -0.294426 -0.027815
v -0.343994 -0.294721 -0.027826
v -0.344052 -0.295013 -0.027785
v -0.344108 -0.295294 -0.027692
v -0.344159 -0.295555 -0.027552
v -0.344205 -0.295788 -0.027367
v -0.344245 -0.295986 -0.027143
v -0.344276 -0.296143 -0.026888
v -0.344298 -0.296255 -0.026609
v -0.344310 -0.296316 -0.026315
v -0.344312 -0.296327 -0.026014
v -0.344304 -0.296287 -0.025716
v -0.344286 -0.296196 -0.025429
v -0.344259 -0.296058 -0.025163
v -0.344223 -0.295876 -0.024926
v -0.344180 -0.295657 -0.024724
v -0.344130 -0.295407 -0.024564
v -0.344076 -0.295133 -0.024451
v -0.344019 -0.294845 -0.024387
v -0.348753 -0.293908 -0.024387
v -0.348670 -0.293489 -0.027815
v -0.348728 -0.293784 -0.027826
v -0.348786 -0.294077 -0.027785
v -0.348842 -0.294358 -0.027692
v -0.348894 -0.294619 -0.027552
v -0.348940 -0.294852 -0.027367
v -0.348979 -0.295050 -0.027143
v -0.349010 -0.295207 -0.026888
v -0.349032 -0.295318 -0.026609
v -0.349044 -0.295380 -0.026315
v -0.349046 -0.295391 -0.026014
v -0.349038 -0.295350 -0.025716
v -0.349020 -0.295259 -0.025429
v -0.348993 -0.295121 -0.025163
v -0.348957 -0.294940 -0.024926
v -0.348914 -0.294721 -0.024724
v -0.348864 -0.294470 -0.024564
v -0.348810 -0.294197 -0.024451
v -0.391319 -0.516910 -0.052748
v -0.391374 -0.517186 -0.052808
v -0.391426 -0.517447 -0.052916
v -0.391473 -0.517686 -0.053069
v -0.391514 -0.517895 -0.053262
v -0.391549 -0.518069 -0.053489
v -0.391575 -0.518201 -0.053743
v -0.391592 -0.518288 -0.054017
v -0.391600 -0.518326 -0.054302
v -0.391598 -0.518316 -0.054589
v -0.391586 -0.518257 -0.054870
v -0.391565 -0.518151 -0.055137
v -0.391535 -0.518001 -0.055380
v -0.391498 -0.517812 -0.055594
v -0.391454 -0.517589 -0.055770
v -0.391404 -0.517340 -0.055905
v -0.391351 -0.517071 -0.055993
v -0.391296 -0.516792 -0.056033
v -0.391240 -0.516510 -0.056022
v -0.388002 -0.517150 -0.056022
v -0.388081 -0.517551 -0.052748
v -0.388136 -0.517826 -0.052808
v -0.388187 -0.518088 -0.052916
v -0.388235 -0.518327 -0.053069
v -0.388276 -0.518536 -0.053262
v -0.388310 -0.518709 -0.053489
v -0.388337 -0.518841 -0.053743
v -0.388354 -0.518928 -0.054017
v -0.388361 -0.518967 -0.054302
v -0.388359 -0.518957 -0.054589
v -0.388348 -0.518897 -0.054870
v -0.388327 -0.518791 -0.055137
v -0.388297 -0.518641 -0.055380
v -0.388260 -0.518452 -0.055594
v -0.388215 -0.518230 -0.055770
v -0.388166 -0.517980 -0.055905
v -0.388113 -0.517712 -0.055993
v -0.388058 -0.517432 -0.056033
v -0.392852 -0.516799 -0.051234
v -0.392957 -0.517330 -0.051350
v -0.393056 -0.517833 -0.051559
v -0.393147 -0.518293 -0.051853
v -0.393227 -0.518695 -0.052224
v -0.393293 -0.519029 -0.052661
v -0.393343 -0.519283 -0.053150
v -0.393376 -0.519450 -0.053676
v -0.393391 -0.519524 -0.054224
v -0.393387 -0.519504 -0.054778
v -0.393365 -0.519391 -0.055319
v -0.393324 -0.519186 -0.055831
v -0.393267 -0.518898 -0.056300
v -0.393195 -0.518534 -0.056711
v -0.393110 -0.518105 -0.057051
v -0.393016 -0.517626 -0.057310
v -0.392913 -0.517109 -0.057480
v -0.392807 -0.516571 -0.057556
v -0.392700 -0.516029 -0.057536
v -0.391240 -0.516510 -0.056022
v -0.391319 -0.516910 -0.052748
v -0.391374 -0.517186 -0.052808
v -0.391426 -0.517447 -0.052916
v -0.391473 -0.517686 -0.053069
v -0.391514 -0.517895 -0.053262
v -0.391549 -0.518069 -0.053489
v -0.391575 -0.518201 -0.053743
v -0.391592 -0.518288 -0.054017
v -0.391600 -0.518326 -0.054302
v -0.391598 -0.518316 -0.054589
v -0.391586 -0.518257 -0.054870
v -0.391565 -0.518151 -0.055137
v -0.391535 -0.518001 -0.055380
v -0.391498 -0.517812 -0.055594
v -0.391454 -0.517589 -0.055770
v -0.391404 -0.517340 -0.055905
v -0.391351 -0.517071 -0.055993
v -0.391296 -0.516792 -0.056033
v -0.392116 -0.517009 -0.056754
v -0.392254 -0.517705 -0.056497
v -0.392370 -0.518290 -0.056033
v -0.392452 -0.518705 -0.055408
v -0.392492 -0.518910 -0.054683
v -0.392488 -0.518886 -0.053929
v -0.392438 -0.518634 -0.053219
v -0.392348 -0.518179 -0.052624
v -0.392226 -0.517566 -0.052200
v -0.395944 -0.540284 -0.021244
v -0.395999 -0.540560 -0.021304
v -0.396050 -0.540821 -0.021412
v -0.396098 -0.541060 -0.021565
v -0.396139 -0.541270 -0.021758
v -0.396173 -0.541443 -0.021985
v -0.396199 -0.541575 -0.022239
v -0.396217 -0.541662 -0.022513
v -0.396224 -0.541701 -0.022798
v -0.396222 -0.541690 -0.023085
v -0.396210 -0.541631 -0.023366
v -0.396189 -0.541525 -0.023633
v -0.396160 -0.541375 -0.023876
v -0.396122 -0.541186 -0.024090
v -0.396078 -0.540963 -0.024266
v -0.396029 -0.540714 -0.024401
v -0.395976 -0.540445 -0.024489
v -0.395921 -0.540166 -0.024529
v -0.395865 -0.539884 -0.024518
v -0.392627 -0.540525 -0.024518
v -0.392706 -0.540925 -0.021244
v -0.392760 -0.541201 -0.021304
v -0.392812 -0.541462 -0.021412
v -0.392859 -0.541701 -0.021565
v -0.392901 -0.541910 -0.021758
v -0.392935 -0.542084 -0.021985
v -0.392961 -0.542216 -0.022239
v -0.392978 -0.542303 -0.022513
v -0.392986 -0.542341 -0.022798
v -0.392984 -0.542331 -0.023085
v -0.392972 -0.542272 -0.023366
v -0.392951 -0.542166 -0.023633
v -0.392922 -0.542016 -0.023876
v -0.392884 -0.541827 -0.024090
v -0.392840 -0.541604 -0.024266
v -0.392791 -0.541355 -0.024401
v -0.392738 -0.541086 -0.024489
v -0.392682 -0.540807 -0.024529
v -0.397477 -0.540173 -0.019730
v -0.397582 -0.540704 -0.019846
v -0.397681 -0.541207 -0.020055
v -0.397772 -0.541667 -0.020349
v -0.397852 -0.542070 -0.020720
v -0.397918 -0.542403 -0.021156
v -0.397968 -0.542657 -0.021646
v -0.398001 -0.542824 -0.022172
v -0.398016 -0.542899 -0.022720
v -0.398012 -0.542879 -0.023274
v -0.397989 -0.542765 -0.023815
v -0.397949 -0.542561 -0.024327
v -0.397892 -0.542272 -0.024796
v -0.397820 -0.541908 -0.025207
v -0.397735 -0.541480 -0.025547
v -0.397640 -0.541000 -0.025806
v -0.397538 -0.540483 -0.025976
v -0.397432 -0.539946 -0.026052
v -0.397324 -0.539403 -0.026032
v -0.395865 -0.539884 -0.024518
v -0.395944 -0.540284 -0.021244
v -0.395999 -0.540560 -0.021304
v -0.396050 -0.540821 -0.021412
v -0.396098 -0.541060 -0.021565
v -0.396139 -0.541270 -0.021758
v -0.396173 -0.541443 -0.021985
v -0.396199 -0.541575 -0.022239
v -0.396217 -0.541662 -0.022513
v -0.396224 -0.541701 -0.022798
v -0.396222 -0.541690 -0.023085
v -0.396210 -0.541631 -0.023366
v -0.396189 -0.541525 -0.023633
v -0.396160 -0.541375 -0.023876
v -0.396122 -0.541186 -0.024090
v -0.396078 -0.540963 -0.024266
v -0.396029 -0.540714 -0.024401
v -0.395976 -0.540445 -0.024489
v -0.395921 -0.540166 -0.024529
v -0.396741 -0.540384 -0.025250
v -0.396879 -0.541080 -0.024993
v -0.396994 -0.541664 -0.024529
v -0.397076 -0.542079 -0.023904
v -0.397117 -0.542285 -0.023179
v -0.397112 -0.542260 -0.022425
v -0.397062 -0.542008 -0.021715
v -0.396972 -0.541553 -0.021120
v -0.396851 -0.540940 -0.020696
v -0.403552 -0.578736 -0.026127
v -0.403606 -0.579012 -0.026187
v -0.403658 -0.579273 -0.026295
v -0.403705 -0.579512 -0.026448
v -0.403747 -0.579721 -0.026641
v -0.403781 -0.579895 -0.026868
v -0.403807 -0.580027 -0.027122
v -0.403824 -0.580113 -0.027396
v -0.403832 -0.580152 -0.027681
v -0.403830 -0.580142 -0.027968
v -0.403818 -0.580083 -0.028249
v -0.403797 -0.579977 -0.028516
v -0.403767 -0.579827 -0.028759
v -0.403730 -0.579638 -0.028973
v -0.403686 -0.579415 -0.029150
v -0.403637 -0.579166 -0.029284
v -0.403584 -0.578897 -0.029373
v -0.403528 -0.578618 -0.029412
v -0.403472 -0.578336 -0.029401
v -0.400234 -0.578976 -0.029401
v -0.400313 -0.579376 -0.026127
v -0.400368 -0.579652 -0.026187
v -0.400420 -0.579914 -0.026295
v -0.400467 -0.580153 -0.026448
v -0.400508 -0.580362 -0.026641
v -0.400543 -0.580535 -0.026868
v -0.400569 -0.580667 -0.027122
v -0.400586 -0.580754 -0.027396
v -0.400594 -0.580793 -0.027681
v -0.400592 -0.580783 -0.027968
v -0.400580 -0.580723 -0.028249
v -0.400559 -0.580617 -0.028516
v -0.400529 -0.580467 -0.028759
v -0.400492 -0.580278 -0.028973
v -0.400448 -0.580056 -0.029150
v -0.400398 -0.579806 -0.029284
v -0.400345 -0.579538 -0.029373
v -0.400290 -0.579258 -0.029412
v -0.405084 -0.578625 -0.024614
v -0.405189 -0.579156 -0.024730
v -0.405289 -0.579659 -0.024938
v -0.405380 -0.580119 -0.025232
v -0.405459 -0.580521 -0.025603
v -0.405525 -0.580855 -0.026040
v -0.405576 -0.581109 -0.026529
v -0.405609 -0.581276 -0.027055
v -0.405623 -0.581350 -0.027604
v -0.405620 -0.581330 -0.028157
v -0.405597 -0.581217 -0.028698
v -0.405557 -0.581012 -0.029211
v -0.405500 -0.580724 -0.029679
v -0.405428 -0.580360 -0.030090
v -0.405343 -0.579931 -0.030430
v -0.405248 -0.579452 -0.030689
v -0.405146 -0.578935 -0.030859
v -0.405039 -0.578397 -0.030935
v -0.404932 -0.577855 -0.030915
v -0.403472 -0.578336 -0.029401
v -0.403552 -0.578736 -0.026127
v -0.403606 -0.579012 -0.026187
v -0.403658 -0.579273 -0.026295
v -0.403705 -0.579512 -0.026448
v -0.403747 -0.579721 -0.026641
v -0.403781 -0.579895 -0.026868
v -0.403807 -0.580027 -0.027122
v -0.403824 -0.580113 -0.027396
v -0.403832 -0.580152 -0.027681
v -0.403830 -0.580142 -0.027968
v -0.403818 -0.580083 -0.028249
v -0.403797 -0.579977 -0.028516
v -0.403767 -0.579827 -0.028759
v -0.403730 -0.579638 -0.028973
v -0.403686 -0.579415 -0.029150
v -0.403637 -0.579166 -0.029284
v -0.403584 -0.578897 -0.029373
v -0.403528 -0.578618 -0.029412
v -0.404349 -0.578835 -0.030133
v -0.404486 -0.579531 -0.029876
v -0.404602 -0.580116 -0.029413
v -0.404684 -0.580531 -0.028788
v -0.404725 -0.580736 -0.028062
v -0.404720 -0.580712 -0.027308
v -0.404670 -0.580460 -0.026598
v -0.404580 -0.580005 -0.026003
v -0.404459 -0.579392 -0.025579
v -0.406535 -0.593813 -0.062514
v -0.406589 -0.594089 -0.062574
v -0.406641 -0.594350 -0.062682
v -0.406688 -0.594589 -0.062835
v -0.406730 -0.594799 -0.063028
v -0.406764 -0.594972 -0.063255
v -0.406790 -0.595104 -0.063509
v -0.406807 -0.595191 -0.063783
v -0.406815 -0.595230 -0.064068
v -0.406813 -0.595219 -0.064355
v -0.406801 -0.595160 -0.064637
v -0.406780 -0.595054 -0.064903
v -0.406750 -0.594904 -0.065147
v -0.406713 -0.594715 -0.065360
v -0.406669 -0.594492 -0.065537
v -0.406620 -0.594243 -0.065671
v -0.406567 -0.593974 -0.065760
v -0.406511 -0.593695 -0.065799
v -0.406455 -0.593413 -0.065789
v -0.403217 -0.594054 -0.065789
v -0.403296 -0.594454 -0.062514
v -0.403351 -0.594730 -0.062574
v -0.403403 -0.594991 -0.062682
v -0.403450 -0.595230 -0.062835
v -0.403491 -0.595439 -0.063028
v -0.403526 -0.595613 -0.063255
v -0.403552 -0.595745 -0.063509
v -0.403569 -0.595831 -0.063783
v -0.403577 -0.595870 -0.064068
v -0.403575 -0.595860 -0.064355
v -0.403563 -0.595801 -0.064637
v -0.403542 -0.595695 -0.064903
v -0.403512 -0.595545 -0.065147
v -0.403475 -0.595355 -0.065360
v -0.403431 -0.595133 -0.065537
v -0.403381 -0.594883 -0.065671
v -0.403328 -0.594615 -0.065760
v -0.403273 -0.594336 -0.065799
v -0.408067 -0.593702 -0.061001
v -0.408172 -0.594233 -0.061117
v -0.408272 -0.594736 -0.061325
v -0.408363 -0.595196 -0.061619
v -0.408443 -0.595599 -0.061990
v -0.408508 -0.595932 -0.062427
v -0.408559 -0.596186 -0.062916
v -0.408592 -0.596353 -0.063443
v -0.408607 -0.596428 -0.063991
v -0.408603 -0.596408 -0.064544
v -0.408580 -0.596294 -0.065085
v -0.408540 -0.596090 -0.065598
v -0.408483 -0.595801 -0.066067
v -0.408411 -0.595437 -0.066477
v -0.408326 -0.595009 -0.066817
v -0.408231 -0.594529 -0.067076
v -0.408129 -0.594012 -0.067246
v -0.408022 -0.593475 -0.067322
v -0.407915 -0.592932 -0.067302
v -0.406455 -0.593413 -0.065789
v -0.406535 -0.593813 -0.062514
v -0.406589 -0.594089 -0.062574
v -0.406641 -0.594350 -0.062682
v -0.406688 -0.594589 -0.062835
v -0.406730 -0.594799 -0.063028
v -0.406764 -0.594972 -0.063255
v -0.406790 -0.595104 -0.063509
v -0.406807 -0.595191 -0.063783
v -0.406815 -0.595230 -0.064068
v -0.406813 -0.595219 -0.064355
v -0.406801 -0.595160 -0.064637
v -0.406780 -0.595054 -0.064903
v -0.406750 -0.594904 -0.065147
v -0.406713 -0.594715 -0.065360
v -0.406669 -0.594492 -0.065537
v -0.406620 -0.594243 -0.065671
v -0.406567 -0.593974 -0.065760
v -0.406511 -0.593695 -0.065799
v -0.407332 -0.593912 -0.066520
v -0.407469 -0.594609 -0.066263
v -0.407585 -0.595193 -0.065800
v -0.407667 -0.595608 -0.065175
v -0.407708 -0.595813 -0.064450
v -0.407703 -0.595789 -0.063695
v -0.407653 -0.595537 -0.062985
v -0.407563 -0.595082 -0.062390
v -0.407442 -0.594469 -0.061967
v -0.401910 -0.570439 -0.094018
v -0.401965 -0.570715 -0.094078
v -0.402016 -0.570976 -0.094187
v -0.402064 -0.571215 -0.094339
v -0.402105 -0.571424 -0.094532
v -0.402139 -0.571598 -0.094759
v -0.402165 -0.571730 -0.095013
v -0.402183 -0.571816 -0.095287
v -0.402190 -0.571855 -0.095572
v -0.402188 -0.571845 -0.095859
v -0.402177 -0.571786 -0.096141
v -0.402156 -0.571680 -0.096407
v -0.402126 -0.571530 -0.096651
v -0.402088 -0.571340 -0.096864
v -0.402044 -0.571118 -0.097041
v -0.401995 -0.570868 -0.097175
v -0.401942 -0.570600 -0.097264
v -0.401887 -0.570321 -0.097303
v -0.401831 -0.570039 -0.097293
v -0.398593 -0.570679 -0.097293
v -0.398672 -0.571079 -0.094018
v -0.398726 -0.571355 -0.094078
v -0.398778 -0.571617 -0.094187
v -0.398825 -0.571856 -0.094339
v -0.398867 -0.572065 -0.094532
v -0.398901 -0.572238 -0.094759
v -0.398927 -0.572370 -0.095013
v -0.398944 -0.572457 -0.095287
v -0.398952 -0.572496 -0.095572
v -0.398950 -0.572486 -0.095859
v -0.398938 -0.572426 -0.096141
v -0.398917 -0.572320 -0.096407
v -0.398888 -0.572170 -0.096651
v -0.398850 -0.571981 -0.096864
v -0.398806 -0.571759 -0.097041
v -0.398757 -0.571509 -0.097175
v -0.398704 -0.571241 -0.097264
v -0.398648 -0.570961 -0.097303
v -0.403443 -0.570328 -0.092505
v -0.403548 -0.570859 -0.092621
v -0.403647 -0.571362 -0.092829
v -0.403738 -0.571822 -0.093123
v -0.403818 -0.572224 -0.093494
v -0.403884 -0.572558 -0.093931
v -0.403934 -0.572812 -0.094420
v -0.403967 -0.572979 -0.094947
v -0.403982 -0.573053 -0.095495
v -0.403978 -0.573033 -0.096048
v -0.403955 -0.572920 -0.096589
v -0.403915 -0.572715 -0.097102
v -0.403858 -0.572427 -0.097571
v -0.403786 -0.572063 -0.097981
v -0.403701 -0.571634 -0.098321
v -0.403606 -0.571155 -0.098580
v -0.403504 -0.570638 -0.098750
v -0.403398 -0.570100 -0.098826
v -0.403290 -0.569558 -0.098806
v -0.401831 -0.570039 -0.097293
v -0.401910 -0.570439 -0.094018
v -0.401965 -0.570715 -0.094078
v -0.402016 -0.570976 -0.094187
v -0.402064 -0.571215 -0.094339
v -0.402105 -0.571424 -0.094532
v -0.402139 -0.571598 -0.094759
v -0.402165 -0.571730 -0.095013
v -0.402183 -0.571816 -0.095287
v -0.402190 -0.571855 -0.095572
v -0.402188 -0.571845 -0.095859
v -0.402177 -0.571786 -0.096141
v -0.402156 -0.571680 -0.096407
v -0.402126 -0.571530 -0.096651
v -0.402088 -0.571340 -0.096864
v -0.402044 -0.571118 -0.097041
v -0.401995 -0.570868 -0.097175
v -0.401942 -0.570600 -0.097264
v -0.401887 -0.570321 -0.097303
v -0.402707 -0.570538 -0.098024
v -0.402845 -0.571234 -0.097767
v -0.402960 -0.571819 -0.097304
v -0.403042 -0.572234 -0.096679
v -0.403083 -0.572439 -0.095954
v -0.403078 -0.572415 -0.095199
v -0.403028 -0.572163 -0.094489
v -0.402938 -0.571708 -0.093894
v -0.402817 -0.571095 -0.093471
v -0.394302 -0.531987 -0.089135
v -0.394357 -0.532263 -0.089195
v -0.394409 -0.532524 -0.089303
v -0.394456 -0.532763 -0.089456
v -0.394497 -0.532973 -0.089649
v -0.394532 -0.533146 -0.089876
v -0.394558 -0.533278 -0.090130
v -0.394575 -0.533365 -0.090404
v -0.394583 -0.533404 -0.090689
v -0.394581 -0.533393 -0.090976
v -0.394569 -0.533334 -0.091257
v -0.394548 -0.533228 -0.091524
v -0.394518 -0.533078 -0.091768
v -0.394481 -0.532889 -0.091981
v -0.394437 -0.532666 -0.092158
v -0.394387 -0.532417 -0.092292
v -0.394334 -0.532148 -0.092381
v -0.394279 -0.531869 -0.092420
v -0.394223 -0.531587 -0.092410
v -0.390985 -0.532228 -0.092410
v -0.391064 -0.532628 -0.089135
v -0.391119 -0.532904 -0.089195
v -0.391170 -0.533165 -0.089303
v -0.391218 -0.533404 -0.089456
v -0.391259 -0.533613 -0.089649
v -0.391293 -0.533787 -0.089876
v -0.391320 -0.533919 -0.090130
v -0.391337 -0.534005 -0.090404
v -0.391344 -0.534044 -0.090689
v -0.391342 -0.534034 -0.090976
v -0.391331 -0.533975 -0.091257
v -0.391310 -0.533869 -0.091524
v -0.391280 -0.533719 -0.091768
v -0.391243 -0.533530 -0.091981
v -0.391199 -0.533307 -0.092158
v -0.391149 -0.533058 -0.092292
v -0.391096 -0.532789 -0.092381
v -0.391041 -0.532510 -0.092420
v -0.395835 -0.531876 -0.087622
v -0.395940 -0.532407 -0.087738
v -0.396040 -0.532910 -0.087946
v -0.396131 -0.533370 -0.088240
v -0.396210 -0.533773 -0.088611
v -0.396276 -0.534106 -0.089048
v -0.396326 -0.534360 -0.089537
v -0.396359 -0.534527 -0.090063
v -0.396374 -0.534602 -0.090612
v -0.396370 -0.534582 -0.091165
v -0.396348 -0.534468 -0.091706
v -0.396307 -0.534264 -0.092219
v -0.396250 -0.533975 -0.092687
v -0.396178 -0.533611 -0.093098
v -0.396094 -0.533183 -0.093438
v -0.395999 -0.532703 -0.093697
v -0.395896 -0.532186 -0.093867
v -0.395790 -0.531649 -0.093943
v -0.395683 -0.531106 -0.093923
v -0.394223 -0.531587 -0.092410
v -0.394302 -0.531987 -0.089135
v -0.394357 -0.532263 -0.089195
v -0.394409 -0.532524 -0.089303
v -0.394456 -0.532763 -0.089456
v -0.394497 -0.532973 -0.089649
v -0.394532 -0.533146 -0.089876
v -0.394558 -0.533278 -0.090130
v -0.394575 -0.533365 -0.090404
v -0.394583 -0.533404 -0.090689
v -0.394581 -0.533393 -0.090976
v -0.394569 -0.533334 -0.091257
v -0.394548 -0.533228 -0.091524
v -0.394518 -0.533078 -0.091768
v -0.394481 -0.532889 -0.091981
v -0.394437 -0.532666 -0.092158
v -0.394387 -0.532417 -0.092292
v -0.394334 -0.532148 -0.092381
v -0.394279 -0.531869 -0.092420
v -0.395099 -0.532087 -0.093141
v -0.395237 -0.532783 -0.092884
v -0.395353 -0.533367 -0.092421
v -0.395435 -0.533782 -0.091796
v -0.395475 -0.533988 -0.091070
v -0.395471 -0.533963 -0.090316
v -0.395421 -0.533711 -0.089606
v -0.395331 -0.533256 -0.089011
v -0.395209 -0.532643 -0.088588
v -0.406906 -0.569802 -0.102466
v -0.408249 -0.576587 -0.099243
v -0.409470 -0.582757 -0.094922
v -0.410535 -0.588142 -0.089622
v -0.411416 -0.592594 -0.083487
v -0.414849 -0.591914 -0.083487
v -0.413968 -0.587462 -0.089622
v -0.412903 -0.582078 -0.094922
v -0.411682 -0.575908 -0.099243
v -0.410340 -0.569123 -0.102466
v -0.398450 -0.572533 -0.105281
v -0.410541 -0.570140 -0.105281
v -0.399880 -0.579760 -0.101848
v -0.401180 -0.586332 -0.097245
v -0.402315 -0.592068 -0.091599
v -0.403253 -0.596810 -0.085065
v -0.415344 -0.594417 -0.085065
v -0.411971 -0.577368 -0.101848
v -0.413271 -0.583939 -0.097245
v -0.414406 -0.589675 -0.091599
v -0.403253 -0.596810 -0.085065
v -0.415344 -0.594417 -0.085065
v -0.402758 -0.594307 -0.083487
v -0.403248 -0.594210 -0.083487
v -0.407982 -0.593273 -0.083487
v -0.407652 -0.591605 -0.082435
v -0.411416 -0.592594 -0.083487
v -0.410720 -0.592679 -0.083455
v -0.410024 -0.592660 -0.083360
v -0.409350 -0.592538 -0.083205
v -0.408718 -0.592317 -0.082995
v -0.408146 -0.592003 -0.082736
v -0.414849 -0.591914 -0.083487
v -0.398248 -0.571515 -0.102466
v -0.398739 -0.571418 -0.102466
v -0.402758 -0.594307 -0.083487
v -0.401877 -0.589855 -0.089622
v -0.400811 -0.584470 -0.094922
v -0.399591 -0.578300 -0.099243
v -0.403248 -0.594210 -0.083487
v -0.400081 -0.578203 -0.099243
v -0.401302 -0.584373 -0.094922
v -0.402367 -0.589758 -0.089622
v -0.398739 -0.571418 -0.102466
v -0.403473 -0.570481 -0.102466
v -0.403339 -0.569803 -0.100589
v -0.406906 -0.569802 -0.102466
v -0.406216 -0.569917 -0.102409
v -0.405538 -0.569988 -0.102240
v -0.404893 -0.570012 -0.101964
v -0.404300 -0.569988 -0.101589
v -0.403777 -0.569918 -0.101126
v -0.410340 -0.569123 -0.102466
v -0.410541 -0.570140 -0.105281
v -0.398450 -0.572533 -0.105281
v -0.398248 -0.571515 -0.102466
v -0.402758 -0.594307 -0.083487
v -0.403253 -0.596810 -0.085065
v -0.401877 -0.589855 -0.089622
v -0.400811 -0.584470 -0.094922
v -0.399591 -0.578300 -0.099243
v -0.398248 -0.571515 -0.102466
v -0.398450 -0.572533 -0.105281
v -0.399880 -0.579760 -0.101848
v -0.401180 -0.586332 -0.097245
v -0.402315 -0.592068 -0.091599
v -0.410541 -0.570140 -0.105281
v -0.411971 -0.577368 -0.101848
v -0.413271 -0.583939 -0.097245
v -0.414406 -0.589675 -0.091599
v -0.415344 -0.594417 -0.085065
v -0.414849 -0.591914 -0.083487
v -0.413968 -0.587462 -0.089622
v -0.412903 -0.582078 -0.094922
v -0.411682 -0.575908 -0.099243
v -0.410340 -0.569123 -0.102466
v -0.411416 -0.592594 -0.083487
v -0.410720 -0.592679 -0.083455
v -0.410024 -0.592660 -0.083360
v -0.409350 -0.592538 -0.083205
v -0.408718 -0.592317 -0.082995
v -0.408146 -0.592003 -0.082736
v -0.407652 -0.591605 -0.082435
v -0.406906 -0.569802 -0.102466
v -0.408249 -0.576587 -0.099243
v -0.409470 -0.582757 -0.094922
v -0.410535 -0.588142 -0.089622
v -0.406216 -0.569917 -0.102409
v -0.405538 -0.569988 -0.102240
v -0.404893 -0.570012 -0.101964
v -0.404300 -0.569988 -0.101589
v -0.403777 -0.569918 -0.101126
v -0.403339 -0.569803 -0.100589
v -0.404623 -0.576293 -0.097507
v -0.405791 -0.582195 -0.093373
v -0.406810 -0.587346 -0.088303
v -0.409840 -0.588233 -0.089582
v -0.409148 -0.588232 -0.089463
v -0.408480 -0.588138 -0.089269
v -0.407855 -0.587955 -0.089005
v -0.407293 -0.587689 -0.088680
v -0.408776 -0.582855 -0.094875
v -0.408088 -0.582875 -0.094736
v -0.407427 -0.582816 -0.094508
v -0.406811 -0.582680 -0.094198
v -0.406260 -0.582471 -0.093816
v -0.407557 -0.576693 -0.099190
v -0.406874 -0.576737 -0.099034
v -0.406220 -0.576718 -0.098778
v -0.405615 -0.576635 -0.098431
v -0.405078 -0.576492 -0.098003
f 39 18 17
f 39 19 18
f 39 20 19
f 39 21 20
f 39 36 37
f 39 37 38
f 39 38 21
f 40 39 17
f 40 17 16
f 40 35 36
f 40 36 39
f 41 35 40
f 41 15 14
f 41 16 15
f 41 33 34
f 41 34 35
f 41 40 16
f 42 13 12
f 42 14 13
f 42 31 32
f 42 32 33
f 42 33 41
f 42 41 14
f 43 11 10
f 43 12 11
f 43 29 30
f 43 30 31
f 43 31 42
f 43 42 12
f 44 9 8
f 44 10 9
f 44 27 28
f 44 28 29
f 44 43 10
f 44 29 43
f 45 8 7
f 45 26 27
f 45 27 44
f 45 44 8
f 46 6 5
f 46 7 6
f 46 24 25
f 46 25 26
f 46 45 7
f 46 26 45
f 47 2 1
f 47 3 2
f 47 4 3
f 47 5 4
f 47 1 22
f 47 22 23
f 47 23 24
f 47 24 46
f 47 46 5
f 66 68 67
f 66 85 68
f 65 83 84
f 65 84 85
f 65 85 66
f 64 83 65
f 63 82 83
f 63 83 64
f 62 80 81
f 62 81 82
f 62 82 63
f 61 80 62
f 60 78 79
f 60 79 80
f 60 80 61
f 59 78 60
f 58 76 77
f 58 77 78
f 58 78 59
f 57 76 58
f 56 74 75
f 56 75 76
f 56 76 57
f 55 74 56
f 54 72 73
f 54 73 74
f 54 74 55
f 53 72 54
f 52 71 72
f 52 72 53
f 51 71 52
f 51 69 70
f 51 70 71
f 50 69 51
f 49 69 50
f 49 48 69
f 124 103 102
f 124 104 103
f 124 105 104
f 124 106 105
f 124 121 122
f 124 122 123
f 124 123 106
f 125 124 102
f 125 102 101
f 125 120 121
f 125 121 124
f 126 120 125
f 126 100 99
f 126 101 100
f 126 118 119
f 126 119 120
f 126 125 101
f 127 98 97
f 127 99 98
f 127 116 117
f 127 117 118
f 127 118 126
f 127 126 99
f 128 96 95
f 128 97 96
f 128 114 115
f 128 115 116
f 128 116 127
f 128 127 97
f 129 94 93
f 129 95 94
f 129 112 113
f 129 113 114
f 129 128 95
f 129 114 128
f 130 92 91
f 130 93 92
f 130 111 112
f 130 112 129
f 130 129 93
f 131 91 90
f 131 109 110
f 131 110 111
f 131 130 91
f 131 111 130
f 132 87 86
f 132 88 87
f 132 89 88
f 132 90 89
f 132 86 107
f 132 107 108
f 132 108 109
f 132 109 131
f 132 131 90
f 151 153 152
f 151 170 153
f 150 168 169
f 150 169 170
f 150 170 151
f 149 168 150
f 148 167 168
f 148 168 149
f 147 165 166
f 147 166 167
f 147 167 148
f 146 165 147
f 145 163 164
f 145 164 165
f 145 165 146
f 144 163 145
f 143 161 162
f 143 162 163
f 143 163 144
f 142 161 143
f 141 159 160
f 141 160 161
f 141 161 142
f 140 159 141
f 139 157 158
f 139 158 159
f 139 159 140
f 138 157 139
f 137 156 157
f 137 157 138
f 136 156 137
f 136 154 155
f 136 155 156
f 135 154 136
f 134 154 135
f 134 133 154
f 209 188 187
f 209 189 188
f 209 190 189
f 209 191 190
f 209 206 207
f 209 207 208
f 209 208 191
f 210 209 187
f 210 187 186
f 210 205 206
f 210 206 209
f 211 205 210
f 211 185 184
f 211 186 185
f 211 203 204
f 211 204 205
f 211 210 186
f 212 183 182
f 212 184 183
f 212 201 202
f 212 202 203
f 212 203 211
f 212 211 184
f 213 181 180
f 213 182 181
f 213 199 200
f 213 200 201
f 213 201 212
f 213 212 182
f 214 179 178
f 214 180 179
f 214 197 198
f 214 198 199
f 214 213 180
f 214 199 213
f 215 178 177
f 215 196 197
f 215 214 178
f 215 197 214
f 216 176 175
f 216 177 176
f 216 194 195
f 216 195 196
f 216 215 177
f 216 196 215
f 217 172 171
f 217 173 172
f 217 174 173
f 217 175 174
f 217 171 192
f 217 192 193
f 217 193 194
f 217 194 216
f 217 216 175
f 236 238 237
f 236 255 238
f 235 253 254
f 235 254 255
f 235 255 236
f 234 253 235
f 233 252 253
f 233 253 234
f 232 250 251
f 232 251 252
f 232 252 233
f 231 250 232
f 230 248 249
f 230 249 250
f 230 250 231
f 229 248 230
f 228 246 247
f 228 247 248
f 228 248 229
f 227 246 228
f 226 244 245
f 226 245 246
f 226 246 227
f 225 244 226
f 224 242 243
f 224 243 244
f 224 244 225
f 223 242 224
f 222 241 242
f 222 242 223
f 221 241 222
f 221 239 240
f 221 240 241
f 220 239 221
f 219 239 220
f 219 218 239
f 294 273 272
f 294 274 273
f 294 275 274
f 294 276 275
f 294 291 292
f 294 292 293
f 294 293 276
f 295 294 272
f 295 272 271
f 295 290 291
f 295 291 294
f 296 290 295
f 296 270 269
f 296 271 270
f 296 288 289
f 296 289 290
f 296 295 271
f 297 268 267
f 297 269 268
f 297 286 287
f 297 287 288
f 297 288 296
f 297 296 269
f 298 266 265
f 298 267 266
f 298 284 285
f 298 285 286
f 298 286 297
f 298 297 267
f 299 264 263
f 299 265 264
f 299 282 283
f 299 283 284
f 299 298 265
f 299 284 298
f 300 262 261
f 300 263 262
f 300 280 281
f 300 281 282
f 300 282 299
f 300 299 263
f 301 261 260
f 301 279 280
f 301 280 300
f 301 300 261
f 302 257 256
f 302 258 257
f 302 259 258
f 302 260 259
f 302 256 277
f 302 277 278
f 302 278 279
f 302 279 301
f 302 301 260
f 321 323 322
f 321 340 323
f 320 338 339
f 320 339 340
f 320 340 321
f 319 338 320
f 318 337 338
f 318 338 319
f 317 335 336
f 317 336 337
f 317 337 318
f 316 335 317
f 315 333 334
f 315 334 335
f 315 335 316
f 314 333 315
f 313 331 332
f 313 332 333
f 313 333 314
f 312 331 313
f 311 329 330
f 311 330 331
f 311 331 312
f 310 329 311
f 309 327 328
f 309 328 329
f 309 329 310
f 308 327 309
f 307 326 327
f 307 327 308
f 306 326 307
f 306 324 325
f 306 325 326
f 305 324 306
f 304 324 305
f 304 303 324
f 379 358 357
f 379 359 358
f 379 360 359
f 379 361 360
f 379 376 377
f 379 377 378
f 379 378 361
f 380 379 357
f 380 357 356
f 380 375 376
f 380 376 379
f 381 375 380
f 381 355 354
f 381 356 355
f 381 373 374
f 381 374 375
f 381 380 356
f 382 353 352
f 382 354 353
f 382 371 372
f 382 372 373
f 382 373 381
f 382 381 354
f 383 351 350
f 383 352 351
f 383 369 370
f 383 370 371
f 383 371 382
f 383 382 352
f 384 349 348
f 384 350 349
f 384 367 368
f 384 368 369
f 384 383 350
f 384 369 383
f 385 347 346
f 385 348 347
f 385 365 366
f 385 366 367
f 385 367 384
f 385 384 348
f 386 346 345
f 386 364 365
f 386 365 385
f 386 385 346
f 387 342 341
f 387 343 342
f 387 344 343
f 387 345 344
f 387 341 362
f 387 362 363
f 387 363 364
f 387 364 386
f 387 386 345
f 406 408 407
f 406 425 408
f 405 423 424
f 405 424 425
f 405 425 406
f 404 423 405
f 403 422 423
f 403 423 404
f 402 420 421
f 402 421 422
f 402 422 403
f 401 420 402
f 400 418 419
f 400 419 420
f 400 420 401
f 399 418 400
f 398 416 417
f 398 417 418
f 398 418 399
f 397 416 398
f 396 414 415
f 396 415 416
f 396 416 397
f 395 414 396
f 394 412 413
f 394 413 414
f 394 414 395
f 393 412 394
f 392 411 412
f 392 412 393
f 391 411 392
f 391 409 410
f 391 410 411
f 390 409 391
f 389 409 390
f 389 388 409
f 464 443 442
f 464 444 443
f 464 445 444
f 464 446 445
f 464 461 462
f 464 462 463
f 464 463 446
f 465 464 442
f 465 442 441
f 465 460 461
f 465 461 464
f 466 460 465
f 466 440 439
f 466 441 440
f 466 458 459
f 466 459 460
f 466 465 441
f 467 438 437
f 467 439 438
f 467 456 457
f 467 457 458
f 467 458 466
f 467 466 439
f 468 436 435
f 468 437 436
f 468 454 455
f 468 455 456
f 468 456 467
f 468 467 437
f 469 434 433
f 469 435 434
f 469 452 453
f 469 453 454
f 469 468 435
f 469 454 468
f 470 433 432
f 470 451 452
f 470 452 469
f 470 469 433
f 471 431 430
f 471 432 431
f 471 449 450
f 471 450 451
f 471 470 432
f 471 451 470
f 472 427 426
f 472 428 427
f 472 429 428
f 472 430 429
f 472 426 447
f 472 447 448
f 472 448 449
f 472 449 471
f 472 471 430
f 491 493 492
f 491 510 493
f 490 508 509
f 490 509 510
f 490 510 491
f 489 508 490
f 488 507 508
f 488 508 489
f 487 505 506
f 487 506 507
f 487 507 488
f 486 505 487
f 485 503 504
f 485 504 505
f 485 505 486
f 484 503 485
f 483 501 502
f 483 502 503
f 483 503 484
f 482 501 483
f 481 499 500
f 481 500 501
f 481 501 482
f 480 499 481
f 479 497 498
f 479 498 499
f 479 499 480
f 478 497 479
f 477 496 497
f 477 497 478
f 476 496 477
f 476 494 495
f 476 495 496
f 475 494 476
f 474 494 475
f 474 473 494
f 529 531 530
f 529 548 531
f 528 547 548
f 528 548 529
f 527 546 547
f 527 547 528
f 526 545 546
f 526 546 527
f 525 544 545
f 525 545 526
f 524 543 544
f 524 544 525
f 523 542 543
f 523 543 524
f 522 540 541
f 522 541 542
f 522 542 523
f 521 540 522
f 520 539 540
f 520 540 521
f 519 538 539
f 519 539 520
f 518 537 538
f 518 538 519
f 517 536 537
f 517 537 518
f 516 534 535
f 516 535 536
f 516 536 517
f 515 534 516
f 514 534 515
f 514 532 533
f 514 533 534
f 513 532 514
f 512 532 513
f 512 511 532
f 567 569 568
f 567 586 569
f 566 585 586
f 566 586 567
f 565 584 585
f 565 585 566
f 564 583 584
f 564 584 565
f 563 582 583
f 563 583 564
f 562 581 582
f 562 582 563
f 561 580 581
f 561 581 562
f 560 578 579
f 560 579 580
f 560 580 561
f 559 578 560
f 558 577 578
f 558 578 559
f 557 576 577
f 557 577 558
f 556 575 576
f 556 576 557
f 555 574 575
f 555 575 556
f 554 572 573
f 554 573 574
f 554 574 555
f 553 572 554
f 552 572 553
f 552 570 571
f 552 571 572
f 551 570 552
f 550 570 551
f 550 549 570
f 605 607 606
f 605 624 607
f 604 623 624
f 604 624 605
f 603 622 623
f 603 623 604
f 602 621 622
f 602 622 603
f 601 620 621
f 601 621 602
f 600 619 620
f 600 620 601
f 599 618 619
f 599 619 600
f 598 617 618
f 598 618 599
f 597 616 617
f 597 617 598
f 596 614 615
f 596 615 616
f 596 616 597
f 595 614 596
f 594 613 614
f 594 614 595
f 593 611 612
f 593 612 613
f 593 613 594
f 592 610 611
f 592 611 593
f 591 610 592
f 590 610 591
f 590 608 609
f 590 609 610
f 589 608 590
f 588 608 589
f 588 587 608
f 643 645 644
f 643 662 645
f 642 661 662
f 642 662 643
f 641 660 661
f 641 661 642
f 640 659 660
f 640 660 641
f 639 658 659
f 639 659 640
f 638 657 658
f 638 658 639
f 637 656 657
f 637 657 638
f 636 654 655
f 636 655 656
f 636 656 637
f 635 654 636
f 634 653 654
f 634 654 635
f 633 652 653
f 633 653 634
f 632 651 652
f 632 652 633
f 631 650 651
f 631 651 632
f 630 648 649
f 630 649 650
f 630 650 631
f 629 648 630
f 628 648 629
f 628 646 647
f 628 647 648
f 627 646 628
f 626 646 627
f 626 625 646
f 681 683 682
f 681 700 683
f 680 699 700
f 680 700 681
f 679 698 699
f 679 699 680
f 678 697 698
f 678 698 679
f 677 696 697
f 677 697 678
f 676 695 696
f 676 696 677
f 675 694 695
f 675 695 676
f 674 692 693
f 674 693 694
f 674 694 675
f 673 692 674
f 672 691 692
f 672 692 673
f 671 690 691
f 671 691 672
f 670 689 690
f 670 690 671
f 669 688 689
f 669 689 670
f 668 686 687
f 668 687 688
f 668 688 669
f 667 686 668
f 666 686 667
f 666 684 685
f 666 685 686
f 665 684 666
f 664 684 665
f 664 663 684
f 719 721 720
f 719 738 721
f 718 737 738
f 718 738 719
f 717 736 737
f 717 737 718
f 716 735 736
f 716 736 717
f 715 734 735
f 715 735 716
f 714 733 734
f 714 734 715
f 713 732 733
f 713 733 714
f 712 730 731
f 712 731 732
f 712 732 713
f 711 730 712
f 710 729 730
f 710 730 711
f 709 728 729
f 709 729 710
f 708 727 728
f 708 728 709
f 707 726 727
f 707 727 708
f 706 724 725
f 706 725 726
f 706 726 707
f 705 724 706
f 704 724 705
f 704 722 723
f 704 723 724
f 703 722 704
f 702 722 703
f 702 701 722
f 757 759 758
f 757 776 759
f 756 775 776
f 756 776 757
f 755 774 775
f 755 775 756
f 754 773 774
f 754 774 755
f 753 772 773
f 753 773 754
f 752 771 772
f 752 772 753
f 751 770 771
f 751 771 752
f 750 768 769
f 750 769 770
f 750 770 751
f 749 768 750
f 748 767 768
f 748 768 749
f 747 766 767
f 747 767 748
f 746 765 766
f 746 766 747
f 745 764 765
f 745 765 746
f 744 762 763
f 744 763 764
f 744 764 745
f 743 762 744
f 742 762 743
f 742 760 761
f 742 761 762
f 741 760 742
f 740 760 741
f 740 739 760
f 795 797 796
f 795 814 797
f 794 813 814
f 794 814 795
f 793 812 813
f 793 813 794
f 792 811 812
f 792 812 793
f 791 810 811
f 791 811 792
f 790 809 810
f 790 810 791
f 789 808 809
f 789 809 790
f 788 806 807
f 788 807 808
f 788 808 789
f 787 806 788
f 786 805 806
f 786 806 787
f 785 804 805
f 785 805 786
f 784 803 804
f 784 804 785
f 783 802 803
f 783 803 784
f 782 800 801
f 782 801 802
f 782 802 783
f 781 800 782
f 780 800 781
f 780 798 799
f 780 799 800
f 779 798 780
f 778 798 779
f 778 777 798
f 833 835 834
f 833 852 835
f 832 851 852
f 832 852 833
f 831 850 851
f 831 851 832
f 830 849 850
f 830 850 831
f 829 848 849
f 829 849 830
f 828 847 848
f 828 848 829
f 827 846 847
f 827 847 828
f 826 844 845
f 826 845 846
f 826 846 827
f 825 844 826
f 824 843 844
f 824 844 825
f 823 842 843
f 823 843 824
f 822 841 842
f 822 842 823
f 821 840 841
f 821 841 822
f 820 838 839
f 820 839 840
f 820 840 821
f 819 838 820
f 818 838 819
f 818 836 837
f 818 837 838
f 817 836 818
f 816 836 817
f 816 815 836
f 871 873 872
f 871 890 873
f 870 889 890
f 870 890 871
f 869 888 889
f 869 889 870
f 868 887 888
f 868 888 869
f 867 886 887
f 867 887 868
f 866 885 886
f 866 886 867
f 865 884 885
f 865 885 866
f 864 882 883
f 864 883 884
f 864 884 865
f 863 882 864
f 862 881 882
f 862 882 863
f 861 880 881
f 861 881 862
f 860 879 880
f 860 880 861
f 859 878 879
f 859 879 860
f 858 876 877
f 858 877 878
f 858 878 859
f 857 876 858
f 856 876 857
f 856 874 875
f 856 875 876
f 855 874 856
f 854 874 855
f 854 853 874
f 909 911 910
f 909 928 911
f 908 927 928
f 908 928 909
f 907 926 927
f 907 927 908
f 906 925 926
f 906 926 907
f 905 924 925
f 905 925 906
f 904 923 924
f 904 924 905
f 903 922 923
f 903 923 904
f 902 920 921
f 902 921 922
f 902 922 903
f 901 920 902
f 900 919 920
f 900 920 901
f 899 918 919
f 899 919 900
f 898 917 918
f 898 918 899
f 897 916 917
f 897 917 898
f 896 914 915
f 896 915 916
f 896 916 897
f 895 914 896
f 894 914 895
f 894 912 913
f 894 913 914
f 893 912 894
f 892 912 893
f 892 891 912
f 947 949 948
f 947 966 949
f 946 965 966
f 946 966 947
f 945 964 965
f 945 965 946
f 944 963 964
f 944 964 945
f 943 962 963
f 943 963 944
f 942 961 962
f 942 962 943
f 941 960 961
f 941 961 942
f 940 958 959
f 940 959 960
f 940 960 941
f 939 958 940
f 938 957 958
f 938 958 939
f 937 956 957
f 937 957 938
f 936 955 956
f 936 956 937
f 935 954 955
f 935 955 936
f 934 952 953
f 934 953 954
f 934 954 935
f 933 952 934
f 932 952 933
f 932 950 951
f 932 951 952
f 931 950 932
f 930 950 931
f 930 929 950
f 985 987 986
f 985 1004 987
f 984 1003 1004
f 984 1004 985
f 983 1002 1003
f 983 1003 984
f 982 1001 1002
f 982 1002 983
f 981 1000 1001
f 981 1001 982
f 980 999 1000
f 980 1000 981
f 979 998 999
f 979 999 980
f 978 996 997
f 978 997 998
f 978 998 979
f 977 996 978
f 976 995 996
f 976 996 977
f 975 994 995
f 975 995 976
f 974 993 994
f 974 994 975
f 973 992 993
f 973 993 974
f 972 990 991
f 972 991 992
f 972 992 973
f 971 990 972
f 970 990 971
f 970 988 989
f 970 989 990
f 969 988 970
f 968 988 969
f 968 967 988
f 1023 1025 1024
f 1023 1042 1025
f 1022 1041 1042
f 1022 1042 1023
f 1021 1040 1041
f 1021 1041 1022
f 1020 1039 1040
f 1020 1040 1021
f 1019 1038 1039
f 1019 1039 1020
f 1018 1037 1038
f 1018 1038 1019
f 1017 1036 1037
f 1017 1037 1018
f 1016 1034 1035
f 1016 1035 1036
f 1016 1036 1017
f 1015 1034 1016
f 1014 1033 1034
f 1014 1034 1015
f 1013 1032 1033
f 1013 1033 1014
f 1012 1031 1032
f 1012 1032 1013
f 1011 1030 1031
f 1011 1031 1012
f 1010 1028 1029
f 1010 1029 1030
f 1010 1030 1011
f 1009 1028 1010
f 1008 1028 1009
f 1008 1026 1027
f 1008 1027 1028
f 1007 1026 1008
f 1006 1026 1007
f 1006 1005 1026
f 1061 1063 1062
f 1061 1080 1063
f 1060 1079 1080
f 1060 1080 1061
f 1059 1078 1079
f 1059 1079 1060
f 1058 1077 1078
f 1058 1078 1059
f 1057 1076 1077
f 1057 1077 1058
f 1056 1075 1076
f 1056 1076 1057
f 1055 1074 1075
f 1055 1075 1056
f 1054 1072 1073
f 1054 1073 1074
f 1054 1074 1055
f 1053 1072 1054
f 1052 1071 1072
f 1052 1072 1053
f 1051 1070 1071
f 1051 1071 1052
f 1050 1069 1070
f 1050 1070 1051
f 1049 1068 1069
f 1049 1069 1050
f 1048 1066 1067
f 1048 1067 1068
f 1048 1068 1049
f 1047 1066 1048
f 1046 1066 1047
f 1046 1064 1065
f 1046 1065 1066
f 1045 1064 1046
f 1044 1064 1045
f 1044 1043 1064
f 1099 1101 1100
f 1099 1118 1101
f 1098 1117 1118
f 1098 1118 1099
f 1097 1116 1117
f 1097 1117 1098
f 1096 1115 1116
f 1096 1116 1097
f 1095 1114 1115
f 1095 1115 1096
f 1094 1113 1114
f 1094 1114 1095
f 1093 1112 1113
f 1093 1113 1094
f 1092 1110 1111
f 1092 1111 1112
f 1092 1112 1093
f 1091 1110 1092
f 1090 1109 1110
f 1090 1110 1091
f 1089 1108 1109
f 1089 1109 1090
f 1088 1107 1108
f 1088 1108 1089
f 1087 1106 1107
f 1087 1107 1088
f 1086 1104 1105
f 1086 1105 1106
f 1086 1106 1087
f 1085 1104 1086
f 1084 1104 1085
f 1084 1102 1103
f 1084 1103 1104
f 1083 1102 1084
f 1082 1102 1083
f 1082 1081 1102
f 1137 1139 1138
f 1137 1156 1139
f 1136 1155 1156
f 1136 1156 1137
f 1135 1154 1155
f 1135 1155 1136
f 1134 1153 1154
f 1134 1154 1135
f 1133 1152 1153
f 1133 1153 1134
f 1132 1151 1152
f 1132 1152 1133
f 1131 1150 1151
f 1131 1151 1132
f 1130 1148 1149
f 1130 1149 1150
f 1130 1150 1131
f 1129 1148 1130
f 1128 1147 1148
f 1128 1148 1129
f 1127 1146 1147
f 1127 1147 1128
f 1126 1145 1146
f 1126 1146 1127
f 1125 1144 1145
f 1125 1145 1126
f 1124 1142 1143
f 1124 1143 1144
f 1124 1144 1125
f 1123 1142 1124
f 1122 1142 1123
f 1122 1140 1141
f 1122 1141 1142
f 1121 1140 1122
f 1120 1140 1121
f 1120 1119 1140
f 1175 1177 1176
f 1175 1194 1177
f 1174 1193 1194
f 1174 1194 1175
f 1173 1192 1193
f 1173 1193 1174
f 1172 1191 1192
f 1172 1192 1173
f 1171 1190 1191
f 1171 1191 1172
f 1170 1189 1190
f 1170 1190 1171
f 1169 1188 1189
f 1169 1189 1170
f 1168 1186 1187
f 1168 1187 1188
f 1168 1188 1169
f 1167 1186 1168
f 1166 1185 1186
f 1166 1186 1167
f 1165 1184 1185
f 1165 1185 1166
f 1164 1183 1184
f 1164 1184 1165
f 1163 1182 1183
f 1163 1183 1164
f 1162 1180 1181
f 1162 1181 1182
f 1162 1182 1163
f 1161 1180 1162
f 1160 1180 1161
f 1160 1178 1179
f 1160 1179 1180
f 1159 1178 1160
f 1158 1178 1159
f 1158 1157 1178
f 1213 1215 1214
f 1213 1232 1215
f 1212 1231 1232
f 1212 1232 1213
f 1211 1230 1231
f 1211 1231 1212
f 1210 1229 1230
f 1210 1230 1211
f 1209 1228 1229
f 1209 1229 1210
f 1208 1227 1228
f 1208 1228 1209
f 1207 1226 1227
f 1207 1227 1208
f 1206 1224 1225
f 1206 1225 1226
f 1206 1226 1207
f 1205 1224 1206
f 1204 1223 1224
f 1204 1224 1205
f 1203 1222 1223
f 1203 1223 1204
f 1202 1221 1222
f 1202 1222 1203
f 1201 1220 1221
f 1201 1221 1202
f 1200 1218 1219
f 1200 1219 1220
f 1200 1220 1201
f 1199 1218 1200
f 1198 1218 1199
f 1198 1216 1217
f 1198 1217 1218
f 1197 1216 1198
f 1196 1216 1197
f 1196 1195 1216
f 1251 1253 1252
f 1251 1270 1253
f 1250 1269 1270
f 1250 1270 1251
f 1249 1268 1269
f 1249 1269 1250
f 1248 1267 1268
f 1248 1268 1249
f 1247 1266 1267
f 1247 1267 1248
f 1246 1265 1266
f 1246 1266 1247
f 1245 1264 1265
f 1245 1265 1246
f 1244 1262 1263
f 1244 1263 1264
f 1244 1264 1245
f 1243 1262 1244
f 1242 1261 1262
f 1242 1262 1243
f 1241 1260 1261
f 1241 1261 1242
f 1240 1259 1260
f 1240 1260 1241
f 1239 1258 1259
f 1239 1259 1240
f 1238 1256 1257
f 1238 1257 1258
f 1238 1258 1239
f 1237 1256 1238
f 1236 1256 1237
f 1236 1254 1255
f 1236 1255 1256
f 1235 1254 1236
f 1234 1254 1235
f 1234 1233 1254
f 1280 1271 1272
f 1280 1279 1271
f 1281 1272 1273
f 1281 1273 1274
f 1281 1280 1272
f 1282 1281 1274
f 1283 1274 1275
f 1283 1282 1274
f 1284 1275 1276
f 1284 1283 1275
f 1278 1276 1277
f 1278 1284 1276
f 2173 1321 1322
f 2172 1321 2173
f 2172 1320 1321
f 2174 2173 1322
f 2174 1322 1323
f 2171 1320 2172
f 2171 1319 1320
f 2170 1319 2171
f 2170 1318 1319
f 2175 2174 1323
f 2176 2175 1323
f 2176 1323 1324
f 2169 1318 2170
f 2169 1316 1317
f 2169 1317 1318
f 2141 2176 1324
f 2141 1324 1306
f 2168 1316 2169
f 2167 1315 1316
f 2167 1316 2168
f 2142 2141 1306
f 2143 2142 1306
f 2166 1315 2167
f 2166 1314 1315
f 2144 2143 1306
f 2165 1313 1314
f 2165 1314 2166
f 2145 2144 1306
f 2164 1312 1313
f 2164 1313 2165
f 2163 1312 2164
f 1311 1312 2163
f 1310 2162 2161
f 1310 2163 2162
f 1310 1311 2163
f 1309 1310 2161
f 2209 2145 1306
f 2208 2146 2145
f 2208 2145 2209
f 2210 2209 1306
f 2207 2146 2208
f 2207 2147 2146
f 2207 2148 2147
f 2206 2148 2207
f 2211 2210 1306
f 2212 2211 1306
f 2205 2148 2206
f 2205 2149 2148
f 2205 2150 2149
f 2204 2150 2205
f 2177 2212 1306
f 2203 2151 2150
f 2203 2152 2151
f 2203 2150 2204
f 2178 2177 1306
f 2179 2178 1306
f 2202 2152 2203
f 2201 2152 2202
f 2201 2153 2152
f 2201 2154 2153
f 2200 2154 2201
f 1308 2161 2160
f 1308 1309 2161
f 2199 2155 2154
f 2199 2154 2200
f 1307 2194 2193
f 1307 2195 2194
f 1307 2196 2195
f 1307 2197 2196
f 1307 2198 2197
f 1307 2199 2198
f 1307 2155 2199
f 1307 2156 2155
f 1307 2157 2156
f 1307 2158 2157
f 1307 2159 2158
f 1307 2160 2159
f 1307 1308 2160
f 2101 2182 2181
f 2100 2182 2101
f 2102 2101 2181
f 2102 2180 2179
f 2102 2181 2180
f 2099 2182 2100
f 2099 2183 2182
f 2103 2179 1306
f 2103 2102 2179
f 2098 2183 2099
f 2098 2184 2183
f 2098 2185 2184
f 2097 2185 2098
f 2104 2103 1306
f 2069 2104 1306
f 2096 2185 2097
f 2096 2186 2185
f 2096 2187 2186
f 2095 2187 2096
f 2070 2069 1306
f 2094 2187 2095
f 2094 2188 2187
f 2093 2188 2094
f 2093 2189 2188
f 2093 2190 2189
f 2092 2190 2093
f 2091 2190 2092
f 2091 2191 2190
f 2091 2192 2191
f 2090 2192 2091
f 2089 2192 2090
f 2089 1307 2193
f 2089 2193 2192
f 2088 1307 2089
f 2087 1307 2088
f 2086 1307 2087
f 2065 2064 2074
f 2065 2074 2073
f 2063 2074 2064
f 2063 2075 2074
f 2066 2065 2073
f 2066 2073 2072
f 2062 2076 2075
f 2062 2075 2063
f 2067 2066 2072
f 2067 2071 2070
f 2067 2072 2071
f 2061 2076 2062
f 2061 2077 2076
f 2068 2067 2070
f 2068 2070 1306
f 2033 2068 1306
f 2060 2078 2077
f 2060 2079 2078
f 2060 2077 2061
f 2059 2079 2060
f 2059 2080 2079
f 2058 2080 2059
f 2057 2080 2058
f 2057 2081 2080
f 2057 2082 2081
f 2056 2082 2057
f 2055 2082 2056
f 2055 2083 2082
f 2055 2084 2083
f 2054 2084 2055
f 2054 2085 2084
f 2053 2085 2054
f 2053 2086 2085
f 2052 1307 2086
f 2052 2086 2053
f 2051 1307 2052
f 2028 2037 2029
f 2028 2038 2037
f 2027 2039 2038
f 2027 2040 2039
f 2027 2038 2028
f 2030 2029 2037
f 2030 2037 2036
f 2031 2030 2036
f 2031 2036 2035
f 2026 2040 2027
f 2026 2041 2040
f 2025 2041 2026
f 2032 2031 2035
f 2032 2035 2034
f 2024 2041 2025
f 2024 2042 2041
f 1997 2033 1306
f 1997 2032 2034
f 1997 2034 2033
f 2023 2042 2024
f 2023 2043 2042
f 2022 2043 2023
f 2022 2044 2043
f 2021 2045 2044
f 2021 2046 2045
f 2021 2044 2022
f 2020 2047 2046
f 2020 2046 2021
f 2019 2047 2020
f 2019 2048 2047
f 2018 2048 2019
f 2018 2049 2048
f 2017 2049 2018
f 2016 2050 2049
f 2016 2049 2017
f 2015 2051 2050
f 2015 2050 2016
f 2015 1307 2051
f 1993 2001 2000
f 1993 2002 2001
f 1993 1992 2002
f 1994 2000 1999
f 1994 1993 2000
f 1991 2003 2002
f 1991 2002 1992
f 1990 2004 2003
f 1990 2003 1991
f 1995 1999 1998
f 1995 1994 1999
f 1996 1995 1998
f 1989 2005 2004
f 1989 2004 1990
f 1961 1996 1998
f 1961 1998 1997
f 1961 1997 1306
f 1988 2006 2005
f 1988 2005 1989
f 1987 2007 2006
f 1987 2006 1988
f 1986 2007 1987
f 1986 2008 2007
f 1985 2009 2008
f 1985 2008 1986
f 1984 2010 2009
f 1984 2009 1985
f 1983 2011 2010
f 1983 2012 2011
f 1983 2010 1984
f 1982 2012 1983
f 1981 2012 1982
f 1981 2013 2012
f 1980 2014 2013
f 1980 2015 2014
f 1980 2013 1981
f 1979 2015 1980
f 1979 1307 2015
f 1956 1965 1957
f 1956 1966 1965
f 1956 1967 1966
f 1958 1957 1965
f 1958 1965 1964
f 1955 1967 1956
f 1959 1958 1964
f 1959 1963 1962
f 1959 1964 1963
f 1954 1967 1955
f 1954 1968 1967
f 1960 1959 1962
f 1953 1968 1954
f 1953 1969 1968
f 1925 1961 1306
f 1925 1962 1961
f 1925 1960 1962
f 1952 1969 1953
f 1952 1970 1969
f 1951 1970 1952
f 1951 1971 1970
f 1950 1971 1951
f 1950 1972 1971
f 1950 1973 1972
f 1949 1973 1950
f 1948 1974 1973
f 1948 1973 1949
f 1948 1975 1974
f 1947 1975 1948
f 1947 1976 1975
f 1946 1976 1947
f 1945 1976 1946
f 1945 1977 1976
f 1944 1977 1945
f 1944 1978 1977
f 1944 1979 1978
f 1943 1979 1944
f 1943 1307 1979
f 1920 1929 1921
f 1920 1930 1929
f 1919 1931 1930
f 1919 1932 1931
f 1919 1930 1920
f 1922 1921 1929
f 1922 1929 1928
f 1918 1932 1919
f 1923 1927 1926
f 1923 1928 1927
f 1923 1922 1928
f 1924 1926 1925
f 1924 1923 1926
f 1917 1932 1918
f 1917 1933 1932
f 1889 1925 1306
f 1889 1924 1925
f 1916 1933 1917
f 1916 1934 1933
f 1915 1935 1934
f 1915 1936 1935
f 1915 1934 1916
f 1914 1936 1915
f 1913 1937 1936
f 1913 1938 1937
f 1913 1936 1914
f 1912 1938 1913
f 1911 1939 1938
f 1911 1940 1939
f 1911 1938 1912
f 1910 1940 1911
f 1910 1941 1940
f 1909 1941 1910
f 1909 1942 1941
f 1908 1942 1909
f 1907 1943 1942
f 1907 1942 1908
f 1907 1307 1943
f 1885 1893 1892
f 1885 1894 1893
f 1884 1894 1885
f 1883 1895 1894
f 1883 1894 1884
f 1886 1885 1892
f 1882 1896 1895
f 1882 1895 1883
f 1887 1891 1890
f 1887 1892 1891
f 1887 1886 1892
f 1881 1897 1896
f 1881 1896 1882
f 1888 1887 1890
f 1888 1890 1889
f 1853 1888 1889
f 1880 1898 1897
f 1880 1897 1881
f 1879 1899 1898
f 1879 1898 1880
f 1878 1899 1879
f 1878 1900 1899
f 1877 1901 1900
f 1877 1900 1878
f 1876 1902 1901
f 1876 1903 1902
f 1876 1901 1877
f 1875 1904 1903
f 1875 1903 1876
f 1874 1905 1904
f 1874 1904 1875
f 1873 1906 1905
f 1873 1905 1874
f 1872 1906 1873
f 1871 1906 1872
f 1871 1907 1906
f 1849 1857 1856
f 1848 1857 1849
f 1848 1858 1857
f 1850 1849 1856
f 1847 1859 1858
f 1847 1858 1848
f 1846 1860 1859
f 1846 1861 1860
f 1846 1859 1847
f 1851 1855 1854
f 1851 1856 1855
f 1851 1850 1856
f 1845 1861 1846
f 1852 1851 1854
f 1852 1854 1853
f 1817 1852 1853
f 1844 1862 1861
f 1844 1863 1862
f 1844 1861 1845
f 1843 1863 1844
f 1842 1864 1863
f 1842 1865 1864
f 1842 1863 1843
f 1841 1865 1842
f 1840 1865 1841
f 1840 1866 1865
f 1839 1866 1840
f 1839 1867 1866
f 1839 1868 1867
f 1838 1868 1839
f 1838 1869 1868
f 1837 1869 1838
f 1837 1870 1869
f 1836 1870 1837
f 1836 1871 1870
f 1835 1871 1836
f 1812 1821 1813
f 1812 1822 1821
f 1811 1823 1822
f 1811 1822 1812
f 1814 1813 1821
f 1814 1820 1819
f 1814 1821 1820
f 1810 1823 1811
f 1810 1824 1823
f 1815 1814 1819
f 1809 1825 1824
f 1809 1824 1810
f 1816 1818 1817
f 1816 1819 1818
f 1816 1815 1819
f 1808 1825 1809
f 1808 1826 1825
f 1781 1816 1817
f 1807 1827 1826
f 1807 1826 1808
f 1806 1828 1827
f 1806 1829 1828
f 1806 1827 1807
f 1805 1829 1806
f 1805 1830 1829
f 1804 1830 1805
f 1803 1830 1804
f 1803 1831 1830
f 1803 1832 1831
f 1802 1833 1832
f 1802 1832 1803
f 1801 1834 1833
f 1801 1833 1802
f 1800 1835 1834
f 1800 1834 1801
f 1799 1835 1800
f 1776 1785 1777
f 1776 1786 1785
f 1775 1786 1776
f 1775 1787 1786
f 1775 1788 1787
f 1778 1777 1785
f 1778 1784 1783
f 1778 1785 1784
f 1779 1778 1783
f 1779 1783 1782
f 1774 1788 1775
f 1774 1789 1788
f 1780 1779 1782
f 1773 1789 1774
f 1772 1790 1789
f 1772 1789 1773
f 1745 1780 1782
f 1745 1782 1781
f 1771 1791 1790
f 1771 1790 1772
f 1770 1792 1791
f 1770 1793 1792
f 1770 1791 1771
f 1769 1794 1793
f 1769 1793 1770
f 1768 1794 1769
f 1767 1795 1794
f 1767 1796 1795
f 1767 1794 1768
f 1766 1796 1767
f 1765 1797 1796
f 1765 1796 1766
f 1764 1798 1797
f 1764 1799 1798
f 1764 1797 1765
f 1763 1799 1764
f 1741 1750 1749
f 1741 1740 1750
f 1739 1751 1750
f 1739 1750 1740
f 1742 1749 1748
f 1742 1741 1749
f 1738 1752 1751
f 1738 1751 1739
f 1743 1747 1746
f 1743 1748 1747
f 1743 1742 1748
f 1737 1753 1752
f 1737 1752 1738
f 1744 1743 1746
f 1709 1744 1746
f 1709 1746 1745
f 1736 1753 1737
f 1736 1754 1753
f 1736 1755 1754
f 1735 1755 1736
f 1734 1755 1735
f 1734 1756 1755
f 1734 1757 1756
f 1733 1757 1734
f 1732 1758 1757
f 1732 1757 1733
f 1731 1758 1732
f 1731 1759 1758
f 1731 1760 1759
f 1730 1761 1760
f 1730 1760 1731
f 1729 1761 1730
f 1728 1762 1761
f 1728 1761 1729
f 1727 1762 1728
f 1727 1763 1762
f 1704 1714 1713
f 1704 1715 1714
f 1705 1713 1712
f 1705 1704 1713
f 1706 1705 1712
f 1703 1715 1704
f 1702 1716 1715
f 1702 1717 1716
f 1702 1715 1703
f 1707 1711 1710
f 1707 1712 1711
f 1707 1706 1712
f 1701 1717 1702
f 1708 1710 1709
f 1708 1707 1710
f 1673 1708 1709
f 1700 1718 1717
f 1700 1717 1701
f 1699 1719 1718
f 1699 1718 1700
f 1698 1720 1719
f 1698 1719 1699
f 1697 1721 1720
f 1697 1720 1698
f 1696 1722 1721
f 1696 1721 1697
f 1695 1723 1722
f 1695 1722 1696
f 1694 1724 1723
f 1694 1723 1695
f 1693 1724 1694
f 1693 1725 1724
f 1693 1726 1725
f 1692 1726 1693
f 1691 1726 1692
f 1691 1727 1726
f 1669 1668 1678
f 1669 1677 1676
f 1669 1678 1677
f 1667 1678 1668
f 1667 1679 1678
f 1670 1669 1676
f 1666 1679 1667
f 1666 1680 1679
f 1671 1675 1674
f 1671 1676 1675
f 1671 1670 1676
f 1672 1671 1674
f 1672 1674 1673
f 1665 1680 1666
f 1665 1681 1680
f 1637 1672 1673
f 1664 1681 1665
f 1664 1682 1681
f 1663 1682 1664
f 1663 1683 1682
f 1662 1683 1663
f 1662 1684 1683
f 1661 1684 1662
f 1661 1685 1684
f 1661 1686 1685
f 1660 1686 1661
f 1659 1687 1686
f 1659 1686 1660
f 1658 1689 1688
f 1658 1687 1659
f 1658 1688 1687
f 1657 1690 1689
f 1657 1689 1658
f 1656 1690 1657
f 1655 1691 1690
f 1655 1690 1656
f 1633 1642 1641
f 1633 1632 1642
f 1631 1643 1642
f 1631 1644 1643
f 1631 1642 1632
f 1634 1633 1641
f 1634 1641 1640
f 1630 1644 1631
f 1635 1634 1640
f 1635 1639 1638
f 1635 1640 1639
f 1629 1644 1630
f 1629 1645 1644
f 1636 1635 1638
f 1628 1646 1645
f 1628 1645 1629
f 1627 1647 1646
f 1627 1646 1628
f 1626 1647 1627
f 1626 1648 1647
f 1625 1649 1648
f 1625 1648 1626
f 1624 1650 1649
f 1624 1649 1625
f 1623 1651 1650
f 1623 1652 1651
f 1623 1650 1624
f 1622 1652 1623
f 1621 1652 1622
f 1621 1653 1652
f 1621 1654 1653
f 1620 1654 1621
f 1596 1606 1605
f 1596 1605 1597
f 1595 1607 1606
f 1595 1606 1596
f 1598 1605 1604
f 1598 1597 1605
f 1594 1608 1607
f 1594 1607 1595
f 1599 1603 1602
f 1599 1604 1603
f 1599 1598 1604
f 1600 1599 1602
f 1593 1609 1608
f 1593 1608 1594
f 1592 1610 1609
f 1592 1609 1593
f 1591 1611 1610
f 1591 1610 1592
f 1590 1612 1611
f 1590 1611 1591
f 1589 1612 1590
f 1589 1613 1612
f 1588 1613 1589
f 1588 1614 1613
f 1588 1615 1614
f 1587 1616 1615
f 1587 1615 1588
f 1586 1616 1587
f 1585 1616 1586
f 1585 1617 1616
f 1584 1618 1617
f 1584 1617 1585
f 1305 1565 1600
f 1305 1602 1601
f 1305 1637 1673
f 1305 1601 1636
f 1305 1638 1637
f 1305 1600 1602
f 1305 1566 1565
f 1305 1567 1566
f 1305 1636 1638
f 1560 1570 1569
f 1561 1560 1569
f 1559 1570 1560
f 1559 1571 1570
f 1562 1561 1569
f 1562 1569 1568
f 1558 1571 1559
f 1558 1572 1571
f 1563 1567 1305
f 1563 1562 1568
f 1563 1568 1567
f 1557 1572 1558
f 1557 1573 1572
f 1564 1563 1305
f 1556 1573 1557
f 1556 1574 1573
f 1529 1564 1305
f 1555 1574 1556
f 1555 1575 1574
f 1530 1529 1305
f 1554 1575 1555
f 1554 1576 1575
f 1531 1530 1305
f 1553 1576 1554
f 1553 1577 1576
f 1553 1578 1577
f 1532 1531 1305
f 1552 1578 1553
f 1552 1579 1578
f 1533 1532 1305
f 1551 1579 1552
f 1550 1579 1551
f 1550 1580 1579
f 1550 1581 1580
f 1549 1581 1550
f 1371 1296 1297
f 1372 1296 1371
f 1370 1371 1297
f 1373 1296 1372
f 1369 1370 1297
f 1374 1296 1373
f 1368 1369 1297
f 1375 1296 1374
f 1367 1368 1297
f 1376 1296 1375
f 1377 1296 1376
f 1366 1367 1297
f 1378 1295 1296
f 1378 1296 1377
f 1365 1297 1298
f 1365 1366 1297
f 1379 1295 1378
f 1364 1365 1298
f 1525 1534 1533
f 1525 1533 1305
f 1524 1534 1525
f 1523 1535 1534
f 1523 1536 1535
f 1523 1534 1524
f 1526 1525 1305
f 1527 1305 1304
f 1527 1526 1305
f 1522 1536 1523
f 1521 1537 1536
f 1521 1538 1537
f 1521 1536 1522
f 1528 1527 1304
f 1363 1364 1298
f 1380 1295 1379
f 1493 1528 1304
f 1520 1538 1521
f 1519 1539 1538
f 1519 1538 1520
f 1494 1304 1303
f 1494 1493 1304
f 1362 1363 1298
f 1495 1494 1303
f 1518 1540 1539
f 1518 1539 1519
f 1517 1541 1540
f 1517 1540 1518
f 1496 1495 1303
f 1361 1362 1298
f 1516 1541 1517
f 1516 1542 1541
f 1516 1543 1542
f 1515 1543 1516
f 1360 1361 1298
f 2136 1294 1295
f 2137 1295 1380
f 2137 2136 1295
f 2137 1380 1381
f 2137 1381 1382
f 2137 1382 1383
f 2137 1383 1384
f 2137 1384 1349
f 2138 2137 1349
f 2138 1349 1350
f 2138 1350 1351
f 2138 1351 1352
f 2138 1352 1353
f 2138 1353 1354
f 2138 1354 1355
f 2135 1300 1294
f 2135 1294 2136
f 2236 1498 1497
f 2235 1497 1496
f 2235 1496 1303
f 2235 2236 1497
f 2234 1303 1302
f 2234 2235 1303
f 2237 1498 2236
f 2237 1499 1498
f 2233 2234 1302
f 2238 1499 2237
f 2238 1500 1499
f 2232 2233 1302
f 2239 1500 2238
f 2239 1501 1500
f 2134 1301 1300
f 2134 1302 1301
f 2134 1300 2135
f 2139 1360 1298
f 2139 2138 1355
f 2139 1355 1356
f 2139 1356 1357
f 2139 1357 1358
f 2139 1358 1359
f 2139 1359 1360
f 2240 1502 1501
f 2240 1503 1502
f 2240 1501 2239
f 2231 1302 2134
f 2231 2232 1302
f 1325 1618 1584
f 1325 1514 1513
f 1325 1515 1514
f 1325 1619 1618
f 1325 1620 1619
f 1325 1654 1620
f 1325 1544 1543
f 1325 1545 1544
f 1325 1546 1545
f 1325 1547 1546
f 1325 1548 1547
f 1325 1549 1548
f 1325 1655 1654
f 1325 1691 1655
f 1325 1582 1581
f 1325 1543 1515
f 1325 1583 1582
f 1325 1584 1583
f 1325 1581 1549
f 2241 1503 2240
f 2241 1504 1503
f 2230 2231 2134
f 2242 1504 2241
f 2242 1505 1504
f 2243 1505 2242
f 2243 1506 1505
f 2244 1507 1506
f 2244 1506 2243
f 2245 1508 1507
f 2245 1507 2244
f 2140 1298 1299
f 2140 2139 1298
f 2133 2230 2134
f 2133 2226 2227
f 2133 2227 2228
f 2133 2228 2229
f 2133 2229 2230
f 2225 2226 2133
f 1326 1325 1513
f 1326 1511 1510
f 1326 1512 1511
f 1326 1513 1512
f 2105 1291 1292
f 2105 2140 1299
f 2105 1299 1291
f 2132 2219 2220
f 2132 2220 2221
f 2132 2221 2222
f 2132 2222 2223
f 2132 2223 2224
f 2132 2224 2225
f 2132 2225 2133
f 1327 1509 1508
f 1327 1510 1509
f 1327 1326 1510
f 1327 1508 2245
f 1327 2245 2246
f 1328 1327 2246
f 1328 2246 2247
f 1328 2247 2248
f 1328 2248 2213
f 2106 1292 1293
f 2106 2105 1292
f 2131 2214 2215
f 2131 2215 2216
f 2131 2216 2217
f 2131 2217 2218
f 2131 2218 2219
f 2131 2219 2132
f 2107 2106 1293
f 2130 2213 2214
f 2130 1329 1328
f 2130 1328 2213
f 2130 2214 2131
f 1408 1293 1407
f 1285 1293 1290
f 1406 1407 1293
f 1406 1293 1285
f 1409 1293 1408
f 1410 1293 1409
f 1410 2107 1293
f 1405 1406 1285
f 1404 1405 1285
f 1411 2107 1410
f 1412 2107 1411
f 1403 1404 1285
f 1413 2107 1412
f 1402 1403 1285
f 1330 1329 2130
f 1414 2107 1413
f 1401 1402 1285
f 1415 2107 1414
f 1400 1401 1285
f 2108 1415 1416
f 2108 1416 1417
f 2108 2107 1415
f 2108 1417 1418
f 2108 1418 1419
f 2129 1330 2130
f 1420 2108 1419
f 1385 2108 1420
f 1331 1330 2129
f 1286 1391 1392
f 1286 1392 1393
f 1286 1393 1394
f 1286 1394 1395
f 1286 1395 1396
f 1286 1396 1397
f 1286 1397 1398
f 2109 1385 1386
f 2109 1386 1387
f 2109 1387 1388
f 2109 1388 1389
f 2109 1389 1390
f 2109 2108 1385
f 2128 1331 2129
f 1348 1331 2128
f 1287 1390 1391
f 1287 2109 1390
f 1287 1391 1286
f 2110 2109 1287
f 2127 1348 2128
f 2272 2127 2271
f 2272 1348 2127
f 2273 1348 2272
f 2270 2271 2127
f 2269 2270 2127
f 2274 1348 2273
f 2268 2269 2127
f 2275 1348 2274
f 2267 2268 2127
f 1347 1348 2275
f 1347 2275 2276
f 1288 2110 1287
f 2277 1347 2276
f 2111 2110 1288
f 2126 2267 2127
f 2126 2266 2267
f 2278 1347 2277
f 2265 2266 2126
f 2264 2265 2126
f 2279 1347 2278
f 2280 1347 2279
f 2263 2264 2126
f 2262 2263 2126
f 2281 1347 2280
f 2261 2262 2126
f 2282 1347 2281
f 2125 2261 2126
f 2125 2256 2257
f 2125 2257 2258
f 2125 2258 2259
f 2125 2259 2260
f 2125 2260 2261
f 1289 2112 2111
f 1289 2111 1288
f 1346 1347 2282
f 1346 2249 2250
f 1346 2250 2251
f 1346 2251 2252
f 1346 2252 2253
f 1346 2282 2283
f 1346 2283 2284
f 1346 2284 2249
f 1345 2125 2124
f 1345 2256 2125
f 1345 1346 2253
f 1345 2253 2254
f 1345 2254 2255
f 1345 2255 2256
f 1333 2113 2112
f 1333 1289 1332
f 1333 2112 1289
f 1444 2113 1443
f 1442 1443 2113
f 1445 2114 2113
f 1445 2113 1444
f 1441 1442 2113
f 1446 2114 1445
f 1447 2114 1446
f 1440 1441 2113
f 1440 2113 1333
f 1439 1440 1333
f 1448 2114 1447
f 1449 2114 1448
f 1438 1439 1333
f 1437 1438 1333
f 1450 2114 1449
f 1451 2114 1450
f 2115 2114 1451
f 1452 2115 1451
f 1453 2115 1452
f 1454 2115 1453
f 1455 2115 1454
f 1344 2124 2123
f 1344 1345 2124
f 1456 2115 1455
f 1334 1437 1333
f 1334 1431 1432
f 1334 1432 1433
f 1334 1433 1434
f 1334 1434 1435
f 1334 1435 1436
f 1334 1436 1437
f 1430 1431 1334
f 1480 2120 1479
f 1478 1479 2120
f 1481 2121 2120
f 1481 2120 1480
f 1482 2121 1481
f 1477 1478 2120
f 1343 2123 2122
f 1343 1344 2123
f 1335 1430 1334
f 1335 1423 1424
f 1335 1424 1425
f 1335 1425 1426
f 1335 1426 1427
f 1335 1427 1428
f 1335 1428 1429
f 1335 1429 1430
f 1476 1477 2120
f 1483 2121 1482
f 1475 1476 2120
f 1475 2120 2119
f 1484 2121 1483
f 1485 2121 1484
f 1474 1475 2119
f 1473 1474 2119
f 1486 2121 1485
f 1472 1473 2119
f 1471 1472 2119
f 1470 1471 2119
f 1342 1486 1487
f 1342 1487 1488
f 1342 1488 1489
f 1342 2121 1486
f 1342 2122 2121
f 1342 1343 2122
f 1336 2116 2115
f 1336 1421 1422
f 1336 1422 1423
f 1336 2115 1456
f 1336 1423 1335
f 1336 1456 1421
f 1341 1489 1490
f 1341 1490 1491
f 1341 1491 1492
f 1341 1492 1457
f 1341 1342 1489
f 1341 1457 1458
f 1341 1458 1459
f 1341 1459 1460
f 1337 2117 2116
f 1337 2116 1336
f 1340 1341 1460
f 1340 1460 1461
f 1340 1461 1462
f 1340 1462 1463
f 1340 1463 1464
f 1340 1464 1465
f 1340 1465 1466
f 1340 1466 1467
f 1338 2118 2117
f 1338 2117 1337
f 1339 1470 2119
f 1339 2119 2118
f 1339 2118 1338
f 1339 1340 1467
f 1339 1467 1468
f 1339 1468 1469
f 1339 1469 1470
f 1286 1400 1285
f 1286 1399 1400
f 1286 1398 1399
f 1305 1781 1306
f 1781 1817 1306
f 1817 1853 1306
f 1853 1889 1306
f 1305 1745 1781
f 1305 1709 1745
f 1305 1673 1709
f 1307 1835 1325
f 1835 1799 1325
f 1799 1763 1325
f 1763 1727 1325
f 1727 1691 1325
f 1307 1871 1835
f 1307 1907 1871
f 2291 2286 2285
f 2291 2285 2287
f 2292 2287 2288
f 2292 2288 2289
f 2292 2291 2287
f 2290 2292 2289
f 3053 2309 2308
f 3052 3053 2308
f 3054 2309 3053
f 3054 2310 2309
f 3054 2311 2310
f 3051 2308 2307
f 3051 3052 2308
f 3055 2311 3054
f 3050 3051 2307
f 3050 2307 2306
f 3049 2305 2304
f 3049 2306 2305
f 3049 3050 2306
f 3056 2311 3055
f 3056 2312 2311
f 3057 2312 3056
f 3057 2293 2312
f 3048 3049 2304
f 3047 2303 2302
f 3047 2304 2303
f 3047 3048 2304
f 3058 2293 3057
f 3059 2293 3058
f 3046 2302 2301
f 3046 3047 2302
f 3060 2293 3059
f 3045 3046 2301
f 3044 2301 2300
f 3044 3045 2301
f 3061 2293 3060
f 3043 3044 2300
f 2299 3043 2300
f 2298 3042 3043
f 2298 3043 2299
f 2297 3041 3042
f 2297 3042 2298
f 3089 2293 3061
f 3088 3061 3062
f 3088 3089 3061
f 3090 2293 3089
f 3087 3062 3063
f 3087 3088 3062
f 3091 2293 3090
f 3086 3063 3064
f 3086 3087 3063
f 3092 2293 3091
f 3085 3086 3064
f 3085 3064 3065
f 3085 3065 3066
f 3093 2293 3092
f 3084 3066 3067
f 3084 3085 3066
f 3083 3084 3067
f 3094 2293 3093
f 3095 2293 3094
f 3082 3083 3067
f 3082 3067 3068
f 3081 3068 3069
f 3081 3069 3070
f 3081 3082 3068
f 3080 3081 3070
f 3080 3070 3071
f 2296 3040 3041
f 2296 3041 2297
f 3079 3080 3071
f 2295 3109 3110
f 2295 3110 3075
f 2295 3079 3071
f 2295 3039 3040
f 2295 3071 3072
f 2295 3072 3073
f 2295 3073 3074
f 2295 3074 3039
f 2295 3075 3076
f 2295 3076 3077
f 2295 3077 3078
f 2295 3078 3079
f 2295 3040 2296
f 2981 3098 2980
f 2981 3096 3097
f 2981 3097 3098
f 2982 3096 2981
f 2979 2980 3098
f 2979 3098 3099
f 2978 3100 3101
f 2978 2979 3099
f 2978 3099 3100
f 2983 2293 3095
f 2983 3096 2982
f 2983 3095 3096
f 2977 2978 3101
f 2984 2293 2983
f 2985 2293 2984
f 2976 3101 3102
f 2976 3102 3103
f 2976 2977 3101
f 2986 2293 2985
f 2975 2976 3103
f 2974 3103 3104
f 2974 2975 3103
f 2973 3104 3105
f 2973 3105 3106
f 2973 2974 3104
f 2972 2973 3106
f 2971 3106 3107
f 2971 3107 3108
f 2971 2972 3106
f 2970 2971 3108
f 2969 3108 3109
f 2969 2970 3108
f 2969 3109 2295
f 2968 2969 2295
f 2967 2968 2295
f 3002 2967 2295
f 2944 2945 2989
f 2944 2989 2990
f 2943 2944 2990
f 2943 2990 2991
f 2946 2989 2945
f 2946 2987 2988
f 2946 2988 2989
f 2942 2943 2991
f 2942 2991 2992
f 2942 2992 2993
f 2947 2987 2946
f 2948 2987 2947
f 2948 2986 2987
f 2948 2293 2986
f 2941 2942 2993
f 2940 2941 2993
f 2940 2993 2994
f 2940 2994 2995
f 2949 2293 2948
f 2939 2940 2995
f 2938 2939 2995
f 2938 2995 2996
f 2938 2996 2997
f 2937 2938 2997
f 2937 2997 2998
f 2936 2937 2998
f 2935 2999 3000
f 2935 2936 2998
f 2935 2998 2999
f 2934 3000 3001
f 2934 2935 3000
f 2933 2934 3001
f 2932 3001 3002
f 2932 3002 2295
f 2932 2933 3001
f 2931 2932 2295
f 2909 2952 2953
f 2909 2953 2954
f 2908 2909 2954
f 2907 2908 2954
f 2907 2954 2955
f 2910 2952 2909
f 2906 2907 2955
f 2906 2955 2956
f 2906 2956 2957
f 2911 2952 2910
f 2911 2950 2951
f 2911 2951 2952
f 2905 2906 2957
f 2912 2950 2911
f 2912 2949 2950
f 2904 2905 2957
f 2904 2957 2958
f 2904 2958 2959
f 2913 2293 2949
f 2913 2949 2912
f 2903 2904 2959
f 2902 2903 2959
f 2902 2959 2960
f 2902 2960 2961
f 2901 2902 2961
f 2900 2901 2961
f 2900 2961 2962
f 2900 2962 2963
f 2899 2900 2963
f 2899 2963 2964
f 2898 2899 2964
f 2898 2964 2965
f 2897 2898 2965
f 2896 2897 2965
f 2896 2965 2966
f 2896 2966 2931
f 2895 2896 2931
f 2895 2931 2295
f 2873 2916 2917
f 2873 2917 2918
f 2873 2918 2872
f 2871 2918 2919
f 2871 2872 2918
f 2874 2915 2916
f 2874 2916 2873
f 2875 2915 2874
f 2870 2919 2920
f 2870 2920 2921
f 2870 2871 2919
f 2876 2913 2914
f 2876 2914 2915
f 2876 2915 2875
f 2869 2870 2921
f 2868 2921 2922
f 2868 2922 2923
f 2868 2869 2921
f 2877 2293 2913
f 2877 2913 2876
f 2867 2923 2924
f 2867 2868 2923
f 2866 2867 2924
f 2866 2924 2925
f 2865 2866 2925
f 2864 2865 2925
f 2864 2925 2926
f 2863 2926 2927
f 2863 2927 2928
f 2863 2864 2926
f 2862 2928 2929
f 2862 2863 2928
f 2861 2929 2930
f 2861 2862 2929
f 2860 2861 2930
f 2860 2930 2895
f 2859 2860 2895
f 2859 2895 2295
f 2837 2880 2881
f 2836 2837 2881
f 2836 2881 2882
f 2836 2882 2883
f 2835 2836 2883
f 2838 2880 2837
f 2839 2880 2838
f 2839 2878 2879
f 2839 2879 2880
f 2834 2835 2883
f 2834 2883 2884
f 2834 2884 2885
f 2840 2878 2839
f 2840 2877 2878
f 2833 2834 2885
f 2841 2293 2877
f 2841 2877 2840
f 2832 2833 2885
f 2832 2885 2886
f 2832 2886 2887
f 2831 2832 2887
f 2830 2831 2887
f 2830 2887 2888
f 2829 2830 2888
f 2829 2888 2889
f 2828 2829 2889
f 2828 2889 2890
f 2827 2828 2890
f 2827 2890 2891
f 2827 2891 2892
f 2826 2827 2892
f 2826 2892 2893
f 2825 2826 2893
f 2824 2825 2893
f 2824 2893 2894
f 2823 2824 2894
f 2823 2859 2295
f 2823 2894 2859
f 2800 2845 2846
f 2800 2846 2847
f 2801 2845 2800
f 2799 2800 2847
f 2802 2845 2801
f 2802 2843 2844
f 2802 2844 2845
f 2798 2799 2847
f 2798 2847 2848
f 2803 2843 2802
f 2803 2842 2843
f 2804 2842 2803
f 2804 2841 2842
f 2797 2798 2848
f 2797 2848 2849
f 2805 2841 2804
f 2805 2293 2841
f 2796 2849 2850
f 2796 2850 2851
f 2796 2797 2849
f 2795 2796 2851
f 2794 2795 2851
f 2794 2851 2852
f 2794 2852 2853
f 2793 2794 2853
f 2792 2793 2853
f 2792 2853 2854
f 2792 2854 2855
f 2791 2855 2856
f 2791 2792 2855
f 2790 2856 2857
f 2790 2791 2856
f 2789 2790 2857
f 2788 2789 2857
f 2788 2857 2858
f 2788 2858 2823
f 2787 2788 2823
f 2787 2823 2295
f 2765 2809 2810
f 2765 2810 2764
f 2766 2809 2765
f 2766 2807 2808
f 2766 2808 2809
f 2763 2810 2811
f 2763 2764 2810
f 2762 2763 2811
f 2762 2811 2812
f 2762 2812 2813
f 2767 2807 2766
f 2761 2813 2814
f 2761 2762 2813
f 2768 2805 2806
f 2768 2806 2807
f 2768 2807 2767
f 2760 2761 2814
f 2760 2814 2815
f 2769 2805 2768
f 2759 2760 2815
f 2758 2815 2816
f 2758 2759 2815
f 2758 2816 2817
f 2757 2758 2817
f 2757 2817 2818
f 2756 2757 2818
f 2756 2818 2819
f 2755 2756 2819
f 2754 2819 2820
f 2754 2820 2821
f 2754 2755 2819
f 2753 2754 2821
f 2752 2821 2822
f 2752 2822 2787
f 2752 2753 2821
f 2751 2752 2787
f 2728 2773 2774
f 2729 2773 2728
f 2729 2772 2773
f 2727 2728 2774
f 2727 2774 2775
f 2730 2771 2772
f 2730 2772 2729
f 2731 2771 2730
f 2726 2727 2775
f 2726 2775 2776
f 2725 2726 2776
f 2725 2776 2777
f 2732 2769 2770
f 2732 2770 2771
f 2732 2771 2731
f 2724 2725 2777
f 2724 2777 2778
f 2724 2778 2779
f 2733 2769 2732
f 2723 2724 2779
f 2722 2779 2780
f 2722 2723 2779
f 2721 2722 2780
f 2721 2780 2781
f 2720 2781 2782
f 2720 2721 2781
f 2719 2720 2782
f 2719 2782 2783
f 2719 2783 2784
f 2718 2719 2784
f 2718 2784 2785
f 2717 2718 2785
f 2716 2717 2785
f 2716 2785 2786
f 2716 2786 2751
f 2715 2716 2751
f 2693 2736 2737
f 2692 2693 2737
f 2692 2737 2738
f 2691 2738 2739
f 2691 2739 2740
f 2691 2692 2738
f 2694 2736 2693
f 2690 2691 2740
f 2695 2735 2736
f 2695 2736 2694
f 2689 2740 2741
f 2689 2690 2740
f 2696 2733 2734
f 2696 2734 2735
f 2696 2735 2695
f 2697 2733 2696
f 2688 2741 2742
f 2688 2689 2741
f 2687 2742 2743
f 2687 2688 2742
f 2686 2687 2743
f 2686 2743 2744
f 2686 2744 2745
f 2685 2686 2745
f 2685 2745 2746
f 2684 2746 2747
f 2684 2685 2746
f 2683 2684 2747
f 2683 2747 2748
f 2682 2683 2748
f 2681 2748 2749
f 2681 2749 2750
f 2681 2682 2748
f 2680 2681 2750
f 2679 2750 2715
f 2679 2680 2750
f 2657 2700 2701
f 2656 2701 2702
f 2656 2657 2701
f 2655 2702 2703
f 2655 2656 2702
f 2658 2699 2700
f 2658 2700 2657
f 2654 2703 2704
f 2654 2704 2705
f 2654 2655 2703
f 2659 2698 2699
f 2659 2699 2658
f 2653 2654 2705
f 2660 2697 2698
f 2660 2698 2659
f 2652 2705 2706
f 2652 2653 2705
f 2661 2697 2660
f 2651 2706 2707
f 2651 2652 2706
f 2650 2707 2708
f 2650 2708 2709
f 2650 2651 2707
f 2649 2650 2709
f 2649 2709 2710
f 2648 2649 2710
f 2647 2710 2711
f 2647 2648 2710
f 2646 2711 2712
f 2646 2647 2711
f 2645 2712 2713
f 2645 2646 2712
f 2644 2713 2714
f 2644 2645 2713
f 2643 2714 2679
f 2643 2644 2714
f 2621 2665 2666
f 2621 2666 2620
f 2619 2666 2667
f 2619 2620 2666
f 2622 2663 2664
f 2622 2664 2665
f 2622 2665 2621
f 2618 2619 2667
f 2618 2667 2668
f 2623 2663 2622
f 2617 2668 2669
f 2617 2618 2668
f 2624 2663 2623
f 2624 2661 2662
f 2624 2662 2663
f 2616 2669 2670
f 2616 2617 2669
f 2625 2661 2624
f 2615 2670 2671
f 2615 2616 2670
f 2614 2615 2671
f 2614 2671 2672
f 2614 2672 2673
f 2613 2673 2674
f 2613 2614 2673
f 2612 2674 2675
f 2612 2613 2674
f 2611 2612 2675
f 2610 2611 2675
f 2610 2675 2676
f 2609 2610 2676
f 2609 2676 2677
f 2609 2677 2678
f 2608 2609 2678
f 2607 2608 2678
f 2607 2678 2643
f 2585 2629 2630
f 2585 2630 2584
f 2583 2630 2631
f 2583 2584 2630
f 2586 2627 2628
f 2586 2628 2629
f 2586 2629 2585
f 2582 2631 2632
f 2582 2632 2633
f 2582 2583 2631
f 2587 2627 2586
f 2581 2582 2633
f 2588 2625 2626
f 2588 2626 2627
f 2588 2627 2587
f 2580 2633 2634
f 2580 2581 2633
f 2589 2625 2588
f 2579 2634 2635
f 2579 2580 2634
f 2578 2579 2635
f 2578 2635 2636
f 2577 2636 2637
f 2577 2578 2636
f 2576 2637 2638
f 2576 2577 2637
f 2575 2576 2638
f 2575 2638 2639
f 2574 2639 2640
f 2574 2575 2639
f 2573 2640 2641
f 2573 2641 2642
f 2573 2574 2640
f 2572 2573 2642
f 2571 2642 2607
f 2571 2572 2642
f 2549 2594 2548
f 2549 2592 2593
f 2549 2593 2594
f 2550 2592 2549
f 2547 2548 2594
f 2547 2594 2595
f 2551 2592 2550
f 2551 2591 2592
f 2546 2595 2596
f 2546 2547 2595
f 2552 2591 2551
f 2552 2589 2590
f 2552 2590 2591
f 2545 2596 2597
f 2545 2546 2596
f 2553 2589 2552
f 2544 2597 2598
f 2544 2545 2597
f 2543 2598 2599
f 2543 2544 2598
f 2542 2599 2600
f 2542 2543 2599
f 2541 2542 2600
f 2541 2600 2601
f 2540 2601 2602
f 2540 2541 2601
f 2539 2602 2603
f 2539 2540 2602
f 2538 2539 2603
f 2538 2603 2604
f 2537 2604 2605
f 2537 2605 2606
f 2537 2538 2604
f 2536 2537 2606
f 2535 2606 2571
f 2535 2536 2606
f 2512 2558 2559
f 2513 2557 2558
f 2513 2558 2512
f 2511 2512 2559
f 2514 2557 2513
f 2514 2555 2556
f 2514 2556 2557
f 2510 2511 2559
f 2510 2559 2560
f 2515 2555 2514
f 2509 2510 2560
f 2509 2560 2561
f 2516 2554 2555
f 2516 2555 2515
f 2508 2509 2561
f 2508 2561 2562
f 2508 2562 2563
f 2507 2508 2563
f 2506 2507 2563
f 2506 2563 2564
f 2505 2564 2565
f 2505 2506 2564
f 2504 2505 2565
f 2504 2565 2566
f 2503 2566 2567
f 2503 2504 2566
f 2502 2567 2568
f 2502 2503 2567
f 2501 2502 2568
f 2501 2568 2569
f 2500 2501 2569
f 2500 2569 2570
f 2477 2520 2521
f 2477 2521 2522
f 2477 2522 2476
f 2478 2519 2520
f 2478 2520 2477
f 2475 2522 2523
f 2475 2523 2524
f 2475 2476 2522
f 2474 2475 2524
f 2479 2518 2519
f 2479 2519 2478
f 2473 2524 2525
f 2473 2525 2526
f 2473 2474 2524
f 2480 2518 2479
f 2472 2473 2526
f 2471 2526 2527
f 2471 2472 2526
f 2470 2471 2527
f 2470 2527 2528
f 2469 2528 2529
f 2469 2470 2528
f 2468 2529 2530
f 2468 2530 2531
f 2468 2469 2529
f 2467 2468 2531
f 2466 2531 2532
f 2466 2467 2531
f 2465 2532 2533
f 2465 2466 2532
f 2464 2465 2533
f 2464 2533 2534
f 2294 2554 2516
f 2294 2516 2517
f 2294 2517 2518
f 2294 2518 2480
f 2294 2553 2554
f 2294 2480 2481
f 2294 2481 2482
f 2294 2482 2483
f 2294 2589 2553
f 2440 2485 2486
f 2441 2485 2440
f 2439 2440 2486
f 2439 2486 2487
f 2442 2485 2441
f 2442 2483 2484
f 2442 2484 2485
f 2438 2439 2487
f 2438 2487 2488
f 2443 2483 2442
f 2443 2294 2483
f 2437 2438 2488
f 2437 2488 2489
f 2444 2294 2443
f 2436 2437 2489
f 2436 2489 2490
f 2445 2294 2444
f 2446 2294 2445
f 2435 2436 2490
f 2435 2490 2491
f 2434 2435 2491
f 2434 2491 2492
f 2447 2294 2446
f 2433 2434 2492
f 2433 2492 2493
f 2448 2294 2447
f 2432 2494 2495
f 2432 2433 2493
f 2432 2493 2494
f 2449 2294 2448
f 2431 2432 2495
f 2430 2495 2496
f 2430 2431 2495
f 2429 2496 2497
f 2429 2430 2496
f 3260 2347 2346
f 3259 2347 3260
f 3261 3260 2346
f 3258 2347 3259
f 3257 2347 3258
f 3262 3261 2346
f 3256 2347 3257
f 3263 3262 2346
f 3264 3263 2346
f 3255 2347 3256
f 3290 2347 3255
f 3265 3264 2346
f 3266 3265 2346
f 3289 2347 3290
f 2405 2450 2404
f 2405 2449 2450
f 2405 2294 2449
f 2403 2404 2450
f 2403 2450 2451
f 2403 2451 2452
f 2406 2294 2405
f 2402 2452 2453
f 2402 2403 2452
f 2407 2350 2294
f 2407 2294 2406
f 3267 2346 2345
f 3267 3266 2346
f 3288 2348 2347
f 3288 2347 3289
f 2401 2402 2453
f 2408 2350 2407
f 3287 2348 3288
f 2400 2401 2453
f 2400 2453 2454
f 2409 2350 2408
f 2399 2454 2455
f 2399 2455 2456
f 2399 2400 2454
f 2410 2351 2350
f 2410 2350 2409
f 3286 2348 3287
f 2398 2399 2456
f 2411 2351 2410
f 3285 2348 3286
f 2397 2398 2456
f 2397 2456 2457
f 2412 2351 2411
f 2396 2397 2457
f 2396 2457 2458
f 2396 2458 2459
f 2413 2351 2412
f 2395 2396 2459
f 3017 3267 2345
f 3017 3268 3267
f 3017 3269 3268
f 3017 3270 3269
f 3017 3271 3270
f 3017 3272 3271
f 3016 2345 2344
f 3016 3017 2345
f 3015 3016 2344
f 3015 2344 2354
f 3018 3273 3272
f 3018 3274 3273
f 3018 3275 3274
f 3018 3276 3275
f 3018 3277 3276
f 3018 3278 3277
f 3018 3279 3278
f 3018 3280 3279
f 3018 3272 3017
f 3014 3015 2354
f 3014 2353 2352
f 3014 2354 2353
f 3019 2348 3285
f 3019 3280 3018
f 3019 3281 3280
f 3019 3282 3281
f 3019 3283 3282
f 3019 3284 3283
f 3019 3285 3284
f 2313 2393 2394
f 2313 2394 2395
f 2313 2497 2498
f 2313 2498 2463
f 2313 2499 2500
f 2313 2464 2534
f 2313 2395 2459
f 2313 2427 2428
f 2313 2428 2429
f 2313 2534 2499
f 2313 2429 2497
f 2313 2500 2570
f 2313 2459 2460
f 2313 2460 2461
f 2313 2461 2462
f 2313 2462 2427
f 2313 2463 2464
f 2313 2535 2571
f 2313 2570 2535
f 3116 2414 2415
f 3115 2413 2414
f 3115 2414 3116
f 3115 2351 2413
f 3114 2351 3115
f 3114 2352 2351
f 3117 2415 2416
f 3117 3116 2415
f 3113 2352 3114
f 3118 2416 2417
f 3118 3117 2416
f 3112 2352 3113
f 3112 3014 2352
f 3119 2417 2418
f 3119 3118 2417
f 3120 3119 2418
f 3121 3120 2418
f 3121 2418 2419
f 3122 2419 2420
f 3122 3121 2419
f 3123 2420 2421
f 3123 3122 2420
f 3124 2421 2422
f 3124 3123 2421
f 3125 3124 2422
f 3125 2422 2423
f 3020 2349 2348
f 3020 2348 3019
f 3013 3112 3111
f 3013 3014 3112
f 3013 3143 3142
f 3013 3144 3143
f 3013 3145 3144
f 3013 3146 3145
f 3013 3111 3146
f 2319 2393 2313
f 2319 2426 2391
f 2319 2391 2392
f 2319 2392 2393
f 3012 3013 3142
f 3012 3135 3134
f 3012 3136 3135
f 3012 3137 3136
f 3012 3138 3137
f 3012 3139 3138
f 3012 3140 3139
f 3012 3141 3140
f 3012 3142 3141
f 3021 2342 2341
f 3021 2341 2349
f 3021 2349 3020
f 2318 2426 2319
f 2318 3126 3125
f 2318 2423 2424
f 2318 2424 2425
f 2318 2425 2426
f 2318 3125 2423
f 2317 3127 3126
f 2317 3128 3127
f 2317 3126 2318
f 3011 3129 3128
f 3011 3130 3129
f 3011 3131 3130
f 3011 3132 3131
f 3011 3133 3132
f 3011 3134 3133
f 3011 3012 3134
f 3022 2343 2342
f 3022 2342 3021
f 3023 2343 3022
f 3010 3128 2317
f 3010 2317 2316
f 3010 3011 3128
f 3223 2343 3224
f 3222 2343 3223
f 3222 2337 2343
f 3225 2343 3023
f 3225 3224 2343
f 2315 3010 2316
f 3221 2337 3222
f 3226 3225 3023
f 3220 2337 3221
f 3227 3226 3023
f 3219 2337 3220
f 3228 3227 3023
f 3254 2337 3219
f 3229 3228 3023
f 3230 3229 3023
f 3253 2337 3254
f 3252 2337 3253
f 3251 2337 3252
f 3250 2337 3251
f 3024 3230 3023
f 3024 3231 3230
f 3024 3232 3231
f 3024 3233 3232
f 3024 3234 3233
f 3024 3235 3234
f 3024 3236 3235
f 3024 3237 3236
f 3024 3238 3237
f 3009 3010 2315
f 2314 3009 2315
f 2338 2337 3250
f 2338 3244 3243
f 2338 3245 3244
f 2338 3246 3245
f 2338 3247 3246
f 2338 3248 3247
f 2338 3249 3248
f 2338 3250 3249
f 3025 3238 3024
f 3025 3239 3238
f 3025 3240 3239
f 3025 3241 3240
f 3025 3242 3241
f 3025 3243 3242
f 3008 3009 2314
f 2336 3008 2314
f 2339 3243 3025
f 2339 2338 3243
f 3026 2339 3025
f 3007 3008 2336
f 3152 3151 3007
f 3150 3007 3151
f 3153 3007 2336
f 3153 3152 3007
f 2340 3026 3027
f 2340 2339 3026
f 3149 3007 3150
f 3154 2336 2335
f 3154 3153 2336
f 3148 3006 3007
f 3148 3007 3149
f 3155 3154 2335
f 3147 3006 3148
f 3156 3155 2335
f 3157 3156 2335
f 3182 3006 3147
f 3158 3157 2335
f 3181 3006 3182
f 3159 3158 2335
f 3180 3006 3181
f 3160 3159 2335
f 3179 3006 3180
f 3161 3160 2335
f 3178 3006 3179
f 3162 3161 2335
f 3177 3006 3178
f 3176 3006 3177
f 3005 3006 3176
f 3005 3172 3171
f 3005 3173 3172
f 3005 3174 3173
f 3005 3175 3174
f 3005 3176 3175
f 2334 3162 2335
f 2334 3163 3162
f 2334 3164 3163
f 2334 3165 3164
f 2334 3166 3165
f 2334 3167 3166
f 2334 3168 3167
f 2334 3169 3168
f 2334 3170 3169
f 2320 2340 3027
f 2320 3027 3028
f 2333 3004 3005
f 2333 3005 3171
f 2333 3171 3170
f 2333 3170 2334
f 2321 3028 3029
f 2321 2320 3028
f 2360 3029 3030
f 2359 3029 2360
f 2358 3029 2359
f 2361 2360 3030
f 2357 3029 2358
f 2362 2361 3030
f 2356 3029 2357
f 2363 2362 3030
f 2364 2363 3030
f 2355 2321 3029
f 2355 3029 2356
f 2365 2364 3030
f 2390 2321 2355
f 2366 2365 3030
f 2367 2366 3030
f 2368 2367 3030
f 2368 3030 3031
f 2369 2368 3031
f 2370 2369 3031
f 2371 2370 3031
f 2372 2371 3031
f 2373 2372 3031
f 2332 3003 3004
f 2332 3004 2333
f 2322 2321 2390
f 2322 2383 2382
f 2322 2384 2383
f 2322 2385 2384
f 2322 2386 2385
f 2322 2387 2386
f 2322 2388 2387
f 2322 2389 2388
f 2322 2390 2389
f 2331 3038 3003
f 2331 3003 2332
f 2323 2322 2382
f 2323 2375 2374
f 2323 2376 2375
f 2323 2377 2376
f 2323 2378 2377
f 2323 2379 2378
f 2323 2380 2379
f 2323 2381 2380
f 2323 2382 2381
f 3188 3187 3036
f 3186 3036 3187
f 3189 3188 3036
f 3185 3036 3186
f 3190 3036 3037
f 3190 3189 3036
f 3184 3036 3185
f 3191 3190 3037
f 3183 3036 3184
f 3192 3191 3037
f 3193 3192 3037
f 3218 3036 3183
f 3218 3035 3036
f 3194 3193 3037
f 3217 3035 3218
f 3195 3194 3037
f 3216 3035 3217
f 3215 3035 3216
f 3214 3035 3215
f 3213 3035 3214
f 2330 3195 3037
f 2330 3037 3038
f 2330 3038 2331
f 2330 3196 3195
f 2324 3031 3032
f 2324 2373 3031
f 2324 2374 2373
f 2324 2323 2374
f 2329 3202 3201
f 2329 3203 3202
f 2329 3204 3203
f 2329 3196 2330
f 2329 3197 3196
f 2329 3198 3197
f 2329 3199 3198
f 2329 3200 3199
f 2329 3201 3200
f 2325 3032 3033
f 2325 2324 3032
f 2328 3205 3204
f 2328 3206 3205
f 2328 3207 3206
f 2328 3208 3207
f 2328 3209 3208
f 2328 3210 3209
f 2328 3211 3210
f 2328 3212 3211
f 2328 3204 2329
f 2326 3033 3034
f 2326 2325 3033
f 2327 3035 3213
f 2327 3213 3212
f 2327 2326 3034
f 2327 3212 2328
f 2327 3034 3035
f 2294 2293 2697
f 2697 2293 2733
f 2733 2293 2769
f 2769 2293 2805
f 2294 2697 2661
f 2294 2661 2625
f 2294 2625 2589
f 2295 2313 2715
f 2715 2313 2679
f 2679 2313 2643
f 2643 2313 2607
f 2607 2313 2571
f 2295 2715 2751
f 2295 2751 2787
f 3308 3310 3309
f 3308 3328 3310
f 3307 3326 3327
f 3307 3327 3328
f 3307 3328 3308
f 3306 3326 3307
f 3305 3324 3325
f 3305 3325 3326
f 3305 3326 3306
f 3304 3324 3305
f 3303 3323 3324
f 3303 3324 3304
f 3302 3321 3322
f 3302 3322 3323
f 3302 3323 3303
f 3301 3321 3302
f 3300 3320 3321
f 3300 3321 3301
f 3299 3319 3320
f 3299 3320 3300
f 3298 3318 3319
f 3298 3319 3299
f 3297 3317 3318
f 3297 3318 3298
f 3296 3315 3316
f 3296 3316 3317
f 3296 3317 3297
f 3295 3314 3315
f 3295 3315 3296
f 3294 3314 3295
f 3293 3312 3313
f 3293 3313 3314
f 3293 3314 3294
f 3292 3312 3293
f 3291 3311 3312
f 3291 3312 3292
f 3346 3348 3347
f 3346 3366 3348
f 3345 3364 3365
f 3345 3365 3366
f 3345 3366 3346
f 3344 3364 3345
f 3343 3362 3363
f 3343 3363 3364
f 3343 3364 3344
f 3342 3362 3343
f 3341 3361 3362
f 3341 3362 3342
f 3340 3359 3360
f 3340 3360 3361
f 3340 3361 3341
f 3339 3359 3340
f 3338 3358 3359
f 3338 3359 3339
f 3337 3357 3358
f 3337 3358 3338
f 3336 3356 3357
f 3336 3357 3337
f 3335 3355 3356
f 3335 3356 3336
f 3334 3353 3354
f 3334 3354 3355
f 3334 3355 3335
f 3333 3352 3353
f 3333 3353 3334
f 3332 3352 3333
f 3331 3350 3351
f 3331 3351 3352
f 3331 3352 3332
f 3330 3350 3331
f 3329 3349 3350
f 3329 3350 3330
f 3384 3386 3385
f 3384 3404 3386
f 3383 3402 3403
f 3383 3403 3404
f 3383 3404 3384
f 3382 3402 3383
f 3381 3400 3401
f 3381 3401 3402
f 3381 3402 3382
f 3380 3400 3381
f 3379 3399 3400
f 3379 3400 3380
f 3378 3397 3398
f 3378 3398 3399
f 3378 3399 3379
f 3377 3397 3378
f 3376 3396 3397
f 3376 3397 3377
f 3375 3395 3396
f 3375 3396 3376
f 3374 3394 3395
f 3374 3395 3375
f 3373 3393 3394
f 3373 3394 3374
f 3372 3391 3392
f 3372 3392 3393
f 3372 3393 3373
f 3371 3390 3391
f 3371 3391 3372
f 3370 3390 3371
f 3369 3388 3389
f 3369 3389 3390
f 3369 3390 3370
f 3368 3388 3369
f 3367 3387 3388
f 3367 3388 3368
f 3422 3424 3423
f 3422 3442 3424
f 3421 3440 3441
f 3421 3441 3442
f 3421 3442 3422
f 3420 3440 3421
f 3419 3438 3439
f 3419 3439 3440
f 3419 3440 3420
f 3418 3438 3419
f 3417 3437 3438
f 3417 3438 3418
f 3416 3435 3436
f 3416 3436 3437
f 3416 3437 3417
f 3415 3435 3416
f 3414 3434 3435
f 3414 3435 3415
f 3413 3433 3434
f 3413 3434 3414
f 3412 3432 3433
f 3412 3433 3413
f 3411 3431 3432
f 3411 3432 3412
f 3410 3429 3430
f 3410 3430 3431
f 3410 3431 3411
f 3409 3428 3429
f 3409 3429 3410
f 3408 3428 3409
f 3407 3426 3427
f 3407 3427 3428
f 3407 3428 3408
f 3406 3426 3407
f 3405 3425 3426
f 3405 3426 3406
f 3460 3462 3461
f 3460 3480 3462
f 3459 3478 3479
f 3459 3479 3480
f 3459 3480 3460
f 3458 3478 3459
f 3457 3476 3477
f 3457 3477 3478
f 3457 3478 3458
f 3456 3476 3457
f 3455 3475 3476
f 3455 3476 3456
f 3454 3473 3474
f 3454 3474 3475
f 3454 3475 3455
f 3453 3473 3454
f 3452 3472 3473
f 3452 3473 3453
f 3451 3471 3472
f 3451 3472 3452
f 3450 3470 3471
f 3450 3471 3451
f 3449 3469 3470
f 3449 3470 3450
f 3448 3467 3468
f 3448 3468 3469
f 3448 3469 3449
f 3447 3466 3467
f 3447 3467 3448
f 3446 3466 3447
f 3445 3464 3465
f 3445 3465 3466
f 3445 3466 3446
f 3444 3464 3445
f 3443 3463 3464
f 3443 3464 3444
f 3498 3500 3499
f 3498 3518 3500
f 3497 3516 3517
f 3497 3517 3518
f 3497 3518 3498
f 3496 3516 3497
f 3495 3514 3515
f 3495 3515 3516
f 3495 3516 3496
f 3494 3514 3495
f 3493 3513 3514
f 3493 3514 3494
f 3492 3511 3512
f 3492 3512 3513
f 3492 3513 3493
f 3491 3511 3492
f 3490 3510 3511
f 3490 3511 3491
f 3489 3509 3510
f 3489 3510 3490
f 3488 3508 3509
f 3488 3509 3489
f 3487 3507 3508
f 3487 3508 3488
f 3486 3505 3506
f 3486 3506 3507
f 3486 3507 3487
f 3485 3504 3505
f 3485 3505 3486
f 3484 3504 3485
f 3483 3502 3503
f 3483 3503 3504
f 3483 3504 3484
f 3482 3502 3483
f 3481 3501 3502
f 3481 3502 3482
f 3536 3538 3537
f 3536 3556 3538
f 3535 3554 3555
f 3535 3555 3556
f 3535 3556 3536
f 3534 3554 3535
f 3533 3552 3553
f 3533 3553 3554
f 3533 3554 3534
f 3532 3552 3533
f 3531 3551 3552
f 3531 3552 3532
f 3530 3549 3550
f 3530 3550 3551
f 3530 3551 3531
f 3529 3549 3530
f 3528 3548 3549
f 3528 3549 3529
f 3527 3547 3548
f 3527 3548 3528
f 3526 3546 3547
f 3526 3547 3527
f 3525 3545 3546
f 3525 3546 3526
f 3524 3543 3544
f 3524 3544 3545
f 3524 3545 3525
f 3523 3542 3543
f 3523 3543 3524
f 3522 3542 3523
f 3521 3540 3541
f 3521 3541 3542
f 3521 3542 3522
f 3520 3540 3521
f 3519 3539 3540
f 3519 3540 3520
f 3574 3576 3575
f 3574 3594 3576
f 3573 3592 3593
f 3573 3593 3594
f 3573 3594 3574
f 3572 3592 3573
f 3571 3590 3591
f 3571 3591 3592
f 3571 3592 3572
f 3570 3590 3571
f 3569 3589 3590
f 3569 3590 3570
f 3568 3587 3588
f 3568 3588 3589
f 3568 3589 3569
f 3567 3587 3568
f 3566 3586 3587
f 3566 3587 3567
f 3565 3585 3586
f 3565 3586 3566
f 3564 3584 3585
f 3564 3585 3565
f 3563 3583 3584
f 3563 3584 3564
f 3562 3581 3582
f 3562 3582 3583
f 3562 3583 3563
f 3561 3580 3581
f 3561 3581 3562
f 3560 3580 3561
f 3559 3578 3579
f 3559 3579 3580
f 3559 3580 3560
f 3558 3578 3559
f 3557 3577 3578
f 3557 3578 3558
f 3612 3614 3613
f 3612 3632 3614
f 3611 3630 3631
f 3611 3631 3632
f 3611 3632 3612
f 3610 3630 3611
f 3609 3628 3629
f 3609 3629 3630
f 3609 3630 3610
f 3608 3628 3609
f 3607 3627 3628
f 3607 3628 3608
f 3606 3625 3626
f 3606 3626 3627
f 3606 3627 3607
f 3605 3625 3606
f 3604 3624 3625
f 3604 3625 3605
f 3603 3623 3624
f 3603 3624 3604
f 3602 3622 3623
f 3602 3623 3603
f 3601 3621 3622
f 3601 3622 3602
f 3600 3619 3620
f 3600 3620 3621
f 3600 3621 3601
f 3599 3618 3619
f 3599 3619 3600
f 3598 3618 3599
f 3597 3616 3617
f 3597 3617 3618
f 3597 3618 3598
f 3596 3616 3597
f 3595 3615 3616
f 3595 3616 3596
f 3650 3652 3651
f 3650 3670 3652
f 3649 3668 3669
f 3649 3669 3670
f 3649 3670 3650
f 3648 3668 3649
f 3647 3666 3667
f 3647 3667 3668
f 3647 3668 3648
f 3646 3666 3647
f 3645 3665 3666
f 3645 3666 3646
f 3644 3663 3664
f 3644 3664 3665
f 3644 3665 3645
f 3643 3663 3644
f 3642 3662 3663
f 3642 3663 3643
f 3641 3661 3662
f 3641 3662 3642
f 3640 3660 3661
f 3640 3661 3641
f 3639 3659 3660
f 3639 3660 3640
f 3638 3657 3658
f 3638 3658 3659
f 3638 3659 3639
f 3637 3656 3657
f 3637 3657 3638
f 3636 3656 3637
f 3635 3654 3655
f 3635 3655 3656
f 3635 3656 3636
f 3634 3654 3635
f 3633 3653 3654
f 3633 3654 3634
f 3688 3690 3689
f 3688 3708 3690
f 3687 3706 3707
f 3687 3707 3708
f 3687 3708 3688
f 3686 3706 3687
f 3685 3704 3705
f 3685 3705 3706
f 3685 3706 3686
f 3684 3704 3685
f 3683 3703 3704
f 3683 3704 3684
f 3682 3701 3702
f 3682 3702 3703
f 3682 3703 3683
f 3681 3701 3682
f 3680 3700 3701
f 3680 3701 3681
f 3679 3699 3700
f 3679 3700 3680
f 3678 3698 3699
f 3678 3699 3679
f 3677 3697 3698
f 3677 3698 3678
f 3676 3695 3696
f 3676 3696 3697
f 3676 3697 3677
f 3675 3694 3695
f 3675 3695 3676
f 3674 3694 3675
f 3673 3692 3693
f 3673 3693 3694
f 3673 3694 3674
f 3672 3692 3673
f 3671 3691 3692
f 3671 3692 3672
f 3726 3728 3727
f 3726 3746 3728
f 3725 3744 3745
f 3725 3745 3746
f 3725 3746 3726
f 3724 3744 3725
f 3723 3742 3743
f 3723 3743 3744
f 3723 3744 3724
f 3722 3742 3723
f 3721 3741 3742
f 3721 3742 3722
f 3720 3739 3740
f 3720 3740 3741
f 3720 3741 3721
f 3719 3739 3720
f 3718 3738 3739
f 3718 3739 3719
f 3717 3737 3738
f 3717 3738 3718
f 3716 3736 3737
f 3716 3737 3717
f 3715 3735 3736
f 3715 3736 3716
f 3714 3733 3734
f 3714 3734 3735
f 3714 3735 3715
f 3713 3732 3733
f 3713 3733 3714
f 3712 3732 3713
f 3711 3730 3731
f 3711 3731 3732
f 3711 3732 3712
f 3710 3730 3711
f 3709 3729 3730
f 3709 3730 3710
f 3764 3766 3765
f 3764 3784 3766
f 3763 3782 3783
f 3763 3783 3784
f 3763 3784 3764
f 3762 3782 3763
f 3761 3780 3781
f 3761 3781 3782
f 3761 3782 3762
f 3760 3780 3761
f 3759 3779 3780
f 3759 3780 3760
f 3758 3777 3778
f 3758 3778 3779
f 3758 3779 3759
f 3757 3777 3758
f 3756 3776 3777
f 3756 3777 3757
f 3755 3775 3776
f 3755 3776 3756
f 3754 3774 3775
f 3754 3775 3755
f 3753 3773 3774
f 3753 3774 3754
f 3752 3771 3772
f 3752 3772 3773
f 3752 3773 3753
f 3751 3770 3771
f 3751 3771 3752
f 3750 3770 3751
f 3749 3768 3769
f 3749 3769 3770
f 3749 3770 3750
f 3748 3768 3749
f 3747 3767 3768
f 3747 3768 3748
f 3802 3804 3803
f 3802 3822 3804
f 3801 3820 3821
f 3801 3821 3822
f 3801 3822 3802
f 3800 3820 3801
f 3799 3818 3819
f 3799 3819 3820
f 3799 3820 3800
f 3798 3818 3799
f 3797 3817 3818
f 3797 3818 3798
f 3796 3815 3816
f 3796 3816 3817
f 3796 3817 3797
f 3795 3815 3796
f 3794 3814 3815
f 3794 3815 3795
f 3793 3813 3814
f 3793 3814 3794
f 3792 3812 3813
f 3792 3813 3793
f 3791 3811 3812
f 3791 3812 3792
f 3790 3809 3810
f 3790 3810 3811
f 3790 3811 3791
f 3789 3808 3809
f 3789 3809 3790
f 3788 3808 3789
f 3787 3806 3807
f 3787 3807 3808
f 3787 3808 3788
f 3786 3806 3787
f 3785 3805 3806
f 3785 3806 3786
f 3840 3842 3841
f 3840 3860 3842
f 3839 3858 3859
f 3839 3859 3860
f 3839 3860 3840
f 3838 3858 3839
f 3837 3856 3857
f 3837 3857 3858
f 3837 3858 3838
f 3836 3856 3837
f 3835 3855 3856
f 3835 3856 3836
f 3834 3853 3854
f 3834 3854 3855
f 3834 3855 3835
f 3833 3853 3834
f 3832 3852 3853
f 3832 3853 3833
f 3831 3851 3852
f 3831 3852 3832
f 3830 3850 3851
f 3830 3851 3831
f 3829 3849 3850
f 3829 3850 3830
f 3828 3847 3848
f 3828 3848 3849
f 3828 3849 3829
f 3827 3846 3847
f 3827 3847 3828
f 3826 3846 3827
f 3825 3844 3845
f 3825 3845 3846
f 3825 3846 3826
f 3824 3844 3825
f 3823 3843 3844
f 3823 3844 3824
f 3878 3880 3879
f 3878 3898 3880
f 3877 3896 3897
f 3877 3897 3898
f 3877 3898 3878
f 3876 3896 3877
f 3875 3894 3895
f 3875 3895 3896
f 3875 3896 3876
f 3874 3894 3875
f 3873 3893 3894
f 3873 3894 3874
f 3872 3891 3892
f 3872 3892 3893
f 3872 3893 3873
f 3871 3891 3872
f 3870 3890 3891
f 3870 3891 3871
f 3869 3889 3890
f 3869 3890 3870
f 3868 3888 3889
f 3868 3889 3869
f 3867 3887 3888
f 3867 3888 3868
f 3866 3885 3886
f 3866 3886 3887
f 3866 3887 3867
f 3865 3884 3885
f 3865 3885 3866
f 3864 3884 3865
f 3863 3882 3883
f 3863 3883 3884
f 3863 3884 3864
f 3862 3882 3863
f 3861 3881 3882
f 3861 3882 3862
f 3916 3918 3917
f 3916 3936 3918
f 3915 3934 3935
f 3915 3935 3936
f 3915 3936 3916
f 3914 3934 3915
f 3913 3932 3933
f 3913 3933 3934
f 3913 3934 3914
f 3912 3932 3913
f 3911 3931 3932
f 3911 3932 3912
f 3910 3929 3930
f 3910 3930 3931
f 3910 3931 3911
f 3909 3929 3910
f 3908 3928 3929
f 3908 3929 3909
f 3907 3927 3928
f 3907 3928 3908
f 3906 3926 3927
f 3906 3927 3907
f 3905 3925 3926
f 3905 3926 3906
f 3904 3923 3924
f 3904 3924 3925
f 3904 3925 3905
f 3903 3922 3923
f 3903 3923 3904
f 3902 3922 3903
f 3901 3920 3921
f 3901 3921 3922
f 3901 3922 3902
f 3900 3920 3901
f 3899 3919 3920
f 3899 3920 3900
f 3957 3937 3938
f 3957 3956 3937
f 3958 3938 3939
f 3958 3939 3940
f 3958 3957 3938
f 3959 3958 3940
f 3960 3940 3941
f 3960 3959 3940
f 3961 3941 3942
f 3961 3960 3941
f 3962 3942 3943
f 3962 3961 3942
f 3963 3943 3944
f 3963 3962 3943
f 3964 3944 3945
f 3964 3963 3944
f 3965 3945 3946
f 3965 3964 3945
f 3966 3946 3947
f 3966 3947 3948
f 3966 3965 3946
f 3967 3948 3949
f 3967 3966 3948
f 3968 3967 3949
f 3969 3949 3950
f 3969 3968 3949
f 3970 3950 3951
f 3970 3969 3950
f 3971 3951 3952
f 3971 3970 3951
f 3972 3971 3952
f 3972 3952 3953
f 3972 3953 3954
f 3955 3972 3954
f 3973 3975 3974
f 3973 3976 3975
f 3978 3977 3996
f 3978 3996 3997
f 3979 3997 3998
f 3979 3978 3997
f 3980 3998 3999
f 3980 3979 3998
f 3981 3999 4000
f 3981 4000 4001
f 3981 3980 3999
f 3982 3981 4001
f 3983 4001 4002
f 3983 3982 4001
f 3984 4002 4003
f 3984 3983 4002
f 3985 4003 4004
f 3985 3984 4003
f 3986 4004 4005
f 3986 3985 4004
f 3987 4005 4006
f 3987 3986 4005
f 3988 4006 4007
f 3988 3987 4006
f 3989 4007 4008
f 3989 4008 4009
f 3989 3988 4007
f 3990 3989 4009
f 3991 4009 4010
f 3991 4010 4011
f 3991 3990 4009
f 3992 3991 4011
f 3993 3992 4011
f 3993 4011 4012
f 3994 3993 4012
f 3994 4012 4013
f 3995 3994 4013
f 3995 4013 4014
f 4015 4017 4016
f 4015 4018 4017
f 4036 4038 4037
f 4036 4056 4038
f 4035 4054 4055
f 4035 4055 4056
f 4035 4056 4036
f 4034 4054 4035
f 4033 4053 4054
f 4033 4054 4034
f 4032 4051 4052
f 4032 4052 4053
f 4032 4053 4033
f 4031 4051 4032
f 4030 4049 4050
f 4030 4050 4051
f 4030 4051 4031
f 4029 4049 4030
f 4028 4048 4049
f 4028 4049 4029
f 4027 4047 4048
f 4027 4048 4028
f 4026 4045 4046
f 4026 4046 4047
f 4026 4047 4027
f 4025 4045 4026
f 4024 4044 4045
f 4024 4045 4025
f 4023 4043 4044
f 4023 4044 4024
f 4022 4043 4023
f 4022 4042 4043
f 4021 4042 4022
f 4021 4040 4041
f 4021 4041 4042
f 4020 4040 4021
f 4019 4040 4020
f 4019 4039 4040
f 4060 4065 4059
f 4060 4070 4065
f 4061 4069 4070
f 4061 4070 4060
f 4062 4068 4069
f 4062 4069 4061
f 4063 4067 4068
f 4063 4068 4062
f 4064 4066 4067
f 4064 4067 4063
f 4057 4058 4066
f 4057 4066 4064
f 4073 4084 4079
f 4074 4083 4084
f 4074 4084 4073
f 4075 4082 4083
f 4075 4083 4074
f 4076 4081 4082
f 4076 4082 4075
f 4077 4080 4081
f 4077 4081 4076
f 4078 4072 4080
f 4078 4080 4077
f 4071 4072 4078
f 4102 4104 4103
f 4102 4122 4104
f 4101 4120 4121
f 4101 4121 4122
f 4101 4122 4102
f 4100 4120 4101
f 4099 4118 4119
f 4099 4119 4120
f 4099 4120 4100
f 4098 4118 4099
f 4097 4117 4118
f 4097 4118 4098
f 4096 4115 4116
f 4096 4116 4117
f 4096 4117 4097
f 4095 4115 4096
f 4094 4114 4115
f 4094 4115 4095
f 4093 4113 4114
f 4093 4114 4094
f 4092 4112 4113
f 4092 4113 4093
f 4091 4111 4112
f 4091 4112 4092
f 4090 4109 4110
f 4090 4110 4111
f 4090 4111 4091
f 4089 4108 4109
f 4089 4109 4090
f 4088 4108 4089
f 4087 4106 4107
f 4087 4107 4108
f 4087 4108 4088
f 4086 4106 4087
f 4085 4105 4106
f 4085 4106 4086
f 4140 4142 4141
f 4140 4160 4142
f 4139 4158 4159
f 4139 4159 4160
f 4139 4160 4140
f 4138 4158 4139
f 4137 4156 4157
f 4137 4157 4158
f 4137 4158 4138
f 4136 4156 4137
f 4135 4155 4156
f 4135 4156 4136
f 4134 4153 4154
f 4134 4154 4155
f 4134 4155 4135
f 4133 4153 4134
f 4132 4152 4153
f 4132 4153 4133
f 4131 4151 4152
f 4131 4152 4132
f 4130 4150 4151
f 4130 4151 4131
f 4129 4149 4150
f 4129 4150 4130
f 4128 4147 4148
f 4128 4148 4149
f 4128 4149 4129
f 4127 4146 4147
f 4127 4147 4128
f 4126 4146 4127
f 4125 4144 4145
f 4125 4145 4146
f 4125 4146 4126
f 4124 4144 4125
f 4123 4143 4144
f 4123 4144 4124
f 4178 4180 4179
f 4178 4198 4180
f 4177 4196 4197
f 4177 4197 4198
f 4177 4198 4178
f 4176 4196 4177
f 4175 4195 4196
f 4175 4196 4176
f 4174 4194 4195
f 4174 4195 4175
f 4173 4193 4194
f 4173 4194 4174
f 4172 4192 4193
f 4172 4193 4173
f 4171 4190 4191
f 4171 4191 4192
f 4171 4192 4172
f 4170 4190 4171
f 4169 4189 4190
f 4169 4190 4170
f 4168 4187 4188
f 4168 4188 4189
f 4168 4189 4169
f 4167 4187 4168
f 4166 4186 4187
f 4166 4187 4167
f 4165 4185 4186
f 4165 4186 4166
f 4164 4185 4165
f 4164 4184 4185
f 4163 4184 4164
f 4163 4182 4183
f 4163 4183 4184
f 4162 4182 4163
f 4161 4182 4162
f 4161 4181 4182
f 4237 4215 4214
f 4237 4216 4215
f 4237 4217 4216
f 4237 4218 4217
f 4237 4234 4235
f 4237 4235 4236
f 4237 4236 4218
f 4238 4237 4214
f 4238 4214 4213
f 4238 4233 4234
f 4238 4234 4237
f 4239 4212 4211
f 4239 4213 4212
f 4239 4231 4232
f 4239 4232 4233
f 4239 4238 4213
f 4239 4233 4238
f 4240 4210 4209
f 4240 4211 4210
f 4240 4229 4230
f 4240 4230 4231
f 4240 4231 4239
f 4240 4239 4211
f 4241 4208 4207
f 4241 4209 4208
f 4241 4227 4228
f 4241 4228 4229
f 4241 4229 4240
f 4241 4240 4209
f 4242 4206 4205
f 4242 4207 4206
f 4242 4225 4226
f 4242 4226 4227
f 4242 4241 4207
f 4242 4227 4241
f 4243 4205 4204
f 4243 4224 4225
f 4243 4242 4205
f 4243 4225 4242
f 4244 4203 4202
f 4244 4204 4203
f 4244 4222 4223
f 4244 4223 4224
f 4244 4243 4204
f 4244 4224 4243
f 4245 4200 4199
f 4245 4201 4200
f 4245 4202 4201
f 4245 4219 4220
f 4245 4220 4221
f 4245 4221 4222
f 4245 4199 4219
f 4245 4222 4244
f 4245 4244 4202
f 4263 4265 4264
f 4263 4283 4265
f 4262 4281 4282
f 4262 4282 4283
f 4262 4283 4263
f 4261 4281 4262
f 4260 4280 4281
f 4260 4281 4261
f 4259 4279 4280
f 4259 4280 4260
f 4258 4278 4279
f 4258 4279 4259
f 4257 4277 4278
f 4257 4278 4258
f 4256 4275 4276
f 4256 4276 4277
f 4256 4277 4257
f 4255 4275 4256
f 4254 4274 4275
f 4254 4275 4255
f 4253 4272 4273
f 4253 4273 4274
f 4253 4274 4254
f 4252 4272 4253
f 4251 4271 4272
f 4251 4272 4252
f 4250 4270 4271
f 4250 4271 4251
f 4249 4270 4250
f 4249 4269 4270
f 4248 4269 4249
f 4248 4267 4268
f 4248 4268 4269
f 4247 4267 4248
f 4246 4267 4247
f 4246 4266 4267
f 4322 4300 4299
f 4322 4301 4300
f 4322 4302 4301
f 4322 4303 4302
f 4322 4319 4320
f 4322 4320 4321
f 4322 4321 4303
f 4323 4322 4299
f 4323 4299 4298
f 4323 4318 4319
f 4323 4319 4322
f 4324 4297 4296
f 4324 4298 4297
f 4324 4316 4317
f 4324 4317 4318
f 4324 4323 4298
f 4324 4318 4323
f 4325 4295 4294
f 4325 4296 4295
f 4325 4314 4315
f 4325 4315 4316
f 4325 4316 4324
f 4325 4324 4296
f 4326 4293 4292
f 4326 4294 4293
f 4326 4312 4313
f 4326 4313 4314
f 4326 4314 4325
f 4326 4325 4294
f 4327 4291 4290
f 4327 4292 4291
f 4327 4310 4311
f 4327 4311 4312
f 4327 4326 4292
f 4327 4312 4326
f 4328 4290 4289
f 4328 4309 4310
f 4328 4327 4290
f 4328 4310 4327
f 4329 4288 4287
f 4329 4289 4288
f 4329 4307 4308
f 4329 4308 4309
f 4329 4328 4289
f 4329 4309 4328
f 4330 4285 4284
f 4330 4286 4285
f 4330 4287 4286
f 4330 4304 4305
f 4330 4305 4306
f 4330 4306 4307
f 4330 4284 4304
f 4330 4307 4329
f 4330 4329 4287
f 4348 4350 4349
f 4348 4368 4350
f 4347 4366 4367
f 4347 4367 4368
f 4347 4368 4348
f 4346 4366 4347
f 4345 4365 4366
f 4345 4366 4346
f 4344 4364 4365
f 4344 4365 4345
f 4343 4363 4364
f 4343 4364 4344
f 4342 4362 4363
f 4342 4363 4343
f 4341 4360 4361
f 4341 4361 4362
f 4341 4362 4342
f 4340 4360 4341
f 4339 4359 4360
f 4339 4360 4340
f 4338 4357 4358
f 4338 4358 4359
f 4338 4359 4339
f 4337 4357 4338
f 4336 4356 4357
f 4336 4357 4337
f 4335 4355 4356
f 4335 4356 4336
f 4334 4355 4335
f 4334 4354 4355
f 4333 4354 4334
f 4333 4352 4353
f 4333 4353 4354
f 4332 4352 4333
f 4331 4352 4332
f 4331 4351 4352
f 4407 4385 4384
f 4407 4386 4385
f 4407 4387 4386
f 4407 4388 4387
f 4407 4404 4405
f 4407 4405 4406
f 4407 4406 4388
f 4408 4407 4384
f 4408 4384 4383
f 4408 4403 4404
f 4408 4404 4407
f 4409 4382 4381
f 4409 4383 4382
f 4409 4401 4402
f 4409 4402 4403
f 4409 4408 4383
f 4409 4403 4408
f 4410 4380 4379
f 4410 4381 4380
f 4410 4399 4400
f 4410 4400 4401
f 4410 4401 4409
f 4410 4409 4381
f 4411 4378 4377
f 4411 4379 4378
f 4411 4397 4398
f 4411 4398 4399
f 4411 4399 4410
f 4411 4410 4379
f 4412 4376 4375
f 4412 4377 4376
f 4412 4395 4396
f 4412 4396 4397
f 4412 4411 4377
f 4412 4397 4411
f 4413 4375 4374
f 4413 4394 4395
f 4413 4412 4375
f 4413 4395 4412
f 4414 4373 4372
f 4414 4374 4373
f 4414 4392 4393
f 4414 4393 4394
f 4414 4413 4374
f 4414 4394 4413
f 4415 4370 4369
f 4415 4371 4370
f 4415 4372 4371
f 4415 4389 4390
f 4415 4390 4391
f 4415 4391 4392
f 4415 4369 4389
f 4415 4414 4372
f 4415 4392 4414
f 4433 4435 4434
f 4433 4453 4435
f 4432 4451 4452
f 4432 4452 4453
f 4432 4453 4433
f 4431 4451 4432
f 4430 4450 4451
f 4430 4451 4431
f 4429 4449 4450
f 4429 4450 4430
f 4428 4448 4449
f 4428 4449 4429
f 4427 4447 4448
f 4427 4448 4428
f 4426 4445 4446
f 4426 4446 4447
f 4426 4447 4427
f 4425 4445 4426
f 4424 4444 4445
f 4424 4445 4425
f 4423 4442 4443
f 4423 4443 4444
f 4423 4444 4424
f 4422 4442 4423
f 4421 4441 4442
f 4421 4442 4422
f 4420 4440 4441
f 4420 4441 4421
f 4419 4440 4420
f 4419 4439 4440
f 4418 4439 4419
f 4418 4437 4438
f 4418 4438 4439
f 4417 4437 4418
f 4416 4437 4417
f 4416 4436 4437
f 4492 4470 4469
f 4492 4471 4470
f 4492 4472 4471
f 4492 4473 4472
f 4492 4489 4490
f 4492 4490 4491
f 4492 4491 4473
f 4493 4492 4469
f 4493 4469 4468
f 4493 4488 4489
f 4493 4489 4492
f 4494 4467 4466
f 4494 4468 4467
f 4494 4486 4487
f 4494 4487 4488
f 4494 4493 4468
f 4494 4488 4493
f 4495 4465 4464
f 4495 4466 4465
f 4495 4484 4485
f 4495 4485 4486
f 4495 4486 4494
f 4495 4494 4466
f 4496 4463 4462
f 4496 4464 4463
f 4496 4482 4483
f 4496 4483 4484
f 4496 4484 4495
f 4496 4495 4464
f 4497 4461 4460
f 4497 4462 4461
f 4497 4480 4481
f 4497 4481 4482
f 4497 4496 4462
f 4497 4482 4496
f 4498 4460 4459
f 4498 4479 4480
f 4498 4497 4460
f 4498 4480 4497
f 4499 4458 4457
f 4499 4459 4458
f 4499 4477 4478
f 4499 4478 4479
f 4499 4498 4459
f 4499 4479 4498
f 4500 4455 4454
f 4500 4456 4455
f 4500 4457 4456
f 4500 4474 4475
f 4500 4475 4476
f 4500 4476 4477
f 4500 4454 4474
f 4500 4477 4499
f 4500 4499 4457
f 4518 4520 4519
f 4518 4538 4520
f 4517 4536 4537
f 4517 4537 4538
f 4517 4538 4518
f 4516 4536 4517
f 4515 4535 4536
f 4515 4536 4516
f 4514 4534 4535
f 4514 4535 4515
f 4513 4533 4534
f 4513 4534 4514
f 4512 4532 4533
f 4512 4533 4513
f 4511 4530 4531
f 4511 4531 4532
f 4511 4532 4512
f 4510 4530 4511
f 4509 4529 4530
f 4509 4530 4510
f 4508 4527 4528
f 4508 4528 4529
f 4508 4529 4509
f 4507 4527 4508
f 4506 4526 4527
f 4506 4527 4507
f 4505 4525 4526
f 4505 4526 4506
f 4504 4525 4505
f 4504 4524 4525
f 4503 4524 4504
f 4503 4522 4523
f 4503 4523 4524
f 4502 4522 4503
f 4501 4522 4502
f 4501 4521 4522
f 4577 4555 4554
f 4577 4556 4555
f 4577 4557 4556
f 4577 4558 4557
f 4577 4574 4575
f 4577 4575 4576
f 4577 4576 4558
f 4578 4577 4554
f 4578 4554 4553
f 4578 4573 4574
f 4578 4574 4577
f 4579 4552 4551
f 4579 4553 4552
f 4579 4571 4572
f 4579 4572 4573
f 4579 4578 4553
f 4579 4573 4578
f 4580 4550 4549
f 4580 4551 4550
f 4580 4569 4570
f 4580 4570 4571
f 4580 4571 4579
f 4580 4579 4551
f 4581 4548 4547
f 4581 4549 4548
f 4581 4567 4568
f 4581 4568 4569
f 4581 4569 4580
f 4581 4580 4549
f 4582 4546 4545
f 4582 4547 4546
f 4582 4565 4566
f 4582 4566 4567
f 4582 4581 4547
f 4582 4567 4581
f 4583 4545 4544
f 4583 4564 4565
f 4583 4582 4545
f 4583 4565 4582
f 4584 4543 4542
f 4584 4544 4543
f 4584 4562 4563
f 4584 4563 4564
f 4584 4583 4544
f 4584 4564 4583
f 4585 4540 4539
f 4585 4541 4540
f 4585 4542 4541
f 4585 4559 4560
f 4585 4560 4561
f 4585 4561 4562
f 4585 4539 4559
f 4585 4562 4584
f 4585 4584 4542
f 4603 4605 4604
f 4603 4623 4605
f 4602 4621 4622
f 4602 4622 4623
f 4602 4623 4603
f 4601 4621 4602
f 4600 4620 4621
f 4600 4621 4601
f 4599 4619 4620
f 4599 4620 4600
f 4598 4618 4619
f 4598 4619 4599
f 4597 4617 4618
f 4597 4618 4598
f 4596 4615 4616
f 4596 4616 4617
f 4596 4617 4597
f 4595 4615 4596
f 4594 4614 4615
f 4594 4615 4595
f 4593 4612 4613
f 4593 4613 4614
f 4593 4614 4594
f 4592 4612 4593
f 4591 4611 4612
f 4591 4612 4592
f 4590 4610 4611
f 4590 4611 4591
f 4589 4610 4590
f 4589 4609 4610
f 4588 4609 4589
f 4588 4607 4608
f 4588 4608 4609
f 4587 4607 4588
f 4586 4607 4587
f 4586 4606 4607
f 4662 4640 4639
f 4662 4641 4640
f 4662 4642 4641
f 4662 4643 4642
f 4662 4659 4660
f 4662 4660 4661
f 4662 4661 4643
f 4663 4662 4639
f 4663 4639 4638
f 4663 4658 4659
f 4663 4659 4662
f 4664 4637 4636
f 4664 4638 4637
f 4664 4656 4657
f 4664 4657 4658
f 4664 4663 4638
f 4664 4658 4663
f 4665 4635 4634
f 4665 4636 4635
f 4665 4654 4655
f 4665 4655 4656
f 4665 4656 4664
f 4665 4664 4636
f 4666 4633 4632
f 4666 4634 4633
f 4666 4652 4653
f 4666 4653 4654
f 4666 4654 4665
f 4666 4665 4634
f 4667 4631 4630
f 4667 4632 4631
f 4667 4650 4651
f 4667 4651 4652
f 4667 4666 4632
f 4667 4652 4666
f 4668 4630 4629
f 4668 4648 4649
f 4668 4649 4650
f 4668 4667 4630
f 4668 4650 4667
f 4669 4628 4627
f 4669 4629 4628
f 4669 4647 4648
f 4669 4648 4668
f 4669 4668 4629
f 4670 4625 4624
f 4670 4626 4625
f 4670 4627 4626
f 4670 4644 4645
f 4670 4645 4646
f 4670 4646 4647
f 4670 4624 4644
f 4670 4669 4627
f 4670 4647 4669
f 4679 4672 4671
f 4679 4671 4680
f 4678 4673 4672
f 4678 4672 4679
f 4677 4674 4673
f 4677 4673 4678
f 4676 4675 4674
f 4676 4674 4677
f 4688 4682 4681
f 4688 4681 4683
f 4689 4683 4684
f 4689 4688 4683
f 4690 4684 4685
f 4690 4689 4684
f 4687 4685 4686
f 4687 4690 4685
f 4694 4691 4693
f 4695 4691 4694
f 4701 4695 4702
f 4696 4702 4695
f 4700 4695 4701
f 4699 4695 4700
f 4698 4695 4699
f 4692 4698 4697
f 4692 4691 4695
f 4692 4695 4698
f 4703 4692 4697
f 4711 4704 4705
f 4711 4708 4709
f 4711 4709 4704
f 4712 4707 4708
f 4712 4708 4711
f 4713 4706 4707
f 4713 4707 4712
f 4710 4706 4713
f 4714 4726 4725
f 4715 4714 4725
f 4721 4722 4715
f 4716 4715 4722
f 4720 4721 4715
f 4719 4720 4715
f 4718 4719 4715
f 4724 4717 4718
f 4724 4715 4725
f 4724 4718 4715
f 4723 4717 4724
f 4736 4727 4728
f 4736 4729 4727
f 4734 4731 4730
f 4734 4732 4731
f 4734 4733 4732
f 4735 4730 4729
f 4735 4729 4736
f 4735 4734 4730
f 4740 4741 4742
f 4740 4742 4743
f 4738 4744 4745
f 4738 4745 4746
f 4738 4746 4737
f 4739 4743 4744
f 4739 4740 4743
f 4739 4744 4738
f 4757 4747 4748
f 4763 4762 4764
f 4767 4748 4749
f 4767 4757 4748
f 4768 4767 4749
f 4769 4749 4750
f 4769 4768 4749
f 4770 4750 4751
f 4770 4751 4752
f 4770 4769 4750
f 4771 4752 4753
f 4771 4753 4766
f 4771 4770 4752
f 4772 4756 4757
f 4772 4757 4767
f 4773 4772 4767
f 4773 4767 4768
f 4774 4773 4768
f 4774 4768 4769
f 4775 4774 4769
f 4775 4769 4770
f 4776 4766 4765
f 4776 4771 4766
f 4776 4770 4771
f 4776 4775 4770
f 4777 4754 4755
f 4777 4755 4756
f 4777 4758 4754
f 4777 4756 4772
f 4778 4759 4758
f 4778 4772 4773
f 4778 4758 4777
f 4778 4777 4772
f 4779 4760 4759
f 4779 4761 4760
f 4779 4774 4775
f 4779 4773 4774
f 4779 4759 4778
f 4779 4778 4773
f 4780 4761 4779
f 4780 4779 4775
f 4781 4762 4761
f 4781 4765 4764
f 4781 4776 4765
f 4781 4764 4762
f 4781 4775 4776
f 4781 4761 4780
f 4781 4780 4775
