# generated by step_to_parts.py -- 3108 verts, 3052 tris
v 0.209055 -0.556574 -0.053671
v 0.199626 -0.557732 -0.053671
v 0.198784 -0.550873 -0.055864
v 0.198813 -0.551114 -0.056448
v 0.198855 -0.551452 -0.056980
v 0.198907 -0.551877 -0.057445
v 0.198968 -0.552375 -0.057829
v 0.199037 -0.552932 -0.058120
v 0.199110 -0.553530 -0.058308
v 0.199186 -0.554152 -0.058390
v 0.199263 -0.554779 -0.058361
v 0.199338 -0.555391 -0.058223
v 0.199410 -0.555970 -0.057980
v 0.199474 -0.556498 -0.057640
v 0.199531 -0.556960 -0.057212
v 0.199578 -0.557341 -0.056710
v 0.199613 -0.557629 -0.056149
v 0.199636 -0.557817 -0.055546
v 0.199646 -0.557897 -0.054919
v 0.199643 -0.557869 -0.054288
v 0.208213 -0.549715 -0.055864
v 0.208243 -0.549956 -0.056448
v 0.208284 -0.550294 -0.056980
v 0.208336 -0.550719 -0.057445
v 0.208397 -0.551217 -0.057829
v 0.208466 -0.551774 -0.058120
v 0.208539 -0.552372 -0.058308
v 0.208616 -0.552994 -0.058390
v 0.208692 -0.553621 -0.058361
v 0.208768 -0.554233 -0.058223
v 0.208839 -0.554812 -0.057980
v 0.208904 -0.555340 -0.057640
v 0.208960 -0.555802 -0.057212
v 0.209007 -0.556183 -0.056710
v 0.209042 -0.556471 -0.056149
v 0.209065 -0.556659 -0.055546
v 0.209075 -0.556739 -0.054919
v 0.209072 -0.556711 -0.054288
v 0.210492 -0.568279 -0.046127
v 0.201063 -0.569437 -0.046127
v 0.200221 -0.562578 -0.048320
v 0.200251 -0.562819 -0.048903
v 0.200292 -0.563157 -0.049436
v 0.200344 -0.563582 -0.049901
v 0.200405 -0.564080 -0.050284
v 0.200474 -0.564637 -0.050575
v 0.200547 -0.565236 -0.050764
v 0.200624 -0.565858 -0.050845
v 0.200701 -0.566484 -0.050816
v 0.200776 -0.567096 -0.050679
v 0.200847 -0.567675 -0.050436
v 0.200912 -0.568203 -0.050095
v 0.200968 -0.568665 -0.049667
v 0.201015 -0.569046 -0.049165
v 0.201051 -0.569334 -0.048604
v 0.201074 -0.569522 -0.048001
v 0.201083 -0.569603 -0.047375
v 0.201080 -0.569574 -0.046743
v 0.209650 -0.561421 -0.048320
v 0.209680 -0.561662 -0.048903
v 0.209721 -0.562000 -0.049436
v 0.209773 -0.562424 -0.049901
v 0.209835 -0.562922 -0.050284
v 0.209903 -0.563479 -0.050575
v 0.209976 -0.564078 -0.050764
v 0.210053 -0.564700 -0.050845
v 0.210130 -0.565326 -0.050816
v 0.210205 -0.565938 -0.050679
v 0.210276 -0.566517 -0.050436
v 0.210341 -0.567046 -0.050095
v 0.210398 -0.567507 -0.049667
v 0.210444 -0.567888 -0.049165
v 0.210480 -0.568177 -0.048604
v 0.210503 -0.568364 -0.048001
v 0.210513 -0.568445 -0.047375
v 0.210509 -0.568416 -0.046743
v 0.212085 -0.581249 -0.066553
v 0.202656 -0.582407 -0.066553
v 0.201813 -0.575548 -0.068746
v 0.201843 -0.575789 -0.069330
v 0.201885 -0.576127 -0.069862
v 0.201937 -0.576552 -0.070327
v 0.201998 -0.577050 -0.070711
v 0.202066 -0.577607 -0.071002
v 0.202140 -0.578206 -0.071190
v 0.202216 -0.578828 -0.071272
v 0.202293 -0.579454 -0.071243
v 0.202368 -0.580066 -0.071105
v 0.202439 -0.580645 -0.070862
v 0.202504 -0.581173 -0.070522
v 0.202561 -0.581635 -0.070094
v 0.202608 -0.582016 -0.069592
v 0.202643 -0.582304 -0.069031
v 0.202666 -0.582492 -0.068428
v 0.202676 -0.582573 -0.067801
v 0.202672 -0.582544 -0.067170
v 0.211243 -0.574391 -0.068746
v 0.211272 -0.574632 -0.069330
v 0.211314 -0.574970 -0.069862
v 0.211366 -0.575394 -0.070327
v 0.211427 -0.575893 -0.070711
v 0.211495 -0.576449 -0.071002
v 0.211569 -0.577048 -0.071190
v 0.211645 -0.577670 -0.071272
v 0.211722 -0.578296 -0.071243
v 0.211797 -0.578908 -0.071105
v 0.211868 -0.579487 -0.070862
v 0.211933 -0.580016 -0.070522
v 0.211990 -0.580477 -0.070094
v 0.212037 -0.580858 -0.069592
v 0.212072 -0.581147 -0.069031
v 0.212095 -0.581334 -0.068428
v 0.212105 -0.581415 -0.067801
v 0.212102 -0.581386 -0.067170
v 0.210648 -0.569544 -0.074098
v 0.201218 -0.570702 -0.074098
v 0.200376 -0.563843 -0.076291
v 0.200406 -0.564084 -0.076874
v 0.200447 -0.564422 -0.077407
v 0.200499 -0.564847 -0.077872
v 0.200561 -0.565345 -0.078255
v 0.200629 -0.565902 -0.078546
v 0.200703 -0.566500 -0.078735
v 0.200779 -0.567122 -0.078816
v 0.200856 -0.567749 -0.078787
v 0.200931 -0.568361 -0.078650
v 0.201002 -0.568940 -0.078407
v 0.201067 -0.569468 -0.078066
v 0.201124 -0.569930 -0.077638
v 0.201170 -0.570311 -0.077136
v 0.201206 -0.570599 -0.076575
v 0.201229 -0.570787 -0.075972
v 0.201239 -0.570867 -0.075346
v 0.201235 -0.570839 -0.074714
v 0.209805 -0.562685 -0.076291
v 0.209835 -0.562926 -0.076874
v 0.209877 -0.563264 -0.077407
v 0.209929 -0.563689 -0.077872
v 0.209990 -0.564187 -0.078255
v 0.210058 -0.564744 -0.078546
v 0.210132 -0.565343 -0.078735
v 0.210208 -0.565964 -0.078816
v 0.210285 -0.566591 -0.078787
v 0.210360 -0.567203 -0.078650
v 0.210431 -0.567782 -0.078407
v 0.210496 -0.568310 -0.078066
v 0.210553 -0.568772 -0.077638
v 0.210600 -0.569153 -0.077136
v 0.210635 -0.569441 -0.076575
v 0.210658 -0.569629 -0.075972
v 0.210668 -0.569709 -0.075346
v 0.210664 -0.569681 -0.074714
v 0.215014 -0.551768 -0.071043
v 0.199133 -0.553718 -0.071043
v 0.197995 -0.544446 -0.074008
v 0.198035 -0.544772 -0.074796
v 0.198091 -0.545229 -0.075516
v 0.198161 -0.545803 -0.076145
v 0.198244 -0.546477 -0.076663
v 0.198336 -0.547229 -0.077056
v 0.198436 -0.548038 -0.077311
v 0.198539 -0.548879 -0.077421
v 0.198643 -0.549726 -0.077382
v 0.198744 -0.550553 -0.077196
v 0.198841 -0.551336 -0.076868
v 0.198928 -0.552050 -0.076407
v 0.199005 -0.552674 -0.075829
v 0.199068 -0.553189 -0.075151
v 0.199116 -0.553579 -0.074392
v 0.199147 -0.553832 -0.073577
v 0.199160 -0.553941 -0.072730
v 0.199156 -0.553903 -0.071877
v 0.213875 -0.542497 -0.074008
v 0.213915 -0.542822 -0.074796
v 0.213971 -0.543279 -0.075516
v 0.214042 -0.543853 -0.076145
v 0.214125 -0.544527 -0.076663
v 0.214217 -0.545279 -0.077056
v 0.214316 -0.546088 -0.077311
v 0.214420 -0.546929 -0.077421
v 0.214524 -0.547776 -0.077382
v 0.214625 -0.548603 -0.077196
v 0.214721 -0.549386 -0.076868
v 0.214809 -0.550100 -0.076407
v 0.214886 -0.550724 -0.075829
v 0.214949 -0.551239 -0.075151
v 0.214997 -0.551629 -0.074392
v 0.215028 -0.551882 -0.073577
v 0.215041 -0.551991 -0.072730
v 0.215036 -0.551953 -0.071877
v 0.218549 -0.580558 -0.077416
v 0.202668 -0.582508 -0.077416
v 0.201530 -0.573237 -0.080381
v 0.201570 -0.573563 -0.081170
v 0.201626 -0.574020 -0.081889
v 0.201696 -0.574593 -0.082518
v 0.201779 -0.575267 -0.083036
v 0.201871 -0.576020 -0.083429
v 0.201971 -0.576829 -0.083685
v 0.202074 -0.577669 -0.083794
v 0.202178 -0.578516 -0.083756
v 0.202279 -0.579344 -0.083569
v 0.202376 -0.580126 -0.083241
v 0.202463 -0.580840 -0.082781
v 0.202540 -0.581464 -0.082202
v 0.202603 -0.581979 -0.081524
v 0.202651 -0.582369 -0.080765
v 0.202682 -0.582623 -0.079950
v 0.202695 -0.582732 -0.079103
v 0.202691 -0.582693 -0.078250
v 0.217410 -0.571287 -0.080381
v 0.217450 -0.571613 -0.081170
v 0.217507 -0.572070 -0.081889
v 0.217577 -0.572644 -0.082518
v 0.217660 -0.573317 -0.083036
v 0.217752 -0.574070 -0.083429
v 0.217851 -0.574879 -0.083685
v 0.217955 -0.575720 -0.083794
v 0.218059 -0.576566 -0.083756
v 0.218160 -0.577394 -0.083569
v 0.218256 -0.578176 -0.083241
v 0.218344 -0.578890 -0.082781
v 0.218421 -0.579514 -0.082202
v 0.218484 -0.580029 -0.081524
v 0.218532 -0.580419 -0.080765
v 0.218563 -0.580673 -0.079950
v 0.218576 -0.580782 -0.079103
v 0.218571 -0.580743 -0.078250
v 0.219325 -0.586884 -0.048410
v 0.203445 -0.588834 -0.048410
v 0.202306 -0.579562 -0.051374
v 0.202346 -0.579888 -0.052163
v 0.202402 -0.580345 -0.052882
v 0.202473 -0.580919 -0.053511
v 0.202556 -0.581593 -0.054030
v 0.202648 -0.582345 -0.054423
v 0.202747 -0.583154 -0.054678
v 0.202851 -0.583995 -0.054788
v 0.202955 -0.584842 -0.054749
v 0.203056 -0.585669 -0.054563
v 0.203152 -0.586452 -0.054234
v 0.203240 -0.587166 -0.053774
v 0.203317 -0.587790 -0.053196
v 0.203380 -0.588305 -0.052517
v 0.203428 -0.588695 -0.051759
v 0.203459 -0.588948 -0.050944
v 0.203472 -0.589057 -0.050097
v 0.203467 -0.589019 -0.049243
v 0.218187 -0.577613 -0.051374
v 0.218227 -0.577938 -0.052163
v 0.218283 -0.578395 -0.052882
v 0.218354 -0.578969 -0.053511
v 0.218436 -0.579643 -0.054030
v 0.218529 -0.580395 -0.054423
v 0.218628 -0.581204 -0.054678
v 0.218731 -0.582045 -0.054788
v 0.218835 -0.582892 -0.054749
v 0.218937 -0.583719 -0.054563
v 0.219033 -0.584502 -0.054234
v 0.219121 -0.585216 -0.053774
v 0.219197 -0.585840 -0.053196
v 0.219261 -0.586355 -0.052517
v 0.219308 -0.586745 -0.051759
v 0.219340 -0.586998 -0.050944
v 0.219353 -0.587107 -0.050097
v 0.219348 -0.587069 -0.049243
v 0.215790 -0.558093 -0.042037
v 0.199910 -0.560043 -0.042037
v 0.198771 -0.550772 -0.045001
v 0.198811 -0.551098 -0.045790
v 0.198867 -0.551555 -0.046509
v 0.198938 -0.552129 -0.047138
v 0.199021 -0.552802 -0.047657
v 0.199113 -0.553555 -0.048050
v 0.199212 -0.554364 -0.048305
v 0.199316 -0.555205 -0.048415
v 0.199420 -0.556052 -0.048376
v 0.199521 -0.556879 -0.048189
v 0.199617 -0.557662 -0.047861
v 0.199705 -0.558376 -0.047401
v 0.199782 -0.559000 -0.046823
v 0.199845 -0.559514 -0.046144
v 0.199893 -0.559904 -0.045386
v 0.199924 -0.560158 -0.044571
v 0.199937 -0.560267 -0.043723
v 0.199932 -0.560228 -0.042870
v 0.214652 -0.548822 -0.045001
v 0.214692 -0.549148 -0.045790
v 0.214748 -0.549605 -0.046509
v 0.214819 -0.550179 -0.047138
v 0.214901 -0.550852 -0.047657
v 0.214994 -0.551605 -0.048050
v 0.215093 -0.552414 -0.048305
v 0.215196 -0.553255 -0.048415
v 0.215300 -0.554102 -0.048376
v 0.215402 -0.554929 -0.048189
v 0.215498 -0.555712 -0.047861
v 0.215586 -0.556426 -0.047401
v 0.215662 -0.557050 -0.046823
v 0.215726 -0.557564 -0.046144
v 0.215773 -0.557955 -0.045386
v 0.215805 -0.558208 -0.044571
v 0.215818 -0.558317 -0.043723
v 0.215813 -0.558278 -0.042870
v 0.204350 -0.596204 -0.051756
v 0.204094 -0.594125 -0.046727
v 0.203737 -0.591212 -0.042138
v 0.203287 -0.587552 -0.038129
v 0.202760 -0.583256 -0.034821
v 0.202170 -0.578456 -0.032315
v 0.201537 -0.573296 -0.030687
v 0.200879 -0.567934 -0.029986
v 0.200215 -0.562533 -0.030234
v 0.199568 -0.557257 -0.031423
v 0.198955 -0.552266 -0.033517
v 0.198396 -0.547712 -0.036453
v 0.197907 -0.543732 -0.040140
v 0.197504 -0.540449 -0.044468
v 0.197198 -0.537962 -0.049305
v 0.197000 -0.536346 -0.054503
v 0.196915 -0.535650 -0.059905
v 0.196945 -0.535896 -0.065346
v 0.197090 -0.537076 -0.070662
v 0.231645 -0.592852 -0.051756
v 0.231389 -0.590774 -0.046727
v 0.231032 -0.587860 -0.042138
v 0.230582 -0.584200 -0.038129
v 0.230055 -0.579905 -0.034821
v 0.229465 -0.575104 -0.032315
v 0.228832 -0.569945 -0.030687
v 0.228174 -0.564583 -0.029986
v 0.227510 -0.559182 -0.030234
v 0.226863 -0.553906 -0.031423
v 0.226250 -0.548915 -0.033517
v 0.225691 -0.544360 -0.036453
v 0.225202 -0.540381 -0.040140
v 0.224799 -0.537098 -0.044468
v 0.224493 -0.534610 -0.049305
v 0.224295 -0.532994 -0.054503
v 0.224210 -0.532299 -0.059905
v 0.224240 -0.532545 -0.065346
v 0.224385 -0.533725 -0.070662
v 0.227100 -0.555840 -0.042309
v 0.215686 -0.557242 -0.042309
v 0.215704 -0.557393 -0.042989
v 0.215708 -0.557424 -0.043686
v 0.215697 -0.557335 -0.044377
v 0.215672 -0.557129 -0.045043
v 0.215633 -0.556810 -0.045662
v 0.215581 -0.556390 -0.046216
v 0.215519 -0.555881 -0.046688
v 0.215447 -0.555298 -0.047064
v 0.215369 -0.554659 -0.047332
v 0.215286 -0.553983 -0.047484
v 0.215201 -0.553292 -0.047516
v 0.215117 -0.552606 -0.047426
v 0.215036 -0.551945 -0.047217
v 0.214960 -0.551331 -0.046897
v 0.214893 -0.550781 -0.046473
v 0.214835 -0.550313 -0.045960
v 0.214789 -0.549940 -0.045373
v 0.214757 -0.549674 -0.044729
v 0.226171 -0.548272 -0.044729
v 0.226204 -0.548538 -0.045373
v 0.226249 -0.548911 -0.045960
v 0.226307 -0.549380 -0.046473
v 0.226374 -0.549929 -0.046897
v 0.226450 -0.550544 -0.047217
v 0.226531 -0.551204 -0.047426
v 0.226615 -0.551891 -0.047516
v 0.226700 -0.552582 -0.047484
v 0.226783 -0.553257 -0.047332
v 0.226861 -0.553896 -0.047064
v 0.226933 -0.554479 -0.046688
v 0.226996 -0.554988 -0.046216
v 0.227047 -0.555409 -0.045662
v 0.227086 -0.555727 -0.045043
v 0.227112 -0.555934 -0.044377
v 0.227123 -0.556023 -0.043686
v 0.227119 -0.555991 -0.042989
v 0.230635 -0.584631 -0.048682
v 0.219221 -0.586032 -0.048682
v 0.219239 -0.586183 -0.049363
v 0.219243 -0.586215 -0.050059
v 0.219232 -0.586126 -0.050751
v 0.219207 -0.585919 -0.051416
v 0.219168 -0.585601 -0.052035
v 0.219116 -0.585180 -0.052589
v 0.219054 -0.584671 -0.053061
v 0.218982 -0.584088 -0.053437
v 0.218904 -0.583449 -0.053705
v 0.218821 -0.582774 -0.053857
v 0.218736 -0.582082 -0.053889
v 0.218652 -0.581396 -0.053799
v 0.218571 -0.580736 -0.053591
v 0.218495 -0.580121 -0.053270
v 0.218428 -0.579571 -0.052846
v 0.218370 -0.579103 -0.052333
v 0.218324 -0.578730 -0.051746
v 0.218292 -0.578464 -0.051102
v 0.229706 -0.577062 -0.051102
v 0.229739 -0.577329 -0.051746
v 0.229784 -0.577701 -0.052333
v 0.229842 -0.578170 -0.052846
v 0.229909 -0.578720 -0.053270
v 0.229985 -0.579334 -0.053591
v 0.230066 -0.579995 -0.053799
v 0.230150 -0.580681 -0.053889
v 0.230235 -0.581372 -0.053857
v 0.230318 -0.582048 -0.053705
v 0.230396 -0.582687 -0.053437
v 0.230468 -0.583269 -0.053061
v 0.230531 -0.583779 -0.052589
v 0.230582 -0.584199 -0.052035
v 0.230621 -0.584517 -0.051416
v 0.230647 -0.584724 -0.050751
v 0.230658 -0.584813 -0.050059
v 0.230654 -0.584782 -0.049363
v 0.229859 -0.578305 -0.077689
v 0.218444 -0.579707 -0.077689
v 0.218463 -0.579858 -0.078369
v 0.218467 -0.579889 -0.079066
v 0.218456 -0.579800 -0.079757
v 0.218430 -0.579593 -0.080422
v 0.218391 -0.579275 -0.081042
v 0.218340 -0.578855 -0.081596
v 0.218277 -0.578345 -0.082068
v 0.218205 -0.577762 -0.082443
v 0.218127 -0.577124 -0.082711
v 0.218044 -0.576448 -0.082864
v 0.217959 -0.575757 -0.082895
v 0.217875 -0.575071 -0.082806
v 0.217794 -0.574410 -0.082597
v 0.217718 -0.573796 -0.082276
v 0.217651 -0.573246 -0.081853
v 0.217593 -0.572777 -0.081340
v 0.217548 -0.572404 -0.080752
v 0.217515 -0.572138 -0.080109
v 0.228929 -0.570737 -0.080109
v 0.228962 -0.571003 -0.080752
v 0.229008 -0.571376 -0.081340
v 0.229065 -0.571844 -0.081853
v 0.229133 -0.572394 -0.082276
v 0.229208 -0.573009 -0.082597
v 0.229289 -0.573669 -0.082806
v 0.229374 -0.574355 -0.082895
v 0.229458 -0.575047 -0.082864
v 0.229541 -0.575722 -0.082711
v 0.229620 -0.576361 -0.082443
v 0.229691 -0.576944 -0.082068
v 0.229754 -0.577453 -0.081596
v 0.229805 -0.577873 -0.081042
v 0.229845 -0.578192 -0.080422
v 0.229870 -0.578399 -0.079757
v 0.229881 -0.578488 -0.079066
v 0.229877 -0.578456 -0.078369
v 0.226323 -0.549515 -0.071316
v 0.214909 -0.550916 -0.071316
v 0.214928 -0.551067 -0.071996
v 0.214932 -0.551099 -0.072693
v 0.214921 -0.551010 -0.073384
v 0.214895 -0.550803 -0.074049
v 0.214856 -0.550485 -0.074668
v 0.214805 -0.550064 -0.075222
v 0.214742 -0.549555 -0.075694
v 0.214670 -0.548972 -0.076070
v 0.214592 -0.548333 -0.076338
v 0.214509 -0.547658 -0.076490
v 0.214424 -0.546966 -0.076522
v 0.214340 -0.546280 -0.076432
v 0.214259 -0.545620 -0.076224
v 0.214183 -0.545005 -0.075903
v 0.214116 -0.544455 -0.075480
v 0.214058 -0.543987 -0.074967
v 0.214013 -0.543614 -0.074379
v 0.213980 -0.543348 -0.073736
v 0.225394 -0.541946 -0.073736
v 0.225427 -0.542212 -0.074379
v 0.225473 -0.542585 -0.074967
v 0.225530 -0.543054 -0.075480
v 0.225598 -0.543604 -0.075903
v 0.225673 -0.544218 -0.076224
v 0.225754 -0.544879 -0.076432
v 0.225839 -0.545565 -0.076522
v 0.225923 -0.546256 -0.076490
v 0.226006 -0.546932 -0.076338
v 0.226085 -0.547570 -0.076070
v 0.226156 -0.548153 -0.075694
v 0.226219 -0.548663 -0.075222
v 0.226270 -0.549083 -0.074668
v 0.226310 -0.549401 -0.074049
v 0.226335 -0.549608 -0.073384
v 0.226346 -0.549697 -0.072693
v 0.226342 -0.549666 -0.071996
v 0.226747 -0.552961 -0.054125
v 0.218310 -0.553997 -0.054125
v 0.218320 -0.554077 -0.054487
v 0.218322 -0.554094 -0.054857
v 0.218316 -0.554047 -0.055224
v 0.218303 -0.553937 -0.055577
v 0.218282 -0.553768 -0.055906
v 0.218254 -0.553545 -0.056201
v 0.218221 -0.553274 -0.056451
v 0.218183 -0.552964 -0.056651
v 0.218142 -0.552625 -0.056793
v 0.218097 -0.552266 -0.056874
v 0.218052 -0.551899 -0.056891
v 0.218008 -0.551534 -0.056843
v 0.217965 -0.551183 -0.056733
v 0.217924 -0.550857 -0.056562
v 0.217889 -0.550565 -0.056337
v 0.217858 -0.550316 -0.056065
v 0.217834 -0.550118 -0.055753
v 0.217816 -0.549976 -0.055411
v 0.226253 -0.548941 -0.055411
v 0.226270 -0.549082 -0.055753
v 0.226295 -0.549280 -0.056065
v 0.226325 -0.549529 -0.056337
v 0.226361 -0.549821 -0.056562
v 0.226401 -0.550147 -0.056733
v 0.226444 -0.550498 -0.056843
v 0.226489 -0.550863 -0.056891
v 0.226534 -0.551230 -0.056874
v 0.226578 -0.551589 -0.056793
v 0.226620 -0.551928 -0.056651
v 0.226658 -0.552238 -0.056451
v 0.226691 -0.552509 -0.056201
v 0.226719 -0.552732 -0.055906
v 0.226739 -0.552901 -0.055577
v 0.226753 -0.553011 -0.055224
v 0.226759 -0.553058 -0.054857
v 0.226757 -0.553042 -0.054487
v 0.228184 -0.564667 -0.046581
v 0.219747 -0.565703 -0.046581
v 0.219757 -0.565783 -0.046942
v 0.219759 -0.565799 -0.047312
v 0.219753 -0.565752 -0.047679
v 0.219740 -0.565642 -0.048033
v 0.219719 -0.565473 -0.048362
v 0.219692 -0.565250 -0.048656
v 0.219658 -0.564979 -0.048907
v 0.219620 -0.564670 -0.049106
v 0.219579 -0.564330 -0.049249
v 0.219535 -0.563971 -0.049330
v 0.219490 -0.563604 -0.049347
v 0.219445 -0.563240 -0.049299
v 0.219402 -0.562889 -0.049188
v 0.219362 -0.562562 -0.049018
v 0.219326 -0.562270 -0.048793
v 0.219295 -0.562021 -0.048520
v 0.219271 -0.561823 -0.048208
v 0.219254 -0.561682 -0.047866
v 0.227690 -0.560646 -0.047866
v 0.227708 -0.560787 -0.048208
v 0.227732 -0.560985 -0.048520
v 0.227762 -0.561234 -0.048793
v 0.227798 -0.561526 -0.049018
v 0.227838 -0.561853 -0.049188
v 0.227881 -0.562204 -0.049299
v 0.227926 -0.562568 -0.049347
v 0.227971 -0.562936 -0.049330
v 0.228015 -0.563294 -0.049249
v 0.228057 -0.563634 -0.049106
v 0.228095 -0.563943 -0.048907
v 0.228128 -0.564214 -0.048656
v 0.228156 -0.564437 -0.048362
v 0.228177 -0.564606 -0.048033
v 0.228190 -0.564716 -0.047679
v 0.228196 -0.564764 -0.047312
v 0.228194 -0.564747 -0.046942
v 0.229776 -0.577637 -0.067007
v 0.221340 -0.578673 -0.067007
v 0.221350 -0.578753 -0.067369
v 0.221352 -0.578770 -0.067739
v 0.221346 -0.578722 -0.068106
v 0.221332 -0.578612 -0.068459
v 0.221312 -0.578443 -0.068788
v 0.221284 -0.578220 -0.069083
v 0.221251 -0.577949 -0.069333
v 0.221213 -0.577640 -0.069533
v 0.221171 -0.577300 -0.069675
v 0.221127 -0.576941 -0.069756
v 0.221082 -0.576574 -0.069773
v 0.221037 -0.576210 -0.069725
v 0.220994 -0.575859 -0.069615
v 0.220954 -0.575532 -0.069444
v 0.220918 -0.575240 -0.069219
v 0.220888 -0.574991 -0.068947
v 0.220863 -0.574793 -0.068635
v 0.220846 -0.574652 -0.068293
v 0.229283 -0.573616 -0.068293
v 0.229300 -0.573757 -0.068635
v 0.229324 -0.573955 -0.068947
v 0.229355 -0.574204 -0.069219
v 0.229391 -0.574496 -0.069444
v 0.229431 -0.574823 -0.069615
v 0.229474 -0.575174 -0.069725
v 0.229519 -0.575538 -0.069773
v 0.229564 -0.575906 -0.069756
v 0.229608 -0.576264 -0.069675
v 0.229650 -0.576604 -0.069533
v 0.229688 -0.576913 -0.069333
v 0.229721 -0.577184 -0.069083
v 0.229748 -0.577407 -0.068788
v 0.229769 -0.577576 -0.068459
v 0.229783 -0.577686 -0.068106
v 0.229788 -0.577734 -0.067739
v 0.229786 -0.577717 -0.067369
v 0.228339 -0.565931 -0.074552
v 0.219903 -0.566967 -0.074552
v 0.219912 -0.567047 -0.074913
v 0.219914 -0.567064 -0.075283
v 0.219909 -0.567017 -0.075650
v 0.219895 -0.566907 -0.076004
v 0.219874 -0.566738 -0.076333
v 0.219847 -0.566515 -0.076627
v 0.219814 -0.566244 -0.076878
v 0.219776 -0.565934 -0.077077
v 0.219734 -0.565595 -0.077220
v 0.219690 -0.565236 -0.077301
v 0.219645 -0.564869 -0.077318
v 0.219600 -0.564504 -0.077270
v 0.219557 -0.564153 -0.077159
v 0.219517 -0.563827 -0.076989
v 0.219481 -0.563535 -0.076764
v 0.219451 -0.563286 -0.076491
v 0.219426 -0.563088 -0.076179
v 0.219409 -0.562947 -0.075837
v 0.227846 -0.561911 -0.075837
v 0.227863 -0.562052 -0.076179
v 0.227887 -0.562250 -0.076491
v 0.227918 -0.562499 -0.076764
v 0.227954 -0.562791 -0.076989
v 0.227994 -0.563118 -0.077159
v 0.228037 -0.563468 -0.077270
v 0.228082 -0.563833 -0.077318
v 0.228127 -0.564200 -0.077301
v 0.228171 -0.564559 -0.077220
v 0.228212 -0.564898 -0.077077
v 0.228250 -0.565208 -0.076878
v 0.228284 -0.565479 -0.076627
v 0.228311 -0.565702 -0.076333
v 0.228332 -0.565871 -0.076004
v 0.228345 -0.565981 -0.075650
v 0.228351 -0.566028 -0.075283
v 0.228349 -0.566012 -0.074913
v 0.219987 -0.567653 -0.074332
v 0.210558 -0.568811 -0.074332
v 0.210571 -0.568918 -0.074817
v 0.210574 -0.568941 -0.075313
v 0.210566 -0.568877 -0.075806
v 0.210548 -0.568730 -0.076280
v 0.210520 -0.568503 -0.076721
v 0.210483 -0.568204 -0.077116
v 0.210438 -0.567841 -0.077452
v 0.210387 -0.567426 -0.077720
v 0.210332 -0.566970 -0.077911
v 0.210273 -0.566489 -0.078019
v 0.210212 -0.565997 -0.078042
v 0.210152 -0.565508 -0.077978
v 0.210094 -0.565037 -0.077829
v 0.210040 -0.564599 -0.077601
v 0.209992 -0.564207 -0.077299
v 0.209951 -0.563874 -0.076934
v 0.209919 -0.563608 -0.076515
v 0.209895 -0.563418 -0.076057
v 0.219325 -0.562261 -0.076057
v 0.219348 -0.562450 -0.076515
v 0.219381 -0.562716 -0.076934
v 0.219422 -0.563050 -0.077299
v 0.219470 -0.563441 -0.077601
v 0.219523 -0.563879 -0.077829
v 0.219581 -0.564350 -0.077978
v 0.219641 -0.564839 -0.078042
v 0.219702 -0.565331 -0.078019
v 0.219761 -0.565813 -0.077911
v 0.219817 -0.566268 -0.077720
v 0.219868 -0.566683 -0.077452
v 0.219912 -0.567046 -0.077116
v 0.219949 -0.567345 -0.076721
v 0.219977 -0.567572 -0.076280
v 0.219995 -0.567720 -0.075806
v 0.220003 -0.567783 -0.075313
v 0.220000 -0.567761 -0.074817
v 0.221424 -0.579358 -0.066788
v 0.211995 -0.580516 -0.066788
v 0.212008 -0.580624 -0.067273
v 0.212011 -0.580646 -0.067769
v 0.212003 -0.580583 -0.068261
v 0.211985 -0.580435 -0.068736
v 0.211957 -0.580209 -0.069177
v 0.211920 -0.579909 -0.069571
v 0.211876 -0.579546 -0.069908
v 0.211825 -0.579131 -0.070175
v 0.211769 -0.578676 -0.070366
v 0.211710 -0.578194 -0.070475
v 0.211649 -0.577702 -0.070497
v 0.211589 -0.577213 -0.070433
v 0.211531 -0.576742 -0.070285
v 0.211478 -0.576305 -0.070056
v 0.211430 -0.575913 -0.069755
v 0.211389 -0.575579 -0.069389
v 0.211356 -0.575313 -0.068971
v 0.211333 -0.575124 -0.068512
v 0.220762 -0.573966 -0.068512
v 0.220785 -0.574156 -0.068971
v 0.220818 -0.574421 -0.069389
v 0.220859 -0.574755 -0.069755
v 0.220907 -0.575147 -0.070056
v 0.220961 -0.575585 -0.070285
v 0.221018 -0.576055 -0.070433
v 0.221078 -0.576544 -0.070497
v 0.221139 -0.577037 -0.070475
v 0.221198 -0.577518 -0.070366
v 0.221254 -0.577973 -0.070175
v 0.221305 -0.578388 -0.069908
v 0.221349 -0.578751 -0.069571
v 0.221386 -0.579051 -0.069177
v 0.221414 -0.579278 -0.068736
v 0.221432 -0.579425 -0.068261
v 0.221440 -0.579489 -0.067769
v 0.221437 -0.579466 -0.067273
v 0.219831 -0.566388 -0.046361
v 0.210402 -0.567546 -0.046361
v 0.210416 -0.567654 -0.046846
v 0.210418 -0.567676 -0.047342
v 0.210410 -0.567613 -0.047835
v 0.210392 -0.567465 -0.048309
v 0.210365 -0.567239 -0.048750
v 0.210328 -0.566939 -0.049145
v 0.210283 -0.566576 -0.049481
v 0.210232 -0.566161 -0.049749
v 0.210176 -0.565706 -0.049940
v 0.210117 -0.565224 -0.050048
v 0.210057 -0.564732 -0.050071
v 0.209997 -0.564243 -0.050007
v 0.209939 -0.563772 -0.049858
v 0.209885 -0.563335 -0.049630
v 0.209837 -0.562943 -0.049328
v 0.209796 -0.562609 -0.048963
v 0.209763 -0.562343 -0.048544
v 0.209740 -0.562154 -0.048086
v 0.219169 -0.560996 -0.048086
v 0.219193 -0.561186 -0.048544
v 0.219225 -0.561451 -0.048963
v 0.219266 -0.561785 -0.049328
v 0.219314 -0.562177 -0.049630
v 0.219368 -0.562615 -0.049858
v 0.219426 -0.563085 -0.050007
v 0.219486 -0.563574 -0.050071
v 0.219546 -0.564067 -0.050048
v 0.219605 -0.564548 -0.049940
v 0.219661 -0.565003 -0.049749
v 0.219712 -0.565418 -0.049481
v 0.219757 -0.565781 -0.049145
v 0.219794 -0.566081 -0.048750
v 0.219822 -0.566308 -0.048309
v 0.219840 -0.566455 -0.047835
v 0.219847 -0.566518 -0.047342
v 0.219845 -0.566496 -0.046846
v 0.218394 -0.554683 -0.053906
v 0.208965 -0.555841 -0.053906
v 0.208978 -0.555948 -0.054391
v 0.208981 -0.555971 -0.054887
v 0.208973 -0.555907 -0.055379
v 0.208955 -0.555760 -0.055854
v 0.208927 -0.555533 -0.056295
v 0.208891 -0.555234 -0.056689
v 0.208846 -0.554871 -0.057026
v 0.208795 -0.554456 -0.057293
v 0.208739 -0.554000 -0.057484
v 0.208680 -0.553519 -0.057593
v 0.208620 -0.553027 -0.057615
v 0.208559 -0.552538 -0.057551
v 0.208502 -0.552067 -0.057403
v 0.208448 -0.551629 -0.057174
v 0.208400 -0.551237 -0.056873
v 0.208359 -0.550904 -0.056507
v 0.208326 -0.550638 -0.056089
v 0.208303 -0.550448 -0.055630
v 0.217732 -0.549291 -0.055630
v 0.217755 -0.549480 -0.056089
v 0.217788 -0.549746 -0.056507
v 0.217829 -0.550080 -0.056873
v 0.217877 -0.550471 -0.057174
v 0.217931 -0.550909 -0.057403
v 0.217989 -0.551380 -0.057551
v 0.218049 -0.551869 -0.057615
v 0.218109 -0.552361 -0.057593
v 0.218168 -0.552843 -0.057484
v 0.218224 -0.553298 -0.057293
v 0.218275 -0.553713 -0.057026
v 0.218320 -0.554076 -0.056689
v 0.218356 -0.554375 -0.056295
v 0.218384 -0.554602 -0.055854
v 0.218402 -0.554750 -0.055379
v 0.218410 -0.554813 -0.054887
v 0.218407 -0.554791 -0.054391
v 0.208303 -0.550448 -0.055630
v 0.208290 -0.550341 -0.055145
v 0.208287 -0.550318 -0.054649
v 0.208295 -0.550382 -0.054156
v 0.208313 -0.550529 -0.053682
v 0.208341 -0.550756 -0.053241
v 0.208377 -0.551055 -0.052846
v 0.208422 -0.551418 -0.052510
v 0.208473 -0.551834 -0.052242
v 0.208529 -0.552289 -0.052051
v 0.208588 -0.552770 -0.051943
v 0.208648 -0.553263 -0.051920
v 0.208709 -0.553752 -0.051984
v 0.208766 -0.554222 -0.052133
v 0.208820 -0.554660 -0.052361
v 0.208868 -0.555052 -0.052663
v 0.208909 -0.555386 -0.053029
v 0.208942 -0.555651 -0.053447
v 0.208965 -0.555841 -0.053906
v 0.218394 -0.554683 -0.053906
v 0.218371 -0.554493 -0.053447
v 0.218338 -0.554228 -0.053029
v 0.218297 -0.553894 -0.052663
v 0.218249 -0.553502 -0.052361
v 0.218195 -0.553064 -0.052133
v 0.218138 -0.552594 -0.051984
v 0.218078 -0.552105 -0.051920
v 0.218017 -0.551612 -0.051943
v 0.217958 -0.551131 -0.052051
v 0.217902 -0.550676 -0.052242
v 0.217851 -0.550261 -0.052510
v 0.217807 -0.549898 -0.052846
v 0.217770 -0.549598 -0.053241
v 0.217742 -0.549371 -0.053682
v 0.217724 -0.549224 -0.054156
v 0.217716 -0.549161 -0.054649
v 0.217719 -0.549183 -0.055145
v 0.217732 -0.549291 -0.055630
v 0.209740 -0.562154 -0.048086
v 0.209727 -0.562046 -0.047601
v 0.209724 -0.562024 -0.047104
v 0.209732 -0.562087 -0.046612
v 0.209750 -0.562234 -0.046138
v 0.209778 -0.562461 -0.045697
v 0.209815 -0.562761 -0.045302
v 0.209859 -0.563124 -0.044966
v 0.209910 -0.563539 -0.044698
v 0.209966 -0.563994 -0.044507
v 0.210025 -0.564475 -0.044398
v 0.210086 -0.564968 -0.044376
v 0.210146 -0.565457 -0.044440
v 0.210204 -0.565928 -0.044588
v 0.210257 -0.566365 -0.044817
v 0.210305 -0.566757 -0.045118
v 0.210346 -0.567091 -0.045484
v 0.210379 -0.567357 -0.045903
v 0.210402 -0.567546 -0.046361
v 0.219831 -0.566388 -0.046361
v 0.219808 -0.566199 -0.045903
v 0.219776 -0.565933 -0.045484
v 0.219735 -0.565599 -0.045118
v 0.219686 -0.565208 -0.044817
v 0.219633 -0.564770 -0.044588
v 0.219575 -0.564299 -0.044440
v 0.219515 -0.563810 -0.044376
v 0.219454 -0.563318 -0.044398
v 0.219395 -0.562836 -0.044507
v 0.219339 -0.562381 -0.044698
v 0.219288 -0.561966 -0.044966
v 0.219244 -0.561603 -0.045302
v 0.219207 -0.561304 -0.045697
v 0.219179 -0.561077 -0.046138
v 0.219161 -0.560929 -0.046612
v 0.219153 -0.560866 -0.047104
v 0.219156 -0.560888 -0.047601
v 0.219169 -0.560996 -0.048086
v 0.211333 -0.575124 -0.068512
v 0.211319 -0.575016 -0.068027
v 0.211317 -0.574994 -0.067531
v 0.211325 -0.575057 -0.067038
v 0.211343 -0.575204 -0.066564
v 0.211370 -0.575431 -0.066123
v 0.211407 -0.575731 -0.065728
v 0.211452 -0.576094 -0.065392
v 0.211503 -0.576509 -0.065124
v 0.211559 -0.576964 -0.064933
v 0.211618 -0.577445 -0.064825
v 0.211678 -0.577938 -0.064802
v 0.211738 -0.578427 -0.064866
v 0.211796 -0.578898 -0.065015
v 0.211850 -0.579335 -0.065243
v 0.211898 -0.579727 -0.065545
v 0.211939 -0.580061 -0.065911
v 0.211972 -0.580327 -0.066329
v 0.211995 -0.580516 -0.066788
v 0.221424 -0.579358 -0.066788
v 0.221401 -0.579169 -0.066329
v 0.221368 -0.578903 -0.065911
v 0.221327 -0.578569 -0.065545
v 0.221279 -0.578178 -0.065243
v 0.221225 -0.577740 -0.065015
v 0.221167 -0.577269 -0.064866
v 0.221107 -0.576780 -0.064802
v 0.221047 -0.576288 -0.064825
v 0.220988 -0.575806 -0.064933
v 0.220932 -0.575351 -0.065124
v 0.220881 -0.574936 -0.065392
v 0.220836 -0.574573 -0.065728
v 0.220800 -0.574274 -0.066123
v 0.220772 -0.574047 -0.066564
v 0.220754 -0.573899 -0.067038
v 0.220746 -0.573836 -0.067531
v 0.220749 -0.573858 -0.068027
v 0.220762 -0.573966 -0.068512
v 0.209895 -0.563418 -0.076057
v 0.209882 -0.563311 -0.075572
v 0.209879 -0.563288 -0.075075
v 0.209887 -0.563352 -0.074583
v 0.209905 -0.563499 -0.074109
v 0.209933 -0.563726 -0.073668
v 0.209970 -0.564025 -0.073273
v 0.210015 -0.564388 -0.072937
v 0.210066 -0.564804 -0.072669
v 0.210121 -0.565259 -0.072478
v 0.210181 -0.565740 -0.072369
v 0.210241 -0.566233 -0.072347
v 0.210301 -0.566722 -0.072411
v 0.210359 -0.567192 -0.072559
v 0.210413 -0.567630 -0.072788
v 0.210461 -0.568022 -0.073089
v 0.210502 -0.568356 -0.073455
v 0.210534 -0.568621 -0.073874
v 0.210558 -0.568811 -0.074332
v 0.219987 -0.567653 -0.074332
v 0.219963 -0.567464 -0.073874
v 0.219931 -0.567198 -0.073455
v 0.219890 -0.566864 -0.073089
v 0.219842 -0.566472 -0.072788
v 0.219788 -0.566034 -0.072559
v 0.219730 -0.565564 -0.072411
v 0.219670 -0.565075 -0.072347
v 0.219610 -0.564582 -0.072369
v 0.219551 -0.564101 -0.072478
v 0.219495 -0.563646 -0.072669
v 0.219444 -0.563231 -0.072937
v 0.219399 -0.562868 -0.073273
v 0.219362 -0.562568 -0.073668
v 0.219335 -0.562341 -0.074109
v 0.219316 -0.562194 -0.074583
v 0.219309 -0.562131 -0.075075
v 0.219311 -0.562153 -0.075572
v 0.219325 -0.562261 -0.076057
v 0.219409 -0.562947 -0.075837
v 0.219399 -0.562866 -0.075476
v 0.219397 -0.562850 -0.075106
v 0.219403 -0.562897 -0.074738
v 0.219416 -0.563007 -0.074385
v 0.219437 -0.563176 -0.074056
v 0.219464 -0.563399 -0.073762
v 0.219498 -0.563670 -0.073511
v 0.219536 -0.563979 -0.073311
v 0.219577 -0.564319 -0.073169
v 0.219621 -0.564678 -0.073088
v 0.219667 -0.565045 -0.073071
v 0.219711 -0.565409 -0.073119
v 0.219754 -0.565760 -0.073230
v 0.219794 -0.566087 -0.073400
v 0.219830 -0.566379 -0.073625
v 0.219861 -0.566628 -0.073898
v 0.219885 -0.566826 -0.074210
v 0.219903 -0.566967 -0.074552
v 0.228339 -0.565931 -0.074552
v 0.228322 -0.565790 -0.074210
v 0.228298 -0.565592 -0.073898
v 0.228267 -0.565343 -0.073625
v 0.228231 -0.565051 -0.073400
v 0.228191 -0.564724 -0.073230
v 0.228148 -0.564374 -0.073119
v 0.228103 -0.564009 -0.073071
v 0.228058 -0.563642 -0.073088
v 0.228014 -0.563283 -0.073169
v 0.227972 -0.562944 -0.073311
v 0.227934 -0.562634 -0.073511
v 0.227901 -0.562363 -0.073762
v 0.227874 -0.562140 -0.074056
v 0.227853 -0.561971 -0.074385
v 0.227839 -0.561861 -0.074738
v 0.227834 -0.561814 -0.075106
v 0.227836 -0.561830 -0.075476
v 0.227846 -0.561911 -0.075837
v 0.220846 -0.574652 -0.068293
v 0.220836 -0.574572 -0.067931
v 0.220834 -0.574555 -0.067561
v 0.220840 -0.574602 -0.067194
v 0.220853 -0.574712 -0.066840
v 0.220874 -0.574881 -0.066511
v 0.220902 -0.575104 -0.066217
v 0.220935 -0.575375 -0.065966
v 0.220973 -0.575685 -0.065767
v 0.221015 -0.576024 -0.065624
v 0.221059 -0.576383 -0.065544
v 0.221104 -0.576750 -0.065527
v 0.221149 -0.577115 -0.065574
v 0.221192 -0.577466 -0.065685
v 0.221232 -0.577792 -0.065856
v 0.221268 -0.578084 -0.066080
v 0.221298 -0.578333 -0.066353
v 0.221322 -0.578531 -0.066665
v 0.221340 -0.578673 -0.067007
v 0.229776 -0.577637 -0.067007
v 0.229759 -0.577495 -0.066665
v 0.229735 -0.577297 -0.066353
v 0.229704 -0.577048 -0.066080
v 0.229668 -0.576756 -0.065856
v 0.229628 -0.576430 -0.065685
v 0.229585 -0.576079 -0.065574
v 0.229540 -0.575714 -0.065527
v 0.229495 -0.575347 -0.065544
v 0.229451 -0.574988 -0.065624
v 0.229410 -0.574649 -0.065767
v 0.229372 -0.574339 -0.065966
v 0.229338 -0.574069 -0.066217
v 0.229311 -0.573845 -0.066511
v 0.229290 -0.573676 -0.066840
v 0.229277 -0.573566 -0.067194
v 0.229271 -0.573519 -0.067561
v 0.229273 -0.573536 -0.067931
v 0.229283 -0.573616 -0.068293
v 0.219254 -0.561682 -0.047866
v 0.219244 -0.561602 -0.047505
v 0.219242 -0.561585 -0.047135
v 0.219247 -0.561632 -0.046767
v 0.219261 -0.561742 -0.046414
v 0.219282 -0.561911 -0.046085
v 0.219309 -0.562134 -0.045791
v 0.219342 -0.562405 -0.045540
v 0.219380 -0.562715 -0.045340
v 0.219422 -0.563054 -0.045198
v 0.219466 -0.563413 -0.045117
v 0.219511 -0.563780 -0.045100
v 0.219556 -0.564145 -0.045148
v 0.219599 -0.564496 -0.045259
v 0.219639 -0.564822 -0.045429
v 0.219675 -0.565114 -0.045654
v 0.219706 -0.565363 -0.045927
v 0.219730 -0.565561 -0.046239
v 0.219747 -0.565703 -0.046581
v 0.228184 -0.564667 -0.046581
v 0.228167 -0.564525 -0.046239
v 0.228142 -0.564327 -0.045927
v 0.228112 -0.564078 -0.045654
v 0.228076 -0.563786 -0.045429
v 0.228036 -0.563460 -0.045259
v 0.227993 -0.563109 -0.045148
v 0.227948 -0.562744 -0.045100
v 0.227903 -0.562377 -0.045117
v 0.227859 -0.562018 -0.045198
v 0.227817 -0.561679 -0.045340
v 0.227779 -0.561369 -0.045540
v 0.227746 -0.561099 -0.045791
v 0.227718 -0.560875 -0.046085
v 0.227698 -0.560706 -0.046414
v 0.227684 -0.560596 -0.046767
v 0.227678 -0.560549 -0.047135
v 0.227680 -0.560566 -0.047505
v 0.227690 -0.560646 -0.047866
v 0.217816 -0.549976 -0.055411
v 0.217806 -0.549896 -0.055049
v 0.217804 -0.549880 -0.054679
v 0.217810 -0.549927 -0.054312
v 0.217824 -0.550037 -0.053958
v 0.217845 -0.550206 -0.053629
v 0.217872 -0.550429 -0.053335
v 0.217905 -0.550700 -0.053084
v 0.217943 -0.551009 -0.052885
v 0.217985 -0.551349 -0.052742
v 0.218029 -0.551708 -0.052662
v 0.218074 -0.552075 -0.052645
v 0.218119 -0.552439 -0.052692
v 0.218162 -0.552790 -0.052803
v 0.218202 -0.553117 -0.052973
v 0.218238 -0.553409 -0.053198
v 0.218268 -0.553658 -0.053471
v 0.218293 -0.553856 -0.053783
v 0.218310 -0.553997 -0.054125
v 0.226747 -0.552961 -0.054125
v 0.226729 -0.552820 -0.053783
v 0.226705 -0.552622 -0.053471
v 0.226674 -0.552373 -0.053198
v 0.226639 -0.552081 -0.052973
v 0.226598 -0.551754 -0.052803
v 0.226555 -0.551404 -0.052692
v 0.226511 -0.551039 -0.052645
v 0.226466 -0.550672 -0.052662
v 0.226421 -0.550313 -0.052742
v 0.226380 -0.549974 -0.052885
v 0.226342 -0.549664 -0.053084
v 0.226309 -0.549393 -0.053335
v 0.226281 -0.549170 -0.053629
v 0.226260 -0.549001 -0.053958
v 0.226247 -0.548891 -0.054312
v 0.226241 -0.548844 -0.054679
v 0.226243 -0.548860 -0.055049
v 0.226253 -0.548941 -0.055411
v 0.213980 -0.543348 -0.073736
v 0.213961 -0.543197 -0.073055
v 0.213958 -0.543165 -0.072359
v 0.213968 -0.543254 -0.071667
v 0.213994 -0.543461 -0.071002
v 0.214033 -0.543780 -0.070383
v 0.214085 -0.544200 -0.069829
v 0.214147 -0.544709 -0.069357
v 0.214219 -0.545292 -0.068981
v 0.214297 -0.545931 -0.068713
v 0.214380 -0.546606 -0.068561
v 0.214465 -0.547298 -0.068529
v 0.214549 -0.547984 -0.068619
v 0.214630 -0.548645 -0.068827
v 0.214706 -0.549259 -0.069148
v 0.214773 -0.549809 -0.069571
v 0.214831 -0.550277 -0.070085
v 0.214877 -0.550650 -0.070672
v 0.214909 -0.550916 -0.071316
v 0.226323 -0.549515 -0.071316
v 0.226291 -0.549249 -0.070672
v 0.226245 -0.548876 -0.070085
v 0.226188 -0.548407 -0.069571
v 0.226120 -0.547857 -0.069148
v 0.226045 -0.547243 -0.068827
v 0.225963 -0.546583 -0.068619
v 0.225879 -0.545896 -0.068529
v 0.225794 -0.545205 -0.068561
v 0.225711 -0.544530 -0.068713
v 0.225633 -0.543891 -0.068981
v 0.225561 -0.543308 -0.069357
v 0.225499 -0.542798 -0.069829
v 0.225447 -0.542378 -0.070383
v 0.225408 -0.542060 -0.071002
v 0.225383 -0.541853 -0.071667
v 0.225372 -0.541764 -0.072359
v 0.225376 -0.541795 -0.073055
v 0.225394 -0.541946 -0.073736
v 0.217515 -0.572138 -0.080109
v 0.217496 -0.571987 -0.079428
v 0.217493 -0.571956 -0.078732
v 0.217503 -0.572045 -0.078040
v 0.217529 -0.572252 -0.077375
v 0.217568 -0.572570 -0.076756
v 0.217620 -0.572990 -0.076202
v 0.217682 -0.573500 -0.075730
v 0.217754 -0.574083 -0.075354
v 0.217832 -0.574721 -0.075086
v 0.217915 -0.575397 -0.074934
v 0.218000 -0.576088 -0.074902
v 0.218084 -0.576774 -0.074992
v 0.218165 -0.577435 -0.075200
v 0.218241 -0.578049 -0.075521
v 0.218308 -0.578599 -0.075945
v 0.218366 -0.579068 -0.076458
v 0.218412 -0.579441 -0.077045
v 0.218444 -0.579707 -0.077689
v 0.229859 -0.578305 -0.077689
v 0.229826 -0.578039 -0.077045
v 0.229780 -0.577666 -0.076458
v 0.229723 -0.577198 -0.075945
v 0.229655 -0.576648 -0.075521
v 0.229580 -0.576033 -0.075200
v 0.229498 -0.575373 -0.074992
v 0.229414 -0.574687 -0.074902
v 0.229329 -0.573995 -0.074934
v 0.229246 -0.573320 -0.075086
v 0.229168 -0.572681 -0.075354
v 0.229096 -0.572098 -0.075730
v 0.229034 -0.571589 -0.076202
v 0.228982 -0.571169 -0.076756
v 0.228943 -0.570850 -0.077375
v 0.228918 -0.570643 -0.078040
v 0.228907 -0.570554 -0.078732
v 0.228911 -0.570586 -0.079428
v 0.228929 -0.570737 -0.080109
v 0.218292 -0.578464 -0.051102
v 0.218273 -0.578313 -0.050422
v 0.218269 -0.578281 -0.049725
v 0.218280 -0.578370 -0.049034
v 0.218306 -0.578577 -0.048368
v 0.218345 -0.578896 -0.047749
v 0.218396 -0.579316 -0.047195
v 0.218459 -0.579825 -0.046723
v 0.218530 -0.580408 -0.046348
v 0.218609 -0.581047 -0.046080
v 0.218692 -0.581722 -0.045927
v 0.218777 -0.582414 -0.045896
v 0.218861 -0.583100 -0.045985
v 0.218942 -0.583761 -0.046194
v 0.219017 -0.584375 -0.046515
v 0.219085 -0.584925 -0.046938
v 0.219142 -0.585393 -0.047451
v 0.219188 -0.585766 -0.048038
v 0.219221 -0.586032 -0.048682
v 0.230635 -0.584631 -0.048682
v 0.230603 -0.584365 -0.048038
v 0.230557 -0.583992 -0.047451
v 0.230499 -0.583523 -0.046938
v 0.230432 -0.582973 -0.046515
v 0.230356 -0.582359 -0.046194
v 0.230275 -0.581699 -0.045985
v 0.230191 -0.581012 -0.045896
v 0.230106 -0.580321 -0.045927
v 0.230023 -0.579646 -0.046080
v 0.229945 -0.579007 -0.046348
v 0.229873 -0.578424 -0.046723
v 0.229811 -0.577914 -0.047195
v 0.229759 -0.577494 -0.047749
v 0.229720 -0.577176 -0.048368
v 0.229694 -0.576969 -0.049034
v 0.229684 -0.576880 -0.049725
v 0.229687 -0.576911 -0.050422
v 0.229706 -0.577062 -0.051102
v 0.214757 -0.549674 -0.044729
v 0.214738 -0.549523 -0.044049
v 0.214734 -0.549491 -0.043352
v 0.214745 -0.549580 -0.042661
v 0.214771 -0.549787 -0.041995
v 0.214810 -0.550105 -0.041376
v 0.214861 -0.550526 -0.040822
v 0.214924 -0.551035 -0.040350
v 0.214995 -0.551618 -0.039974
v 0.215074 -0.552257 -0.039706
v 0.215157 -0.552932 -0.039554
v 0.215242 -0.553623 -0.039522
v 0.215326 -0.554310 -0.039612
v 0.215407 -0.554970 -0.039821
v 0.215482 -0.555585 -0.040141
v 0.215550 -0.556134 -0.040565
v 0.215607 -0.556603 -0.041078
v 0.215653 -0.556976 -0.041665
v 0.215686 -0.557242 -0.042309
v 0.227100 -0.555840 -0.042309
v 0.227068 -0.555574 -0.041665
v 0.227022 -0.555201 -0.041078
v 0.226964 -0.554733 -0.040565
v 0.226897 -0.554183 -0.040141
v 0.226821 -0.553569 -0.039821
v 0.226740 -0.552908 -0.039612
v 0.226656 -0.552222 -0.039522
v 0.226571 -0.551531 -0.039554
v 0.226488 -0.550855 -0.039706
v 0.226410 -0.550216 -0.039974
v 0.226338 -0.549633 -0.040350
v 0.226276 -0.549124 -0.040822
v 0.226224 -0.548704 -0.041376
v 0.226185 -0.548385 -0.041995
v 0.226159 -0.548179 -0.042661
v 0.226148 -0.548090 -0.043352
v 0.226152 -0.548121 -0.044049
v 0.226171 -0.548272 -0.044729
v 0.204350 -0.596204 -0.051756
v 0.231645 -0.592852 -0.051756
v 0.197090 -0.537076 -0.070662
v 0.197345 -0.539155 -0.075691
v 0.197703 -0.542068 -0.080279
v 0.198152 -0.545728 -0.084289
v 0.198679 -0.550024 -0.087597
v 0.199269 -0.554824 -0.090103
v 0.199902 -0.559984 -0.091731
v 0.200561 -0.565346 -0.092432
v 0.201224 -0.570747 -0.092184
v 0.201872 -0.576023 -0.090995
v 0.202485 -0.581014 -0.088901
v 0.203044 -0.585568 -0.085965
v 0.203532 -0.589548 -0.082277
v 0.203936 -0.592831 -0.077950
v 0.204241 -0.595318 -0.073113
v 0.204439 -0.596935 -0.067915
v 0.204525 -0.597630 -0.062513
v 0.204495 -0.597384 -0.057071
v 0.224385 -0.533725 -0.070662
v 0.224640 -0.535803 -0.075691
v 0.224998 -0.538717 -0.080279
v 0.225447 -0.542377 -0.084289
v 0.225975 -0.546673 -0.087597
v 0.226564 -0.551473 -0.090103
v 0.227197 -0.556633 -0.091731
v 0.227856 -0.561994 -0.092432
v 0.228519 -0.567395 -0.092184
v 0.229167 -0.572672 -0.090995
v 0.229780 -0.577663 -0.088901
v 0.230339 -0.582217 -0.085965
v 0.230827 -0.586196 -0.082277
v 0.231231 -0.589480 -0.077950
v 0.231536 -0.591967 -0.073113
v 0.231734 -0.593583 -0.067915
v 0.231820 -0.594279 -0.062513
v 0.231790 -0.594033 -0.057071
v 0.231645 -0.592852 -0.051756
v 0.231389 -0.590774 -0.046727
v 0.231032 -0.587860 -0.042138
v 0.230582 -0.584200 -0.038129
v 0.230055 -0.579905 -0.034821
v 0.229465 -0.575104 -0.032315
v 0.228832 -0.569945 -0.030687
v 0.228174 -0.564583 -0.029986
v 0.227510 -0.559182 -0.030234
v 0.226863 -0.553906 -0.031423
v 0.226250 -0.548915 -0.033517
v 0.225691 -0.544360 -0.036453
v 0.225202 -0.540381 -0.040140
v 0.224799 -0.537098 -0.044468
v 0.224493 -0.534610 -0.049305
v 0.224295 -0.532994 -0.054503
v 0.224210 -0.532299 -0.059905
v 0.224240 -0.532545 -0.065346
v 0.224385 -0.533725 -0.070662
v 0.224640 -0.535803 -0.075691
v 0.224998 -0.538717 -0.080279
v 0.225447 -0.542377 -0.084289
v 0.225975 -0.546673 -0.087597
v 0.226564 -0.551473 -0.090103
v 0.227197 -0.556633 -0.091731
v 0.227856 -0.561994 -0.092432
v 0.228519 -0.567395 -0.092184
v 0.229167 -0.572672 -0.090995
v 0.229780 -0.577663 -0.088901
v 0.230339 -0.582217 -0.085965
v 0.230827 -0.586196 -0.082277
v 0.231231 -0.589480 -0.077950
v 0.231536 -0.591967 -0.073113
v 0.231734 -0.593583 -0.067915
v 0.231820 -0.594279 -0.062513
v 0.231790 -0.594033 -0.057071
v 0.226253 -0.548941 -0.055411
v 0.226270 -0.549082 -0.055753
v 0.226295 -0.549280 -0.056065
v 0.226325 -0.549529 -0.056337
v 0.226361 -0.549821 -0.056562
v 0.226401 -0.550147 -0.056733
v 0.226444 -0.550498 -0.056843
v 0.226489 -0.550863 -0.056891
v 0.226534 -0.551230 -0.056874
v 0.226578 -0.551589 -0.056793
v 0.226620 -0.551928 -0.056651
v 0.226658 -0.552238 -0.056451
v 0.226691 -0.552509 -0.056201
v 0.226719 -0.552732 -0.055906
v 0.226739 -0.552901 -0.055577
v 0.226753 -0.553011 -0.055224
v 0.226759 -0.553058 -0.054857
v 0.226757 -0.553042 -0.054487
v 0.226747 -0.552961 -0.054125
v 0.226729 -0.552820 -0.053783
v 0.226705 -0.552622 -0.053471
v 0.226674 -0.552373 -0.053198
v 0.226639 -0.552081 -0.052973
v 0.226598 -0.551754 -0.052803
v 0.226555 -0.551404 -0.052692
v 0.226511 -0.551039 -0.052645
v 0.226466 -0.550672 -0.052662
v 0.226421 -0.550313 -0.052742
v 0.226380 -0.549974 -0.052885
v 0.226342 -0.549664 -0.053084
v 0.226309 -0.549393 -0.053335
v 0.226281 -0.549170 -0.053629
v 0.226260 -0.549001 -0.053958
v 0.226247 -0.548891 -0.054312
v 0.226241 -0.548844 -0.054679
v 0.226243 -0.548860 -0.055049
v 0.227690 -0.560646 -0.047866
v 0.227708 -0.560787 -0.048208
v 0.227732 -0.560985 -0.048520
v 0.227762 -0.561234 -0.048793
v 0.227798 -0.561526 -0.049018
v 0.227838 -0.561853 -0.049188
v 0.227881 -0.562204 -0.049299
v 0.227926 -0.562568 -0.049347
v 0.227971 -0.562936 -0.049330
v 0.228015 -0.563294 -0.049249
v 0.228057 -0.563634 -0.049106
v 0.228095 -0.563943 -0.048907
v 0.228128 -0.564214 -0.048656
v 0.228156 -0.564437 -0.048362
v 0.228177 -0.564606 -0.048033
v 0.228190 -0.564716 -0.047679
v 0.228196 -0.564764 -0.047312
v 0.228194 -0.564747 -0.046942
v 0.228184 -0.564667 -0.046581
v 0.228167 -0.564525 -0.046239
v 0.228142 -0.564327 -0.045927
v 0.228112 -0.564078 -0.045654
v 0.228076 -0.563786 -0.045429
v 0.228036 -0.563460 -0.045259
v 0.227993 -0.563109 -0.045148
v 0.227948 -0.562744 -0.045100
v 0.227903 -0.562377 -0.045117
v 0.227859 -0.562018 -0.045198
v 0.227817 -0.561679 -0.045340
v 0.227779 -0.561369 -0.045540
v 0.227746 -0.561099 -0.045791
v 0.227718 -0.560875 -0.046085
v 0.227698 -0.560706 -0.046414
v 0.227684 -0.560596 -0.046767
v 0.227678 -0.560549 -0.047135
v 0.227680 -0.560566 -0.047505
v 0.229283 -0.573616 -0.068293
v 0.229300 -0.573757 -0.068635
v 0.229324 -0.573955 -0.068947
v 0.229355 -0.574204 -0.069219
v 0.229391 -0.574496 -0.069444
v 0.229431 -0.574823 -0.069615
v 0.229474 -0.575174 -0.069725
v 0.229519 -0.575538 -0.069773
v 0.229564 -0.575906 -0.069756
v 0.229608 -0.576264 -0.069675
v 0.229650 -0.576604 -0.069533
v 0.229688 -0.576913 -0.069333
v 0.229721 -0.577184 -0.069083
v 0.229748 -0.577407 -0.068788
v 0.229769 -0.577576 -0.068459
v 0.229783 -0.577686 -0.068106
v 0.229788 -0.577734 -0.067739
v 0.229786 -0.577717 -0.067369
v 0.229776 -0.577637 -0.067007
v 0.229759 -0.577495 -0.066665
v 0.229735 -0.577297 -0.066353
v 0.229704 -0.577048 -0.066080
v 0.229668 -0.576756 -0.065856
v 0.229628 -0.576430 -0.065685
v 0.229585 -0.576079 -0.065574
v 0.229540 -0.575714 -0.065527
v 0.229495 -0.575347 -0.065544
v 0.229451 -0.574988 -0.065624
v 0.229410 -0.574649 -0.065767
v 0.229372 -0.574339 -0.065966
v 0.229338 -0.574069 -0.066217
v 0.229311 -0.573845 -0.066511
v 0.229290 -0.573676 -0.066840
v 0.229277 -0.573566 -0.067194
v 0.229271 -0.573519 -0.067561
v 0.229273 -0.573536 -0.067931
v 0.227846 -0.561911 -0.075837
v 0.227863 -0.562052 -0.076179
v 0.227887 -0.562250 -0.076491
v 0.227918 -0.562499 -0.076764
v 0.227954 -0.562791 -0.076989
v 0.227994 -0.563118 -0.077159
v 0.228037 -0.563468 -0.077270
v 0.228082 -0.563833 -0.077318
v 0.228127 -0.564200 -0.077301
v 0.228171 -0.564559 -0.077220
v 0.228212 -0.564898 -0.077077
v 0.228250 -0.565208 -0.076878
v 0.228284 -0.565479 -0.076627
v 0.228311 -0.565702 -0.076333
v 0.228332 -0.565871 -0.076004
v 0.228345 -0.565981 -0.075650
v 0.228351 -0.566028 -0.075283
v 0.228349 -0.566012 -0.074913
v 0.228339 -0.565931 -0.074552
v 0.228322 -0.565790 -0.074210
v 0.228298 -0.565592 -0.073898
v 0.228267 -0.565343 -0.073625
v 0.228231 -0.565051 -0.073400
v 0.228191 -0.564724 -0.073230
v 0.228148 -0.564374 -0.073119
v 0.228103 -0.564009 -0.073071
v 0.228058 -0.563642 -0.073088
v 0.228014 -0.563283 -0.073169
v 0.227972 -0.562944 -0.073311
v 0.227934 -0.562634 -0.073511
v 0.227901 -0.562363 -0.073762
v 0.227874 -0.562140 -0.074056
v 0.227853 -0.561971 -0.074385
v 0.227839 -0.561861 -0.074738
v 0.227834 -0.561814 -0.075106
v 0.227836 -0.561830 -0.075476
v 0.226171 -0.548272 -0.044729
v 0.226204 -0.548538 -0.045373
v 0.226249 -0.548911 -0.045960
v 0.226307 -0.549380 -0.046473
v 0.226374 -0.549929 -0.046897
v 0.226450 -0.550544 -0.047217
v 0.226531 -0.551204 -0.047426
v 0.226615 -0.551891 -0.047516
v 0.226700 -0.552582 -0.047484
v 0.226783 -0.553257 -0.047332
v 0.226861 -0.553896 -0.047064
v 0.226933 -0.554479 -0.046688
v 0.226996 -0.554988 -0.046216
v 0.227047 -0.555409 -0.045662
v 0.227086 -0.555727 -0.045043
v 0.227112 -0.555934 -0.044377
v 0.227123 -0.556023 -0.043686
v 0.227119 -0.555991 -0.042989
v 0.227100 -0.555840 -0.042309
v 0.227068 -0.555574 -0.041665
v 0.227022 -0.555201 -0.041078
v 0.226964 -0.554733 -0.040565
v 0.226897 -0.554183 -0.040141
v 0.226821 -0.553569 -0.039821
v 0.226740 -0.552908 -0.039612
v 0.226656 -0.552222 -0.039522
v 0.226571 -0.551531 -0.039554
v 0.226488 -0.550855 -0.039706
v 0.226410 -0.550216 -0.039974
v 0.226338 -0.549633 -0.040350
v 0.226276 -0.549124 -0.040822
v 0.226224 -0.548704 -0.041376
v 0.226185 -0.548385 -0.041995
v 0.226159 -0.548179 -0.042661
v 0.226148 -0.548090 -0.043352
v 0.226152 -0.548121 -0.044049
v 0.229706 -0.577062 -0.051102
v 0.229739 -0.577329 -0.051746
v 0.229784 -0.577701 -0.052333
v 0.229842 -0.578170 -0.052846
v 0.229909 -0.578720 -0.053270
v 0.229985 -0.579334 -0.053591
v 0.230066 -0.579995 -0.053799
v 0.230150 -0.580681 -0.053889
v 0.230235 -0.581372 -0.053857
v 0.230318 -0.582048 -0.053705
v 0.230396 -0.582687 -0.053437
v 0.230468 -0.583269 -0.053061
v 0.230531 -0.583779 -0.052589
v 0.230582 -0.584199 -0.052035
v 0.230621 -0.584517 -0.051416
v 0.230647 -0.584724 -0.050751
v 0.230658 -0.584813 -0.050059
v 0.230654 -0.584782 -0.049363
v 0.230635 -0.584631 -0.048682
v 0.230603 -0.584365 -0.048038
v 0.230557 -0.583992 -0.047451
v 0.230499 -0.583523 -0.046938
v 0.230432 -0.582973 -0.046515
v 0.230356 -0.582359 -0.046194
v 0.230275 -0.581699 -0.045985
v 0.230191 -0.581012 -0.045896
v 0.230106 -0.580321 -0.045927
v 0.230023 -0.579646 -0.046080
v 0.229945 -0.579007 -0.046348
v 0.229873 -0.578424 -0.046723
v 0.229811 -0.577914 -0.047195
v 0.229759 -0.577494 -0.047749
v 0.229720 -0.577176 -0.048368
v 0.229694 -0.576969 -0.049034
v 0.229684 -0.576880 -0.049725
v 0.229687 -0.576911 -0.050422
v 0.228929 -0.570737 -0.080109
v 0.228962 -0.571003 -0.080752
v 0.229008 -0.571376 -0.081340
v 0.229065 -0.571844 -0.081853
v 0.229133 -0.572394 -0.082276
v 0.229208 -0.573009 -0.082597
v 0.229289 -0.573669 -0.082806
v 0.229374 -0.574355 -0.082895
v 0.229458 -0.575047 -0.082864
v 0.229541 -0.575722 -0.082711
v 0.229620 -0.576361 -0.082443
v 0.229691 -0.576944 -0.082068
v 0.229754 -0.577453 -0.081596
v 0.229805 -0.577873 -0.081042
v 0.229845 -0.578192 -0.080422
v 0.229870 -0.578399 -0.079757
v 0.229881 -0.578488 -0.079066
v 0.229877 -0.578456 -0.078369
v 0.229859 -0.578305 -0.077689
v 0.229826 -0.578039 -0.077045
v 0.229780 -0.577666 -0.076458
v 0.229723 -0.577198 -0.075945
v 0.229655 -0.576648 -0.075521
v 0.229580 -0.576033 -0.075200
v 0.229498 -0.575373 -0.074992
v 0.229414 -0.574687 -0.074902
v 0.229329 -0.573995 -0.074934
v 0.229246 -0.573320 -0.075086
v 0.229168 -0.572681 -0.075354
v 0.229096 -0.572098 -0.075730
v 0.229034 -0.571589 -0.076202
v 0.228982 -0.571169 -0.076756
v 0.228943 -0.570850 -0.077375
v 0.228918 -0.570643 -0.078040
v 0.228907 -0.570554 -0.078732
v 0.228911 -0.570586 -0.079428
v 0.225394 -0.541946 -0.073736
v 0.225427 -0.542212 -0.074379
v 0.225473 -0.542585 -0.074967
v 0.225530 -0.543054 -0.075480
v 0.225598 -0.543604 -0.075903
v 0.225673 -0.544218 -0.076224
v 0.225754 -0.544879 -0.076432
v 0.225839 -0.545565 -0.076522
v 0.225923 -0.546256 -0.076490
v 0.226006 -0.546932 -0.076338
v 0.226085 -0.547570 -0.076070
v 0.226156 -0.548153 -0.075694
v 0.226219 -0.548663 -0.075222
v 0.226270 -0.549083 -0.074668
v 0.226310 -0.549401 -0.074049
v 0.226335 -0.549608 -0.073384
v 0.226346 -0.549697 -0.072693
v 0.226342 -0.549666 -0.071996
v 0.226323 -0.549515 -0.071316
v 0.226291 -0.549249 -0.070672
v 0.226245 -0.548876 -0.070085
v 0.226188 -0.548407 -0.069571
v 0.226120 -0.547857 -0.069148
v 0.226045 -0.547243 -0.068827
v 0.225963 -0.546583 -0.068619
v 0.225879 -0.545896 -0.068529
v 0.225794 -0.545205 -0.068561
v 0.225711 -0.544530 -0.068713
v 0.225633 -0.543891 -0.068981
v 0.225561 -0.543308 -0.069357
v 0.225499 -0.542798 -0.069829
v 0.225447 -0.542378 -0.070383
v 0.225408 -0.542060 -0.071002
v 0.225383 -0.541853 -0.071667
v 0.225372 -0.541764 -0.072359
v 0.225376 -0.541795 -0.073055
v 0.215790 -0.558093 -0.042037
v 0.215750 -0.557767 -0.041248
v 0.215694 -0.557311 -0.040529
v 0.215624 -0.556737 -0.039900
v 0.215541 -0.556063 -0.039381
v 0.215449 -0.555310 -0.038988
v 0.215349 -0.554501 -0.038733
v 0.215246 -0.553661 -0.038623
v 0.215142 -0.552814 -0.038662
v 0.215041 -0.551987 -0.038849
v 0.214945 -0.551204 -0.039177
v 0.214857 -0.550490 -0.039637
v 0.214780 -0.549866 -0.040215
v 0.214717 -0.549351 -0.040894
v 0.214669 -0.548961 -0.041652
v 0.214638 -0.548708 -0.042467
v 0.214625 -0.548599 -0.043315
v 0.214629 -0.548637 -0.044168
v 0.214652 -0.548822 -0.045001
v 0.214692 -0.549148 -0.045790
v 0.214748 -0.549605 -0.046509
v 0.214819 -0.550179 -0.047138
v 0.214901 -0.550852 -0.047657
v 0.214994 -0.551605 -0.048050
v 0.215093 -0.552414 -0.048305
v 0.215196 -0.553255 -0.048415
v 0.215300 -0.554102 -0.048376
v 0.215402 -0.554929 -0.048189
v 0.215498 -0.555712 -0.047861
v 0.215586 -0.556426 -0.047401
v 0.215662 -0.557050 -0.046823
v 0.215726 -0.557564 -0.046144
v 0.215773 -0.557955 -0.045386
v 0.215805 -0.558208 -0.044571
v 0.215818 -0.558317 -0.043723
v 0.215813 -0.558278 -0.042870
v 0.215686 -0.557242 -0.042309
v 0.215704 -0.557393 -0.042989
v 0.215708 -0.557424 -0.043686
v 0.215697 -0.557335 -0.044377
v 0.215672 -0.557129 -0.045043
v 0.215633 -0.556810 -0.045662
v 0.215581 -0.556390 -0.046216
v 0.215519 -0.555881 -0.046688
v 0.215447 -0.555298 -0.047064
v 0.215369 -0.554659 -0.047332
v 0.215286 -0.553983 -0.047484
v 0.215201 -0.553292 -0.047516
v 0.215117 -0.552606 -0.047426
v 0.215036 -0.551945 -0.047217
v 0.214960 -0.551331 -0.046897
v 0.214893 -0.550781 -0.046473
v 0.214835 -0.550313 -0.045960
v 0.214789 -0.549940 -0.045373
v 0.214757 -0.549674 -0.044729
v 0.214738 -0.549523 -0.044049
v 0.214734 -0.549491 -0.043352
v 0.214745 -0.549580 -0.042661
v 0.214771 -0.549787 -0.041995
v 0.214810 -0.550105 -0.041376
v 0.214861 -0.550526 -0.040822
v 0.214924 -0.551035 -0.040350
v 0.214995 -0.551618 -0.039974
v 0.215074 -0.552257 -0.039706
v 0.215157 -0.552932 -0.039554
v 0.215242 -0.553623 -0.039522
v 0.215326 -0.554310 -0.039612
v 0.215407 -0.554970 -0.039821
v 0.215482 -0.555585 -0.040141
v 0.215550 -0.556134 -0.040565
v 0.215607 -0.556603 -0.041078
v 0.215653 -0.556976 -0.041665
v 0.199910 -0.560043 -0.042037
v 0.199870 -0.559717 -0.041248
v 0.199814 -0.559261 -0.040529
v 0.199743 -0.558687 -0.039900
v 0.199660 -0.558013 -0.039381
v 0.199568 -0.557260 -0.038988
v 0.199469 -0.556451 -0.038733
v 0.199365 -0.555611 -0.038623
v 0.199261 -0.554764 -0.038662
v 0.199160 -0.553936 -0.038849
v 0.199064 -0.553154 -0.039177
v 0.198976 -0.552440 -0.039637
v 0.198899 -0.551816 -0.040215
v 0.198836 -0.551301 -0.040894
v 0.198788 -0.550911 -0.041652
v 0.198757 -0.550657 -0.042467
v 0.198744 -0.550548 -0.043315
v 0.198749 -0.550587 -0.044168
v 0.198771 -0.550772 -0.045001
v 0.215790 -0.558093 -0.042037
v 0.215750 -0.557767 -0.041248
v 0.215694 -0.557311 -0.040529
v 0.215624 -0.556737 -0.039900
v 0.215541 -0.556063 -0.039381
v 0.215449 -0.555310 -0.038988
v 0.215349 -0.554501 -0.038733
v 0.215246 -0.553661 -0.038623
v 0.215142 -0.552814 -0.038662
v 0.215041 -0.551987 -0.038849
v 0.214945 -0.551204 -0.039177
v 0.214857 -0.550490 -0.039637
v 0.214780 -0.549866 -0.040215
v 0.214717 -0.549351 -0.040894
v 0.214669 -0.548961 -0.041652
v 0.214638 -0.548708 -0.042467
v 0.214625 -0.548599 -0.043315
v 0.214629 -0.548637 -0.044168
v 0.214652 -0.548822 -0.045001
v 0.219325 -0.586884 -0.048410
v 0.219285 -0.586558 -0.047621
v 0.219229 -0.586101 -0.046902
v 0.219159 -0.585527 -0.046273
v 0.219076 -0.584854 -0.045755
v 0.218984 -0.584101 -0.045362
v 0.218884 -0.583292 -0.045106
v 0.218781 -0.582451 -0.044996
v 0.218677 -0.581604 -0.045035
v 0.218576 -0.580777 -0.045222
v 0.218480 -0.579994 -0.045550
v 0.218392 -0.579280 -0.046010
v 0.218315 -0.578656 -0.046589
v 0.218252 -0.578141 -0.047267
v 0.218204 -0.577751 -0.048026
v 0.218173 -0.577498 -0.048841
v 0.218160 -0.577389 -0.049688
v 0.218164 -0.577427 -0.050541
v 0.218187 -0.577613 -0.051374
v 0.218227 -0.577938 -0.052163
v 0.218283 -0.578395 -0.052882
v 0.218354 -0.578969 -0.053511
v 0.218436 -0.579643 -0.054030
v 0.218529 -0.580395 -0.054423
v 0.218628 -0.581204 -0.054678
v 0.218731 -0.582045 -0.054788
v 0.218835 -0.582892 -0.054749
v 0.218937 -0.583719 -0.054563
v 0.219033 -0.584502 -0.054234
v 0.219121 -0.585216 -0.053774
v 0.219197 -0.585840 -0.053196
v 0.219261 -0.586355 -0.052517
v 0.219308 -0.586745 -0.051759
v 0.219340 -0.586998 -0.050944
v 0.219353 -0.587107 -0.050097
v 0.219348 -0.587069 -0.049243
v 0.219221 -0.586032 -0.048682
v 0.219239 -0.586183 -0.049363
v 0.219243 -0.586215 -0.050059
v 0.219232 -0.586126 -0.050751
v 0.219207 -0.585919 -0.051416
v 0.219168 -0.585601 -0.052035
v 0.219116 -0.585180 -0.052589
v 0.219054 -0.584671 -0.053061
v 0.218982 -0.584088 -0.053437
v 0.218904 -0.583449 -0.053705
v 0.218821 -0.582774 -0.053857
v 0.218736 -0.582082 -0.053889
v 0.218652 -0.581396 -0.053799
v 0.218571 -0.580736 -0.053591
v 0.218495 -0.580121 -0.053270
v 0.218428 -0.579571 -0.052846
v 0.218370 -0.579103 -0.052333
v 0.218324 -0.578730 -0.051746
v 0.218292 -0.578464 -0.051102
v 0.218273 -0.578313 -0.050422
v 0.218269 -0.578281 -0.049725
v 0.218280 -0.578370 -0.049034
v 0.218306 -0.578577 -0.048368
v 0.218345 -0.578896 -0.047749
v 0.218396 -0.579316 -0.047195
v 0.218459 -0.579825 -0.046723
v 0.218530 -0.580408 -0.046348
v 0.218609 -0.581047 -0.046080
v 0.218692 -0.581722 -0.045927
v 0.218777 -0.582414 -0.045896
v 0.218861 -0.583100 -0.045985
v 0.218942 -0.583761 -0.046194
v 0.219017 -0.584375 -0.046515
v 0.219085 -0.584925 -0.046938
v 0.219142 -0.585393 -0.047451
v 0.219188 -0.585766 -0.048038
v 0.203445 -0.588834 -0.048410
v 0.203405 -0.588508 -0.047621
v 0.203349 -0.588051 -0.046902
v 0.203278 -0.587477 -0.046273
v 0.203195 -0.586803 -0.045755
v 0.203103 -0.586051 -0.045362
v 0.203004 -0.585242 -0.045106
v 0.202900 -0.584401 -0.044996
v 0.202796 -0.583554 -0.045035
v 0.202695 -0.582727 -0.045222
v 0.202599 -0.581944 -0.045550
v 0.202511 -0.581230 -0.046010
v 0.202435 -0.580606 -0.046589
v 0.202371 -0.580091 -0.047267
v 0.202323 -0.579701 -0.048026
v 0.202292 -0.579448 -0.048841
v 0.202279 -0.579339 -0.049688
v 0.202284 -0.579377 -0.050541
v 0.202306 -0.579562 -0.051374
v 0.219325 -0.586884 -0.048410
v 0.219285 -0.586558 -0.047621
v 0.219229 -0.586101 -0.046902
v 0.219159 -0.585527 -0.046273
v 0.219076 -0.584854 -0.045755
v 0.218984 -0.584101 -0.045362
v 0.218884 -0.583292 -0.045106
v 0.218781 -0.582451 -0.044996
v 0.218677 -0.581604 -0.045035
v 0.218576 -0.580777 -0.045222
v 0.218480 -0.579994 -0.045550
v 0.218392 -0.579280 -0.046010
v 0.218315 -0.578656 -0.046589
v 0.218252 -0.578141 -0.047267
v 0.218204 -0.577751 -0.048026
v 0.218173 -0.577498 -0.048841
v 0.218160 -0.577389 -0.049688
v 0.218164 -0.577427 -0.050541
v 0.218187 -0.577613 -0.051374
v 0.218549 -0.580558 -0.077416
v 0.218509 -0.580232 -0.076628
v 0.218453 -0.579775 -0.075908
v 0.218382 -0.579201 -0.075280
v 0.218299 -0.578528 -0.074761
v 0.218207 -0.577775 -0.074368
v 0.218108 -0.576966 -0.074113
v 0.218005 -0.576125 -0.074003
v 0.217901 -0.575279 -0.074042
v 0.217799 -0.574451 -0.074228
v 0.217703 -0.573669 -0.074557
v 0.217615 -0.572955 -0.075017
v 0.217539 -0.572331 -0.075595
v 0.217475 -0.571816 -0.076274
v 0.217427 -0.571426 -0.077032
v 0.217396 -0.571172 -0.077847
v 0.217383 -0.571063 -0.078694
v 0.217388 -0.571102 -0.079547
v 0.217410 -0.571287 -0.080381
v 0.217450 -0.571613 -0.081170
v 0.217507 -0.572070 -0.081889
v 0.217577 -0.572644 -0.082518
v 0.217660 -0.573317 -0.083036
v 0.217752 -0.574070 -0.083429
v 0.217851 -0.574879 -0.083685
v 0.217955 -0.575720 -0.083794
v 0.218059 -0.576566 -0.083756
v 0.218160 -0.577394 -0.083569
v 0.218256 -0.578176 -0.083241
v 0.218344 -0.578890 -0.082781
v 0.218421 -0.579514 -0.082202
v 0.218484 -0.580029 -0.081524
v 0.218532 -0.580419 -0.080765
v 0.218563 -0.580673 -0.079950
v 0.218576 -0.580782 -0.079103
v 0.218571 -0.580743 -0.078250
v 0.218444 -0.579707 -0.077689
v 0.218463 -0.579858 -0.078369
v 0.218467 -0.579889 -0.079066
v 0.218456 -0.579800 -0.079757
v 0.218430 -0.579593 -0.080422
v 0.218391 -0.579275 -0.081042
v 0.218340 -0.578855 -0.081596
v 0.218277 -0.578345 -0.082068
v 0.218205 -0.577762 -0.082443
v 0.218127 -0.577124 -0.082711
v 0.218044 -0.576448 -0.082864
v 0.217959 -0.575757 -0.082895
v 0.217875 -0.575071 -0.082806
v 0.217794 -0.574410 -0.082597
v 0.217718 -0.573796 -0.082276
v 0.217651 -0.573246 -0.081853
v 0.217593 -0.572777 -0.081340
v 0.217548 -0.572404 -0.080752
v 0.217515 -0.572138 -0.080109
v 0.217496 -0.571987 -0.079428
v 0.217493 -0.571956 -0.078732
v 0.217503 -0.572045 -0.078040
v 0.217529 -0.572252 -0.077375
v 0.217568 -0.572570 -0.076756
v 0.217620 -0.572990 -0.076202
v 0.217682 -0.573500 -0.075730
v 0.217754 -0.574083 -0.075354
v 0.217832 -0.574721 -0.075086
v 0.217915 -0.575397 -0.074934
v 0.218000 -0.576088 -0.074902
v 0.218084 -0.576774 -0.074992
v 0.218165 -0.577435 -0.075200
v 0.218241 -0.578049 -0.075521
v 0.218308 -0.578599 -0.075945
v 0.218366 -0.579068 -0.076458
v 0.218412 -0.579441 -0.077045
v 0.202668 -0.582508 -0.077416
v 0.202628 -0.582182 -0.076628
v 0.202572 -0.581725 -0.075908
v 0.202501 -0.581151 -0.075280
v 0.202419 -0.580478 -0.074761
v 0.202326 -0.579725 -0.074368
v 0.202227 -0.578916 -0.074113
v 0.202124 -0.578075 -0.074003
v 0.202020 -0.577228 -0.074042
v 0.201918 -0.576401 -0.074228
v 0.201822 -0.575619 -0.074557
v 0.201734 -0.574904 -0.075017
v 0.201658 -0.574280 -0.075595
v 0.201595 -0.573766 -0.076274
v 0.201547 -0.573376 -0.077032
v 0.201516 -0.573122 -0.077847
v 0.201502 -0.573013 -0.078694
v 0.201507 -0.573052 -0.079547
v 0.201530 -0.573237 -0.080381
v 0.218549 -0.580558 -0.077416
v 0.218509 -0.580232 -0.076628
v 0.218453 -0.579775 -0.075908
v 0.218382 -0.579201 -0.075280
v 0.218299 -0.578528 -0.074761
v 0.218207 -0.577775 -0.074368
v 0.218108 -0.576966 -0.074113
v 0.218005 -0.576125 -0.074003
v 0.217901 -0.575279 -0.074042
v 0.217799 -0.574451 -0.074228
v 0.217703 -0.573669 -0.074557
v 0.217615 -0.572955 -0.075017
v 0.217539 -0.572331 -0.075595
v 0.217475 -0.571816 -0.076274
v 0.217427 -0.571426 -0.077032
v 0.217396 -0.571172 -0.077847
v 0.217383 -0.571063 -0.078694
v 0.217388 -0.571102 -0.079547
v 0.217410 -0.571287 -0.080381
v 0.215014 -0.551768 -0.071043
v 0.214974 -0.551442 -0.070255
v 0.214918 -0.550985 -0.069535
v 0.214847 -0.550411 -0.068907
v 0.214764 -0.549738 -0.068388
v 0.214672 -0.548985 -0.067995
v 0.214573 -0.548176 -0.067740
v 0.214469 -0.547335 -0.067630
v 0.214366 -0.546488 -0.067669
v 0.214264 -0.545661 -0.067855
v 0.214168 -0.544878 -0.068184
v 0.214080 -0.544164 -0.068644
v 0.214004 -0.543540 -0.069222
v 0.213940 -0.543025 -0.069901
v 0.213892 -0.542635 -0.070659
v 0.213861 -0.542382 -0.071474
v 0.213848 -0.542273 -0.072321
v 0.213853 -0.542311 -0.073174
v 0.213875 -0.542497 -0.074008
v 0.213915 -0.542822 -0.074796
v 0.213971 -0.543279 -0.075516
v 0.214042 -0.543853 -0.076145
v 0.214125 -0.544527 -0.076663
v 0.214217 -0.545279 -0.077056
v 0.214316 -0.546088 -0.077311
v 0.214420 -0.546929 -0.077421
v 0.214524 -0.547776 -0.077382
v 0.214625 -0.548603 -0.077196
v 0.214721 -0.549386 -0.076868
v 0.214809 -0.550100 -0.076407
v 0.214886 -0.550724 -0.075829
v 0.214949 -0.551239 -0.075151
v 0.214997 -0.551629 -0.074392
v 0.215028 -0.551882 -0.073577
v 0.215041 -0.551991 -0.072730
v 0.215036 -0.551953 -0.071877
v 0.214909 -0.550916 -0.071316
v 0.214928 -0.551067 -0.071996
v 0.214932 -0.551099 -0.072693
v 0.214921 -0.551010 -0.073384
v 0.214895 -0.550803 -0.074049
v 0.214856 -0.550485 -0.074668
v 0.214805 -0.550064 -0.075222
v 0.214742 -0.549555 -0.075694
v 0.214670 -0.548972 -0.076070
v 0.214592 -0.548333 -0.076338
v 0.214509 -0.547658 -0.076490
v 0.214424 -0.546966 -0.076522
v 0.214340 -0.546280 -0.076432
v 0.214259 -0.545620 -0.076224
v 0.214183 -0.545005 -0.075903
v 0.214116 -0.544455 -0.075480
v 0.214058 -0.543987 -0.074967
v 0.214013 -0.543614 -0.074379
v 0.213980 -0.543348 -0.073736
v 0.213961 -0.543197 -0.073055
v 0.213958 -0.543165 -0.072359
v 0.213968 -0.543254 -0.071667
v 0.213994 -0.543461 -0.071002
v 0.214033 -0.543780 -0.070383
v 0.214085 -0.544200 -0.069829
v 0.214147 -0.544709 -0.069357
v 0.214219 -0.545292 -0.068981
v 0.214297 -0.545931 -0.068713
v 0.214380 -0.546606 -0.068561
v 0.214465 -0.547298 -0.068529
v 0.214549 -0.547984 -0.068619
v 0.214630 -0.548645 -0.068827
v 0.214706 -0.549259 -0.069148
v 0.214773 -0.549809 -0.069571
v 0.214831 -0.550277 -0.070085
v 0.214877 -0.550650 -0.070672
v 0.199133 -0.553718 -0.071043
v 0.199093 -0.553392 -0.070255
v 0.199037 -0.552935 -0.069535
v 0.198966 -0.552361 -0.068907
v 0.198884 -0.551687 -0.068388
v 0.198791 -0.550935 -0.067995
v 0.198692 -0.550126 -0.067740
v 0.198589 -0.549285 -0.067630
v 0.198485 -0.548438 -0.067669
v 0.198383 -0.547611 -0.067855
v 0.198287 -0.546828 -0.068184
v 0.198199 -0.546114 -0.068644
v 0.198123 -0.545490 -0.069222
v 0.198060 -0.544975 -0.069901
v 0.198012 -0.544585 -0.070659
v 0.197981 -0.544332 -0.071474
v 0.197967 -0.544223 -0.072321
v 0.197972 -0.544261 -0.073174
v 0.197995 -0.544446 -0.074008
v 0.215014 -0.551768 -0.071043
v 0.214974 -0.551442 -0.070255
v 0.214918 -0.550985 -0.069535
v 0.214847 -0.550411 -0.068907
v 0.214764 -0.549738 -0.068388
v 0.214672 -0.548985 -0.067995
v 0.214573 -0.548176 -0.067740
v 0.214469 -0.547335 -0.067630
v 0.214366 -0.546488 -0.067669
v 0.214264 -0.545661 -0.067855
v 0.214168 -0.544878 -0.068184
v 0.214080 -0.544164 -0.068644
v 0.214004 -0.543540 -0.069222
v 0.213940 -0.543025 -0.069901
v 0.213892 -0.542635 -0.070659
v 0.213861 -0.542382 -0.071474
v 0.213848 -0.542273 -0.072321
v 0.213853 -0.542311 -0.073174
v 0.213875 -0.542497 -0.074008
v 0.218394 -0.554683 -0.053906
v 0.218371 -0.554493 -0.053447
v 0.218338 -0.554228 -0.053029
v 0.218297 -0.553894 -0.052663
v 0.218249 -0.553502 -0.052361
v 0.218195 -0.553064 -0.052133
v 0.218138 -0.552594 -0.051984
v 0.218078 -0.552105 -0.051920
v 0.218017 -0.551612 -0.051943
v 0.217958 -0.551131 -0.052051
v 0.217902 -0.550676 -0.052242
v 0.217851 -0.550261 -0.052510
v 0.217807 -0.549898 -0.052846
v 0.217770 -0.549598 -0.053241
v 0.217742 -0.549371 -0.053682
v 0.217724 -0.549224 -0.054156
v 0.217716 -0.549161 -0.054649
v 0.217719 -0.549183 -0.055145
v 0.217732 -0.549291 -0.055630
v 0.217755 -0.549480 -0.056089
v 0.217788 -0.549746 -0.056507
v 0.217829 -0.550080 -0.056873
v 0.217877 -0.550471 -0.057174
v 0.217931 -0.550909 -0.057403
v 0.217989 -0.551380 -0.057551
v 0.218049 -0.551869 -0.057615
v 0.218109 -0.552361 -0.057593
v 0.218168 -0.552843 -0.057484
v 0.218224 -0.553298 -0.057293
v 0.218275 -0.553713 -0.057026
v 0.218320 -0.554076 -0.056689
v 0.218356 -0.554375 -0.056295
v 0.218384 -0.554602 -0.055854
v 0.218402 -0.554750 -0.055379
v 0.218410 -0.554813 -0.054887
v 0.218407 -0.554791 -0.054391
v 0.218310 -0.553997 -0.054125
v 0.218320 -0.554077 -0.054487
v 0.218322 -0.554094 -0.054857
v 0.218316 -0.554047 -0.055224
v 0.218303 -0.553937 -0.055577
v 0.218282 -0.553768 -0.055906
v 0.218254 -0.553545 -0.056201
v 0.218221 -0.553274 -0.056451
v 0.218183 -0.552964 -0.056651
v 0.218142 -0.552625 -0.056793
v 0.218097 -0.552266 -0.056874
v 0.218052 -0.551899 -0.056891
v 0.218008 -0.551534 -0.056843
v 0.217965 -0.551183 -0.056733
v 0.217924 -0.550857 -0.056562
v 0.217889 -0.550565 -0.056337
v 0.217858 -0.550316 -0.056065
v 0.217834 -0.550118 -0.055753
v 0.217816 -0.549976 -0.055411
v 0.217806 -0.549896 -0.055049
v 0.217804 -0.549880 -0.054679
v 0.217810 -0.549927 -0.054312
v 0.217824 -0.550037 -0.053958
v 0.217845 -0.550206 -0.053629
v 0.217872 -0.550429 -0.053335
v 0.217905 -0.550700 -0.053084
v 0.217943 -0.551009 -0.052885
v 0.217985 -0.551349 -0.052742
v 0.218029 -0.551708 -0.052662
v 0.218074 -0.552075 -0.052645
v 0.218119 -0.552439 -0.052692
v 0.218162 -0.552790 -0.052803
v 0.218202 -0.553117 -0.052973
v 0.218238 -0.553409 -0.053198
v 0.218268 -0.553658 -0.053471
v 0.218293 -0.553856 -0.053783
v 0.219831 -0.566388 -0.046361
v 0.219808 -0.566199 -0.045903
v 0.219776 -0.565933 -0.045484
v 0.219735 -0.565599 -0.045118
v 0.219686 -0.565208 -0.044817
v 0.219633 -0.564770 -0.044588
v 0.219575 -0.564299 -0.044440
v 0.219515 -0.563810 -0.044376
v 0.219454 -0.563318 -0.044398
v 0.219395 -0.562836 -0.044507
v 0.219339 -0.562381 -0.044698
v 0.219288 -0.561966 -0.044966
v 0.219244 -0.561603 -0.045302
v 0.219207 -0.561304 -0.045697
v 0.219179 -0.561077 -0.046138
v 0.219161 -0.560929 -0.046612
v 0.219153 -0.560866 -0.047104
v 0.219156 -0.560888 -0.047601
v 0.219169 -0.560996 -0.048086
v 0.219193 -0.561186 -0.048544
v 0.219225 -0.561451 -0.048963
v 0.219266 -0.561785 -0.049328
v 0.219314 -0.562177 -0.049630
v 0.219368 -0.562615 -0.049858
v 0.219426 -0.563085 -0.050007
v 0.219486 -0.563574 -0.050071
v 0.219546 -0.564067 -0.050048
v 0.219605 -0.564548 -0.049940
v 0.219661 -0.565003 -0.049749
v 0.219712 -0.565418 -0.049481
v 0.219757 -0.565781 -0.049145
v 0.219794 -0.566081 -0.048750
v 0.219822 -0.566308 -0.048309
v 0.219840 -0.566455 -0.047835
v 0.219847 -0.566518 -0.047342
v 0.219845 -0.566496 -0.046846
v 0.219747 -0.565703 -0.046581
v 0.219757 -0.565783 -0.046942
v 0.219759 -0.565799 -0.047312
v 0.219753 -0.565752 -0.047679
v 0.219740 -0.565642 -0.048033
v 0.219719 -0.565473 -0.048362
v 0.219692 -0.565250 -0.048656
v 0.219658 -0.564979 -0.048907
v 0.219620 -0.564670 -0.049106
v 0.219579 -0.564330 -0.049249
v 0.219535 -0.563971 -0.049330
v 0.219490 -0.563604 -0.049347
v 0.219445 -0.563240 -0.049299
v 0.219402 -0.562889 -0.049188
v 0.219362 -0.562562 -0.049018
v 0.219326 -0.562270 -0.048793
v 0.219295 -0.562021 -0.048520
v 0.219271 -0.561823 -0.048208
v 0.219254 -0.561682 -0.047866
v 0.219244 -0.561602 -0.047505
v 0.219242 -0.561585 -0.047135
v 0.219247 -0.561632 -0.046767
v 0.219261 -0.561742 -0.046414
v 0.219282 -0.561911 -0.046085
v 0.219309 -0.562134 -0.045791
v 0.219342 -0.562405 -0.045540
v 0.219380 -0.562715 -0.045340
v 0.219422 -0.563054 -0.045198
v 0.219466 -0.563413 -0.045117
v 0.219511 -0.563780 -0.045100
v 0.219556 -0.564145 -0.045148
v 0.219599 -0.564496 -0.045259
v 0.219639 -0.564822 -0.045429
v 0.219675 -0.565114 -0.045654
v 0.219706 -0.565363 -0.045927
v 0.219730 -0.565561 -0.046239
v 0.221424 -0.579358 -0.066788
v 0.221401 -0.579169 -0.066329
v 0.221368 -0.578903 -0.065911
v 0.221327 -0.578569 -0.065545
v 0.221279 -0.578178 -0.065243
v 0.221225 -0.577740 -0.065015
v 0.221167 -0.577269 -0.064866
v 0.221107 -0.576780 -0.064802
v 0.221047 -0.576288 -0.064825
v 0.220988 -0.575806 -0.064933
v 0.220932 -0.575351 -0.065124
v 0.220881 -0.574936 -0.065392
v 0.220836 -0.574573 -0.065728
v 0.220800 -0.574274 -0.066123
v 0.220772 -0.574047 -0.066564
v 0.220754 -0.573899 -0.067038
v 0.220746 -0.573836 -0.067531
v 0.220749 -0.573858 -0.068027
v 0.220762 -0.573966 -0.068512
v 0.220785 -0.574156 -0.068971
v 0.220818 -0.574421 -0.069389
v 0.220859 -0.574755 -0.069755
v 0.220907 -0.575147 -0.070056
v 0.220961 -0.575585 -0.070285
v 0.221018 -0.576055 -0.070433
v 0.221078 -0.576544 -0.070497
v 0.221139 -0.577037 -0.070475
v 0.221198 -0.577518 -0.070366
v 0.221254 -0.577973 -0.070175
v 0.221305 -0.578388 -0.069908
v 0.221349 -0.578751 -0.069571
v 0.221386 -0.579051 -0.069177
v 0.221414 -0.579278 -0.068736
v 0.221432 -0.579425 -0.068261
v 0.221440 -0.579489 -0.067769
v 0.221437 -0.579466 -0.067273
v 0.221340 -0.578673 -0.067007
v 0.221350 -0.578753 -0.067369
v 0.221352 -0.578770 -0.067739
v 0.221346 -0.578722 -0.068106
v 0.221332 -0.578612 -0.068459
v 0.221312 -0.578443 -0.068788
v 0.221284 -0.578220 -0.069083
v 0.221251 -0.577949 -0.069333
v 0.221213 -0.577640 -0.069533
v 0.221171 -0.577300 -0.069675
v 0.221127 -0.576941 -0.069756
v 0.221082 -0.576574 -0.069773
v 0.221037 -0.576210 -0.069725
v 0.220994 -0.575859 -0.069615
v 0.220954 -0.575532 -0.069444
v 0.220918 -0.575240 -0.069219
v 0.220888 -0.574991 -0.068947
v 0.220863 -0.574793 -0.068635
v 0.220846 -0.574652 -0.068293
v 0.220836 -0.574572 -0.067931
v 0.220834 -0.574555 -0.067561
v 0.220840 -0.574602 -0.067194
v 0.220853 -0.574712 -0.066840
v 0.220874 -0.574881 -0.066511
v 0.220902 -0.575104 -0.066217
v 0.220935 -0.575375 -0.065966
v 0.220973 -0.575685 -0.065767
v 0.221015 -0.576024 -0.065624
v 0.221059 -0.576383 -0.065544
v 0.221104 -0.576750 -0.065527
v 0.221149 -0.577115 -0.065574
v 0.221192 -0.577466 -0.065685
v 0.221232 -0.577792 -0.065856
v 0.221268 -0.578084 -0.066080
v 0.221298 -0.578333 -0.066353
v 0.221322 -0.578531 -0.066665
v 0.219987 -0.567653 -0.074332
v 0.219963 -0.567464 -0.073874
v 0.219931 -0.567198 -0.073455
v 0.219890 -0.566864 -0.073089
v 0.219842 -0.566472 -0.072788
v 0.219788 -0.566034 -0.072559
v 0.219730 -0.565564 -0.072411
v 0.219670 -0.565075 -0.072347
v 0.219610 -0.564582 -0.072369
v 0.219551 -0.564101 -0.072478
v 0.219495 -0.563646 -0.072669
v 0.219444 -0.563231 -0.072937
v 0.219399 -0.562868 -0.073273
v 0.219362 -0.562568 -0.073668
v 0.219335 -0.562341 -0.074109
v 0.219316 -0.562194 -0.074583
v 0.219309 -0.562131 -0.075075
v 0.219311 -0.562153 -0.075572
v 0.219325 -0.562261 -0.076057
v 0.219348 -0.562450 -0.076515
v 0.219381 -0.562716 -0.076934
v 0.219422 -0.563050 -0.077299
v 0.219470 -0.563441 -0.077601
v 0.219523 -0.563879 -0.077829
v 0.219581 -0.564350 -0.077978
v 0.219641 -0.564839 -0.078042
v 0.219702 -0.565331 -0.078019
v 0.219761 -0.565813 -0.077911
v 0.219817 -0.566268 -0.077720
v 0.219868 -0.566683 -0.077452
v 0.219912 -0.567046 -0.077116
v 0.219949 -0.567345 -0.076721
v 0.219977 -0.567572 -0.076280
v 0.219995 -0.567720 -0.075806
v 0.220003 -0.567783 -0.075313
v 0.220000 -0.567761 -0.074817
v 0.219903 -0.566967 -0.074552
v 0.219912 -0.567047 -0.074913
v 0.219914 -0.567064 -0.075283
v 0.219909 -0.567017 -0.075650
v 0.219895 -0.566907 -0.076004
v 0.219874 -0.566738 -0.076333
v 0.219847 -0.566515 -0.076627
v 0.219814 -0.566244 -0.076878
v 0.219776 -0.565934 -0.077077
v 0.219734 -0.565595 -0.077220
v 0.219690 -0.565236 -0.077301
v 0.219645 -0.564869 -0.077318
v 0.219600 -0.564504 -0.077270
v 0.219557 -0.564153 -0.077159
v 0.219517 -0.563827 -0.076989
v 0.219481 -0.563535 -0.076764
v 0.219451 -0.563286 -0.076491
v 0.219426 -0.563088 -0.076179
v 0.219409 -0.562947 -0.075837
v 0.219399 -0.562866 -0.075476
v 0.219397 -0.562850 -0.075106
v 0.219403 -0.562897 -0.074738
v 0.219416 -0.563007 -0.074385
v 0.219437 -0.563176 -0.074056
v 0.219464 -0.563399 -0.073762
v 0.219498 -0.563670 -0.073511
v 0.219536 -0.563979 -0.073311
v 0.219577 -0.564319 -0.073169
v 0.219621 -0.564678 -0.073088
v 0.219667 -0.565045 -0.073071
v 0.219711 -0.565409 -0.073119
v 0.219754 -0.565760 -0.073230
v 0.219794 -0.566087 -0.073400
v 0.219830 -0.566379 -0.073625
v 0.219861 -0.566628 -0.073898
v 0.219885 -0.566826 -0.074210
v 0.210648 -0.569544 -0.074098
v 0.210618 -0.569303 -0.073514
v 0.210576 -0.568965 -0.072982
v 0.210524 -0.568540 -0.072517
v 0.210463 -0.568042 -0.072133
v 0.210395 -0.567485 -0.071843
v 0.210321 -0.566887 -0.071654
v 0.210245 -0.566265 -0.071573
v 0.210168 -0.565638 -0.071601
v 0.210093 -0.565026 -0.071739
v 0.210022 -0.564447 -0.071982
v 0.209957 -0.563919 -0.072323
v 0.209900 -0.563457 -0.072750
v 0.209853 -0.563076 -0.073252
v 0.209818 -0.562788 -0.073813
v 0.209795 -0.562600 -0.074416
v 0.209785 -0.562520 -0.075043
v 0.209789 -0.562548 -0.075674
v 0.209805 -0.562685 -0.076291
v 0.209835 -0.562926 -0.076874
v 0.209877 -0.563264 -0.077407
v 0.209929 -0.563689 -0.077872
v 0.209990 -0.564187 -0.078255
v 0.210058 -0.564744 -0.078546
v 0.210132 -0.565343 -0.078735
v 0.210208 -0.565964 -0.078816
v 0.210285 -0.566591 -0.078787
v 0.210360 -0.567203 -0.078650
v 0.210431 -0.567782 -0.078407
v 0.210496 -0.568310 -0.078066
v 0.210553 -0.568772 -0.077638
v 0.210600 -0.569153 -0.077136
v 0.210635 -0.569441 -0.076575
v 0.210658 -0.569629 -0.075972
v 0.210668 -0.569709 -0.075346
v 0.210664 -0.569681 -0.074714
v 0.210558 -0.568811 -0.074332
v 0.210571 -0.568918 -0.074817
v 0.210574 -0.568941 -0.075313
v 0.210566 -0.568877 -0.075806
v 0.210548 -0.568730 -0.076280
v 0.210520 -0.568503 -0.076721
v 0.210483 -0.568204 -0.077116
v 0.210438 -0.567841 -0.077452
v 0.210387 -0.567426 -0.077720
v 0.210332 -0.566970 -0.077911
v 0.210273 -0.566489 -0.078019
v 0.210212 -0.565997 -0.078042
v 0.210152 -0.565508 -0.077978
v 0.210094 -0.565037 -0.077829
v 0.210040 -0.564599 -0.077601
v 0.209992 -0.564207 -0.077299
v 0.209951 -0.563874 -0.076934
v 0.209919 -0.563608 -0.076515
v 0.209895 -0.563418 -0.076057
v 0.209882 -0.563311 -0.075572
v 0.209879 -0.563288 -0.075075
v 0.209887 -0.563352 -0.074583
v 0.209905 -0.563499 -0.074109
v 0.209933 -0.563726 -0.073668
v 0.209970 -0.564025 -0.073273
v 0.210015 -0.564388 -0.072937
v 0.210066 -0.564804 -0.072669
v 0.210121 -0.565259 -0.072478
v 0.210181 -0.565740 -0.072369
v 0.210241 -0.566233 -0.072347
v 0.210301 -0.566722 -0.072411
v 0.210359 -0.567192 -0.072559
v 0.210413 -0.567630 -0.072788
v 0.210461 -0.568022 -0.073089
v 0.210502 -0.568356 -0.073455
v 0.210534 -0.568621 -0.073874
v 0.201218 -0.570702 -0.074098
v 0.201189 -0.570461 -0.073514
v 0.201147 -0.570123 -0.072982
v 0.201095 -0.569698 -0.072517
v 0.201034 -0.569200 -0.072133
v 0.200966 -0.568643 -0.071843
v 0.200892 -0.568044 -0.071654
v 0.200816 -0.567423 -0.071573
v 0.200739 -0.566796 -0.071601
v 0.200664 -0.566184 -0.071739
v 0.200593 -0.565605 -0.071982
v 0.200528 -0.565077 -0.072323
v 0.200471 -0.564615 -0.072750
v 0.200424 -0.564234 -0.073252
v 0.200389 -0.563946 -0.073813
v 0.200366 -0.563758 -0.074416
v 0.200356 -0.563678 -0.075043
v 0.200359 -0.563706 -0.075674
v 0.200376 -0.563843 -0.076291
v 0.210648 -0.569544 -0.074098
v 0.210618 -0.569303 -0.073514
v 0.210576 -0.568965 -0.072982
v 0.210524 -0.568540 -0.072517
v 0.210463 -0.568042 -0.072133
v 0.210395 -0.567485 -0.071843
v 0.210321 -0.566887 -0.071654
v 0.210245 -0.566265 -0.071573
v 0.210168 -0.565638 -0.071601
v 0.210093 -0.565026 -0.071739
v 0.210022 -0.564447 -0.071982
v 0.209957 -0.563919 -0.072323
v 0.209900 -0.563457 -0.072750
v 0.209853 -0.563076 -0.073252
v 0.209818 -0.562788 -0.073813
v 0.209795 -0.562600 -0.074416
v 0.209785 -0.562520 -0.075043
v 0.209789 -0.562548 -0.075674
v 0.209805 -0.562685 -0.076291
v 0.212085 -0.581249 -0.066553
v 0.212055 -0.581008 -0.065970
v 0.212014 -0.580670 -0.065438
v 0.211962 -0.580246 -0.064973
v 0.211900 -0.579747 -0.064589
v 0.211832 -0.579191 -0.064298
v 0.211759 -0.578592 -0.064109
v 0.211682 -0.577970 -0.064028
v 0.211605 -0.577344 -0.064057
v 0.211530 -0.576732 -0.064195
v 0.211459 -0.576153 -0.064438
v 0.211394 -0.575624 -0.064778
v 0.211337 -0.575163 -0.065206
v 0.211291 -0.574782 -0.065708
v 0.211255 -0.574493 -0.066269
v 0.211232 -0.574306 -0.066872
v 0.211222 -0.574225 -0.067499
v 0.211226 -0.574254 -0.068130
v 0.211243 -0.574391 -0.068746
v 0.211272 -0.574632 -0.069330
v 0.211314 -0.574970 -0.069862
v 0.211366 -0.575394 -0.070327
v 0.211427 -0.575893 -0.070711
v 0.211495 -0.576449 -0.071002
v 0.211569 -0.577048 -0.071190
v 0.211645 -0.577670 -0.071272
v 0.211722 -0.578296 -0.071243
v 0.211797 -0.578908 -0.071105
v 0.211868 -0.579487 -0.070862
v 0.211933 -0.580016 -0.070522
v 0.211990 -0.580477 -0.070094
v 0.212037 -0.580858 -0.069592
v 0.212072 -0.581147 -0.069031
v 0.212095 -0.581334 -0.068428
v 0.212105 -0.581415 -0.067801
v 0.212102 -0.581386 -0.067170
v 0.211995 -0.580516 -0.066788
v 0.212008 -0.580624 -0.067273
v 0.212011 -0.580646 -0.067769
v 0.212003 -0.580583 -0.068261
v 0.211985 -0.580435 -0.068736
v 0.211957 -0.580209 -0.069177
v 0.211920 -0.579909 -0.069571
v 0.211876 -0.579546 -0.069908
v 0.211825 -0.579131 -0.070175
v 0.211769 -0.578676 -0.070366
v 0.211710 -0.578194 -0.070475
v 0.211649 -0.577702 -0.070497
v 0.211589 -0.577213 -0.070433
v 0.211531 -0.576742 -0.070285
v 0.211478 -0.576305 -0.070056
v 0.211430 -0.575913 -0.069755
v 0.211389 -0.575579 -0.069389
v 0.211356 -0.575313 -0.068971
v 0.211333 -0.575124 -0.068512
v 0.211319 -0.575016 -0.068027
v 0.211317 -0.574994 -0.067531
v 0.211325 -0.575057 -0.067038
v 0.211343 -0.575204 -0.066564
v 0.211370 -0.575431 -0.066123
v 0.211407 -0.575731 -0.065728
v 0.211452 -0.576094 -0.065392
v 0.211503 -0.576509 -0.065124
v 0.211559 -0.576964 -0.064933
v 0.211618 -0.577445 -0.064825
v 0.211678 -0.577938 -0.064802
v 0.211738 -0.578427 -0.064866
v 0.211796 -0.578898 -0.065015
v 0.211850 -0.579335 -0.065243
v 0.211898 -0.579727 -0.065545
v 0.211939 -0.580061 -0.065911
v 0.211972 -0.580327 -0.066329
v 0.202656 -0.582407 -0.066553
v 0.202626 -0.582166 -0.065970
v 0.202585 -0.581828 -0.065438
v 0.202532 -0.581403 -0.064973
v 0.202471 -0.580905 -0.064589
v 0.202403 -0.580348 -0.064298
v 0.202329 -0.579750 -0.064109
v 0.202253 -0.579128 -0.064028
v 0.202176 -0.578501 -0.064057
v 0.202101 -0.577889 -0.064195
v 0.202030 -0.577310 -0.064438
v 0.201965 -0.576782 -0.064778
v 0.201908 -0.576320 -0.065206
v 0.201862 -0.575940 -0.065708
v 0.201826 -0.575651 -0.066269
v 0.201803 -0.575464 -0.066872
v 0.201793 -0.575383 -0.067499
v 0.201797 -0.575411 -0.068130
v 0.201813 -0.575548 -0.068746
v 0.212085 -0.581249 -0.066553
v 0.212055 -0.581008 -0.065970
v 0.212014 -0.580670 -0.065438
v 0.211962 -0.580246 -0.064973
v 0.211900 -0.579747 -0.064589
v 0.211832 -0.579191 -0.064298
v 0.211759 -0.578592 -0.064109
v 0.211682 -0.577970 -0.064028
v 0.211605 -0.577344 -0.064057
v 0.211530 -0.576732 -0.064195
v 0.211459 -0.576153 -0.064438
v 0.211394 -0.575624 -0.064778
v 0.211337 -0.575163 -0.065206
v 0.211291 -0.574782 -0.065708
v 0.211255 -0.574493 -0.066269
v 0.211232 -0.574306 -0.066872
v 0.211222 -0.574225 -0.067499
v 0.211226 -0.574254 -0.068130
v 0.211243 -0.574391 -0.068746
v 0.210492 -0.568279 -0.046127
v 0.210463 -0.568038 -0.045543
v 0.210421 -0.567700 -0.045011
v 0.210369 -0.567276 -0.044546
v 0.210308 -0.566777 -0.044162
v 0.210240 -0.566221 -0.043872
v 0.210166 -0.565622 -0.043683
v 0.210090 -0.565000 -0.043602
v 0.210013 -0.564374 -0.043630
v 0.209938 -0.563762 -0.043768
v 0.209867 -0.563183 -0.044011
v 0.209802 -0.562654 -0.044352
v 0.209745 -0.562193 -0.044779
v 0.209698 -0.561812 -0.045281
v 0.209663 -0.561523 -0.045842
v 0.209640 -0.561336 -0.046445
v 0.209630 -0.561255 -0.047072
v 0.209633 -0.561284 -0.047703
v 0.209650 -0.561421 -0.048320
v 0.209680 -0.561662 -0.048903
v 0.209721 -0.562000 -0.049436
v 0.209773 -0.562424 -0.049901
v 0.209835 -0.562922 -0.050284
v 0.209903 -0.563479 -0.050575
v 0.209976 -0.564078 -0.050764
v 0.210053 -0.564700 -0.050845
v 0.210130 -0.565326 -0.050816
v 0.210205 -0.565938 -0.050679
v 0.210276 -0.566517 -0.050436
v 0.210341 -0.567046 -0.050095
v 0.210398 -0.567507 -0.049667
v 0.210444 -0.567888 -0.049165
v 0.210480 -0.568177 -0.048604
v 0.210503 -0.568364 -0.048001
v 0.210513 -0.568445 -0.047375
v 0.210509 -0.568416 -0.046743
v 0.210402 -0.567546 -0.046361
v 0.210416 -0.567654 -0.046846
v 0.210418 -0.567676 -0.047342
v 0.210410 -0.567613 -0.047835
v 0.210392 -0.567465 -0.048309
v 0.210365 -0.567239 -0.048750
v 0.210328 -0.566939 -0.049145
v 0.210283 -0.566576 -0.049481
v 0.210232 -0.566161 -0.049749
v 0.210176 -0.565706 -0.049940
v 0.210117 -0.565224 -0.050048
v 0.210057 -0.564732 -0.050071
v 0.209997 -0.564243 -0.050007
v 0.209939 -0.563772 -0.049858
v 0.209885 -0.563335 -0.049630
v 0.209837 -0.562943 -0.049328
v 0.209796 -0.562609 -0.048963
v 0.209763 -0.562343 -0.048544
v 0.209740 -0.562154 -0.048086
v 0.209727 -0.562046 -0.047601
v 0.209724 -0.562024 -0.047104
v 0.209732 -0.562087 -0.046612
v 0.209750 -0.562234 -0.046138
v 0.209778 -0.562461 -0.045697
v 0.209815 -0.562761 -0.045302
v 0.209859 -0.563124 -0.044966
v 0.209910 -0.563539 -0.044698
v 0.209966 -0.563994 -0.044507
v 0.210025 -0.564475 -0.044398
v 0.210086 -0.564968 -0.044376
v 0.210146 -0.565457 -0.044440
v 0.210204 -0.565928 -0.044588
v 0.210257 -0.566365 -0.044817
v 0.210305 -0.566757 -0.045118
v 0.210346 -0.567091 -0.045484
v 0.210379 -0.567357 -0.045903
v 0.201063 -0.569437 -0.046127
v 0.201034 -0.569196 -0.045543
v 0.200992 -0.568858 -0.045011
v 0.200940 -0.568433 -0.044546
v 0.200879 -0.567935 -0.044162
v 0.200810 -0.567378 -0.043872
v 0.200737 -0.566780 -0.043683
v 0.200660 -0.566158 -0.043602
v 0.200584 -0.565531 -0.043630
v 0.200508 -0.564919 -0.043768
v 0.200437 -0.564340 -0.044011
v 0.200372 -0.563812 -0.044352
v 0.200316 -0.563350 -0.044779
v 0.200269 -0.562970 -0.045281
v 0.200234 -0.562681 -0.045842
v 0.200211 -0.562494 -0.046445
v 0.200201 -0.562413 -0.047072
v 0.200204 -0.562441 -0.047703
v 0.200221 -0.562578 -0.048320
v 0.210492 -0.568279 -0.046127
v 0.210463 -0.568038 -0.045543
v 0.210421 -0.567700 -0.045011
v 0.210369 -0.567276 -0.044546
v 0.210308 -0.566777 -0.044162
v 0.210240 -0.566221 -0.043872
v 0.210166 -0.565622 -0.043683
v 0.210090 -0.565000 -0.043602
v 0.210013 -0.564374 -0.043630
v 0.209938 -0.563762 -0.043768
v 0.209867 -0.563183 -0.044011
v 0.209802 -0.562654 -0.044352
v 0.209745 -0.562193 -0.044779
v 0.209698 -0.561812 -0.045281
v 0.209663 -0.561523 -0.045842
v 0.209640 -0.561336 -0.046445
v 0.209630 -0.561255 -0.047072
v 0.209633 -0.561284 -0.047703
v 0.209650 -0.561421 -0.048320
v 0.209055 -0.556574 -0.053671
v 0.209025 -0.556333 -0.053088
v 0.208984 -0.555995 -0.052556
v 0.208932 -0.555570 -0.052091
v 0.208871 -0.555072 -0.051707
v 0.208802 -0.554515 -0.051416
v 0.208729 -0.553917 -0.051227
v 0.208652 -0.553295 -0.051146
v 0.208576 -0.552668 -0.051175
v 0.208500 -0.552056 -0.051313
v 0.208429 -0.551477 -0.051556
v 0.208364 -0.550949 -0.051896
v 0.208308 -0.550487 -0.052324
v 0.208261 -0.550106 -0.052826
v 0.208226 -0.549818 -0.053387
v 0.208203 -0.549630 -0.053990
v 0.208193 -0.549550 -0.054617
v 0.208196 -0.549578 -0.055248
v 0.208213 -0.549715 -0.055864
v 0.208243 -0.549956 -0.056448
v 0.208284 -0.550294 -0.056980
v 0.208336 -0.550719 -0.057445
v 0.208397 -0.551217 -0.057829
v 0.208466 -0.551774 -0.058120
v 0.208539 -0.552372 -0.058308
v 0.208616 -0.552994 -0.058390
v 0.208692 -0.553621 -0.058361
v 0.208768 -0.554233 -0.058223
v 0.208839 -0.554812 -0.057980
v 0.208904 -0.555340 -0.057640
v 0.208960 -0.555802 -0.057212
v 0.209007 -0.556183 -0.056710
v 0.209042 -0.556471 -0.056149
v 0.209065 -0.556659 -0.055546
v 0.209075 -0.556739 -0.054919
v 0.209072 -0.556711 -0.054288
v 0.208965 -0.555841 -0.053906
v 0.208978 -0.555948 -0.054391
v 0.208981 -0.555971 -0.054887
v 0.208973 -0.555907 -0.055379
v 0.208955 -0.555760 -0.055854
v 0.208927 -0.555533 -0.056295
v 0.208891 -0.555234 -0.056689
v 0.208846 -0.554871 -0.057026
v 0.208795 -0.554456 -0.057293
v 0.208739 -0.554000 -0.057484
v 0.208680 -0.553519 -0.057593
v 0.208620 -0.553027 -0.057615
v 0.208559 -0.552538 -0.057551
v 0.208502 -0.552067 -0.057403
v 0.208448 -0.551629 -0.057174
v 0.208400 -0.551237 -0.056873
v 0.208359 -0.550904 -0.056507
v 0.208326 -0.550638 -0.056089
v 0.208303 -0.550448 -0.055630
v 0.208290 -0.550341 -0.055145
v 0.208287 -0.550318 -0.054649
v 0.208295 -0.550382 -0.054156
v 0.208313 -0.550529 -0.053682
v 0.208341 -0.550756 -0.053241
v 0.208377 -0.551055 -0.052846
v 0.208422 -0.551418 -0.052510
v 0.208473 -0.551834 -0.052242
v 0.208529 -0.552289 -0.052051
v 0.208588 -0.552770 -0.051943
v 0.208648 -0.553263 -0.051920
v 0.208709 -0.553752 -0.051984
v 0.208766 -0.554222 -0.052133
v 0.208820 -0.554660 -0.052361
v 0.208868 -0.555052 -0.052663
v 0.208909 -0.555386 -0.053029
v 0.208942 -0.555651 -0.053447
v 0.199626 -0.557732 -0.053671
v 0.199596 -0.557491 -0.053088
v 0.199555 -0.557153 -0.052556
v 0.199503 -0.556728 -0.052091
v 0.199441 -0.556230 -0.051707
v 0.199373 -0.555673 -0.051416
v 0.199300 -0.555074 -0.051227
v 0.199223 -0.554453 -0.051146
v 0.199146 -0.553826 -0.051175
v 0.199071 -0.553214 -0.051313
v 0.199000 -0.552635 -0.051556
v 0.198935 -0.552107 -0.051896
v 0.198879 -0.551645 -0.052324
v 0.198832 -0.551264 -0.052826
v 0.198796 -0.550976 -0.053387
v 0.198773 -0.550788 -0.053990
v 0.198763 -0.550708 -0.054617
v 0.198767 -0.550736 -0.055248
v 0.198784 -0.550873 -0.055864
v 0.209055 -0.556574 -0.053671
v 0.209025 -0.556333 -0.053088
v 0.208984 -0.555995 -0.052556
v 0.208932 -0.555570 -0.052091
v 0.208871 -0.555072 -0.051707
v 0.208802 -0.554515 -0.051416
v 0.208729 -0.553917 -0.051227
v 0.208652 -0.553295 -0.051146
v 0.208576 -0.552668 -0.051175
v 0.208500 -0.552056 -0.051313
v 0.208429 -0.551477 -0.051556
v 0.208364 -0.550949 -0.051896
v 0.208308 -0.550487 -0.052324
v 0.208261 -0.550106 -0.052826
v 0.208226 -0.549818 -0.053387
v 0.208203 -0.549630 -0.053990
v 0.208193 -0.549550 -0.054617
v 0.208196 -0.549578 -0.055248
v 0.208213 -0.549715 -0.055864
v 0.197090 -0.537076 -0.070662
v 0.197345 -0.539155 -0.075691
v 0.197703 -0.542068 -0.080279
v 0.198152 -0.545728 -0.084289
v 0.198679 -0.550024 -0.087597
v 0.199269 -0.554824 -0.090103
v 0.199902 -0.559984 -0.091731
v 0.200561 -0.565346 -0.092432
v 0.201224 -0.570747 -0.092184
v 0.201872 -0.576023 -0.090995
v 0.202485 -0.581014 -0.088901
v 0.203044 -0.585568 -0.085965
v 0.203532 -0.589548 -0.082277
v 0.203936 -0.592831 -0.077950
v 0.204241 -0.595318 -0.073113
v 0.204439 -0.596935 -0.067915
v 0.204525 -0.597630 -0.062513
v 0.204495 -0.597384 -0.057071
v 0.204350 -0.596204 -0.051756
v 0.204094 -0.594125 -0.046727
v 0.203737 -0.591212 -0.042138
v 0.203287 -0.587552 -0.038129
v 0.202760 -0.583256 -0.034821
v 0.202170 -0.578456 -0.032315
v 0.201537 -0.573296 -0.030687
v 0.200879 -0.567934 -0.029986
v 0.200215 -0.562533 -0.030234
v 0.199568 -0.557257 -0.031423
v 0.198955 -0.552266 -0.033517
v 0.198396 -0.547712 -0.036453
v 0.197907 -0.543732 -0.040140
v 0.197504 -0.540449 -0.044468
v 0.197198 -0.537962 -0.049305
v 0.197000 -0.536346 -0.054503
v 0.196915 -0.535650 -0.059905
v 0.196945 -0.535896 -0.065346
v 0.201063 -0.569437 -0.046127
v 0.201034 -0.569196 -0.045543
v 0.200992 -0.568858 -0.045011
v 0.200940 -0.568433 -0.044546
v 0.200879 -0.567935 -0.044162
v 0.200810 -0.567378 -0.043872
v 0.200737 -0.566780 -0.043683
v 0.200660 -0.566158 -0.043602
v 0.200584 -0.565531 -0.043630
v 0.200508 -0.564919 -0.043768
v 0.200437 -0.564340 -0.044011
v 0.200372 -0.563812 -0.044352
v 0.200316 -0.563350 -0.044779
v 0.200269 -0.562970 -0.045281
v 0.200234 -0.562681 -0.045842
v 0.200211 -0.562494 -0.046445
v 0.200201 -0.562413 -0.047072
v 0.200204 -0.562441 -0.047703
v 0.200221 -0.562578 -0.048320
v 0.200251 -0.562819 -0.048903
v 0.200292 -0.563157 -0.049436
v 0.200344 -0.563582 -0.049901
v 0.200405 -0.564080 -0.050284
v 0.200474 -0.564637 -0.050575
v 0.200547 -0.565236 -0.050764
v 0.200624 -0.565858 -0.050845
v 0.200701 -0.566484 -0.050816
v 0.200776 -0.567096 -0.050679
v 0.200847 -0.567675 -0.050436
v 0.200912 -0.568203 -0.050095
v 0.200968 -0.568665 -0.049667
v 0.201015 -0.569046 -0.049165
v 0.201051 -0.569334 -0.048604
v 0.201074 -0.569522 -0.048001
v 0.201083 -0.569603 -0.047375
v 0.201080 -0.569574 -0.046743
v 0.202668 -0.582508 -0.077416
v 0.202628 -0.582182 -0.076628
v 0.202572 -0.581725 -0.075908
v 0.202501 -0.581151 -0.075280
v 0.202419 -0.580478 -0.074761
v 0.202326 -0.579725 -0.074368
v 0.202227 -0.578916 -0.074113
v 0.202124 -0.578075 -0.074003
v 0.202020 -0.577228 -0.074042
v 0.201918 -0.576401 -0.074228
v 0.201822 -0.575619 -0.074557
v 0.201734 -0.574904 -0.075017
v 0.201658 -0.574280 -0.075595
v 0.201595 -0.573766 -0.076274
v 0.201547 -0.573376 -0.077032
v 0.201516 -0.573122 -0.077847
v 0.201502 -0.573013 -0.078694
v 0.201507 -0.573052 -0.079547
v 0.201530 -0.573237 -0.080381
v 0.201570 -0.573563 -0.081170
v 0.201626 -0.574020 -0.081889
v 0.201696 -0.574593 -0.082518
v 0.201779 -0.575267 -0.083036
v 0.201871 -0.576020 -0.083429
v 0.201971 -0.576829 -0.083685
v 0.202074 -0.577669 -0.083794
v 0.202178 -0.578516 -0.083756
v 0.202279 -0.579344 -0.083569
v 0.202376 -0.580126 -0.083241
v 0.202463 -0.580840 -0.082781
v 0.202540 -0.581464 -0.082202
v 0.202603 -0.581979 -0.081524
v 0.202651 -0.582369 -0.080765
v 0.202682 -0.582623 -0.079950
v 0.202695 -0.582732 -0.079103
v 0.202691 -0.582693 -0.078250
v 0.199910 -0.560043 -0.042037
v 0.199870 -0.559717 -0.041248
v 0.199814 -0.559261 -0.040529
v 0.199743 -0.558687 -0.039900
v 0.199660 -0.558013 -0.039381
v 0.199568 -0.557260 -0.038988
v 0.199469 -0.556451 -0.038733
v 0.199365 -0.555611 -0.038623
v 0.199261 -0.554764 -0.038662
v 0.199160 -0.553936 -0.038849
v 0.199064 -0.553154 -0.039177
v 0.198976 -0.552440 -0.039637
v 0.198899 -0.551816 -0.040215
v 0.198836 -0.551301 -0.040894
v 0.198788 -0.550911 -0.041652
v 0.198757 -0.550657 -0.042467
v 0.198744 -0.550548 -0.043315
v 0.198749 -0.550587 -0.044168
v 0.198771 -0.550772 -0.045001
v 0.198811 -0.551098 -0.045790
v 0.198867 -0.551555 -0.046509
v 0.198938 -0.552129 -0.047138
v 0.199021 -0.552802 -0.047657
v 0.199113 -0.553555 -0.048050
v 0.199212 -0.554364 -0.048305
v 0.199316 -0.555205 -0.048415
v 0.199420 -0.556052 -0.048376
v 0.199521 -0.556879 -0.048189
v 0.199617 -0.557662 -0.047861
v 0.199705 -0.558376 -0.047401
v 0.199782 -0.559000 -0.046823
v 0.199845 -0.559514 -0.046144
v 0.199893 -0.559904 -0.045386
v 0.199924 -0.560158 -0.044571
v 0.199937 -0.560267 -0.043723
v 0.199932 -0.560228 -0.042870
v 0.201218 -0.570702 -0.074098
v 0.201189 -0.570461 -0.073514
v 0.201147 -0.570123 -0.072982
v 0.201095 -0.569698 -0.072517
v 0.201034 -0.569200 -0.072133
v 0.200966 -0.568643 -0.071843
v 0.200892 -0.568044 -0.071654
v 0.200816 -0.567423 -0.071573
v 0.200739 -0.566796 -0.071601
v 0.200664 -0.566184 -0.071739
v 0.200593 -0.565605 -0.071982
v 0.200528 -0.565077 -0.072323
v 0.200471 -0.564615 -0.072750
v 0.200424 -0.564234 -0.073252
v 0.200389 -0.563946 -0.073813
v 0.200366 -0.563758 -0.074416
v 0.200356 -0.563678 -0.075043
v 0.200359 -0.563706 -0.075674
v 0.200376 -0.563843 -0.076291
v 0.200406 -0.564084 -0.076874
v 0.200447 -0.564422 -0.077407
v 0.200499 -0.564847 -0.077872
v 0.200561 -0.565345 -0.078255
v 0.200629 -0.565902 -0.078546
v 0.200703 -0.566500 -0.078735
v 0.200779 -0.567122 -0.078816
v 0.200856 -0.567749 -0.078787
v 0.200931 -0.568361 -0.078650
v 0.201002 -0.568940 -0.078407
v 0.201067 -0.569468 -0.078066
v 0.201124 -0.569930 -0.077638
v 0.201170 -0.570311 -0.077136
v 0.201206 -0.570599 -0.076575
v 0.201229 -0.570787 -0.075972
v 0.201239 -0.570867 -0.075346
v 0.201235 -0.570839 -0.074714
v 0.199626 -0.557732 -0.053671
v 0.199596 -0.557491 -0.053088
v 0.199555 -0.557153 -0.052556
v 0.199503 -0.556728 -0.052091
v 0.199441 -0.556230 -0.051707
v 0.199373 -0.555673 -0.051416
v 0.199300 -0.555074 -0.051227
v 0.199223 -0.554453 -0.051146
v 0.199146 -0.553826 -0.051175
v 0.199071 -0.553214 -0.051313
v 0.199000 -0.552635 -0.051556
v 0.198935 -0.552107 -0.051896
v 0.198879 -0.551645 -0.052324
v 0.198832 -0.551264 -0.052826
v 0.198796 -0.550976 -0.053387
v 0.198773 -0.550788 -0.053990
v 0.198763 -0.550708 -0.054617
v 0.198767 -0.550736 -0.055248
v 0.198784 -0.550873 -0.055864
v 0.198813 -0.551114 -0.056448
v 0.198855 -0.551452 -0.056980
v 0.198907 -0.551877 -0.057445
v 0.198968 -0.552375 -0.057829
v 0.199037 -0.552932 -0.058120
v 0.199110 -0.553530 -0.058308
v 0.199186 -0.554152 -0.058390
v 0.199263 -0.554779 -0.058361
v 0.199338 -0.555391 -0.058223
v 0.199410 -0.555970 -0.057980
v 0.199474 -0.556498 -0.057640
v 0.199531 -0.556960 -0.057212
v 0.199578 -0.557341 -0.056710
v 0.199613 -0.557629 -0.056149
v 0.199636 -0.557817 -0.055546
v 0.199646 -0.557897 -0.054919
v 0.199643 -0.557869 -0.054288
v 0.203445 -0.588834 -0.048410
v 0.203405 -0.588508 -0.047621
v 0.203349 -0.588051 -0.046902
v 0.203278 -0.587477 -0.046273
v 0.203195 -0.586803 -0.045755
v 0.203103 -0.586051 -0.045362
v 0.203004 -0.585242 -0.045106
v 0.202900 -0.584401 -0.044996
v 0.202796 -0.583554 -0.045035
v 0.202695 -0.582727 -0.045222
v 0.202599 -0.581944 -0.045550
v 0.202511 -0.581230 -0.046010
v 0.202435 -0.580606 -0.046589
v 0.202371 -0.580091 -0.047267
v 0.202323 -0.579701 -0.048026
v 0.202292 -0.579448 -0.048841
v 0.202279 -0.579339 -0.049688
v 0.202284 -0.579377 -0.050541
v 0.202306 -0.579562 -0.051374
v 0.202346 -0.579888 -0.052163
v 0.202402 -0.580345 -0.052882
v 0.202473 -0.580919 -0.053511
v 0.202556 -0.581593 -0.054030
v 0.202648 -0.582345 -0.054423
v 0.202747 -0.583154 -0.054678
v 0.202851 -0.583995 -0.054788
v 0.202955 -0.584842 -0.054749
v 0.203056 -0.585669 -0.054563
v 0.203152 -0.586452 -0.054234
v 0.203240 -0.587166 -0.053774
v 0.203317 -0.587790 -0.053196
v 0.203380 -0.588305 -0.052517
v 0.203428 -0.588695 -0.051759
v 0.203459 -0.588948 -0.050944
v 0.203472 -0.589057 -0.050097
v 0.203467 -0.589019 -0.049243
v 0.199133 -0.553718 -0.071043
v 0.199093 -0.553392 -0.070255
v 0.199037 -0.552935 -0.069535
v 0.198966 -0.552361 -0.068907
v 0.198884 -0.551687 -0.068388
v 0.198791 -0.550935 -0.067995
v 0.198692 -0.550126 -0.067740
v 0.198589 -0.549285 -0.067630
v 0.198485 -0.548438 -0.067669
v 0.198383 -0.547611 -0.067855
v 0.198287 -0.546828 -0.068184
v 0.198199 -0.546114 -0.068644
v 0.198123 -0.545490 -0.069222
v 0.198060 -0.544975 -0.069901
v 0.198012 -0.544585 -0.070659
v 0.197981 -0.544332 -0.071474
v 0.197967 -0.544223 -0.072321
v 0.197972 -0.544261 -0.073174
v 0.197995 -0.544446 -0.074008
v 0.198035 -0.544772 -0.074796
v 0.198091 -0.545229 -0.075516
v 0.198161 -0.545803 -0.076145
v 0.198244 -0.546477 -0.076663
v 0.198336 -0.547229 -0.077056
v 0.198436 -0.548038 -0.077311
v 0.198539 -0.548879 -0.077421
v 0.198643 -0.549726 -0.077382
v 0.198744 -0.550553 -0.077196
v 0.198841 -0.551336 -0.076868
v 0.198928 -0.552050 -0.076407
v 0.199005 -0.552674 -0.075829
v 0.199068 -0.553189 -0.075151
v 0.199116 -0.553579 -0.074392
v 0.199147 -0.553832 -0.073577
v 0.199160 -0.553941 -0.072730
v 0.199156 -0.553903 -0.071877
v 0.202656 -0.582407 -0.066553
v 0.202626 -0.582166 -0.065970
v 0.202585 -0.581828 -0.065438
v 0.202532 -0.581403 -0.064973
v 0.202471 -0.580905 -0.064589
v 0.202403 -0.580348 -0.064298
v 0.202329 -0.579750 -0.064109
v 0.202253 -0.579128 -0.064028
v 0.202176 -0.578501 -0.064057
v 0.202101 -0.577889 -0.064195
v 0.202030 -0.577310 -0.064438
v 0.201965 -0.576782 -0.064778
v 0.201908 -0.576320 -0.065206
v 0.201862 -0.575940 -0.065708
v 0.201826 -0.575651 -0.066269
v 0.201803 -0.575464 -0.066872
v 0.201793 -0.575383 -0.067499
v 0.201797 -0.575411 -0.068130
v 0.201813 -0.575548 -0.068746
v 0.201843 -0.575789 -0.069330
v 0.201885 -0.576127 -0.069862
v 0.201937 -0.576552 -0.070327
v 0.201998 -0.577050 -0.070711
v 0.202066 -0.577607 -0.071002
v 0.202140 -0.578206 -0.071190
v 0.202216 -0.578828 -0.071272
v 0.202293 -0.579454 -0.071243
v 0.202368 -0.580066 -0.071105
v 0.202439 -0.580645 -0.070862
v 0.202504 -0.581173 -0.070522
v 0.202561 -0.581635 -0.070094
v 0.202608 -0.582016 -0.069592
v 0.202643 -0.582304 -0.069031
v 0.202666 -0.582492 -0.068428
v 0.202676 -0.582573 -0.067801
v 0.202672 -0.582544 -0.067170
f 4 21 3
f 4 22 21
f 4 23 22
f 5 24 23
f 5 23 4
f 6 24 5
f 7 25 24
f 7 24 6
f 8 26 25
f 8 25 7
f 9 27 26
f 9 26 8
f 10 28 27
f 10 27 9
f 11 29 28
f 11 30 29
f 11 28 10
f 12 30 11
f 13 31 30
f 13 30 12
f 14 32 31
f 14 31 13
f 15 33 32
f 15 32 14
f 16 34 33
f 16 33 15
f 17 35 34
f 17 36 35
f 17 34 16
f 18 36 17
f 19 36 18
f 19 37 36
f 20 37 19
f 20 38 37
f 2 38 20
f 2 1 38
f 42 59 41
f 42 60 59
f 42 61 60
f 43 62 61
f 43 61 42
f 44 62 43
f 45 63 62
f 45 62 44
f 46 64 63
f 46 63 45
f 47 65 64
f 47 64 46
f 48 66 65
f 48 65 47
f 49 67 66
f 49 68 67
f 49 66 48
f 50 68 49
f 51 69 68
f 51 68 50
f 52 70 69
f 52 69 51
f 53 71 70
f 53 70 52
f 54 72 71
f 54 71 53
f 55 73 72
f 55 74 73
f 55 72 54
f 56 74 55
f 57 74 56
f 57 75 74
f 58 75 57
f 58 76 75
f 40 76 58
f 40 39 76
f 80 97 79
f 80 98 97
f 80 99 98
f 81 100 99
f 81 99 80
f 82 100 81
f 83 101 100
f 83 100 82
f 84 102 101
f 84 101 83
f 85 103 102
f 85 102 84
f 86 104 103
f 86 103 85
f 87 105 104
f 87 106 105
f 87 104 86
f 88 106 87
f 89 107 106
f 89 106 88
f 90 108 107
f 90 107 89
f 91 109 108
f 91 108 90
f 92 110 109
f 92 109 91
f 93 111 110
f 93 112 111
f 93 110 92
f 94 112 93
f 95 112 94
f 95 113 112
f 96 113 95
f 96 114 113
f 78 114 96
f 78 77 114
f 118 135 117
f 118 136 135
f 118 137 136
f 119 138 137
f 119 137 118
f 120 138 119
f 121 139 138
f 121 138 120
f 122 140 139
f 122 139 121
f 123 141 140
f 123 140 122
f 124 142 141
f 124 141 123
f 125 143 142
f 125 144 143
f 125 142 124
f 126 144 125
f 127 145 144
f 127 144 126
f 128 146 145
f 128 145 127
f 129 147 146
f 129 146 128
f 130 148 147
f 130 147 129
f 131 149 148
f 131 150 149
f 131 148 130
f 132 150 131
f 133 150 132
f 133 151 150
f 134 151 133
f 134 152 151
f 116 152 134
f 116 115 152
f 155 174 173
f 156 175 174
f 156 174 155
f 157 175 156
f 158 176 175
f 158 175 157
f 159 177 176
f 159 176 158
f 160 178 177
f 160 177 159
f 161 179 178
f 161 180 179
f 161 178 160
f 162 180 161
f 163 181 180
f 163 180 162
f 164 182 181
f 164 183 182
f 164 181 163
f 165 184 183
f 165 183 164
f 166 184 165
f 167 185 184
f 167 184 166
f 168 186 185
f 168 185 167
f 169 187 186
f 169 186 168
f 170 188 187
f 170 187 169
f 171 188 170
f 171 189 188
f 172 189 171
f 172 190 189
f 154 190 172
f 154 153 190
f 193 212 211
f 194 213 212
f 194 212 193
f 195 213 194
f 196 214 213
f 196 213 195
f 197 215 214
f 197 214 196
f 198 216 215
f 198 215 197
f 199 217 216
f 199 218 217
f 199 216 198
f 200 218 199
f 201 219 218
f 201 218 200
f 202 220 219
f 202 221 220
f 202 219 201
f 203 222 221
f 203 221 202
f 204 222 203
f 205 223 222
f 205 222 204
f 206 224 223
f 206 223 205
f 207 225 224
f 207 224 206
f 208 226 225
f 208 225 207
f 209 226 208
f 209 227 226
f 210 227 209
f 210 228 227
f 192 228 210
f 192 191 228
f 231 250 249
f 232 251 250
f 232 250 231
f 233 251 232
f 234 252 251
f 234 251 233
f 235 253 252
f 235 252 234
f 236 254 253
f 236 253 235
f 237 255 254
f 237 256 255
f 237 254 236
f 238 256 237
f 239 257 256
f 239 256 238
f 240 258 257
f 240 259 258
f 240 257 239
f 241 260 259
f 241 259 240
f 242 260 241
f 243 261 260
f 243 260 242
f 244 262 261
f 244 261 243
f 245 263 262
f 245 262 244
f 246 264 263
f 246 263 245
f 247 264 246
f 247 265 264
f 248 265 247
f 248 266 265
f 230 266 248
f 230 229 266
f 269 288 287
f 270 289 288
f 270 288 269
f 271 289 270
f 272 290 289
f 272 289 271
f 273 291 290
f 273 290 272
f 274 292 291
f 274 291 273
f 275 293 292
f 275 294 293
f 275 292 274
f 276 294 275
f 277 295 294
f 277 294 276
f 278 296 295
f 278 297 296
f 278 295 277
f 279 298 297
f 279 297 278
f 280 298 279
f 281 299 298
f 281 298 280
f 282 300 299
f 282 299 281
f 283 301 300
f 283 300 282
f 284 302 301
f 284 301 283
f 285 302 284
f 285 303 302
f 286 303 285
f 286 304 303
f 268 304 286
f 268 267 304
f 341 323 322
f 341 342 323
f 340 321 320
f 340 322 321
f 340 341 322
f 339 340 320
f 338 320 319
f 338 339 320
f 337 319 318
f 337 338 319
f 336 317 316
f 336 318 317
f 336 337 318
f 335 336 316
f 334 315 314
f 334 316 315
f 334 335 316
f 333 334 314
f 332 314 313
f 332 333 314
f 331 313 312
f 331 332 313
f 330 311 310
f 330 312 311
f 330 331 312
f 329 310 309
f 329 330 310
f 328 329 309
f 327 328 309
f 327 309 308
f 326 308 307
f 326 327 308
f 325 307 306
f 325 326 307
f 324 306 305
f 324 325 306
f 362 364 363
f 361 365 364
f 361 364 362
f 360 366 365
f 360 365 361
f 359 367 366
f 359 366 360
f 358 368 367
f 358 367 359
f 357 369 368
f 357 368 358
f 356 370 369
f 356 369 357
f 355 371 370
f 355 370 356
f 354 372 371
f 354 371 355
f 353 373 372
f 353 372 354
f 352 373 353
f 351 374 373
f 351 375 374
f 351 373 352
f 350 375 351
f 349 376 375
f 349 377 376
f 349 375 350
f 348 378 377
f 348 377 349
f 347 378 348
f 346 378 347
f 346 379 378
f 346 380 379
f 345 380 346
f 345 343 380
f 344 343 345
f 400 402 401
f 399 403 402
f 399 402 400
f 398 404 403
f 398 403 399
f 397 405 404
f 397 404 398
f 396 406 405
f 396 405 397
f 395 407 406
f 395 406 396
f 394 408 407
f 394 407 395
f 393 409 408
f 393 408 394
f 392 410 409
f 392 409 393
f 391 411 410
f 391 410 392
f 390 411 391
f 389 412 411
f 389 413 412
f 389 411 390
f 388 413 389
f 387 414 413
f 387 415 414
f 387 413 388
f 386 416 415
f 386 415 387
f 385 416 386
f 384 416 385
f 384 417 416
f 384 418 417
f 383 418 384
f 383 381 418
f 382 381 383
f 438 440 439
f 437 441 440
f 437 440 438
f 436 442 441
f 436 441 437
f 435 443 442
f 435 442 436
f 434 444 443
f 434 443 435
f 433 445 444
f 433 444 434
f 432 446 445
f 432 445 433
f 431 447 446
f 431 446 432
f 430 448 447
f 430 447 431
f 429 449 448
f 429 448 430
f 428 449 429
f 427 450 449
f 427 451 450
f 427 449 428
f 426 451 427
f 425 452 451
f 425 453 452
f 425 451 426
f 424 454 453
f 424 453 425
f 423 454 424
f 422 454 423
f 422 455 454
f 422 456 455
f 421 456 422
f 421 419 456
f 420 419 421
f 476 478 477
f 475 479 478
f 475 478 476
f 474 480 479
f 474 479 475
f 473 481 480
f 473 480 474
f 472 482 481
f 472 481 473
f 471 483 482
f 471 482 472
f 470 484 483
f 470 483 471
f 469 485 484
f 469 484 470
f 468 486 485
f 468 485 469
f 467 487 486
f 467 486 468
f 466 487 467
f 465 488 487
f 465 489 488
f 465 487 466
f 464 489 465
f 463 490 489
f 463 491 490
f 463 489 464
f 462 492 491
f 462 491 463
f 461 492 462
f 460 492 461
f 460 493 492
f 460 494 493
f 459 494 460
f 459 457 494
f 458 457 459
f 514 516 515
f 513 517 516
f 513 516 514
f 512 518 517
f 512 517 513
f 511 519 518
f 511 518 512
f 510 520 519
f 510 519 511
f 509 521 520
f 509 520 510
f 508 522 521
f 508 521 509
f 507 523 522
f 507 522 508
f 506 523 507
f 505 524 523
f 505 525 524
f 505 523 506
f 504 526 525
f 504 525 505
f 503 527 526
f 503 526 504
f 502 528 527
f 502 527 503
f 501 528 502
f 500 529 528
f 500 530 529
f 500 528 501
f 499 530 500
f 499 531 530
f 498 531 499
f 497 531 498
f 497 532 531
f 496 532 497
f 496 495 532
f 552 554 553
f 551 555 554
f 551 554 552
f 550 556 555
f 550 555 551
f 549 557 556
f 549 556 550
f 548 558 557
f 548 557 549
f 547 559 558
f 547 558 548
f 546 560 559
f 546 559 547
f 545 561 560
f 545 560 546
f 544 561 545
f 543 562 561
f 543 563 562
f 543 561 544
f 542 564 563
f 542 563 543
f 541 565 564
f 541 564 542
f 540 566 565
f 540 565 541
f 539 566 540
f 538 567 566
f 538 568 567
f 538 566 539
f 537 568 538
f 537 569 568
f 536 569 537
f 535 569 536
f 535 570 569
f 534 570 535
f 534 533 570
f 590 592 591
f 589 593 592
f 589 592 590
f 588 594 593
f 588 593 589
f 587 595 594
f 587 594 588
f 586 596 595
f 586 595 587
f 585 597 596
f 585 596 586
f 584 598 597
f 584 597 585
f 583 599 598
f 583 598 584
f 582 599 583
f 581 600 599
f 581 601 600
f 581 599 582
f 580 602 601
f 580 601 581
f 579 603 602
f 579 602 580
f 578 604 603
f 578 603 579
f 577 604 578
f 576 605 604
f 576 606 605
f 576 604 577
f 575 606 576
f 575 607 606
f 574 607 575
f 573 607 574
f 573 608 607
f 572 608 573
f 572 571 608
f 628 630 629
f 627 631 630
f 627 630 628
f 626 632 631
f 626 631 627
f 625 633 632
f 625 632 626
f 624 634 633
f 624 633 625
f 623 635 634
f 623 634 624
f 622 636 635
f 622 635 623
f 621 637 636
f 621 636 622
f 620 637 621
f 619 638 637
f 619 639 638
f 619 637 620
f 618 640 639
f 618 639 619
f 617 641 640
f 617 640 618
f 616 642 641
f 616 641 617
f 615 642 616
f 614 643 642
f 614 644 643
f 614 642 615
f 613 644 614
f 613 645 644
f 612 645 613
f 611 645 612
f 611 646 645
f 610 646 611
f 610 609 646
f 666 668 667
f 665 669 668
f 665 668 666
f 664 670 669
f 664 669 665
f 663 671 670
f 663 670 664
f 662 672 671
f 662 671 663
f 661 673 672
f 661 672 662
f 660 674 673
f 660 673 661
f 659 675 674
f 659 674 660
f 658 676 675
f 658 675 659
f 657 677 676
f 657 676 658
f 656 678 677
f 656 677 657
f 655 679 678
f 655 678 656
f 654 679 655
f 653 680 679
f 653 681 680
f 653 679 654
f 652 682 681
f 652 681 653
f 651 682 652
f 651 683 682
f 650 683 651
f 650 684 683
f 649 684 650
f 649 647 684
f 648 647 649
f 704 706 705
f 703 707 706
f 703 706 704
f 702 708 707
f 702 707 703
f 701 709 708
f 701 708 702
f 700 710 709
f 700 709 701
f 699 711 710
f 699 710 700
f 698 712 711
f 698 711 699
f 697 713 712
f 697 712 698
f 696 714 713
f 696 713 697
f 695 715 714
f 695 714 696
f 694 716 715
f 694 715 695
f 693 717 716
f 693 716 694
f 692 717 693
f 691 718 717
f 691 719 718
f 691 717 692
f 690 720 719
f 690 719 691
f 689 720 690
f 689 721 720
f 688 721 689
f 688 722 721
f 687 722 688
f 687 685 722
f 686 685 687
f 742 744 743
f 741 745 744
f 741 744 742
f 740 746 745
f 740 745 741
f 739 747 746
f 739 746 740
f 738 748 747
f 738 747 739
f 737 749 748
f 737 748 738
f 736 750 749
f 736 749 737
f 735 751 750
f 735 750 736
f 734 752 751
f 734 751 735
f 733 753 752
f 733 752 734
f 732 754 753
f 732 753 733
f 731 755 754
f 731 754 732
f 730 755 731
f 729 756 755
f 729 757 756
f 729 755 730
f 728 758 757
f 728 757 729
f 727 758 728
f 727 759 758
f 726 759 727
f 726 760 759
f 725 760 726
f 725 723 760
f 724 723 725
f 780 782 781
f 779 783 782
f 779 782 780
f 778 784 783
f 778 783 779
f 777 785 784
f 777 784 778
f 776 786 785
f 776 785 777
f 775 787 786
f 775 786 776
f 774 788 787
f 774 787 775
f 773 789 788
f 773 788 774
f 772 790 789
f 772 789 773
f 771 791 790
f 771 790 772
f 770 792 791
f 770 791 771
f 769 793 792
f 769 792 770
f 768 793 769
f 767 794 793
f 767 795 794
f 767 793 768
f 766 796 795
f 766 795 767
f 765 796 766
f 765 797 796
f 764 797 765
f 764 798 797
f 763 798 764
f 763 761 798
f 762 761 763
f 817 819 818
f 816 820 819
f 816 819 817
f 815 821 820
f 815 820 816
f 814 822 821
f 814 821 815
f 813 823 822
f 813 822 814
f 812 824 823
f 812 823 813
f 811 825 824
f 811 824 812
f 810 826 825
f 810 825 811
f 809 827 826
f 809 826 810
f 808 828 827
f 808 827 809
f 807 829 828
f 807 828 808
f 806 829 807
f 805 830 829
f 805 831 830
f 805 829 806
f 804 831 805
f 803 832 831
f 803 833 832
f 803 831 804
f 802 833 803
f 801 833 802
f 801 834 833
f 801 835 834
f 800 835 801
f 799 835 800
f 799 836 835
f 855 857 856
f 854 858 857
f 854 857 855
f 853 859 858
f 853 858 854
f 852 860 859
f 852 859 853
f 851 861 860
f 851 860 852
f 850 862 861
f 850 861 851
f 849 863 862
f 849 862 850
f 848 864 863
f 848 863 849
f 847 865 864
f 847 864 848
f 846 866 865
f 846 865 847
f 845 867 866
f 845 866 846
f 844 867 845
f 843 868 867
f 843 869 868
f 843 867 844
f 842 869 843
f 841 870 869
f 841 871 870
f 841 869 842
f 840 871 841
f 839 871 840
f 839 872 871
f 839 873 872
f 838 873 839
f 837 873 838
f 837 874 873
f 893 895 894
f 892 896 895
f 892 895 893
f 891 897 896
f 891 896 892
f 890 898 897
f 890 897 891
f 889 899 898
f 889 898 890
f 888 900 899
f 888 899 889
f 887 901 900
f 887 900 888
f 886 902 901
f 886 901 887
f 885 903 902
f 885 902 886
f 884 904 903
f 884 903 885
f 883 905 904
f 883 904 884
f 882 905 883
f 881 906 905
f 881 907 906
f 881 905 882
f 880 907 881
f 879 908 907
f 879 909 908
f 879 907 880
f 878 909 879
f 877 909 878
f 877 910 909
f 877 911 910
f 876 911 877
f 875 911 876
f 875 912 911
f 931 933 932
f 930 934 933
f 930 933 931
f 929 935 934
f 929 934 930
f 928 936 935
f 928 935 929
f 927 937 936
f 927 936 928
f 926 938 937
f 926 937 927
f 925 939 938
f 925 938 926
f 924 940 939
f 924 939 925
f 923 941 940
f 923 940 924
f 922 942 941
f 922 941 923
f 921 943 942
f 921 942 922
f 920 943 921
f 919 944 943
f 919 945 944
f 919 943 920
f 918 945 919
f 917 946 945
f 917 947 946
f 917 945 918
f 916 947 917
f 915 947 916
f 915 948 947
f 915 949 948
f 914 949 915
f 913 949 914
f 913 950 949
f 969 971 970
f 968 972 971
f 968 971 969
f 967 973 972
f 967 972 968
f 966 974 973
f 966 973 967
f 965 975 974
f 965 974 966
f 964 976 975
f 964 975 965
f 963 977 976
f 963 976 964
f 962 978 977
f 962 977 963
f 961 979 978
f 961 978 962
f 960 980 979
f 960 979 961
f 959 980 960
f 958 981 980
f 958 982 981
f 958 980 959
f 957 983 982
f 957 982 958
f 956 984 983
f 956 983 957
f 955 984 956
f 954 984 955
f 954 985 984
f 954 986 985
f 953 986 954
f 953 987 986
f 952 987 953
f 951 987 952
f 951 988 987
f 1007 1009 1008
f 1006 1010 1009
f 1006 1009 1007
f 1005 1011 1010
f 1005 1010 1006
f 1004 1012 1011
f 1004 1011 1005
f 1003 1013 1012
f 1003 1012 1004
f 1002 1014 1013
f 1002 1013 1003
f 1001 1015 1014
f 1001 1014 1002
f 1000 1016 1015
f 1000 1015 1001
f 999 1017 1016
f 999 1016 1000
f 998 1018 1017
f 998 1017 999
f 997 1018 998
f 996 1019 1018
f 996 1020 1019
f 996 1018 997
f 995 1021 1020
f 995 1020 996
f 994 1022 1021
f 994 1021 995
f 993 1022 994
f 992 1022 993
f 992 1023 1022
f 992 1024 1023
f 991 1024 992
f 991 1025 1024
f 990 1025 991
f 989 1025 990
f 989 1026 1025
f 1045 1047 1046
f 1044 1048 1047
f 1044 1047 1045
f 1043 1049 1048
f 1043 1048 1044
f 1042 1050 1049
f 1042 1049 1043
f 1041 1051 1050
f 1041 1050 1042
f 1040 1052 1051
f 1040 1051 1041
f 1039 1053 1052
f 1039 1052 1040
f 1038 1054 1053
f 1038 1053 1039
f 1037 1055 1054
f 1037 1054 1038
f 1036 1056 1055
f 1036 1055 1037
f 1035 1056 1036
f 1034 1057 1056
f 1034 1058 1057
f 1034 1056 1035
f 1033 1059 1058
f 1033 1058 1034
f 1032 1060 1059
f 1032 1059 1033
f 1031 1060 1032
f 1030 1060 1031
f 1030 1061 1060
f 1030 1062 1061
f 1029 1062 1030
f 1029 1063 1062
f 1028 1063 1029
f 1027 1063 1028
f 1027 1064 1063
f 1083 1085 1084
f 1082 1086 1085
f 1082 1085 1083
f 1081 1087 1086
f 1081 1086 1082
f 1080 1088 1087
f 1080 1087 1081
f 1079 1089 1088
f 1079 1088 1080
f 1078 1090 1089
f 1078 1089 1079
f 1077 1091 1090
f 1077 1090 1078
f 1076 1092 1091
f 1076 1091 1077
f 1075 1093 1092
f 1075 1092 1076
f 1074 1094 1093
f 1074 1093 1075
f 1073 1094 1074
f 1072 1095 1094
f 1072 1096 1095
f 1072 1094 1073
f 1071 1097 1096
f 1071 1096 1072
f 1070 1098 1097
f 1070 1097 1071
f 1069 1098 1070
f 1068 1098 1069
f 1068 1099 1098
f 1068 1100 1099
f 1067 1100 1068
f 1067 1101 1100
f 1066 1101 1067
f 1065 1101 1066
f 1065 1102 1101
f 1121 1123 1122
f 1120 1124 1123
f 1120 1123 1121
f 1119 1125 1124
f 1119 1124 1120
f 1118 1126 1125
f 1118 1125 1119
f 1117 1127 1126
f 1117 1126 1118
f 1116 1128 1127
f 1116 1127 1117
f 1115 1129 1128
f 1115 1128 1116
f 1114 1130 1129
f 1114 1129 1115
f 1113 1131 1130
f 1113 1130 1114
f 1112 1132 1131
f 1112 1131 1113
f 1111 1133 1132
f 1111 1132 1112
f 1110 1134 1133
f 1110 1133 1111
f 1109 1135 1134
f 1109 1134 1110
f 1108 1136 1135
f 1108 1135 1109
f 1107 1136 1108
f 1106 1136 1107
f 1106 1137 1136
f 1106 1138 1137
f 1105 1138 1106
f 1105 1139 1138
f 1104 1139 1105
f 1103 1139 1104
f 1103 1140 1139
f 1159 1161 1160
f 1158 1162 1161
f 1158 1161 1159
f 1157 1163 1162
f 1157 1162 1158
f 1156 1164 1163
f 1156 1163 1157
f 1155 1165 1164
f 1155 1164 1156
f 1154 1166 1165
f 1154 1165 1155
f 1153 1167 1166
f 1153 1166 1154
f 1152 1168 1167
f 1152 1167 1153
f 1151 1169 1168
f 1151 1168 1152
f 1150 1170 1169
f 1150 1169 1151
f 1149 1171 1170
f 1149 1170 1150
f 1148 1172 1171
f 1148 1171 1149
f 1147 1172 1148
f 1146 1173 1172
f 1146 1172 1147
f 1145 1174 1173
f 1145 1175 1174
f 1145 1173 1146
f 1144 1175 1145
f 1144 1176 1175
f 1143 1176 1144
f 1142 1176 1143
f 1142 1177 1176
f 1141 1177 1142
f 1141 1178 1177
f 1197 1199 1198
f 1196 1200 1199
f 1196 1199 1197
f 1195 1201 1200
f 1195 1200 1196
f 1194 1202 1201
f 1194 1201 1195
f 1193 1203 1202
f 1193 1202 1194
f 1192 1204 1203
f 1192 1203 1193
f 1191 1205 1204
f 1191 1204 1192
f 1190 1206 1205
f 1190 1205 1191
f 1189 1207 1206
f 1189 1206 1190
f 1188 1208 1207
f 1188 1207 1189
f 1187 1209 1208
f 1187 1208 1188
f 1186 1210 1209
f 1186 1209 1187
f 1185 1211 1210
f 1185 1210 1186
f 1184 1212 1211
f 1184 1211 1185
f 1183 1212 1184
f 1182 1212 1183
f 1182 1213 1212
f 1182 1214 1213
f 1181 1214 1182
f 1181 1215 1214
f 1180 1215 1181
f 1179 1215 1180
f 1179 1216 1215
f 1235 1237 1236
f 1234 1238 1237
f 1234 1237 1235
f 1233 1239 1238
f 1233 1238 1234
f 1232 1240 1239
f 1232 1239 1233
f 1231 1241 1240
f 1231 1240 1232
f 1230 1242 1241
f 1230 1241 1231
f 1229 1243 1242
f 1229 1242 1230
f 1228 1244 1243
f 1228 1243 1229
f 1227 1245 1244
f 1227 1244 1228
f 1226 1246 1245
f 1226 1245 1227
f 1225 1247 1246
f 1225 1246 1226
f 1224 1248 1247
f 1224 1247 1225
f 1223 1248 1224
f 1222 1249 1248
f 1222 1248 1223
f 1221 1250 1249
f 1221 1251 1250
f 1221 1249 1222
f 1220 1251 1221
f 1220 1252 1251
f 1219 1252 1220
f 1218 1252 1219
f 1218 1253 1252
f 1217 1253 1218
f 1217 1254 1253
f 1256 1255 1274
f 1292 1256 1274
f 1291 1273 1272
f 1291 1274 1273
f 1291 1292 1274
f 1290 1291 1272
f 1289 1272 1271
f 1289 1290 1272
f 1288 1270 1269
f 1288 1271 1270
f 1288 1289 1271
f 1287 1269 1268
f 1287 1288 1269
f 1286 1287 1268
f 1285 1268 1267
f 1285 1286 1268
f 1284 1267 1266
f 1284 1285 1267
f 1283 1266 1265
f 1283 1284 1266
f 1282 1265 1264
f 1282 1283 1265
f 1281 1263 1262
f 1281 1264 1263
f 1281 1282 1264
f 1280 1281 1262
f 1279 1262 1261
f 1279 1280 1262
f 1278 1279 1261
f 1278 1261 1260
f 1277 1278 1260
f 1277 1260 1259
f 1276 1259 1258
f 1276 1277 1259
f 1275 1258 1257
f 1275 1276 1258
f 1586 1314 1313
f 1586 1313 1585
f 1584 1585 1313
f 1587 1314 1586
f 1588 1314 1587
f 1583 1313 1312
f 1583 1584 1313
f 1589 1315 1314
f 1589 1314 1588
f 1582 1583 1312
f 1581 1582 1312
f 1590 1315 1589
f 1591 1315 1590
f 1616 1581 1312
f 1592 1316 1315
f 1592 1315 1591
f 1615 1312 1311
f 1615 1616 1312
f 1593 1316 1592
f 1614 1615 1311
f 1613 1614 1311
f 1612 1311 1310
f 1612 1613 1311
f 1611 1612 1310
f 1610 1611 1310
f 1609 1610 1310
f 1549 1550 1320
f 1549 1320 1319
f 1551 1320 1550
f 1548 1549 1319
f 1442 1317 1441
f 1442 1318 1317
f 1443 1318 1442
f 1440 1441 1317
f 1440 1317 1316
f 1547 1548 1319
f 1552 1320 1551
f 1552 1321 1320
f 1444 1318 1443
f 1439 1440 1316
f 1439 1316 1593
f 1438 1439 1593
f 1438 1593 1594
f 1445 1319 1318
f 1445 1318 1444
f 1553 1321 1552
f 1546 1547 1319
f 1546 1319 1445
f 1446 1546 1445
f 1437 1438 1594
f 1437 1594 1595
f 1472 1595 1596
f 1472 1437 1595
f 1554 1321 1553
f 1545 1446 1447
f 1545 1546 1446
f 1309 1609 1310
f 1309 1608 1609
f 1471 1472 1596
f 1555 1321 1554
f 1580 1545 1447
f 1580 1447 1448
f 1470 1596 1597
f 1470 1471 1596
f 1469 1597 1598
f 1469 1470 1597
f 1556 1322 1321
f 1556 1321 1555
f 1579 1448 1449
f 1579 1449 1450
f 1579 1580 1448
f 1468 1598 1599
f 1468 1469 1598
f 1467 1599 1600
f 1467 1468 1599
f 1557 1322 1556
f 1578 1450 1451
f 1578 1579 1450
f 1466 1467 1600
f 1558 1322 1557
f 1577 1451 1452
f 1577 1578 1451
f 1559 1322 1558
f 1576 1452 1453
f 1576 1453 1454
f 1576 1577 1452
f 1575 1454 1455
f 1575 1576 1454
f 1574 1575 1455
f 1574 1455 1456
f 1573 1574 1456
f 1323 1322 1559
f 1323 1559 1560
f 1323 1560 1561
f 1323 1561 1562
f 1324 1323 1562
f 1324 1562 1563
f 1324 1563 1564
f 1324 1564 1565
f 1405 1406 1571
f 1405 1571 1572
f 1333 1605 1606
f 1334 1605 1333
f 1404 1572 1573
f 1404 1405 1572
f 1407 1570 1571
f 1407 1571 1406
f 1332 1333 1606
f 1332 1606 1607
f 1335 1604 1605
f 1335 1605 1334
f 1408 1569 1570
f 1408 1570 1407
f 1403 1573 1456
f 1403 1404 1573
f 1331 1332 1607
f 1331 1607 1608
f 1336 1603 1604
f 1336 1604 1335
f 1402 1456 1457
f 1402 1457 1458
f 1402 1403 1456
f 1409 1568 1569
f 1409 1569 1408
f 1330 1331 1608
f 1330 1608 1309
f 1337 1602 1603
f 1337 1603 1336
f 1401 1402 1458
f 1410 1568 1409
f 1329 1309 1308
f 1329 1330 1309
f 1338 1601 1602
f 1338 1602 1337
f 1411 1568 1410
f 1411 1567 1568
f 1436 1401 1458
f 1436 1458 1459
f 1436 1459 1460
f 1339 1600 1601
f 1339 1466 1600
f 1339 1601 1338
f 1364 1329 1308
f 1412 1567 1411
f 1412 1566 1567
f 1435 1436 1460
f 1340 1466 1339
f 1340 1465 1466
f 1363 1308 1307
f 1363 1364 1308
f 1413 1566 1412
f 1413 1565 1566
f 1434 1435 1460
f 1434 1460 1461
f 1362 1363 1307
f 1341 1465 1340
f 1341 1463 1464
f 1341 1464 1465
f 1414 1565 1413
f 1414 1324 1565
f 1433 1434 1461
f 1433 1461 1462
f 1361 1362 1307
f 1342 1463 1341
f 1342 1462 1463
f 1415 1324 1414
f 1343 1433 1462
f 1343 1462 1342
f 1325 1415 1416
f 1325 1416 1417
f 1325 1324 1415
f 1306 1361 1307
f 1306 1360 1361
f 1478 1355 1356
f 1478 1356 1357
f 1477 1478 1357
f 1477 1357 1358
f 1476 1477 1358
f 1476 1358 1359
f 1479 1355 1478
f 1479 1354 1355
f 1480 1354 1479
f 1480 1353 1354
f 1475 1360 1306
f 1475 1476 1359
f 1475 1359 1360
f 1481 1353 1480
f 1481 1351 1352
f 1481 1352 1353
f 1474 1475 1306
f 1473 1474 1306
f 1482 1351 1481
f 1482 1350 1351
f 1326 1417 1418
f 1326 1418 1419
f 1326 1325 1417
f 1483 1350 1482
f 1483 1349 1350
f 1508 1306 1305
f 1508 1473 1306
f 1484 1349 1483
f 1507 1508 1305
f 1506 1507 1305
f 1370 1345 1346
f 1370 1346 1369
f 1368 1346 1347
f 1368 1369 1346
f 1371 1345 1370
f 1371 1344 1345
f 1505 1506 1305
f 1367 1347 1348
f 1367 1368 1347
f 1372 1343 1344
f 1372 1344 1371
f 1373 1433 1343
f 1373 1432 1433
f 1373 1343 1372
f 1366 1348 1349
f 1366 1349 1484
f 1366 1367 1348
f 1365 1366 1484
f 1365 1484 1485
f 1374 1431 1432
f 1374 1432 1373
f 1375 1429 1430
f 1375 1430 1431
f 1375 1431 1374
f 1400 1365 1485
f 1400 1485 1486
f 1376 1429 1375
f 1399 1400 1486
f 1398 1486 1487
f 1398 1399 1486
f 1397 1398 1487
f 1397 1487 1488
f 1396 1397 1488
f 1396 1488 1489
f 1395 1396 1489
f 1394 1395 1489
f 1394 1489 1490
f 1327 1326 1419
f 1327 1419 1420
f 1304 1502 1503
f 1304 1503 1504
f 1304 1504 1505
f 1304 1505 1305
f 1393 1394 1490
f 1393 1490 1491
f 1392 1393 1491
f 1492 1392 1491
f 1391 1392 1492
f 1513 1426 1427
f 1514 1426 1513
f 1514 1425 1426
f 1515 1423 1424
f 1515 1424 1425
f 1515 1425 1514
f 1512 1513 1427
f 1512 1427 1428
f 1511 1512 1428
f 1511 1428 1429
f 1516 1422 1423
f 1516 1423 1515
f 1510 1429 1376
f 1510 1511 1429
f 1510 1376 1377
f 1517 1422 1516
f 1517 1421 1422
f 1509 1510 1377
f 1509 1377 1378
f 1518 1420 1421
f 1518 1327 1420
f 1518 1421 1517
f 1519 1327 1518
f 1544 1509 1378
f 1544 1378 1379
f 1543 1544 1379
f 1543 1379 1380
f 1542 1543 1380
f 1542 1380 1381
f 1542 1381 1382
f 1541 1382 1383
f 1541 1542 1382
f 1328 1519 1520
f 1328 1520 1521
f 1328 1521 1522
f 1328 1327 1519
f 1303 1498 1499
f 1303 1499 1500
f 1303 1500 1501
f 1303 1501 1502
f 1303 1502 1304
f 1540 1541 1383
f 1540 1383 1384
f 1539 1540 1384
f 1539 1384 1385
f 1302 1495 1496
f 1302 1496 1497
f 1302 1497 1498
f 1302 1498 1303
f 1293 1522 1523
f 1293 1523 1524
f 1293 1524 1525
f 1293 1328 1522
f 1301 1494 1495
f 1301 1495 1302
f 1301 1391 1492
f 1301 1390 1391
f 1301 1492 1493
f 1301 1493 1494
f 1294 1293 1525
f 1294 1525 1526
f 1294 1526 1527
f 1294 1527 1528
f 1300 1390 1301
f 1300 1388 1389
f 1300 1389 1390
f 1295 1528 1529
f 1295 1529 1530
f 1295 1530 1531
f 1295 1531 1532
f 1295 1294 1528
f 1299 1388 1300
f 1299 1386 1387
f 1299 1387 1388
f 1296 1295 1532
f 1296 1532 1533
f 1296 1533 1534
f 1296 1534 1535
f 1297 1296 1535
f 1297 1535 1536
f 1297 1536 1537
f 1297 1537 1538
f 1298 1538 1539
f 1298 1297 1538
f 1298 1539 1385
f 1298 1386 1299
f 1298 1385 1386
f 1667 1639 1640
f 1666 1640 1641
f 1666 1667 1640
f 1668 1638 1639
f 1668 1639 1667
f 1665 1641 1642
f 1665 1666 1641
f 1669 1637 1638
f 1669 1638 1668
f 1664 1642 1643
f 1664 1665 1642
f 1670 1636 1637
f 1670 1637 1669
f 1663 1643 1644
f 1663 1664 1643
f 1671 1635 1636
f 1671 1636 1670
f 1662 1663 1644
f 1645 1662 1644
f 1672 1635 1671
f 1672 1634 1635
f 1661 1662 1645
f 1646 1661 1645
f 1673 1634 1672
f 1673 1633 1634
f 1660 1661 1646
f 1647 1660 1646
f 1674 1632 1633
f 1674 1633 1673
f 1659 1660 1647
f 1675 1631 1632
f 1675 1632 1674
f 1658 1647 1648
f 1658 1659 1647
f 1676 1631 1675
f 1649 1657 1658
f 1649 1658 1648
f 1630 1631 1676
f 1677 1630 1676
f 1650 1656 1657
f 1650 1657 1649
f 1629 1630 1677
f 1651 1655 1656
f 1651 1656 1650
f 1628 1677 1678
f 1628 1629 1677
f 1679 1628 1678
f 1652 1654 1655
f 1652 1655 1651
f 1627 1628 1679
f 1626 1679 1680
f 1626 1627 1679
f 1617 1653 1654
f 1617 1654 1652
f 1617 1688 1653
f 1625 1680 1681
f 1625 1626 1680
f 1618 1688 1617
f 1624 1681 1682
f 1624 1682 1683
f 1624 1625 1681
f 1619 1687 1688
f 1619 1688 1618
f 1623 1624 1683
f 1620 1687 1619
f 1620 1686 1687
f 1622 1623 1683
f 1622 1683 1684
f 1622 1684 1685
f 1621 1622 1685
f 1621 1685 1686
f 1621 1686 1620
f 1690 1708 1689
f 1690 1709 1708
f 1691 1710 1709
f 1691 1709 1690
f 1692 1711 1710
f 1692 1710 1691
f 1693 1712 1711
f 1693 1711 1692
f 1694 1713 1712
f 1694 1712 1693
f 1695 1714 1713
f 1695 1713 1694
f 1696 1715 1714
f 1696 1714 1695
f 1697 1716 1715
f 1697 1715 1696
f 1698 1717 1716
f 1698 1716 1697
f 1699 1718 1717
f 1699 1717 1698
f 1700 1719 1718
f 1700 1718 1699
f 1701 1720 1719
f 1701 1719 1700
f 1702 1721 1720
f 1702 1720 1701
f 1703 1722 1721
f 1703 1721 1702
f 1704 1722 1703
f 1704 1723 1722
f 1705 1723 1704
f 1705 1724 1723
f 1706 1724 1705
f 1706 1725 1724
f 1707 1725 1706
f 1707 1726 1725
f 1777 1749 1750
f 1776 1750 1751
f 1776 1777 1750
f 1778 1748 1749
f 1778 1749 1777
f 1775 1751 1752
f 1775 1776 1751
f 1779 1747 1748
f 1779 1748 1778
f 1774 1752 1753
f 1774 1775 1752
f 1780 1746 1747
f 1780 1747 1779
f 1773 1753 1754
f 1773 1774 1753
f 1781 1745 1746
f 1781 1746 1780
f 1772 1773 1754
f 1755 1772 1754
f 1782 1745 1781
f 1782 1744 1745
f 1771 1772 1755
f 1756 1771 1755
f 1783 1744 1782
f 1783 1743 1744
f 1770 1771 1756
f 1757 1770 1756
f 1784 1742 1743
f 1784 1743 1783
f 1769 1770 1757
f 1785 1741 1742
f 1785 1742 1784
f 1768 1757 1758
f 1768 1769 1757
f 1786 1741 1785
f 1759 1767 1768
f 1759 1768 1758
f 1740 1741 1786
f 1787 1740 1786
f 1760 1766 1767
f 1760 1767 1759
f 1739 1740 1787
f 1761 1765 1766
f 1761 1766 1760
f 1738 1787 1788
f 1738 1739 1787
f 1789 1738 1788
f 1762 1764 1765
f 1762 1765 1761
f 1737 1738 1789
f 1736 1789 1790
f 1736 1737 1789
f 1727 1763 1764
f 1727 1764 1762
f 1727 1798 1763
f 1735 1790 1791
f 1735 1736 1790
f 1728 1798 1727
f 1734 1791 1792
f 1734 1792 1793
f 1734 1735 1791
f 1729 1797 1798
f 1729 1798 1728
f 1733 1734 1793
f 1730 1797 1729
f 1730 1796 1797
f 1732 1733 1793
f 1732 1793 1794
f 1732 1794 1795
f 1731 1732 1795
f 1731 1795 1796
f 1731 1796 1730
f 1800 1818 1799
f 1800 1819 1818
f 1801 1820 1819
f 1801 1819 1800
f 1802 1821 1820
f 1802 1820 1801
f 1803 1822 1821
f 1803 1821 1802
f 1804 1823 1822
f 1804 1822 1803
f 1805 1824 1823
f 1805 1823 1804
f 1806 1825 1824
f 1806 1824 1805
f 1807 1826 1825
f 1807 1825 1806
f 1808 1827 1826
f 1808 1826 1807
f 1809 1828 1827
f 1809 1827 1808
f 1810 1829 1828
f 1810 1828 1809
f 1811 1830 1829
f 1811 1829 1810
f 1812 1831 1830
f 1812 1830 1811
f 1813 1832 1831
f 1813 1831 1812
f 1814 1832 1813
f 1814 1833 1832
f 1815 1833 1814
f 1815 1834 1833
f 1816 1834 1815
f 1816 1835 1834
f 1817 1835 1816
f 1817 1836 1835
f 1887 1859 1860
f 1886 1860 1861
f 1886 1887 1860
f 1888 1858 1859
f 1888 1859 1887
f 1885 1861 1862
f 1885 1886 1861
f 1889 1857 1858
f 1889 1858 1888
f 1884 1862 1863
f 1884 1885 1862
f 1890 1856 1857
f 1890 1857 1889
f 1883 1863 1864
f 1883 1884 1863
f 1891 1855 1856
f 1891 1856 1890
f 1882 1883 1864
f 1865 1882 1864
f 1892 1855 1891
f 1892 1854 1855
f 1881 1882 1865
f 1866 1881 1865
f 1893 1853 1854
f 1893 1854 1892
f 1880 1881 1866
f 1867 1880 1866
f 1894 1852 1853
f 1894 1853 1893
f 1879 1880 1867
f 1895 1851 1852
f 1895 1852 1894
f 1878 1867 1868
f 1878 1879 1867
f 1869 1878 1868
f 1869 1877 1878
f 1850 1851 1895
f 1850 1895 1896
f 1870 1876 1877
f 1870 1877 1869
f 1849 1850 1896
f 1849 1896 1897
f 1898 1849 1897
f 1875 1876 1870
f 1871 1875 1870
f 1848 1849 1898
f 1899 1848 1898
f 1872 1874 1875
f 1872 1875 1871
f 1847 1848 1899
f 1900 1847 1899
f 1846 1900 1901
f 1846 1847 1900
f 1837 1873 1874
f 1837 1874 1872
f 1837 1908 1873
f 1845 1901 1902
f 1845 1846 1901
f 1838 1908 1837
f 1844 1845 1902
f 1839 1907 1908
f 1839 1908 1838
f 1840 1907 1839
f 1840 1906 1907
f 1843 1902 1903
f 1843 1903 1904
f 1843 1844 1902
f 1841 1906 1840
f 1841 1905 1906
f 1842 1843 1904
f 1842 1905 1841
f 1842 1904 1905
f 1910 1928 1909
f 1910 1929 1928
f 1911 1930 1929
f 1911 1929 1910
f 1912 1931 1930
f 1912 1930 1911
f 1913 1932 1931
f 1913 1931 1912
f 1914 1933 1932
f 1914 1932 1913
f 1915 1934 1933
f 1915 1933 1914
f 1916 1935 1934
f 1916 1934 1915
f 1917 1936 1935
f 1917 1935 1916
f 1918 1937 1936
f 1918 1936 1917
f 1919 1938 1937
f 1919 1937 1918
f 1920 1939 1938
f 1920 1938 1919
f 1921 1940 1939
f 1921 1939 1920
f 1922 1941 1940
f 1922 1940 1921
f 1923 1942 1941
f 1923 1941 1922
f 1924 1942 1923
f 1924 1943 1942
f 1925 1943 1924
f 1925 1944 1943
f 1926 1944 1925
f 1926 1945 1944
f 1927 1945 1926
f 1927 1946 1945
f 1997 1969 1970
f 1996 1970 1971
f 1996 1997 1970
f 1998 1968 1969
f 1998 1969 1997
f 1995 1971 1972
f 1995 1996 1971
f 1999 1967 1968
f 1999 1968 1998
f 1994 1972 1973
f 1994 1995 1972
f 2000 1966 1967
f 2000 1967 1999
f 1993 1973 1974
f 1993 1994 1973
f 2001 1965 1966
f 2001 1966 2000
f 1992 1993 1974
f 1975 1992 1974
f 2002 1965 2001
f 2002 1964 1965
f 1991 1992 1975
f 1976 1991 1975
f 2003 1963 1964
f 2003 1964 2002
f 1990 1991 1976
f 1977 1990 1976
f 2004 1962 1963
f 2004 1963 2003
f 1989 1990 1977
f 2005 1961 1962
f 2005 1962 2004
f 1988 1977 1978
f 1988 1989 1977
f 1979 1988 1978
f 1979 1987 1988
f 1960 1961 2005
f 1960 2005 2006
f 1980 1986 1987
f 1980 1987 1979
f 1959 1960 2006
f 1959 2006 2007
f 2008 1959 2007
f 1985 1986 1980
f 1981 1985 1980
f 1958 1959 2008
f 2009 1958 2008
f 1982 1984 1985
f 1982 1985 1981
f 1957 1958 2009
f 2010 1957 2009
f 1956 2010 2011
f 1956 1957 2010
f 1947 1983 1984
f 1947 1984 1982
f 1947 2018 1983
f 1955 2011 2012
f 1955 1956 2011
f 1948 2018 1947
f 1954 1955 2012
f 1949 2017 2018
f 1949 2018 1948
f 1950 2017 1949
f 1950 2016 2017
f 1953 2012 2013
f 1953 2013 2014
f 1953 1954 2012
f 1951 2016 1950
f 1951 2015 2016
f 1952 1953 2014
f 1952 2015 1951
f 1952 2014 2015
f 2020 2038 2019
f 2020 2039 2038
f 2021 2040 2039
f 2021 2039 2020
f 2022 2041 2040
f 2022 2040 2021
f 2023 2042 2041
f 2023 2041 2022
f 2024 2043 2042
f 2024 2042 2023
f 2025 2044 2043
f 2025 2043 2024
f 2026 2045 2044
f 2026 2044 2025
f 2027 2046 2045
f 2027 2045 2026
f 2028 2047 2046
f 2028 2046 2027
f 2029 2048 2047
f 2029 2047 2028
f 2030 2049 2048
f 2030 2048 2029
f 2031 2050 2049
f 2031 2049 2030
f 2032 2051 2050
f 2032 2050 2031
f 2033 2052 2051
f 2033 2051 2032
f 2034 2052 2033
f 2034 2053 2052
f 2035 2053 2034
f 2035 2054 2053
f 2036 2054 2035
f 2036 2055 2054
f 2037 2055 2036
f 2037 2056 2055
f 2106 2080 2081
f 2107 2079 2080
f 2107 2080 2106
f 2105 2081 2082
f 2105 2106 2081
f 2108 2078 2079
f 2108 2079 2107
f 2104 2082 2083
f 2104 2105 2082
f 2109 2077 2078
f 2109 2078 2108
f 2103 2083 2084
f 2103 2104 2083
f 2110 2077 2109
f 2110 2076 2077
f 2102 2103 2084
f 2102 2084 2085
f 2111 2076 2110
f 2111 2075 2076
f 2101 2102 2085
f 2112 2074 2075
f 2112 2075 2111
f 2086 2101 2085
f 2100 2101 2086
f 2113 2074 2112
f 2113 2073 2074
f 2087 2100 2086
f 2099 2100 2087
f 2114 2072 2073
f 2114 2073 2113
f 2088 2099 2087
f 2098 2099 2088
f 2115 2071 2072
f 2115 2072 2114
f 2116 2071 2115
f 2089 2098 2088
f 2089 2097 2098
f 2070 2071 2116
f 2117 2070 2116
f 2090 2096 2097
f 2090 2097 2089
f 2069 2070 2117
f 2118 2069 2117
f 2091 2095 2096
f 2091 2096 2090
f 2068 2069 2118
f 2119 2068 2118
f 2092 2094 2095
f 2092 2095 2091
f 2067 2119 2120
f 2067 2068 2119
f 2057 2093 2094
f 2057 2094 2092
f 2066 2120 2121
f 2066 2067 2120
f 2058 2128 2093
f 2058 2093 2057
f 2065 2121 2122
f 2065 2066 2121
f 2059 2127 2128
f 2059 2128 2058
f 2064 2122 2123
f 2064 2065 2122
f 2060 2127 2059
f 2060 2126 2127
f 2063 2123 2124
f 2063 2064 2123
f 2061 2124 2125
f 2061 2125 2126
f 2061 2126 2060
f 2062 2063 2124
f 2062 2124 2061
f 2179 2150 2151
f 2179 2151 2152
f 2179 2152 2178
f 2177 2152 2153
f 2177 2153 2154
f 2177 2178 2152
f 2180 2149 2150
f 2180 2150 2179
f 2176 2154 2155
f 2176 2177 2154
f 2181 2148 2149
f 2181 2149 2180
f 2175 2176 2155
f 2175 2155 2156
f 2182 2148 2181
f 2182 2147 2148
f 2174 2175 2156
f 2174 2156 2157
f 2183 2147 2182
f 2183 2146 2147
f 2173 2174 2157
f 2184 2146 2183
f 2158 2173 2157
f 2172 2173 2158
f 2185 2145 2146
f 2185 2146 2184
f 2159 2172 2158
f 2171 2172 2159
f 2186 2144 2145
f 2186 2145 2185
f 2160 2171 2159
f 2170 2171 2160
f 2187 2143 2144
f 2187 2144 2186
f 2161 2170 2160
f 2161 2169 2170
f 2142 2143 2187
f 2142 2187 2188
f 2162 2169 2161
f 2162 2168 2169
f 2141 2142 2188
f 2141 2188 2189
f 2190 2141 2189
f 2163 2168 2162
f 2163 2167 2168
f 2140 2141 2190
f 2191 2140 2190
f 2164 2166 2167
f 2164 2167 2163
f 2139 2191 2192
f 2139 2140 2191
f 2129 2166 2164
f 2129 2165 2166
f 2138 2192 2193
f 2138 2139 2192
f 2130 2200 2165
f 2130 2165 2129
f 2137 2138 2193
f 2131 2199 2200
f 2131 2200 2130
f 2136 2137 2193
f 2136 2193 2194
f 2132 2199 2131
f 2132 2198 2199
f 2135 2194 2195
f 2135 2195 2196
f 2135 2136 2194
f 2133 2198 2132
f 2133 2196 2197
f 2133 2197 2198
f 2134 2135 2196
f 2134 2196 2133
f 2250 2224 2225
f 2251 2223 2224
f 2251 2224 2250
f 2249 2225 2226
f 2249 2250 2225
f 2252 2222 2223
f 2252 2223 2251
f 2248 2226 2227
f 2248 2249 2226
f 2253 2221 2222
f 2253 2222 2252
f 2247 2248 2227
f 2254 2220 2221
f 2254 2221 2253
f 2246 2247 2227
f 2246 2227 2228
f 2255 2220 2254
f 2255 2219 2220
f 2245 2246 2228
f 2245 2228 2229
f 2256 2218 2219
f 2256 2219 2255
f 2244 2245 2229
f 2244 2229 2230
f 2257 2217 2218
f 2257 2218 2256
f 2243 2244 2230
f 2243 2230 2231
f 2258 2216 2217
f 2258 2217 2257
f 2242 2231 2232
f 2242 2243 2231
f 2259 2215 2216
f 2259 2216 2258
f 2260 2215 2259
f 2233 2242 2232
f 2233 2241 2242
f 2214 2215 2260
f 2240 2241 2233
f 2261 2214 2260
f 2234 2240 2233
f 2213 2214 2261
f 2262 2213 2261
f 2235 2239 2240
f 2235 2240 2234
f 2212 2213 2262
f 2263 2212 2262
f 2236 2239 2235
f 2236 2238 2239
f 2211 2263 2264
f 2211 2212 2263
f 2201 2237 2238
f 2201 2238 2236
f 2201 2272 2237
f 2210 2264 2265
f 2210 2211 2264
f 2202 2272 2201
f 2202 2271 2272
f 2209 2265 2266
f 2209 2210 2265
f 2203 2271 2202
f 2203 2270 2271
f 2208 2209 2266
f 2204 2270 2203
f 2207 2266 2267
f 2207 2267 2268
f 2207 2208 2266
f 2205 2268 2269
f 2205 2269 2270
f 2205 2270 2204
f 2206 2268 2205
f 2206 2207 2268
f 2323 2295 2296
f 2323 2296 2322
f 2321 2296 2297
f 2321 2322 2296
f 2324 2294 2295
f 2324 2295 2323
f 2320 2297 2298
f 2320 2298 2299
f 2320 2321 2297
f 2325 2293 2294
f 2325 2294 2324
f 2319 2320 2299
f 2326 2292 2293
f 2326 2293 2325
f 2318 2319 2299
f 2318 2299 2300
f 2318 2300 2301
f 2327 2291 2292
f 2327 2292 2326
f 2317 2318 2301
f 2328 2290 2291
f 2328 2291 2327
f 2302 2317 2301
f 2316 2317 2302
f 2329 2290 2328
f 2329 2289 2290
f 2303 2316 2302
f 2315 2316 2303
f 2330 2288 2289
f 2330 2289 2329
f 2304 2315 2303
f 2314 2315 2304
f 2331 2287 2288
f 2331 2288 2330
f 2332 2287 2331
f 2305 2314 2304
f 2305 2313 2314
f 2286 2287 2332
f 2333 2286 2332
f 2306 2312 2313
f 2306 2313 2305
f 2285 2286 2333
f 2307 2312 2306
f 2307 2311 2312
f 2284 2333 2334
f 2284 2285 2333
f 2335 2284 2334
f 2308 2310 2311
f 2308 2311 2307
f 2283 2335 2336
f 2283 2284 2335
f 2273 2309 2310
f 2273 2310 2308
f 2282 2283 2336
f 2274 2344 2309
f 2274 2309 2273
f 2281 2336 2337
f 2281 2282 2336
f 2275 2344 2274
f 2275 2343 2344
f 2280 2337 2338
f 2280 2281 2337
f 2276 2343 2275
f 2276 2342 2343
f 2279 2338 2339
f 2279 2339 2340
f 2279 2280 2338
f 2277 2342 2276
f 2277 2341 2342
f 2278 2279 2340
f 2278 2341 2277
f 2278 2340 2341
f 2395 2367 2368
f 2395 2368 2394
f 2393 2368 2369
f 2393 2369 2370
f 2393 2394 2368
f 2396 2366 2367
f 2396 2367 2395
f 2392 2370 2371
f 2392 2393 2370
f 2397 2365 2366
f 2397 2366 2396
f 2391 2392 2371
f 2391 2371 2372
f 2398 2364 2365
f 2398 2365 2397
f 2390 2391 2372
f 2390 2372 2373
f 2399 2364 2398
f 2399 2363 2364
f 2389 2390 2373
f 2400 2362 2363
f 2400 2363 2399
f 2374 2389 2373
f 2388 2389 2374
f 2401 2361 2362
f 2401 2362 2400
f 2375 2388 2374
f 2387 2388 2375
f 2402 2361 2401
f 2402 2360 2361
f 2376 2387 2375
f 2386 2387 2376
f 2403 2360 2402
f 2403 2359 2360
f 2404 2359 2403
f 2377 2386 2376
f 2377 2385 2386
f 2358 2359 2404
f 2405 2358 2404
f 2378 2385 2377
f 2378 2384 2385
f 2357 2358 2405
f 2406 2357 2405
f 2379 2383 2384
f 2379 2384 2378
f 2356 2357 2406
f 2380 2382 2383
f 2380 2383 2379
f 2355 2356 2406
f 2355 2406 2407
f 2355 2407 2408
f 2345 2381 2382
f 2345 2382 2380
f 2354 2408 2409
f 2354 2355 2408
f 2346 2416 2381
f 2346 2381 2345
f 2353 2354 2409
f 2347 2415 2416
f 2347 2416 2346
f 2352 2409 2410
f 2352 2410 2411
f 2352 2353 2409
f 2348 2415 2347
f 2348 2414 2415
f 2351 2352 2411
f 2349 2413 2414
f 2349 2414 2348
f 2350 2351 2411
f 2350 2413 2349
f 2350 2411 2412
f 2350 2412 2413
f 2417 2437 2436
f 2418 2437 2417
f 2419 2438 2437
f 2419 2437 2418
f 2420 2439 2438
f 2420 2440 2439
f 2420 2438 2419
f 2421 2440 2420
f 2422 2441 2440
f 2422 2440 2421
f 2423 2442 2441
f 2423 2443 2442
f 2423 2441 2422
f 2424 2443 2423
f 2425 2444 2443
f 2425 2443 2424
f 2426 2445 2444
f 2426 2444 2425
f 2427 2446 2445
f 2427 2445 2426
f 2428 2447 2446
f 2428 2446 2427
f 2429 2448 2447
f 2429 2447 2428
f 2430 2449 2448
f 2430 2448 2429
f 2431 2450 2449
f 2431 2449 2430
f 2432 2450 2431
f 2432 2451 2450
f 2433 2451 2432
f 2433 2452 2451
f 2434 2452 2433
f 2434 2453 2452
f 2434 2454 2453
f 2435 2454 2434
f 2504 2478 2479
f 2505 2477 2478
f 2505 2478 2504
f 2503 2479 2480
f 2503 2504 2479
f 2506 2476 2477
f 2506 2477 2505
f 2502 2480 2481
f 2502 2503 2480
f 2507 2475 2476
f 2507 2476 2506
f 2501 2502 2481
f 2501 2481 2482
f 2508 2474 2475
f 2508 2475 2507
f 2500 2501 2482
f 2500 2482 2483
f 2509 2474 2508
f 2509 2473 2474
f 2499 2500 2483
f 2510 2472 2473
f 2510 2473 2509
f 2484 2499 2483
f 2498 2499 2484
f 2511 2471 2472
f 2511 2472 2510
f 2485 2498 2484
f 2497 2498 2485
f 2512 2471 2511
f 2512 2470 2471
f 2486 2497 2485
f 2496 2497 2486
f 2513 2469 2470
f 2513 2470 2512
f 2514 2469 2513
f 2487 2495 2496
f 2487 2496 2486
f 2468 2469 2514
f 2515 2468 2514
f 2488 2494 2495
f 2488 2495 2487
f 2467 2468 2515
f 2516 2467 2515
f 2489 2494 2488
f 2489 2493 2494
f 2466 2467 2516
f 2517 2466 2516
f 2490 2492 2493
f 2490 2493 2489
f 2465 2466 2517
f 2455 2491 2492
f 2455 2492 2490
f 2464 2517 2518
f 2464 2518 2519
f 2464 2465 2517
f 2456 2526 2491
f 2456 2491 2455
f 2463 2519 2520
f 2463 2464 2519
f 2457 2526 2456
f 2457 2525 2526
f 2462 2463 2520
f 2458 2525 2457
f 2458 2524 2525
f 2461 2462 2520
f 2461 2520 2521
f 2461 2521 2522
f 2459 2523 2524
f 2459 2524 2458
f 2460 2461 2522
f 2460 2523 2459
f 2460 2522 2523
f 2527 2547 2546
f 2528 2547 2527
f 2529 2548 2547
f 2529 2547 2528
f 2530 2549 2548
f 2530 2550 2549
f 2530 2548 2529
f 2531 2550 2530
f 2532 2551 2550
f 2532 2550 2531
f 2533 2552 2551
f 2533 2553 2552
f 2533 2551 2532
f 2534 2553 2533
f 2535 2554 2553
f 2535 2553 2534
f 2536 2555 2554
f 2536 2554 2535
f 2537 2556 2555
f 2537 2555 2536
f 2538 2557 2556
f 2538 2556 2537
f 2539 2558 2557
f 2539 2557 2538
f 2540 2559 2558
f 2540 2558 2539
f 2541 2560 2559
f 2541 2559 2540
f 2542 2560 2541
f 2542 2561 2560
f 2543 2561 2542
f 2543 2562 2561
f 2544 2562 2543
f 2544 2563 2562
f 2544 2564 2563
f 2545 2564 2544
f 2614 2588 2589
f 2615 2587 2588
f 2615 2588 2614
f 2613 2589 2590
f 2613 2614 2589
f 2616 2586 2587
f 2616 2587 2615
f 2612 2590 2591
f 2612 2613 2590
f 2617 2585 2586
f 2617 2586 2616
f 2611 2612 2591
f 2611 2591 2592
f 2618 2584 2585
f 2618 2585 2617
f 2610 2592 2593
f 2610 2611 2592
f 2619 2584 2618
f 2619 2583 2584
f 2609 2610 2593
f 2620 2582 2583
f 2620 2583 2619
f 2594 2609 2593
f 2608 2609 2594
f 2621 2581 2582
f 2621 2582 2620
f 2595 2608 2594
f 2607 2608 2595
f 2622 2581 2621
f 2622 2580 2581
f 2596 2607 2595
f 2606 2607 2596
f 2623 2579 2580
f 2623 2580 2622
f 2597 2606 2596
f 2597 2605 2606
f 2578 2579 2623
f 2578 2623 2624
f 2625 2578 2624
f 2598 2604 2605
f 2598 2605 2597
f 2577 2578 2625
f 2626 2577 2625
f 2599 2603 2604
f 2599 2604 2598
f 2576 2577 2626
f 2627 2576 2626
f 2600 2602 2603
f 2600 2603 2599
f 2575 2627 2628
f 2575 2576 2627
f 2565 2601 2602
f 2565 2602 2600
f 2574 2575 2628
f 2566 2636 2601
f 2566 2601 2565
f 2573 2628 2629
f 2573 2629 2630
f 2573 2574 2628
f 2567 2636 2566
f 2567 2635 2636
f 2572 2573 2630
f 2568 2635 2567
f 2568 2634 2635
f 2571 2572 2630
f 2571 2630 2631
f 2569 2634 2568
f 2569 2633 2634
f 2570 2571 2631
f 2570 2633 2569
f 2570 2631 2632
f 2570 2632 2633
f 2637 2657 2656
f 2638 2657 2637
f 2639 2658 2657
f 2639 2657 2638
f 2640 2659 2658
f 2640 2660 2659
f 2640 2658 2639
f 2641 2660 2640
f 2642 2661 2660
f 2642 2660 2641
f 2643 2662 2661
f 2643 2663 2662
f 2643 2661 2642
f 2644 2663 2643
f 2645 2664 2663
f 2645 2663 2644
f 2646 2665 2664
f 2646 2664 2645
f 2647 2666 2665
f 2647 2665 2646
f 2648 2667 2666
f 2648 2666 2647
f 2649 2668 2667
f 2649 2667 2648
f 2650 2669 2668
f 2650 2668 2649
f 2651 2670 2669
f 2651 2669 2650
f 2652 2670 2651
f 2652 2671 2670
f 2653 2671 2652
f 2653 2672 2671
f 2654 2672 2653
f 2654 2673 2672
f 2654 2674 2673
f 2655 2674 2654
f 2724 2698 2699
f 2725 2697 2698
f 2725 2698 2724
f 2723 2699 2700
f 2723 2724 2699
f 2726 2696 2697
f 2726 2697 2725
f 2722 2700 2701
f 2722 2723 2700
f 2727 2695 2696
f 2727 2696 2726
f 2721 2722 2701
f 2721 2701 2702
f 2728 2694 2695
f 2728 2695 2727
f 2720 2702 2703
f 2720 2721 2702
f 2729 2694 2728
f 2729 2693 2694
f 2719 2720 2703
f 2730 2692 2693
f 2730 2693 2729
f 2704 2719 2703
f 2718 2719 2704
f 2731 2691 2692
f 2731 2692 2730
f 2705 2718 2704
f 2717 2718 2705
f 2732 2691 2731
f 2732 2690 2691
f 2706 2717 2705
f 2716 2717 2706
f 2733 2689 2690
f 2733 2690 2732
f 2707 2716 2706
f 2707 2715 2716
f 2688 2689 2733
f 2688 2733 2734
f 2735 2688 2734
f 2708 2714 2715
f 2708 2715 2707
f 2687 2688 2735
f 2736 2687 2735
f 2709 2713 2714
f 2709 2714 2708
f 2686 2687 2736
f 2737 2686 2736
f 2710 2712 2713
f 2710 2713 2709
f 2685 2737 2738
f 2685 2686 2737
f 2675 2711 2712
f 2675 2712 2710
f 2684 2685 2738
f 2676 2746 2711
f 2676 2711 2675
f 2683 2738 2739
f 2683 2739 2740
f 2683 2684 2738
f 2677 2746 2676
f 2677 2745 2746
f 2682 2683 2740
f 2678 2745 2677
f 2678 2744 2745
f 2681 2682 2740
f 2681 2740 2741
f 2679 2744 2678
f 2679 2743 2744
f 2680 2681 2741
f 2680 2743 2679
f 2680 2741 2742
f 2680 2742 2743
f 2747 2767 2766
f 2748 2767 2747
f 2749 2768 2767
f 2749 2767 2748
f 2750 2769 2768
f 2750 2770 2769
f 2750 2768 2749
f 2751 2770 2750
f 2752 2771 2770
f 2752 2770 2751
f 2753 2772 2771
f 2753 2773 2772
f 2753 2771 2752
f 2754 2773 2753
f 2755 2774 2773
f 2755 2773 2754
f 2756 2775 2774
f 2756 2774 2755
f 2757 2776 2775
f 2757 2775 2756
f 2758 2777 2776
f 2758 2776 2757
f 2759 2778 2777
f 2759 2777 2758
f 2760 2779 2778
f 2760 2778 2759
f 2761 2780 2779
f 2761 2779 2760
f 2762 2780 2761
f 2762 2781 2780
f 2763 2781 2762
f 2763 2782 2781
f 2764 2782 2763
f 2764 2783 2782
f 2764 2784 2783
f 2765 2784 2764
f 3060 2787 2788
f 3059 2787 3060
f 3061 3060 2788
f 3058 2787 3059
f 3062 3061 2788
f 3057 2786 2787
f 3057 2787 3058
f 3063 2788 2789
f 3063 3062 2788
f 3056 2786 3057
f 3064 3063 2789
f 3055 2786 3056
f 3065 2789 2790
f 3065 3064 2789
f 3054 2786 3055
f 3066 3065 2790
f 3053 2785 2786
f 3053 2786 3054
f 3052 2785 3053
f 3051 2785 3052
f 3050 2820 2785
f 3050 2785 3051
f 3049 2820 3050
f 3048 2820 3049
f 2952 2791 2792
f 2951 2791 2952
f 2950 2790 2791
f 2950 2791 2951
f 2953 2952 2792
f 2949 2790 2950
f 2949 3066 2790
f 2949 3067 3066
f 2954 2953 2792
f 2879 2793 2794
f 2879 2794 2880
f 2881 2880 2794
f 2878 2793 2879
f 2948 3067 2949
f 2948 3068 3067
f 2955 2954 2792
f 2955 2792 2793
f 2882 2794 2795
f 2882 2881 2794
f 2877 2793 2878
f 2877 2955 2793
f 2947 3068 2948
f 2947 3069 3068
f 2883 2882 2795
f 2876 2955 2877
f 2876 2956 2955
f 2946 3069 2947
f 2884 2883 2795
f 2875 2956 2876
f 2875 2957 2956
f 2945 3070 3069
f 2945 3069 2946
f 2885 2884 2795
f 2874 2957 2875
f 2874 2958 2957
f 2819 3048 3047
f 2819 2820 3048
f 2959 2958 2874
f 2944 3070 2945
f 2944 3071 3070
f 2886 2795 2796
f 2886 2885 2795
f 2873 2959 2874
f 2960 2959 2873
f 2943 3071 2944
f 2943 3072 3071
f 2942 3037 3072
f 2942 3072 2943
f 2887 2886 2796
f 2872 2961 2960
f 2872 2960 2873
f 2941 3038 3037
f 2941 3037 2942
f 2888 2887 2796
f 2871 2962 2961
f 2871 2961 2872
f 2940 3039 3038
f 2940 3038 2941
f 2889 2888 2796
f 2870 2962 2871
f 2870 2963 2962
f 2964 2963 2870
f 2869 2964 2870
f 2869 2929 2964
f 2868 2929 2869
f 2868 2930 2929
f 2797 2890 2889
f 2797 2891 2890
f 2797 2889 2796
f 2892 2891 2797
f 2867 2930 2868
f 3095 2865 3096
f 3095 2866 2865
f 2988 3044 3043
f 2988 2987 3044
f 3097 3096 2865
f 3097 2865 2864
f 3094 2866 3095
f 3094 2867 2866
f 2986 3045 3044
f 2986 3044 2987
f 2989 3043 3042
f 2989 2988 3043
f 3098 2864 2863
f 3098 3097 2864
f 3093 2930 2867
f 3093 2867 3094
f 2990 3042 3041
f 2990 2989 3042
f 2985 3046 3045
f 2985 3045 2986
f 3099 2863 2862
f 3099 3098 2863
f 3092 2931 2930
f 3092 2930 3093
f 2991 2990 3041
f 2991 3041 3040
f 2984 3047 3046
f 2984 2819 3047
f 2984 3046 2985
f 2798 2857 2892
f 2798 2892 2797
f 2798 2858 2857
f 3100 2862 2861
f 3100 3099 2862
f 3091 2932 2931
f 3091 2931 3092
f 2992 2991 3040
f 2992 3040 3039
f 2983 2819 2984
f 2983 2818 2819
f 3101 3100 2861
f 3090 2933 2932
f 3090 2932 3091
f 2993 2992 3039
f 2993 3039 2940
f 2982 2818 2983
f 3102 2861 2860
f 3102 3101 2861
f 3089 2934 2933
f 3089 2933 3090
f 2994 2993 2940
f 2994 2940 2939
f 2981 2818 2982
f 2981 2817 2818
f 3103 3102 2860
f 3103 2860 2859
f 3088 2934 3089
f 3088 2935 2934
f 2995 2994 2939
f 2995 2938 2937
f 2995 2939 2938
f 2980 2817 2981
f 3104 2858 2798
f 3104 3103 2859
f 3104 2859 2858
f 3087 2935 3088
f 3087 2936 2935
f 2996 2995 2937
f 2979 2817 2980
f 3086 2936 3087
f 2997 2996 2937
f 2997 2937 2936
f 2997 2936 3086
f 2799 3105 3104
f 2799 3106 3105
f 2799 3107 3106
f 2799 3104 2798
f 2816 2817 2979
f 2816 2979 2978
f 2915 2975 2974
f 2915 2976 2975
f 2916 2915 2974
f 2916 2974 2973
f 2914 2976 2915
f 2914 2977 2976
f 2917 2916 2973
f 2917 2973 2972
f 2913 2977 2914
f 2913 2978 2977
f 2918 2972 2971
f 2918 2917 2972
f 2919 2918 2971
f 2919 2970 2969
f 2919 2971 2970
f 2912 2978 2913
f 2912 2816 2978
f 2920 2919 2969
f 2920 2969 2968
f 2911 2816 2912
f 2921 2920 2968
f 2921 2968 2967
f 2910 2816 2911
f 2800 3108 3107
f 2800 3073 3108
f 2800 3107 2799
f 2815 2816 2910
f 2909 2815 2910
f 2844 2999 2998
f 2844 3000 2999
f 2844 2843 3000
f 2842 2965 3000
f 2842 3000 2843
f 2845 2844 2998
f 2846 2998 2997
f 2846 2845 2998
f 2841 2966 2965
f 2841 2965 2842
f 2840 2921 2967
f 2840 2922 2921
f 2840 2966 2841
f 2840 2967 2966
f 2847 2997 3086
f 2847 2846 2997
f 2908 2815 2909
f 2848 2847 3086
f 2848 3085 3084
f 2848 3086 3085
f 2839 2923 2922
f 2839 2922 2840
f 2849 2848 3084
f 2838 2923 2839
f 2924 2923 2838
f 2907 2815 2908
f 2850 2849 3084
f 2850 3084 3083
f 2837 2924 2838
f 2836 2925 2924
f 2836 2924 2837
f 2835 2926 2925
f 2835 2925 2836
f 2834 2926 2835
f 2927 2926 2834
f 2833 2927 2834
f 2801 3074 3073
f 2801 3073 2800
f 2814 2905 2904
f 2814 2906 2905
f 2814 2907 2906
f 2814 2815 2907
f 3023 3081 3080
f 3024 3023 3080
f 3024 3080 3079
f 2928 2927 2833
f 3022 3081 3023
f 3022 3082 3081
f 3025 3024 3079
f 3025 3079 3078
f 2832 2928 2833
f 3021 3082 3022
f 3021 3083 3082
f 3026 3025 3078
f 3026 3077 3076
f 3026 3078 3077
f 3020 3083 3021
f 3020 2851 2850
f 3020 2850 3083
f 3027 3026 3076
f 3027 3076 3075
f 2831 2928 2832
f 2831 2893 2928
f 2830 2894 2893
f 2830 2893 2831
f 3019 2851 3020
f 3019 2852 2851
f 3028 3027 3075
f 3028 3075 3074
f 2829 2895 2894
f 2829 2894 2830
f 3018 2852 3019
f 3018 2853 2852
f 3029 3074 2801
f 3029 3028 3074
f 3030 3029 2801
f 3017 2854 2853
f 3017 2853 3018
f 3016 2855 2854
f 3016 2854 3017
f 3015 2855 3016
f 3015 2856 2855
f 3015 2821 2856
f 2802 3031 3030
f 2802 3032 3031
f 2802 3030 2801
f 2813 2814 2904
f 2813 2901 2900
f 2813 2902 2901
f 2813 2903 2902
f 2813 2904 2903
f 3014 2822 2821
f 3014 2821 3015
f 3013 2823 2822
f 3013 2822 3014
f 3012 2823 3013
f 2803 3032 2802
f 2803 3033 3032
f 2803 3034 3033
f 2803 3035 3034
f 2812 2898 2897
f 2812 2899 2898
f 2812 2900 2899
f 2812 2813 2900
f 2811 2896 2895
f 2811 2897 2896
f 2811 2812 2897
f 2811 2895 2829
f 2804 3002 3001
f 2804 3003 3002
f 2804 3035 2803
f 2804 3036 3035
f 2804 3001 3036
f 2810 2827 2826
f 2810 2828 2827
f 2810 2829 2828
f 2810 2811 2829
f 2805 3004 3003
f 2805 3005 3004
f 2805 3006 3005
f 2805 3003 2804
f 2809 2810 2826
f 2809 2825 2824
f 2809 2826 2825
f 2806 3007 3006
f 2806 3008 3007
f 2806 3009 3008
f 2806 3006 2805
f 2807 3010 3009
f 2807 3011 3010
f 2807 3009 2806
f 2808 2823 3012
f 2808 3012 3011
f 2808 2824 2823
f 2808 3011 2807
f 2808 2809 2824
