# generated by step_to_parts.py -- 4808 verts, 4884 tris
v -0.384125 -0.551652 -0.028556
v -0.385046 -0.556308 -0.027954
v -0.385974 -0.561000 -0.028081
v -0.386888 -0.565619 -0.028934
v -0.387766 -0.570056 -0.030494
v -0.388588 -0.574209 -0.032724
v -0.384498 -0.551497 -0.028167
v -0.389018 -0.574339 -0.032388
v -0.388186 -0.570134 -0.030130
v -0.387297 -0.565640 -0.028550
v -0.386371 -0.560963 -0.027686
v -0.385431 -0.556212 -0.027558
v -0.384125 -0.551652 -0.028556
v -0.384498 -0.551497 -0.028167
v -0.386573 -0.564028 -0.089980
v -0.385519 -0.558702 -0.090609
v -0.384461 -0.553350 -0.090285
v -0.383429 -0.548135 -0.089020
v -0.382455 -0.543214 -0.086850
v -0.381570 -0.538738 -0.083842
v -0.380799 -0.534842 -0.080087
v -0.380166 -0.531645 -0.075700
v -0.379691 -0.529244 -0.070813
v -0.379388 -0.527712 -0.065576
v -0.379266 -0.527095 -0.060147
v -0.379329 -0.527412 -0.054692
v -0.379574 -0.528654 -0.049375
v -0.379996 -0.530783 -0.044359
v -0.380579 -0.533734 -0.039796
v -0.381308 -0.537417 -0.035825
v -0.382160 -0.541721 -0.032566
v -0.383108 -0.546514 -0.030118
v -0.386978 -0.564029 -0.090369
v -0.383469 -0.546294 -0.029749
v -0.382509 -0.541440 -0.032228
v -0.381646 -0.537081 -0.035528
v -0.380908 -0.533352 -0.039550
v -0.380317 -0.530363 -0.044170
v -0.379891 -0.528208 -0.049250
v -0.379642 -0.526950 -0.054634
v -0.379578 -0.526629 -0.060158
v -0.379702 -0.527254 -0.065656
v -0.380009 -0.528805 -0.070960
v -0.380490 -0.531237 -0.075908
v -0.381131 -0.534474 -0.080351
v -0.381911 -0.538419 -0.084153
v -0.382808 -0.542952 -0.087199
v -0.383794 -0.547935 -0.089396
v -0.384839 -0.553217 -0.090678
v -0.385911 -0.558636 -0.091006
v -0.391307 -0.563091 -0.089980
v -0.392200 -0.567604 -0.088663
v -0.393044 -0.571867 -0.086661
v -0.393818 -0.575781 -0.084021
v -0.394506 -0.579256 -0.080804
v -0.395090 -0.582211 -0.077086
v -0.390934 -0.563247 -0.090369
v -0.394764 -0.582608 -0.077312
v -0.394172 -0.579616 -0.081077
v -0.393476 -0.576097 -0.084334
v -0.392692 -0.572133 -0.087007
v -0.391838 -0.567816 -0.089035
v -0.391307 -0.563091 -0.089980
v -0.390934 -0.563247 -0.090369
v -0.388859 -0.550715 -0.028556
v -0.387842 -0.545578 -0.030118
v -0.386894 -0.540784 -0.032566
v -0.386042 -0.536480 -0.035825
v -0.385314 -0.532797 -0.039796
v -0.384730 -0.529846 -0.044359
v -0.384309 -0.527718 -0.049375
v -0.384063 -0.526476 -0.054692
v -0.384000 -0.526158 -0.060147
v -0.384122 -0.526775 -0.065576
v -0.384425 -0.528308 -0.070813
v -0.384900 -0.530709 -0.075700
v -0.385533 -0.533906 -0.080087
v -0.386304 -0.537802 -0.083842
v -0.387189 -0.542278 -0.086850
v -0.388163 -0.547198 -0.089020
v -0.389195 -0.552414 -0.090285
v -0.390254 -0.557766 -0.090609
v -0.388454 -0.550714 -0.028167
v -0.389867 -0.557854 -0.091006
v -0.388794 -0.552434 -0.090678
v -0.387749 -0.547153 -0.089396
v -0.386763 -0.542170 -0.087199
v -0.385867 -0.537637 -0.084153
v -0.385086 -0.533692 -0.080351
v -0.384446 -0.530454 -0.075908
v -0.383964 -0.528023 -0.070960
v -0.383657 -0.526471 -0.065656
v -0.383534 -0.525846 -0.060158
v -0.383597 -0.526168 -0.054634
v -0.383846 -0.527425 -0.049250
v -0.384273 -0.529581 -0.044170
v -0.384864 -0.532569 -0.039550
v -0.385602 -0.536299 -0.035528
v -0.386464 -0.540657 -0.032228
v -0.387425 -0.545511 -0.029749
v -0.390618 -0.560182 -0.075431
v -0.385809 -0.560166 -0.070813
v -0.386529 -0.563803 -0.088864
v -0.386219 -0.562238 -0.089049
v -0.385908 -0.560665 -0.088954
v -0.385605 -0.559133 -0.088582
v -0.385319 -0.557687 -0.087944
v -0.385058 -0.556371 -0.087060
v -0.384832 -0.555226 -0.085957
v -0.384646 -0.554287 -0.084668
v -0.384506 -0.553581 -0.083232
v -0.384417 -0.553131 -0.081693
v -0.384381 -0.552949 -0.080097
v -0.384400 -0.553043 -0.078494
v -0.384472 -0.553408 -0.076931
v -0.384596 -0.554033 -0.075457
v -0.384767 -0.554900 -0.074116
v -0.384981 -0.555983 -0.072949
v -0.385232 -0.557248 -0.071992
v -0.385510 -0.558656 -0.071272
v -0.390969 -0.561958 -0.084247
v -0.390818 -0.561194 -0.084337
v -0.390666 -0.560425 -0.084291
v -0.390518 -0.559677 -0.084109
v -0.390378 -0.558971 -0.083797
v -0.390251 -0.558328 -0.083366
v -0.390140 -0.557769 -0.082827
v -0.390049 -0.557310 -0.082197
v -0.389981 -0.556966 -0.081496
v -0.389938 -0.556746 -0.080744
v -0.389920 -0.556657 -0.079965
v -0.389929 -0.556703 -0.079182
v -0.389964 -0.556881 -0.078419
v -0.390025 -0.557186 -0.077699
v -0.390109 -0.557610 -0.077044
v -0.390213 -0.558139 -0.076474
v -0.390336 -0.558756 -0.076006
v -0.390472 -0.559444 -0.075655
v -0.389121 -0.560712 -0.085872
v -0.388765 -0.558915 -0.085368
v -0.387545 -0.560845 -0.087434
v -0.388457 -0.557359 -0.084323
v -0.387098 -0.558583 -0.086799
v -0.388227 -0.556196 -0.082838
v -0.386710 -0.556625 -0.085483
v -0.388098 -0.555541 -0.081060
v -0.386421 -0.555161 -0.083615
v -0.388081 -0.555456 -0.079163
v -0.386257 -0.554336 -0.081376
v -0.388179 -0.555951 -0.077331
v -0.386236 -0.554229 -0.078988
v -0.388382 -0.556976 -0.075745
v -0.386359 -0.554852 -0.076682
v -0.388670 -0.558432 -0.074560
v -0.386615 -0.556143 -0.074686
v -0.386978 -0.557976 -0.073194
v -0.390727 -0.560160 -0.075431
v -0.390618 -0.560182 -0.075431
v -0.390969 -0.561958 -0.084247
v -0.390818 -0.561194 -0.084337
v -0.390666 -0.560425 -0.084291
v -0.390518 -0.559677 -0.084109
v -0.390378 -0.558971 -0.083797
v -0.390251 -0.558328 -0.083366
v -0.390140 -0.557769 -0.082827
v -0.390049 -0.557310 -0.082197
v -0.389981 -0.556966 -0.081496
v -0.389938 -0.556746 -0.080744
v -0.389920 -0.556657 -0.079965
v -0.389929 -0.556703 -0.079182
v -0.389964 -0.556881 -0.078419
v -0.390025 -0.557186 -0.077699
v -0.390109 -0.557610 -0.077044
v -0.390213 -0.558139 -0.076474
v -0.390336 -0.558756 -0.076006
v -0.390472 -0.559444 -0.075655
v -0.391079 -0.561936 -0.084247
v -0.390928 -0.561172 -0.084337
v -0.390776 -0.560404 -0.084291
v -0.390628 -0.559655 -0.084109
v -0.390488 -0.558949 -0.083797
v -0.390361 -0.558306 -0.083366
v -0.390250 -0.557747 -0.082827
v -0.390159 -0.557288 -0.082197
v -0.390091 -0.556944 -0.081496
v -0.390048 -0.556724 -0.080744
v -0.390030 -0.556635 -0.079965
v -0.390039 -0.556681 -0.079182
v -0.390074 -0.556859 -0.078419
v -0.390135 -0.557165 -0.077699
v -0.390219 -0.557588 -0.077044
v -0.390323 -0.558117 -0.076474
v -0.390445 -0.558734 -0.076006
v -0.390582 -0.559422 -0.075655
v -0.393790 -0.576216 -0.050635
v -0.388982 -0.576201 -0.046018
v -0.389701 -0.579838 -0.064069
v -0.389392 -0.578273 -0.064254
v -0.389080 -0.576700 -0.064158
v -0.388777 -0.575167 -0.063786
v -0.388491 -0.573721 -0.063149
v -0.388231 -0.572406 -0.062265
v -0.388004 -0.571261 -0.061161
v -0.387818 -0.570321 -0.059872
v -0.387679 -0.569616 -0.058436
v -0.387590 -0.569165 -0.056897
v -0.387554 -0.568984 -0.055301
v -0.387572 -0.569077 -0.053698
v -0.387644 -0.569442 -0.052136
v -0.387768 -0.570068 -0.050662
v -0.387940 -0.570935 -0.049321
v -0.388154 -0.572018 -0.048154
v -0.388404 -0.573282 -0.047196
v -0.388683 -0.574691 -0.046477
v -0.394141 -0.577993 -0.059451
v -0.393990 -0.577228 -0.059541
v -0.393838 -0.576460 -0.059495
v -0.393690 -0.575712 -0.059313
v -0.393550 -0.575005 -0.059002
v -0.393423 -0.574363 -0.058570
v -0.393313 -0.573804 -0.058031
v -0.393222 -0.573345 -0.057402
v -0.393154 -0.573000 -0.056700
v -0.393110 -0.572780 -0.055948
v -0.393093 -0.572692 -0.055169
v -0.393102 -0.572737 -0.054386
v -0.393137 -0.572916 -0.053623
v -0.393197 -0.573221 -0.052903
v -0.393281 -0.573645 -0.052248
v -0.393386 -0.574173 -0.051678
v -0.393508 -0.574791 -0.051211
v -0.393644 -0.575479 -0.050859
v -0.392293 -0.576746 -0.061077
v -0.391938 -0.574950 -0.060572
v -0.390718 -0.576880 -0.062638
v -0.391630 -0.573394 -0.059527
v -0.390270 -0.574618 -0.062004
v -0.391400 -0.572231 -0.058043
v -0.389883 -0.572660 -0.060688
v -0.391270 -0.571575 -0.056265
v -0.389593 -0.571196 -0.058819
v -0.391253 -0.571491 -0.054367
v -0.389430 -0.570370 -0.056581
v -0.391351 -0.571985 -0.052536
v -0.389409 -0.570264 -0.054192
v -0.391554 -0.573011 -0.050950
v -0.389532 -0.570886 -0.051887
v -0.391842 -0.574467 -0.049764
v -0.389787 -0.572177 -0.049890
v -0.390150 -0.574010 -0.048398
v -0.393900 -0.576195 -0.050635
v -0.393790 -0.576216 -0.050635
v -0.394141 -0.577993 -0.059451
v -0.393990 -0.577228 -0.059541
v -0.393838 -0.576460 -0.059495
v -0.393690 -0.575712 -0.059313
v -0.393550 -0.575005 -0.059002
v -0.393423 -0.574363 -0.058570
v -0.393313 -0.573804 -0.058031
v -0.393222 -0.573345 -0.057402
v -0.393154 -0.573000 -0.056700
v -0.393110 -0.572780 -0.055948
v -0.393093 -0.572692 -0.055169
v -0.393102 -0.572737 -0.054386
v -0.393137 -0.572916 -0.053623
v -0.393197 -0.573221 -0.052903
v -0.393281 -0.573645 -0.052248
v -0.393386 -0.574173 -0.051678
v -0.393508 -0.574791 -0.051211
v -0.393644 -0.575479 -0.050859
v -0.394251 -0.577971 -0.059451
v -0.394100 -0.577206 -0.059541
v -0.393948 -0.576438 -0.059495
v -0.393800 -0.575690 -0.059313
v -0.393660 -0.574984 -0.059002
v -0.393533 -0.574341 -0.058570
v -0.393423 -0.573782 -0.058031
v -0.393332 -0.573323 -0.057402
v -0.393264 -0.572978 -0.056700
v -0.393220 -0.572759 -0.055948
v -0.393203 -0.572670 -0.055169
v -0.393212 -0.572716 -0.054386
v -0.393247 -0.572894 -0.053623
v -0.393307 -0.573199 -0.052903
v -0.393391 -0.573623 -0.052248
v -0.393496 -0.574151 -0.051678
v -0.393618 -0.574769 -0.051211
v -0.393754 -0.575457 -0.050859
v -0.388977 -0.551892 -0.034290
v -0.384169 -0.551877 -0.029672
v -0.384889 -0.555514 -0.047723
v -0.384579 -0.553949 -0.047908
v -0.384268 -0.552376 -0.047813
v -0.383965 -0.550843 -0.047441
v -0.383678 -0.549397 -0.046803
v -0.383418 -0.548082 -0.045919
v -0.383192 -0.546937 -0.044816
v -0.383006 -0.545997 -0.043527
v -0.382866 -0.545292 -0.042091
v -0.382777 -0.544841 -0.040551
v -0.382741 -0.544660 -0.038956
v -0.382760 -0.544753 -0.037353
v -0.382832 -0.545118 -0.035790
v -0.382956 -0.545744 -0.034316
v -0.383127 -0.546611 -0.032975
v -0.383341 -0.547693 -0.031808
v -0.383592 -0.548958 -0.030850
v -0.383870 -0.550367 -0.030131
v -0.389329 -0.553668 -0.043106
v -0.389178 -0.552904 -0.043196
v -0.389026 -0.552136 -0.043149
v -0.388878 -0.551387 -0.042968
v -0.388738 -0.550681 -0.042656
v -0.388611 -0.550039 -0.042225
v -0.388500 -0.549480 -0.041686
v -0.388409 -0.549021 -0.041056
v -0.388341 -0.548676 -0.040355
v -0.388298 -0.548456 -0.039603
v -0.388280 -0.548368 -0.038824
v -0.388289 -0.548413 -0.038041
v -0.388324 -0.548591 -0.037278
v -0.388385 -0.548897 -0.036558
v -0.388469 -0.549320 -0.035903
v -0.388573 -0.549849 -0.035333
v -0.388695 -0.550467 -0.034865
v -0.388832 -0.551155 -0.034514
v -0.387481 -0.552422 -0.044731
v -0.387125 -0.550626 -0.044227
v -0.385905 -0.552555 -0.046293
v -0.386817 -0.549070 -0.043181
v -0.385458 -0.550294 -0.045658
v -0.386587 -0.547907 -0.041697
v -0.385070 -0.548335 -0.044342
v -0.386457 -0.547251 -0.039919
v -0.384781 -0.546872 -0.042473
v -0.386441 -0.547166 -0.038022
v -0.384617 -0.546046 -0.040235
v -0.386539 -0.547661 -0.036190
v -0.384596 -0.545940 -0.037847
v -0.386741 -0.548687 -0.034604
v -0.384719 -0.546562 -0.035541
v -0.387030 -0.550143 -0.033419
v -0.384975 -0.547853 -0.033545
v -0.385337 -0.549686 -0.032053
v -0.389087 -0.551870 -0.034290
v -0.388977 -0.551892 -0.034290
v -0.389329 -0.553668 -0.043106
v -0.389178 -0.552904 -0.043196
v -0.389026 -0.552136 -0.043149
v -0.388878 -0.551387 -0.042968
v -0.388738 -0.550681 -0.042656
v -0.388611 -0.550039 -0.042225
v -0.388500 -0.549480 -0.041686
v -0.388409 -0.549021 -0.041056
v -0.388341 -0.548676 -0.040355
v -0.388298 -0.548456 -0.039603
v -0.388280 -0.548368 -0.038824
v -0.388289 -0.548413 -0.038041
v -0.388324 -0.548591 -0.037278
v -0.388385 -0.548897 -0.036558
v -0.388469 -0.549320 -0.035903
v -0.388573 -0.549849 -0.035333
v -0.388695 -0.550467 -0.034865
v -0.388832 -0.551155 -0.034514
v -0.389439 -0.553647 -0.043106
v -0.389288 -0.552882 -0.043196
v -0.389136 -0.552114 -0.043149
v -0.388987 -0.551366 -0.042968
v -0.388848 -0.550659 -0.042656
v -0.388721 -0.550017 -0.042225
v -0.388610 -0.549458 -0.041686
v -0.388519 -0.548999 -0.041056
v -0.388451 -0.548654 -0.040355
v -0.388408 -0.548434 -0.039603
v -0.388390 -0.548346 -0.038824
v -0.388399 -0.548391 -0.038041
v -0.388434 -0.548570 -0.037278
v -0.388495 -0.548875 -0.036558
v -0.388579 -0.549299 -0.035903
v -0.388683 -0.549827 -0.035333
v -0.388805 -0.550445 -0.034865
v -0.388941 -0.551133 -0.034514
v -0.385805 -0.535857 -0.059085
v -0.380997 -0.535842 -0.054468
v -0.381716 -0.539479 -0.072519
v -0.381407 -0.537914 -0.072704
v -0.381095 -0.536341 -0.072609
v -0.380792 -0.534808 -0.072237
v -0.380506 -0.533362 -0.071599
v -0.380246 -0.532047 -0.070715
v -0.380019 -0.530902 -0.069611
v -0.379833 -0.529963 -0.068322
v -0.379694 -0.529257 -0.066886
v -0.379605 -0.528807 -0.065347
v -0.379569 -0.528625 -0.063752
v -0.379587 -0.528719 -0.062148
v -0.379659 -0.529084 -0.060586
v -0.379783 -0.529709 -0.059112
v -0.379955 -0.530576 -0.057771
v -0.380169 -0.531659 -0.056604
v -0.380419 -0.532923 -0.055646
v -0.380698 -0.534332 -0.054927
v -0.386156 -0.537634 -0.067901
v -0.386005 -0.536869 -0.067991
v -0.385853 -0.536101 -0.067945
v -0.385705 -0.535353 -0.067763
v -0.385565 -0.534646 -0.067452
v -0.385438 -0.534004 -0.067020
v -0.385328 -0.533445 -0.066481
v -0.385237 -0.532986 -0.065852
v -0.385169 -0.532641 -0.065150
v -0.385125 -0.532421 -0.064399
v -0.385108 -0.532333 -0.063619
v -0.385117 -0.532378 -0.062836
v -0.385152 -0.532557 -0.062073
v -0.385212 -0.532862 -0.061353
v -0.385296 -0.533286 -0.060698
v -0.385401 -0.533814 -0.060128
v -0.385523 -0.534432 -0.059661
v -0.385659 -0.535120 -0.059309
v -0.384308 -0.536387 -0.069527
v -0.383953 -0.534591 -0.069023
v -0.382733 -0.536521 -0.071088
v -0.383645 -0.533035 -0.067977
v -0.382285 -0.534259 -0.070454
v -0.383415 -0.531872 -0.066493
v -0.381898 -0.532301 -0.069138
v -0.383285 -0.531217 -0.064715
v -0.381608 -0.530837 -0.067269
v -0.383268 -0.531132 -0.062817
v -0.381445 -0.530012 -0.065031
v -0.383366 -0.531626 -0.060986
v -0.381424 -0.529905 -0.062642
v -0.383569 -0.532652 -0.059400
v -0.381547 -0.530528 -0.060337
v -0.383857 -0.534108 -0.058215
v -0.381802 -0.531819 -0.058340
v -0.382165 -0.533652 -0.056848
v -0.385915 -0.535836 -0.059085
v -0.385805 -0.535857 -0.059085
v -0.386156 -0.537634 -0.067901
v -0.386005 -0.536869 -0.067991
v -0.385853 -0.536101 -0.067945
v -0.385705 -0.535353 -0.067763
v -0.385565 -0.534646 -0.067452
v -0.385438 -0.534004 -0.067020
v -0.385328 -0.533445 -0.066481
v -0.385237 -0.532986 -0.065852
v -0.385169 -0.532641 -0.065150
v -0.385125 -0.532421 -0.064399
v -0.385108 -0.532333 -0.063619
v -0.385117 -0.532378 -0.062836
v -0.385152 -0.532557 -0.062073
v -0.385212 -0.532862 -0.061353
v -0.385296 -0.533286 -0.060698
v -0.385401 -0.533814 -0.060128
v -0.385523 -0.534432 -0.059661
v -0.385659 -0.535120 -0.059309
v -0.386266 -0.537612 -0.067901
v -0.386115 -0.536848 -0.067991
v -0.385963 -0.536080 -0.067945
v -0.385815 -0.535331 -0.067763
v -0.385675 -0.534625 -0.067452
v -0.385548 -0.533982 -0.067020
v -0.385438 -0.533423 -0.066481
v -0.385347 -0.532964 -0.065852
v -0.385279 -0.532620 -0.065150
v -0.385235 -0.532400 -0.064399
v -0.385218 -0.532311 -0.063619
v -0.385227 -0.532357 -0.062836
v -0.385262 -0.532535 -0.062073
v -0.385322 -0.532840 -0.061353
v -0.385406 -0.533264 -0.060698
v -0.385511 -0.533793 -0.060128
v -0.385633 -0.534410 -0.059661
v -0.385769 -0.535098 -0.059309
v -0.445549 -0.837249 0.001192
v -0.440815 -0.838185 0.001192
v -0.440950 -0.838867 -0.002192
v -0.440892 -0.838574 -0.002226
v -0.440834 -0.838279 -0.002208
v -0.440777 -0.837991 -0.002139
v -0.440723 -0.837720 -0.002019
v -0.440674 -0.837474 -0.001853
v -0.440632 -0.837259 -0.001647
v -0.440597 -0.837083 -0.001405
v -0.440571 -0.836951 -0.001136
v -0.440554 -0.836866 -0.000847
v -0.440548 -0.836832 -0.000548
v -0.440551 -0.836850 -0.000248
v -0.440565 -0.836918 0.000045
v -0.440588 -0.837036 0.000322
v -0.440620 -0.837198 0.000573
v -0.440660 -0.837401 0.000792
v -0.440707 -0.837638 0.000971
v -0.440759 -0.837902 0.001106
v -0.445684 -0.837930 -0.002192
v -0.445626 -0.837637 -0.002226
v -0.445568 -0.837342 -0.002208
v -0.445511 -0.837055 -0.002139
v -0.445457 -0.836784 -0.002019
v -0.445409 -0.836537 -0.001853
v -0.445366 -0.836322 -0.001647
v -0.445331 -0.836146 -0.001405
v -0.445305 -0.836014 -0.001136
v -0.445288 -0.835930 -0.000847
v -0.445282 -0.835896 -0.000548
v -0.445285 -0.835913 -0.000248
v -0.445299 -0.835982 0.000045
v -0.445322 -0.836099 0.000322
v -0.445354 -0.836261 0.000573
v -0.445394 -0.836464 0.000792
v -0.445441 -0.836701 0.000971
v -0.445493 -0.836965 0.001106
v -0.447964 -0.849452 0.003747
v -0.443230 -0.850389 0.003747
v -0.443365 -0.851071 0.000364
v -0.443307 -0.850777 0.000329
v -0.443248 -0.850482 0.000347
v -0.443191 -0.850195 0.000416
v -0.443138 -0.849924 0.000536
v -0.443089 -0.849678 0.000702
v -0.443046 -0.849463 0.000909
v -0.443012 -0.849287 0.001150
v -0.442985 -0.849155 0.001419
v -0.442969 -0.849070 0.001708
v -0.442962 -0.849036 0.002007
v -0.442965 -0.849054 0.002308
v -0.442979 -0.849122 0.002600
v -0.443002 -0.849239 0.002877
v -0.443034 -0.849402 0.003128
v -0.443075 -0.849605 0.003347
v -0.443121 -0.849842 0.003526
v -0.443174 -0.850106 0.003661
v -0.448099 -0.850134 0.000364
v -0.448041 -0.849841 0.000329
v -0.447982 -0.849546 0.000347
v -0.447926 -0.849259 0.000416
v -0.447872 -0.848987 0.000536
v -0.447823 -0.848741 0.000702
v -0.447781 -0.848526 0.000909
v -0.447746 -0.848350 0.001150
v -0.447720 -0.848218 0.001419
v -0.447703 -0.848133 0.001708
v -0.447696 -0.848099 0.002007
v -0.447700 -0.848117 0.002308
v -0.447713 -0.848185 0.002600
v -0.447736 -0.848303 0.002877
v -0.447769 -0.848465 0.003128
v -0.447809 -0.848668 0.003347
v -0.447856 -0.848905 0.003526
v -0.447908 -0.849169 0.003661
v -0.389018 -0.574339 -0.032388
v -0.388186 -0.570134 -0.030130
v -0.387297 -0.565640 -0.028550
v -0.386371 -0.560963 -0.027686
v -0.385431 -0.556212 -0.027558
v -0.384498 -0.551497 -0.028167
v -0.388454 -0.550714 -0.028167
v -0.389387 -0.555429 -0.027558
v -0.390327 -0.560181 -0.027686
v -0.391252 -0.564858 -0.028550
v -0.392141 -0.569351 -0.030130
v -0.392973 -0.573557 -0.032388
v -0.384498 -0.551497 -0.028167
v -0.388454 -0.550714 -0.028167
v -0.383469 -0.546294 -0.029749
v -0.382509 -0.541440 -0.032228
v -0.381646 -0.537081 -0.035528
v -0.380908 -0.533352 -0.039550
v -0.380317 -0.530363 -0.044170
v -0.379891 -0.528208 -0.049250
v -0.379642 -0.526950 -0.054634
v -0.379578 -0.526629 -0.060158
v -0.379702 -0.527254 -0.065656
v -0.380009 -0.528805 -0.070960
v -0.380490 -0.531237 -0.075908
v -0.381131 -0.534474 -0.080351
v -0.381911 -0.538419 -0.084153
v -0.382808 -0.542952 -0.087199
v -0.383794 -0.547935 -0.089396
v -0.384839 -0.553217 -0.090678
v -0.385911 -0.558636 -0.091006
v -0.386978 -0.564029 -0.090369
v -0.390934 -0.563247 -0.090369
v -0.389867 -0.557854 -0.091006
v -0.388794 -0.552434 -0.090678
v -0.387749 -0.547153 -0.089396
v -0.386763 -0.542170 -0.087199
v -0.385867 -0.537637 -0.084153
v -0.385086 -0.533692 -0.080351
v -0.384446 -0.530454 -0.075908
v -0.383964 -0.528023 -0.070960
v -0.383657 -0.526471 -0.065656
v -0.383534 -0.525846 -0.060158
v -0.383597 -0.526168 -0.054634
v -0.383846 -0.527425 -0.049250
v -0.384273 -0.529581 -0.044170
v -0.384864 -0.532569 -0.039550
v -0.385602 -0.536299 -0.035528
v -0.386464 -0.540657 -0.032228
v -0.387425 -0.545511 -0.029749
v -0.443135 -0.825045 -0.001363
v -0.438401 -0.825981 -0.001363
v -0.438536 -0.826663 -0.004747
v -0.438478 -0.826370 -0.004781
v -0.438419 -0.826075 -0.004764
v -0.438362 -0.825788 -0.004694
v -0.438309 -0.825517 -0.004574
v -0.438260 -0.825270 -0.004409
v -0.438217 -0.825055 -0.004202
v -0.438183 -0.824879 -0.003960
v -0.438156 -0.824747 -0.003691
v -0.438140 -0.824663 -0.003402
v -0.438133 -0.824629 -0.003103
v -0.438136 -0.824646 -0.002803
v -0.438150 -0.824715 -0.002510
v -0.438173 -0.824832 -0.002234
v -0.438205 -0.824994 -0.001982
v -0.438246 -0.825197 -0.001763
v -0.438292 -0.825434 -0.001584
v -0.438345 -0.825698 -0.001449
v -0.443270 -0.825727 -0.004747
v -0.443212 -0.825433 -0.004781
v -0.443153 -0.825138 -0.004764
v -0.443097 -0.824851 -0.004694
v -0.443043 -0.824580 -0.004574
v -0.442994 -0.824333 -0.004409
v -0.442952 -0.824119 -0.004202
v -0.442917 -0.823943 -0.003960
v -0.442891 -0.823810 -0.003691
v -0.442874 -0.823726 -0.003402
v -0.442867 -0.823692 -0.003103
v -0.442871 -0.823709 -0.002803
v -0.442884 -0.823778 -0.002510
v -0.442907 -0.823895 -0.002234
v -0.442940 -0.824058 -0.001982
v -0.442980 -0.824261 -0.001763
v -0.443027 -0.824498 -0.001584
v -0.443079 -0.824762 -0.001449
v -0.440720 -0.812841 -0.003918
v -0.435986 -0.813778 -0.003918
v -0.436121 -0.814459 -0.007302
v -0.436063 -0.814166 -0.007337
v -0.436005 -0.813871 -0.007319
v -0.435948 -0.813584 -0.007249
v -0.435894 -0.813313 -0.007129
v -0.435845 -0.813066 -0.006964
v -0.435803 -0.812852 -0.006757
v -0.435768 -0.812676 -0.006515
v -0.435742 -0.812543 -0.006246
v -0.435725 -0.812459 -0.005958
v -0.435718 -0.812425 -0.005658
v -0.435722 -0.812442 -0.005358
v -0.435735 -0.812511 -0.005065
v -0.435759 -0.812628 -0.004789
v -0.435791 -0.812791 -0.004537
v -0.435831 -0.812993 -0.004319
v -0.435878 -0.813231 -0.004139
v -0.435930 -0.813495 -0.004004
v -0.440855 -0.813523 -0.007302
v -0.440797 -0.813229 -0.007337
v -0.440739 -0.812935 -0.007319
v -0.440682 -0.812647 -0.007249
v -0.440628 -0.812376 -0.007129
v -0.440580 -0.812130 -0.006964
v -0.440537 -0.811915 -0.006757
v -0.440502 -0.811739 -0.006515
v -0.440476 -0.811607 -0.006246
v -0.440459 -0.811522 -0.005958
v -0.440453 -0.811488 -0.005658
v -0.440456 -0.811506 -0.005358
v -0.440470 -0.811574 -0.005065
v -0.440493 -0.811691 -0.004789
v -0.440525 -0.811854 -0.004537
v -0.440565 -0.812057 -0.004319
v -0.440612 -0.812294 -0.004139
v -0.440664 -0.812558 -0.004004
v -0.438306 -0.800637 -0.006473
v -0.433572 -0.801574 -0.006473
v -0.433707 -0.802256 -0.009857
v -0.433648 -0.801962 -0.009892
v -0.433590 -0.801668 -0.009874
v -0.433533 -0.801380 -0.009804
v -0.433480 -0.801109 -0.009685
v -0.433431 -0.800863 -0.009519
v -0.433388 -0.800648 -0.009312
v -0.433354 -0.800472 -0.009070
v -0.433327 -0.800340 -0.008801
v -0.433311 -0.800255 -0.008513
v -0.433304 -0.800221 -0.008214
v -0.433307 -0.800239 -0.007913
v -0.433321 -0.800307 -0.007620
v -0.433344 -0.800424 -0.007344
v -0.433376 -0.800587 -0.007092
v -0.433416 -0.800790 -0.006874
v -0.433463 -0.801027 -0.006694
v -0.433516 -0.801291 -0.006559
v -0.438441 -0.801319 -0.009857
v -0.438383 -0.801026 -0.009892
v -0.438324 -0.800731 -0.009874
v -0.438268 -0.800444 -0.009804
v -0.438214 -0.800172 -0.009685
v -0.438165 -0.799926 -0.009519
v -0.438123 -0.799711 -0.009312
v -0.438088 -0.799535 -0.009070
v -0.438062 -0.799403 -0.008801
v -0.438045 -0.799318 -0.008513
v -0.438038 -0.799284 -0.008214
v -0.438042 -0.799302 -0.007913
v -0.438055 -0.799370 -0.007620
v -0.438078 -0.799488 -0.007344
v -0.438111 -0.799650 -0.007092
v -0.438151 -0.799853 -0.006874
v -0.438198 -0.800090 -0.006694
v -0.438250 -0.800354 -0.006559
v -0.435891 -0.788434 -0.009028
v -0.431157 -0.789370 -0.009028
v -0.431292 -0.790052 -0.012412
v -0.431234 -0.789759 -0.012447
v -0.431176 -0.789464 -0.012429
v -0.431119 -0.789176 -0.012359
v -0.431065 -0.788905 -0.012240
v -0.431016 -0.788659 -0.012074
v -0.430974 -0.788444 -0.011867
v -0.430939 -0.788268 -0.011626
v -0.430913 -0.788136 -0.011356
v -0.430896 -0.788051 -0.011068
v -0.430889 -0.788017 -0.010769
v -0.430893 -0.788035 -0.010468
v -0.430906 -0.788103 -0.010175
v -0.430930 -0.788221 -0.009899
v -0.430962 -0.788383 -0.009648
v -0.431002 -0.788586 -0.009429
v -0.431049 -0.788823 -0.009249
v -0.431101 -0.789087 -0.009115
v -0.436026 -0.789115 -0.012412
v -0.435968 -0.788822 -0.012447
v -0.435910 -0.788527 -0.012429
v -0.435853 -0.788240 -0.012359
v -0.435799 -0.787969 -0.012240
v -0.435751 -0.787722 -0.012074
v -0.435708 -0.787508 -0.011867
v -0.435673 -0.787331 -0.011626
v -0.435647 -0.787199 -0.011356
v -0.435630 -0.787115 -0.011068
v -0.435624 -0.787081 -0.010769
v -0.435627 -0.787098 -0.010468
v -0.435641 -0.787167 -0.010175
v -0.435664 -0.787284 -0.009899
v -0.435696 -0.787446 -0.009648
v -0.435736 -0.787649 -0.009429
v -0.435783 -0.787886 -0.009249
v -0.435835 -0.788151 -0.009115
v -0.433477 -0.776230 -0.011584
v -0.428743 -0.777166 -0.011584
v -0.428878 -0.777848 -0.014967
v -0.428819 -0.777555 -0.015002
v -0.428761 -0.777260 -0.014984
v -0.428704 -0.776973 -0.014914
v -0.428651 -0.776702 -0.014795
v -0.428602 -0.776455 -0.014629
v -0.428559 -0.776240 -0.014422
v -0.428525 -0.776064 -0.014181
v -0.428498 -0.775932 -0.013911
v -0.428482 -0.775848 -0.013623
v -0.428475 -0.775814 -0.013324
v -0.428478 -0.775831 -0.013023
v -0.428492 -0.775900 -0.012730
v -0.428515 -0.776017 -0.012454
v -0.428547 -0.776179 -0.012203
v -0.428587 -0.776382 -0.011984
v -0.428634 -0.776619 -0.011804
v -0.428687 -0.776883 -0.011670
v -0.433612 -0.776912 -0.014967
v -0.433554 -0.776618 -0.015002
v -0.433495 -0.776323 -0.014984
v -0.433439 -0.776036 -0.014914
v -0.433385 -0.775765 -0.014795
v -0.433336 -0.775518 -0.014629
v -0.433294 -0.775304 -0.014422
v -0.433259 -0.775128 -0.014181
v -0.433233 -0.774995 -0.013911
v -0.433216 -0.774911 -0.013623
v -0.433209 -0.774877 -0.013324
v -0.433213 -0.774894 -0.013023
v -0.433226 -0.774963 -0.012730
v -0.433249 -0.775080 -0.012454
v -0.433282 -0.775243 -0.012203
v -0.433322 -0.775446 -0.011984
v -0.433369 -0.775683 -0.011804
v -0.433421 -0.775947 -0.011670
v -0.431062 -0.764026 -0.014139
v -0.426328 -0.764963 -0.014139
v -0.426463 -0.765644 -0.017523
v -0.426405 -0.765351 -0.017557
v -0.426347 -0.765056 -0.017539
v -0.426290 -0.764769 -0.017470
v -0.426236 -0.764498 -0.017350
v -0.426187 -0.764251 -0.017184
v -0.426145 -0.764037 -0.016978
v -0.426110 -0.763861 -0.016736
v -0.426084 -0.763728 -0.016467
v -0.426067 -0.763644 -0.016178
v -0.426060 -0.763610 -0.015879
v -0.426064 -0.763627 -0.015579
v -0.426077 -0.763696 -0.015286
v -0.426101 -0.763813 -0.015009
v -0.426133 -0.763976 -0.014758
v -0.426173 -0.764179 -0.014539
v -0.426220 -0.764416 -0.014360
v -0.426272 -0.764680 -0.014225
v -0.431197 -0.764708 -0.017523
v -0.431139 -0.764414 -0.017557
v -0.431081 -0.764120 -0.017539
v -0.431024 -0.763832 -0.017470
v -0.430970 -0.763561 -0.017350
v -0.430922 -0.763315 -0.017184
v -0.430879 -0.763100 -0.016978
v -0.430844 -0.762924 -0.016736
v -0.430818 -0.762792 -0.016467
v -0.430801 -0.762707 -0.016178
v -0.430795 -0.762673 -0.015879
v -0.430798 -0.762691 -0.015579
v -0.430812 -0.762759 -0.015286
v -0.430835 -0.762876 -0.015009
v -0.430867 -0.763039 -0.014758
v -0.430907 -0.763242 -0.014539
v -0.430954 -0.763479 -0.014360
v -0.431006 -0.763743 -0.014225
v -0.428648 -0.751822 -0.016694
v -0.423914 -0.752759 -0.016694
v -0.424048 -0.753441 -0.020078
v -0.423990 -0.753147 -0.020112
v -0.423932 -0.752853 -0.020094
v -0.423875 -0.752565 -0.020025
v -0.423822 -0.752294 -0.019905
v -0.423773 -0.752048 -0.019740
v -0.423730 -0.751833 -0.019533
v -0.423696 -0.751657 -0.019291
v -0.423669 -0.751525 -0.019022
v -0.423653 -0.751440 -0.018733
v -0.423646 -0.751406 -0.018434
v -0.423649 -0.751424 -0.018134
v -0.423663 -0.751492 -0.017841
v -0.423686 -0.751609 -0.017564
v -0.423718 -0.751772 -0.017313
v -0.423758 -0.751975 -0.017094
v -0.423805 -0.752212 -0.016915
v -0.423858 -0.752476 -0.016780
v -0.428783 -0.752504 -0.020078
v -0.428725 -0.752211 -0.020112
v -0.428666 -0.751916 -0.020094
v -0.428609 -0.751629 -0.020025
v -0.428556 -0.751357 -0.019905
v -0.428507 -0.751111 -0.019740
v -0.428465 -0.750896 -0.019533
v -0.428430 -0.750720 -0.019291
v -0.428404 -0.750588 -0.019022
v -0.428387 -0.750503 -0.018733
v -0.428380 -0.750470 -0.018434
v -0.428384 -0.750487 -0.018134
v -0.428397 -0.750555 -0.017841
v -0.428420 -0.750673 -0.017564
v -0.428453 -0.750835 -0.017313
v -0.428493 -0.751038 -0.017094
v -0.428540 -0.751275 -0.016915
v -0.428592 -0.751539 -0.016780
v -0.426233 -0.739619 -0.019249
v -0.421499 -0.740555 -0.019249
v -0.421634 -0.741237 -0.022633
v -0.421576 -0.740944 -0.022667
v -0.421518 -0.740649 -0.022650
v -0.421461 -0.740361 -0.022580
v -0.421407 -0.740090 -0.022460
v -0.421358 -0.739844 -0.022295
v -0.421316 -0.739629 -0.022088
v -0.421281 -0.739453 -0.021846
v -0.421255 -0.739321 -0.021577
v -0.421238 -0.739236 -0.021288
v -0.421231 -0.739202 -0.020989
v -0.421235 -0.739220 -0.020689
v -0.421248 -0.739288 -0.020396
v -0.421272 -0.739406 -0.020120
v -0.421304 -0.739568 -0.019868
v -0.421344 -0.739771 -0.019649
v -0.421391 -0.740008 -0.019470
v -0.421443 -0.740272 -0.019335
v -0.426368 -0.740300 -0.022633
v -0.426310 -0.740007 -0.022667
v -0.426252 -0.739712 -0.022650
v -0.426195 -0.739425 -0.022580
v -0.426141 -0.739154 -0.022460
v -0.426093 -0.738907 -0.022295
v -0.426050 -0.738693 -0.022088
v -0.426015 -0.738516 -0.021846
v -0.425989 -0.738384 -0.021577
v -0.425972 -0.738300 -0.021288
v -0.425966 -0.738266 -0.020989
v -0.425969 -0.738283 -0.020689
v -0.425983 -0.738352 -0.020396
v -0.426006 -0.738469 -0.020120
v -0.426038 -0.738631 -0.019868
v -0.426078 -0.738834 -0.019649
v -0.426125 -0.739071 -0.019470
v -0.426177 -0.739336 -0.019335
v -0.423819 -0.727415 -0.021804
v -0.419085 -0.728351 -0.021804
v -0.419219 -0.729033 -0.025188
v -0.419161 -0.728740 -0.025223
v -0.419103 -0.728445 -0.025205
v -0.419046 -0.728158 -0.025135
v -0.418993 -0.727887 -0.025016
v -0.418944 -0.727640 -0.024850
v -0.418901 -0.727425 -0.024643
v -0.418867 -0.727249 -0.024401
v -0.418840 -0.727117 -0.024132
v -0.418824 -0.727033 -0.023844
v -0.418817 -0.726999 -0.023545
v -0.418820 -0.727016 -0.023244
v -0.418834 -0.727085 -0.022951
v -0.418857 -0.727202 -0.022675
v -0.418889 -0.727364 -0.022423
v -0.418929 -0.727567 -0.022205
v -0.418976 -0.727804 -0.022025
v -0.419029 -0.728068 -0.021890
v -0.423954 -0.728097 -0.025188
v -0.423896 -0.727803 -0.025223
v -0.423837 -0.727508 -0.025205
v -0.423780 -0.727221 -0.025135
v -0.423727 -0.726950 -0.025016
v -0.423678 -0.726703 -0.024850
v -0.423636 -0.726489 -0.024643
v -0.423601 -0.726313 -0.024401
v -0.423575 -0.726180 -0.024132
v -0.423558 -0.726096 -0.023844
v -0.423551 -0.726062 -0.023545
v -0.423555 -0.726079 -0.023244
v -0.423568 -0.726148 -0.022951
v -0.423591 -0.726265 -0.022675
v -0.423624 -0.726428 -0.022423
v -0.423664 -0.726631 -0.022205
v -0.423711 -0.726868 -0.022025
v -0.423763 -0.727132 -0.021890
v -0.421404 -0.715211 -0.024359
v -0.416670 -0.716148 -0.024359
v -0.416805 -0.716830 -0.027743
v -0.416747 -0.716536 -0.027778
v -0.416689 -0.716241 -0.027760
v -0.416632 -0.715954 -0.027690
v -0.416578 -0.715683 -0.027571
v -0.416529 -0.715436 -0.027405
v -0.416487 -0.715222 -0.027198
v -0.416452 -0.715046 -0.026956
v -0.416426 -0.714913 -0.026687
v -0.416409 -0.714829 -0.026399
v -0.416402 -0.714795 -0.026100
v -0.416406 -0.714812 -0.025799
v -0.416419 -0.714881 -0.025506
v -0.416443 -0.714998 -0.025230
v -0.416475 -0.715161 -0.024979
v -0.416515 -0.715364 -0.024760
v -0.416562 -0.715601 -0.024580
v -0.416614 -0.715865 -0.024445
v -0.421539 -0.715893 -0.027743
v -0.421481 -0.715599 -0.027778
v -0.421423 -0.715305 -0.027760
v -0.421366 -0.715017 -0.027690
v -0.421312 -0.714746 -0.027571
v -0.421264 -0.714500 -0.027405
v -0.421221 -0.714285 -0.027198
v -0.421186 -0.714109 -0.026956
v -0.421160 -0.713977 -0.026687
v -0.421143 -0.713892 -0.026399
v -0.421137 -0.713858 -0.026100
v -0.421140 -0.713876 -0.025799
v -0.421154 -0.713944 -0.025506
v -0.421177 -0.714061 -0.025230
v -0.421209 -0.714224 -0.024979
v -0.421249 -0.714427 -0.024760
v -0.421296 -0.714664 -0.024580
v -0.421348 -0.714928 -0.024445
v -0.418990 -0.703007 -0.026915
v -0.414256 -0.703944 -0.026915
v -0.414390 -0.704626 -0.030298
v -0.414332 -0.704332 -0.030333
v -0.414274 -0.704038 -0.030315
v -0.414217 -0.703750 -0.030245
v -0.414164 -0.703479 -0.030126
v -0.414115 -0.703233 -0.029960
v -0.414072 -0.703018 -0.029753
v -0.414037 -0.702842 -0.029512
v -0.414011 -0.702710 -0.029242
v -0.413995 -0.702625 -0.028954
v -0.413988 -0.702591 -0.028655
v -0.413991 -0.702609 -0.028354
v -0.414005 -0.702677 -0.028061
v -0.414028 -0.702794 -0.027785
v -0.414060 -0.702957 -0.027534
v -0.414100 -0.703160 -0.027315
v -0.414147 -0.703397 -0.027135
v -0.414200 -0.703661 -0.027001
v -0.419125 -0.703689 -0.030298
v -0.419067 -0.703396 -0.030333
v -0.419008 -0.703101 -0.030315
v -0.418951 -0.702814 -0.030245
v -0.418898 -0.702543 -0.030126
v -0.418849 -0.702296 -0.029960
v -0.418807 -0.702081 -0.029753
v -0.418772 -0.701905 -0.029512
v -0.418746 -0.701773 -0.029242
v -0.418729 -0.701689 -0.028954
v -0.418722 -0.701655 -0.028655
v -0.418726 -0.701672 -0.028354
v -0.418739 -0.701740 -0.028061
v -0.418762 -0.701858 -0.027785
v -0.418794 -0.702020 -0.027534
v -0.418835 -0.702223 -0.027315
v -0.418882 -0.702460 -0.027135
v -0.418934 -0.702724 -0.027001
v -0.416575 -0.690804 -0.029470
v -0.411841 -0.691740 -0.029470
v -0.411976 -0.692422 -0.032853
v -0.411918 -0.692129 -0.032888
v -0.411860 -0.691834 -0.032870
v -0.411803 -0.691547 -0.032800
v -0.411749 -0.691275 -0.032681
v -0.411700 -0.691029 -0.032515
v -0.411658 -0.690814 -0.032308
v -0.411623 -0.690638 -0.032067
v -0.411597 -0.690506 -0.031798
v -0.411580 -0.690421 -0.031509
v -0.411573 -0.690387 -0.031210
v -0.411577 -0.690405 -0.030909
v -0.411590 -0.690473 -0.030617
v -0.411614 -0.690591 -0.030340
v -0.411646 -0.690753 -0.030089
v -0.411686 -0.690956 -0.029870
v -0.411733 -0.691193 -0.029691
v -0.411785 -0.691457 -0.029556
v -0.416710 -0.691485 -0.032853
v -0.416652 -0.691192 -0.032888
v -0.416594 -0.690897 -0.032870
v -0.416537 -0.690610 -0.032800
v -0.416483 -0.690339 -0.032681
v -0.416435 -0.690092 -0.032515
v -0.416392 -0.689878 -0.032308
v -0.416357 -0.689701 -0.032067
v -0.416331 -0.689569 -0.031798
v -0.416314 -0.689485 -0.031509
v -0.416308 -0.689451 -0.031210
v -0.416311 -0.689468 -0.030909
v -0.416325 -0.689537 -0.030617
v -0.416348 -0.689654 -0.030340
v -0.416380 -0.689816 -0.030089
v -0.416420 -0.690019 -0.029870
v -0.416467 -0.690256 -0.029691
v -0.416519 -0.690521 -0.029556
v -0.414161 -0.678600 -0.032025
v -0.409427 -0.679537 -0.032025
v -0.409561 -0.680218 -0.035409
v -0.409503 -0.679925 -0.035443
v -0.409445 -0.679630 -0.035425
v -0.409388 -0.679343 -0.035356
v -0.409335 -0.679072 -0.035236
v -0.409286 -0.678825 -0.035070
v -0.409243 -0.678610 -0.034864
v -0.409208 -0.678434 -0.034622
v -0.409182 -0.678302 -0.034353
v -0.409166 -0.678218 -0.034064
v -0.409159 -0.678184 -0.033765
v -0.409162 -0.678201 -0.033465
v -0.409176 -0.678270 -0.033172
v -0.409199 -0.678387 -0.032895
v -0.409231 -0.678549 -0.032644
v -0.409271 -0.678752 -0.032425
v -0.409318 -0.678989 -0.032246
v -0.409371 -0.679253 -0.032111
v -0.414296 -0.679282 -0.035409
v -0.414238 -0.678988 -0.035443
v -0.414179 -0.678693 -0.035425
v -0.414122 -0.678406 -0.035356
v -0.414069 -0.678135 -0.035236
v -0.414020 -0.677888 -0.035070
v -0.413978 -0.677674 -0.034864
v -0.413943 -0.677498 -0.034622
v -0.413917 -0.677365 -0.034353
v -0.413900 -0.677281 -0.034064
v -0.413893 -0.677247 -0.033765
v -0.413897 -0.677265 -0.033465
v -0.413910 -0.677333 -0.033172
v -0.413933 -0.677450 -0.032895
v -0.413965 -0.677613 -0.032644
v -0.414006 -0.677816 -0.032425
v -0.414053 -0.678053 -0.032246
v -0.414105 -0.678317 -0.032111
v -0.411746 -0.666396 -0.034580
v -0.407012 -0.667333 -0.034580
v -0.407147 -0.668015 -0.037964
v -0.407089 -0.667721 -0.037998
v -0.407031 -0.667426 -0.037981
v -0.406974 -0.667139 -0.037911
v -0.406920 -0.666868 -0.037791
v -0.406871 -0.666621 -0.037626
v -0.406829 -0.666407 -0.037419
v -0.406794 -0.666231 -0.037177
v -0.406768 -0.666098 -0.036908
v -0.406751 -0.666014 -0.036619
v -0.406744 -0.665980 -0.036320
v -0.406748 -0.665997 -0.036020
v -0.406761 -0.666066 -0.035727
v -0.406785 -0.666183 -0.035451
v -0.406817 -0.666346 -0.035199
v -0.406857 -0.666549 -0.034980
v -0.406904 -0.666786 -0.034801
v -0.406956 -0.667050 -0.034666
v -0.411881 -0.667078 -0.037964
v -0.411823 -0.666784 -0.037998
v -0.411765 -0.666490 -0.037981
v -0.411708 -0.666202 -0.037911
v -0.411654 -0.665931 -0.037791
v -0.411605 -0.665685 -0.037626
v -0.411563 -0.665470 -0.037419
v -0.411528 -0.665294 -0.037177
v -0.411502 -0.665162 -0.036908
v -0.411485 -0.665077 -0.036619
v -0.411479 -0.665043 -0.036320
v -0.411482 -0.665061 -0.036020
v -0.411496 -0.665129 -0.035727
v -0.411519 -0.665246 -0.035451
v -0.411551 -0.665409 -0.035199
v -0.411591 -0.665612 -0.034980
v -0.411638 -0.665849 -0.034801
v -0.411690 -0.666113 -0.034666
v -0.409332 -0.654192 -0.037135
v -0.404598 -0.655129 -0.037135
v -0.404732 -0.655811 -0.040519
v -0.404674 -0.655517 -0.040554
v -0.404616 -0.655223 -0.040536
v -0.404559 -0.654935 -0.040466
v -0.404506 -0.654664 -0.040346
v -0.404457 -0.654418 -0.040181
v -0.404414 -0.654203 -0.039974
v -0.404379 -0.654027 -0.039732
v -0.404353 -0.653895 -0.039463
v -0.404337 -0.653810 -0.039174
v -0.404330 -0.653776 -0.038875
v -0.404333 -0.653794 -0.038575
v -0.404347 -0.653862 -0.038282
v -0.404370 -0.653979 -0.038006
v -0.404402 -0.654142 -0.037754
v -0.404442 -0.654345 -0.037536
v -0.404489 -0.654582 -0.037356
v -0.404542 -0.654846 -0.037221
v -0.409467 -0.654874 -0.040519
v -0.409409 -0.654581 -0.040554
v -0.409350 -0.654286 -0.040536
v -0.409293 -0.653999 -0.040466
v -0.409240 -0.653728 -0.040346
v -0.409191 -0.653481 -0.040181
v -0.409149 -0.653266 -0.039974
v -0.409114 -0.653090 -0.039732
v -0.409088 -0.652958 -0.039463
v -0.409071 -0.652874 -0.039174
v -0.409064 -0.652840 -0.038875
v -0.409068 -0.652857 -0.038575
v -0.409081 -0.652925 -0.038282
v -0.409104 -0.653043 -0.038006
v -0.409136 -0.653205 -0.037754
v -0.409177 -0.653408 -0.037536
v -0.409223 -0.653645 -0.037356
v -0.409276 -0.653909 -0.037221
v -0.406917 -0.641989 -0.039690
v -0.402183 -0.642925 -0.039690
v -0.402318 -0.643607 -0.043074
v -0.402260 -0.643314 -0.043109
v -0.402202 -0.643019 -0.043091
v -0.402145 -0.642732 -0.043021
v -0.402091 -0.642460 -0.042902
v -0.402042 -0.642214 -0.042736
v -0.402000 -0.641999 -0.042529
v -0.401965 -0.641823 -0.042287
v -0.401939 -0.641691 -0.042018
v -0.401922 -0.641606 -0.041730
v -0.401915 -0.641572 -0.041431
v -0.401919 -0.641590 -0.041130
v -0.401932 -0.641658 -0.040837
v -0.401956 -0.641776 -0.040561
v -0.401988 -0.641938 -0.040309
v -0.402028 -0.642141 -0.040091
v -0.402075 -0.642378 -0.039911
v -0.402127 -0.642642 -0.039776
v -0.407052 -0.642670 -0.043074
v -0.406994 -0.642377 -0.043109
v -0.406936 -0.642082 -0.043091
v -0.406879 -0.641795 -0.043021
v -0.406825 -0.641524 -0.042902
v -0.406776 -0.641277 -0.042736
v -0.406734 -0.641063 -0.042529
v -0.406699 -0.640886 -0.042287
v -0.406673 -0.640754 -0.042018
v -0.406656 -0.640670 -0.041730
v -0.406650 -0.640636 -0.041431
v -0.406653 -0.640653 -0.041130
v -0.406667 -0.640722 -0.040837
v -0.406690 -0.640839 -0.040561
v -0.406722 -0.641002 -0.040309
v -0.406762 -0.641204 -0.040091
v -0.406809 -0.641442 -0.039911
v -0.406861 -0.641706 -0.039776
v -0.404503 -0.629785 -0.042245
v -0.399768 -0.630722 -0.042245
v -0.399903 -0.631403 -0.045629
v -0.399845 -0.631110 -0.045664
v -0.399787 -0.630815 -0.045646
v -0.399730 -0.630528 -0.045576
v -0.399677 -0.630257 -0.045457
v -0.399628 -0.630010 -0.045291
v -0.399585 -0.629796 -0.045084
v -0.399550 -0.629619 -0.044842
v -0.399524 -0.629487 -0.044573
v -0.399508 -0.629403 -0.044285
v -0.399501 -0.629369 -0.043986
v -0.399504 -0.629386 -0.043685
v -0.399518 -0.629455 -0.043392
v -0.399541 -0.629572 -0.043116
v -0.399573 -0.629734 -0.042865
v -0.399613 -0.629937 -0.042646
v -0.399660 -0.630174 -0.042466
v -0.399712 -0.630439 -0.042331
v -0.404638 -0.630467 -0.045629
v -0.404580 -0.630173 -0.045664
v -0.404521 -0.629878 -0.045646
v -0.404464 -0.629591 -0.045576
v -0.404411 -0.629320 -0.045457
v -0.404362 -0.629073 -0.045291
v -0.404320 -0.628859 -0.045084
v -0.404285 -0.628683 -0.044842
v -0.404258 -0.628550 -0.044573
v -0.404242 -0.628466 -0.044285
v -0.404235 -0.628432 -0.043986
v -0.404239 -0.628450 -0.043685
v -0.404252 -0.628518 -0.043392
v -0.404275 -0.628635 -0.043116
v -0.404307 -0.628798 -0.042865
v -0.404348 -0.629001 -0.042646
v -0.404394 -0.629238 -0.042466
v -0.404447 -0.629502 -0.042331
v -0.402088 -0.617581 -0.044801
v -0.397354 -0.618518 -0.044801
v -0.397489 -0.619200 -0.048184
v -0.397431 -0.618906 -0.048219
v -0.397372 -0.618611 -0.048201
v -0.397316 -0.618324 -0.048131
v -0.397262 -0.618053 -0.048012
v -0.397213 -0.617806 -0.047846
v -0.397171 -0.617592 -0.047639
v -0.397136 -0.617416 -0.047398
v -0.397110 -0.617283 -0.047128
v -0.397093 -0.617199 -0.046840
v -0.397086 -0.617165 -0.046541
v -0.397090 -0.617182 -0.046240
v -0.397103 -0.617251 -0.045947
v -0.397127 -0.617368 -0.045671
v -0.397159 -0.617531 -0.045420
v -0.397199 -0.617734 -0.045201
v -0.397246 -0.617971 -0.045021
v -0.397298 -0.618235 -0.044887
v -0.402223 -0.618263 -0.048184
v -0.402165 -0.617970 -0.048219
v -0.402107 -0.617675 -0.048201
v -0.402050 -0.617387 -0.048131
v -0.401996 -0.617116 -0.048012
v -0.401947 -0.616870 -0.047846
v -0.401905 -0.616655 -0.047639
v -0.401870 -0.616479 -0.047398
v -0.401844 -0.616347 -0.047128
v -0.401827 -0.616262 -0.046840
v -0.401821 -0.616228 -0.046541
v -0.401824 -0.616246 -0.046240
v -0.401838 -0.616314 -0.045947
v -0.401861 -0.616431 -0.045671
v -0.401893 -0.616594 -0.045420
v -0.401933 -0.616797 -0.045201
v -0.401980 -0.617034 -0.045021
v -0.402032 -0.617298 -0.044887
v -0.399674 -0.605377 -0.047356
v -0.394939 -0.606314 -0.047356
v -0.395074 -0.606996 -0.050739
v -0.395016 -0.606702 -0.050774
v -0.394958 -0.606408 -0.050756
v -0.394901 -0.606120 -0.050687
v -0.394847 -0.605849 -0.050567
v -0.394799 -0.605603 -0.050401
v -0.394756 -0.605388 -0.050194
v -0.394721 -0.605212 -0.049953
v -0.394695 -0.605080 -0.049684
v -0.394679 -0.604995 -0.049395
v -0.394672 -0.604961 -0.049096
v -0.394675 -0.604979 -0.048795
v -0.394689 -0.605047 -0.048503
v -0.394712 -0.605164 -0.048226
v -0.394744 -0.605327 -0.047975
v -0.394784 -0.605530 -0.047756
v -0.394831 -0.605767 -0.047577
v -0.394883 -0.606031 -0.047442
v -0.399809 -0.606059 -0.050739
v -0.399751 -0.605766 -0.050774
v -0.399692 -0.605471 -0.050756
v -0.399635 -0.605184 -0.050687
v -0.399582 -0.604913 -0.050567
v -0.399533 -0.604666 -0.050401
v -0.399490 -0.604451 -0.050194
v -0.399456 -0.604275 -0.049953
v -0.399429 -0.604143 -0.049684
v -0.399413 -0.604059 -0.049395
v -0.399406 -0.604025 -0.049096
v -0.399409 -0.604042 -0.048795
v -0.399423 -0.604110 -0.048503
v -0.399446 -0.604228 -0.048226
v -0.399478 -0.604390 -0.047975
v -0.399519 -0.604593 -0.047756
v -0.399565 -0.604830 -0.047577
v -0.399618 -0.605094 -0.047442
v -0.397259 -0.593174 -0.049911
v -0.392525 -0.594110 -0.049911
v -0.392660 -0.594792 -0.053295
v -0.392602 -0.594499 -0.053329
v -0.392543 -0.594204 -0.053311
v -0.392487 -0.593917 -0.053242
v -0.392433 -0.593645 -0.053122
v -0.392384 -0.593399 -0.052956
v -0.392342 -0.593184 -0.052750
v -0.392307 -0.593008 -0.052508
v -0.392281 -0.592876 -0.052239
v -0.392264 -0.592791 -0.051950
v -0.392257 -0.592758 -0.051651
v -0.392261 -0.592775 -0.051351
v -0.392274 -0.592843 -0.051058
v -0.392297 -0.592961 -0.050781
v -0.392330 -0.593123 -0.050530
v -0.392370 -0.593326 -0.050311
v -0.392417 -0.593563 -0.050132
v -0.392469 -0.593827 -0.049997
v -0.397394 -0.593855 -0.053295
v -0.397336 -0.593562 -0.053329
v -0.397278 -0.593267 -0.053311
v -0.397221 -0.592980 -0.053242
v -0.397167 -0.592709 -0.053122
v -0.397118 -0.592462 -0.052956
v -0.397076 -0.592248 -0.052750
v -0.397041 -0.592072 -0.052508
v -0.397015 -0.591939 -0.052239
v -0.396998 -0.591855 -0.051950
v -0.396992 -0.591821 -0.051651
v -0.396995 -0.591838 -0.051351
v -0.397009 -0.591907 -0.051058
v -0.397032 -0.592024 -0.050781
v -0.397064 -0.592187 -0.050530
v -0.397104 -0.592389 -0.050311
v -0.397151 -0.592627 -0.050132
v -0.397203 -0.592891 -0.049997
v -0.392525 -0.594110 -0.049911
v -0.392583 -0.594404 -0.049876
v -0.392641 -0.594699 -0.049894
v -0.392698 -0.594986 -0.049964
v -0.392752 -0.595257 -0.050083
v -0.392801 -0.595503 -0.050249
v -0.392843 -0.595718 -0.050456
v -0.392878 -0.595894 -0.050698
v -0.392904 -0.596026 -0.050967
v -0.392921 -0.596111 -0.051255
v -0.392927 -0.596145 -0.051554
v -0.392924 -0.596127 -0.051855
v -0.392910 -0.596059 -0.052148
v -0.392887 -0.595942 -0.052424
v -0.392855 -0.595779 -0.052675
v -0.392815 -0.595576 -0.052894
v -0.392768 -0.595339 -0.053074
v -0.392716 -0.595075 -0.053209
v -0.392660 -0.594792 -0.053295
v -0.397259 -0.593174 -0.049911
v -0.397317 -0.593467 -0.049876
v -0.397376 -0.593762 -0.049894
v -0.397432 -0.594049 -0.049964
v -0.397486 -0.594320 -0.050083
v -0.397535 -0.594567 -0.050249
v -0.397577 -0.594781 -0.050456
v -0.397612 -0.594958 -0.050698
v -0.397638 -0.595090 -0.050967
v -0.397655 -0.595174 -0.051255
v -0.397662 -0.595208 -0.051554
v -0.397658 -0.595191 -0.051855
v -0.397645 -0.595122 -0.052148
v -0.397622 -0.595005 -0.052424
v -0.397589 -0.594843 -0.052675
v -0.397549 -0.594640 -0.052894
v -0.397502 -0.594403 -0.053074
v -0.397450 -0.594138 -0.053209
v -0.397394 -0.593855 -0.053295
v -0.394939 -0.606314 -0.047356
v -0.394998 -0.606607 -0.047321
v -0.395056 -0.606902 -0.047339
v -0.395113 -0.607190 -0.047409
v -0.395166 -0.607461 -0.047528
v -0.395215 -0.607707 -0.047694
v -0.395258 -0.607922 -0.047901
v -0.395292 -0.608098 -0.048142
v -0.395319 -0.608230 -0.048412
v -0.395335 -0.608315 -0.048700
v -0.395342 -0.608349 -0.048999
v -0.395339 -0.608331 -0.049300
v -0.395325 -0.608263 -0.049593
v -0.395302 -0.608145 -0.049869
v -0.395270 -0.607983 -0.050120
v -0.395230 -0.607780 -0.050339
v -0.395183 -0.607543 -0.050519
v -0.395130 -0.607279 -0.050653
v -0.395074 -0.606996 -0.050739
v -0.399674 -0.605377 -0.047356
v -0.399732 -0.605671 -0.047321
v -0.399790 -0.605966 -0.047339
v -0.399847 -0.606253 -0.047409
v -0.399901 -0.606524 -0.047528
v -0.399949 -0.606771 -0.047694
v -0.399992 -0.606985 -0.047901
v -0.400027 -0.607161 -0.048142
v -0.400053 -0.607294 -0.048412
v -0.400070 -0.607378 -0.048700
v -0.400076 -0.607412 -0.048999
v -0.400073 -0.607394 -0.049300
v -0.400059 -0.607326 -0.049593
v -0.400036 -0.607209 -0.049869
v -0.400004 -0.607046 -0.050120
v -0.399964 -0.606843 -0.050339
v -0.399917 -0.606606 -0.050519
v -0.399865 -0.606342 -0.050653
v -0.399809 -0.606059 -0.050739
v -0.397354 -0.618518 -0.044801
v -0.397412 -0.618811 -0.044766
v -0.397470 -0.619106 -0.044784
v -0.397527 -0.619393 -0.044853
v -0.397581 -0.619664 -0.044973
v -0.397630 -0.619911 -0.045139
v -0.397672 -0.620126 -0.045346
v -0.397707 -0.620302 -0.045587
v -0.397733 -0.620434 -0.045856
v -0.397750 -0.620518 -0.046145
v -0.397757 -0.620552 -0.046444
v -0.397753 -0.620535 -0.046745
v -0.397740 -0.620466 -0.047037
v -0.397716 -0.620349 -0.047314
v -0.397684 -0.620187 -0.047565
v -0.397644 -0.619984 -0.047784
v -0.397597 -0.619747 -0.047963
v -0.397545 -0.619483 -0.048098
v -0.397489 -0.619200 -0.048184
v -0.402088 -0.617581 -0.044801
v -0.402146 -0.617875 -0.044766
v -0.402205 -0.618169 -0.044784
v -0.402261 -0.618457 -0.044853
v -0.402315 -0.618728 -0.044973
v -0.402364 -0.618974 -0.045139
v -0.402406 -0.619189 -0.045346
v -0.402441 -0.619365 -0.045587
v -0.402467 -0.619497 -0.045856
v -0.402484 -0.619582 -0.046145
v -0.402491 -0.619616 -0.046444
v -0.402487 -0.619598 -0.046745
v -0.402474 -0.619530 -0.047037
v -0.402451 -0.619413 -0.047314
v -0.402418 -0.619250 -0.047565
v -0.402378 -0.619047 -0.047784
v -0.402331 -0.618810 -0.047963
v -0.402279 -0.618546 -0.048098
v -0.402223 -0.618263 -0.048184
v -0.399768 -0.630722 -0.042245
v -0.399827 -0.631015 -0.042211
v -0.399885 -0.631310 -0.042229
v -0.399942 -0.631597 -0.042298
v -0.399995 -0.631868 -0.042418
v -0.400044 -0.632115 -0.042584
v -0.400087 -0.632329 -0.042790
v -0.400121 -0.632505 -0.043032
v -0.400148 -0.632638 -0.043301
v -0.400164 -0.632722 -0.043590
v -0.400171 -0.632756 -0.043889
v -0.400168 -0.632739 -0.044189
v -0.400154 -0.632670 -0.044482
v -0.400131 -0.632553 -0.044759
v -0.400099 -0.632390 -0.045010
v -0.400059 -0.632188 -0.045229
v -0.400012 -0.631950 -0.045408
v -0.399959 -0.631686 -0.045543
v -0.399903 -0.631403 -0.045629
v -0.404503 -0.629785 -0.042245
v -0.404561 -0.630078 -0.042211
v -0.404619 -0.630373 -0.042229
v -0.404676 -0.630660 -0.042298
v -0.404730 -0.630931 -0.042418
v -0.404778 -0.631178 -0.042584
v -0.404821 -0.631393 -0.042790
v -0.404856 -0.631569 -0.043032
v -0.404882 -0.631701 -0.043301
v -0.404899 -0.631785 -0.043590
v -0.404905 -0.631819 -0.043889
v -0.404902 -0.631802 -0.044189
v -0.404888 -0.631734 -0.044482
v -0.404865 -0.631616 -0.044759
v -0.404833 -0.631454 -0.045010
v -0.404793 -0.631251 -0.045229
v -0.404746 -0.631014 -0.045408
v -0.404694 -0.630750 -0.045543
v -0.404638 -0.630467 -0.045629
v -0.402183 -0.642925 -0.039690
v -0.402241 -0.643219 -0.039656
v -0.402299 -0.643513 -0.039673
v -0.402356 -0.643801 -0.039743
v -0.402410 -0.644072 -0.039863
v -0.402459 -0.644318 -0.040028
v -0.402501 -0.644533 -0.040235
v -0.402536 -0.644709 -0.040477
v -0.402562 -0.644841 -0.040746
v -0.402579 -0.644926 -0.041035
v -0.402586 -0.644960 -0.041334
v -0.402582 -0.644942 -0.041634
v -0.402569 -0.644874 -0.041927
v -0.402545 -0.644757 -0.042203
v -0.402513 -0.644594 -0.042455
v -0.402473 -0.644391 -0.042674
v -0.402426 -0.644154 -0.042853
v -0.402374 -0.643890 -0.042988
v -0.402318 -0.643607 -0.043074
v -0.406917 -0.641989 -0.039690
v -0.406975 -0.642282 -0.039656
v -0.407034 -0.642577 -0.039673
v -0.407090 -0.642864 -0.039743
v -0.407144 -0.643135 -0.039863
v -0.407193 -0.643382 -0.040028
v -0.407235 -0.643596 -0.040235
v -0.407270 -0.643773 -0.040477
v -0.407296 -0.643905 -0.040746
v -0.407313 -0.643989 -0.041035
v -0.407320 -0.644023 -0.041334
v -0.407316 -0.644006 -0.041634
v -0.407303 -0.643937 -0.041927
v -0.407280 -0.643820 -0.042203
v -0.407247 -0.643657 -0.042455
v -0.407207 -0.643455 -0.042674
v -0.407160 -0.643217 -0.042853
v -0.407108 -0.642953 -0.042988
v -0.407052 -0.642670 -0.043074
v -0.404598 -0.655129 -0.037135
v -0.404656 -0.655422 -0.037100
v -0.404714 -0.655717 -0.037118
v -0.404771 -0.656005 -0.037188
v -0.404824 -0.656276 -0.037308
v -0.404873 -0.656522 -0.037473
v -0.404916 -0.656737 -0.037680
v -0.404950 -0.656913 -0.037922
v -0.404977 -0.657045 -0.038191
v -0.404993 -0.657130 -0.038479
v -0.405000 -0.657164 -0.038779
v -0.404997 -0.657146 -0.039079
v -0.404983 -0.657078 -0.039372
v -0.404960 -0.656960 -0.039648
v -0.404928 -0.656798 -0.039900
v -0.404888 -0.656595 -0.040118
v -0.404841 -0.656358 -0.040298
v -0.404788 -0.656094 -0.040433
v -0.404732 -0.655811 -0.040519
v -0.409332 -0.654192 -0.037135
v -0.409390 -0.654486 -0.037100
v -0.409448 -0.654781 -0.037118
v -0.409505 -0.655068 -0.037188
v -0.409559 -0.655339 -0.037308
v -0.409607 -0.655586 -0.037473
v -0.409650 -0.655800 -0.037680
v -0.409685 -0.655976 -0.037922
v -0.409711 -0.656109 -0.038191
v -0.409728 -0.656193 -0.038479
v -0.409734 -0.656227 -0.038779
v -0.409731 -0.656209 -0.039079
v -0.409717 -0.656141 -0.039372
v -0.409694 -0.656024 -0.039648
v -0.409662 -0.655861 -0.039900
v -0.409622 -0.655658 -0.040118
v -0.409575 -0.655421 -0.040298
v -0.409523 -0.655157 -0.040433
v -0.409467 -0.654874 -0.040519
v -0.407012 -0.667333 -0.034580
v -0.407070 -0.667626 -0.034545
v -0.407128 -0.667921 -0.034563
v -0.407185 -0.668208 -0.034633
v -0.407239 -0.668479 -0.034752
v -0.407288 -0.668726 -0.034918
v -0.407330 -0.668941 -0.035125
v -0.407365 -0.669117 -0.035367
v -0.407391 -0.669249 -0.035636
v -0.407408 -0.669333 -0.035924
v -0.407415 -0.669367 -0.036223
v -0.407411 -0.669350 -0.036524
v -0.407398 -0.669281 -0.036817
v -0.407374 -0.669164 -0.037093
v -0.407342 -0.669002 -0.037345
v -0.407302 -0.668799 -0.037563
v -0.407255 -0.668562 -0.037743
v -0.407203 -0.668298 -0.037878
v -0.407147 -0.668015 -0.037964
v -0.411746 -0.666396 -0.034580
v -0.411804 -0.666689 -0.034545
v -0.411863 -0.666984 -0.034563
v -0.411919 -0.667272 -0.034633
v -0.411973 -0.667543 -0.034752
v -0.412022 -0.667789 -0.034918
v -0.412064 -0.668004 -0.035125
v -0.412099 -0.668180 -0.035367
v -0.412125 -0.668312 -0.035636
v -0.412142 -0.668397 -0.035924
v -0.412149 -0.668431 -0.036223
v -0.412145 -0.668413 -0.036524
v -0.412132 -0.668345 -0.036817
v -0.412109 -0.668228 -0.037093
v -0.412076 -0.668065 -0.037345
v -0.412036 -0.667862 -0.037563
v -0.411989 -0.667625 -0.037743
v -0.411937 -0.667361 -0.037878
v -0.411881 -0.667078 -0.037964
v -0.409427 -0.679537 -0.032025
v -0.409485 -0.679830 -0.031990
v -0.409543 -0.680125 -0.032008
v -0.409600 -0.680412 -0.032078
v -0.409653 -0.680683 -0.032197
v -0.409702 -0.680930 -0.032363
v -0.409745 -0.681144 -0.032570
v -0.409779 -0.681320 -0.032811
v -0.409806 -0.681453 -0.033081
v -0.409822 -0.681537 -0.033369
v -0.409829 -0.681571 -0.033668
v -0.409826 -0.681554 -0.033969
v -0.409812 -0.681485 -0.034262
v -0.409789 -0.681368 -0.034538
v -0.409757 -0.681205 -0.034789
v -0.409717 -0.681002 -0.035008
v -0.409670 -0.680765 -0.035188
v -0.409617 -0.680501 -0.035323
v -0.409561 -0.680218 -0.035409
v -0.414161 -0.678600 -0.032025
v -0.414219 -0.678893 -0.031990
v -0.414277 -0.679188 -0.032008
v -0.414334 -0.679475 -0.032078
v -0.414388 -0.679746 -0.032197
v -0.414436 -0.679993 -0.032363
v -0.414479 -0.680208 -0.032570
v -0.414514 -0.680384 -0.032811
v -0.414540 -0.680516 -0.033081
v -0.414557 -0.680600 -0.033369
v -0.414563 -0.680634 -0.033668
v -0.414560 -0.680617 -0.033969
v -0.414546 -0.680549 -0.034262
v -0.414523 -0.680431 -0.034538
v -0.414491 -0.680269 -0.034789
v -0.414451 -0.680066 -0.035008
v -0.414404 -0.679829 -0.035188
v -0.414352 -0.679565 -0.035323
v -0.414296 -0.679282 -0.035409
v -0.411841 -0.691740 -0.029470
v -0.411899 -0.692034 -0.029435
v -0.411957 -0.692328 -0.029453
v -0.412014 -0.692616 -0.029523
v -0.412068 -0.692887 -0.029642
v -0.412117 -0.693133 -0.029808
v -0.412159 -0.693348 -0.030015
v -0.412194 -0.693524 -0.030256
v -0.412220 -0.693656 -0.030526
v -0.412237 -0.693741 -0.030814
v -0.412244 -0.693775 -0.031113
v -0.412240 -0.693757 -0.031414
v -0.412227 -0.693689 -0.031707
v -0.412203 -0.693572 -0.031983
v -0.412171 -0.693409 -0.032234
v -0.412131 -0.693206 -0.032453
v -0.412084 -0.692969 -0.032633
v -0.412032 -0.692705 -0.032767
v -0.411976 -0.692422 -0.032853
v -0.416575 -0.690804 -0.029470
v -0.416633 -0.691097 -0.029435
v -0.416692 -0.691392 -0.029453
v -0.416748 -0.691679 -0.029523
v -0.416802 -0.691950 -0.029642
v -0.416851 -0.692197 -0.029808
v -0.416893 -0.692411 -0.030015
v -0.416928 -0.692588 -0.030256
v -0.416954 -0.692720 -0.030526
v -0.416971 -0.692804 -0.030814
v -0.416978 -0.692838 -0.031113
v -0.416974 -0.692821 -0.031414
v -0.416961 -0.692752 -0.031707
v -0.416938 -0.692635 -0.031983
v -0.416905 -0.692472 -0.032234
v -0.416865 -0.692270 -0.032453
v -0.416818 -0.692032 -0.032633
v -0.416766 -0.691768 -0.032767
v -0.416710 -0.691485 -0.032853
v -0.414256 -0.703944 -0.026915
v -0.414314 -0.704237 -0.026880
v -0.414372 -0.704532 -0.026898
v -0.414429 -0.704820 -0.026967
v -0.414482 -0.705091 -0.027087
v -0.414531 -0.705337 -0.027253
v -0.414574 -0.705552 -0.027459
v -0.414608 -0.705728 -0.027701
v -0.414635 -0.705860 -0.027970
v -0.414651 -0.705945 -0.028259
v -0.414658 -0.705979 -0.028558
v -0.414655 -0.705961 -0.028858
v -0.414641 -0.705893 -0.029151
v -0.414618 -0.705775 -0.029428
v -0.414586 -0.705613 -0.029679
v -0.414546 -0.705410 -0.029898
v -0.414499 -0.705173 -0.030077
v -0.414446 -0.704909 -0.030212
v -0.414390 -0.704626 -0.030298
v -0.418990 -0.703007 -0.026915
v -0.419048 -0.703301 -0.026880
v -0.419106 -0.703596 -0.026898
v -0.419163 -0.703883 -0.026967
v -0.419217 -0.704154 -0.027087
v -0.419265 -0.704401 -0.027253
v -0.419308 -0.704615 -0.027459
v -0.419343 -0.704791 -0.027701
v -0.419369 -0.704924 -0.027970
v -0.419386 -0.705008 -0.028259
v -0.419392 -0.705042 -0.028558
v -0.419389 -0.705024 -0.028858
v -0.419375 -0.704956 -0.029151
v -0.419352 -0.704839 -0.029428
v -0.419320 -0.704676 -0.029679
v -0.419280 -0.704473 -0.029898
v -0.419233 -0.704236 -0.030077
v -0.419181 -0.703972 -0.030212
v -0.419125 -0.703689 -0.030298
v -0.416670 -0.716148 -0.024359
v -0.416728 -0.716441 -0.024325
v -0.416786 -0.716736 -0.024343
v -0.416843 -0.717023 -0.024412
v -0.416897 -0.717294 -0.024532
v -0.416946 -0.717541 -0.024698
v -0.416988 -0.717756 -0.024904
v -0.417023 -0.717932 -0.025146
v -0.417049 -0.718064 -0.025415
v -0.417066 -0.718148 -0.025704
v -0.417073 -0.718182 -0.026003
v -0.417069 -0.718165 -0.026303
v -0.417056 -0.718096 -0.026596
v -0.417032 -0.717979 -0.026873
v -0.417000 -0.717817 -0.027124
v -0.416960 -0.717614 -0.027343
v -0.416913 -0.717377 -0.027522
v -0.416861 -0.717113 -0.027657
v -0.416805 -0.716830 -0.027743
v -0.421404 -0.715211 -0.024359
v -0.421462 -0.715504 -0.024325
v -0.421521 -0.715799 -0.024343
v -0.421578 -0.716087 -0.024412
v -0.421631 -0.716358 -0.024532
v -0.421680 -0.716604 -0.024698
v -0.421722 -0.716819 -0.024904
v -0.421757 -0.716995 -0.025146
v -0.421783 -0.717127 -0.025415
v -0.421800 -0.717212 -0.025704
v -0.421807 -0.717246 -0.026003
v -0.421803 -0.717228 -0.026303
v -0.421790 -0.717160 -0.026596
v -0.421767 -0.717042 -0.026873
v -0.421734 -0.716880 -0.027124
v -0.421694 -0.716677 -0.027343
v -0.421647 -0.716440 -0.027522
v -0.421595 -0.716176 -0.027657
v -0.421539 -0.715893 -0.027743
v -0.419085 -0.728351 -0.021804
v -0.419143 -0.728645 -0.021770
v -0.419201 -0.728940 -0.021787
v -0.419258 -0.729227 -0.021857
v -0.419311 -0.729498 -0.021977
v -0.419360 -0.729745 -0.022142
v -0.419403 -0.729959 -0.022349
v -0.419438 -0.730135 -0.022591
v -0.419464 -0.730268 -0.022860
v -0.419480 -0.730352 -0.023149
v -0.419487 -0.730386 -0.023448
v -0.419484 -0.730369 -0.023748
v -0.419470 -0.730300 -0.024041
v -0.419447 -0.730183 -0.024317
v -0.419415 -0.730020 -0.024569
v -0.419375 -0.729817 -0.024788
v -0.419328 -0.729580 -0.024967
v -0.419275 -0.729316 -0.025102
v -0.419219 -0.729033 -0.025188
v -0.423819 -0.727415 -0.021804
v -0.423877 -0.727708 -0.021770
v -0.423935 -0.728003 -0.021787
v -0.423992 -0.728290 -0.021857
v -0.424046 -0.728561 -0.021977
v -0.424094 -0.728808 -0.022142
v -0.424137 -0.729023 -0.022349
v -0.424172 -0.729199 -0.022591
v -0.424198 -0.729331 -0.022860
v -0.424215 -0.729415 -0.023149
v -0.424221 -0.729449 -0.023448
v -0.424218 -0.729432 -0.023748
v -0.424204 -0.729364 -0.024041
v -0.424181 -0.729246 -0.024317
v -0.424149 -0.729084 -0.024569
v -0.424109 -0.728881 -0.024788
v -0.424062 -0.728644 -0.024967
v -0.424010 -0.728380 -0.025102
v -0.423954 -0.728097 -0.025188
v -0.421499 -0.740555 -0.019249
v -0.421557 -0.740849 -0.019214
v -0.421615 -0.741143 -0.019232
v -0.421672 -0.741431 -0.019302
v -0.421726 -0.741702 -0.019422
v -0.421775 -0.741948 -0.019587
v -0.421817 -0.742163 -0.019794
v -0.421852 -0.742339 -0.020036
v -0.421878 -0.742471 -0.020305
v -0.421895 -0.742556 -0.020593
v -0.421902 -0.742590 -0.020893
v -0.421898 -0.742572 -0.021193
v -0.421885 -0.742504 -0.021486
v -0.421861 -0.742387 -0.021762
v -0.421829 -0.742224 -0.022014
v -0.421789 -0.742021 -0.022232
v -0.421742 -0.741784 -0.022412
v -0.421690 -0.741520 -0.022547
v -0.421634 -0.741237 -0.022633
v -0.426233 -0.739619 -0.019249
v -0.426291 -0.739912 -0.019214
v -0.426350 -0.740207 -0.019232
v -0.426407 -0.740494 -0.019302
v -0.426460 -0.740765 -0.019422
v -0.426509 -0.741012 -0.019587
v -0.426551 -0.741226 -0.019794
v -0.426586 -0.741402 -0.020036
v -0.426612 -0.741535 -0.020305
v -0.426629 -0.741619 -0.020593
v -0.426636 -0.741653 -0.020893
v -0.426632 -0.741636 -0.021193
v -0.426619 -0.741567 -0.021486
v -0.426596 -0.741450 -0.021762
v -0.426563 -0.741287 -0.022014
v -0.426523 -0.741085 -0.022232
v -0.426476 -0.740847 -0.022412
v -0.426424 -0.740583 -0.022547
v -0.426368 -0.740300 -0.022633
v -0.423914 -0.752759 -0.016694
v -0.423972 -0.753052 -0.016659
v -0.424030 -0.753347 -0.016677
v -0.424087 -0.753634 -0.016747
v -0.424140 -0.753906 -0.016866
v -0.424189 -0.754152 -0.017032
v -0.424232 -0.754367 -0.017239
v -0.424267 -0.754543 -0.017481
v -0.424293 -0.754675 -0.017750
v -0.424309 -0.754760 -0.018038
v -0.424316 -0.754794 -0.018337
v -0.424313 -0.754776 -0.018638
v -0.424299 -0.754708 -0.018931
v -0.424276 -0.754590 -0.019207
v -0.424244 -0.754428 -0.019458
v -0.424204 -0.754225 -0.019677
v -0.424157 -0.753988 -0.019857
v -0.424104 -0.753724 -0.019992
v -0.424048 -0.753441 -0.020078
v -0.428648 -0.751822 -0.016694
v -0.428706 -0.752116 -0.016659
v -0.428764 -0.752411 -0.016677
v -0.428821 -0.752698 -0.016747
v -0.428875 -0.752969 -0.016866
v -0.428923 -0.753215 -0.017032
v -0.428966 -0.753430 -0.017239
v -0.429001 -0.753606 -0.017481
v -0.429027 -0.753738 -0.017750
v -0.429044 -0.753823 -0.018038
v -0.429050 -0.753857 -0.018337
v -0.429047 -0.753839 -0.018638
v -0.429033 -0.753771 -0.018931
v -0.429010 -0.753654 -0.019207
v -0.428978 -0.753491 -0.019458
v -0.428938 -0.753288 -0.019677
v -0.428891 -0.753051 -0.019857
v -0.428839 -0.752787 -0.019992
v -0.428783 -0.752504 -0.020078
v -0.426328 -0.764963 -0.014139
v -0.426386 -0.765256 -0.014104
v -0.426444 -0.765551 -0.014122
v -0.426501 -0.765838 -0.014192
v -0.426555 -0.766109 -0.014311
v -0.426604 -0.766356 -0.014477
v -0.426646 -0.766571 -0.014684
v -0.426681 -0.766747 -0.014925
v -0.426707 -0.766879 -0.015195
v -0.426724 -0.766963 -0.015483
v -0.426731 -0.766997 -0.015782
v -0.426727 -0.766980 -0.016083
v -0.426714 -0.766911 -0.016376
v -0.426690 -0.766794 -0.016652
v -0.426658 -0.766632 -0.016903
v -0.426618 -0.766429 -0.017122
v -0.426571 -0.766192 -0.017302
v -0.426519 -0.765928 -0.017436
v -0.426463 -0.765644 -0.017523
v -0.431062 -0.764026 -0.014139
v -0.431120 -0.764319 -0.014104
v -0.431179 -0.764614 -0.014122
v -0.431236 -0.764902 -0.014192
v -0.431289 -0.765173 -0.014311
v -0.431338 -0.765419 -0.014477
v -0.431380 -0.765634 -0.014684
v -0.431415 -0.765810 -0.014925
v -0.431441 -0.765942 -0.015195
v -0.431458 -0.766027 -0.015483
v -0.431465 -0.766061 -0.015782
v -0.431461 -0.766043 -0.016083
v -0.431448 -0.765975 -0.016376
v -0.431425 -0.765857 -0.016652
v -0.431393 -0.765695 -0.016903
v -0.431352 -0.765492 -0.017122
v -0.431305 -0.765255 -0.017302
v -0.431253 -0.764991 -0.017436
v -0.431197 -0.764708 -0.017523
v -0.428743 -0.777166 -0.011584
v -0.428801 -0.777460 -0.011549
v -0.428859 -0.777755 -0.011567
v -0.428916 -0.778042 -0.011637
v -0.428969 -0.778313 -0.011756
v -0.429018 -0.778560 -0.011922
v -0.429061 -0.778774 -0.012129
v -0.429096 -0.778950 -0.012370
v -0.429122 -0.779083 -0.012639
v -0.429138 -0.779167 -0.012928
v -0.429145 -0.779201 -0.013227
v -0.429142 -0.779184 -0.013528
v -0.429128 -0.779115 -0.013820
v -0.429105 -0.778998 -0.014097
v -0.429073 -0.778835 -0.014348
v -0.429033 -0.778632 -0.014567
v -0.428986 -0.778395 -0.014746
v -0.428934 -0.778131 -0.014881
v -0.428878 -0.777848 -0.014967
v -0.433477 -0.776230 -0.011584
v -0.433535 -0.776523 -0.011549
v -0.433593 -0.776818 -0.011567
v -0.433650 -0.777105 -0.011637
v -0.433704 -0.777376 -0.011756
v -0.433752 -0.777623 -0.011922
v -0.433795 -0.777838 -0.012129
v -0.433830 -0.778014 -0.012370
v -0.433856 -0.778146 -0.012639
v -0.433873 -0.778230 -0.012928
v -0.433879 -0.778264 -0.013227
v -0.433876 -0.778247 -0.013528
v -0.433862 -0.778178 -0.013820
v -0.433839 -0.778061 -0.014097
v -0.433807 -0.777899 -0.014348
v -0.433767 -0.777696 -0.014567
v -0.433720 -0.777459 -0.014746
v -0.433668 -0.777195 -0.014881
v -0.433612 -0.776912 -0.014967
v -0.431157 -0.789370 -0.009028
v -0.431215 -0.789664 -0.008994
v -0.431274 -0.789958 -0.009012
v -0.431330 -0.790246 -0.009081
v -0.431384 -0.790517 -0.009201
v -0.431433 -0.790763 -0.009367
v -0.431475 -0.790978 -0.009573
v -0.431510 -0.791154 -0.009815
v -0.431536 -0.791286 -0.010084
v -0.431553 -0.791371 -0.010373
v -0.431560 -0.791405 -0.010672
v -0.431556 -0.791387 -0.010972
v -0.431543 -0.791319 -0.011265
v -0.431519 -0.791202 -0.011542
v -0.431487 -0.791039 -0.011793
v -0.431447 -0.790836 -0.012012
v -0.431400 -0.790599 -0.012191
v -0.431348 -0.790335 -0.012326
v -0.431292 -0.790052 -0.012412
v -0.435891 -0.788434 -0.009028
v -0.435949 -0.788727 -0.008994
v -0.436008 -0.789022 -0.009012
v -0.436065 -0.789309 -0.009081
v -0.436118 -0.789580 -0.009201
v -0.436167 -0.789827 -0.009367
v -0.436209 -0.790041 -0.009573
v -0.436244 -0.790217 -0.009815
v -0.436270 -0.790350 -0.010084
v -0.436287 -0.790434 -0.010373
v -0.436294 -0.790468 -0.010672
v -0.436290 -0.790451 -0.010972
v -0.436277 -0.790382 -0.011265
v -0.436254 -0.790265 -0.011542
v -0.436222 -0.790102 -0.011793
v -0.436181 -0.789899 -0.012012
v -0.436134 -0.789662 -0.012191
v -0.436082 -0.789398 -0.012326
v -0.436026 -0.789115 -0.012412
v -0.433572 -0.801574 -0.006473
v -0.433630 -0.801867 -0.006439
v -0.433688 -0.802162 -0.006456
v -0.433745 -0.802449 -0.006526
v -0.433798 -0.802721 -0.006646
v -0.433847 -0.802967 -0.006811
v -0.433890 -0.803182 -0.007018
v -0.433925 -0.803358 -0.007260
v -0.433951 -0.803490 -0.007529
v -0.433967 -0.803575 -0.007818
v -0.433974 -0.803609 -0.008117
v -0.433971 -0.803591 -0.008417
v -0.433957 -0.803523 -0.008710
v -0.433934 -0.803405 -0.008987
v -0.433902 -0.803243 -0.009238
v -0.433862 -0.803040 -0.009457
v -0.433815 -0.802803 -0.009636
v -0.433763 -0.802539 -0.009771
v -0.433707 -0.802256 -0.009857
v -0.438306 -0.800637 -0.006473
v -0.438364 -0.800931 -0.006439
v -0.438422 -0.801225 -0.006456
v -0.438479 -0.801513 -0.006526
v -0.438533 -0.801784 -0.006646
v -0.438582 -0.802030 -0.006811
v -0.438624 -0.802245 -0.007018
v -0.438659 -0.802421 -0.007260
v -0.438685 -0.802553 -0.007529
v -0.438702 -0.802638 -0.007818
v -0.438708 -0.802672 -0.008117
v -0.438705 -0.802654 -0.008417
v -0.438691 -0.802586 -0.008710
v -0.438668 -0.802469 -0.008987
v -0.438636 -0.802306 -0.009238
v -0.438596 -0.802103 -0.009457
v -0.438549 -0.801866 -0.009636
v -0.438497 -0.801602 -0.009771
v -0.438441 -0.801319 -0.009857
v -0.435986 -0.813778 -0.003918
v -0.436044 -0.814071 -0.003884
v -0.436103 -0.814366 -0.003901
v -0.436159 -0.814653 -0.003971
v -0.436213 -0.814924 -0.004091
v -0.436262 -0.815171 -0.004256
v -0.436304 -0.815385 -0.004463
v -0.436339 -0.815562 -0.004705
v -0.436365 -0.815694 -0.004974
v -0.436382 -0.815778 -0.005263
v -0.436389 -0.815812 -0.005562
v -0.436385 -0.815795 -0.005862
v -0.436372 -0.815726 -0.006155
v -0.436348 -0.815609 -0.006431
v -0.436316 -0.815447 -0.006683
v -0.436276 -0.815244 -0.006901
v -0.436229 -0.815007 -0.007081
v -0.436177 -0.814742 -0.007216
v -0.436121 -0.814459 -0.007302
v -0.440720 -0.812841 -0.003918
v -0.440778 -0.813134 -0.003884
v -0.440837 -0.813429 -0.003901
v -0.440894 -0.813717 -0.003971
v -0.440947 -0.813988 -0.004091
v -0.440996 -0.814234 -0.004256
v -0.441038 -0.814449 -0.004463
v -0.441073 -0.814625 -0.004705
v -0.441099 -0.814757 -0.004974
v -0.441116 -0.814842 -0.005263
v -0.441123 -0.814876 -0.005562
v -0.441119 -0.814858 -0.005862
v -0.441106 -0.814790 -0.006155
v -0.441083 -0.814672 -0.006431
v -0.441051 -0.814510 -0.006683
v -0.441010 -0.814307 -0.006901
v -0.440964 -0.814070 -0.007081
v -0.440911 -0.813806 -0.007216
v -0.440855 -0.813523 -0.007302
v -0.438401 -0.825981 -0.001363
v -0.438459 -0.826275 -0.001328
v -0.438517 -0.826570 -0.001346
v -0.438574 -0.826857 -0.001416
v -0.438628 -0.827128 -0.001535
v -0.438676 -0.827375 -0.001701
v -0.438719 -0.827589 -0.001908
v -0.438754 -0.827765 -0.002150
v -0.438780 -0.827898 -0.002419
v -0.438796 -0.827982 -0.002707
v -0.438803 -0.828016 -0.003006
v -0.438800 -0.827999 -0.003307
v -0.438786 -0.827930 -0.003600
v -0.438763 -0.827813 -0.003876
v -0.438731 -0.827650 -0.004128
v -0.438691 -0.827447 -0.004346
v -0.438644 -0.827210 -0.004526
v -0.438592 -0.826946 -0.004661
v -0.438536 -0.826663 -0.004747
v -0.443135 -0.825045 -0.001363
v -0.443193 -0.825338 -0.001328
v -0.443251 -0.825633 -0.001346
v -0.443308 -0.825920 -0.001416
v -0.443362 -0.826191 -0.001535
v -0.443411 -0.826438 -0.001701
v -0.443453 -0.826653 -0.001908
v -0.443488 -0.826829 -0.002150
v -0.443514 -0.826961 -0.002419
v -0.443531 -0.827045 -0.002707
v -0.443537 -0.827079 -0.003006
v -0.443534 -0.827062 -0.003307
v -0.443520 -0.826993 -0.003600
v -0.443497 -0.826876 -0.003876
v -0.443465 -0.826714 -0.004128
v -0.443425 -0.826511 -0.004346
v -0.443378 -0.826274 -0.004526
v -0.443326 -0.826010 -0.004661
v -0.443270 -0.825727 -0.004747
v -0.386978 -0.564029 -0.090369
v -0.390934 -0.563247 -0.090369
v -0.387882 -0.568599 -0.089035
v -0.388736 -0.572916 -0.087007
v -0.389521 -0.576880 -0.084334
v -0.390217 -0.580399 -0.081077
v -0.390809 -0.583391 -0.077312
v -0.394764 -0.582608 -0.077312
v -0.394172 -0.579616 -0.081077
v -0.393476 -0.576097 -0.084334
v -0.392692 -0.572133 -0.087007
v -0.391838 -0.567816 -0.089035
v -0.443067 -0.847520 0.017606
v -0.392633 -0.592614 -0.035765
v -0.447022 -0.846737 0.017606
v -0.396589 -0.591831 -0.035765
v -0.443067 -0.847520 0.017606
v -0.447022 -0.846737 0.017606
v -0.447556 -0.849434 0.017924
v -0.448092 -0.852143 0.017760
v -0.448614 -0.854784 0.017119
v -0.449107 -0.857276 0.016021
v -0.449556 -0.859542 0.014498
v -0.449946 -0.861515 0.012597
v -0.450266 -0.863133 0.010375
v -0.450507 -0.864349 0.007901
v -0.450660 -0.865125 0.005249
v -0.450722 -0.865437 0.002501
v -0.450690 -0.865276 -0.000262
v -0.450566 -0.864648 -0.002954
v -0.450353 -0.863570 -0.005493
v -0.450057 -0.862076 -0.007804
v -0.449688 -0.860211 -0.009815
v -0.449257 -0.858032 -0.011465
v -0.448777 -0.855605 -0.012704
v -0.448262 -0.853003 -0.013495
v -0.444306 -0.853786 -0.013495
v -0.444821 -0.856387 -0.012704
v -0.445301 -0.858814 -0.011465
v -0.445732 -0.860994 -0.009815
v -0.446101 -0.862858 -0.007804
v -0.446397 -0.864353 -0.005493
v -0.446610 -0.865430 -0.002954
v -0.446735 -0.866059 -0.000262
v -0.446766 -0.866220 0.002501
v -0.446705 -0.865907 0.005249
v -0.446551 -0.865132 0.007901
v -0.446311 -0.863916 0.010375
v -0.445990 -0.862297 0.012597
v -0.445600 -0.860325 0.014498
v -0.445152 -0.858058 0.016021
v -0.444659 -0.855567 0.017119
v -0.444136 -0.852926 0.017760
v -0.443600 -0.850216 0.017924
v -0.393873 -0.598880 -0.066866
v -0.444306 -0.853786 -0.013495
v -0.397829 -0.598097 -0.066866
v -0.448262 -0.853003 -0.013495
v -0.442693 -0.847675 0.017217
v -0.443213 -0.850304 0.017527
v -0.443736 -0.852946 0.017368
v -0.444245 -0.855521 0.016743
v -0.444726 -0.857950 0.015672
v -0.445163 -0.860160 0.014187
v -0.445543 -0.862083 0.012333
v -0.445856 -0.863661 0.010167
v -0.446090 -0.864847 0.007755
v -0.446240 -0.865603 0.005170
v -0.446300 -0.865908 0.002489
v -0.446269 -0.865751 -0.000204
v -0.446148 -0.865138 -0.002829
v -0.445940 -0.864087 -0.005305
v -0.445652 -0.862630 -0.007557
v -0.445292 -0.860812 -0.009518
v -0.444872 -0.858687 -0.011127
v -0.444403 -0.856321 -0.012335
v -0.443902 -0.853785 -0.013106
v -0.393468 -0.598879 -0.066477
v -0.392734 -0.595166 -0.067561
v -0.392040 -0.591658 -0.069208
v -0.391403 -0.588437 -0.071380
v -0.390837 -0.585578 -0.074027
v -0.390356 -0.583147 -0.077086
v -0.389771 -0.580193 -0.080804
v -0.389084 -0.576718 -0.084021
v -0.388309 -0.572804 -0.086661
v -0.387466 -0.568540 -0.088663
v -0.386573 -0.564028 -0.089980
v -0.385519 -0.558702 -0.090609
v -0.384461 -0.553350 -0.090285
v -0.383429 -0.548135 -0.089020
v -0.382455 -0.543214 -0.086850
v -0.381570 -0.538738 -0.083842
v -0.380799 -0.534842 -0.080087
v -0.380166 -0.531645 -0.075700
v -0.379691 -0.529244 -0.070813
v -0.379388 -0.527712 -0.065576
v -0.379266 -0.527095 -0.060147
v -0.379329 -0.527412 -0.054692
v -0.379574 -0.528654 -0.049375
v -0.379996 -0.530783 -0.044359
v -0.380579 -0.533734 -0.039796
v -0.381308 -0.537417 -0.035825
v -0.382160 -0.541721 -0.032566
v -0.383108 -0.546514 -0.030118
v -0.384125 -0.551652 -0.028556
v -0.385046 -0.556308 -0.027954
v -0.385974 -0.561000 -0.028081
v -0.386888 -0.565619 -0.028934
v -0.387766 -0.570056 -0.030494
v -0.388588 -0.574209 -0.032724
v -0.389264 -0.577626 -0.034559
v -0.389986 -0.581277 -0.035842
v -0.390738 -0.585077 -0.036545
v -0.391502 -0.588938 -0.036649
v -0.392260 -0.592769 -0.036154
v -0.385809 -0.560166 -0.070813
v -0.386119 -0.561731 -0.070628
v -0.386430 -0.563304 -0.070723
v -0.386733 -0.564837 -0.071095
v -0.387019 -0.566283 -0.071733
v -0.387280 -0.567598 -0.072617
v -0.387506 -0.568743 -0.073721
v -0.387692 -0.569683 -0.075010
v -0.387832 -0.570388 -0.076446
v -0.387921 -0.570839 -0.077985
v -0.387957 -0.571020 -0.079580
v -0.387938 -0.570927 -0.081184
v -0.387866 -0.570562 -0.082746
v -0.387742 -0.569936 -0.084220
v -0.387571 -0.569069 -0.085561
v -0.387356 -0.567987 -0.086728
v -0.387106 -0.566722 -0.087686
v -0.386827 -0.565313 -0.088405
v -0.386529 -0.563803 -0.088864
v -0.386219 -0.562238 -0.089049
v -0.385908 -0.560665 -0.088954
v -0.385605 -0.559133 -0.088582
v -0.385319 -0.557687 -0.087944
v -0.385058 -0.556371 -0.087060
v -0.384832 -0.555226 -0.085957
v -0.384646 -0.554287 -0.084668
v -0.384506 -0.553581 -0.083232
v -0.384417 -0.553131 -0.081693
v -0.384381 -0.552949 -0.080097
v -0.384400 -0.553043 -0.078494
v -0.384472 -0.553408 -0.076931
v -0.384596 -0.554033 -0.075457
v -0.384767 -0.554900 -0.074116
v -0.384981 -0.555983 -0.072949
v -0.385232 -0.557248 -0.071992
v -0.385510 -0.558656 -0.071272
v -0.388982 -0.576201 -0.046018
v -0.389291 -0.577766 -0.045833
v -0.389602 -0.579339 -0.045928
v -0.389906 -0.580871 -0.046300
v -0.390192 -0.582318 -0.046938
v -0.390452 -0.583633 -0.047822
v -0.390679 -0.584778 -0.048925
v -0.390864 -0.585717 -0.050214
v -0.391004 -0.586423 -0.051650
v -0.391093 -0.586873 -0.053189
v -0.391129 -0.587055 -0.054785
v -0.391111 -0.586961 -0.056388
v -0.391038 -0.586596 -0.057950
v -0.390915 -0.585971 -0.059425
v -0.390743 -0.585104 -0.060766
v -0.390529 -0.584021 -0.061933
v -0.390279 -0.582756 -0.062890
v -0.390000 -0.581348 -0.063610
v -0.389701 -0.579838 -0.064069
v -0.389392 -0.578273 -0.064254
v -0.389080 -0.576700 -0.064158
v -0.388777 -0.575167 -0.063786
v -0.388491 -0.573721 -0.063149
v -0.388231 -0.572406 -0.062265
v -0.388004 -0.571261 -0.061161
v -0.387818 -0.570321 -0.059872
v -0.387679 -0.569616 -0.058436
v -0.387590 -0.569165 -0.056897
v -0.387554 -0.568984 -0.055301
v -0.387572 -0.569077 -0.053698
v -0.387644 -0.569442 -0.052136
v -0.387768 -0.570068 -0.050662
v -0.387940 -0.570935 -0.049321
v -0.388154 -0.572018 -0.048154
v -0.388404 -0.573282 -0.047196
v -0.388683 -0.574691 -0.046477
v -0.384169 -0.551877 -0.029672
v -0.384479 -0.553442 -0.029487
v -0.384790 -0.555015 -0.029582
v -0.385093 -0.556547 -0.029954
v -0.385379 -0.557993 -0.030592
v -0.385639 -0.559309 -0.031476
v -0.385866 -0.560454 -0.032579
v -0.386052 -0.561393 -0.033869
v -0.386191 -0.562099 -0.035305
v -0.386281 -0.562549 -0.036844
v -0.386316 -0.562730 -0.038439
v -0.386298 -0.562637 -0.040043
v -0.386226 -0.562272 -0.041605
v -0.386102 -0.561647 -0.043079
v -0.385930 -0.560780 -0.044420
v -0.385716 -0.559697 -0.045587
v -0.385466 -0.558432 -0.046545
v -0.385187 -0.557024 -0.047264
v -0.384889 -0.555514 -0.047723
v -0.384579 -0.553949 -0.047908
v -0.384268 -0.552376 -0.047813
v -0.383965 -0.550843 -0.047441
v -0.383678 -0.549397 -0.046803
v -0.383418 -0.548082 -0.045919
v -0.383192 -0.546937 -0.044816
v -0.383006 -0.545997 -0.043527
v -0.382866 -0.545292 -0.042091
v -0.382777 -0.544841 -0.040551
v -0.382741 -0.544660 -0.038956
v -0.382760 -0.544753 -0.037353
v -0.382832 -0.545118 -0.035790
v -0.382956 -0.545744 -0.034316
v -0.383127 -0.546611 -0.032975
v -0.383341 -0.547693 -0.031808
v -0.383592 -0.548958 -0.030850
v -0.383870 -0.550367 -0.030131
v -0.380997 -0.535842 -0.054468
v -0.381306 -0.537407 -0.054283
v -0.381617 -0.538980 -0.054378
v -0.381921 -0.540513 -0.054750
v -0.382207 -0.541959 -0.055388
v -0.382467 -0.543274 -0.056272
v -0.382694 -0.544419 -0.057375
v -0.382879 -0.545359 -0.058664
v -0.383019 -0.546064 -0.060100
v -0.383108 -0.546515 -0.061639
v -0.383144 -0.546696 -0.063235
v -0.383126 -0.546603 -0.064838
v -0.383053 -0.546238 -0.066401
v -0.382930 -0.545612 -0.067875
v -0.382758 -0.544745 -0.069216
v -0.382544 -0.543662 -0.070383
v -0.382294 -0.542398 -0.071340
v -0.382015 -0.540989 -0.072060
v -0.381716 -0.539479 -0.072519
v -0.381407 -0.537914 -0.072704
v -0.381095 -0.536341 -0.072609
v -0.380792 -0.534808 -0.072237
v -0.380506 -0.533362 -0.071599
v -0.380246 -0.532047 -0.070715
v -0.380019 -0.530902 -0.069611
v -0.379833 -0.529963 -0.068322
v -0.379694 -0.529257 -0.066886
v -0.379605 -0.528807 -0.065347
v -0.379569 -0.528625 -0.063752
v -0.379587 -0.528719 -0.062148
v -0.379659 -0.529084 -0.060586
v -0.379783 -0.529709 -0.059112
v -0.379955 -0.530576 -0.057771
v -0.380169 -0.531659 -0.056604
v -0.380419 -0.532923 -0.055646
v -0.380698 -0.534332 -0.054927
v -0.440815 -0.838185 0.001192
v -0.440873 -0.838479 0.001227
v -0.440932 -0.838773 0.001209
v -0.440988 -0.839061 0.001139
v -0.441042 -0.839332 0.001020
v -0.441091 -0.839578 0.000854
v -0.441133 -0.839793 0.000647
v -0.441168 -0.839969 0.000405
v -0.441194 -0.840101 0.000136
v -0.441211 -0.840186 -0.000152
v -0.441218 -0.840220 -0.000451
v -0.441214 -0.840202 -0.000752
v -0.441201 -0.840134 -0.001045
v -0.441178 -0.840017 -0.001321
v -0.441145 -0.839854 -0.001572
v -0.441105 -0.839651 -0.001791
v -0.441058 -0.839414 -0.001971
v -0.441006 -0.839150 -0.002106
v -0.440950 -0.838867 -0.002192
v -0.440892 -0.838574 -0.002226
v -0.440834 -0.838279 -0.002208
v -0.440777 -0.837991 -0.002139
v -0.440723 -0.837720 -0.002019
v -0.440674 -0.837474 -0.001853
v -0.440632 -0.837259 -0.001647
v -0.440597 -0.837083 -0.001405
v -0.440571 -0.836951 -0.001136
v -0.440554 -0.836866 -0.000847
v -0.440548 -0.836832 -0.000548
v -0.440551 -0.836850 -0.000248
v -0.440565 -0.836918 0.000045
v -0.440588 -0.837036 0.000322
v -0.440620 -0.837198 0.000573
v -0.440660 -0.837401 0.000792
v -0.440707 -0.837638 0.000971
v -0.440759 -0.837902 0.001106
v -0.443230 -0.850389 0.003747
v -0.443288 -0.850682 0.003782
v -0.443346 -0.850977 0.003764
v -0.443403 -0.851264 0.003694
v -0.443457 -0.851536 0.003575
v -0.443505 -0.851782 0.003409
v -0.443548 -0.851997 0.003202
v -0.443583 -0.852173 0.002961
v -0.443609 -0.852305 0.002691
v -0.443626 -0.852390 0.002403
v -0.443632 -0.852423 0.002104
v -0.443629 -0.852406 0.001803
v -0.443615 -0.852338 0.001510
v -0.443592 -0.852220 0.001234
v -0.443560 -0.852058 0.000983
v -0.443520 -0.851855 0.000764
v -0.443473 -0.851618 0.000584
v -0.443421 -0.851354 0.000450
v -0.443365 -0.851071 0.000364
v -0.443307 -0.850777 0.000329
v -0.443248 -0.850482 0.000347
v -0.443191 -0.850195 0.000416
v -0.443138 -0.849924 0.000536
v -0.443089 -0.849678 0.000702
v -0.443046 -0.849463 0.000909
v -0.443012 -0.849287 0.001150
v -0.442985 -0.849155 0.001419
v -0.442969 -0.849070 0.001708
v -0.442962 -0.849036 0.002007
v -0.442965 -0.849054 0.002308
v -0.442979 -0.849122 0.002600
v -0.443002 -0.849239 0.002877
v -0.443034 -0.849402 0.003128
v -0.443075 -0.849605 0.003347
v -0.443121 -0.849842 0.003526
v -0.443174 -0.850106 0.003661
v -0.438401 -0.825981 -0.001363
v -0.438459 -0.826275 -0.001328
v -0.438517 -0.826570 -0.001346
v -0.438574 -0.826857 -0.001416
v -0.438628 -0.827128 -0.001535
v -0.438676 -0.827375 -0.001701
v -0.438719 -0.827589 -0.001908
v -0.438754 -0.827765 -0.002150
v -0.438780 -0.827898 -0.002419
v -0.438796 -0.827982 -0.002707
v -0.438803 -0.828016 -0.003006
v -0.438800 -0.827999 -0.003307
v -0.438786 -0.827930 -0.003600
v -0.438763 -0.827813 -0.003876
v -0.438731 -0.827650 -0.004128
v -0.438691 -0.827447 -0.004346
v -0.438644 -0.827210 -0.004526
v -0.438592 -0.826946 -0.004661
v -0.438536 -0.826663 -0.004747
v -0.438478 -0.826370 -0.004781
v -0.438419 -0.826075 -0.004764
v -0.438362 -0.825788 -0.004694
v -0.438309 -0.825517 -0.004574
v -0.438260 -0.825270 -0.004409
v -0.438217 -0.825055 -0.004202
v -0.438183 -0.824879 -0.003960
v -0.438156 -0.824747 -0.003691
v -0.438140 -0.824663 -0.003402
v -0.438133 -0.824629 -0.003103
v -0.438136 -0.824646 -0.002803
v -0.438150 -0.824715 -0.002510
v -0.438173 -0.824832 -0.002234
v -0.438205 -0.824994 -0.001982
v -0.438246 -0.825197 -0.001763
v -0.438292 -0.825434 -0.001584
v -0.438345 -0.825698 -0.001449
v -0.435986 -0.813778 -0.003918
v -0.436044 -0.814071 -0.003884
v -0.436103 -0.814366 -0.003901
v -0.436159 -0.814653 -0.003971
v -0.436213 -0.814924 -0.004091
v -0.436262 -0.815171 -0.004256
v -0.436304 -0.815385 -0.004463
v -0.436339 -0.815562 -0.004705
v -0.436365 -0.815694 -0.004974
v -0.436382 -0.815778 -0.005263
v -0.436389 -0.815812 -0.005562
v -0.436385 -0.815795 -0.005862
v -0.436372 -0.815726 -0.006155
v -0.436348 -0.815609 -0.006431
v -0.436316 -0.815447 -0.006683
v -0.436276 -0.815244 -0.006901
v -0.436229 -0.815007 -0.007081
v -0.436177 -0.814742 -0.007216
v -0.436121 -0.814459 -0.007302
v -0.436063 -0.814166 -0.007337
v -0.436005 -0.813871 -0.007319
v -0.435948 -0.813584 -0.007249
v -0.435894 -0.813313 -0.007129
v -0.435845 -0.813066 -0.006964
v -0.435803 -0.812852 -0.006757
v -0.435768 -0.812676 -0.006515
v -0.435742 -0.812543 -0.006246
v -0.435725 -0.812459 -0.005958
v -0.435718 -0.812425 -0.005658
v -0.435722 -0.812442 -0.005358
v -0.435735 -0.812511 -0.005065
v -0.435759 -0.812628 -0.004789
v -0.435791 -0.812791 -0.004537
v -0.435831 -0.812993 -0.004319
v -0.435878 -0.813231 -0.004139
v -0.435930 -0.813495 -0.004004
v -0.433572 -0.801574 -0.006473
v -0.433630 -0.801867 -0.006439
v -0.433688 -0.802162 -0.006456
v -0.433745 -0.802449 -0.006526
v -0.433798 -0.802721 -0.006646
v -0.433847 -0.802967 -0.006811
v -0.433890 -0.803182 -0.007018
v -0.433925 -0.803358 -0.007260
v -0.433951 -0.803490 -0.007529
v -0.433967 -0.803575 -0.007818
v -0.433974 -0.803609 -0.008117
v -0.433971 -0.803591 -0.008417
v -0.433957 -0.803523 -0.008710
v -0.433934 -0.803405 -0.008987
v -0.433902 -0.803243 -0.009238
v -0.433862 -0.803040 -0.009457
v -0.433815 -0.802803 -0.009636
v -0.433763 -0.802539 -0.009771
v -0.433707 -0.802256 -0.009857
v -0.433648 -0.801962 -0.009892
v -0.433590 -0.801668 -0.009874
v -0.433533 -0.801380 -0.009804
v -0.433480 -0.801109 -0.009685
v -0.433431 -0.800863 -0.009519
v -0.433388 -0.800648 -0.009312
v -0.433354 -0.800472 -0.009070
v -0.433327 -0.800340 -0.008801
v -0.433311 -0.800255 -0.008513
v -0.433304 -0.800221 -0.008214
v -0.433307 -0.800239 -0.007913
v -0.433321 -0.800307 -0.007620
v -0.433344 -0.800424 -0.007344
v -0.433376 -0.800587 -0.007092
v -0.433416 -0.800790 -0.006874
v -0.433463 -0.801027 -0.006694
v -0.433516 -0.801291 -0.006559
v -0.431157 -0.789370 -0.009028
v -0.431215 -0.789664 -0.008994
v -0.431274 -0.789958 -0.009012
v -0.431330 -0.790246 -0.009081
v -0.431384 -0.790517 -0.009201
v -0.431433 -0.790763 -0.009367
v -0.431475 -0.790978 -0.009573
v -0.431510 -0.791154 -0.009815
v -0.431536 -0.791286 -0.010084
v -0.431553 -0.791371 -0.010373
v -0.431560 -0.791405 -0.010672
v -0.431556 -0.791387 -0.010972
v -0.431543 -0.791319 -0.011265
v -0.431519 -0.791202 -0.011542
v -0.431487 -0.791039 -0.011793
v -0.431447 -0.790836 -0.012012
v -0.431400 -0.790599 -0.012191
v -0.431348 -0.790335 -0.012326
v -0.431292 -0.790052 -0.012412
v -0.431234 -0.789759 -0.012447
v -0.431176 -0.789464 -0.012429
v -0.431119 -0.789176 -0.012359
v -0.431065 -0.788905 -0.012240
v -0.431016 -0.788659 -0.012074
v -0.430974 -0.788444 -0.011867
v -0.430939 -0.788268 -0.011626
v -0.430913 -0.788136 -0.011356
v -0.430896 -0.788051 -0.011068
v -0.430889 -0.788017 -0.010769
v -0.430893 -0.788035 -0.010468
v -0.430906 -0.788103 -0.010175
v -0.430930 -0.788221 -0.009899
v -0.430962 -0.788383 -0.009648
v -0.431002 -0.788586 -0.009429
v -0.431049 -0.788823 -0.009249
v -0.431101 -0.789087 -0.009115
v -0.428743 -0.777166 -0.011584
v -0.428801 -0.777460 -0.011549
v -0.428859 -0.777755 -0.011567
v -0.428916 -0.778042 -0.011637
v -0.428969 -0.778313 -0.011756
v -0.429018 -0.778560 -0.011922
v -0.429061 -0.778774 -0.012129
v -0.429096 -0.778950 -0.012370
v -0.429122 -0.779083 -0.012639
v -0.429138 -0.779167 -0.012928
v -0.429145 -0.779201 -0.013227
v -0.429142 -0.779184 -0.013528
v -0.429128 -0.779115 -0.013820
v -0.429105 -0.778998 -0.014097
v -0.429073 -0.778835 -0.014348
v -0.429033 -0.778632 -0.014567
v -0.428986 -0.778395 -0.014746
v -0.428934 -0.778131 -0.014881
v -0.428878 -0.777848 -0.014967
v -0.428819 -0.777555 -0.015002
v -0.428761 -0.777260 -0.014984
v -0.428704 -0.776973 -0.014914
v -0.428651 -0.776702 -0.014795
v -0.428602 -0.776455 -0.014629
v -0.428559 -0.776240 -0.014422
v -0.428525 -0.776064 -0.014181
v -0.428498 -0.775932 -0.013911
v -0.428482 -0.775848 -0.013623
v -0.428475 -0.775814 -0.013324
v -0.428478 -0.775831 -0.013023
v -0.428492 -0.775900 -0.012730
v -0.428515 -0.776017 -0.012454
v -0.428547 -0.776179 -0.012203
v -0.428587 -0.776382 -0.011984
v -0.428634 -0.776619 -0.011804
v -0.428687 -0.776883 -0.011670
v -0.426328 -0.764963 -0.014139
v -0.426386 -0.765256 -0.014104
v -0.426444 -0.765551 -0.014122
v -0.426501 -0.765838 -0.014192
v -0.426555 -0.766109 -0.014311
v -0.426604 -0.766356 -0.014477
v -0.426646 -0.766571 -0.014684
v -0.426681 -0.766747 -0.014925
v -0.426707 -0.766879 -0.015195
v -0.426724 -0.766963 -0.015483
v -0.426731 -0.766997 -0.015782
v -0.426727 -0.766980 -0.016083
v -0.426714 -0.766911 -0.016376
v -0.426690 -0.766794 -0.016652
v -0.426658 -0.766632 -0.016903
v -0.426618 -0.766429 -0.017122
v -0.426571 -0.766192 -0.017302
v -0.426519 -0.765928 -0.017436
v -0.426463 -0.765644 -0.017523
v -0.426405 -0.765351 -0.017557
v -0.426347 -0.765056 -0.017539
v -0.426290 -0.764769 -0.017470
v -0.426236 -0.764498 -0.017350
v -0.426187 -0.764251 -0.017184
v -0.426145 -0.764037 -0.016978
v -0.426110 -0.763861 -0.016736
v -0.426084 -0.763728 -0.016467
v -0.426067 -0.763644 -0.016178
v -0.426060 -0.763610 -0.015879
v -0.426064 -0.763627 -0.015579
v -0.426077 -0.763696 -0.015286
v -0.426101 -0.763813 -0.015009
v -0.426133 -0.763976 -0.014758
v -0.426173 -0.764179 -0.014539
v -0.426220 -0.764416 -0.014360
v -0.426272 -0.764680 -0.014225
v -0.423914 -0.752759 -0.016694
v -0.423972 -0.753052 -0.016659
v -0.424030 -0.753347 -0.016677
v -0.424087 -0.753634 -0.016747
v -0.424140 -0.753906 -0.016866
v -0.424189 -0.754152 -0.017032
v -0.424232 -0.754367 -0.017239
v -0.424267 -0.754543 -0.017481
v -0.424293 -0.754675 -0.017750
v -0.424309 -0.754760 -0.018038
v -0.424316 -0.754794 -0.018337
v -0.424313 -0.754776 -0.018638
v -0.424299 -0.754708 -0.018931
v -0.424276 -0.754590 -0.019207
v -0.424244 -0.754428 -0.019458
v -0.424204 -0.754225 -0.019677
v -0.424157 -0.753988 -0.019857
v -0.424104 -0.753724 -0.019992
v -0.424048 -0.753441 -0.020078
v -0.423990 -0.753147 -0.020112
v -0.423932 -0.752853 -0.020094
v -0.423875 -0.752565 -0.020025
v -0.423822 -0.752294 -0.019905
v -0.423773 -0.752048 -0.019740
v -0.423730 -0.751833 -0.019533
v -0.423696 -0.751657 -0.019291
v -0.423669 -0.751525 -0.019022
v -0.423653 -0.751440 -0.018733
v -0.423646 -0.751406 -0.018434
v -0.423649 -0.751424 -0.018134
v -0.423663 -0.751492 -0.017841
v -0.423686 -0.751609 -0.017564
v -0.423718 -0.751772 -0.017313
v -0.423758 -0.751975 -0.017094
v -0.423805 -0.752212 -0.016915
v -0.423858 -0.752476 -0.016780
v -0.421499 -0.740555 -0.019249
v -0.421557 -0.740849 -0.019214
v -0.421615 -0.741143 -0.019232
v -0.421672 -0.741431 -0.019302
v -0.421726 -0.741702 -0.019422
v -0.421775 -0.741948 -0.019587
v -0.421817 -0.742163 -0.019794
v -0.421852 -0.742339 -0.020036
v -0.421878 -0.742471 -0.020305
v -0.421895 -0.742556 -0.020593
v -0.421902 -0.742590 -0.020893
v -0.421898 -0.742572 -0.021193
v -0.421885 -0.742504 -0.021486
v -0.421861 -0.742387 -0.021762
v -0.421829 -0.742224 -0.022014
v -0.421789 -0.742021 -0.022232
v -0.421742 -0.741784 -0.022412
v -0.421690 -0.741520 -0.022547
v -0.421634 -0.741237 -0.022633
v -0.421576 -0.740944 -0.022667
v -0.421518 -0.740649 -0.022650
v -0.421461 -0.740361 -0.022580
v -0.421407 -0.740090 -0.022460
v -0.421358 -0.739844 -0.022295
v -0.421316 -0.739629 -0.022088
v -0.421281 -0.739453 -0.021846
v -0.421255 -0.739321 -0.021577
v -0.421238 -0.739236 -0.021288
v -0.421231 -0.739202 -0.020989
v -0.421235 -0.739220 -0.020689
v -0.421248 -0.739288 -0.020396
v -0.421272 -0.739406 -0.020120
v -0.421304 -0.739568 -0.019868
v -0.421344 -0.739771 -0.019649
v -0.421391 -0.740008 -0.019470
v -0.421443 -0.740272 -0.019335
v -0.419085 -0.728351 -0.021804
v -0.419143 -0.728645 -0.021770
v -0.419201 -0.728940 -0.021787
v -0.419258 -0.729227 -0.021857
v -0.419311 -0.729498 -0.021977
v -0.419360 -0.729745 -0.022142
v -0.419403 -0.729959 -0.022349
v -0.419438 -0.730135 -0.022591
v -0.419464 -0.730268 -0.022860
v -0.419480 -0.730352 -0.023149
v -0.419487 -0.730386 -0.023448
v -0.419484 -0.730369 -0.023748
v -0.419470 -0.730300 -0.024041
v -0.419447 -0.730183 -0.024317
v -0.419415 -0.730020 -0.024569
v -0.419375 -0.729817 -0.024788
v -0.419328 -0.729580 -0.024967
v -0.419275 -0.729316 -0.025102
v -0.419219 -0.729033 -0.025188
v -0.419161 -0.728740 -0.025223
v -0.419103 -0.728445 -0.025205
v -0.419046 -0.728158 -0.025135
v -0.418993 -0.727887 -0.025016
v -0.418944 -0.727640 -0.024850
v -0.418901 -0.727425 -0.024643
v -0.418867 -0.727249 -0.024401
v -0.418840 -0.727117 -0.024132
v -0.418824 -0.727033 -0.023844
v -0.418817 -0.726999 -0.023545
v -0.418820 -0.727016 -0.023244
v -0.418834 -0.727085 -0.022951
v -0.418857 -0.727202 -0.022675
v -0.418889 -0.727364 -0.022423
v -0.418929 -0.727567 -0.022205
v -0.418976 -0.727804 -0.022025
v -0.419029 -0.728068 -0.021890
v -0.416670 -0.716148 -0.024359
v -0.416728 -0.716441 -0.024325
v -0.416786 -0.716736 -0.024343
v -0.416843 -0.717023 -0.024412
v -0.416897 -0.717294 -0.024532
v -0.416946 -0.717541 -0.024698
v -0.416988 -0.717756 -0.024904
v -0.417023 -0.717932 -0.025146
v -0.417049 -0.718064 -0.025415
v -0.417066 -0.718148 -0.025704
v -0.417073 -0.718182 -0.026003
v -0.417069 -0.718165 -0.026303
v -0.417056 -0.718096 -0.026596
v -0.417032 -0.717979 -0.026873
v -0.417000 -0.717817 -0.027124
v -0.416960 -0.717614 -0.027343
v -0.416913 -0.717377 -0.027522
v -0.416861 -0.717113 -0.027657
v -0.416805 -0.716830 -0.027743
v -0.416747 -0.716536 -0.027778
v -0.416689 -0.716241 -0.027760
v -0.416632 -0.715954 -0.027690
v -0.416578 -0.715683 -0.027571
v -0.416529 -0.715436 -0.027405
v -0.416487 -0.715222 -0.027198
v -0.416452 -0.715046 -0.026956
v -0.416426 -0.714913 -0.026687
v -0.416409 -0.714829 -0.026399
v -0.416402 -0.714795 -0.026100
v -0.416406 -0.714812 -0.025799
v -0.416419 -0.714881 -0.025506
v -0.416443 -0.714998 -0.025230
v -0.416475 -0.715161 -0.024979
v -0.416515 -0.715364 -0.024760
v -0.416562 -0.715601 -0.024580
v -0.416614 -0.715865 -0.024445
v -0.414256 -0.703944 -0.026915
v -0.414314 -0.704237 -0.026880
v -0.414372 -0.704532 -0.026898
v -0.414429 -0.704820 -0.026967
v -0.414482 -0.705091 -0.027087
v -0.414531 -0.705337 -0.027253
v -0.414574 -0.705552 -0.027459
v -0.414608 -0.705728 -0.027701
v -0.414635 -0.705860 -0.027970
v -0.414651 -0.705945 -0.028259
v -0.414658 -0.705979 -0.028558
v -0.414655 -0.705961 -0.028858
v -0.414641 -0.705893 -0.029151
v -0.414618 -0.705775 -0.029428
v -0.414586 -0.705613 -0.029679
v -0.414546 -0.705410 -0.029898
v -0.414499 -0.705173 -0.030077
v -0.414446 -0.704909 -0.030212
v -0.414390 -0.704626 -0.030298
v -0.414332 -0.704332 -0.030333
v -0.414274 -0.704038 -0.030315
v -0.414217 -0.703750 -0.030245
v -0.414164 -0.703479 -0.030126
v -0.414115 -0.703233 -0.029960
v -0.414072 -0.703018 -0.029753
v -0.414037 -0.702842 -0.029512
v -0.414011 -0.702710 -0.029242
v -0.413995 -0.702625 -0.028954
v -0.413988 -0.702591 -0.028655
v -0.413991 -0.702609 -0.028354
v -0.414005 -0.702677 -0.028061
v -0.414028 -0.702794 -0.027785
v -0.414060 -0.702957 -0.027534
v -0.414100 -0.703160 -0.027315
v -0.414147 -0.703397 -0.027135
v -0.414200 -0.703661 -0.027001
v -0.411841 -0.691740 -0.029470
v -0.411899 -0.692034 -0.029435
v -0.411957 -0.692328 -0.029453
v -0.412014 -0.692616 -0.029523
v -0.412068 -0.692887 -0.029642
v -0.412117 -0.693133 -0.029808
v -0.412159 -0.693348 -0.030015
v -0.412194 -0.693524 -0.030256
v -0.412220 -0.693656 -0.030526
v -0.412237 -0.693741 -0.030814
v -0.412244 -0.693775 -0.031113
v -0.412240 -0.693757 -0.031414
v -0.412227 -0.693689 -0.031707
v -0.412203 -0.693572 -0.031983
v -0.412171 -0.693409 -0.032234
v -0.412131 -0.693206 -0.032453
v -0.412084 -0.692969 -0.032633
v -0.412032 -0.692705 -0.032767
v -0.411976 -0.692422 -0.032853
v -0.411918 -0.692129 -0.032888
v -0.411860 -0.691834 -0.032870
v -0.411803 -0.691547 -0.032800
v -0.411749 -0.691275 -0.032681
v -0.411700 -0.691029 -0.032515
v -0.411658 -0.690814 -0.032308
v -0.411623 -0.690638 -0.032067
v -0.411597 -0.690506 -0.031798
v -0.411580 -0.690421 -0.031509
v -0.411573 -0.690387 -0.031210
v -0.411577 -0.690405 -0.030909
v -0.411590 -0.690473 -0.030617
v -0.411614 -0.690591 -0.030340
v -0.411646 -0.690753 -0.030089
v -0.411686 -0.690956 -0.029870
v -0.411733 -0.691193 -0.029691
v -0.411785 -0.691457 -0.029556
v -0.409427 -0.679537 -0.032025
v -0.409485 -0.679830 -0.031990
v -0.409543 -0.680125 -0.032008
v -0.409600 -0.680412 -0.032078
v -0.409653 -0.680683 -0.032197
v -0.409702 -0.680930 -0.032363
v -0.409745 -0.681144 -0.032570
v -0.409779 -0.681320 -0.032811
v -0.409806 -0.681453 -0.033081
v -0.409822 -0.681537 -0.033369
v -0.409829 -0.681571 -0.033668
v -0.409826 -0.681554 -0.033969
v -0.409812 -0.681485 -0.034262
v -0.409789 -0.681368 -0.034538
v -0.409757 -0.681205 -0.034789
v -0.409717 -0.681002 -0.035008
v -0.409670 -0.680765 -0.035188
v -0.409617 -0.680501 -0.035323
v -0.409561 -0.680218 -0.035409
v -0.409503 -0.679925 -0.035443
v -0.409445 -0.679630 -0.035425
v -0.409388 -0.679343 -0.035356
v -0.409335 -0.679072 -0.035236
v -0.409286 -0.678825 -0.035070
v -0.409243 -0.678610 -0.034864
v -0.409208 -0.678434 -0.034622
v -0.409182 -0.678302 -0.034353
v -0.409166 -0.678218 -0.034064
v -0.409159 -0.678184 -0.033765
v -0.409162 -0.678201 -0.033465
v -0.409176 -0.678270 -0.033172
v -0.409199 -0.678387 -0.032895
v -0.409231 -0.678549 -0.032644
v -0.409271 -0.678752 -0.032425
v -0.409318 -0.678989 -0.032246
v -0.409371 -0.679253 -0.032111
v -0.407012 -0.667333 -0.034580
v -0.407070 -0.667626 -0.034545
v -0.407128 -0.667921 -0.034563
v -0.407185 -0.668208 -0.034633
v -0.407239 -0.668479 -0.034752
v -0.407288 -0.668726 -0.034918
v -0.407330 -0.668941 -0.035125
v -0.407365 -0.669117 -0.035367
v -0.407391 -0.669249 -0.035636
v -0.407408 -0.669333 -0.035924
v -0.407415 -0.669367 -0.036223
v -0.407411 -0.669350 -0.036524
v -0.407398 -0.669281 -0.036817
v -0.407374 -0.669164 -0.037093
v -0.407342 -0.669002 -0.037345
v -0.407302 -0.668799 -0.037563
v -0.407255 -0.668562 -0.037743
v -0.407203 -0.668298 -0.037878
v -0.407147 -0.668015 -0.037964
v -0.407089 -0.667721 -0.037998
v -0.407031 -0.667426 -0.037981
v -0.406974 -0.667139 -0.037911
v -0.406920 -0.666868 -0.037791
v -0.406871 -0.666621 -0.037626
v -0.406829 -0.666407 -0.037419
v -0.406794 -0.666231 -0.037177
v -0.406768 -0.666098 -0.036908
v -0.406751 -0.666014 -0.036619
v -0.406744 -0.665980 -0.036320
v -0.406748 -0.665997 -0.036020
v -0.406761 -0.666066 -0.035727
v -0.406785 -0.666183 -0.035451
v -0.406817 -0.666346 -0.035199
v -0.406857 -0.666549 -0.034980
v -0.406904 -0.666786 -0.034801
v -0.406956 -0.667050 -0.034666
v -0.404598 -0.655129 -0.037135
v -0.404656 -0.655422 -0.037100
v -0.404714 -0.655717 -0.037118
v -0.404771 -0.656005 -0.037188
v -0.404824 -0.656276 -0.037308
v -0.404873 -0.656522 -0.037473
v -0.404916 -0.656737 -0.037680
v -0.404950 -0.656913 -0.037922
v -0.404977 -0.657045 -0.038191
v -0.404993 -0.657130 -0.038479
v -0.405000 -0.657164 -0.038779
v -0.404997 -0.657146 -0.039079
v -0.404983 -0.657078 -0.039372
v -0.404960 -0.656960 -0.039648
v -0.404928 -0.656798 -0.039900
v -0.404888 -0.656595 -0.040118
v -0.404841 -0.656358 -0.040298
v -0.404788 -0.656094 -0.040433
v -0.404732 -0.655811 -0.040519
v -0.404674 -0.655517 -0.040554
v -0.404616 -0.655223 -0.040536
v -0.404559 -0.654935 -0.040466
v -0.404506 -0.654664 -0.040346
v -0.404457 -0.654418 -0.040181
v -0.404414 -0.654203 -0.039974
v -0.404379 -0.654027 -0.039732
v -0.404353 -0.653895 -0.039463
v -0.404337 -0.653810 -0.039174
v -0.404330 -0.653776 -0.038875
v -0.404333 -0.653794 -0.038575
v -0.404347 -0.653862 -0.038282
v -0.404370 -0.653979 -0.038006
v -0.404402 -0.654142 -0.037754
v -0.404442 -0.654345 -0.037536
v -0.404489 -0.654582 -0.037356
v -0.404542 -0.654846 -0.037221
v -0.402183 -0.642925 -0.039690
v -0.402241 -0.643219 -0.039656
v -0.402299 -0.643513 -0.039673
v -0.402356 -0.643801 -0.039743
v -0.402410 -0.644072 -0.039863
v -0.402459 -0.644318 -0.040028
v -0.402501 -0.644533 -0.040235
v -0.402536 -0.644709 -0.040477
v -0.402562 -0.644841 -0.040746
v -0.402579 -0.644926 -0.041035
v -0.402586 -0.644960 -0.041334
v -0.402582 -0.644942 -0.041634
v -0.402569 -0.644874 -0.041927
v -0.402545 -0.644757 -0.042203
v -0.402513 -0.644594 -0.042455
v -0.402473 -0.644391 -0.042674
v -0.402426 -0.644154 -0.042853
v -0.402374 -0.643890 -0.042988
v -0.402318 -0.643607 -0.043074
v -0.402260 -0.643314 -0.043109
v -0.402202 -0.643019 -0.043091
v -0.402145 -0.642732 -0.043021
v -0.402091 -0.642460 -0.042902
v -0.402042 -0.642214 -0.042736
v -0.402000 -0.641999 -0.042529
v -0.401965 -0.641823 -0.042287
v -0.401939 -0.641691 -0.042018
v -0.401922 -0.641606 -0.041730
v -0.401915 -0.641572 -0.041431
v -0.401919 -0.641590 -0.041130
v -0.401932 -0.641658 -0.040837
v -0.401956 -0.641776 -0.040561
v -0.401988 -0.641938 -0.040309
v -0.402028 -0.642141 -0.040091
v -0.402075 -0.642378 -0.039911
v -0.402127 -0.642642 -0.039776
v -0.399768 -0.630722 -0.042245
v -0.399827 -0.631015 -0.042211
v -0.399885 -0.631310 -0.042229
v -0.399942 -0.631597 -0.042298
v -0.399995 -0.631868 -0.042418
v -0.400044 -0.632115 -0.042584
v -0.400087 -0.632329 -0.042790
v -0.400121 -0.632505 -0.043032
v -0.400148 -0.632638 -0.043301
v -0.400164 -0.632722 -0.043590
v -0.400171 -0.632756 -0.043889
v -0.400168 -0.632739 -0.044189
v -0.400154 -0.632670 -0.044482
v -0.400131 -0.632553 -0.044759
v -0.400099 -0.632390 -0.045010
v -0.400059 -0.632188 -0.045229
v -0.400012 -0.631950 -0.045408
v -0.399959 -0.631686 -0.045543
v -0.399903 -0.631403 -0.045629
v -0.399845 -0.631110 -0.045664
v -0.399787 -0.630815 -0.045646
v -0.399730 -0.630528 -0.045576
v -0.399677 -0.630257 -0.045457
v -0.399628 -0.630010 -0.045291
v -0.399585 -0.629796 -0.045084
v -0.399550 -0.629619 -0.044842
v -0.399524 -0.629487 -0.044573
v -0.399508 -0.629403 -0.044285
v -0.399501 -0.629369 -0.043986
v -0.399504 -0.629386 -0.043685
v -0.399518 -0.629455 -0.043392
v -0.399541 -0.629572 -0.043116
v -0.399573 -0.629734 -0.042865
v -0.399613 -0.629937 -0.042646
v -0.399660 -0.630174 -0.042466
v -0.399712 -0.630439 -0.042331
v -0.397354 -0.618518 -0.044801
v -0.397412 -0.618811 -0.044766
v -0.397470 -0.619106 -0.044784
v -0.397527 -0.619393 -0.044853
v -0.397581 -0.619664 -0.044973
v -0.397630 -0.619911 -0.045139
v -0.397672 -0.620126 -0.045346
v -0.397707 -0.620302 -0.045587
v -0.397733 -0.620434 -0.045856
v -0.397750 -0.620518 -0.046145
v -0.397757 -0.620552 -0.046444
v -0.397753 -0.620535 -0.046745
v -0.397740 -0.620466 -0.047037
v -0.397716 -0.620349 -0.047314
v -0.397684 -0.620187 -0.047565
v -0.397644 -0.619984 -0.047784
v -0.397597 -0.619747 -0.047963
v -0.397545 -0.619483 -0.048098
v -0.397489 -0.619200 -0.048184
v -0.397431 -0.618906 -0.048219
v -0.397372 -0.618611 -0.048201
v -0.397316 -0.618324 -0.048131
v -0.397262 -0.618053 -0.048012
v -0.397213 -0.617806 -0.047846
v -0.397171 -0.617592 -0.047639
v -0.397136 -0.617416 -0.047398
v -0.397110 -0.617283 -0.047128
v -0.397093 -0.617199 -0.046840
v -0.397086 -0.617165 -0.046541
v -0.397090 -0.617182 -0.046240
v -0.397103 -0.617251 -0.045947
v -0.397127 -0.617368 -0.045671
v -0.397159 -0.617531 -0.045420
v -0.397199 -0.617734 -0.045201
v -0.397246 -0.617971 -0.045021
v -0.397298 -0.618235 -0.044887
v -0.394939 -0.606314 -0.047356
v -0.394998 -0.606607 -0.047321
v -0.395056 -0.606902 -0.047339
v -0.395113 -0.607190 -0.047409
v -0.395166 -0.607461 -0.047528
v -0.395215 -0.607707 -0.047694
v -0.395258 -0.607922 -0.047901
v -0.395292 -0.608098 -0.048142
v -0.395319 -0.608230 -0.048412
v -0.395335 -0.608315 -0.048700
v -0.395342 -0.608349 -0.048999
v -0.395339 -0.608331 -0.049300
v -0.395325 -0.608263 -0.049593
v -0.395302 -0.608145 -0.049869
v -0.395270 -0.607983 -0.050120
v -0.395230 -0.607780 -0.050339
v -0.395183 -0.607543 -0.050519
v -0.395130 -0.607279 -0.050653
v -0.395074 -0.606996 -0.050739
v -0.395016 -0.606702 -0.050774
v -0.394958 -0.606408 -0.050756
v -0.394901 -0.606120 -0.050687
v -0.394847 -0.605849 -0.050567
v -0.394799 -0.605603 -0.050401
v -0.394756 -0.605388 -0.050194
v -0.394721 -0.605212 -0.049953
v -0.394695 -0.605080 -0.049684
v -0.394679 -0.604995 -0.049395
v -0.394672 -0.604961 -0.049096
v -0.394675 -0.604979 -0.048795
v -0.394689 -0.605047 -0.048503
v -0.394712 -0.605164 -0.048226
v -0.394744 -0.605327 -0.047975
v -0.394784 -0.605530 -0.047756
v -0.394831 -0.605767 -0.047577
v -0.394883 -0.606031 -0.047442
v -0.392525 -0.594110 -0.049911
v -0.392583 -0.594404 -0.049876
v -0.392641 -0.594699 -0.049894
v -0.392698 -0.594986 -0.049964
v -0.392752 -0.595257 -0.050083
v -0.392801 -0.595503 -0.050249
v -0.392843 -0.595718 -0.050456
v -0.392878 -0.595894 -0.050698
v -0.392904 -0.596026 -0.050967
v -0.392921 -0.596111 -0.051255
v -0.392927 -0.596145 -0.051554
v -0.392924 -0.596127 -0.051855
v -0.392910 -0.596059 -0.052148
v -0.392887 -0.595942 -0.052424
v -0.392855 -0.595779 -0.052675
v -0.392815 -0.595576 -0.052894
v -0.392768 -0.595339 -0.053074
v -0.392716 -0.595075 -0.053209
v -0.392660 -0.594792 -0.053295
v -0.392602 -0.594499 -0.053329
v -0.392543 -0.594204 -0.053311
v -0.392487 -0.593917 -0.053242
v -0.392433 -0.593645 -0.053122
v -0.392384 -0.593399 -0.052956
v -0.392342 -0.593184 -0.052750
v -0.392307 -0.593008 -0.052508
v -0.392281 -0.592876 -0.052239
v -0.392264 -0.592791 -0.051950
v -0.392257 -0.592758 -0.051651
v -0.392261 -0.592775 -0.051351
v -0.392274 -0.592843 -0.051058
v -0.392297 -0.592961 -0.050781
v -0.392330 -0.593123 -0.050530
v -0.392370 -0.593326 -0.050311
v -0.392417 -0.593563 -0.050132
v -0.392469 -0.593827 -0.049997
v -0.391307 -0.563091 -0.089980
v -0.392200 -0.567604 -0.088663
v -0.393044 -0.571867 -0.086661
v -0.393818 -0.575781 -0.084021
v -0.394506 -0.579256 -0.080804
v -0.395090 -0.582211 -0.077086
v -0.388859 -0.550715 -0.028556
v -0.387842 -0.545578 -0.030118
v -0.386894 -0.540784 -0.032566
v -0.386042 -0.536480 -0.035825
v -0.385314 -0.532797 -0.039796
v -0.384730 -0.529846 -0.044359
v -0.384309 -0.527718 -0.049375
v -0.384063 -0.526476 -0.054692
v -0.384000 -0.526158 -0.060147
v -0.384122 -0.526775 -0.065576
v -0.384425 -0.528308 -0.070813
v -0.384900 -0.530709 -0.075700
v -0.385533 -0.533906 -0.080087
v -0.386304 -0.537802 -0.083842
v -0.387189 -0.542278 -0.086850
v -0.388163 -0.547198 -0.089020
v -0.389195 -0.552414 -0.090285
v -0.390254 -0.557766 -0.090609
v -0.393322 -0.573272 -0.032724
v -0.392500 -0.569120 -0.030494
v -0.391622 -0.564682 -0.028934
v -0.390708 -0.560064 -0.028081
v -0.389780 -0.555372 -0.027954
v -0.396994 -0.591832 -0.036154
v -0.396236 -0.588001 -0.036649
v -0.395472 -0.584140 -0.036545
v -0.394720 -0.580340 -0.035842
v -0.393998 -0.576689 -0.034559
v -0.447427 -0.846738 0.017217
v -0.448636 -0.852848 -0.013106
v -0.449138 -0.855384 -0.012335
v -0.449606 -0.857751 -0.011127
v -0.450026 -0.859875 -0.009518
v -0.450386 -0.861694 -0.007557
v -0.450674 -0.863150 -0.005305
v -0.450882 -0.864201 -0.002829
v -0.451003 -0.864814 -0.000204
v -0.451034 -0.864971 0.002489
v -0.450974 -0.864666 0.005170
v -0.450824 -0.863910 0.007755
v -0.450590 -0.862725 0.010167
v -0.450278 -0.861146 0.012333
v -0.449897 -0.859223 0.014187
v -0.449460 -0.857013 0.015672
v -0.448979 -0.854584 0.016743
v -0.448470 -0.852009 0.017368
v -0.447947 -0.849367 0.017527
v -0.398203 -0.597942 -0.066477
v -0.395571 -0.584642 -0.074027
v -0.396137 -0.587501 -0.071380
v -0.396774 -0.590722 -0.069208
v -0.397468 -0.594229 -0.067561
v -0.391079 -0.561936 -0.084247
v -0.390928 -0.561172 -0.084337
v -0.390776 -0.560404 -0.084291
v -0.390628 -0.559655 -0.084109
v -0.390488 -0.558949 -0.083797
v -0.390361 -0.558306 -0.083366
v -0.390250 -0.557747 -0.082827
v -0.390159 -0.557288 -0.082197
v -0.390091 -0.556944 -0.081496
v -0.390048 -0.556724 -0.080744
v -0.390030 -0.556635 -0.079965
v -0.390039 -0.556681 -0.079182
v -0.390074 -0.556859 -0.078419
v -0.390135 -0.557165 -0.077699
v -0.390219 -0.557588 -0.077044
v -0.390323 -0.558117 -0.076474
v -0.390445 -0.558734 -0.076006
v -0.390582 -0.559422 -0.075655
v -0.390727 -0.560160 -0.075431
v -0.390879 -0.560924 -0.075341
v -0.391031 -0.561692 -0.075387
v -0.391179 -0.562441 -0.075569
v -0.391318 -0.563147 -0.075880
v -0.391446 -0.563790 -0.076312
v -0.391556 -0.564349 -0.076851
v -0.391647 -0.564808 -0.077480
v -0.391715 -0.565152 -0.078182
v -0.391759 -0.565372 -0.078933
v -0.391776 -0.565461 -0.079713
v -0.391767 -0.565415 -0.080496
v -0.391732 -0.565237 -0.081259
v -0.391671 -0.564931 -0.081979
v -0.391588 -0.564508 -0.082634
v -0.391483 -0.563979 -0.083204
v -0.391361 -0.563362 -0.083671
v -0.391225 -0.562674 -0.084023
v -0.394251 -0.577971 -0.059451
v -0.394100 -0.577206 -0.059541
v -0.393948 -0.576438 -0.059495
v -0.393800 -0.575690 -0.059313
v -0.393660 -0.574984 -0.059002
v -0.393533 -0.574341 -0.058570
v -0.393423 -0.573782 -0.058031
v -0.393332 -0.573323 -0.057402
v -0.393264 -0.572978 -0.056700
v -0.393220 -0.572759 -0.055948
v -0.393203 -0.572670 -0.055169
v -0.393212 -0.572716 -0.054386
v -0.393247 -0.572894 -0.053623
v -0.393307 -0.573199 -0.052903
v -0.393391 -0.573623 -0.052248
v -0.393496 -0.574151 -0.051678
v -0.393618 -0.574769 -0.051211
v -0.393754 -0.575457 -0.050859
v -0.393900 -0.576195 -0.050635
v -0.394051 -0.576959 -0.050545
v -0.394203 -0.577727 -0.050591
v -0.394351 -0.578476 -0.050773
v -0.394491 -0.579182 -0.051084
v -0.394618 -0.579824 -0.051516
v -0.394729 -0.580383 -0.052055
v -0.394819 -0.580842 -0.052685
v -0.394888 -0.581187 -0.053386
v -0.394931 -0.581407 -0.054138
v -0.394949 -0.581495 -0.054917
v -0.394940 -0.581450 -0.055700
v -0.394904 -0.581272 -0.056463
v -0.394844 -0.580966 -0.057183
v -0.394760 -0.580543 -0.057838
v -0.394656 -0.580014 -0.058408
v -0.394533 -0.579396 -0.058876
v -0.394397 -0.578708 -0.059227
v -0.389439 -0.553647 -0.043106
v -0.389288 -0.552882 -0.043196
v -0.389136 -0.552114 -0.043149
v -0.388987 -0.551366 -0.042968
v -0.388848 -0.550659 -0.042656
v -0.388721 -0.550017 -0.042225
v -0.388610 -0.549458 -0.041686
v -0.388519 -0.548999 -0.041056
v -0.388451 -0.548654 -0.040355
v -0.388408 -0.548434 -0.039603
v -0.388390 -0.548346 -0.038824
v -0.388399 -0.548391 -0.038041
v -0.388434 -0.548570 -0.037278
v -0.388495 -0.548875 -0.036558
v -0.388579 -0.549299 -0.035903
v -0.388683 -0.549827 -0.035333
v -0.388805 -0.550445 -0.034865
v -0.388941 -0.551133 -0.034514
v -0.389087 -0.551870 -0.034290
v -0.389239 -0.552635 -0.034199
v -0.389391 -0.553403 -0.034246
v -0.389539 -0.554152 -0.034427
v -0.389678 -0.554858 -0.034739
v -0.389805 -0.555500 -0.035171
v -0.389916 -0.556059 -0.035710
v -0.390007 -0.556518 -0.036339
v -0.390075 -0.556863 -0.037041
v -0.390119 -0.557083 -0.037792
v -0.390136 -0.557171 -0.038571
v -0.390127 -0.557126 -0.039354
v -0.390092 -0.556948 -0.040118
v -0.390031 -0.556642 -0.040837
v -0.389948 -0.556218 -0.041492
v -0.389843 -0.555690 -0.042062
v -0.389721 -0.555072 -0.042530
v -0.389585 -0.554384 -0.042881
v -0.386266 -0.537612 -0.067901
v -0.386115 -0.536848 -0.067991
v -0.385963 -0.536080 -0.067945
v -0.385815 -0.535331 -0.067763
v -0.385675 -0.534625 -0.067452
v -0.385548 -0.533982 -0.067020
v -0.385438 -0.533423 -0.066481
v -0.385347 -0.532964 -0.065852
v -0.385279 -0.532620 -0.065150
v -0.385235 -0.532400 -0.064399
v -0.385218 -0.532311 -0.063619
v -0.385227 -0.532357 -0.062836
v -0.385262 -0.532535 -0.062073
v -0.385322 -0.532840 -0.061353
v -0.385406 -0.533264 -0.060698
v -0.385511 -0.533793 -0.060128
v -0.385633 -0.534410 -0.059661
v -0.385769 -0.535098 -0.059309
v -0.385915 -0.535836 -0.059085
v -0.386066 -0.536600 -0.058995
v -0.386218 -0.537368 -0.059041
v -0.386366 -0.538117 -0.059223
v -0.386506 -0.538823 -0.059535
v -0.386633 -0.539465 -0.059966
v -0.386744 -0.540025 -0.060505
v -0.386834 -0.540484 -0.061135
v -0.386903 -0.540828 -0.061836
v -0.386946 -0.541048 -0.062588
v -0.386964 -0.541137 -0.063367
v -0.386955 -0.541091 -0.064150
v -0.386919 -0.540913 -0.064913
v -0.386859 -0.540607 -0.065633
v -0.386775 -0.540184 -0.066288
v -0.386671 -0.539655 -0.066858
v -0.386548 -0.539037 -0.067326
v -0.386412 -0.538349 -0.067677
v -0.445684 -0.837930 -0.002192
v -0.445626 -0.837637 -0.002226
v -0.445568 -0.837342 -0.002208
v -0.445511 -0.837055 -0.002139
v -0.445457 -0.836784 -0.002019
v -0.445409 -0.836537 -0.001853
v -0.445366 -0.836322 -0.001647
v -0.445331 -0.836146 -0.001405
v -0.445305 -0.836014 -0.001136
v -0.445288 -0.835930 -0.000847
v -0.445282 -0.835896 -0.000548
v -0.445285 -0.835913 -0.000248
v -0.445299 -0.835982 0.000045
v -0.445322 -0.836099 0.000322
v -0.445354 -0.836261 0.000573
v -0.445394 -0.836464 0.000792
v -0.445441 -0.836701 0.000971
v -0.445493 -0.836965 0.001106
v -0.445549 -0.837249 0.001192
v -0.445607 -0.837542 0.001227
v -0.445666 -0.837837 0.001209
v -0.445723 -0.838124 0.001139
v -0.445776 -0.838395 0.001020
v -0.445825 -0.838642 0.000854
v -0.445868 -0.838856 0.000647
v -0.445902 -0.839032 0.000405
v -0.445929 -0.839165 0.000136
v -0.445945 -0.839249 -0.000152
v -0.445952 -0.839283 -0.000451
v -0.445948 -0.839266 -0.000752
v -0.445935 -0.839197 -0.001045
v -0.445912 -0.839080 -0.001321
v -0.445880 -0.838917 -0.001572
v -0.445839 -0.838714 -0.001791
v -0.445793 -0.838477 -0.001971
v -0.445740 -0.838213 -0.002106
v -0.448099 -0.850134 0.000364
v -0.448041 -0.849841 0.000329
v -0.447982 -0.849546 0.000347
v -0.447926 -0.849259 0.000416
v -0.447872 -0.848987 0.000536
v -0.447823 -0.848741 0.000702
v -0.447781 -0.848526 0.000909
v -0.447746 -0.848350 0.001150
v -0.447720 -0.848218 0.001419
v -0.447703 -0.848133 0.001708
v -0.447696 -0.848099 0.002007
v -0.447700 -0.848117 0.002308
v -0.447713 -0.848185 0.002600
v -0.447736 -0.848303 0.002877
v -0.447769 -0.848465 0.003128
v -0.447809 -0.848668 0.003347
v -0.447856 -0.848905 0.003526
v -0.447908 -0.849169 0.003661
v -0.447964 -0.849452 0.003747
v -0.448022 -0.849746 0.003782
v -0.448080 -0.850040 0.003764
v -0.448137 -0.850328 0.003694
v -0.448191 -0.850599 0.003575
v -0.448240 -0.850845 0.003409
v -0.448282 -0.851060 0.003202
v -0.448317 -0.851236 0.002961
v -0.448343 -0.851368 0.002691
v -0.448360 -0.851453 0.002403
v -0.448366 -0.851487 0.002104
v -0.448363 -0.851469 0.001803
v -0.448349 -0.851401 0.001510
v -0.448326 -0.851284 0.001234
v -0.448294 -0.851121 0.000983
v -0.448254 -0.850918 0.000764
v -0.448207 -0.850681 0.000584
v -0.448155 -0.850417 0.000450
v -0.443270 -0.825727 -0.004747
v -0.443212 -0.825433 -0.004781
v -0.443153 -0.825138 -0.004764
v -0.443097 -0.824851 -0.004694
v -0.443043 -0.824580 -0.004574
v -0.442994 -0.824333 -0.004409
v -0.442952 -0.824119 -0.004202
v -0.442917 -0.823943 -0.003960
v -0.442891 -0.823810 -0.003691
v -0.442874 -0.823726 -0.003402
v -0.442867 -0.823692 -0.003103
v -0.442871 -0.823709 -0.002803
v -0.442884 -0.823778 -0.002510
v -0.442907 -0.823895 -0.002234
v -0.442940 -0.824058 -0.001982
v -0.442980 -0.824261 -0.001763
v -0.443027 -0.824498 -0.001584
v -0.443079 -0.824762 -0.001449
v -0.443135 -0.825045 -0.001363
v -0.443193 -0.825338 -0.001328
v -0.443251 -0.825633 -0.001346
v -0.443308 -0.825920 -0.001416
v -0.443362 -0.826191 -0.001535
v -0.443411 -0.826438 -0.001701
v -0.443453 -0.826653 -0.001908
v -0.443488 -0.826829 -0.002150
v -0.443514 -0.826961 -0.002419
v -0.443531 -0.827045 -0.002707
v -0.443537 -0.827079 -0.003006
v -0.443534 -0.827062 -0.003307
v -0.443520 -0.826993 -0.003600
v -0.443497 -0.826876 -0.003876
v -0.443465 -0.826714 -0.004128
v -0.443425 -0.826511 -0.004346
v -0.443378 -0.826274 -0.004526
v -0.443326 -0.826010 -0.004661
v -0.440855 -0.813523 -0.007302
v -0.440797 -0.813229 -0.007337
v -0.440739 -0.812935 -0.007319
v -0.440682 -0.812647 -0.007249
v -0.440628 -0.812376 -0.007129
v -0.440580 -0.812130 -0.006964
v -0.440537 -0.811915 -0.006757
v -0.440502 -0.811739 -0.006515
v -0.440476 -0.811607 -0.006246
v -0.440459 -0.811522 -0.005958
v -0.440453 -0.811488 -0.005658
v -0.440456 -0.811506 -0.005358
v -0.440470 -0.811574 -0.005065
v -0.440493 -0.811691 -0.004789
v -0.440525 -0.811854 -0.004537
v -0.440565 -0.812057 -0.004319
v -0.440612 -0.812294 -0.004139
v -0.440664 -0.812558 -0.004004
v -0.440720 -0.812841 -0.003918
v -0.440778 -0.813134 -0.003884
v -0.440837 -0.813429 -0.003901
v -0.440894 -0.813717 -0.003971
v -0.440947 -0.813988 -0.004091
v -0.440996 -0.814234 -0.004256
v -0.441038 -0.814449 -0.004463
v -0.441073 -0.814625 -0.004705
v -0.441099 -0.814757 -0.004974
v -0.441116 -0.814842 -0.005263
v -0.441123 -0.814876 -0.005562
v -0.441119 -0.814858 -0.005862
v -0.441106 -0.814790 -0.006155
v -0.441083 -0.814672 -0.006431
v -0.441051 -0.814510 -0.006683
v -0.441010 -0.814307 -0.006901
v -0.440964 -0.814070 -0.007081
v -0.440911 -0.813806 -0.007216
v -0.438441 -0.801319 -0.009857
v -0.438383 -0.801026 -0.009892
v -0.438324 -0.800731 -0.009874
v -0.438268 -0.800444 -0.009804
v -0.438214 -0.800172 -0.009685
v -0.438165 -0.799926 -0.009519
v -0.438123 -0.799711 -0.009312
v -0.438088 -0.799535 -0.009070
v -0.438062 -0.799403 -0.008801
v -0.438045 -0.799318 -0.008513
v -0.438038 -0.799284 -0.008214
v -0.438042 -0.799302 -0.007913
v -0.438055 -0.799370 -0.007620
v -0.438078 -0.799488 -0.007344
v -0.438111 -0.799650 -0.007092
v -0.438151 -0.799853 -0.006874
v -0.438198 -0.800090 -0.006694
v -0.438250 -0.800354 -0.006559
v -0.438306 -0.800637 -0.006473
v -0.438364 -0.800931 -0.006439
v -0.438422 -0.801225 -0.006456
v -0.438479 -0.801513 -0.006526
v -0.438533 -0.801784 -0.006646
v -0.438582 -0.802030 -0.006811
v -0.438624 -0.802245 -0.007018
v -0.438659 -0.802421 -0.007260
v -0.438685 -0.802553 -0.007529
v -0.438702 -0.802638 -0.007818
v -0.438708 -0.802672 -0.008117
v -0.438705 -0.802654 -0.008417
v -0.438691 -0.802586 -0.008710
v -0.438668 -0.802469 -0.008987
v -0.438636 -0.802306 -0.009238
v -0.438596 -0.802103 -0.009457
v -0.438549 -0.801866 -0.009636
v -0.438497 -0.801602 -0.009771
v -0.436026 -0.789115 -0.012412
v -0.435968 -0.788822 -0.012447
v -0.435910 -0.788527 -0.012429
v -0.435853 -0.788240 -0.012359
v -0.435799 -0.787969 -0.012240
v -0.435751 -0.787722 -0.012074
v -0.435708 -0.787508 -0.011867
v -0.435673 -0.787331 -0.011626
v -0.435647 -0.787199 -0.011356
v -0.435630 -0.787115 -0.011068
v -0.435624 -0.787081 -0.010769
v -0.435627 -0.787098 -0.010468
v -0.435641 -0.787167 -0.010175
v -0.435664 -0.787284 -0.009899
v -0.435696 -0.787446 -0.009648
v -0.435736 -0.787649 -0.009429
v -0.435783 -0.787886 -0.009249
v -0.435835 -0.788151 -0.009115
v -0.435891 -0.788434 -0.009028
v -0.435949 -0.788727 -0.008994
v -0.436008 -0.789022 -0.009012
v -0.436065 -0.789309 -0.009081
v -0.436118 -0.789580 -0.009201
v -0.436167 -0.789827 -0.009367
v -0.436209 -0.790041 -0.009573
v -0.436244 -0.790217 -0.009815
v -0.436270 -0.790350 -0.010084
v -0.436287 -0.790434 -0.010373
v -0.436294 -0.790468 -0.010672
v -0.436290 -0.790451 -0.010972
v -0.436277 -0.790382 -0.011265
v -0.436254 -0.790265 -0.011542
v -0.436222 -0.790102 -0.011793
v -0.436181 -0.789899 -0.012012
v -0.436134 -0.789662 -0.012191
v -0.436082 -0.789398 -0.012326
v -0.433612 -0.776912 -0.014967
v -0.433554 -0.776618 -0.015002
v -0.433495 -0.776323 -0.014984
v -0.433439 -0.776036 -0.014914
v -0.433385 -0.775765 -0.014795
v -0.433336 -0.775518 -0.014629
v -0.433294 -0.775304 -0.014422
v -0.433259 -0.775128 -0.014181
v -0.433233 -0.774995 -0.013911
v -0.433216 -0.774911 -0.013623
v -0.433209 -0.774877 -0.013324
v -0.433213 -0.774894 -0.013023
v -0.433226 -0.774963 -0.012730
v -0.433249 -0.775080 -0.012454
v -0.433282 -0.775243 -0.012203
v -0.433322 -0.775446 -0.011984
v -0.433369 -0.775683 -0.011804
v -0.433421 -0.775947 -0.011670
v -0.433477 -0.776230 -0.011584
v -0.433535 -0.776523 -0.011549
v -0.433593 -0.776818 -0.011567
v -0.433650 -0.777105 -0.011637
v -0.433704 -0.777376 -0.011756
v -0.433752 -0.777623 -0.011922
v -0.433795 -0.777838 -0.012129
v -0.433830 -0.778014 -0.012370
v -0.433856 -0.778146 -0.012639
v -0.433873 -0.778230 -0.012928
v -0.433879 -0.778264 -0.013227
v -0.433876 -0.778247 -0.013528
v -0.433862 -0.778178 -0.013820
v -0.433839 -0.778061 -0.014097
v -0.433807 -0.777899 -0.014348
v -0.433767 -0.777696 -0.014567
v -0.433720 -0.777459 -0.014746
v -0.433668 -0.777195 -0.014881
v -0.431197 -0.764708 -0.017523
v -0.431139 -0.764414 -0.017557
v -0.431081 -0.764120 -0.017539
v -0.431024 -0.763832 -0.017470
v -0.430970 -0.763561 -0.017350
v -0.430922 -0.763315 -0.017184
v -0.430879 -0.763100 -0.016978
v -0.430844 -0.762924 -0.016736
v -0.430818 -0.762792 -0.016467
v -0.430801 -0.762707 -0.016178
v -0.430795 -0.762673 -0.015879
v -0.430798 -0.762691 -0.015579
v -0.430812 -0.762759 -0.015286
v -0.430835 -0.762876 -0.015009
v -0.430867 -0.763039 -0.014758
v -0.430907 -0.763242 -0.014539
v -0.430954 -0.763479 -0.014360
v -0.431006 -0.763743 -0.014225
v -0.431062 -0.764026 -0.014139
v -0.431120 -0.764319 -0.014104
v -0.431179 -0.764614 -0.014122
v -0.431236 -0.764902 -0.014192
v -0.431289 -0.765173 -0.014311
v -0.431338 -0.765419 -0.014477
v -0.431380 -0.765634 -0.014684
v -0.431415 -0.765810 -0.014925
v -0.431441 -0.765942 -0.015195
v -0.431458 -0.766027 -0.015483
v -0.431465 -0.766061 -0.015782
v -0.431461 -0.766043 -0.016083
v -0.431448 -0.765975 -0.016376
v -0.431425 -0.765857 -0.016652
v -0.431393 -0.765695 -0.016903
v -0.431352 -0.765492 -0.017122
v -0.431305 -0.765255 -0.017302
v -0.431253 -0.764991 -0.017436
v -0.428783 -0.752504 -0.020078
v -0.428725 -0.752211 -0.020112
v -0.428666 -0.751916 -0.020094
v -0.428609 -0.751629 -0.020025
v -0.428556 -0.751357 -0.019905
v -0.428507 -0.751111 -0.019740
v -0.428465 -0.750896 -0.019533
v -0.428430 -0.750720 -0.019291
v -0.428404 -0.750588 -0.019022
v -0.428387 -0.750503 -0.018733
v -0.428380 -0.750470 -0.018434
v -0.428384 -0.750487 -0.018134
v -0.428397 -0.750555 -0.017841
v -0.428420 -0.750673 -0.017564
v -0.428453 -0.750835 -0.017313
v -0.428493 -0.751038 -0.017094
v -0.428540 -0.751275 -0.016915
v -0.428592 -0.751539 -0.016780
v -0.428648 -0.751822 -0.016694
v -0.428706 -0.752116 -0.016659
v -0.428764 -0.752411 -0.016677
v -0.428821 -0.752698 -0.016747
v -0.428875 -0.752969 -0.016866
v -0.428923 -0.753215 -0.017032
v -0.428966 -0.753430 -0.017239
v -0.429001 -0.753606 -0.017481
v -0.429027 -0.753738 -0.017750
v -0.429044 -0.753823 -0.018038
v -0.429050 -0.753857 -0.018337
v -0.429047 -0.753839 -0.018638
v -0.429033 -0.753771 -0.018931
v -0.429010 -0.753654 -0.019207
v -0.428978 -0.753491 -0.019458
v -0.428938 -0.753288 -0.019677
v -0.428891 -0.753051 -0.019857
v -0.428839 -0.752787 -0.019992
v -0.426368 -0.740300 -0.022633
v -0.426310 -0.740007 -0.022667
v -0.426252 -0.739712 -0.022650
v -0.426195 -0.739425 -0.022580
v -0.426141 -0.739154 -0.022460
v -0.426093 -0.738907 -0.022295
v -0.426050 -0.738693 -0.022088
v -0.426015 -0.738516 -0.021846
v -0.425989 -0.738384 -0.021577
v -0.425972 -0.738300 -0.021288
v -0.425966 -0.738266 -0.020989
v -0.425969 -0.738283 -0.020689
v -0.425983 -0.738352 -0.020396
v -0.426006 -0.738469 -0.020120
v -0.426038 -0.738631 -0.019868
v -0.426078 -0.738834 -0.019649
v -0.426125 -0.739071 -0.019470
v -0.426177 -0.739336 -0.019335
v -0.426233 -0.739619 -0.019249
v -0.426291 -0.739912 -0.019214
v -0.426350 -0.740207 -0.019232
v -0.426407 -0.740494 -0.019302
v -0.426460 -0.740765 -0.019422
v -0.426509 -0.741012 -0.019587
v -0.426551 -0.741226 -0.019794
v -0.426586 -0.741402 -0.020036
v -0.426612 -0.741535 -0.020305
v -0.426629 -0.741619 -0.020593
v -0.426636 -0.741653 -0.020893
v -0.426632 -0.741636 -0.021193
v -0.426619 -0.741567 -0.021486
v -0.426596 -0.741450 -0.021762
v -0.426563 -0.741287 -0.022014
v -0.426523 -0.741085 -0.022232
v -0.426476 -0.740847 -0.022412
v -0.426424 -0.740583 -0.022547
v -0.423954 -0.728097 -0.025188
v -0.423896 -0.727803 -0.025223
v -0.423837 -0.727508 -0.025205
v -0.423780 -0.727221 -0.025135
v -0.423727 -0.726950 -0.025016
v -0.423678 -0.726703 -0.024850
v -0.423636 -0.726489 -0.024643
v -0.423601 -0.726313 -0.024401
v -0.423575 -0.726180 -0.024132
v -0.423558 -0.726096 -0.023844
v -0.423551 -0.726062 -0.023545
v -0.423555 -0.726079 -0.023244
v -0.423568 -0.726148 -0.022951
v -0.423591 -0.726265 -0.022675
v -0.423624 -0.726428 -0.022423
v -0.423664 -0.726631 -0.022205
v -0.423711 -0.726868 -0.022025
v -0.423763 -0.727132 -0.021890
v -0.423819 -0.727415 -0.021804
v -0.423877 -0.727708 -0.021770
v -0.423935 -0.728003 -0.021787
v -0.423992 -0.728290 -0.021857
v -0.424046 -0.728561 -0.021977
v -0.424094 -0.728808 -0.022142
v -0.424137 -0.729023 -0.022349
v -0.424172 -0.729199 -0.022591
v -0.424198 -0.729331 -0.022860
v -0.424215 -0.729415 -0.023149
v -0.424221 -0.729449 -0.023448
v -0.424218 -0.729432 -0.023748
v -0.424204 -0.729364 -0.024041
v -0.424181 -0.729246 -0.024317
v -0.424149 -0.729084 -0.024569
v -0.424109 -0.728881 -0.024788
v -0.424062 -0.728644 -0.024967
v -0.424010 -0.728380 -0.025102
v -0.421539 -0.715893 -0.027743
v -0.421481 -0.715599 -0.027778
v -0.421423 -0.715305 -0.027760
v -0.421366 -0.715017 -0.027690
v -0.421312 -0.714746 -0.027571
v -0.421264 -0.714500 -0.027405
v -0.421221 -0.714285 -0.027198
v -0.421186 -0.714109 -0.026956
v -0.421160 -0.713977 -0.026687
v -0.421143 -0.713892 -0.026399
v -0.421137 -0.713858 -0.026100
v -0.421140 -0.713876 -0.025799
v -0.421154 -0.713944 -0.025506
v -0.421177 -0.714061 -0.025230
v -0.421209 -0.714224 -0.024979
v -0.421249 -0.714427 -0.024760
v -0.421296 -0.714664 -0.024580
v -0.421348 -0.714928 -0.024445
v -0.421404 -0.715211 -0.024359
v -0.421462 -0.715504 -0.024325
v -0.421521 -0.715799 -0.024343
v -0.421578 -0.716087 -0.024412
v -0.421631 -0.716358 -0.024532
v -0.421680 -0.716604 -0.024698
v -0.421722 -0.716819 -0.024904
v -0.421757 -0.716995 -0.025146
v -0.421783 -0.717127 -0.025415
v -0.421800 -0.717212 -0.025704
v -0.421807 -0.717246 -0.026003
v -0.421803 -0.717228 -0.026303
v -0.421790 -0.717160 -0.026596
v -0.421767 -0.717042 -0.026873
v -0.421734 -0.716880 -0.027124
v -0.421694 -0.716677 -0.027343
v -0.421647 -0.716440 -0.027522
v -0.421595 -0.716176 -0.027657
v -0.419125 -0.703689 -0.030298
v -0.419067 -0.703396 -0.030333
v -0.419008 -0.703101 -0.030315
v -0.418951 -0.702814 -0.030245
v -0.418898 -0.702543 -0.030126
v -0.418849 -0.702296 -0.029960
v -0.418807 -0.702081 -0.029753
v -0.418772 -0.701905 -0.029512
v -0.418746 -0.701773 -0.029242
v -0.418729 -0.701689 -0.028954
v -0.418722 -0.701655 -0.028655
v -0.418726 -0.701672 -0.028354
v -0.418739 -0.701740 -0.028061
v -0.418762 -0.701858 -0.027785
v -0.418794 -0.702020 -0.027534
v -0.418835 -0.702223 -0.027315
v -0.418882 -0.702460 -0.027135
v -0.418934 -0.702724 -0.027001
v -0.418990 -0.703007 -0.026915
v -0.419048 -0.703301 -0.026880
v -0.419106 -0.703596 -0.026898
v -0.419163 -0.703883 -0.026967
v -0.419217 -0.704154 -0.027087
v -0.419265 -0.704401 -0.027253
v -0.419308 -0.704615 -0.027459
v -0.419343 -0.704791 -0.027701
v -0.419369 -0.704924 -0.027970
v -0.419386 -0.705008 -0.028259
v -0.419392 -0.705042 -0.028558
v -0.419389 -0.705024 -0.028858
v -0.419375 -0.704956 -0.029151
v -0.419352 -0.704839 -0.029428
v -0.419320 -0.704676 -0.029679
v -0.419280 -0.704473 -0.029898
v -0.419233 -0.704236 -0.030077
v -0.419181 -0.703972 -0.030212
v -0.416710 -0.691485 -0.032853
v -0.416652 -0.691192 -0.032888
v -0.416594 -0.690897 -0.032870
v -0.416537 -0.690610 -0.032800
v -0.416483 -0.690339 -0.032681
v -0.416435 -0.690092 -0.032515
v -0.416392 -0.689878 -0.032308
v -0.416357 -0.689701 -0.032067
v -0.416331 -0.689569 -0.031798
v -0.416314 -0.689485 -0.031509
v -0.416308 -0.689451 -0.031210
v -0.416311 -0.689468 -0.030909
v -0.416325 -0.689537 -0.030617
v -0.416348 -0.689654 -0.030340
v -0.416380 -0.689816 -0.030089
v -0.416420 -0.690019 -0.029870
v -0.416467 -0.690256 -0.029691
v -0.416519 -0.690521 -0.029556
v -0.416575 -0.690804 -0.029470
v -0.416633 -0.691097 -0.029435
v -0.416692 -0.691392 -0.029453
v -0.416748 -0.691679 -0.029523
v -0.416802 -0.691950 -0.029642
v -0.416851 -0.692197 -0.029808
v -0.416893 -0.692411 -0.030015
v -0.416928 -0.692588 -0.030256
v -0.416954 -0.692720 -0.030526
v -0.416971 -0.692804 -0.030814
v -0.416978 -0.692838 -0.031113
v -0.416974 -0.692821 -0.031414
v -0.416961 -0.692752 -0.031707
v -0.416938 -0.692635 -0.031983
v -0.416905 -0.692472 -0.032234
v -0.416865 -0.692270 -0.032453
v -0.416818 -0.692032 -0.032633
v -0.416766 -0.691768 -0.032767
v -0.414296 -0.679282 -0.035409
v -0.414238 -0.678988 -0.035443
v -0.414179 -0.678693 -0.035425
v -0.414122 -0.678406 -0.035356
v -0.414069 -0.678135 -0.035236
v -0.414020 -0.677888 -0.035070
v -0.413978 -0.677674 -0.034864
v -0.413943 -0.677498 -0.034622
v -0.413917 -0.677365 -0.034353
v -0.413900 -0.677281 -0.034064
v -0.413893 -0.677247 -0.033765
v -0.413897 -0.677265 -0.033465
v -0.413910 -0.677333 -0.033172
v -0.413933 -0.677450 -0.032895
v -0.413965 -0.677613 -0.032644
v -0.414006 -0.677816 -0.032425
v -0.414053 -0.678053 -0.032246
v -0.414105 -0.678317 -0.032111
v -0.414161 -0.678600 -0.032025
v -0.414219 -0.678893 -0.031990
v -0.414277 -0.679188 -0.032008
v -0.414334 -0.679475 -0.032078
v -0.414388 -0.679746 -0.032197
v -0.414436 -0.679993 -0.032363
v -0.414479 -0.680208 -0.032570
v -0.414514 -0.680384 -0.032811
v -0.414540 -0.680516 -0.033081
v -0.414557 -0.680600 -0.033369
v -0.414563 -0.680634 -0.033668
v -0.414560 -0.680617 -0.033969
v -0.414546 -0.680549 -0.034262
v -0.414523 -0.680431 -0.034538
v -0.414491 -0.680269 -0.034789
v -0.414451 -0.680066 -0.035008
v -0.414404 -0.679829 -0.035188
v -0.414352 -0.679565 -0.035323
v -0.411881 -0.667078 -0.037964
v -0.411823 -0.666784 -0.037998
v -0.411765 -0.666490 -0.037981
v -0.411708 -0.666202 -0.037911
v -0.411654 -0.665931 -0.037791
v -0.411605 -0.665685 -0.037626
v -0.411563 -0.665470 -0.037419
v -0.411528 -0.665294 -0.037177
v -0.411502 -0.665162 -0.036908
v -0.411485 -0.665077 -0.036619
v -0.411479 -0.665043 -0.036320
v -0.411482 -0.665061 -0.036020
v -0.411496 -0.665129 -0.035727
v -0.411519 -0.665246 -0.035451
v -0.411551 -0.665409 -0.035199
v -0.411591 -0.665612 -0.034980
v -0.411638 -0.665849 -0.034801
v -0.411690 -0.666113 -0.034666
v -0.411746 -0.666396 -0.034580
v -0.411804 -0.666689 -0.034545
v -0.411863 -0.666984 -0.034563
v -0.411919 -0.667272 -0.034633
v -0.411973 -0.667543 -0.034752
v -0.412022 -0.667789 -0.034918
v -0.412064 -0.668004 -0.035125
v -0.412099 -0.668180 -0.035367
v -0.412125 -0.668312 -0.035636
v -0.412142 -0.668397 -0.035924
v -0.412149 -0.668431 -0.036223
v -0.412145 -0.668413 -0.036524
v -0.412132 -0.668345 -0.036817
v -0.412109 -0.668228 -0.037093
v -0.412076 -0.668065 -0.037345
v -0.412036 -0.667862 -0.037563
v -0.411989 -0.667625 -0.037743
v -0.411937 -0.667361 -0.037878
v -0.409467 -0.654874 -0.040519
v -0.409409 -0.654581 -0.040554
v -0.409350 -0.654286 -0.040536
v -0.409293 -0.653999 -0.040466
v -0.409240 -0.653728 -0.040346
v -0.409191 -0.653481 -0.040181
v -0.409149 -0.653266 -0.039974
v -0.409114 -0.653090 -0.039732
v -0.409088 -0.652958 -0.039463
v -0.409071 -0.652874 -0.039174
v -0.409064 -0.652840 -0.038875
v -0.409068 -0.652857 -0.038575
v -0.409081 -0.652925 -0.038282
v -0.409104 -0.653043 -0.038006
v -0.409136 -0.653205 -0.037754
v -0.409177 -0.653408 -0.037536
v -0.409223 -0.653645 -0.037356
v -0.409276 -0.653909 -0.037221
v -0.409332 -0.654192 -0.037135
v -0.409390 -0.654486 -0.037100
v -0.409448 -0.654781 -0.037118
v -0.409505 -0.655068 -0.037188
v -0.409559 -0.655339 -0.037308
v -0.409607 -0.655586 -0.037473
v -0.409650 -0.655800 -0.037680
v -0.409685 -0.655976 -0.037922
v -0.409711 -0.656109 -0.038191
v -0.409728 -0.656193 -0.038479
v -0.409734 -0.656227 -0.038779
v -0.409731 -0.656209 -0.039079
v -0.409717 -0.656141 -0.039372
v -0.409694 -0.656024 -0.039648
v -0.409662 -0.655861 -0.039900
v -0.409622 -0.655658 -0.040118
v -0.409575 -0.655421 -0.040298
v -0.409523 -0.655157 -0.040433
v -0.407052 -0.642670 -0.043074
v -0.406994 -0.642377 -0.043109
v -0.406936 -0.642082 -0.043091
v -0.406879 -0.641795 -0.043021
v -0.406825 -0.641524 -0.042902
v -0.406776 -0.641277 -0.042736
v -0.406734 -0.641063 -0.042529
v -0.406699 -0.640886 -0.042287
v -0.406673 -0.640754 -0.042018
v -0.406656 -0.640670 -0.041730
v -0.406650 -0.640636 -0.041431
v -0.406653 -0.640653 -0.041130
v -0.406667 -0.640722 -0.040837
v -0.406690 -0.640839 -0.040561
v -0.406722 -0.641002 -0.040309
v -0.406762 -0.641204 -0.040091
v -0.406809 -0.641442 -0.039911
v -0.406861 -0.641706 -0.039776
v -0.406917 -0.641989 -0.039690
v -0.406975 -0.642282 -0.039656
v -0.407034 -0.642577 -0.039673
v -0.407090 -0.642864 -0.039743
v -0.407144 -0.643135 -0.039863
v -0.407193 -0.643382 -0.040028
v -0.407235 -0.643596 -0.040235
v -0.407270 -0.643773 -0.040477
v -0.407296 -0.643905 -0.040746
v -0.407313 -0.643989 -0.041035
v -0.407320 -0.644023 -0.041334
v -0.407316 -0.644006 -0.041634
v -0.407303 -0.643937 -0.041927
v -0.407280 -0.643820 -0.042203
v -0.407247 -0.643657 -0.042455
v -0.407207 -0.643455 -0.042674
v -0.407160 -0.643217 -0.042853
v -0.407108 -0.642953 -0.042988
v -0.404638 -0.630467 -0.045629
v -0.404580 -0.630173 -0.045664
v -0.404521 -0.629878 -0.045646
v -0.404464 -0.629591 -0.045576
v -0.404411 -0.629320 -0.045457
v -0.404362 -0.629073 -0.045291
v -0.404320 -0.628859 -0.045084
v -0.404285 -0.628683 -0.044842
v -0.404258 -0.628550 -0.044573
v -0.404242 -0.628466 -0.044285
v -0.404235 -0.628432 -0.043986
v -0.404239 -0.628450 -0.043685
v -0.404252 -0.628518 -0.043392
v -0.404275 -0.628635 -0.043116
v -0.404307 -0.628798 -0.042865
v -0.404348 -0.629001 -0.042646
v -0.404394 -0.629238 -0.042466
v -0.404447 -0.629502 -0.042331
v -0.404503 -0.629785 -0.042245
v -0.404561 -0.630078 -0.042211
v -0.404619 -0.630373 -0.042229
v -0.404676 -0.630660 -0.042298
v -0.404730 -0.630931 -0.042418
v -0.404778 -0.631178 -0.042584
v -0.404821 -0.631393 -0.042790
v -0.404856 -0.631569 -0.043032
v -0.404882 -0.631701 -0.043301
v -0.404899 -0.631785 -0.043590
v -0.404905 -0.631819 -0.043889
v -0.404902 -0.631802 -0.044189
v -0.404888 -0.631734 -0.044482
v -0.404865 -0.631616 -0.044759
v -0.404833 -0.631454 -0.045010
v -0.404793 -0.631251 -0.045229
v -0.404746 -0.631014 -0.045408
v -0.404694 -0.630750 -0.045543
v -0.402223 -0.618263 -0.048184
v -0.402165 -0.617970 -0.048219
v -0.402107 -0.617675 -0.048201
v -0.402050 -0.617387 -0.048131
v -0.401996 -0.617116 -0.048012
v -0.401947 -0.616870 -0.047846
v -0.401905 -0.616655 -0.047639
v -0.401870 -0.616479 -0.047398
v -0.401844 -0.616347 -0.047128
v -0.401827 -0.616262 -0.046840
v -0.401821 -0.616228 -0.046541
v -0.401824 -0.616246 -0.046240
v -0.401838 -0.616314 -0.045947
v -0.401861 -0.616431 -0.045671
v -0.401893 -0.616594 -0.045420
v -0.401933 -0.616797 -0.045201
v -0.401980 -0.617034 -0.045021
v -0.402032 -0.617298 -0.044887
v -0.402088 -0.617581 -0.044801
v -0.402146 -0.617875 -0.044766
v -0.402205 -0.618169 -0.044784
v -0.402261 -0.618457 -0.044853
v -0.402315 -0.618728 -0.044973
v -0.402364 -0.618974 -0.045139
v -0.402406 -0.619189 -0.045346
v -0.402441 -0.619365 -0.045587
v -0.402467 -0.619497 -0.045856
v -0.402484 -0.619582 -0.046145
v -0.402491 -0.619616 -0.046444
v -0.402487 -0.619598 -0.046745
v -0.402474 -0.619530 -0.047037
v -0.402451 -0.619413 -0.047314
v -0.402418 -0.619250 -0.047565
v -0.402378 -0.619047 -0.047784
v -0.402331 -0.618810 -0.047963
v -0.402279 -0.618546 -0.048098
v -0.399809 -0.606059 -0.050739
v -0.399751 -0.605766 -0.050774
v -0.399692 -0.605471 -0.050756
v -0.399635 -0.605184 -0.050687
v -0.399582 -0.604913 -0.050567
v -0.399533 -0.604666 -0.050401
v -0.399490 -0.604451 -0.050194
v -0.399456 -0.604275 -0.049953
v -0.399429 -0.604143 -0.049684
v -0.399413 -0.604059 -0.049395
v -0.399406 -0.604025 -0.049096
v -0.399409 -0.604042 -0.048795
v -0.399423 -0.604110 -0.048503
v -0.399446 -0.604228 -0.048226
v -0.399478 -0.604390 -0.047975
v -0.399519 -0.604593 -0.047756
v -0.399565 -0.604830 -0.047577
v -0.399618 -0.605094 -0.047442
v -0.399674 -0.605377 -0.047356
v -0.399732 -0.605671 -0.047321
v -0.399790 -0.605966 -0.047339
v -0.399847 -0.606253 -0.047409
v -0.399901 -0.606524 -0.047528
v -0.399949 -0.606771 -0.047694
v -0.399992 -0.606985 -0.047901
v -0.400027 -0.607161 -0.048142
v -0.400053 -0.607294 -0.048412
v -0.400070 -0.607378 -0.048700
v -0.400076 -0.607412 -0.048999
v -0.400073 -0.607394 -0.049300
v -0.400059 -0.607326 -0.049593
v -0.400036 -0.607209 -0.049869
v -0.400004 -0.607046 -0.050120
v -0.399964 -0.606843 -0.050339
v -0.399917 -0.606606 -0.050519
v -0.399865 -0.606342 -0.050653
v -0.397394 -0.593855 -0.053295
v -0.397336 -0.593562 -0.053329
v -0.397278 -0.593267 -0.053311
v -0.397221 -0.592980 -0.053242
v -0.397167 -0.592709 -0.053122
v -0.397118 -0.592462 -0.052956
v -0.397076 -0.592248 -0.052750
v -0.397041 -0.592072 -0.052508
v -0.397015 -0.591939 -0.052239
v -0.396998 -0.591855 -0.051950
v -0.396992 -0.591821 -0.051651
v -0.396995 -0.591838 -0.051351
v -0.397009 -0.591907 -0.051058
v -0.397032 -0.592024 -0.050781
v -0.397064 -0.592187 -0.050530
v -0.397104 -0.592389 -0.050311
v -0.397151 -0.592627 -0.050132
v -0.397203 -0.592891 -0.049997
v -0.397259 -0.593174 -0.049911
v -0.397317 -0.593467 -0.049876
v -0.397376 -0.593762 -0.049894
v -0.397432 -0.594049 -0.049964
v -0.397486 -0.594320 -0.050083
v -0.397535 -0.594567 -0.050249
v -0.397577 -0.594781 -0.050456
v -0.397612 -0.594958 -0.050698
v -0.397638 -0.595090 -0.050967
v -0.397655 -0.595174 -0.051255
v -0.397662 -0.595208 -0.051554
v -0.397658 -0.595191 -0.051855
v -0.397645 -0.595122 -0.052148
v -0.397622 -0.595005 -0.052424
v -0.397589 -0.594843 -0.052675
v -0.397549 -0.594640 -0.052894
v -0.397502 -0.594403 -0.053074
v -0.397450 -0.594138 -0.053209
v -0.390809 -0.583391 -0.077312
v -0.391282 -0.585784 -0.074300
v -0.391839 -0.588599 -0.071694
v -0.392467 -0.591771 -0.069555
v -0.393150 -0.595224 -0.067933
v -0.393873 -0.598880 -0.066866
v -0.394764 -0.582608 -0.077312
v -0.397829 -0.598097 -0.066866
v -0.397106 -0.594442 -0.067933
v -0.396422 -0.590988 -0.069555
v -0.395795 -0.587817 -0.071694
v -0.395238 -0.585002 -0.074300
v -0.392633 -0.592614 -0.035765
v -0.391887 -0.588841 -0.036253
v -0.391135 -0.585040 -0.036150
v -0.390395 -0.581298 -0.035459
v -0.389683 -0.577704 -0.034195
v -0.389018 -0.574339 -0.032388
v -0.396589 -0.591831 -0.035765
v -0.392973 -0.573557 -0.032388
v -0.393639 -0.576921 -0.034195
v -0.394350 -0.580516 -0.035459
v -0.395091 -0.584257 -0.036150
v -0.395843 -0.588059 -0.036253
v -0.443230 -0.850389 0.003747
v -0.443288 -0.850682 0.003782
v -0.443346 -0.850977 0.003764
v -0.443403 -0.851264 0.003694
v -0.443457 -0.851536 0.003575
v -0.443505 -0.851782 0.003409
v -0.443548 -0.851997 0.003202
v -0.443583 -0.852173 0.002961
v -0.443609 -0.852305 0.002691
v -0.443626 -0.852390 0.002403
v -0.443632 -0.852423 0.002104
v -0.443629 -0.852406 0.001803
v -0.443615 -0.852338 0.001510
v -0.443592 -0.852220 0.001234
v -0.443560 -0.852058 0.000983
v -0.443520 -0.851855 0.000764
v -0.443473 -0.851618 0.000584
v -0.443421 -0.851354 0.000450
v -0.443365 -0.851071 0.000364
v -0.447964 -0.849452 0.003747
v -0.448022 -0.849746 0.003782
v -0.448080 -0.850040 0.003764
v -0.448137 -0.850328 0.003694
v -0.448191 -0.850599 0.003575
v -0.448240 -0.850845 0.003409
v -0.448282 -0.851060 0.003202
v -0.448317 -0.851236 0.002961
v -0.448343 -0.851368 0.002691
v -0.448360 -0.851453 0.002403
v -0.448366 -0.851487 0.002104
v -0.448363 -0.851469 0.001803
v -0.448349 -0.851401 0.001510
v -0.448326 -0.851284 0.001234
v -0.448294 -0.851121 0.000983
v -0.448254 -0.850918 0.000764
v -0.448207 -0.850681 0.000584
v -0.448155 -0.850417 0.000450
v -0.448099 -0.850134 0.000364
v -0.440815 -0.838185 0.001192
v -0.440873 -0.838479 0.001227
v -0.440932 -0.838773 0.001209
v -0.440988 -0.839061 0.001139
v -0.441042 -0.839332 0.001020
v -0.441091 -0.839578 0.000854
v -0.441133 -0.839793 0.000647
v -0.441168 -0.839969 0.000405
v -0.441194 -0.840101 0.000136
v -0.441211 -0.840186 -0.000152
v -0.441218 -0.840220 -0.000451
v -0.441214 -0.840202 -0.000752
v -0.441201 -0.840134 -0.001045
v -0.441178 -0.840017 -0.001321
v -0.441145 -0.839854 -0.001572
v -0.441105 -0.839651 -0.001791
v -0.441058 -0.839414 -0.001971
v -0.441006 -0.839150 -0.002106
v -0.440950 -0.838867 -0.002192
v -0.445549 -0.837249 0.001192
v -0.445607 -0.837542 0.001227
v -0.445666 -0.837837 0.001209
v -0.445723 -0.838124 0.001139
v -0.445776 -0.838395 0.001020
v -0.445825 -0.838642 0.000854
v -0.445868 -0.838856 0.000647
v -0.445902 -0.839032 0.000405
v -0.445929 -0.839165 0.000136
v -0.445945 -0.839249 -0.000152
v -0.445952 -0.839283 -0.000451
v -0.445948 -0.839266 -0.000752
v -0.445935 -0.839197 -0.001045
v -0.445912 -0.839080 -0.001321
v -0.445880 -0.838917 -0.001572
v -0.445839 -0.838714 -0.001791
v -0.445793 -0.838477 -0.001971
v -0.445740 -0.838213 -0.002106
v -0.445684 -0.837930 -0.002192
v -0.385805 -0.535857 -0.059085
v -0.385956 -0.536622 -0.058995
v -0.386108 -0.537390 -0.059041
v -0.386256 -0.538139 -0.059223
v -0.386396 -0.538845 -0.059535
v -0.386523 -0.539487 -0.059966
v -0.386634 -0.540046 -0.060505
v -0.386725 -0.540505 -0.061135
v -0.386793 -0.540850 -0.061836
v -0.386836 -0.541070 -0.062588
v -0.386854 -0.541158 -0.063367
v -0.386845 -0.541113 -0.064150
v -0.386809 -0.540935 -0.064913
v -0.386749 -0.540629 -0.065633
v -0.386665 -0.540206 -0.066288
v -0.386561 -0.539677 -0.066858
v -0.386438 -0.539059 -0.067326
v -0.386302 -0.538371 -0.067677
v -0.386156 -0.537634 -0.067901
v -0.385915 -0.535836 -0.059085
v -0.386066 -0.536600 -0.058995
v -0.386218 -0.537368 -0.059041
v -0.386366 -0.538117 -0.059223
v -0.386506 -0.538823 -0.059535
v -0.386633 -0.539465 -0.059966
v -0.386744 -0.540025 -0.060505
v -0.386834 -0.540484 -0.061135
v -0.386903 -0.540828 -0.061836
v -0.386946 -0.541048 -0.062588
v -0.386964 -0.541137 -0.063367
v -0.386955 -0.541091 -0.064150
v -0.386919 -0.540913 -0.064913
v -0.386859 -0.540607 -0.065633
v -0.386775 -0.540184 -0.066288
v -0.386671 -0.539655 -0.066858
v -0.386548 -0.539037 -0.067326
v -0.386412 -0.538349 -0.067677
v -0.386266 -0.537612 -0.067901
v -0.380997 -0.535842 -0.054468
v -0.381306 -0.537407 -0.054283
v -0.381617 -0.538980 -0.054378
v -0.381921 -0.540513 -0.054750
v -0.382207 -0.541959 -0.055388
v -0.382467 -0.543274 -0.056272
v -0.382694 -0.544419 -0.057375
v -0.382879 -0.545359 -0.058664
v -0.383019 -0.546064 -0.060100
v -0.383108 -0.546515 -0.061639
v -0.383144 -0.546696 -0.063235
v -0.383126 -0.546603 -0.064838
v -0.383053 -0.546238 -0.066401
v -0.382930 -0.545612 -0.067875
v -0.382758 -0.544745 -0.069216
v -0.382544 -0.543662 -0.070383
v -0.382294 -0.542398 -0.071340
v -0.382015 -0.540989 -0.072060
v -0.381716 -0.539479 -0.072519
v -0.385805 -0.535857 -0.059085
v -0.385956 -0.536622 -0.058995
v -0.386108 -0.537390 -0.059041
v -0.386256 -0.538139 -0.059223
v -0.386396 -0.538845 -0.059535
v -0.386523 -0.539487 -0.059966
v -0.386634 -0.540046 -0.060505
v -0.386725 -0.540505 -0.061135
v -0.386793 -0.540850 -0.061836
v -0.386836 -0.541070 -0.062588
v -0.386854 -0.541158 -0.063367
v -0.386845 -0.541113 -0.064150
v -0.386809 -0.540935 -0.064913
v -0.386749 -0.540629 -0.065633
v -0.386665 -0.540206 -0.066288
v -0.386561 -0.539677 -0.066858
v -0.386438 -0.539059 -0.067326
v -0.386302 -0.538371 -0.067677
v -0.386156 -0.537634 -0.067901
v -0.384570 -0.537714 -0.057460
v -0.384926 -0.539510 -0.057964
v -0.383063 -0.538190 -0.055898
v -0.385234 -0.541066 -0.059009
v -0.383510 -0.540452 -0.056533
v -0.385464 -0.542229 -0.060494
v -0.383898 -0.542410 -0.057849
v -0.385594 -0.542885 -0.062272
v -0.384187 -0.543874 -0.059717
v -0.385610 -0.542969 -0.064169
v -0.384351 -0.544700 -0.061956
v -0.385512 -0.542475 -0.066001
v -0.384372 -0.544806 -0.064344
v -0.385310 -0.541449 -0.067587
v -0.384249 -0.544184 -0.066650
v -0.385021 -0.539993 -0.068772
v -0.383993 -0.542893 -0.068646
v -0.383631 -0.541060 -0.070138
v -0.388977 -0.551892 -0.034290
v -0.389129 -0.552657 -0.034199
v -0.389281 -0.553425 -0.034246
v -0.389429 -0.554173 -0.034427
v -0.389569 -0.554879 -0.034739
v -0.389696 -0.555522 -0.035171
v -0.389806 -0.556081 -0.035710
v -0.389897 -0.556540 -0.036339
v -0.389965 -0.556885 -0.037041
v -0.390009 -0.557104 -0.037792
v -0.390026 -0.557193 -0.038571
v -0.390017 -0.557147 -0.039354
v -0.389982 -0.556969 -0.040118
v -0.389922 -0.556664 -0.040837
v -0.389838 -0.556240 -0.041492
v -0.389733 -0.555712 -0.042062
v -0.389611 -0.555094 -0.042530
v -0.389475 -0.554406 -0.042881
v -0.389329 -0.553668 -0.043106
v -0.389087 -0.551870 -0.034290
v -0.389239 -0.552635 -0.034199
v -0.389391 -0.553403 -0.034246
v -0.389539 -0.554152 -0.034427
v -0.389678 -0.554858 -0.034739
v -0.389805 -0.555500 -0.035171
v -0.389916 -0.556059 -0.035710
v -0.390007 -0.556518 -0.036339
v -0.390075 -0.556863 -0.037041
v -0.390119 -0.557083 -0.037792
v -0.390136 -0.557171 -0.038571
v -0.390127 -0.557126 -0.039354
v -0.390092 -0.556948 -0.040118
v -0.390031 -0.556642 -0.040837
v -0.389948 -0.556218 -0.041492
v -0.389843 -0.555690 -0.042062
v -0.389721 -0.555072 -0.042530
v -0.389585 -0.554384 -0.042881
v -0.389439 -0.553647 -0.043106
v -0.384169 -0.551877 -0.029672
v -0.384479 -0.553442 -0.029487
v -0.384790 -0.555015 -0.029582
v -0.385093 -0.556547 -0.029954
v -0.385379 -0.557993 -0.030592
v -0.385639 -0.559309 -0.031476
v -0.385866 -0.560454 -0.032579
v -0.386052 -0.561393 -0.033869
v -0.386191 -0.562099 -0.035305
v -0.386281 -0.562549 -0.036844
v -0.386316 -0.562730 -0.038439
v -0.386298 -0.562637 -0.040043
v -0.386226 -0.562272 -0.041605
v -0.386102 -0.561647 -0.043079
v -0.385930 -0.560780 -0.044420
v -0.385716 -0.559697 -0.045587
v -0.385466 -0.558432 -0.046545
v -0.385187 -0.557024 -0.047264
v -0.384889 -0.555514 -0.047723
v -0.388977 -0.551892 -0.034290
v -0.389129 -0.552657 -0.034199
v -0.389281 -0.553425 -0.034246
v -0.389429 -0.554173 -0.034427
v -0.389569 -0.554879 -0.034739
v -0.389696 -0.555522 -0.035171
v -0.389806 -0.556081 -0.035710
v -0.389897 -0.556540 -0.036339
v -0.389965 -0.556885 -0.037041
v -0.390009 -0.557104 -0.037792
v -0.390026 -0.557193 -0.038571
v -0.390017 -0.557147 -0.039354
v -0.389982 -0.556969 -0.040118
v -0.389922 -0.556664 -0.040837
v -0.389838 -0.556240 -0.041492
v -0.389733 -0.555712 -0.042062
v -0.389611 -0.555094 -0.042530
v -0.389475 -0.554406 -0.042881
v -0.389329 -0.553668 -0.043106
v -0.387743 -0.553749 -0.032664
v -0.388098 -0.555545 -0.033168
v -0.386235 -0.554225 -0.031102
v -0.388406 -0.557101 -0.034214
v -0.386683 -0.556487 -0.031737
v -0.388636 -0.558264 -0.035698
v -0.387070 -0.558445 -0.033053
v -0.388766 -0.558919 -0.037476
v -0.387360 -0.559909 -0.034922
v -0.388783 -0.559004 -0.039374
v -0.387523 -0.560734 -0.037160
v -0.388685 -0.558510 -0.041205
v -0.387544 -0.560841 -0.039549
v -0.388482 -0.557484 -0.042791
v -0.387421 -0.560218 -0.041854
v -0.388194 -0.556028 -0.043976
v -0.387166 -0.558927 -0.043850
v -0.386803 -0.557094 -0.045342
v -0.393790 -0.576216 -0.050635
v -0.393941 -0.576981 -0.050545
v -0.394093 -0.577749 -0.050591
v -0.394241 -0.578497 -0.050773
v -0.394381 -0.579204 -0.051084
v -0.394508 -0.579846 -0.051516
v -0.394619 -0.580405 -0.052055
v -0.394710 -0.580864 -0.052685
v -0.394778 -0.581209 -0.053386
v -0.394821 -0.581429 -0.054138
v -0.394839 -0.581517 -0.054917
v -0.394830 -0.581472 -0.055700
v -0.394794 -0.581293 -0.056463
v -0.394734 -0.580988 -0.057183
v -0.394650 -0.580564 -0.057838
v -0.394546 -0.580036 -0.058408
v -0.394423 -0.579418 -0.058876
v -0.394287 -0.578730 -0.059227
v -0.394141 -0.577993 -0.059451
v -0.393900 -0.576195 -0.050635
v -0.394051 -0.576959 -0.050545
v -0.394203 -0.577727 -0.050591
v -0.394351 -0.578476 -0.050773
v -0.394491 -0.579182 -0.051084
v -0.394618 -0.579824 -0.051516
v -0.394729 -0.580383 -0.052055
v -0.394819 -0.580842 -0.052685
v -0.394888 -0.581187 -0.053386
v -0.394931 -0.581407 -0.054138
v -0.394949 -0.581495 -0.054917
v -0.394940 -0.581450 -0.055700
v -0.394904 -0.581272 -0.056463
v -0.394844 -0.580966 -0.057183
v -0.394760 -0.580543 -0.057838
v -0.394656 -0.580014 -0.058408
v -0.394533 -0.579396 -0.058876
v -0.394397 -0.578708 -0.059227
v -0.394251 -0.577971 -0.059451
v -0.388982 -0.576201 -0.046018
v -0.389291 -0.577766 -0.045833
v -0.389602 -0.579339 -0.045928
v -0.389906 -0.580871 -0.046300
v -0.390192 -0.582318 -0.046938
v -0.390452 -0.583633 -0.047822
v -0.390679 -0.584778 -0.048925
v -0.390864 -0.585717 -0.050214
v -0.391004 -0.586423 -0.051650
v -0.391093 -0.586873 -0.053189
v -0.391129 -0.587055 -0.054785
v -0.391111 -0.586961 -0.056388
v -0.391038 -0.586596 -0.057950
v -0.390915 -0.585971 -0.059425
v -0.390743 -0.585104 -0.060766
v -0.390529 -0.584021 -0.061933
v -0.390279 -0.582756 -0.062890
v -0.390000 -0.581348 -0.063610
v -0.389701 -0.579838 -0.064069
v -0.393790 -0.576216 -0.050635
v -0.393941 -0.576981 -0.050545
v -0.394093 -0.577749 -0.050591
v -0.394241 -0.578497 -0.050773
v -0.394381 -0.579204 -0.051084
v -0.394508 -0.579846 -0.051516
v -0.394619 -0.580405 -0.052055
v -0.394710 -0.580864 -0.052685
v -0.394778 -0.581209 -0.053386
v -0.394821 -0.581429 -0.054138
v -0.394839 -0.581517 -0.054917
v -0.394830 -0.581472 -0.055700
v -0.394794 -0.581293 -0.056463
v -0.394734 -0.580988 -0.057183
v -0.394650 -0.580564 -0.057838
v -0.394546 -0.580036 -0.058408
v -0.394423 -0.579418 -0.058876
v -0.394287 -0.578730 -0.059227
v -0.394141 -0.577993 -0.059451
v -0.392555 -0.578073 -0.049010
v -0.392911 -0.579869 -0.049514
v -0.391048 -0.578549 -0.047448
v -0.393219 -0.581425 -0.050559
v -0.391495 -0.580811 -0.048083
v -0.393449 -0.582588 -0.052044
v -0.391883 -0.582769 -0.049399
v -0.393579 -0.583244 -0.053822
v -0.392172 -0.584233 -0.051267
v -0.393595 -0.583328 -0.055719
v -0.392336 -0.585058 -0.053505
v -0.393497 -0.582834 -0.057551
v -0.392357 -0.585165 -0.055894
v -0.393295 -0.581808 -0.059137
v -0.392234 -0.584542 -0.058200
v -0.393006 -0.580352 -0.060322
v -0.391978 -0.583251 -0.060196
v -0.391616 -0.581418 -0.061688
v -0.390618 -0.560182 -0.075431
v -0.390769 -0.560946 -0.075341
v -0.390921 -0.561714 -0.075387
v -0.391069 -0.562463 -0.075569
v -0.391209 -0.563169 -0.075880
v -0.391336 -0.563811 -0.076312
v -0.391446 -0.564371 -0.076851
v -0.391537 -0.564829 -0.077480
v -0.391605 -0.565174 -0.078182
v -0.391649 -0.565394 -0.078933
v -0.391666 -0.565482 -0.079713
v -0.391657 -0.565437 -0.080496
v -0.391622 -0.565259 -0.081259
v -0.391562 -0.564953 -0.081979
v -0.391478 -0.564530 -0.082634
v -0.391373 -0.564001 -0.083204
v -0.391251 -0.563383 -0.083671
v -0.391115 -0.562695 -0.084023
v -0.390969 -0.561958 -0.084247
v -0.390727 -0.560160 -0.075431
v -0.390879 -0.560924 -0.075341
v -0.391031 -0.561692 -0.075387
v -0.391179 -0.562441 -0.075569
v -0.391318 -0.563147 -0.075880
v -0.391446 -0.563790 -0.076312
v -0.391556 -0.564349 -0.076851
v -0.391647 -0.564808 -0.077480
v -0.391715 -0.565152 -0.078182
v -0.391759 -0.565372 -0.078933
v -0.391776 -0.565461 -0.079713
v -0.391767 -0.565415 -0.080496
v -0.391732 -0.565237 -0.081259
v -0.391671 -0.564931 -0.081979
v -0.391588 -0.564508 -0.082634
v -0.391483 -0.563979 -0.083204
v -0.391361 -0.563362 -0.083671
v -0.391225 -0.562674 -0.084023
v -0.391079 -0.561936 -0.084247
v -0.385809 -0.560166 -0.070813
v -0.386119 -0.561731 -0.070628
v -0.386430 -0.563304 -0.070723
v -0.386733 -0.564837 -0.071095
v -0.387019 -0.566283 -0.071733
v -0.387280 -0.567598 -0.072617
v -0.387506 -0.568743 -0.073721
v -0.387692 -0.569683 -0.075010
v -0.387832 -0.570388 -0.076446
v -0.387921 -0.570839 -0.077985
v -0.387957 -0.571020 -0.079580
v -0.387938 -0.570927 -0.081184
v -0.387866 -0.570562 -0.082746
v -0.387742 -0.569936 -0.084220
v -0.387571 -0.569069 -0.085561
v -0.387356 -0.567987 -0.086728
v -0.387106 -0.566722 -0.087686
v -0.386827 -0.565313 -0.088405
v -0.386529 -0.563803 -0.088864
v -0.390618 -0.560182 -0.075431
v -0.390769 -0.560946 -0.075341
v -0.390921 -0.561714 -0.075387
v -0.391069 -0.562463 -0.075569
v -0.391209 -0.563169 -0.075880
v -0.391336 -0.563811 -0.076312
v -0.391446 -0.564371 -0.076851
v -0.391537 -0.564829 -0.077480
v -0.391605 -0.565174 -0.078182
v -0.391649 -0.565394 -0.078933
v -0.391666 -0.565482 -0.079713
v -0.391657 -0.565437 -0.080496
v -0.391622 -0.565259 -0.081259
v -0.391562 -0.564953 -0.081979
v -0.391478 -0.564530 -0.082634
v -0.391373 -0.564001 -0.083204
v -0.391251 -0.563383 -0.083671
v -0.391115 -0.562695 -0.084023
v -0.390969 -0.561958 -0.084247
v -0.389383 -0.562038 -0.073805
v -0.389738 -0.563834 -0.074309
v -0.387876 -0.562515 -0.072244
v -0.390046 -0.565390 -0.075355
v -0.388323 -0.564776 -0.072878
v -0.390276 -0.566553 -0.076839
v -0.388710 -0.566735 -0.074194
v -0.390406 -0.567209 -0.078617
v -0.389000 -0.568198 -0.076063
v -0.390423 -0.567294 -0.080515
v -0.389163 -0.569024 -0.078301
v -0.390325 -0.566799 -0.082346
v -0.389184 -0.569130 -0.080690
v -0.390122 -0.565773 -0.083932
v -0.389061 -0.568508 -0.082995
v -0.389834 -0.564317 -0.085117
v -0.388806 -0.567217 -0.084992
v -0.388443 -0.565384 -0.086484
v -0.392973 -0.573557 -0.032388
v -0.393639 -0.576921 -0.034195
v -0.394350 -0.580516 -0.035459
v -0.395091 -0.584257 -0.036150
v -0.395843 -0.588059 -0.036253
v -0.396589 -0.591831 -0.035765
v -0.396994 -0.591832 -0.036154
v -0.396236 -0.588001 -0.036649
v -0.395472 -0.584140 -0.036545
v -0.394720 -0.580340 -0.035842
v -0.393998 -0.576689 -0.034559
v -0.393322 -0.573272 -0.032724
v -0.396589 -0.591831 -0.035765
v -0.447022 -0.846737 0.017606
v -0.447427 -0.846738 0.017217
v -0.396994 -0.591832 -0.036154
v -0.388859 -0.550715 -0.028556
v -0.388454 -0.550714 -0.028167
v -0.393322 -0.573272 -0.032724
v -0.392500 -0.569120 -0.030494
v -0.391622 -0.564682 -0.028934
v -0.390708 -0.560064 -0.028081
v -0.389780 -0.555372 -0.027954
v -0.392973 -0.573557 -0.032388
v -0.389387 -0.555429 -0.027558
v -0.390327 -0.560181 -0.027686
v -0.391252 -0.564858 -0.028550
v -0.392141 -0.569351 -0.030130
v -0.447022 -0.846737 0.017606
v -0.447427 -0.846738 0.017217
v -0.448636 -0.852848 -0.013106
v -0.449138 -0.855384 -0.012335
v -0.449606 -0.857751 -0.011127
v -0.450026 -0.859875 -0.009518
v -0.450386 -0.861694 -0.007557
v -0.450674 -0.863150 -0.005305
v -0.450882 -0.864201 -0.002829
v -0.451003 -0.864814 -0.000204
v -0.451034 -0.864971 0.002489
v -0.450974 -0.864666 0.005170
v -0.450824 -0.863910 0.007755
v -0.450590 -0.862725 0.010167
v -0.450278 -0.861146 0.012333
v -0.449897 -0.859223 0.014187
v -0.449460 -0.857013 0.015672
v -0.448979 -0.854584 0.016743
v -0.448470 -0.852009 0.017368
v -0.447947 -0.849367 0.017527
v -0.448262 -0.853003 -0.013495
v -0.447556 -0.849434 0.017924
v -0.448092 -0.852143 0.017760
v -0.448614 -0.854784 0.017119
v -0.449107 -0.857276 0.016021
v -0.449556 -0.859542 0.014498
v -0.449946 -0.861515 0.012597
v -0.450266 -0.863133 0.010375
v -0.450507 -0.864349 0.007901
v -0.450660 -0.865125 0.005249
v -0.450722 -0.865437 0.002501
v -0.450690 -0.865276 -0.000262
v -0.450566 -0.864648 -0.002954
v -0.450353 -0.863570 -0.005493
v -0.450057 -0.862076 -0.007804
v -0.449688 -0.860211 -0.009815
v -0.449257 -0.858032 -0.011465
v -0.448777 -0.855605 -0.012704
v -0.395090 -0.582211 -0.077086
v -0.395571 -0.584642 -0.074027
v -0.396137 -0.587501 -0.071380
v -0.396774 -0.590722 -0.069208
v -0.397468 -0.594229 -0.067561
v -0.398203 -0.597942 -0.066477
v -0.397829 -0.598097 -0.066866
v -0.397106 -0.594442 -0.067933
v -0.396422 -0.590988 -0.069555
v -0.395795 -0.587817 -0.071694
v -0.395238 -0.585002 -0.074300
v -0.394764 -0.582608 -0.077312
v -0.448262 -0.853003 -0.013495
v -0.397829 -0.598097 -0.066866
v -0.398203 -0.597942 -0.066477
v -0.448636 -0.852848 -0.013106
v -0.388588 -0.574209 -0.032724
v -0.389264 -0.577626 -0.034559
v -0.389986 -0.581277 -0.035842
v -0.390738 -0.585077 -0.036545
v -0.391502 -0.588938 -0.036649
v -0.392260 -0.592769 -0.036154
v -0.392633 -0.592614 -0.035765
v -0.391887 -0.588841 -0.036253
v -0.391135 -0.585040 -0.036150
v -0.390395 -0.581298 -0.035459
v -0.389683 -0.577704 -0.034195
v -0.389018 -0.574339 -0.032388
v -0.392260 -0.592769 -0.036154
v -0.392633 -0.592614 -0.035765
v -0.443067 -0.847520 0.017606
v -0.442693 -0.847675 0.017217
v -0.386573 -0.564028 -0.089980
v -0.386978 -0.564029 -0.090369
v -0.390356 -0.583147 -0.077086
v -0.389771 -0.580193 -0.080804
v -0.389084 -0.576718 -0.084021
v -0.388309 -0.572804 -0.086661
v -0.387466 -0.568540 -0.088663
v -0.390809 -0.583391 -0.077312
v -0.387882 -0.568599 -0.089035
v -0.388736 -0.572916 -0.087007
v -0.389521 -0.576880 -0.084334
v -0.390217 -0.580399 -0.081077
v -0.442693 -0.847675 0.017217
v -0.443067 -0.847520 0.017606
v -0.444306 -0.853786 -0.013495
v -0.444821 -0.856387 -0.012704
v -0.445301 -0.858814 -0.011465
v -0.445732 -0.860994 -0.009815
v -0.446101 -0.862858 -0.007804
v -0.446397 -0.864353 -0.005493
v -0.446610 -0.865430 -0.002954
v -0.446735 -0.866059 -0.000262
v -0.446766 -0.866220 0.002501
v -0.446705 -0.865907 0.005249
v -0.446551 -0.865132 0.007901
v -0.446311 -0.863916 0.010375
v -0.445990 -0.862297 0.012597
v -0.445600 -0.860325 0.014498
v -0.445152 -0.858058 0.016021
v -0.444659 -0.855567 0.017119
v -0.444136 -0.852926 0.017760
v -0.443600 -0.850216 0.017924
v -0.443902 -0.853785 -0.013106
v -0.443213 -0.850304 0.017527
v -0.443736 -0.852946 0.017368
v -0.444245 -0.855521 0.016743
v -0.444726 -0.857950 0.015672
v -0.445163 -0.860160 0.014187
v -0.445543 -0.862083 0.012333
v -0.445856 -0.863661 0.010167
v -0.446090 -0.864847 0.007755
v -0.446240 -0.865603 0.005170
v -0.446300 -0.865908 0.002489
v -0.446269 -0.865751 -0.000204
v -0.446148 -0.865138 -0.002829
v -0.445940 -0.864087 -0.005305
v -0.445652 -0.862630 -0.007557
v -0.445292 -0.860812 -0.009518
v -0.444872 -0.858687 -0.011127
v -0.444403 -0.856321 -0.012335
v -0.390809 -0.583391 -0.077312
v -0.391282 -0.585784 -0.074300
v -0.391839 -0.588599 -0.071694
v -0.392467 -0.591771 -0.069555
v -0.393150 -0.595224 -0.067933
v -0.393873 -0.598880 -0.066866
v -0.393468 -0.598879 -0.066477
v -0.392734 -0.595166 -0.067561
v -0.392040 -0.591658 -0.069208
v -0.391403 -0.588437 -0.071380
v -0.390837 -0.585578 -0.074027
v -0.390356 -0.583147 -0.077086
v -0.443902 -0.853785 -0.013106
v -0.444306 -0.853786 -0.013495
v -0.393873 -0.598880 -0.066866
v -0.393468 -0.598879 -0.066477
f 5 8 6
f 9 8 5
f 4 9 5
f 10 9 4
f 3 10 4
f 11 10 3
f 2 11 3
f 12 11 2
f 1 12 2
f 7 12 1
f 34 14 13
f 34 13 32
f 35 32 31
f 35 34 32
f 36 31 30
f 36 35 31
f 37 30 29
f 37 36 30
f 38 29 28
f 38 37 29
f 39 28 27
f 39 38 28
f 40 27 26
f 40 39 27
f 41 26 25
f 41 40 26
f 42 25 24
f 42 41 25
f 43 24 23
f 43 42 24
f 44 23 22
f 44 43 23
f 45 22 21
f 45 44 22
f 46 21 20
f 46 45 21
f 47 20 19
f 47 46 20
f 48 19 18
f 48 47 19
f 49 48 18
f 49 18 17
f 16 49 17
f 50 49 16
f 33 16 15
f 33 50 16
f 59 56 55
f 59 58 56
f 60 55 54
f 60 59 55
f 61 54 53
f 61 60 54
f 62 53 52
f 62 61 53
f 57 52 51
f 57 62 52
f 84 64 63
f 84 63 82
f 85 82 81
f 85 84 82
f 86 81 80
f 86 85 81
f 87 80 79
f 87 86 80
f 88 79 78
f 88 87 79
f 89 78 77
f 89 88 78
f 90 77 76
f 90 89 77
f 91 76 75
f 91 90 76
f 92 75 74
f 92 91 75
f 93 74 73
f 93 92 74
f 94 73 72
f 94 93 73
f 95 72 71
f 95 94 72
f 96 71 70
f 96 95 71
f 97 70 69
f 97 96 70
f 98 69 68
f 98 97 69
f 99 98 68
f 99 68 67
f 100 67 66
f 100 99 67
f 83 66 65
f 83 100 66
f 139 122 121
f 139 123 122
f 139 124 123
f 140 125 124
f 140 126 125
f 140 124 139
f 141 103 104
f 141 104 105
f 141 105 106
f 141 121 103
f 141 139 121
f 142 126 140
f 142 127 126
f 143 106 107
f 143 107 108
f 143 140 139
f 143 141 106
f 143 139 141
f 143 142 140
f 144 128 127
f 144 129 128
f 144 127 142
f 145 108 109
f 145 143 108
f 145 142 143
f 146 130 129
f 146 131 130
f 146 129 144
f 147 109 110
f 147 110 111
f 147 144 142
f 147 142 145
f 147 145 109
f 148 132 131
f 148 133 132
f 148 131 146
f 149 147 111
f 149 111 112
f 149 112 113
f 149 144 147
f 149 146 144
f 150 134 133
f 150 135 134
f 150 133 148
f 151 113 114
f 151 114 115
f 151 149 113
f 151 146 149
f 151 148 146
f 152 136 135
f 152 135 150
f 153 148 151
f 153 152 150
f 153 115 116
f 153 116 117
f 153 150 148
f 153 151 115
f 154 102 101
f 154 137 136
f 154 138 137
f 154 101 138
f 154 136 152
f 155 117 118
f 155 153 117
f 155 152 153
f 156 102 154
f 156 118 119
f 156 119 120
f 156 120 102
f 156 154 152
f 156 152 155
f 156 155 118
f 160 177 159
f 160 178 177
f 161 179 178
f 161 178 160
f 162 180 179
f 162 179 161
f 163 181 180
f 163 180 162
f 164 182 181
f 164 181 163
f 165 183 182
f 165 182 164
f 166 184 183
f 166 183 165
f 167 185 184
f 167 184 166
f 168 186 185
f 168 185 167
f 169 187 186
f 169 186 168
f 170 188 187
f 170 187 169
f 171 189 188
f 171 188 170
f 172 190 189
f 172 189 171
f 173 191 190
f 173 190 172
f 174 191 173
f 174 192 191
f 175 192 174
f 175 193 192
f 176 193 175
f 176 194 193
f 158 194 176
f 158 157 194
f 233 216 215
f 233 217 216
f 233 218 217
f 234 219 218
f 234 220 219
f 234 218 233
f 235 197 198
f 235 198 199
f 235 199 200
f 235 215 197
f 235 233 215
f 236 220 234
f 236 221 220
f 237 200 201
f 237 201 202
f 237 234 233
f 237 235 200
f 237 233 235
f 238 222 221
f 238 223 222
f 238 221 236
f 239 202 203
f 239 237 202
f 239 234 237
f 239 236 234
f 240 224 223
f 240 225 224
f 240 223 238
f 241 240 238
f 241 203 204
f 241 204 205
f 241 236 239
f 241 238 236
f 241 239 203
f 242 226 225
f 242 227 226
f 242 225 240
f 243 240 241
f 243 205 206
f 243 206 207
f 243 241 205
f 244 228 227
f 244 229 228
f 244 227 242
f 245 207 208
f 245 208 209
f 245 243 207
f 245 242 240
f 245 240 243
f 246 229 244
f 246 230 229
f 247 242 245
f 247 209 210
f 247 245 209
f 247 244 242
f 247 246 244
f 248 230 246
f 248 231 230
f 248 232 231
f 248 195 232
f 249 210 211
f 249 211 212
f 249 246 247
f 249 247 210
f 250 196 195
f 250 212 213
f 250 213 214
f 250 214 196
f 250 249 212
f 250 246 249
f 250 195 248
f 250 248 246
f 254 271 253
f 254 272 271
f 255 273 272
f 255 272 254
f 256 274 273
f 256 273 255
f 257 275 274
f 257 274 256
f 258 276 275
f 258 275 257
f 259 277 276
f 259 276 258
f 260 278 277
f 260 277 259
f 261 279 278
f 261 278 260
f 262 280 279
f 262 279 261
f 263 281 280
f 263 280 262
f 264 282 281
f 264 281 263
f 265 283 282
f 265 282 264
f 266 284 283
f 266 283 265
f 267 285 284
f 267 284 266
f 268 285 267
f 268 286 285
f 269 286 268
f 269 287 286
f 270 287 269
f 270 288 287
f 252 288 270
f 252 251 288
f 327 310 309
f 327 311 310
f 327 312 311
f 328 313 312
f 328 314 313
f 328 312 327
f 329 291 292
f 329 292 293
f 329 293 294
f 329 309 291
f 329 328 327
f 329 327 309
f 330 314 328
f 330 315 314
f 331 294 295
f 331 295 296
f 331 329 294
f 331 328 329
f 332 316 315
f 332 317 316
f 332 315 330
f 333 296 297
f 333 331 296
f 333 328 331
f 333 330 328
f 334 318 317
f 334 319 318
f 334 317 332
f 335 297 298
f 335 298 299
f 335 333 297
f 335 332 330
f 335 330 333
f 336 320 319
f 336 321 320
f 336 319 334
f 337 334 332
f 337 332 335
f 337 299 300
f 337 300 301
f 337 335 299
f 338 322 321
f 338 323 322
f 338 321 336
f 339 301 302
f 339 302 303
f 339 337 301
f 339 338 336
f 339 336 334
f 339 334 337
f 340 324 323
f 340 323 338
f 341 338 339
f 341 340 338
f 341 303 304
f 341 304 305
f 341 339 303
f 342 325 324
f 342 326 325
f 342 289 326
f 342 324 340
f 343 305 306
f 343 341 305
f 343 340 341
f 344 290 289
f 344 306 307
f 344 307 308
f 344 308 290
f 344 342 340
f 344 340 343
f 344 343 306
f 344 289 342
f 348 365 347
f 348 366 365
f 349 367 366
f 349 366 348
f 350 368 367
f 350 367 349
f 351 369 368
f 351 368 350
f 352 370 369
f 352 369 351
f 353 371 370
f 353 370 352
f 354 372 371
f 354 371 353
f 355 373 372
f 355 372 354
f 356 374 373
f 356 373 355
f 357 375 374
f 357 374 356
f 358 376 375
f 358 375 357
f 359 377 376
f 359 376 358
f 360 378 377
f 360 377 359
f 361 379 378
f 361 378 360
f 362 379 361
f 362 380 379
f 363 380 362
f 363 381 380
f 364 381 363
f 364 382 381
f 346 382 364
f 346 345 382
f 421 404 403
f 421 405 404
f 421 406 405
f 422 407 406
f 422 408 407
f 422 406 421
f 423 385 386
f 423 386 387
f 423 387 388
f 423 403 385
f 423 421 403
f 424 408 422
f 424 409 408
f 425 388 389
f 425 389 390
f 425 422 421
f 425 423 388
f 425 421 423
f 426 410 409
f 426 411 410
f 426 409 424
f 427 390 391
f 427 425 390
f 427 422 425
f 427 424 422
f 428 412 411
f 428 413 412
f 428 411 426
f 429 391 392
f 429 392 393
f 429 424 427
f 429 426 424
f 429 427 391
f 430 414 413
f 430 415 414
f 430 413 428
f 431 428 426
f 431 426 429
f 431 393 394
f 431 394 395
f 431 430 428
f 431 429 393
f 432 416 415
f 432 417 416
f 432 415 430
f 433 395 396
f 433 396 397
f 433 431 395
f 433 430 431
f 434 418 417
f 434 417 432
f 435 397 398
f 435 432 430
f 435 433 397
f 435 430 433
f 436 419 418
f 436 420 419
f 436 383 420
f 436 418 434
f 437 434 432
f 437 432 435
f 437 398 399
f 437 399 400
f 437 435 398
f 438 384 383
f 438 383 436
f 438 400 401
f 438 401 402
f 438 402 384
f 438 436 434
f 438 437 400
f 438 434 437
f 442 459 441
f 442 460 459
f 443 461 460
f 443 460 442
f 444 462 461
f 444 461 443
f 445 463 462
f 445 462 444
f 446 464 463
f 446 463 445
f 447 465 464
f 447 464 446
f 448 466 465
f 448 465 447
f 449 467 466
f 449 466 448
f 450 468 467
f 450 467 449
f 451 469 468
f 451 468 450
f 452 470 469
f 452 469 451
f 453 471 470
f 453 470 452
f 454 472 471
f 454 471 453
f 455 473 472
f 455 472 454
f 456 473 455
f 456 474 473
f 457 474 456
f 457 475 474
f 458 475 457
f 458 476 475
f 440 476 458
f 440 439 476
f 480 497 479
f 480 498 497
f 481 499 498
f 481 500 499
f 481 498 480
f 482 500 481
f 483 501 500
f 483 502 501
f 483 500 482
f 484 503 502
f 484 502 483
f 485 503 484
f 486 504 503
f 486 505 504
f 486 503 485
f 487 505 486
f 488 506 505
f 488 505 487
f 489 507 506
f 489 506 488
f 490 508 507
f 490 507 489
f 491 509 508
f 491 508 490
f 492 510 509
f 492 509 491
f 493 511 510
f 493 510 492
f 494 511 493
f 494 512 511
f 494 513 512
f 495 513 494
f 496 513 495
f 496 514 513
f 478 514 496
f 478 477 514
f 518 535 517
f 518 536 535
f 519 537 536
f 519 538 537
f 519 536 518
f 520 538 519
f 521 539 538
f 521 540 539
f 521 538 520
f 522 541 540
f 522 540 521
f 523 541 522
f 524 542 541
f 524 543 542
f 524 541 523
f 525 543 524
f 526 544 543
f 526 543 525
f 527 545 544
f 527 544 526
f 528 546 545
f 528 545 527
f 529 547 546
f 529 546 528
f 530 548 547
f 530 547 529
f 531 549 548
f 531 548 530
f 532 549 531
f 532 550 549
f 532 551 550
f 533 551 532
f 534 551 533
f 534 552 551
f 516 552 534
f 516 515 552
f 563 553 554
f 563 564 553
f 562 554 555
f 562 563 554
f 561 555 556
f 561 562 555
f 560 556 557
f 560 561 556
f 559 557 558
f 559 560 557
f 566 565 567
f 602 567 568
f 602 566 567
f 601 568 569
f 601 602 568
f 600 569 570
f 600 601 569
f 599 570 571
f 599 600 570
f 598 571 572
f 598 599 571
f 597 572 573
f 597 598 572
f 596 573 574
f 596 597 573
f 595 574 575
f 595 596 574
f 594 575 576
f 594 595 575
f 593 576 577
f 593 594 576
f 592 577 578
f 592 593 577
f 591 592 578
f 590 578 579
f 590 591 578
f 589 579 580
f 589 590 579
f 588 589 580
f 588 580 581
f 587 588 581
f 587 581 582
f 587 582 583
f 586 583 584
f 586 587 583
f 585 586 584
f 606 623 605
f 606 624 623
f 607 625 624
f 607 626 625
f 607 624 606
f 608 626 607
f 609 627 626
f 609 628 627
f 609 626 608
f 610 629 628
f 610 628 609
f 611 629 610
f 612 630 629
f 612 631 630
f 612 629 611
f 613 631 612
f 614 632 631
f 614 631 613
f 615 633 632
f 615 632 614
f 616 634 633
f 616 633 615
f 617 635 634
f 617 634 616
f 618 636 635
f 618 635 617
f 619 637 636
f 619 636 618
f 620 637 619
f 620 638 637
f 620 639 638
f 621 639 620
f 622 639 621
f 622 640 639
f 604 640 622
f 604 603 640
f 644 661 643
f 644 662 661
f 645 663 662
f 645 664 663
f 645 662 644
f 646 664 645
f 647 665 664
f 647 666 665
f 647 664 646
f 648 667 666
f 648 666 647
f 649 667 648
f 650 668 667
f 650 669 668
f 650 667 649
f 651 669 650
f 652 670 669
f 652 669 651
f 653 671 670
f 653 670 652
f 654 672 671
f 654 671 653
f 655 673 672
f 655 672 654
f 656 674 673
f 656 673 655
f 657 675 674
f 657 674 656
f 658 675 657
f 658 676 675
f 658 677 676
f 659 677 658
f 660 677 659
f 660 678 677
f 642 678 660
f 642 641 678
f 682 699 681
f 682 700 699
f 683 701 700
f 683 702 701
f 683 700 682
f 684 702 683
f 685 703 702
f 685 704 703
f 685 702 684
f 686 705 704
f 686 704 685
f 687 705 686
f 688 706 705
f 688 707 706
f 688 705 687
f 689 707 688
f 690 708 707
f 690 707 689
f 691 709 708
f 691 708 690
f 692 710 709
f 692 709 691
f 693 711 710
f 693 710 692
f 694 712 711
f 694 711 693
f 695 713 712
f 695 712 694
f 696 713 695
f 696 714 713
f 696 715 714
f 697 715 696
f 698 715 697
f 698 716 715
f 680 716 698
f 680 679 716
f 720 737 719
f 720 738 737
f 721 739 738
f 721 740 739
f 721 738 720
f 722 740 721
f 723 741 740
f 723 742 741
f 723 740 722
f 724 743 742
f 724 742 723
f 725 743 724
f 726 744 743
f 726 745 744
f 726 743 725
f 727 745 726
f 728 746 745
f 728 745 727
f 729 747 746
f 729 746 728
f 730 748 747
f 730 747 729
f 731 749 748
f 731 748 730
f 732 750 749
f 732 749 731
f 733 751 750
f 733 750 732
f 734 751 733
f 734 752 751
f 734 753 752
f 735 753 734
f 736 753 735
f 736 754 753
f 718 754 736
f 718 717 754
f 758 775 757
f 758 776 775
f 759 777 776
f 759 778 777
f 759 776 758
f 760 778 759
f 761 779 778
f 761 780 779
f 761 778 760
f 762 781 780
f 762 780 761
f 763 781 762
f 764 782 781
f 764 783 782
f 764 781 763
f 765 783 764
f 766 784 783
f 766 783 765
f 767 785 784
f 767 784 766
f 768 786 785
f 768 785 767
f 769 787 786
f 769 786 768
f 770 788 787
f 770 787 769
f 771 789 788
f 771 788 770
f 772 789 771
f 772 790 789
f 772 791 790
f 773 791 772
f 774 791 773
f 774 792 791
f 756 792 774
f 756 755 792
f 796 813 795
f 796 814 813
f 797 815 814
f 797 816 815
f 797 814 796
f 798 816 797
f 799 817 816
f 799 818 817
f 799 816 798
f 800 819 818
f 800 818 799
f 801 819 800
f 802 820 819
f 802 821 820
f 802 819 801
f 803 821 802
f 804 822 821
f 804 821 803
f 805 823 822
f 805 822 804
f 806 824 823
f 806 823 805
f 807 825 824
f 807 824 806
f 808 826 825
f 808 825 807
f 809 827 826
f 809 826 808
f 810 827 809
f 810 828 827
f 810 829 828
f 811 829 810
f 812 829 811
f 812 830 829
f 794 830 812
f 794 793 830
f 834 851 833
f 834 852 851
f 835 853 852
f 835 854 853
f 835 852 834
f 836 854 835
f 837 855 854
f 837 856 855
f 837 854 836
f 838 857 856
f 838 856 837
f 839 857 838
f 840 858 857
f 840 859 858
f 840 857 839
f 841 859 840
f 842 860 859
f 842 859 841
f 843 861 860
f 843 860 842
f 844 862 861
f 844 861 843
f 845 863 862
f 845 862 844
f 846 864 863
f 846 863 845
f 847 865 864
f 847 864 846
f 848 865 847
f 848 866 865
f 848 867 866
f 849 867 848
f 850 867 849
f 850 868 867
f 832 868 850
f 832 831 868
f 872 889 871
f 872 890 889
f 873 891 890
f 873 892 891
f 873 890 872
f 874 892 873
f 875 893 892
f 875 894 893
f 875 892 874
f 876 895 894
f 876 894 875
f 877 895 876
f 878 896 895
f 878 897 896
f 878 895 877
f 879 897 878
f 880 898 897
f 880 897 879
f 881 899 898
f 881 898 880
f 882 900 899
f 882 899 881
f 883 901 900
f 883 900 882
f 884 902 901
f 884 901 883
f 885 903 902
f 885 902 884
f 886 903 885
f 886 904 903
f 886 905 904
f 887 905 886
f 888 905 887
f 888 906 905
f 870 906 888
f 870 869 906
f 910 927 909
f 910 928 927
f 911 929 928
f 911 930 929
f 911 928 910
f 912 930 911
f 913 931 930
f 913 932 931
f 913 930 912
f 914 933 932
f 914 932 913
f 915 933 914
f 916 934 933
f 916 935 934
f 916 933 915
f 917 935 916
f 918 936 935
f 918 935 917
f 919 937 936
f 919 936 918
f 920 938 937
f 920 937 919
f 921 939 938
f 921 938 920
f 922 940 939
f 922 939 921
f 923 941 940
f 923 940 922
f 924 941 923
f 924 942 941
f 924 943 942
f 925 943 924
f 926 943 925
f 926 944 943
f 908 944 926
f 908 907 944
f 948 965 947
f 948 966 965
f 949 967 966
f 949 968 967
f 949 966 948
f 950 968 949
f 951 969 968
f 951 970 969
f 951 968 950
f 952 971 970
f 952 970 951
f 953 971 952
f 954 972 971
f 954 973 972
f 954 971 953
f 955 973 954
f 956 974 973
f 956 973 955
f 957 975 974
f 957 974 956
f 958 976 975
f 958 975 957
f 959 977 976
f 959 976 958
f 960 978 977
f 960 977 959
f 961 979 978
f 961 978 960
f 962 979 961
f 962 980 979
f 962 981 980
f 963 981 962
f 964 981 963
f 964 982 981
f 946 982 964
f 946 945 982
f 986 1003 985
f 986 1004 1003
f 987 1005 1004
f 987 1006 1005
f 987 1004 986
f 988 1006 987
f 989 1007 1006
f 989 1008 1007
f 989 1006 988
f 990 1009 1008
f 990 1008 989
f 991 1009 990
f 992 1010 1009
f 992 1011 1010
f 992 1009 991
f 993 1011 992
f 994 1012 1011
f 994 1011 993
f 995 1013 1012
f 995 1012 994
f 996 1014 1013
f 996 1013 995
f 997 1015 1014
f 997 1014 996
f 998 1016 1015
f 998 1015 997
f 999 1017 1016
f 999 1016 998
f 1000 1017 999
f 1000 1018 1017
f 1000 1019 1018
f 1001 1019 1000
f 1002 1019 1001
f 1002 1020 1019
f 984 1020 1002
f 984 983 1020
f 1024 1041 1023
f 1024 1042 1041
f 1025 1043 1042
f 1025 1044 1043
f 1025 1042 1024
f 1026 1044 1025
f 1027 1045 1044
f 1027 1046 1045
f 1027 1044 1026
f 1028 1047 1046
f 1028 1046 1027
f 1029 1047 1028
f 1030 1048 1047
f 1030 1049 1048
f 1030 1047 1029
f 1031 1049 1030
f 1032 1050 1049
f 1032 1049 1031
f 1033 1051 1050
f 1033 1050 1032
f 1034 1052 1051
f 1034 1051 1033
f 1035 1053 1052
f 1035 1052 1034
f 1036 1054 1053
f 1036 1053 1035
f 1037 1055 1054
f 1037 1054 1036
f 1038 1055 1037
f 1038 1056 1055
f 1038 1057 1056
f 1039 1057 1038
f 1040 1057 1039
f 1040 1058 1057
f 1022 1058 1040
f 1022 1021 1058
f 1062 1079 1061
f 1062 1080 1079
f 1063 1081 1080
f 1063 1082 1081
f 1063 1080 1062
f 1064 1082 1063
f 1065 1083 1082
f 1065 1084 1083
f 1065 1082 1064
f 1066 1085 1084
f 1066 1084 1065
f 1067 1085 1066
f 1068 1086 1085
f 1068 1087 1086
f 1068 1085 1067
f 1069 1087 1068
f 1070 1088 1087
f 1070 1087 1069
f 1071 1089 1088
f 1071 1088 1070
f 1072 1090 1089
f 1072 1089 1071
f 1073 1091 1090
f 1073 1090 1072
f 1074 1092 1091
f 1074 1091 1073
f 1075 1093 1092
f 1075 1092 1074
f 1076 1093 1075
f 1076 1094 1093
f 1076 1095 1094
f 1077 1095 1076
f 1078 1095 1077
f 1078 1096 1095
f 1060 1096 1078
f 1060 1059 1096
f 1100 1117 1099
f 1100 1118 1117
f 1101 1119 1118
f 1101 1120 1119
f 1101 1118 1100
f 1102 1120 1101
f 1103 1121 1120
f 1103 1122 1121
f 1103 1120 1102
f 1104 1123 1122
f 1104 1122 1103
f 1105 1123 1104
f 1106 1124 1123
f 1106 1125 1124
f 1106 1123 1105
f 1107 1125 1106
f 1108 1126 1125
f 1108 1125 1107
f 1109 1127 1126
f 1109 1126 1108
f 1110 1128 1127
f 1110 1127 1109
f 1111 1129 1128
f 1111 1128 1110
f 1112 1130 1129
f 1112 1129 1111
f 1113 1131 1130
f 1113 1130 1112
f 1114 1131 1113
f 1114 1132 1131
f 1114 1133 1132
f 1115 1133 1114
f 1116 1133 1115
f 1116 1134 1133
f 1098 1134 1116
f 1098 1097 1134
f 1138 1155 1137
f 1138 1156 1155
f 1139 1157 1156
f 1139 1158 1157
f 1139 1156 1138
f 1140 1158 1139
f 1141 1159 1158
f 1141 1160 1159
f 1141 1158 1140
f 1142 1161 1160
f 1142 1160 1141
f 1143 1161 1142
f 1144 1162 1161
f 1144 1163 1162
f 1144 1161 1143
f 1145 1163 1144
f 1146 1164 1163
f 1146 1163 1145
f 1147 1165 1164
f 1147 1164 1146
f 1148 1166 1165
f 1148 1165 1147
f 1149 1167 1166
f 1149 1166 1148
f 1150 1168 1167
f 1150 1167 1149
f 1151 1169 1168
f 1151 1168 1150
f 1152 1169 1151
f 1152 1170 1169
f 1152 1171 1170
f 1153 1171 1152
f 1154 1171 1153
f 1154 1172 1171
f 1136 1172 1154
f 1136 1135 1172
f 1176 1193 1175
f 1176 1194 1193
f 1177 1195 1194
f 1177 1196 1195
f 1177 1194 1176
f 1178 1196 1177
f 1179 1197 1196
f 1179 1198 1197
f 1179 1196 1178
f 1180 1199 1198
f 1180 1198 1179
f 1181 1199 1180
f 1182 1200 1199
f 1182 1201 1200
f 1182 1199 1181
f 1183 1201 1182
f 1184 1202 1201
f 1184 1201 1183
f 1185 1203 1202
f 1185 1202 1184
f 1186 1204 1203
f 1186 1203 1185
f 1187 1205 1204
f 1187 1204 1186
f 1188 1206 1205
f 1188 1205 1187
f 1189 1207 1206
f 1189 1206 1188
f 1190 1207 1189
f 1190 1208 1207
f 1190 1209 1208
f 1191 1209 1190
f 1192 1209 1191
f 1192 1210 1209
f 1174 1210 1192
f 1174 1173 1210
f 1214 1231 1213
f 1214 1232 1231
f 1215 1233 1232
f 1215 1234 1233
f 1215 1232 1214
f 1216 1234 1215
f 1217 1235 1234
f 1217 1236 1235
f 1217 1234 1216
f 1218 1237 1236
f 1218 1236 1217
f 1219 1237 1218
f 1220 1238 1237
f 1220 1239 1238
f 1220 1237 1219
f 1221 1239 1220
f 1222 1240 1239
f 1222 1239 1221
f 1223 1241 1240
f 1223 1240 1222
f 1224 1242 1241
f 1224 1241 1223
f 1225 1243 1242
f 1225 1242 1224
f 1226 1244 1243
f 1226 1243 1225
f 1227 1245 1244
f 1227 1244 1226
f 1228 1245 1227
f 1228 1246 1245
f 1228 1247 1246
f 1229 1247 1228
f 1230 1247 1229
f 1230 1248 1247
f 1212 1248 1230
f 1212 1211 1248
f 1252 1269 1251
f 1252 1270 1269
f 1253 1271 1270
f 1253 1272 1271
f 1253 1270 1252
f 1254 1272 1253
f 1255 1273 1272
f 1255 1274 1273
f 1255 1272 1254
f 1256 1275 1274
f 1256 1274 1255
f 1257 1275 1256
f 1258 1276 1275
f 1258 1277 1276
f 1258 1275 1257
f 1259 1277 1258
f 1260 1278 1277
f 1260 1277 1259
f 1261 1279 1278
f 1261 1278 1260
f 1262 1280 1279
f 1262 1279 1261
f 1263 1281 1280
f 1263 1280 1262
f 1264 1282 1281
f 1264 1281 1263
f 1265 1283 1282
f 1265 1282 1264
f 1266 1283 1265
f 1266 1284 1283
f 1266 1285 1284
f 1267 1285 1266
f 1268 1285 1267
f 1268 1286 1285
f 1250 1286 1268
f 1250 1249 1286
f 1290 1307 1289
f 1290 1308 1307
f 1291 1309 1308
f 1291 1310 1309
f 1291 1308 1290
f 1292 1310 1291
f 1293 1311 1310
f 1293 1312 1311
f 1293 1310 1292
f 1294 1313 1312
f 1294 1312 1293
f 1295 1313 1294
f 1296 1314 1313
f 1296 1315 1314
f 1296 1313 1295
f 1297 1315 1296
f 1298 1316 1315
f 1298 1315 1297
f 1299 1317 1316
f 1299 1316 1298
f 1300 1318 1317
f 1300 1317 1299
f 1301 1319 1318
f 1301 1318 1300
f 1302 1320 1319
f 1302 1319 1301
f 1303 1321 1320
f 1303 1320 1302
f 1304 1321 1303
f 1304 1322 1321
f 1304 1323 1322
f 1305 1323 1304
f 1306 1323 1305
f 1306 1324 1323
f 1288 1324 1306
f 1288 1287 1324
f 1328 1345 1327
f 1328 1346 1345
f 1329 1347 1346
f 1329 1348 1347
f 1329 1346 1328
f 1330 1348 1329
f 1331 1349 1348
f 1331 1350 1349
f 1331 1348 1330
f 1332 1351 1350
f 1332 1350 1331
f 1333 1351 1332
f 1334 1352 1351
f 1334 1353 1352
f 1334 1351 1333
f 1335 1353 1334
f 1336 1354 1353
f 1336 1353 1335
f 1337 1355 1354
f 1337 1354 1336
f 1338 1356 1355
f 1338 1355 1337
f 1339 1357 1356
f 1339 1356 1338
f 1340 1358 1357
f 1340 1357 1339
f 1341 1359 1358
f 1341 1358 1340
f 1342 1359 1341
f 1342 1360 1359
f 1342 1361 1360
f 1343 1361 1342
f 1344 1361 1343
f 1344 1362 1361
f 1326 1362 1344
f 1326 1325 1362
f 1364 1382 1363
f 1364 1383 1382
f 1365 1384 1383
f 1365 1383 1364
f 1366 1385 1384
f 1366 1386 1385
f 1366 1384 1365
f 1367 1387 1386
f 1367 1386 1366
f 1368 1387 1367
f 1369 1388 1387
f 1369 1389 1388
f 1369 1387 1368
f 1370 1389 1369
f 1371 1390 1389
f 1371 1389 1370
f 1372 1391 1390
f 1372 1390 1371
f 1373 1392 1391
f 1373 1391 1372
f 1374 1393 1392
f 1374 1392 1373
f 1375 1394 1393
f 1375 1393 1374
f 1376 1395 1394
f 1376 1396 1395
f 1376 1394 1375
f 1377 1396 1376
f 1378 1396 1377
f 1378 1397 1396
f 1378 1398 1397
f 1379 1398 1378
f 1380 1398 1379
f 1380 1399 1398
f 1381 1399 1380
f 1381 1400 1399
f 1402 1420 1401
f 1402 1421 1420
f 1403 1422 1421
f 1403 1421 1402
f 1404 1423 1422
f 1404 1424 1423
f 1404 1422 1403
f 1405 1425 1424
f 1405 1424 1404
f 1406 1425 1405
f 1407 1426 1425
f 1407 1427 1426
f 1407 1425 1406
f 1408 1427 1407
f 1409 1428 1427
f 1409 1427 1408
f 1410 1429 1428
f 1410 1428 1409
f 1411 1430 1429
f 1411 1429 1410
f 1412 1431 1430
f 1412 1430 1411
f 1413 1432 1431
f 1413 1431 1412
f 1414 1433 1432
f 1414 1434 1433
f 1414 1432 1413
f 1415 1434 1414
f 1416 1434 1415
f 1416 1435 1434
f 1416 1436 1435
f 1417 1436 1416
f 1418 1436 1417
f 1418 1437 1436
f 1419 1437 1418
f 1419 1438 1437
f 1440 1458 1439
f 1440 1459 1458
f 1441 1460 1459
f 1441 1459 1440
f 1442 1461 1460
f 1442 1462 1461
f 1442 1460 1441
f 1443 1463 1462
f 1443 1462 1442
f 1444 1463 1443
f 1445 1464 1463
f 1445 1465 1464
f 1445 1463 1444
f 1446 1465 1445
f 1447 1466 1465
f 1447 1465 1446
f 1448 1467 1466
f 1448 1466 1447
f 1449 1468 1467
f 1449 1467 1448
f 1450 1469 1468
f 1450 1468 1449
f 1451 1470 1469
f 1451 1469 1450
f 1452 1471 1470
f 1452 1472 1471
f 1452 1470 1451
f 1453 1472 1452
f 1454 1472 1453
f 1454 1473 1472
f 1454 1474 1473
f 1455 1474 1454
f 1456 1474 1455
f 1456 1475 1474
f 1457 1475 1456
f 1457 1476 1475
f 1478 1496 1477
f 1478 1497 1496
f 1479 1498 1497
f 1479 1497 1478
f 1480 1499 1498
f 1480 1500 1499
f 1480 1498 1479
f 1481 1501 1500
f 1481 1500 1480
f 1482 1501 1481
f 1483 1502 1501
f 1483 1503 1502
f 1483 1501 1482
f 1484 1503 1483
f 1485 1504 1503
f 1485 1503 1484
f 1486 1505 1504
f 1486 1504 1485
f 1487 1506 1505
f 1487 1505 1486
f 1488 1507 1506
f 1488 1506 1487
f 1489 1508 1507
f 1489 1507 1488
f 1490 1509 1508
f 1490 1510 1509
f 1490 1508 1489
f 1491 1510 1490
f 1492 1510 1491
f 1492 1511 1510
f 1492 1512 1511
f 1493 1512 1492
f 1494 1512 1493
f 1494 1513 1512
f 1495 1513 1494
f 1495 1514 1513
f 1516 1534 1515
f 1516 1535 1534
f 1517 1536 1535
f 1517 1535 1516
f 1518 1537 1536
f 1518 1538 1537
f 1518 1536 1517
f 1519 1539 1538
f 1519 1538 1518
f 1520 1539 1519
f 1521 1540 1539
f 1521 1541 1540
f 1521 1539 1520
f 1522 1541 1521
f 1523 1542 1541
f 1523 1541 1522
f 1524 1543 1542
f 1524 1542 1523
f 1525 1544 1543
f 1525 1543 1524
f 1526 1545 1544
f 1526 1544 1525
f 1527 1546 1545
f 1527 1545 1526
f 1528 1547 1546
f 1528 1548 1547
f 1528 1546 1527
f 1529 1548 1528
f 1530 1548 1529
f 1530 1549 1548
f 1530 1550 1549
f 1531 1550 1530
f 1532 1550 1531
f 1532 1551 1550
f 1533 1551 1532
f 1533 1552 1551
f 1554 1572 1553
f 1554 1573 1572
f 1555 1574 1573
f 1555 1573 1554
f 1556 1575 1574
f 1556 1576 1575
f 1556 1574 1555
f 1557 1577 1576
f 1557 1576 1556
f 1558 1577 1557
f 1559 1578 1577
f 1559 1579 1578
f 1559 1577 1558
f 1560 1579 1559
f 1561 1580 1579
f 1561 1579 1560
f 1562 1581 1580
f 1562 1580 1561
f 1563 1582 1581
f 1563 1581 1562
f 1564 1583 1582
f 1564 1582 1563
f 1565 1584 1583
f 1565 1583 1564
f 1566 1585 1584
f 1566 1586 1585
f 1566 1584 1565
f 1567 1586 1566
f 1568 1586 1567
f 1568 1587 1586
f 1568 1588 1587
f 1569 1588 1568
f 1570 1588 1569
f 1570 1589 1588
f 1571 1589 1570
f 1571 1590 1589
f 1592 1610 1591
f 1592 1611 1610
f 1593 1612 1611
f 1593 1611 1592
f 1594 1613 1612
f 1594 1614 1613
f 1594 1612 1593
f 1595 1615 1614
f 1595 1614 1594
f 1596 1615 1595
f 1597 1616 1615
f 1597 1617 1616
f 1597 1615 1596
f 1598 1617 1597
f 1599 1618 1617
f 1599 1617 1598
f 1600 1619 1618
f 1600 1618 1599
f 1601 1620 1619
f 1601 1619 1600
f 1602 1621 1620
f 1602 1620 1601
f 1603 1622 1621
f 1603 1621 1602
f 1604 1623 1622
f 1604 1624 1623
f 1604 1622 1603
f 1605 1624 1604
f 1606 1624 1605
f 1606 1625 1624
f 1606 1626 1625
f 1607 1626 1606
f 1608 1626 1607
f 1608 1627 1626
f 1609 1627 1608
f 1609 1628 1627
f 1630 1648 1629
f 1630 1649 1648
f 1631 1650 1649
f 1631 1649 1630
f 1632 1651 1650
f 1632 1652 1651
f 1632 1650 1631
f 1633 1653 1652
f 1633 1652 1632
f 1634 1653 1633
f 1635 1654 1653
f 1635 1655 1654
f 1635 1653 1634
f 1636 1655 1635
f 1637 1656 1655
f 1637 1655 1636
f 1638 1657 1656
f 1638 1656 1637
f 1639 1658 1657
f 1639 1657 1638
f 1640 1659 1658
f 1640 1658 1639
f 1641 1660 1659
f 1641 1659 1640
f 1642 1661 1660
f 1642 1662 1661
f 1642 1660 1641
f 1643 1662 1642
f 1644 1662 1643
f 1644 1663 1662
f 1644 1664 1663
f 1645 1664 1644
f 1646 1664 1645
f 1646 1665 1664
f 1647 1665 1646
f 1647 1666 1665
f 1668 1686 1667
f 1668 1687 1686
f 1669 1688 1687
f 1669 1687 1668
f 1670 1689 1688
f 1670 1690 1689
f 1670 1688 1669
f 1671 1691 1690
f 1671 1690 1670
f 1672 1691 1671
f 1673 1692 1691
f 1673 1693 1692
f 1673 1691 1672
f 1674 1693 1673
f 1675 1694 1693
f 1675 1693 1674
f 1676 1695 1694
f 1676 1694 1675
f 1677 1696 1695
f 1677 1695 1676
f 1678 1697 1696
f 1678 1696 1677
f 1679 1698 1697
f 1679 1697 1678
f 1680 1699 1698
f 1680 1700 1699
f 1680 1698 1679
f 1681 1700 1680
f 1682 1700 1681
f 1682 1701 1700
f 1682 1702 1701
f 1683 1702 1682
f 1684 1702 1683
f 1684 1703 1702
f 1685 1703 1684
f 1685 1704 1703
f 1706 1724 1705
f 1706 1725 1724
f 1707 1726 1725
f 1707 1725 1706
f 1708 1727 1726
f 1708 1728 1727
f 1708 1726 1707
f 1709 1729 1728
f 1709 1728 1708
f 1710 1729 1709
f 1711 1730 1729
f 1711 1731 1730
f 1711 1729 1710
f 1712 1731 1711
f 1713 1732 1731
f 1713 1731 1712
f 1714 1733 1732
f 1714 1732 1713
f 1715 1734 1733
f 1715 1733 1714
f 1716 1735 1734
f 1716 1734 1715
f 1717 1736 1735
f 1717 1735 1716
f 1718 1737 1736
f 1718 1738 1737
f 1718 1736 1717
f 1719 1738 1718
f 1720 1738 1719
f 1720 1739 1738
f 1720 1740 1739
f 1721 1740 1720
f 1722 1740 1721
f 1722 1741 1740
f 1723 1741 1722
f 1723 1742 1741
f 1744 1762 1743
f 1744 1763 1762
f 1745 1764 1763
f 1745 1763 1744
f 1746 1765 1764
f 1746 1766 1765
f 1746 1764 1745
f 1747 1767 1766
f 1747 1766 1746
f 1748 1767 1747
f 1749 1768 1767
f 1749 1769 1768
f 1749 1767 1748
f 1750 1769 1749
f 1751 1770 1769
f 1751 1769 1750
f 1752 1771 1770
f 1752 1770 1751
f 1753 1772 1771
f 1753 1771 1752
f 1754 1773 1772
f 1754 1772 1753
f 1755 1774 1773
f 1755 1773 1754
f 1756 1775 1774
f 1756 1776 1775
f 1756 1774 1755
f 1757 1776 1756
f 1758 1776 1757
f 1758 1777 1776
f 1758 1778 1777
f 1759 1778 1758
f 1760 1778 1759
f 1760 1779 1778
f 1761 1779 1760
f 1761 1780 1779
f 1782 1800 1781
f 1782 1801 1800
f 1783 1802 1801
f 1783 1801 1782
f 1784 1803 1802
f 1784 1804 1803
f 1784 1802 1783
f 1785 1805 1804
f 1785 1804 1784
f 1786 1805 1785
f 1787 1806 1805
f 1787 1807 1806
f 1787 1805 1786
f 1788 1807 1787
f 1789 1808 1807
f 1789 1807 1788
f 1790 1809 1808
f 1790 1808 1789
f 1791 1810 1809
f 1791 1809 1790
f 1792 1811 1810
f 1792 1810 1791
f 1793 1812 1811
f 1793 1811 1792
f 1794 1813 1812
f 1794 1814 1813
f 1794 1812 1793
f 1795 1814 1794
f 1796 1814 1795
f 1796 1815 1814
f 1796 1816 1815
f 1797 1816 1796
f 1798 1816 1797
f 1798 1817 1816
f 1799 1817 1798
f 1799 1818 1817
f 1820 1838 1819
f 1820 1839 1838
f 1821 1840 1839
f 1821 1839 1820
f 1822 1841 1840
f 1822 1842 1841
f 1822 1840 1821
f 1823 1843 1842
f 1823 1842 1822
f 1824 1843 1823
f 1825 1844 1843
f 1825 1845 1844
f 1825 1843 1824
f 1826 1845 1825
f 1827 1846 1845
f 1827 1845 1826
f 1828 1847 1846
f 1828 1846 1827
f 1829 1848 1847
f 1829 1847 1828
f 1830 1849 1848
f 1830 1848 1829
f 1831 1850 1849
f 1831 1849 1830
f 1832 1851 1850
f 1832 1852 1851
f 1832 1850 1831
f 1833 1852 1832
f 1834 1852 1833
f 1834 1853 1852
f 1834 1854 1853
f 1835 1854 1834
f 1836 1854 1835
f 1836 1855 1854
f 1837 1855 1836
f 1837 1856 1855
f 1858 1876 1857
f 1858 1877 1876
f 1859 1878 1877
f 1859 1877 1858
f 1860 1879 1878
f 1860 1880 1879
f 1860 1878 1859
f 1861 1881 1880
f 1861 1880 1860
f 1862 1881 1861
f 1863 1882 1881
f 1863 1883 1882
f 1863 1881 1862
f 1864 1883 1863
f 1865 1884 1883
f 1865 1883 1864
f 1866 1885 1884
f 1866 1884 1865
f 1867 1886 1885
f 1867 1885 1866
f 1868 1887 1886
f 1868 1886 1867
f 1869 1888 1887
f 1869 1887 1868
f 1870 1889 1888
f 1870 1890 1889
f 1870 1888 1869
f 1871 1890 1870
f 1872 1890 1871
f 1872 1891 1890
f 1872 1892 1891
f 1873 1892 1872
f 1874 1892 1873
f 1874 1893 1892
f 1875 1893 1874
f 1875 1894 1893
f 1896 1914 1895
f 1896 1915 1914
f 1897 1916 1915
f 1897 1915 1896
f 1898 1917 1916
f 1898 1918 1917
f 1898 1916 1897
f 1899 1919 1918
f 1899 1918 1898
f 1900 1919 1899
f 1901 1920 1919
f 1901 1921 1920
f 1901 1919 1900
f 1902 1921 1901
f 1903 1922 1921
f 1903 1921 1902
f 1904 1923 1922
f 1904 1922 1903
f 1905 1924 1923
f 1905 1923 1904
f 1906 1925 1924
f 1906 1924 1905
f 1907 1926 1925
f 1907 1925 1906
f 1908 1927 1926
f 1908 1928 1927
f 1908 1926 1907
f 1909 1928 1908
f 1910 1928 1909
f 1910 1929 1928
f 1910 1930 1929
f 1911 1930 1910
f 1912 1930 1911
f 1912 1931 1930
f 1913 1931 1912
f 1913 1932 1931
f 1934 1952 1933
f 1934 1953 1952
f 1935 1954 1953
f 1935 1953 1934
f 1936 1955 1954
f 1936 1956 1955
f 1936 1954 1935
f 1937 1957 1956
f 1937 1956 1936
f 1938 1957 1937
f 1939 1958 1957
f 1939 1959 1958
f 1939 1957 1938
f 1940 1959 1939
f 1941 1960 1959
f 1941 1959 1940
f 1942 1961 1960
f 1942 1960 1941
f 1943 1962 1961
f 1943 1961 1942
f 1944 1963 1962
f 1944 1962 1943
f 1945 1964 1963
f 1945 1963 1944
f 1946 1965 1964
f 1946 1966 1965
f 1946 1964 1945
f 1947 1966 1946
f 1948 1966 1947
f 1948 1967 1966
f 1948 1968 1967
f 1949 1968 1948
f 1950 1968 1949
f 1950 1969 1968
f 1951 1969 1950
f 1951 1970 1969
f 1972 1990 1971
f 1972 1991 1990
f 1973 1992 1991
f 1973 1991 1972
f 1974 1993 1992
f 1974 1994 1993
f 1974 1992 1973
f 1975 1995 1994
f 1975 1994 1974
f 1976 1995 1975
f 1977 1996 1995
f 1977 1997 1996
f 1977 1995 1976
f 1978 1997 1977
f 1979 1998 1997
f 1979 1997 1978
f 1980 1999 1998
f 1980 1998 1979
f 1981 2000 1999
f 1981 1999 1980
f 1982 2001 2000
f 1982 2000 1981
f 1983 2002 2001
f 1983 2001 1982
f 1984 2003 2002
f 1984 2004 2003
f 1984 2002 1983
f 1985 2004 1984
f 1986 2004 1985
f 1986 2005 2004
f 1986 2006 2005
f 1987 2006 1986
f 1988 2006 1987
f 1988 2007 2006
f 1989 2007 1988
f 1989 2008 2007
f 2010 2028 2009
f 2010 2029 2028
f 2011 2030 2029
f 2011 2029 2010
f 2012 2031 2030
f 2012 2032 2031
f 2012 2030 2011
f 2013 2033 2032
f 2013 2032 2012
f 2014 2033 2013
f 2015 2034 2033
f 2015 2035 2034
f 2015 2033 2014
f 2016 2035 2015
f 2017 2036 2035
f 2017 2035 2016
f 2018 2037 2036
f 2018 2036 2017
f 2019 2038 2037
f 2019 2037 2018
f 2020 2039 2038
f 2020 2038 2019
f 2021 2040 2039
f 2021 2039 2020
f 2022 2041 2040
f 2022 2042 2041
f 2022 2040 2021
f 2023 2042 2022
f 2024 2042 2023
f 2024 2043 2042
f 2024 2044 2043
f 2025 2044 2024
f 2026 2044 2025
f 2026 2045 2044
f 2027 2045 2026
f 2027 2046 2045
f 2048 2066 2047
f 2048 2067 2066
f 2049 2068 2067
f 2049 2067 2048
f 2050 2069 2068
f 2050 2070 2069
f 2050 2068 2049
f 2051 2071 2070
f 2051 2070 2050
f 2052 2071 2051
f 2053 2072 2071
f 2053 2073 2072
f 2053 2071 2052
f 2054 2073 2053
f 2055 2074 2073
f 2055 2073 2054
f 2056 2075 2074
f 2056 2074 2055
f 2057 2076 2075
f 2057 2075 2056
f 2058 2077 2076
f 2058 2076 2057
f 2059 2078 2077
f 2059 2077 2058
f 2060 2079 2078
f 2060 2080 2079
f 2060 2078 2059
f 2061 2080 2060
f 2062 2080 2061
f 2062 2081 2080
f 2062 2082 2081
f 2063 2082 2062
f 2064 2082 2063
f 2064 2083 2082
f 2065 2083 2064
f 2065 2084 2083
f 2086 2104 2085
f 2086 2105 2104
f 2087 2106 2105
f 2087 2105 2086
f 2088 2107 2106
f 2088 2108 2107
f 2088 2106 2087
f 2089 2109 2108
f 2089 2108 2088
f 2090 2109 2089
f 2091 2110 2109
f 2091 2111 2110
f 2091 2109 2090
f 2092 2111 2091
f 2093 2112 2111
f 2093 2111 2092
f 2094 2113 2112
f 2094 2112 2093
f 2095 2114 2113
f 2095 2113 2094
f 2096 2115 2114
f 2096 2114 2095
f 2097 2116 2115
f 2097 2115 2096
f 2098 2117 2116
f 2098 2118 2117
f 2098 2116 2097
f 2099 2118 2098
f 2100 2118 2099
f 2100 2119 2118
f 2100 2120 2119
f 2101 2120 2100
f 2102 2120 2101
f 2102 2121 2120
f 2103 2121 2102
f 2103 2122 2121
f 2124 2123 2125
f 2134 2125 2126
f 2134 2124 2125
f 2133 2126 2127
f 2133 2134 2126
f 2132 2127 2128
f 2132 2133 2127
f 2131 2128 2129
f 2131 2132 2128
f 2130 2131 2129
f 2135 2138 2137
f 2135 2136 2138
f 2158 2159 2160
f 2157 2160 2161
f 2157 2158 2160
f 2156 2161 2162
f 2156 2157 2161
f 2155 2162 2163
f 2155 2156 2162
f 2154 2163 2164
f 2154 2155 2163
f 2153 2164 2165
f 2153 2154 2164
f 2152 2165 2166
f 2152 2153 2165
f 2151 2166 2167
f 2151 2152 2166
f 2150 2151 2167
f 2149 2167 2168
f 2149 2168 2169
f 2149 2150 2167
f 2148 2169 2170
f 2148 2149 2169
f 2147 2170 2171
f 2147 2148 2170
f 2146 2171 2172
f 2146 2147 2171
f 2145 2172 2173
f 2145 2146 2172
f 2144 2173 2174
f 2144 2145 2173
f 2143 2144 2174
f 2143 2174 2175
f 2142 2143 2175
f 2141 2142 2175
f 2141 2175 2176
f 2141 2176 2139
f 2140 2141 2139
f 2180 2179 2177
f 2178 2180 2177
f 2261 2211 2212
f 2261 2212 2262
f 2370 2217 2218
f 2369 2217 2370
f 2263 2262 2212
f 2260 2211 2261
f 2371 2370 2218
f 2368 2217 2369
f 2264 2212 2213
f 2264 2263 2212
f 2259 2211 2260
f 2372 2371 2218
f 2367 2217 2368
f 2367 2216 2217
f 2265 2264 2213
f 2258 2211 2259
f 2373 2372 2218
f 2366 2216 2367
f 2219 2373 2218
f 2210 2211 2258
f 2266 2265 2213
f 2266 2213 2214
f 2257 2210 2258
f 2374 2373 2219
f 2365 2215 2216
f 2365 2216 2366
f 2267 2266 2214
f 2267 2214 2215
f 2256 2210 2257
f 2375 2374 2219
f 2364 2215 2365
f 2364 2267 2215
f 2268 2267 2364
f 2363 2268 2364
f 2209 2210 2256
f 2209 2256 2255
f 2220 2375 2219
f 2220 2376 2375
f 2269 2268 2363
f 2254 2209 2255
f 2377 2376 2220
f 2362 2269 2363
f 2270 2269 2362
f 2253 2209 2254
f 2378 2377 2220
f 2361 2270 2362
f 2208 2209 2253
f 2271 2270 2361
f 2252 2208 2253
f 2360 2271 2361
f 2221 2378 2220
f 2221 2379 2378
f 2272 2271 2360
f 2251 2208 2252
f 2380 2379 2221
f 2359 2272 2360
f 2381 2380 2221
f 2358 2272 2359
f 2358 2273 2272
f 2207 2251 2250
f 2207 2208 2251
f 2274 2273 2358
f 2249 2207 2250
f 2357 2274 2358
f 2239 2274 2357
f 2356 2239 2357
f 2222 2347 2382
f 2222 2381 2221
f 2222 2382 2381
f 2206 2207 2249
f 2206 2248 2247
f 2206 2249 2248
f 2223 2347 2222
f 2223 2348 2347
f 2205 2206 2247
f 2205 2247 2246
f 2224 2348 2223
f 2297 2244 2243
f 2297 2245 2244
f 2297 2243 2298
f 2333 2352 2351
f 2333 2353 2352
f 2334 2333 2351
f 2334 2351 2350
f 2299 2243 2242
f 2299 2298 2243
f 2296 2245 2297
f 2332 2353 2333
f 2335 2350 2349
f 2335 2334 2350
f 2300 2299 2242
f 2300 2242 2241
f 2295 2246 2245
f 2295 2205 2246
f 2295 2245 2296
f 2336 2335 2349
f 2331 2354 2353
f 2331 2353 2332
f 2301 2241 2240
f 2301 2300 2241
f 2294 2204 2205
f 2294 2205 2295
f 2337 2348 2224
f 2337 2349 2348
f 2337 2336 2349
f 2330 2355 2354
f 2330 2354 2331
f 2302 2239 2356
f 2302 2301 2240
f 2302 2240 2239
f 2293 2204 2294
f 2338 2337 2224
f 2338 2224 2225
f 2329 2356 2355
f 2329 2302 2356
f 2329 2355 2330
f 2292 2204 2293
f 2292 2203 2204
f 2339 2338 2225
f 2328 2302 2329
f 2328 2303 2302
f 2291 2203 2292
f 2340 2339 2225
f 2327 2304 2303
f 2327 2303 2328
f 2290 2202 2203
f 2290 2203 2291
f 2326 2305 2304
f 2326 2304 2327
f 2226 2340 2225
f 2226 2341 2340
f 2306 2305 2326
f 2289 2202 2290
f 2342 2341 2226
f 2325 2306 2326
f 2288 2201 2202
f 2288 2202 2289
f 2343 2342 2226
f 2324 2307 2306
f 2324 2306 2325
f 2287 2201 2288
f 2323 2308 2307
f 2323 2307 2324
f 2227 2343 2226
f 2227 2344 2343
f 2345 2344 2227
f 2322 2309 2308
f 2322 2308 2323
f 2346 2345 2227
f 2228 2311 2346
f 2228 2346 2227
f 2312 2311 2228
f 3162 2286 2285
f 3162 3161 2286
f 3160 2287 2286
f 3160 2286 3161
f 3163 3162 2285
f 2229 2313 2312
f 2229 2314 2313
f 2229 2315 2314
f 2229 2312 2228
f 3159 2287 3160
f 3159 2201 2287
f 3164 3163 2285
f 3165 2285 2284
f 3165 3164 2285
f 3158 2200 2201
f 3158 2201 3159
f 3166 3165 2284
f 3157 2200 3158
f 3156 2200 3157
f 3167 2284 2283
f 3167 3166 2284
f 3168 3167 2283
f 3155 2200 3156
f 3169 3168 2283
f 3154 2200 3155
f 3170 2283 2282
f 3170 3169 2283
f 3153 2200 3154
f 3171 3170 2282
f 3172 2282 2281
f 3172 3171 2282
f 3173 3172 2281
f 2230 2315 2229
f 2230 2316 2315
f 2230 2317 2316
f 2231 2317 2230
f 2231 2318 2317
f 2231 2319 2318
f 2232 2320 2319
f 2232 2321 2320
f 2232 2319 2231
f 2233 2321 2232
f 2233 2310 2309
f 2233 2322 2321
f 2233 2309 2322
f 2234 2275 2310
f 2234 2310 2233
f 2234 2276 2275
f 2235 2276 2234
f 2235 2277 2276
f 2235 2278 2277
f 3126 3152 3151
f 3125 3153 3152
f 3125 2200 3153
f 3125 3152 3126
f 3127 3126 3151
f 3124 2200 3125
f 2236 2278 2235
f 2236 2279 2278
f 2236 2280 2279
f 3128 3127 3151
f 3128 3151 3150
f 3123 2200 3124
f 3129 3128 3150
f 3129 3150 3149
f 3122 2200 3123
f 3130 3129 3149
f 3130 3149 3148
f 3121 2200 3122
f 3131 3130 3148
f 3131 3148 3147
f 3120 2200 3121
f 3132 3131 3147
f 3132 3146 3145
f 3132 3147 3146
f 3119 2200 3120
f 3133 3132 3145
f 3133 3145 3144
f 3134 3133 3144
f 3134 3144 3143
f 3135 3134 3143
f 2237 2280 2236
f 2237 3173 2281
f 2237 3174 3173
f 2237 2281 2280
f 2238 3104 3103
f 2238 3105 3104
f 2238 3136 3135
f 2238 3137 3136
f 2238 3138 3137
f 2238 3135 3143
f 2238 3103 3138
f 2238 3140 3139
f 2238 3141 3140
f 2238 3142 3141
f 2238 3143 3142
f 2238 3174 2237
f 2238 3139 3174
f 3089 3117 3116
f 3089 3116 3090
f 3088 3118 3117
f 3088 3117 3089
f 3091 3116 3115
f 3091 3090 3116
f 3087 3119 3118
f 3087 2200 3119
f 3087 3118 3088
f 3092 3115 3114
f 3092 3091 3115
f 3086 2200 3087
f 3093 3114 3113
f 3093 3092 3114
f 3094 3113 3112
f 3094 3093 3113
f 3085 2200 3086
f 3084 2200 3085
f 3095 3112 3111
f 3095 3094 3112
f 3096 3111 3110
f 3096 3095 3111
f 3097 3096 3110
f 3097 3109 3108
f 3097 3110 3109
f 3098 3097 3108
f 3098 3108 3107
f 3099 3098 3107
f 3100 3106 3105
f 3100 3107 3106
f 3100 3099 3107
f 3101 3100 3105
f 3101 3105 2238
f 3102 3101 2238
f 3067 3102 2238
f 3068 3067 2238
f 3053 3081 3080
f 3054 3053 3080
f 3055 3054 3080
f 3055 3080 3079
f 3052 3081 3053
f 3052 3082 3081
f 3051 3082 3052
f 3051 3083 3082
f 3051 3084 3083
f 3056 3055 3079
f 3056 3078 3077
f 3056 3079 3078
f 3057 3056 3077
f 3050 2200 3084
f 3050 3084 3051
f 3049 2200 3050
f 3058 3057 3077
f 3058 3077 3076
f 3059 3058 3076
f 3059 3076 3075
f 3060 3074 3073
f 3060 3075 3074
f 3060 3059 3075
f 3061 3060 3073
f 3062 3061 3073
f 3062 3073 3072
f 3063 3062 3072
f 3063 3072 3071
f 3064 3063 3071
f 3064 3071 3070
f 3065 3064 3070
f 3065 3069 3068
f 3065 3070 3069
f 3066 3068 2238
f 3066 3065 3068
f 3031 3066 2238
f 3018 3045 3044
f 3017 3045 3018
f 3019 3044 3043
f 3019 3018 3044
f 3016 3046 3045
f 3016 3045 3017
f 3015 3046 3016
f 3015 3047 3046
f 3020 3019 3043
f 3020 3043 3042
f 3014 3047 3015
f 3014 3048 3047
f 3021 3020 3042
f 3021 3042 3041
f 3022 3041 3040
f 3022 3021 3041
f 3013 3048 3014
f 3013 3049 3048
f 3013 2200 3049
f 3023 3040 3039
f 3023 3022 3040
f 3024 3039 3038
f 3024 3023 3039
f 3025 3037 3036
f 3025 3038 3037
f 3025 3024 3038
f 3026 3025 3036
f 3027 3035 3034
f 3027 3036 3035
f 3027 3026 3036
f 3028 3027 3034
f 3029 3033 3032
f 3029 3034 3033
f 3029 3028 3034
f 3030 3029 3032
f 2995 3031 2238
f 2995 3030 3032
f 2995 3032 3031
f 2981 3009 3008
f 2981 3008 2982
f 2983 3008 3007
f 2983 2982 3008
f 2980 3009 2981
f 2980 3010 3009
f 2980 3011 3010
f 2984 2983 3007
f 2984 3007 3006
f 2979 3012 3011
f 2979 3011 2980
f 2985 3005 3004
f 2985 3006 3005
f 2985 2984 3006
f 2978 3012 2979
f 2977 3012 2978
f 2977 3013 3012
f 2977 2200 3013
f 2986 2985 3004
f 2987 2986 3004
f 2987 3004 3003
f 2988 3002 3001
f 2988 3003 3002
f 2988 2987 3003
f 2989 2988 3001
f 2990 3001 3000
f 2990 2989 3001
f 2991 3000 2999
f 2991 2990 3000
f 2992 2999 2998
f 2992 2991 2999
f 2993 2998 2997
f 2993 2992 2998
f 2994 2997 2996
f 2994 2993 2997
f 2959 2996 2995
f 2959 2994 2996
f 2959 2995 2238
f 2946 2945 2973
f 2946 2973 2972
f 2947 2972 2971
f 2947 2946 2972
f 2944 2973 2945
f 2944 2974 2973
f 2943 2974 2944
f 2943 2975 2974
f 2948 2970 2969
f 2948 2971 2970
f 2948 2947 2971
f 2949 2948 2969
f 2942 2976 2975
f 2942 2975 2943
f 2942 2977 2976
f 2941 2200 2977
f 2941 2977 2942
f 2950 2949 2969
f 2950 2968 2967
f 2950 2969 2968
f 2951 2950 2967
f 2952 2951 2967
f 2952 2966 2965
f 2952 2967 2966
f 2953 2952 2965
f 2953 2965 2964
f 2954 2953 2964
f 2955 2964 2963
f 2955 2954 2964
f 2956 2955 2963
f 2956 2962 2961
f 2956 2963 2962
f 2957 2956 2961
f 2957 2961 2960
f 2958 2957 2960
f 2923 2959 2238
f 2923 2958 2960
f 2923 2960 2959
f 2909 2936 2910
f 2909 2937 2936
f 2908 2937 2909
f 2908 2938 2937
f 2908 2939 2938
f 2911 2910 2936
f 2911 2935 2934
f 2911 2936 2935
f 2907 2939 2908
f 2912 2911 2934
f 2913 2912 2934
f 2913 2934 2933
f 2906 2940 2939
f 2906 2941 2940
f 2906 2939 2907
f 2905 2941 2906
f 2914 2933 2932
f 2914 2913 2933
f 2915 2932 2931
f 2915 2914 2932
f 2916 2931 2930
f 2916 2915 2931
f 2917 2916 2930
f 2917 2930 2929
f 2918 2917 2929
f 2918 2928 2927
f 2918 2929 2928
f 2919 2918 2927
f 2920 2919 2927
f 2920 2926 2925
f 2920 2927 2926
f 2921 2920 2925
f 2922 2925 2924
f 2922 2921 2925
f 2887 2924 2923
f 2887 2922 2924
f 2873 2901 2900
f 2873 2900 2874
f 2872 2902 2901
f 2872 2903 2902
f 2872 2901 2873
f 2875 2900 2899
f 2875 2874 2900
f 2876 2899 2898
f 2876 2875 2899
f 2871 2904 2903
f 2871 2903 2872
f 2877 2898 2897
f 2877 2876 2898
f 2870 2905 2904
f 2870 2904 2871
f 2869 2905 2870
f 2878 2896 2895
f 2878 2897 2896
f 2878 2877 2897
f 2879 2878 2895
f 2880 2895 2894
f 2880 2879 2895
f 2881 2894 2893
f 2881 2880 2894
f 2882 2892 2891
f 2882 2893 2892
f 2882 2881 2893
f 2883 2891 2890
f 2883 2882 2891
f 2884 2890 2889
f 2884 2883 2890
f 2885 2889 2888
f 2885 2884 2889
f 2886 2885 2888
f 2851 2888 2887
f 2851 2886 2888
f 2838 2837 2865
f 2838 2865 2864
f 2836 2865 2837
f 2836 2866 2865
f 2836 2867 2866
f 2839 2838 2864
f 2839 2864 2863
f 2840 2839 2863
f 2840 2862 2861
f 2840 2863 2862
f 2835 2867 2836
f 2835 2868 2867
f 2834 2868 2835
f 2834 2869 2868
f 2841 2840 2861
f 2833 2869 2834
f 2842 2841 2861
f 2842 2861 2860
f 2843 2842 2860
f 2843 2859 2858
f 2843 2860 2859
f 2844 2843 2858
f 2845 2857 2856
f 2845 2858 2857
f 2845 2844 2858
f 2846 2845 2856
f 2846 2856 2855
f 2847 2846 2855
f 2848 2855 2854
f 2848 2847 2855
f 2849 2854 2853
f 2849 2848 2854
f 2850 2852 2851
f 2850 2853 2852
f 2850 2849 2853
f 2815 2850 2851
f 2802 2801 2829
f 2802 2829 2828
f 2800 2829 2801
f 2800 2830 2829
f 2800 2831 2830
f 2803 2802 2828
f 2803 2828 2827
f 2804 2827 2826
f 2804 2803 2827
f 2799 2831 2800
f 2799 2832 2831
f 2798 2833 2832
f 2798 2832 2799
f 2805 2826 2825
f 2805 2804 2826
f 2797 2833 2798
f 2806 2824 2823
f 2806 2825 2824
f 2806 2805 2825
f 2807 2806 2823
f 2808 2823 2822
f 2808 2807 2823
f 2809 2822 2821
f 2809 2808 2822
f 2810 2821 2820
f 2810 2809 2821
f 2811 2819 2818
f 2811 2820 2819
f 2811 2810 2820
f 2812 2818 2817
f 2812 2811 2818
f 2813 2812 2817
f 2814 2813 2817
f 2814 2816 2815
f 2814 2817 2816
f 2779 2814 2815
f 2766 2792 2791
f 2766 2793 2792
f 2766 2765 2793
f 2764 2794 2793
f 2764 2793 2765
f 2767 2766 2791
f 2768 2791 2790
f 2768 2767 2791
f 2763 2795 2794
f 2763 2796 2795
f 2763 2794 2764
f 2762 2796 2763
f 2769 2790 2789
f 2769 2768 2790
f 2761 2797 2796
f 2761 2796 2762
f 2770 2788 2787
f 2770 2789 2788
f 2770 2769 2789
f 2771 2770 2787
f 2772 2787 2786
f 2772 2771 2787
f 2773 2772 2786
f 2773 2786 2785
f 2774 2773 2785
f 2774 2784 2783
f 2774 2785 2784
f 2775 2774 2783
f 2776 2775 2783
f 2776 2782 2781
f 2776 2783 2782
f 2777 2776 2781
f 2777 2781 2780
f 2778 2777 2780
f 2743 2778 2780
f 2743 2780 2779
f 2730 2729 2757
f 2730 2756 2755
f 2730 2757 2756
f 2728 2757 2729
f 2728 2758 2757
f 2728 2759 2758
f 2731 2730 2755
f 2732 2731 2755
f 2732 2754 2753
f 2732 2755 2754
f 2727 2759 2728
f 2727 2760 2759
f 2733 2732 2753
f 2726 2760 2727
f 2726 2761 2760
f 2725 2761 2726
f 2734 2733 2753
f 2734 2752 2751
f 2734 2753 2752
f 2735 2734 2751
f 2736 2735 2751
f 2736 2750 2749
f 2736 2751 2750
f 2737 2736 2749
f 2738 2737 2749
f 2738 2749 2748
f 2739 2738 2748
f 2739 2747 2746
f 2739 2748 2747
f 2740 2739 2746
f 2740 2746 2745
f 2741 2740 2745
f 2742 2741 2745
f 2742 2745 2744
f 2707 2742 2744
f 2707 2744 2743
f 2694 2720 2719
f 2694 2721 2720
f 2694 2693 2721
f 2692 2722 2721
f 2692 2721 2693
f 2692 2723 2722
f 2695 2694 2719
f 2696 2719 2718
f 2696 2695 2719
f 2691 2723 2692
f 2691 2724 2723
f 2697 2718 2717
f 2697 2696 2718
f 2690 2724 2691
f 2698 2717 2716
f 2698 2697 2717
f 2689 2725 2724
f 2689 2724 2690
f 2699 2716 2715
f 2699 2698 2716
f 2700 2714 2713
f 2700 2715 2714
f 2700 2699 2715
f 2701 2700 2713
f 2702 2701 2713
f 2702 2713 2712
f 2703 2702 2712
f 2703 2712 2711
f 2704 2703 2711
f 2704 2710 2709
f 2704 2711 2710
f 2705 2704 2709
f 2705 2709 2708
f 2706 2705 2708
f 2671 2708 2707
f 2671 2706 2708
f 2657 2685 2684
f 2658 2657 2684
f 2658 2684 2683
f 2656 2686 2685
f 2656 2685 2657
f 2659 2658 2683
f 2660 2659 2683
f 2660 2683 2682
f 2655 2687 2686
f 2655 2688 2687
f 2655 2686 2656
f 2661 2660 2682
f 2661 2682 2681
f 2654 2689 2688
f 2654 2688 2655
f 2653 2689 2654
f 2662 2661 2681
f 2662 2680 2679
f 2662 2681 2680
f 2663 2662 2679
f 2664 2663 2679
f 2664 2679 2678
f 2665 2664 2678
f 2665 2678 2677
f 2666 2665 2677
f 2666 2677 2676
f 2667 2666 2676
f 2667 2676 2675
f 2668 2674 2673
f 2668 2675 2674
f 2668 2667 2675
f 2669 2668 2673
f 2670 2672 2671
f 2670 2673 2672
f 2670 2669 2673
f 2635 2670 2671
f 2622 2621 2649
f 2622 2648 2647
f 2622 2649 2648
f 2620 2649 2621
f 2620 2650 2649
f 2623 2622 2647
f 2624 2623 2647
f 2624 2646 2645
f 2624 2647 2646
f 2619 2650 2620
f 2619 2651 2650
f 2618 2652 2651
f 2618 2651 2619
f 2625 2624 2645
f 2617 2652 2618
f 2617 2653 2652
f 2626 2645 2644
f 2626 2625 2645
f 2627 2626 2644
f 2627 2644 2643
f 2628 2627 2643
f 2628 2643 2642
f 2629 2628 2642
f 2629 2642 2641
f 2630 2629 2641
f 2630 2640 2639
f 2630 2641 2640
f 2631 2630 2639
f 2632 2631 2639
f 2632 2638 2637
f 2632 2639 2638
f 2633 2637 2636
f 2633 2632 2637
f 2634 2633 2636
f 2599 2636 2635
f 2599 2634 2636
f 2585 2613 2612
f 2586 2585 2612
f 2584 2614 2613
f 2584 2613 2585
f 2587 2612 2611
f 2587 2586 2612
f 2588 2610 2609
f 2588 2611 2610
f 2588 2587 2611
f 2583 2615 2614
f 2583 2616 2615
f 2583 2614 2584
f 2582 2617 2616
f 2582 2616 2583
f 2589 2588 2609
f 2581 2617 2582
f 2590 2609 2608
f 2590 2589 2609
f 2591 2608 2607
f 2591 2590 2608
f 2592 2607 2606
f 2592 2591 2607
f 2593 2606 2605
f 2593 2592 2606
f 2594 2605 2604
f 2594 2593 2605
f 2595 2594 2604
f 2595 2604 2603
f 2596 2602 2601
f 2596 2603 2602
f 2596 2595 2603
f 2597 2601 2600
f 2597 2596 2601
f 2598 2600 2599
f 2598 2597 2600
f 2563 2598 2599
f 2550 2549 2577
f 2550 2577 2576
f 2548 2577 2549
f 2548 2578 2577
f 2548 2579 2578
f 2551 2550 2576
f 2551 2576 2575
f 2552 2551 2575
f 2552 2575 2574
f 2547 2579 2548
f 2546 2579 2547
f 2546 2580 2579
f 2546 2581 2580
f 2553 2552 2574
f 2553 2573 2572
f 2553 2574 2573
f 2545 2581 2546
f 2554 2553 2572
f 2555 2554 2572
f 2555 2572 2571
f 2556 2571 2570
f 2556 2555 2571
f 2557 2556 2570
f 2557 2570 2569
f 2558 2569 2568
f 2558 2557 2569
f 2559 2558 2568
f 2559 2568 2567
f 2560 2559 2567
f 2560 2566 2565
f 2560 2567 2566
f 2561 2560 2565
f 2561 2565 2564
f 2562 2561 2564
f 2562 2564 2563
f 2527 2562 2563
f 2514 2540 2539
f 2514 2541 2540
f 2514 2513 2541
f 2512 2542 2541
f 2512 2543 2542
f 2512 2541 2513
f 2515 2514 2539
f 2511 2544 2543
f 2511 2543 2512
f 2516 2515 2539
f 2516 2539 2538
f 2510 2544 2511
f 2510 2545 2544
f 2517 2516 2538
f 2517 2538 2537
f 2509 2545 2510
f 2518 2517 2537
f 2518 2537 2536
f 2519 2536 2535
f 2519 2518 2536
f 2520 2519 2535
f 2520 2534 2533
f 2520 2535 2534
f 2521 2520 2533
f 2521 2533 2532
f 2522 2521 2532
f 2523 2522 2532
f 2523 2532 2531
f 2524 2531 2530
f 2524 2523 2531
f 2525 2524 2530
f 2525 2529 2528
f 2525 2530 2529
f 2526 2528 2527
f 2526 2525 2528
f 2491 2526 2527
f 2478 2505 2504
f 2478 2477 2505
f 2476 2506 2505
f 2476 2507 2506
f 2476 2505 2477
f 2479 2504 2503
f 2479 2478 2504
f 2475 2507 2476
f 2480 2503 2502
f 2480 2479 2503
f 2474 2508 2507
f 2474 2507 2475
f 2481 2502 2501
f 2481 2480 2502
f 2482 2481 2501
f 2482 2500 2499
f 2482 2501 2500
f 2483 2482 2499
f 2484 2499 2498
f 2484 2483 2499
f 2485 2497 2496
f 2485 2498 2497
f 2485 2484 2498
f 2486 2485 2496
f 2487 2496 2495
f 2487 2486 2496
f 2488 2494 2493
f 2488 2495 2494
f 2488 2487 2495
f 2489 2493 2492
f 2489 2488 2493
f 2490 2489 2492
f 2199 2545 2509
f 2199 2617 2581
f 2199 2508 2474
f 2199 2509 2508
f 2199 2653 2617
f 2199 2581 2545
f 2199 2472 2471
f 2199 2473 2472
f 2199 2474 2473
f 2405 2469 2468
f 2406 2405 2468
f 2406 2468 2467
f 2404 2469 2405
f 2404 2470 2469
f 2404 2471 2470
f 2407 2406 2467
f 2403 2199 2471
f 2403 2471 2404
f 2408 2467 2466
f 2408 2407 2467
f 2402 2199 2403
f 2409 2466 2465
f 2409 2408 2466
f 2401 2199 2402
f 2410 2464 2463
f 2410 2465 2464
f 2410 2409 2465
f 2411 2410 2463
f 2400 2199 2401
f 2399 2199 2400
f 2412 2462 2461
f 2412 2463 2462
f 2412 2411 2463
f 2398 2199 2399
f 2413 2412 2461
f 2414 2413 2461
f 2414 2461 2460
f 2397 2199 2398
f 2415 2414 2460
f 2415 2460 2459
f 2416 2415 2459
f 2416 2459 2458
f 2417 2416 2458
f 2417 2458 2457
f 2441 2199 2397
f 2442 2397 2396
f 2442 2441 2397
f 2440 2199 2441
f 2443 2396 2395
f 2443 2442 2396
f 2439 2199 2440
f 2444 2395 2394
f 2444 2443 2395
f 2438 2199 2439
f 2445 2394 2393
f 2445 2444 2394
f 2437 2199 2438
f 2446 2393 2392
f 2446 2445 2393
f 2447 2392 2391
f 2447 2446 2392
f 2436 2198 2199
f 2436 2199 2437
f 2435 2197 2198
f 2435 2198 2436
f 2448 2391 2390
f 2448 2447 2391
f 2449 2389 2388
f 2449 2390 2389
f 2449 2448 2390
f 2434 2196 2197
f 2434 2197 2435
f 2450 2449 2388
f 2433 2195 2196
f 2433 2196 2434
f 2451 2388 2387
f 2451 2450 2388
f 2432 2195 2433
f 2194 2432 2431
f 2194 2195 2432
f 2193 2194 2431
f 2193 2431 2430
f 2192 2193 2430
f 2192 2430 2429
f 2191 2192 2429
f 2190 2191 2429
f 2190 2428 2427
f 2190 2429 2428
f 2181 2384 2383
f 2181 2385 2384
f 2181 2386 2385
f 2181 2387 2386
f 2181 2455 2490
f 2181 2492 2491
f 2181 2527 2563
f 2181 2417 2457
f 2181 2418 2417
f 2181 2383 2418
f 2181 2420 2419
f 2181 2563 2599
f 2181 2599 2635
f 2181 2452 2451
f 2181 2453 2452
f 2181 2454 2453
f 2181 2419 2454
f 2181 2456 2455
f 2181 2457 2456
f 2181 2491 2527
f 2181 2490 2492
f 2181 2451 2387
f 2189 2190 2427
f 2182 2420 2181
f 2188 2189 2427
f 2188 2426 2425
f 2188 2427 2426
f 2183 2420 2182
f 2183 2421 2420
f 2184 2422 2421
f 2184 2421 2183
f 2187 2188 2425
f 2185 2423 2422
f 2185 2422 2184
f 2186 2187 2425
f 2186 2424 2423
f 2186 2425 2424
f 2186 2423 2185
f 2199 2200 2941
f 2199 2941 2905
f 2199 2905 2869
f 2199 2869 2833
f 2199 2833 2797
f 2199 2797 2761
f 2199 2761 2725
f 2199 2725 2689
f 2199 2689 2653
f 2238 2181 2635
f 2238 2635 2671
f 2238 2671 2707
f 2238 2707 2743
f 2238 2743 2779
f 2238 2779 2815
f 2238 2815 2851
f 2238 2851 2887
f 2238 2887 2923
f 3238 3198 3237
f 3238 3197 3198
f 3345 3346 3191
f 3345 3191 3192
f 3236 3237 3198
f 3239 3197 3238
f 3347 3191 3346
f 3344 3345 3192
f 3240 3197 3239
f 3235 3236 3198
f 3235 3198 3175
f 3348 3190 3191
f 3348 3191 3347
f 3343 3344 3192
f 3241 3197 3240
f 3241 3196 3197
f 3234 3235 3175
f 3349 3190 3348
f 3342 3192 3193
f 3342 3343 3192
f 3242 3196 3241
f 3233 3234 3175
f 3350 3190 3349
f 3341 3342 3193
f 3243 3196 3242
f 3243 3195 3196
f 3268 3233 3175
f 3351 3190 3350
f 3376 3193 3194
f 3376 3341 3193
f 3244 3195 3243
f 3267 3175 3176
f 3267 3268 3175
f 3352 3189 3190
f 3352 3190 3351
f 3375 3376 3194
f 3245 3194 3195
f 3245 3195 3244
f 3266 3267 3176
f 3353 3189 3352
f 3374 3375 3194
f 3374 3194 3245
f 3246 3374 3245
f 3265 3266 3176
f 3354 3189 3353
f 3373 3374 3246
f 3264 3176 3177
f 3264 3265 3176
f 3355 3189 3354
f 3372 3246 3247
f 3372 3373 3246
f 3263 3264 3177
f 3371 3247 3248
f 3371 3372 3247
f 3188 3189 3355
f 3188 3355 3356
f 3262 3263 3177
f 3357 3188 3356
f 3370 3248 3249
f 3370 3371 3248
f 3358 3188 3357
f 3369 3370 3249
f 3369 3249 3250
f 3251 3369 3250
f 3368 3369 3251
f 3178 3260 3261
f 3178 3261 3262
f 3178 3262 3177
f 3187 3188 3358
f 3187 3358 3359
f 3187 3359 3360
f 3179 3260 3178
f 3179 3258 3259
f 3179 3259 3260
f 3186 3187 3360
f 3186 3360 3361
f 3186 3361 3362
f 3180 3258 3179
f 3180 3257 3258
f 3185 3186 3362
f 3273 3256 3257
f 3274 3256 3273
f 3274 3255 3256
f 3310 3363 3364
f 3309 3310 3364
f 3275 3255 3274
f 3275 3254 3255
f 3272 3273 3257
f 3272 3257 3180
f 3311 3185 3362
f 3311 3363 3310
f 3311 3362 3363
f 3308 3309 3364
f 3308 3364 3365
f 3308 3365 3366
f 3276 3253 3254
f 3276 3254 3275
f 3271 3180 3229
f 3271 3272 3180
f 3312 3185 3311
f 3307 3366 3367
f 3307 3308 3366
f 3277 3253 3276
f 3277 3252 3253
f 3270 3271 3229
f 3306 3307 3367
f 3306 3367 3368
f 3313 3184 3185
f 3313 3185 3312
f 3278 3252 3277
f 3278 3251 3252
f 3269 3270 3229
f 3314 3184 3313
f 3305 3306 3368
f 3305 3368 3251
f 3305 3251 3278
f 3304 3229 3230
f 3304 3269 3229
f 3315 3184 3314
f 3340 3278 3279
f 3340 3305 3278
f 3303 3304 3230
f 3339 3279 3280
f 3339 3340 3279
f 3183 3184 3315
f 3183 3315 3316
f 3302 3303 3230
f 3302 3230 3231
f 3317 3183 3316
f 3338 3280 3281
f 3338 3339 3280
f 3301 3302 3231
f 3318 3183 3317
f 3337 3281 3282
f 3337 3338 3281
f 3300 3301 3231
f 3336 3282 3283
f 3336 3337 3282
f 3335 3283 3284
f 3335 3336 3283
f 3182 3183 3318
f 3182 3318 3319
f 3182 3319 3320
f 3182 3320 3321
f 3181 3182 3321
f 3181 3321 3322
f 3181 3322 3323
f 3181 3323 3324
f 3181 3324 3325
f 4137 3299 3300
f 4137 3231 3232
f 4137 3300 3231
f 4138 3299 4137
f 4139 3298 3299
f 4139 3299 4138
f 4136 4137 3232
f 3203 3325 3326
f 3203 3326 3327
f 3203 3327 3328
f 3203 3181 3325
f 4135 4136 3232
f 4140 3297 3298
f 4140 3298 4139
f 4134 4135 3232
f 4134 3232 3228
f 4141 3296 3297
f 4141 3297 4140
f 4133 4134 3228
f 4142 3296 4141
f 4168 4133 3228
f 4143 3295 3296
f 4143 3296 4142
f 4167 4168 3228
f 4144 3294 3295
f 4144 3295 4143
f 4145 3293 3294
f 4145 3294 4144
f 4166 4167 3228
f 4146 3293 4145
f 4165 4166 3228
f 4147 3292 3293
f 4147 3293 4146
f 3202 3203 3328
f 3202 3328 3329
f 3202 3329 3330
f 3201 3330 3331
f 3201 3331 3332
f 3201 3202 3330
f 3200 3332 3333
f 3200 3333 3334
f 3200 3201 3332
f 3199 3284 3285
f 3199 3335 3284
f 3199 3334 3335
f 3199 3200 3334
f 3208 3199 3285
f 3208 3285 3286
f 3208 3286 3287
f 3208 3287 3288
f 3207 3288 3289
f 3207 3289 3290
f 3207 3208 3288
f 4101 4102 4164
f 4101 4165 3228
f 4101 4164 4165
f 4100 4101 3228
f 4103 4164 4102
f 4103 4163 4164
f 3206 3290 3291
f 3206 3291 3292
f 3206 3292 4147
f 3206 3207 3290
f 4104 4163 4103
f 4104 4161 4162
f 4104 4162 4163
f 4099 4100 3228
f 4105 4161 4104
f 4105 4160 4161
f 4098 4099 3228
f 4106 4160 4105
f 4106 4159 4160
f 4097 4098 3228
f 4107 4159 4106
f 4132 4097 3228
f 4108 4159 4107
f 4108 4157 4158
f 4108 4158 4159
f 4131 4132 3228
f 4109 4157 4108
f 4110 4157 4109
f 4110 4155 4156
f 4110 4156 4157
f 4111 4155 4110
f 3205 3206 4147
f 3205 4147 4148
f 3205 4148 4149
f 3205 4149 4150
f 3204 3205 4150
f 3204 4111 4112
f 3204 4112 4113
f 3204 4113 4114
f 3204 4114 4115
f 3204 4115 4116
f 3204 4116 4117
f 3204 4150 4151
f 3204 4151 4152
f 3204 4152 4153
f 3204 4153 4154
f 3204 4154 4155
f 3204 4155 4111
f 4065 4128 4129
f 4065 4129 4130
f 4065 4066 4128
f 4064 4130 4131
f 4064 4065 4130
f 4067 4127 4128
f 4067 4128 4066
f 4063 4131 3228
f 4063 4064 4131
f 4068 4126 4127
f 4068 4127 4067
f 4062 4063 3228
f 4069 4125 4126
f 4069 4126 4068
f 4061 4062 3228
f 4070 4124 4125
f 4070 4125 4069
f 4071 4123 4124
f 4071 4124 4070
f 4096 4061 3228
f 4072 4123 4071
f 4072 4121 4122
f 4072 4122 4123
f 4073 4121 4072
f 4074 4121 4073
f 4074 4119 4120
f 4074 4120 4121
f 4075 4119 4074
f 4075 4118 4119
f 4076 4118 4075
f 4077 4117 4118
f 4077 3204 4117
f 4077 4118 4076
f 4078 3204 4077
f 4079 3204 4078
f 4080 3204 4079
f 4029 4092 4093
f 4029 4093 4094
f 4029 4030 4092
f 4031 4091 4092
f 4031 4092 4030
f 4028 4029 4094
f 4032 4089 4090
f 4032 4090 4091
f 4032 4091 4031
f 4027 4094 4095
f 4027 4095 4096
f 4027 4028 4094
f 4033 4089 4032
f 4026 4096 3228
f 4026 4027 4096
f 4034 4088 4089
f 4034 4089 4033
f 4025 4026 3228
f 4035 4087 4088
f 4035 4088 4034
f 4036 4086 4087
f 4036 4087 4035
f 4037 4085 4086
f 4037 4086 4036
f 4038 4084 4085
f 4038 4085 4037
f 4039 4083 4084
f 4039 4084 4038
f 4039 4082 4083
f 4040 4082 4039
f 4041 4082 4040
f 4041 4080 4081
f 4041 4081 4082
f 4042 3204 4080
f 4042 4080 4041
f 4043 3204 4042
f 3994 4055 4056
f 3994 4056 4057
f 3993 4057 4058
f 3993 3994 4057
f 3995 4054 4055
f 3995 4055 3994
f 3992 3993 4058
f 3992 4058 4059
f 3991 3992 4059
f 3996 4054 3995
f 3996 4053 4054
f 3997 4053 3996
f 3997 4052 4053
f 3990 3991 4059
f 3990 4059 4060
f 3989 3990 4060
f 3989 4025 3228
f 3989 4060 4025
f 3998 4052 3997
f 3999 4052 3998
f 3999 4051 4052
f 4000 4051 3999
f 4000 4049 4050
f 4000 4050 4051
f 4001 4049 4000
f 4002 4049 4001
f 4002 4047 4048
f 4002 4048 4049
f 4003 4047 4002
f 4004 4047 4003
f 4004 4046 4047
f 4005 4044 4045
f 4005 4045 4046
f 4005 4046 4004
f 4006 4043 4044
f 4006 4044 4005
f 4007 3204 4043
f 4007 4043 4006
f 3958 4020 4021
f 3957 3958 4021
f 3956 4021 4022
f 3956 3957 4021
f 3959 4019 4020
f 3959 4020 3958
f 3960 4019 3959
f 3960 4018 4019
f 3955 4022 4023
f 3955 4023 4024
f 3955 3956 4022
f 3961 4018 3960
f 3961 4016 4017
f 3961 4017 4018
f 3954 4024 3989
f 3954 3955 4024
f 3953 3954 3989
f 3953 3989 3228
f 3962 4016 3961
f 3963 4016 3962
f 3963 4015 4016
f 3964 4015 3963
f 3964 4014 4015
f 3965 4013 4014
f 3965 4014 3964
f 3966 4011 4012
f 3966 4012 4013
f 3966 4013 3965
f 3967 4010 4011
f 3967 4011 3966
f 3968 4010 3967
f 3969 4008 4009
f 3969 4009 4010
f 3969 4010 3968
f 3970 4008 3969
f 3971 4007 4008
f 3971 4008 3970
f 3971 3204 4007
f 3922 3983 3984
f 3921 3984 3985
f 3921 3922 3984
f 3920 3985 3986
f 3920 3921 3985
f 3923 3983 3922
f 3919 3986 3987
f 3919 3987 3988
f 3919 3920 3986
f 3924 3982 3983
f 3924 3983 3923
f 3925 3982 3924
f 3925 3981 3982
f 3918 3919 3988
f 3926 3981 3925
f 3926 3980 3981
f 3917 3988 3953
f 3917 3953 3228
f 3917 3918 3988
f 3927 3979 3980
f 3927 3980 3926
f 3928 3979 3927
f 3928 3977 3978
f 3928 3978 3979
f 3929 3977 3928
f 3929 3976 3977
f 3930 3976 3929
f 3931 3976 3930
f 3931 3975 3976
f 3932 3975 3931
f 3932 3974 3975
f 3933 3974 3932
f 3933 3973 3974
f 3934 3973 3933
f 3934 3972 3973
f 3935 3972 3934
f 3935 3204 3971
f 3935 3971 3972
f 3885 3949 3950
f 3886 3949 3885
f 3886 3947 3948
f 3886 3948 3949
f 3887 3947 3886
f 3884 3885 3950
f 3883 3884 3950
f 3883 3950 3951
f 3888 3947 3887
f 3888 3946 3947
f 3882 3883 3951
f 3882 3951 3952
f 3882 3952 3917
f 3889 3946 3888
f 3889 3944 3945
f 3889 3945 3946
f 3881 3882 3917
f 3890 3944 3889
f 3891 3943 3944
f 3891 3944 3890
f 3892 3943 3891
f 3892 3941 3942
f 3892 3942 3943
f 3893 3941 3892
f 3894 3940 3941
f 3894 3941 3893
f 3895 3938 3939
f 3895 3939 3940
f 3895 3940 3894
f 3896 3938 3895
f 3897 3937 3938
f 3897 3938 3896
f 3898 3935 3936
f 3898 3936 3937
f 3898 3937 3897
f 3899 3935 3898
f 3849 3912 3913
f 3849 3850 3912
f 3848 3849 3913
f 3848 3913 3914
f 3848 3914 3915
f 3851 3910 3911
f 3851 3911 3912
f 3851 3912 3850
f 3852 3909 3910
f 3852 3910 3851
f 3847 3848 3915
f 3847 3915 3916
f 3853 3909 3852
f 3846 3847 3916
f 3845 3846 3916
f 3845 3916 3881
f 3854 3909 3853
f 3854 3907 3908
f 3854 3908 3909
f 3855 3907 3854
f 3856 3905 3906
f 3856 3906 3907
f 3856 3907 3855
f 3857 3905 3856
f 3858 3903 3904
f 3858 3904 3905
f 3858 3905 3857
f 3859 3903 3858
f 3860 3901 3902
f 3860 3902 3903
f 3860 3903 3859
f 3861 3901 3860
f 3862 3899 3900
f 3862 3900 3901
f 3862 3901 3861
f 3863 3899 3862
f 3814 3877 3813
f 3814 3875 3876
f 3814 3876 3877
f 3815 3875 3814
f 3812 3813 3877
f 3812 3877 3878
f 3816 3874 3875
f 3816 3875 3815
f 3811 3812 3878
f 3811 3878 3879
f 3817 3874 3816
f 3817 3873 3874
f 3810 3811 3879
f 3810 3879 3880
f 3818 3873 3817
f 3818 3872 3873
f 3809 3810 3880
f 3809 3880 3845
f 3819 3872 3818
f 3819 3871 3872
f 3820 3871 3819
f 3820 3869 3870
f 3820 3870 3871
f 3821 3869 3820
f 3822 3868 3869
f 3822 3869 3821
f 3823 3868 3822
f 3823 3866 3867
f 3823 3867 3868
f 3824 3866 3823
f 3825 3866 3824
f 3825 3865 3866
f 3826 3865 3825
f 3826 3863 3864
f 3826 3864 3865
f 3827 3863 3826
f 3778 3839 3840
f 3777 3778 3840
f 3777 3840 3841
f 3777 3841 3842
f 3776 3777 3842
f 3779 3839 3778
f 3779 3838 3839
f 3780 3838 3779
f 3775 3842 3843
f 3775 3776 3842
f 3781 3837 3838
f 3781 3838 3780
f 3774 3843 3844
f 3774 3775 3843
f 3782 3836 3837
f 3782 3837 3781
f 3773 3844 3809
f 3773 3774 3844
f 3783 3835 3836
f 3783 3836 3782
f 3784 3835 3783
f 3784 3834 3835
f 3785 3834 3784
f 3785 3832 3833
f 3785 3833 3834
f 3786 3832 3785
f 3787 3832 3786
f 3787 3830 3831
f 3787 3831 3832
f 3788 3830 3787
f 3788 3829 3830
f 3789 3829 3788
f 3790 3829 3789
f 3790 3827 3828
f 3790 3828 3829
f 3791 3827 3790
f 3741 3805 3806
f 3742 3804 3805
f 3742 3805 3741
f 3743 3803 3804
f 3743 3804 3742
f 3740 3741 3806
f 3744 3802 3803
f 3744 3803 3743
f 3739 3806 3807
f 3739 3740 3806
f 3745 3802 3744
f 3745 3801 3802
f 3738 3807 3808
f 3738 3739 3807
f 3737 3808 3773
f 3737 3738 3808
f 3746 3800 3801
f 3746 3801 3745
f 3747 3799 3800
f 3747 3800 3746
f 3748 3797 3798
f 3748 3798 3799
f 3748 3799 3747
f 3749 3797 3748
f 3749 3796 3797
f 3750 3796 3749
f 3751 3794 3795
f 3751 3795 3796
f 3751 3796 3750
f 3752 3794 3751
f 3753 3792 3793
f 3753 3793 3794
f 3753 3794 3752
f 3754 3792 3753
f 3755 3791 3792
f 3755 3792 3754
f 3705 3768 3769
f 3706 3768 3705
f 3706 3767 3768
f 3707 3767 3706
f 3704 3705 3769
f 3704 3769 3770
f 3708 3767 3707
f 3708 3765 3766
f 3708 3766 3767
f 3703 3704 3770
f 3703 3770 3771
f 3709 3765 3708
f 3702 3703 3771
f 3702 3771 3772
f 3701 3702 3772
f 3701 3772 3737
f 3710 3765 3709
f 3710 3764 3765
f 3711 3764 3710
f 3711 3763 3764
f 3712 3763 3711
f 3712 3761 3762
f 3712 3762 3763
f 3713 3761 3712
f 3713 3760 3761
f 3714 3760 3713
f 3715 3758 3759
f 3715 3759 3760
f 3715 3760 3714
f 3716 3758 3715
f 3717 3758 3716
f 3717 3757 3758
f 3718 3757 3717
f 3718 3755 3756
f 3718 3756 3757
f 3719 3755 3718
f 3670 3733 3669
f 3670 3732 3733
f 3668 3669 3733
f 3668 3733 3734
f 3671 3732 3670
f 3671 3730 3731
f 3671 3731 3732
f 3667 3734 3735
f 3667 3668 3734
f 3672 3730 3671
f 3666 3667 3735
f 3666 3735 3736
f 3666 3736 3701
f 3673 3729 3730
f 3673 3730 3672
f 3665 3666 3701
f 3674 3729 3673
f 3674 3728 3729
f 3675 3727 3728
f 3675 3728 3674
f 3676 3726 3727
f 3676 3727 3675
f 3677 3725 3726
f 3677 3726 3676
f 3678 3724 3725
f 3678 3725 3677
f 3679 3722 3723
f 3679 3723 3724
f 3679 3724 3678
f 3680 3722 3679
f 3681 3722 3680
f 3681 3720 3721
f 3681 3721 3722
f 3682 3720 3681
f 3682 3719 3720
f 3683 3719 3682
f 3633 3697 3698
f 3634 3695 3696
f 3634 3696 3697
f 3634 3697 3633
f 3635 3695 3634
f 3632 3633 3698
f 3631 3698 3699
f 3631 3632 3698
f 3636 3694 3695
f 3636 3695 3635
f 3630 3699 3700
f 3630 3631 3699
f 3637 3693 3694
f 3637 3694 3636
f 3629 3700 3665
f 3629 3630 3700
f 3638 3692 3693
f 3638 3693 3637
f 3639 3691 3692
f 3639 3692 3638
f 3640 3689 3690
f 3640 3690 3691
f 3640 3691 3639
f 3641 3688 3689
f 3641 3689 3640
f 3642 3687 3688
f 3642 3688 3641
f 3643 3687 3642
f 3644 3686 3687
f 3644 3687 3643
f 3645 3685 3686
f 3645 3686 3644
f 3646 3684 3685
f 3646 3685 3645
f 3647 3683 3684
f 3647 3684 3646
f 3598 3661 3597
f 3598 3660 3661
f 3596 3597 3661
f 3596 3661 3662
f 3596 3662 3663
f 3599 3660 3598
f 3599 3659 3660
f 3595 3596 3663
f 3600 3659 3599
f 3600 3657 3658
f 3600 3658 3659
f 3601 3657 3600
f 3594 3595 3663
f 3594 3663 3664
f 3593 3594 3664
f 3593 3664 3629
f 3602 3657 3601
f 3602 3655 3656
f 3602 3656 3657
f 3603 3655 3602
f 3604 3655 3603
f 3604 3653 3654
f 3604 3654 3655
f 3605 3653 3604
f 3606 3651 3652
f 3606 3652 3653
f 3606 3653 3605
f 3607 3651 3606
f 3607 3650 3651
f 3608 3650 3607
f 3609 3650 3608
f 3609 3649 3650
f 3610 3649 3609
f 3610 3647 3648
f 3610 3648 3649
f 3611 3647 3610
f 3562 3624 3625
f 3562 3625 3561
f 3560 3561 3625
f 3560 3625 3626
f 3563 3623 3624
f 3563 3624 3562
f 3564 3622 3623
f 3564 3623 3563
f 3559 3626 3627
f 3559 3627 3628
f 3559 3560 3626
f 3558 3559 3628
f 3565 3621 3622
f 3565 3622 3564
f 3557 3558 3628
f 3557 3628 3593
f 3566 3621 3565
f 3566 3620 3621
f 3567 3620 3566
f 3567 3619 3620
f 3568 3618 3619
f 3568 3619 3567
f 3569 3618 3568
f 3569 3616 3617
f 3569 3617 3618
f 3570 3616 3569
f 3571 3614 3615
f 3571 3615 3616
f 3571 3616 3570
f 3572 3614 3571
f 3573 3614 3572
f 3573 3613 3614
f 3574 3612 3613
f 3574 3613 3573
f 3575 3611 3612
f 3575 3612 3574
f 3526 3587 3588
f 3526 3588 3589
f 3526 3589 3525
f 3524 3589 3590
f 3524 3525 3589
f 3527 3587 3526
f 3523 3590 3591
f 3523 3591 3592
f 3523 3524 3590
f 3528 3586 3587
f 3528 3587 3527
f 3522 3523 3592
f 3529 3585 3586
f 3529 3586 3528
f 3521 3592 3557
f 3521 3522 3592
f 3530 3583 3584
f 3530 3584 3585
f 3530 3585 3529
f 3531 3583 3530
f 3532 3581 3582
f 3532 3582 3583
f 3532 3583 3531
f 3533 3581 3532
f 3534 3580 3581
f 3534 3581 3533
f 3535 3579 3580
f 3535 3580 3534
f 3536 3578 3579
f 3536 3579 3535
f 3537 3578 3536
f 3537 3576 3577
f 3537 3577 3578
f 3538 3576 3537
f 3539 3575 3576
f 3539 3576 3538
f 3490 3552 3553
f 3490 3553 3489
f 3488 3553 3554
f 3488 3489 3553
f 3491 3552 3490
f 3491 3551 3552
f 3487 3488 3554
f 3487 3554 3555
f 3487 3555 3556
f 3492 3551 3491
f 3492 3550 3551
f 3486 3487 3556
f 3486 3556 3521
f 3493 3550 3492
f 3493 3549 3550
f 3485 3486 3521
f 3494 3549 3493
f 3494 3548 3549
f 3495 3548 3494
f 3495 3547 3548
f 3496 3547 3495
f 3496 3546 3547
f 3497 3546 3496
f 3497 3544 3545
f 3497 3545 3546
f 3498 3544 3497
f 3498 3543 3544
f 3499 3543 3498
f 3500 3542 3543
f 3500 3543 3499
f 3501 3542 3500
f 3501 3541 3542
f 3502 3540 3541
f 3502 3541 3501
f 3503 3540 3502
f 3503 3539 3540
f 3454 3516 3517
f 3454 3517 3453
f 3452 3517 3518
f 3452 3453 3517
f 3455 3515 3516
f 3455 3516 3454
f 3451 3518 3519
f 3451 3452 3518
f 3456 3514 3515
f 3456 3515 3455
f 3450 3451 3519
f 3450 3519 3520
f 3457 3513 3514
f 3457 3514 3456
f 3458 3512 3513
f 3458 3513 3457
f 3459 3510 3511
f 3459 3511 3512
f 3459 3512 3458
f 3460 3510 3459
f 3461 3510 3460
f 3461 3509 3510
f 3462 3509 3461
f 3462 3507 3508
f 3462 3508 3509
f 3463 3506 3507
f 3463 3507 3462
f 3464 3506 3463
f 3465 3504 3505
f 3465 3505 3506
f 3465 3506 3464
f 3466 3504 3465
f 3210 3483 3484
f 3210 3484 3449
f 3210 3557 3593
f 3210 3450 3520
f 3210 3593 3629
f 3210 3520 3485
f 3210 3485 3521
f 3210 3449 3450
f 3210 3521 3557
f 3382 3480 3481
f 3382 3481 3381
f 3380 3481 3482
f 3380 3381 3481
f 3383 3478 3479
f 3383 3479 3480
f 3383 3480 3382
f 3379 3482 3483
f 3379 3380 3482
f 3379 3483 3210
f 3384 3478 3383
f 3378 3379 3210
f 3385 3477 3478
f 3385 3478 3384
f 3377 3378 3210
f 3386 3477 3385
f 3386 3475 3476
f 3386 3476 3477
f 3387 3475 3386
f 3412 3377 3210
f 3411 3412 3210
f 3388 3475 3387
f 3388 3474 3475
f 3389 3474 3388
f 3389 3473 3474
f 3410 3411 3210
f 3390 3473 3389
f 3390 3472 3473
f 3409 3410 3210
f 3391 3472 3390
f 3391 3471 3472
f 3392 3471 3391
f 3392 3470 3471
f 3393 3470 3392
f 3393 3469 3470
f 3417 3409 3210
f 3418 3409 3417
f 3418 3408 3409
f 3416 3417 3210
f 3419 3406 3407
f 3419 3407 3408
f 3419 3408 3418
f 3415 3416 3210
f 3420 3406 3419
f 3414 3415 3210
f 3421 3405 3406
f 3421 3406 3420
f 3413 3414 3210
f 3422 3403 3404
f 3422 3404 3405
f 3422 3405 3421
f 3423 3402 3403
f 3423 3403 3422
f 3448 3210 3211
f 3448 3413 3210
f 3447 3211 3212
f 3447 3448 3211
f 3424 3402 3423
f 3425 3401 3402
f 3425 3402 3424
f 3446 3212 3213
f 3446 3447 3212
f 3426 3400 3401
f 3426 3401 3425
f 3445 3213 3214
f 3445 3446 3213
f 3427 3399 3400
f 3427 3400 3426
f 3215 3444 3445
f 3215 3445 3214
f 3216 3444 3215
f 3216 3442 3443
f 3216 3443 3444
f 3217 3442 3216
f 3217 3441 3442
f 3218 3441 3217
f 3219 3441 3218
f 3219 3439 3440
f 3219 3440 3441
f 3209 3575 3539
f 3209 3393 3394
f 3209 3394 3395
f 3209 3395 3396
f 3209 3396 3397
f 3209 3397 3398
f 3209 3398 3399
f 3209 3503 3504
f 3209 3469 3393
f 3209 3611 3575
f 3209 3427 3428
f 3209 3428 3429
f 3209 3429 3430
f 3209 3504 3466
f 3209 3430 3431
f 3209 3431 3432
f 3209 3647 3611
f 3209 3539 3503
f 3209 3399 3427
f 3209 3466 3467
f 3209 3467 3468
f 3209 3468 3469
f 3220 3439 3219
f 3227 3209 3432
f 3221 3439 3220
f 3221 3438 3439
f 3226 3432 3433
f 3226 3227 3432
f 3222 3438 3221
f 3222 3437 3438
f 3225 3226 3433
f 3225 3433 3434
f 3225 3434 3435
f 3223 3437 3222
f 3223 3436 3437
f 3224 3225 3435
f 3224 3436 3223
f 3224 3435 3436
f 3204 3935 3209
f 3935 3899 3209
f 3899 3863 3209
f 3863 3827 3209
f 3827 3791 3209
f 3791 3755 3209
f 3755 3719 3209
f 3719 3683 3209
f 3683 3647 3209
f 3210 3845 3228
f 3845 3881 3228
f 3881 3917 3228
f 3210 3809 3845
f 3210 3773 3809
f 3210 3737 3773
f 3210 3701 3737
f 3210 3665 3701
f 3210 3629 3665
f 4177 4173 4174
f 4177 4174 4176
f 4178 4172 4173
f 4178 4173 4177
f 4179 4171 4172
f 4179 4172 4178
f 4180 4169 4170
f 4180 4170 4171
f 4180 4171 4179
f 4175 4169 4180
f 4189 4185 4186
f 4189 4186 4188
f 4190 4184 4185
f 4190 4185 4189
f 4191 4183 4184
f 4191 4184 4190
f 4192 4182 4183
f 4192 4183 4191
f 4187 4181 4182
f 4187 4182 4192
f 4194 4212 4193
f 4194 4213 4212
f 4195 4214 4213
f 4195 4213 4194
f 4196 4215 4214
f 4196 4216 4215
f 4196 4214 4195
f 4197 4217 4216
f 4197 4216 4196
f 4198 4217 4197
f 4199 4218 4217
f 4199 4219 4218
f 4199 4217 4198
f 4200 4219 4199
f 4201 4220 4219
f 4201 4219 4200
f 4202 4221 4220
f 4202 4220 4201
f 4203 4222 4221
f 4203 4221 4202
f 4204 4223 4222
f 4204 4222 4203
f 4205 4224 4223
f 4205 4223 4204
f 4206 4225 4224
f 4206 4226 4225
f 4206 4224 4205
f 4207 4226 4206
f 4208 4226 4207
f 4208 4227 4226
f 4208 4228 4227
f 4209 4228 4208
f 4210 4228 4209
f 4210 4229 4228
f 4211 4229 4210
f 4211 4230 4229
f 4232 4250 4231
f 4232 4251 4250
f 4233 4252 4251
f 4233 4251 4232
f 4234 4253 4252
f 4234 4254 4253
f 4234 4252 4233
f 4235 4255 4254
f 4235 4254 4234
f 4236 4255 4235
f 4237 4256 4255
f 4237 4257 4256
f 4237 4255 4236
f 4238 4257 4237
f 4239 4258 4257
f 4239 4257 4238
f 4240 4259 4258
f 4240 4258 4239
f 4241 4260 4259
f 4241 4259 4240
f 4242 4261 4260
f 4242 4260 4241
f 4243 4262 4261
f 4243 4261 4242
f 4244 4263 4262
f 4244 4264 4263
f 4244 4262 4243
f 4245 4264 4244
f 4246 4264 4245
f 4246 4265 4264
f 4246 4266 4265
f 4247 4266 4246
f 4248 4266 4247
f 4248 4267 4266
f 4249 4267 4248
f 4249 4268 4267
f 4270 4288 4269
f 4270 4289 4288
f 4271 4290 4289
f 4271 4289 4270
f 4272 4291 4290
f 4272 4290 4271
f 4273 4292 4291
f 4273 4291 4272
f 4274 4293 4292
f 4274 4292 4273
f 4275 4294 4293
f 4275 4293 4274
f 4276 4295 4294
f 4276 4294 4275
f 4277 4296 4295
f 4277 4295 4276
f 4278 4297 4296
f 4278 4296 4277
f 4279 4298 4297
f 4279 4297 4278
f 4280 4299 4298
f 4280 4298 4279
f 4281 4300 4299
f 4281 4299 4280
f 4282 4301 4300
f 4282 4300 4281
f 4283 4302 4301
f 4283 4301 4282
f 4284 4302 4283
f 4284 4303 4302
f 4285 4303 4284
f 4285 4304 4303
f 4285 4305 4304
f 4286 4305 4285
f 4287 4305 4286
f 4287 4306 4305
f 4345 4327 4326
f 4345 4328 4327
f 4345 4329 4328
f 4346 4330 4329
f 4346 4329 4345
f 4347 4307 4308
f 4347 4308 4309
f 4347 4309 4310
f 4347 4326 4307
f 4347 4345 4326
f 4348 4330 4346
f 4348 4331 4330
f 4348 4332 4331
f 4349 4310 4311
f 4349 4346 4345
f 4349 4347 4310
f 4349 4345 4347
f 4349 4348 4346
f 4350 4332 4348
f 4350 4333 4332
f 4350 4334 4333
f 4351 4311 4312
f 4351 4312 4313
f 4351 4349 4311
f 4351 4348 4349
f 4352 4335 4334
f 4352 4336 4335
f 4352 4334 4350
f 4353 4313 4314
f 4353 4314 4315
f 4353 4348 4351
f 4353 4350 4348
f 4353 4351 4313
f 4354 4337 4336
f 4354 4338 4337
f 4354 4336 4352
f 4355 4315 4316
f 4355 4316 4317
f 4355 4352 4350
f 4355 4354 4352
f 4355 4353 4315
f 4355 4350 4353
f 4356 4339 4338
f 4356 4338 4354
f 4357 4317 4318
f 4357 4318 4319
f 4357 4356 4354
f 4357 4354 4355
f 4357 4355 4317
f 4358 4340 4339
f 4358 4341 4340
f 4358 4339 4356
f 4359 4319 4320
f 4359 4356 4357
f 4359 4357 4319
f 4360 4342 4341
f 4360 4343 4342
f 4360 4344 4343
f 4360 4341 4358
f 4361 4358 4356
f 4361 4320 4321
f 4361 4321 4322
f 4361 4359 4320
f 4361 4356 4359
f 4362 4358 4361
f 4362 4361 4322
f 4362 4322 4323
f 4362 4323 4324
f 4362 4324 4325
f 4362 4344 4360
f 4362 4360 4358
f 4362 4325 4344
f 4364 4382 4363
f 4364 4383 4382
f 4365 4384 4383
f 4365 4383 4364
f 4366 4385 4384
f 4366 4384 4365
f 4367 4386 4385
f 4367 4385 4366
f 4368 4387 4386
f 4368 4386 4367
f 4369 4388 4387
f 4369 4387 4368
f 4370 4389 4388
f 4370 4388 4369
f 4371 4390 4389
f 4371 4389 4370
f 4372 4391 4390
f 4372 4390 4371
f 4373 4392 4391
f 4373 4391 4372
f 4374 4393 4392
f 4374 4392 4373
f 4375 4394 4393
f 4375 4395 4394
f 4375 4393 4374
f 4376 4395 4375
f 4377 4396 4395
f 4377 4395 4376
f 4378 4396 4377
f 4378 4397 4396
f 4379 4397 4378
f 4379 4398 4397
f 4380 4398 4379
f 4380 4399 4398
f 4381 4399 4380
f 4381 4400 4399
f 4439 4421 4420
f 4439 4422 4421
f 4439 4423 4422
f 4440 4424 4423
f 4440 4425 4424
f 4440 4423 4439
f 4441 4401 4402
f 4441 4402 4403
f 4441 4403 4404
f 4441 4420 4401
f 4441 4439 4420
f 4442 4425 4440
f 4442 4426 4425
f 4443 4404 4405
f 4443 4440 4439
f 4443 4441 4404
f 4443 4439 4441
f 4444 4426 4442
f 4444 4427 4426
f 4444 4428 4427
f 4445 4405 4406
f 4445 4406 4407
f 4445 4443 4405
f 4445 4440 4443
f 4445 4444 4442
f 4445 4442 4440
f 4446 4429 4428
f 4446 4430 4429
f 4446 4428 4444
f 4447 4407 4408
f 4447 4408 4409
f 4447 4444 4445
f 4447 4445 4407
f 4448 4431 4430
f 4448 4432 4431
f 4448 4430 4446
f 4449 4409 4410
f 4449 4410 4411
f 4449 4446 4444
f 4449 4447 4409
f 4449 4448 4446
f 4449 4444 4447
f 4450 4433 4432
f 4450 4434 4433
f 4450 4432 4448
f 4451 4450 4448
f 4451 4411 4412
f 4451 4412 4413
f 4451 4448 4449
f 4451 4449 4411
f 4452 4435 4434
f 4452 4434 4450
f 4453 4451 4413
f 4453 4413 4414
f 4453 4414 4415
f 4453 4450 4451
f 4454 4436 4435
f 4454 4437 4436
f 4454 4438 4437
f 4454 4435 4452
f 4455 4450 4453
f 4455 4452 4450
f 4455 4415 4416
f 4455 4453 4415
f 4456 4416 4417
f 4456 4417 4418
f 4456 4418 4419
f 4456 4438 4454
f 4456 4454 4452
f 4456 4452 4455
f 4456 4455 4416
f 4456 4419 4438
f 4458 4476 4457
f 4458 4477 4476
f 4459 4478 4477
f 4459 4477 4458
f 4460 4479 4478
f 4460 4478 4459
f 4461 4480 4479
f 4461 4479 4460
f 4462 4481 4480
f 4462 4480 4461
f 4463 4482 4481
f 4463 4481 4462
f 4464 4483 4482
f 4464 4482 4463
f 4465 4484 4483
f 4465 4483 4464
f 4466 4485 4484
f 4466 4484 4465
f 4467 4486 4485
f 4467 4485 4466
f 4468 4487 4486
f 4468 4486 4467
f 4469 4488 4487
f 4469 4487 4468
f 4470 4489 4488
f 4470 4488 4469
f 4471 4490 4489
f 4471 4489 4470
f 4472 4490 4471
f 4472 4491 4490
f 4473 4491 4472
f 4473 4492 4491
f 4473 4493 4492
f 4474 4493 4473
f 4475 4493 4474
f 4475 4494 4493
f 4533 4515 4514
f 4533 4516 4515
f 4533 4517 4516
f 4534 4518 4517
f 4534 4519 4518
f 4534 4517 4533
f 4535 4495 4496
f 4535 4496 4497
f 4535 4497 4498
f 4535 4514 4495
f 4535 4533 4514
f 4536 4519 4534
f 4536 4520 4519
f 4537 4498 4499
f 4537 4499 4500
f 4537 4534 4533
f 4537 4535 4498
f 4537 4533 4535
f 4538 4521 4520
f 4538 4522 4521
f 4538 4520 4536
f 4539 4500 4501
f 4539 4537 4500
f 4539 4534 4537
f 4539 4538 4536
f 4539 4536 4534
f 4540 4523 4522
f 4540 4524 4523
f 4540 4522 4538
f 4541 4501 4502
f 4541 4502 4503
f 4541 4539 4501
f 4541 4538 4539
f 4542 4525 4524
f 4542 4526 4525
f 4542 4524 4540
f 4543 4540 4538
f 4543 4538 4541
f 4543 4503 4504
f 4543 4504 4505
f 4543 4542 4540
f 4543 4541 4503
f 4544 4527 4526
f 4544 4526 4542
f 4545 4505 4506
f 4545 4506 4507
f 4545 4543 4505
f 4545 4542 4543
f 4545 4544 4542
f 4546 4528 4527
f 4546 4529 4528
f 4546 4527 4544
f 4547 4507 4508
f 4547 4508 4509
f 4547 4545 4507
f 4547 4544 4545
f 4548 4530 4529
f 4548 4531 4530
f 4548 4532 4531
f 4548 4513 4532
f 4548 4529 4546
f 4549 4544 4547
f 4549 4546 4544
f 4549 4509 4510
f 4549 4547 4509
f 4550 4510 4511
f 4550 4511 4512
f 4550 4512 4513
f 4550 4548 4546
f 4550 4546 4549
f 4550 4549 4510
f 4550 4513 4548
f 4552 4570 4551
f 4552 4571 4570
f 4553 4572 4571
f 4553 4571 4552
f 4554 4573 4572
f 4554 4572 4553
f 4555 4574 4573
f 4555 4573 4554
f 4556 4575 4574
f 4556 4574 4555
f 4557 4576 4575
f 4557 4575 4556
f 4558 4577 4576
f 4558 4576 4557
f 4559 4578 4577
f 4559 4577 4558
f 4560 4579 4578
f 4560 4578 4559
f 4561 4580 4579
f 4561 4579 4560
f 4562 4581 4580
f 4562 4580 4561
f 4563 4582 4581
f 4563 4581 4562
f 4564 4583 4582
f 4564 4582 4563
f 4565 4584 4583
f 4565 4583 4564
f 4566 4584 4565
f 4566 4585 4584
f 4567 4585 4566
f 4567 4586 4585
f 4567 4587 4586
f 4568 4587 4567
f 4569 4587 4568
f 4569 4588 4587
f 4627 4609 4608
f 4627 4610 4609
f 4627 4611 4610
f 4628 4612 4611
f 4628 4613 4612
f 4628 4611 4627
f 4629 4589 4590
f 4629 4590 4591
f 4629 4591 4592
f 4629 4608 4589
f 4629 4627 4608
f 4630 4613 4628
f 4630 4614 4613
f 4631 4592 4593
f 4631 4628 4627
f 4631 4629 4592
f 4631 4627 4629
f 4632 4614 4630
f 4632 4615 4614
f 4632 4616 4615
f 4633 4593 4594
f 4633 4594 4595
f 4633 4631 4593
f 4633 4628 4631
f 4633 4630 4628
f 4634 4617 4616
f 4634 4618 4617
f 4634 4616 4632
f 4635 4595 4596
f 4635 4596 4597
f 4635 4632 4630
f 4635 4630 4633
f 4635 4633 4595
f 4636 4619 4618
f 4636 4620 4619
f 4636 4618 4634
f 4637 4597 4598
f 4637 4598 4599
f 4637 4634 4632
f 4637 4632 4635
f 4637 4635 4597
f 4638 4621 4620
f 4638 4620 4636
f 4639 4599 4600
f 4639 4600 4601
f 4639 4637 4599
f 4639 4634 4637
f 4639 4636 4634
f 4640 4621 4638
f 4640 4622 4621
f 4640 4623 4622
f 4641 4638 4636
f 4641 4639 4601
f 4641 4601 4602
f 4641 4636 4639
f 4642 4623 4640
f 4642 4624 4623
f 4642 4625 4624
f 4642 4626 4625
f 4643 4602 4603
f 4643 4638 4641
f 4643 4603 4604
f 4643 4640 4638
f 4643 4641 4602
f 4644 4604 4605
f 4644 4605 4606
f 4644 4606 4607
f 4644 4626 4642
f 4644 4640 4643
f 4644 4607 4626
f 4644 4643 4604
f 4644 4642 4640
f 4646 4645 4656
f 4655 4646 4656
f 4647 4646 4655
f 4654 4647 4655
f 4648 4647 4654
f 4653 4648 4654
f 4649 4648 4653
f 4652 4649 4653
f 4650 4649 4652
f 4651 4650 4652
f 4659 4658 4657
f 4659 4657 4660
f 4667 4662 4661
f 4669 4662 4667
f 4666 4669 4667
f 4670 4669 4666
f 4665 4670 4666
f 4671 4670 4665
f 4664 4671 4665
f 4672 4671 4664
f 4663 4672 4664
f 4668 4672 4663
f 4694 4673 4674
f 4694 4674 4692
f 4695 4692 4691
f 4695 4694 4692
f 4696 4691 4690
f 4696 4695 4691
f 4697 4690 4689
f 4697 4696 4690
f 4698 4689 4688
f 4698 4697 4689
f 4699 4688 4687
f 4699 4698 4688
f 4700 4687 4686
f 4700 4699 4687
f 4701 4686 4685
f 4701 4700 4686
f 4702 4685 4684
f 4702 4701 4685
f 4703 4684 4683
f 4703 4702 4684
f 4704 4683 4682
f 4704 4703 4683
f 4681 4704 4682
f 4705 4704 4681
f 4706 4681 4680
f 4706 4705 4681
f 4707 4680 4679
f 4707 4706 4680
f 4708 4679 4678
f 4708 4707 4679
f 4709 4708 4678
f 4709 4678 4677
f 4710 4677 4676
f 4710 4709 4677
f 4693 4676 4675
f 4693 4710 4676
f 4715 4717 4716
f 4715 4718 4717
f 4714 4719 4718
f 4714 4718 4715
f 4713 4720 4719
f 4713 4719 4714
f 4712 4721 4720
f 4712 4720 4713
f 4711 4722 4721
f 4711 4721 4712
f 4725 4724 4723
f 4725 4723 4726
f 4734 4733 4732
f 4731 4734 4732
f 4735 4734 4731
f 4730 4735 4731
f 4736 4735 4730
f 4729 4736 4730
f 4737 4736 4729
f 4728 4737 4729
f 4738 4737 4728
f 4727 4738 4728
f 4739 4741 4742
f 4740 4741 4739
f 4751 4744 4743
f 4751 4743 4749
f 4752 4749 4748
f 4752 4751 4749
f 4753 4748 4747
f 4753 4752 4748
f 4754 4747 4746
f 4754 4753 4747
f 4750 4746 4745
f 4750 4754 4746
f 4758 4757 4775
f 4758 4775 4792
f 4759 4792 4791
f 4759 4758 4792
f 4760 4791 4790
f 4760 4759 4791
f 4761 4790 4789
f 4761 4760 4790
f 4762 4789 4788
f 4762 4761 4789
f 4763 4788 4787
f 4763 4762 4788
f 4764 4787 4786
f 4764 4763 4787
f 4765 4786 4785
f 4765 4764 4786
f 4766 4785 4784
f 4766 4765 4785
f 4767 4784 4783
f 4767 4766 4784
f 4768 4783 4782
f 4768 4767 4783
f 4769 4782 4781
f 4769 4768 4782
f 4770 4781 4780
f 4770 4769 4781
f 4771 4780 4779
f 4771 4770 4780
f 4772 4779 4778
f 4772 4771 4779
f 4773 4772 4778
f 4773 4778 4777
f 4774 4773 4777
f 4774 4777 4776
f 4756 4774 4776
f 4756 4776 4755
f 4803 4794 4793
f 4803 4793 4804
f 4802 4795 4794
f 4802 4794 4803
f 4796 4795 4802
f 4801 4796 4802
f 4797 4796 4801
f 4800 4797 4801
f 4798 4797 4800
f 4799 4798 4800
f 4805 4807 4808
f 4806 4807 4805
