# generated by step_to_parts.py -- 4812 verts, 4666 tris
v 0.285612 -0.524460 -0.044876
v 0.285919 -0.526963 -0.040731
v 0.286293 -0.530003 -0.036969
v 0.286725 -0.533523 -0.033659
v 0.285116 -0.524521 -0.044876
v 0.274495 -0.525825 -0.044876
v 0.274899 -0.529115 -0.039651
v 0.275408 -0.533256 -0.035081
v 0.276005 -0.538122 -0.031305
v 0.276674 -0.543564 -0.028437
v 0.277392 -0.549419 -0.026565
v 0.278140 -0.555506 -0.025746
v 0.278893 -0.561643 -0.026004
v 0.279630 -0.567642 -0.027332
v 0.280327 -0.573321 -0.029689
v 0.280964 -0.578507 -0.033004
v 0.281521 -0.583043 -0.037176
v 0.281981 -0.586791 -0.042078
v 0.282331 -0.589638 -0.047562
v 0.282559 -0.591496 -0.053460
v 0.282659 -0.592309 -0.059593
v 0.282627 -0.592052 -0.065776
v 0.282465 -0.590734 -0.071820
v 0.282178 -0.588395 -0.077541
v 0.292798 -0.587091 -0.077541
v 0.292633 -0.585742 -0.042486
v 0.292970 -0.588485 -0.047933
v 0.293187 -0.590260 -0.053774
v 0.293280 -0.591015 -0.059834
v 0.293245 -0.590728 -0.065935
v 0.293083 -0.589406 -0.071897
v 0.285189 -0.586656 -0.042486
v 0.284850 -0.583899 -0.038616
v 0.284451 -0.580652 -0.035153
v 0.284000 -0.576974 -0.032160
v 0.283503 -0.572931 -0.029689
v 0.291444 -0.571956 -0.029689
v 0.290853 -0.567148 -0.027619
v 0.291054 -0.568784 -0.028229
v 0.291251 -0.570388 -0.028919
v 0.282913 -0.568123 -0.027619
v 0.282206 -0.562365 -0.026167
v 0.281479 -0.556446 -0.025710
v 0.280754 -0.550536 -0.026260
v 0.280049 -0.544801 -0.027802
v 0.279387 -0.539404 -0.030292
v 0.278784 -0.534498 -0.033659
v 0.227146 -0.556211 -0.074971
v 0.227175 -0.556451 -0.075071
v 0.227206 -0.556704 -0.075127
v 0.227238 -0.556963 -0.075138
v 0.227270 -0.557221 -0.075103
v 0.227300 -0.557468 -0.075024
v 0.227328 -0.557698 -0.074903
v 0.227353 -0.557904 -0.074743
v 0.227375 -0.558079 -0.074550
v 0.227392 -0.558218 -0.074329
v 0.227404 -0.558316 -0.074088
v 0.227411 -0.558372 -0.073832
v 0.227412 -0.558383 -0.073571
v 0.227408 -0.558349 -0.073312
v 0.227398 -0.558270 -0.073063
v 0.227384 -0.558150 -0.072831
v 0.227364 -0.557991 -0.072624
v 0.227341 -0.557800 -0.072447
v 0.227314 -0.557581 -0.072307
v 0.230123 -0.555845 -0.074971
v 0.230153 -0.556085 -0.075071
v 0.230184 -0.556338 -0.075127
v 0.230216 -0.556598 -0.075138
v 0.230247 -0.556855 -0.075103
v 0.230278 -0.557102 -0.075024
v 0.230306 -0.557332 -0.074903
v 0.230331 -0.557538 -0.074743
v 0.230353 -0.557713 -0.074550
v 0.230370 -0.557852 -0.074329
v 0.230382 -0.557951 -0.074088
v 0.230389 -0.558006 -0.073832
v 0.230390 -0.558017 -0.073571
v 0.230386 -0.557983 -0.073312
v 0.230376 -0.557904 -0.073063
v 0.230361 -0.557784 -0.072831
v 0.230342 -0.557626 -0.072624
v 0.230318 -0.557434 -0.072447
v 0.230291 -0.557215 -0.072307
v 0.227314 -0.557581 -0.072307
v 0.227284 -0.557341 -0.072208
v 0.227253 -0.557087 -0.072152
v 0.227221 -0.556828 -0.072141
v 0.227190 -0.556571 -0.072175
v 0.227159 -0.556323 -0.072254
v 0.227131 -0.556093 -0.072376
v 0.227106 -0.555888 -0.072535
v 0.227085 -0.555713 -0.072728
v 0.227067 -0.555574 -0.072949
v 0.227055 -0.555475 -0.073191
v 0.227048 -0.555419 -0.073446
v 0.227047 -0.555408 -0.073707
v 0.227051 -0.555443 -0.073967
v 0.227061 -0.555521 -0.074216
v 0.227076 -0.555641 -0.074448
v 0.227095 -0.555800 -0.074655
v 0.227119 -0.555992 -0.074831
v 0.227146 -0.556211 -0.074971
v 0.230291 -0.557215 -0.072307
v 0.230262 -0.556975 -0.072208
v 0.230231 -0.556722 -0.072152
v 0.230199 -0.556462 -0.072141
v 0.230167 -0.556205 -0.072175
v 0.230137 -0.555958 -0.072254
v 0.230109 -0.555728 -0.072376
v 0.230084 -0.555522 -0.072535
v 0.230062 -0.555347 -0.072728
v 0.230045 -0.555208 -0.072949
v 0.230033 -0.555109 -0.073191
v 0.230026 -0.555054 -0.073446
v 0.230025 -0.555043 -0.073707
v 0.230029 -0.555077 -0.073967
v 0.230039 -0.555156 -0.074216
v 0.230053 -0.555276 -0.074448
v 0.230073 -0.555434 -0.074655
v 0.230096 -0.555626 -0.074831
v 0.230123 -0.555845 -0.074971
v 0.230123 -0.555845 -0.074971
v 0.230153 -0.556085 -0.075071
v 0.230184 -0.556338 -0.075127
v 0.230216 -0.556598 -0.075138
v 0.230247 -0.556855 -0.075103
v 0.230278 -0.557102 -0.075024
v 0.230306 -0.557332 -0.074903
v 0.230331 -0.557538 -0.074743
v 0.230353 -0.557713 -0.074550
v 0.230370 -0.557852 -0.074329
v 0.230382 -0.557951 -0.074088
v 0.230389 -0.558006 -0.073832
v 0.230390 -0.558017 -0.073571
v 0.230386 -0.557983 -0.073312
v 0.230376 -0.557904 -0.073063
v 0.230361 -0.557784 -0.072831
v 0.230342 -0.557626 -0.072624
v 0.230318 -0.557434 -0.072447
v 0.230291 -0.557215 -0.072307
v 0.230262 -0.556975 -0.072208
v 0.230231 -0.556722 -0.072152
v 0.230199 -0.556462 -0.072141
v 0.230167 -0.556205 -0.072175
v 0.230137 -0.555958 -0.072254
v 0.230109 -0.555728 -0.072376
v 0.230084 -0.555522 -0.072535
v 0.230062 -0.555347 -0.072728
v 0.230045 -0.555208 -0.072949
v 0.230033 -0.555109 -0.073191
v 0.230026 -0.555054 -0.073446
v 0.230025 -0.555043 -0.073707
v 0.230029 -0.555077 -0.073967
v 0.230039 -0.555156 -0.074216
v 0.230053 -0.555276 -0.074448
v 0.230073 -0.555434 -0.074655
v 0.230096 -0.555626 -0.074831
v 0.231693 -0.568631 -0.050110
v 0.231723 -0.568871 -0.050210
v 0.231754 -0.569124 -0.050266
v 0.231786 -0.569384 -0.050277
v 0.231817 -0.569641 -0.050242
v 0.231848 -0.569888 -0.050163
v 0.231876 -0.570118 -0.050042
v 0.231901 -0.570324 -0.049883
v 0.231923 -0.570499 -0.049689
v 0.231940 -0.570638 -0.049469
v 0.231952 -0.570737 -0.049227
v 0.231959 -0.570792 -0.048971
v 0.231960 -0.570803 -0.048710
v 0.231956 -0.570769 -0.048451
v 0.231946 -0.570690 -0.048202
v 0.231931 -0.570570 -0.047970
v 0.231912 -0.570412 -0.047763
v 0.231888 -0.570220 -0.047587
v 0.231861 -0.570001 -0.047447
v 0.231832 -0.569761 -0.047347
v 0.231801 -0.569508 -0.047291
v 0.231769 -0.569248 -0.047280
v 0.231737 -0.568991 -0.047315
v 0.231707 -0.568744 -0.047394
v 0.231679 -0.568514 -0.047515
v 0.231654 -0.568308 -0.047675
v 0.231632 -0.568133 -0.047868
v 0.231615 -0.567994 -0.048088
v 0.231603 -0.567895 -0.048330
v 0.231596 -0.567840 -0.048586
v 0.231595 -0.567829 -0.048847
v 0.231599 -0.567863 -0.049106
v 0.231609 -0.567942 -0.049355
v 0.231623 -0.568062 -0.049587
v 0.231643 -0.568220 -0.049794
v 0.231666 -0.568412 -0.049970
v 0.228716 -0.568997 -0.050110
v 0.228745 -0.569237 -0.050210
v 0.228776 -0.569490 -0.050266
v 0.228808 -0.569749 -0.050277
v 0.228840 -0.570007 -0.050242
v 0.228870 -0.570254 -0.050163
v 0.228898 -0.570484 -0.050042
v 0.228923 -0.570690 -0.049883
v 0.228945 -0.570864 -0.049689
v 0.228962 -0.571004 -0.049469
v 0.228974 -0.571102 -0.049227
v 0.228981 -0.571158 -0.048971
v 0.228982 -0.571169 -0.048710
v 0.228978 -0.571135 -0.048451
v 0.228968 -0.571056 -0.048202
v 0.228954 -0.570936 -0.047970
v 0.228934 -0.570777 -0.047763
v 0.228911 -0.570586 -0.047587
v 0.228884 -0.570367 -0.047447
v 0.231693 -0.568631 -0.050110
v 0.231723 -0.568871 -0.050210
v 0.231754 -0.569124 -0.050266
v 0.231786 -0.569384 -0.050277
v 0.231817 -0.569641 -0.050242
v 0.231848 -0.569888 -0.050163
v 0.231876 -0.570118 -0.050042
v 0.231901 -0.570324 -0.049883
v 0.231923 -0.570499 -0.049689
v 0.231940 -0.570638 -0.049469
v 0.231952 -0.570737 -0.049227
v 0.231959 -0.570792 -0.048971
v 0.231960 -0.570803 -0.048710
v 0.231956 -0.570769 -0.048451
v 0.231946 -0.570690 -0.048202
v 0.231931 -0.570570 -0.047970
v 0.231912 -0.570412 -0.047763
v 0.231888 -0.570220 -0.047587
v 0.231861 -0.570001 -0.047447
v 0.228884 -0.570367 -0.047447
v 0.228854 -0.570127 -0.047347
v 0.228823 -0.569873 -0.047291
v 0.228791 -0.569614 -0.047280
v 0.228760 -0.569357 -0.047315
v 0.228729 -0.569109 -0.047394
v 0.228701 -0.568879 -0.047515
v 0.228676 -0.568674 -0.047675
v 0.228654 -0.568499 -0.047868
v 0.228637 -0.568360 -0.048088
v 0.228625 -0.568261 -0.048330
v 0.228618 -0.568205 -0.048586
v 0.228617 -0.568194 -0.048847
v 0.228621 -0.568229 -0.049106
v 0.228631 -0.568307 -0.049355
v 0.228646 -0.568427 -0.049587
v 0.228665 -0.568586 -0.049794
v 0.228689 -0.568778 -0.049970
v 0.228716 -0.568997 -0.050110
v 0.231861 -0.570001 -0.047447
v 0.231832 -0.569761 -0.047347
v 0.231801 -0.569508 -0.047291
v 0.231769 -0.569248 -0.047280
v 0.231737 -0.568991 -0.047315
v 0.231707 -0.568744 -0.047394
v 0.231679 -0.568514 -0.047515
v 0.231654 -0.568308 -0.047675
v 0.231632 -0.568133 -0.047868
v 0.231615 -0.567994 -0.048088
v 0.231603 -0.567895 -0.048330
v 0.231596 -0.567840 -0.048586
v 0.231595 -0.567829 -0.048847
v 0.231599 -0.567863 -0.049106
v 0.231609 -0.567942 -0.049355
v 0.231623 -0.568062 -0.049587
v 0.231643 -0.568220 -0.049794
v 0.231666 -0.568412 -0.049970
v 0.231693 -0.568631 -0.050110
v 0.234552 -0.550889 -0.052992
v 0.234588 -0.551181 -0.053179
v 0.234620 -0.551437 -0.053414
v 0.234646 -0.551648 -0.053690
v 0.234665 -0.551809 -0.053999
v 0.234678 -0.551913 -0.054331
v 0.234684 -0.551959 -0.054677
v 0.234682 -0.551945 -0.055025
v 0.234673 -0.551870 -0.055366
v 0.234657 -0.551739 -0.055688
v 0.234634 -0.551553 -0.055982
v 0.234605 -0.551320 -0.056240
v 0.234572 -0.551046 -0.056453
v 0.234534 -0.550739 -0.056614
v 0.234493 -0.550409 -0.056720
v 0.234451 -0.550066 -0.056766
v 0.234409 -0.549721 -0.056751
v 0.234367 -0.549383 -0.056676
v 0.234328 -0.549063 -0.056544
v 0.234292 -0.548771 -0.056357
v 0.234261 -0.548515 -0.056122
v 0.234235 -0.548304 -0.055846
v 0.234215 -0.548143 -0.055537
v 0.234202 -0.548039 -0.055204
v 0.234197 -0.547993 -0.054859
v 0.234198 -0.548007 -0.054511
v 0.234208 -0.548082 -0.054170
v 0.234224 -0.548213 -0.053848
v 0.234247 -0.548399 -0.053553
v 0.234275 -0.548632 -0.053296
v 0.234309 -0.548906 -0.053083
v 0.234346 -0.549213 -0.052922
v 0.234387 -0.549543 -0.052816
v 0.234429 -0.549886 -0.052770
v 0.234472 -0.550231 -0.052784
v 0.234513 -0.550569 -0.052859
v 0.226388 -0.550038 -0.056544
v 0.226427 -0.550358 -0.056676
v 0.226468 -0.550696 -0.056751
v 0.226511 -0.551041 -0.056766
v 0.226553 -0.551384 -0.056720
v 0.226594 -0.551714 -0.056614
v 0.226631 -0.552021 -0.056453
v 0.226665 -0.552295 -0.056240
v 0.226693 -0.552528 -0.055982
v 0.226716 -0.552713 -0.055688
v 0.226732 -0.552845 -0.055366
v 0.226742 -0.552920 -0.055025
v 0.226743 -0.552934 -0.054677
v 0.226738 -0.552888 -0.054331
v 0.226725 -0.552783 -0.053999
v 0.226705 -0.552623 -0.053690
v 0.226679 -0.552412 -0.053414
v 0.226648 -0.552156 -0.053179
v 0.226612 -0.551864 -0.052992
v 0.234328 -0.549063 -0.056544
v 0.234552 -0.550889 -0.052992
v 0.234588 -0.551181 -0.053179
v 0.234620 -0.551437 -0.053414
v 0.234646 -0.551648 -0.053690
v 0.234665 -0.551809 -0.053999
v 0.234678 -0.551913 -0.054331
v 0.234684 -0.551959 -0.054677
v 0.234682 -0.551945 -0.055025
v 0.234673 -0.551870 -0.055366
v 0.234657 -0.551739 -0.055688
v 0.234634 -0.551553 -0.055982
v 0.234605 -0.551320 -0.056240
v 0.234572 -0.551046 -0.056453
v 0.234534 -0.550739 -0.056614
v 0.234493 -0.550409 -0.056720
v 0.234451 -0.550066 -0.056766
v 0.234409 -0.549721 -0.056751
v 0.234367 -0.549383 -0.056676
v 0.226612 -0.551864 -0.052992
v 0.226573 -0.551544 -0.052859
v 0.226531 -0.551206 -0.052784
v 0.226489 -0.550861 -0.052770
v 0.226447 -0.550518 -0.052816
v 0.226406 -0.550188 -0.052922
v 0.226368 -0.549881 -0.053083
v 0.226335 -0.549607 -0.053296
v 0.226306 -0.549374 -0.053553
v 0.226283 -0.549188 -0.053848
v 0.226267 -0.549057 -0.054170
v 0.226258 -0.548982 -0.054511
v 0.226256 -0.548968 -0.054859
v 0.226262 -0.549014 -0.055204
v 0.226275 -0.549118 -0.055537
v 0.226295 -0.549279 -0.055846
v 0.226320 -0.549490 -0.056122
v 0.226352 -0.549745 -0.056357
v 0.226388 -0.550038 -0.056544
v 0.234552 -0.550889 -0.052992
v 0.234328 -0.549063 -0.056544
v 0.234292 -0.548771 -0.056357
v 0.234261 -0.548515 -0.056122
v 0.234235 -0.548304 -0.055846
v 0.234215 -0.548143 -0.055537
v 0.234202 -0.548039 -0.055204
v 0.234197 -0.547993 -0.054859
v 0.234198 -0.548007 -0.054511
v 0.234208 -0.548082 -0.054170
v 0.234224 -0.548213 -0.053848
v 0.234247 -0.548399 -0.053553
v 0.234275 -0.548632 -0.053296
v 0.234309 -0.548906 -0.053083
v 0.234346 -0.549213 -0.052922
v 0.234387 -0.549543 -0.052816
v 0.234429 -0.549886 -0.052770
v 0.234472 -0.550231 -0.052784
v 0.234513 -0.550569 -0.052859
v 0.233070 -0.567535 -0.051886
v 0.233258 -0.569069 -0.052867
v 0.233423 -0.570411 -0.054101
v 0.233559 -0.571519 -0.055550
v 0.233662 -0.572361 -0.057172
v 0.233730 -0.572911 -0.058917
v 0.233759 -0.573151 -0.060731
v 0.233750 -0.573075 -0.062560
v 0.233702 -0.572686 -0.064347
v 0.233617 -0.571993 -0.066040
v 0.233498 -0.571020 -0.067585
v 0.233347 -0.569796 -0.068937
v 0.233171 -0.568356 -0.070054
v 0.232973 -0.566747 -0.070902
v 0.232760 -0.565015 -0.071456
v 0.232539 -0.563214 -0.071698
v 0.232317 -0.561399 -0.071622
v 0.232099 -0.559625 -0.071229
v 0.231892 -0.557945 -0.070532
v 0.231704 -0.556412 -0.069551
v 0.231539 -0.555070 -0.068317
v 0.231403 -0.553961 -0.066867
v 0.231300 -0.553119 -0.065245
v 0.231232 -0.552570 -0.063501
v 0.231203 -0.552329 -0.061687
v 0.231212 -0.552405 -0.059858
v 0.231260 -0.552795 -0.058070
v 0.231345 -0.553487 -0.056378
v 0.231464 -0.554460 -0.054833
v 0.231615 -0.555685 -0.053481
v 0.231792 -0.557124 -0.052364
v 0.231989 -0.558734 -0.051516
v 0.232202 -0.560465 -0.050962
v 0.232423 -0.562266 -0.050720
v 0.232646 -0.564081 -0.050796
v 0.232864 -0.565855 -0.051189
v 0.227426 -0.558494 -0.070532
v 0.227632 -0.560174 -0.071229
v 0.227850 -0.561948 -0.071622
v 0.228073 -0.563763 -0.071698
v 0.228294 -0.565564 -0.071456
v 0.228507 -0.567295 -0.070902
v 0.228704 -0.568905 -0.070054
v 0.228881 -0.570344 -0.068937
v 0.229031 -0.571569 -0.067585
v 0.229151 -0.572542 -0.066040
v 0.229236 -0.573234 -0.064347
v 0.229284 -0.573624 -0.062560
v 0.229293 -0.573700 -0.060731
v 0.229263 -0.573459 -0.058917
v 0.229196 -0.572910 -0.057172
v 0.229093 -0.572068 -0.055550
v 0.228957 -0.570959 -0.054101
v 0.228792 -0.569617 -0.052867
v 0.228603 -0.568083 -0.051886
v 0.231892 -0.557945 -0.070532
v 0.233070 -0.567535 -0.051886
v 0.233258 -0.569069 -0.052867
v 0.233423 -0.570411 -0.054101
v 0.233559 -0.571519 -0.055550
v 0.233662 -0.572361 -0.057172
v 0.233730 -0.572911 -0.058917
v 0.233759 -0.573151 -0.060731
v 0.233750 -0.573075 -0.062560
v 0.233702 -0.572686 -0.064347
v 0.233617 -0.571993 -0.066040
v 0.233498 -0.571020 -0.067585
v 0.233347 -0.569796 -0.068937
v 0.233171 -0.568356 -0.070054
v 0.232973 -0.566747 -0.070902
v 0.232760 -0.565015 -0.071456
v 0.232539 -0.563214 -0.071698
v 0.232317 -0.561399 -0.071622
v 0.232099 -0.559625 -0.071229
v 0.228603 -0.568083 -0.051886
v 0.228397 -0.566404 -0.051189
v 0.228179 -0.564629 -0.050796
v 0.227956 -0.562814 -0.050720
v 0.227735 -0.561014 -0.050962
v 0.227523 -0.559282 -0.051516
v 0.227325 -0.557672 -0.052364
v 0.227148 -0.556233 -0.053481
v 0.226998 -0.555009 -0.054833
v 0.226879 -0.554035 -0.056378
v 0.226794 -0.553343 -0.058070
v 0.226746 -0.552954 -0.059858
v 0.226736 -0.552878 -0.061687
v 0.226766 -0.553118 -0.063501
v 0.226833 -0.553668 -0.065245
v 0.226937 -0.554510 -0.066867
v 0.227073 -0.555618 -0.068317
v 0.227238 -0.556960 -0.069551
v 0.227426 -0.558494 -0.070532
v 0.233070 -0.567535 -0.051886
v 0.231892 -0.557945 -0.070532
v 0.231704 -0.556412 -0.069551
v 0.231539 -0.555070 -0.068317
v 0.231403 -0.553961 -0.066867
v 0.231300 -0.553119 -0.065245
v 0.231232 -0.552570 -0.063501
v 0.231203 -0.552329 -0.061687
v 0.231212 -0.552405 -0.059858
v 0.231260 -0.552795 -0.058070
v 0.231345 -0.553487 -0.056378
v 0.231464 -0.554460 -0.054833
v 0.231615 -0.555685 -0.053481
v 0.231792 -0.557124 -0.052364
v 0.231989 -0.558734 -0.051516
v 0.232202 -0.560465 -0.050962
v 0.232423 -0.562266 -0.050720
v 0.232646 -0.564081 -0.050796
v 0.232864 -0.565855 -0.051189
v 0.236121 -0.563664 -0.047132
v 0.236119 -0.563650 -0.047481
v 0.236110 -0.563576 -0.047821
v 0.236094 -0.563444 -0.048144
v 0.236071 -0.563258 -0.048438
v 0.236042 -0.563025 -0.048695
v 0.236009 -0.562751 -0.048908
v 0.235971 -0.562444 -0.049070
v 0.235931 -0.562115 -0.049175
v 0.235889 -0.561772 -0.049221
v 0.235846 -0.561426 -0.049207
v 0.235805 -0.561088 -0.049132
v 0.235765 -0.560768 -0.048999
v 0.235729 -0.560476 -0.048812
v 0.235698 -0.560220 -0.048577
v 0.235672 -0.560009 -0.048301
v 0.235652 -0.559849 -0.047992
v 0.235640 -0.559744 -0.047660
v 0.235634 -0.559698 -0.047314
v 0.235636 -0.559713 -0.046966
v 0.235645 -0.559787 -0.046626
v 0.235661 -0.559919 -0.046303
v 0.235684 -0.560104 -0.046009
v 0.235712 -0.560337 -0.045751
v 0.235746 -0.560612 -0.045539
v 0.235784 -0.560918 -0.045377
v 0.235824 -0.561248 -0.045272
v 0.235866 -0.561591 -0.045225
v 0.235909 -0.561937 -0.045240
v 0.235950 -0.562275 -0.045315
v 0.235990 -0.562595 -0.045448
v 0.236025 -0.562887 -0.045634
v 0.236057 -0.563142 -0.045869
v 0.236083 -0.563354 -0.046146
v 0.236102 -0.563514 -0.046455
v 0.236115 -0.563619 -0.046787
v 0.227694 -0.560673 -0.047314
v 0.227699 -0.560719 -0.047660
v 0.227712 -0.560824 -0.047992
v 0.227732 -0.560984 -0.048301
v 0.227758 -0.561195 -0.048577
v 0.227789 -0.561451 -0.048812
v 0.227825 -0.561743 -0.048999
v 0.227864 -0.562063 -0.049132
v 0.227906 -0.562401 -0.049207
v 0.227948 -0.562747 -0.049221
v 0.227990 -0.563090 -0.049175
v 0.228031 -0.563419 -0.049070
v 0.228068 -0.563726 -0.048908
v 0.228102 -0.564000 -0.048695
v 0.228131 -0.564233 -0.048438
v 0.228153 -0.564419 -0.048144
v 0.228170 -0.564551 -0.047821
v 0.228179 -0.564625 -0.047481
v 0.228181 -0.564639 -0.047132
v 0.235634 -0.559698 -0.047314
v 0.236121 -0.563664 -0.047132
v 0.236119 -0.563650 -0.047481
v 0.236110 -0.563576 -0.047821
v 0.236094 -0.563444 -0.048144
v 0.236071 -0.563258 -0.048438
v 0.236042 -0.563025 -0.048695
v 0.236009 -0.562751 -0.048908
v 0.235971 -0.562444 -0.049070
v 0.235931 -0.562115 -0.049175
v 0.235889 -0.561772 -0.049221
v 0.235846 -0.561426 -0.049207
v 0.235805 -0.561088 -0.049132
v 0.235765 -0.560768 -0.048999
v 0.235729 -0.560476 -0.048812
v 0.235698 -0.560220 -0.048577
v 0.235672 -0.560009 -0.048301
v 0.235652 -0.559849 -0.047992
v 0.235640 -0.559744 -0.047660
v 0.228181 -0.564639 -0.047132
v 0.228175 -0.564594 -0.046787
v 0.228162 -0.564489 -0.046455
v 0.228142 -0.564328 -0.046146
v 0.228116 -0.564117 -0.045869
v 0.228085 -0.563862 -0.045634
v 0.228049 -0.563570 -0.045448
v 0.228010 -0.563250 -0.045315
v 0.227968 -0.562912 -0.045240
v 0.227926 -0.562566 -0.045225
v 0.227884 -0.562223 -0.045272
v 0.227843 -0.561893 -0.045377
v 0.227806 -0.561587 -0.045539
v 0.227772 -0.561312 -0.045751
v 0.227743 -0.561079 -0.046009
v 0.227721 -0.560894 -0.046303
v 0.227704 -0.560762 -0.046626
v 0.227695 -0.560688 -0.046966
v 0.227694 -0.560673 -0.047314
v 0.236121 -0.563664 -0.047132
v 0.235634 -0.559698 -0.047314
v 0.235636 -0.559713 -0.046966
v 0.235645 -0.559787 -0.046626
v 0.235661 -0.559919 -0.046303
v 0.235684 -0.560104 -0.046009
v 0.235712 -0.560337 -0.045751
v 0.235746 -0.560612 -0.045539
v 0.235784 -0.560918 -0.045377
v 0.235824 -0.561248 -0.045272
v 0.235866 -0.561591 -0.045225
v 0.235909 -0.561937 -0.045240
v 0.235950 -0.562275 -0.045315
v 0.235990 -0.562595 -0.045448
v 0.236025 -0.562887 -0.045634
v 0.236057 -0.563142 -0.045869
v 0.236083 -0.563354 -0.046146
v 0.236102 -0.563514 -0.046455
v 0.236115 -0.563619 -0.046787
v 0.237524 -0.575089 -0.055349
v 0.237486 -0.574782 -0.055511
v 0.237446 -0.574452 -0.055616
v 0.237403 -0.574109 -0.055662
v 0.237361 -0.573764 -0.055648
v 0.237319 -0.573426 -0.055573
v 0.237280 -0.573106 -0.055440
v 0.237244 -0.572814 -0.055253
v 0.237213 -0.572558 -0.055018
v 0.237187 -0.572347 -0.054742
v 0.237167 -0.572186 -0.054433
v 0.237154 -0.572082 -0.054101
v 0.237149 -0.572036 -0.053755
v 0.237151 -0.572050 -0.053407
v 0.237160 -0.572125 -0.053067
v 0.237176 -0.572256 -0.052744
v 0.237199 -0.572442 -0.052450
v 0.237227 -0.572675 -0.052192
v 0.237261 -0.572949 -0.051980
v 0.237299 -0.573256 -0.051818
v 0.237339 -0.573586 -0.051713
v 0.237381 -0.573929 -0.051666
v 0.237424 -0.574274 -0.051681
v 0.237465 -0.574612 -0.051756
v 0.237504 -0.574932 -0.051889
v 0.237540 -0.575224 -0.052075
v 0.237572 -0.575480 -0.052310
v 0.237598 -0.575691 -0.052587
v 0.237617 -0.575852 -0.052896
v 0.237630 -0.575956 -0.053228
v 0.237636 -0.576002 -0.053573
v 0.237634 -0.575988 -0.053922
v 0.237625 -0.575913 -0.054262
v 0.237609 -0.575782 -0.054585
v 0.237586 -0.575596 -0.054879
v 0.237557 -0.575363 -0.055136
v 0.229321 -0.573924 -0.051980
v 0.229287 -0.573650 -0.052192
v 0.229258 -0.573417 -0.052450
v 0.229236 -0.573231 -0.052744
v 0.229219 -0.573100 -0.053067
v 0.229210 -0.573025 -0.053407
v 0.229208 -0.573011 -0.053755
v 0.229214 -0.573057 -0.054101
v 0.229227 -0.573161 -0.054433
v 0.229247 -0.573322 -0.054742
v 0.229273 -0.573533 -0.055018
v 0.229304 -0.573789 -0.055253
v 0.229340 -0.574081 -0.055440
v 0.229379 -0.574401 -0.055573
v 0.229421 -0.574739 -0.055648
v 0.229463 -0.575084 -0.055662
v 0.229505 -0.575427 -0.055616
v 0.229546 -0.575757 -0.055511
v 0.229583 -0.576064 -0.055349
v 0.237261 -0.572949 -0.051980
v 0.237524 -0.575089 -0.055349
v 0.237486 -0.574782 -0.055511
v 0.237446 -0.574452 -0.055616
v 0.237403 -0.574109 -0.055662
v 0.237361 -0.573764 -0.055648
v 0.237319 -0.573426 -0.055573
v 0.237280 -0.573106 -0.055440
v 0.237244 -0.572814 -0.055253
v 0.237213 -0.572558 -0.055018
v 0.237187 -0.572347 -0.054742
v 0.237167 -0.572186 -0.054433
v 0.237154 -0.572082 -0.054101
v 0.237149 -0.572036 -0.053755
v 0.237151 -0.572050 -0.053407
v 0.237160 -0.572125 -0.053067
v 0.237176 -0.572256 -0.052744
v 0.237199 -0.572442 -0.052450
v 0.237227 -0.572675 -0.052192
v 0.229583 -0.576064 -0.055349
v 0.229617 -0.576338 -0.055136
v 0.229646 -0.576571 -0.054879
v 0.229668 -0.576757 -0.054585
v 0.229685 -0.576888 -0.054262
v 0.229694 -0.576963 -0.053922
v 0.229695 -0.576977 -0.053573
v 0.229690 -0.576931 -0.053228
v 0.229677 -0.576827 -0.052896
v 0.229657 -0.576666 -0.052587
v 0.229631 -0.576455 -0.052310
v 0.229600 -0.576199 -0.052075
v 0.229564 -0.575907 -0.051889
v 0.229525 -0.575587 -0.051756
v 0.229483 -0.575249 -0.051681
v 0.229441 -0.574904 -0.051666
v 0.229399 -0.574561 -0.051713
v 0.229358 -0.574231 -0.051818
v 0.229321 -0.573924 -0.051980
v 0.237524 -0.575089 -0.055349
v 0.237261 -0.572949 -0.051980
v 0.237299 -0.573256 -0.051818
v 0.237339 -0.573586 -0.051713
v 0.237381 -0.573929 -0.051666
v 0.237424 -0.574274 -0.051681
v 0.237465 -0.574612 -0.051756
v 0.237504 -0.574932 -0.051889
v 0.237540 -0.575224 -0.052075
v 0.237572 -0.575480 -0.052310
v 0.237598 -0.575691 -0.052587
v 0.237617 -0.575852 -0.052896
v 0.237630 -0.575956 -0.053228
v 0.237636 -0.576002 -0.053573
v 0.237634 -0.575988 -0.053922
v 0.237625 -0.575913 -0.054262
v 0.237609 -0.575782 -0.054585
v 0.237586 -0.575596 -0.054879
v 0.237557 -0.575363 -0.055136
v 0.237358 -0.573738 -0.069426
v 0.237322 -0.573446 -0.069239
v 0.237291 -0.573190 -0.069004
v 0.237265 -0.572979 -0.068728
v 0.237245 -0.572819 -0.068419
v 0.237232 -0.572714 -0.068086
v 0.237226 -0.572668 -0.067741
v 0.237228 -0.572683 -0.067393
v 0.237237 -0.572757 -0.067052
v 0.237254 -0.572889 -0.066730
v 0.237276 -0.573074 -0.066435
v 0.237305 -0.573307 -0.066178
v 0.237339 -0.573582 -0.065965
v 0.237376 -0.573888 -0.065804
v 0.237417 -0.574218 -0.065698
v 0.237459 -0.574561 -0.065652
v 0.237501 -0.574907 -0.065666
v 0.237543 -0.575245 -0.065741
v 0.237582 -0.575565 -0.065874
v 0.237618 -0.575857 -0.066061
v 0.237649 -0.576112 -0.066296
v 0.237675 -0.576324 -0.066572
v 0.237695 -0.576484 -0.066881
v 0.237708 -0.576589 -0.067213
v 0.237713 -0.576634 -0.067559
v 0.237712 -0.576620 -0.067907
v 0.237703 -0.576546 -0.068248
v 0.237686 -0.576414 -0.068570
v 0.237664 -0.576229 -0.068864
v 0.237635 -0.575995 -0.069122
v 0.237601 -0.575721 -0.069335
v 0.237564 -0.575414 -0.069496
v 0.237523 -0.575085 -0.069602
v 0.237481 -0.574742 -0.069648
v 0.237439 -0.574396 -0.069633
v 0.237397 -0.574058 -0.069558
v 0.229642 -0.576540 -0.065874
v 0.229602 -0.576220 -0.065741
v 0.229561 -0.575882 -0.065666
v 0.229518 -0.575536 -0.065652
v 0.229476 -0.575193 -0.065698
v 0.229436 -0.574863 -0.065804
v 0.229398 -0.574557 -0.065965
v 0.229365 -0.574282 -0.066178
v 0.229336 -0.574049 -0.066435
v 0.229313 -0.573864 -0.066730
v 0.229297 -0.573732 -0.067052
v 0.229288 -0.573658 -0.067393
v 0.229286 -0.573643 -0.067741
v 0.229292 -0.573689 -0.068086
v 0.229305 -0.573794 -0.068419
v 0.229324 -0.573954 -0.068728
v 0.229350 -0.574165 -0.069004
v 0.229382 -0.574421 -0.069239
v 0.229417 -0.574713 -0.069426
v 0.237582 -0.575565 -0.065874
v 0.237358 -0.573738 -0.069426
v 0.237322 -0.573446 -0.069239
v 0.237291 -0.573190 -0.069004
v 0.237265 -0.572979 -0.068728
v 0.237245 -0.572819 -0.068419
v 0.237232 -0.572714 -0.068086
v 0.237226 -0.572668 -0.067741
v 0.237228 -0.572683 -0.067393
v 0.237237 -0.572757 -0.067052
v 0.237254 -0.572889 -0.066730
v 0.237276 -0.573074 -0.066435
v 0.237305 -0.573307 -0.066178
v 0.237339 -0.573582 -0.065965
v 0.237376 -0.573888 -0.065804
v 0.237417 -0.574218 -0.065698
v 0.237459 -0.574561 -0.065652
v 0.237501 -0.574907 -0.065666
v 0.237543 -0.575245 -0.065741
v 0.229417 -0.574713 -0.069426
v 0.229457 -0.575033 -0.069558
v 0.229498 -0.575371 -0.069633
v 0.229541 -0.575717 -0.069648
v 0.229583 -0.576060 -0.069602
v 0.229623 -0.576389 -0.069496
v 0.229661 -0.576696 -0.069335
v 0.229695 -0.576970 -0.069122
v 0.229723 -0.577203 -0.068864
v 0.229746 -0.577389 -0.068570
v 0.229762 -0.577521 -0.068248
v 0.229771 -0.577595 -0.067907
v 0.229773 -0.577609 -0.067559
v 0.229767 -0.577564 -0.067213
v 0.229755 -0.577459 -0.066881
v 0.229735 -0.577299 -0.066572
v 0.229709 -0.577087 -0.066296
v 0.229678 -0.576832 -0.066061
v 0.229642 -0.576540 -0.065874
v 0.237358 -0.573738 -0.069426
v 0.237582 -0.575565 -0.065874
v 0.237618 -0.575857 -0.066061
v 0.237649 -0.576112 -0.066296
v 0.237675 -0.576324 -0.066572
v 0.237695 -0.576484 -0.066881
v 0.237708 -0.576589 -0.067213
v 0.237713 -0.576634 -0.067559
v 0.237712 -0.576620 -0.067907
v 0.237703 -0.576546 -0.068248
v 0.237686 -0.576414 -0.068570
v 0.237664 -0.576229 -0.068864
v 0.237635 -0.575995 -0.069122
v 0.237601 -0.575721 -0.069335
v 0.237564 -0.575414 -0.069496
v 0.237523 -0.575085 -0.069602
v 0.237481 -0.574742 -0.069648
v 0.237439 -0.574396 -0.069633
v 0.237397 -0.574058 -0.069558
v 0.235789 -0.560963 -0.075285
v 0.235791 -0.560977 -0.074937
v 0.235800 -0.561052 -0.074597
v 0.235816 -0.561183 -0.074274
v 0.235839 -0.561369 -0.073980
v 0.235868 -0.561602 -0.073722
v 0.235901 -0.561876 -0.073510
v 0.235939 -0.562183 -0.073348
v 0.235980 -0.562513 -0.073243
v 0.236022 -0.562856 -0.073196
v 0.236064 -0.563201 -0.073211
v 0.236106 -0.563539 -0.073286
v 0.236145 -0.563859 -0.073419
v 0.236181 -0.564151 -0.073605
v 0.236212 -0.564407 -0.073840
v 0.236238 -0.564618 -0.074117
v 0.236258 -0.564779 -0.074426
v 0.236271 -0.564883 -0.074758
v 0.236276 -0.564929 -0.075103
v 0.236274 -0.564915 -0.075452
v 0.236265 -0.564840 -0.075792
v 0.236249 -0.564709 -0.076115
v 0.236226 -0.564523 -0.076409
v 0.236198 -0.564290 -0.076666
v 0.236164 -0.564016 -0.076879
v 0.236126 -0.563709 -0.077041
v 0.236086 -0.563379 -0.077146
v 0.236044 -0.563036 -0.077192
v 0.236001 -0.562691 -0.077178
v 0.235960 -0.562353 -0.077103
v 0.235921 -0.562033 -0.076970
v 0.235885 -0.561741 -0.076783
v 0.235853 -0.561485 -0.076548
v 0.235827 -0.561274 -0.076272
v 0.235808 -0.561113 -0.075963
v 0.235795 -0.561009 -0.075631
v 0.228336 -0.565904 -0.075103
v 0.228330 -0.565858 -0.074758
v 0.228317 -0.565754 -0.074426
v 0.228298 -0.565593 -0.074117
v 0.228272 -0.565382 -0.073840
v 0.228240 -0.565126 -0.073605
v 0.228204 -0.564834 -0.073419
v 0.228165 -0.564514 -0.073286
v 0.228124 -0.564176 -0.073211
v 0.228081 -0.563831 -0.073196
v 0.228039 -0.563488 -0.073243
v 0.227999 -0.563158 -0.073348
v 0.227961 -0.562851 -0.073510
v 0.227927 -0.562577 -0.073722
v 0.227899 -0.562344 -0.073980
v 0.227876 -0.562158 -0.074274
v 0.227860 -0.562027 -0.074597
v 0.227851 -0.561952 -0.074937
v 0.227849 -0.561938 -0.075285
v 0.236276 -0.564929 -0.075103
v 0.235789 -0.560963 -0.075285
v 0.235791 -0.560977 -0.074937
v 0.235800 -0.561052 -0.074597
v 0.235816 -0.561183 -0.074274
v 0.235839 -0.561369 -0.073980
v 0.235868 -0.561602 -0.073722
v 0.235901 -0.561876 -0.073510
v 0.235939 -0.562183 -0.073348
v 0.235980 -0.562513 -0.073243
v 0.236022 -0.562856 -0.073196
v 0.236064 -0.563201 -0.073211
v 0.236106 -0.563539 -0.073286
v 0.236145 -0.563859 -0.073419
v 0.236181 -0.564151 -0.073605
v 0.236212 -0.564407 -0.073840
v 0.236238 -0.564618 -0.074117
v 0.236258 -0.564779 -0.074426
v 0.236271 -0.564883 -0.074758
v 0.227849 -0.561938 -0.075285
v 0.227854 -0.561984 -0.075631
v 0.227867 -0.562088 -0.075963
v 0.227887 -0.562249 -0.076272
v 0.227913 -0.562460 -0.076548
v 0.227944 -0.562716 -0.076783
v 0.227980 -0.563008 -0.076970
v 0.228019 -0.563328 -0.077103
v 0.228061 -0.563666 -0.077178
v 0.228103 -0.564011 -0.077192
v 0.228146 -0.564354 -0.077146
v 0.228186 -0.564684 -0.077041
v 0.228224 -0.564991 -0.076879
v 0.228257 -0.565265 -0.076666
v 0.228286 -0.565498 -0.076409
v 0.228309 -0.565684 -0.076115
v 0.228325 -0.565815 -0.075792
v 0.228334 -0.565890 -0.075452
v 0.228336 -0.565904 -0.075103
v 0.235789 -0.560963 -0.075285
v 0.236276 -0.564929 -0.075103
v 0.236274 -0.564915 -0.075452
v 0.236265 -0.564840 -0.075792
v 0.236249 -0.564709 -0.076115
v 0.236226 -0.564523 -0.076409
v 0.236198 -0.564290 -0.076666
v 0.236164 -0.564016 -0.076879
v 0.236126 -0.563709 -0.077041
v 0.236086 -0.563379 -0.077146
v 0.236044 -0.563036 -0.077192
v 0.236001 -0.562691 -0.077178
v 0.235960 -0.562353 -0.077103
v 0.235921 -0.562033 -0.076970
v 0.235885 -0.561741 -0.076783
v 0.235853 -0.561485 -0.076548
v 0.235827 -0.561274 -0.076272
v 0.235808 -0.561113 -0.075963
v 0.235795 -0.561009 -0.075631
v 0.234386 -0.549539 -0.067069
v 0.234424 -0.549845 -0.066907
v 0.234465 -0.550175 -0.066802
v 0.234507 -0.550518 -0.066755
v 0.234549 -0.550864 -0.066770
v 0.234591 -0.551202 -0.066845
v 0.234630 -0.551522 -0.066978
v 0.234666 -0.551814 -0.067164
v 0.234697 -0.552069 -0.067399
v 0.234723 -0.552281 -0.067676
v 0.234743 -0.552441 -0.067984
v 0.234756 -0.552546 -0.068317
v 0.234761 -0.552591 -0.068662
v 0.234760 -0.552577 -0.069011
v 0.234750 -0.552503 -0.069351
v 0.234734 -0.552371 -0.069673
v 0.234711 -0.552185 -0.069968
v 0.234683 -0.551952 -0.070225
v 0.234649 -0.551678 -0.070438
v 0.234612 -0.551371 -0.070600
v 0.234571 -0.551042 -0.070705
v 0.234529 -0.550699 -0.070751
v 0.234486 -0.550353 -0.070737
v 0.234445 -0.550015 -0.070662
v 0.234406 -0.549695 -0.070529
v 0.234370 -0.549403 -0.070342
v 0.234338 -0.549147 -0.070107
v 0.234313 -0.548936 -0.069831
v 0.234293 -0.548776 -0.069522
v 0.234280 -0.548671 -0.069190
v 0.234274 -0.548625 -0.068844
v 0.234276 -0.548640 -0.068496
v 0.234285 -0.548714 -0.068156
v 0.234301 -0.548846 -0.067833
v 0.234324 -0.549031 -0.067539
v 0.234353 -0.549264 -0.067281
v 0.226709 -0.552653 -0.070438
v 0.226742 -0.552927 -0.070225
v 0.226771 -0.553160 -0.069968
v 0.226794 -0.553346 -0.069673
v 0.226810 -0.553478 -0.069351
v 0.226819 -0.553552 -0.069011
v 0.226821 -0.553566 -0.068662
v 0.226815 -0.553521 -0.068317
v 0.226802 -0.553416 -0.067984
v 0.226783 -0.553255 -0.067676
v 0.226757 -0.553044 -0.067399
v 0.226725 -0.552789 -0.067164
v 0.226690 -0.552497 -0.066978
v 0.226650 -0.552177 -0.066845
v 0.226609 -0.551839 -0.066770
v 0.226566 -0.551493 -0.066755
v 0.226524 -0.551150 -0.066802
v 0.226484 -0.550820 -0.066907
v 0.226446 -0.550514 -0.067069
v 0.234649 -0.551678 -0.070438
v 0.234386 -0.549539 -0.067069
v 0.234424 -0.549845 -0.066907
v 0.234465 -0.550175 -0.066802
v 0.234507 -0.550518 -0.066755
v 0.234549 -0.550864 -0.066770
v 0.234591 -0.551202 -0.066845
v 0.234630 -0.551522 -0.066978
v 0.234666 -0.551814 -0.067164
v 0.234697 -0.552069 -0.067399
v 0.234723 -0.552281 -0.067676
v 0.234743 -0.552441 -0.067984
v 0.234756 -0.552546 -0.068317
v 0.234761 -0.552591 -0.068662
v 0.234760 -0.552577 -0.069011
v 0.234750 -0.552503 -0.069351
v 0.234734 -0.552371 -0.069673
v 0.234711 -0.552185 -0.069968
v 0.234683 -0.551952 -0.070225
v 0.226446 -0.550514 -0.067069
v 0.226412 -0.550239 -0.067281
v 0.226384 -0.550006 -0.067539
v 0.226361 -0.549821 -0.067833
v 0.226345 -0.549689 -0.068156
v 0.226336 -0.549615 -0.068496
v 0.226334 -0.549600 -0.068844
v 0.226340 -0.549646 -0.069190
v 0.226352 -0.549751 -0.069522
v 0.226372 -0.549911 -0.069831
v 0.226398 -0.550122 -0.070107
v 0.226429 -0.550378 -0.070342
v 0.226465 -0.550670 -0.070529
v 0.226505 -0.550990 -0.070662
v 0.226546 -0.551328 -0.070737
v 0.226589 -0.551674 -0.070751
v 0.226631 -0.552017 -0.070705
v 0.226671 -0.552346 -0.070600
v 0.226709 -0.552653 -0.070438
v 0.234386 -0.549539 -0.067069
v 0.234649 -0.551678 -0.070438
v 0.234612 -0.551371 -0.070600
v 0.234571 -0.551042 -0.070705
v 0.234529 -0.550699 -0.070751
v 0.234486 -0.550353 -0.070737
v 0.234445 -0.550015 -0.070662
v 0.234406 -0.549695 -0.070529
v 0.234370 -0.549403 -0.070342
v 0.234338 -0.549147 -0.070107
v 0.234313 -0.548936 -0.069831
v 0.234293 -0.548776 -0.069522
v 0.234280 -0.548671 -0.069190
v 0.234274 -0.548625 -0.068844
v 0.234276 -0.548640 -0.068496
v 0.234285 -0.548714 -0.068156
v 0.234301 -0.548846 -0.067833
v 0.234324 -0.549031 -0.067539
v 0.234353 -0.549264 -0.067281
v 0.229854 -0.578270 -0.069030
v 0.229661 -0.576694 -0.071532
v 0.229417 -0.574712 -0.073721
v 0.229131 -0.572382 -0.075529
v 0.228811 -0.569775 -0.076902
v 0.228467 -0.566972 -0.077799
v 0.228109 -0.564056 -0.078191
v 0.227748 -0.561118 -0.078068
v 0.227395 -0.558245 -0.077432
v 0.227062 -0.555526 -0.076303
v 0.226757 -0.553042 -0.074715
v 0.226490 -0.550870 -0.072718
v 0.226269 -0.549075 -0.070370
v 0.226102 -0.547712 -0.067744
v 0.225993 -0.546822 -0.064920
v 0.225945 -0.546433 -0.061982
v 0.225960 -0.546556 -0.059022
v 0.226038 -0.547187 -0.056128
v 0.226175 -0.548307 -0.053388
v 0.226369 -0.549883 -0.050885
v 0.226612 -0.551866 -0.048697
v 0.226898 -0.554196 -0.046888
v 0.227218 -0.556802 -0.045515
v 0.227562 -0.559605 -0.044619
v 0.227920 -0.562521 -0.044226
v 0.228281 -0.565459 -0.044350
v 0.228634 -0.568332 -0.044986
v 0.228968 -0.571052 -0.046115
v 0.229273 -0.573535 -0.047702
v 0.229540 -0.575707 -0.049700
v 0.229760 -0.577502 -0.052048
v 0.229927 -0.578865 -0.054674
v 0.230037 -0.579755 -0.057498
v 0.230084 -0.580144 -0.060435
v 0.230069 -0.580022 -0.063396
v 0.229992 -0.579391 -0.066290
v 0.227146 -0.556211 -0.074971
v 0.227175 -0.556451 -0.075071
v 0.227206 -0.556704 -0.075127
v 0.227238 -0.556963 -0.075138
v 0.227270 -0.557221 -0.075103
v 0.227300 -0.557468 -0.075024
v 0.227328 -0.557698 -0.074903
v 0.227353 -0.557904 -0.074743
v 0.227375 -0.558079 -0.074550
v 0.227392 -0.558218 -0.074329
v 0.227404 -0.558316 -0.074088
v 0.227411 -0.558372 -0.073832
v 0.227412 -0.558383 -0.073571
v 0.227408 -0.558349 -0.073312
v 0.227398 -0.558270 -0.073063
v 0.227384 -0.558150 -0.072831
v 0.227364 -0.557991 -0.072624
v 0.227341 -0.557800 -0.072447
v 0.227314 -0.557581 -0.072307
v 0.227284 -0.557341 -0.072208
v 0.227253 -0.557087 -0.072152
v 0.227221 -0.556828 -0.072141
v 0.227190 -0.556571 -0.072175
v 0.227159 -0.556323 -0.072254
v 0.227131 -0.556093 -0.072376
v 0.227106 -0.555888 -0.072535
v 0.227085 -0.555713 -0.072728
v 0.227067 -0.555574 -0.072949
v 0.227055 -0.555475 -0.073191
v 0.227048 -0.555419 -0.073446
v 0.227047 -0.555408 -0.073707
v 0.227051 -0.555443 -0.073967
v 0.227061 -0.555521 -0.074216
v 0.227076 -0.555641 -0.074448
v 0.227095 -0.555800 -0.074655
v 0.227119 -0.555992 -0.074831
v 0.228716 -0.568997 -0.050110
v 0.228745 -0.569237 -0.050210
v 0.228776 -0.569490 -0.050266
v 0.228808 -0.569749 -0.050277
v 0.228840 -0.570007 -0.050242
v 0.228870 -0.570254 -0.050163
v 0.228898 -0.570484 -0.050042
v 0.228923 -0.570690 -0.049883
v 0.228945 -0.570864 -0.049689
v 0.228962 -0.571004 -0.049469
v 0.228974 -0.571102 -0.049227
v 0.228981 -0.571158 -0.048971
v 0.228982 -0.571169 -0.048710
v 0.228978 -0.571135 -0.048451
v 0.228968 -0.571056 -0.048202
v 0.228954 -0.570936 -0.047970
v 0.228934 -0.570777 -0.047763
v 0.228911 -0.570586 -0.047587
v 0.228884 -0.570367 -0.047447
v 0.228854 -0.570127 -0.047347
v 0.228823 -0.569873 -0.047291
v 0.228791 -0.569614 -0.047280
v 0.228760 -0.569357 -0.047315
v 0.228729 -0.569109 -0.047394
v 0.228701 -0.568879 -0.047515
v 0.228676 -0.568674 -0.047675
v 0.228654 -0.568499 -0.047868
v 0.228637 -0.568360 -0.048088
v 0.228625 -0.568261 -0.048330
v 0.228618 -0.568205 -0.048586
v 0.228617 -0.568194 -0.048847
v 0.228621 -0.568229 -0.049106
v 0.228631 -0.568307 -0.049355
v 0.228646 -0.568427 -0.049587
v 0.228665 -0.568586 -0.049794
v 0.228689 -0.568778 -0.049970
v 0.226388 -0.550038 -0.056544
v 0.226427 -0.550358 -0.056676
v 0.226468 -0.550696 -0.056751
v 0.226511 -0.551041 -0.056766
v 0.226553 -0.551384 -0.056720
v 0.226594 -0.551714 -0.056614
v 0.226631 -0.552021 -0.056453
v 0.226665 -0.552295 -0.056240
v 0.226693 -0.552528 -0.055982
v 0.226716 -0.552713 -0.055688
v 0.226732 -0.552845 -0.055366
v 0.226742 -0.552920 -0.055025
v 0.226743 -0.552934 -0.054677
v 0.226738 -0.552888 -0.054331
v 0.226725 -0.552783 -0.053999
v 0.226705 -0.552623 -0.053690
v 0.226679 -0.552412 -0.053414
v 0.226648 -0.552156 -0.053179
v 0.226612 -0.551864 -0.052992
v 0.226573 -0.551544 -0.052859
v 0.226531 -0.551206 -0.052784
v 0.226489 -0.550861 -0.052770
v 0.226447 -0.550518 -0.052816
v 0.226406 -0.550188 -0.052922
v 0.226368 -0.549881 -0.053083
v 0.226335 -0.549607 -0.053296
v 0.226306 -0.549374 -0.053553
v 0.226283 -0.549188 -0.053848
v 0.226267 -0.549057 -0.054170
v 0.226258 -0.548982 -0.054511
v 0.226256 -0.548968 -0.054859
v 0.226262 -0.549014 -0.055204
v 0.226275 -0.549118 -0.055537
v 0.226295 -0.549279 -0.055846
v 0.226320 -0.549490 -0.056122
v 0.226352 -0.549745 -0.056357
v 0.227426 -0.558494 -0.070532
v 0.227632 -0.560174 -0.071229
v 0.227850 -0.561948 -0.071622
v 0.228073 -0.563763 -0.071698
v 0.228294 -0.565564 -0.071456
v 0.228507 -0.567295 -0.070902
v 0.228704 -0.568905 -0.070054
v 0.228881 -0.570344 -0.068937
v 0.229031 -0.571569 -0.067585
v 0.229151 -0.572542 -0.066040
v 0.229236 -0.573234 -0.064347
v 0.229284 -0.573624 -0.062560
v 0.229293 -0.573700 -0.060731
v 0.229263 -0.573459 -0.058917
v 0.229196 -0.572910 -0.057172
v 0.229093 -0.572068 -0.055550
v 0.228957 -0.570959 -0.054101
v 0.228792 -0.569617 -0.052867
v 0.228603 -0.568083 -0.051886
v 0.228397 -0.566404 -0.051189
v 0.228179 -0.564629 -0.050796
v 0.227956 -0.562814 -0.050720
v 0.227735 -0.561014 -0.050962
v 0.227523 -0.559282 -0.051516
v 0.227325 -0.557672 -0.052364
v 0.227148 -0.556233 -0.053481
v 0.226998 -0.555009 -0.054833
v 0.226879 -0.554035 -0.056378
v 0.226794 -0.553343 -0.058070
v 0.226746 -0.552954 -0.059858
v 0.226736 -0.552878 -0.061687
v 0.226766 -0.553118 -0.063501
v 0.226833 -0.553668 -0.065245
v 0.226937 -0.554510 -0.066867
v 0.227073 -0.555618 -0.068317
v 0.227238 -0.556960 -0.069551
v 0.227694 -0.560673 -0.047314
v 0.227699 -0.560719 -0.047660
v 0.227712 -0.560824 -0.047992
v 0.227732 -0.560984 -0.048301
v 0.227758 -0.561195 -0.048577
v 0.227789 -0.561451 -0.048812
v 0.227825 -0.561743 -0.048999
v 0.227864 -0.562063 -0.049132
v 0.227906 -0.562401 -0.049207
v 0.227948 -0.562747 -0.049221
v 0.227990 -0.563090 -0.049175
v 0.228031 -0.563419 -0.049070
v 0.228068 -0.563726 -0.048908
v 0.228102 -0.564000 -0.048695
v 0.228131 -0.564233 -0.048438
v 0.228153 -0.564419 -0.048144
v 0.228170 -0.564551 -0.047821
v 0.228179 -0.564625 -0.047481
v 0.228181 -0.564639 -0.047132
v 0.228175 -0.564594 -0.046787
v 0.228162 -0.564489 -0.046455
v 0.228142 -0.564328 -0.046146
v 0.228116 -0.564117 -0.045869
v 0.228085 -0.563862 -0.045634
v 0.228049 -0.563570 -0.045448
v 0.228010 -0.563250 -0.045315
v 0.227968 -0.562912 -0.045240
v 0.227926 -0.562566 -0.045225
v 0.227884 -0.562223 -0.045272
v 0.227843 -0.561893 -0.045377
v 0.227806 -0.561587 -0.045539
v 0.227772 -0.561312 -0.045751
v 0.227743 -0.561079 -0.046009
v 0.227721 -0.560894 -0.046303
v 0.227704 -0.560762 -0.046626
v 0.227695 -0.560688 -0.046966
v 0.229321 -0.573924 -0.051980
v 0.229287 -0.573650 -0.052192
v 0.229258 -0.573417 -0.052450
v 0.229236 -0.573231 -0.052744
v 0.229219 -0.573100 -0.053067
v 0.229210 -0.573025 -0.053407
v 0.229208 -0.573011 -0.053755
v 0.229214 -0.573057 -0.054101
v 0.229227 -0.573161 -0.054433
v 0.229247 -0.573322 -0.054742
v 0.229273 -0.573533 -0.055018
v 0.229304 -0.573789 -0.055253
v 0.229340 -0.574081 -0.055440
v 0.229379 -0.574401 -0.055573
v 0.229421 -0.574739 -0.055648
v 0.229463 -0.575084 -0.055662
v 0.229505 -0.575427 -0.055616
v 0.229546 -0.575757 -0.055511
v 0.229583 -0.576064 -0.055349
v 0.229617 -0.576338 -0.055136
v 0.229646 -0.576571 -0.054879
v 0.229668 -0.576757 -0.054585
v 0.229685 -0.576888 -0.054262
v 0.229694 -0.576963 -0.053922
v 0.229695 -0.576977 -0.053573
v 0.229690 -0.576931 -0.053228
v 0.229677 -0.576827 -0.052896
v 0.229657 -0.576666 -0.052587
v 0.229631 -0.576455 -0.052310
v 0.229600 -0.576199 -0.052075
v 0.229564 -0.575907 -0.051889
v 0.229525 -0.575587 -0.051756
v 0.229483 -0.575249 -0.051681
v 0.229441 -0.574904 -0.051666
v 0.229399 -0.574561 -0.051713
v 0.229358 -0.574231 -0.051818
v 0.229642 -0.576540 -0.065874
v 0.229602 -0.576220 -0.065741
v 0.229561 -0.575882 -0.065666
v 0.229518 -0.575536 -0.065652
v 0.229476 -0.575193 -0.065698
v 0.229436 -0.574863 -0.065804
v 0.229398 -0.574557 -0.065965
v 0.229365 -0.574282 -0.066178
v 0.229336 -0.574049 -0.066435
v 0.229313 -0.573864 -0.066730
v 0.229297 -0.573732 -0.067052
v 0.229288 -0.573658 -0.067393
v 0.229286 -0.573643 -0.067741
v 0.229292 -0.573689 -0.068086
v 0.229305 -0.573794 -0.068419
v 0.229324 -0.573954 -0.068728
v 0.229350 -0.574165 -0.069004
v 0.229382 -0.574421 -0.069239
v 0.229417 -0.574713 -0.069426
v 0.229457 -0.575033 -0.069558
v 0.229498 -0.575371 -0.069633
v 0.229541 -0.575717 -0.069648
v 0.229583 -0.576060 -0.069602
v 0.229623 -0.576389 -0.069496
v 0.229661 -0.576696 -0.069335
v 0.229695 -0.576970 -0.069122
v 0.229723 -0.577203 -0.068864
v 0.229746 -0.577389 -0.068570
v 0.229762 -0.577521 -0.068248
v 0.229771 -0.577595 -0.067907
v 0.229773 -0.577609 -0.067559
v 0.229767 -0.577564 -0.067213
v 0.229755 -0.577459 -0.066881
v 0.229735 -0.577299 -0.066572
v 0.229709 -0.577087 -0.066296
v 0.229678 -0.576832 -0.066061
v 0.228336 -0.565904 -0.075103
v 0.228330 -0.565858 -0.074758
v 0.228317 -0.565754 -0.074426
v 0.228298 -0.565593 -0.074117
v 0.228272 -0.565382 -0.073840
v 0.228240 -0.565126 -0.073605
v 0.228204 -0.564834 -0.073419
v 0.228165 -0.564514 -0.073286
v 0.228124 -0.564176 -0.073211
v 0.228081 -0.563831 -0.073196
v 0.228039 -0.563488 -0.073243
v 0.227999 -0.563158 -0.073348
v 0.227961 -0.562851 -0.073510
v 0.227927 -0.562577 -0.073722
v 0.227899 -0.562344 -0.073980
v 0.227876 -0.562158 -0.074274
v 0.227860 -0.562027 -0.074597
v 0.227851 -0.561952 -0.074937
v 0.227849 -0.561938 -0.075285
v 0.227854 -0.561984 -0.075631
v 0.227867 -0.562088 -0.075963
v 0.227887 -0.562249 -0.076272
v 0.227913 -0.562460 -0.076548
v 0.227944 -0.562716 -0.076783
v 0.227980 -0.563008 -0.076970
v 0.228019 -0.563328 -0.077103
v 0.228061 -0.563666 -0.077178
v 0.228103 -0.564011 -0.077192
v 0.228146 -0.564354 -0.077146
v 0.228186 -0.564684 -0.077041
v 0.228224 -0.564991 -0.076879
v 0.228257 -0.565265 -0.076666
v 0.228286 -0.565498 -0.076409
v 0.228309 -0.565684 -0.076115
v 0.228325 -0.565815 -0.075792
v 0.228334 -0.565890 -0.075452
v 0.226709 -0.552653 -0.070438
v 0.226742 -0.552927 -0.070225
v 0.226771 -0.553160 -0.069968
v 0.226794 -0.553346 -0.069673
v 0.226810 -0.553478 -0.069351
v 0.226819 -0.553552 -0.069011
v 0.226821 -0.553566 -0.068662
v 0.226815 -0.553521 -0.068317
v 0.226802 -0.553416 -0.067984
v 0.226783 -0.553255 -0.067676
v 0.226757 -0.553044 -0.067399
v 0.226725 -0.552789 -0.067164
v 0.226690 -0.552497 -0.066978
v 0.226650 -0.552177 -0.066845
v 0.226609 -0.551839 -0.066770
v 0.226566 -0.551493 -0.066755
v 0.226524 -0.551150 -0.066802
v 0.226484 -0.550820 -0.066907
v 0.226446 -0.550514 -0.067069
v 0.226412 -0.550239 -0.067281
v 0.226384 -0.550006 -0.067539
v 0.226361 -0.549821 -0.067833
v 0.226345 -0.549689 -0.068156
v 0.226336 -0.549615 -0.068496
v 0.226334 -0.549600 -0.068844
v 0.226340 -0.549646 -0.069190
v 0.226352 -0.549751 -0.069522
v 0.226372 -0.549911 -0.069831
v 0.226398 -0.550122 -0.070107
v 0.226429 -0.550378 -0.070342
v 0.226465 -0.550670 -0.070529
v 0.226505 -0.550990 -0.070662
v 0.226546 -0.551328 -0.070737
v 0.226589 -0.551674 -0.070751
v 0.226631 -0.552017 -0.070705
v 0.226671 -0.552346 -0.070600
v 0.230922 -0.578765 -0.069352
v 0.231066 -0.579932 -0.066499
v 0.231146 -0.580589 -0.063486
v 0.231162 -0.580717 -0.060403
v 0.231112 -0.580311 -0.057345
v 0.230999 -0.579385 -0.054404
v 0.230824 -0.577966 -0.051670
v 0.230595 -0.576097 -0.049226
v 0.230317 -0.573835 -0.047146
v 0.230000 -0.571249 -0.045493
v 0.229652 -0.568418 -0.044318
v 0.229285 -0.565427 -0.043656
v 0.228909 -0.562367 -0.043527
v 0.228536 -0.559332 -0.043936
v 0.228178 -0.556413 -0.044869
v 0.227845 -0.553699 -0.046299
v 0.227547 -0.551273 -0.048182
v 0.227293 -0.549209 -0.050460
v 0.227092 -0.547568 -0.053066
v 0.238367 -0.577851 -0.069352
v 0.234536 -0.546654 -0.053066
v 0.234738 -0.548295 -0.050460
v 0.234991 -0.550359 -0.048182
v 0.235289 -0.552785 -0.046299
v 0.235622 -0.555499 -0.044869
v 0.235980 -0.558418 -0.043936
v 0.236353 -0.561453 -0.043527
v 0.236729 -0.564513 -0.043656
v 0.237096 -0.567504 -0.044318
v 0.237444 -0.570335 -0.045493
v 0.237761 -0.572921 -0.047146
v 0.238039 -0.575183 -0.049226
v 0.238268 -0.577052 -0.051670
v 0.238443 -0.578471 -0.054404
v 0.238556 -0.579397 -0.057345
v 0.238606 -0.579803 -0.060403
v 0.238591 -0.579675 -0.063486
v 0.238510 -0.579018 -0.066499
v 0.249120 -0.603888 -0.049177
v 0.249089 -0.603635 -0.049234
v 0.249057 -0.603375 -0.049246
v 0.249025 -0.603118 -0.049212
v 0.248995 -0.602870 -0.049134
v 0.248967 -0.602640 -0.049014
v 0.248941 -0.602434 -0.048855
v 0.248920 -0.602258 -0.048663
v 0.248903 -0.602118 -0.048442
v 0.248890 -0.602019 -0.048201
v 0.248883 -0.601962 -0.047946
v 0.248882 -0.601950 -0.047685
v 0.248886 -0.601983 -0.047425
v 0.248896 -0.602061 -0.047176
v 0.248910 -0.602180 -0.046944
v 0.248930 -0.602338 -0.046736
v 0.248953 -0.602529 -0.046559
v 0.248980 -0.602748 -0.046418
v 0.249009 -0.602987 -0.046318
v 0.249040 -0.603240 -0.046261
v 0.249072 -0.603500 -0.046249
v 0.249104 -0.603757 -0.046282
v 0.249134 -0.604005 -0.046360
v 0.249162 -0.604235 -0.046481
v 0.249188 -0.604441 -0.046639
v 0.249209 -0.604617 -0.046832
v 0.249227 -0.604757 -0.047052
v 0.249239 -0.604857 -0.047294
v 0.249246 -0.604913 -0.047549
v 0.249247 -0.604925 -0.047810
v 0.249243 -0.604892 -0.048069
v 0.249234 -0.604814 -0.048319
v 0.249219 -0.604695 -0.048551
v 0.249200 -0.604537 -0.048759
v 0.249176 -0.604346 -0.048936
v 0.249149 -0.604128 -0.049077
v 0.241069 -0.603962 -0.046318
v 0.241039 -0.603723 -0.046418
v 0.241013 -0.603504 -0.046559
v 0.240989 -0.603313 -0.046736
v 0.240970 -0.603155 -0.046944
v 0.240955 -0.603036 -0.047176
v 0.240946 -0.602958 -0.047425
v 0.240942 -0.602925 -0.047685
v 0.240943 -0.602937 -0.047946
v 0.240950 -0.602994 -0.048201
v 0.240962 -0.603093 -0.048442
v 0.240979 -0.603233 -0.048663
v 0.241001 -0.603409 -0.048855
v 0.241026 -0.603615 -0.049014
v 0.241055 -0.603845 -0.049134
v 0.241085 -0.604093 -0.049212
v 0.241117 -0.604350 -0.049246
v 0.241148 -0.604610 -0.049234
v 0.241179 -0.604863 -0.049177
v 0.249009 -0.602987 -0.046318
v 0.249120 -0.603888 -0.049177
v 0.249089 -0.603635 -0.049234
v 0.249057 -0.603375 -0.049246
v 0.249025 -0.603118 -0.049212
v 0.248995 -0.602870 -0.049134
v 0.248967 -0.602640 -0.049014
v 0.248941 -0.602434 -0.048855
v 0.248920 -0.602258 -0.048663
v 0.248903 -0.602118 -0.048442
v 0.248890 -0.602019 -0.048201
v 0.248883 -0.601962 -0.047946
v 0.248882 -0.601950 -0.047685
v 0.248886 -0.601983 -0.047425
v 0.248896 -0.602061 -0.047176
v 0.248910 -0.602180 -0.046944
v 0.248930 -0.602338 -0.046736
v 0.248953 -0.602529 -0.046559
v 0.248980 -0.602748 -0.046418
v 0.241179 -0.604863 -0.049177
v 0.241209 -0.605103 -0.049077
v 0.241236 -0.605321 -0.048936
v 0.241259 -0.605512 -0.048759
v 0.241279 -0.605670 -0.048551
v 0.241293 -0.605789 -0.048319
v 0.241303 -0.605867 -0.048069
v 0.241307 -0.605900 -0.047810
v 0.241305 -0.605888 -0.047549
v 0.241298 -0.605832 -0.047294
v 0.241286 -0.605732 -0.047052
v 0.241269 -0.605592 -0.046832
v 0.241247 -0.605416 -0.046639
v 0.241222 -0.605210 -0.046481
v 0.241194 -0.604980 -0.046360
v 0.241163 -0.604732 -0.046282
v 0.241132 -0.604475 -0.046249
v 0.241100 -0.604215 -0.046261
v 0.241069 -0.603962 -0.046318
v 0.249120 -0.603888 -0.049177
v 0.249009 -0.602987 -0.046318
v 0.249040 -0.603240 -0.046261
v 0.249072 -0.603500 -0.046249
v 0.249104 -0.603757 -0.046282
v 0.249134 -0.604005 -0.046360
v 0.249162 -0.604235 -0.046481
v 0.249188 -0.604441 -0.046639
v 0.249209 -0.604617 -0.046832
v 0.249227 -0.604757 -0.047052
v 0.249239 -0.604857 -0.047294
v 0.249246 -0.604913 -0.047549
v 0.249247 -0.604925 -0.047810
v 0.249243 -0.604892 -0.048069
v 0.249234 -0.604814 -0.048319
v 0.249219 -0.604695 -0.048551
v 0.249200 -0.604537 -0.048759
v 0.249176 -0.604346 -0.048936
v 0.249149 -0.604128 -0.049077
v 0.248626 -0.599870 -0.083014
v 0.248600 -0.599651 -0.082874
v 0.248576 -0.599459 -0.082698
v 0.248557 -0.599301 -0.082490
v 0.248542 -0.599181 -0.082259
v 0.248532 -0.599102 -0.082009
v 0.248528 -0.599068 -0.081750
v 0.248529 -0.599078 -0.081489
v 0.248536 -0.599134 -0.081234
v 0.248548 -0.599233 -0.080992
v 0.248565 -0.599372 -0.080771
v 0.248587 -0.599547 -0.080578
v 0.248612 -0.599753 -0.080419
v 0.248640 -0.599983 -0.080297
v 0.248671 -0.600230 -0.080218
v 0.248702 -0.600487 -0.080184
v 0.248734 -0.600746 -0.080195
v 0.248765 -0.601000 -0.080251
v 0.248795 -0.601240 -0.080350
v 0.248822 -0.601459 -0.080490
v 0.248845 -0.601651 -0.080667
v 0.248865 -0.601809 -0.080874
v 0.248879 -0.601929 -0.081105
v 0.248889 -0.602008 -0.081355
v 0.248893 -0.602042 -0.081614
v 0.248892 -0.602031 -0.081875
v 0.248885 -0.601976 -0.082130
v 0.248873 -0.601877 -0.082372
v 0.248856 -0.601738 -0.082593
v 0.248834 -0.601563 -0.082786
v 0.248809 -0.601357 -0.082946
v 0.248781 -0.601127 -0.083067
v 0.248750 -0.600880 -0.083146
v 0.248719 -0.600623 -0.083181
v 0.248687 -0.600363 -0.083170
v 0.248656 -0.600110 -0.083113
v 0.240854 -0.602215 -0.080350
v 0.240825 -0.601975 -0.080251
v 0.240794 -0.601721 -0.080195
v 0.240762 -0.601462 -0.080184
v 0.240730 -0.601205 -0.080218
v 0.240700 -0.600958 -0.080297
v 0.240672 -0.600728 -0.080419
v 0.240646 -0.600522 -0.080578
v 0.240625 -0.600347 -0.080771
v 0.240608 -0.600208 -0.080992
v 0.240596 -0.600109 -0.081234
v 0.240589 -0.600053 -0.081489
v 0.240588 -0.600043 -0.081750
v 0.240592 -0.600077 -0.082009
v 0.240601 -0.600155 -0.082259
v 0.240616 -0.600276 -0.082490
v 0.240636 -0.600434 -0.082698
v 0.240659 -0.600626 -0.082874
v 0.240686 -0.600845 -0.083014
v 0.248795 -0.601240 -0.080350
v 0.248626 -0.599870 -0.083014
v 0.248600 -0.599651 -0.082874
v 0.248576 -0.599459 -0.082698
v 0.248557 -0.599301 -0.082490
v 0.248542 -0.599181 -0.082259
v 0.248532 -0.599102 -0.082009
v 0.248528 -0.599068 -0.081750
v 0.248529 -0.599078 -0.081489
v 0.248536 -0.599134 -0.081234
v 0.248548 -0.599233 -0.080992
v 0.248565 -0.599372 -0.080771
v 0.248587 -0.599547 -0.080578
v 0.248612 -0.599753 -0.080419
v 0.248640 -0.599983 -0.080297
v 0.248671 -0.600230 -0.080218
v 0.248702 -0.600487 -0.080184
v 0.248734 -0.600746 -0.080195
v 0.248765 -0.601000 -0.080251
v 0.240686 -0.600845 -0.083014
v 0.240716 -0.601085 -0.083113
v 0.240747 -0.601338 -0.083170
v 0.240779 -0.601598 -0.083181
v 0.240810 -0.601855 -0.083146
v 0.240840 -0.602102 -0.083067
v 0.240869 -0.602332 -0.082946
v 0.240894 -0.602538 -0.082786
v 0.240915 -0.602713 -0.082593
v 0.240933 -0.602852 -0.082372
v 0.240945 -0.602951 -0.082130
v 0.240952 -0.603006 -0.081875
v 0.240953 -0.603017 -0.081614
v 0.240949 -0.602983 -0.081355
v 0.240939 -0.602904 -0.081105
v 0.240924 -0.602784 -0.080874
v 0.240905 -0.602626 -0.080667
v 0.240881 -0.602434 -0.080490
v 0.240854 -0.602215 -0.080350
v 0.248626 -0.599870 -0.083014
v 0.248795 -0.601240 -0.080350
v 0.248822 -0.601459 -0.080490
v 0.248845 -0.601651 -0.080667
v 0.248865 -0.601809 -0.080874
v 0.248879 -0.601929 -0.081105
v 0.248889 -0.602008 -0.081355
v 0.248893 -0.602042 -0.081614
v 0.248892 -0.602031 -0.081875
v 0.248885 -0.601976 -0.082130
v 0.248873 -0.601877 -0.082372
v 0.248856 -0.601738 -0.082593
v 0.248834 -0.601563 -0.082786
v 0.248809 -0.601357 -0.082946
v 0.248781 -0.601127 -0.083067
v 0.248750 -0.600880 -0.083146
v 0.248719 -0.600623 -0.083181
v 0.248687 -0.600363 -0.083170
v 0.248656 -0.600110 -0.083113
v 0.245362 -0.573281 -0.104078
v 0.245355 -0.573224 -0.103823
v 0.245353 -0.573212 -0.103561
v 0.245357 -0.573246 -0.103302
v 0.245367 -0.573323 -0.103053
v 0.245382 -0.573443 -0.102820
v 0.245401 -0.573600 -0.102613
v 0.245424 -0.573791 -0.102436
v 0.245451 -0.574010 -0.102295
v 0.245481 -0.574250 -0.102194
v 0.245512 -0.574503 -0.102137
v 0.245544 -0.574762 -0.102125
v 0.245575 -0.575019 -0.102159
v 0.245606 -0.575267 -0.102237
v 0.245634 -0.575498 -0.102357
v 0.245659 -0.575704 -0.102516
v 0.245681 -0.575879 -0.102709
v 0.245698 -0.576019 -0.102929
v 0.245710 -0.576119 -0.103170
v 0.245717 -0.576176 -0.103425
v 0.245719 -0.576187 -0.103687
v 0.245715 -0.576154 -0.103946
v 0.245705 -0.576077 -0.104195
v 0.245690 -0.575957 -0.104427
v 0.245671 -0.575800 -0.104635
v 0.245648 -0.575609 -0.104812
v 0.245621 -0.575390 -0.104953
v 0.245591 -0.575150 -0.105054
v 0.245560 -0.574897 -0.105111
v 0.245528 -0.574638 -0.105123
v 0.245497 -0.574380 -0.105089
v 0.245466 -0.574133 -0.105011
v 0.245438 -0.573902 -0.104891
v 0.245413 -0.573696 -0.104732
v 0.245391 -0.573520 -0.104539
v 0.245374 -0.573381 -0.104319
v 0.237770 -0.577094 -0.103170
v 0.237758 -0.576994 -0.102929
v 0.237740 -0.576854 -0.102709
v 0.237719 -0.576679 -0.102516
v 0.237694 -0.576472 -0.102357
v 0.237665 -0.576242 -0.102237
v 0.237635 -0.575994 -0.102159
v 0.237603 -0.575737 -0.102125
v 0.237571 -0.575478 -0.102137
v 0.237540 -0.575225 -0.102194
v 0.237511 -0.574985 -0.102295
v 0.237484 -0.574766 -0.102436
v 0.237461 -0.574575 -0.102613
v 0.237441 -0.574418 -0.102820
v 0.237427 -0.574298 -0.103053
v 0.237417 -0.574221 -0.103302
v 0.237413 -0.574187 -0.103561
v 0.237414 -0.574199 -0.103823
v 0.237421 -0.574256 -0.104078
v 0.245710 -0.576119 -0.103170
v 0.245362 -0.573281 -0.104078
v 0.245355 -0.573224 -0.103823
v 0.245353 -0.573212 -0.103561
v 0.245357 -0.573246 -0.103302
v 0.245367 -0.573323 -0.103053
v 0.245382 -0.573443 -0.102820
v 0.245401 -0.573600 -0.102613
v 0.245424 -0.573791 -0.102436
v 0.245451 -0.574010 -0.102295
v 0.245481 -0.574250 -0.102194
v 0.245512 -0.574503 -0.102137
v 0.245544 -0.574762 -0.102125
v 0.245575 -0.575019 -0.102159
v 0.245606 -0.575267 -0.102237
v 0.245634 -0.575498 -0.102357
v 0.245659 -0.575704 -0.102516
v 0.245681 -0.575879 -0.102709
v 0.245698 -0.576019 -0.102929
v 0.237421 -0.574256 -0.104078
v 0.237434 -0.574356 -0.104319
v 0.237451 -0.574495 -0.104539
v 0.237472 -0.574671 -0.104732
v 0.237498 -0.574877 -0.104891
v 0.237526 -0.575108 -0.105011
v 0.237556 -0.575355 -0.105089
v 0.237588 -0.575613 -0.105123
v 0.237620 -0.575872 -0.105111
v 0.237651 -0.576125 -0.105054
v 0.237680 -0.576365 -0.104953
v 0.237707 -0.576583 -0.104812
v 0.237731 -0.576774 -0.104635
v 0.237750 -0.576932 -0.104427
v 0.237765 -0.577051 -0.104195
v 0.237774 -0.577129 -0.103946
v 0.237778 -0.577162 -0.103687
v 0.237777 -0.577151 -0.103425
v 0.237770 -0.577094 -0.103170
v 0.245362 -0.573281 -0.104078
v 0.245710 -0.576119 -0.103170
v 0.245717 -0.576176 -0.103425
v 0.245719 -0.576187 -0.103687
v 0.245715 -0.576154 -0.103946
v 0.245705 -0.576077 -0.104195
v 0.245690 -0.575957 -0.104427
v 0.245671 -0.575800 -0.104635
v 0.245648 -0.575609 -0.104812
v 0.245621 -0.575390 -0.104953
v 0.245591 -0.575150 -0.105054
v 0.245560 -0.574897 -0.105111
v 0.245528 -0.574638 -0.105123
v 0.245497 -0.574380 -0.105089
v 0.245466 -0.574133 -0.105011
v 0.245438 -0.573902 -0.104891
v 0.245413 -0.573696 -0.104732
v 0.245391 -0.573520 -0.104539
v 0.245374 -0.573381 -0.104319
v 0.241238 -0.539696 -0.100029
v 0.241255 -0.539835 -0.099809
v 0.241277 -0.540010 -0.099616
v 0.241302 -0.540216 -0.099456
v 0.241330 -0.540446 -0.099335
v 0.241360 -0.540693 -0.099256
v 0.241392 -0.540950 -0.099221
v 0.241424 -0.541210 -0.099232
v 0.241455 -0.541463 -0.099288
v 0.241484 -0.541703 -0.099388
v 0.241511 -0.541922 -0.099528
v 0.241535 -0.542114 -0.099704
v 0.241554 -0.542272 -0.099911
v 0.241569 -0.542393 -0.100143
v 0.241579 -0.542471 -0.100392
v 0.241583 -0.542505 -0.100651
v 0.241582 -0.542495 -0.100913
v 0.241575 -0.542439 -0.101168
v 0.241563 -0.542340 -0.101410
v 0.241546 -0.542201 -0.101630
v 0.241524 -0.542026 -0.101824
v 0.241499 -0.541820 -0.101983
v 0.241471 -0.541590 -0.102104
v 0.241440 -0.541343 -0.102183
v 0.241409 -0.541086 -0.102218
v 0.241377 -0.540827 -0.102207
v 0.241346 -0.540573 -0.102151
v 0.241316 -0.540333 -0.102051
v 0.241289 -0.540114 -0.101911
v 0.241266 -0.539922 -0.101735
v 0.241246 -0.539764 -0.101528
v 0.241232 -0.539644 -0.101296
v 0.241222 -0.539565 -0.101047
v 0.241218 -0.539531 -0.100788
v 0.241219 -0.539542 -0.100527
v 0.241226 -0.539597 -0.100271
v 0.233622 -0.543315 -0.101410
v 0.233634 -0.543414 -0.101168
v 0.233641 -0.543470 -0.100913
v 0.233643 -0.543480 -0.100651
v 0.233638 -0.543446 -0.100392
v 0.233629 -0.543367 -0.100143
v 0.233614 -0.543247 -0.099911
v 0.233595 -0.543089 -0.099704
v 0.233571 -0.542897 -0.099528
v 0.233544 -0.542678 -0.099388
v 0.233515 -0.542438 -0.099288
v 0.233484 -0.542185 -0.099232
v 0.233452 -0.541925 -0.099221
v 0.233420 -0.541668 -0.099256
v 0.233390 -0.541421 -0.099335
v 0.233362 -0.541191 -0.099456
v 0.233336 -0.540985 -0.099616
v 0.233315 -0.540810 -0.099809
v 0.233298 -0.540671 -0.100029
v 0.241563 -0.542340 -0.101410
v 0.241238 -0.539696 -0.100029
v 0.241255 -0.539835 -0.099809
v 0.241277 -0.540010 -0.099616
v 0.241302 -0.540216 -0.099456
v 0.241330 -0.540446 -0.099335
v 0.241360 -0.540693 -0.099256
v 0.241392 -0.540950 -0.099221
v 0.241424 -0.541210 -0.099232
v 0.241455 -0.541463 -0.099288
v 0.241484 -0.541703 -0.099388
v 0.241511 -0.541922 -0.099528
v 0.241535 -0.542114 -0.099704
v 0.241554 -0.542272 -0.099911
v 0.241569 -0.542393 -0.100143
v 0.241579 -0.542471 -0.100392
v 0.241583 -0.542505 -0.100651
v 0.241582 -0.542495 -0.100913
v 0.241575 -0.542439 -0.101168
v 0.233298 -0.540671 -0.100029
v 0.233286 -0.540572 -0.100271
v 0.233279 -0.540517 -0.100527
v 0.233277 -0.540506 -0.100788
v 0.233282 -0.540540 -0.101047
v 0.233291 -0.540619 -0.101296
v 0.233306 -0.540739 -0.101528
v 0.233325 -0.540897 -0.101735
v 0.233349 -0.541089 -0.101911
v 0.233376 -0.541308 -0.102051
v 0.233405 -0.541548 -0.102151
v 0.233436 -0.541802 -0.102207
v 0.233468 -0.542061 -0.102218
v 0.233500 -0.542318 -0.102183
v 0.233530 -0.542565 -0.102104
v 0.233559 -0.542795 -0.101983
v 0.233584 -0.543001 -0.101824
v 0.233605 -0.543176 -0.101630
v 0.233622 -0.543315 -0.101410
v 0.241238 -0.539696 -0.100029
v 0.241563 -0.542340 -0.101410
v 0.241546 -0.542201 -0.101630
v 0.241524 -0.542026 -0.101824
v 0.241499 -0.541820 -0.101983
v 0.241471 -0.541590 -0.102104
v 0.241440 -0.541343 -0.102183
v 0.241409 -0.541086 -0.102218
v 0.241377 -0.540827 -0.102207
v 0.241346 -0.540573 -0.102151
v 0.241316 -0.540333 -0.102051
v 0.241289 -0.540114 -0.101911
v 0.241266 -0.539922 -0.101735
v 0.241246 -0.539764 -0.101528
v 0.241232 -0.539644 -0.101296
v 0.241222 -0.539565 -0.101047
v 0.241218 -0.539531 -0.100788
v 0.241219 -0.539542 -0.100527
v 0.241226 -0.539597 -0.100271
v 0.238671 -0.518789 -0.073241
v 0.238702 -0.519043 -0.073184
v 0.238734 -0.519302 -0.073172
v 0.238766 -0.519559 -0.073205
v 0.238796 -0.519807 -0.073284
v 0.238824 -0.520037 -0.073404
v 0.238850 -0.520244 -0.073563
v 0.238871 -0.520419 -0.073755
v 0.238888 -0.520559 -0.073975
v 0.238901 -0.520659 -0.074217
v 0.238908 -0.520716 -0.074472
v 0.238909 -0.520727 -0.074733
v 0.238905 -0.520694 -0.074992
v 0.238895 -0.520616 -0.075242
v 0.238881 -0.520497 -0.075474
v 0.238861 -0.520339 -0.075682
v 0.238838 -0.520148 -0.075859
v 0.238811 -0.519930 -0.076000
v 0.238782 -0.519690 -0.076100
v 0.238751 -0.519437 -0.076157
v 0.238719 -0.519178 -0.076169
v 0.238687 -0.518920 -0.076135
v 0.238657 -0.518673 -0.076057
v 0.238628 -0.518442 -0.075937
v 0.238603 -0.518236 -0.075778
v 0.238582 -0.518060 -0.075586
v 0.238564 -0.517921 -0.075366
v 0.238552 -0.517821 -0.075124
v 0.238545 -0.517764 -0.074869
v 0.238544 -0.517752 -0.074608
v 0.238548 -0.517786 -0.074349
v 0.238557 -0.517863 -0.074099
v 0.238572 -0.517983 -0.073867
v 0.238591 -0.518140 -0.073659
v 0.238615 -0.518331 -0.073482
v 0.238642 -0.518550 -0.073341
v 0.230841 -0.520665 -0.076100
v 0.230871 -0.520905 -0.076000
v 0.230898 -0.521123 -0.075859
v 0.230921 -0.521314 -0.075682
v 0.230940 -0.521472 -0.075474
v 0.230955 -0.521591 -0.075242
v 0.230965 -0.521669 -0.074992
v 0.230969 -0.521702 -0.074733
v 0.230967 -0.521690 -0.074472
v 0.230960 -0.521634 -0.074217
v 0.230948 -0.521534 -0.073975
v 0.230931 -0.521394 -0.073755
v 0.230909 -0.521219 -0.073563
v 0.230884 -0.521012 -0.073404
v 0.230856 -0.520782 -0.073284
v 0.230825 -0.520534 -0.073205
v 0.230794 -0.520277 -0.073172
v 0.230762 -0.520018 -0.073184
v 0.230731 -0.519764 -0.073241
v 0.238782 -0.519690 -0.076100
v 0.238671 -0.518789 -0.073241
v 0.238702 -0.519043 -0.073184
v 0.238734 -0.519302 -0.073172
v 0.238766 -0.519559 -0.073205
v 0.238796 -0.519807 -0.073284
v 0.238824 -0.520037 -0.073404
v 0.238850 -0.520244 -0.073563
v 0.238871 -0.520419 -0.073755
v 0.238888 -0.520559 -0.073975
v 0.238901 -0.520659 -0.074217
v 0.238908 -0.520716 -0.074472
v 0.238909 -0.520727 -0.074733
v 0.238905 -0.520694 -0.074992
v 0.238895 -0.520616 -0.075242
v 0.238881 -0.520497 -0.075474
v 0.238861 -0.520339 -0.075682
v 0.238838 -0.520148 -0.075859
v 0.238811 -0.519930 -0.076000
v 0.230731 -0.519764 -0.073241
v 0.230701 -0.519525 -0.073341
v 0.230674 -0.519306 -0.073482
v 0.230651 -0.519115 -0.073659
v 0.230632 -0.518958 -0.073867
v 0.230617 -0.518838 -0.074099
v 0.230607 -0.518761 -0.074349
v 0.230603 -0.518727 -0.074608
v 0.230605 -0.518739 -0.074869
v 0.230612 -0.518796 -0.075124
v 0.230624 -0.518895 -0.075366
v 0.230641 -0.519035 -0.075586
v 0.230663 -0.519211 -0.075778
v 0.230688 -0.519417 -0.075937
v 0.230716 -0.519648 -0.076057
v 0.230747 -0.519895 -0.076135
v 0.230778 -0.520153 -0.076169
v 0.230810 -0.520412 -0.076157
v 0.230841 -0.520665 -0.076100
v 0.238671 -0.518789 -0.073241
v 0.238782 -0.519690 -0.076100
v 0.238751 -0.519437 -0.076157
v 0.238719 -0.519178 -0.076169
v 0.238687 -0.518920 -0.076135
v 0.238657 -0.518673 -0.076057
v 0.238628 -0.518442 -0.075937
v 0.238603 -0.518236 -0.075778
v 0.238582 -0.518060 -0.075586
v 0.238564 -0.517921 -0.075366
v 0.238552 -0.517821 -0.075124
v 0.238545 -0.517764 -0.074869
v 0.238544 -0.517752 -0.074608
v 0.238548 -0.517786 -0.074349
v 0.238557 -0.517863 -0.074099
v 0.238572 -0.517983 -0.073867
v 0.238591 -0.518140 -0.073659
v 0.238615 -0.518331 -0.073482
v 0.238642 -0.518550 -0.073341
v 0.239164 -0.522807 -0.039404
v 0.239191 -0.523027 -0.039544
v 0.239215 -0.523218 -0.039720
v 0.239234 -0.523377 -0.039927
v 0.239249 -0.523497 -0.040159
v 0.239259 -0.523575 -0.040408
v 0.239263 -0.523610 -0.040667
v 0.239262 -0.523599 -0.040929
v 0.239255 -0.523543 -0.041184
v 0.239243 -0.523444 -0.041426
v 0.239226 -0.523305 -0.041647
v 0.239204 -0.523130 -0.041840
v 0.239179 -0.522925 -0.041999
v 0.239151 -0.522695 -0.042120
v 0.239120 -0.522447 -0.042199
v 0.239089 -0.522190 -0.042234
v 0.239057 -0.521931 -0.042223
v 0.239026 -0.521677 -0.042167
v 0.238996 -0.521438 -0.042067
v 0.238969 -0.521218 -0.041927
v 0.238946 -0.521027 -0.041751
v 0.238926 -0.520868 -0.041544
v 0.238912 -0.520748 -0.041312
v 0.238902 -0.520670 -0.041063
v 0.238898 -0.520635 -0.040804
v 0.238899 -0.520646 -0.040543
v 0.238906 -0.520702 -0.040287
v 0.238918 -0.520801 -0.040046
v 0.238935 -0.520940 -0.039825
v 0.238957 -0.521115 -0.039632
v 0.238982 -0.521320 -0.039472
v 0.239010 -0.521550 -0.039351
v 0.239040 -0.521798 -0.039272
v 0.239072 -0.522055 -0.039237
v 0.239104 -0.522314 -0.039248
v 0.239135 -0.522568 -0.039304
v 0.231056 -0.522412 -0.042067
v 0.231085 -0.522652 -0.042167
v 0.231116 -0.522906 -0.042223
v 0.231148 -0.523165 -0.042234
v 0.231180 -0.523422 -0.042199
v 0.231210 -0.523670 -0.042120
v 0.231238 -0.523900 -0.041999
v 0.231264 -0.524105 -0.041840
v 0.231285 -0.524280 -0.041647
v 0.231302 -0.524419 -0.041426
v 0.231314 -0.524518 -0.041184
v 0.231321 -0.524574 -0.040929
v 0.231323 -0.524585 -0.040667
v 0.231318 -0.524550 -0.040408
v 0.231309 -0.524472 -0.040159
v 0.231294 -0.524352 -0.039927
v 0.231274 -0.524193 -0.039720
v 0.231251 -0.524002 -0.039544
v 0.231224 -0.523782 -0.039404
v 0.238996 -0.521438 -0.042067
v 0.239164 -0.522807 -0.039404
v 0.239191 -0.523027 -0.039544
v 0.239215 -0.523218 -0.039720
v 0.239234 -0.523377 -0.039927
v 0.239249 -0.523497 -0.040159
v 0.239259 -0.523575 -0.040408
v 0.239263 -0.523610 -0.040667
v 0.239262 -0.523599 -0.040929
v 0.239255 -0.523543 -0.041184
v 0.239243 -0.523444 -0.041426
v 0.239226 -0.523305 -0.041647
v 0.239204 -0.523130 -0.041840
v 0.239179 -0.522925 -0.041999
v 0.239151 -0.522695 -0.042120
v 0.239120 -0.522447 -0.042199
v 0.239089 -0.522190 -0.042234
v 0.239057 -0.521931 -0.042223
v 0.239026 -0.521677 -0.042167
v 0.231224 -0.523782 -0.039404
v 0.231195 -0.523542 -0.039304
v 0.231163 -0.523289 -0.039248
v 0.231132 -0.523030 -0.039237
v 0.231100 -0.522772 -0.039272
v 0.231070 -0.522525 -0.039351
v 0.231041 -0.522295 -0.039472
v 0.231016 -0.522090 -0.039632
v 0.230995 -0.521915 -0.039825
v 0.230978 -0.521776 -0.040046
v 0.230965 -0.521677 -0.040287
v 0.230959 -0.521621 -0.040543
v 0.230957 -0.521610 -0.040804
v 0.230962 -0.521645 -0.041063
v 0.230971 -0.521723 -0.041312
v 0.230986 -0.521843 -0.041544
v 0.231005 -0.522002 -0.041751
v 0.231029 -0.522193 -0.041927
v 0.231056 -0.522412 -0.042067
v 0.239164 -0.522807 -0.039404
v 0.238996 -0.521438 -0.042067
v 0.238969 -0.521218 -0.041927
v 0.238946 -0.521027 -0.041751
v 0.238926 -0.520868 -0.041544
v 0.238912 -0.520748 -0.041312
v 0.238902 -0.520670 -0.041063
v 0.238898 -0.520635 -0.040804
v 0.238899 -0.520646 -0.040543
v 0.238906 -0.520702 -0.040287
v 0.238918 -0.520801 -0.040046
v 0.238935 -0.520940 -0.039825
v 0.238957 -0.521115 -0.039632
v 0.238982 -0.521320 -0.039472
v 0.239010 -0.521550 -0.039351
v 0.239040 -0.521798 -0.039272
v 0.239072 -0.522055 -0.039237
v 0.239104 -0.522314 -0.039248
v 0.239135 -0.522568 -0.039304
v 0.242429 -0.549397 -0.018340
v 0.242436 -0.549453 -0.018595
v 0.242438 -0.549465 -0.018856
v 0.242433 -0.549432 -0.019116
v 0.242424 -0.549354 -0.019365
v 0.242409 -0.549235 -0.019597
v 0.242390 -0.549077 -0.019805
v 0.242366 -0.548886 -0.019982
v 0.242340 -0.548667 -0.020123
v 0.242310 -0.548428 -0.020224
v 0.242279 -0.548175 -0.020281
v 0.242247 -0.547915 -0.020293
v 0.242216 -0.547658 -0.020259
v 0.242185 -0.547410 -0.020181
v 0.242157 -0.547180 -0.020060
v 0.242132 -0.546974 -0.019902
v 0.242110 -0.546798 -0.019709
v 0.242093 -0.546658 -0.019489
v 0.242081 -0.546558 -0.019248
v 0.242074 -0.546502 -0.018992
v 0.242072 -0.546490 -0.018731
v 0.242076 -0.546523 -0.018472
v 0.242086 -0.546601 -0.018222
v 0.242101 -0.546720 -0.017990
v 0.242120 -0.546878 -0.017783
v 0.242143 -0.547069 -0.017606
v 0.242170 -0.547288 -0.017465
v 0.242200 -0.547527 -0.017364
v 0.242231 -0.547780 -0.017307
v 0.242263 -0.548040 -0.017295
v 0.242294 -0.548297 -0.017329
v 0.242325 -0.548545 -0.017407
v 0.242353 -0.548775 -0.017527
v 0.242378 -0.548981 -0.017686
v 0.242400 -0.549157 -0.017878
v 0.242417 -0.549297 -0.018099
v 0.234140 -0.547533 -0.019248
v 0.234153 -0.547633 -0.019489
v 0.234170 -0.547773 -0.019709
v 0.234191 -0.547949 -0.019902
v 0.234217 -0.548155 -0.020060
v 0.234245 -0.548385 -0.020181
v 0.234275 -0.548633 -0.020259
v 0.234307 -0.548890 -0.020293
v 0.234339 -0.549150 -0.020281
v 0.234370 -0.549403 -0.020224
v 0.234399 -0.549642 -0.020123
v 0.234426 -0.549861 -0.019982
v 0.234450 -0.550052 -0.019805
v 0.234469 -0.550210 -0.019597
v 0.234484 -0.550329 -0.019365
v 0.234493 -0.550407 -0.019116
v 0.234497 -0.550440 -0.018856
v 0.234496 -0.550428 -0.018595
v 0.234489 -0.550372 -0.018340
v 0.242081 -0.546558 -0.019248
v 0.242429 -0.549397 -0.018340
v 0.242436 -0.549453 -0.018595
v 0.242438 -0.549465 -0.018856
v 0.242433 -0.549432 -0.019116
v 0.242424 -0.549354 -0.019365
v 0.242409 -0.549235 -0.019597
v 0.242390 -0.549077 -0.019805
v 0.242366 -0.548886 -0.019982
v 0.242340 -0.548667 -0.020123
v 0.242310 -0.548428 -0.020224
v 0.242279 -0.548175 -0.020281
v 0.242247 -0.547915 -0.020293
v 0.242216 -0.547658 -0.020259
v 0.242185 -0.547410 -0.020181
v 0.242157 -0.547180 -0.020060
v 0.242132 -0.546974 -0.019902
v 0.242110 -0.546798 -0.019709
v 0.242093 -0.546658 -0.019489
v 0.234489 -0.550372 -0.018340
v 0.234477 -0.550272 -0.018099
v 0.234459 -0.550132 -0.017878
v 0.234438 -0.549956 -0.017686
v 0.234412 -0.549750 -0.017527
v 0.234384 -0.549520 -0.017407
v 0.234354 -0.549272 -0.017329
v 0.234322 -0.549015 -0.017295
v 0.234290 -0.548755 -0.017307
v 0.234259 -0.548502 -0.017364
v 0.234230 -0.548263 -0.017465
v 0.234203 -0.548044 -0.017606
v 0.234180 -0.547853 -0.017783
v 0.234160 -0.547695 -0.017990
v 0.234146 -0.547576 -0.018222
v 0.234136 -0.547498 -0.018472
v 0.234132 -0.547465 -0.018731
v 0.234133 -0.547477 -0.018992
v 0.234140 -0.547533 -0.019248
v 0.242429 -0.549397 -0.018340
v 0.242081 -0.546558 -0.019248
v 0.242074 -0.546502 -0.018992
v 0.242072 -0.546490 -0.018731
v 0.242076 -0.546523 -0.018472
v 0.242086 -0.546601 -0.018222
v 0.242101 -0.546720 -0.017990
v 0.242120 -0.546878 -0.017783
v 0.242143 -0.547069 -0.017606
v 0.242170 -0.547288 -0.017465
v 0.242200 -0.547527 -0.017364
v 0.242231 -0.547780 -0.017307
v 0.242263 -0.548040 -0.017295
v 0.242294 -0.548297 -0.017329
v 0.242325 -0.548545 -0.017407
v 0.242353 -0.548775 -0.017527
v 0.242378 -0.548981 -0.017686
v 0.242400 -0.549157 -0.017878
v 0.242417 -0.549297 -0.018099
v 0.246553 -0.582981 -0.022388
v 0.246536 -0.582842 -0.022609
v 0.246514 -0.582667 -0.022802
v 0.246489 -0.582462 -0.022962
v 0.246461 -0.582232 -0.023083
v 0.246430 -0.581984 -0.023162
v 0.246399 -0.581727 -0.023197
v 0.246367 -0.581468 -0.023186
v 0.246336 -0.581214 -0.023130
v 0.246306 -0.580974 -0.023030
v 0.246279 -0.580755 -0.022890
v 0.246256 -0.580564 -0.022714
v 0.246237 -0.580405 -0.022506
v 0.246222 -0.580285 -0.022275
v 0.246212 -0.580206 -0.022026
v 0.246208 -0.580172 -0.021766
v 0.246209 -0.580183 -0.021505
v 0.246216 -0.580239 -0.021250
v 0.246228 -0.580337 -0.021008
v 0.246245 -0.580476 -0.020787
v 0.246267 -0.580651 -0.020594
v 0.246292 -0.580857 -0.020435
v 0.246320 -0.581087 -0.020313
v 0.246351 -0.581334 -0.020234
v 0.246382 -0.581592 -0.020200
v 0.246414 -0.581851 -0.020211
v 0.246445 -0.582104 -0.020267
v 0.246475 -0.582344 -0.020366
v 0.246502 -0.582563 -0.020506
v 0.246525 -0.582755 -0.020683
v 0.246544 -0.582913 -0.020890
v 0.246559 -0.583034 -0.021121
v 0.246569 -0.583112 -0.021371
v 0.246573 -0.583147 -0.021630
v 0.246572 -0.583136 -0.021891
v 0.246565 -0.583080 -0.022146
v 0.238288 -0.581312 -0.021008
v 0.238276 -0.581214 -0.021250
v 0.238269 -0.581158 -0.021505
v 0.238268 -0.581147 -0.021766
v 0.238272 -0.581181 -0.022026
v 0.238281 -0.581260 -0.022275
v 0.238296 -0.581380 -0.022506
v 0.238316 -0.581539 -0.022714
v 0.238339 -0.581730 -0.022890
v 0.238366 -0.581949 -0.023030
v 0.238395 -0.582189 -0.023130
v 0.238427 -0.582443 -0.023186
v 0.238458 -0.582702 -0.023197
v 0.238490 -0.582959 -0.023162
v 0.238520 -0.583207 -0.023083
v 0.238549 -0.583437 -0.022962
v 0.238574 -0.583642 -0.022802
v 0.238595 -0.583817 -0.022609
v 0.238612 -0.583956 -0.022388
v 0.246228 -0.580337 -0.021008
v 0.246553 -0.582981 -0.022388
v 0.246536 -0.582842 -0.022609
v 0.246514 -0.582667 -0.022802
v 0.246489 -0.582462 -0.022962
v 0.246461 -0.582232 -0.023083
v 0.246430 -0.581984 -0.023162
v 0.246399 -0.581727 -0.023197
v 0.246367 -0.581468 -0.023186
v 0.246336 -0.581214 -0.023130
v 0.246306 -0.580974 -0.023030
v 0.246279 -0.580755 -0.022890
v 0.246256 -0.580564 -0.022714
v 0.246237 -0.580405 -0.022506
v 0.246222 -0.580285 -0.022275
v 0.246212 -0.580206 -0.022026
v 0.246208 -0.580172 -0.021766
v 0.246209 -0.580183 -0.021505
v 0.246216 -0.580239 -0.021250
v 0.238612 -0.583956 -0.022388
v 0.238625 -0.584055 -0.022146
v 0.238631 -0.584111 -0.021891
v 0.238633 -0.584122 -0.021630
v 0.238629 -0.584087 -0.021371
v 0.238619 -0.584009 -0.021121
v 0.238604 -0.583888 -0.020890
v 0.238585 -0.583730 -0.020683
v 0.238561 -0.583538 -0.020506
v 0.238534 -0.583319 -0.020366
v 0.238505 -0.583079 -0.020267
v 0.238474 -0.582826 -0.020211
v 0.238442 -0.582567 -0.020200
v 0.238410 -0.582309 -0.020234
v 0.238380 -0.582062 -0.020313
v 0.238352 -0.581832 -0.020435
v 0.238326 -0.581626 -0.020594
v 0.238305 -0.581451 -0.020787
v 0.238288 -0.581312 -0.021008
v 0.246553 -0.582981 -0.022388
v 0.246228 -0.580337 -0.021008
v 0.246245 -0.580476 -0.020787
v 0.246267 -0.580651 -0.020594
v 0.246292 -0.580857 -0.020435
v 0.246320 -0.581087 -0.020313
v 0.246351 -0.581334 -0.020234
v 0.246382 -0.581592 -0.020200
v 0.246414 -0.581851 -0.020211
v 0.246445 -0.582104 -0.020267
v 0.246475 -0.582344 -0.020366
v 0.246502 -0.582563 -0.020506
v 0.246525 -0.582755 -0.020683
v 0.246544 -0.582913 -0.020890
v 0.246559 -0.583034 -0.021121
v 0.246569 -0.583112 -0.021371
v 0.246573 -0.583147 -0.021630
v 0.246572 -0.583136 -0.021891
v 0.246565 -0.583080 -0.022146
v 0.271085 -0.530872 -0.030133
v 0.271115 -0.531111 -0.030033
v 0.271141 -0.531330 -0.029892
v 0.271165 -0.531521 -0.029715
v 0.271184 -0.531679 -0.029507
v 0.271199 -0.531798 -0.029275
v 0.271208 -0.531876 -0.029026
v 0.271212 -0.531909 -0.028766
v 0.271211 -0.531897 -0.028505
v 0.271204 -0.531841 -0.028250
v 0.271192 -0.531741 -0.028009
v 0.271175 -0.531601 -0.027788
v 0.271153 -0.531425 -0.027596
v 0.271128 -0.531219 -0.027437
v 0.271099 -0.530989 -0.027317
v 0.271069 -0.530741 -0.027239
v 0.271037 -0.530484 -0.027205
v 0.271006 -0.530224 -0.027217
v 0.270975 -0.529971 -0.027274
v 0.270945 -0.529732 -0.027374
v 0.270918 -0.529513 -0.027515
v 0.270895 -0.529322 -0.027692
v 0.270875 -0.529164 -0.027900
v 0.270861 -0.529045 -0.028132
v 0.270851 -0.528967 -0.028382
v 0.270847 -0.528934 -0.028641
v 0.270849 -0.528946 -0.028902
v 0.270856 -0.529002 -0.029157
v 0.270868 -0.529102 -0.029399
v 0.270885 -0.529242 -0.029619
v 0.270907 -0.529418 -0.029811
v 0.270932 -0.529624 -0.029970
v 0.270960 -0.529854 -0.030091
v 0.270991 -0.530102 -0.030169
v 0.271022 -0.530359 -0.030202
v 0.271054 -0.530619 -0.030190
v 0.274945 -0.529484 -0.027274
v 0.274976 -0.529737 -0.027217
v 0.275008 -0.529996 -0.027205
v 0.275039 -0.530254 -0.027239
v 0.275070 -0.530501 -0.027317
v 0.275098 -0.530732 -0.027437
v 0.275123 -0.530938 -0.027596
v 0.275145 -0.531113 -0.027788
v 0.275162 -0.531253 -0.028009
v 0.275174 -0.531353 -0.028250
v 0.275181 -0.531410 -0.028505
v 0.275183 -0.531422 -0.028766
v 0.275179 -0.531388 -0.029026
v 0.275169 -0.531311 -0.029275
v 0.275154 -0.531191 -0.029507
v 0.275135 -0.531034 -0.029715
v 0.275112 -0.530843 -0.029892
v 0.275085 -0.530624 -0.030033
v 0.275055 -0.530384 -0.030133
v 0.270975 -0.529971 -0.027274
v 0.271085 -0.530872 -0.030133
v 0.271115 -0.531111 -0.030033
v 0.271141 -0.531330 -0.029892
v 0.271165 -0.531521 -0.029715
v 0.271184 -0.531679 -0.029507
v 0.271199 -0.531798 -0.029275
v 0.271208 -0.531876 -0.029026
v 0.271212 -0.531909 -0.028766
v 0.271211 -0.531897 -0.028505
v 0.271204 -0.531841 -0.028250
v 0.271192 -0.531741 -0.028009
v 0.271175 -0.531601 -0.027788
v 0.271153 -0.531425 -0.027596
v 0.271128 -0.531219 -0.027437
v 0.271099 -0.530989 -0.027317
v 0.271069 -0.530741 -0.027239
v 0.271037 -0.530484 -0.027205
v 0.271006 -0.530224 -0.027217
v 0.275055 -0.530384 -0.030133
v 0.275024 -0.530131 -0.030190
v 0.274992 -0.529872 -0.030202
v 0.274961 -0.529615 -0.030169
v 0.274930 -0.529367 -0.030091
v 0.274902 -0.529136 -0.029970
v 0.274877 -0.528930 -0.029811
v 0.274855 -0.528755 -0.029619
v 0.274838 -0.528615 -0.029399
v 0.274826 -0.528515 -0.029157
v 0.274819 -0.528458 -0.028902
v 0.274817 -0.528446 -0.028641
v 0.274821 -0.528480 -0.028382
v 0.274831 -0.528557 -0.028132
v 0.274846 -0.528677 -0.027900
v 0.274865 -0.528834 -0.027692
v 0.274888 -0.529025 -0.027515
v 0.274915 -0.529244 -0.027374
v 0.274945 -0.529484 -0.027274
v 0.271085 -0.530872 -0.030133
v 0.270975 -0.529971 -0.027274
v 0.270945 -0.529732 -0.027374
v 0.270918 -0.529513 -0.027515
v 0.270895 -0.529322 -0.027692
v 0.270875 -0.529164 -0.027900
v 0.270861 -0.529045 -0.028132
v 0.270851 -0.528967 -0.028382
v 0.270847 -0.528934 -0.028641
v 0.270849 -0.528946 -0.028902
v 0.270856 -0.529002 -0.029157
v 0.270868 -0.529102 -0.029399
v 0.270885 -0.529242 -0.029619
v 0.270907 -0.529418 -0.029811
v 0.270932 -0.529624 -0.029970
v 0.270960 -0.529854 -0.030091
v 0.270991 -0.530102 -0.030169
v 0.271022 -0.530359 -0.030202
v 0.271054 -0.530619 -0.030190
v 0.269368 -0.516890 -0.058275
v 0.269380 -0.516989 -0.058033
v 0.269387 -0.517044 -0.057778
v 0.269389 -0.517055 -0.057516
v 0.269384 -0.517021 -0.057257
v 0.269375 -0.516942 -0.057008
v 0.269360 -0.516822 -0.056776
v 0.269341 -0.516664 -0.056569
v 0.269317 -0.516472 -0.056393
v 0.269290 -0.516253 -0.056253
v 0.269261 -0.516013 -0.056153
v 0.269230 -0.515759 -0.056097
v 0.269198 -0.515500 -0.056086
v 0.269166 -0.515243 -0.056121
v 0.269136 -0.514995 -0.056200
v 0.269108 -0.514765 -0.056321
v 0.269082 -0.514560 -0.056481
v 0.269061 -0.514385 -0.056674
v 0.269044 -0.514246 -0.056895
v 0.269032 -0.514147 -0.057136
v 0.269025 -0.514091 -0.057392
v 0.269023 -0.514080 -0.057653
v 0.269028 -0.514115 -0.057912
v 0.269037 -0.514193 -0.058161
v 0.269052 -0.514314 -0.058393
v 0.269071 -0.514472 -0.058600
v 0.269095 -0.514664 -0.058776
v 0.269122 -0.514883 -0.058917
v 0.269151 -0.515123 -0.059016
v 0.269183 -0.515376 -0.059072
v 0.269214 -0.515636 -0.059083
v 0.269246 -0.515893 -0.059049
v 0.269276 -0.516140 -0.058969
v 0.269305 -0.516370 -0.058848
v 0.269330 -0.516576 -0.058689
v 0.269351 -0.516751 -0.058496
v 0.273014 -0.513758 -0.056895
v 0.273031 -0.513897 -0.056674
v 0.273052 -0.514072 -0.056481
v 0.273078 -0.514278 -0.056321
v 0.273106 -0.514508 -0.056200
v 0.273136 -0.514755 -0.056121
v 0.273168 -0.515013 -0.056086
v 0.273200 -0.515272 -0.056097
v 0.273231 -0.515525 -0.056153
v 0.273260 -0.515765 -0.056253
v 0.273287 -0.515984 -0.056393
v 0.273311 -0.516176 -0.056569
v 0.273330 -0.516334 -0.056776
v 0.273345 -0.516455 -0.057008
v 0.273355 -0.516533 -0.057257
v 0.273359 -0.516568 -0.057516
v 0.273357 -0.516557 -0.057778
v 0.273351 -0.516501 -0.058033
v 0.273339 -0.516402 -0.058275
v 0.269044 -0.514246 -0.056895
v 0.269368 -0.516890 -0.058275
v 0.269380 -0.516989 -0.058033
v 0.269387 -0.517044 -0.057778
v 0.269389 -0.517055 -0.057516
v 0.269384 -0.517021 -0.057257
v 0.269375 -0.516942 -0.057008
v 0.269360 -0.516822 -0.056776
v 0.269341 -0.516664 -0.056569
v 0.269317 -0.516472 -0.056393
v 0.269290 -0.516253 -0.056253
v 0.269261 -0.516013 -0.056153
v 0.269230 -0.515759 -0.056097
v 0.269198 -0.515500 -0.056086
v 0.269166 -0.515243 -0.056121
v 0.269136 -0.514995 -0.056200
v 0.269108 -0.514765 -0.056321
v 0.269082 -0.514560 -0.056481
v 0.269061 -0.514385 -0.056674
v 0.273339 -0.516402 -0.058275
v 0.273321 -0.516263 -0.058496
v 0.273300 -0.516088 -0.058689
v 0.273275 -0.515883 -0.058848
v 0.273246 -0.515653 -0.058969
v 0.273216 -0.515405 -0.059049
v 0.273185 -0.515148 -0.059083
v 0.273153 -0.514889 -0.059072
v 0.273122 -0.514635 -0.059016
v 0.273092 -0.514395 -0.058917
v 0.273065 -0.514176 -0.058776
v 0.273042 -0.513985 -0.058600
v 0.273022 -0.513826 -0.058393
v 0.273007 -0.513706 -0.058161
v 0.272998 -0.513627 -0.057912
v 0.272994 -0.513593 -0.057653
v 0.272995 -0.513604 -0.057392
v 0.273002 -0.513660 -0.057136
v 0.273014 -0.513758 -0.056895
v 0.269368 -0.516890 -0.058275
v 0.269044 -0.514246 -0.056895
v 0.269032 -0.514147 -0.057136
v 0.269025 -0.514091 -0.057392
v 0.269023 -0.514080 -0.057653
v 0.269028 -0.514115 -0.057912
v 0.269037 -0.514193 -0.058161
v 0.269052 -0.514314 -0.058393
v 0.269071 -0.514472 -0.058600
v 0.269095 -0.514664 -0.058776
v 0.269122 -0.514883 -0.058917
v 0.269151 -0.515123 -0.059016
v 0.269183 -0.515376 -0.059072
v 0.269214 -0.515636 -0.059083
v 0.269246 -0.515893 -0.059049
v 0.269276 -0.516140 -0.058969
v 0.269305 -0.516370 -0.058848
v 0.269330 -0.516576 -0.058689
v 0.269351 -0.516751 -0.058496
v 0.270579 -0.526753 -0.088135
v 0.270567 -0.526654 -0.087894
v 0.270550 -0.526514 -0.087673
v 0.270528 -0.526338 -0.087481
v 0.270503 -0.526132 -0.087322
v 0.270475 -0.525902 -0.087202
v 0.270444 -0.525654 -0.087124
v 0.270413 -0.525397 -0.087090
v 0.270381 -0.525137 -0.087102
v 0.270350 -0.524884 -0.087159
v 0.270321 -0.524644 -0.087260
v 0.270294 -0.524426 -0.087400
v 0.270270 -0.524235 -0.087577
v 0.270251 -0.524077 -0.087785
v 0.270236 -0.523958 -0.088017
v 0.270227 -0.523880 -0.088267
v 0.270223 -0.523847 -0.088526
v 0.270224 -0.523859 -0.088787
v 0.270231 -0.523915 -0.089043
v 0.270243 -0.524015 -0.089284
v 0.270260 -0.524155 -0.089504
v 0.270282 -0.524331 -0.089697
v 0.270307 -0.524537 -0.089855
v 0.270336 -0.524767 -0.089976
v 0.270366 -0.525015 -0.090054
v 0.270398 -0.525272 -0.090087
v 0.270429 -0.525532 -0.090076
v 0.270461 -0.525785 -0.090019
v 0.270490 -0.526024 -0.089918
v 0.270517 -0.526243 -0.089777
v 0.270540 -0.526434 -0.089600
v 0.270560 -0.526592 -0.089392
v 0.270574 -0.526711 -0.089160
v 0.270584 -0.526789 -0.088911
v 0.270588 -0.526822 -0.088651
v 0.270586 -0.526810 -0.088390
v 0.274201 -0.523428 -0.089043
v 0.274194 -0.523371 -0.088787
v 0.274193 -0.523359 -0.088526
v 0.274197 -0.523393 -0.088267
v 0.274206 -0.523470 -0.088017
v 0.274221 -0.523590 -0.087785
v 0.274240 -0.523747 -0.087577
v 0.274264 -0.523938 -0.087400
v 0.274291 -0.524157 -0.087260
v 0.274320 -0.524397 -0.087159
v 0.274351 -0.524650 -0.087102
v 0.274383 -0.524909 -0.087090
v 0.274415 -0.525166 -0.087124
v 0.274445 -0.525414 -0.087202
v 0.274473 -0.525644 -0.087322
v 0.274499 -0.525851 -0.087481
v 0.274520 -0.526026 -0.087673
v 0.274537 -0.526166 -0.087894
v 0.274550 -0.526266 -0.088135
v 0.270231 -0.523915 -0.089043
v 0.270579 -0.526753 -0.088135
v 0.270567 -0.526654 -0.087894
v 0.270550 -0.526514 -0.087673
v 0.270528 -0.526338 -0.087481
v 0.270503 -0.526132 -0.087322
v 0.270475 -0.525902 -0.087202
v 0.270444 -0.525654 -0.087124
v 0.270413 -0.525397 -0.087090
v 0.270381 -0.525137 -0.087102
v 0.270350 -0.524884 -0.087159
v 0.270321 -0.524644 -0.087260
v 0.270294 -0.524426 -0.087400
v 0.270270 -0.524235 -0.087577
v 0.270251 -0.524077 -0.087785
v 0.270236 -0.523958 -0.088017
v 0.270227 -0.523880 -0.088267
v 0.270223 -0.523847 -0.088526
v 0.270224 -0.523859 -0.088787
v 0.274550 -0.526266 -0.088135
v 0.274557 -0.526323 -0.088390
v 0.274558 -0.526334 -0.088651
v 0.274554 -0.526301 -0.088911
v 0.274544 -0.526223 -0.089160
v 0.274530 -0.526104 -0.089392
v 0.274510 -0.525946 -0.089600
v 0.274487 -0.525755 -0.089777
v 0.274460 -0.525537 -0.089918
v 0.274431 -0.525297 -0.090019
v 0.274400 -0.525044 -0.090076
v 0.274368 -0.524785 -0.090087
v 0.274336 -0.524527 -0.090054
v 0.274306 -0.524280 -0.089976
v 0.274277 -0.524049 -0.089855
v 0.274252 -0.523843 -0.089697
v 0.274231 -0.523667 -0.089504
v 0.274213 -0.523528 -0.089284
v 0.274201 -0.523428 -0.089043
v 0.270579 -0.526753 -0.088135
v 0.270231 -0.523915 -0.089043
v 0.270243 -0.524015 -0.089284
v 0.270260 -0.524155 -0.089504
v 0.270282 -0.524331 -0.089697
v 0.270307 -0.524537 -0.089855
v 0.270336 -0.524767 -0.089976
v 0.270366 -0.525015 -0.090054
v 0.270398 -0.525272 -0.090087
v 0.270429 -0.525532 -0.090076
v 0.270461 -0.525785 -0.090019
v 0.270490 -0.526024 -0.089918
v 0.270517 -0.526243 -0.089777
v 0.270540 -0.526434 -0.089600
v 0.270560 -0.526592 -0.089392
v 0.270574 -0.526711 -0.089160
v 0.270584 -0.526789 -0.088911
v 0.270588 -0.526822 -0.088651
v 0.270586 -0.526810 -0.088390
v 0.274009 -0.554685 -0.102222
v 0.273980 -0.554445 -0.102123
v 0.273948 -0.554192 -0.102067
v 0.273917 -0.553932 -0.102056
v 0.273885 -0.553675 -0.102090
v 0.273855 -0.553428 -0.102169
v 0.273826 -0.553198 -0.102290
v 0.273801 -0.552992 -0.102450
v 0.273780 -0.552817 -0.102643
v 0.273763 -0.552678 -0.102864
v 0.273750 -0.552579 -0.103106
v 0.273744 -0.552524 -0.103361
v 0.273742 -0.552513 -0.103622
v 0.273747 -0.552547 -0.103881
v 0.273756 -0.552626 -0.104131
v 0.273771 -0.552746 -0.104362
v 0.273790 -0.552904 -0.104570
v 0.273814 -0.553096 -0.104746
v 0.273841 -0.553315 -0.104886
v 0.273870 -0.553555 -0.104985
v 0.273901 -0.553809 -0.105042
v 0.273933 -0.554068 -0.105053
v 0.273965 -0.554325 -0.105018
v 0.273995 -0.554573 -0.104939
v 0.274023 -0.554803 -0.104818
v 0.274049 -0.555008 -0.104658
v 0.274070 -0.555183 -0.104465
v 0.274087 -0.555322 -0.104244
v 0.274099 -0.555421 -0.104002
v 0.274106 -0.555477 -0.103747
v 0.274108 -0.555487 -0.103486
v 0.274103 -0.555453 -0.103227
v 0.274094 -0.555375 -0.102977
v 0.274079 -0.555254 -0.102746
v 0.274059 -0.555096 -0.102539
v 0.274036 -0.554904 -0.102362
v 0.277811 -0.552828 -0.104886
v 0.277784 -0.552609 -0.104746
v 0.277761 -0.552417 -0.104570
v 0.277741 -0.552259 -0.104362
v 0.277726 -0.552138 -0.104131
v 0.277717 -0.552060 -0.103881
v 0.277713 -0.552025 -0.103622
v 0.277714 -0.552036 -0.103361
v 0.277721 -0.552092 -0.103106
v 0.277733 -0.552191 -0.102864
v 0.277750 -0.552330 -0.102643
v 0.277771 -0.552505 -0.102450
v 0.277797 -0.552710 -0.102290
v 0.277825 -0.552940 -0.102169
v 0.277855 -0.553188 -0.102090
v 0.277887 -0.553445 -0.102056
v 0.277919 -0.553704 -0.102067
v 0.277950 -0.553958 -0.102123
v 0.277979 -0.554198 -0.102222
v 0.273841 -0.553315 -0.104886
v 0.274009 -0.554685 -0.102222
v 0.273980 -0.554445 -0.102123
v 0.273948 -0.554192 -0.102067
v 0.273917 -0.553932 -0.102056
v 0.273885 -0.553675 -0.102090
v 0.273855 -0.553428 -0.102169
v 0.273826 -0.553198 -0.102290
v 0.273801 -0.552992 -0.102450
v 0.273780 -0.552817 -0.102643
v 0.273763 -0.552678 -0.102864
v 0.273750 -0.552579 -0.103106
v 0.273744 -0.552524 -0.103361
v 0.273742 -0.552513 -0.103622
v 0.273747 -0.552547 -0.103881
v 0.273756 -0.552626 -0.104131
v 0.273771 -0.552746 -0.104362
v 0.273790 -0.552904 -0.104570
v 0.273814 -0.553096 -0.104746
v 0.277979 -0.554198 -0.102222
v 0.278006 -0.554417 -0.102362
v 0.278030 -0.554609 -0.102539
v 0.278049 -0.554767 -0.102746
v 0.278064 -0.554887 -0.102977
v 0.278074 -0.554966 -0.103227
v 0.278078 -0.555000 -0.103486
v 0.278076 -0.554989 -0.103747
v 0.278070 -0.554933 -0.104002
v 0.278057 -0.554835 -0.104244
v 0.278040 -0.554696 -0.104465
v 0.278019 -0.554521 -0.104658
v 0.277994 -0.554315 -0.104818
v 0.277965 -0.554085 -0.104939
v 0.277935 -0.553838 -0.105018
v 0.277903 -0.553580 -0.105053
v 0.277872 -0.553321 -0.105042
v 0.277840 -0.553068 -0.104985
v 0.277811 -0.552828 -0.104886
v 0.274009 -0.554685 -0.102222
v 0.273841 -0.553315 -0.104886
v 0.273870 -0.553555 -0.104985
v 0.273901 -0.553809 -0.105042
v 0.273933 -0.554068 -0.105053
v 0.273965 -0.554325 -0.105018
v 0.273995 -0.554573 -0.104939
v 0.274023 -0.554803 -0.104818
v 0.274049 -0.555008 -0.104658
v 0.274070 -0.555183 -0.104465
v 0.274087 -0.555322 -0.104244
v 0.274099 -0.555421 -0.104002
v 0.274106 -0.555477 -0.103747
v 0.274108 -0.555487 -0.103486
v 0.274103 -0.555453 -0.103227
v 0.274094 -0.555375 -0.102977
v 0.274079 -0.555254 -0.102746
v 0.274059 -0.555096 -0.102539
v 0.274036 -0.554904 -0.102362
v 0.277648 -0.584323 -0.092284
v 0.277619 -0.584083 -0.092385
v 0.277592 -0.583865 -0.092526
v 0.277568 -0.583674 -0.092703
v 0.277549 -0.583516 -0.092911
v 0.277534 -0.583397 -0.093143
v 0.277525 -0.583319 -0.093392
v 0.277521 -0.583286 -0.093651
v 0.277522 -0.583297 -0.093913
v 0.277529 -0.583354 -0.094168
v 0.277541 -0.583454 -0.094409
v 0.277559 -0.583594 -0.094629
v 0.277580 -0.583769 -0.094822
v 0.277605 -0.583976 -0.094981
v 0.277634 -0.584206 -0.095101
v 0.277664 -0.584454 -0.095179
v 0.277696 -0.584711 -0.095213
v 0.277728 -0.584970 -0.095201
v 0.277759 -0.585224 -0.095144
v 0.277788 -0.585463 -0.095043
v 0.277815 -0.585682 -0.094902
v 0.277838 -0.585873 -0.094725
v 0.277858 -0.586030 -0.094518
v 0.277872 -0.586150 -0.094285
v 0.277882 -0.586227 -0.094036
v 0.277886 -0.586261 -0.093777
v 0.277885 -0.586249 -0.093515
v 0.277878 -0.586192 -0.093260
v 0.277865 -0.586092 -0.093019
v 0.277848 -0.585953 -0.092799
v 0.277827 -0.585777 -0.092606
v 0.277801 -0.585571 -0.092447
v 0.277773 -0.585340 -0.092327
v 0.277743 -0.585093 -0.092249
v 0.277711 -0.584835 -0.092215
v 0.277679 -0.584576 -0.092227
v 0.281729 -0.584736 -0.095144
v 0.281698 -0.584483 -0.095201
v 0.281666 -0.584224 -0.095213
v 0.281634 -0.583966 -0.095179
v 0.281604 -0.583719 -0.095101
v 0.281576 -0.583488 -0.094981
v 0.281550 -0.583282 -0.094822
v 0.281529 -0.583106 -0.094629
v 0.281512 -0.582966 -0.094409
v 0.281499 -0.582867 -0.094168
v 0.281492 -0.582810 -0.093913
v 0.281491 -0.582798 -0.093651
v 0.281495 -0.582832 -0.093392
v 0.281505 -0.582909 -0.093143
v 0.281519 -0.583029 -0.092911
v 0.281539 -0.583186 -0.092703
v 0.281562 -0.583377 -0.092526
v 0.281589 -0.583596 -0.092385
v 0.281618 -0.583835 -0.092284
v 0.277759 -0.585224 -0.095144
v 0.277648 -0.584323 -0.092284
v 0.277619 -0.584083 -0.092385
v 0.277592 -0.583865 -0.092526
v 0.277568 -0.583674 -0.092703
v 0.277549 -0.583516 -0.092911
v 0.277534 -0.583397 -0.093143
v 0.277525 -0.583319 -0.093392
v 0.277521 -0.583286 -0.093651
v 0.277522 -0.583297 -0.093913
v 0.277529 -0.583354 -0.094168
v 0.277541 -0.583454 -0.094409
v 0.277559 -0.583594 -0.094629
v 0.277580 -0.583769 -0.094822
v 0.277605 -0.583976 -0.094981
v 0.277634 -0.584206 -0.095101
v 0.277664 -0.584454 -0.095179
v 0.277696 -0.584711 -0.095213
v 0.277728 -0.584970 -0.095201
v 0.281618 -0.583835 -0.092284
v 0.281649 -0.584089 -0.092227
v 0.281681 -0.584348 -0.092215
v 0.281713 -0.584605 -0.092249
v 0.281743 -0.584853 -0.092327
v 0.281771 -0.585083 -0.092447
v 0.281797 -0.585289 -0.092606
v 0.281818 -0.585465 -0.092799
v 0.281836 -0.585605 -0.093019
v 0.281848 -0.585705 -0.093260
v 0.281855 -0.585761 -0.093515
v 0.281856 -0.585773 -0.093777
v 0.281852 -0.585740 -0.094036
v 0.281843 -0.585662 -0.094285
v 0.281828 -0.585543 -0.094518
v 0.281809 -0.585385 -0.094725
v 0.281785 -0.585194 -0.094902
v 0.281758 -0.584976 -0.095043
v 0.281729 -0.584736 -0.095144
v 0.277648 -0.584323 -0.092284
v 0.277759 -0.585224 -0.095144
v 0.277788 -0.585463 -0.095043
v 0.277815 -0.585682 -0.094902
v 0.277838 -0.585873 -0.094725
v 0.277858 -0.586030 -0.094518
v 0.277872 -0.586150 -0.094285
v 0.277882 -0.586227 -0.094036
v 0.277886 -0.586261 -0.093777
v 0.277885 -0.586249 -0.093515
v 0.277878 -0.586192 -0.093260
v 0.277865 -0.586092 -0.093019
v 0.277848 -0.585953 -0.092799
v 0.277827 -0.585777 -0.092606
v 0.277801 -0.585571 -0.092447
v 0.277773 -0.585340 -0.092327
v 0.277743 -0.585093 -0.092249
v 0.277711 -0.584835 -0.092215
v 0.277679 -0.584576 -0.092227
v 0.279365 -0.598305 -0.064143
v 0.279353 -0.598206 -0.064385
v 0.279346 -0.598150 -0.064640
v 0.279345 -0.598140 -0.064901
v 0.279349 -0.598174 -0.065160
v 0.279358 -0.598252 -0.065410
v 0.279373 -0.598373 -0.065641
v 0.279393 -0.598531 -0.065848
v 0.279416 -0.598723 -0.066025
v 0.279443 -0.598942 -0.066165
v 0.279473 -0.599182 -0.066264
v 0.279504 -0.599435 -0.066321
v 0.279536 -0.599695 -0.066331
v 0.279567 -0.599952 -0.066297
v 0.279597 -0.600199 -0.066218
v 0.279626 -0.600429 -0.066097
v 0.279651 -0.600635 -0.065937
v 0.279672 -0.600810 -0.065744
v 0.279689 -0.600949 -0.065523
v 0.279702 -0.601048 -0.065281
v 0.279708 -0.601103 -0.065026
v 0.279710 -0.601114 -0.064765
v 0.279706 -0.601080 -0.064506
v 0.279696 -0.601001 -0.064256
v 0.279681 -0.600881 -0.064025
v 0.279662 -0.600723 -0.063818
v 0.279638 -0.600531 -0.063641
v 0.279611 -0.600312 -0.063501
v 0.279582 -0.600072 -0.063402
v 0.279551 -0.599818 -0.063345
v 0.279519 -0.599559 -0.063335
v 0.279487 -0.599302 -0.063369
v 0.279457 -0.599055 -0.063448
v 0.279429 -0.598825 -0.063569
v 0.279403 -0.598619 -0.063729
v 0.279382 -0.598444 -0.063922
v 0.283660 -0.600461 -0.065523
v 0.283643 -0.600322 -0.065744
v 0.283621 -0.600147 -0.065937
v 0.283596 -0.599942 -0.066097
v 0.283568 -0.599712 -0.066218
v 0.283537 -0.599464 -0.066297
v 0.283506 -0.599207 -0.066331
v 0.283474 -0.598948 -0.066321
v 0.283443 -0.598694 -0.066264
v 0.283413 -0.598454 -0.066165
v 0.283386 -0.598235 -0.066025
v 0.283363 -0.598044 -0.065848
v 0.283343 -0.597885 -0.065641
v 0.283329 -0.597765 -0.065410
v 0.283319 -0.597687 -0.065160
v 0.283315 -0.597652 -0.064901
v 0.283316 -0.597663 -0.064640
v 0.283323 -0.597719 -0.064385
v 0.283335 -0.597818 -0.064143
v 0.279689 -0.600949 -0.065523
v 0.279365 -0.598305 -0.064143
v 0.279353 -0.598206 -0.064385
v 0.279346 -0.598150 -0.064640
v 0.279345 -0.598140 -0.064901
v 0.279349 -0.598174 -0.065160
v 0.279358 -0.598252 -0.065410
v 0.279373 -0.598373 -0.065641
v 0.279393 -0.598531 -0.065848
v 0.279416 -0.598723 -0.066025
v 0.279443 -0.598942 -0.066165
v 0.279473 -0.599182 -0.066264
v 0.279504 -0.599435 -0.066321
v 0.279536 -0.599695 -0.066331
v 0.279567 -0.599952 -0.066297
v 0.279597 -0.600199 -0.066218
v 0.279626 -0.600429 -0.066097
v 0.279651 -0.600635 -0.065937
v 0.279672 -0.600810 -0.065744
v 0.283335 -0.597818 -0.064143
v 0.283352 -0.597957 -0.063922
v 0.283374 -0.598132 -0.063729
v 0.283399 -0.598337 -0.063569
v 0.283427 -0.598567 -0.063448
v 0.283457 -0.598814 -0.063369
v 0.283489 -0.599072 -0.063335
v 0.283521 -0.599331 -0.063345
v 0.283552 -0.599584 -0.063402
v 0.283581 -0.599824 -0.063501
v 0.283608 -0.600044 -0.063641
v 0.283632 -0.600235 -0.063818
v 0.283651 -0.600394 -0.064025
v 0.283666 -0.600514 -0.064256
v 0.283676 -0.600592 -0.064506
v 0.283680 -0.600627 -0.064765
v 0.283679 -0.600616 -0.065026
v 0.283672 -0.600560 -0.065281
v 0.283660 -0.600461 -0.065523
v 0.279365 -0.598305 -0.064143
v 0.279689 -0.600949 -0.065523
v 0.279702 -0.601048 -0.065281
v 0.279708 -0.601103 -0.065026
v 0.279710 -0.601114 -0.064765
v 0.279706 -0.601080 -0.064506
v 0.279696 -0.601001 -0.064256
v 0.279681 -0.600881 -0.064025
v 0.279662 -0.600723 -0.063818
v 0.279638 -0.600531 -0.063641
v 0.279611 -0.600312 -0.063501
v 0.279582 -0.600072 -0.063402
v 0.279551 -0.599818 -0.063345
v 0.279519 -0.599559 -0.063335
v 0.279487 -0.599302 -0.063369
v 0.279457 -0.599055 -0.063448
v 0.279429 -0.598825 -0.063569
v 0.279403 -0.598619 -0.063729
v 0.279382 -0.598444 -0.063922
v 0.278154 -0.588441 -0.034283
v 0.278166 -0.588541 -0.034524
v 0.278183 -0.588681 -0.034744
v 0.278205 -0.588857 -0.034937
v 0.278230 -0.589063 -0.035096
v 0.278258 -0.589293 -0.035216
v 0.278289 -0.589541 -0.035294
v 0.278320 -0.589798 -0.035328
v 0.278352 -0.590057 -0.035316
v 0.278383 -0.590311 -0.035259
v 0.278413 -0.590550 -0.035158
v 0.278440 -0.590769 -0.035017
v 0.278463 -0.590960 -0.034840
v 0.278482 -0.591117 -0.034632
v 0.278497 -0.591237 -0.034400
v 0.278507 -0.591314 -0.034151
v 0.278511 -0.591348 -0.033892
v 0.278509 -0.591336 -0.033630
v 0.278502 -0.591279 -0.033375
v 0.278490 -0.591180 -0.033134
v 0.278473 -0.591040 -0.032914
v 0.278451 -0.590864 -0.032721
v 0.278426 -0.590658 -0.032562
v 0.278398 -0.590427 -0.032442
v 0.278367 -0.590180 -0.032364
v 0.278336 -0.589922 -0.032330
v 0.278304 -0.589663 -0.032342
v 0.278273 -0.589410 -0.032399
v 0.278243 -0.589170 -0.032500
v 0.278216 -0.588952 -0.032641
v 0.278193 -0.588761 -0.032818
v 0.278174 -0.588603 -0.033025
v 0.278159 -0.588484 -0.033258
v 0.278149 -0.588406 -0.033507
v 0.278145 -0.588373 -0.033766
v 0.278147 -0.588385 -0.034028
v 0.282472 -0.590792 -0.033375
v 0.282479 -0.590848 -0.033630
v 0.282481 -0.590860 -0.033892
v 0.282477 -0.590827 -0.034151
v 0.282467 -0.590749 -0.034400
v 0.282453 -0.590630 -0.034632
v 0.282433 -0.590472 -0.034840
v 0.282410 -0.590281 -0.035017
v 0.282383 -0.590063 -0.035158
v 0.282353 -0.589823 -0.035259
v 0.282322 -0.589570 -0.035316
v 0.282291 -0.589311 -0.035328
v 0.282259 -0.589053 -0.035294
v 0.282229 -0.588806 -0.035216
v 0.282200 -0.588575 -0.035096
v 0.282175 -0.588369 -0.034937
v 0.282153 -0.588193 -0.034744
v 0.282136 -0.588053 -0.034524
v 0.282124 -0.587954 -0.034283
v 0.278502 -0.591279 -0.033375
v 0.278154 -0.588441 -0.034283
v 0.278166 -0.588541 -0.034524
v 0.278183 -0.588681 -0.034744
v 0.278205 -0.588857 -0.034937
v 0.278230 -0.589063 -0.035096
v 0.278258 -0.589293 -0.035216
v 0.278289 -0.589541 -0.035294
v 0.278320 -0.589798 -0.035328
v 0.278352 -0.590057 -0.035316
v 0.278383 -0.590311 -0.035259
v 0.278413 -0.590550 -0.035158
v 0.278440 -0.590769 -0.035017
v 0.278463 -0.590960 -0.034840
v 0.278482 -0.591117 -0.034632
v 0.278497 -0.591237 -0.034400
v 0.278507 -0.591314 -0.034151
v 0.278511 -0.591348 -0.033892
v 0.278509 -0.591336 -0.033630
v 0.282124 -0.587954 -0.034283
v 0.282117 -0.587897 -0.034028
v 0.282116 -0.587885 -0.033766
v 0.282120 -0.587919 -0.033507
v 0.282129 -0.587996 -0.033258
v 0.282144 -0.588116 -0.033025
v 0.282163 -0.588273 -0.032818
v 0.282187 -0.588464 -0.032641
v 0.282213 -0.588683 -0.032500
v 0.282243 -0.588922 -0.032399
v 0.282274 -0.589176 -0.032342
v 0.282306 -0.589435 -0.032330
v 0.282337 -0.589692 -0.032364
v 0.282368 -0.589940 -0.032442
v 0.282396 -0.590170 -0.032562
v 0.282421 -0.590377 -0.032721
v 0.282443 -0.590552 -0.032914
v 0.282460 -0.590692 -0.033134
v 0.282472 -0.590792 -0.033375
v 0.278154 -0.588441 -0.034283
v 0.278502 -0.591279 -0.033375
v 0.278490 -0.591180 -0.033134
v 0.278473 -0.591040 -0.032914
v 0.278451 -0.590864 -0.032721
v 0.278426 -0.590658 -0.032562
v 0.278398 -0.590427 -0.032442
v 0.278367 -0.590180 -0.032364
v 0.278336 -0.589922 -0.032330
v 0.278304 -0.589663 -0.032342
v 0.278273 -0.589410 -0.032399
v 0.278243 -0.589170 -0.032500
v 0.278216 -0.588952 -0.032641
v 0.278193 -0.588761 -0.032818
v 0.278174 -0.588603 -0.033025
v 0.278159 -0.588484 -0.033258
v 0.278149 -0.588406 -0.033507
v 0.278145 -0.588373 -0.033766
v 0.278147 -0.588385 -0.034028
v 0.274724 -0.560509 -0.020195
v 0.274754 -0.560749 -0.020295
v 0.274785 -0.561003 -0.020351
v 0.274817 -0.561262 -0.020362
v 0.274848 -0.561519 -0.020327
v 0.274879 -0.561767 -0.020248
v 0.274907 -0.561997 -0.020127
v 0.274932 -0.562202 -0.019968
v 0.274954 -0.562377 -0.019775
v 0.274971 -0.562516 -0.019554
v 0.274983 -0.562615 -0.019312
v 0.274990 -0.562671 -0.019057
v 0.274991 -0.562682 -0.018795
v 0.274987 -0.562647 -0.018536
v 0.274977 -0.562569 -0.018287
v 0.274962 -0.562449 -0.018055
v 0.274943 -0.562290 -0.017848
v 0.274919 -0.562099 -0.017672
v 0.274892 -0.561879 -0.017532
v 0.274863 -0.561639 -0.017432
v 0.274832 -0.561386 -0.017376
v 0.274800 -0.561127 -0.017365
v 0.274768 -0.560869 -0.017400
v 0.274738 -0.560622 -0.017479
v 0.274710 -0.560392 -0.017600
v 0.274685 -0.560187 -0.017760
v 0.274663 -0.560012 -0.017953
v 0.274646 -0.559873 -0.018174
v 0.274634 -0.559774 -0.018415
v 0.274627 -0.559718 -0.018671
v 0.274626 -0.559707 -0.018932
v 0.274630 -0.559742 -0.019191
v 0.274640 -0.559820 -0.019440
v 0.274654 -0.559940 -0.019672
v 0.274674 -0.560099 -0.019879
v 0.274697 -0.560290 -0.020055
v 0.278863 -0.561392 -0.017532
v 0.278889 -0.561611 -0.017672
v 0.278913 -0.561803 -0.017848
v 0.278932 -0.561961 -0.018055
v 0.278947 -0.562081 -0.018287
v 0.278957 -0.562160 -0.018536
v 0.278961 -0.562194 -0.018795
v 0.278960 -0.562183 -0.019057
v 0.278953 -0.562128 -0.019312
v 0.278941 -0.562029 -0.019554
v 0.278924 -0.561890 -0.019775
v 0.278902 -0.561715 -0.019968
v 0.278877 -0.561509 -0.020127
v 0.278849 -0.561279 -0.020248
v 0.278818 -0.561032 -0.020327
v 0.278787 -0.560775 -0.020362
v 0.278755 -0.560515 -0.020351
v 0.278724 -0.560262 -0.020295
v 0.278694 -0.560022 -0.020195
v 0.274892 -0.561879 -0.017532
v 0.274724 -0.560509 -0.020195
v 0.274754 -0.560749 -0.020295
v 0.274785 -0.561003 -0.020351
v 0.274817 -0.561262 -0.020362
v 0.274848 -0.561519 -0.020327
v 0.274879 -0.561767 -0.020248
v 0.274907 -0.561997 -0.020127
v 0.274932 -0.562202 -0.019968
v 0.274954 -0.562377 -0.019775
v 0.274971 -0.562516 -0.019554
v 0.274983 -0.562615 -0.019312
v 0.274990 -0.562671 -0.019057
v 0.274991 -0.562682 -0.018795
v 0.274987 -0.562647 -0.018536
v 0.274977 -0.562569 -0.018287
v 0.274962 -0.562449 -0.018055
v 0.274943 -0.562290 -0.017848
v 0.274919 -0.562099 -0.017672
v 0.278694 -0.560022 -0.020195
v 0.278667 -0.559803 -0.020055
v 0.278644 -0.559611 -0.019879
v 0.278624 -0.559453 -0.019672
v 0.278610 -0.559333 -0.019440
v 0.278600 -0.559254 -0.019191
v 0.278596 -0.559220 -0.018932
v 0.278597 -0.559231 -0.018671
v 0.278604 -0.559286 -0.018415
v 0.278616 -0.559385 -0.018174
v 0.278633 -0.559524 -0.017953
v 0.278655 -0.559699 -0.017760
v 0.278680 -0.559905 -0.017600
v 0.278708 -0.560135 -0.017479
v 0.278739 -0.560382 -0.017400
v 0.278770 -0.560639 -0.017365
v 0.278802 -0.560899 -0.017376
v 0.278833 -0.561152 -0.017432
v 0.278863 -0.561392 -0.017532
v 0.274724 -0.560509 -0.020195
v 0.274892 -0.561879 -0.017532
v 0.274863 -0.561639 -0.017432
v 0.274832 -0.561386 -0.017376
v 0.274800 -0.561127 -0.017365
v 0.274768 -0.560869 -0.017400
v 0.274738 -0.560622 -0.017479
v 0.274710 -0.560392 -0.017600
v 0.274685 -0.560187 -0.017760
v 0.274663 -0.560012 -0.017953
v 0.274646 -0.559873 -0.018174
v 0.274634 -0.559774 -0.018415
v 0.274627 -0.559718 -0.018671
v 0.274626 -0.559707 -0.018932
v 0.274630 -0.559742 -0.019191
v 0.274640 -0.559820 -0.019440
v 0.274654 -0.559940 -0.019672
v 0.274674 -0.560099 -0.019879
v 0.274697 -0.560290 -0.020055
v 0.282178 -0.588395 -0.077541
v 0.281774 -0.585104 -0.082767
v 0.281266 -0.580964 -0.087337
v 0.280668 -0.576098 -0.091113
v 0.280000 -0.570655 -0.093981
v 0.279281 -0.564801 -0.095853
v 0.278534 -0.558713 -0.096672
v 0.277780 -0.552577 -0.096414
v 0.277044 -0.546578 -0.095086
v 0.276346 -0.540899 -0.092729
v 0.275710 -0.535713 -0.089414
v 0.275153 -0.531177 -0.085242
v 0.274692 -0.527428 -0.080340
v 0.274343 -0.524582 -0.074856
v 0.274115 -0.522724 -0.068958
v 0.274015 -0.521911 -0.062824
v 0.274046 -0.522167 -0.056642
v 0.274208 -0.523485 -0.050598
v 0.274495 -0.525825 -0.044876
v 0.285116 -0.524521 -0.044876
v 0.286967 -0.539595 -0.092729
v 0.286330 -0.534409 -0.089414
v 0.285773 -0.529873 -0.085242
v 0.285313 -0.526124 -0.080340
v 0.284963 -0.523278 -0.074856
v 0.284735 -0.521420 -0.068958
v 0.284635 -0.520607 -0.062824
v 0.284667 -0.520863 -0.056642
v 0.284828 -0.522181 -0.050598
v 0.287463 -0.539534 -0.092729
v 0.291444 -0.571956 -0.029689
v 0.292081 -0.577142 -0.033004
v 0.292638 -0.581678 -0.037176
v 0.293098 -0.585426 -0.042078
v 0.293447 -0.588273 -0.047562
v 0.293675 -0.590131 -0.053460
v 0.293775 -0.590944 -0.059593
v 0.293744 -0.590687 -0.065776
v 0.293582 -0.589369 -0.071820
v 0.293295 -0.587030 -0.077541
v 0.292891 -0.583740 -0.082767
v 0.292382 -0.579599 -0.087337
v 0.291785 -0.574733 -0.091113
v 0.291116 -0.569290 -0.093981
v 0.290398 -0.563436 -0.095853
v 0.289650 -0.557348 -0.096672
v 0.288897 -0.551212 -0.096414
v 0.288160 -0.545213 -0.095086
v 0.283503 -0.572931 -0.029689
v 0.285189 -0.586656 -0.042486
v 0.284850 -0.583899 -0.038616
v 0.284451 -0.580652 -0.035153
v 0.284000 -0.576974 -0.032160
v 0.292633 -0.585742 -0.042486
v 0.292970 -0.588485 -0.047933
v 0.293187 -0.590260 -0.053774
v 0.293280 -0.591015 -0.059834
v 0.293245 -0.590728 -0.065935
v 0.293083 -0.589406 -0.071897
v 0.292798 -0.587091 -0.077541
v 0.286725 -0.533523 -0.033659
v 0.290853 -0.567148 -0.027619
v 0.285612 -0.524460 -0.044876
v 0.285919 -0.526963 -0.040731
v 0.286293 -0.530003 -0.036969
v 0.287463 -0.539534 -0.092729
v 0.286826 -0.534348 -0.089414
v 0.286269 -0.529812 -0.085242
v 0.285809 -0.526064 -0.080340
v 0.285459 -0.523217 -0.074856
v 0.285231 -0.521359 -0.068958
v 0.285131 -0.520546 -0.062824
v 0.285163 -0.520802 -0.056642
v 0.285325 -0.522120 -0.050598
v 0.291444 -0.571956 -0.029689
v 0.292081 -0.577142 -0.033004
v 0.292638 -0.581678 -0.037176
v 0.293098 -0.585426 -0.042078
v 0.293447 -0.588273 -0.047562
v 0.293675 -0.590131 -0.053460
v 0.293775 -0.590944 -0.059593
v 0.293744 -0.590687 -0.065776
v 0.293582 -0.589369 -0.071820
v 0.293295 -0.587030 -0.077541
v 0.292891 -0.583740 -0.082767
v 0.292382 -0.579599 -0.087337
v 0.291785 -0.574733 -0.091113
v 0.291116 -0.569290 -0.093981
v 0.290398 -0.563436 -0.095853
v 0.289650 -0.557348 -0.096672
v 0.288897 -0.551212 -0.096414
v 0.288160 -0.545213 -0.095086
v 0.291054 -0.568784 -0.028229
v 0.291251 -0.570388 -0.028919
v 0.290853 -0.567148 -0.027619
v 0.282913 -0.568123 -0.027619
v 0.278784 -0.534498 -0.033659
v 0.286725 -0.533523 -0.033659
v 0.282913 -0.568123 -0.027619
v 0.278784 -0.534498 -0.033659
v 0.282206 -0.562365 -0.026167
v 0.281479 -0.556446 -0.025710
v 0.280754 -0.550536 -0.026260
v 0.280049 -0.544801 -0.027802
v 0.279387 -0.539404 -0.030292
v 0.285612 -0.524460 -0.044876
v 0.285116 -0.524521 -0.044876
v 0.287463 -0.539534 -0.092729
v 0.286826 -0.534348 -0.089414
v 0.286269 -0.529812 -0.085242
v 0.285809 -0.526064 -0.080340
v 0.285459 -0.523217 -0.074856
v 0.285231 -0.521359 -0.068958
v 0.285131 -0.520546 -0.062824
v 0.285163 -0.520802 -0.056642
v 0.285325 -0.522120 -0.050598
v 0.286967 -0.539595 -0.092729
v 0.286330 -0.534409 -0.089414
v 0.285773 -0.529873 -0.085242
v 0.285313 -0.526124 -0.080340
v 0.284963 -0.523278 -0.074856
v 0.284735 -0.521420 -0.068958
v 0.284635 -0.520607 -0.062824
v 0.284667 -0.520863 -0.056642
v 0.284828 -0.522181 -0.050598
v 0.273089 -0.514369 -0.038895
v 0.272538 -0.513989 -0.038665
v 0.283143 -0.600353 -0.083752
v 0.283522 -0.603447 -0.076284
v 0.283747 -0.605278 -0.068404
v 0.283811 -0.605798 -0.060329
v 0.283712 -0.604991 -0.052277
v 0.283453 -0.602879 -0.044469
v 0.283040 -0.599521 -0.037117
v 0.282486 -0.595008 -0.030423
v 0.281805 -0.589462 -0.024568
v 0.281016 -0.583036 -0.019713
v 0.280141 -0.575904 -0.015990
v 0.279202 -0.568261 -0.013500
v 0.278227 -0.560316 -0.012311
v 0.277241 -0.552285 -0.012457
v 0.276271 -0.544387 -0.013932
v 0.275344 -0.536838 -0.016697
v 0.274485 -0.529843 -0.020676
v 0.273718 -0.523594 -0.025760
v 0.273063 -0.518261 -0.031812
v 0.283585 -0.599851 -0.083522
v 0.283977 -0.603048 -0.075706
v 0.284198 -0.604848 -0.067449
v 0.284241 -0.605198 -0.059002
v 0.284105 -0.604088 -0.050622
v 0.283793 -0.601549 -0.042564
v 0.283316 -0.597661 -0.035073
v 0.282687 -0.592540 -0.028375
v 0.281926 -0.586343 -0.022676
v 0.281056 -0.579257 -0.018147
v 0.280104 -0.571499 -0.014926
v 0.279097 -0.563303 -0.013112
v 0.278068 -0.554919 -0.012759
v 0.277047 -0.546602 -0.013878
v 0.276065 -0.538604 -0.016436
v 0.275152 -0.531168 -0.020354
v 0.274335 -0.524521 -0.025513
v 0.273641 -0.518864 -0.031757
v 0.283585 -0.599851 -0.083522
v 0.283977 -0.603048 -0.075706
v 0.284198 -0.604848 -0.067449
v 0.284241 -0.605198 -0.059002
v 0.284105 -0.604088 -0.050622
v 0.283793 -0.601549 -0.042564
v 0.283316 -0.597661 -0.035073
v 0.282687 -0.592540 -0.028375
v 0.281926 -0.586343 -0.022676
v 0.281056 -0.579257 -0.018147
v 0.280104 -0.571499 -0.014926
v 0.279097 -0.563303 -0.013112
v 0.278068 -0.554919 -0.012759
v 0.277047 -0.546602 -0.013878
v 0.276065 -0.538604 -0.016436
v 0.275152 -0.531168 -0.020354
v 0.274335 -0.524521 -0.025513
v 0.273641 -0.518864 -0.031757
v 0.273089 -0.514369 -0.038895
v 0.272696 -0.511172 -0.046712
v 0.272475 -0.509371 -0.054969
v 0.272432 -0.509021 -0.063416
v 0.272569 -0.510132 -0.071796
v 0.272880 -0.512671 -0.079854
v 0.273358 -0.516559 -0.087345
v 0.273987 -0.521680 -0.094042
v 0.274747 -0.527877 -0.099742
v 0.275617 -0.534963 -0.104271
v 0.276570 -0.542721 -0.107492
v 0.277576 -0.550917 -0.109306
v 0.278606 -0.559300 -0.109659
v 0.279627 -0.567618 -0.108539
v 0.280609 -0.575616 -0.105982
v 0.281522 -0.583051 -0.102064
v 0.282338 -0.589699 -0.096905
v 0.283033 -0.595356 -0.090661
v 0.275055 -0.530384 -0.030133
v 0.275024 -0.530131 -0.030190
v 0.274992 -0.529872 -0.030202
v 0.274961 -0.529615 -0.030169
v 0.274930 -0.529367 -0.030091
v 0.274902 -0.529136 -0.029970
v 0.274877 -0.528930 -0.029811
v 0.274855 -0.528755 -0.029619
v 0.274838 -0.528615 -0.029399
v 0.274826 -0.528515 -0.029157
v 0.274819 -0.528458 -0.028902
v 0.274817 -0.528446 -0.028641
v 0.274821 -0.528480 -0.028382
v 0.274831 -0.528557 -0.028132
v 0.274846 -0.528677 -0.027900
v 0.274865 -0.528834 -0.027692
v 0.274888 -0.529025 -0.027515
v 0.274915 -0.529244 -0.027374
v 0.274945 -0.529484 -0.027274
v 0.274976 -0.529737 -0.027217
v 0.275008 -0.529996 -0.027205
v 0.275039 -0.530254 -0.027239
v 0.275070 -0.530501 -0.027317
v 0.275098 -0.530732 -0.027437
v 0.275123 -0.530938 -0.027596
v 0.275145 -0.531113 -0.027788
v 0.275162 -0.531253 -0.028009
v 0.275174 -0.531353 -0.028250
v 0.275181 -0.531410 -0.028505
v 0.275183 -0.531422 -0.028766
v 0.275179 -0.531388 -0.029026
v 0.275169 -0.531311 -0.029275
v 0.275154 -0.531191 -0.029507
v 0.275135 -0.531034 -0.029715
v 0.275112 -0.530843 -0.029892
v 0.275085 -0.530624 -0.030033
v 0.273339 -0.516402 -0.058275
v 0.273321 -0.516263 -0.058496
v 0.273300 -0.516088 -0.058689
v 0.273275 -0.515883 -0.058848
v 0.273246 -0.515653 -0.058969
v 0.273216 -0.515405 -0.059049
v 0.273185 -0.515148 -0.059083
v 0.273153 -0.514889 -0.059072
v 0.273122 -0.514635 -0.059016
v 0.273092 -0.514395 -0.058917
v 0.273065 -0.514176 -0.058776
v 0.273042 -0.513985 -0.058600
v 0.273022 -0.513826 -0.058393
v 0.273007 -0.513706 -0.058161
v 0.272998 -0.513627 -0.057912
v 0.272994 -0.513593 -0.057653
v 0.272995 -0.513604 -0.057392
v 0.273002 -0.513660 -0.057136
v 0.273014 -0.513758 -0.056895
v 0.273031 -0.513897 -0.056674
v 0.273052 -0.514072 -0.056481
v 0.273078 -0.514278 -0.056321
v 0.273106 -0.514508 -0.056200
v 0.273136 -0.514755 -0.056121
v 0.273168 -0.515013 -0.056086
v 0.273200 -0.515272 -0.056097
v 0.273231 -0.515525 -0.056153
v 0.273260 -0.515765 -0.056253
v 0.273287 -0.515984 -0.056393
v 0.273311 -0.516176 -0.056569
v 0.273330 -0.516334 -0.056776
v 0.273345 -0.516455 -0.057008
v 0.273355 -0.516533 -0.057257
v 0.273359 -0.516568 -0.057516
v 0.273357 -0.516557 -0.057778
v 0.273351 -0.516501 -0.058033
v 0.274550 -0.526266 -0.088135
v 0.274557 -0.526323 -0.088390
v 0.274558 -0.526334 -0.088651
v 0.274554 -0.526301 -0.088911
v 0.274544 -0.526223 -0.089160
v 0.274530 -0.526104 -0.089392
v 0.274510 -0.525946 -0.089600
v 0.274487 -0.525755 -0.089777
v 0.274460 -0.525537 -0.089918
v 0.274431 -0.525297 -0.090019
v 0.274400 -0.525044 -0.090076
v 0.274368 -0.524785 -0.090087
v 0.274336 -0.524527 -0.090054
v 0.274306 -0.524280 -0.089976
v 0.274277 -0.524049 -0.089855
v 0.274252 -0.523843 -0.089697
v 0.274231 -0.523667 -0.089504
v 0.274213 -0.523528 -0.089284
v 0.274201 -0.523428 -0.089043
v 0.274194 -0.523371 -0.088787
v 0.274193 -0.523359 -0.088526
v 0.274197 -0.523393 -0.088267
v 0.274206 -0.523470 -0.088017
v 0.274221 -0.523590 -0.087785
v 0.274240 -0.523747 -0.087577
v 0.274264 -0.523938 -0.087400
v 0.274291 -0.524157 -0.087260
v 0.274320 -0.524397 -0.087159
v 0.274351 -0.524650 -0.087102
v 0.274383 -0.524909 -0.087090
v 0.274415 -0.525166 -0.087124
v 0.274445 -0.525414 -0.087202
v 0.274473 -0.525644 -0.087322
v 0.274499 -0.525851 -0.087481
v 0.274520 -0.526026 -0.087673
v 0.274537 -0.526166 -0.087894
v 0.277979 -0.554198 -0.102222
v 0.278006 -0.554417 -0.102362
v 0.278030 -0.554609 -0.102539
v 0.278049 -0.554767 -0.102746
v 0.278064 -0.554887 -0.102977
v 0.278074 -0.554966 -0.103227
v 0.278078 -0.555000 -0.103486
v 0.278076 -0.554989 -0.103747
v 0.278070 -0.554933 -0.104002
v 0.278057 -0.554835 -0.104244
v 0.278040 -0.554696 -0.104465
v 0.278019 -0.554521 -0.104658
v 0.277994 -0.554315 -0.104818
v 0.277965 -0.554085 -0.104939
v 0.277935 -0.553838 -0.105018
v 0.277903 -0.553580 -0.105053
v 0.277872 -0.553321 -0.105042
v 0.277840 -0.553068 -0.104985
v 0.277811 -0.552828 -0.104886
v 0.277784 -0.552609 -0.104746
v 0.277761 -0.552417 -0.104570
v 0.277741 -0.552259 -0.104362
v 0.277726 -0.552138 -0.104131
v 0.277717 -0.552060 -0.103881
v 0.277713 -0.552025 -0.103622
v 0.277714 -0.552036 -0.103361
v 0.277721 -0.552092 -0.103106
v 0.277733 -0.552191 -0.102864
v 0.277750 -0.552330 -0.102643
v 0.277771 -0.552505 -0.102450
v 0.277797 -0.552710 -0.102290
v 0.277825 -0.552940 -0.102169
v 0.277855 -0.553188 -0.102090
v 0.277887 -0.553445 -0.102056
v 0.277919 -0.553704 -0.102067
v 0.277950 -0.553958 -0.102123
v 0.281618 -0.583835 -0.092284
v 0.281649 -0.584089 -0.092227
v 0.281681 -0.584348 -0.092215
v 0.281713 -0.584605 -0.092249
v 0.281743 -0.584853 -0.092327
v 0.281771 -0.585083 -0.092447
v 0.281797 -0.585289 -0.092606
v 0.281818 -0.585465 -0.092799
v 0.281836 -0.585605 -0.093019
v 0.281848 -0.585705 -0.093260
v 0.281855 -0.585761 -0.093515
v 0.281856 -0.585773 -0.093777
v 0.281852 -0.585740 -0.094036
v 0.281843 -0.585662 -0.094285
v 0.281828 -0.585543 -0.094518
v 0.281809 -0.585385 -0.094725
v 0.281785 -0.585194 -0.094902
v 0.281758 -0.584976 -0.095043
v 0.281729 -0.584736 -0.095144
v 0.281698 -0.584483 -0.095201
v 0.281666 -0.584224 -0.095213
v 0.281634 -0.583966 -0.095179
v 0.281604 -0.583719 -0.095101
v 0.281576 -0.583488 -0.094981
v 0.281550 -0.583282 -0.094822
v 0.281529 -0.583106 -0.094629
v 0.281512 -0.582966 -0.094409
v 0.281499 -0.582867 -0.094168
v 0.281492 -0.582810 -0.093913
v 0.281491 -0.582798 -0.093651
v 0.281495 -0.582832 -0.093392
v 0.281505 -0.582909 -0.093143
v 0.281519 -0.583029 -0.092911
v 0.281539 -0.583186 -0.092703
v 0.281562 -0.583377 -0.092526
v 0.281589 -0.583596 -0.092385
v 0.283335 -0.597818 -0.064143
v 0.283352 -0.597957 -0.063922
v 0.283374 -0.598132 -0.063729
v 0.283399 -0.598337 -0.063569
v 0.283427 -0.598567 -0.063448
v 0.283457 -0.598814 -0.063369
v 0.283489 -0.599072 -0.063335
v 0.283521 -0.599331 -0.063345
v 0.283552 -0.599584 -0.063402
v 0.283581 -0.599824 -0.063501
v 0.283608 -0.600044 -0.063641
v 0.283632 -0.600235 -0.063818
v 0.283651 -0.600394 -0.064025
v 0.283666 -0.600514 -0.064256
v 0.283676 -0.600592 -0.064506
v 0.283680 -0.600627 -0.064765
v 0.283679 -0.600616 -0.065026
v 0.283672 -0.600560 -0.065281
v 0.283660 -0.600461 -0.065523
v 0.283643 -0.600322 -0.065744
v 0.283621 -0.600147 -0.065937
v 0.283596 -0.599942 -0.066097
v 0.283568 -0.599712 -0.066218
v 0.283537 -0.599464 -0.066297
v 0.283506 -0.599207 -0.066331
v 0.283474 -0.598948 -0.066321
v 0.283443 -0.598694 -0.066264
v 0.283413 -0.598454 -0.066165
v 0.283386 -0.598235 -0.066025
v 0.283363 -0.598044 -0.065848
v 0.283343 -0.597885 -0.065641
v 0.283329 -0.597765 -0.065410
v 0.283319 -0.597687 -0.065160
v 0.283315 -0.597652 -0.064901
v 0.283316 -0.597663 -0.064640
v 0.283323 -0.597719 -0.064385
v 0.282124 -0.587954 -0.034283
v 0.282117 -0.587897 -0.034028
v 0.282116 -0.587885 -0.033766
v 0.282120 -0.587919 -0.033507
v 0.282129 -0.587996 -0.033258
v 0.282144 -0.588116 -0.033025
v 0.282163 -0.588273 -0.032818
v 0.282187 -0.588464 -0.032641
v 0.282213 -0.588683 -0.032500
v 0.282243 -0.588922 -0.032399
v 0.282274 -0.589176 -0.032342
v 0.282306 -0.589435 -0.032330
v 0.282337 -0.589692 -0.032364
v 0.282368 -0.589940 -0.032442
v 0.282396 -0.590170 -0.032562
v 0.282421 -0.590377 -0.032721
v 0.282443 -0.590552 -0.032914
v 0.282460 -0.590692 -0.033134
v 0.282472 -0.590792 -0.033375
v 0.282479 -0.590848 -0.033630
v 0.282481 -0.590860 -0.033892
v 0.282477 -0.590827 -0.034151
v 0.282467 -0.590749 -0.034400
v 0.282453 -0.590630 -0.034632
v 0.282433 -0.590472 -0.034840
v 0.282410 -0.590281 -0.035017
v 0.282383 -0.590063 -0.035158
v 0.282353 -0.589823 -0.035259
v 0.282322 -0.589570 -0.035316
v 0.282291 -0.589311 -0.035328
v 0.282259 -0.589053 -0.035294
v 0.282229 -0.588806 -0.035216
v 0.282200 -0.588575 -0.035096
v 0.282175 -0.588369 -0.034937
v 0.282153 -0.588193 -0.034744
v 0.282136 -0.588053 -0.034524
v 0.278694 -0.560022 -0.020195
v 0.278667 -0.559803 -0.020055
v 0.278644 -0.559611 -0.019879
v 0.278624 -0.559453 -0.019672
v 0.278610 -0.559333 -0.019440
v 0.278600 -0.559254 -0.019191
v 0.278596 -0.559220 -0.018932
v 0.278597 -0.559231 -0.018671
v 0.278604 -0.559286 -0.018415
v 0.278616 -0.559385 -0.018174
v 0.278633 -0.559524 -0.017953
v 0.278655 -0.559699 -0.017760
v 0.278680 -0.559905 -0.017600
v 0.278708 -0.560135 -0.017479
v 0.278739 -0.560382 -0.017400
v 0.278770 -0.560639 -0.017365
v 0.278802 -0.560899 -0.017376
v 0.278833 -0.561152 -0.017432
v 0.278863 -0.561392 -0.017532
v 0.278889 -0.561611 -0.017672
v 0.278913 -0.561803 -0.017848
v 0.278932 -0.561961 -0.018055
v 0.278947 -0.562081 -0.018287
v 0.278957 -0.562160 -0.018536
v 0.278961 -0.562194 -0.018795
v 0.278960 -0.562183 -0.019057
v 0.278953 -0.562128 -0.019312
v 0.278941 -0.562029 -0.019554
v 0.278924 -0.561890 -0.019775
v 0.278902 -0.561715 -0.019968
v 0.278877 -0.561509 -0.020127
v 0.278849 -0.561279 -0.020248
v 0.278818 -0.561032 -0.020327
v 0.278787 -0.560775 -0.020362
v 0.278755 -0.560515 -0.020351
v 0.278724 -0.560262 -0.020295
v 0.274495 -0.525825 -0.044876
v 0.274899 -0.529115 -0.039651
v 0.275408 -0.533256 -0.035081
v 0.276005 -0.538122 -0.031305
v 0.276674 -0.543564 -0.028437
v 0.277392 -0.549419 -0.026565
v 0.278140 -0.555506 -0.025746
v 0.278893 -0.561643 -0.026004
v 0.279630 -0.567642 -0.027332
v 0.280327 -0.573321 -0.029689
v 0.280964 -0.578507 -0.033004
v 0.281521 -0.583043 -0.037176
v 0.281981 -0.586791 -0.042078
v 0.282331 -0.589638 -0.047562
v 0.282559 -0.591496 -0.053460
v 0.282659 -0.592309 -0.059593
v 0.282627 -0.592052 -0.065776
v 0.282465 -0.590734 -0.071820
v 0.282178 -0.588395 -0.077541
v 0.281774 -0.585104 -0.082767
v 0.281266 -0.580964 -0.087337
v 0.280668 -0.576098 -0.091113
v 0.280000 -0.570655 -0.093981
v 0.279281 -0.564801 -0.095853
v 0.278534 -0.558713 -0.096672
v 0.277780 -0.552577 -0.096414
v 0.277044 -0.546578 -0.095086
v 0.276346 -0.540899 -0.092729
v 0.275710 -0.535713 -0.089414
v 0.275153 -0.531177 -0.085242
v 0.274692 -0.527428 -0.080340
v 0.274343 -0.524582 -0.074856
v 0.274115 -0.522724 -0.068958
v 0.274015 -0.521911 -0.062824
v 0.274046 -0.522167 -0.056642
v 0.274208 -0.523485 -0.050598
v 0.283585 -0.599851 -0.083522
v 0.283143 -0.600353 -0.083752
v 0.272538 -0.513989 -0.038665
v 0.272159 -0.510895 -0.046134
v 0.271934 -0.509063 -0.054013
v 0.271870 -0.508544 -0.062089
v 0.271969 -0.509351 -0.070141
v 0.272228 -0.511462 -0.077949
v 0.272641 -0.514821 -0.085301
v 0.273195 -0.519334 -0.091995
v 0.273876 -0.524879 -0.097850
v 0.274665 -0.531306 -0.102705
v 0.275540 -0.538438 -0.106428
v 0.276479 -0.546081 -0.108918
v 0.277454 -0.554026 -0.110106
v 0.278440 -0.562057 -0.109961
v 0.279410 -0.569955 -0.108486
v 0.280337 -0.577504 -0.105721
v 0.281196 -0.584499 -0.101742
v 0.281963 -0.590748 -0.096657
v 0.282618 -0.596081 -0.090606
v 0.273089 -0.514369 -0.038895
v 0.272696 -0.511172 -0.046712
v 0.272475 -0.509371 -0.054969
v 0.272432 -0.509021 -0.063416
v 0.272569 -0.510132 -0.071796
v 0.272880 -0.512671 -0.079854
v 0.273358 -0.516559 -0.087345
v 0.273987 -0.521680 -0.094042
v 0.274747 -0.527877 -0.099742
v 0.275617 -0.534963 -0.104271
v 0.276570 -0.542721 -0.107492
v 0.277576 -0.550917 -0.109306
v 0.278606 -0.559300 -0.109659
v 0.279627 -0.567618 -0.108539
v 0.280609 -0.575616 -0.105982
v 0.281522 -0.583051 -0.102064
v 0.282338 -0.589699 -0.096905
v 0.283033 -0.595356 -0.090661
v 0.241753 -0.605435 -0.083752
v 0.241203 -0.605055 -0.083522
v 0.240651 -0.600560 -0.090661
v 0.239956 -0.594903 -0.096905
v 0.239140 -0.588255 -0.102064
v 0.238227 -0.580819 -0.105982
v 0.237245 -0.572822 -0.108539
v 0.236224 -0.564504 -0.109659
v 0.235195 -0.556121 -0.109306
v 0.234188 -0.547925 -0.107492
v 0.233236 -0.540167 -0.104271
v 0.232366 -0.533081 -0.099742
v 0.231605 -0.526884 -0.094042
v 0.230976 -0.521763 -0.087345
v 0.230499 -0.517874 -0.079854
v 0.230187 -0.515336 -0.071796
v 0.230051 -0.514225 -0.063416
v 0.230094 -0.514575 -0.054969
v 0.230315 -0.516376 -0.046712
v 0.230707 -0.519572 -0.038895
v 0.231149 -0.519071 -0.038665
v 0.241229 -0.601163 -0.090606
v 0.240574 -0.595830 -0.096657
v 0.239807 -0.589581 -0.101742
v 0.238948 -0.582586 -0.105721
v 0.238021 -0.575037 -0.108486
v 0.237051 -0.567139 -0.109961
v 0.236065 -0.559108 -0.110106
v 0.235090 -0.551162 -0.108918
v 0.234151 -0.543520 -0.106428
v 0.233276 -0.536388 -0.102705
v 0.232486 -0.529961 -0.097850
v 0.231806 -0.524416 -0.091995
v 0.231251 -0.519902 -0.085301
v 0.230839 -0.516544 -0.077949
v 0.230580 -0.514433 -0.070141
v 0.230481 -0.513626 -0.062089
v 0.230544 -0.514145 -0.054013
v 0.230769 -0.515977 -0.046134
v 0.231149 -0.519071 -0.038665
v 0.272538 -0.513989 -0.038665
v 0.272159 -0.510895 -0.046134
v 0.271934 -0.509063 -0.054013
v 0.271870 -0.508544 -0.062089
v 0.271969 -0.509351 -0.070141
v 0.272228 -0.511462 -0.077949
v 0.272641 -0.514821 -0.085301
v 0.273195 -0.519334 -0.091995
v 0.273876 -0.524879 -0.097850
v 0.274665 -0.531306 -0.102705
v 0.275540 -0.538438 -0.106428
v 0.276479 -0.546081 -0.108918
v 0.277454 -0.554026 -0.110106
v 0.278440 -0.562057 -0.109961
v 0.279410 -0.569955 -0.108486
v 0.280337 -0.577504 -0.105721
v 0.281196 -0.584499 -0.101742
v 0.281963 -0.590748 -0.096657
v 0.282618 -0.596081 -0.090606
v 0.283143 -0.600353 -0.083752
v 0.241753 -0.605435 -0.083752
v 0.241229 -0.601163 -0.090606
v 0.240574 -0.595830 -0.096657
v 0.239807 -0.589581 -0.101742
v 0.238948 -0.582586 -0.105721
v 0.238021 -0.575037 -0.108486
v 0.237051 -0.567139 -0.109961
v 0.236065 -0.559108 -0.110106
v 0.235090 -0.551162 -0.108918
v 0.234151 -0.543520 -0.106428
v 0.233276 -0.536388 -0.102705
v 0.232486 -0.529961 -0.097850
v 0.231806 -0.524416 -0.091995
v 0.231251 -0.519902 -0.085301
v 0.230839 -0.516544 -0.077949
v 0.230580 -0.514433 -0.070141
v 0.230481 -0.513626 -0.062089
v 0.230544 -0.514145 -0.054013
v 0.230769 -0.515977 -0.046134
v 0.241753 -0.605435 -0.083752
v 0.283143 -0.600353 -0.083752
v 0.283522 -0.603447 -0.076284
v 0.283747 -0.605278 -0.068404
v 0.283811 -0.605798 -0.060329
v 0.283712 -0.604991 -0.052277
v 0.283453 -0.602879 -0.044469
v 0.283040 -0.599521 -0.037117
v 0.282486 -0.595008 -0.030423
v 0.281805 -0.589462 -0.024568
v 0.281016 -0.583036 -0.019713
v 0.280141 -0.575904 -0.015990
v 0.279202 -0.568261 -0.013500
v 0.278227 -0.560316 -0.012311
v 0.277241 -0.552285 -0.012457
v 0.276271 -0.544387 -0.013932
v 0.275344 -0.536838 -0.016697
v 0.274485 -0.529843 -0.020676
v 0.273718 -0.523594 -0.025760
v 0.273063 -0.518261 -0.031812
v 0.272538 -0.513989 -0.038665
v 0.231149 -0.519071 -0.038665
v 0.231707 -0.523612 -0.031453
v 0.232409 -0.529328 -0.025145
v 0.233233 -0.536044 -0.019932
v 0.234156 -0.543556 -0.015974
v 0.235148 -0.551637 -0.013390
v 0.236180 -0.560040 -0.012260
v 0.237220 -0.568510 -0.012616
v 0.238236 -0.576790 -0.014449
v 0.239199 -0.584628 -0.017703
v 0.240078 -0.591787 -0.022278
v 0.240846 -0.598048 -0.028037
v 0.241482 -0.603221 -0.034803
v 0.241964 -0.607150 -0.042372
v 0.242279 -0.609715 -0.050513
v 0.242417 -0.610837 -0.058979
v 0.242373 -0.610483 -0.067513
v 0.242150 -0.608664 -0.075855
v 0.231149 -0.519071 -0.038665
v 0.230707 -0.519572 -0.038895
v 0.231259 -0.524068 -0.031757
v 0.231954 -0.529725 -0.025513
v 0.232770 -0.536372 -0.020354
v 0.233683 -0.543808 -0.016436
v 0.234665 -0.551806 -0.013878
v 0.235686 -0.560123 -0.012759
v 0.236715 -0.568507 -0.013112
v 0.237722 -0.576702 -0.014926
v 0.238674 -0.584461 -0.018147
v 0.239544 -0.591546 -0.022676
v 0.240305 -0.597744 -0.028375
v 0.240934 -0.602864 -0.035073
v 0.241412 -0.606753 -0.042564
v 0.241723 -0.609291 -0.050622
v 0.241860 -0.610402 -0.059002
v 0.241817 -0.610052 -0.067449
v 0.241596 -0.608251 -0.075706
v 0.241203 -0.605055 -0.083522
v 0.241753 -0.605435 -0.083752
v 0.231707 -0.523612 -0.031453
v 0.232409 -0.529328 -0.025145
v 0.233233 -0.536044 -0.019932
v 0.234156 -0.543556 -0.015974
v 0.235148 -0.551637 -0.013390
v 0.236180 -0.560040 -0.012260
v 0.237220 -0.568510 -0.012616
v 0.238236 -0.576790 -0.014449
v 0.239199 -0.584628 -0.017703
v 0.240078 -0.591787 -0.022278
v 0.240846 -0.598048 -0.028037
v 0.241482 -0.603221 -0.034803
v 0.241964 -0.607150 -0.042372
v 0.242279 -0.609715 -0.050513
v 0.242417 -0.610837 -0.058979
v 0.242373 -0.610483 -0.067513
v 0.242150 -0.608664 -0.075855
v 0.241203 -0.605055 -0.083522
v 0.240651 -0.600560 -0.090661
v 0.239956 -0.594903 -0.096905
v 0.239140 -0.588255 -0.102064
v 0.238227 -0.580819 -0.105982
v 0.237245 -0.572822 -0.108539
v 0.236224 -0.564504 -0.109659
v 0.235195 -0.556121 -0.109306
v 0.234188 -0.547925 -0.107492
v 0.233236 -0.540167 -0.104271
v 0.232366 -0.533081 -0.099742
v 0.231605 -0.526884 -0.094042
v 0.230976 -0.521763 -0.087345
v 0.230499 -0.517874 -0.079854
v 0.230187 -0.515336 -0.071796
v 0.230051 -0.514225 -0.063416
v 0.230094 -0.514575 -0.054969
v 0.230315 -0.516376 -0.046712
v 0.230707 -0.519572 -0.038895
v 0.231259 -0.524068 -0.031757
v 0.231954 -0.529725 -0.025513
v 0.232770 -0.536372 -0.020354
v 0.233683 -0.543808 -0.016436
v 0.234665 -0.551806 -0.013878
v 0.235686 -0.560123 -0.012759
v 0.236715 -0.568507 -0.013112
v 0.237722 -0.576702 -0.014926
v 0.238674 -0.584461 -0.018147
v 0.239544 -0.591546 -0.022676
v 0.240305 -0.597744 -0.028375
v 0.240934 -0.602864 -0.035073
v 0.241412 -0.606753 -0.042564
v 0.241723 -0.609291 -0.050622
v 0.241860 -0.610402 -0.059002
v 0.241817 -0.610052 -0.067449
v 0.241596 -0.608251 -0.075706
v 0.240283 -0.597564 -0.079612
v 0.240607 -0.600200 -0.073165
v 0.240789 -0.601686 -0.066355
v 0.240825 -0.601974 -0.059389
v 0.240712 -0.601058 -0.052478
v 0.240455 -0.598965 -0.045832
v 0.240061 -0.595758 -0.039653
v 0.239543 -0.591534 -0.034130
v 0.238915 -0.586423 -0.029429
v 0.238198 -0.580579 -0.025694
v 0.237412 -0.574181 -0.023038
v 0.236582 -0.567421 -0.021541
v 0.235733 -0.560507 -0.021250
v 0.234891 -0.553647 -0.022173
v 0.234081 -0.547051 -0.024283
v 0.233328 -0.540919 -0.027514
v 0.232655 -0.535436 -0.031769
v 0.232082 -0.530770 -0.036918
v 0.231627 -0.527063 -0.042806
v 0.231303 -0.524427 -0.049253
v 0.231121 -0.522942 -0.056063
v 0.231085 -0.522653 -0.063029
v 0.231198 -0.523569 -0.069940
v 0.231455 -0.525663 -0.076586
v 0.231849 -0.528870 -0.082765
v 0.232367 -0.533093 -0.088288
v 0.232995 -0.538204 -0.092989
v 0.233712 -0.544048 -0.096724
v 0.234498 -0.550447 -0.099380
v 0.235328 -0.557206 -0.100876
v 0.236177 -0.564120 -0.101167
v 0.237019 -0.570980 -0.100244
v 0.237829 -0.577576 -0.098135
v 0.238582 -0.583709 -0.094904
v 0.239255 -0.589191 -0.090649
v 0.239828 -0.593857 -0.085499
v 0.241069 -0.603962 -0.046318
v 0.241039 -0.603723 -0.046418
v 0.241013 -0.603504 -0.046559
v 0.240989 -0.603313 -0.046736
v 0.240970 -0.603155 -0.046944
v 0.240955 -0.603036 -0.047176
v 0.240946 -0.602958 -0.047425
v 0.240942 -0.602925 -0.047685
v 0.240943 -0.602937 -0.047946
v 0.240950 -0.602994 -0.048201
v 0.240962 -0.603093 -0.048442
v 0.240979 -0.603233 -0.048663
v 0.241001 -0.603409 -0.048855
v 0.241026 -0.603615 -0.049014
v 0.241055 -0.603845 -0.049134
v 0.241085 -0.604093 -0.049212
v 0.241117 -0.604350 -0.049246
v 0.241148 -0.604610 -0.049234
v 0.241179 -0.604863 -0.049177
v 0.241209 -0.605103 -0.049077
v 0.241236 -0.605321 -0.048936
v 0.241259 -0.605512 -0.048759
v 0.241279 -0.605670 -0.048551
v 0.241293 -0.605789 -0.048319
v 0.241303 -0.605867 -0.048069
v 0.241307 -0.605900 -0.047810
v 0.241305 -0.605888 -0.047549
v 0.241298 -0.605832 -0.047294
v 0.241286 -0.605732 -0.047052
v 0.241269 -0.605592 -0.046832
v 0.241247 -0.605416 -0.046639
v 0.241222 -0.605210 -0.046481
v 0.241194 -0.604980 -0.046360
v 0.241163 -0.604732 -0.046282
v 0.241132 -0.604475 -0.046249
v 0.241100 -0.604215 -0.046261
v 0.240854 -0.602215 -0.080350
v 0.240825 -0.601975 -0.080251
v 0.240794 -0.601721 -0.080195
v 0.240762 -0.601462 -0.080184
v 0.240730 -0.601205 -0.080218
v 0.240700 -0.600958 -0.080297
v 0.240672 -0.600728 -0.080419
v 0.240646 -0.600522 -0.080578
v 0.240625 -0.600347 -0.080771
v 0.240608 -0.600208 -0.080992
v 0.240596 -0.600109 -0.081234
v 0.240589 -0.600053 -0.081489
v 0.240588 -0.600043 -0.081750
v 0.240592 -0.600077 -0.082009
v 0.240601 -0.600155 -0.082259
v 0.240616 -0.600276 -0.082490
v 0.240636 -0.600434 -0.082698
v 0.240659 -0.600626 -0.082874
v 0.240686 -0.600845 -0.083014
v 0.240716 -0.601085 -0.083113
v 0.240747 -0.601338 -0.083170
v 0.240779 -0.601598 -0.083181
v 0.240810 -0.601855 -0.083146
v 0.240840 -0.602102 -0.083067
v 0.240869 -0.602332 -0.082946
v 0.240894 -0.602538 -0.082786
v 0.240915 -0.602713 -0.082593
v 0.240933 -0.602852 -0.082372
v 0.240945 -0.602951 -0.082130
v 0.240952 -0.603006 -0.081875
v 0.240953 -0.603017 -0.081614
v 0.240949 -0.602983 -0.081355
v 0.240939 -0.602904 -0.081105
v 0.240924 -0.602784 -0.080874
v 0.240905 -0.602626 -0.080667
v 0.240881 -0.602434 -0.080490
v 0.237770 -0.577094 -0.103170
v 0.237758 -0.576994 -0.102929
v 0.237740 -0.576854 -0.102709
v 0.237719 -0.576679 -0.102516
v 0.237694 -0.576472 -0.102357
v 0.237665 -0.576242 -0.102237
v 0.237635 -0.575994 -0.102159
v 0.237603 -0.575737 -0.102125
v 0.237571 -0.575478 -0.102137
v 0.237540 -0.575225 -0.102194
v 0.237511 -0.574985 -0.102295
v 0.237484 -0.574766 -0.102436
v 0.237461 -0.574575 -0.102613
v 0.237441 -0.574418 -0.102820
v 0.237427 -0.574298 -0.103053
v 0.237417 -0.574221 -0.103302
v 0.237413 -0.574187 -0.103561
v 0.237414 -0.574199 -0.103823
v 0.237421 -0.574256 -0.104078
v 0.237434 -0.574356 -0.104319
v 0.237451 -0.574495 -0.104539
v 0.237472 -0.574671 -0.104732
v 0.237498 -0.574877 -0.104891
v 0.237526 -0.575108 -0.105011
v 0.237556 -0.575355 -0.105089
v 0.237588 -0.575613 -0.105123
v 0.237620 -0.575872 -0.105111
v 0.237651 -0.576125 -0.105054
v 0.237680 -0.576365 -0.104953
v 0.237707 -0.576583 -0.104812
v 0.237731 -0.576774 -0.104635
v 0.237750 -0.576932 -0.104427
v 0.237765 -0.577051 -0.104195
v 0.237774 -0.577129 -0.103946
v 0.237778 -0.577162 -0.103687
v 0.237777 -0.577151 -0.103425
v 0.233622 -0.543315 -0.101410
v 0.233634 -0.543414 -0.101168
v 0.233641 -0.543470 -0.100913
v 0.233643 -0.543480 -0.100651
v 0.233638 -0.543446 -0.100392
v 0.233629 -0.543367 -0.100143
v 0.233614 -0.543247 -0.099911
v 0.233595 -0.543089 -0.099704
v 0.233571 -0.542897 -0.099528
v 0.233544 -0.542678 -0.099388
v 0.233515 -0.542438 -0.099288
v 0.233484 -0.542185 -0.099232
v 0.233452 -0.541925 -0.099221
v 0.233420 -0.541668 -0.099256
v 0.233390 -0.541421 -0.099335
v 0.233362 -0.541191 -0.099456
v 0.233336 -0.540985 -0.099616
v 0.233315 -0.540810 -0.099809
v 0.233298 -0.540671 -0.100029
v 0.233286 -0.540572 -0.100271
v 0.233279 -0.540517 -0.100527
v 0.233277 -0.540506 -0.100788
v 0.233282 -0.540540 -0.101047
v 0.233291 -0.540619 -0.101296
v 0.233306 -0.540739 -0.101528
v 0.233325 -0.540897 -0.101735
v 0.233349 -0.541089 -0.101911
v 0.233376 -0.541308 -0.102051
v 0.233405 -0.541548 -0.102151
v 0.233436 -0.541802 -0.102207
v 0.233468 -0.542061 -0.102218
v 0.233500 -0.542318 -0.102183
v 0.233530 -0.542565 -0.102104
v 0.233559 -0.542795 -0.101983
v 0.233584 -0.543001 -0.101824
v 0.233605 -0.543176 -0.101630
v 0.230841 -0.520665 -0.076100
v 0.230871 -0.520905 -0.076000
v 0.230898 -0.521123 -0.075859
v 0.230921 -0.521314 -0.075682
v 0.230940 -0.521472 -0.075474
v 0.230955 -0.521591 -0.075242
v 0.230965 -0.521669 -0.074992
v 0.230969 -0.521702 -0.074733
v 0.230967 -0.521690 -0.074472
v 0.230960 -0.521634 -0.074217
v 0.230948 -0.521534 -0.073975
v 0.230931 -0.521394 -0.073755
v 0.230909 -0.521219 -0.073563
v 0.230884 -0.521012 -0.073404
v 0.230856 -0.520782 -0.073284
v 0.230825 -0.520534 -0.073205
v 0.230794 -0.520277 -0.073172
v 0.230762 -0.520018 -0.073184
v 0.230731 -0.519764 -0.073241
v 0.230701 -0.519525 -0.073341
v 0.230674 -0.519306 -0.073482
v 0.230651 -0.519115 -0.073659
v 0.230632 -0.518958 -0.073867
v 0.230617 -0.518838 -0.074099
v 0.230607 -0.518761 -0.074349
v 0.230603 -0.518727 -0.074608
v 0.230605 -0.518739 -0.074869
v 0.230612 -0.518796 -0.075124
v 0.230624 -0.518895 -0.075366
v 0.230641 -0.519035 -0.075586
v 0.230663 -0.519211 -0.075778
v 0.230688 -0.519417 -0.075937
v 0.230716 -0.519648 -0.076057
v 0.230747 -0.519895 -0.076135
v 0.230778 -0.520153 -0.076169
v 0.230810 -0.520412 -0.076157
v 0.231056 -0.522412 -0.042067
v 0.231085 -0.522652 -0.042167
v 0.231116 -0.522906 -0.042223
v 0.231148 -0.523165 -0.042234
v 0.231180 -0.523422 -0.042199
v 0.231210 -0.523670 -0.042120
v 0.231238 -0.523900 -0.041999
v 0.231264 -0.524105 -0.041840
v 0.231285 -0.524280 -0.041647
v 0.231302 -0.524419 -0.041426
v 0.231314 -0.524518 -0.041184
v 0.231321 -0.524574 -0.040929
v 0.231323 -0.524585 -0.040667
v 0.231318 -0.524550 -0.040408
v 0.231309 -0.524472 -0.040159
v 0.231294 -0.524352 -0.039927
v 0.231274 -0.524193 -0.039720
v 0.231251 -0.524002 -0.039544
v 0.231224 -0.523782 -0.039404
v 0.231195 -0.523542 -0.039304
v 0.231163 -0.523289 -0.039248
v 0.231132 -0.523030 -0.039237
v 0.231100 -0.522772 -0.039272
v 0.231070 -0.522525 -0.039351
v 0.231041 -0.522295 -0.039472
v 0.231016 -0.522090 -0.039632
v 0.230995 -0.521915 -0.039825
v 0.230978 -0.521776 -0.040046
v 0.230965 -0.521677 -0.040287
v 0.230959 -0.521621 -0.040543
v 0.230957 -0.521610 -0.040804
v 0.230962 -0.521645 -0.041063
v 0.230971 -0.521723 -0.041312
v 0.230986 -0.521843 -0.041544
v 0.231005 -0.522002 -0.041751
v 0.231029 -0.522193 -0.041927
v 0.234140 -0.547533 -0.019248
v 0.234153 -0.547633 -0.019489
v 0.234170 -0.547773 -0.019709
v 0.234191 -0.547949 -0.019902
v 0.234217 -0.548155 -0.020060
v 0.234245 -0.548385 -0.020181
v 0.234275 -0.548633 -0.020259
v 0.234307 -0.548890 -0.020293
v 0.234339 -0.549150 -0.020281
v 0.234370 -0.549403 -0.020224
v 0.234399 -0.549642 -0.020123
v 0.234426 -0.549861 -0.019982
v 0.234450 -0.550052 -0.019805
v 0.234469 -0.550210 -0.019597
v 0.234484 -0.550329 -0.019365
v 0.234493 -0.550407 -0.019116
v 0.234497 -0.550440 -0.018856
v 0.234496 -0.550428 -0.018595
v 0.234489 -0.550372 -0.018340
v 0.234477 -0.550272 -0.018099
v 0.234459 -0.550132 -0.017878
v 0.234438 -0.549956 -0.017686
v 0.234412 -0.549750 -0.017527
v 0.234384 -0.549520 -0.017407
v 0.234354 -0.549272 -0.017329
v 0.234322 -0.549015 -0.017295
v 0.234290 -0.548755 -0.017307
v 0.234259 -0.548502 -0.017364
v 0.234230 -0.548263 -0.017465
v 0.234203 -0.548044 -0.017606
v 0.234180 -0.547853 -0.017783
v 0.234160 -0.547695 -0.017990
v 0.234146 -0.547576 -0.018222
v 0.234136 -0.547498 -0.018472
v 0.234132 -0.547465 -0.018731
v 0.234133 -0.547477 -0.018992
v 0.238288 -0.581312 -0.021008
v 0.238276 -0.581214 -0.021250
v 0.238269 -0.581158 -0.021505
v 0.238268 -0.581147 -0.021766
v 0.238272 -0.581181 -0.022026
v 0.238281 -0.581260 -0.022275
v 0.238296 -0.581380 -0.022506
v 0.238316 -0.581539 -0.022714
v 0.238339 -0.581730 -0.022890
v 0.238366 -0.581949 -0.023030
v 0.238395 -0.582189 -0.023130
v 0.238427 -0.582443 -0.023186
v 0.238458 -0.582702 -0.023197
v 0.238490 -0.582959 -0.023162
v 0.238520 -0.583207 -0.023083
v 0.238549 -0.583437 -0.022962
v 0.238574 -0.583642 -0.022802
v 0.238595 -0.583817 -0.022609
v 0.238612 -0.583956 -0.022388
v 0.238625 -0.584055 -0.022146
v 0.238631 -0.584111 -0.021891
v 0.238633 -0.584122 -0.021630
v 0.238629 -0.584087 -0.021371
v 0.238619 -0.584009 -0.021121
v 0.238604 -0.583888 -0.020890
v 0.238585 -0.583730 -0.020683
v 0.238561 -0.583538 -0.020506
v 0.238534 -0.583319 -0.020366
v 0.238505 -0.583079 -0.020267
v 0.238474 -0.582826 -0.020211
v 0.238442 -0.582567 -0.020200
v 0.238410 -0.582309 -0.020234
v 0.238380 -0.582062 -0.020313
v 0.238352 -0.581832 -0.020435
v 0.238326 -0.581626 -0.020594
v 0.238305 -0.581451 -0.020787
v 0.240283 -0.597564 -0.079612
v 0.240607 -0.600200 -0.073165
v 0.240789 -0.601686 -0.066355
v 0.240825 -0.601974 -0.059389
v 0.240712 -0.601058 -0.052478
v 0.240455 -0.598965 -0.045832
v 0.240061 -0.595758 -0.039653
v 0.239543 -0.591534 -0.034130
v 0.238915 -0.586423 -0.029429
v 0.238198 -0.580579 -0.025694
v 0.237412 -0.574181 -0.023038
v 0.236582 -0.567421 -0.021541
v 0.235733 -0.560507 -0.021250
v 0.234891 -0.553647 -0.022173
v 0.234081 -0.547051 -0.024283
v 0.233328 -0.540919 -0.027514
v 0.232655 -0.535436 -0.031769
v 0.232082 -0.530770 -0.036918
v 0.231627 -0.527063 -0.042806
v 0.228649 -0.527429 -0.042806
v 0.229104 -0.531136 -0.036918
v 0.229677 -0.535802 -0.031769
v 0.230350 -0.541284 -0.027514
v 0.231103 -0.547417 -0.024283
v 0.231913 -0.554013 -0.022173
v 0.232756 -0.560873 -0.021250
v 0.233605 -0.567787 -0.021541
v 0.234435 -0.574546 -0.023038
v 0.235220 -0.580945 -0.025694
v 0.235938 -0.586789 -0.029429
v 0.236565 -0.591900 -0.034130
v 0.237084 -0.596123 -0.039653
v 0.237478 -0.599330 -0.045832
v 0.237735 -0.601424 -0.052478
v 0.237847 -0.602340 -0.059389
v 0.237812 -0.602051 -0.066355
v 0.237629 -0.600566 -0.073165
v 0.237306 -0.597930 -0.079612
v 0.237306 -0.597930 -0.079612
v 0.236850 -0.594222 -0.085499
v 0.236278 -0.589557 -0.090649
v 0.235604 -0.584074 -0.094904
v 0.234851 -0.577942 -0.098135
v 0.234042 -0.571346 -0.100244
v 0.233199 -0.564486 -0.101167
v 0.232350 -0.557572 -0.100876
v 0.231520 -0.550812 -0.099380
v 0.230735 -0.544414 -0.096724
v 0.230017 -0.538570 -0.092989
v 0.229390 -0.533459 -0.088288
v 0.228871 -0.529235 -0.082765
v 0.228477 -0.526028 -0.076586
v 0.228220 -0.523935 -0.069940
v 0.228108 -0.523019 -0.063029
v 0.228143 -0.523307 -0.056063
v 0.228326 -0.524792 -0.049253
v 0.228649 -0.527429 -0.042806
v 0.231627 -0.527063 -0.042806
v 0.231303 -0.524427 -0.049253
v 0.231121 -0.522942 -0.056063
v 0.231085 -0.522653 -0.063029
v 0.231198 -0.523569 -0.069940
v 0.231455 -0.525663 -0.076586
v 0.231849 -0.528870 -0.082765
v 0.232367 -0.533093 -0.088288
v 0.232995 -0.538204 -0.092989
v 0.233712 -0.544048 -0.096724
v 0.234498 -0.550447 -0.099380
v 0.235328 -0.557206 -0.100876
v 0.236177 -0.564120 -0.101167
v 0.237019 -0.570980 -0.100244
v 0.237829 -0.577576 -0.098135
v 0.238582 -0.583709 -0.094904
v 0.239255 -0.589191 -0.090649
v 0.239828 -0.593857 -0.085499
v 0.240283 -0.597564 -0.079612
v 0.232903 -0.594892 -0.077771
v 0.232493 -0.591556 -0.083070
v 0.231977 -0.587356 -0.087705
v 0.231372 -0.582422 -0.091534
v 0.230694 -0.576903 -0.094442
v 0.229965 -0.570966 -0.096341
v 0.229207 -0.564793 -0.097172
v 0.228443 -0.558570 -0.096910
v 0.227696 -0.552486 -0.095563
v 0.226989 -0.546728 -0.093173
v 0.226343 -0.541468 -0.089811
v 0.225778 -0.536868 -0.085580
v 0.225312 -0.533067 -0.080609
v 0.224957 -0.530181 -0.075048
v 0.224726 -0.528297 -0.069067
v 0.224624 -0.527472 -0.062847
v 0.224656 -0.527732 -0.056577
v 0.224821 -0.529069 -0.050448
v 0.225112 -0.531441 -0.044646
v 0.228649 -0.527429 -0.042806
v 0.237306 -0.597930 -0.079612
v 0.236850 -0.594222 -0.085499
v 0.236278 -0.589557 -0.090649
v 0.235604 -0.584074 -0.094904
v 0.234851 -0.577942 -0.098135
v 0.234042 -0.571346 -0.100244
v 0.233199 -0.564486 -0.101167
v 0.232350 -0.557572 -0.100876
v 0.231520 -0.550812 -0.099380
v 0.230735 -0.544414 -0.096724
v 0.230017 -0.538570 -0.092989
v 0.229390 -0.533459 -0.088288
v 0.228871 -0.529235 -0.082765
v 0.228477 -0.526028 -0.076586
v 0.228220 -0.523935 -0.069940
v 0.228108 -0.523019 -0.063029
v 0.228143 -0.523307 -0.056063
v 0.228326 -0.524792 -0.049253
v 0.228649 -0.527429 -0.042806
v 0.229104 -0.531136 -0.036918
v 0.229677 -0.535802 -0.031769
v 0.230350 -0.541284 -0.027514
v 0.231103 -0.547417 -0.024283
v 0.231913 -0.554013 -0.022173
v 0.232756 -0.560873 -0.021250
v 0.233605 -0.567787 -0.021541
v 0.234435 -0.574546 -0.023038
v 0.235220 -0.580945 -0.025694
v 0.235938 -0.586789 -0.029429
v 0.236565 -0.591900 -0.034130
v 0.237084 -0.596123 -0.039653
v 0.237478 -0.599330 -0.045832
v 0.237735 -0.601424 -0.052478
v 0.237847 -0.602340 -0.059389
v 0.237812 -0.602051 -0.066355
v 0.237629 -0.600566 -0.073165
v 0.237306 -0.597930 -0.079612
v 0.225112 -0.531441 -0.044646
v 0.225522 -0.534778 -0.039347
v 0.226037 -0.538977 -0.034713
v 0.226643 -0.543911 -0.030883
v 0.227321 -0.549431 -0.027975
v 0.228050 -0.555367 -0.026077
v 0.228808 -0.561541 -0.025246
v 0.229572 -0.567764 -0.025508
v 0.230319 -0.573847 -0.026855
v 0.231026 -0.579606 -0.029245
v 0.231671 -0.584865 -0.032607
v 0.232236 -0.589465 -0.036838
v 0.232703 -0.593266 -0.041809
v 0.233057 -0.596153 -0.047369
v 0.233289 -0.598037 -0.053351
v 0.233390 -0.598861 -0.059571
v 0.233358 -0.598601 -0.065840
v 0.233194 -0.597265 -0.071969
v 0.232903 -0.594892 -0.077771
v 0.232903 -0.594892 -0.077771
v 0.232493 -0.591556 -0.083070
v 0.231977 -0.587356 -0.087705
v 0.231372 -0.582422 -0.091534
v 0.230694 -0.576903 -0.094442
v 0.229965 -0.570966 -0.096341
v 0.229207 -0.564793 -0.097172
v 0.228443 -0.558570 -0.096910
v 0.227696 -0.552486 -0.095563
v 0.226989 -0.546728 -0.093173
v 0.226343 -0.541468 -0.089811
v 0.225778 -0.536868 -0.085580
v 0.225312 -0.533067 -0.080609
v 0.224957 -0.530181 -0.075048
v 0.224726 -0.528297 -0.069067
v 0.224624 -0.527472 -0.062847
v 0.224656 -0.527732 -0.056577
v 0.224821 -0.529069 -0.050448
v 0.225112 -0.531441 -0.044646
v 0.225522 -0.534778 -0.039347
v 0.226037 -0.538977 -0.034713
v 0.226643 -0.543911 -0.030883
v 0.227321 -0.549431 -0.027975
v 0.228050 -0.555367 -0.026077
v 0.228808 -0.561541 -0.025246
v 0.229572 -0.567764 -0.025508
v 0.230319 -0.573847 -0.026855
v 0.231026 -0.579606 -0.029245
v 0.231671 -0.584865 -0.032607
v 0.232236 -0.589465 -0.036838
v 0.232703 -0.593266 -0.041809
v 0.233057 -0.596153 -0.047369
v 0.233289 -0.598037 -0.053351
v 0.233390 -0.598861 -0.059571
v 0.233358 -0.598601 -0.065840
v 0.233194 -0.597265 -0.071969
v 0.230922 -0.578765 -0.069352
v 0.231066 -0.579932 -0.066499
v 0.231146 -0.580589 -0.063486
v 0.231162 -0.580717 -0.060403
v 0.231112 -0.580311 -0.057345
v 0.230999 -0.579385 -0.054404
v 0.230824 -0.577966 -0.051670
v 0.230595 -0.576097 -0.049226
v 0.230317 -0.573835 -0.047146
v 0.230000 -0.571249 -0.045493
v 0.229652 -0.568418 -0.044318
v 0.229285 -0.565427 -0.043656
v 0.228909 -0.562367 -0.043527
v 0.228536 -0.559332 -0.043936
v 0.228178 -0.556413 -0.044869
v 0.227845 -0.553699 -0.046299
v 0.227547 -0.551273 -0.048182
v 0.227293 -0.549209 -0.050460
v 0.227092 -0.547568 -0.053066
v 0.226949 -0.546402 -0.055918
v 0.226868 -0.545745 -0.058932
v 0.226852 -0.545617 -0.062014
v 0.226902 -0.546022 -0.065072
v 0.227016 -0.546949 -0.068013
v 0.227190 -0.548368 -0.070747
v 0.227420 -0.550237 -0.073191
v 0.227697 -0.552498 -0.075272
v 0.228015 -0.555084 -0.076924
v 0.228362 -0.557916 -0.078100
v 0.228730 -0.560907 -0.078762
v 0.229105 -0.563966 -0.078891
v 0.229478 -0.567002 -0.078482
v 0.229836 -0.569920 -0.077549
v 0.230170 -0.572634 -0.076119
v 0.230468 -0.575060 -0.074236
v 0.230721 -0.577125 -0.071957
v 0.227092 -0.547568 -0.053066
v 0.226949 -0.546402 -0.055918
v 0.226868 -0.545745 -0.058932
v 0.226852 -0.545617 -0.062014
v 0.226902 -0.546022 -0.065072
v 0.227016 -0.546949 -0.068013
v 0.227190 -0.548368 -0.070747
v 0.227420 -0.550237 -0.073191
v 0.227697 -0.552498 -0.075272
v 0.228015 -0.555084 -0.076924
v 0.228362 -0.557916 -0.078100
v 0.228730 -0.560907 -0.078762
v 0.229105 -0.563966 -0.078891
v 0.229478 -0.567002 -0.078482
v 0.229836 -0.569920 -0.077549
v 0.230170 -0.572634 -0.076119
v 0.230468 -0.575060 -0.074236
v 0.230721 -0.577125 -0.071957
v 0.230922 -0.578765 -0.069352
v 0.234536 -0.546654 -0.053066
v 0.238367 -0.577851 -0.069352
v 0.238165 -0.576211 -0.071957
v 0.237912 -0.574146 -0.074236
v 0.237614 -0.571720 -0.076119
v 0.237281 -0.569006 -0.077549
v 0.236922 -0.566088 -0.078482
v 0.236550 -0.563052 -0.078891
v 0.236174 -0.559993 -0.078762
v 0.235807 -0.557002 -0.078100
v 0.235459 -0.554170 -0.076924
v 0.235141 -0.551584 -0.075272
v 0.234864 -0.549323 -0.073191
v 0.234634 -0.547454 -0.070747
v 0.234460 -0.546035 -0.068013
v 0.234346 -0.545108 -0.065072
v 0.234296 -0.544703 -0.062014
v 0.234312 -0.544831 -0.058932
v 0.234393 -0.545488 -0.055918
v 0.234536 -0.546654 -0.053066
v 0.234738 -0.548295 -0.050460
v 0.234991 -0.550359 -0.048182
v 0.235289 -0.552785 -0.046299
v 0.235622 -0.555499 -0.044869
v 0.235980 -0.558418 -0.043936
v 0.236353 -0.561453 -0.043527
v 0.236729 -0.564513 -0.043656
v 0.237096 -0.567504 -0.044318
v 0.237444 -0.570335 -0.045493
v 0.237761 -0.572921 -0.047146
v 0.238039 -0.575183 -0.049226
v 0.238268 -0.577052 -0.051670
v 0.238443 -0.578471 -0.054404
v 0.238556 -0.579397 -0.057345
v 0.238606 -0.579803 -0.060403
v 0.238591 -0.579675 -0.063486
v 0.238510 -0.579018 -0.066499
v 0.238367 -0.577851 -0.069352
v 0.238165 -0.576211 -0.071957
v 0.237912 -0.574146 -0.074236
v 0.237614 -0.571720 -0.076119
v 0.237281 -0.569006 -0.077549
v 0.236922 -0.566088 -0.078482
v 0.236550 -0.563052 -0.078891
v 0.236174 -0.559993 -0.078762
v 0.235807 -0.557002 -0.078100
v 0.235459 -0.554170 -0.076924
v 0.235141 -0.551584 -0.075272
v 0.234864 -0.549323 -0.073191
v 0.234634 -0.547454 -0.070747
v 0.234460 -0.546035 -0.068013
v 0.234346 -0.545108 -0.065072
v 0.234296 -0.544703 -0.062014
v 0.234312 -0.544831 -0.058932
v 0.234393 -0.545488 -0.055918
v 0.234558 -0.546831 -0.053158
v 0.234416 -0.545677 -0.055978
v 0.234336 -0.545028 -0.058957
v 0.234321 -0.544901 -0.062005
v 0.234370 -0.545302 -0.065029
v 0.234483 -0.546218 -0.067936
v 0.234655 -0.547621 -0.070639
v 0.234882 -0.549469 -0.073056
v 0.235156 -0.551705 -0.075113
v 0.235470 -0.554261 -0.076747
v 0.235814 -0.557061 -0.077909
v 0.236177 -0.560018 -0.078563
v 0.236548 -0.563043 -0.078691
v 0.236917 -0.566044 -0.078287
v 0.237271 -0.568930 -0.077364
v 0.237601 -0.571613 -0.075950
v 0.237895 -0.574012 -0.074089
v 0.238146 -0.576053 -0.071836
v 0.238345 -0.577675 -0.069260
v 0.238487 -0.578828 -0.066440
v 0.238566 -0.579478 -0.063460
v 0.238582 -0.579604 -0.060412
v 0.238533 -0.579203 -0.057389
v 0.238420 -0.578288 -0.054481
v 0.238248 -0.576884 -0.051778
v 0.238021 -0.575037 -0.049362
v 0.237746 -0.572801 -0.047305
v 0.237433 -0.570244 -0.045671
v 0.237089 -0.567445 -0.044509
v 0.236726 -0.564487 -0.043854
v 0.236354 -0.561462 -0.043727
v 0.235986 -0.558461 -0.044131
v 0.235631 -0.555575 -0.045054
v 0.235302 -0.552892 -0.046467
v 0.235008 -0.550494 -0.048329
v 0.234757 -0.548453 -0.050582
v 0.234558 -0.546831 -0.053158
v 0.226617 -0.547806 -0.053158
v 0.234416 -0.545677 -0.055978
v 0.234336 -0.545028 -0.058957
v 0.234321 -0.544901 -0.062005
v 0.234370 -0.545302 -0.065029
v 0.234483 -0.546218 -0.067936
v 0.234655 -0.547621 -0.070639
v 0.234882 -0.549469 -0.073056
v 0.235156 -0.551705 -0.075113
v 0.235470 -0.554261 -0.076747
v 0.235814 -0.557061 -0.077909
v 0.236177 -0.560018 -0.078563
v 0.236548 -0.563043 -0.078691
v 0.236917 -0.566044 -0.078287
v 0.237271 -0.568930 -0.077364
v 0.237601 -0.571613 -0.075950
v 0.237895 -0.574012 -0.074089
v 0.238146 -0.576053 -0.071836
v 0.238345 -0.577675 -0.069260
v 0.230405 -0.578650 -0.069260
v 0.230205 -0.577028 -0.071836
v 0.229955 -0.574987 -0.074089
v 0.229660 -0.572588 -0.075950
v 0.229331 -0.569905 -0.077364
v 0.228977 -0.567019 -0.078287
v 0.228608 -0.564018 -0.078691
v 0.228237 -0.560993 -0.078563
v 0.227874 -0.558036 -0.077909
v 0.227530 -0.555236 -0.076747
v 0.227216 -0.552680 -0.075113
v 0.226941 -0.550444 -0.073056
v 0.226714 -0.548596 -0.070639
v 0.226542 -0.547193 -0.067936
v 0.226430 -0.546277 -0.065029
v 0.226380 -0.545876 -0.062005
v 0.226396 -0.546002 -0.058957
v 0.226476 -0.546652 -0.055978
v 0.230405 -0.578650 -0.069260
v 0.229854 -0.578270 -0.069030
v 0.229661 -0.576694 -0.071532
v 0.229417 -0.574712 -0.073721
v 0.229131 -0.572382 -0.075529
v 0.228811 -0.569775 -0.076902
v 0.228467 -0.566972 -0.077799
v 0.228109 -0.564056 -0.078191
v 0.227748 -0.561118 -0.078068
v 0.227395 -0.558245 -0.077432
v 0.227062 -0.555526 -0.076303
v 0.226757 -0.553042 -0.074715
v 0.226490 -0.550870 -0.072718
v 0.226269 -0.549075 -0.070370
v 0.226102 -0.547712 -0.067744
v 0.225993 -0.546822 -0.064920
v 0.225945 -0.546433 -0.061982
v 0.225960 -0.546556 -0.059022
v 0.226038 -0.547187 -0.056128
v 0.226175 -0.548307 -0.053388
v 0.226617 -0.547806 -0.053158
v 0.230205 -0.577028 -0.071836
v 0.229955 -0.574987 -0.074089
v 0.229660 -0.572588 -0.075950
v 0.229331 -0.569905 -0.077364
v 0.228977 -0.567019 -0.078287
v 0.228608 -0.564018 -0.078691
v 0.228237 -0.560993 -0.078563
v 0.227874 -0.558036 -0.077909
v 0.227530 -0.555236 -0.076747
v 0.227216 -0.552680 -0.075113
v 0.226941 -0.550444 -0.073056
v 0.226714 -0.548596 -0.070639
v 0.226542 -0.547193 -0.067936
v 0.226430 -0.546277 -0.065029
v 0.226380 -0.545876 -0.062005
v 0.226396 -0.546002 -0.058957
v 0.226476 -0.546652 -0.055978
v 0.226617 -0.547806 -0.053158
v 0.226175 -0.548307 -0.053388
v 0.226369 -0.549883 -0.050885
v 0.226612 -0.551866 -0.048697
v 0.226898 -0.554196 -0.046888
v 0.227218 -0.556802 -0.045515
v 0.227562 -0.559605 -0.044619
v 0.227920 -0.562521 -0.044226
v 0.228281 -0.565459 -0.044350
v 0.228634 -0.568332 -0.044986
v 0.228968 -0.571052 -0.046115
v 0.229273 -0.573535 -0.047702
v 0.229540 -0.575707 -0.049700
v 0.229760 -0.577502 -0.052048
v 0.229927 -0.578865 -0.054674
v 0.230037 -0.579755 -0.057498
v 0.230084 -0.580144 -0.060435
v 0.230069 -0.580022 -0.063396
v 0.229992 -0.579391 -0.066290
v 0.229854 -0.578270 -0.069030
v 0.230405 -0.578650 -0.069260
v 0.226805 -0.549331 -0.050710
v 0.227039 -0.551236 -0.048549
v 0.227313 -0.553468 -0.046733
v 0.227619 -0.555966 -0.045312
v 0.227950 -0.558662 -0.044324
v 0.228297 -0.561483 -0.043797
v 0.228649 -0.564351 -0.043745
v 0.228997 -0.567189 -0.044170
v 0.229332 -0.569918 -0.045059
v 0.229645 -0.572465 -0.046389
v 0.229927 -0.574760 -0.048123
v 0.230170 -0.576741 -0.050214
v 0.230368 -0.578353 -0.052605
v 0.230515 -0.579552 -0.055230
v 0.230608 -0.580306 -0.058019
v 0.230643 -0.580594 -0.060894
v 0.230621 -0.580409 -0.063779
v 0.230540 -0.579755 -0.066593
v 0.230405 -0.578650 -0.069260
v 0.238345 -0.577675 -0.069260
v 0.238487 -0.578828 -0.066440
v 0.238566 -0.579478 -0.063460
v 0.238582 -0.579604 -0.060412
v 0.238533 -0.579203 -0.057389
v 0.238420 -0.578288 -0.054481
v 0.238248 -0.576884 -0.051778
v 0.238021 -0.575037 -0.049362
v 0.237746 -0.572801 -0.047305
v 0.237433 -0.570244 -0.045671
v 0.237089 -0.567445 -0.044509
v 0.236726 -0.564487 -0.043854
v 0.236354 -0.561462 -0.043727
v 0.235986 -0.558461 -0.044131
v 0.235631 -0.555575 -0.045054
v 0.235302 -0.552892 -0.046467
v 0.235008 -0.550494 -0.048329
v 0.234757 -0.548453 -0.050582
v 0.234558 -0.546831 -0.053158
v 0.226617 -0.547806 -0.053158
v 0.226805 -0.549331 -0.050710
v 0.227039 -0.551236 -0.048549
v 0.227313 -0.553468 -0.046733
v 0.227619 -0.555966 -0.045312
v 0.227950 -0.558662 -0.044324
v 0.228297 -0.561483 -0.043797
v 0.228649 -0.564351 -0.043745
v 0.228997 -0.567189 -0.044170
v 0.229332 -0.569918 -0.045059
v 0.229645 -0.572465 -0.046389
v 0.229927 -0.574760 -0.048123
v 0.230170 -0.576741 -0.050214
v 0.230368 -0.578353 -0.052605
v 0.230515 -0.579552 -0.055230
v 0.230608 -0.580306 -0.058019
v 0.230643 -0.580594 -0.060894
v 0.230621 -0.580409 -0.063779
v 0.230540 -0.579755 -0.066593
f 24 25 31
f 23 31 30
f 23 24 31
f 22 30 29
f 22 23 30
f 21 29 28
f 21 22 29
f 20 28 27
f 20 21 28
f 19 20 27
f 32 27 26
f 32 19 27
f 18 19 32
f 33 18 32
f 17 33 34
f 17 18 33
f 16 34 35
f 16 17 34
f 36 40 39
f 36 37 40
f 15 35 36
f 15 16 35
f 41 39 38
f 41 15 36
f 41 36 39
f 14 15 41
f 42 14 41
f 13 14 42
f 43 13 42
f 12 13 43
f 44 12 43
f 11 12 44
f 45 11 44
f 10 11 45
f 46 10 45
f 9 10 46
f 47 4 3
f 47 9 46
f 8 9 47
f 5 2 1
f 7 3 2
f 7 47 3
f 7 8 47
f 6 2 5
f 6 7 2
f 49 67 48
f 49 68 67
f 50 69 68
f 50 68 49
f 51 70 69
f 51 69 50
f 52 71 70
f 52 70 51
f 53 72 71
f 53 73 72
f 53 71 52
f 54 73 53
f 55 74 73
f 55 73 54
f 56 75 74
f 56 74 55
f 57 76 75
f 57 75 56
f 58 77 76
f 58 76 57
f 59 78 77
f 59 79 78
f 59 77 58
f 60 79 59
f 61 80 79
f 61 79 60
f 62 81 80
f 62 80 61
f 63 81 62
f 63 82 81
f 64 82 63
f 64 83 82
f 64 84 83
f 65 84 64
f 66 84 65
f 66 85 84
f 87 105 86
f 87 106 105
f 88 107 106
f 88 106 87
f 89 108 107
f 89 107 88
f 90 109 108
f 90 108 89
f 91 110 109
f 91 109 90
f 92 111 110
f 92 110 91
f 93 112 111
f 93 111 92
f 94 113 112
f 94 112 93
f 95 114 113
f 95 113 94
f 96 115 114
f 96 114 95
f 97 116 115
f 97 115 96
f 98 117 116
f 98 116 97
f 99 118 117
f 99 117 98
f 100 119 118
f 100 118 99
f 101 119 100
f 101 120 119
f 102 120 101
f 102 121 120
f 102 122 121
f 103 122 102
f 104 122 103
f 104 123 122
f 127 128 129
f 125 126 127
f 158 124 125
f 158 159 124
f 158 125 127
f 155 156 157
f 155 157 158
f 155 127 129
f 155 158 127
f 138 136 137
f 154 129 130
f 154 155 129
f 140 138 139
f 152 130 131
f 152 131 132
f 152 153 154
f 152 154 130
f 151 132 133
f 151 152 132
f 142 140 141
f 150 133 134
f 150 151 133
f 148 134 135
f 148 135 136
f 148 149 150
f 148 150 134
f 145 142 143
f 145 143 144
f 145 138 140
f 145 140 142
f 146 138 145
f 146 147 148
f 146 136 138
f 146 148 136
f 166 163 164
f 166 164 165
f 161 162 163
f 195 160 161
f 194 161 163
f 194 195 161
f 192 193 194
f 192 163 166
f 192 194 163
f 174 172 173
f 190 191 192
f 189 166 167
f 189 192 166
f 189 190 192
f 176 174 175
f 177 174 176
f 187 167 168
f 187 188 189
f 187 189 167
f 186 168 169
f 186 169 170
f 186 187 168
f 179 177 178
f 185 170 171
f 185 186 170
f 184 171 172
f 184 185 171
f 181 179 180
f 181 177 179
f 181 174 177
f 182 184 172
f 182 174 181
f 182 183 184
f 182 172 174
f 197 215 196
f 197 216 215
f 198 217 216
f 198 216 197
f 199 218 217
f 199 217 198
f 200 219 218
f 200 218 199
f 201 220 219
f 201 221 220
f 201 219 200
f 202 221 201
f 203 222 221
f 203 221 202
f 204 223 222
f 204 222 203
f 205 224 223
f 205 223 204
f 206 225 224
f 206 224 205
f 207 226 225
f 207 227 226
f 207 225 206
f 208 227 207
f 209 228 227
f 209 227 208
f 210 229 228
f 210 228 209
f 211 229 210
f 211 230 229
f 212 230 211
f 212 231 230
f 212 232 231
f 213 232 212
f 214 232 213
f 214 233 232
f 235 253 234
f 235 254 253
f 236 255 254
f 236 254 235
f 237 256 255
f 237 255 236
f 238 257 256
f 238 256 237
f 239 258 257
f 239 257 238
f 240 259 258
f 240 258 239
f 241 260 259
f 241 259 240
f 242 261 260
f 242 260 241
f 243 262 261
f 243 261 242
f 244 263 262
f 244 262 243
f 245 264 263
f 245 263 244
f 246 265 264
f 246 264 245
f 247 266 265
f 247 265 246
f 248 267 266
f 248 266 247
f 249 267 248
f 249 268 267
f 250 268 249
f 250 269 268
f 250 270 269
f 251 270 250
f 252 270 251
f 252 271 270
f 284 286 285
f 289 288 287
f 282 284 283
f 291 287 286
f 291 290 289
f 291 286 284
f 291 289 287
f 280 282 281
f 293 292 291
f 293 291 284
f 278 280 279
f 277 280 278
f 296 294 293
f 296 295 294
f 298 297 296
f 298 284 282
f 298 293 284
f 298 296 293
f 273 275 274
f 300 299 298
f 300 282 280
f 300 298 282
f 306 273 272
f 306 276 275
f 306 277 276
f 306 272 307
f 306 275 273
f 302 301 300
f 302 300 280
f 305 302 280
f 305 280 277
f 305 277 306
f 304 303 302
f 304 302 305
f 309 327 308
f 309 345 327
f 310 344 345
f 310 345 309
f 311 343 344
f 311 344 310
f 312 342 343
f 312 343 311
f 313 341 342
f 313 342 312
f 314 340 341
f 314 341 313
f 315 339 340
f 315 340 314
f 316 337 338
f 316 338 339
f 316 339 315
f 317 337 316
f 318 335 336
f 318 336 337
f 318 337 317
f 319 335 318
f 320 334 335
f 320 335 319
f 321 333 334
f 321 334 320
f 322 332 333
f 322 333 321
f 323 332 322
f 323 331 332
f 324 331 323
f 324 330 331
f 325 330 324
f 325 329 330
f 326 329 325
f 326 328 329
f 347 365 346
f 347 383 365
f 348 382 383
f 348 383 347
f 349 381 382
f 349 382 348
f 350 380 381
f 350 381 349
f 351 379 380
f 351 380 350
f 352 377 378
f 352 378 379
f 352 379 351
f 353 377 352
f 354 376 377
f 354 377 353
f 355 375 376
f 355 376 354
f 356 374 375
f 356 375 355
f 357 373 374
f 357 374 356
f 358 371 372
f 358 372 373
f 358 373 357
f 359 371 358
f 360 370 371
f 360 371 359
f 361 370 360
f 361 369 370
f 362 369 361
f 362 368 369
f 363 368 362
f 363 367 368
f 364 367 363
f 364 366 367
f 400 399 398
f 394 396 395
f 403 397 396
f 403 398 397
f 403 401 400
f 403 402 401
f 403 400 398
f 392 394 393
f 406 404 403
f 406 405 404
f 406 403 396
f 389 391 390
f 409 407 406
f 409 408 407
f 409 406 396
f 386 388 387
f 386 389 388
f 410 396 394
f 410 409 396
f 385 391 389
f 385 389 386
f 412 411 410
f 413 394 392
f 413 410 394
f 413 412 410
f 417 385 384
f 417 419 418
f 417 384 419
f 417 391 385
f 415 414 413
f 416 392 391
f 416 415 413
f 416 391 417
f 416 413 392
f 421 439 420
f 421 457 439
f 422 456 457
f 422 457 421
f 423 455 456
f 423 456 422
f 424 454 455
f 424 455 423
f 425 453 454
f 425 454 424
f 426 452 453
f 426 453 425
f 427 451 452
f 427 452 426
f 428 450 451
f 428 451 427
f 429 449 450
f 429 450 428
f 430 448 449
f 430 449 429
f 431 447 448
f 431 448 430
f 432 446 447
f 432 447 431
f 433 445 446
f 433 446 432
f 434 444 445
f 434 445 433
f 435 444 434
f 435 443 444
f 436 443 435
f 436 442 443
f 437 442 436
f 437 441 442
f 438 441 437
f 438 440 441
f 459 477 458
f 459 495 477
f 460 494 495
f 460 495 459
f 461 493 494
f 461 494 460
f 462 492 493
f 462 493 461
f 463 491 492
f 463 492 462
f 464 490 491
f 464 491 463
f 465 489 490
f 465 490 464
f 466 487 488
f 466 488 489
f 466 489 465
f 467 487 466
f 468 486 487
f 468 487 467
f 469 485 486
f 469 486 468
f 470 484 485
f 470 485 469
f 471 483 484
f 471 484 470
f 472 482 483
f 472 483 471
f 473 482 472
f 473 481 482
f 474 481 473
f 474 479 480
f 474 480 481
f 475 479 474
f 476 479 475
f 476 478 479
f 505 504 503
f 499 501 500
f 509 506 505
f 509 507 506
f 509 508 507
f 512 510 509
f 512 511 510
f 512 509 505
f 530 496 531
f 514 502 501
f 514 503 502
f 514 513 512
f 514 505 503
f 514 501 499
f 514 512 505
f 529 496 530
f 528 496 529
f 516 515 514
f 527 496 528
f 518 499 498
f 518 517 516
f 518 514 499
f 518 516 514
f 525 527 526
f 524 496 527
f 524 527 525
f 520 519 518
f 520 518 498
f 521 497 496
f 521 498 497
f 521 520 498
f 522 524 523
f 522 521 496
f 522 496 524
f 533 551 532
f 533 569 551
f 534 568 569
f 534 569 533
f 535 567 568
f 535 568 534
f 536 566 567
f 536 567 535
f 537 565 566
f 537 566 536
f 538 564 565
f 538 565 537
f 539 562 563
f 539 563 564
f 539 564 538
f 540 562 539
f 541 561 562
f 541 562 540
f 542 560 561
f 542 561 541
f 543 559 560
f 543 560 542
f 544 558 559
f 544 559 543
f 545 557 558
f 545 558 544
f 546 556 557
f 546 557 545
f 547 556 546
f 547 555 556
f 548 555 547
f 548 554 555
f 549 554 548
f 549 553 554
f 550 553 549
f 550 552 553
f 571 589 570
f 571 607 589
f 572 606 607
f 572 607 571
f 573 605 606
f 573 606 572
f 574 604 605
f 574 605 573
f 575 603 604
f 575 604 574
f 576 601 602
f 576 602 603
f 576 603 575
f 577 601 576
f 578 600 601
f 578 601 577
f 579 599 600
f 579 600 578
f 580 598 599
f 580 599 579
f 581 597 598
f 581 598 580
f 582 596 597
f 582 597 581
f 583 595 596
f 583 596 582
f 584 594 595
f 584 595 583
f 585 594 584
f 585 593 594
f 586 593 585
f 586 592 593
f 587 592 586
f 587 591 592
f 588 591 587
f 588 590 591
f 612 610 609
f 612 611 610
f 642 608 643
f 614 613 612
f 640 642 641
f 640 608 642
f 616 615 614
f 616 614 612
f 637 639 638
f 618 617 616
f 635 637 636
f 621 619 618
f 621 620 619
f 621 612 609
f 621 616 612
f 621 618 616
f 631 633 632
f 624 622 621
f 624 623 622
f 624 621 609
f 630 633 631
f 629 634 633
f 629 635 634
f 629 633 630
f 626 609 608
f 626 625 624
f 626 608 640
f 626 624 609
f 627 629 628
f 627 640 639
f 627 639 637
f 627 635 629
f 627 637 635
f 627 626 640
f 644 681 663
f 645 681 644
f 646 680 681
f 646 681 645
f 647 679 680
f 647 680 646
f 648 678 679
f 648 679 647
f 649 677 678
f 649 678 648
f 650 676 677
f 650 677 649
f 651 675 676
f 651 676 650
f 652 674 675
f 652 675 651
f 653 673 674
f 653 674 652
f 654 671 672
f 654 672 673
f 654 673 653
f 655 671 654
f 656 669 670
f 656 670 671
f 656 671 655
f 657 669 656
f 658 667 668
f 658 668 669
f 658 669 657
f 659 667 658
f 660 667 659
f 660 666 667
f 661 666 660
f 661 665 666
f 662 665 661
f 662 664 665
f 683 701 682
f 683 719 701
f 684 718 719
f 684 719 683
f 685 717 718
f 685 718 684
f 686 716 717
f 686 717 685
f 687 715 716
f 687 716 686
f 688 713 714
f 688 714 715
f 688 715 687
f 689 713 688
f 690 712 713
f 690 713 689
f 691 711 712
f 691 712 690
f 692 710 711
f 692 711 691
f 693 709 710
f 693 710 692
f 694 707 708
f 694 708 709
f 694 709 693
f 695 707 694
f 696 706 707
f 696 707 695
f 697 706 696
f 697 705 706
f 698 705 697
f 698 704 705
f 699 704 698
f 699 703 704
f 700 703 699
f 700 702 703
f 750 752 751
f 754 753 752
f 755 754 752
f 748 750 749
f 745 747 746
f 745 748 747
f 745 750 748
f 723 721 720
f 723 722 721
f 723 720 755
f 723 755 752
f 725 724 723
f 726 725 723
f 741 743 742
f 741 744 743
f 741 745 744
f 727 752 750
f 727 723 752
f 727 726 723
f 729 728 727
f 738 740 739
f 736 738 737
f 736 741 740
f 736 740 738
f 732 730 729
f 732 731 730
f 733 732 729
f 733 729 727
f 734 733 727
f 734 736 735
f 734 750 745
f 734 727 750
f 734 745 741
f 734 741 736
f 757 775 756
f 757 793 775
f 758 792 793
f 758 793 757
f 759 791 792
f 759 792 758
f 760 790 791
f 760 791 759
f 761 789 790
f 761 790 760
f 762 788 789
f 762 789 761
f 763 787 788
f 763 788 762
f 764 785 786
f 764 786 787
f 764 787 763
f 765 785 764
f 766 783 784
f 766 784 785
f 766 785 765
f 767 783 766
f 768 782 783
f 768 783 767
f 769 781 782
f 769 782 768
f 770 780 781
f 770 781 769
f 771 780 770
f 771 779 780
f 772 779 771
f 772 778 779
f 773 778 772
f 773 777 778
f 774 777 773
f 774 776 777
f 795 813 794
f 795 831 813
f 796 830 831
f 796 831 795
f 797 829 830
f 797 830 796
f 798 828 829
f 798 829 797
f 799 827 828
f 799 828 798
f 800 825 826
f 800 826 827
f 800 827 799
f 801 825 800
f 802 824 825
f 802 825 801
f 803 823 824
f 803 824 802
f 804 822 823
f 804 823 803
f 805 821 822
f 805 822 804
f 806 819 820
f 806 820 821
f 806 821 805
f 807 819 806
f 808 818 819
f 808 819 807
f 809 818 808
f 809 817 818
f 810 817 809
f 810 816 817
f 811 816 810
f 811 815 816
f 812 815 811
f 812 814 815
f 860 858 857
f 860 859 858
f 854 856 855
f 863 862 861
f 865 861 860
f 865 864 863
f 865 863 861
f 850 852 851
f 850 853 852
f 850 854 853
f 848 850 849
f 832 857 856
f 832 866 865
f 832 867 866
f 832 860 857
f 832 865 860
f 834 833 832
f 834 856 854
f 834 832 856
f 845 847 846
f 845 848 847
f 835 834 854
f 837 836 835
f 837 854 850
f 837 835 854
f 842 844 843
f 842 845 844
f 838 837 850
f 838 850 848
f 841 848 845
f 841 845 842
f 840 838 848
f 840 839 838
f 840 848 841
f 869 887 868
f 869 905 887
f 870 904 905
f 870 905 869
f 871 903 904
f 871 904 870
f 872 902 903
f 872 903 871
f 873 901 902
f 873 902 872
f 874 900 901
f 874 901 873
f 875 899 900
f 875 900 874
f 876 898 899
f 876 899 875
f 877 896 897
f 877 897 898
f 877 898 876
f 878 896 877
f 879 895 896
f 879 896 878
f 880 894 895
f 880 895 879
f 881 893 894
f 881 894 880
f 882 892 893
f 882 893 881
f 883 892 882
f 883 891 892
f 884 891 883
f 884 890 891
f 885 890 884
f 885 888 889
f 885 889 890
f 886 888 885
f 907 925 906
f 907 943 925
f 908 942 943
f 908 943 907
f 909 941 942
f 909 942 908
f 910 940 941
f 910 941 909
f 911 939 940
f 911 940 910
f 912 937 938
f 912 938 939
f 912 939 911
f 913 937 912
f 914 936 937
f 914 937 913
f 915 935 936
f 915 936 914
f 916 934 935
f 916 935 915
f 917 933 934
f 917 934 916
f 918 931 932
f 918 932 933
f 918 933 917
f 919 931 918
f 920 930 931
f 920 931 919
f 921 930 920
f 921 929 930
f 922 929 921
f 922 928 929
f 923 928 922
f 923 927 928
f 924 927 923
f 924 926 927
f 967 965 964
f 967 966 965
f 969 964 963
f 969 968 967
f 969 967 964
f 971 970 969
f 973 972 971
f 973 971 969
f 974 962 961
f 974 963 962
f 974 969 963
f 974 973 969
f 952 954 953
f 950 952 951
f 977 958 957
f 977 959 958
f 977 960 959
f 977 961 960
f 977 975 974
f 977 976 975
f 977 974 961
f 948 950 949
f 948 955 954
f 948 956 955
f 948 957 956
f 948 954 952
f 948 952 950
f 979 978 977
f 946 948 947
f 945 979 977
f 945 948 946
f 945 944 979
f 945 957 948
f 945 977 957
f 980 1017 999
f 981 1017 980
f 982 1016 1017
f 982 1017 981
f 983 1015 1016
f 983 1016 982
f 984 1014 1015
f 984 1015 983
f 985 1013 1014
f 985 1014 984
f 986 1012 1013
f 986 1013 985
f 987 1011 1012
f 987 1012 986
f 988 1010 1011
f 988 1011 987
f 989 1009 1010
f 989 1010 988
f 990 1007 1008
f 990 1008 1009
f 990 1009 989
f 991 1007 990
f 992 1005 1006
f 992 1006 1007
f 992 1007 991
f 993 1005 992
f 994 1003 1004
f 994 1004 1005
f 994 1005 993
f 995 1003 994
f 996 1003 995
f 996 1002 1003
f 997 1002 996
f 997 1001 1002
f 998 1001 997
f 998 1000 1001
f 1019 1037 1018
f 1019 1055 1037
f 1020 1054 1055
f 1020 1055 1019
f 1021 1053 1054
f 1021 1054 1020
f 1022 1052 1053
f 1022 1053 1021
f 1023 1051 1052
f 1023 1052 1022
f 1024 1049 1050
f 1024 1050 1051
f 1024 1051 1023
f 1025 1049 1024
f 1026 1048 1049
f 1026 1049 1025
f 1027 1047 1048
f 1027 1048 1026
f 1028 1046 1047
f 1028 1047 1027
f 1029 1045 1046
f 1029 1046 1028
f 1030 1043 1044
f 1030 1044 1045
f 1030 1045 1029
f 1031 1043 1030
f 1032 1042 1043
f 1032 1043 1031
f 1033 1042 1032
f 1033 1041 1042
f 1034 1041 1033
f 1034 1040 1041
f 1035 1040 1034
f 1035 1039 1040
f 1036 1039 1035
f 1036 1038 1039
f 1373 1372 1062
f 1371 1062 1372
f 1374 1062 1061
f 1374 1373 1062
f 1370 1062 1371
f 1375 1374 1061
f 1369 1062 1370
f 1376 1375 1061
f 1368 1063 1062
f 1368 1062 1369
f 1377 1376 1061
f 1367 1063 1368
f 1378 1377 1061
f 1366 1063 1367
f 1379 1061 1060
f 1379 1378 1061
f 1365 1063 1366
f 1344 1379 1060
f 1364 1063 1365
f 1345 1344 1060
f 1363 1064 1063
f 1363 1063 1364
f 1331 1330 1057
f 1332 1057 1056
f 1332 1331 1057
f 1329 1057 1330
f 1328 1057 1329
f 1333 1332 1056
f 1327 1058 1057
f 1327 1057 1328
f 1334 1333 1056
f 1097 1096 1064
f 1095 1065 1064
f 1095 1064 1096
f 1098 1097 1064
f 1326 1058 1327
f 1335 1334 1056
f 1099 1098 1064
f 1094 1065 1095
f 1093 1065 1094
f 1100 1363 1362
f 1100 1064 1363
f 1100 1099 1064
f 1336 1335 1056
f 1325 1058 1326
f 1092 1065 1093
f 1101 1362 1361
f 1101 1100 1362
f 1102 1101 1361
f 1127 1065 1092
f 1337 1336 1056
f 1126 1065 1127
f 1103 1361 1360
f 1103 1102 1361
f 1204 1349 1348
f 1204 1350 1349
f 1204 1351 1350
f 1205 1204 1348
f 1205 1346 1345
f 1205 1347 1346
f 1205 1348 1347
f 1205 1345 1060
f 1338 1337 1056
f 1125 1065 1126
f 1104 1360 1359
f 1104 1103 1360
f 1203 1351 1204
f 1203 1352 1351
f 1203 1353 1352
f 1203 1354 1353
f 1203 1355 1354
f 1206 1060 1059
f 1206 1205 1060
f 1066 1065 1125
f 1066 1124 1123
f 1066 1125 1124
f 1091 1338 1056
f 1091 1339 1338
f 1340 1339 1091
f 1207 1059 1058
f 1207 1058 1325
f 1207 1323 1322
f 1207 1324 1323
f 1207 1325 1324
f 1207 1206 1059
f 1202 1355 1203
f 1202 1356 1355
f 1202 1357 1356
f 1202 1358 1357
f 1122 1066 1123
f 1341 1340 1091
f 1121 1066 1122
f 1342 1341 1091
f 1120 1066 1121
f 1343 1342 1091
f 1201 1359 1358
f 1201 1358 1202
f 1201 1105 1104
f 1201 1106 1105
f 1201 1107 1106
f 1201 1108 1107
f 1201 1104 1359
f 1208 1320 1319
f 1208 1321 1320
f 1208 1322 1321
f 1208 1207 1322
f 1200 1108 1201
f 1200 1109 1108
f 1200 1110 1109
f 1200 1111 1110
f 1200 1112 1111
f 1209 1316 1315
f 1209 1317 1316
f 1209 1318 1317
f 1209 1319 1318
f 1209 1208 1319
f 1090 1309 1308
f 1090 1343 1091
f 1090 1308 1343
f 1210 1313 1312
f 1210 1314 1313
f 1210 1315 1314
f 1210 1209 1315
f 1235 1113 1112
f 1235 1114 1113
f 1235 1115 1114
f 1235 1116 1115
f 1235 1112 1200
f 1415 1067 1066
f 1415 1066 1120
f 1414 1067 1415
f 1380 1120 1119
f 1380 1415 1120
f 1413 1067 1414
f 1381 1380 1119
f 1381 1118 1117
f 1381 1119 1118
f 1412 1067 1413
f 1382 1381 1117
f 1382 1117 1116
f 1411 1067 1412
f 1383 1116 1235
f 1383 1382 1116
f 1410 1067 1411
f 1384 1383 1235
f 1211 1309 1090
f 1211 1210 1312
f 1211 1310 1309
f 1211 1311 1310
f 1211 1312 1311
f 1234 1385 1384
f 1234 1384 1235
f 1068 1067 1410
f 1068 1409 1408
f 1068 1410 1409
f 1386 1385 1234
f 1407 1068 1408
f 1387 1386 1234
f 1406 1068 1407
f 1405 1068 1406
f 1404 1068 1405
f 1212 1211 1090
f 1212 1090 1089
f 1233 1388 1387
f 1233 1389 1388
f 1233 1390 1389
f 1233 1387 1234
f 1391 1390 1233
f 1069 1400 1399
f 1069 1401 1400
f 1069 1402 1401
f 1069 1403 1402
f 1069 1404 1403
f 1069 1068 1404
f 1213 1089 1088
f 1213 1212 1089
f 1232 1392 1391
f 1232 1393 1392
f 1232 1394 1393
f 1232 1391 1233
f 1231 1394 1232
f 1231 1395 1394
f 1231 1396 1395
f 1231 1397 1396
f 1070 1397 1231
f 1070 1398 1397
f 1070 1399 1398
f 1070 1069 1399
f 1289 1213 1088
f 1288 1213 1289
f 1290 1289 1088
f 1287 1213 1288
f 1291 1290 1088
f 1291 1088 1087
f 1286 1213 1287
f 1286 1214 1213
f 1292 1291 1087
f 1285 1214 1286
f 1293 1292 1087
f 1284 1214 1285
f 1294 1293 1087
f 1283 1214 1284
f 1215 1214 1283
f 1295 1294 1087
f 1282 1215 1283
f 1296 1295 1087
f 1281 1215 1282
f 1280 1215 1281
f 1279 1215 1280
f 1071 1231 1230
f 1071 1070 1231
f 1086 1297 1296
f 1086 1298 1297
f 1086 1299 1298
f 1086 1296 1087
f 1216 1279 1278
f 1216 1215 1279
f 1300 1299 1086
f 1277 1216 1278
f 1301 1300 1086
f 1276 1216 1277
f 1302 1301 1086
f 1217 1276 1275
f 1217 1216 1276
f 1072 1071 1230
f 1072 1230 1229
f 1085 1303 1302
f 1085 1304 1303
f 1085 1305 1304
f 1085 1306 1305
f 1085 1307 1306
f 1085 1302 1086
f 1168 1229 1228
f 1169 1168 1228
f 1167 1229 1168
f 1170 1169 1228
f 1166 1229 1167
f 1171 1170 1228
f 1171 1228 1227
f 1165 1072 1229
f 1165 1229 1166
f 1172 1171 1227
f 1133 1132 1217
f 1131 1217 1132
f 1134 1275 1274
f 1134 1133 1217
f 1134 1217 1275
f 1164 1072 1165
f 1173 1172 1227
f 1130 1217 1131
f 1130 1218 1217
f 1135 1274 1273
f 1135 1134 1274
f 1136 1135 1273
f 1129 1218 1130
f 1199 1072 1164
f 1174 1173 1227
f 1128 1218 1129
f 1137 1273 1272
f 1137 1136 1273
f 1138 1137 1272
f 1138 1272 1307
f 1163 1218 1128
f 1175 1174 1227
f 1175 1227 1226
f 1162 1219 1218
f 1162 1218 1163
f 1176 1175 1226
f 1161 1219 1162
f 1177 1176 1226
f 1073 1197 1196
f 1073 1198 1197
f 1073 1199 1198
f 1073 1072 1199
f 1084 1138 1307
f 1084 1139 1138
f 1084 1140 1139
f 1084 1307 1085
f 1141 1140 1084
f 1160 1219 1161
f 1142 1141 1084
f 1159 1219 1160
f 1195 1073 1196
f 1178 1226 1225
f 1178 1177 1226
f 1143 1142 1084
f 1158 1219 1159
f 1179 1178 1225
f 1194 1073 1195
f 1180 1179 1225
f 1181 1180 1225
f 1247 1246 1221
f 1247 1221 1220
f 1245 1221 1246
f 1248 1247 1220
f 1244 1221 1245
f 1249 1248 1220
f 1243 1222 1221
f 1243 1221 1244
f 1250 1249 1220
f 1250 1220 1219
f 1074 1073 1194
f 1074 1189 1188
f 1074 1190 1189
f 1074 1191 1190
f 1074 1192 1191
f 1074 1193 1192
f 1074 1194 1193
f 1083 1143 1084
f 1083 1144 1143
f 1083 1145 1144
f 1083 1146 1145
f 1083 1147 1146
f 1083 1148 1147
f 1083 1149 1148
f 1242 1222 1243
f 1251 1219 1158
f 1251 1250 1219
f 1241 1222 1242
f 1252 1158 1157
f 1252 1251 1158
f 1240 1222 1241
f 1240 1223 1222
f 1253 1157 1156
f 1253 1252 1157
f 1253 1156 1155
f 1239 1223 1240
f 1254 1253 1155
f 1254 1155 1154
f 1238 1223 1239
f 1255 1254 1154
f 1237 1223 1238
f 1075 1184 1183
f 1075 1185 1184
f 1075 1186 1185
f 1075 1187 1186
f 1075 1188 1187
f 1075 1074 1188
f 1082 1149 1083
f 1082 1150 1149
f 1082 1151 1150
f 1082 1255 1154
f 1082 1152 1151
f 1082 1153 1152
f 1082 1154 1153
f 1076 1182 1181
f 1076 1183 1182
f 1076 1181 1225
f 1076 1075 1183
f 1081 1258 1257
f 1081 1259 1258
f 1081 1260 1259
f 1081 1255 1082
f 1081 1256 1255
f 1081 1257 1256
f 1077 1076 1225
f 1077 1225 1224
f 1080 1261 1260
f 1080 1262 1261
f 1080 1263 1262
f 1080 1264 1263
f 1080 1265 1264
f 1080 1266 1265
f 1080 1260 1081
f 1078 1236 1271
f 1078 1223 1237
f 1078 1224 1223
f 1078 1077 1224
f 1078 1237 1236
f 1079 1267 1266
f 1079 1268 1267
f 1079 1266 1080
f 1079 1269 1268
f 1079 1270 1269
f 1079 1271 1270
f 1079 1078 1271
f 1417 1435 1416
f 1417 1453 1435
f 1418 1452 1453
f 1418 1453 1417
f 1419 1451 1452
f 1419 1452 1418
f 1420 1450 1451
f 1420 1451 1419
f 1421 1449 1450
f 1421 1450 1420
f 1422 1448 1449
f 1422 1449 1421
f 1423 1447 1448
f 1423 1448 1422
f 1424 1446 1447
f 1424 1447 1423
f 1425 1445 1446
f 1425 1446 1424
f 1426 1443 1444
f 1426 1444 1445
f 1426 1445 1425
f 1427 1442 1443
f 1427 1443 1426
f 1428 1442 1427
f 1429 1441 1442
f 1429 1442 1428
f 1430 1440 1441
f 1430 1441 1429
f 1431 1440 1430
f 1431 1439 1440
f 1432 1439 1431
f 1432 1438 1439
f 1433 1438 1432
f 1433 1437 1438
f 1434 1437 1433
f 1434 1436 1437
f 1457 1456 1455
f 1486 1488 1487
f 1486 1489 1488
f 1486 1454 1489
f 1485 1454 1486
f 1460 1458 1457
f 1460 1459 1458
f 1461 1455 1454
f 1461 1457 1455
f 1461 1460 1457
f 1482 1484 1483
f 1482 1485 1484
f 1463 1462 1461
f 1481 1485 1482
f 1464 1463 1461
f 1466 1465 1464
f 1477 1479 1478
f 1476 1480 1479
f 1476 1481 1480
f 1476 1479 1477
f 1468 1467 1466
f 1471 1469 1468
f 1471 1470 1469
f 1471 1461 1454
f 1471 1454 1485
f 1471 1468 1466
f 1471 1485 1481
f 1471 1464 1461
f 1471 1466 1464
f 1471 1481 1476
f 1473 1475 1474
f 1473 1476 1475
f 1472 1476 1473
f 1472 1471 1476
f 1490 1527 1509
f 1491 1527 1490
f 1492 1526 1527
f 1492 1527 1491
f 1493 1525 1526
f 1493 1526 1492
f 1494 1524 1525
f 1494 1525 1493
f 1495 1523 1524
f 1495 1524 1494
f 1496 1522 1523
f 1496 1523 1495
f 1497 1521 1522
f 1497 1522 1496
f 1498 1519 1520
f 1498 1520 1521
f 1498 1521 1497
f 1499 1519 1498
f 1500 1517 1518
f 1500 1518 1519
f 1500 1519 1499
f 1501 1517 1500
f 1502 1516 1517
f 1502 1517 1501
f 1503 1515 1516
f 1503 1516 1502
f 1504 1514 1515
f 1504 1515 1503
f 1505 1514 1504
f 1505 1513 1514
f 1506 1513 1505
f 1506 1512 1513
f 1507 1512 1506
f 1507 1511 1512
f 1508 1511 1507
f 1508 1510 1511
f 1529 1547 1528
f 1529 1565 1547
f 1530 1564 1565
f 1530 1565 1529
f 1531 1563 1564
f 1531 1564 1530
f 1532 1562 1563
f 1532 1563 1531
f 1533 1561 1562
f 1533 1562 1532
f 1534 1559 1560
f 1534 1560 1561
f 1534 1561 1533
f 1535 1559 1534
f 1536 1558 1559
f 1536 1559 1535
f 1537 1557 1558
f 1537 1558 1536
f 1538 1556 1557
f 1538 1557 1537
f 1539 1555 1556
f 1539 1556 1538
f 1540 1553 1554
f 1540 1554 1555
f 1540 1555 1539
f 1541 1553 1540
f 1542 1552 1553
f 1542 1553 1541
f 1543 1552 1542
f 1543 1551 1552
f 1544 1551 1543
f 1544 1550 1551
f 1545 1550 1544
f 1545 1549 1550
f 1546 1549 1545
f 1546 1548 1549
f 1601 1600 1599
f 1593 1595 1594
f 1591 1593 1592
f 1569 1567 1566
f 1569 1568 1567
f 1569 1566 1601
f 1569 1601 1599
f 1570 1599 1598
f 1570 1569 1599
f 1571 1598 1597
f 1571 1570 1598
f 1572 1597 1596
f 1572 1571 1597
f 1573 1572 1596
f 1575 1574 1573
f 1575 1596 1595
f 1575 1595 1593
f 1575 1573 1596
f 1583 1585 1584
f 1578 1576 1575
f 1578 1577 1576
f 1578 1591 1590
f 1578 1593 1591
f 1578 1575 1593
f 1581 1583 1582
f 1581 1586 1585
f 1581 1587 1586
f 1581 1585 1583
f 1580 1579 1578
f 1580 1588 1587
f 1580 1589 1588
f 1580 1590 1589
f 1580 1578 1590
f 1580 1587 1581
f 1603 1621 1602
f 1603 1639 1621
f 1604 1638 1639
f 1604 1639 1603
f 1605 1637 1638
f 1605 1638 1604
f 1606 1636 1637
f 1606 1637 1605
f 1607 1635 1636
f 1607 1636 1606
f 1608 1634 1635
f 1608 1635 1607
f 1609 1633 1634
f 1609 1634 1608
f 1610 1631 1632
f 1610 1632 1633
f 1610 1633 1609
f 1611 1631 1610
f 1612 1629 1630
f 1612 1630 1631
f 1612 1631 1611
f 1613 1629 1612
f 1614 1628 1629
f 1614 1629 1613
f 1615 1627 1628
f 1615 1628 1614
f 1616 1626 1627
f 1616 1627 1615
f 1617 1626 1616
f 1617 1625 1626
f 1618 1625 1617
f 1618 1624 1625
f 1619 1624 1618
f 1619 1623 1624
f 1620 1623 1619
f 1620 1622 1623
f 1641 1659 1640
f 1641 1677 1659
f 1642 1676 1677
f 1642 1677 1641
f 1643 1675 1676
f 1643 1676 1642
f 1644 1674 1675
f 1644 1675 1643
f 1645 1673 1674
f 1645 1674 1644
f 1646 1671 1672
f 1646 1672 1673
f 1646 1673 1645
f 1647 1671 1646
f 1648 1670 1671
f 1648 1671 1647
f 1649 1669 1670
f 1649 1670 1648
f 1650 1668 1669
f 1650 1669 1649
f 1651 1667 1668
f 1651 1668 1650
f 1652 1665 1666
f 1652 1666 1667
f 1652 1667 1651
f 1653 1665 1652
f 1654 1664 1665
f 1654 1665 1653
f 1655 1664 1654
f 1655 1663 1664
f 1656 1663 1655
f 1656 1662 1663
f 1657 1662 1656
f 1657 1661 1662
f 1658 1661 1657
f 1658 1660 1661
f 1703 1705 1704
f 1707 1706 1705
f 1702 1705 1703
f 1709 1708 1707
f 1709 1707 1705
f 1700 1702 1701
f 1710 1709 1705
f 1698 1700 1699
f 1698 1702 1700
f 1678 1712 1711
f 1678 1713 1712
f 1679 1711 1710
f 1679 1678 1711
f 1695 1697 1696
f 1694 1697 1695
f 1681 1680 1679
f 1681 1710 1705
f 1681 1679 1710
f 1692 1694 1693
f 1692 1697 1694
f 1683 1682 1681
f 1683 1705 1702
f 1683 1702 1698
f 1683 1681 1705
f 1685 1684 1683
f 1689 1691 1690
f 1689 1692 1691
f 1687 1685 1683
f 1687 1686 1685
f 1687 1689 1688
f 1687 1698 1697
f 1687 1683 1698
f 1687 1697 1692
f 1687 1692 1689
f 1714 1751 1733
f 1715 1751 1714
f 1716 1750 1751
f 1716 1751 1715
f 1717 1749 1750
f 1717 1750 1716
f 1718 1748 1749
f 1718 1749 1717
f 1719 1747 1748
f 1719 1748 1718
f 1720 1746 1747
f 1720 1747 1719
f 1721 1745 1746
f 1721 1746 1720
f 1722 1744 1745
f 1722 1745 1721
f 1723 1743 1744
f 1723 1744 1722
f 1724 1741 1742
f 1724 1742 1743
f 1724 1743 1723
f 1725 1741 1724
f 1726 1740 1741
f 1726 1741 1725
f 1727 1739 1740
f 1727 1740 1726
f 1728 1738 1739
f 1728 1739 1727
f 1729 1738 1728
f 1729 1737 1738
f 1730 1737 1729
f 1730 1736 1737
f 1731 1736 1730
f 1731 1735 1736
f 1732 1735 1731
f 1732 1734 1735
f 1753 1771 1752
f 1753 1789 1771
f 1754 1788 1789
f 1754 1789 1753
f 1755 1787 1788
f 1755 1788 1754
f 1756 1786 1787
f 1756 1787 1755
f 1757 1785 1786
f 1757 1786 1756
f 1758 1783 1784
f 1758 1784 1785
f 1758 1785 1757
f 1759 1783 1758
f 1760 1782 1783
f 1760 1783 1759
f 1761 1781 1782
f 1761 1782 1760
f 1762 1780 1781
f 1762 1781 1761
f 1763 1779 1780
f 1763 1780 1762
f 1764 1778 1779
f 1764 1779 1763
f 1765 1777 1778
f 1765 1778 1764
f 1766 1776 1777
f 1766 1777 1765
f 1767 1776 1766
f 1767 1775 1776
f 1768 1775 1767
f 1768 1774 1775
f 1769 1774 1768
f 1769 1772 1773
f 1769 1773 1774
f 1770 1772 1769
f 1814 1813 1812
f 1810 1812 1811
f 1810 1814 1812
f 1808 1810 1809
f 1808 1814 1810
f 1818 1817 1816
f 1805 1807 1806
f 1821 1820 1819
f 1803 1805 1804
f 1803 1808 1807
f 1803 1814 1808
f 1803 1807 1805
f 1802 1814 1803
f 1799 1801 1800
f 1799 1802 1801
f 1799 1815 1814
f 1799 1816 1815
f 1799 1819 1818
f 1799 1818 1816
f 1799 1814 1802
f 1790 1824 1823
f 1790 1825 1824
f 1792 1791 1790
f 1792 1790 1823
f 1796 1798 1797
f 1796 1799 1798
f 1796 1819 1799
f 1795 1819 1796
f 1794 1792 1823
f 1794 1793 1792
f 1794 1819 1795
f 1794 1822 1821
f 1794 1823 1822
f 1794 1821 1819
f 1827 1845 1826
f 1827 1863 1845
f 1828 1862 1863
f 1828 1863 1827
f 1829 1861 1862
f 1829 1862 1828
f 1830 1860 1861
f 1830 1861 1829
f 1831 1859 1860
f 1831 1860 1830
f 1832 1858 1859
f 1832 1859 1831
f 1833 1857 1858
f 1833 1858 1832
f 1834 1855 1856
f 1834 1856 1857
f 1834 1857 1833
f 1835 1855 1834
f 1836 1853 1854
f 1836 1854 1855
f 1836 1855 1835
f 1837 1853 1836
f 1838 1852 1853
f 1838 1853 1837
f 1839 1851 1852
f 1839 1852 1838
f 1840 1850 1851
f 1840 1851 1839
f 1841 1850 1840
f 1841 1849 1850
f 1842 1849 1841
f 1842 1848 1849
f 1843 1848 1842
f 1843 1847 1848
f 1844 1847 1843
f 1844 1846 1847
f 1865 1883 1864
f 1865 1901 1883
f 1866 1900 1901
f 1866 1901 1865
f 1867 1899 1900
f 1867 1900 1866
f 1868 1898 1899
f 1868 1899 1867
f 1869 1897 1898
f 1869 1898 1868
f 1870 1895 1896
f 1870 1896 1897
f 1870 1897 1869
f 1871 1895 1870
f 1872 1894 1895
f 1872 1895 1871
f 1873 1893 1894
f 1873 1894 1872
f 1874 1892 1893
f 1874 1893 1873
f 1875 1891 1892
f 1875 1892 1874
f 1876 1889 1890
f 1876 1890 1891
f 1876 1891 1875
f 1877 1889 1876
f 1878 1888 1889
f 1878 1889 1877
f 1879 1888 1878
f 1879 1887 1888
f 1880 1887 1879
f 1880 1886 1887
f 1881 1886 1880
f 1881 1885 1886
f 1882 1885 1881
f 1882 1884 1885
f 1917 1919 1918
f 1923 1921 1920
f 1923 1922 1921
f 1916 1920 1919
f 1916 1919 1917
f 1925 1924 1923
f 1914 1916 1915
f 1914 1920 1916
f 1926 1925 1923
f 1928 1927 1926
f 1928 1926 1923
f 1930 1929 1928
f 1910 1912 1911
f 1910 1913 1912
f 1910 1914 1913
f 1910 1923 1920
f 1910 1920 1914
f 1933 1932 1931
f 1934 1931 1930
f 1934 1933 1931
f 1905 1907 1906
f 1905 1908 1907
f 1905 1909 1908
f 1905 1910 1909
f 1937 1936 1935
f 1902 1904 1903
f 1902 1937 1935
f 1902 1905 1904
f 1902 1935 1934
f 1902 1923 1910
f 1902 1928 1923
f 1902 1930 1928
f 1902 1910 1905
f 1902 1934 1930
f 1938 1975 1957
f 1939 1975 1938
f 1940 1974 1975
f 1940 1975 1939
f 1941 1973 1974
f 1941 1974 1940
f 1942 1972 1973
f 1942 1973 1941
f 1943 1971 1972
f 1943 1972 1942
f 1944 1970 1971
f 1944 1971 1943
f 1945 1969 1970
f 1945 1970 1944
f 1946 1967 1968
f 1946 1968 1969
f 1946 1969 1945
f 1947 1967 1946
f 1948 1965 1966
f 1948 1966 1967
f 1948 1967 1947
f 1949 1965 1948
f 1950 1964 1965
f 1950 1965 1949
f 1951 1963 1964
f 1951 1964 1950
f 1952 1962 1963
f 1952 1963 1951
f 1953 1962 1952
f 1953 1961 1962
f 1954 1961 1953
f 1954 1960 1961
f 1955 1960 1954
f 1955 1959 1960
f 1956 1959 1955
f 1956 1958 1959
f 1977 1995 1976
f 1977 2013 1995
f 1978 2012 2013
f 1978 2013 1977
f 1979 2011 2012
f 1979 2012 1978
f 1980 2010 2011
f 1980 2011 1979
f 1981 2009 2010
f 1981 2010 1980
f 1982 2007 2008
f 1982 2008 2009
f 1982 2009 1981
f 1983 2007 1982
f 1984 2006 2007
f 1984 2007 1983
f 1985 2005 2006
f 1985 2006 1984
f 1986 2004 2005
f 1986 2005 1985
f 1987 2003 2004
f 1987 2004 1986
f 1988 2001 2002
f 1988 2002 2003
f 1988 2003 1987
f 1989 2001 1988
f 1990 2000 2001
f 1990 2001 1989
f 1991 2000 1990
f 1991 1999 2000
f 1992 1999 1991
f 1992 1998 1999
f 1993 1998 1992
f 1993 1997 1998
f 1994 1997 1993
f 1994 1996 1997
f 2031 2030 2029
f 2023 2025 2024
f 2035 2032 2031
f 2035 2033 2032
f 2035 2034 2033
f 2035 2031 2029
f 2020 2022 2021
f 2020 2023 2022
f 2036 2029 2028
f 2036 2035 2029
f 2037 2028 2027
f 2037 2036 2028
f 2038 2027 2026
f 2038 2037 2027
f 2039 2026 2025
f 2039 2038 2026
f 2015 2017 2016
f 2041 2040 2039
f 2041 2025 2023
f 2041 2039 2025
f 2049 2015 2014
f 2043 2042 2041
f 2043 2041 2023
f 2044 2023 2020
f 2044 2043 2023
f 2047 2018 2017
f 2047 2049 2048
f 2047 2017 2015
f 2047 2015 2049
f 2045 2020 2019
f 2045 2044 2020
f 2046 2045 2019
f 2046 2019 2018
f 2046 2018 2047
f 2051 2069 2050
f 2051 2087 2069
f 2052 2086 2087
f 2052 2087 2051
f 2053 2085 2086
f 2053 2086 2052
f 2054 2084 2085
f 2054 2085 2053
f 2055 2083 2084
f 2055 2084 2054
f 2056 2082 2083
f 2056 2083 2055
f 2057 2081 2082
f 2057 2082 2056
f 2058 2080 2081
f 2058 2081 2057
f 2059 2079 2080
f 2059 2080 2058
f 2060 2077 2078
f 2060 2078 2079
f 2060 2079 2059
f 2061 2077 2060
f 2062 2076 2077
f 2062 2077 2061
f 2063 2075 2076
f 2063 2076 2062
f 2064 2074 2075
f 2064 2075 2063
f 2065 2074 2064
f 2065 2073 2074
f 2066 2073 2065
f 2066 2072 2073
f 2067 2072 2066
f 2067 2071 2072
f 2068 2071 2067
f 2068 2070 2071
f 2089 2107 2088
f 2089 2125 2107
f 2090 2124 2125
f 2090 2125 2089
f 2091 2123 2124
f 2091 2124 2090
f 2092 2122 2123
f 2092 2123 2091
f 2093 2121 2122
f 2093 2122 2092
f 2094 2119 2120
f 2094 2120 2121
f 2094 2121 2093
f 2095 2119 2094
f 2096 2118 2119
f 2096 2119 2095
f 2097 2117 2118
f 2097 2118 2096
f 2098 2116 2117
f 2098 2117 2097
f 2099 2115 2116
f 2099 2116 2098
f 2100 2113 2114
f 2100 2114 2115
f 2100 2115 2099
f 2101 2113 2100
f 2102 2112 2113
f 2102 2113 2101
f 2103 2112 2102
f 2103 2111 2112
f 2104 2111 2103
f 2104 2110 2111
f 2105 2110 2104
f 2105 2109 2110
f 2106 2109 2105
f 2106 2108 2109
f 2136 2135 2134
f 2132 2134 2133
f 2128 2130 2129
f 2128 2131 2130
f 2128 2132 2131
f 2128 2134 2132
f 2161 2127 2126
f 2161 2128 2127
f 2161 2134 2128
f 2145 2143 2142
f 2145 2144 2143
f 2160 2137 2136
f 2160 2138 2137
f 2160 2139 2138
f 2160 2136 2134
f 2160 2134 2161
f 2158 2160 2159
f 2158 2139 2160
f 2148 2147 2146
f 2149 2148 2146
f 2155 2140 2139
f 2155 2141 2140
f 2155 2142 2141
f 2155 2157 2156
f 2155 2158 2157
f 2155 2145 2142
f 2155 2139 2158
f 2151 2146 2145
f 2151 2150 2149
f 2151 2149 2146
f 2154 2151 2145
f 2154 2145 2155
f 2153 2151 2154
f 2153 2152 2151
f 2162 2199 2181
f 2163 2199 2162
f 2164 2198 2199
f 2164 2199 2163
f 2165 2197 2198
f 2165 2198 2164
f 2166 2196 2197
f 2166 2197 2165
f 2167 2195 2196
f 2167 2196 2166
f 2168 2194 2195
f 2168 2195 2167
f 2169 2193 2194
f 2169 2194 2168
f 2170 2192 2193
f 2170 2193 2169
f 2171 2191 2192
f 2171 2192 2170
f 2172 2190 2191
f 2172 2191 2171
f 2173 2189 2190
f 2173 2190 2172
f 2174 2188 2189
f 2174 2189 2173
f 2175 2187 2188
f 2175 2188 2174
f 2176 2186 2187
f 2176 2187 2175
f 2177 2186 2176
f 2177 2185 2186
f 2178 2185 2177
f 2178 2184 2185
f 2179 2184 2178
f 2179 2182 2183
f 2179 2183 2184
f 2180 2182 2179
f 2201 2219 2200
f 2201 2237 2219
f 2202 2236 2237
f 2202 2237 2201
f 2203 2235 2236
f 2203 2236 2202
f 2204 2234 2235
f 2204 2235 2203
f 2205 2233 2234
f 2205 2234 2204
f 2206 2231 2232
f 2206 2232 2233
f 2206 2233 2205
f 2207 2231 2206
f 2208 2230 2231
f 2208 2231 2207
f 2209 2229 2230
f 2209 2230 2208
f 2210 2228 2229
f 2210 2229 2209
f 2211 2227 2228
f 2211 2228 2210
f 2212 2225 2226
f 2212 2226 2227
f 2212 2227 2211
f 2213 2225 2212
f 2214 2224 2225
f 2214 2225 2213
f 2215 2224 2214
f 2215 2223 2224
f 2216 2223 2215
f 2216 2222 2223
f 2217 2222 2216
f 2217 2221 2222
f 2218 2221 2217
f 2218 2220 2221
f 2239 2241 2240
f 2247 2243 2242
f 2247 2244 2243
f 2247 2245 2244
f 2247 2246 2245
f 2249 2248 2247
f 2272 2238 2273
f 2250 2249 2247
f 2270 2272 2271
f 2270 2238 2272
f 2252 2251 2250
f 2252 2247 2242
f 2252 2250 2247
f 2268 2239 2238
f 2268 2270 2269
f 2268 2238 2270
f 2254 2253 2252
f 2265 2242 2241
f 2265 2267 2266
f 2265 2268 2267
f 2265 2241 2239
f 2265 2252 2242
f 2265 2239 2268
f 2256 2255 2254
f 2258 2257 2256
f 2263 2265 2264
f 2262 2265 2263
f 2261 2265 2262
f 2261 2256 2254
f 2261 2254 2252
f 2261 2252 2265
f 2261 2258 2256
f 2260 2259 2258
f 2260 2258 2261
f 2275 2293 2274
f 2275 2311 2293
f 2276 2310 2311
f 2276 2311 2275
f 2277 2309 2310
f 2277 2310 2276
f 2278 2308 2309
f 2278 2309 2277
f 2279 2307 2308
f 2279 2308 2278
f 2280 2306 2307
f 2280 2307 2279
f 2281 2305 2306
f 2281 2306 2280
f 2282 2303 2304
f 2282 2304 2305
f 2282 2305 2281
f 2283 2303 2282
f 2284 2301 2302
f 2284 2302 2303
f 2284 2303 2283
f 2285 2301 2284
f 2286 2300 2301
f 2286 2301 2285
f 2287 2299 2300
f 2287 2300 2286
f 2288 2298 2299
f 2288 2299 2287
f 2289 2298 2288
f 2289 2297 2298
f 2290 2297 2289
f 2290 2296 2297
f 2291 2296 2290
f 2291 2295 2296
f 2292 2295 2291
f 2292 2294 2295
f 2313 2331 2312
f 2313 2349 2331
f 2314 2348 2349
f 2314 2349 2313
f 2315 2347 2348
f 2315 2348 2314
f 2316 2346 2347
f 2316 2347 2315
f 2317 2345 2346
f 2317 2346 2316
f 2318 2343 2344
f 2318 2344 2345
f 2318 2345 2317
f 2319 2343 2318
f 2320 2342 2343
f 2320 2343 2319
f 2321 2341 2342
f 2321 2342 2320
f 2322 2340 2341
f 2322 2341 2321
f 2323 2339 2340
f 2323 2340 2322
f 2324 2337 2338
f 2324 2338 2339
f 2324 2339 2323
f 2325 2337 2324
f 2326 2336 2337
f 2326 2337 2325
f 2327 2336 2326
f 2327 2335 2336
f 2328 2335 2327
f 2328 2334 2335
f 2329 2334 2328
f 2329 2333 2334
f 2330 2333 2329
f 2330 2332 2333
f 2385 2351 2350
f 2353 2352 2351
f 2353 2351 2385
f 2383 2385 2384
f 2354 2353 2385
f 2380 2382 2381
f 2380 2383 2382
f 2357 2355 2354
f 2357 2356 2355
f 2378 2380 2379
f 2359 2358 2357
f 2377 2383 2380
f 2377 2385 2383
f 2377 2380 2378
f 2361 2360 2359
f 2361 2359 2357
f 2374 2376 2375
f 2374 2377 2376
f 2374 2354 2385
f 2374 2357 2354
f 2374 2385 2377
f 2371 2373 2372
f 2370 2374 2373
f 2370 2357 2374
f 2370 2373 2371
f 2369 2357 2370
f 2369 2362 2361
f 2369 2363 2362
f 2369 2364 2363
f 2369 2365 2364
f 2369 2366 2365
f 2369 2367 2366
f 2369 2361 2357
f 2368 2367 2369
f 2386 2423 2405
f 2387 2423 2386
f 2388 2422 2423
f 2388 2423 2387
f 2389 2421 2422
f 2389 2422 2388
f 2390 2420 2421
f 2390 2421 2389
f 2391 2419 2420
f 2391 2420 2390
f 2392 2418 2419
f 2392 2419 2391
f 2393 2417 2418
f 2393 2418 2392
f 2394 2416 2417
f 2394 2417 2393
f 2395 2415 2416
f 2395 2416 2394
f 2396 2413 2414
f 2396 2414 2415
f 2396 2415 2395
f 2397 2413 2396
f 2398 2412 2413
f 2398 2413 2397
f 2399 2411 2412
f 2399 2412 2398
f 2400 2410 2411
f 2400 2411 2399
f 2401 2410 2400
f 2401 2409 2410
f 2402 2409 2401
f 2402 2408 2409
f 2403 2408 2402
f 2403 2407 2408
f 2404 2407 2403
f 2404 2406 2407
f 2425 2443 2424
f 2425 2461 2443
f 2426 2460 2461
f 2426 2461 2425
f 2427 2459 2460
f 2427 2460 2426
f 2428 2458 2459
f 2428 2459 2427
f 2429 2457 2458
f 2429 2458 2428
f 2430 2456 2457
f 2430 2457 2429
f 2431 2455 2456
f 2431 2456 2430
f 2432 2454 2455
f 2432 2455 2431
f 2433 2453 2454
f 2433 2454 2432
f 2434 2452 2453
f 2434 2453 2433
f 2435 2451 2452
f 2435 2452 2434
f 2436 2450 2451
f 2436 2451 2435
f 2437 2449 2450
f 2437 2450 2436
f 2438 2448 2449
f 2438 2449 2437
f 2439 2448 2438
f 2439 2447 2448
f 2440 2447 2439
f 2440 2446 2447
f 2441 2446 2440
f 2441 2445 2446
f 2442 2445 2441
f 2442 2444 2445
f 2496 2494 2493
f 2496 2495 2494
f 2488 2490 2489
f 2463 2462 2497
f 2486 2488 2487
f 2486 2491 2490
f 2486 2492 2491
f 2486 2493 2492
f 2486 2490 2488
f 2466 2465 2464
f 2484 2486 2485
f 2484 2493 2486
f 2482 2484 2483
f 2482 2497 2496
f 2482 2496 2493
f 2482 2493 2484
f 2481 2497 2482
f 2470 2469 2468
f 2479 2481 2480
f 2479 2463 2497
f 2479 2497 2481
f 2478 2464 2463
f 2478 2463 2479
f 2473 2472 2471
f 2474 2473 2471
f 2474 2471 2470
f 2474 2470 2468
f 2476 2478 2477
f 2475 2467 2466
f 2475 2468 2467
f 2475 2478 2476
f 2475 2466 2464
f 2475 2464 2478
f 2475 2474 2468
f 2499 2517 2498
f 2499 2535 2517
f 2500 2534 2535
f 2500 2535 2499
f 2501 2533 2534
f 2501 2534 2500
f 2502 2532 2533
f 2502 2533 2501
f 2503 2531 2532
f 2503 2532 2502
f 2504 2530 2531
f 2504 2531 2503
f 2505 2529 2530
f 2505 2530 2504
f 2506 2528 2529
f 2506 2529 2505
f 2507 2527 2528
f 2507 2528 2506
f 2508 2525 2526
f 2508 2526 2527
f 2508 2527 2507
f 2509 2525 2508
f 2510 2524 2525
f 2510 2525 2509
f 2511 2523 2524
f 2511 2524 2510
f 2512 2522 2523
f 2512 2523 2511
f 2513 2522 2512
f 2513 2521 2522
f 2514 2521 2513
f 2514 2520 2521
f 2515 2520 2514
f 2515 2519 2520
f 2516 2519 2515
f 2516 2518 2519
f 2537 2555 2536
f 2537 2573 2555
f 2538 2572 2573
f 2538 2573 2537
f 2539 2571 2572
f 2539 2572 2538
f 2540 2570 2571
f 2540 2571 2539
f 2541 2569 2570
f 2541 2570 2540
f 2542 2568 2569
f 2542 2569 2541
f 2543 2567 2568
f 2543 2568 2542
f 2544 2566 2567
f 2544 2567 2543
f 2545 2565 2566
f 2545 2566 2544
f 2546 2564 2565
f 2546 2565 2545
f 2547 2563 2564
f 2547 2564 2546
f 2548 2562 2563
f 2548 2563 2547
f 2549 2561 2562
f 2549 2562 2548
f 2550 2560 2561
f 2550 2561 2549
f 2551 2560 2550
f 2551 2559 2560
f 2552 2559 2551
f 2552 2557 2558
f 2552 2558 2559
f 2553 2557 2552
f 2554 2557 2553
f 2554 2556 2557
f 2603 2602 2601
f 2598 2600 2599
f 2598 2601 2600
f 2605 2604 2603
f 2605 2603 2601
f 2606 2601 2598
f 2606 2605 2601
f 2595 2597 2596
f 2608 2607 2606
f 2594 2598 2597
f 2594 2597 2595
f 2609 2608 2606
f 2593 2606 2598
f 2593 2598 2594
f 2591 2593 2592
f 2576 2575 2574
f 2576 2574 2609
f 2590 2593 2591
f 2578 2577 2576
f 2578 2576 2609
f 2588 2590 2589
f 2588 2593 2590
f 2580 2579 2578
f 2586 2588 2587
f 2586 2593 2588
f 2581 2606 2593
f 2581 2609 2606
f 2581 2580 2578
f 2581 2578 2609
f 2584 2593 2586
f 2584 2581 2593
f 2584 2586 2585
f 2583 2582 2581
f 2583 2581 2584
f 2610 2647 2629
f 2611 2647 2610
f 2612 2646 2647
f 2612 2647 2611
f 2613 2645 2646
f 2613 2646 2612
f 2614 2644 2645
f 2614 2645 2613
f 2615 2643 2644
f 2615 2644 2614
f 2616 2642 2643
f 2616 2643 2615
f 2617 2641 2642
f 2617 2642 2616
f 2618 2640 2641
f 2618 2641 2617
f 2619 2639 2640
f 2619 2640 2618
f 2620 2637 2638
f 2620 2638 2639
f 2620 2639 2619
f 2621 2637 2620
f 2622 2636 2637
f 2622 2637 2621
f 2623 2635 2636
f 2623 2636 2622
f 2624 2634 2635
f 2624 2635 2623
f 2625 2634 2624
f 2625 2633 2634
f 2626 2633 2625
f 2626 2632 2633
f 2627 2632 2626
f 2627 2631 2632
f 2628 2631 2627
f 2628 2630 2631
f 2649 2667 2648
f 2649 2685 2667
f 2650 2684 2685
f 2650 2685 2649
f 2651 2683 2684
f 2651 2684 2650
f 2652 2682 2683
f 2652 2683 2651
f 2653 2681 2682
f 2653 2682 2652
f 2654 2680 2681
f 2654 2681 2653
f 2655 2679 2680
f 2655 2680 2654
f 2656 2678 2679
f 2656 2679 2655
f 2657 2677 2678
f 2657 2678 2656
f 2658 2676 2677
f 2658 2677 2657
f 2659 2675 2676
f 2659 2676 2658
f 2660 2674 2675
f 2660 2675 2659
f 2661 2673 2674
f 2661 2674 2660
f 2662 2672 2673
f 2662 2673 2661
f 2663 2672 2662
f 2663 2671 2672
f 2664 2671 2663
f 2664 2670 2671
f 2665 2670 2664
f 2665 2669 2670
f 2666 2669 2665
f 2666 2668 2669
f 2712 2711 2710
f 2713 2712 2710
f 2704 2706 2705
f 2704 2707 2706
f 2702 2704 2703
f 2716 2714 2713
f 2716 2715 2714
f 2716 2713 2710
f 2701 2704 2702
f 2717 2709 2708
f 2717 2710 2709
f 2717 2716 2710
f 2719 2718 2717
f 2686 2708 2707
f 2686 2720 2719
f 2686 2721 2720
f 2686 2707 2704
f 2686 2719 2717
f 2686 2717 2708
f 2695 2697 2696
f 2695 2698 2697
f 2689 2687 2686
f 2689 2688 2687
f 2689 2704 2701
f 2689 2686 2704
f 2692 2694 2693
f 2692 2695 2694
f 2692 2699 2698
f 2692 2700 2699
f 2692 2698 2695
f 2690 2701 2700
f 2690 2689 2701
f 2691 2690 2700
f 2691 2700 2692
f 2723 2741 2722
f 2723 2759 2741
f 2724 2758 2759
f 2724 2759 2723
f 2725 2757 2758
f 2725 2758 2724
f 2726 2756 2757
f 2726 2757 2725
f 2727 2755 2756
f 2727 2756 2726
f 2728 2754 2755
f 2728 2755 2727
f 2729 2753 2754
f 2729 2754 2728
f 2730 2752 2753
f 2730 2753 2729
f 2731 2751 2752
f 2731 2752 2730
f 2732 2750 2751
f 2732 2751 2731
f 2733 2749 2750
f 2733 2750 2732
f 2734 2748 2749
f 2734 2749 2733
f 2735 2747 2748
f 2735 2748 2734
f 2736 2746 2747
f 2736 2747 2735
f 2737 2746 2736
f 2737 2745 2746
f 2738 2745 2737
f 2738 2743 2744
f 2738 2744 2745
f 2739 2743 2738
f 2740 2743 2739
f 2740 2742 2743
f 2761 2779 2760
f 2761 2797 2779
f 2762 2796 2797
f 2762 2797 2761
f 2763 2795 2796
f 2763 2796 2762
f 2764 2794 2795
f 2764 2795 2763
f 2765 2793 2794
f 2765 2794 2764
f 2766 2791 2792
f 2766 2792 2793
f 2766 2793 2765
f 2767 2791 2766
f 2768 2790 2791
f 2768 2791 2767
f 2769 2789 2790
f 2769 2790 2768
f 2770 2788 2789
f 2770 2789 2769
f 2771 2787 2788
f 2771 2788 2770
f 2772 2786 2787
f 2772 2787 2771
f 2773 2785 2786
f 2773 2786 2772
f 2774 2784 2785
f 2774 2785 2773
f 2775 2784 2774
f 2775 2783 2784
f 2776 2783 2775
f 2776 2781 2782
f 2776 2782 2783
f 2777 2781 2776
f 2778 2781 2777
f 2778 2780 2781
f 2815 2817 2816
f 2819 2818 2817
f 2813 2815 2814
f 2813 2817 2815
f 2821 2820 2819
f 2821 2819 2817
f 2822 2821 2817
f 2810 2812 2811
f 2810 2813 2812
f 2808 2810 2809
f 2825 2823 2822
f 2825 2824 2823
f 2827 2826 2825
f 2827 2822 2817
f 2827 2825 2822
f 2828 2817 2813
f 2828 2827 2817
f 2804 2806 2805
f 2803 2806 2804
f 2830 2829 2828
f 2830 2828 2813
f 2802 2807 2806
f 2802 2808 2807
f 2802 2806 2803
f 2831 2813 2810
f 2831 2830 2813
f 2832 2831 2810
f 2833 2832 2810
f 2833 2810 2808
f 2799 2801 2800
f 2799 2802 2801
f 2798 2802 2799
f 2798 2833 2808
f 2798 2808 2802
f 2834 2871 2853
f 2835 2871 2834
f 2836 2870 2871
f 2836 2871 2835
f 2837 2869 2870
f 2837 2870 2836
f 2838 2868 2869
f 2838 2869 2837
f 2839 2867 2868
f 2839 2868 2838
f 2840 2866 2867
f 2840 2867 2839
f 2841 2865 2866
f 2841 2866 2840
f 2842 2864 2865
f 2842 2865 2841
f 2843 2863 2864
f 2843 2864 2842
f 2844 2861 2862
f 2844 2862 2863
f 2844 2863 2843
f 2845 2861 2844
f 2846 2860 2861
f 2846 2861 2845
f 2847 2858 2859
f 2847 2859 2860
f 2847 2860 2846
f 2848 2858 2847
f 2849 2858 2848
f 2849 2857 2858
f 2850 2857 2849
f 2850 2855 2856
f 2850 2856 2857
f 2851 2855 2850
f 2852 2855 2851
f 2852 2854 2855
f 2873 2891 2872
f 2873 2909 2891
f 2874 2908 2909
f 2874 2909 2873
f 2875 2907 2908
f 2875 2908 2874
f 2876 2906 2907
f 2876 2907 2875
f 2877 2905 2906
f 2877 2906 2876
f 2878 2904 2905
f 2878 2905 2877
f 2879 2903 2904
f 2879 2904 2878
f 2880 2902 2903
f 2880 2903 2879
f 2881 2901 2902
f 2881 2902 2880
f 2882 2900 2901
f 2882 2901 2881
f 2883 2899 2900
f 2883 2900 2882
f 2884 2898 2899
f 2884 2899 2883
f 2885 2897 2898
f 2885 2898 2884
f 2886 2896 2897
f 2886 2897 2885
f 2887 2896 2886
f 2887 2895 2896
f 2888 2895 2887
f 2888 2894 2895
f 2889 2894 2888
f 2889 2893 2894
f 2890 2893 2889
f 2890 2892 2893
f 2920 2922 2921
f 2928 2927 2926
f 2916 2918 2917
f 2916 2919 2918
f 2916 2920 2919
f 2916 2923 2922
f 2916 2922 2920
f 2914 2916 2915
f 2914 2924 2923
f 2914 2923 2916
f 2913 2925 2924
f 2913 2926 2925
f 2913 2924 2914
f 2912 2926 2913
f 2935 2934 2933
f 2910 2912 2911
f 2910 2929 2928
f 2910 2928 2926
f 2910 2926 2912
f 2945 2929 2910
f 2944 2930 2929
f 2944 2931 2930
f 2944 2929 2945
f 2939 2936 2935
f 2939 2937 2936
f 2939 2938 2937
f 2943 2931 2944
f 2942 2932 2931
f 2942 2931 2943
f 2941 2932 2942
f 2941 2939 2935
f 2941 2933 2932
f 2941 2940 2939
f 2941 2935 2933
f 2947 2965 2946
f 2947 2983 2965
f 2948 2982 2983
f 2948 2983 2947
f 2949 2981 2982
f 2949 2982 2948
f 2950 2980 2981
f 2950 2981 2949
f 2951 2979 2980
f 2951 2980 2950
f 2952 2978 2979
f 2952 2979 2951
f 2953 2977 2978
f 2953 2978 2952
f 2954 2976 2977
f 2954 2977 2953
f 2955 2975 2976
f 2955 2976 2954
f 2956 2974 2975
f 2956 2975 2955
f 2957 2973 2974
f 2957 2974 2956
f 2958 2972 2973
f 2958 2973 2957
f 2959 2971 2972
f 2959 2972 2958
f 2960 2970 2971
f 2960 2971 2959
f 2961 2970 2960
f 2961 2969 2970
f 2962 2969 2961
f 2962 2967 2968
f 2962 2968 2969
f 2963 2967 2962
f 2964 2967 2963
f 2964 2966 2967
f 2985 3003 2984
f 2985 3021 3003
f 2986 3020 3021
f 2986 3021 2985
f 2987 3019 3020
f 2987 3020 2986
f 2988 3018 3019
f 2988 3019 2987
f 2989 3017 3018
f 2989 3018 2988
f 2990 3015 3016
f 2990 3016 3017
f 2990 3017 2989
f 2991 3015 2990
f 2992 3014 3015
f 2992 3015 2991
f 2993 3013 3014
f 2993 3014 2992
f 2994 3011 3012
f 2994 3012 3013
f 2994 3013 2993
f 2995 3011 2994
f 2996 3009 3010
f 2996 3010 3011
f 2996 3011 2995
f 2997 3008 3009
f 2997 3009 2996
f 2998 3008 2997
f 2999 3008 2998
f 2999 3007 3008
f 3000 3007 2999
f 3000 3005 3006
f 3000 3006 3007
f 3001 3005 3000
f 3002 3005 3001
f 3002 3004 3005
f 3028 3030 3029
f 3025 3027 3026
f 3025 3028 3027
f 3041 3031 3030
f 3041 3032 3031
f 3041 3033 3032
f 3041 3034 3033
f 3041 3035 3034
f 3041 3036 3035
f 3041 3037 3036
f 3041 3038 3037
f 3041 3039 3038
f 3041 3040 3039
f 3041 3030 3028
f 3057 3023 3022
f 3057 3024 3023
f 3057 3025 3024
f 3057 3028 3025
f 3043 3042 3041
f 3043 3041 3028
f 3055 3057 3056
f 3044 3028 3057
f 3044 3043 3028
f 3054 3057 3055
f 3046 3045 3044
f 3047 3044 3057
f 3047 3046 3044
f 3051 3053 3052
f 3051 3054 3053
f 3049 3047 3057
f 3049 3054 3051
f 3049 3048 3047
f 3049 3051 3050
f 3049 3057 3054
f 3058 3095 3077
f 3059 3095 3058
f 3060 3094 3095
f 3060 3095 3059
f 3061 3093 3094
f 3061 3094 3060
f 3062 3092 3093
f 3062 3093 3061
f 3063 3091 3092
f 3063 3092 3062
f 3064 3090 3091
f 3064 3091 3063
f 3065 3089 3090
f 3065 3090 3064
f 3066 3088 3089
f 3066 3089 3065
f 3067 3087 3088
f 3067 3088 3066
f 3068 3086 3087
f 3068 3087 3067
f 3069 3085 3086
f 3069 3086 3068
f 3070 3084 3085
f 3070 3085 3069
f 3071 3083 3084
f 3071 3084 3070
f 3072 3082 3083
f 3072 3083 3071
f 3073 3082 3072
f 3073 3081 3082
f 3074 3081 3073
f 3074 3079 3080
f 3074 3080 3081
f 3075 3079 3074
f 3076 3079 3075
f 3076 3078 3079
f 3097 3115 3096
f 3097 3133 3115
f 3098 3132 3133
f 3098 3133 3097
f 3099 3131 3132
f 3099 3132 3098
f 3100 3130 3131
f 3100 3131 3099
f 3101 3129 3130
f 3101 3130 3100
f 3102 3128 3129
f 3102 3129 3101
f 3103 3127 3128
f 3103 3128 3102
f 3104 3126 3127
f 3104 3127 3103
f 3105 3125 3126
f 3105 3126 3104
f 3106 3124 3125
f 3106 3125 3105
f 3107 3123 3124
f 3107 3124 3106
f 3108 3122 3123
f 3108 3123 3107
f 3109 3121 3122
f 3109 3122 3108
f 3110 3120 3121
f 3110 3121 3109
f 3111 3120 3110
f 3111 3119 3120
f 3112 3119 3111
f 3112 3118 3119
f 3113 3118 3112
f 3113 3117 3118
f 3114 3117 3113
f 3114 3116 3117
f 3137 3139 3138
f 3169 3135 3134
f 3169 3136 3135
f 3167 3169 3168
f 3167 3136 3169
f 3166 3137 3136
f 3166 3139 3137
f 3166 3136 3167
f 3165 3139 3166
f 3164 3140 3139
f 3164 3141 3140
f 3164 3142 3141
f 3164 3139 3165
f 3162 3164 3163
f 3162 3142 3164
f 3161 3143 3142
f 3161 3142 3162
f 3160 3144 3143
f 3160 3143 3161
f 3153 3152 3151
f 3158 3145 3144
f 3158 3146 3145
f 3158 3160 3159
f 3158 3144 3160
f 3155 3149 3148
f 3155 3150 3149
f 3155 3151 3150
f 3155 3154 3153
f 3155 3153 3151
f 3157 3146 3158
f 3157 3155 3148
f 3157 3147 3146
f 3157 3148 3147
f 3156 3155 3157
f 3171 3189 3170
f 3171 3207 3189
f 3172 3206 3207
f 3172 3207 3171
f 3173 3205 3206
f 3173 3206 3172
f 3174 3204 3205
f 3174 3205 3173
f 3175 3203 3204
f 3175 3204 3174
f 3176 3202 3203
f 3176 3203 3175
f 3177 3201 3202
f 3177 3202 3176
f 3178 3200 3201
f 3178 3201 3177
f 3179 3199 3200
f 3179 3200 3178
f 3180 3197 3198
f 3180 3198 3199
f 3180 3199 3179
f 3181 3197 3180
f 3182 3196 3197
f 3182 3197 3181
f 3183 3195 3196
f 3183 3196 3182
f 3184 3194 3195
f 3184 3195 3183
f 3185 3194 3184
f 3185 3193 3194
f 3186 3193 3185
f 3186 3192 3193
f 3187 3192 3186
f 3187 3191 3192
f 3188 3191 3187
f 3188 3190 3191
f 3209 3227 3208
f 3209 3245 3227
f 3210 3244 3245
f 3210 3245 3209
f 3211 3243 3244
f 3211 3244 3210
f 3212 3242 3243
f 3212 3243 3211
f 3213 3241 3242
f 3213 3242 3212
f 3214 3240 3241
f 3214 3241 3213
f 3215 3239 3240
f 3215 3240 3214
f 3216 3238 3239
f 3216 3239 3215
f 3217 3237 3238
f 3217 3238 3216
f 3218 3236 3237
f 3218 3237 3217
f 3219 3235 3236
f 3219 3236 3218
f 3220 3234 3235
f 3220 3235 3219
f 3221 3233 3234
f 3221 3234 3220
f 3222 3232 3233
f 3222 3233 3221
f 3223 3232 3222
f 3223 3231 3232
f 3224 3231 3223
f 3224 3229 3230
f 3224 3230 3231
f 3225 3229 3224
f 3226 3229 3225
f 3226 3228 3229
f 3264 3265 3274
f 3263 3274 3273
f 3263 3264 3274
f 3262 3273 3272
f 3262 3263 3273
f 3261 3272 3271
f 3261 3262 3272
f 3260 3271 3270
f 3260 3261 3271
f 3259 3270 3269
f 3259 3260 3270
f 3258 3259 3269
f 3257 3268 3267
f 3257 3269 3268
f 3257 3258 3269
f 3256 3257 3267
f 3293 3266 3275
f 3255 3256 3267
f 3255 3267 3266
f 3254 3255 3266
f 3254 3266 3293
f 3253 3254 3293
f 3253 3292 3291
f 3253 3293 3292
f 3252 3253 3291
f 3251 3252 3291
f 3251 3290 3289
f 3251 3291 3290
f 3250 3251 3289
f 3249 3250 3289
f 3249 3289 3288
f 3248 3249 3288
f 3248 3288 3287
f 3305 3286 3285
f 3247 3286 3305
f 3247 3248 3287
f 3247 3287 3286
f 3304 3285 3284
f 3304 3305 3285
f 3246 3247 3305
f 3303 3284 3283
f 3303 3304 3284
f 3302 3283 3282
f 3302 3303 3283
f 3301 3282 3281
f 3301 3302 3282
f 3300 3281 3280
f 3300 3301 3281
f 3299 3300 3280
f 3279 3299 3280
f 3296 3279 3278
f 3296 3295 3299
f 3296 3299 3279
f 3297 3278 3277
f 3297 3296 3278
f 3298 3277 3276
f 3298 3297 3277
f 3294 3298 3276
f 3332 3333 3334
f 3336 3334 3335
f 3329 3330 3331
f 3311 3336 3337
f 3326 3327 3328
f 3325 3328 3329
f 3325 3326 3328
f 3324 3325 3329
f 3316 3312 3313
f 3316 3313 3314
f 3316 3314 3315
f 3322 3323 3324
f 3318 3316 3317
f 3319 3316 3318
f 3320 3321 3322
f 3320 3331 3332
f 3320 3332 3334
f 3320 3329 3331
f 3320 3322 3324
f 3320 3324 3329
f 3307 3311 3312
f 3307 3338 3339
f 3307 3339 3320
f 3307 3334 3336
f 3307 3336 3311
f 3307 3312 3316
f 3307 3320 3334
f 3307 3316 3319
f 3310 3308 3309
f 3310 3319 3308
f 3310 3307 3319
f 3306 3307 3310
f 3341 3343 3342
f 3341 3340 3343
f 3347 3346 3344
f 3350 3344 3345
f 3348 3347 3344
f 3349 3344 3350
f 3349 3348 3344
f 3370 3352 3351
f 3370 3351 3361
f 3369 3361 3360
f 3369 3370 3361
f 3368 3360 3359
f 3368 3369 3360
f 3367 3359 3358
f 3367 3368 3359
f 3366 3358 3357
f 3366 3367 3358
f 3365 3357 3356
f 3365 3366 3357
f 3364 3356 3355
f 3364 3365 3356
f 3363 3355 3354
f 3363 3364 3355
f 3362 3354 3353
f 3362 3363 3354
f 3374 3373 3392
f 3374 3392 3393
f 3375 3374 3393
f 3394 3375 3393
f 3376 3375 3394
f 3395 3376 3394
f 3377 3376 3395
f 3396 3377 3395
f 3378 3377 3396
f 3397 3378 3396
f 3379 3378 3397
f 3398 3379 3397
f 3380 3379 3398
f 3399 3380 3398
f 3381 3380 3399
f 3400 3381 3399
f 3382 3381 3400
f 3401 3382 3400
f 3383 3382 3401
f 3402 3383 3401
f 3384 3383 3402
f 3403 3384 3402
f 3385 3384 3403
f 3404 3385 3403
f 3386 3385 3404
f 3405 3386 3404
f 3387 3386 3405
f 3406 3387 3405
f 3388 3387 3406
f 3407 3388 3406
f 3389 3388 3407
f 3408 3389 3407
f 3390 3389 3408
f 3409 3390 3408
f 3391 3390 3409
f 3371 3391 3409
f 3372 3391 3371
f 3608 3444 3443
f 3568 3440 3439
f 3567 3440 3568
f 3609 3608 3443
f 3607 3444 3608
f 3569 3568 3439
f 3566 3440 3567
f 3610 3609 3443
f 3606 3444 3607
f 3565 3440 3566
f 3570 3569 3439
f 3611 3610 3443
f 3605 3444 3606
f 3571 3570 3439
f 3564 3440 3565
f 3612 3611 3443
f 3604 3444 3605
f 3563 3440 3564
f 3572 3571 3439
f 3613 3612 3443
f 3603 3444 3604
f 3573 3572 3439
f 3562 3440 3563
f 3614 3613 3443
f 3602 3444 3603
f 3561 3440 3562
f 3574 3573 3439
f 3615 3614 3443
f 3601 3444 3602
f 3575 3574 3439
f 3560 3440 3561
f 3616 3615 3443
f 3600 3444 3601
f 3576 3439 3438
f 3576 3575 3439
f 3599 3444 3600
f 3599 3445 3444
f 3577 3576 3438
f 3598 3445 3599
f 3578 3577 3438
f 3597 3445 3598
f 3579 3578 3438
f 3596 3445 3597
f 3580 3579 3438
f 3756 3442 3441
f 3757 3756 3441
f 3757 3441 3440
f 3758 3757 3440
f 3758 3555 3554
f 3758 3556 3555
f 3758 3557 3556
f 3758 3558 3557
f 3758 3559 3558
f 3758 3560 3559
f 3758 3440 3560
f 3755 3617 3616
f 3755 3618 3617
f 3755 3619 3618
f 3755 3620 3619
f 3755 3621 3620
f 3755 3622 3621
f 3755 3443 3442
f 3755 3442 3756
f 3755 3616 3443
f 3759 3758 3554
f 3759 3583 3582
f 3759 3584 3583
f 3759 3585 3584
f 3759 3586 3585
f 3759 3587 3586
f 3759 3588 3587
f 3759 3589 3588
f 3759 3554 3589
f 3754 3622 3755
f 3754 3623 3622
f 3754 3624 3623
f 3754 3625 3624
f 3754 3590 3625
f 3754 3591 3590
f 3754 3592 3591
f 3754 3593 3592
f 3760 3438 3437
f 3760 3759 3582
f 3760 3581 3580
f 3760 3582 3581
f 3760 3580 3438
f 3753 3593 3754
f 3753 3445 3596
f 3753 3594 3593
f 3753 3595 3594
f 3753 3596 3595
f 3761 3760 3437
f 3761 3437 3436
f 3752 3445 3753
f 3752 3410 3445
f 3762 3761 3436
f 3751 3411 3410
f 3751 3410 3752
f 3527 3436 3435
f 3648 3412 3411
f 3648 3411 3649
f 3528 3527 3435
f 3526 3436 3527
f 3650 3649 3411
f 3647 3412 3648
f 3525 3436 3526
f 3529 3528 3435
f 3651 3650 3411
f 3646 3412 3647
f 3530 3529 3435
f 3524 3762 3436
f 3524 3436 3525
f 3652 3411 3751
f 3652 3651 3411
f 3645 3412 3646
f 3523 3762 3524
f 3531 3530 3435
f 3653 3652 3751
f 3644 3412 3645
f 3522 3762 3523
f 3532 3531 3435
f 3643 3412 3644
f 3654 3653 3751
f 3533 3532 3435
f 3521 3762 3522
f 3642 3412 3643
f 3534 3533 3435
f 3641 3412 3642
f 3535 3534 3435
f 3640 3412 3641
f 3536 3535 3435
f 3763 3519 3518
f 3763 3520 3519
f 3763 3521 3520
f 3763 3551 3550
f 3763 3552 3551
f 3763 3553 3552
f 3763 3518 3553
f 3763 3762 3521
f 3750 3655 3654
f 3750 3656 3655
f 3750 3657 3656
f 3750 3658 3657
f 3750 3659 3658
f 3750 3660 3659
f 3750 3661 3660
f 3750 3626 3661
f 3750 3654 3751
f 3434 3537 3536
f 3434 3538 3537
f 3434 3539 3538
f 3434 3540 3539
f 3434 3541 3540
f 3434 3536 3435
f 3434 3542 3541
f 3434 3543 3542
f 3434 3544 3543
f 3413 3633 3632
f 3413 3634 3633
f 3413 3635 3634
f 3413 3636 3635
f 3413 3637 3636
f 3413 3412 3640
f 3413 3638 3637
f 3413 3639 3638
f 3413 3640 3639
f 3764 3763 3550
f 3764 3545 3544
f 3764 3546 3545
f 3764 3547 3546
f 3764 3548 3547
f 3764 3549 3548
f 3764 3550 3549
f 3764 3544 3434
f 3749 3413 3632
f 3749 3627 3626
f 3749 3628 3627
f 3749 3629 3628
f 3749 3630 3629
f 3749 3631 3630
f 3749 3632 3631
f 3749 3626 3750
f 3433 3764 3434
f 3765 3764 3433
f 3748 3414 3413
f 3748 3413 3749
f 3747 3414 3748
f 3432 3765 3433
f 3432 3766 3765
f 3415 3414 3747
f 3746 3415 3747
f 3431 3766 3432
f 3431 3767 3766
f 3416 3415 3746
f 3487 3486 3767
f 3690 3689 3746
f 3688 3746 3689
f 3688 3416 3746
f 3488 3767 3431
f 3488 3487 3767
f 3485 3767 3486
f 3687 3416 3688
f 3691 3690 3746
f 3484 3767 3485
f 3489 3488 3431
f 3686 3416 3687
f 3692 3691 3746
f 3490 3489 3431
f 3483 3767 3484
f 3685 3416 3686
f 3693 3692 3746
f 3482 3767 3483
f 3482 3768 3767
f 3491 3490 3431
f 3694 3746 3745
f 3694 3693 3746
f 3684 3416 3685
f 3492 3491 3431
f 3517 3768 3482
f 3695 3694 3745
f 3683 3416 3684
f 3493 3492 3431
f 3516 3768 3517
f 3696 3695 3745
f 3682 3416 3683
f 3494 3493 3431
f 3515 3768 3516
f 3697 3696 3745
f 3681 3416 3682
f 3495 3494 3431
f 3514 3768 3515
f 3662 3697 3745
f 3680 3416 3681
f 3496 3495 3431
f 3513 3768 3514
f 3663 3662 3745
f 3512 3768 3513
f 3664 3663 3745
f 3511 3768 3512
f 3665 3664 3745
f 3510 3768 3511
f 3769 3768 3510
f 3769 3509 3508
f 3769 3510 3509
f 3744 3665 3745
f 3744 3666 3665
f 3744 3667 3666
f 3744 3668 3667
f 3430 3496 3431
f 3430 3497 3496
f 3430 3498 3497
f 3430 3499 3498
f 3430 3500 3499
f 3430 3501 3500
f 3430 3502 3501
f 3430 3503 3502
f 3430 3504 3503
f 3417 3416 3680
f 3417 3672 3671
f 3417 3673 3672
f 3417 3674 3673
f 3417 3675 3674
f 3417 3676 3675
f 3417 3677 3676
f 3417 3678 3677
f 3417 3679 3678
f 3417 3680 3679
f 3429 3769 3508
f 3429 3504 3430
f 3429 3505 3504
f 3429 3506 3505
f 3429 3507 3506
f 3429 3508 3507
f 3418 3744 3743
f 3418 3417 3671
f 3418 3668 3744
f 3418 3669 3668
f 3418 3670 3669
f 3418 3671 3670
f 3428 3734 3769
f 3428 3769 3429
f 3419 3743 3742
f 3419 3418 3743
f 3730 3729 3741
f 3481 3736 3446
f 3447 3446 3736
f 3731 3730 3741
f 3728 3741 3729
f 3480 3736 3481
f 3448 3447 3736
f 3727 3741 3728
f 3732 3731 3741
f 3479 3736 3480
f 3449 3736 3735
f 3449 3448 3736
f 3726 3742 3741
f 3726 3741 3727
f 3733 3732 3741
f 3450 3449 3735
f 3478 3736 3479
f 3478 3737 3736
f 3698 3741 3740
f 3698 3733 3741
f 3725 3742 3726
f 3477 3737 3478
f 3451 3450 3735
f 3699 3698 3740
f 3724 3742 3725
f 3452 3451 3735
f 3476 3737 3477
f 3700 3699 3740
f 3475 3737 3476
f 3701 3700 3740
f 3474 3737 3475
f 3702 3701 3740
f 3473 3737 3474
f 3703 3702 3740
f 3472 3737 3473
f 3704 3703 3740
f 3427 3735 3734
f 3427 3453 3452
f 3427 3454 3453
f 3427 3455 3454
f 3427 3452 3735
f 3427 3734 3428
f 3420 3721 3720
f 3420 3722 3721
f 3420 3723 3722
f 3420 3724 3723
f 3420 3419 3742
f 3420 3742 3724
f 3426 3455 3427
f 3426 3456 3455
f 3426 3457 3456
f 3426 3458 3457
f 3426 3459 3458
f 3426 3460 3459
f 3426 3461 3460
f 3426 3462 3461
f 3426 3463 3462
f 3426 3464 3463
f 3421 3713 3712
f 3421 3714 3713
f 3421 3715 3714
f 3421 3716 3715
f 3421 3717 3716
f 3421 3718 3717
f 3421 3719 3718
f 3421 3720 3719
f 3421 3420 3720
f 3425 3464 3426
f 3425 3465 3464
f 3425 3466 3465
f 3425 3467 3466
f 3425 3468 3467
f 3425 3469 3468
f 3425 3470 3469
f 3425 3471 3470
f 3425 3472 3471
f 3425 3737 3472
f 3422 3421 3712
f 3422 3740 3739
f 3422 3704 3740
f 3422 3705 3704
f 3422 3706 3705
f 3422 3707 3706
f 3422 3708 3707
f 3422 3709 3708
f 3422 3710 3709
f 3422 3711 3710
f 3422 3712 3711
f 3424 3738 3737
f 3424 3737 3425
f 3423 3738 3424
f 3423 3739 3738
f 3423 3422 3739
f 3773 3772 3791
f 3773 3791 3792
f 3774 3773 3792
f 3793 3774 3792
f 3775 3774 3793
f 3794 3775 3793
f 3776 3775 3794
f 3795 3776 3794
f 3777 3776 3795
f 3796 3777 3795
f 3778 3777 3796
f 3797 3778 3796
f 3779 3778 3797
f 3798 3779 3797
f 3780 3779 3798
f 3799 3780 3798
f 3781 3780 3799
f 3800 3781 3799
f 3782 3781 3800
f 3801 3782 3800
f 3783 3782 3801
f 3802 3783 3801
f 3784 3783 3802
f 3803 3784 3802
f 3785 3784 3803
f 3804 3785 3803
f 3786 3785 3804
f 3805 3786 3804
f 3787 3786 3805
f 3806 3787 3805
f 3788 3787 3806
f 3807 3788 3806
f 3789 3788 3807
f 3808 3789 3807
f 3790 3789 3808
f 3770 3790 3808
f 3771 3790 3770
f 3830 3809 3810
f 3830 3810 3811
f 3831 3830 3811
f 3812 3831 3811
f 3832 3831 3812
f 3813 3832 3812
f 3833 3832 3813
f 3814 3833 3813
f 3834 3833 3814
f 3815 3834 3814
f 3835 3834 3815
f 3816 3835 3815
f 3836 3835 3816
f 3817 3836 3816
f 3837 3836 3817
f 3818 3837 3817
f 3838 3837 3818
f 3819 3838 3818
f 3839 3838 3819
f 3820 3839 3819
f 3840 3839 3820
f 3821 3840 3820
f 3841 3840 3821
f 3822 3841 3821
f 3842 3841 3822
f 3823 3842 3822
f 3843 3842 3823
f 3824 3843 3823
f 3844 3843 3824
f 3825 3844 3824
f 3845 3844 3825
f 3826 3845 3825
f 3846 3845 3826
f 3827 3846 3826
f 3847 3846 3827
f 3828 3847 3827
f 3829 3847 3828
f 3887 3848 3849
f 3887 3849 3850
f 3886 3850 3851
f 3886 3887 3850
f 3885 3851 3852
f 3885 3886 3851
f 3884 3852 3853
f 3884 3885 3852
f 3883 3853 3854
f 3883 3854 3855
f 3883 3884 3853
f 3882 3855 3856
f 3882 3883 3855
f 3881 3882 3856
f 3880 3856 3857
f 3880 3881 3856
f 3879 3857 3858
f 3879 3880 3857
f 3878 3858 3859
f 3878 3879 3858
f 3877 3859 3860
f 3877 3878 3859
f 3876 3860 3861
f 3876 3877 3860
f 3875 3861 3862
f 3875 3876 3861
f 3874 3862 3863
f 3874 3863 3864
f 3874 3875 3862
f 3873 3874 3864
f 3872 3873 3864
f 3872 3864 3865
f 3872 3865 3866
f 3871 3872 3866
f 3870 3871 3866
f 3870 3866 3867
f 3870 3867 3868
f 3869 3870 3868
f 3888 3889 3890
f 3926 3890 3891
f 3926 3888 3890
f 3925 3891 3892
f 3925 3926 3891
f 3924 3892 3893
f 3924 3925 3892
f 3923 3893 3894
f 3923 3924 3893
f 3922 3894 3895
f 3922 3923 3894
f 3921 3895 3896
f 3921 3922 3895
f 3920 3896 3897
f 3920 3921 3896
f 3919 3897 3898
f 3919 3920 3897
f 3918 3898 3899
f 3918 3919 3898
f 3917 3899 3900
f 3917 3918 3899
f 3916 3900 3901
f 3916 3917 3900
f 3915 3901 3902
f 3915 3916 3901
f 3914 3902 3903
f 3914 3915 3902
f 3913 3903 3904
f 3913 3914 3903
f 3912 3913 3904
f 3912 3904 3905
f 3911 3912 3905
f 3911 3905 3906
f 3910 3911 3906
f 3910 3906 3907
f 3909 3910 3907
f 3909 3907 3908
f 3948 3927 3928
f 3948 3928 3929
f 3949 3929 3930
f 3949 3948 3929
f 3950 3930 3931
f 3950 3949 3930
f 3951 3931 3932
f 3951 3950 3931
f 3952 3932 3933
f 3952 3951 3932
f 3953 3933 3934
f 3953 3952 3933
f 3954 3934 3935
f 3954 3953 3934
f 3955 3935 3936
f 3955 3954 3935
f 3956 3936 3937
f 3956 3955 3936
f 3957 3937 3938
f 3957 3956 3937
f 3958 3938 3939
f 3958 3957 3938
f 3959 3939 3940
f 3959 3958 3939
f 3960 3940 3941
f 3960 3959 3940
f 3961 3941 3942
f 3961 3960 3941
f 3962 3942 3943
f 3962 3961 3942
f 3963 3962 3943
f 3963 3943 3944
f 3964 3963 3944
f 3964 3944 3945
f 3947 3964 3945
f 3947 3945 3946
f 4136 3970 3969
f 4135 3970 4136
f 4137 4136 3969
f 4134 3970 4135
f 4138 4137 3969
f 4133 3970 4134
f 4139 4138 3969
f 4132 3970 4133
f 4140 4139 3969
f 4131 3970 4132
f 4141 4140 3969
f 4142 4141 3969
f 4130 3970 4131
f 4129 3970 4130
f 4143 4142 3969
f 4128 3970 4129
f 4144 4143 3969
f 4109 4144 3969
f 4127 3970 4128
f 4110 4109 3969
f 4126 3970 4127
f 4032 3971 3970
f 4032 3970 4126
f 4032 4119 4118
f 4032 4120 4119
f 4032 4121 4120
f 4032 4122 4121
f 4032 4123 4122
f 4032 4124 4123
f 4032 4125 4124
f 4032 4126 4125
f 4033 4032 4118
f 4033 4111 4110
f 4033 4112 4111
f 4033 4113 4112
f 4033 4114 4113
f 4033 4115 4114
f 4033 4116 4115
f 4033 4117 4116
f 4033 4118 4117
f 4033 4110 3969
f 4034 3969 3968
f 4034 4033 3969
f 4031 3972 3971
f 4031 3971 4032
f 4035 3968 3967
f 4035 4034 3968
f 4030 3972 4031
f 4177 3974 3973
f 4176 3974 4177
f 4095 3966 3965
f 4095 3965 4096
f 4178 4177 3973
f 4175 3974 4176
f 4097 4096 3965
f 4094 3966 4095
f 4174 3974 4175
f 4179 4178 3973
f 4098 4097 3965
f 4093 3966 4094
f 4036 3967 3966
f 4036 4035 3967
f 4029 3973 3972
f 4029 3972 4030
f 4173 3974 4174
f 4180 4179 3973
f 4092 3966 4093
f 4099 4098 3965
f 4145 4180 3973
f 4172 3974 4173
f 4100 4099 3965
f 4091 3966 4092
f 4171 3974 4172
f 4146 4145 3973
f 4146 3973 4029
f 4101 4100 3965
f 4090 3966 4091
f 4090 4036 3966
f 4170 3974 4171
f 4147 4146 4029
f 4102 4101 3965
f 4089 4036 4090
f 4169 3974 4170
f 4148 4147 4029
f 4088 4036 4089
f 4103 4102 3965
f 4168 3974 4169
f 4149 4148 4029
f 4087 4036 4088
f 4104 4103 3965
f 4167 3974 4168
f 4150 4149 4029
f 4086 4036 4087
f 4105 4104 3965
f 4028 4150 4029
f 4028 4151 4150
f 4028 4152 4151
f 4028 4153 4152
f 4028 4154 4153
f 4028 4155 4154
f 4028 4156 4155
f 4028 4157 4156
f 4028 4158 4157
f 4001 4079 4078
f 4001 4080 4079
f 4001 4081 4080
f 4001 4082 4081
f 4001 4083 4082
f 4001 4084 4083
f 4001 4085 4084
f 4001 4086 4085
f 4001 4036 4086
f 3975 4167 4166
f 3975 3974 4167
f 3975 4163 4162
f 3975 4164 4163
f 3975 4165 4164
f 3975 4166 4165
f 4000 4074 4073
f 4000 4106 4105
f 4000 4105 3965
f 4000 4107 4106
f 4000 4108 4107
f 4000 4073 4108
f 4027 3975 4162
f 4027 4159 4158
f 4027 4160 4159
f 4027 4158 4028
f 4027 4161 4160
f 4027 4162 4161
f 4002 4001 4078
f 4002 4075 4074
f 4002 4076 4075
f 4002 4077 4076
f 4002 4078 4077
f 4002 4074 4000
f 4026 3976 3975
f 4026 3975 4027
f 4003 4000 3999
f 4003 4002 4000
f 3977 3976 4026
f 4025 3977 4026
f 4004 3999 3998
f 4004 4003 3999
f 4024 3978 3977
f 4024 3977 4025
f 4005 4004 3998
f 4005 3998 3997
f 4182 3978 4024
f 4182 4181 3978
f 4216 3978 4181
f 4054 3997 4055
f 4054 4005 3997
f 4056 4055 3997
f 4215 3978 4216
f 4183 4182 4024
f 4053 4005 4054
f 4057 4056 3997
f 4214 3978 4215
f 4184 4183 4024
f 4052 4005 4053
f 4058 4057 3997
f 4185 4184 4024
f 4213 3978 4214
f 4051 4005 4052
f 4059 4058 3997
f 4212 3978 4213
f 4186 4185 4024
f 4050 4005 4051
f 4060 4059 3997
f 4211 3978 4212
f 4187 4186 4024
f 4061 4060 3997
f 4049 4005 4050
f 4210 3978 4211
f 4188 4187 4024
f 4062 4061 3997
f 4048 4005 4049
f 4189 4188 4024
f 4209 3978 4210
f 4047 4005 4048
f 4063 4062 3997
f 4190 4189 4024
f 4208 3978 4209
f 4046 4005 4047
f 4064 4063 3997
f 4023 4190 4024
f 4023 4191 4190
f 4023 4192 4191
f 4023 4193 4192
f 4023 4194 4193
f 4023 4195 4194
f 4023 4196 4195
f 4023 4197 4196
f 4023 4198 4197
f 4006 4005 4046
f 4006 4039 4038
f 4006 4040 4039
f 4006 4041 4040
f 4006 4042 4041
f 4006 4043 4042
f 4006 4044 4043
f 4006 4045 4044
f 4006 4046 4045
f 3979 3978 4208
f 3979 4199 4198
f 3979 4200 4199
f 3979 4201 4200
f 3979 4202 4201
f 3979 4203 4202
f 3979 4204 4203
f 3979 4205 4204
f 3979 4206 4205
f 3979 4207 4206
f 3979 4208 4207
f 3979 4198 4023
f 3996 4066 4065
f 3996 4067 4066
f 3996 4068 4067
f 3996 4069 4068
f 3996 4070 4069
f 3996 4071 4070
f 3996 4072 4071
f 3996 4037 4072
f 3996 4064 3997
f 3996 4006 4038
f 3996 4038 4037
f 3996 4065 4064
f 3980 4023 4022
f 3980 3979 4023
f 3995 4007 4006
f 3995 4006 3996
f 4008 4007 3995
f 3981 3980 4022
f 3981 4022 4021
f 3994 4008 3995
f 3982 3981 4021
f 3982 4021 4020
f 3993 4009 4008
f 3993 4008 3994
f 4222 4221 4020
f 4222 4020 4019
f 4302 4010 4009
f 4303 4302 4009
f 4220 4020 4221
f 4223 4222 4019
f 4304 4303 4009
f 4301 4010 4302
f 4224 4223 4019
f 4219 4020 4220
f 4300 4010 4301
f 4305 4304 4009
f 4225 4224 4019
f 4218 3982 4020
f 4218 4020 4219
f 4299 4010 4300
f 4306 4009 3993
f 4306 4305 4009
f 4217 3982 4218
f 4226 4225 4019
f 4298 4010 4299
f 4307 4306 3993
f 4227 4226 4019
f 4252 3982 4217
f 4308 4307 3993
f 4297 4010 4298
f 4228 4227 4019
f 4251 3982 4252
f 4296 4010 4297
f 4309 4308 3993
f 4229 4228 4019
f 4250 3982 4251
f 4295 4010 4296
f 4310 4309 3993
f 4230 4229 4019
f 4249 3982 4250
f 4294 4010 4295
f 4311 4310 3993
f 4011 4291 4290
f 4011 4292 4291
f 4011 4293 4292
f 4011 4294 4293
f 4011 4010 4294
f 4018 4231 4230
f 4018 4232 4231
f 4018 4233 4232
f 4018 4234 4233
f 4018 4230 4019
f 3983 3982 4249
f 3983 4240 4239
f 3983 4241 4240
f 3983 4242 4241
f 3983 4243 4242
f 3983 4244 4243
f 3983 4245 4244
f 3983 4246 4245
f 3983 4247 4246
f 3983 4248 4247
f 3983 4249 4248
f 3992 4312 4311
f 3992 4313 4312
f 3992 4314 4313
f 3992 4315 4314
f 3992 4316 4315
f 3992 4317 4316
f 3992 4318 4317
f 3992 4319 4318
f 3992 4320 4319
f 3992 4321 4320
f 3992 4311 3993
f 3984 4234 4018
f 3984 3983 4239
f 3984 4235 4234
f 3984 4236 4235
f 3984 4237 4236
f 3984 4238 4237
f 3984 4239 4238
f 3991 4321 3992
f 3991 4011 4290
f 3991 4290 4289
f 3991 4322 4321
f 3991 4323 4322
f 3991 4324 4323
f 3991 4289 4324
f 4262 4015 4014
f 4261 4015 4262
f 4263 4262 4014
f 4260 4015 4261
f 4264 4263 4014
f 4265 4264 4014
f 4259 4015 4260
f 4258 4015 4259
f 4266 4265 4014
f 4257 4015 4258
f 4267 4266 4014
f 4268 4267 4014
f 4256 4015 4257
f 3985 3984 4018
f 3985 4018 4017
f 3990 4012 4011
f 3990 4011 3991
f 4255 4015 4256
f 4269 4268 4014
f 4270 4269 4014
f 4254 4015 4255
f 3986 3985 4017
f 3986 4017 4016
f 3989 4013 4012
f 3989 4014 4013
f 3989 4012 3990
f 3987 4281 4280
f 3987 4282 4281
f 3987 4283 4282
f 3987 4284 4283
f 3987 4285 4284
f 3987 4286 4285
f 3987 4287 4286
f 3987 4288 4287
f 3987 4253 4288
f 3987 4015 4254
f 3987 4016 4015
f 3987 3986 4016
f 3987 4254 4253
f 3988 4271 4270
f 3988 4272 4271
f 3988 4273 4272
f 3988 4274 4273
f 3988 4275 4274
f 3988 4276 4275
f 3988 4277 4276
f 3988 4278 4277
f 3988 4279 4278
f 3988 4280 4279
f 3988 4014 3989
f 3988 4270 4014
f 3988 3987 4280
f 4362 4325 4326
f 4361 4326 4327
f 4361 4362 4326
f 4360 4327 4328
f 4360 4361 4327
f 4359 4328 4329
f 4359 4360 4328
f 4358 4329 4330
f 4358 4359 4329
f 4357 4330 4331
f 4357 4358 4330
f 4356 4331 4332
f 4356 4357 4331
f 4355 4356 4332
f 4354 4332 4333
f 4354 4355 4332
f 4353 4333 4334
f 4353 4354 4333
f 4352 4334 4335
f 4352 4353 4334
f 4351 4335 4336
f 4351 4352 4335
f 4350 4336 4337
f 4350 4351 4336
f 4349 4337 4338
f 4349 4350 4337
f 4348 4338 4339
f 4348 4339 4340
f 4348 4349 4338
f 4347 4348 4340
f 4346 4347 4340
f 4346 4340 4341
f 4346 4341 4342
f 4345 4346 4342
f 4345 4342 4343
f 4344 4345 4343
f 4381 4382 4383
f 4380 4383 4384
f 4380 4381 4383
f 4379 4384 4385
f 4379 4380 4384
f 4378 4385 4386
f 4378 4379 4385
f 4377 4386 4387
f 4377 4378 4386
f 4376 4377 4387
f 4375 4387 4388
f 4375 4376 4387
f 4374 4388 4389
f 4374 4389 4390
f 4374 4375 4388
f 4373 4390 4391
f 4373 4374 4390
f 4372 4373 4391
f 4371 4391 4392
f 4371 4372 4391
f 4370 4392 4393
f 4370 4371 4392
f 4369 4393 4394
f 4369 4370 4393
f 4368 4394 4395
f 4368 4369 4394
f 4367 4395 4396
f 4367 4368 4395
f 4366 4367 4396
f 4366 4396 4397
f 4365 4366 4397
f 4365 4397 4398
f 4364 4365 4398
f 4364 4398 4399
f 4363 4364 4399
f 4363 4399 4400
f 4422 4401 4402
f 4422 4421 4401
f 4423 4402 4403
f 4423 4422 4402
f 4424 4403 4404
f 4424 4423 4403
f 4425 4404 4405
f 4425 4424 4404
f 4426 4405 4406
f 4426 4425 4405
f 4427 4406 4407
f 4427 4426 4406
f 4428 4407 4408
f 4428 4427 4407
f 4429 4408 4409
f 4429 4428 4408
f 4430 4409 4410
f 4430 4429 4409
f 4431 4410 4411
f 4431 4430 4410
f 4432 4411 4412
f 4432 4431 4411
f 4433 4412 4413
f 4433 4432 4412
f 4434 4413 4414
f 4434 4433 4413
f 4415 4434 4414
f 4435 4434 4415
f 4436 4435 4415
f 4436 4415 4416
f 4437 4436 4416
f 4437 4416 4417
f 4418 4437 4417
f 4438 4437 4418
f 4420 4438 4418
f 4420 4418 4419
f 4459 4439 4458
f 4440 4439 4459
f 4441 4459 4460
f 4441 4440 4459
f 4461 4441 4460
f 4442 4441 4461
f 4443 4461 4462
f 4443 4442 4461
f 4444 4462 4463
f 4444 4443 4462
f 4445 4463 4464
f 4445 4444 4463
f 4446 4464 4465
f 4446 4445 4464
f 4447 4465 4466
f 4447 4446 4465
f 4448 4466 4467
f 4448 4447 4466
f 4449 4467 4468
f 4449 4448 4467
f 4450 4468 4469
f 4450 4449 4468
f 4470 4450 4469
f 4451 4450 4470
f 4471 4451 4470
f 4452 4451 4471
f 4453 4471 4472
f 4453 4452 4471
f 4454 4472 4473
f 4454 4453 4472
f 4455 4454 4473
f 4455 4473 4474
f 4456 4455 4474
f 4456 4474 4475
f 4457 4456 4475
f 4457 4475 4476
f 4545 4482 4481
f 4544 4482 4545
f 4546 4481 4480
f 4546 4545 4481
f 4543 4483 4482
f 4543 4482 4544
f 4547 4480 4479
f 4547 4546 4480
f 4542 4483 4543
f 4542 4484 4483
f 4548 4547 4479
f 4548 4479 4478
f 4541 4485 4484
f 4541 4486 4485
f 4541 4484 4542
f 4540 4486 4541
f 4540 4487 4486
f 4513 4478 4477
f 4513 4548 4478
f 4514 4513 4477
f 4514 4477 4512
f 4539 4487 4540
f 4515 4514 4512
f 4515 4512 4511
f 4538 4488 4487
f 4538 4487 4539
f 4516 4511 4510
f 4516 4515 4511
f 4537 4489 4488
f 4537 4488 4538
f 4490 4489 4537
f 4517 4516 4510
f 4517 4510 4509
f 4536 4490 4537
f 4535 4490 4536
f 4491 4490 4535
f 4508 4517 4509
f 4508 4518 4517
f 4492 4491 4535
f 4492 4534 4533
f 4492 4535 4534
f 4507 4519 4518
f 4507 4520 4519
f 4507 4518 4508
f 4493 4492 4533
f 4506 4520 4507
f 4494 4533 4532
f 4494 4493 4533
f 4505 4521 4520
f 4505 4520 4506
f 4495 4532 4531
f 4495 4494 4532
f 4504 4522 4521
f 4504 4523 4522
f 4504 4521 4505
f 4496 4530 4529
f 4496 4531 4530
f 4496 4495 4531
f 4503 4523 4504
f 4497 4496 4529
f 4502 4524 4523
f 4502 4523 4503
f 4498 4497 4529
f 4498 4528 4527
f 4498 4529 4528
f 4501 4525 4524
f 4501 4526 4525
f 4501 4524 4502
f 4499 4498 4527
f 4500 4499 4527
f 4500 4526 4501
f 4500 4527 4526
f 4550 4568 4549
f 4550 4586 4568
f 4551 4585 4586
f 4551 4586 4550
f 4552 4584 4585
f 4552 4585 4551
f 4553 4583 4584
f 4553 4584 4552
f 4554 4582 4583
f 4554 4583 4553
f 4555 4581 4582
f 4555 4582 4554
f 4556 4580 4581
f 4556 4581 4555
f 4557 4579 4580
f 4557 4580 4556
f 4558 4578 4579
f 4558 4579 4557
f 4559 4577 4578
f 4559 4578 4558
f 4560 4576 4577
f 4560 4577 4559
f 4561 4575 4576
f 4561 4576 4560
f 4562 4574 4575
f 4562 4575 4561
f 4563 4573 4574
f 4563 4574 4562
f 4564 4573 4563
f 4564 4572 4573
f 4565 4572 4564
f 4565 4571 4572
f 4566 4571 4565
f 4566 4570 4571
f 4567 4570 4566
f 4567 4569 4570
f 4637 4610 4609
f 4636 4610 4637
f 4611 4610 4636
f 4638 4609 4608
f 4638 4637 4609
f 4635 4611 4636
f 4612 4611 4635
f 4639 4608 4607
f 4639 4638 4608
f 4634 4612 4635
f 4613 4612 4634
f 4640 4607 4606
f 4640 4639 4607
f 4633 4613 4634
f 4641 4640 4606
f 4641 4606 4605
f 4632 4614 4613
f 4632 4613 4633
f 4642 4641 4605
f 4642 4605 4604
f 4631 4614 4632
f 4631 4615 4614
f 4616 4615 4631
f 4643 4642 4604
f 4643 4604 4603
f 4630 4616 4631
f 4644 4643 4603
f 4644 4603 4602
f 4629 4616 4630
f 4629 4617 4616
f 4645 4602 4601
f 4645 4644 4602
f 4628 4618 4617
f 4628 4617 4629
f 4646 4645 4601
f 4619 4628 4627
f 4619 4618 4628
f 4600 4646 4601
f 4647 4646 4600
f 4620 4627 4626
f 4620 4619 4627
f 4599 4647 4600
f 4625 4620 4626
f 4621 4620 4625
f 4598 4648 4647
f 4598 4647 4599
f 4622 4625 4624
f 4622 4621 4625
f 4597 4648 4598
f 4597 4649 4648
f 4623 4622 4624
f 4596 4650 4649
f 4596 4649 4597
f 4587 4622 4623
f 4595 4651 4650
f 4595 4650 4596
f 4588 4623 4658
f 4588 4587 4623
f 4594 4652 4651
f 4594 4651 4595
f 4589 4658 4657
f 4589 4588 4658
f 4590 4589 4657
f 4590 4657 4656
f 4593 4653 4652
f 4593 4652 4594
f 4591 4590 4656
f 4591 4656 4655
f 4592 4653 4593
f 4592 4591 4655
f 4592 4654 4653
f 4592 4655 4654
f 4696 4660 4659
f 4696 4659 4661
f 4695 4661 4662
f 4695 4696 4661
f 4694 4662 4663
f 4694 4695 4662
f 4693 4663 4664
f 4693 4694 4663
f 4692 4664 4665
f 4692 4693 4664
f 4691 4665 4666
f 4691 4692 4665
f 4690 4666 4667
f 4690 4691 4666
f 4689 4667 4668
f 4689 4690 4667
f 4688 4668 4669
f 4688 4689 4668
f 4687 4669 4670
f 4687 4688 4669
f 4686 4670 4671
f 4686 4687 4670
f 4685 4671 4672
f 4685 4686 4671
f 4684 4672 4673
f 4684 4685 4672
f 4683 4673 4674
f 4683 4684 4673
f 4682 4683 4674
f 4682 4674 4675
f 4681 4682 4675
f 4681 4675 4676
f 4680 4681 4676
f 4680 4676 4677
f 4679 4680 4677
f 4679 4677 4678
f 4718 4697 4698
f 4718 4698 4699
f 4719 4699 4700
f 4719 4718 4699
f 4720 4700 4701
f 4720 4719 4700
f 4721 4701 4702
f 4721 4720 4701
f 4722 4702 4703
f 4722 4721 4702
f 4723 4703 4704
f 4723 4722 4703
f 4724 4704 4705
f 4724 4723 4704
f 4725 4705 4706
f 4725 4724 4705
f 4726 4706 4707
f 4726 4725 4706
f 4727 4707 4708
f 4727 4726 4707
f 4728 4708 4709
f 4728 4727 4708
f 4729 4709 4710
f 4729 4728 4709
f 4730 4710 4711
f 4730 4729 4710
f 4731 4711 4712
f 4731 4730 4711
f 4732 4712 4713
f 4732 4731 4712
f 4733 4732 4713
f 4733 4713 4714
f 4734 4733 4714
f 4734 4714 4715
f 4717 4734 4715
f 4717 4715 4716
f 4756 4735 4736
f 4756 4736 4737
f 4757 4737 4738
f 4757 4756 4737
f 4758 4738 4739
f 4758 4757 4738
f 4759 4739 4740
f 4759 4758 4739
f 4760 4759 4740
f 4741 4760 4740
f 4761 4760 4741
f 4742 4761 4741
f 4762 4761 4742
f 4743 4762 4742
f 4763 4762 4743
f 4744 4763 4743
f 4764 4763 4744
f 4745 4764 4744
f 4765 4764 4745
f 4746 4765 4745
f 4766 4765 4746
f 4747 4766 4746
f 4767 4766 4747
f 4748 4767 4747
f 4768 4767 4748
f 4749 4768 4748
f 4769 4768 4749
f 4750 4769 4749
f 4770 4769 4750
f 4751 4770 4750
f 4771 4770 4751
f 4752 4771 4751
f 4772 4771 4752
f 4753 4772 4752
f 4773 4772 4753
f 4754 4773 4753
f 4755 4773 4754
f 4812 4774 4775
f 4812 4775 4776
f 4811 4776 4777
f 4811 4812 4776
f 4810 4777 4778
f 4810 4811 4777
f 4809 4778 4779
f 4809 4810 4778
f 4808 4779 4780
f 4808 4809 4779
f 4807 4780 4781
f 4807 4808 4780
f 4806 4781 4782
f 4806 4807 4781
f 4805 4782 4783
f 4805 4806 4782
f 4804 4783 4784
f 4804 4805 4783
f 4803 4784 4785
f 4803 4804 4784
f 4802 4785 4786
f 4802 4803 4785
f 4801 4786 4787
f 4801 4802 4786
f 4800 4787 4788
f 4800 4801 4787
f 4799 4788 4789
f 4799 4800 4788
f 4798 4799 4789
f 4798 4789 4790
f 4797 4798 4790
f 4797 4790 4791
f 4796 4797 4791
f 4796 4791 4792
f 4795 4796 4792
f 4795 4792 4793
f 4794 4795 4793
